Transaction Type,Trx Date,Trx Number/ Cross Ref,Po Number,Customer Name (Only Bill to/ No Ship To),Customer Address,Payment Term,Due Date,Invoice Amount,Salesperson Name,Sales credit percentage
Type,Date,Num,P. O. #,Name,Name Address,Terms,Due Date,Open Balance,,
Invoice,2026-02-06 00:00:00,245224,Microsoft EAT12,Greenheck Fan Corporation,"Attn: Austin Koerner PO Box 410 Schofield, WI 54476",Net 30,2026-03-08 00:00:00,5066.89,House Account,1
Invoice,2026-02-26 00:00:00,246070,Microsoft EAT12,Greenheck Fan Corporation,"Attn: Austin Koerner PO Box 410 Schofield, WI 54476",Net 30,2026-03-28 00:00:00,10439,House Account,1
Invoice,2026-01-29 00:00:00,244299,690185,"MacDonald-Miller Facility Solutions, Inc.:MAC-Special Projects","PO Box 47983 Seattle, WA 98146 USA",Net 30,2026-02-28 00:00:00,250,House Account,1
Invoice,2026-01-29 00:00:00,244299-1,690185,"MacDonald-Miller Facility Solutions, Inc.:MAC-Special Projects","PO Box 47983 Seattle, WA 98146 USA",Net 30,2026-02-28 00:00:00,55.28,House Account,1
Invoice,2026-01-29 00:00:00,244299-2,690185,"MacDonald-Miller Facility Solutions, Inc.:MAC-Special Projects","PO Box 47983 Seattle, WA 98146 USA",Net 30,2026-02-28 00:00:00,81.34,House Account,1
Invoice,2026-01-29 00:00:00,244776-1,25-484,Enviromech:Enviromech - Special Projects,"430 SW 153rd St Burien, WA 98166 USA",Net 30,2026-02-28 00:00:00,123.65,House Account,1
Invoice,2026-01-29 00:00:00,244776,25-484,Enviromech:Enviromech - Special Projects,"430 SW 153rd St Burien, WA 98166 USA",Net 30,2026-02-28 00:00:00,77.46,House Account,1
Invoice,2026-01-29 00:00:00,244706,670505,"MacDonald-Miller Facility Solutions, Inc.:MAC-Special Projects","PO Box 47983 Seattle, WA 98146 USA",Net 30,2026-02-28 00:00:00,123,House Account,1
Invoice,2026-01-29 00:00:00,244704,670145,"MacDonald-Miller Facility Solutions, Inc.:MAC-Special Projects","PO Box 47983 Seattle, WA 98146 USA",Net 30,2026-02-28 00:00:00,430.48,House Account,1
Invoice,2026-01-29 00:00:00,244625,689703,"MacDonald-Miller Facility Solutions, Inc.:MAC-Special Projects","PO Box 47983 Seattle, WA 98146 USA",Net 30,2026-02-28 00:00:00,602.8,House Account,1
Invoice,2026-01-29 00:00:00,244382,305597,Vital Mechanical Service:Vit-Vital Mechanical Special Projects,"1420 Maple Ave SW Renton, WA 98057 USA",Net 30,2026-02-28 00:00:00,32.12,House Account,1
Invoice,2026-01-29 00:00:00,244382-1,305597,Vital Mechanical Service:Vit-Vital Mechanical Special Projects,"1420 Maple Ave SW Renton, WA 98057 USA",Net 30,2026-02-28 00:00:00,217.36,House Account,1
Invoice,2026-01-29 00:00:00,244695,60940726,Acco Engineered Systems (401856):ACC-ACCO Small Projects (401856),"C/o Dorse & Company 5000 1st Ave S Seattle, WA 98134",Net 30,2026-02-28 00:00:00,99,House Account,1
Invoice,2026-01-29 00:00:00,244666,Klee Lofts,Farrington Air Quality Services,"PO Box 760 Sumner, WA 98390 USA",Net 30,2026-02-28 00:00:00,240.06,House Account,1
Invoice,2026-01-29 00:00:00,244624,689898,"MacDonald-Miller Facility Solutions, Inc.:MAC-Special Projects","PO Box 47983 Seattle, WA 98146 USA",Net 30,2026-02-28 00:00:00,264,House Account,1
Invoice,2026-01-29 00:00:00,244637,706608,Key Mechanical - WA:Key-Small Projects,"19430 68Th Ave S Suite B Kent, WA 98032",Net 30,2026-02-28 00:00:00,57.49,House Account,1
Invoice,2026-01-29 00:00:00,244721,690477,"MacDonald-Miller Facility Solutions, Inc.:MAC-Special Projects","PO Box 47983 Seattle, WA 98146 USA",Net 30,2026-02-28 00:00:00,402,House Account,1
Invoice,2026-01-29 00:00:00,244636,706544,Key Mechanical - WA:Key-Small Projects,"19430 68Th Ave S Suite B Kent, WA 98032",Net 30,2026-02-28 00:00:00,1160,House Account,1
Invoice,2026-01-29 00:00:00,244592,689555,"MacDonald-Miller Facility Solutions, Inc.:MAC-Special Projects","PO Box 47983 Seattle, WA 98146 USA",Net 30,2026-02-28 00:00:00,736,House Account,1
Invoice,2026-01-29 00:00:00,244738,2333-2720,Ocean Park Mechanical Inc:OCE-1200 Stewart,"2428 King George Boulevard Surrey, BC V4P 1H5 CANADA",Net 30,2026-02-28 00:00:00,1255.8,House Account,1
Invoice,2026-01-29 00:00:00,244581,25-696-RM,Enviromech:Enviromech - Special Projects,"430 SW 153rd St Burien, WA 98166 USA",Net 30,2026-02-28 00:00:00,280,House Account,1
Invoice,2026-01-29 00:00:00,244755,689813,"MacDonald-Miller Facility Solutions, Inc.:MAC-Special Projects","PO Box 47983 Seattle, WA 98146 USA",Net 30,2026-02-28 00:00:00,1630,House Account,1
Invoice,2026-01-29 00:00:00,243065,680993,"MacDonald-Miller Facility Solutions, Inc.:MAC-Special Projects","PO Box 47983 Seattle, WA 98146 USA",Net 30,2026-02-28 00:00:00,4375,House Account,1
Invoice,2026-01-30 00:00:00,244759,26029194,McKinstry Company:McK-Special Projects,"PO Box 24406 Seattle, WA 98124 USA",Net 30,2026-03-01 00:00:00,422,House Account,1
Invoice,2026-01-30 00:00:00,244553,690624,"MacDonald-Miller Facility Solutions, Inc.:MAC-Special Projects","PO Box 47983 Seattle, WA 98146 USA",Net 30,2026-03-01 00:00:00,32.74,House Account,1
Invoice,2026-01-30 00:00:00,244760,690628,"MacDonald-Miller Facility Solutions, Inc.:MAC-Special Projects","PO Box 47983 Seattle, WA 98146 USA",Net 30,2026-03-01 00:00:00,157.6,House Account,1
Invoice,2026-01-30 00:00:00,243743,685283,"MacDonald-Miller Facility Solutions, Inc.:MAC-Special Projects","PO Box 47983 Seattle, WA 98146 USA",Net 30,2026-03-01 00:00:00,243.91,House Account,1
Invoice,2026-01-30 00:00:00,244230,Good Samaritan Kitchen,"MacDonald-Miller Facility Solutions, Inc.:MAC-Special Projects","PO Box 47983 Seattle, WA 98146 USA",Net 30,2026-03-01 00:00:00,19.86,House Account,1
Invoice,2026-01-30 00:00:00,244598,26026068,McKinstry Company:McK-Special Projects,"PO Box 24406 Seattle, WA 98124 USA",Net 30,2026-03-01 00:00:00,3086.66,House Account,1
Invoice,2026-01-30 00:00:00,244857,Klee Lofts,Farrington Air Quality Services,"PO Box 760 Sumner, WA 98390 USA",Net 30,2026-03-01 00:00:00,120,House Account,1
Invoice,2026-01-30 00:00:00,244794,25357078,McKinstry Company:MCK-Block 38 TI,"PO Box 24406 Seattle, WA 98124 USA",Net 30,2026-03-01 00:00:00,1580.46,House Account,1
Invoice,2026-01-30 00:00:00,244379,687845,"MacDonald-Miller Facility Solutions, Inc.:MAC-Special Projects","PO Box 47983 Seattle, WA 98146 USA",Net 30,2026-03-01 00:00:00,17.04,House Account,1
Invoice,2026-01-30 00:00:00,244627,689895,"MacDonald-Miller Facility Solutions, Inc.:MAC-Special Projects","PO Box 47983 Seattle, WA 98146 USA",Net 30,2026-03-01 00:00:00,160,House Account,1
Invoice,2026-01-30 00:00:00,244139-1,26014163,McKinstry Company:McK-Special Projects,"PO Box 24406 Seattle, WA 98124 USA",Net 30,2026-03-01 00:00:00,901,House Account,1
Invoice,2026-01-30 00:00:00,244565,101650-22974,Rainier Metal Works:Rainier Metal Works-Special Projects,"9322 14th Ave South Seattle, WA 98108 USA",Net 30,2026-03-01 00:00:00,1984.83,House Account,1
Invoice,2026-01-30 00:00:00,244769,690214,"MacDonald-Miller Facility Solutions, Inc.:MAC-SpaceX","PO Box 47983 Seattle, WA 98146 USA",Net 30,2026-03-01 00:00:00,1639.1,House Account,1
Invoice,2026-01-30 00:00:00,244782,690343,"MacDonald-Miller Facility Solutions, Inc.:MAC-Special Projects","PO Box 47983 Seattle, WA 98146 USA",Net 30,2026-03-01 00:00:00,168,House Account,1
Invoice,2026-01-30 00:00:00,244748,690046,"MacDonald-Miller Facility Solutions, Inc.:MAC-Special Projects","PO Box 47983 Seattle, WA 98146 USA",Net 30,2026-03-01 00:00:00,4790,House Account,1
Invoice,2026-01-30 00:00:00,244817,707064,Key Mechanical - WA,"19430 68Th Ave S Suite B Kent, WA 98032",Net 30,2026-03-01 00:00:00,101.53,House Account,1
Invoice,2026-01-30 00:00:00,244709,25-641,Enviromech:Enviromech - Special Projects,"430 SW 153rd St Burien, WA 98166 USA",Net 30,2026-03-01 00:00:00,188.4,House Account,1
Invoice,2026-01-30 00:00:00,244825-1,690459,"MacDonald-Miller Facility Solutions, Inc.:MAC-Special Projects","PO Box 47983 Seattle, WA 98146 USA",Net 30,2026-03-01 00:00:00,85.08,House Account,1
Invoice,2026-01-30 00:00:00,244825,690459,"MacDonald-Miller Facility Solutions, Inc.:MAC-Special Projects","PO Box 47983 Seattle, WA 98146 USA",Net 30,2026-03-01 00:00:00,80.14,House Account,1
Invoice,2026-01-30 00:00:00,244741,26029102,McKinstry Company:McK-Special Projects,"PO Box 24406 Seattle, WA 98124 USA",Net 30,2026-03-01 00:00:00,151.27,House Account,1
Invoice,2026-01-30 00:00:00,244821,305598,Vital Mechanical Service:Vit-Vital Mechanical Special Projects,"1420 Maple Ave SW Renton, WA 98057 USA",Net 30,2026-03-01 00:00:00,492,House Account,1
Invoice,2026-01-30 00:00:00,244752,25357078,McKinstry Company:MCK-Block 38 TI,"PO Box 24406 Seattle, WA 98124 USA",Net 30,2026-03-01 00:00:00,140,House Account,1
Invoice,2026-01-30 00:00:00,244859,690606,"MacDonald-Miller Facility Solutions, Inc.:MAC-Special Projects","PO Box 47983 Seattle, WA 98146 USA",Net 30,2026-03-01 00:00:00,48.16,House Account,1
Invoice,2026-01-30 00:00:00,243618,690143,"MacDonald-Miller Facility Solutions, Inc.:MAC-SpaceX","PO Box 47983 Seattle, WA 98146 USA",Net 30,2026-03-01 00:00:00,3915.56,House Account,1
Invoice,2026-01-30 00:00:00,243618-1,690143,"MacDonald-Miller Facility Solutions, Inc.:MAC-SpaceX","PO Box 47983 Seattle, WA 98146 USA",Net 30,2026-03-01 00:00:00,1083.3,House Account,1
Invoice,2026-01-30 00:00:00,243618-2,690143,"MacDonald-Miller Facility Solutions, Inc.:MAC-SpaceX","PO Box 47983 Seattle, WA 98146 USA",Net 30,2026-03-01 00:00:00,194.25,House Account,1
Invoice,2026-01-30 00:00:00,243618-3,690143,"MacDonald-Miller Facility Solutions, Inc.:MAC-SpaceX","PO Box 47983 Seattle, WA 98146 USA",Net 30,2026-03-01 00:00:00,180,House Account,1
Invoice,2026-01-30 00:00:00,244324,687417,"MacDonald-Miller Facility Solutions, Inc.:MAC-Special Projects","PO Box 47983 Seattle, WA 98146 USA",Net 30,2026-03-01 00:00:00,332,House Account,1
Invoice,2026-02-02 00:00:00,244522,26023148,McKinstry Company:MCK-SEA06 Arbor Blocks,"PO Box 24406 Seattle, WA 98124 USA",Net 30,2026-03-04 00:00:00,17,House Account,1
Invoice,2026-02-02 00:00:00,244684,689862,"MacDonald-Miller Facility Solutions, Inc.:MAC-Special Projects","PO Box 47983 Seattle, WA 98146 USA",Net 30,2026-03-04 00:00:00,4300,House Account,1
Invoice,2026-02-02 00:00:00,244325,26023024,McKinstry Company:McK-Special Projects,"PO Box 24406 Seattle, WA 98124 USA",Net 30,2026-03-04 00:00:00,2610,House Account,1
Invoice,2026-02-02 00:00:00,244749,689478,"MacDonald-Miller Facility Solutions, Inc.:MAC-Special Projects","PO Box 47983 Seattle, WA 98146 USA",Net 30,2026-03-04 00:00:00,2054.97,House Account,1
Invoice,2026-02-02 00:00:00,244236-1,2201,Ocean Park Mechanical Inc:OCE-Seattle House Apartments,"2428 King George Hwy  Suite102 Surrey, BC V4P 1H5 CANADA",Net 30,2026-03-04 00:00:00,700,House Account,1
Invoice,2026-02-03 00:00:00,244236-2,2201,Ocean Park Mechanical Inc:OCE-Seattle House Apartments,"2428 King George Hwy  Suite102 Surrey, BC V4P 1H5 CANADA",Net 30,2026-03-05 00:00:00,750,House Account,1
Invoice,2026-02-03 00:00:00,243876,26008166,McKinstry Company:McK-Special Projects,"PO Box 24406 Seattle, WA 98124 USA",Net 30,2026-03-05 00:00:00,3015,House Account,1
Invoice,2026-02-04 00:00:00,244881,25-583-MT,Enviromech:Enviromech - Special Projects,"430 SW 153rd St Burien, WA 98166 USA",Net 30,2026-03-06 00:00:00,1150,House Account,1
Invoice,2026-02-04 00:00:00,245029,691371,"MacDonald-Miller Facility Solutions, Inc.:MAC-Special Projects","PO Box 47983 Seattle, WA 98146 USA",Net 30,2026-03-06 00:00:00,880,House Account,1
Invoice,2026-02-04 00:00:00,243191,25350183,McKinstry Company:McK-Special Projects,"PO Box 24406 Seattle, WA 98124 USA",Net 30,2026-03-06 00:00:00,4450,,
Invoice,2026-02-04 00:00:00,245008,54353-9862,United Systems Mechanical Inc:USM-Small Projects,"1400 Airport Way S, Suite 202 Seattle, WA 98134",Net 30,2026-03-06 00:00:00,72,House Account,1
Invoice,2026-02-04 00:00:00,244927-1,po038288  16-25-29733,Hermanson Company:HER-Microsoft,"1221 2nd Ave N Kent, WA 98032 USA",Net 30,2026-03-06 00:00:00,66.04,House Account,1
Invoice,2026-02-04 00:00:00,244927,po038288  16-25-29733,Hermanson Company:HER-Microsoft,"1221 2nd Ave N Kent, WA 98032 USA",Net 30,2026-03-06 00:00:00,978.18,House Account,1
Invoice,2026-02-04 00:00:00,244914,690848,"MacDonald-Miller Facility Solutions, Inc.:MAC-Special Projects","PO Box 47983 Seattle, WA 98146 USA",Net 30,2026-03-06 00:00:00,156.88,House Account,1
Invoice,2026-02-04 00:00:00,244899,60940673,Acco Engineered Systems (401856):ACC-ACCO Small Projects (401856),"C/o Dorse & Company 5000 1st Ave S Seattle, WA 98134",Net 30,2026-03-06 00:00:00,18.42,House Account,1
Invoice,2026-02-04 00:00:00,244900,60940776,Acco Engineered Systems (401856):ACC-ACCO Small Projects (401856),"C/o Dorse & Company 5000 1st Ave S Seattle, WA 98134",Net 30,2026-03-06 00:00:00,55.18,House Account,1
Invoice,2026-02-04 00:00:00,245036,25357078,McKinstry Company:MCK-Block 38 TI,"PO Box 24406 Seattle, WA 98124 USA",Net 30,2026-03-06 00:00:00,948.06,House Account,1
Invoice,2026-02-04 00:00:00,245006,43844-1585-0203,PSF Mechanical:PSF-Small Projects,"PO Box 84046 Seattle, WA 98124 USA",Net 30,2026-03-06 00:00:00,1019.12,House Account,1
Invoice,2026-02-04 00:00:00,244986,691111,"MacDonald-Miller Facility Solutions, Inc.:MAC-Special Projects","PO Box 47983 Seattle, WA 98146 USA",Net 30,2026-03-06 00:00:00,564.92,House Account,1
Invoice,2026-02-04 00:00:00,244985,691112,"MacDonald-Miller Facility Solutions, Inc.:MAC-Special Projects","PO Box 47983 Seattle, WA 98146 USA",Net 30,2026-03-06 00:00:00,91.93,House Account,1
Invoice,2026-02-04 00:00:00,244896,690809,"MacDonald-Miller Facility Solutions, Inc.:MAC-Special Projects","PO Box 47983 Seattle, WA 98146 USA",Net 30,2026-03-06 00:00:00,363.82,House Account,1
Invoice,2026-02-04 00:00:00,244835,25357078,McKinstry Company:MCK-Block 38 TI,"PO Box 24406 Seattle, WA 98124 USA",Net 30,2026-03-06 00:00:00,1530.2,House Account,1
Invoice,2026-02-04 00:00:00,244594,690986,"MacDonald-Miller Facility Solutions, Inc.:MAC-Special Projects","PO Box 47983 Seattle, WA 98146 USA",Net 30,2026-03-06 00:00:00,300,House Account,1
Invoice,2026-02-04 00:00:00,244316-2,26023131,McKinstry Company:McK-Special Projects,"PO Box 24406 Seattle, WA 98124 USA",Net 30,2026-03-06 00:00:00,528,House Account,1
Invoice,2026-02-04 00:00:00,244316-1,26023131,McKinstry Company:McK-Special Projects,"PO Box 24406 Seattle, WA 98124 USA",Net 30,2026-03-06 00:00:00,3877.9,House Account,1
Invoice,2026-02-04 00:00:00,244757,4563M4,Air Systems Engineering Inc:ASE-Old Growth,"3602 South Pine Street Tacoma, WA 98409 USA",Net 30,2026-03-06 00:00:00,525.14,House Account,1
Invoice,2026-02-04 00:00:00,245005,54352-9934,United Systems Mechanical Inc:USM-Small Projects,"1400 Airport Way S, Suite 202 Seattle, WA 98134",Net 30,2026-03-06 00:00:00,176.98,House Account,1
Invoice,2026-02-04 00:00:00,244930,26034094,McKinstry Company:McK-Special Projects,"PO Box 24406 Seattle, WA 98124 USA",Net 30,2026-03-06 00:00:00,74.24,House Account,1
Invoice,2026-02-04 00:00:00,244968,26034069,McKinstry Company:McK-Special Projects,"PO Box 24406 Seattle, WA 98124 USA",Net 30,2026-03-06 00:00:00,89.94,House Account,1
Invoice,2026-02-04 00:00:00,244997,10675,"Pacific Air Control, Inc:Pacific Air Control, Inc. GOF","1916 220th St SE, Suite M101 Bothell, WA 98021 USA",Net 30,2026-03-06 00:00:00,254.86,House Account,1
Invoice,2026-02-04 00:00:00,244975,26034055,McKinstry Company:McK-Special Projects,"PO Box 24406 Seattle, WA 98124 USA",Net 30,2026-03-06 00:00:00,254.54,House Account,1
Invoice,2026-02-04 00:00:00,244897,691047,"MacDonald-Miller Facility Solutions, Inc.:MAC-Special Projects","PO Box 47983 Seattle, WA 98146 USA",Net 30,2026-03-06 00:00:00,352.41,House Account,1
Invoice,2026-02-04 00:00:00,244967,24347107,McKinstry Company:MCK-Project Tetris,"PO Box 24406 Seattle, WA 98124 USA",Net 30,2026-03-06 00:00:00,43.5,House Account,1
Invoice,2026-02-05 00:00:00,244248,26013110,McKinstry Company:McK-Special Projects,"PO Box 24406 Seattle, WA 98124 USA",Net 30,2026-03-07 00:00:00,5235,House Account,1
Invoice,2026-02-05 00:00:00,244840,26029028,McKinstry Company:McK-Special Projects,"PO Box 24406 Seattle, WA 98124 USA",Net 30,2026-03-07 00:00:00,1425,House Account,1
Invoice,2026-02-05 00:00:00,245051,691387,"MacDonald-Miller Facility Solutions, Inc.:MAC-Special Projects","PO Box 47983 Seattle, WA 98146 USA",Net 30,2026-03-07 00:00:00,1061.31,House Account,1
Invoice,2026-02-05 00:00:00,244999-1,26035058,McKinstry Company:McK-Special Projects,"PO Box 24406 Seattle, WA 98124 USA",Net 30,2026-03-07 00:00:00,72,House Account,1
Invoice,2026-02-05 00:00:00,244999,26035058,McKinstry Company:McK-Special Projects,"PO Box 24406 Seattle, WA 98124 USA",Net 30,2026-03-07 00:00:00,42.01,House Account,1
Invoice,2026-02-05 00:00:00,245022,26035071,McKinstry Company:McK-Special Projects,"PO Box 24406 Seattle, WA 98124 USA",Net 30,2026-03-07 00:00:00,464.32,House Account,1
Invoice,2026-02-05 00:00:00,245014,26035063,McKinstry Company:McK-Special Projects,"PO Box 24406 Seattle, WA 98124 USA",Net 30,2026-03-07 00:00:00,464.32,House Account,1
Invoice,2026-02-05 00:00:00,245037,DSHS,Farrington Air Quality Services,"PO Box 760 Sumner, WA 98390 USA",Net 30,2026-03-07 00:00:00,176.1,House Account,1
Invoice,2026-02-06 00:00:00,244966,260636,GB Systems:GB-Special Projects,"7202 NE 175Th St Kenmore, WA 98028 USA",Net 30,2026-03-08 00:00:00,226.5,House Account,1
Invoice,2026-02-06 00:00:00,244248-1,26013110,McKinstry Company:McK-Special Projects,"PO Box 24406 Seattle, WA 98124 USA",Net 30,2026-03-08 00:00:00,2140,House Account,1
Invoice,2026-02-06 00:00:00,245150,691728,"MacDonald-Miller Facility Solutions, Inc.:MAC-Special Projects","PO Box 47983 Seattle, WA 98146 USA",Net 30,2026-03-08 00:00:00,450,House Account,1
Invoice,2026-02-06 00:00:00,244200,687257,"MacDonald-Miller Facility Solutions, Inc.:MAC-Special Projects","PO Box 47983 Seattle, WA 98146 USA",Net 30,2026-03-08 00:00:00,20006.43,House Account,1
Invoice,2026-02-06 00:00:00,245183,2603083287,McKinstry Company:McK-Special Projects,"PO Box 24406 Seattle, WA 98124 USA",Net 30,2026-03-08 00:00:00,40,House Account,1
Invoice,2026-02-09 00:00:00,243926,26009119,McKinstry Company:McK-Special Projects,"PO Box 24406 Seattle, WA 98124 USA",Net 30,2026-03-11 00:00:00,430.02,House Account,1
Invoice,2026-02-10 00:00:00,245236,BMM1343,Blue Mountain Mechanical Inc:BLU-Special Projects,"9227 Blue Mountain Lane SW, Ste A Tumwater, WA 98512 USA",Net 30,2026-03-12 00:00:00,100.44,House Account,1
Invoice,2026-02-10 00:00:00,245013-1,25-641,Enviromech:Enviromech - Special Projects,"430 SW 153rd St Burien, WA 98166 USA",Net 30,2026-03-12 00:00:00,57.6,House Account,1
Invoice,2026-02-10 00:00:00,245013,25-641,Enviromech:Enviromech - Special Projects,"430 SW 153rd St Burien, WA 98166 USA",Net 30,2026-03-12 00:00:00,997.5,House Account,1
Invoice,2026-02-10 00:00:00,245144-1,2201-2720,Ocean Park Mechanical Inc:OCE-Seattle House Apartments,"2428 King George Hwy  Suite102 Surrey, BC V4P 1H5 CANADA",Net 30,2026-03-12 00:00:00,92,House Account,1
Invoice,2026-02-10 00:00:00,245144,2201-2720,Ocean Park Mechanical Inc:OCE-Seattle House Apartments,"2428 King George Hwy  Suite102 Surrey, BC V4P 1H5 CANADA",Net 30,2026-03-12 00:00:00,1778.96,House Account,1
Invoice,2026-02-10 00:00:00,245127,10698,"Pacific Air Control, Inc:Pacific Air Control, Inc. GOF","1916 220th St SE, Suite M101 Bothell, WA 98021 USA",Net 30,2026-03-12 00:00:00,299.47,House Account,1
Invoice,2026-02-10 00:00:00,245070,26035144,McKinstry Company:McK-Special Projects,"PO Box 24406 Seattle, WA 98124 USA",Net 30,2026-03-12 00:00:00,271.17,House Account,1
Invoice,2026-02-10 00:00:00,245135,60940751,Acco Engineered Systems (401856):ACC-ACCO Small Projects (401856),"C/o Dorse & Company 5000 1st Ave S Seattle, WA 98134",Net 30,2026-03-12 00:00:00,13.64,House Account,1
Invoice,2026-02-10 00:00:00,245118,3070,Trimble Mechanical:TBM-Special Projects,"PO Box 2327 Buckley, WA 98321 USA",Net 30,2026-03-12 00:00:00,227.27,House Account,1
Invoice,2026-02-10 00:00:00,245195,691851,"MacDonald-Miller Facility Solutions, Inc.:MAC-Special Projects","PO Box 47983 Seattle, WA 98146 USA",Net 30,2026-03-12 00:00:00,234.23,,
Invoice,2026-02-10 00:00:00,245172-1,691770,"MacDonald-Miller Facility Solutions, Inc.:MAC-Special Projects","PO Box 47983 Seattle, WA 98146 USA",Net 30,2026-03-12 00:00:00,23.84,House Account,1
Invoice,2026-02-10 00:00:00,245172,691770,"MacDonald-Miller Facility Solutions, Inc.:MAC-Special Projects","PO Box 47983 Seattle, WA 98146 USA",Net 30,2026-03-12 00:00:00,114.16,House Account,1
Invoice,2026-02-10 00:00:00,245175,305709,Vital Mechanical Service:Vit-Vital Mechanical Special Projects,"1420 Maple Ave SW Renton, WA 98057 USA",Net 30,2026-03-12 00:00:00,320.85,House Account,1
Invoice,2026-02-10 00:00:00,245130,25357078,McKinstry Company:MCK-Block 38 TI,"PO Box 24406 Seattle, WA 98124 USA",Net 30,2026-03-12 00:00:00,174.72,House Account,1
Invoice,2026-02-10 00:00:00,245200,691862,"MacDonald-Miller Facility Solutions, Inc.:MAC-Special Projects","PO Box 47983 Seattle, WA 98146 USA",Net 30,2026-03-12 00:00:00,786.53,House Account,1
Invoice,2026-02-10 00:00:00,244753,25357078,McKinstry Company:MCK-Block 38 TI,"PO Box 24406 Seattle, WA 98124 USA",Net 30,2026-03-12 00:00:00,1141.16,House Account,1
Invoice,2026-02-10 00:00:00,245199,43778-1165-0206,PSF Mechanical:PSF-Small Projects,"PO Box 84046 Seattle, WA 98124 USA",Net 30,2026-03-12 00:00:00,173.05,House Account,1
Invoice,2026-02-10 00:00:00,245139,101670-23020,Rainier Metal Works:Rainier Metal Works-Special Projects,"9322 14th Ave South Seattle, WA 98108 USA",Net 30,2026-03-12 00:00:00,597.14,House Account,1
Invoice,2026-02-10 00:00:00,245092,43880-1165-0204,PSF Mechanical:PSF-Small Projects,"PO Box 84046 Seattle, WA 98124 USA",Net 30,2026-03-12 00:00:00,497.14,House Account,1
Invoice,2026-02-10 00:00:00,245094,2245-2720,Ocean Park Mechanical Inc:OCE-Yesler Block South Tower,"2428 King George Hwy  Suite102 Surrey, BC V4P 1H5 CANADA",Net 30,2026-03-12 00:00:00,1673.7,House Account,1
Invoice,2026-02-10 00:00:00,245033,691526,"MacDonald-Miller Facility Solutions, Inc.:MAC-SpaceX","PO Box 47983 Seattle, WA 98146 USA",Net 30,2026-03-12 00:00:00,2083.29,House Account,1
Credit Memo,2026-02-10 00:00:00,245327,,Uptown Mechanical:Uptown - Special Projects,"2223 202nd St S W Lynnwood, WA 98036 USA",Net 30,2026-03-12 00:00:00,-135.1,House Account,1
Invoice,2026-02-11 00:00:00,244751,689539,"MacDonald-Miller Facility Solutions, Inc.:MAC-Special Projects","PO Box 47983 Seattle, WA 98146 USA",Net 30,2026-03-13 00:00:00,1630,House Account,1
Invoice,2026-02-11 00:00:00,245309,692380,"MacDonald-Miller Facility Solutions, Inc.:MAC-Special Projects","PO Box 47983 Seattle, WA 98146 USA",Net 30,2026-03-13 00:00:00,972.15,House Account,1
Invoice,2026-02-11 00:00:00,244512,689170,"MacDonald-Miller Facility Solutions, Inc.:MAC-Special Projects","PO Box 47983 Seattle, WA 98146 USA",Net 30,2026-03-13 00:00:00,139.7,House Account,1
Invoice,2026-02-11 00:00:00,244526,2201-2725,Ocean Park Mechanical Inc:OCE-Seattle House Apartments,"2428 King George Hwy  Suite102 Surrey, BC V4P 1H5 CANADA",Net 30,2026-03-13 00:00:00,70.95,House Account,1
Invoice,2026-02-11 00:00:00,244248-2,26013110,McKinstry Company:McK-Special Projects,"PO Box 24406 Seattle, WA 98124 USA",Net 30,2026-03-13 00:00:00,1225,House Account,1
Invoice,2026-02-11 00:00:00,244783,25357078,McKinstry Company:MCK-Block 38 TI,"PO Box 24406 Seattle, WA 98124 USA",Net 30,2026-03-13 00:00:00,190,House Account,1
Invoice,2026-02-12 00:00:00,245263-1,692126,"MacDonald-Miller Facility Solutions, Inc.:MAC-Special Projects","PO Box 47983 Seattle, WA 98146 USA",Net 30,2026-03-14 00:00:00,32.28,House Account,1
Invoice,2026-02-12 00:00:00,245263,692126,"MacDonald-Miller Facility Solutions, Inc.:MAC-Special Projects","PO Box 47983 Seattle, WA 98146 USA",Net 30,2026-03-14 00:00:00,152.46,House Account,1
Invoice,2026-02-12 00:00:00,245203,691867,"MacDonald-Miller Facility Solutions, Inc.:MAC-Special Projects","PO Box 47983 Seattle, WA 98146 USA",Net 30,2026-03-14 00:00:00,302.42,House Account,1
Invoice,2026-02-12 00:00:00,245237,26040093,McKinstry Company:McK-Special Projects,"PO Box 24406 Seattle, WA 98124 USA",Net 30,2026-03-14 00:00:00,935.92,House Account,1
Invoice,2026-02-12 00:00:00,245330-1,Tukwila 1,Diamond Construction Services LLC:Diamond Construction - Special Project,"35420 Military Rd S Auburn, WA 98001 USA",Net 30,2026-03-14 00:00:00,9.62,House Account,1
Invoice,2026-02-12 00:00:00,245330,Tukwila 1,Diamond Construction Services LLC:Diamond Construction - Special Project,"35420 Military Rd S Auburn, WA 98001 USA",Net 30,2026-03-14 00:00:00,29.56,House Account,1
Invoice,2026-02-12 00:00:00,245300,EAGS,Zip Mechanical,"309 S Cloverdale St, Suite D43 Seattle, WA 98108 USA",Net 30,2026-03-14 00:00:00,74.1,House Account,1
Invoice,2026-02-12 00:00:00,245238-1,3230,Trimble Mechanical:TBM-Special Projects,"PO Box 2327 Buckley, WA 98321 USA",Net 30,2026-03-14 00:00:00,147,House Account,1
Invoice,2026-02-12 00:00:00,245238,3230,Trimble Mechanical:TBM-Special Projects,"PO Box 2327 Buckley, WA 98321 USA",Net 30,2026-03-14 00:00:00,339.89,House Account,1
Invoice,2026-02-12 00:00:00,244396-1,26020200,McKinstry Company:McK-Special Projects,"PO Box 24406 Seattle, WA 98124 USA",Net 30,2026-03-14 00:00:00,4200,House Account,1
Invoice,2026-02-12 00:00:00,244853,25357078,McKinstry Company:MCK-Block 38 TI,"PO Box 24406 Seattle, WA 98124 USA",Net 30,2026-03-14 00:00:00,160,House Account,1
Invoice,2026-02-12 00:00:00,244581-1,25-696-RM,Enviromech:Enviromech - Special Projects,"430 SW 153rd St Burien, WA 98166 USA",Net 30,2026-03-14 00:00:00,125,House Account,1
Invoice,2026-02-12 00:00:00,245370,20375,Ocean Park Mechanical Inc:OCE-Special Projects,"2428 King George Hwy  Suite102 Surrey, BC V4P 1H5 CANADA",Net 30,2026-03-14 00:00:00,575,House Account,1
Invoice,2026-02-12 00:00:00,245047,691020,"MacDonald-Miller Facility Solutions, Inc.:MAC-Special Projects","PO Box 47983 Seattle, WA 98146 USA",Net 30,2026-03-14 00:00:00,850,House Account,1
Invoice,2026-02-13 00:00:00,245239,25357078,McKinstry Company:MCK-Block 38 TI,"PO Box 24406 Seattle, WA 98124 USA",Net 30,2026-03-15 00:00:00,682.5,House Account,1
Credit Memo,2026-02-13 00:00:00,245514,10698,"Pacific Air Control, Inc:Pacific Air Control, Inc. GOF","1916 220th St SE, Suite M101 Bothell, WA 98021 USA",Net 30,2026-03-15 00:00:00,-282.48,House Account,1
Invoice,2026-02-13 00:00:00,245354,691980,"MacDonald-Miller Facility Solutions, Inc.:MAC-Special Projects","PO Box 47983 Seattle, WA 98146 USA",Net 30,2026-03-15 00:00:00,320,House Account,1
Invoice,2026-02-13 00:00:00,240443,Mary Ruth Manor,Zip Mechanical,"309 S Cloverdale St, Suite D43 Seattle, WA 98108 USA",Net 30,2026-03-15 00:00:00,105,House Account,1
Invoice,2026-02-13 00:00:00,244737,2201,Ocean Park Mechanical Inc:OCE-Seattle House Apartments,"2428 King George Hwy  Suite102 Surrey, BC V4P 1H5 CANADA",Net 30,2026-03-15 00:00:00,3845,House Account,1
Invoice,2026-02-16 00:00:00,245530,687257,"MacDonald-Miller Facility Solutions, Inc.:MAC-Special Projects","PO Box 47983 Seattle, WA 98146 USA",Net 30,2026-03-18 00:00:00,18.66,House Account,1
Invoice,2026-02-16 00:00:00,243332,682748,"MacDonald-Miller Facility Solutions, Inc.:MAC-Special Projects","PO Box 47983 Seattle, WA 98146 USA",Net 30,2026-03-18 00:00:00,75,House Account,1
Invoice,2026-02-16 00:00:00,240443-1,Mary Ruth Manor,Zip Mechanical,"309 S Cloverdale St, Suite D43 Seattle, WA 98108 USA",Net 30,2026-03-18 00:00:00,435,House Account,1
Invoice,2026-02-16 00:00:00,245216,692491,"MacDonald-Miller Facility Solutions, Inc.:MAC-Special Projects","PO Box 47983 Seattle, WA 98146 USA",Net 30,2026-03-18 00:00:00,1755,House Account,1
Invoice,2026-02-16 00:00:00,244255,687583,"MacDonald-Miller Facility Solutions, Inc.:MAC-Special Projects","PO Box 47983 Seattle, WA 98146 USA",Net 30,2026-03-18 00:00:00,698.5,House Account,1
Invoice,2026-02-16 00:00:00,245354-1,691980,"MacDonald-Miller Facility Solutions, Inc.:MAC-Special Projects","PO Box 47983 Seattle, WA 98146 USA",Net 30,2026-03-18 00:00:00,430,House Account,1
Invoice,2026-02-16 00:00:00,244579,687722,"MacDonald-Miller Facility Solutions, Inc.:MAC-Special Projects","PO Box 47983 Seattle, WA 98146 USA",Net 30,2026-03-18 00:00:00,1075,House Account,1
Invoice,2026-02-16 00:00:00,245459,54394-9926,United Systems Mechanical Inc:USM-Small Projects,"1400 Airport Way S, Suite 202 Seattle, WA 98134",Net 30,2026-03-18 00:00:00,870,House Account,1
Invoice,2026-02-17 00:00:00,245399,10762,"Pacific Air Control, Inc:Pacific Air Control, Inc. GOF","1916 220th St SE, Suite M101 Bothell, WA 98021 USA",Net 30,2026-03-19 00:00:00,428,House Account,1
Invoice,2026-02-17 00:00:00,245579,693523,"MacDonald-Miller Facility Solutions, Inc.:MAC-Special Projects","PO Box 47983 Seattle, WA 98146 USA",Net 30,2026-03-19 00:00:00,200,House Account,1
Invoice,2026-02-17 00:00:00,245505,26041121,McKinstry Company:McK-Special Projects,"PO Box 24406 Seattle, WA 98124 USA",Net 30,2026-03-19 00:00:00,2885,House Account,1
Invoice,2026-02-18 00:00:00,245557,w044276,"Lynden Sheet Metal, Inc:Lyn-Special Projects","837 Evergreen Street Lynden, WA 98264 USA",Net 30,2026-03-20 00:00:00,46,House Account,1
Invoice,2026-02-18 00:00:00,245302,2333-2720,Ocean Park Mechanical Inc:OCE-1200 Stewart,"2428 King George Boulevard Surrey, BC V4P 1H5 CANADA",Net 30,2026-03-20 00:00:00,1775.09,House Account,1
Invoice,2026-02-18 00:00:00,241323-1,Kent bldg. Exhaust,Uptown Mechanical:Uptown - Special Projects,"2223 202nd St S W Lynnwood, WA 98036 USA",Net 30,2026-03-20 00:00:00,730.65,House Account,1
Invoice,2026-02-18 00:00:00,241323,Kent bldg. Exhaust,Uptown Mechanical:Uptown - Special Projects,"2223 202nd St S W Lynnwood, WA 98036 USA",Net 30,2026-03-20 00:00:00,1820,House Account,1
Invoice,2026-02-18 00:00:00,245360,692506,"MacDonald-Miller Facility Solutions, Inc.:MAC-Special Projects","PO Box 47983 Seattle, WA 98146 USA",Net 30,2026-03-20 00:00:00,319.51,House Account,1
Invoice,2026-02-18 00:00:00,245093,691690,"MacDonald-Miller Facility Solutions, Inc.:MAC-Special Projects","PO Box 47983 Seattle, WA 98146 USA",Net 30,2026-03-20 00:00:00,3392,House Account,1
Invoice,2026-02-18 00:00:00,245412,692829,"MacDonald-Miller Facility Solutions, Inc.:MAC-Special Projects","PO Box 47983 Seattle, WA 98146 USA",Net 30,2026-03-20 00:00:00,395.96,House Account,1
Invoice,2026-02-18 00:00:00,245404,692815,"MacDonald-Miller Facility Solutions, Inc.:MAC-Special Projects","PO Box 47983 Seattle, WA 98146 USA",Net 30,2026-03-20 00:00:00,288,House Account,1
Invoice,2026-02-18 00:00:00,245255,692053,"MacDonald-Miller Facility Solutions, Inc.:MAC-Special Projects","PO Box 47983 Seattle, WA 98146 USA",Net 30,2026-03-20 00:00:00,10610,House Account,1
Invoice,2026-02-18 00:00:00,245391,692636,"MacDonald-Miller Facility Solutions, Inc.:MAC-Special Projects","PO Box 47983 Seattle, WA 98146 USA",Net 30,2026-03-20 00:00:00,752.59,House Account,1
Invoice,2026-02-18 00:00:00,245506,26044088,McKinstry Company:McK-Special Projects,"PO Box 24406 Seattle, WA 98124 USA",Net 30,2026-03-20 00:00:00,147.12,House Account,1
Invoice,2026-02-18 00:00:00,245511-1,693132,"MacDonald-Miller Facility Solutions, Inc.:MAC-Special Projects","PO Box 47983 Seattle, WA 98146 USA",Net 30,2026-03-20 00:00:00,26.13,House Account,1
Invoice,2026-02-18 00:00:00,245511,693132,"MacDonald-Miller Facility Solutions, Inc.:MAC-Special Projects","PO Box 47983 Seattle, WA 98146 USA",Net 30,2026-03-20 00:00:00,758.43,House Account,1
Invoice,2026-02-18 00:00:00,245494,43876-1585-0213,PSF Mechanical:PSF-Small Projects,"PO Box 84046 Seattle, WA 98124 USA",Net 30,2026-03-20 00:00:00,69.83,House Account,1
Invoice,2026-02-18 00:00:00,245480,2201-2720,Ocean Park Mechanical Inc:OCE-Seattle House Apartments,"2428 King George Hwy  Suite102 Surrey, BC V4P 1H5 CANADA",Net 30,2026-03-20 00:00:00,426.79,House Account,1
Invoice,2026-02-18 00:00:00,245484,3070,Trimble Mechanical:TBM-Special Projects,"PO Box 2327 Buckley, WA 98321 USA",Net 30,2026-03-20 00:00:00,570,House Account,1
Invoice,2026-02-18 00:00:00,245474,305831,Vital Mechanical Service:Vit-Vital Mechanical Special Projects,"1420 Maple Ave SW Renton, WA 98057 USA",Net 30,2026-03-20 00:00:00,372.4,House Account,1
Invoice,2026-02-18 00:00:00,245472,SJB V-516,Vet First Mechanical:VET-Small Projects,"1801 E Valley Hwy Kent, WA 98032 USA",Net 30,2026-03-20 00:00:00,219.75,House Account,1
Invoice,2026-02-18 00:00:00,245407,SJB-514,Vet First Mechanical:VET-Small Projects,"1801 E Valley Hwy Kent, WA 98032 USA",Net 30,2026-03-20 00:00:00,1302,House Account,1
Invoice,2026-02-18 00:00:00,245527,693861,"MacDonald-Miller Facility Solutions, Inc.:MAC-SpaceX","PO Box 47983 Seattle, WA 98146 USA",Net 30,2026-03-20 00:00:00,500.95,House Account,1
Invoice,2026-02-18 00:00:00,245561,693341,"MacDonald-Miller Facility Solutions, Inc.:MAC-Special Projects","PO Box 47983 Seattle, WA 98146 USA",Net 30,2026-03-20 00:00:00,921.98,House Account,1
Invoice,2026-02-18 00:00:00,245561-1,693341,"MacDonald-Miller Facility Solutions, Inc.:MAC-Special Projects","PO Box 47983 Seattle, WA 98146 USA",Net 30,2026-03-20 00:00:00,132.66,House Account,1
Invoice,2026-02-18 00:00:00,245563,693380,"MacDonald-Miller Facility Solutions, Inc.:MAC-1201 3rd Avenue","PO Box 47983 Seattle, WA 98146 USA",Net 30,2026-03-20 00:00:00,1357.18,House Account,1
Invoice,2026-02-18 00:00:00,245509,2333-2725,Ocean Park Mechanical Inc:OCE-1200 Stewart,"2428 King George Boulevard Surrey, BC V4P 1H5 CANADA",Net 30,2026-03-20 00:00:00,2578.98,House Account,1
Invoice,2026-02-18 00:00:00,245501,25357078,McKinstry Company:MCK-Block 38 TI,"PO Box 24406 Seattle, WA 98124 USA",Net 30,2026-03-20 00:00:00,2169.94,House Account,1
Invoice,2026-02-18 00:00:00,245517,101688-23077,Rainier Metal Works:Rainier Metal Works-Special Projects,"9322 14th Ave South Seattle, WA 98108 USA",Net 30,2026-03-20 00:00:00,55.6,House Account,1
Invoice,2026-02-18 00:00:00,245405,101684-23050,Rainier Metal Works:Rainier Metal Works-Special Projects,"9322 14th Ave South Seattle, WA 98108 USA",Net 30,2026-03-20 00:00:00,619.05,House Account,1
Invoice,2026-02-18 00:00:00,245502,639122,"MacDonald-Miller Facility Solutions, Inc.:MAC-Special Projects","PO Box 47983 Seattle, WA 98146 USA",Net 30,2026-03-20 00:00:00,2680,House Account,1
Invoice,2026-02-18 00:00:00,245395,26043002,McKinstry Company:MCK-SEA06 Arbor Blocks,"PO Box 24406 Seattle, WA 98124 USA",Net 30,2026-03-20 00:00:00,417.09,House Account,1
Invoice,2026-02-18 00:00:00,245437-1,693017,"MacDonald-Miller Facility Solutions, Inc.:MAC-Special Projects","PO Box 47983 Seattle, WA 98146 USA",Net 30,2026-03-20 00:00:00,132,House Account,1
Invoice,2026-02-18 00:00:00,245437,693017,"MacDonald-Miller Facility Solutions, Inc.:MAC-Special Projects","PO Box 47983 Seattle, WA 98146 USA",Net 30,2026-03-20 00:00:00,1623,House Account,1
Invoice,2026-02-19 00:00:00,245377,25357078,McKinstry Company:MCK-Block 38 TI,"PO Box 24406 Seattle, WA 98124 USA",Net 30,2026-03-21 00:00:00,770.24,House Account,1
Invoice,2026-02-19 00:00:00,245130-1,25357078,McKinstry Company:MCK-Block 38 TI,"PO Box 24406 Seattle, WA 98124 USA",Net 30,2026-03-21 00:00:00,452.32,House Account,1
Invoice,2026-02-19 00:00:00,244794-1,25357078,McKinstry Company:MCK-Block 38 TI,"PO Box 24406 Seattle, WA 98124 USA",Net 30,2026-03-21 00:00:00,169.62,House Account,1
Invoice,2026-02-19 00:00:00,244835-1,25357078,McKinstry Company:MCK-Block 38 TI,"PO Box 24406 Seattle, WA 98124 USA",Net 30,2026-03-21 00:00:00,452.32,House Account,1
Invoice,2026-02-19 00:00:00,245321,101680-23041,Rainier Metal Works:Rainier Metal Works-Special Projects,"9322 14th Ave South Seattle, WA 98108 USA",Net 30,2026-03-21 00:00:00,1203.77,House Account,1
Invoice,2026-02-19 00:00:00,245337,305766,Vital Mechanical Service:Vit-Vital Mechanical Special Projects,"1420 Maple Ave SW Renton, WA 98057 USA",Net 30,2026-03-21 00:00:00,384.93,House Account,1
Invoice,2026-02-19 00:00:00,245295,692236,"MacDonald-Miller Facility Solutions, Inc.:MAC-Special Projects","PO Box 47983 Seattle, WA 98146 USA",Net 30,2026-03-21 00:00:00,1803.36,,
Invoice,2026-02-19 00:00:00,245290,26047070,McKinstry Company:McK-Special Projects,"PO Box 24406 Seattle, WA 98124 USA",Net 30,2026-03-21 00:00:00,828,House Account,1
Credit Memo,2026-02-20 00:00:00,245794,690143,"MacDonald-Miller Facility Solutions, Inc.:MAC-SpaceX","PO Box 47983 Seattle, WA 98146 USA",Net 30,2026-03-22 00:00:00,-1389.79,House Account,1
Invoice,2026-02-20 00:00:00,244906,694447,"MacDonald-Miller Facility Solutions, Inc.:MAC-SpaceX","PO Box 47983 Seattle, WA 98146 USA",Net 30,2026-03-22 00:00:00,1438,House Account,1
Invoice,2026-02-20 00:00:00,244906-1,694447,"MacDonald-Miller Facility Solutions, Inc.:MAC-SpaceX","PO Box 47983 Seattle, WA 98146 USA",Net 30,2026-03-22 00:00:00,188.35,House Account,1
Invoice,2026-02-20 00:00:00,244906-2,694447,"MacDonald-Miller Facility Solutions, Inc.:MAC-SpaceX","PO Box 47983 Seattle, WA 98146 USA",Net 30,2026-03-22 00:00:00,207,House Account,1
Invoice,2026-02-20 00:00:00,244906-3,694447,"MacDonald-Miller Facility Solutions, Inc.:MAC-SpaceX","PO Box 47983 Seattle, WA 98146 USA",Net 30,2026-03-22 00:00:00,122,House Account,1
Invoice,2026-02-20 00:00:00,244906-4,694447,"MacDonald-Miller Facility Solutions, Inc.:MAC-SpaceX","PO Box 47983 Seattle, WA 98146 USA",Net 30,2026-03-22 00:00:00,154.42,House Account,1
Invoice,2026-02-20 00:00:00,244906-5,694447,"MacDonald-Miller Facility Solutions, Inc.:MAC-SpaceX","PO Box 47983 Seattle, WA 98146 USA",Net 30,2026-03-22 00:00:00,99,House Account,1
Invoice,2026-02-20 00:00:00,244906-6,694447,"MacDonald-Miller Facility Solutions, Inc.:MAC-SpaceX","PO Box 47983 Seattle, WA 98146 USA",Net 30,2026-03-22 00:00:00,79.42,House Account,1
Invoice,2026-02-20 00:00:00,245261,693863,"MacDonald-Miller Facility Solutions, Inc.:MAC-SpaceX","PO Box 47983 Seattle, WA 98146 USA",Net 30,2026-03-22 00:00:00,168.94,House Account,1
Invoice,2026-02-20 00:00:00,245567,693506,"MacDonald-Miller Facility Solutions, Inc.:MAC-Special Projects","PO Box 47983 Seattle, WA 98146 USA",Net 30,2026-03-22 00:00:00,117.45,House Account,1
Invoice,2026-02-20 00:00:00,245567-1,693506,"MacDonald-Miller Facility Solutions, Inc.:MAC-Special Projects","PO Box 47983 Seattle, WA 98146 USA",Net 30,2026-03-22 00:00:00,76.07,House Account,1
Invoice,2026-02-20 00:00:00,245571,693410,"MacDonald-Miller Facility Solutions, Inc.:MAC-Special Projects","PO Box 47983 Seattle, WA 98146 USA",Net 30,2026-03-22 00:00:00,442.87,House Account,1
Invoice,2026-02-20 00:00:00,245566,693397,"MacDonald-Miller Facility Solutions, Inc.:MAC-Special Projects","PO Box 47983 Seattle, WA 98146 USA",Net 30,2026-03-22 00:00:00,500.36,House Account,1
Invoice,2026-02-20 00:00:00,245545,693257,"MacDonald-Miller Facility Solutions, Inc.:MAC-Special Projects","PO Box 47983 Seattle, WA 98146 USA",Net 30,2026-03-22 00:00:00,188.44,House Account,1
Invoice,2026-02-20 00:00:00,245551,693272,"MacDonald-Miller Facility Solutions, Inc.:MAC-Special Projects","PO Box 47983 Seattle, WA 98146 USA",Net 30,2026-03-22 00:00:00,86.2,House Account,1
Invoice,2026-02-20 00:00:00,245544,3012,Trimble Mechanical:TBM-Special Projects,"PO Box 2327 Buckley, WA 98321 USA",Net 30,2026-03-22 00:00:00,342,House Account,1
Invoice,2026-02-20 00:00:00,245614,693579,"MacDonald-Miller Facility Solutions, Inc.:MAC-Special Projects","PO Box 47983 Seattle, WA 98146 USA",Net 30,2026-03-22 00:00:00,80.76,House Account,1
Invoice,2026-02-20 00:00:00,245632,693720,"MacDonald-Miller Facility Solutions, Inc.:MAC-Special Projects","PO Box 47983 Seattle, WA 98146 USA",Net 30,2026-03-22 00:00:00,207,House Account,1
Invoice,2026-02-20 00:00:00,245654,Lowes 0004,Helios HVACR Services LLC,"601 South Lake Destiny Drive Suite 200 Maitland, FL 32751 USA",Immediate,2026-02-20 00:00:00,10.45,House Account,1
Invoice,2026-02-20 00:00:00,245639,693687,"MacDonald-Miller Facility Solutions, Inc.:MAC-Special Projects","PO Box 47983 Seattle, WA 98146 USA",Net 30,2026-03-22 00:00:00,313.76,House Account,1
Invoice,2026-02-20 00:00:00,245701,694060,"MacDonald-Miller Facility Solutions, Inc.:MAC-Special Projects","PO Box 47983 Seattle, WA 98146 USA",Net 30,2026-03-22 00:00:00,275,House Account,1
Invoice,2026-02-20 00:00:00,245637,693700,"MacDonald-Miller Facility Solutions, Inc.:MAC-Special Projects","PO Box 47983 Seattle, WA 98146 USA",Net 30,2026-03-22 00:00:00,79.25,House Account,1
Invoice,2026-02-20 00:00:00,245621,26048094,McKinstry Company:McK-Special Projects,"PO Box 24406 Seattle, WA 98124 USA",Net 30,2026-03-22 00:00:00,18.24,House Account,1
Invoice,2026-02-20 00:00:00,244212,254785,Acco Engineered Systems (401856):ACC-ACCO Small Projects (401856),"C/o Dorse & Company 5000 1st Ave S Seattle, WA 98134",Net 30,2026-03-22 00:00:00,2330,House Account,1
Invoice,2026-02-20 00:00:00,245599,SJB-514,Vet First Mechanical:VET-Small Projects,"1801 E Valley Hwy Kent, WA 98032 USA",Net 30,2026-03-22 00:00:00,199,House Account,1
Invoice,2026-02-20 00:00:00,245475,693072,"MacDonald-Miller Facility Solutions, Inc.:MAC-Special Projects","PO Box 47983 Seattle, WA 98146 USA",Net 30,2026-03-22 00:00:00,109.24,House Account,1
Invoice,2026-02-20 00:00:00,245557-1,w044276,"Lynden Sheet Metal, Inc:Lyn-Special Projects","837 Evergreen Street Lynden, WA 98264 USA",Net 30,2026-03-22 00:00:00,300,House Account,1
Invoice,2026-02-20 00:00:00,245503,25357078,McKinstry Company:MCK-Block 38 TI,"PO Box 24406 Seattle, WA 98124 USA",Net 30,2026-03-22 00:00:00,4350,House Account,1
Invoice,2026-02-20 00:00:00,245471,692842,"MacDonald-Miller Facility Solutions, Inc.:MAC-Special Projects","PO Box 47983 Seattle, WA 98146 USA",Net 30,2026-03-22 00:00:00,2900,House Account,1
Invoice,2026-02-20 00:00:00,243191-1,25350183,McKinstry Company:McK-Special Projects,"PO Box 24406 Seattle, WA 98124 USA",Net 30,2026-03-22 00:00:00,8580,House Account,1
Invoice,2026-02-20 00:00:00,245128,690951,"MacDonald-Miller Facility Solutions, Inc.:MAC-Special Projects","PO Box 47983 Seattle, WA 98146 USA",Net 30,2026-03-22 00:00:00,16600,House Account,1
Invoice,2026-02-20 00:00:00,245555,F1094W-01036,Apollo Mechanical Contractors:APO-Rainier Beach High School,"1207 W Columbia Dr Kennewick, WA 99336",Net 30,2026-03-22 00:00:00,1040,House Account,1
Invoice,2026-02-20 00:00:00,245499,26-001-RM,Enviromech:Enviromech - Special Projects,"430 SW 153rd St Burien, WA 98166 USA",Net 30,2026-03-22 00:00:00,1162,House Account,1
Invoice,2026-02-23 00:00:00,245673,S183686,PSF Mechanical:PSF-Small Projects,"PO Box 84046 Seattle, WA 98124 USA",Net 30,2026-03-25 00:00:00,275,House Account,1
Invoice,2026-02-23 00:00:00,243344-2,25353124,McKinstry Company:MCK-Project Skywalker,"PO Box 24406 Seattle, WA 98124 USA",Net 30,2026-03-25 00:00:00,9615,House Account,1
Invoice,2026-02-23 00:00:00,245749,2333-2720,Ocean Park Mechanical Inc:OCE-1200 Stewart,"2428 King George Boulevard Surrey, BC V4P 1H5 CANADA",Net 30,2026-03-25 00:00:00,300,House Account,1
Invoice,2026-02-23 00:00:00,245672,26044056,McKinstry Company:McK-Special Projects,"PO Box 24406 Seattle, WA 98124 USA",Net 30,2026-03-25 00:00:00,940,House Account,1
Invoice,2026-02-24 00:00:00,245680,305894,Vital Mechanical Service:Vit-Vital Mechanical Special Projects,"1420 Maple Ave SW Renton, WA 98057 USA",Net 30,2026-03-26 00:00:00,147,House Account,1
Invoice,2026-02-24 00:00:00,245799,690046,"MacDonald-Miller Facility Solutions, Inc.:MAC-Special Projects","PO Box 47983 Seattle, WA 98146 USA",Net 30,2026-03-26 00:00:00,2687.54,House Account,1
Invoice,2026-02-24 00:00:00,245578,693465,"MacDonald-Miller Facility Solutions, Inc.:MAC-Special Projects","PO Box 47983 Seattle, WA 98146 USA",Net 30,2026-03-26 00:00:00,75,House Account,1
Invoice,2026-02-24 00:00:00,244798,264324,Acco Engineered Systems (401856):ACC-ACCO Small Projects (401856),"C/o Dorse & Company 5000 1st Ave S Seattle, WA 98134",Net 30,2026-03-26 00:00:00,345,House Account,1
Invoice,2026-02-24 00:00:00,245814,694522,"MacDonald-Miller Facility Solutions, Inc.:MAC-Special Projects","PO Box 47983 Seattle, WA 98146 USA",Net 30,2026-03-26 00:00:00,493.02,House Account,1
Invoice,2026-02-24 00:00:00,245816,694463,"MacDonald-Miller Facility Solutions, Inc.:MAC-1201 3rd Avenue","PO Box 47983 Seattle, WA 98146 USA",Net 30,2026-03-26 00:00:00,1607.96,House Account,1
Invoice,2026-02-24 00:00:00,245859,26054051,McKinstry Company:McK-Special Projects,"PO Box 24406 Seattle, WA 98124 USA",Net 30,2026-03-26 00:00:00,60,House Account,1
Invoice,2026-02-24 00:00:00,244835-2,25357078,McKinstry Company:MCK-Block 38 TI,"PO Box 24406 Seattle, WA 98124 USA",Net 30,2026-03-26 00:00:00,242,House Account,1
Invoice,2026-02-24 00:00:00,244324-1,687417,"MacDonald-Miller Facility Solutions, Inc.:MAC-Special Projects","PO Box 47983 Seattle, WA 98146 USA",Net 30,2026-03-26 00:00:00,1114,House Account,1
Invoice,2026-02-24 00:00:00,245631,3265,Trimble Mechanical:TBM-Special Projects,"PO Box 2327 Buckley, WA 98321 USA",Net 30,2026-03-26 00:00:00,1482.03,House Account,1
Invoice,2026-02-24 00:00:00,245668,266620,Acco Engineered Systems (401856):ACC-SEA139 Redmond East Building 16,"888 E. Walnut St (401856) Pasadena, CA 91101 USA",Net 30,2026-03-26 00:00:00,469,House Account,1
Invoice,2026-02-24 00:00:00,245643,693953,"MacDonald-Miller Facility Solutions, Inc.:MAC-SpaceX","PO Box 47983 Seattle, WA 98146 USA",Net 30,2026-03-26 00:00:00,1978.59,House Account,1
Invoice,2026-02-24 00:00:00,245499-1,26-001-RM,Enviromech:Enviromech - Special Projects,"430 SW 153rd St Burien, WA 98166 USA",Net 30,2026-03-26 00:00:00,1783,House Account,1
Invoice,2026-02-24 00:00:00,244314,693325,"MacDonald-Miller Facility Solutions, Inc.:MAC-Special Projects","PO Box 47983 Seattle, WA 98146 USA",Net 30,2026-03-26 00:00:00,349,House Account,1
Invoice,2026-02-24 00:00:00,245694,3012,Trimble Mechanical:TBM-Special Projects,"PO Box 2327 Buckley, WA 98321 USA",Net 30,2026-03-26 00:00:00,1204.15,House Account,1
Invoice,2026-02-24 00:00:00,245700,F1185,Apollo Mechanical Contractors:APO-SeaTac Concourse C Expansion,"1207 W Columbia Dr Kennewick, WA 99336 USA",Net 30,2026-03-26 00:00:00,575.2,House Account,1
Invoice,2026-02-24 00:00:00,245689,26049101,McKinstry Company:MCK-SEA06 Arbor Blocks,"PO Box 24406 Seattle, WA 98124 USA",Net 30,2026-03-26 00:00:00,98.06,House Account,1
Invoice,2026-02-24 00:00:00,244753-1,25357078,McKinstry Company:MCK-Block 38 TI,"PO Box 24406 Seattle, WA 98124 USA",Net 30,2026-03-26 00:00:00,772,House Account,1
Invoice,2026-02-24 00:00:00,245611,25357078,McKinstry Company:MCK-Block 38 TI,"PO Box 24406 Seattle, WA 98124 USA",Net 30,2026-03-26 00:00:00,488.18,House Account,1
Invoice,2026-02-24 00:00:00,245435,183642,PSF Mechanical:PSF-Small Projects,"PO Box 84046 Seattle, WA 98124 USA",Net 30,2026-03-26 00:00:00,4070,House Account,1
Invoice,2026-02-24 00:00:00,245822,694595,"MacDonald-Miller Facility Solutions, Inc.:MAC-Special Projects","PO Box 47983 Seattle, WA 98146 USA",Net 30,2026-03-26 00:00:00,145,House Account,1
Invoice,2026-02-24 00:00:00,244581-2,25-696-RM,Enviromech:Enviromech - Special Projects,"430 SW 153rd St Burien, WA 98166 USA",Net 30,2026-03-26 00:00:00,890,House Account,1
Invoice,2026-02-24 00:00:00,245912,695351,"MacDonald-Miller Facility Solutions, Inc.:MAC-Special Projects","PO Box 47983 Seattle, WA 98146 USA",Net 30,2026-03-26 00:00:00,875,House Account,1
Invoice,2026-02-24 00:00:00,245918,695388,"MacDonald-Miller Facility Solutions, Inc.:MAC-Special Projects","PO Box 47983 Seattle, WA 98146 USA",Net 30,2026-03-26 00:00:00,450.01,House Account,1
Invoice,2026-02-25 00:00:00,245856,305996,Vital Mechanical Service:Vit-Vital Mechanical Special Projects,"1420 Maple Ave SW Renton, WA 98057 USA",Net 30,2026-03-27 00:00:00,336.01,House Account,1
Invoice,2026-02-25 00:00:00,245900,26056061,McKinstry Company:McK-Special Projects,"PO Box 24406 Seattle, WA 98124 USA",Net 30,2026-03-27 00:00:00,174.3,House Account,1
Invoice,2026-02-25 00:00:00,245740,26092,GB Systems:GB-Special Projects,"7202 NE 175Th St Kenmore, WA 98028 USA",Net 30,2026-03-27 00:00:00,116.39,House Account,1
Invoice,2026-02-25 00:00:00,245659,3230,Trimble Mechanical:TBM-Special Projects,"PO Box 2327 Buckley, WA 98321 USA",Net 30,2026-03-27 00:00:00,409.5,House Account,1
Invoice,2026-02-25 00:00:00,245732,3275,Trimble Mechanical:TBM-Special Projects,"PO Box 2327 Buckley, WA 98321 USA",Net 30,2026-03-27 00:00:00,265.15,House Account,1
Invoice,2026-02-25 00:00:00,245731,694125,"MacDonald-Miller Facility Solutions, Inc.:MAC-Special Projects","PO Box 47983 Seattle, WA 98146 USA",Net 30,2026-03-27 00:00:00,325.58,House Account,1
Invoice,2026-02-25 00:00:00,245715-1,Coral Foods,Uptown Mechanical:Uptown - Special Projects,"2223 202nd St S W Lynnwood, WA 98036 USA",Net 30,2026-03-27 00:00:00,158.56,House Account,1
Invoice,2026-02-25 00:00:00,245715,Coral Foods,Uptown Mechanical:Uptown - Special Projects,"2223 202nd St S W Lynnwood, WA 98036 USA",Net 30,2026-03-27 00:00:00,600.82,House Account,1
Invoice,2026-02-25 00:00:00,245714-1,694051,"MacDonald-Miller Facility Solutions, Inc.:MAC-Special Projects","PO Box 47983 Seattle, WA 98146 USA",Net 30,2026-03-27 00:00:00,79.6,House Account,1
Invoice,2026-02-25 00:00:00,245714,694051,"MacDonald-Miller Facility Solutions, Inc.:MAC-Special Projects","PO Box 47983 Seattle, WA 98146 USA",Net 30,2026-03-27 00:00:00,23.6,House Account,1
Invoice,2026-02-25 00:00:00,245459-1,54394-9926,United Systems Mechanical Inc:USM-Small Projects,"1400 Airport Way S, Suite 202 Seattle, WA 98134",Net 30,2026-03-27 00:00:00,1656.44,House Account,1
Invoice,2026-02-25 00:00:00,245671,693889,"MacDonald-Miller Facility Solutions, Inc.:MAC-Special Projects","PO Box 47983 Seattle, WA 98146 USA",Net 30,2026-03-27 00:00:00,1220,House Account,1
Invoice,2026-02-25 00:00:00,245703,3265,Trimble Mechanical:TBM-Special Projects,"PO Box 2327 Buckley, WA 98321 USA",Net 30,2026-03-27 00:00:00,181.34,House Account,1
Invoice,2026-02-25 00:00:00,245620,3262,Trimble Mechanical:TBM-Special Projects,"PO Box 2327 Buckley, WA 98321 USA",Net 30,2026-03-27 00:00:00,440,House Account,1
Invoice,2026-02-25 00:00:00,245459-2,54394-9926,United Systems Mechanical Inc:USM-Small Projects,"1400 Airport Way S, Suite 202 Seattle, WA 98134",Net 30,2026-03-27 00:00:00,700,House Account,1
Invoice,2026-02-25 00:00:00,245786,694315,"MacDonald-Miller Facility Solutions, Inc.:MAC-Special Projects","PO Box 47983 Seattle, WA 98146 USA",Net 30,2026-03-27 00:00:00,618.89,,
Invoice,2026-02-25 00:00:00,245776,305926,Vital Mechanical Service:Vit-Vital Mechanical Special Projects,"1420 Maple Ave SW Renton, WA 98057 USA",Net 30,2026-03-27 00:00:00,133.56,,
Invoice,2026-02-25 00:00:00,245768,694256,"MacDonald-Miller Facility Solutions, Inc.:MAC-Special Projects","PO Box 47983 Seattle, WA 98146 USA",Net 30,2026-03-27 00:00:00,106.96,House Account,1
Invoice,2026-02-25 00:00:00,245783,694301,"MacDonald-Miller Facility Solutions, Inc.:MAC-Special Projects","PO Box 47983 Seattle, WA 98146 USA",Net 30,2026-03-27 00:00:00,9.88,House Account,1
Invoice,2026-02-25 00:00:00,245782,694298,"MacDonald-Miller Facility Solutions, Inc.:MAC-Special Projects","PO Box 47983 Seattle, WA 98146 USA",Net 30,2026-03-27 00:00:00,213.4,House Account,1
Invoice,2026-02-25 00:00:00,245780,SJB-V509,Vet First Mechanical:VET-Small Projects,"1801 E Valley Hwy Kent, WA 98032 USA",Net 30,2026-03-27 00:00:00,310.8,,
Invoice,2026-02-25 00:00:00,245781,SJB V-516,Vet First Mechanical:VET-Small Projects,"1801 E Valley Hwy Kent, WA 98032 USA",Net 30,2026-03-27 00:00:00,275.49,House Account,1
Invoice,2026-02-25 00:00:00,245848,26055168,McKinstry Company:McK-Special Projects,"PO Box 24406 Seattle, WA 98124 USA",Net 30,2026-03-27 00:00:00,859.2,House Account,1
Invoice,2026-02-25 00:00:00,245880,2604627025,McKinstry Company:McK-Special Projects,"PO Box 24406 Seattle, WA 98124 USA",Net 30,2026-03-27 00:00:00,34.1,House Account,1
Invoice,2026-02-25 00:00:00,245867,101728-230092,Rainier Metal Works:Rainier Metal Works-Special Projects,"9322 14th Ave South Seattle, WA 98108 USA",Net 30,2026-03-27 00:00:00,272.25,House Account,1
Invoice,2026-02-25 00:00:00,245873,3284,Trimble Mechanical:TBM-Special Projects,"PO Box 2327 Buckley, WA 98321 USA",Net 30,2026-03-27 00:00:00,73.32,House Account,1
Invoice,2026-02-25 00:00:00,245743,694519,"MacDonald-Miller Facility Solutions, Inc.:MAC-Special Projects","PO Box 47983 Seattle, WA 98146 USA",Net 30,2026-03-27 00:00:00,632.49,House Account,1
Invoice,2026-02-25 00:00:00,245335,692480,"MacDonald-Miller Facility Solutions, Inc.:MAC-Special Projects","PO Box 47983 Seattle, WA 98146 USA",Net 30,2026-03-27 00:00:00,25.03,House Account,1
Invoice,2026-02-25 00:00:00,245854,26099,GB Systems:GB-Special Projects,"7202 NE 175Th St Kenmore, WA 98028 USA",Net 30,2026-03-27 00:00:00,16.78,House Account,1
Invoice,2026-02-25 00:00:00,245849,60940811,Acco Engineered Systems (401856):ACC-ACCO Small Projects (401856),"C/o Dorse & Company 5000 1st Ave S Seattle, WA 98134",Net 30,2026-03-27 00:00:00,29.3,House Account,1
Invoice,2026-02-25 00:00:00,245957,2926-1585-0224,PSF Mechanical:PSF-Small Projects,"PO Box 84046 Seattle, WA 98124 USA",Net 30,2026-03-27 00:00:00,308.28,House Account,1
Invoice,2026-02-25 00:00:00,245955,695655,"MacDonald-Miller Facility Solutions, Inc.:MAC-Special Projects","PO Box 47983 Seattle, WA 98146 USA",Net 30,2026-03-27 00:00:00,198.38,House Account,1
Invoice,2026-02-25 00:00:00,245946,Tukwila 1,Diamond Construction Services LLC:Diamond Construction - Special Project,"35420 Military Rd S Auburn, WA 98001 USA",Net 30,2026-03-27 00:00:00,171.86,House Account,1
Invoice,2026-02-25 00:00:00,245883,305968,Vital Mechanical Service:Vit-Vital Mechanical Special Projects,"1420 Maple Ave SW Renton, WA 98057 USA",Net 30,2026-03-27 00:00:00,216.83,House Account,1
Invoice,2026-02-25 00:00:00,245883-1,305968,Vital Mechanical Service:Vit-Vital Mechanical Special Projects,"1420 Maple Ave SW Renton, WA 98057 USA",Net 30,2026-03-27 00:00:00,32.12,House Account,1
Invoice,2026-02-25 00:00:00,245903,695441,"MacDonald-Miller Facility Solutions, Inc.:MAC-Special Projects","PO Box 47983 Seattle, WA 98146 USA",Net 30,2026-03-27 00:00:00,162.93,House Account,1
Invoice,2026-02-25 00:00:00,245903-1,695441,"MacDonald-Miller Facility Solutions, Inc.:MAC-Special Projects","PO Box 47983 Seattle, WA 98146 USA",Net 30,2026-03-27 00:00:00,21.94,House Account,1
Invoice,2026-02-25 00:00:00,245901,60940745,Acco Engineered Systems (401856):ACC-ACCO Small Projects (401856),"C/o Dorse & Company 5000 1st Ave S Seattle, WA 98134",Net 30,2026-03-27 00:00:00,266.85,House Account,1
Invoice,2026-02-26 00:00:00,245922,25357078,McKinstry Company:MCK-Block 38 TI,"PO Box 24406 Seattle, WA 98124 USA",Net 30,2026-03-28 00:00:00,660,House Account,1
Invoice,2026-02-27 00:00:00,245552,696278,"MacDonald-Miller Facility Solutions, Inc.:MAC-Special Projects","PO Box 47983 Seattle, WA 98146 USA",Net 30,2026-03-29 00:00:00,215.81,House Account,1
Invoice,2026-02-27 00:00:00,245731-1,694125,"MacDonald-Miller Facility Solutions, Inc.:MAC-Special Projects","PO Box 47983 Seattle, WA 98146 USA",Net 30,2026-03-29 00:00:00,56,House Account,1
Invoice,2026-02-27 00:00:00,245910,695435,"MacDonald-Miller Facility Solutions, Inc.:MAC-Special Projects","PO Box 47983 Seattle, WA 98146 USA",Net 30,2026-03-29 00:00:00,71.76,House Account,1
Invoice,2026-02-27 00:00:00,245999,695854,"MacDonald-Miller Facility Solutions, Inc.:MAC-1201 3rd Avenue","PO Box 47983 Seattle, WA 98146 USA",Net 30,2026-03-29 00:00:00,703,House Account,1
Invoice,2026-02-27 00:00:00,246001-1,306029,Vital Mechanical Service:Vit-Vital Mechanical Special Projects,"1420 Maple Ave SW Renton, WA 98057 USA",Net 30,2026-03-29 00:00:00,45.48,House Account,1
Invoice,2026-02-27 00:00:00,246001,306029,Vital Mechanical Service:Vit-Vital Mechanical Special Projects,"1420 Maple Ave SW Renton, WA 98057 USA",Net 30,2026-03-29 00:00:00,231.24,House Account,1
Invoice,2026-02-27 00:00:00,246009,26056136,McKinstry Company:MCK-SEA06 Arbor Blocks,"PO Box 24406 Seattle, WA 98124 USA",Net 30,2026-03-29 00:00:00,31.86,House Account,1
Invoice,2026-02-27 00:00:00,246107,25344120,McKinstry Company:McK-Special Projects,"PO Box 24406 Seattle, WA 98124 USA",Net 30,2026-03-29 00:00:00,27,House Account,1
Invoice,2026-02-27 00:00:00,246012,696186,"MacDonald-Miller Facility Solutions, Inc.:MAC-Special Projects","PO Box 47983 Seattle, WA 98146 USA",Net 30,2026-03-29 00:00:00,135.4,House Account,1
Invoice,2026-02-27 00:00:00,246095,696188,"MacDonald-Miller Facility Solutions, Inc.:MAC-Special Projects","PO Box 47983 Seattle, WA 98146 USA",Net 30,2026-03-29 00:00:00,84.45,House Account,1
Invoice,2026-02-27 00:00:00,246072,25027075,McKinstry Company:McK-Special Projects,"PO Box 24406 Seattle, WA 98124 USA",Net 30,2026-03-29 00:00:00,7900,House Account,1
Invoice,2026-02-27 00:00:00,246040,696042,"MacDonald-Miller Facility Solutions, Inc.:MAC-Special Projects","PO Box 47983 Seattle, WA 98146 USA",Net 30,2026-03-29 00:00:00,228,House Account,1
Invoice,2026-02-27 00:00:00,245995,2333-2720,Ocean Park Mechanical Inc:OCE-1200 Stewart,"2428 King George Boulevard Surrey, BC V4P 1H5 CANADA",Net 30,2026-03-29 00:00:00,1247.95,,
Invoice,2026-02-27 00:00:00,245994,695815,"MacDonald-Miller Facility Solutions, Inc.:MAC-Special Projects","PO Box 47983 Seattle, WA 98146 USA",Net 30,2026-03-29 00:00:00,1011.33,House Account,1
Invoice,2026-02-27 00:00:00,245954,26055156,McKinstry Company:MCK-SEA06 Arbor Blocks,"PO Box 24406 Seattle, WA 98124 USA",Net 30,2026-03-29 00:00:00,933.2,House Account,1
Invoice,2026-02-27 00:00:00,245933,25357078,McKinstry Company:MCK-Block 38 TI,"PO Box 24406 Seattle, WA 98124 USA",Net 30,2026-03-29 00:00:00,743.92,House Account,1
Invoice,2026-02-27 00:00:00,245814-1,694522,"MacDonald-Miller Facility Solutions, Inc.:MAC-Special Projects","PO Box 47983 Seattle, WA 98146 USA",Net 30,2026-03-29 00:00:00,163.02,House Account,1
Invoice,2026-02-27 00:00:00,244964,54427-9932,United Systems Mechanical Inc:USM-Small Projects,"1400 Airport Way S, Suite 202 Seattle, WA 98134",Net 30,2026-03-29 00:00:00,56.23,House Account,1
Invoice,2026-02-27 00:00:00,244964-1,54427-9932,United Systems Mechanical Inc:USM-Small Projects,"1400 Airport Way S, Suite 202 Seattle, WA 98134",Net 30,2026-03-29 00:00:00,1204.98,House Account,1
Invoice,2026-02-27 00:00:00,244964-2,54427-9932,United Systems Mechanical Inc:USM-Small Projects,"1400 Airport Way S, Suite 202 Seattle, WA 98134",Net 30,2026-03-29 00:00:00,171.86,House Account,1
Invoice,2026-02-27 00:00:00,246037,54426-9908,United Systems Mechanical Inc:USM-Small Projects,"1400 Airport Way S, Suite 202 Seattle, WA 98134",Net 30,2026-03-29 00:00:00,90,House Account,1
Invoice,2026-02-27 00:00:00,245113,54429-9926,United Systems Mechanical Inc:USM-Small Projects,"1400 Airport Way S, Suite 202 Seattle, WA 98134",Net 30,2026-03-29 00:00:00,81.17,House Account,1
Invoice,2026-02-27 00:00:00,245113-1,54429-9926,United Systems Mechanical Inc:USM-Small Projects,"1400 Airport Way S, Suite 202 Seattle, WA 98134",Net 30,2026-03-29 00:00:00,18.56,House Account,1
Invoice,2026-02-27 00:00:00,245113-2,54429-9926,United Systems Mechanical Inc:USM-Small Projects,"1400 Airport Way S, Suite 202 Seattle, WA 98134",Net 30,2026-03-29 00:00:00,568.7,House Account,1
Invoice,2026-02-27 00:00:00,245113-3,54429-9926,United Systems Mechanical Inc:USM-Small Projects,"1400 Airport Way S, Suite 202 Seattle, WA 98134",Net 30,2026-03-29 00:00:00,57.73,House Account,1
Invoice,2026-02-27 00:00:00,245113-4,54429-9926,United Systems Mechanical Inc:USM-Small Projects,"1400 Airport Way S, Suite 202 Seattle, WA 98134",Net 30,2026-03-29 00:00:00,82.55,,
Invoice,2026-02-27 00:00:00,245113-5,54429-9926,United Systems Mechanical Inc:USM-Small Projects,"1400 Airport Way S, Suite 202 Seattle, WA 98134",Net 30,2026-03-29 00:00:00,227.54,,
Invoice,2026-02-27 00:00:00,245174,54430-9862,United Systems Mechanical Inc:USM-Small Projects,"1400 Airport Way S, Suite 202 Seattle, WA 98134",Net 30,2026-03-29 00:00:00,82.47,House Account,1
Invoice,2026-02-27 00:00:00,245937,2201-2725,Ocean Park Mechanical Inc:OCE-Seattle House Apartments,"2428 King George Hwy  Suite102 Surrey, BC V4P 1H5 CANADA",Net 30,2026-03-29 00:00:00,694.14,House Account,1
Invoice,2026-02-27 00:00:00,246129,696052,"MacDonald-Miller Facility Solutions, Inc.:MAC-Special Projects","PO Box 47983 Seattle, WA 98146 USA",Net 30,2026-03-29 00:00:00,1139,House Account,1
Invoice,2026-02-27 00:00:00,246172,26058064,McKinstry Company:McK-Special Projects,"PO Box 24406 Seattle, WA 98124 USA",Net 30,2026-03-29 00:00:00,98.74,House Account,1
Invoice,2026-02-27 00:00:00,246136,3300,Trimble Mechanical:TBM-Special Projects,"PO Box 2327 Buckley, WA 98321 USA",Net 30,2026-03-29 00:00:00,154.1,House Account,1
Invoice,2026-02-27 00:00:00,246130,24347107,McKinstry Company:MCK-Project Tetris,"PO Box 24406 Seattle, WA 98124 USA",Net 30,2026-03-29 00:00:00,217.8,House Account,1
Invoice,2026-02-27 00:00:00,246103,26058093,McKinstry Company:McK-Special Projects,"PO Box 24406 Seattle, WA 98124 USA",Net 30,2026-03-29 00:00:00,78.74,House Account,1
Invoice,2026-02-27 00:00:00,245727-1,25357078,McKinstry Company:MCK-Block 38 TI,"PO Box 24406 Seattle, WA 98124 USA",Net 30,2026-03-29 00:00:00,512,House Account,1
Invoice,2026-02-27 00:00:00,245727,25357078,McKinstry Company:MCK-Block 38 TI,"PO Box 24406 Seattle, WA 98124 USA",Net 30,2026-03-29 00:00:00,1169.02,House Account,1
Credit Memo,2026-02-27 00:00:00,246186,,Counter Sale,"5000 1st Ave S Seattle, WA 98134",Immediate,2026-02-27 00:00:00,-1708.44,House Account,1
Invoice,2026-02-27 00:00:00,245982,,City of Bellevue,"2901 115th Ave NE Bellevue, WA 98004 USA",Net 30,2026-03-29 00:00:00,419.46,House Account,1
Invoice,2026-02-27 00:00:00,246071,696155,"MacDonald-Miller Facility Solutions, Inc.:MAC-Special Projects","PO Box 47983 Seattle, WA 98146 USA",Net 30,2026-03-29 00:00:00,125,House Account,1
Invoice,2026-02-27 00:00:00,244113,PO 10657,"Pacific Air Control, Inc:Pacific Air Control, Inc. GOF","1916 220th St SE, Suite M101 Bothell, WA 98021 USA",Net 30,2026-03-29 00:00:00,3450,House Account,1
Invoice,2025-12-30 00:00:00,242124,183043,PSF Mechanical:PSF-Small Projects,"PO Box 84046 Seattle, WA 98124 USA",Net 30,2026-01-29 00:00:00,600,House Account,1
Invoice,2025-12-31 00:00:00,243169,3082,Trimble Mechanical:TBM-Special Projects,"PO Box 2327 Buckley, WA 98321 USA",Net 30,2026-01-30 00:00:00,349,House Account,1
Invoice,2025-12-31 00:00:00,243506,2333-2720,Ocean Park Mechanical Inc:OCE-1200 Stewart,"2428 King George Boulevard Surrey, BC V4P 1H5 CANADA",Net 30,2026-01-30 00:00:00,939.12,House Account,1
Invoice,2025-12-31 00:00:00,243450-1,3012,Trimble Mechanical:TBM-Special Projects,"PO Box 2327 Buckley, WA 98321 USA",Net 30,2026-01-30 00:00:00,33.09,House Account,1
Invoice,2025-12-31 00:00:00,243450,3012,Trimble Mechanical:TBM-Special Projects,"PO Box 2327 Buckley, WA 98321 USA",Net 30,2026-01-30 00:00:00,551.27,House Account,1
Invoice,2025-12-31 00:00:00,243473,2515-2720,Ocean Park Mechanical Inc:OCE-Special Projects,"2428 King George Hwy  Suite102 Surrey, BC V4P 1H5 CANADA",Net 30,2026-01-30 00:00:00,14.33,House Account,1
Invoice,2025-12-31 00:00:00,243537-1,2201,Ocean Park Mechanical Inc:OCE-Seattle House Apartments,"2428 King George Hwy  Suite102 Surrey, BC V4P 1H5 CANADA",Net 30,2026-01-30 00:00:00,224.75,House Account,1
Invoice,2025-12-31 00:00:00,243546,684420,"MacDonald-Miller Facility Solutions, Inc.:MAC-Special Projects","PO Box 47983 Seattle, WA 98146 USA",Net 30,2026-01-30 00:00:00,352.54,House Account,1
Invoice,2025-12-31 00:00:00,243594,2820,Trimble Mechanical:TBM-Special Projects,"PO Box 2327 Buckley, WA 98321 USA",Net 30,2026-01-30 00:00:00,246.04,House Account,1
Invoice,2025-12-31 00:00:00,239257,2772,Trimble Mechanical:TBM-Special Projects,"PO Box 2327 Buckley, WA 98321 USA",Net 30,2026-01-30 00:00:00,83.3,House Account,1
Invoice,2026-01-05 00:00:00,242616,3032,Trimble Mechanical:TBM-Special Projects,"PO Box 2327 Buckley, WA 98321 USA",Net 30,2026-02-04 00:00:00,12976.18,House Account,1
Invoice,2026-01-07 00:00:00,243712,2187,Direct Mechanical Contractors:DIR-Habit Burger #547,"PO Box 872472 Vancouver, WA 98687 USA",Net 30,2026-02-06 00:00:00,49.7,House Account,1
Invoice,2026-01-07 00:00:00,242831-1,680687,"MacDonald-Miller Facility Solutions, Inc.:MAC-Special Projects","PO Box 47983 Seattle, WA 98146 USA",Net 30,2026-02-06 00:00:00,650,House Account,1
Invoice,2026-01-07 00:00:00,243668,305156,Vital Mechanical Service:Vit-Vital Mechanical Special Projects,"1420 Maple Ave SW Renton, WA 98057 USA",Net 30,2026-02-06 00:00:00,1088.1,House Account,1
Invoice,2026-01-07 00:00:00,243652,684961,"MacDonald-Miller Facility Solutions, Inc.:MAC-Swedish Medical Center First Hill","PO Box 47983 Seattle, WA 98146",Net 30,2026-02-06 00:00:00,184.75,House Account,1
Invoice,2026-01-07 00:00:00,243770,685445,"MacDonald-Miller Facility Solutions, Inc.:MAC-Special Projects","PO Box 47983 Seattle, WA 98146 USA",Net 30,2026-02-06 00:00:00,629.99,House Account,1
Invoice,2026-01-08 00:00:00,243700,Crash Champions,K & D Mechanical Inc:K & D Mechanical GOF,"33530 1st Way S, Suite 102 Federal Way, WA 98003 USA",Net 30,2026-02-07 00:00:00,725,House Account,1
Invoice,2026-01-08 00:00:00,243832,685689,"MacDonald-Miller Facility Solutions, Inc.:MAC-Special Projects","PO Box 47983 Seattle, WA 98146 USA",Net 30,2026-02-07 00:00:00,404.99,House Account,1
Invoice,2026-01-09 00:00:00,243627,684408,"MacDonald-Miller Facility Solutions, Inc.:MAC-Special Projects","PO Box 47983 Seattle, WA 98146 USA",Net 30,2026-02-08 00:00:00,250,House Account,1
Invoice,2026-01-09 00:00:00,243757,3020,Trimble Mechanical:TBM-Special Projects,"PO Box 2327 Buckley, WA 98321 USA",Net 30,2026-02-08 00:00:00,441,House Account,1
Invoice,2026-01-09 00:00:00,243738,2333-2720,Ocean Park Mechanical Inc:OCE-1200 Stewart,"2428 King George Boulevard Surrey, BC V4P 1H5 CANADA",Net 30,2026-02-08 00:00:00,132,House Account,1
Invoice,2026-01-09 00:00:00,243348,683336,"MacDonald-Miller Facility Solutions, Inc.:MAC-Special Projects","PO Box 47983 Seattle, WA 98146 USA",Net 30,2026-02-08 00:00:00,1965.01,House Account,1
Invoice,2026-01-09 00:00:00,243803,685514,"MacDonald-Miller Facility Solutions, Inc.:MAC-Special Projects","PO Box 47983 Seattle, WA 98146 USA",Net 30,2026-02-08 00:00:00,359.71,House Account,1
Invoice,2026-01-09 00:00:00,243740,685405,"MacDonald-Miller Facility Solutions, Inc.:MAC-Special Projects","PO Box 47983 Seattle, WA 98146 USA",Net 30,2026-02-08 00:00:00,97.1,House Account,1
Invoice,2026-01-09 00:00:00,243795-1,2515-2720,Ocean Park Mechanical Inc:OCE-Special Projects,"2428 King George Hwy  Suite102 Surrey, BC V4P 1H5 CANADA",Net 30,2026-02-08 00:00:00,91.42,House Account,1
Invoice,2026-01-09 00:00:00,243795,2515-2720,Ocean Park Mechanical Inc:OCE-Special Projects,"2428 King George Hwy  Suite102 Surrey, BC V4P 1H5 CANADA",Net 30,2026-02-08 00:00:00,434.28,House Account,1
Invoice,2026-01-09 00:00:00,243668-1,305156,Vital Mechanical Service:Vit-Vital Mechanical Special Projects,"1420 Maple Ave SW Renton, WA 98057 USA",Net 30,2026-02-08 00:00:00,410.72,House Account,1
Invoice,2026-01-09 00:00:00,243753,685318,"MacDonald-Miller Facility Solutions, Inc.:MAC-Special Projects","PO Box 47983 Seattle, WA 98146 USA",Net 30,2026-02-08 00:00:00,873.77,House Account,1
Invoice,2026-01-09 00:00:00,243573,305111,Vital Mechanical Service:Vit-Vital Mechanical Special Projects,"1420 Maple Ave SW Renton, WA 98057 USA",Net 30,2026-02-08 00:00:00,1409.53,House Account,1
Invoice,2026-01-09 00:00:00,243686,685034,"MacDonald-Miller Facility Solutions, Inc.:MAC-Special Projects","PO Box 47983 Seattle, WA 98146 USA",Net 30,2026-02-08 00:00:00,2098.79,House Account,1
Invoice,2026-01-09 00:00:00,243627-1,684408,"MacDonald-Miller Facility Solutions, Inc.:MAC-SpaceX","PO Box 47983 Seattle, WA 98146 USA",Net 30,2026-02-08 00:00:00,659,House Account,1
Invoice,2026-01-12 00:00:00,243851,PAWS,Trimble Mechanical:TBM-Special Projects,"PO Box 2327 Buckley, WA 98321 USA",Net 30,2026-02-11 00:00:00,1050,,
Invoice,2026-01-12 00:00:00,243835,685316,"MacDonald-Miller Facility Solutions, Inc.:MAC-Special Projects","PO Box 47983 Seattle, WA 98146 USA",Net 30,2026-02-11 00:00:00,275,House Account,1
Invoice,2026-01-12 00:00:00,243903,685719,"MacDonald-Miller Facility Solutions, Inc.:MAC-Special Projects","PO Box 47983 Seattle, WA 98146 USA",Net 30,2026-02-11 00:00:00,1512,House Account,1
Invoice,2026-01-13 00:00:00,239304,681994,"MacDonald-Miller Facility Solutions, Inc.:MAC-Special Projects","PO Box 47983 Seattle, WA 98146 USA",Net 30,2026-02-12 00:00:00,6400,House Account,1
Invoice,2026-01-13 00:00:00,243786,20193,Ocean Park Mechanical Inc:OCE-1200 Stewart,"2428 King George Boulevard Surrey, BC V4P 1H5 CANADA",Net 30,2026-02-12 00:00:00,3605,House Account,1
Invoice,2026-01-13 00:00:00,243810,26013184,McKinstry Company:McK-Special Projects,"PO Box 24406 Seattle, WA 98124 USA",Net 30,2026-02-12 00:00:00,252.34,House Account,1
Invoice,2026-01-13 00:00:00,243782,3102,Trimble Mechanical:TBM-Special Projects,"PO Box 2327 Buckley, WA 98321 USA",Net 30,2026-02-12 00:00:00,819.09,House Account,1
Invoice,2026-01-13 00:00:00,243811,685520,"MacDonald-Miller Facility Solutions, Inc.:MAC-Special Projects","PO Box 47983 Seattle, WA 98146 USA",Net 30,2026-02-12 00:00:00,932.47,House Account,1
Invoice,2026-01-13 00:00:00,243264,685669,"MacDonald-Miller Facility Solutions, Inc.:MAC-Special Projects","PO Box 47983 Seattle, WA 98146 USA",Net 30,2026-02-12 00:00:00,100.44,House Account,1
Invoice,2026-01-13 00:00:00,243739,685404,"MacDonald-Miller Facility Solutions, Inc.:MAC-SpaceX","PO Box 47983 Seattle, WA 98146 USA",Net 30,2026-02-12 00:00:00,372.02,House Account,1
Invoice,2026-01-13 00:00:00,243907,25027075,McKinstry Company:McK-Special Projects,"PO Box 24406 Seattle, WA 98124 USA",Net 30,2026-02-12 00:00:00,424.12,House Account,1
Invoice,2026-01-13 00:00:00,243908,25027075,McKinstry Company:McK-Special Projects,"PO Box 24406 Seattle, WA 98124 USA",Net 30,2026-02-12 00:00:00,994,House Account,1
Invoice,2026-01-13 00:00:00,243616,3115,Trimble Mechanical:TBM-Special Projects,"PO Box 2327 Buckley, WA 98321 USA",Net 30,2026-02-12 00:00:00,100.44,House Account,1
Invoice,2026-01-13 00:00:00,243875,685855,"MacDonald-Miller Facility Solutions, Inc.:MAC-Special Projects","PO Box 47983 Seattle, WA 98146 USA",Net 30,2026-02-12 00:00:00,197.64,House Account,1
Invoice,2026-01-16 00:00:00,243912,686019,"MacDonald-Miller Facility Solutions, Inc.:MAC-Special Projects","PO Box 47983 Seattle, WA 98146 USA",Net 30,2026-02-15 00:00:00,38.32,House Account,1
Invoice,2026-01-16 00:00:00,244032,S183419,PSF Mechanical:PSF-Small Projects,"PO Box 84046 Seattle, WA 98124 USA",Net 30,2026-02-15 00:00:00,595,House Account,1
Invoice,2026-01-16 00:00:00,243920,686001,"MacDonald-Miller Facility Solutions, Inc.:MAC-Special Projects","PO Box 47983 Seattle, WA 98146 USA",Net 30,2026-02-15 00:00:00,247.37,House Account,1
Invoice,2026-01-16 00:00:00,243960,3154,Trimble Mechanical:TBM-Special Projects,"PO Box 2327 Buckley, WA 98321 USA",Net 30,2026-02-15 00:00:00,964.52,House Account,1
Invoice,2026-01-16 00:00:00,243978,686285,"MacDonald-Miller Facility Solutions, Inc.:MAC-1201 3rd Avenue","PO Box 47983 Seattle, WA 98146 USA",Net 30,2026-02-15 00:00:00,203.72,House Account,1
Invoice,2026-01-16 00:00:00,243859,685782,"MacDonald-Miller Facility Solutions, Inc.:MAC-Special Projects","PO Box 47983 Seattle, WA 98146 USA",Net 30,2026-02-15 00:00:00,230.08,House Account,1
Invoice,2026-01-16 00:00:00,244037,686662,"MacDonald-Miller Facility Solutions, Inc.:MAC-Special Projects","PO Box 47983 Seattle, WA 98146 USA",Net 30,2026-02-15 00:00:00,39.78,House Account,1
Invoice,2026-01-16 00:00:00,244040,Seattle 20,Diamond Construction Services LLC:Diamond Construction - Special Project,"35420 Military Rd S Auburn, WA 98001 USA",Net 30,2026-02-15 00:00:00,29.38,House Account,1
Invoice,2026-01-16 00:00:00,244001,60940744,Acco Engineered Systems (401856):ACC-ACCO Small Projects (401856),"C/o Dorse & Company 5000 1st Ave S Seattle, WA 98134",Net 30,2026-02-15 00:00:00,13.22,House Account,1
Invoice,2026-01-16 00:00:00,244145,Puyullup 1 Unit Heaters,Diamond Construction Services LLC:Diamond Construction - Special Project,"35420 Military Rd S Auburn, WA 98001 USA",Net 30,2026-02-15 00:00:00,290.18,House Account,1
Invoice,2026-01-16 00:00:00,244077,686771,"MacDonald-Miller Facility Solutions, Inc.:MAC-Special Projects","PO Box 47983 Seattle, WA 98146 USA",Net 30,2026-02-15 00:00:00,511.68,House Account,1
Invoice,2026-01-16 00:00:00,244080,70870838,Acco Engineered Systems (401856):ACC-ACCO Small Projects (401856),"C/o Dorse & Company 5000 1st Ave S Seattle, WA 98134",Net 30,2026-02-15 00:00:00,101,House Account,1
Invoice,2026-01-16 00:00:00,244131,2245-2720,Ocean Park Mechanical Inc:OCE-Special Projects,"2428 King George Hwy  Suite102 Surrey, BC V4P 1H5 CANADA",Net 30,2026-02-15 00:00:00,624,House Account,1
Invoice,2026-01-16 00:00:00,244108-2,686919,"MacDonald-Miller Facility Solutions, Inc.:MAC-Special Projects","PO Box 47983 Seattle, WA 98146 USA",Net 30,2026-02-15 00:00:00,184.75,House Account,1
Invoice,2026-01-16 00:00:00,244108,686919,"MacDonald-Miller Facility Solutions, Inc.:MAC-Special Projects","PO Box 47983 Seattle, WA 98146 USA",Net 30,2026-02-15 00:00:00,372.12,House Account,1
Invoice,2026-01-16 00:00:00,244085,686787,"MacDonald-Miller Facility Solutions, Inc.:MAC-Special Projects","PO Box 47983 Seattle, WA 98146 USA",Net 30,2026-02-15 00:00:00,964.48,House Account,1
Invoice,2026-01-16 00:00:00,244037-2,686662,"MacDonald-Miller Facility Solutions, Inc.:MAC-Special Projects","PO Box 47983 Seattle, WA 98146 USA",Net 30,2026-02-15 00:00:00,2111.55,House Account,1
Invoice,2026-01-16 00:00:00,244087,686795,"MacDonald-Miller Facility Solutions, Inc.:MAC-Special Projects","PO Box 47983 Seattle, WA 98146 USA",Net 30,2026-02-15 00:00:00,606.83,House Account,1
Invoice,2026-01-16 00:00:00,244045,686670,"MacDonald-Miller Facility Solutions, Inc.:MAC-Special Projects","PO Box 47983 Seattle, WA 98146 USA",Net 30,2026-02-15 00:00:00,180.9,House Account,1
Invoice,2026-01-16 00:00:00,244054,F1185,Apollo Mechanical Contractors:APO-SeaTac Concourse C Expansion,"1207 W Columbia Dr Kennewick, WA 99336 USA",Net 30,2026-02-15 00:00:00,862.8,House Account,1
Invoice,2026-01-16 00:00:00,244011,686500,"MacDonald-Miller Facility Solutions, Inc.:MAC-Special Projects","PO Box 47983 Seattle, WA 98146 USA",Net 30,2026-02-15 00:00:00,803.24,House Account,1
Invoice,2026-01-16 00:00:00,243957,686278,"MacDonald-Miller Facility Solutions, Inc.:MAC-Special Projects","PO Box 47983 Seattle, WA 98146 USA",Net 30,2026-02-15 00:00:00,108,House Account,1
Invoice,2026-01-16 00:00:00,243792,686547,"MacDonald-Miller Facility Solutions, Inc.:MAC-Special Projects","PO Box 47983 Seattle, WA 98146 USA",Net 30,2026-02-15 00:00:00,772,House Account,1
Invoice,2026-01-16 00:00:00,243911,686020,"MacDonald-Miller Facility Solutions, Inc.:MAC-Special Projects","PO Box 47983 Seattle, WA 98146 USA",Net 30,2026-02-15 00:00:00,497.5,House Account,1
Invoice,2026-01-17 00:00:00,243712-1,2187,Direct Mechanical Contractors:DIR-Habit Burger #547,"PO Box 872472 Vancouver, WA 98687 USA",Net 30,2026-02-16 00:00:00,290,House Account,1
Invoice,2026-01-17 00:00:00,243553,2333-20092,Ocean Park Mechanical Inc:OCE-1200 Stewart,"2428 King George Boulevard Surrey, BC V4P 1H5 CANADA",Net 30,2026-02-16 00:00:00,5700,House Account,1
Invoice,2026-01-17 00:00:00,244273,687617,"MacDonald-Miller Facility Solutions, Inc.:MAC-Special Projects","PO Box 47983 Seattle, WA 98146 USA",Net 30,2026-02-16 00:00:00,929.99,House Account,1
Invoice,2026-01-17 00:00:00,244277,687617,"MacDonald-Miller Facility Solutions, Inc.:MAC-Special Projects","PO Box 47983 Seattle, WA 98146 USA",Net 30,2026-02-16 00:00:00,750,House Account,1
Invoice,2026-01-18 00:00:00,243628,2201,Ocean Park Mechanical Inc:OCE-Seattle House Apartments,"2428 King George Hwy  Suite102 Surrey, BC V4P 1H5 CANADA",Net 30,2026-02-17 00:00:00,645,House Account,1
Invoice,2026-01-19 00:00:00,244162,70870899,Acco Engineered Systems (401856):ACC-ACCO Small Projects (401856),"C/o Dorse & Company 5000 1st Ave S Seattle, WA 98134",Net 30,2026-02-18 00:00:00,62.72,House Account,1
Invoice,2026-01-19 00:00:00,244159,687071,"MacDonald-Miller Facility Solutions, Inc.:MAC-Special Projects","PO Box 47983 Seattle, WA 98146 USA",Net 30,2026-02-18 00:00:00,119.87,House Account,1
Invoice,2026-01-19 00:00:00,244267,687504,"MacDonald-Miller Facility Solutions, Inc.:MAC-Special Projects","PO Box 47983 Seattle, WA 98146 USA",Net 30,2026-02-18 00:00:00,68,House Account,1
Invoice,2026-01-19 00:00:00,244266,687503,"MacDonald-Miller Facility Solutions, Inc.:MAC-Special Projects","PO Box 47983 Seattle, WA 98146 USA",Net 30,2026-02-18 00:00:00,331.84,House Account,1
Invoice,2026-01-19 00:00:00,244201,2333-2720,Ocean Park Mechanical Inc:OCE-1200 Stewart,"2428 King George Boulevard Surrey, BC V4P 1H5 CANADA",Net 30,2026-02-18 00:00:00,465.12,House Account,1
Invoice,2026-01-19 00:00:00,243966,686012,"MacDonald-Miller Facility Solutions, Inc.:MAC-Special Projects","PO Box 47983 Seattle, WA 98146 USA",Net 30,2026-02-18 00:00:00,1558.24,House Account,1
Invoice,2026-01-20 00:00:00,244202,2333-2740,Ocean Park Mechanical Inc:OCE-1200 Stewart,"2428 King George Boulevard Surrey, BC V4P 1H5 CANADA",Net 30,2026-02-19 00:00:00,840,House Account,1
Invoice,2026-01-20 00:00:00,244347,305415,Vital Mechanical Service:Vit-Vital Mechanical Special Projects,"1420 Maple Ave SW Renton, WA 98057 USA",Net 30,2026-02-19 00:00:00,737.2,House Account,1
Invoice,2026-01-20 00:00:00,244023,686330,"MacDonald-Miller Facility Solutions, Inc.:MAC-Special Projects","PO Box 47983 Seattle, WA 98146 USA",Net 30,2026-02-19 00:00:00,2440.26,House Account,1
Invoice,2026-01-20 00:00:00,244250,687087,"MacDonald-Miller Facility Solutions, Inc.:MAC-Special Projects","PO Box 47983 Seattle, WA 98146 USA",Net 30,2026-02-19 00:00:00,1615,House Account,1
Invoice,2026-01-21 00:00:00,243885,183381,PSF Mechanical:PSF-Small Projects,"PO Box 84046 Seattle, WA 98124 USA",Net 30,2026-02-20 00:00:00,500,House Account,1
Invoice,2026-01-21 00:00:00,243476,60940774,Acco Engineered Systems (401856):ACC-ACCO Small Projects (401856),"C/o Dorse & Company 5000 1st Ave S Seattle, WA 98134",Net 30,2026-02-20 00:00:00,60,House Account,1
Invoice,2026-01-21 00:00:00,244373,687784,"MacDonald-Miller Facility Solutions, Inc.:MAC-Special Projects","PO Box 47983 Seattle, WA 98146 USA",Net 30,2026-02-20 00:00:00,575,House Account,1
Invoice,2026-01-21 00:00:00,244417,687844,"MacDonald-Miller Facility Solutions, Inc.:MAC-Special Projects","PO Box 47983 Seattle, WA 98146 USA",Net 30,2026-02-20 00:00:00,425,House Account,1
Invoice,2026-01-21 00:00:00,244307,687549,"MacDonald-Miller Facility Solutions, Inc.:MAC-Special Projects","PO Box 47983 Seattle, WA 98146 USA",Net 30,2026-02-20 00:00:00,825,House Account,1
Invoice,2026-01-22 00:00:00,244254,305394,Vital Mechanical Service:Vit-Vital Mechanical Special Projects,"1420 Maple Ave SW Renton, WA 98057 USA",Net 30,2026-02-21 00:00:00,294.85,House Account,1
Invoice,2026-01-22 00:00:00,244224,687341,"MacDonald-Miller Facility Solutions, Inc.:MAC-Special Projects","PO Box 47983 Seattle, WA 98146 USA",Net 30,2026-02-21 00:00:00,115.4,House Account,1
Invoice,2026-01-22 00:00:00,244406,687834,"MacDonald-Miller Facility Solutions, Inc.:MAC-Special Projects","PO Box 47983 Seattle, WA 98146 USA",Net 30,2026-02-21 00:00:00,186.09,House Account,1
Invoice,2026-01-22 00:00:00,244394,2201-2725,Ocean Park Mechanical Inc:OCE-Seattle House Apartments,"2428 King George Hwy  Suite102 Surrey, BC V4P 1H5 CANADA",Net 30,2026-02-21 00:00:00,159.81,House Account,1
Invoice,2026-01-22 00:00:00,244236,2201,Ocean Park Mechanical Inc:OCE-Seattle House Apartments,"2428 King George Hwy  Suite102 Surrey, BC V4P 1H5 CANADA",Net 30,2026-02-21 00:00:00,46,House Account,1
Invoice,2026-01-22 00:00:00,244381,305423,Vital Mechanical Service:Vit-Vital Mechanical Special Projects,"1420 Maple Ave SW Renton, WA 98057 USA",Net 30,2026-02-21 00:00:00,388.65,House Account,1
Invoice,2026-01-22 00:00:00,244215,687281,"MacDonald-Miller Facility Solutions, Inc.:MAC-Special Projects","PO Box 47983 Seattle, WA 98146 USA",Net 30,2026-02-21 00:00:00,519.5,House Account,1
Invoice,2026-01-22 00:00:00,243570,687130,"MacDonald-Miller Facility Solutions, Inc.:MAC-Special Projects","PO Box 47983 Seattle, WA 98146 USA",Net 30,2026-02-21 00:00:00,1532,House Account,1
Invoice,2026-01-22 00:00:00,244330,687573,"MacDonald-Miller Facility Solutions, Inc.:MAC-Special Projects","PO Box 47983 Seattle, WA 98146 USA",Net 30,2026-02-21 00:00:00,313.74,House Account,1
Invoice,2026-01-22 00:00:00,244336,687665,"MacDonald-Miller Facility Solutions, Inc.:MAC-SpaceX","PO Box 47983 Seattle, WA 98146 USA",Net 30,2026-02-21 00:00:00,868.07,House Account,1
Invoice,2026-01-22 00:00:00,243712-2,2187,Direct Mechanical Contractors:DIR-Habit Burger #547,"PO Box 872472 Vancouver, WA 98687 USA",Net 30,2026-02-21 00:00:00,716.67,House Account,1
Invoice,2026-01-22 00:00:00,244494,689134,"MacDonald-Miller Facility Solutions, Inc.:MAC-Special Projects","PO Box 47983 Seattle, WA 98146 USA",Net 30,2026-02-21 00:00:00,80.6,House Account,1
Invoice,2026-01-22 00:00:00,244252,686323,"MacDonald-Miller Facility Solutions, Inc.:MAC-Special Projects","PO Box 47983 Seattle, WA 98146 USA",Net 30,2026-02-21 00:00:00,1785,House Account,1
Invoice,2026-01-22 00:00:00,244303,687595,"MacDonald-Miller Facility Solutions, Inc.:MAC-SpaceX","PO Box 47983 Seattle, WA 98146 USA",Net 30,2026-02-21 00:00:00,1095,House Account,1
Invoice,2026-01-23 00:00:00,242458-2,25-484-RM,Enviromech:Enviromech - Special Projects,"430 SW 153rd St Burien, WA 98166 USA",Net 30,2026-02-22 00:00:00,7010,House Account,1
Invoice,2026-01-23 00:00:00,243628-1,2201,Ocean Park Mechanical Inc:OCE-Seattle House Apartments,"2428 King George Hwy  Suite102 Surrey, BC V4P 1H5 CANADA",Net 30,2026-02-22 00:00:00,4945,House Account,1
Invoice,2026-01-23 00:00:00,244490,688018,"MacDonald-Miller Facility Solutions, Inc.:MAC-Special Projects","PO Box 47983 Seattle, WA 98146 USA",Net 30,2026-02-22 00:00:00,850,House Account,1
Invoice,2026-01-23 00:00:00,244548-1,2025-27,DB Solutions:DB Solutions GOF,"2100 196th St SW #122 Lynnwood, WA 98036 USA",Net 30,2026-02-22 00:00:00,31.15,House Account,1
Invoice,2026-01-23 00:00:00,244548,2025-27,DB Solutions:DB Solutions GOF,"2100 196th St SW #122 Lynnwood, WA 98036 USA",Net 30,2026-02-22 00:00:00,111.52,House Account,1
Invoice,2026-01-23 00:00:00,244419,2820,Trimble Mechanical:TBM-Special Projects,"PO Box 2327 Buckley, WA 98321 USA",Net 30,2026-02-22 00:00:00,172.18,House Account,1
Invoice,2026-01-23 00:00:00,244458,688968,"MacDonald-Miller Facility Solutions, Inc.:MAC-Special Projects","PO Box 47983 Seattle, WA 98146 USA",Net 30,2026-02-22 00:00:00,484.66,House Account,1
Invoice,2026-01-23 00:00:00,244552,25-641,Enviromech:Enviromech - Special Projects,"430 SW 153rd St Burien, WA 98166 USA",Net 30,2026-02-22 00:00:00,267.3,House Account,1
Invoice,2026-01-23 00:00:00,242843,25-484,Enviromech:Enviromech - Special Projects,"430 SW 153rd St Burien, WA 98166 USA",Net 30,2026-02-22 00:00:00,109,House Account,1
Invoice,2026-01-23 00:00:00,244554,25-484,Enviromech:Enviromech - Special Projects,"430 SW 153rd St Burien, WA 98166 USA",Net 30,2026-02-22 00:00:00,68.74,House Account,1
Invoice,2026-01-23 00:00:00,244383,238651,Acco Engineered Systems (401856):ACC-ACCO Small Projects (401856),"C/o Dorse & Company 5000 1st Ave S Seattle, WA 98134",Net 30,2026-02-22 00:00:00,59.79,House Account,1
Invoice,2026-01-23 00:00:00,244409-1,3185,Trimble Mechanical:TBM-Special Projects,"PO Box 2327 Buckley, WA 98321 USA",Net 30,2026-02-22 00:00:00,120.7,House Account,1
Invoice,2026-01-23 00:00:00,244409,3185,Trimble Mechanical:TBM-Special Projects,"PO Box 2327 Buckley, WA 98321 USA",Net 30,2026-02-22 00:00:00,2190,,
Credit Memo,2026-01-23 00:00:00,244602,23655.0284,"JH Kelly, LLC:JHK-KC Metro","PO BOX 2038 Longview, WA 98632 USA",Net 30,2026-02-22 00:00:00,-1482.25,House Account,1
Invoice,2026-01-26 00:00:00,243712-3,2187,Direct Mechanical Contractors:DIR-Habit Burger #547,"PO Box 872472 Vancouver, WA 98687 USA",Net 30,2026-02-25 00:00:00,788.33,House Account,1
Invoice,2026-01-26 00:00:00,244575,689378,"MacDonald-Miller Facility Solutions, Inc.:MAC-Special Projects","PO Box 47983 Seattle, WA 98146 USA",Net 30,2026-02-25 00:00:00,425.08,,
Invoice,2026-01-26 00:00:00,244590,689389,"MacDonald-Miller Facility Solutions, Inc.:MAC-Special Projects","PO Box 47983 Seattle, WA 98146 USA",Net 30,2026-02-25 00:00:00,87.77,,
Invoice,2026-01-27 00:00:00,243636,684881,"MacDonald-Miller Facility Solutions, Inc.:MAC-Special Projects","PO Box 47983 Seattle, WA 98146 USA",Net 30,2026-02-26 00:00:00,874.98,House Account,1
Invoice,2026-01-27 00:00:00,243624,684815,"MacDonald-Miller Facility Solutions, Inc.:MAC-Special Projects","PO Box 47983 Seattle, WA 98146 USA",Net 30,2026-02-26 00:00:00,1102.56,House Account,1
Invoice,2026-01-27 00:00:00,243494-1,686215,"MacDonald-Miller Facility Solutions, Inc.:MAC-Special Projects","PO Box 47983 Seattle, WA 98146 USA",Net 30,2026-02-26 00:00:00,94.8,House Account,1
Invoice,2026-01-27 00:00:00,243494,686215,"MacDonald-Miller Facility Solutions, Inc.:MAC-Special Projects","PO Box 47983 Seattle, WA 98146 USA",Net 30,2026-02-26 00:00:00,13.52,House Account,1
Invoice,2026-01-27 00:00:00,243997,687068,"MacDonald-Miller Facility Solutions, Inc.:MAC-Special Projects","PO Box 47983 Seattle, WA 98146 USA",Net 30,2026-02-26 00:00:00,59.75,House Account,1
Invoice,2026-01-27 00:00:00,243476-1,60940774,Acco Engineered Systems (401856):ACC-ACCO Small Projects (401856),"C/o Dorse & Company 5000 1st Ave S Seattle, WA 98134",Net 30,2026-02-26 00:00:00,310,House Account,1
Invoice,2026-01-27 00:00:00,244647,26-6006,DB Solutions:DB Solutions GOF,"2100 196th St SW #122 Lynnwood, WA 98036 USA",Net 30,2026-02-26 00:00:00,243,House Account,1
Invoice,2026-01-27 00:00:00,244368,25-484,Enviromech:Enviromech - Special Projects,"430 SW 153rd St Burien, WA 98166 USA",Net 30,2026-02-26 00:00:00,712.5,House Account,1
Invoice,2026-01-27 00:00:00,244368-1,25-484,Enviromech:Enviromech - Special Projects,"430 SW 153rd St Burien, WA 98166 USA",Net 30,2026-02-26 00:00:00,712.5,House Account,1
Invoice,2026-01-27 00:00:00,244585,689391,"MacDonald-Miller Facility Solutions, Inc.:MAC-Special Projects","PO Box 47983 Seattle, WA 98146 USA",Net 30,2026-02-26 00:00:00,196.63,House Account,1
Invoice,2026-01-27 00:00:00,244562-1,Paid CC,Counter Sale,"5000 1st Ave S Seattle, WA 98134",Immediate,2026-01-27 00:00:00,334.97,House Account,1
Invoice,2026-01-28 00:00:00,243788,305227,Vital Mechanical Service:Vit-Vital Mechanical Special Projects,"1420 Maple Ave SW Renton, WA 98057 USA",Net 30,2026-02-27 00:00:00,251.78,House Account,1
Invoice,2026-01-28 00:00:00,243683,690005,"MacDonald-Miller Facility Solutions, Inc.:MAC-Special Projects","PO Box 47983 Seattle, WA 98146 USA",Net 30,2026-02-27 00:00:00,106.96,House Account,1
Invoice,2026-01-28 00:00:00,244337,690006,"MacDonald-Miller Facility Solutions, Inc.:MAC-Special Projects","PO Box 47983 Seattle, WA 98146 USA",Net 30,2026-02-27 00:00:00,228,House Account,1
Invoice,2026-01-28 00:00:00,244560,690027,"MacDonald-Miller Facility Solutions, Inc.:MAC-Special Projects","PO Box 47983 Seattle, WA 98146 USA",Net 30,2026-02-27 00:00:00,75.65,House Account,1
Invoice,2025-12-01 00:00:00,241693,19866,Ocean Park Mechanical Inc:OCE-Yesler Block South Tower,"2428 King George Hwy  Suite102 Surrey, BC V4P 1H5 CANADA",Net 30,2025-12-31 00:00:00,15705,House Account,1
Invoice,2025-12-03 00:00:00,242477,Puyallup 1,Diamond Construction Services LLC:Diamond Construction - Special Project,"35420 Military Rd S Auburn, WA 98001 USA",Net 30,2026-01-02 00:00:00,234.5,House Account,1
Invoice,2025-12-05 00:00:00,242544,2333-2725,Ocean Park Mechanical Inc:OCE-1200 Stewart,"2428 King George Boulevard Surrey, BC V4P 1H5 CANADA",Net 30,2026-01-04 00:00:00,1267.91,House Account,1
Invoice,2025-12-10 00:00:00,242624,2201-2740,Ocean Park Mechanical Inc:OCE-Seattle House Apartments,"2428 King George Hwy  Suite102 Surrey, BC V4P 1H5 CANADA",Net 30,2026-01-09 00:00:00,1330,House Account,1
Invoice,2025-12-12 00:00:00,242315,2511-2775,Ocean Park Mechanical Inc:OCE-Special Projects,"2428 King George Hwy  Suite102 Surrey, BC V4P 1H5 CANADA",Net 30,2026-01-11 00:00:00,960,House Account,1
Invoice,2025-12-16 00:00:00,242872,SeaTac Concourse C,Apollo Mechanical Contractors:APO-SeaTac Concourse C Expansion,"1207 W Columbia Dr Kennewick, WA 99336 USA",Net 30,2026-01-15 00:00:00,5514.9,House Account,1
Invoice,2025-12-17 00:00:00,242947-1,2201-2725,Ocean Park Mechanical Inc:OCE-Seattle House Apartments,"2428 King George Hwy  Suite102 Surrey, BC V4P 1H5 CANADA",Net 30,2026-01-16 00:00:00,16.96,House Account,1
Invoice,2025-12-17 00:00:00,242947,2201-2725,Ocean Park Mechanical Inc:OCE-Seattle House Apartments,"2428 King George Hwy  Suite102 Surrey, BC V4P 1H5 CANADA",Net 30,2026-01-16 00:00:00,1426.16,House Account,1
Invoice,2025-12-17 00:00:00,243005,2201-2725,Ocean Park Mechanical Inc:OCE-Seattle House Apartments,"2428 King George Hwy  Suite102 Surrey, BC V4P 1H5 CANADA",Net 30,2026-01-16 00:00:00,400.73,House Account,1
Invoice,2025-12-17 00:00:00,242939-1,2515-2720,Ocean Park Mechanical Inc:OCE-Special Projects,"2428 King George Hwy  Suite102 Surrey, BC V4P 1H5 CANADA",Net 30,2026-01-16 00:00:00,80,House Account,1
Invoice,2025-12-17 00:00:00,242939,2515-2720,Ocean Park Mechanical Inc:OCE-Special Projects,"2428 King George Hwy  Suite102 Surrey, BC V4P 1H5 CANADA",Net 30,2026-01-16 00:00:00,332.31,House Account,1
Invoice,2025-12-17 00:00:00,242970,2333-2720,Ocean Park Mechanical Inc:OCE-1200 Stewart,"2428 King George Boulevard Surrey, BC V4P 1H5 CANADA",Net 30,2026-01-16 00:00:00,1456.2,House Account,1
Invoice,2025-12-18 00:00:00,243072,2333-2720,Ocean Park Mechanical Inc:OCE-1200 Stewart,"2428 King George Boulevard Surrey, BC V4P 1H5 CANADA",Net 30,2026-01-17 00:00:00,411.04,House Account,1
Invoice,2025-12-18 00:00:00,243117,2201-2725,Ocean Park Mechanical Inc:OCE-Seattle House Apartments,"2428 King George Hwy  Suite102 Surrey, BC V4P 1H5 CANADA",Net 30,2026-01-17 00:00:00,1644.43,House Account,1
Invoice,2025-12-22 00:00:00,243281,2245-2720,Ocean Park Mechanical Inc:OCE-Special Projects,"2428 King George Hwy  Suite102 Surrey, BC V4P 1H5 CANADA",Net 30,2026-01-21 00:00:00,93.2,House Account,1
Invoice,2025-12-22 00:00:00,243281-1,2245-2720,Ocean Park Mechanical Inc:OCE-Special Projects,"2428 King George Hwy  Suite102 Surrey, BC V4P 1H5 CANADA",Net 30,2026-01-21 00:00:00,261.83,House Account,1
Invoice,2025-12-22 00:00:00,243281-2,2245-2720,Ocean Park Mechanical Inc:OCE-Special Projects,"2428 King George Hwy  Suite102 Surrey, BC V4P 1H5 CANADA",Net 30,2026-01-21 00:00:00,1173.92,House Account,1
Invoice,2025-12-22 00:00:00,243235,2918-1165-1217,PSF Mechanical:PSF-Small Projects,"PO Box 84046 Seattle, WA 98124 USA",Net 30,2026-01-21 00:00:00,300.42,House Account,1
Invoice,2025-12-23 00:00:00,243393-1,HEK,Diamond Construction Services LLC:Diamond Construction - Special Project,"35420 Military Rd S Auburn, WA 98001 USA",Net 30,2026-01-22 00:00:00,24.08,House Account,1
Invoice,2025-12-23 00:00:00,243393,HEK,Diamond Construction Services LLC:Diamond Construction - Special Project,"35420 Military Rd S Auburn, WA 98001 USA",Net 30,2026-01-22 00:00:00,36.69,House Account,1
Invoice,2025-12-23 00:00:00,243384,2333-0181,Ocean Park Mechanical Inc:OCE-1200 Stewart,"2428 King George Boulevard Surrey, BC V4P 1H5 CANADA",Net 30,2026-01-22 00:00:00,194.22,,
Invoice,2025-12-23 00:00:00,243361,2918-1165-1222,PSF Mechanical:PSF-Small Projects,"PO Box 84046 Seattle, WA 98124 USA",Net 30,2026-01-22 00:00:00,211.27,House Account,1
Invoice,2025-12-29 00:00:00,243403,20075,Ocean Park Mechanical Inc:OCE-Special Projects,"2428 King George Hwy  Suite102 Surrey, BC V4P 1H5 CANADA",Net 30,2026-01-28 00:00:00,1464,House Account,1
Invoice,2025-12-29 00:00:00,243418-1,260756,Acco Engineered Systems (401856):ACC-ACCO Small Projects (401856),"C/o Dorse & Company 5000 1st Ave S Seattle, WA 98134",Net 30,2026-01-28 00:00:00,79.76,House Account,1
Invoice,2025-12-29 00:00:00,243436,Hotel #2,"Air 1 Heating, Inc:Air 1 - Special Projects","1402 Lake Tapps Pkwy SE  #104-120 Auburn, WA 98092 USA",Net 30,2026-01-28 00:00:00,336,House Account,1
Invoice,2025-12-29 00:00:00,243428,3083,Trimble Mechanical:TBM-Special Projects,"PO Box 2327 Buckley, WA 98321 USA",Net 30,2026-01-28 00:00:00,88.61,House Account,1
Invoice,2023-09-27 00:00:00,207759,Holiday inn express - Lac,Counter Sale,"5000 1st Ave S Seattle, WA 98134",Immediate,2023-09-27 00:00:00,3.26,House Account,1
Invoice,2023-10-05 00:00:00,208298,Sound Transit,Counter Sale,"5000 1st Ave S Seattle, WA 98134",Immediate,2023-10-05 00:00:00,0.01,House Account,1
Invoice,2023-10-11 00:00:00,208286,,Counter Sale,"5000 1st Ave S Seattle, WA 98134",Immediate,2023-10-11 00:00:00,0.01,House Account,1
Invoice,2023-10-11 00:00:00,208217,,Counter Sale,"5000 1st Ave S Seattle, WA 98134",Immediate,2023-10-11 00:00:00,0.01,House Account,1
Invoice,2023-10-24 00:00:00,207166-1,239571,Counter Sale,"5000 1st Ave S Seattle, WA 98134",Immediate,2023-10-24 00:00:00,0.01,House Account,1
Invoice,2024-01-02 00:00:00,210737,Replace,Counter Sale,"5000 1st Ave S Seattle, WA 98134",Immediate,2024-01-02 00:00:00,1.06,House Account,1
Invoice,2025-04-29 00:00:00,231605,F1185/W-00147,Apollo Mechanical Contractors:APO-SeaTac Concourse C Expansion,"1207 W Columbia Dr Kennewick, WA 99336 USA",Net 30,2025-05-29 00:00:00,1694,House Account,1
Invoice,2025-06-19 00:00:00,209892,,Counter Sale,"5000 1st Ave S Seattle, WA 98134",Immediate,2025-06-19 00:00:00,0.03,House Account,1
Invoice,2025-08-04 00:00:00,237091,25206120,McKinstry Company:MCK-Project Borealis,"PO Box 24406 Seattle, WA 98124 USA",Net 30,2025-09-03 00:00:00,550,House Account,1
Invoice,2025-09-23 00:00:00,239531,ms3r,GB Systems:GB-Special Projects,"7202 NE 175Th St Kenmore, WA 98028 USA",Net 30,2025-10-23 00:00:00,64,House Account,1
Invoice,2025-09-30 00:00:00,239568,Robert Danko,Counter Sale,"5000 1st Ave S Seattle, WA 98134",Immediate,2025-09-30 00:00:00,93.8,House Account,1
Invoice,2025-11-10 00:00:00,240855,Pizza,Counter Sale,"5000 1st Ave S Seattle, WA 98134",Immediate,2025-11-10 00:00:00,0.01,House Account,1
Invoice,2026-02-02 00:00:00,243805-1,26007070,McKinstry Company:MCK-Argonne Library HVAC Update,"PO Box 24406 Seattle, WA 98124 USA",Net 30,2026-03-04 00:00:00,909,House Account,1
Invoice,2026-02-03 00:00:00,243866,1674-40-40,Stewart Mechanical Inc:SWT-Touchmark Memory Care - Assisted Li,"1802 SE 16th St #101 Battle Ground, WA 98604 USA",Net 30,2026-03-05 00:00:00,13334,House Account,1
Invoice,2026-02-05 00:00:00,245025,691471,"MacDonald-Miller Facility Solutions, Inc.:MAC-Special Projects","PO Box 47983 Seattle, WA 98146 USA",Net 30,2026-03-07 00:00:00,1252,House Account,1
Invoice,2026-02-06 00:00:00,243866-1,1674-40-40,Stewart Mechanical Inc:SWT-Touchmark Memory Care - Assisted Li,"1802 SE 16th St #101 Battle Ground, WA 98604 USA",Net 30,2026-03-08 00:00:00,1584,House Account,1
Invoice,2026-02-06 00:00:00,243805-2,26007070,McKinstry Company:MCK-Argonne Library HVAC Update,"PO Box 24406 Seattle, WA 98124 USA",Net 30,2026-03-08 00:00:00,1446,House Account,1
Invoice,2026-02-12 00:00:00,245449,TFT002#19,Mackin & Little,"2627 E Trent Avenue Spokane, WA 99202 USA",Net 30,2026-03-14 00:00:00,231.2,House Account,1
Invoice,2026-02-17 00:00:00,245097,1520,JRT Mechanical Inc:JRT-Old Apostolic Lutheran Church - Tri,"Battle Ground, WA 98604 USA",Net 30,2026-03-19 00:00:00,210,House Account,1
Invoice,2026-02-18 00:00:00,244710,690069,"MacDonald-Miller Facility Solutions, Inc.:MAC-Special Projects","PO Box 47983 Seattle, WA 98146 USA",Net 30,2026-03-20 00:00:00,78,House Account,1
Invoice,2026-02-18 00:00:00,245256,1520,JRT Mechanical Inc:JRT-Old Apostolic Lutheran Church - Tri,"Battle Ground, WA 98604 USA",Net 30,2026-03-20 00:00:00,2220,House Account,1
Invoice,2026-02-20 00:00:00,244242,BM1354,Blue Mountain Mechanical Inc:BLU-Special Projects,"9227 Blue Mountain Lane SW, Ste A Tumwater, WA 98512 USA",Net 30,2026-03-22 00:00:00,595,House Account,1
Invoice,2026-02-26 00:00:00,244993,1520,JRT Mechanical Inc:JRT-Old Apostolic Lutheran Church - Tri,"Battle Ground, WA 98604 USA",Net 30,2026-03-28 00:00:00,2085,House Account,1
Invoice,2026-02-26 00:00:00,245528,691913,"MacDonald-Miller Facility Solutions, Inc.:MAC-Special Projects","PO Box 47983 Seattle, WA 98146 USA",Net 30,2026-03-28 00:00:00,268.75,House Account,1
Invoice,2026-02-27 00:00:00,245784,1520,JRT Mechanical Inc:JRT-Old Apostolic Lutheran Church - Tri,"Battle Ground, WA 98604 USA",Net 30,2026-03-29 00:00:00,1361,House Account,1
Invoice,2026-02-27 00:00:00,245528-1,691913,"MacDonald-Miller Facility Solutions, Inc.:MAC-Special Projects","PO Box 47983 Seattle, WA 98146 USA",Net 30,2026-03-29 00:00:00,806.25,House Account,1
Invoice,2026-01-06 00:00:00,242091-1,214047,MBI Construction Services:MBI-DWORSHAK Dam & Reservoir Fish Hatch,"2016 Fruitvale Blvd Yakima, WA 98902-1220 USA",Net 30,2026-02-05 00:00:00,881,House Account,1
Invoice,2026-01-21 00:00:00,242179,1674-40-40,Stewart Mechanical Inc:SWT-Touchmark Memory Care - Assisted Li,"1802 SE 16th St #101 Battle Ground, WA 98604 USA",Net 30,2026-02-20 00:00:00,197.5,House Account,1
Invoice,2025-12-22 00:00:00,242090-1,DWORSHAK Dam & Reservoir,MBI Construction Services:MBI-DWORSHAK Dam & Reservoir Fish Hatch,"2016 Fruitvale Blvd Yakima, WA 98902-1220 USA",Net 30,2026-01-21 00:00:00,2562,,
Invoice,2023-09-14 00:00:00,207249,H07-Colville,Counter Sale,"5000 1st Ave S Seattle, WA 98134",Immediate,2023-09-14 00:00:00,0.01,,
Invoice,2026-02-10 00:00:00,245087,C26-5632,Narrows Heating & Air Cond.:NAR-JAX Luxury Salon TI,"5121 S Burlington Way Tacoma, WA 98409 USA",Net 30,2026-03-12 00:00:00,350,House Account,1
Invoice,2026-01-22 00:00:00,244421,C25-5600,Narrows Heating & Air Cond.:NAR-Titus Building Proctor Project,"5121 S Burlington Way Tacoma, WA 98409 USA",Net 30,2026-02-21 00:00:00,180,House Account,1
Invoice,2026-02-28 00:00:00,244920-4,BF928870,"Evergreen Refrigeration, LLC:EVE-Prologis Emerald Gateway Building 3","727 S Kenyon St, Ste B Seattle, WA 98108 USA",Net 30,2026-03-30 00:00:00,745,House Account,1
Invoice,2026-02-28 00:00:00,244920-5,BF928870,"Evergreen Refrigeration, LLC:EVE-Prologis Emerald Gateway Building 3","727 S Kenyon St, Ste B Seattle, WA 98108 USA",Net 30,2026-03-30 00:00:00,340,,
Invoice,2026-02-28 00:00:00,244920-6,BF928870,"Evergreen Refrigeration, LLC:EVE-Prologis Emerald Gateway Building 3","727 S Kenyon St, Ste B Seattle, WA 98108 USA",Net 30,2026-03-30 00:00:00,3300,House Account,1
Invoice,2026-02-28 00:00:00,244920-7,BF928870,"Evergreen Refrigeration, LLC:EVE-Prologis Emerald Gateway Building 3","727 S Kenyon St, Ste B Seattle, WA 98108 USA",Net 30,2026-03-30 00:00:00,5000,House Account,1
Invoice,2026-02-28 00:00:00,245227,BF928547,"Evergreen Refrigeration, LLC:Evergreen - Special Projects","727 S Kenyon St Seattle, WA 98108 USA",Net 30,2026-03-30 00:00:00,1400,House Account,1
Invoice,2026-02-28 00:00:00,245228-3,54347-9897,United Systems Mechanical Inc:USM-Wesley Bradley Park Phase 2,"1400 Airport Way South Suite 202 Seattle, WA 98134",Net 30,2026-03-30 00:00:00,1040,House Account,1
Credit Memo,2026-02-28 00:00:00,246198,BF928870,"Evergreen Refrigeration, LLC:EVE-Prologis Emerald Gateway Building 3","727 S Kenyon St, Ste B Seattle, WA 98108 USA",Net 30,2026-03-30 00:00:00,-21035,House Account,1
Invoice,2026-01-29 00:00:00,244777,690270,"MacDonald-Miller Facility Solutions, Inc.:MAC-RSQ Russell","PO Box 47983 Seattle, WA 98146 USA",Net 30,2026-02-28 00:00:00,303.29,House Account,1
Invoice,2026-01-29 00:00:00,244740,C25-5590,Narrows Heating & Air Cond.:NAR-Titus Will,"5121 S Burlington Way Tacoma, WA 98409 USA",Net 30,2026-02-28 00:00:00,21,House Account,1
Invoice,2026-01-29 00:00:00,244659,1022494-499961,Holaday-Parks Inc:HOL-small projects,"4600 S 134th Place Tukwila, WA 98168-3241 USA",Net 30,2026-02-28 00:00:00,79.25,House Account,1
Invoice,2026-01-29 00:00:00,243708,25259.0058,"JH Kelly, LLC:JHK-SIHB Thunderbird Treatment Facility","PO BOX 2038 Longview, WA 98632 USA",Net 30,2026-02-28 00:00:00,135.36,House Account,1
Invoice,2026-01-29 00:00:00,244385,305596,Vital Mechanical Service:Vit-TerraPower,"1420 Maple Ave SW Renton, WA 98057 USA",Net 30,2026-02-28 00:00:00,132.08,House Account,1
Invoice,2026-01-29 00:00:00,244682,SP928851,"Evergreen Refrigeration, LLC:Evergreen - Special Projects","727 S Kenyon St Seattle, WA 98108 USA",Net 30,2026-02-28 00:00:00,230.16,House Account,1
Invoice,2026-01-29 00:00:00,244689,SP928852,"Evergreen Refrigeration, LLC:Evergreen - Special Projects","727 S Kenyon St Seattle, WA 98108 USA",Net 30,2026-02-28 00:00:00,28.8,House Account,1
Invoice,2026-01-29 00:00:00,244664-1,PO037971,Hermanson Company:HER-Small Projects,"Hermanson Company 1221 2nd Ave N Kent, WA 98032",Net 30,2026-02-28 00:00:00,18.61,House Account,1
Invoice,2026-01-29 00:00:00,244664,PO037971,Hermanson Company:HER-Small Projects,"Hermanson Company 1221 2nd Ave N Kent, WA 98032",Net 30,2026-02-28 00:00:00,247.66,House Account,1
Invoice,2026-01-29 00:00:00,244302,PO037533-1 14-25-27869,Hermanson Company:HER-Small Projects,"Hermanson Company 1221 2nd Ave N Kent, WA 98032",Net 30,2026-02-28 00:00:00,772,House Account,1
Invoice,2026-01-29 00:00:00,243821,25460.0061,"JH Kelly, LLC:JHK-Crossroads Bible Church","PO BOX 2038 Longview, WA 98632 USA",Net 30,2026-02-28 00:00:00,226.56,House Account,1
Invoice,2026-01-29 00:00:00,241525,PO034145,Hermanson Company:HER-616 Battery,"1221 2nd Ave N Kent, WA 98032 USA",Net 30,2026-02-28 00:00:00,4598.86,House Account,1
Invoice,2026-01-29 00:00:00,244588,PO037872,Hermanson Company:HER-Small Projects,"Hermanson Company 1221 2nd Ave N Kent, WA 98032",Net 30,2026-02-28 00:00:00,2234.37,House Account,1
Invoice,2026-01-29 00:00:00,244588-1,PO037872,Hermanson Company:HER-Small Projects,"Hermanson Company 1221 2nd Ave N Kent, WA 98032",Net 30,2026-02-28 00:00:00,11.79,House Account,1
Invoice,2026-01-29 00:00:00,244587-1,1022384-45248,Holaday-Parks Inc:HOL-Seattle Tennis Club,"4600 S 134th Place Tukwila, WA 98168-3241 USA",Net 30,2026-02-28 00:00:00,300,House Account,1
Invoice,2026-01-29 00:00:00,244126,FS 11 13,Capital Heating & Cooling:CAP-Fire Station 11 & 13,"PO Box 3387 Lacey, WA 98509-3387 USA",Net 30,2026-02-28 00:00:00,1330,House Account,1
Invoice,2026-01-29 00:00:00,244329,252349,Nordic Temperature Control:NTC-Ace Anacortes Greenhouse,"380 Pease Road Burlington, WA 98233 USA",Net 30,2026-02-28 00:00:00,1020,House Account,1
Invoice,2026-01-29 00:00:00,242736-1,1057114-09495,University Mechanical Contractors Inc:UMC-Small Projects,"Attn: Accts Payable PO Box 67 Mukilteo, WA 98275-4255",Net 30,2026-02-28 00:00:00,245,House Account,1
Invoice,2026-01-29 00:00:00,244691,DSHS,Farrington Air Quality Services:Far-Farrington Dampers,"PO Box 760 Sumner, WA 98390 USA",Net 30,2026-02-28 00:00:00,380,House Account,1
Invoice,2026-01-29 00:00:00,244530,2395-342,"Crescent Mechanical, Inc:CRE-Fire Station 21","1320 26th Ave NW  #16 Auburn, WA 98001 USA",Net 30,2026-02-28 00:00:00,627.76,House Account,1
Invoice,2026-01-29 00:00:00,242150,3553-2511-635,Delta Technology Corporation:DEL-Evergreen School South Campus,"1223 Valentine Ave SE Pacific, WA 98047 USA",Net 30,2026-02-28 00:00:00,915,House Account,1
Invoice,2026-01-29 00:00:00,244061,1011171-80161,Holaday-Parks Inc,"4600 S 134th Pl Tukwila, WA 98168-3241 USA",Net 30,2026-02-28 00:00:00,35935,House Account,1
Invoice,2026-01-29 00:00:00,241932-1,256033,Acco Engineered Systems (401856):ACC-NE 8th Ground Level 01 Retail Suite,"888 E. Walnut St (401856) Pasadena, CA 91101 USA",Net 30,2026-02-28 00:00:00,9710.38,House Account,1
Invoice,2026-01-29 00:00:00,243151,676829,"MacDonald-Miller Facility Solutions, Inc.:MAC-UW Elevator Modernization Project","PO Box 47983 Seattle, WA 98146 USA",Net 30,2026-02-28 00:00:00,4315,House Account,1
Invoice,2026-01-29 00:00:00,242759-2,14911,Blythe Mechanical Inc:BLY-Robin Hall Expansion,"3000 W Illinois St Bellingham, WA 98225 USA",Net 30,2026-02-28 00:00:00,3575,House Account,1
Invoice,2026-01-30 00:00:00,244723,25259.0063,"JH Kelly, LLC:JHK-SIHB Thunderbird Treatment Facility","PO BOX 2038 Longview, WA 98632 USA",Net 30,2026-03-01 00:00:00,154.56,House Account,1
Invoice,2026-01-30 00:00:00,244855,1022611-53867,Holaday-Parks Inc:HOL-small projects,"4600 S 134th Place Tukwila, WA 98168-3241 USA",Net 30,2026-03-01 00:00:00,286.88,House Account,1
Invoice,2026-01-30 00:00:00,244775,26030030,McKinstry Company:MCK-Artise TI,"PO Box 24406 Seattle, WA 98124 USA",Net 30,2026-03-01 00:00:00,222,House Account,1
Invoice,2026-01-30 00:00:00,241523-2,PO034137,Hermanson Company:HER-616 Battery,"1221 2nd Ave N Kent, WA 98032 USA",Net 30,2026-03-01 00:00:00,3623.42,House Account,1
Invoice,2026-01-30 00:00:00,244767,PO038100,Hermanson Company:HER-616 Battery,"1221 2nd Ave N Kent, WA 98032 USA",Net 30,2026-03-01 00:00:00,139.2,House Account,1
Invoice,2026-01-30 00:00:00,244555,1022319-63374,Holaday-Parks Inc:HOL-small projects,"4600 S 134th Place Tukwila, WA 98168-3241 USA",Net 30,2026-03-01 00:00:00,54,House Account,1
Invoice,2026-01-30 00:00:00,244570,PO037854,Hermanson Company:HER-Small Projects,"Hermanson Company 1221 2nd Ave N Kent, WA 98032",Net 30,2026-03-01 00:00:00,771.23,House Account,1
Invoice,2026-01-30 00:00:00,244872,PO038240,Hermanson Company:HER-North Basin Restroom and Laundry Re,"1221 2nd Ave N Kent, WA 98032 USA",Net 30,2026-03-01 00:00:00,310.24,House Account,1
Invoice,2026-01-30 00:00:00,244766,3195,Trimble Mechanical:TBM-Willamette Building,"PO Box 2327 Buckley, WA 98321 USA",Net 30,2026-03-01 00:00:00,52.56,House Account,1
Invoice,2026-01-30 00:00:00,244765,3194,Trimble Mechanical:TBM-Kirkland Supportive Housing,"PO Box 2327 Buckley, WA 98321 USA",Net 30,2026-03-01 00:00:00,31,House Account,1
Invoice,2026-01-30 00:00:00,244805-1,2509-2720,Ocean Park Mechanical Inc:OCE-Live Nation TI,"2428 King George Hwy  Suite102 Surrey, BC V4P 1H5 CANADA",Net 30,2026-03-01 00:00:00,39.36,House Account,1
Invoice,2026-01-30 00:00:00,244805,2509-2720,Ocean Park Mechanical Inc:OCE-Live Nation TI,"2428 King George Hwy  Suite102 Surrey, BC V4P 1H5 CANADA",Net 30,2026-03-01 00:00:00,888,House Account,1
Invoice,2026-01-30 00:00:00,244784,1022619-53867,Holaday-Parks Inc:HOL-small projects,"4600 S 134th Place Tukwila, WA 98168-3241 USA",Net 30,2026-03-01 00:00:00,360.55,House Account,1
Invoice,2026-01-30 00:00:00,244873,jm928910,"Evergreen Refrigeration, LLC:Evergreen - Special Projects","727 S Kenyon St Seattle, WA 98108 USA",Net 30,2026-03-01 00:00:00,27.96,House Account,1
Invoice,2026-01-30 00:00:00,243223-1,BF928363,"Evergreen Refrigeration, LLC:Evergreen - Special Projects","727 S Kenyon St Seattle, WA 98108 USA",Net 30,2026-03-01 00:00:00,542,House Account,1
Invoice,2026-01-30 00:00:00,244758,jm928901,"Evergreen Refrigeration, LLC:Evergreen - Special Projects","727 S Kenyon St Seattle, WA 98108 USA",Net 30,2026-03-01 00:00:00,100.44,House Account,1
Invoice,2026-02-02 00:00:00,240349,60127,Code Mechanical Inc,"8619 17th Ave E Tacoma, WA 98445 USA",Net 30,2026-03-04 00:00:00,5055,House Account,1
Invoice,2026-02-02 00:00:00,244397,Parkshore,"Pacific One Construction, Inc.:PON-Parkshore Juanita Bay","PO Box 2097 Kirkland, WA 98083 USA",Net 30,2026-03-04 00:00:00,215,House Account,1
Invoice,2026-02-02 00:00:00,244441-1,1022319-63374,Holaday-Parks Inc:HOL-small projects,"4600 S 134th Place Tukwila, WA 98168-3241 USA",Net 30,2026-03-04 00:00:00,100,House Account,1
Invoice,2026-02-02 00:00:00,244327,22727,TRS Mechanical Inc:TRS-Sumner Operations Facility Phase 3,"9523 19th Ave E Tacoma, WA 98445 USA",Net 30,2026-03-04 00:00:00,396.97,House Account,1
Invoice,2026-02-02 00:00:00,244121,PO037293-1 21-25-28193,Hermanson Company:HER-Small Projects,"Hermanson Company 1221 2nd Ave N Kent, WA 98032",Net 30,2026-03-04 00:00:00,481,House Account,1
Invoice,2026-02-02 00:00:00,244545,1057809-09741,University Mechanical Contractors Inc:UMC-Lynden WWTP Expansion Stage 2,"Attn:  Accts Payable 19020 33rd AVE W STE 400 Lynnwood, WA 98036",Net 30,2026-03-04 00:00:00,5355,House Account,1
Invoice,2026-02-02 00:00:00,244916,30014739,Apollo Mechanical Contractors:APO-Seattle Small Projects,"1201 W Columbia Dr Kennewick, WA 99336 USA",Net 30,2026-03-04 00:00:00,450,,
Invoice,2026-02-02 00:00:00,244692,63655,DK Systems:DK -Special Projects,"PO Box 886 Burlington, WA 98233 USA",Net 30,2026-03-04 00:00:00,1250,,
Invoice,2026-02-02 00:00:00,244886,5948-EB966145S,C E D - Port Angeles,"11 Prospect Place Port Angeles, WA 98362 USA",Net 30,2026-03-04 00:00:00,453,House Account,1
Invoice,2026-02-02 00:00:00,244648,24344140,McKinstry Company:MCK-KC Metro Equipment Transit Center,"PO Box 24406 Seattle, WA 98124 USA",Net 30,2026-03-04 00:00:00,700,House Account,1
Invoice,2026-02-02 00:00:00,244329-1,252349,Nordic Temperature Control:NTC-Ace Anacortes Greenhouse,"380 Pease Road Burlington, WA 98233 USA",Net 30,2026-03-04 00:00:00,1785,House Account,1
Invoice,2026-02-02 00:00:00,243773-1,Reber Ranch,Sound Heating And A/C:Sou-Reber Ranch,"5526 184th Street E Suite A Puyallup, WA 98375",Net 30,2026-03-04 00:00:00,6250,House Account,1
Invoice,2026-02-02 00:00:00,244775-2,26030030,McKinstry Company:MCK-Artise TI,"PO Box 24406 Seattle, WA 98124 USA",Net 30,2026-03-04 00:00:00,175,House Account,1
Invoice,2026-02-02 00:00:00,244507,926843,Hermanson Company:HER-Small Projects,"Hermanson Company 1221 2nd Ave N Kent, WA 98032",Net 30,2026-03-04 00:00:00,138,House Account,1
Invoice,2026-02-02 00:00:00,243220,PO204657,PSR Mechanical Inc:PSR-Carillon Point Bldg 2000,"PO Box 27073 Seattle, WA 98165 USA",Net 30,2026-03-04 00:00:00,3750,House Account,1
Invoice,2026-02-02 00:00:00,244378,1022216-63373,Holaday-Parks Inc:HOL-small projects,"4600 S 134th Place Tukwila, WA 98168-3241 USA",Net 30,2026-03-04 00:00:00,1350,House Account,1
Invoice,2026-02-02 00:00:00,244391,KOZ Wetmore,Steele Mechanical:STM-KOZ Wetmore Everett,"3615 W Mukilteo Blvd Everett, WA 98203 USA",Net 30,2026-03-04 00:00:00,3250,House Account,1
Invoice,2026-02-02 00:00:00,244660,PO037935-1 20-23-24206,Hermanson Company:HER-Tulalip Casino,"1221 2nd Ave N Kent, WA 98032 USA",Net 30,2026-03-04 00:00:00,804,House Account,1
Invoice,2026-02-02 00:00:00,244372,15215,Blythe Mechanical Inc:BLY-Wilcox Farms,"3000 W Illinois St Bellingham, WA 98225 USA",Net 30,2026-03-04 00:00:00,550,House Account,1
Invoice,2026-02-02 00:00:00,244805-2,2509-2720,Ocean Park Mechanical Inc:OCE-Live Nation TI,"2428 King George Hwy  Suite102 Surrey, BC V4P 1H5 CANADA",Net 30,2026-03-04 00:00:00,550,House Account,1
Invoice,2026-02-02 00:00:00,244888,6421523-00,RSD Refrigeration Supplies Distributor:RSD-Special Projects,"26021 Atlantic Ocean Dr Lake Forest, CA 92630 USA",Net 30,2026-03-04 00:00:00,150,House Account,1
Invoice,2026-02-02 00:00:00,244775-1,26030030,McKinstry Company:MCK-Artise TI,"PO Box 24406 Seattle, WA 98124 USA",Net 30,2026-03-04 00:00:00,210,House Account,1
Invoice,2026-02-02 00:00:00,243710,63586,DK Systems,"PO Box 886 Burlington, WA 98233 USA",Net 30,2026-03-04 00:00:00,1385,House Account,1
Invoice,2026-02-02 00:00:00,244882,25259.0064,"JH Kelly, LLC:JHK-SIHB Thunderbird Treatment Facility","PO BOX 2038 Longview, WA 98632 USA",Net 30,2026-03-04 00:00:00,305.75,House Account,1
Invoice,2026-02-02 00:00:00,244904,55879  43987,Auburn Mechanical Inc:AUB-Auburn Mechanical - Small Projects,"PO Box 249 Auburn, WA 98071-0249 USA",Net 30,2026-03-04 00:00:00,325,House Account,1
Invoice,2026-02-02 00:00:00,244918,OR8235520,CoolSys Light Commercial Solutions:CoolSys Light - Small Projects,"645 E Missouri Ave, Suite 205, Phoenix Phoenix, AZ 85012 USA",Net 30,2026-03-04 00:00:00,150,House Account,1
Invoice,2026-02-02 00:00:00,243370,1021274-46304,Holaday-Parks Inc:HOL-Boeing 2-80 Duct Silencers R1,"4600 S 134th Place Tukwila, WA 98168-3241 USA",Net 30,2026-03-04 00:00:00,13260,House Account,1
Invoice,2026-02-02 00:00:00,243976-1,125023-08,Comfort Systems USA NW:CNW-Small Projects,"17683 128th Pl NE Woodinville, WA 98072 USA",Net 30,2026-03-04 00:00:00,693.57,House Account,1
Credit Memo,2026-02-02 00:00:00,244942,,"Morgan Mechanical, LLC","12314 134th Ct NE Redmond, WA 98052 USA",Net 30,2026-03-04 00:00:00,-84,House Account,1
Invoice,2026-02-03 00:00:00,244895,030-006,AMS:AMS-Village at 47th,"22129 NE 114th Redmond, WA 98053 USA",Net 30,2026-03-05 00:00:00,881,House Account,1
Invoice,2026-02-03 00:00:00,244954,203229,Elite Mechanical Services:Eli-GH Part,"2625 Reinhardt LN NE STE F Lacey, WA 98516 USA",Net 30,2026-03-05 00:00:00,650,House Account,1
Invoice,2026-02-03 00:00:00,244971,30311,Hoover Commercial Refrigeration Inc,"3302 Cedardale Rd, Ste 300 Mount Vernon, WA 98274 USA",Net 30,2026-03-05 00:00:00,796,House Account,1
Invoice,2026-02-03 00:00:00,244648-1,24344140,McKinstry Company:MCK-KC Metro Equipment Transit Center,"PO Box 24406 Seattle, WA 98124 USA",Net 30,2026-03-05 00:00:00,350,House Account,1
Invoice,2026-02-03 00:00:00,244921,BA8235528,CoolSys Light Commercial Solutions:CoolSys Light - Small Projects,"645 E Missouri Ave, Suite 205, Phoenix Phoenix, AZ 85012 USA",Net 30,2026-03-05 00:00:00,460,House Account,1
Invoice,2026-02-03 00:00:00,244846,251402,Acco Engineered Systems (401856):ACC-AT&T Seattle 02 - Burien,"888 E. Walnut St (401856) Pasadena, CA 91101 USA",Net 30,2026-03-05 00:00:00,210,House Account,1
Invoice,2026-02-03 00:00:00,244357-1,R260057,Atlas Mechanical Inc.:ATL-Alexan Shoreline East,"428 North Pekin Road Woodland, WA 98674 USA",Net 30,2026-03-05 00:00:00,400,House Account,1
Invoice,2026-02-03 00:00:00,244952,PO927091,Hermanson Company:HER-Small Projects,"Hermanson Company 1221 2nd Ave N Kent, WA 98032",Net 30,2026-03-05 00:00:00,100,House Account,1
Invoice,2026-02-03 00:00:00,244811,KPO00029773,Harris Pacific Northwest LLC:HRG-Harris Pacific NW Small Projects,"3436 Airport Dr Bellingham, WA 98226 USA",Net 30,2026-03-05 00:00:00,1010,House Account,1
Invoice,2026-02-03 00:00:00,244754,689607,"MacDonald-Miller Facility Solutions, Inc.:MAC-Swedish Medical Center North Tower","PO Box 47983 Seattle, WA 98146 USA",Net 30,2026-03-05 00:00:00,1200,House Account,1
Invoice,2026-02-03 00:00:00,242220-1,235212,Acco Engineered Systems (401856):ACC-Redmond East Building 3 SEA135,"888 E. Walnut St (401856) Pasadena, CA 91101 USA",Net 30,2026-03-05 00:00:00,9000,House Account,1
Invoice,2026-02-03 00:00:00,243016,404858,Sunset Air:SUN-PTOI Housing Project,"5210 Lacey Boulevard SE Lacey, WA 98503 USA",Net 30,2026-03-05 00:00:00,3695,House Account,1
Invoice,2026-02-04 00:00:00,244441-2,1022319-63374,Holaday-Parks Inc:HOL-small projects,"4600 S 134th Place Tukwila, WA 98168-3241 USA",Net 30,2026-03-06 00:00:00,70,House Account,1
Invoice,2026-02-04 00:00:00,244712,1164-303,Phoenix Mechanical Inc:PHO-Pacific Middle School Replacement P,"11119 Valley Ave E Puyallup, WA 98372 USA",Net 30,2026-03-06 00:00:00,1005,House Account,1
Invoice,2026-02-04 00:00:00,245011,125023-23,Comfort Systems USA NW:CNW-Small Projects,"17683 128th Pl NE Woodinville, WA 98072 USA",Net 30,2026-03-06 00:00:00,1078,House Account,1
Invoice,2026-02-04 00:00:00,244175,BurlingtonLongview1926,"Cowdrey Mechanical Systems LLC:CMS-Burlington - Longview, WA","PO Box 519 Brush Prairie, WA 98606 USA",Net 30,2026-03-06 00:00:00,975,House Account,1
Invoice,2026-02-04 00:00:00,244461,W043265,"Lynden Sheet Metal, Inc:Lyn-Vineyard Replacement FSDs","837 Evergreen Street Lynden, WA 98264 USA",Net 30,2026-03-06 00:00:00,8450,,
Invoice,2026-02-04 00:00:00,243151-1,676829,"MacDonald-Miller Facility Solutions, Inc.:MAC-UW Elevator Modernization Project","PO Box 47983 Seattle, WA 98146 USA",Net 30,2026-03-06 00:00:00,55600,House Account,1
Invoice,2026-02-04 00:00:00,243147,832218015,Flynn BEC LP:Fly-Boeing,"6435 Northwest Drive Mississauga, ON L4V1K2 CANADA",Immediate,2026-02-04 00:00:00,420,,
Invoice,2026-02-04 00:00:00,245084,Owens II,Diamond Heating:DIA-Owens II Astoria,"1425 N Roosevelt Seaside, OR 97138 USA",Net 30,2026-03-06 00:00:00,511,House Account,1
Invoice,2026-02-04 00:00:00,245046,BMM1358,Blue Mountain Mechanical Inc:BLU-Comcast Aberdeen,"9227 Blue Mountain Lane SW, Ste A Tumwater, WA 98512 USA",Net 30,2026-03-06 00:00:00,21.26,House Account,1
Invoice,2026-02-04 00:00:00,244887,54336-9914,United Systems Mechanical Inc:USM-Kendall Chevrolet,"1400 Airport Way South Suite 202 Seattle, WA 98134",Net 30,2026-03-06 00:00:00,28,House Account,1
Invoice,2026-02-04 00:00:00,244902,2J4470.000064,Auburn Mechanical Inc:AUB-Auburn Mechanical - Small Projects,"PO Box 249 Auburn, WA 98071-0249 USA",Net 30,2026-03-06 00:00:00,335.87,House Account,1
Invoice,2026-02-04 00:00:00,244890,4393-0-233700-7,Holmberg Company:HOM-Honda of Bellevue TI,"12001 SE 9th Pl, Suite 300 Bellevue, WA 98005 USA",Net 30,2026-03-06 00:00:00,449.1,House Account,1
Invoice,2026-02-04 00:00:00,244938,30859,"Morgan Mechanical, LLC","12314 134th Ct NE Redmond, WA 98052 USA",Net 30,2026-03-06 00:00:00,64.73,House Account,1
Invoice,2026-02-04 00:00:00,244932,jm928918,"Evergreen Refrigeration, LLC:Evergreen - Special Projects","727 S Kenyon St Seattle, WA 98108 USA",Net 30,2026-03-06 00:00:00,36.12,House Account,1
Invoice,2026-02-04 00:00:00,244329-2,252349,Nordic Temperature Control:NTC-Ace Anacortes Greenhouse,"380 Pease Road Burlington, WA 98233 USA",Net 30,2026-03-06 00:00:00,1350,House Account,1
Invoice,2026-02-04 00:00:00,244903,jm928914,"Evergreen Refrigeration, LLC:Evergreen - Special Projects","727 S Kenyon St Seattle, WA 98108 USA",Net 30,2026-03-06 00:00:00,1328.12,House Account,1
Invoice,2026-02-04 00:00:00,244908,JM928915,"Evergreen Refrigeration, LLC:Evergreen - Special Projects","727 S Kenyon St Seattle, WA 98108 USA",Net 30,2026-03-06 00:00:00,1085.04,House Account,1
Invoice,2026-02-04 00:00:00,244909,12194,"Emerald Aire, Inc.:Emerald Aire - Special Projects","5108 D St NW Auburn, WA 98001 USA",Net 30,2026-03-06 00:00:00,287.7,House Account,1
Invoice,2026-02-04 00:00:00,244086,PO037796,Hermanson Company:HER-Small Projects,"Hermanson Company 1221 2nd Ave N Kent, WA 98032",Net 30,2026-03-06 00:00:00,807,House Account,1
Invoice,2026-02-04 00:00:00,244990,PO038377-1 14-25-27162,Hermanson Company:HER-Small Projects,"Hermanson Company 1221 2nd Ave N Kent, WA 98032",Net 30,2026-03-06 00:00:00,124.73,House Account,1
Invoice,2026-02-04 00:00:00,243988-5,54282-9891,United Systems Mechanical Inc:USM-Tanager Apartments,"1400 Airport Way South Suite 202 Seattle, WA 98134",Net 30,2026-03-06 00:00:00,155,House Account,1
Invoice,2026-02-04 00:00:00,244502,S-21883,Premier Mechanical & Electric:Premier Mechanical & Electric GOF,"18915 142nd AVE NE  #240 Woodinville, WA 98072 USA",Net 30,2026-03-06 00:00:00,1350,House Account,1
Invoice,2026-02-04 00:00:00,244913,1022731-80170,Holaday-Parks Inc:HOL-UW Broadcast Control Center at HEC,"4600 S 134th Place Tukwila, WA 98168-3241 USA",Net 30,2026-03-06 00:00:00,776,House Account,1
Invoice,2026-02-04 00:00:00,244926,1A4104.01-632,Auburn Mechanical Inc:AUB-UW Haggett Hall,"PO Box 249 Auburn, WA 98071-0249 USA",Net 30,2026-03-06 00:00:00,700.98,House Account,1
Invoice,2026-02-04 00:00:00,244947,SHOPK333,Air Systems Engineering Inc:ASE-Air Systems - Small Projects,"3602 S Pine St Tacoma, WA 98409 USA",Net 30,2026-03-06 00:00:00,470.04,House Account,1
Invoice,2026-02-04 00:00:00,241526,PO034153,Hermanson Company:HER-616 Battery,"1221 2nd Ave N Kent, WA 98032 USA",Net 30,2026-03-06 00:00:00,4847.41,House Account,1
Invoice,2026-02-04 00:00:00,242274,PO034176,Hermanson Company:HER-616 Battery,"1221 2nd Ave N Kent, WA 98032 USA",Net 30,2026-03-06 00:00:00,276.46,House Account,1
Invoice,2026-02-04 00:00:00,244862,1022651-90031,Holaday-Parks Inc:HOL-small projects,"4600 S 134th Place Tukwila, WA 98168-3241 USA",Net 30,2026-03-06 00:00:00,194,House Account,1
Invoice,2026-02-04 00:00:00,244861,Victory - Colin,AMS:AMS-Victory Northgate,"22129 NE 114th ST Bellevue, WA 98053 USA",Net 30,2026-03-06 00:00:00,261,House Account,1
Invoice,2026-02-04 00:00:00,244687,26046-SK,GB Systems:GB-South King Co Fire Admin Building Imp,"7202 NE 175Th St Kenmore, WA 98028 USA",Net 30,2026-03-06 00:00:00,1255,House Account,1
Invoice,2026-02-04 00:00:00,244676,sp928832,"Evergreen Refrigeration, LLC:Evergreen - Special Projects","727 S Kenyon St Seattle, WA 98108 USA",Net 30,2026-03-06 00:00:00,4245,House Account,1
Invoice,2026-02-04 00:00:00,244969-1,PO038363,Hermanson Company:HER-Small Projects,"Hermanson Company 1221 2nd Ave N Kent, WA 98032",Net 30,2026-03-06 00:00:00,284.83,House Account,1
Invoice,2026-02-04 00:00:00,244969,PO038363,Hermanson Company:HER-Small Projects,"Hermanson Company 1221 2nd Ave N Kent, WA 98032",Net 30,2026-03-06 00:00:00,336,House Account,1
Invoice,2026-02-04 00:00:00,244962,3220,Trimble Mechanical:TBM-Vashon Community Food Bank,"PO Box 2327 Buckley, WA 98321 USA",Net 30,2026-03-06 00:00:00,293.52,House Account,1
Invoice,2026-02-04 00:00:00,244950-1,Death & CO,CFM Heating & Cooling Inc:CFM Heating & Cooling GOF,"PO Box 3205 Kirkland, WA 98033 USA",Net 30,2026-03-06 00:00:00,95.9,House Account,1
Invoice,2026-02-04 00:00:00,244950,Death & CO,CFM Heating & Cooling Inc:CFM Heating & Cooling GOF,"PO Box 3205 Kirkland, WA 98033 USA",Net 30,2026-03-06 00:00:00,104.38,House Account,1
Invoice,2026-02-04 00:00:00,244405,23148-S291,Mt Baker Mechanical Contractors:MTB-Ferndale City Hall,"1273 Sunset Ave Bellingham, WA 98226 USA",Net 30,2026-03-06 00:00:00,1710,House Account,1
Invoice,2026-02-04 00:00:00,241524-1,PO034148,Hermanson Company:HER-616 Battery,"1221 2nd Ave N Kent, WA 98032 USA",Net 30,2026-03-06 00:00:00,248.55,House Account,1
Invoice,2026-02-04 00:00:00,241525-1,PO034145,Hermanson Company:HER-616 Battery,"1221 2nd Ave N Kent, WA 98032 USA",Net 30,2026-03-06 00:00:00,248.55,House Account,1
Invoice,2026-02-04 00:00:00,241527,PO034157,Hermanson Company:HER-616 Battery,"1221 2nd Ave N Kent, WA 98032 USA",Net 30,2026-03-06 00:00:00,248.55,House Account,1
Invoice,2026-02-04 00:00:00,241571,PO034158,Hermanson Company:HER-616 Battery,"1221 2nd Ave N Kent, WA 98032 USA",Net 30,2026-03-06 00:00:00,248.55,House Account,1
Invoice,2026-02-04 00:00:00,241576,PO034160,Hermanson Company:HER-616 Battery,"1221 2nd Ave N Kent, WA 98032 USA",Net 30,2026-03-06 00:00:00,248.55,House Account,1
Invoice,2026-02-04 00:00:00,241584,PO034282,Hermanson Company:HER-616 Battery,"1221 2nd Ave N Kent, WA 98032 USA",Net 30,2026-03-06 00:00:00,248.55,House Account,1
Invoice,2026-02-04 00:00:00,241980,WORP,AMS:AMS-WORP,"22129 NE 114th ST Bellevue, WA 98053 USA",Net 30,2026-03-06 00:00:00,1130,House Account,1
Invoice,2026-02-04 00:00:00,244712-1,1164-305,Phoenix Mechanical Inc:PHO-Pacific Middle School Replacement P,"11119 Valley Ave E Puyallup, WA 98372 USA",Net 30,2026-03-06 00:00:00,1100,House Account,1
Invoice,2026-02-05 00:00:00,235904-3,Columbia City Condos,Zip Mechanical:Zip-Columbia City Condos,"309 S Cloverdale St, Suite D43 Seattle, WA 98108 USA",Net 30,2026-03-07 00:00:00,770,House Account,1
Invoice,2026-02-05 00:00:00,245100,60317,Code Mechanical Inc:Code Mechanical Inc - GOF,"26319 149th St E Buckley, WA 98321 USA",Net 30,2026-03-07 00:00:00,125,House Account,1
Invoice,2026-02-05 00:00:00,245098,690680,"MacDonald-Miller Facility Solutions, Inc.:MAC-Port of Tacoma","PO Box 47983 Seattle, WA 98146 USA",Net 30,2026-03-07 00:00:00,168,House Account,1
Invoice,2026-02-05 00:00:00,243913-1,R250255,Atlas Mechanical Inc.:ATL-Woodinville Wine Village - Harvest,"428 North Pekin Road Woodland, WA 98674 USA",Net 30,2026-03-07 00:00:00,9810,House Account,1
Invoice,2026-02-05 00:00:00,245012,1B4206.000452,Auburn Mechanical Inc:AUB-Lakeside School,"PO Box 249 Auburn, WA 98071-0249 USA",Net 30,2026-03-07 00:00:00,527,House Account,1
Invoice,2026-02-05 00:00:00,244901,East Park,"Pacific One Construction, Inc.:PON-East Park Bldg 1 Bremerton","PO Box 2097 Kirkland, WA 98083 USA",Net 30,2026-03-07 00:00:00,308,House Account,1
Invoice,2026-02-05 00:00:00,245091,2509-2720,Ocean Park Mechanical Inc:OCE-Live Nation TI,"2428 King George Hwy  Suite102 Surrey, BC V4P 1H5 CANADA",Net 30,2026-03-07 00:00:00,90.96,House Account,1
Invoice,2026-02-05 00:00:00,245088,2B4354.000038,Auburn Mechanical Inc:AUB-Auburn Mechanical - Small Projects,"PO Box 249 Auburn, WA 98071-0249 USA",Net 30,2026-03-07 00:00:00,714.68,House Account,1
Invoice,2026-02-05 00:00:00,245038,2511-2720,Ocean Park Mechanical Inc:OCE-ONNI Level 13 Restaurant,"2428 King George Hwy  Suite102 Surrey, BC V4P 1H5 CANADA",Net 30,2026-03-07 00:00:00,148.1,House Account,1
Invoice,2026-02-05 00:00:00,244960,C15250649,CoolSys Commercial & Industrial Solutions,"145 S State College Blvd Ste 200 Brea, CA 98821",Net 30,2026-03-07 00:00:00,927.84,House Account,1
Invoice,2026-02-05 00:00:00,245003,PO038281,Hermanson Company:HER-Small Projects,"Hermanson Company 1221 2nd Ave N Kent, WA 98032",Net 30,2026-03-07 00:00:00,820.3,House Account,1
Credit Memo,2026-02-05 00:00:00,245162,54343-9885,United Systems Mechanical Inc:USM-5819 Phinney Avenue North,"1400 Airport Way South Suite 202 Seattle, WA 98134",Net 30,2026-03-07 00:00:00,-66.9,House Account,1
Invoice,2026-02-06 00:00:00,245158,PO034282,Hermanson Company:HER-616 Battery,"1221 2nd Ave N Kent, WA 98032 USA",Net 30,2026-03-08 00:00:00,248.55,House Account,1
Invoice,2026-02-06 00:00:00,244556,M-CO1InandOut,Cowdrey Mechanical Systems LLC:CMS-In N Out Hillsboro,"PO Box 519 Brush Prairie, WA 98606 USA",Net 30,2026-03-08 00:00:00,155.66,House Account,1
Invoice,2026-02-06 00:00:00,243240-3,C25-5629,Narrows Heating & Air Cond.:NAR-Norplex,"5121 S Burlington Way Tacoma, WA 98409 USA",Net 30,2026-03-08 00:00:00,9480,House Account,1
Invoice,2026-02-06 00:00:00,243240-4,C25-5629,Narrows Heating & Air Cond.:NAR-Norplex,"5121 S Burlington Way Tacoma, WA 98409 USA",Net 30,2026-03-08 00:00:00,34670,House Account,1
Invoice,2026-02-06 00:00:00,243240-2,C25-5629,Narrows Heating & Air Cond.:NAR-Norplex,"5121 S Burlington Way Tacoma, WA 98409 USA",Net 30,2026-03-08 00:00:00,2640,House Account,1
Invoice,2026-02-06 00:00:00,244815,322070,Andgar Mechanical LLC:ANG-Granary Harcourt Building B,"PO Box 2708 Ferndale, WA 98248 USA",Net 30,2026-03-08 00:00:00,1075,House Account,1
Invoice,2026-02-06 00:00:00,245134-1,union gap bank,"T & M Of WA, Inc.:T&M-Union Gap Bank","2711 S Fifth Ave Union Gap, WA 98903 USA",Net 30,2026-03-08 00:00:00,330.19,House Account,1
Invoice,2026-02-06 00:00:00,242736-2,1057114-09495,University Mechanical Contractors Inc:UMC-Small Projects,"Attn: Accts Payable PO Box 67 Mukilteo, WA 98275-4255",Net 30,2026-03-08 00:00:00,2000,House Account,1
Invoice,2026-02-06 00:00:00,244833,26030055,McKinstry Company:MCK-600 Bellevue,PO Box 24406 Project 120170 Bellevue 600 PH 1,Net 30,2026-03-08 00:00:00,400,House Account,1
Invoice,2026-02-06 00:00:00,244880,45001590007,Harris Pacific Northwest LLC:HRG-SJMC AHU 54,"3436 Airport Drive Bellingham, WA 98226 USA",Net 30,2026-03-08 00:00:00,4875,House Account,1
Invoice,2026-02-06 00:00:00,243206,brown ephrata,"T & M Of WA, Inc.:T&M-Brown & Brown TI Ephrata","2711 S Fifth Ave Union Gap, WA 98903 USA",Net 30,2026-03-08 00:00:00,3650,House Account,1
Invoice,2026-02-06 00:00:00,244687-1,26046-SK,GB Systems:GB-South King Co Fire Admin Building Imp,"7202 NE 175Th St Kenmore, WA 98028 USA",Net 30,2026-03-08 00:00:00,680,House Account,1
Invoice,2026-02-06 00:00:00,245132,691836,"MacDonald-Miller Facility Solutions, Inc.:MAC-Mac Miller Parts","PO Box 47983 Seattle, WA 98146 USA",Net 30,2026-03-08 00:00:00,885,House Account,1
Invoice,2026-02-06 00:00:00,243685,1021709-46261,Holaday-Parks Inc:HOL-Boeing 4-81 Substations 25 & 26,"4600 S 134th Place Tukwila, WA 98168-3241 USA",Net 30,2026-03-08 00:00:00,3920,House Account,1
Invoice,2026-02-06 00:00:00,245184,OR8236594,CoolSys Light Commercial Solutions:CoolSys Light - Small Projects,"645 E Missouri Ave, Suite 205, Phoenix Phoenix, AZ 85012 USA",Net 30,2026-03-08 00:00:00,379.99,House Account,1
Invoice,2026-02-06 00:00:00,244809,Kendrick Landing,Sound Heating And A/C:Sou-Lakewood Apartments Kendrick Landing,"5526 184th Street East Suite A Puyallup, WA 98375",Net 30,2026-03-08 00:00:00,625,House Account,1
Invoice,2026-02-06 00:00:00,244746,PF Sammamish,AMS:AMS-Planet Fitness Sammamish,"22129 NE 114th Redmond, WA 98053 USA",Net 30,2026-03-08 00:00:00,1330,House Account,1
Invoice,2026-02-06 00:00:00,244852,BF928563,"Evergreen Refrigeration, LLC:EVE-Northsound Logistics","727 S Kenyon St, Ste B Seattle, WA 98108 USA",Net 30,2026-03-08 00:00:00,820,House Account,1
Invoice,2026-02-06 00:00:00,243887,PO036948-1,Hermanson Company:HER-North Basin Restroom and Laundry Re,"1221 2nd Ave N Kent, WA 98032 USA",Net 30,2026-03-08 00:00:00,60,House Account,1
Invoice,2026-02-06 00:00:00,243887-1,PO036948-1,Hermanson Company:HER-North Basin Restroom and Laundry Re,"1221 2nd Ave N Kent, WA 98032 USA",Net 30,2026-03-08 00:00:00,190,House Account,1
Invoice,2026-02-09 00:00:00,245123,1022864-45248,Holaday-Parks Inc:HOL-Seattle Tennis Club,"4600 S 134th Place Tukwila, WA 98168-3241 USA",Net 30,2026-03-11 00:00:00,1045,House Account,1
Invoice,2026-02-09 00:00:00,243018-1,25308142,McKinstry Company:MCK-Allen Institute,"PO Box 24406 Seattle, WA 98124 USA",Net 30,2026-03-11 00:00:00,881.76,,
Invoice,2026-02-09 00:00:00,244333,252349,Nordic Temperature Control:NTC-Ace Anacortes Greenhouse,"380 Pease Road Burlington, WA 98233 USA",Net 30,2026-03-11 00:00:00,475,House Account,1
Invoice,2026-02-09 00:00:00,243048-1,WORP - Bryce - EWH,AMS:AMS-WORP,"22129 NE 114th ST Bellevue, WA 98053 USA",Net 30,2026-03-11 00:00:00,2135,House Account,1
Invoice,2026-02-09 00:00:00,244905,3000 Northup,Comfort Systems USA NW:CNW-Small Projects,"17683 128th Pl NE Woodinville, WA 98072 USA",Net 30,2026-03-11 00:00:00,12.68,House Account,1
Invoice,2026-02-09 00:00:00,244700,3016,Trimble Mechanical:TBM-Lake Wilderness Community Clubhouse,"PO Box 2327 Buckley, WA 98321 USA",Net 30,2026-03-11 00:00:00,750,House Account,1
Invoice,2026-02-09 00:00:00,244398,183363,PSF Mechanical:PSF-Sea-Tac Parking Garage Upgrade,"5005 Pacific Highway East, Suite 4 Fife, WA 98424 USA",Net 30,2026-03-11 00:00:00,6690,House Account,1
Invoice,2026-02-09 00:00:00,245064,53901-9897,United Systems Mechanical Inc:USM-Wesley Bradley Park Phase 2,"1400 Airport Way South Suite 202 Seattle, WA 98134",Net 30,2026-03-11 00:00:00,95,House Account,1
Invoice,2026-02-09 00:00:00,245244,23671,"TRS Mechanical Inc:TRS-Northwest Trek Commissary, Hay Barn","9523 19th Ave E Tacoma, WA 98445 USA",Net 30,2026-03-11 00:00:00,78,House Account,1
Invoice,2026-02-09 00:00:00,245163,Car Wash,Perfect Climate:Perfect Climate GOF,"4426 221st Place NE Redmond, WA 98053 USA",Net 30,2026-03-11 00:00:00,1896,House Account,1
Invoice,2026-02-09 00:00:00,244894,2872904,Bargreen Ellingson:Bar-Bottega - 640 Woodlands Lacey WA -,"6626 Tacoma Mall Blvd Ste B Tacoma, WA 98409 USA",Net 30,2026-03-11 00:00:00,513,House Account,1
Invoice,2026-02-10 00:00:00,242978-1,1K4233.010346,Auburn Mechanical Inc:AUB-TPS Lowell Elementary,"PO Box 249 Auburn, WA 98071-0249 USA",Net 30,2026-03-12 00:00:00,1639,House Account,1
Invoice,2026-02-10 00:00:00,242889,PBPO810784,CoolSys Commercial & Industrial Solutions,"145 S State College Blvd Ste 200 Brea, CA 98821",Net 30,2026-03-12 00:00:00,475,House Account,1
Invoice,2026-02-10 00:00:00,245143,sp928996,"Evergreen Refrigeration, LLC:Evergreen - Special Projects","727 S Kenyon St Seattle, WA 98108 USA",Net 30,2026-03-12 00:00:00,343.72,House Account,1
Invoice,2026-02-10 00:00:00,245142,Garlic Crush,Perfect Climate:Perfect Climate GOF,"4426 221st Place NE Redmond, WA 98053 USA",Net 30,2026-03-12 00:00:00,488.48,House Account,1
Invoice,2026-02-10 00:00:00,245126,225-0704,"Emerald Aire, Inc.:Emerald Aire - Special Projects","5108 D St NW Auburn, WA 98001 USA",Net 30,2026-03-12 00:00:00,471,House Account,1
Invoice,2026-02-10 00:00:00,245054,Mosaic,Steele Mechanical:STM-Mosaic Apartments Everett,"3615 W Mukilteo Blvd Everett, WA 98203 USA",Net 30,2026-03-12 00:00:00,1679,House Account,1
Invoice,2026-02-10 00:00:00,245099,Death & CO,CFM Heating & Cooling Inc:CFM Heating & Cooling GOF,"PO Box 3205 Kirkland, WA 98033 USA",Net 30,2026-03-12 00:00:00,305.58,House Account,1
Invoice,2026-02-10 00:00:00,245210,691897,"MacDonald-Miller Facility Solutions, Inc.:MAC-City of Bellevue Service Center","PO Box 47983 Seattle, WA 98146 USA",Net 30,2026-03-12 00:00:00,60,House Account,1
Invoice,2026-02-10 00:00:00,245205,Tukwila 1,Diamond Heating:Diamond Heating - Special Projects,"1425 N Roosevelt Dr Seaside, OR 97138 USA",Net 30,2026-03-12 00:00:00,346.08,House Account,1
Invoice,2026-02-10 00:00:00,245189,54373-9891,United Systems Mechanical Inc:USM-Tanager Apartments,"1400 Airport Way South Suite 202 Seattle, WA 98134",Net 30,2026-03-12 00:00:00,80.4,House Account,1
Invoice,2026-02-10 00:00:00,245142-1,Garlic Crush,Perfect Climate:Perfect Climate GOF,"4426 221st Place NE Redmond, WA 98053 USA",Net 30,2026-03-12 00:00:00,50,House Account,1
Invoice,2026-02-10 00:00:00,245108,Columbia City Condos,Zip Mechanical:Zip-Columbia City Condos,"309 S Cloverdale St, Suite D43 Seattle, WA 98108 USA",Net 30,2026-03-12 00:00:00,465,House Account,1
Invoice,2026-02-10 00:00:00,241527-1,PO034157,Hermanson Company:HER-616 Battery,"1221 2nd Ave N Kent, WA 98032 USA",Net 30,2026-03-12 00:00:00,4598.86,House Account,1
Invoice,2026-02-10 00:00:00,242275,PO034177,Hermanson Company:HER-616 Battery,"1221 2nd Ave N Kent, WA 98032 USA",Net 30,2026-03-12 00:00:00,1701,House Account,1
Invoice,2026-02-10 00:00:00,244895-1,030-006,AMS:AMS-Village at 47th,"22129 NE 114th Redmond, WA 98053 USA",Net 30,2026-03-12 00:00:00,465,House Account,1
Invoice,2026-02-10 00:00:00,245063,Alloy,Precise Heating & Cooling LLC:PRE-Precise Heating & Cooling,"PO Box 1455 Monroe, WA 98272 USA",Net 30,2026-03-12 00:00:00,1109.13,House Account,1
Invoice,2026-02-10 00:00:00,245111,PO038503,Hermanson Company:HER-Small Projects,"Hermanson Company 1221 2nd Ave N Kent, WA 98032",Net 30,2026-03-12 00:00:00,557.52,House Account,1
Invoice,2026-02-10 00:00:00,245058,1B4047.010525,Auburn Mechanical Inc:AUB-Pritchard Rehabilitation,"PO Box 249 Auburn, WA 98071-0249 USA",Net 30,2026-03-12 00:00:00,9043.36,House Account,1
Invoice,2026-02-10 00:00:00,245039,54357-9897,United Systems Mechanical Inc:USM-Wesley Bradley Park Phase 2,"1400 Airport Way South Suite 202 Seattle, WA 98134",Net 30,2026-03-12 00:00:00,233.28,House Account,1
Invoice,2026-02-10 00:00:00,245050,Bradley Heights,"Pacific One Construction, Inc.:Pacific One Construction GOF","1108 8th St Kirkland, WA 98033 USA",Net 30,2026-03-12 00:00:00,550,House Account,1
Invoice,2026-02-10 00:00:00,245062,Zenoti,Precise Heating & Cooling LLC:PRE-Precise Heating & Cooling,"PO Box 1455 Monroe, WA 98272 USA",Net 30,2026-03-12 00:00:00,290.48,House Account,1
Invoice,2026-02-10 00:00:00,245134,union gap bank,"T & M Of WA, Inc.:T&M-Union Gap Bank","2711 S Fifth Ave Union Gap, WA 98903 USA",Net 30,2026-03-12 00:00:00,4147.81,House Account,1
Invoice,2026-02-11 00:00:00,245149,224-0704-0901,"Emerald Aire, Inc.:EME-4448 California","5108 D Street NW Auburn, WA 98001 USA",Net 30,2026-03-13 00:00:00,185,House Account,1
Invoice,2026-02-11 00:00:00,244827,BF928567,"Evergreen Refrigeration, LLC:Evergreen - Special Projects","727 S Kenyon St Seattle, WA 98108 USA",Net 30,2026-03-13 00:00:00,160,House Account,1
Invoice,2026-02-11 00:00:00,245114,KPO00029949,Harris Pacific Northwest LLC,"3436 Airport Dr Bellingham, WA 98226 USA",Net 30,2026-03-13 00:00:00,1526.22,House Account,1
Invoice,2026-02-11 00:00:00,244488,54311-9894,United Systems Mechanical Inc:USM-SRM Affordable Housing - Seattle,"1400 Airport Way South Suite 202 Seattle, WA 98134",Net 30,2026-03-13 00:00:00,1850,House Account,1
Invoice,2026-02-11 00:00:00,244829,BF928557,"Evergreen Refrigeration, LLC:Evergreen - Special Projects","727 S Kenyon St Seattle, WA 98108 USA",Net 30,2026-03-13 00:00:00,270,House Account,1
Invoice,2026-02-11 00:00:00,245283,PO000013174,Refrigeration Unlimited:Refrigeration Unlimited GOF,"PO Box 1745 Gig Harbor, WA 98335 USA",Net 30,2026-03-13 00:00:00,1056.46,House Account,1
Invoice,2026-02-11 00:00:00,243639,183338,PSF Mechanical:PSF-The Bravern Bellevue,"5005 Pacific Highway East, Suite 4 Fife, WA 98424 USA",Net 30,2026-03-13 00:00:00,109130,House Account,1
Invoice,2026-02-11 00:00:00,245267,4414M39,Air Systems Engineering Inc:ASE-Valhalla Apartments,"3602 South Pine Street Tacoma, WA 98409 USA",Net 30,2026-03-13 00:00:00,59.2,House Account,1
Invoice,2026-02-11 00:00:00,244386,Sound Insulation Court Ap,Steele Mechanical:STM-Port of Seattle Sound Insulation,"3615 W Mukilteo Blvd Everett, WA 98203 USA",Net 30,2026-03-13 00:00:00,38130,House Account,1
Invoice,2026-02-11 00:00:00,243809,71548491-101,"R & H Mechanical, Inc.:R&H-Special Projects","1711 Port Dr Burlington, WA 98233 USA",Net 30,2026-03-13 00:00:00,3066,House Account,1
Invoice,2026-02-11 00:00:00,245009,26123,Olympia Sheet Metal:OSM-Small Projects,"8947 Select Court SE Tumwater, WA 98501 USA",Net 30,2026-03-13 00:00:00,398,House Account,1
Invoice,2026-02-11 00:00:00,245353,63910,DK Systems:DK -Special Projects,"PO Box 886 Burlington, WA 98233 USA",Net 30,2026-03-13 00:00:00,71.85,House Account,1
Invoice,2026-02-11 00:00:00,244500,25460.0051,"JH Kelly, LLC:JHK-Crossroads Bible Church","PO BOX 2038 Longview, WA 98632 USA",Net 30,2026-03-13 00:00:00,1218.15,House Account,1
Invoice,2026-02-11 00:00:00,245116,12482,Capital Heating & Cooling:CAP-Gig Harbor Fire & Medic,"PO Box 3387 Lacey, WA 98509-3387 USA",Net 30,2026-03-13 00:00:00,623.22,House Account,1
Invoice,2026-02-11 00:00:00,244894-1,2872904,Bargreen Ellingson:Bar-Bottega - 640 Woodlands Lacey WA -,"6626 Tacoma Mall Blvd Ste B Tacoma, WA 98409 USA",Net 30,2026-03-13 00:00:00,459,House Account,1
Invoice,2026-02-11 00:00:00,243913-2,R250255,Atlas Mechanical Inc.:ATL-Woodinville Wine Village - Harvest,"428 North Pekin Road Woodland, WA 98674 USA",Net 30,2026-03-13 00:00:00,3305,House Account,1
Invoice,2026-02-11 00:00:00,245077,1022813-63373,Holaday-Parks Inc:Holaday-Parks GOF,"4600 S 134th Place Tukwila, WA 98168 USA",Net 30,2026-03-13 00:00:00,381,House Account,1
Invoice,2026-02-11 00:00:00,245336,1-14631-01,Air Systems Engineering Inc:ASE-Air Systems - Small Projects,"3602 S Pine St Tacoma, WA 98409 USA",Net 30,2026-03-13 00:00:00,27,House Account,1
Invoice,2026-02-11 00:00:00,244893,2872904,Bargreen Ellingson:Bar-Bottega - 640 Woodlands Lacey WA -,"6626 Tacoma Mall Blvd Ste B Tacoma, WA 98409 USA",Net 30,2026-03-13 00:00:00,6993,House Account,1
Invoice,2026-02-11 00:00:00,244813,2872458,Bargreen Ellingson:Bar-Rigo's Vancouver,"6626 Tacoma Mall Blvd Ste B Tacoma, WA 98409 USA",Net 30,2026-03-13 00:00:00,356.43,House Account,1
Invoice,2026-02-11 00:00:00,243447-1,BF928540,"Evergreen Refrigeration, LLC:EVE-Kiddie Academy Bridgeport","727 S Kenyon St, Ste B Seattle, WA 98108 USA",Net 30,2026-03-13 00:00:00,40000,House Account,1
Invoice,2026-02-11 00:00:00,245348,Cloud Fans,Silver Cloud Lake Union,"1150 Fairview Ave N Seattle, WA 98109 USA",Net 30,2026-03-13 00:00:00,331.65,House Account,1
Invoice,2026-02-11 00:00:00,245028,1164,Phoenix Mechanical Inc:PHO-Pacific Middle School Replacement P,"11119 Valley Ave E Puyallup, WA 98372 USA",Net 30,2026-03-13 00:00:00,400,House Account,1
Invoice,2026-02-11 00:00:00,244983,26035048,McKinstry Company:MCK-Artise TI,"PO Box 24406 Seattle, WA 98124 USA",Net 30,2026-03-13 00:00:00,1693.33,House Account,1
Invoice,2026-02-11 00:00:00,244813-1,2872458,Bargreen Ellingson:Bar-Rigo's Vancouver,"6626 Tacoma Mall Blvd Ste B Tacoma, WA 98409 USA",Net 30,2026-03-13 00:00:00,178.21,House Account,1
Invoice,2026-02-11 00:00:00,244578,26020017,McKinstry Company:MCK-600 Bellevue,PO Box 24406 Project 120170 Bellevue 600 PH 1,Net 30,2026-03-13 00:00:00,4550,House Account,1
Invoice,2026-02-11 00:00:00,244600,1S4198.010004,Auburn Mechanical Inc:AUB-ASUW Shell House Renovation,"PO Box 249 Auburn, WA 98071-0249 USA",Net 30,2026-03-13 00:00:00,2985,House Account,1
Invoice,2026-02-11 00:00:00,244852-2,BF928563,"Evergreen Refrigeration, LLC:EVE-Northsound Logistics","727 S Kenyon St, Ste B Seattle, WA 98108 USA",Net 30,2026-03-13 00:00:00,1070,House Account,1
Invoice,2026-02-11 00:00:00,244983-1,26035048,McKinstry Company:MCK-Artise TI,"PO Box 24406 Seattle, WA 98124 USA",Net 30,2026-03-13 00:00:00,171.67,House Account,1
Invoice,2026-02-11 00:00:00,239290-5,2025-21-01,DB Solutions:DB -Cedar Hills Regional Onsite Relocat,"2100 196th St SW #122 Lynnwood, WA 98036 USA",Net 30,2026-03-13 00:00:00,580,House Account,1
Invoice,2026-02-11 00:00:00,244982,53865-9868,United Systems Mechanical Inc:USM-Trace Apartments,"1400 Airport Way South Suite 202 Seattle, WA 98134",Net 30,2026-03-13 00:00:00,1170,House Account,1
Invoice,2026-02-11 00:00:00,244920-1,BF928870,"Evergreen Refrigeration, LLC:EVE-Prologis Emerald Gateway Building 3","727 S Kenyon St, Ste B Seattle, WA 98108 USA",Net 30,2026-03-13 00:00:00,600,House Account,1
Credit Memo,2026-02-11 00:00:00,243935,23517-214053,Total Energy Management:TOT-Bridgeport Elementary School Modern,"2521 Stevens Drive Richland, WA 99354 USA",Net 30,2026-03-13 00:00:00,-126.19,House Account,1
Invoice,2026-02-12 00:00:00,245228,54347-9897,United Systems Mechanical Inc:USM-Wesley Bradley Park Phase 2,"1400 Airport Way South Suite 202 Seattle, WA 98134",Net 30,2026-03-14 00:00:00,1091,House Account,1
Invoice,2026-02-12 00:00:00,245235,jm928973,"Evergreen Refrigeration, LLC:Evergreen - Special Projects","727 S Kenyon St Seattle, WA 98108 USA",Net 30,2026-03-14 00:00:00,5.94,,
Invoice,2026-02-12 00:00:00,245126-1,225-0704,"Emerald Aire, Inc.:Emerald Aire - Special Projects","5108 D St NW Auburn, WA 98001 USA",Net 30,2026-03-14 00:00:00,460,House Account,1
Invoice,2026-02-12 00:00:00,245232,po038666,Hermanson Company:HER-Small Projects,"Hermanson Company 1221 2nd Ave N Kent, WA 98032",Net 30,2026-03-14 00:00:00,24.17,House Account,1
Invoice,2026-02-12 00:00:00,245254-1,PO038678,Hermanson Company:HER-Small Projects,"Hermanson Company 1221 2nd Ave N Kent, WA 98032",Net 30,2026-03-14 00:00:00,426,House Account,1
Invoice,2026-02-12 00:00:00,245254,PO038678,Hermanson Company:HER-Small Projects,"Hermanson Company 1221 2nd Ave N Kent, WA 98032",Net 30,2026-03-14 00:00:00,74.28,House Account,1
Invoice,2026-02-12 00:00:00,245231,54244-9868,United Systems Mechanical Inc:USM-Trace Apartments,"1400 Airport Way South Suite 202 Seattle, WA 98134",Net 30,2026-03-14 00:00:00,181.39,House Account,1
Invoice,2026-02-12 00:00:00,245324,sp929028,"Evergreen Refrigeration, LLC:Evergreen - Special Projects","727 S Kenyon St Seattle, WA 98108 USA",Net 30,2026-03-14 00:00:00,227.14,House Account,1
Invoice,2026-02-12 00:00:00,245332,sp929030,"Evergreen Refrigeration, LLC:EVE-Cam Clark Evergreen Ford","727 S Kenyon St, Ste B Seattle, WA 98108 USA",Net 30,2026-03-14 00:00:00,103.34,House Account,1
Invoice,2026-02-12 00:00:00,245292,10720,"Pacific Air Control, Inc:PAC-Special Projects","1916 220th St SE, Suite M101 Bothell, WA 98021 USA",Net 30,2026-03-14 00:00:00,333.84,House Account,1
Invoice,2026-02-12 00:00:00,245291,Death & CO,CFM Heating & Cooling Inc:CFM Heating & Cooling GOF,"PO Box 3205 Kirkland, WA 98033 USA",Net 30,2026-03-14 00:00:00,159.66,House Account,1
Invoice,2026-02-12 00:00:00,245433,2-6570-26005C,North Cascades Heating & A/C:NOR-Mansfield SD Modernization Project,"PO Box 348 Entiat, WA 98822 USA",Net 30,2026-03-14 00:00:00,712,House Account,1
Invoice,2026-02-12 00:00:00,243789-1,Polaris,AMS:AMS-Polaris at Totem Lake,"22129 NE 114th Redmond, WA 98053 USA",Net 30,2026-03-14 00:00:00,586.2,House Account,1
Invoice,2026-02-12 00:00:00,244669-2,Planet Fitness Sammamish,AMS:AMS-Planet Fitness Sammamish,"22129 NE 114th Redmond, WA 98053 USA",Net 30,2026-03-14 00:00:00,150,House Account,1
Invoice,2026-02-12 00:00:00,244669-3,Planet Fitness Sammamish,AMS:AMS-Planet Fitness Sammamish,"22129 NE 114th Redmond, WA 98053 USA",Net 30,2026-03-14 00:00:00,1100,House Account,1
Invoice,2026-02-12 00:00:00,244393,KOZ Wetmore,Steele Mechanical:STM-KOZ Wetmore Everett,"3615 W Mukilteo Blvd Everett, WA 98203 USA",Net 30,2026-03-14 00:00:00,138000,House Account,1
Invoice,2026-02-12 00:00:00,237352-1,19615,Feller Heating & Air Cond.:Fel-Snohomish Readiness Center Add,"501 Virginia Street Bellingham, WA 98225 USA",Net 30,2026-03-14 00:00:00,14641.67,House Account,1
Credit Memo,2026-02-12 00:00:00,245397,Microsoft EAT12 Data Cent,Holmberg Company:HOM-Microsoft EAT12 Data Center,"12001 SE 9th Pl, Suite 300 Bellevue, WA 98005 USA",Net 30,2026-03-14 00:00:00,-15505.89,House Account,1
Invoice,2026-02-12 00:00:00,244736,3603-2524-630,Delta Technology Corporation:DEL-Kent SD Admin Bldg A Upgrade,"1223 Valentine Ave SE Pacific, WA 98047 USA",Net 30,2026-03-14 00:00:00,13875,House Account,1
Invoice,2026-02-12 00:00:00,245186,1S4285.000197,Auburn Mechanical Inc:AUB-Auburn Mechanical - Small Projects,"PO Box 249 Auburn, WA 98071-0249 USA",Net 30,2026-03-14 00:00:00,440,House Account,1
Invoice,2026-02-12 00:00:00,245020,PO038405-1,Hermanson Company:HER-Small Projects,"Hermanson Company 1221 2nd Ave N Kent, WA 98032",Net 30,2026-03-14 00:00:00,1866,House Account,1
Invoice,2026-02-12 00:00:00,245456,63948,DK Systems:DK -Special Projects,"PO Box 886 Burlington, WA 98233 USA",Net 30,2026-03-14 00:00:00,407,House Account,1
Invoice,2026-02-12 00:00:00,244357-3,R260057,Atlas Mechanical Inc.:ATL-Alexan Shoreline East,"428 North Pekin Road Woodland, WA 98674 USA",Net 30,2026-03-14 00:00:00,200,House Account,1
Invoice,2026-02-12 00:00:00,244920-2,BF928870,"Evergreen Refrigeration, LLC:EVE-Prologis Emerald Gateway Building 3","727 S Kenyon St, Ste B Seattle, WA 98108 USA",Net 30,2026-03-14 00:00:00,21035,House Account,1
Invoice,2026-02-12 00:00:00,244357-2,R260057,Atlas Mechanical Inc.:ATL-Alexan Shoreline East,"428 North Pekin Road Woodland, WA 98674 USA",Net 30,2026-03-14 00:00:00,245,House Account,1
Invoice,2026-02-12 00:00:00,244824,235212,Acco Engineered Systems (401856):ACC-Redmond East Building 3 SEA135,"888 E. Walnut St (401856) Pasadena, CA 91101 USA",Net 30,2026-03-14 00:00:00,30235,House Account,1
Invoice,2026-02-12 00:00:00,245374,1448199-00,RSD Refrigeration Supplies Distributor:RSD-Special Projects,"26021 Atlantic Ocean Dr Lake Forest, CA 92630 USA",Net 30,2026-03-14 00:00:00,750,House Account,1
Invoice,2026-02-12 00:00:00,244713,3016,Trimble Mechanical:TBM-Lake Wilderness Community Clubhouse,"PO Box 2327 Buckley, WA 98321 USA",Net 30,2026-03-14 00:00:00,2100,House Account,1
Credit Memo,2026-02-12 00:00:00,237254,921451,Hermanson Company:HER-Small Projects,"Hermanson Company 1221 2nd Ave N Kent, WA 98032",Net 30,2026-03-14 00:00:00,-420.95,House Account,1
Invoice,2026-02-13 00:00:00,245488,2250102,"Emerald Aire, Inc.:EME-68th & Roosevelt","5108 D Street NW Auburn, WA 98001 USA",Net 30,2026-03-15 00:00:00,82.81,House Account,1
Invoice,2026-02-13 00:00:00,245423-1,15393,Blythe Mechanical Inc:BLY-Special Projects,"3000 W Illinois St Bellingham, WA 98225 USA",Net 30,2026-03-15 00:00:00,264,House Account,1
Invoice,2026-02-13 00:00:00,244605,9500-1035-237000-1,Holmberg Company:HOM-Overlook Walk Seattle Waterfront,"12001 SE 9th Pl, Suite 300 Bellevue, WA 98005 USA",Net 30,2026-03-15 00:00:00,110,House Account,1
Invoice,2026-02-13 00:00:00,245233,1A4104.010647,Auburn Mechanical Inc:AUB-UW Haggett Hall,"PO Box 249 Auburn, WA 98071-0249 USA",Net 30,2026-03-15 00:00:00,6058.02,House Account,1
Invoice,2026-02-13 00:00:00,245119,Victory Northgate,AMS:AMS-Victory Northgate,"22129 NE 114th ST Bellevue, WA 98053 USA",Net 30,2026-03-15 00:00:00,5500,House Account,1
Invoice,2026-02-13 00:00:00,245423,15393,Blythe Mechanical Inc:BLY-Special Projects,"3000 W Illinois St Bellingham, WA 98225 USA",Net 30,2026-03-15 00:00:00,264.8,House Account,1
Credit Memo,2026-02-13 00:00:00,245516,Georgetown Music,CFM Heating & Cooling Inc:CFM Heating & Cooling GOF,"PO Box 3205 Kirkland, WA 98033 USA",Net 30,2026-03-15 00:00:00,-263.89,House Account,1
Invoice,2026-02-13 00:00:00,244945,63726,DK Systems:DK-Pacific Storage Bldgs 1 & 8,"PO Box 886 Burlington, WA 98233 USA",Net 30,2026-03-15 00:00:00,4105,House Account,1
Invoice,2026-02-13 00:00:00,244583,689495,"MacDonald-Miller Facility Solutions, Inc.:MAC-Swedish Medical Center North Tower","PO Box 47983 Seattle, WA 98146 USA",Net 30,2026-03-15 00:00:00,2355,,
Invoice,2026-02-13 00:00:00,245434,30520,Hoover Commercial Refrigeration Inc,"3302 Cedardale Rd, Ste 300 Mount Vernon, WA 98274 USA",Net 30,2026-03-15 00:00:00,854.99,,
Invoice,2026-02-13 00:00:00,244544,1057809-09741,University Mechanical Contractors Inc:UMC-Lynden WWTP Expansion Stage 2,"Attn:  Accts Payable 19020 33rd AVE W STE 400 Lynnwood, WA 98036",Net 30,2026-03-15 00:00:00,3600,House Account,1
Invoice,2026-02-13 00:00:00,244810,Roche fruit,"T & M Of WA, Inc.:T&M-Roche Fruit","PO Box 3120 2711 S Fifth Ave Union Gap, WA 98903",Net 30,2026-03-15 00:00:00,8850,House Account,1
Invoice,2026-02-13 00:00:00,243620,4431-237000-2,Holmberg Company:HOM-PCC - 2925 E Madison St,"12001 Southeast 9th Place, Suite 300 Bellevue, WA 98005 USA",Net 30,2026-03-15 00:00:00,42055,House Account,1
Invoice,2026-02-13 00:00:00,245114-1,KPO00029949,Harris Pacific Northwest LLC,"3436 Airport Dr Bellingham, WA 98226 USA",Net 30,2026-03-15 00:00:00,973.78,House Account,1
Invoice,2026-02-13 00:00:00,245305,Madison,"Pacific One Construction, Inc.:PON-2925 E Madison Apt - Seattle","PO Box 2097 Kirkland, WA 98083 USA",Net 30,2026-03-15 00:00:00,105,House Account,1
Invoice,2026-02-13 00:00:00,245467,966275,C E D - Port Angeles,"11 Prospect Place Port Angeles, WA 98362 USA",Net 30,2026-03-15 00:00:00,125,House Account,1
Invoice,2026-02-13 00:00:00,244713-1,3016,Trimble Mechanical:TBM-Lake Wilderness Community Clubhouse,"PO Box 2327 Buckley, WA 98321 USA",Net 30,2026-03-15 00:00:00,1750,House Account,1
Invoice,2026-02-13 00:00:00,245436,223-0306-0603,"Emerald Aire, Inc.:EME-228 106th","5108 D Street NW Auburn, WA 98001 USA",Net 30,2026-03-15 00:00:00,1099,House Account,1
Invoice,2026-02-13 00:00:00,245424,Lacey Lift Station,Capital Heating & Cooling:CAP-Small Projects,"PO Box 3387 Lacey, WA 98509-3387 USA",Net 30,2026-03-15 00:00:00,200,House Account,1
Invoice,2026-02-13 00:00:00,244407,256033,Acco Engineered Systems (401856):ACC-NE 8th Ground Level 01 Retail Suite,"888 E. Walnut St (401856) Pasadena, CA 91101 USA",Net 30,2026-03-15 00:00:00,3003.58,House Account,1
Invoice,2026-02-13 00:00:00,244263,1st Ave Clubhouse,Sound Heating And A/C:Sou-1st Avenue Development,"5526 184th Street E Suite A Puyallup, WA 98375",Net 30,2026-03-15 00:00:00,750,House Account,1
Invoice,2026-02-13 00:00:00,244500-1,25460.0051,"JH Kelly, LLC:JHK-Crossroads Bible Church","PO BOX 2038 Longview, WA 98632 USA",Net 30,2026-03-15 00:00:00,4501.85,House Account,1
Invoice,2026-02-13 00:00:00,245001,PO038339,Hermanson Company:HER-Small Projects,"Hermanson Company 1221 2nd Ave N Kent, WA 98032",Net 30,2026-03-15 00:00:00,120,House Account,1
Invoice,2026-02-13 00:00:00,245010,2525.1,Columbia Allied Services Inc:COL-Everest Park Restroom Replacement,"27316 NE 10th Ave Ridgefield, WA 98642 USA",Net 30,2026-03-15 00:00:00,105,House Account,1
Invoice,2026-02-13 00:00:00,244922,2-6417-25106C,North Cascades Heating & A/C:NOR-Wenatchee Fire Station #17,"PO Box 348 Entiat, WA 98822 USA",Net 30,2026-03-15 00:00:00,249,House Account,1
Invoice,2026-02-16 00:00:00,245333,Polaris at Totem Lake,AMS:AMS-Polaris at Totem Lake,"22129 NE 114th Redmond, WA 98053 USA",Net 30,2026-03-18 00:00:00,113.32,House Account,1
Invoice,2026-02-16 00:00:00,244714,3016,Trimble Mechanical:TBM-Lake Wilderness Community Clubhouse,"PO Box 2327 Buckley, WA 98321 USA",Net 30,2026-03-18 00:00:00,424.97,House Account,1
Invoice,2026-02-16 00:00:00,242365-1,A250608502,"Emerald Aire, Inc.:EME-Big3","5108 D Street NW Auburn, WA 98001 USA",Net 30,2026-03-18 00:00:00,335,House Account,1
Invoice,2026-02-16 00:00:00,245274,C25-5600,Narrows Heating & Air Cond.:Narrows Heating - Special Projects,"5121 S Burlington Way Tacoma, WA 98409 USA",Net 30,2026-03-18 00:00:00,3310,House Account,1
Invoice,2026-02-16 00:00:00,245270,691722,"MacDonald-Miller Facility Solutions, Inc.:MAC-Swedish Medical Center North Tower","PO Box 47983 Seattle, WA 98146 USA",Net 30,2026-03-18 00:00:00,4165,House Account,1
Invoice,2026-02-16 00:00:00,245129,C26-5632,Narrows Heating & Air Cond.:NAR-JAX Luxury Salon TI,"5121 S Burlington Way Tacoma, WA 98409 USA",Net 30,2026-03-18 00:00:00,385,House Account,1
Invoice,2026-02-16 00:00:00,244823,R260198,Atlas Mechanical Inc.:ATL-5000 12th Ave - Student Housing,"428 North Pekin Road Woodland, WA 98674 USA",Net 30,2026-03-18 00:00:00,1765,House Account,1
Invoice,2026-02-16 00:00:00,245476,4496582,Platt Electric-Bremerton,"5233 Auto Center Way Bremerton, WA 98312-3396 USA",Net 30,2026-03-18 00:00:00,350,House Account,1
Invoice,2026-02-16 00:00:00,242546,BM1381,Blue Mountain Mechanical Inc:BLU-JBLM - Building J01214,"9227 Blue Mountain Lane SW, Ste A Tumwater, WA 98512 USA",Net 30,2026-03-18 00:00:00,16235.6,House Account,1
Invoice,2026-02-16 00:00:00,244928,3016,Trimble Mechanical:TBM-Lake Wilderness Community Clubhouse,"PO Box 2327 Buckley, WA 98321 USA",Net 30,2026-03-18 00:00:00,2500,House Account,1
Invoice,2026-02-16 00:00:00,244725,PO038018-1,Hermanson Company:HER-Boeing 17-06 Two High Speed Spar Mi,"1221 2nd Ave N Kent, WA 98032 USA",Net 30,2026-03-18 00:00:00,8030,House Account,1
Invoice,2026-02-16 00:00:00,244603,1S4198.010004,Auburn Mechanical Inc:AUB-ASUW Shell House Renovation,"PO Box 249 Auburn, WA 98071-0249 USA",Net 30,2026-03-18 00:00:00,5230,House Account,1
Invoice,2026-02-16 00:00:00,244346,Swedish North Tower,"MacDonald-Miller Facility Solutions, Inc.:MAC-Swedish Medical Center North Tower","PO Box 47983 Seattle, WA 98146 USA",Net 30,2026-03-18 00:00:00,10000,House Account,1
Invoice,2026-02-16 00:00:00,244372-1,15215,Blythe Mechanical Inc:BLY-Wilcox Farms,"3000 W Illinois St Bellingham, WA 98225 USA",Net 30,2026-03-18 00:00:00,10000,House Account,1
Invoice,2026-02-16 00:00:00,244764,205257,PSR Mechanical Inc:PSR-Carillon Point Bldg 2000,"PO Box 27073 Seattle, WA 98165 USA",Net 30,2026-03-18 00:00:00,65,House Account,1
Invoice,2026-02-16 00:00:00,245550,226-002-222-0104,"Emerald Aire, Inc.:Emerald Aire - Special Projects","5108 D St NW Auburn, WA 98001 USA",Net 30,2026-03-18 00:00:00,900,House Account,1
Invoice,2026-02-16 00:00:00,245549,10000528-J1907,Holaday-Parks Inc:HOL-small projects,"4600 S 134th Place Tukwila, WA 98168-3241 USA",Net 30,2026-03-18 00:00:00,329.99,House Account,1
Invoice,2026-02-16 00:00:00,244681,UT8234617,CoolSys Light Commercial Solutions:CoolSys Light - Small Projects,"645 E Missouri Ave, Suite 205, Phoenix Phoenix, AZ 85012 USA",Net 30,2026-03-18 00:00:00,460,House Account,1
Invoice,2026-02-17 00:00:00,244669-4,Planet Fitness Sammamish,AMS:AMS-Planet Fitness Sammamish,"22129 NE 114th Redmond, WA 98053 USA",Net 30,2026-03-19 00:00:00,1775,House Account,1
Invoice,2026-02-17 00:00:00,242688-3,LM-TSRedmond124,Cowdrey Mechanical Systems LLC:CMS-Tractor Supply Redmond,"PO Box 519 Brush Prairie, WA 98606 USA",Net 30,2026-03-19 00:00:00,496.5,House Account,1
Invoice,2026-02-17 00:00:00,245106,13221,Capital Heating & Cooling:CAP-Small Projects,"PO Box 3387 Lacey, WA 98509-3387 USA",Net 30,2026-03-19 00:00:00,150,House Account,1
Invoice,2026-02-17 00:00:00,245178,PF Sammamish,AMS:AMS-Planet Fitness Sammamish,"22129 NE 114th Redmond, WA 98053 USA",Net 30,2026-03-19 00:00:00,615,House Account,1
Invoice,2026-02-17 00:00:00,245193,C25-5600,Narrows Heating & Air Cond.:NAR-Titus Building Proctor Project,"5121 S Burlington Way Tacoma, WA 98409 USA",Net 30,2026-03-19 00:00:00,155,House Account,1
Invoice,2026-02-17 00:00:00,244175-1,BurlingtonLongview1926,"Cowdrey Mechanical Systems LLC:CMS-Burlington - Longview, WA","PO Box 519 Brush Prairie, WA 98606 USA",Net 30,2026-03-19 00:00:00,2210,House Account,1
Invoice,2026-02-17 00:00:00,243913-3,R250255,Atlas Mechanical Inc.:ATL-Woodinville Wine Village - Harvest,"428 North Pekin Road Woodland, WA 98674 USA",Net 30,2026-03-19 00:00:00,250,House Account,1
Invoice,2026-02-17 00:00:00,245589,3419533-00,RSD Refrigeration Supplies Distributor:RSD-Special Projects,"26021 Atlantic Ocean Dr Lake Forest, CA 92630 USA",Net 30,2026-03-19 00:00:00,2100.01,House Account,1
Invoice,2026-02-17 00:00:00,245027,4393-237000-8,Holmberg Company:HOM-Honda of Bellevue TI,"12001 SE 9th Pl, Suite 300 Bellevue, WA 98005 USA",Net 30,2026-03-19 00:00:00,3150,House Account,1
Invoice,2026-02-17 00:00:00,245597,OR8238259,CoolSys Light Commercial Solutions:CoolSys Light - Small Projects,"645 E Missouri Ave, Suite 205, Phoenix Phoenix, AZ 85012 USA",Net 30,2026-03-19 00:00:00,329.99,House Account,1
Invoice,2026-02-18 00:00:00,245641-1,63356,DK Systems:DK-SCFD #4 Fire Station #41,"PO Box 886 Burlington, WA 98233 USA",Net 30,2026-03-20 00:00:00,468,House Account,1
Invoice,2026-02-18 00:00:00,245133,4524M17,Air Systems Engineering Inc:ASE-Savage Warehouse,"3602 South Pine Street Tacoma, WA 98409 USA",Net 30,2026-03-20 00:00:00,200,House Account,1
Invoice,2026-02-18 00:00:00,245023,26036155,McKinstry Company:MCK-Path TI,"PO Box 24406 Seattle, WA 98124 USA",Net 30,2026-03-20 00:00:00,935,House Account,1
Invoice,2026-02-18 00:00:00,241538,1660-215518,Total Energy Management:Total Energy Management GOF,"2521 Stevens Drive Richland, WA 99354 USA",Net 30,2026-03-20 00:00:00,1150,House Account,1
Invoice,2026-02-18 00:00:00,245548,BMM1371,Blue Mountain Mechanical Inc:BLU-Kia Olympia Wholesale,"9227 Blue Mountain Lane SW, Ste A Tumwater, WA 98512 USA",Net 30,2026-03-20 00:00:00,138,House Account,1
Invoice,2026-02-18 00:00:00,244257,BF928554,"Evergreen Refrigeration, LLC:Evergreen - Special Projects","727 S Kenyon St Seattle, WA 98108 USA",Net 30,2026-03-20 00:00:00,4040,House Account,1
Invoice,2026-02-18 00:00:00,245641,63356,DK Systems:DK-SCFD #4 Fire Station #41,"PO Box 886 Burlington, WA 98233 USA",Net 30,2026-03-20 00:00:00,665.65,House Account,1
Invoice,2026-02-18 00:00:00,245642,63980,DK Systems:DK-Lummi Nation Early Learning Center,"PO Box 886 Burlington, WA 98233 USA",Net 30,2026-03-20 00:00:00,1538.7,House Account,1
Invoice,2026-02-18 00:00:00,245347,26042072,McKinstry Company:MCK-Artise TI,"PO Box 24406 Seattle, WA 98124 USA",Net 30,2026-03-20 00:00:00,162,House Account,1
Invoice,2026-02-18 00:00:00,245363,PO038825,Hermanson Company:HER-Small Projects,"Hermanson Company 1221 2nd Ave N Kent, WA 98032",Net 30,2026-03-20 00:00:00,1218.8,House Account,1
Invoice,2026-02-18 00:00:00,245427,12699,Capital Heating & Cooling:CAP-EPFR Station 112,"PO Box 3387 Lacey, WA 98509-3387 USA",Net 30,2026-03-20 00:00:00,2500,,
Invoice,2026-02-18 00:00:00,245419,sp929045,"Evergreen Refrigeration, LLC:Evergreen - Special Projects","727 S Kenyon St Seattle, WA 98108 USA",Net 30,2026-03-20 00:00:00,171.86,House Account,1
Invoice,2026-02-18 00:00:00,245440,sp929047,"Evergreen Refrigeration, LLC:Evergreen - Special Projects","727 S Kenyon St Seattle, WA 98108 USA",Net 30,2026-03-20 00:00:00,171.86,House Account,1
Invoice,2026-02-18 00:00:00,245443,Columbia City Condos,Zip Mechanical:Zip-Columbia City Condos,"309 S Cloverdale St, Suite D43 Seattle, WA 98108 USA",Net 30,2026-03-20 00:00:00,510,House Account,1
Invoice,2026-02-18 00:00:00,245312,2250102,"Emerald Aire, Inc.:EME-68th & Roosevelt","5108 D Street NW Auburn, WA 98001 USA",Net 30,2026-03-20 00:00:00,1026,House Account,1
Invoice,2026-02-18 00:00:00,244983-2,26035048,McKinstry Company:MCK-Artise TI,"PO Box 24406 Seattle, WA 98124 USA",Net 30,2026-03-20 00:00:00,2007.66,House Account,1
Invoice,2026-02-18 00:00:00,244712-2,1164,Phoenix Mechanical Inc:PHO-Pacific Middle School Replacement,"11119 Valley Ave E Puyallup, WA 98372 USA",Net 30,2026-03-20 00:00:00,24845,House Account,1
Invoice,2026-02-18 00:00:00,244518-1,203181,Elite Mechanical Services:Eli-Olympic College Bremerton,"2625 Reinhardt LN NE STE F Lacey, WA 98516 USA",Net 30,2026-03-20 00:00:00,4670,House Account,1
Invoice,2026-02-18 00:00:00,245667,166366-133703,University Mechanical Contractors Inc:UMC-Small Projects,"Attn: Accts Payable PO Box 67 Mukilteo, WA 98275-4255",Net 30,2026-03-20 00:00:00,550,House Account,1
Invoice,2026-02-18 00:00:00,245291-1,Death & CO,CFM Heating & Cooling Inc:CFM Heating & Cooling GOF,"PO Box 3205 Kirkland, WA 98033 USA",Net 30,2026-03-20 00:00:00,139.72,House Account,1
Invoice,2026-02-18 00:00:00,245403,692756,"MacDonald-Miller Facility Solutions, Inc.:MAC-PSE OTC Puyallup","PO Box 47983 Seattle, WA 98146 USA",Net 30,2026-03-20 00:00:00,15.66,House Account,1
Invoice,2026-02-18 00:00:00,245177,Lynn Street,"Pacific One Construction, Inc.:PON-Lynn Street Apartments","PO Box 2097 Kirkland, WA 98083 USA",Net 30,2026-03-20 00:00:00,16.8,House Account,1
Invoice,2026-02-18 00:00:00,245507,BF928888,"Evergreen Refrigeration, LLC:Evergreen - Special Projects","727 S Kenyon St Seattle, WA 98108 USA",Net 30,2026-03-20 00:00:00,415,House Account,1
Invoice,2026-02-18 00:00:00,245439,1K4233.010410,Auburn Mechanical Inc:AUB-TPS Lowell Elementary,"PO Box 249 Auburn, WA 98071-0249 USA",Net 30,2026-03-20 00:00:00,275.86,House Account,1
Invoice,2026-02-18 00:00:00,245428,1K4233.010411,Auburn Mechanical Inc:AUB-TPS Lowell Elementary,"PO Box 249 Auburn, WA 98071-0249 USA",Net 30,2026-03-20 00:00:00,837.5,House Account,1
Invoice,2026-02-18 00:00:00,245589B,3419533-00,RSD Refrigeration Supplies Distributor:RSD-Special Projects,"26021 Atlantic Ocean Dr Lake Forest, CA 92630 USA",Net 30,2026-03-20 00:00:00,837.68,House Account,1
Invoice,2026-02-18 00:00:00,245602,PO039151,Hermanson Company:HER-Small Projects,"Hermanson Company 1221 2nd Ave N Kent, WA 98032",Net 30,2026-03-20 00:00:00,1605.78,House Account,1
Invoice,2026-02-18 00:00:00,245603,1023188-45248,Holaday-Parks Inc:HOL-Seattle Tennis Club,"4600 S 134th Place Tukwila, WA 98168-3241 USA",Net 30,2026-03-20 00:00:00,320,,
Invoice,2026-02-18 00:00:00,245558,1023159-57693,Holaday-Parks Inc:HOL-small projects,"4600 S 134th Place Tukwila, WA 98168-3241 USA",Net 30,2026-03-20 00:00:00,164.58,House Account,1
Invoice,2026-02-18 00:00:00,245069,54372-9891,United Systems Mechanical Inc:USM-Tanager Apartments,"1400 Airport Way South Suite 202 Seattle, WA 98134",Net 30,2026-03-20 00:00:00,820,House Account,1
Invoice,2026-02-18 00:00:00,241571-1,PO034158,Hermanson Company:HER-616 Battery,"1221 2nd Ave N Kent, WA 98032 USA",Net 30,2026-03-20 00:00:00,4598.86,House Account,1
Invoice,2026-02-18 00:00:00,242276,PO034178,Hermanson Company:HER-616 Battery,"1221 2nd Ave N Kent, WA 98032 USA",Net 30,2026-03-20 00:00:00,1701,House Account,1
Invoice,2026-02-18 00:00:00,245228-1,54347-9897,United Systems Mechanical Inc:USM-Wesley Bradley Park Phase 2,"1400 Airport Way South Suite 202 Seattle, WA 98134",Net 30,2026-03-20 00:00:00,1219,House Account,1
Invoice,2026-02-18 00:00:00,245498,54391-9897,United Systems Mechanical Inc:USM-Wesley Bradley Park Phase 2,"1400 Airport Way South Suite 202 Seattle, WA 98134",Net 30,2026-03-20 00:00:00,194.58,House Account,1
Invoice,2026-02-18 00:00:00,245478,PO038968 14-25-29543,Hermanson Company:HER-Small Projects,"Hermanson Company 1221 2nd Ave N Kent, WA 98032",Net 30,2026-03-20 00:00:00,2931.6,House Account,1
Invoice,2026-02-18 00:00:00,241525-2,PO034145,Hermanson Company:HER-616 Battery,"1221 2nd Ave N Kent, WA 98032 USA",Net 30,2026-03-20 00:00:00,3623.42,,
Invoice,2026-02-19 00:00:00,245424-1,13505,Capital Heating & Cooling:CAP-Small Projects,"PO Box 3387 Lacey, WA 98509-3387 USA",Net 30,2026-03-21 00:00:00,216,,
Invoice,2026-02-19 00:00:00,245334,2250208001,"Emerald Aire, Inc.:EME-Village At Lake Stevens","5108 D Street NW Auburn, WA 98001 USA",Net 30,2026-03-21 00:00:00,5355,House Account,1
Invoice,2026-02-19 00:00:00,245343,2493,Delta Technology Corporation:Delta Technology GOF,"1223 Valentine Ave SE Pacific, WA 98047 USA",Net 30,2026-03-21 00:00:00,2259.6,House Account,1
Invoice,2026-02-19 00:00:00,245303,1G4417.030007,Auburn Mechanical Inc:AUB-Auburn Mechanical - Small Projects,"PO Box 249 Auburn, WA 98071-0249 USA",Net 30,2026-03-21 00:00:00,10633.5,House Account,1
Invoice,2026-02-19 00:00:00,244987,C15251257,Universal Refrigeration:Universal Refrig - Special Projects,"4102 B Pl NW Auburn, WA 98001 USA",Net 30,2026-03-21 00:00:00,1252.56,,
Invoice,2026-02-19 00:00:00,245249,Chick Fil A,CFM Heating & Cooling Inc:CFM Heating & Cooling GOF,"PO Box 3205 Kirkland, WA 98033 USA",Net 30,2026-03-21 00:00:00,528.94,House Account,1
Invoice,2026-02-19 00:00:00,245192,PO038600,Hermanson Company:HER-JPMC RIC,"1221 2nd Ave N Kent, WA 98032 USA",Net 30,2026-03-21 00:00:00,7260.14,House Account,1
Invoice,2026-02-19 00:00:00,244995,2493-2486-635,Delta Technology Corporation:DEL-Oak Heights ES,"1223 Valentine Ave SE Pacific, WA 98047 USA",Net 30,2026-03-21 00:00:00,359,House Account,1
Invoice,2026-02-19 00:00:00,245148,C15251041,Universal Refrigeration:Universal Refrig - Special Projects,"4102 B Pl NW Auburn, WA 98001 USA",Net 30,2026-03-21 00:00:00,1212,House Account,1
Invoice,2026-02-19 00:00:00,245738-1,3276,Trimble Mechanical:TBM-Willamette Building,"PO Box 2327 Buckley, WA 98321 USA",Net 30,2026-03-21 00:00:00,28,House Account,1
Invoice,2026-02-19 00:00:00,245738,3276,Trimble Mechanical:TBM-Willamette Building,"PO Box 2327 Buckley, WA 98321 USA",Net 30,2026-03-21 00:00:00,114,House Account,1
Invoice,2026-02-19 00:00:00,245683,2-6599-25082C,North Cascades Heating & A/C:NOR-CVCH Admin Bldg,"PO Box 348 Entiat, WA 98822 USA",Net 30,2026-03-21 00:00:00,969.39,House Account,1
Invoice,2026-02-19 00:00:00,245420,54365-9868,United Systems Mechanical Inc:USM-Trace Apartments,"1400 Airport Way South Suite 202 Seattle, WA 98134",Net 30,2026-03-21 00:00:00,3240,House Account,1
Invoice,2026-02-19 00:00:00,245418,54364-9891,United Systems Mechanical Inc:USM-Tanager Apartments,"1400 Airport Way South Suite 202 Seattle, WA 98134",Net 30,2026-03-21 00:00:00,4590,House Account,1
Invoice,2026-02-19 00:00:00,245623,R260365,Atlas Mechanical Inc.:ATL-5000 12th Ave - Student Housing,"428 North Pekin Road Woodland, WA 98674 USA",Net 30,2026-03-21 00:00:00,2325,House Account,1
Invoice,2026-02-19 00:00:00,239125-2,103421,Blythe Mechanical Inc:BLY-Mt Baker Power Upgrades,"3000 W Illinois St Bellingham, WA 98225 USA",Net 30,2026-03-21 00:00:00,1655,House Account,1
Invoice,2026-02-19 00:00:00,245180,Village at 47th MH,AMS:AMS-Village at 47th,"22129 NE 114th Redmond, WA 98053 USA",Net 30,2026-03-21 00:00:00,179.07,House Account,1
Invoice,2026-02-19 00:00:00,244582,689487,"MacDonald-Miller Facility Solutions, Inc.:MAC-Swedish Medical Center North Tower","PO Box 47983 Seattle, WA 98146 USA",Net 30,2026-03-21 00:00:00,8445,House Account,1
Invoice,2026-02-19 00:00:00,245537,Trimlite,Diamond Construction Services LLC:DIA-Trimlite,"35420 Military Rd So Auburn, WA 98001 USA",Net 30,2026-03-21 00:00:00,7231.98,House Account,1
Credit Memo,2026-02-19 00:00:00,244661,Fryar,Narrows Heating & Air Cond.:NAR-Fryar Ave Multi Family,"5121 S Burlington Way Tacoma, WA 98409 USA",Net 30,2026-03-21 00:00:00,-399,House Account,1
Invoice,2026-02-20 00:00:00,230052-3,022-007,AMS:AMS-WORP,"22129 NE 114th ST Bellevue, WA 98053 USA",Net 30,2026-03-22 00:00:00,1800,House Account,1
Invoice,2026-02-20 00:00:00,245574,2B4476.000002,Auburn Mechanical Inc:AUB-Auburn Mechanical - Small Projects,"PO Box 249 Auburn, WA 98071-0249 USA",Net 30,2026-03-22 00:00:00,1735.23,House Account,1
Invoice,2026-02-20 00:00:00,245546-1,26047065,McKinstry Company:MCK-Artise TI,"PO Box 24406 Seattle, WA 98124 USA",Net 30,2026-03-22 00:00:00,1060,House Account,1
Invoice,2026-02-20 00:00:00,245546,26047065,McKinstry Company:MCK-Artise TI,"PO Box 24406 Seattle, WA 98124 USA",Net 30,2026-03-22 00:00:00,1716,House Account,1
Invoice,2026-02-20 00:00:00,245521,25460.0088,"JH Kelly, LLC:JHK-Crossroads Bible Church","PO BOX 2038 Longview, WA 98632 USA",Net 30,2026-03-22 00:00:00,59.02,House Account,1
Invoice,2026-02-20 00:00:00,245542,SP929049,"Evergreen Refrigeration, LLC:Evergreen - Special Projects","727 S Kenyon St Seattle, WA 98108 USA",Net 30,2026-03-22 00:00:00,808.3,House Account,1
Invoice,2026-02-20 00:00:00,245038-1,2511-2720,Ocean Park Mechanical Inc:OCE-ONNI Level 13 Restaurant,"2428 King George Hwy  Suite102 Surrey, BC V4P 1H5 CANADA",Net 30,2026-03-22 00:00:00,363,House Account,1
Invoice,2026-02-20 00:00:00,245497,Bothell Bike Shop,"Pacific One Construction, Inc.:Pacific One Construction GOF","1108 8th St Kirkland, WA 98033 USA",Net 30,2026-03-22 00:00:00,633,House Account,1
Invoice,2026-02-20 00:00:00,244315-1,V-PO000527,Hermanson Company,"1221 2nd Ave N Kent, WA 98032 USA",Net 30,2026-03-22 00:00:00,223.24,House Account,1
Invoice,2026-02-20 00:00:00,244315,V-PO000527,Hermanson Company,"1221 2nd Ave N Kent, WA 98032 USA",Net 30,2026-03-22 00:00:00,1344,House Account,1
Invoice,2026-02-20 00:00:00,245617,sp929099,"Evergreen Refrigeration, LLC:Evergreen - Special Projects","727 S Kenyon St Seattle, WA 98108 USA",Net 30,2026-03-22 00:00:00,219.5,House Account,1
Invoice,2026-02-20 00:00:00,245596,po039118 16-25-28252,Hermanson Company:HER-Small Projects,"Hermanson Company 1221 2nd Ave N Kent, WA 98032",Net 30,2026-03-22 00:00:00,1214.04,House Account,1
Invoice,2026-02-20 00:00:00,245209,1022875-80161,Holaday-Parks Inc,"4600 S 134th Pl Tukwila, WA 98168-3241 USA",Net 30,2026-03-22 00:00:00,9985,House Account,1
Invoice,2026-02-20 00:00:00,245693,SF8238544,CoolSys Light Commercial Solutions:CoolSys Light - Small Projects,"645 E Missouri Ave, Suite 205, Phoenix Phoenix, AZ 85012 USA",Net 30,2026-03-22 00:00:00,179.99,House Account,1
Invoice,2026-02-20 00:00:00,245276,BF928568,"Evergreen Refrigeration, LLC:EVE-Marriott SpringHill Suites Lakewood","727 S Kenyon St, Ste B Seattle, WA 98108 USA",Net 30,2026-03-22 00:00:00,500,House Account,1
Invoice,2026-02-20 00:00:00,243915,124013-10,Comfort Systems USA NW:CNW-57th Ballard Apartments,"17683 128th Place NE Woodinville, WA 98072 USA",Net 30,2026-03-22 00:00:00,6235,House Account,1
Invoice,2026-02-20 00:00:00,243909-1,124013-10,Comfort Systems USA NW:CNW-56th Ballard Apartments,"17683 128th Place NE Woodinville, WA 98072 USA",Net 30,2026-03-22 00:00:00,4880,House Account,1
Invoice,2026-02-20 00:00:00,245640,SP929103,"Evergreen Refrigeration, LLC:Evergreen - Special Projects","727 S Kenyon St Seattle, WA 98108 USA",Net 30,2026-03-22 00:00:00,643.29,House Account,1
Invoice,2026-02-20 00:00:00,245416,3573-2517-630,Delta Technology Corporation:DEL-Renton Market & Piazza TI,"1223 Valentine Ave SE Pacific, WA 98047 USA",Net 30,2026-03-22 00:00:00,550,House Account,1
Invoice,2026-02-20 00:00:00,245633,2509-2720,Ocean Park Mechanical Inc:OCE-Live Nation TI,"2428 King George Hwy  Suite102 Surrey, BC V4P 1H5 CANADA",Net 30,2026-03-22 00:00:00,138.12,House Account,1
Invoice,2026-02-20 00:00:00,245612,Parkshore,"Pacific One Construction, Inc.:PON-Parkshore Juanita Bay","PO Box 2097 Kirkland, WA 98083 USA",Net 30,2026-03-22 00:00:00,80,House Account,1
Invoice,2026-02-20 00:00:00,245594,Riverside Station,Zip Mechanical:ZIP-Riverside Station Apartments,"309 S Cloverdale St, Ste D43 Seattle, WA 98108 USA",Net 30,2026-03-22 00:00:00,54.5,House Account,1
Invoice,2026-02-20 00:00:00,237973-2,Riverside Station,Zip Mechanical:ZIP-Riverside Station Apartments,"309 S Cloverdale St, Ste D43 Seattle, WA 98108 USA",Net 30,2026-03-22 00:00:00,4968,House Account,1
Invoice,2026-02-20 00:00:00,243915-1,124013-10,Comfort Systems USA NW:CNW-57th Ballard Apartments,"17683 128th Place NE Woodinville, WA 98072 USA",Net 30,2026-03-22 00:00:00,22750,House Account,1
Invoice,2026-02-20 00:00:00,245438,KPO00030195,Harris Pacific Northwest LLC:HRG-Harris Pacific NW Small Projects,"3436 Airport Dr Bellingham, WA 98226 USA",Net 30,2026-03-22 00:00:00,725,House Account,1
Invoice,2026-02-20 00:00:00,245554,26124,Olympia Sheet Metal:OSM-Small Projects,"8947 Select Court SE Tumwater, WA 98501 USA",Net 30,2026-03-22 00:00:00,1115,House Account,1
Invoice,2026-02-20 00:00:00,245675,sp929095,"Evergreen Refrigeration, LLC:Evergreen - Special Projects","727 S Kenyon St Seattle, WA 98108 USA",Net 30,2026-03-22 00:00:00,200,House Account,1
Invoice,2026-02-20 00:00:00,243581,11507,Capital Heating & Cooling:CAP-JBLM UEPH Barracks,"PO Box 3387 Lacey, WA 98509-3387 USA",Net 30,2026-03-22 00:00:00,7084.19,House Account,1
Invoice,2026-02-20 00:00:00,245628NoTx,PO083176-NQ4463,Long Building Technologies,"5001 South Zuni Street Littleton, CO 80120 USA",Net 30,2026-03-22 00:00:00,1011.08,House Account,1
Invoice,2026-02-20 00:00:00,245220,1022875-80161,Holaday-Parks Inc,"4600 S 134th Pl Tukwila, WA 98168-3241 USA",Net 30,2026-03-22 00:00:00,4795,House Account,1
Invoice,2026-02-20 00:00:00,244844,1012957-44132,Holaday-Parks Inc:HOL-Vancouver LDS Temple,"4600 S 134th Place Tukwila, WA 98168-3241 USA",Net 30,2026-03-22 00:00:00,900,House Account,1
Invoice,2026-02-20 00:00:00,245491,692974,"MacDonald-Miller Facility Solutions, Inc.:MAC-Swedish Medical Center North Tower","PO Box 47983 Seattle, WA 98146 USA",Net 30,2026-03-22 00:00:00,5800,House Account,1
Invoice,2026-02-20 00:00:00,244518-2,203181,Elite Mechanical Services:Eli-Olympic College Bremerton,"2625 Reinhardt LN NE STE F Lacey, WA 98516 USA",Net 30,2026-03-22 00:00:00,1600,House Account,1
Invoice,2026-02-20 00:00:00,245622,53901-9897,United Systems Mechanical Inc:USM-Wesley Bradley Park Phase 2,"1400 Airport Way South Suite 202 Seattle, WA 98134",Net 30,2026-03-22 00:00:00,95,House Account,1
Invoice,2026-02-20 00:00:00,245191,C25-5600,Narrows Heating & Air Cond.:NAR-Titus Building Proctor Project,"5121 S Burlington Way Tacoma, WA 98409 USA",Net 30,2026-03-22 00:00:00,885,House Account,1
Invoice,2026-02-20 00:00:00,245311,C15251041,Universal Refrigeration:Universal Refrig - Special Projects,"4102 B Pl NW Auburn, WA 98001 USA",Net 30,2026-03-22 00:00:00,150,House Account,1
Invoice,2026-02-20 00:00:00,245134-2,union gap bank,"T & M Of WA, Inc.:T&M-Union Gap Bank","2711 S Fifth Ave Union Gap, WA 98903 USA",Net 30,2026-03-22 00:00:00,1764,House Account,1
Invoice,2026-02-20 00:00:00,243550,45000970046,Harris Pacific Northwest LLC:HRG-Crescent Harbor,"3436 Airport Drive Bellingham, WA 98226 USA",Net 30,2026-03-22 00:00:00,61470,House Account,1
Invoice,2026-02-20 00:00:00,244984,04523S/M-00031,Air Systems Engineering Inc:ASE-Consejo Graham Offices,"3602 South Pine Street Tacoma, WA 98409 USA",Net 30,2026-03-22 00:00:00,4725,House Account,1
Invoice,2026-02-20 00:00:00,245803,694470,"MacDonald-Miller Facility Solutions, Inc.:MAC-Din Tai Fung","PO Box 47983 Seattle, WA 98146 USA",Net 30,2026-03-22 00:00:00,225,House Account,1
Invoice,2026-02-20 00:00:00,245609,24-1334-7-23,Custom Mechanical Solutions,"2517 Eastlake Ave E  Suite 200 Seattle, WA 98102 USA",Net 30,2026-03-22 00:00:00,1360,House Account,1
Credit Memo,2026-02-20 00:00:00,245619,,TRS Mechanical Inc:TRS-Morton Elementary School Renovation,"9523 19th Ave E Tacoma, WA 98445 USA",Net 30,2026-03-22 00:00:00,-40,House Account,1
Credit Memo,2026-02-20 00:00:00,245821,PO034157,Hermanson Company:HER-616 Battery,"1221 2nd Ave N Kent, WA 98032 USA",Net 30,2026-03-22 00:00:00,-1703.9,House Account,1
Invoice,2026-02-21 00:00:00,245828,East Park Bremerton,"Pacific One Construction, Inc.:PON-East Park Bldg 1 Bremerton","PO Box 2097 Kirkland, WA 98083 USA",Net 30,2026-03-23 00:00:00,1120,House Account,1
Invoice,2026-02-21 00:00:00,242098-2,Victory Northgate,AMS:AMS-Victory Northgate,"22129 NE 114th ST Bellevue, WA 98053 USA",Net 30,2026-03-23 00:00:00,2050,House Account,1
Invoice,2026-02-21 00:00:00,243512-2,25353043,McKinstry Company:MCK-MRJC Detention Center,"PO Box 24406 Seattle, WA 98124 USA",Net 30,2026-03-23 00:00:00,1420.48,House Account,1
Invoice,2026-02-21 00:00:00,245831,BF928372,"Evergreen Refrigeration, LLC:Evergreen - Special Projects","727 S Kenyon St Seattle, WA 98108 USA",Net 30,2026-03-23 00:00:00,2180,House Account,1
Credit Memo,2026-02-21 00:00:00,245827,East Park Bremerton,"Pacific One Construction, Inc.:PON-East Park Bldg 1 Bremerton","PO Box 2097 Kirkland, WA 98083 USA",Net 30,2026-03-23 00:00:00,-1400,House Account,1
Invoice,2026-02-22 00:00:00,230052-2,022-007,AMS:AMS-WORP,"22129 NE 114th ST Bellevue, WA 98053 USA",Net 30,2026-03-24 00:00:00,20,House Account,1
Invoice,2026-02-23 00:00:00,245438-2,KPO00030195,Harris Pacific Northwest LLC:HRG-Harris Pacific NW Small Projects,"3436 Airport Dr Bellingham, WA 98226 USA",Net 30,2026-03-25 00:00:00,3350,House Account,1
Invoice,2026-02-23 00:00:00,245075,1022766-90063,Holaday-Parks Inc:HOL-small projects,"4600 S 134th Place Tukwila, WA 98168-3241 USA",Net 30,2026-03-25 00:00:00,325,House Account,1
Invoice,2026-02-23 00:00:00,244009-1,2402-302,"Crescent Mechanical, Inc:CRE-BTC Welding & HVAC Labs (Bates Coll","1320 26th Ave NW  #16 Auburn, WA  98001 USA",Net 30,2026-03-25 00:00:00,7450,House Account,1
Invoice,2026-02-23 00:00:00,245438-1,KPO00030195,Harris Pacific Northwest LLC:HRG-Harris Pacific NW Small Projects,"3436 Airport Dr Bellingham, WA 98226 USA",Net 30,2026-03-25 00:00:00,1925,House Account,1
Invoice,2026-02-23 00:00:00,244829-1,BF928557,"Evergreen Refrigeration, LLC:Evergreen - Special Projects","727 S Kenyon St Seattle, WA 98108 USA",Net 30,2026-03-25 00:00:00,1760,House Account,1
Invoice,2026-02-23 00:00:00,245678,693735,"MacDonald-Miller Facility Solutions, Inc.:MAC-Swedish Medical Center North Tower","PO Box 47983 Seattle, WA 98146 USA",Net 30,2026-03-25 00:00:00,1310,House Account,1
Invoice,2026-02-23 00:00:00,244543,1057809-09741,University Mechanical Contractors Inc:UMC-Lynden WWTP Expansion Stage 2,"Attn:  Accts Payable 19020 33rd AVE W STE 400 Lynnwood, WA 98036",Net 30,2026-03-25 00:00:00,5890,House Account,1
Invoice,2026-02-23 00:00:00,244116,2250704006,"Emerald Aire, Inc.:EME-LIHI 125th - Building 1","5108 D Street NW Auburn, WA 98001 USA",Net 30,2026-03-25 00:00:00,12245,House Account,1
Invoice,2026-02-23 00:00:00,245148-1,C15251041,Universal Refrigeration:Universal Refrig - Special Projects,"4102 B Pl NW Auburn, WA 98001 USA",Net 30,2026-03-25 00:00:00,75,House Account,1
Invoice,2026-02-23 00:00:00,244852-3,BF928563,"Evergreen Refrigeration, LLC:EVE-Northsound Logistics","727 S Kenyon St, Ste B Seattle, WA 98108 USA",Net 30,2026-03-25 00:00:00,5180,House Account,1
Invoice,2026-02-23 00:00:00,245358,265717,Acco Engineered Systems (401856):ACC-SEA143 Redmond East Bldg 2 Phase 2,"888 E. Walnut St (401856) Pasadena, CA 91101 USA",Net 30,2026-03-25 00:00:00,650,House Account,1
Invoice,2026-02-23 00:00:00,243228-1,BF928381,"Evergreen Refrigeration, LLC:EVE-Cam Clark Evergreen Ford","727 S Kenyon St, Ste B Seattle, WA 98108 USA",Net 30,2026-03-25 00:00:00,16095,House Account,1
Invoice,2026-02-23 00:00:00,244713-2,3016,Trimble Mechanical:TBM-Lake Wilderness Community Clubhouse,"PO Box 2327 Buckley, WA 98321 USA",Net 30,2026-03-25 00:00:00,4875,House Account,1
Invoice,2026-02-23 00:00:00,244275,57487340,Asa Pacific International,"225 SW 196th Pl Seattle, WA 98166 USA",Net 30,2026-03-25 00:00:00,3116,House Account,1
Invoice,2026-02-23 00:00:00,242288,3075-80-237000-7,Holmberg Company:HOM-Amtrak Maintenance Facilities,"12001 SE 9th Pl, Suite 300 Bellevue, WA 98005 USA",Net 30,2026-03-25 00:00:00,2670,House Account,1
Invoice,2026-02-24 00:00:00,245598,jm929054,"Evergreen Refrigeration, LLC:Evergreen - Special Projects","727 S Kenyon St Seattle, WA 98108 USA",Net 30,2026-03-26 00:00:00,425.4,House Account,1
Invoice,2026-02-24 00:00:00,245696,sp929145,"Evergreen Refrigeration, LLC:Evergreen - Special Projects","727 S Kenyon St Seattle, WA 98108 USA",Net 30,2026-03-26 00:00:00,100.1,House Account,1
Invoice,2026-02-24 00:00:00,245662,C15252104,Universal Refrigeration:Universal Refrig - Special Projects,"4102 B Pl NW Auburn, WA 98001 USA",Net 30,2026-03-26 00:00:00,59.79,House Account,1
Invoice,2026-02-24 00:00:00,245690,2S4456.000082,Auburn Mechanical Inc:AUB-Charles Schwab - South Lake WA,"PO Box 249 Auburn, WA 98071-0249 USA",Net 30,2026-03-26 00:00:00,663.24,House Account,1
Invoice,2026-02-24 00:00:00,245687,2250117-0801,"Emerald Aire, Inc.:Emerald Aire - Special Projects","5108 D St NW Auburn, WA 98001 USA",Net 30,2026-03-26 00:00:00,1617.5,House Account,1
Invoice,2026-02-24 00:00:00,245618,Mosaic,Steele Mechanical:STM-Mosaic Apartments Everett,"3615 W Mukilteo Blvd Everett, WA 98203 USA",Net 30,2026-03-26 00:00:00,58,House Account,1
Invoice,2026-02-24 00:00:00,245845,13527,Capital Heating & Cooling:CAP-Manzanita Reservoir,"PO Box 3387 Lacey, WA 98509-3387 USA",Net 30,2026-03-26 00:00:00,1670,House Account,1
Invoice,2026-02-24 00:00:00,245679,23784,TRS Mechanical Inc:TRS-Makah Tribe Health,"9523 19th Ave E Tacoma, WA 98445 USA",Net 30,2026-03-26 00:00:00,50,House Account,1
Invoice,2026-02-24 00:00:00,245646,3587-2403-630,Delta Technology Corporation:DEL-Arlington Operations Center,"1223 Valentine Ave SE Pacific, WA 98047 USA",Net 30,2026-03-26 00:00:00,1030,House Account,1
Invoice,2026-02-24 00:00:00,245055,BF928568,"Evergreen Refrigeration, LLC:EVE-Marriott SpringHill Suites Lakewood","727 S Kenyon St, Ste B Seattle, WA 98108 USA",Net 30,2026-03-26 00:00:00,2488,House Account,1
Invoice,2026-02-24 00:00:00,245962,2-6628-25106C,North Cascades Heating & A/C:NOR-Special Projects,"PO Box 348 Entiat, WA 98822 USA",Net 30,2026-03-26 00:00:00,164.07,House Account,1
Invoice,2026-02-24 00:00:00,245663,12301,Capital Heating & Cooling:CAP-JBLM UEPH Barracks,"PO Box 3387 Lacey, WA 98509-3387 USA",Net 30,2026-03-26 00:00:00,67.85,House Account,1
Invoice,2026-02-24 00:00:00,245642-1,63980,DK Systems:DK-Lummi Nation Early Learning Center,"PO Box 886 Burlington, WA 98233 USA",Net 30,2026-03-26 00:00:00,80,House Account,1
Invoice,2026-02-24 00:00:00,245852,Brown GRDs,"T & M Of WA, Inc.:T&M-Brown & Brown TI Ephrata","2711 S Fifth Ave Union Gap, WA 98903 USA",Net 30,2026-03-26 00:00:00,122,House Account,1
Invoice,2026-02-24 00:00:00,245651,63993,DK Systems:DK -Special Projects,"PO Box 886 Burlington, WA 98233 USA",Net 30,2026-03-26 00:00:00,272,House Account,1
Invoice,2026-02-24 00:00:00,245769,Chrry Street,CFM Heating & Cooling Inc:CFM Heating & Cooling GOF,"PO Box 3205 Kirkland, WA 98033 USA",Net 30,2026-03-26 00:00:00,108.95,House Account,1
Invoice,2026-02-24 00:00:00,245766,25683.0008,"JH Kelly, LLC:JHK-Special Projects","PO BOX 2038 Longview, WA 98632 USA",Net 30,2026-03-26 00:00:00,242.6,House Account,1
Invoice,2026-02-24 00:00:00,241576-1,PO034160,Hermanson Company:HER-616 Battery,"1221 2nd Ave N Kent, WA 98032 USA",Net 30,2026-03-26 00:00:00,4598.86,House Account,1
Invoice,2026-02-24 00:00:00,242279,PO034179,Hermanson Company:HER-616 Battery,"1221 2nd Ave N Kent, WA 98032 USA",Net 30,2026-03-26 00:00:00,1701,House Account,1
Invoice,2026-02-24 00:00:00,245787,2520,Delta Technology Corporation:Delta Technology GOF,"1223 Valentine Ave SE Pacific, WA 98047 USA",Net 30,2026-03-26 00:00:00,3208.8,House Account,1
Invoice,2026-02-24 00:00:00,245629,2B4476.000005,Auburn Mechanical Inc:AUB-Auburn Mechanical - Small Projects,"PO Box 249 Auburn, WA 98071-0249 USA",Net 30,2026-03-26 00:00:00,2482.79,House Account,1
Invoice,2026-02-24 00:00:00,245733,25460.32.006,"JH Kelly, LLC:JHK-Crossroads Bible Church","PO BOX 2038 Longview, WA 98632 USA",Net 30,2026-03-26 00:00:00,139.2,House Account,1
Invoice,2026-02-24 00:00:00,245538,1059603-09241,University Mechanical Contractors Inc:UMC-Fircrest Rehabilitation Facility,"Attn:  Accts Payable 19020 33rd AVE W STE 400 Lynnwood, WA 98036",Net 30,2026-03-26 00:00:00,525.4,House Account,1
Invoice,2026-02-24 00:00:00,245771,025-005,AMS:AMS-Victory Northgate,"22129 NE 114th ST Bellevue, WA 98053 USA",Net 30,2026-03-26 00:00:00,690,House Account,1
Invoice,2026-02-24 00:00:00,241526-1,PO034153,Hermanson Company:HER-616 Battery,"1221 2nd Ave N Kent, WA 98032 USA",Net 30,2026-03-26 00:00:00,3623.42,House Account,1
Invoice,2026-02-24 00:00:00,245669,PO039210,Hermanson Company:HER-616 Battery,"1221 2nd Ave N Kent, WA 98032 USA",Net 30,2026-03-26 00:00:00,567.84,House Account,1
Invoice,2026-02-24 00:00:00,245660,C25-5600,Narrows Heating & Air Cond.:Narrows Heating - Special Projects,"5121 S Burlington Way Tacoma, WA 98409 USA",Net 30,2026-03-26 00:00:00,942,House Account,1
Invoice,2026-02-24 00:00:00,245665,1023244-81123,"Holaday-Parks Inc:HOL-SWA5 - Tukwila, WA (AMZ Warehouse)","4600 S 134th Place Tukwila, WA 98168-3241 USA",Net 30,2026-03-26 00:00:00,508.14,House Account,1
Invoice,2026-02-24 00:00:00,245610,56th Ballard Apartments,Comfort Systems USA NW:CNW-56th Ballard Apartments,"17683 128th Place NE Woodinville, WA 98072 USA",Net 30,2026-03-26 00:00:00,1125,House Account,1
Invoice,2026-02-24 00:00:00,244392,KOZ Wetmore,Steele Mechanical:STM-KOZ Wetmore Everett,"3615 W Mukilteo Blvd Everett, WA 98203 USA",Net 30,2026-03-26 00:00:00,8500,House Account,1
Invoice,2026-02-24 00:00:00,245682,WORP,AMS:AMS-WORP,"22129 NE 114th ST Bellevue, WA 98053 USA",Net 30,2026-03-26 00:00:00,434.31,House Account,1
Invoice,2026-02-24 00:00:00,245682-1,WORP,AMS:AMS-WORP,"22129 NE 114th ST Bellevue, WA 98053 USA",Net 30,2026-03-26 00:00:00,250,House Account,1
Invoice,2026-02-24 00:00:00,245635,Wesley Homes Des Moines,United Systems Mechanical Inc:USM-Wesley Homes Des Moines,"1400 Airport Way S Suite 202 Seattle, WA 98134",Net 30,2026-03-26 00:00:00,1000.4,House Account,1
Invoice,2026-02-24 00:00:00,237525,164th Ave Residential - W,AMS:AMS-WORP,"22129 NE 114th ST Bellevue, WA 98053 USA",Net 30,2026-03-26 00:00:00,420,House Account,1
Invoice,2026-02-24 00:00:00,244349,KOZ Wetmore,Steele Mechanical:STM-KOZ Wetmore Everett,"3615 W Mukilteo Blvd Everett, WA 98203 USA",Net 60,2026-04-25 00:00:00,4000,,
Invoice,2026-02-24 00:00:00,242339-1,022-015,AMS:AMS-WORP,"22129 NE 114th ST Bellevue, WA 98053 USA",Net 30,2026-03-26 00:00:00,115,,
Invoice,2026-02-24 00:00:00,245607,11343,Capital Heating & Cooling:CAP-Yelm Water Reclamation Facility Ph2,"PO Box 3387 Lacey, WA 98509-3387 USA",Net 30,2026-03-26 00:00:00,800,House Account,1
Invoice,2026-02-24 00:00:00,245547,R260335,Atlas Mechanical Inc.:ATL-Woodinville Wine Village - Harvest,"428 North Pekin Road Woodland, WA 98674 USA",Net 30,2026-03-26 00:00:00,2575,House Account,1
Invoice,2026-02-24 00:00:00,245252,PO038663,Hermanson Company:HER-Small Projects,"Hermanson Company 1221 2nd Ave N Kent, WA 98032",Net 30,2026-03-26 00:00:00,7600,House Account,1
Invoice,2026-02-24 00:00:00,245537-1,Trimlite,Diamond Construction Services LLC:DIA-Trimlite,"35420 Military Rd So Auburn, WA 98001 USA",Net 30,2026-03-26 00:00:00,47800,House Account,1
Invoice,2026-02-25 00:00:00,245148-2,C15251041,Universal Refrigeration:Universal Refrig - Special Projects,"4102 B Pl NW Auburn, WA 98001 USA",Net 30,2026-03-27 00:00:00,45,House Account,1
Invoice,2026-02-25 00:00:00,244856,PO038762 15-26-30513,Hermanson Company:HER-Two Union Square,"1221 2nd Ave N Kent, WA 98032 USA",Net 30,2026-03-27 00:00:00,807,House Account,1
Invoice,2026-02-25 00:00:00,245695,Parkshore,"Pacific One Construction, Inc.:PON-Parkshore Juanita Bay","PO Box 2097 Kirkland, WA 98083 USA",Net 30,2026-03-27 00:00:00,133.72,House Account,1
Invoice,2026-02-25 00:00:00,245692,25683.0005,"JH Kelly, LLC:JHK-Special Projects","PO BOX 2038 Longview, WA 98632 USA",Net 30,2026-03-27 00:00:00,652.14,House Account,1
Invoice,2026-02-25 00:00:00,245291-3,Death & CO,CFM Heating & Cooling Inc:CFM Heating & Cooling GOF,"PO Box 3205 Kirkland, WA 98033 USA",Net 30,2026-03-27 00:00:00,88.5,House Account,1
Invoice,2026-02-25 00:00:00,245291-2,Death & CO,CFM Heating & Cooling Inc:CFM Heating & Cooling GOF,"PO Box 3205 Kirkland, WA 98033 USA",Net 30,2026-03-27 00:00:00,285.66,House Account,1
Invoice,2026-02-25 00:00:00,245291-4,Death & CO,CFM Heating & Cooling Inc:CFM Heating & Cooling GOF,"PO Box 3205 Kirkland, WA 98033 USA",Net 30,2026-03-27 00:00:00,228,House Account,1
Invoice,2026-02-25 00:00:00,245291-5,Death & CO,CFM Heating & Cooling Inc:CFM Heating & Cooling GOF,"PO Box 3205 Kirkland, WA 98033 USA",Net 30,2026-03-27 00:00:00,66.02,House Account,1
Invoice,2026-02-25 00:00:00,245800,2B4476.000007,Auburn Mechanical Inc:AUB-Auburn Mechanical - Small Projects,"PO Box 249 Auburn, WA 98071-0249 USA",Net 30,2026-03-27 00:00:00,59.28,House Account,1
Invoice,2026-02-25 00:00:00,245807,2250602,"Emerald Aire, Inc.:EME-Rejuvenate Apartments","5108 D Street NW Auburn, WA 98001 USA",Net 30,2026-03-27 00:00:00,481.2,House Account,1
Invoice,2026-02-25 00:00:00,245785,Mosaic Apartments,Steele Mechanical,"3615 W Mukilteo Blvd Everett, WA 98203 USA",Net 30,2026-03-27 00:00:00,655.2,,
Invoice,2026-02-25 00:00:00,245785-1,Mosaic Apartments,Steele Mechanical,"3615 W Mukilteo Blvd Everett, WA 98203 USA",Net 30,2026-03-27 00:00:00,13.19,,
Invoice,2026-02-25 00:00:00,245232-2,po038666,Hermanson Company:HER-Small Projects,"Hermanson Company 1221 2nd Ave N Kent, WA 98032",Net 30,2026-03-27 00:00:00,55,House Account,1
Invoice,2026-02-25 00:00:00,237973-3,Riverside Station,Zip Mechanical:ZIP-Riverside Station Apartments,"309 S Cloverdale St, Ste D43 Seattle, WA 98108 USA",Net 30,2026-03-27 00:00:00,7452,House Account,1
Invoice,2026-02-25 00:00:00,245232-1,po038666,Hermanson Company:HER-Small Projects,"Hermanson Company 1221 2nd Ave N Kent, WA 98032",Net 30,2026-03-27 00:00:00,1055.11,House Account,1
Invoice,2026-02-25 00:00:00,245847,Cherry Street,CFM Heating & Cooling Inc:CFM Heating & Cooling GOF,"PO Box 3205 Kirkland, WA 98033 USA",Net 30,2026-03-27 00:00:00,32,House Account,1
Invoice,2026-02-25 00:00:00,245596-1,po039118 16-25-28252,Hermanson Company:HER-Small Projects,"Hermanson Company 1221 2nd Ave N Kent, WA 98032",Net 30,2026-03-27 00:00:00,194,House Account,1
Invoice,2026-02-25 00:00:00,245973,PO039513,Hermanson Company:HER-Small Projects,"Hermanson Company 1221 2nd Ave N Kent, WA 98032",Net 30,2026-03-27 00:00:00,438.16,House Account,1
Invoice,2026-02-25 00:00:00,245949-2,54244-9868,United Systems Mechanical Inc:USM-Trace Apartments,"1400 Airport Way South Suite 202 Seattle, WA 98134",Net 30,2026-03-27 00:00:00,55.5,House Account,1
Invoice,2026-02-25 00:00:00,245949,54244-9868,United Systems Mechanical Inc:USM-Trace Apartments,"1400 Airport Way South Suite 202 Seattle, WA 98134",Net 30,2026-03-27 00:00:00,347.87,House Account,1
Invoice,2026-02-25 00:00:00,245915,25105.0007,"JH Kelly, LLC:JHK-Special Projects","PO BOX 2038 Longview, WA 98632 USA",Net 30,2026-03-27 00:00:00,1295.55,House Account,1
Invoice,2026-02-25 00:00:00,245951,Federal Way,"Pacific One Construction, Inc.:Pacific One Construction GOF","1108 8th St Kirkland, WA 98033 USA",Net 30,2026-03-27 00:00:00,390.54,House Account,1
Invoice,2026-02-25 00:00:00,245938,PO039548,Hermanson Company:HER-Small Projects,"Hermanson Company 1221 2nd Ave N Kent, WA 98032",Net 30,2026-03-27 00:00:00,282.94,House Account,1
Invoice,2026-02-25 00:00:00,245920,Columbia City Condos,Zip Mechanical:Zip-Columbia City Condos,"309 S Cloverdale St, Suite D43 Seattle, WA 98108 USA",Net 30,2026-03-27 00:00:00,77,House Account,1
Credit Memo,2026-02-25 00:00:00,245836,BF928557,"Evergreen Refrigeration, LLC:Evergreen - Special Projects","727 S Kenyon St Seattle, WA 98108 USA",Net 30,2026-03-27 00:00:00,-270,House Account,1
Invoice,2026-02-26 00:00:00,245339,04537/M-00039,Air Systems Engineering Inc:ASE-Air Systems - Small Projects,"3602 S Pine St Tacoma, WA 98409 USA",Net 30,2026-03-28 00:00:00,1000,House Account,1
Invoice,2026-02-26 00:00:00,243239,238651,Acco Engineered Systems (401856):ACC-Axis 9 Level 4,"888 E. Walnut St (401856) Pasadena, CA 91101 USA",Net 30,2026-03-28 00:00:00,2335,House Account,1
Invoice,2026-02-26 00:00:00,245924,56379-44310,Auburn Mechanical Inc:AUB-Auburn Mechanical - Small Projects,"PO Box 249 Auburn, WA 98071-0249 USA",Net 30,2026-03-28 00:00:00,575,House Account,1
Invoice,2026-02-26 00:00:00,244893-1,2872904,Bargreen Ellingson:Bar-Bottega - 640 Woodlands Lacey WA -,"6626 Tacoma Mall Blvd Ste B Tacoma, WA 98409 USA",Net 30,2026-03-28 00:00:00,3306,House Account,1
Invoice,2026-02-26 00:00:00,244470-1,2297-130-25,Five Star Mechanical:Fiv-Grade Road Self Storage,"7509 Grange St W Lakewood, WA 98499 USA",Net 30,2026-03-28 00:00:00,16590,House Account,1
Invoice,2026-02-26 00:00:00,244348,KOZ Wetmore,Steele Mechanical:STM-KOZ Wetmore Everett,"3615 W Mukilteo Blvd Everett, WA 98203 USA",Net 60,2026-04-27 00:00:00,4500,House Account,1
Invoice,2026-02-26 00:00:00,244157-2,13122,Capital Heating & Cooling:CAP-Maple Lane Expansion P2,"PO Box 3387 Lacey, WA 98509-3387 USA",Net 30,2026-03-28 00:00:00,22580,House Account,1
Invoice,2026-02-26 00:00:00,245988,15503,Blythe Mechanical Inc:Blythe - Special Projects,"3000 W Illinois St Bellingham, WA 98225 USA",Net 30,2026-03-28 00:00:00,475,House Account,1
Invoice,2026-02-26 00:00:00,245967,12349,"Emerald Aire, Inc.:Emerald Aire - Special Projects","5108 D St NW Auburn, WA 98001 USA",Net 30,2026-03-28 00:00:00,800,House Account,1
Invoice,2026-02-26 00:00:00,245944,PO# 166529-133798,University Mechanical Contractors Inc:UMC-Small Projects,"Attn: Accts Payable PO Box 67 Mukilteo, WA 98275-4255",Net 30,2026-03-28 00:00:00,250,House Account,1
Invoice,2026-02-26 00:00:00,246054,Mosaic & VMP,Steele Mechanical:STM-Special Projects,"3615 W Mukilteo Blvd Everett, WA 98203 USA",Net 30,2026-03-28 00:00:00,300,House Account,1
Invoice,2026-02-26 00:00:00,245587,23759,TRS Mechanical Inc:TRS-Sumner Operations Facility Phase 3,"9523 19th Ave E Tacoma, WA 98445 USA",Net 30,2026-03-28 00:00:00,805,House Account,1
Invoice,2026-02-26 00:00:00,245317,23696,TRS Mechanical Inc:TRS-Special Projects,"9523 19th Ave E Tacoma, WA 98445 USA",Net 30,2026-03-28 00:00:00,2358.7,House Account,1
Invoice,2026-02-26 00:00:00,245736,T-154,Pacific Mechanical Systems:PMS-Alderwood Water & Wastewater,"2100 196th Street SW Suite 123 Lynnwood, WA 98036",Net 30,2026-03-28 00:00:00,6280,House Account,1
Invoice,2026-02-26 00:00:00,245228-2,54347-9897,United Systems Mechanical Inc:USM-Wesley Bradley Park Phase 2,"1400 Airport Way South Suite 202 Seattle, WA 98134",Net 30,2026-03-28 00:00:00,4342,House Account,1
Invoice,2026-02-26 00:00:00,245119-1,Victory Northgate,AMS:AMS-Victory Northgate,"22129 NE 114th ST Bellevue, WA 98053 USA",Net 30,2026-03-28 00:00:00,1140,House Account,1
Invoice,2026-02-26 00:00:00,245580,brown ephrata,"T & M Of WA, Inc.:T&M-Brown & Brown TI Ephrata","2711 S Fifth Ave Union Gap, WA 98903 USA",Net 30,2026-03-28 00:00:00,275,House Account,1
Invoice,2026-02-26 00:00:00,245952,PO23704,Johnson-Barrow,"2203 23rd Ave S Seattle, WA 98144 USA",Net 30,2026-03-28 00:00:00,88,House Account,1
Invoice,2026-02-26 00:00:00,245265,1A4104.010646,Auburn Mechanical Inc:AUB-UW Haggett Hall,"PO Box 249 Auburn, WA 98071-0249 USA",Net 30,2026-03-28 00:00:00,47770,House Account,1
Invoice,2026-02-26 00:00:00,245871,A250401501,"Emerald Aire, Inc.:EME-The Foundry @ Totem Lake","5108 D Street NW Auburn, WA 98001 USA",Net 30,2026-03-28 00:00:00,525,House Account,1
Invoice,2026-02-26 00:00:00,235840,Wesley Bradley Park Phase,United Systems Mechanical Inc:USM-Wesley Bradley Park Phase 2,"1400 Airport Way South Suite 202 Seattle, WA 98134",Net 30,2026-03-28 00:00:00,7820,House Account,1
Invoice,2026-02-26 00:00:00,246077,2872904,Bargreen Ellingson:Bar-Bottega - 640 Woodlands Lacey WA -,"6626 Tacoma Mall Blvd Ste B Tacoma, WA 98409 USA",Net 30,2026-03-28 00:00:00,360,House Account,1
Invoice,2026-02-26 00:00:00,244815-1,322070,Andgar Mechanical LLC:ANG-Granary Harcourt Building B,"PO Box 2708 Ferndale, WA 98248 USA",Net 30,2026-03-28 00:00:00,860,House Account,1
Invoice,2026-02-26 00:00:00,245678-1,693735,"MacDonald-Miller Facility Solutions, Inc.:MAC-Swedish Medical Center North Tower","PO Box 47983 Seattle, WA 98146 USA",Net 30,2026-03-28 00:00:00,5190,House Account,1
Invoice,2026-02-26 00:00:00,245744,305910,Vital Mechanical Service:Vit-TerraPower,"1420 Maple Ave SW Renton, WA 98057 USA",Net 30,2026-03-28 00:00:00,370,House Account,1
Invoice,2026-02-27 00:00:00,246097,23219.0179,"JH Kelly, LLC:JHK-Special Projects","PO BOX 2038 Longview, WA 98632 USA",Net 30,2026-03-29 00:00:00,427.84,House Account,1
Invoice,2026-02-27 00:00:00,246096,25577.0026,"JH Kelly, LLC:JHK-Special Projects","PO BOX 2038 Longview, WA 98632 USA",Net 30,2026-03-29 00:00:00,187,House Account,1
Invoice,2026-02-27 00:00:00,246088,PO039710,Hermanson Company:HER-Small Projects,"Hermanson Company 1221 2nd Ave N Kent, WA 98032",Net 30,2026-03-29 00:00:00,418.12,House Account,1
Invoice,2026-02-27 00:00:00,245745,266712,Acco Engineered Systems (401856):ACC-SEA99,"888 E. Walnut St (401856) Pasadena, CA 91101 USA",Net 30,2026-03-29 00:00:00,42.07,House Account,1
Invoice,2026-02-27 00:00:00,246067,60940805,Acco Engineered Systems (401856):ACC-SEA99,"888 E. Walnut St (401856) Pasadena, CA 91101 USA",Net 30,2026-03-29 00:00:00,45.36,House Account,1
Invoice,2026-02-27 00:00:00,245905,266712,Acco Engineered Systems (401856):ACC-SEA99,"888 E. Walnut St (401856) Pasadena, CA 91101 USA",Net 30,2026-03-29 00:00:00,43.26,House Account,1
Invoice,2026-02-27 00:00:00,245905-1,266712,Acco Engineered Systems (401856):ACC-SEA99,"888 E. Walnut St (401856) Pasadena, CA 91101 USA",Net 30,2026-03-29 00:00:00,110,House Account,1
Invoice,2026-02-27 00:00:00,245905-2,266712,Acco Engineered Systems (401856):ACC-SEA99,"888 E. Walnut St (401856) Pasadena, CA 91101 USA",Net 30,2026-03-29 00:00:00,145.03,House Account,1
Invoice,2026-02-27 00:00:00,246081,54423-9891,United Systems Mechanical Inc:USM-Tanager Apartments,"1400 Airport Way South Suite 202 Seattle, WA 98134",Net 30,2026-03-29 00:00:00,173.55,House Account,1
Invoice,2026-02-27 00:00:00,246045,54244-9868,United Systems Mechanical Inc:USM-Trace Apartments,"1400 Airport Way South Suite 202 Seattle, WA 98134",Net 30,2026-03-29 00:00:00,62.8,House Account,1
Invoice,2026-02-27 00:00:00,246039,2J4501.000005,Auburn Mechanical Inc:AUB-Auburn Mechanical - Small Projects,"PO Box 249 Auburn, WA 98071-0249 USA",Net 30,2026-03-29 00:00:00,1170.61,House Account,1
Invoice,2026-02-27 00:00:00,246038,P12049-762366,Johansen Mechanical:Johansen - Special Projects,"16372 177th Ave SE Monroe, WA 98272 USA",Net 30,2026-03-29 00:00:00,41.18,House Account,1
Invoice,2026-02-27 00:00:00,245885,PO039499,Hermanson Company:HER-616 Battery,"1221 2nd Ave N Kent, WA 98032 USA",Net 30,2026-03-29 00:00:00,573.5,,
Invoice,2026-02-27 00:00:00,241527-2,PO034157,Hermanson Company:HER-616 Battery,"1221 2nd Ave N Kent, WA 98032 USA",Net 30,2026-03-29 00:00:00,3623.42,,
Invoice,2026-02-27 00:00:00,245757,04546/M-00014,Air Systems Engineering Inc:ASE-Air Systems - Small Projects,"3602 S Pine St Tacoma, WA 98409 USA",Net 30,2026-03-29 00:00:00,2793,,
Invoice,2026-02-27 00:00:00,246016,2509-2720,Ocean Park Mechanical Inc:OCE-Live Nation TI,"2428 King George Hwy  Suite102 Surrey, BC V4P 1H5 CANADA",Net 30,2026-03-29 00:00:00,209.19,House Account,1
Invoice,2026-02-27 00:00:00,245989,3573-2517-630,Delta Technology Corporation:DEL-Renton Market & Piazza TI,"1223 Valentine Ave SE Pacific, WA 98047 USA",Net 30,2026-03-29 00:00:00,1200,House Account,1
Invoice,2026-02-27 00:00:00,246010,2511-2720,Ocean Park Mechanical Inc:OCE-ONNI Level 13 Restaurant,"2428 King George Hwy  Suite102 Surrey, BC V4P 1H5 CANADA",Net 30,2026-03-29 00:00:00,425.99,House Account,1
Invoice,2026-02-27 00:00:00,245119-2,Victory Northgate,AMS:AMS-Victory Northgate,"22129 NE 114th ST Bellevue, WA 98053 USA",Net 30,2026-03-29 00:00:00,1600,,
Invoice,2026-02-27 00:00:00,245977,64072,DK Systems:DK -Special Projects,"PO Box 886 Burlington, WA 98233 USA",Net 30,2026-03-29 00:00:00,4781.42,House Account,1
Invoice,2026-02-27 00:00:00,245956,1A4104.010666,Auburn Mechanical Inc:AUB-UW Haggett Hall,"PO Box 249 Auburn, WA 98071-0249 USA",Net 30,2026-03-29 00:00:00,2979.62,House Account,1
Invoice,2026-02-27 00:00:00,245965,1G4417.030018,Auburn Mechanical Inc:AUB-Auburn Mechanical - Small Projects,"PO Box 249 Auburn, WA 98071-0249 USA",Net 30,2026-03-29 00:00:00,2635,House Account,1
Invoice,2026-02-27 00:00:00,245966,1K4233.010422,Auburn Mechanical Inc:AUB-TPS Lowell Elementary,"PO Box 249 Auburn, WA 98071-0249 USA",Net 30,2026-03-29 00:00:00,90.96,House Account,1
Invoice,2026-02-27 00:00:00,245526,118592,Shinn Mechanical Inc:Shi-Special Projects,"7010 S 188th St Kent, WA 98032 USA",Net 30,2026-03-29 00:00:00,2247.7,House Account,1
Invoice,2026-02-27 00:00:00,245866,A250401501,"Emerald Aire, Inc.:EME-The Foundry @ Totem Lake","5108 D Street NW Auburn, WA 98001 USA",Net 30,2026-03-29 00:00:00,435,House Account,1
Invoice,2026-02-27 00:00:00,245872,PO039464,Hermanson Company:HER-Small Projects,"Hermanson Company 1221 2nd Ave N Kent, WA 98032",Net 30,2026-03-29 00:00:00,1700.5,House Account,1
Invoice,2026-02-27 00:00:00,245884,A250811512,"Emerald Aire, Inc.:EME-Cultivate Apartments","5108 D Street NW Auburn, WA 98001 USA",Net 30,2026-03-29 00:00:00,6726,House Account,1
Invoice,2026-02-27 00:00:00,246150,17704B,The Salcido Connection Inc.:Salcido - Special Projects,"615 C-1 N Wenatchee Ave Wenatchee, WA 98801 USA",Net 30,2026-03-29 00:00:00,56,House Account,1
Invoice,2026-02-27 00:00:00,246105,2648,Trimble Mechanical:TBM-Premier Storage Maple Valley,"PO Box 2327 Buckley, WA 98321 USA",Net 30,2026-03-29 00:00:00,478.92,House Account,1
Credit Memo,2026-02-27 00:00:00,246153,9500-1035-237000-1,Holmberg Company:HOM-Overlook Walk Seattle Waterfront,"12001 SE 9th Pl, Suite 300 Bellevue, WA 98005 USA",Net 30,2026-03-29 00:00:00,-110,House Account,1
Invoice,2026-02-27 00:00:00,245635-1,54428-9922,United Systems Mechanical Inc:USM-Wesley Homes Des Moines,"1400 Airport Way S Suite 202 Seattle, WA 98134",Net 30,2026-03-29 00:00:00,246.1,House Account,1
Invoice,2026-02-27 00:00:00,245635-2,54428-9922,United Systems Mechanical Inc:USM-Wesley Homes Des Moines,"1400 Airport Way S Suite 202 Seattle, WA 98134",Net 30,2026-03-29 00:00:00,237.33,House Account,1
Invoice,2026-02-27 00:00:00,245635-3,54428-9922,United Systems Mechanical Inc:USM-Wesley Homes Des Moines,"1400 Airport Way S Suite 202 Seattle, WA 98134",Net 30,2026-03-29 00:00:00,24.38,House Account,1
Invoice,2026-02-27 00:00:00,245430,PO038602-1 21-25-27284,Hermanson Company:HER-Snoqualmie Valley Health SVH MOB Ph,"1221 2nd Ave N Kent, WA 98032 USA",Net 30,2026-03-29 00:00:00,490,House Account,1
Invoice,2026-02-27 00:00:00,245352,3573-2517-630,Delta Technology Corporation:DEL-Renton Market & Piazza TI,"1223 Valentine Ave SE Pacific, WA 98047 USA",Net 30,2026-03-29 00:00:00,1945,House Account,1
Invoice,2026-02-27 00:00:00,246173,406837,Sunset Air:SUN-PTOI Housing Project,"5210 Lacey Boulevard SE Lacey, WA 98503 USA",Net 30,2026-03-29 00:00:00,818,House Account,1
Invoice,2026-02-27 00:00:00,245990,PO039603 15-25-26895,Hermanson Company:HER-JPMC RIC,"1221 2nd Ave N Kent, WA 98032 USA",Net 30,2026-03-29 00:00:00,2146.08,House Account,1
Invoice,2026-02-27 00:00:00,246184-1,166390-131913,University Mechanical Contractors Inc:UMC-Small Projects,"Attn: Accts Payable PO Box 67 Mukilteo, WA 98275-4255",Net 30,2026-03-29 00:00:00,149.8,House Account,1
Invoice,2026-02-27 00:00:00,246184,166390-131913,University Mechanical Contractors Inc:UMC-Small Projects,"Attn: Accts Payable PO Box 67 Mukilteo, WA 98275-4255",Net 30,2026-03-29 00:00:00,1118.06,House Account,1
Invoice,2026-02-27 00:00:00,246156,205629,PSR Mechanical Inc:PSR-Small Projects,"PO Box 27073 Seattle, WA 98165 USA",Net 30,2026-03-29 00:00:00,208.12,House Account,1
Invoice,2026-02-27 00:00:00,246094,Death & Co,CFM Heating & Cooling Inc:CFM Heating & Cooling GOF,"PO Box 3205 Kirkland, WA 98033 USA",Net 30,2026-03-29 00:00:00,145.44,House Account,1
Invoice,2026-02-27 00:00:00,246137,PO003743,Hermanson Company:HER-Small Projects,"Hermanson Company 1221 2nd Ave N Kent, WA 98032",Net 30,2026-03-29 00:00:00,907.88,House Account,1
Invoice,2026-02-27 00:00:00,246138,PO039654 15-26-30419,Hermanson Company:HER-Two Union Square,"1221 2nd Ave N Kent, WA 98032 USA",Net 30,2026-03-29 00:00:00,807,House Account,1
Invoice,2026-02-27 00:00:00,246135,2925 Madison,"Pacific One Construction, Inc.:PON-2925 E Madison Apt - Seattle","PO Box 2097 Kirkland, WA 98083 USA",Net 30,2026-03-29 00:00:00,484,House Account,1
Invoice,2026-02-27 00:00:00,245942,203344,Elite Mechanical Services:Eli-GH Part,"2625 Reinhardt LN NE STE F Lacey, WA 98516 USA",Net 30,2026-03-29 00:00:00,425,House Account,1
Invoice,2026-02-27 00:00:00,246133,Parkshore,"Pacific One Construction, Inc.:PON-Parkshore Juanita Bay","PO Box 2097 Kirkland, WA 98083 USA",Net 30,2026-03-29 00:00:00,66,House Account,1
Invoice,2026-02-27 00:00:00,246187,Inventory Stock,Air Carolinas,"3400 Yonkers Rd Ste 110 Raleigh, NC 27604 USA",Net 30,2026-03-29 00:00:00,7903.5,House Account,1
Invoice,2026-02-27 00:00:00,246033,25460.0098,"JH Kelly, LLC:JHK-Crossroads Bible Church","PO BOX 2038 Longview, WA 98632 USA",Net 30,2026-03-29 00:00:00,52.4,House Account,1
Invoice,2026-02-27 00:00:00,245498-1,54391-9897,United Systems Mechanical Inc:USM-Wesley Bradley Park Phase 2,"1400 Airport Way South Suite 202 Seattle, WA 98134",Net 30,2026-03-29 00:00:00,23.22,House Account,1
Invoice,2026-02-27 00:00:00,246003,54420-9897,United Systems Mechanical Inc:USM-Wesley Bradley Park Phase 2,"1400 Airport Way South Suite 202 Seattle, WA 98134",Net 30,2026-03-29 00:00:00,250.24,House Account,1
Invoice,2026-02-27 00:00:00,245971,sp929191,"Evergreen Refrigeration, LLC:Evergreen - Special Projects","727 S Kenyon St Seattle, WA 98108 USA",Net 30,2026-03-29 00:00:00,9.62,House Account,1
Invoice,2026-02-27 00:00:00,245987-1,Snow Peak,Tapps Electric,"1202 Main Street Sumner, WA 98390 USA",Net 30,2026-03-29 00:00:00,261.92,House Account,1
Invoice,2026-02-27 00:00:00,245987,Snow Peak,Tapps Electric,"1202 Main Street Sumner, WA 98390 USA",Net 30,2026-03-29 00:00:00,79.65,House Account,1
Invoice,2026-02-27 00:00:00,244819,235212,Acco Engineered Systems (401856):ACC-Redmond East Building 3 SEA135,"888 E. Walnut St (401856) Pasadena, CA 91101 USA",Net 30,2026-03-29 00:00:00,7910,House Account,1
Invoice,2026-02-27 00:00:00,244599,1S4198.010004,Auburn Mechanical Inc:AUB-ASUW Shell House Renovation,"PO Box 249 Auburn, WA 98071-0249 USA",Net 30,2026-03-29 00:00:00,5130,House Account,1
Invoice,2026-02-27 00:00:00,246044,4423-237000-1,Holmberg Company:HOM-Special Projects,"12001 SE 9th Pl, Suite 300 Bellevue, WA 98005 USA",Net 30,2026-03-29 00:00:00,80.18,House Account,1
Invoice,2026-02-27 00:00:00,245993,118631,Shinn Mechanical Inc:Shi-Special Projects,"7010 S 188th St Kent, WA 98032 USA",Net 30,2026-03-29 00:00:00,3600,House Account,1
Invoice,2026-02-27 00:00:00,245590,04538/M-00003,Air Systems Engineering Inc:ASE-Air Systems - Small Projects,"3602 S Pine St Tacoma, WA 98409 USA",Net 30,2026-03-29 00:00:00,880,House Account,1
Invoice,2026-02-27 00:00:00,245500,A250408504,"Emerald Aire, Inc.:Emerald Aire - Special Projects","5108 D St NW Auburn, WA 98001 USA",Net 30,2026-03-29 00:00:00,275,House Account,1
Invoice,2026-02-27 00:00:00,245508,A250811509,"Emerald Aire, Inc.:EME-Cultivate Apartments","5108 D Street NW Auburn, WA 98001 USA",Net 30,2026-03-29 00:00:00,195,House Account,1
Invoice,2026-02-27 00:00:00,241352,2250502002,"Emerald Aire, Inc.:EME-Riverfront Building C","5108 D Street NW Auburn, WA 98001 USA",Net 30,2026-03-29 00:00:00,29265,House Account,1
Invoice,2026-02-27 00:00:00,245674,693457,"MacDonald-Miller Facility Solutions, Inc.:MAC-Swedish Medical Center North Tower","PO Box 47983 Seattle, WA 98146 USA",Net 30,2026-03-29 00:00:00,1550,House Account,1
Invoice,2026-02-27 00:00:00,235905-12,PO025716-1,Hermanson Company:HER-616 Battery,"1221 2nd Ave N Kent, WA 98032 USA",Net 30,2026-03-29 00:00:00,1025.02,House Account,1
Invoice,2026-02-27 00:00:00,235905-13,PO025716-1,Hermanson Company:HER-616 Battery,"1221 2nd Ave N Kent, WA 98032 USA",Net 30,2026-03-29 00:00:00,1025.02,House Account,1
Invoice,2026-02-27 00:00:00,245383,71134,"JH Kelly, LLC:JHK-Special Projects","PO BOX 2038 Longview, WA 98632 USA",Net 30,2026-03-29 00:00:00,365,House Account,1
Invoice,2026-02-27 00:00:00,235905-11,PO025716-1,Hermanson Company:HER-616 Battery,"1221 2nd Ave N Kent, WA 98032 USA",Net 30,2026-03-29 00:00:00,1025.02,House Account,1
Invoice,2026-02-27 00:00:00,245717,025-012,AMS:AMS-Victory Northgate,"22129 NE 114th ST Bellevue, WA 98053 USA",Net 30,2026-03-29 00:00:00,480,House Account,1
Invoice,2026-02-27 00:00:00,245489,4526M15,Air Systems Engineering Inc:ASE-Embassy Suites Roof Equipment Retro,"3602 South Pine Street Tacoma, WA 98409 USA",Net 30,2026-03-29 00:00:00,7605,House Account,1
Invoice,2026-02-27 00:00:00,242150-1,3553-2511-635,Delta Technology Corporation:DEL-Evergreen School South Campus,"1223 Valentine Ave SE Pacific, WA 98047 USA",Net 30,2026-03-29 00:00:00,2000,House Account,1
Invoice,2026-02-27 00:00:00,244827-1,BF928567,"Evergreen Refrigeration, LLC:Evergreen - Special Projects","727 S Kenyon St Seattle, WA 98108 USA",Net 30,2026-03-29 00:00:00,1450,House Account,1
Invoice,2026-02-27 00:00:00,245843,13527,Capital Heating & Cooling:CAP-Manzanita Reservoir,"PO Box 3387 Lacey, WA 98509-3387 USA",Net 30,2026-03-29 00:00:00,675,House Account,1
Invoice,2026-02-27 00:00:00,243888,1011171-80161,Holaday-Parks Inc,"4600 S 134th Pl Tukwila, WA 98168-3241 USA",Net 30,2026-03-29 00:00:00,16015,House Account,1
Invoice,2026-02-27 00:00:00,246144,205679,PSR Mechanical Inc:PSR-Small Projects,"PO Box 27073 Seattle, WA 98165 USA",Net 30,2026-03-29 00:00:00,200,House Account,1
Invoice,2026-02-27 00:00:00,246123,PO205657,PSR Mechanical Inc:PSR-Small Projects,"PO Box 27073 Seattle, WA 98165 USA",Net 30,2026-03-29 00:00:00,584,House Account,1
Invoice,2025-12-30 00:00:00,243137-1,2025-25-02,DB Solutions:DB-West Seattle Stadium ADA Update,"2100 196th St SW #122 Lynnwood, WA 98036 USA",Net 30,2026-01-29 00:00:00,195,House Account,1
Invoice,2025-12-30 00:00:00,242688-2,LM-TSRedmond124,Cowdrey Mechanical Systems LLC:CMS-Tractor Supply Redmond,"PO Box 519 Brush Prairie, WA 98606 USA",Net 30,2026-01-29 00:00:00,1158.5,House Account,1
Invoice,2025-12-30 00:00:00,237352,19615,Feller Heating & Air Cond.:Fel-Snohomish Readiness Center Add,"501 Virginia Street Bellingham, WA 98225 USA",Net 30,2026-01-29 00:00:00,2928.33,House Account,1
Invoice,2025-12-31 00:00:00,243596,2344,Trimble Mechanical:TBM-Premier Storage Maple Valley,"PO Box 2327 Buckley, WA 98321 USA",Net 30,2026-01-30 00:00:00,144,House Account,1
Invoice,2025-12-31 00:00:00,243508,Kendrick Landing,Sound Heating And A/C:Sou-Lakewood Apartments Kendrick Landing,"5526 184th Street East Suite A Puyallup, WA 98375",Net 30,2026-01-30 00:00:00,118,House Account,1
Invoice,2025-12-31 00:00:00,243505,Kittitas,Sound Heating And A/C:Sou-Kittitas Depot Historic Preservation,"5526 184th Street E Suite A Puyallup, WA 98375",Net 30,2026-01-30 00:00:00,240,House Account,1
Invoice,2025-12-31 00:00:00,242989,3108,Trimble Mechanical:TBM-Carbonado SD Energy Services,"PO Box 2327 Buckley, WA 98321 USA",Net 30,2026-01-30 00:00:00,1710.22,House Account,1
Invoice,2025-12-31 00:00:00,239281,2648,Trimble Mechanical:TBM-Premier Storage Maple Valley,"PO Box 2327 Buckley, WA 98321 USA",Net 30,2026-01-30 00:00:00,608.18,House Account,1
Invoice,2025-12-31 00:00:00,242930,LM-12/8/25-PortlandTracto,Cowdrey Mechanical Systems LLC:CMS-Cowdrey T.S,"PO Box 519 Brush Prairie, WA 98606 USA",Net 30,2026-01-30 00:00:00,720,House Account,1
Invoice,2025-12-31 00:00:00,242078-3,Mud Mountain Pump House,Sound Heating And A/C:Sou-Mud Mountain Pump House,"5526 184th Street E Suite A Puyallup, WA 98375",Net 30,2026-01-30 00:00:00,1550,House Account,1
Invoice,2025-12-31 00:00:00,242513-1,Polaris,AMS:AMS-Polaris at Totem Lake,"22129 NE 114th Redmond, WA 98053 USA",Net 30,2026-01-30 00:00:00,530.78,House Account,1
Invoice,2026-01-02 00:00:00,242734,R250028,Atlas Mechanical Inc.:ATL-Woodinville Wine Village - Harvest,"428 North Pekin Road Woodland, WA 98674 USA",Net 30,2026-02-01 00:00:00,3205,,
Invoice,2026-01-05 00:00:00,242611-1,Owens II,Diamond Heating:DIA-Owens II Astoria,"1425 N Roosevelt Seaside, OR 97138 USA",Net 30,2026-02-04 00:00:00,2585,,
Credit Memo,2026-01-05 00:00:00,243655,26791,Hoover Commercial Refrigeration & Mechani:HCR-Fogo de Chao,"1222 46th Avenue East Fife, WA 98424 USA",Net 30,2026-02-04 00:00:00,-657.5,House Account,1
Invoice,2026-01-05 00:00:00,243525,2909,Trimble Mechanical:TBM-Kirkland Supportive Housing,"PO Box 2327 Buckley, WA 98321 USA",Net 30,2026-02-04 00:00:00,182.89,House Account,1
Invoice,2026-01-05 00:00:00,243645,OR8231029,CoolSys Light Commercial Solutions:CoolSys Light - Small Projects,"645 E Missouri Ave, Suite 205, Phoenix Phoenix, AZ 85012 USA",Net 30,2026-02-04 00:00:00,450,House Account,1
Invoice,2026-01-06 00:00:00,237184-1,49842,Smith Mechanical,"6146 Portal Way Ferndale, WA 98248-9363 USA",Net 30,2026-02-05 00:00:00,295,House Account,1
Invoice,2026-01-06 00:00:00,243612,Kendrick,Sound Heating And A/C:Sou-Lakewood Apartments Kendrick Landing,"5526 184th Street East Suite A Puyallup, WA 98375",Net 30,2026-02-05 00:00:00,250,House Account,1
Invoice,2026-01-06 00:00:00,243649,Kendrick,Sound Heating And A/C:Sou-Lakewood Apartments Kendrick Landing,"5526 184th Street East Suite A Puyallup, WA 98375",Net 30,2026-02-05 00:00:00,119.79,House Account,1
Invoice,2026-01-07 00:00:00,243745-2,,AMS:AMS-Victory Northgate,"22129 NE 114th ST Bellevue, WA 98053 USA",Net 30,2026-02-06 00:00:00,27.39,House Account,1
Invoice,2026-01-07 00:00:00,243745,,AMS:AMS-Victory Northgate,"22129 NE 114th ST Bellevue, WA 98053 USA",Net 30,2026-02-06 00:00:00,562.54,House Account,1
Invoice,2026-01-07 00:00:00,243071,R250088,Atlas Mechanical Inc.:ATL-Village Green,"428 North Pekin Road Woodland, WA 98674",Net 30,2026-02-06 00:00:00,102623.5,House Account,1
Invoice,2026-01-07 00:00:00,243726,OR8231417,CoolSys Light Commercial Solutions:CoolSys Light - Small Projects,"645 E Missouri Ave, Suite 205, Phoenix Phoenix, AZ 85012 USA",Net 30,2026-02-06 00:00:00,39,House Account,1
Invoice,2026-01-07 00:00:00,243742,OR8231420,CoolSys Light Commercial Solutions:CoolSys Light - Small Projects,"645 E Missouri Ave, Suite 205, Phoenix Phoenix, AZ 85012 USA",Net 30,2026-02-06 00:00:00,39,House Account,1
Invoice,2026-01-07 00:00:00,243642-2,2648,Trimble Mechanical:TBM-Premier Storage Maple Valley,"PO Box 2327 Buckley, WA 98321 USA",Net 30,2026-02-06 00:00:00,23.84,House Account,1
Invoice,2026-01-07 00:00:00,243642,2648,Trimble Mechanical:TBM-Premier Storage Maple Valley,"PO Box 2327 Buckley, WA 98321 USA",Net 30,2026-02-06 00:00:00,494.41,House Account,1
Invoice,2026-01-07 00:00:00,243640,SP928616,"Evergreen Refrigeration, LLC:Evergreen - Special Projects","727 S Kenyon St Seattle, WA 98108 USA",Net 30,2026-02-06 00:00:00,28.86,House Account,1
Invoice,2026-01-07 00:00:00,242900,Sound Insulation M&M,Steele Mechanical:STM-Port of Seattle Sound Insulation,"3615 W Mukilteo Blvd Everett, WA 98203 USA",Net 30,2026-02-06 00:00:00,45,House Account,1
Invoice,2026-01-08 00:00:00,239077-1,PO030127-3,Hermanson Company:HER-Honouliuli WWTP,"1221 2nd Ave N Kent, WA 98032 USA",Net 30,2026-02-07 00:00:00,19900,House Account,1
Invoice,2026-01-08 00:00:00,241610,BF927845,"Evergreen Refrigeration, LLC:EVE-Trader Joes #293 Woodinville","727 S Kenyon St, Ste B Seattle, WA 98108 USA",Net 30,2026-02-07 00:00:00,2250,House Account,1
Invoice,2026-01-09 00:00:00,243621,PO036749-1,Hermanson Company:HER-BECU Neighborhood Financial Center,"1221 2nd Ave N Kent, WA 98032 USA",Net 30,2026-02-08 00:00:00,1815,House Account,1
Invoice,2026-01-09 00:00:00,243816,sp928667,"Evergreen Refrigeration, LLC:Evergreen - Special Projects","727 S Kenyon St Seattle, WA 98108 USA",Net 30,2026-02-08 00:00:00,2163.98,House Account,1
Invoice,2026-01-09 00:00:00,243868,1157,Phoenix Mechanical Inc:PHO-Norman Rockwell ES,"11119 Valley Ave E Puyallup, WA 98372 USA",Net 30,2026-02-08 00:00:00,18.06,House Account,1
Invoice,2026-01-09 00:00:00,243781,2909,Trimble Mechanical:TBM-Kirkland Supportive Housing,"PO Box 2327 Buckley, WA 98321 USA",Net 30,2026-02-08 00:00:00,35,House Account,1
Invoice,2026-01-09 00:00:00,243812,2509-2720,Ocean Park Mechanical Inc:OCE-Live Nation TI,"2428 King George Hwy  Suite102 Surrey, BC V4P 1H5 CANADA",Net 30,2026-02-08 00:00:00,181.92,House Account,1
Invoice,2026-01-09 00:00:00,243789,Polaris,AMS:AMS-Polaris at Totem Lake,"22129 NE 114th Redmond, WA 98053 USA",Net 30,2026-02-08 00:00:00,210.2,House Account,1
Invoice,2026-01-09 00:00:00,243698-1,Polaris at Totem Lake,AMS:AMS-Polaris at Totem Lake,"22129 NE 114th Redmond, WA 98053 USA",Net 30,2026-02-08 00:00:00,111.2,House Account,1
Invoice,2026-01-09 00:00:00,243698,Polaris at Totem Lake,AMS:AMS-Polaris at Totem Lake,"22129 NE 114th Redmond, WA 98053 USA",Net 30,2026-02-08 00:00:00,24,House Account,1
Invoice,2026-01-09 00:00:00,243776,2511-2775,Ocean Park Mechanical Inc:OCE-ONNI Level 13 Restaurant,"2428 King George Hwy  Suite102 Surrey, BC V4P 1H5 CANADA",Net 30,2026-02-08 00:00:00,198.6,House Account,1
Invoice,2026-01-09 00:00:00,243599,Mosaic apartments,Steele Mechanical:STM-Mosaic Apartments Everett,"3615 W Mukilteo Blvd Everett, WA 98203 USA",Net 30,2026-02-08 00:00:00,430,House Account,1
Invoice,2026-01-09 00:00:00,243799-1,PO036949,Hermanson Company:HER-616 Battery,"1221 2nd Ave N Kent, WA 98032 USA",Net 30,2026-02-08 00:00:00,21.57,House Account,1
Invoice,2026-01-09 00:00:00,243799,PO036949,Hermanson Company:HER-616 Battery,"1221 2nd Ave N Kent, WA 98032 USA",Net 30,2026-02-08 00:00:00,925.3,House Account,1
Invoice,2026-01-09 00:00:00,240836-2,PO033161,Hermanson Company:HER-616 Battery,"1221 2nd Ave N Kent, WA 98032 USA",Net 30,2026-02-08 00:00:00,3996.12,House Account,1
Invoice,2026-01-09 00:00:00,243724,OR8231385,CoolSys Light Commercial Solutions:CoolSys Light - Small Projects,"645 E Missouri Ave, Suite 205, Phoenix Phoenix, AZ 85012 USA",Net 30,2026-02-08 00:00:00,556,House Account,1
Invoice,2026-01-09 00:00:00,243727,PO036930,Hermanson Company:HER-Small Projects,"Hermanson Company 1221 2nd Ave N Kent, WA 98032",Net 30,2026-02-08 00:00:00,340.96,House Account,1
Invoice,2026-01-09 00:00:00,243759,PO036944,Hermanson Company:HER-Small Projects,"Hermanson Company 1221 2nd Ave N Kent, WA 98032",Net 30,2026-02-08 00:00:00,183.9,House Account,1
Invoice,2026-01-09 00:00:00,243561-2,WORP - Kolter,AMS:AMS-WORP,"22129 NE 114th ST Bellevue, WA 98053 USA",Net 30,2026-02-08 00:00:00,192,House Account,1
Invoice,2026-01-09 00:00:00,243561-1,WORP - Kolter,AMS:AMS-WORP,"22129 NE 114th ST Bellevue, WA 98053 USA",Net 30,2026-02-08 00:00:00,156.72,House Account,1
Invoice,2026-01-09 00:00:00,243268-1,Polaris Totem Lake Blake,AMS:AMS-Polaris at Totem Lake,"22129 NE 114th Redmond, WA 98053 USA",Net 30,2026-02-08 00:00:00,1350.72,House Account,1
Invoice,2026-01-09 00:00:00,243647,030-005,AMS:AMS-Village at 47th,"22129 NE 114th Redmond, WA 98053 USA",Net 30,2026-02-08 00:00:00,7800,House Account,1
Invoice,2026-01-09 00:00:00,240867-1,PO033172,Hermanson Company:HER-616 Battery,"1221 2nd Ave N Kent, WA 98032 USA",Net 30,2026-02-08 00:00:00,1232,House Account,1
Invoice,2026-01-09 00:00:00,240867,PO033172,Hermanson Company:HER-616 Battery,"1221 2nd Ave N Kent, WA 98032 USA",Net 30,2026-02-08 00:00:00,3331.66,House Account,1
Invoice,2026-01-09 00:00:00,239939,PO030718,Hermanson Company:HER-616 Battery,"1221 2nd Ave N Kent, WA 98032 USA",Net 30,2026-02-08 00:00:00,1704,House Account,1
Invoice,2026-01-09 00:00:00,243848,PO036989-1,Hermanson Company:HER-616 Battery,"1221 2nd Ave N Kent, WA 98032 USA",Net 30,2026-02-08 00:00:00,3080,House Account,1
Invoice,2026-01-09 00:00:00,242900-1,Sound Insulation M&M,Steele Mechanical:STM-Port of Seattle Sound Insulation,"3615 W Mukilteo Blvd Everett, WA 98203 USA",Net 30,2026-02-08 00:00:00,675,House Account,1
Invoice,2026-01-12 00:00:00,240588-1,22736,TRS Mechanical Inc:TRS-Morton Elementary School Renovation,"9523 19th Ave E Tacoma, WA 98445 USA",Net 30,2026-02-11 00:00:00,1515,House Account,1
Invoice,2026-01-12 00:00:00,239427,Victory Northgate,AMS:AMS-Victory Northgate,"22129 NE 114th ST Bellevue, WA 98053 USA",Net 30,2026-02-11 00:00:00,295,,
Invoice,2026-01-12 00:00:00,241989,244204,Acco Engineered Systems (401856):ACC-Lake Washington SD - Eastlake HS,"888 E. Walnut St (401856) Pasadena, CA 91101 USA",Net 30,2026-02-11 00:00:00,3300,,
Invoice,2026-01-12 00:00:00,242350,3577-2406-630,Delta Technology Corporation:DEL-Big Picture School Bellevue,"1223 Valentine Ave SE Pacific, WA 98047 USA",Net 30,2026-02-11 00:00:00,6300,House Account,1
Invoice,2026-01-12 00:00:00,243487,683073,"MacDonald-Miller Facility Solutions, Inc.:MAC-Swedish Medical Center North Tower","PO Box 47983 Seattle, WA 98146 USA",Net 30,2026-02-11 00:00:00,9725,House Account,1
Invoice,2026-01-13 00:00:00,242711,KPO00028604,Harris Pacific Northwest LLC:HRG-Cowlitz County Hall of Justice,"3436 Airport Drive Bellingham, WA 98226 USA",Net 30,2026-02-12 00:00:00,10555,House Account,1
Invoice,2026-01-13 00:00:00,243228,BF928381,"Evergreen Refrigeration, LLC:EVE-Cam Clark Evergreen Ford","727 S Kenyon St, Ste B Seattle, WA 98108 USA",Net 30,2026-02-12 00:00:00,580,House Account,1
Invoice,2026-01-13 00:00:00,242088,30622,"Morgan Mechanical, LLC","12314 134th Ct NE Redmond, WA 98052 USA",Net 30,2026-02-12 00:00:00,5000,House Account,1
Invoice,2026-01-13 00:00:00,244053,3167,Trimble Mechanical:TBM-Vashon Community Food Bank,"PO Box 2327 Buckley, WA 98321 USA",Net 30,2026-02-12 00:00:00,650,House Account,1
Invoice,2026-01-13 00:00:00,243820,2491,Delta Technology Corporation:Delta Technology GOF,"1223 Valentine Ave SE Pacific, WA 98047 USA",Net 30,2026-02-12 00:00:00,1932,House Account,1
Invoice,2026-01-13 00:00:00,243561,WORP - Kolter,AMS:AMS-WORP,"22129 NE 114th ST Bellevue, WA 98053 USA",Net 30,2026-02-12 00:00:00,250,House Account,1
Invoice,2026-01-13 00:00:00,243223,BF928363,"Evergreen Refrigeration, LLC:Evergreen - Special Projects","727 S Kenyon St Seattle, WA 98108 USA",Net 30,2026-02-12 00:00:00,153,House Account,1
Invoice,2026-01-13 00:00:00,242952,BF928200,"Evergreen Refrigeration, LLC:Evergreen - Special Projects","727 S Kenyon St Seattle, WA 98108 USA",Net 30,2026-02-12 00:00:00,2040,House Account,1
Invoice,2026-01-13 00:00:00,243918,PO037144,Hermanson Company:HER-Small Projects,"Hermanson Company 1221 2nd Ave N Kent, WA 98032",Net 30,2026-02-12 00:00:00,321.28,House Account,1
Invoice,2026-01-13 00:00:00,243906,2648,Trimble Mechanical:TBM-Premier Storage Maple Valley,"PO Box 2327 Buckley, WA 98321 USA",Net 30,2026-02-12 00:00:00,183.77,House Account,1
Invoice,2026-01-13 00:00:00,243862,sp928678,"Evergreen Refrigeration, LLC:Evergreen - Special Projects","727 S Kenyon St Seattle, WA 98108 USA",Net 30,2026-02-12 00:00:00,1404.82,House Account,1
Invoice,2026-01-13 00:00:00,243893-1,PO037090,Hermanson Company:HER-HealthPoint Tukwila - Health and We,"1221 2nd Ave N Kent, WA 98032 USA",Net 30,2026-02-12 00:00:00,35.38,House Account,1
Invoice,2026-01-13 00:00:00,243893,PO037090,Hermanson Company:HER-HealthPoint Tukwila - Health and We,"1221 2nd Ave N Kent, WA 98032 USA",Net 30,2026-02-12 00:00:00,4945,House Account,1
Invoice,2026-01-13 00:00:00,243973,685729,"MacDonald-Miller Facility Solutions, Inc.:MAC-Port of Tacoma","PO Box 47983 Seattle, WA 98146 USA",Net 30,2026-02-12 00:00:00,6854,House Account,1
Invoice,2026-01-13 00:00:00,243917,2A4394.000002,Auburn Mechanical Inc:AUB-Bellevue College Building C-Student,"PO Box 249 Auburn, WA 98071-0249 USA",Net 30,2026-02-12 00:00:00,958.46,House Account,1
Invoice,2026-01-13 00:00:00,242355,3577-2406-630,Delta Technology Corporation:DEL-Big Picture School Bellevue,"1223 Valentine Ave SE Pacific, WA 98047 USA",Net 30,2026-02-12 00:00:00,13650,House Account,1
Invoice,2026-01-13 00:00:00,243531,PO036599-2,Hermanson Company:HER-Small Projects,"Hermanson Company 1221 2nd Ave N Kent, WA 98032",Net 30,2026-02-12 00:00:00,2429,House Account,1
Invoice,2026-01-13 00:00:00,244026,S8161JG,TMFS:TMFS - GOF,"PO Box 11252 Portland, OR 97211 USA",Net 30,2026-02-12 00:00:00,579.99,House Account,1
Invoice,2026-01-13 00:00:00,243048,WORP - Bryce - EWH,AMS:AMS-WORP,"22129 NE 114th ST Bellevue, WA 98053 USA",Net 30,2026-02-12 00:00:00,990,House Account,1
Invoice,2026-01-14 00:00:00,239077-2,PO030127-3,Hermanson Company:HER-Honouliuli WWTP,"1221 2nd Ave N Kent, WA 98032 USA",Net 30,2026-02-13 00:00:00,5700,House Account,1
Invoice,2026-01-14 00:00:00,243667,Kittitas,Sound Heating And A/C:Sou-Kittitas Depot Historic Preservation,"5526 184th Street E Suite A Puyallup, WA 98375",Net 30,2026-02-13 00:00:00,130,House Account,1
Invoice,2026-01-14 00:00:00,243785,R250235,Atlas Mechanical Inc.:ATL-Village Green,"428 North Pekin Road Woodland, WA 98674",Net 30,2026-02-13 00:00:00,3325,House Account,1
Invoice,2026-01-14 00:00:00,244025,2352-001,"Miller Sheetmetal, Inc.:MIL-Granite Falls WWTF","1642 Navy Yard Highway West Bremerton, WA 98312 USA",Net 30,2026-02-13 00:00:00,554.54,House Account,1
Invoice,2026-01-14 00:00:00,244094,118730,"R & H Mechanical, Inc.:R&H-Special Projects","1711 Port Dr Burlington, WA 98233 USA",Net 30,2026-02-13 00:00:00,235,House Account,1
Invoice,2026-01-16 00:00:00,243964,PO037205,Hermanson Company:HER-Small Projects,"Hermanson Company 1221 2nd Ave N Kent, WA 98032",Net 30,2026-02-15 00:00:00,218,House Account,1
Invoice,2026-01-16 00:00:00,244049,2511-2720,Ocean Park Mechanical Inc:OCE-ONNI Level 13 Restaurant,"2428 King George Hwy  Suite102 Surrey, BC V4P 1H5 CANADA",Net 30,2026-02-15 00:00:00,56.12,House Account,1
Invoice,2026-01-16 00:00:00,244114,sp928714,"Evergreen Refrigeration, LLC:Evergreen - Special Projects","727 S Kenyon St Seattle, WA 98108 USA",Net 30,2026-02-15 00:00:00,206.62,House Account,1
Invoice,2026-01-16 00:00:00,244110,PO037344,Hermanson Company:HER-Small Projects,"Hermanson Company 1221 2nd Ave N Kent, WA 98032",Net 30,2026-02-15 00:00:00,693,House Account,1
Invoice,2026-01-16 00:00:00,244112-2,PO037345,Hermanson Company:HER-Small Projects,"Hermanson Company 1221 2nd Ave N Kent, WA 98032",Net 30,2026-02-15 00:00:00,70.75,House Account,1
Invoice,2026-01-16 00:00:00,244112,PO037345,Hermanson Company:HER-Small Projects,"Hermanson Company 1221 2nd Ave N Kent, WA 98032",Net 30,2026-02-15 00:00:00,297.9,House Account,1
Invoice,2026-01-16 00:00:00,244079,60940766,Acco Engineered Systems (401856):ACC-Turner Office,"888 E. Walnut St (401856) Pasadena, CA 91101 USA",Net 30,2026-02-15 00:00:00,58.86,House Account,1
Invoice,2026-01-16 00:00:00,244041,jm928652,"Evergreen Refrigeration, LLC:Evergreen - Special Projects","727 S Kenyon St Seattle, WA 98108 USA",Net 30,2026-02-15 00:00:00,47.91,House Account,1
Invoice,2026-01-16 00:00:00,240865-2,PO033214,Hermanson Company:HER-616 Battery,"1221 2nd Ave N Kent, WA 98032 USA",Net 30,2026-02-15 00:00:00,3623.42,House Account,1
Invoice,2026-01-16 00:00:00,243268-3,Polaris Totem Lake Blake,AMS:AMS-Polaris at Totem Lake,"22129 NE 114th Redmond, WA 98053 USA",Net 30,2026-02-15 00:00:00,137,House Account,1
Invoice,2026-01-16 00:00:00,243964-2,PO037205,Hermanson Company:HER-Small Projects,"Hermanson Company 1221 2nd Ave N Kent, WA 98032",Net 30,2026-02-15 00:00:00,1062.2,House Account,1
Invoice,2026-01-16 00:00:00,242270,PO034168,Hermanson Company:HER-616 Battery,"1221 2nd Ave N Kent, WA 98032 USA",Net 30,2026-02-15 00:00:00,1704,House Account,1
Invoice,2026-01-16 00:00:00,241523-1,PO034137,Hermanson Company:HER-616 Battery,"1221 2nd Ave N Kent, WA 98032 USA",Net 30,2026-02-15 00:00:00,4598.86,House Account,1
Invoice,2026-01-16 00:00:00,243983,PO036948-1,Hermanson Company:HER-North Basin Restroom and Laundry Re,"1221 2nd Ave N Kent, WA 98032 USA",Net 30,2026-02-15 00:00:00,615,House Account,1
Invoice,2026-01-16 00:00:00,243884,PO036948-1,Hermanson Company:HER-North Basin Restroom and Laundry Re,"1221 2nd Ave N Kent, WA 98032 USA",Net 30,2026-02-15 00:00:00,425,House Account,1
Invoice,2026-01-16 00:00:00,243884-1,PO036948-1,Hermanson Company:HER-North Basin Restroom and Laundry Re,"1221 2nd Ave N Kent, WA 98032 USA",Net 30,2026-02-15 00:00:00,670,House Account,1
Invoice,2026-01-17 00:00:00,243975,OR380896,CoolSys Light Commercial Solutions:CoolSys Light - Small Projects,"645 E Missouri Ave, Suite 205, Phoenix Phoenix, AZ 85012 USA",Net 30,2026-02-16 00:00:00,1949.86,House Account,1
Invoice,2026-01-17 00:00:00,242818,258553,Acco Engineered Systems (401856):ACC-Sound Transit - KSAI Parking,"888 E. Walnut St (401856) Pasadena, CA 91101 USA",Net 30,2026-02-16 00:00:00,56560,House Account,1
Invoice,2026-01-17 00:00:00,243447,BF928540,"Evergreen Refrigeration, LLC:EVE-Kiddie Academy Bridgeport","727 S Kenyon St, Ste B Seattle, WA 98108 USA",Net 30,2026-02-16 00:00:00,2400,House Account,1
Invoice,2026-01-17 00:00:00,243133,3573-2517-630,Delta Technology Corporation:DEL-Renton Market & Piazza TI,"1223 Valentine Ave SE Pacific, WA 98047 USA",Net 30,2026-02-16 00:00:00,4965,House Account,1
Invoice,2026-01-17 00:00:00,244135,PO037367,Hermanson Company:HER-Small Projects,"Hermanson Company 1221 2nd Ave N Kent, WA 98032",Net 30,2026-02-16 00:00:00,250,House Account,1
Invoice,2026-01-17 00:00:00,242452-1,256033,Acco Engineered Systems (401856):ACC-NE 8th Ground Level 01 Suite C,"888 E. Walnut St (401856) Pasadena, CA 91101 USA",Net 30,2026-02-16 00:00:00,14525,House Account,1
Invoice,2026-01-17 00:00:00,244091,OR8232918,CoolSys Light Commercial Solutions:CoolSys Light - Small Projects,"645 E Missouri Ave, Suite 205, Phoenix Phoenix, AZ 85012 USA",Net 30,2026-02-16 00:00:00,179.99,House Account,1
Invoice,2026-01-17 00:00:00,243855,1021793-55264,Holaday-Parks Inc:HOL-small projects,"4600 S 134th Place Tukwila, WA 98168-3241 USA",Net 30,2026-02-16 00:00:00,70,House Account,1
Invoice,2026-01-17 00:00:00,243764-1,1021801-63374,Holaday-Parks Inc:HOL-small projects,"4600 S 134th Place Tukwila, WA 98168-3241 USA",Net 30,2026-02-16 00:00:00,261,House Account,1
Invoice,2026-01-17 00:00:00,242336,1157-323,Phoenix Mechanical Inc:PHO-Norman Rockwell ES,"11119 Valley Ave E Puyallup, WA 98372 USA",Net 30,2026-02-16 00:00:00,12695,House Account,1
Invoice,2026-01-19 00:00:00,243815,685719,"MacDonald-Miller Facility Solutions, Inc.:MAC-Port of Tacoma","PO Box 47983 Seattle, WA 98146 USA",Net 30,2026-02-18 00:00:00,6281,,
Invoice,2026-01-19 00:00:00,244178,3174,Trimble Mechanical:TBM-Premier Storage Maple Valley,"PO Box 2327 Buckley, WA 98321 USA",Net 30,2026-02-18 00:00:00,216.88,House Account,1
Invoice,2026-01-19 00:00:00,244160-1,PO037385,Hermanson Company:HER-Small Projects,"Hermanson Company 1221 2nd Ave N Kent, WA 98032",Net 30,2026-02-18 00:00:00,2815.22,House Account,1
Invoice,2026-01-19 00:00:00,244233,sp928757,"Evergreen Refrigeration, LLC:Evergreen - Special Projects","727 S Kenyon St Seattle, WA 98108 USA",Net 30,2026-02-18 00:00:00,20.02,House Account,1
Invoice,2026-01-19 00:00:00,244331,17704B,The Salcido Connection Inc.:Salcido - Special Projects,"615 C-1 N Wenatchee Ave Wenatchee, WA 98801 USA",Net 30,2026-02-18 00:00:00,111,House Account,1
Invoice,2026-01-19 00:00:00,244183,1022130-55273,Holaday-Parks Inc:HOL-McKinley Elementary School,"4600 S 134th Place Tukwila, WA 98168-3241 USA",Net 30,2026-02-18 00:00:00,44,House Account,1
Invoice,2026-01-19 00:00:00,244160,PO037385,Hermanson Company:HER-Small Projects,"Hermanson Company 1221 2nd Ave N Kent, WA 98032",Net 30,2026-02-18 00:00:00,328.3,House Account,1
Invoice,2026-01-19 00:00:00,243878,PO036948-1,Hermanson Company:HER-North Basin Restroom and Laundry Re,"1221 2nd Ave N Kent, WA 98032 USA",Net 30,2026-02-18 00:00:00,2000,House Account,1
Invoice,2026-01-19 00:00:00,243935,23517-214053,Total Energy Management:TOT-Bridgeport Elementary School Modern,"2521 Stevens Drive Richland, WA 99354 USA",Net 30,2026-02-18 00:00:00,126.19,House Account,1
Invoice,2026-01-19 00:00:00,244296,PO 30761,"Morgan Mechanical, LLC","12314 134th Ct NE Redmond, WA 98052 USA",Net 30,2026-02-18 00:00:00,254.99,House Account,1
Invoice,2026-01-19 00:00:00,243773,Reber Ranch,Sound Heating And A/C:Sou-Reber Ranch,"5526 184th Street E Suite A Puyallup, WA 98375",Net 30,2026-02-18 00:00:00,900,House Account,1
Invoice,2026-01-19 00:00:00,244245,686316,"MacDonald-Miller Facility Solutions, Inc.:MAC-MHS Auburn Infrastructure Upgrades","PO Box 47983 Seattle, WA 98146 USA",Net 30,2026-02-18 00:00:00,175,House Account,1
Invoice,2026-01-19 00:00:00,243913,R250255,Atlas Mechanical Inc.:ATL-Woodinville Wine Village - Harvest,"428 North Pekin Road Woodland, WA 98674 USA",Net 30,2026-02-18 00:00:00,250,House Account,1
Invoice,2026-01-20 00:00:00,243834,PO036948-1,Hermanson Company:HER-North Basin Restroom and Laundry Re,"1221 2nd Ave N Kent, WA 98032 USA",Net 30,2026-02-19 00:00:00,2015,House Account,1
Invoice,2026-01-20 00:00:00,243790,685555,"MacDonald-Miller Facility Solutions, Inc.:MAC-MHS Auburn Infrastructure Upgrades","PO Box 47983 Seattle, WA 98146 USA",Net 30,2026-02-19 00:00:00,441,House Account,1
Invoice,2026-01-20 00:00:00,243718,258553,Acco Engineered Systems (401856):ACC-Sound Transit - KSAI Parking,"888 E. Walnut St (401856) Pasadena, CA 91101 USA",Net 30,2026-02-19 00:00:00,8150,House Account,1
Invoice,2026-01-20 00:00:00,243294-2,C25-5590,Narrows Heating & Air Cond.:NAR-Titus Will,"5121 S Burlington Way Tacoma, WA 98409 USA",Net 30,2026-02-19 00:00:00,668.57,House Account,1
Invoice,2026-01-20 00:00:00,243540,1051490,University Mechanical Contractors Inc:UMC-Fircrest Rehabilitation Facility,"Attn:  Accts Payable 19020 33rd AVE W STE 400 Lynnwood, WA 98036",Net 30,2026-02-19 00:00:00,14660,House Account,1
Invoice,2026-01-20 00:00:00,243921,PO036980-1,Hermanson Company:HER-Microsoft Buildings 34 & 35 LCR Equ,"c/o MS B34 Dan Composano 206-510-4171 3720 159th Ave NE Redmond, WA 98052",Net 30,2026-02-19 00:00:00,19655,House Account,1
Invoice,2026-01-20 00:00:00,244053-1,3167,Trimble Mechanical:TBM-Vashon Community Food Bank,"PO Box 2327 Buckley, WA 98321 USA",Net 30,2026-02-19 00:00:00,325,House Account,1
Invoice,2026-01-20 00:00:00,241626-2,118668,"R & H Mechanical, Inc.:R&H-AEG Vision Renovation","1711 Port Dr Burlington, WA 98233 USA",Net 30,2026-02-19 00:00:00,1059,House Account,1
Invoice,2026-01-21 00:00:00,243849,238651,Acco Engineered Systems (401856):ACC-Axis 9 Level 10,"888 E. Walnut St (401856) Pasadena, CA 91101 USA",Net 30,2026-02-20 00:00:00,225,House Account,1
Invoice,2026-01-21 00:00:00,244043,Steve Boak,Ocean Park Mechanical Inc:OCE-Fairfield Slater Mixed Use,"2428 King George Hwy  Suite102 Surrey, BC V4P 1H5 CAN",Net 30,2026-02-20 00:00:00,2200,,
Invoice,2026-01-21 00:00:00,244369,R260096,Atlas Mechanical Inc.:ATL-Small Projects,"428 North Pekin Road Woodland, WA 98674 USA",Net 30,2026-02-20 00:00:00,75,House Account,1
Invoice,2026-01-21 00:00:00,244171,PO037376-1,Hermanson Company:HER-North Basin Restroom and Laundry Re,"1221 2nd Ave N Kent, WA 98032 USA",Net 30,2026-02-20 00:00:00,915,House Account,1
Invoice,2026-01-21 00:00:00,243909,124013-10,Comfort Systems USA NW:CNW-56th Ballard Apartments,"17683 128th Place NE Woodinville, WA 98072 USA",Net 30,2026-02-20 00:00:00,465,House Account,1
Invoice,2026-01-21 00:00:00,242930-1,LM-12/8/25-PortlandTracto,Cowdrey Mechanical Systems LLC:CMS-Cowdrey T.S,"PO Box 519 Brush Prairie, WA 98606 USA",Net 30,2026-02-20 00:00:00,6430,House Account,1
Invoice,2026-01-21 00:00:00,243412,PO036510-1,Hermanson Company:HER-HealthPoint Tukwila - Health and We,"1221 2nd Ave N Kent, WA 98032 USA",Net 30,2026-02-20 00:00:00,4190,House Account,1
Invoice,2026-01-22 00:00:00,244471,KOZ,Steele Mechanical:STM-KOZ Wetmore Everett,"3615 W Mukilteo Blvd Everett, WA 98203 USA",Net 60,2026-03-23 00:00:00,710.8,House Account,1
Invoice,2026-01-22 00:00:00,242271,PO034169,Hermanson Company:HER-616 Battery,"1221 2nd Ave N Kent, WA 98032 USA",Net 30,2026-02-21 00:00:00,1701,House Account,1
Invoice,2026-01-22 00:00:00,241524,PO034148,Hermanson Company:HER-616 Battery,"1221 2nd Ave N Kent, WA 98032 USA",Net 30,2026-02-21 00:00:00,1848.9,House Account,1
Invoice,2026-01-22 00:00:00,244244,PO037441,Hermanson Company:HER-616 Battery,"1221 2nd Ave N Kent, WA 98032 USA",Net 30,2026-02-21 00:00:00,107.52,House Account,1
Invoice,2026-01-22 00:00:00,244244-1,PO037441,Hermanson Company:HER-616 Battery,"1221 2nd Ave N Kent, WA 98032 USA",Net 30,2026-02-21 00:00:00,106.13,House Account,1
Invoice,2026-01-22 00:00:00,244289,PO037552,Hermanson Company:HER-Small Projects,"Hermanson Company 1221 2nd Ave N Kent, WA 98032",Net 30,2026-02-21 00:00:00,88.97,House Account,1
Invoice,2026-01-22 00:00:00,244400,JM928787,"Evergreen Refrigeration, LLC:Evergreen - Special Projects","727 S Kenyon St Seattle, WA 98108 USA",Net 30,2026-02-21 00:00:00,31.4,House Account,1
Invoice,2026-01-22 00:00:00,244271,305396,Vital Mechanical Service:Vit-TerraPower,"1420 Maple Ave SW Renton, WA 98057 USA",Net 30,2026-02-21 00:00:00,355.4,House Account,1
Invoice,2026-01-22 00:00:00,244380,687709,"MacDonald-Miller Facility Solutions, Inc.:MAC-Swedish Medical Center North Tower","PO Box 47983 Seattle, WA 98146 USA",Net 30,2026-02-21 00:00:00,73,House Account,1
Invoice,2026-01-22 00:00:00,244358,sp928770,"Evergreen Refrigeration, LLC:Evergreen - Special Projects","727 S Kenyon St Seattle, WA 98108 USA",Net 30,2026-02-21 00:00:00,79.5,House Account,1
Invoice,2026-01-22 00:00:00,242790-2,Village Lane Apartments,Burk Mechanical:BUR-Village Lane Apartments,"14613 Sherman Drive Northwest Gig Harbor, WA 98332 USA",Net 30,2026-02-21 00:00:00,18854.25,House Account,1
Invoice,2026-01-22 00:00:00,243974-1,1021801-63374,Holaday-Parks Inc:HOL-small projects,"4600 S 134th Place Tukwila, WA 98168-3241 USA",Net 30,2026-02-21 00:00:00,199,House Account,1
Invoice,2026-01-22 00:00:00,244395,PO037619  15-25-30182,Hermanson Company:HER-Small Projects,"Hermanson Company 1221 2nd Ave N Kent, WA 98032",Net 30,2026-02-21 00:00:00,1355.12,House Account,1
Invoice,2026-01-22 00:00:00,244355,PO037584 15-25-29853,Hermanson Company:HER-Small Projects,"Hermanson Company 1221 2nd Ave N Kent, WA 98032",Net 30,2026-02-21 00:00:00,56,House Account,1
Invoice,2026-01-22 00:00:00,244313,PO037516  15-25-29799,Hermanson Company:HER-Small Projects,"Hermanson Company 1221 2nd Ave N Kent, WA 98032",Net 30,2026-02-21 00:00:00,3071.7,House Account,1
Invoice,2026-01-22 00:00:00,244243,687480,"MacDonald-Miller Facility Solutions, Inc.:MAC-MHS Auburn Infrastructure Upgrades","PO Box 47983 Seattle, WA 98146 USA",Net 30,2026-02-21 00:00:00,77.81,House Account,1
Invoice,2026-01-22 00:00:00,241596,PO034248-1 20-24-22330,Hermanson Company:HER-616 Battery,"1221 2nd Ave N Kent, WA 98032 USA",Net 30,2026-02-21 00:00:00,2268,House Account,1
Invoice,2026-01-22 00:00:00,243071-1,R250088,Atlas Mechanical Inc.:ATL-Village Green,"428 North Pekin Road Woodland, WA 98674",Net 30,2026-02-21 00:00:00,2473.5,House Account,1
Invoice,2026-01-22 00:00:00,244184,LM-CO1InandOut,Cowdrey Mechanical Systems LLC:CMS-In N Out Hillsboro,"PO Box 519 Brush Prairie, WA 98606 USA",Net 30,2026-02-21 00:00:00,485,House Account,1
Invoice,2026-01-22 00:00:00,244138,11805,"Emerald Aire, Inc.:Emerald Aire - Special Projects","5108 D St NW Auburn, WA 98001 USA",Net 30,2026-02-21 00:00:00,2992,,
Invoice,2026-01-22 00:00:00,243240-1,C25-5629,Narrows Heating & Air Cond.:NAR-Norplex,"5121 S Burlington Way Tacoma, WA 98409 USA",Net 30,2026-02-21 00:00:00,7750,,
Invoice,2026-01-23 00:00:00,243237-1,238651,Acco Engineered Systems (401856):ACC-Axis 9 Level 4,"888 E. Walnut St (401856) Pasadena, CA 91101 USA",Net 30,2026-02-22 00:00:00,2130,House Account,1
Invoice,2026-01-23 00:00:00,243945,23411,TRS Mechanical Inc:TRS-Special Projects,"9523 19th Ave E Tacoma, WA 98445 USA",Net 30,2026-02-22 00:00:00,1790,House Account,1
Invoice,2026-01-23 00:00:00,240588-2,22736,TRS Mechanical Inc:TRS-Morton Elementary School Renovation,"9523 19th Ave E Tacoma, WA 98445 USA",Net 30,2026-02-22 00:00:00,1600,House Account,1
Invoice,2026-01-23 00:00:00,244518,203181,Elite Mechanical Services:Eli-Olympic College Bremerton,"2625 Reinhardt LN NE STE F Lacey, WA 98516 USA",Net 30,2026-02-22 00:00:00,150,House Account,1
Invoice,2026-01-23 00:00:00,242833-3,25460.0013,"JH Kelly, LLC:JHK-Crossroads Bible Church","PO BOX 2038 Longview, WA 98632 USA",Net 30,2026-02-22 00:00:00,1220,House Account,1
Invoice,2026-01-23 00:00:00,244173,PO037376-1,Hermanson Company:HER-North Basin Restroom and Laundry Re,"1221 2nd Ave N Kent, WA 98032 USA",Net 30,2026-02-22 00:00:00,690,House Account,1
Invoice,2026-01-23 00:00:00,244517,S1000010335,"Evergreen Refrigeration, LLC:Evergreen - Special Projects","727 S Kenyon St Seattle, WA 98108 USA",Net 30,2026-02-22 00:00:00,454.99,House Account,1
Invoice,2026-01-23 00:00:00,243882,PO036948-1,Hermanson Company:HER-North Basin Restroom and Laundry Re,"1221 2nd Ave N Kent, WA 98032 USA",Net 30,2026-02-22 00:00:00,2045,House Account,1
Invoice,2026-01-23 00:00:00,244009,2402-302,"Crescent Mechanical, Inc:CRE-BTC Welding & HVAC Labs (Bates Coll","1320 26th Ave NW  #16 Auburn, WA  98001 USA",Net 30,2026-02-22 00:00:00,6745,House Account,1
Invoice,2026-01-23 00:00:00,240867-2,PO033172,Hermanson Company:HER-616 Battery,"1221 2nd Ave N Kent, WA 98032 USA",Net 30,2026-02-22 00:00:00,3623.42,House Account,1
Invoice,2026-01-23 00:00:00,244493,PO037744,Hermanson Company:HER-Small Projects,"Hermanson Company 1221 2nd Ave N Kent, WA 98032",Net 30,2026-02-22 00:00:00,148.62,House Account,1
Invoice,2026-01-23 00:00:00,244441,1022319-63374,Holaday-Parks Inc:HOL-small projects,"4600 S 134th Place Tukwila, WA 98168-3241 USA",Net 30,2026-02-22 00:00:00,61,House Account,1
Invoice,2026-01-23 00:00:00,244462,30779,"Morgan Mechanical, LLC","12314 134th Ct NE Redmond, WA 98052 USA",Net 30,2026-02-22 00:00:00,384,House Account,1
Invoice,2026-01-23 00:00:00,244351,jm928789,"Evergreen Refrigeration, LLC:Evergreen - Special Projects","727 S Kenyon St Seattle, WA 98108 USA",Net 30,2026-02-22 00:00:00,626.24,House Account,1
Invoice,2026-01-23 00:00:00,244436,PO037664,Hermanson Company:HER-Small Projects,"Hermanson Company 1221 2nd Ave N Kent, WA 98032",Net 30,2026-02-22 00:00:00,101.71,House Account,1
Invoice,2026-01-23 00:00:00,244485,PO037752,Hermanson Company:HER-Small Projects,"Hermanson Company 1221 2nd Ave N Kent, WA 98032",Net 30,2026-02-22 00:00:00,379.16,House Account,1
Invoice,2026-01-23 00:00:00,244480,1022351-50032,Holaday-Parks Inc:HOL-small projects,"4600 S 134th Place Tukwila, WA 98168-3241 USA",Net 30,2026-02-22 00:00:00,64.92,House Account,1
Invoice,2026-01-26 00:00:00,244332,252349,Nordic Temperature Control:NTC-Ace Anacortes Greenhouse,"380 Pease Road Burlington, WA 98233 USA",Net 30,2026-02-25 00:00:00,440,House Account,1
Invoice,2026-01-26 00:00:00,244513,2399-308,"Crescent Mechanical, Inc:CRE-VRFA Fire Station 36","1320 26th Ave NW  #16 Auburn, WA 98001 USA",Net 30,2026-02-25 00:00:00,650,House Account,1
Invoice,2026-01-26 00:00:00,244514,2604371,Refrigeration Unlimited:Refrigeration Unlimited GOF,"PO Box 1745 Gig Harbor, WA 98335 USA",Net 30,2026-02-25 00:00:00,225,House Account,1
Invoice,2026-01-26 00:00:00,244510,2399-302,"Crescent Mechanical, Inc:CRE-VRFA Fire Station 36","1320 26th Ave NW  #16 Auburn, WA 98001 USA",Net 30,2026-02-25 00:00:00,3320,House Account,1
Invoice,2026-01-26 00:00:00,244095,PO10014668,Refrigeration Unlimited:Refrigeration Unlimited GOF,"PO Box 1745 Gig Harbor, WA 98335 USA",Net 30,2026-02-25 00:00:00,485,House Account,1
Invoice,2026-01-26 00:00:00,239077-3,PO030127-3,Hermanson Company:HER-Honouliuli WWTP,"1221 2nd Ave N Kent, WA 98032 USA",Net 30,2026-02-25 00:00:00,196495,House Account,1
Invoice,2026-01-26 00:00:00,242353,3577-2406-630,Delta Technology Corporation:DEL-Big Picture School Bellevue,"1223 Valentine Ave SE Pacific, WA 98047 USA",Net 30,2026-02-25 00:00:00,10450,House Account,1
Invoice,2026-01-26 00:00:00,244596,6343602,Thermal Supply:Thermal Supply - Small Projects,"717 South Lander Seattle, WA 98134 USA",Net 30,2026-02-25 00:00:00,725.07,House Account,1
Invoice,2026-01-27 00:00:00,243592,PO036723 15-25-29853,Hermanson Company:HER-Small Projects,"Hermanson Company 1221 2nd Ave N Kent, WA 98032",Net 30,2026-02-26 00:00:00,116.6,House Account,1
Invoice,2026-01-27 00:00:00,243598,PO036718,Hermanson Company:HER-Small Projects,"Hermanson Company 1221 2nd Ave N Kent, WA 98032",Net 30,2026-02-26 00:00:00,1190.65,House Account,1
Invoice,2026-01-27 00:00:00,243598-1,PO036718,Hermanson Company:HER-Small Projects,"Hermanson Company 1221 2nd Ave N Kent, WA 98032",Net 30,2026-02-26 00:00:00,249,House Account,1
Invoice,2026-01-27 00:00:00,240832-2,PO033158,Hermanson Company:HER-616 Battery,"1221 2nd Ave N Kent, WA 98032 USA",Net 30,2026-02-26 00:00:00,4192.62,House Account,1
Invoice,2026-01-27 00:00:00,244431,8256,"Miller Sheetmetal, Inc.:MIL-Small Projects","1642 Navy Yard Hwy W Bremerton, WA 98312 USA",Net 30,2026-02-26 00:00:00,1435,House Account,1
Invoice,2026-01-27 00:00:00,243030,380872-131477,University Mechanical Contractors Inc:UMC-Small Projects,"Attn: Accts Payable PO Box 67 Mukilteo, WA 98275-4255",Net 30,2026-02-26 00:00:00,4735,House Account,1
Invoice,2026-01-27 00:00:00,244284,PO037342-1 15-25-30182,Hermanson Company:HER-Small Projects,"Hermanson Company 1221 2nd Ave N Kent, WA 98032",Net 30,2026-02-26 00:00:00,3285,House Account,1
Invoice,2026-01-27 00:00:00,243030-1,380872-131477,University Mechanical Contractors Inc:UMC-Small Projects,"Attn: Accts Payable PO Box 67 Mukilteo, WA 98275-4255",Net 30,2026-02-26 00:00:00,4235,House Account,1
Invoice,2026-01-27 00:00:00,243886,PO036948-1,Hermanson Company:HER-North Basin Restroom and Laundry Re,"1221 2nd Ave N Kent, WA 98032 USA",Net 30,2026-02-26 00:00:00,190,House Account,1
Invoice,2026-01-27 00:00:00,244356,LM-12/8/25-PortlandTracto,Cowdrey Mechanical Systems LLC:CMS-Cowdrey T.S,"PO Box 519 Brush Prairie, WA 98606 USA",Net 30,2026-02-26 00:00:00,510,House Account,1
Invoice,2026-01-27 00:00:00,244587,1022384-45248,Holaday-Parks Inc:HOL-Seattle Tennis Club,"4600 S 134th Place Tukwila, WA 98168-3241 USA",Net 30,2026-02-26 00:00:00,80,House Account,1
Invoice,2026-01-27 00:00:00,244696,10000451-J1588,Holaday-Parks Inc:HOL-small projects,"4600 S 134th Place Tukwila, WA 98168-3241 USA",Net 30,2026-02-26 00:00:00,400,House Account,1
Invoice,2026-01-27 00:00:00,244593,17704B,The Salcido Connection Inc.:Salcido - Special Projects,"615 C-1 N Wenatchee Ave Wenatchee, WA 98801 USA",Net 30,2026-02-26 00:00:00,21,House Account,1
Invoice,2026-01-28 00:00:00,244220-2,4406-0-237000-2,Holmberg Company:HOM-NW Native Canoe Center Carving Hous,"12001 SE 9th Pl, Suite 300 Bellevue, WA 98005 USA",Net 30,2026-02-27 00:00:00,750,House Account,1
Invoice,2026-01-28 00:00:00,244128,2402-304,"Crescent Mechanical, Inc:CRE-BTC Welding & HVAC Labs (Bates Coll","1320 26th Ave NW  #16 Auburn, WA  98001 USA",Net 30,2026-02-27 00:00:00,170,House Account,1
Invoice,2026-01-28 00:00:00,244569,DSHS,Farrington Air Quality Services:Far-Farrington Dampers,"PO Box 760 Sumner, WA 98390 USA",Net 30,2026-02-27 00:00:00,215,House Account,1
Invoice,2026-01-28 00:00:00,244357,R260057,Atlas Mechanical Inc.:ATL-Alexan Shoreline East,"428 North Pekin Road Woodland, WA 98674 USA",Net 30,2026-02-27 00:00:00,490,House Account,1
Invoice,2026-01-28 00:00:00,244690,25293051,McKinstry Company:MCK-North Valley Hospital - North Hospi,"PO Box 24406 Seattle, WA 98124 USA",Net 30,2026-02-27 00:00:00,1012.74,House Account,1
Invoice,2025-12-04 00:00:00,242014,2525,Columbia Allied Services Inc:COL-Everest Park Restroom Replacement,"27316 NE 10th Ave Ridgefield, WA 98642 USA",Net 30,2026-01-03 00:00:00,250,House Account,1
Invoice,2025-12-04 00:00:00,241381,Owens II,Diamond Heating:DIA-Owens II Astoria,"1425 N Roosevelt Seaside, OR 97138 USA",Net 30,2026-01-03 00:00:00,1400,House Account,1
Invoice,2025-12-04 00:00:00,240569-1,22736,TRS Mechanical Inc:TRS-Morton Elementary School Renovation,"9523 19th Ave E Tacoma, WA 98445 USA",Net 30,2026-01-03 00:00:00,7105,House Account,1
Invoice,2025-12-05 00:00:00,242014-1,2525,Columbia Allied Services Inc:COL-Everest Park Restroom Replacement,"27316 NE 10th Ave Ridgefield, WA 98642 USA",Net 30,2026-01-04 00:00:00,1150,House Account,1
Invoice,2025-12-08 00:00:00,242300,WORP,AMS:AMS-WORP,"22129 NE 114th ST Bellevue, WA 98053 USA",Net 30,2026-01-07 00:00:00,174.45,House Account,1
Invoice,2025-12-08 00:00:00,242513,Polaris,AMS:AMS-Polaris at Totem Lake,"22129 NE 114th Redmond, WA 98053 USA",Net 30,2026-01-07 00:00:00,497,House Account,1
Invoice,2025-12-08 00:00:00,242513-2,Polaris,AMS:AMS-Polaris at Totem Lake,"22129 NE 114th Redmond, WA 98053 USA",Net 30,2026-01-07 00:00:00,111.77,House Account,1
Invoice,2025-12-08 00:00:00,242493-2,LM-CV,Cowdrey Mechanical Systems LLC,"PO Box 519 Brush Prairie, WA 98606 USA",Net 30,2026-01-07 00:00:00,255.12,House Account,1
Invoice,2025-12-08 00:00:00,242493,LM-CV,Cowdrey Mechanical Systems LLC,"PO Box 519 Brush Prairie, WA 98606 USA",Net 30,2026-01-07 00:00:00,39.93,House Account,1
Invoice,2025-12-09 00:00:00,242799,29511,Hoover Commercial Refrigeration Inc,"3302 Cedardale Rd, Ste 300 Mount Vernon, WA 98274 USA",Net 30,2026-01-08 00:00:00,650,House Account,1
Invoice,2025-12-10 00:00:00,242611,Owens II,Diamond Heating:DIA-Owens II Astoria,"1425 N Roosevelt Seaside, OR 97138 USA",Net 30,2026-01-09 00:00:00,1450,House Account,1
Invoice,2025-12-11 00:00:00,242866,2333-2720,Ocean Park Mechanical Inc:OCE-Live Nation TI,"2428 King George Hwy  Suite102 Surrey, BC V4P 1H5 CANADA",Net 30,2026-01-10 00:00:00,99.16,House Account,1
Invoice,2025-12-11 00:00:00,242014-3,2525,Columbia Allied Services Inc:COL-Everest Park Restroom Replacement,"27316 NE 10th Ave Ridgefield, WA 98642 USA",Net 30,2026-01-10 00:00:00,3200,House Account,1
Invoice,2025-12-11 00:00:00,242014-2,2525,Columbia Allied Services Inc:COL-Everest Park Restroom Replacement,"27316 NE 10th Ave Ridgefield, WA 98642 USA",Net 30,2026-01-10 00:00:00,635,House Account,1
Invoice,2025-12-12 00:00:00,242688,LM-TSRedmond124,Cowdrey Mechanical Systems LLC:CMS-Tractor Supply Redmond,"PO Box 519 Brush Prairie, WA 98606 USA",Net 30,2026-01-11 00:00:00,350,House Account,1
Invoice,2025-12-14 00:00:00,239780-2,022-014,AMS:AMS-WORP,"22129 NE 114th ST Bellevue, WA 98053 USA",Net 30,2026-01-13 00:00:00,550,House Account,1
Invoice,2025-12-15 00:00:00,240588,22736,TRS Mechanical Inc:TRS-Morton Elementary School Renovation,"9523 19th Ave E Tacoma, WA 98445 USA",Net 30,2026-01-14 00:00:00,1325,House Account,1
Invoice,2025-12-15 00:00:00,240734-1,50047,Smith Mechanical,"6146 Portal Way Ferndale, WA 98248-9363 USA",Net 30,2026-01-14 00:00:00,895,House Account,1
Invoice,2025-12-15 00:00:00,242688-1,LM-TSRedmond124,Cowdrey Mechanical Systems LLC:CMS-Tractor Supply Redmond,"PO Box 519 Brush Prairie, WA 98606 USA",Net 30,2026-01-14 00:00:00,540,House Account,1
Invoice,2025-12-16 00:00:00,239780-3,022-014,AMS:AMS-WORP,"22129 NE 114th ST Bellevue, WA 98053 USA",Net 30,2026-01-15 00:00:00,4500,House Account,1
Invoice,2025-12-17 00:00:00,240369,Warrenton Outpost,Diamond Heating:Diamond Heating - Special Projects,"1425 N Roosevelt Dr Seaside, OR 97138 USA",Net 30,2026-01-16 00:00:00,450,House Account,1
Invoice,2025-12-17 00:00:00,242986,2509-2720,Ocean Park Mechanical Inc:OCE-Live Nation TI,"2428 King George Hwy  Suite102 Surrey, BC V4P 1H5 CANADA",Net 30,2026-01-16 00:00:00,43.2,House Account,1
Invoice,2025-12-17 00:00:00,242946,2511-2720,Ocean Park Mechanical Inc:OCE-ONNI Level 13 Restaurant,"2428 King George Hwy  Suite102 Surrey, BC V4P 1H5 CANADA",Net 30,2026-01-16 00:00:00,188.74,House Account,1
Invoice,2025-12-17 00:00:00,242932,R250054,Atlas Mechanical Inc.:ATL-5000 12th Ave - Student Housing,"428 North Pekin Road Woodland, WA 98674 USA",Net 30,2026-01-16 00:00:00,3000,House Account,1
Invoice,2025-12-18 00:00:00,242542,Worp,AMS:AMS-WORP,"22129 NE 114th ST Bellevue, WA 98053 USA",Net 30,2026-01-17 00:00:00,2825,House Account,1
Invoice,2025-12-19 00:00:00,242913,Polaris,AMS:AMS-Polaris at Totem Lake,"22129 NE 114th Redmond, WA 98053 USA",Net 30,2026-01-18 00:00:00,1565.12,House Account,1
Invoice,2025-12-22 00:00:00,243142-1,Polaris at Totam Lake,AMS:AMS-Polaris at Totem Lake,"22129 NE 114th Redmond, WA 98053 USA",Net 30,2026-01-21 00:00:00,29.8,House Account,1
Invoice,2025-12-22 00:00:00,243142,Polaris at Totam Lake,AMS:AMS-Polaris at Totem Lake,"22129 NE 114th Redmond, WA 98053 USA",Net 30,2026-01-21 00:00:00,200.32,House Account,1
Invoice,2025-12-22 00:00:00,243192,2509-0181,Ocean Park Mechanical Inc:OCE-Live Nation TI,"2428 King George Hwy  Suite102 Surrey, BC V4P 1H5 CANADA",Net 30,2026-01-21 00:00:00,114.76,House Account,1
Invoice,2025-12-22 00:00:00,243193,2509-2720,Ocean Park Mechanical Inc:OCE-Live Nation TI,"2428 King George Hwy  Suite102 Surrey, BC V4P 1H5 CANADA",Net 30,2026-01-21 00:00:00,125,House Account,1
Invoice,2025-12-22 00:00:00,243200,2919-1585-1217,PSF Mechanical:PSF-First Citizens Bank-Bellevue,"PO Box 84046 Seattle, WA 98124-8446 USA",Net 30,2026-01-21 00:00:00,283.81,House Account,1
Invoice,2025-12-22 00:00:00,243230,2511-2720,Ocean Park Mechanical Inc:OCE-ONNI Level 13 Restaurant,"2428 King George Hwy  Suite102 Surrey, BC V4P 1H5 CANADA",Net 30,2026-01-21 00:00:00,210.48,House Account,1
Invoice,2025-12-22 00:00:00,243268,Polaris Totem Lake Blake,AMS:AMS-Polaris at Totem Lake,"22129 NE 114th Redmond, WA 98053 USA",Net 30,2026-01-21 00:00:00,3460.85,House Account,1
Invoice,2025-12-22 00:00:00,243297,WORP,AMS:AMS-WORP,"22129 NE 114th ST Bellevue, WA 98053 USA",Net 30,2026-01-21 00:00:00,34.86,House Account,1
Invoice,2025-12-22 00:00:00,242339,022-015,AMS:AMS-WORP,"22129 NE 114th ST Bellevue, WA 98053 USA",Net 30,2026-01-21 00:00:00,720,House Account,1
Invoice,2025-12-23 00:00:00,243378,F1214-220-2000,Apollo Mechanical Contractors:APO-Maywood Hills ES,"1207 W Columbia Dr Kennewick, WA 99336 USA",Net 30,2026-01-22 00:00:00,119.83,House Account,1
Invoice,2025-12-23 00:00:00,240456-1,Owens II,Diamond Heating:DIA-Owens II Astoria,"1425 N Roosevelt Seaside, OR 97138 USA",Net 30,2026-01-22 00:00:00,1700,House Account,1
Invoice,2025-12-23 00:00:00,241125-1,Mosaic,Steele Mechanical:STM-Mosaic Apartments Everett,"3615 W Mukilteo Blvd Everett, WA 98203 USA",Net 30,2026-01-22 00:00:00,5958,House Account,1
Invoice,2025-12-27 00:00:00,242156,Acer House,"Pacific One Construction, Inc.:PON-Acer House","PO Box 2097 Kirkland, WA 98083 USA",Net 30,2026-01-26 00:00:00,79860,House Account,1
Invoice,2025-12-29 00:00:00,241718,3075,Trimble Mechanical:TBM-Carbonado SD Energy Services,"PO Box 2327 Buckley, WA 98321 USA",Net 30,2026-01-28 00:00:00,1850,House Account,1
Invoice,2025-12-29 00:00:00,243167,Polaris at Totem Lake,AMS:AMS-Polaris at Totem Lake,"22129 NE 114th Redmond, WA 98053 USA",Net 30,2026-01-28 00:00:00,195,House Account,1
Invoice,2025-12-29 00:00:00,242317-1,JBLM Ops,Sound Heating And A/C:Sou-JBLM Ops Center,"5526 184th Street E Puyallup, WA 98375 USA",Net 30,2026-01-28 00:00:00,8492,House Account,1
Invoice,2025-12-29 00:00:00,243137,2025-25-02,DB Solutions:DB-West Seattle Stadium ADA Update,"2100 196th St SW #122 Lynnwood, WA 98036 USA",Net 30,2026-01-28 00:00:00,600,House Account,1
Invoice,2025-12-29 00:00:00,243366,29721,Hoover Commercial Refrigeration Inc,"3302 Cedardale Rd, Ste 300 Mount Vernon, WA 98274 USA",Net 30,2026-01-28 00:00:00,325,House Account,1
Invoice,2025-01-30 00:00:00,208736-3,525906,"MacDonald-Miller Facility Solutions, Inc.:MAC-Snoqualmie Casino Expansion","PO Box 47983 Seattle, WA 98146 USA",Net 30,2025-03-01 00:00:00,2200,House Account,1
Invoice,2025-09-10 00:00:00,238396-1,Erik Foster,Employee Purchase,"5000 1st Ave South Seattle, WA 98134 USA",Immediate,2025-09-10 00:00:00,758,House Account,1
Invoice,2025-09-10 00:00:00,238396,Erik Foster,Employee Purchase,"5000 1st Ave South Seattle, WA 98134 USA",Immediate,2025-09-10 00:00:00,1200,House Account,1
Invoice,2025-09-30 00:00:00,238755,Erik Foster,Employee Purchase,"5000 1st Ave South Seattle, WA 98134 USA",Immediate,2025-09-30 00:00:00,722,House Account,1
Credit Memo,2025-10-01 00:00:00,239943,04-13500,Alexander Heating,"PO BOX 1528 Bothell, WA 98041 USA",Net 30,2025-10-31 00:00:00,-649,House Account,1
Invoice,2025-10-06 00:00:00,238639,NBK Bangor B7450 - Fan Re,"Miller Sheetmetal, Inc.:MIL-NBK Bangor B7450","1642 Navy Yard Highway West Bremerton, WA 98312 USA",Net 30,2025-11-05 00:00:00,9035,House Account,1
Invoice,2025-10-13 00:00:00,235447,Gene Jaurez,Uptown Mechanical:UPT-Gene Juarez West Seattle,"2223 202nd St S W Lynnwood, WA 98036-7048 USA",Net 30,2025-11-12 00:00:00,15.57,House Account,1
Invoice,2025-10-13 00:00:00,235447-2,Gene Jaurez,Uptown Mechanical:UPT-Gene Juarez West Seattle,"2223 202nd St S W Lynnwood, WA 98036-7048 USA",Net 30,2025-11-12 00:00:00,123.5,House Account,1
Invoice,2025-10-13 00:00:00,239698,28351,Hoover Commercial Refrigeration Inc,"3302 Cedardale Rd, Ste 300 Mount Vernon, WA 98274 USA",Net 30,2025-11-12 00:00:00,915,House Account,1
Invoice,2025-10-16 00:00:00,239907,C2509195TW,Heattransfer Co:Hea-Heattransfer Small Projects,"19734 144th Ave NE Woodinville, WA 98072 USA",Net 30,2025-11-15 00:00:00,1784,House Account,1
Invoice,2025-10-16 00:00:00,240476,DHABA,"Gasline Mechanical, Inc.","PO Box 1108 Woodinville, WA 98072 USA",Net 30,2025-11-15 00:00:00,446,House Account,1
Invoice,2025-10-29 00:00:00,240641,1-11055055,Prime Electric LLC,"3460 161st Ave SE Bellevue, WA 98008 USA",Net 30,2025-11-28 00:00:00,1691.19,House Account,1
Invoice,2025-10-29 00:00:00,240681,1-11055873,Prime Electric LLC,"3460 161st Ave SE Bellevue, WA 98008 USA",Net 30,2025-11-28 00:00:00,1537.92,House Account,1
Invoice,2025-10-29 00:00:00,240693,1-11055891,Prime Electric LLC,"3460 161st Ave SE Bellevue, WA 98008 USA",Net 30,2025-11-28 00:00:00,1691.19,House Account,1
Invoice,2025-10-29 00:00:00,240625,1-11055038,Prime Electric LLC,"3460 161st Ave SE Bellevue, WA 98008 USA",Net 30,2025-11-28 00:00:00,1601.52,House Account,1
Invoice,2025-10-29 00:00:00,240682,1-11055875,Prime Electric LLC,"3460 161st Ave SE Bellevue, WA 98008 USA",Net 30,2025-11-28 00:00:00,1518.29,House Account,1
Invoice,2025-11-05 00:00:00,240652,1-11055870,Prime Electric LLC,"3460 161st Ave SE Bellevue, WA 98008 USA",Net 30,2025-12-05 00:00:00,990.06,House Account,1
Invoice,2025-11-21 00:00:00,240757,7-Eleven,"Air 1 Heating, Inc:A1-7-Eleven #42077","1402 Lake Tapps Pkwy SE  #104-120 Auburn, WA 98092 USA",Net 30,2025-12-21 00:00:00,1641,House Account,1
Invoice,2025-11-25 00:00:00,242215,C15244422,CoolSys Commercial & Industrial Solutions,"145 S State College Blvd Ste 200 Brea, CA 98821",Net 30,2025-12-25 00:00:00,90,House Account,1
Invoice,2026-01-29 00:00:00,243714,32029,Bruce Heating & Air Conditioning Inc.:BRU-RWC - Pasco,"80385 N Hwy 395 Hermiston, OR 97838 USA",Net 30,2026-02-28 00:00:00,7560,House Account,1
Invoice,2026-01-29 00:00:00,244567,718-1480543A,Johnstone Supply - Spokane,"1212 E Front St Fax 509 533 9884 Spokane, WA 99202",Net 30,2026-02-28 00:00:00,75,House Account,1
Invoice,2026-01-29 00:00:00,242960,31839,Bruce Heating & Air Conditioning Inc.:BRU-Equipment Share Ground-Up - Wenatch,"80385 N Hwy 395 Hermiston, OR 97838 USA",Net 30,2026-02-28 00:00:00,4027,House Account,1
Invoice,2026-01-29 00:00:00,243890-1,32077,Bruce Heating & Air Conditioning Inc.:BRU-LW Oberlin Project Warden,"80385 N Hwy 395 Hermiston, OR 97838 USA",Net 30,2026-02-28 00:00:00,723,House Account,1
Invoice,2026-01-29 00:00:00,244791,ck,Sunnyside School District #201,"1110 S 6Th St Sunnyside, WA 98944 USA",Net 30,2026-02-28 00:00:00,805.42,House Account,1
Invoice,2026-01-29 00:00:00,244651,Cheney 24-164,Air Tech:AIR-Airtech Small Projects,"7820 Franklin St Coeur d' Alene, ID 83815 USA",Net 30,2026-02-28 00:00:00,1295,House Account,1
Invoice,2026-01-29 00:00:00,244150,Missoula FSD/Fans,Air Design:ADE-Affinity at Missoula,"1807 E. Francis Spokane, WA 99208 USA",Net 30,2026-02-28 00:00:00,6345,House Account,1
Invoice,2026-01-29 00:00:00,243608,31969,Bruce Heating & Air Conditioning Inc.:BRU-D9 Contractors Office and Warehouse,"80385 N Hwy 395 Hermiston, OR 97838 USA",Net 30,2026-02-28 00:00:00,9605,House Account,1
Invoice,2026-01-30 00:00:00,244571,32335,Bruce Heating & Air Conditioning Inc.:BRU-AC Hotel - Kennewick,"80385 N Hwy 395 Hermiston, OR 97838 USA",Net 30,2026-03-01 00:00:00,5650,House Account,1
Invoice,2026-01-30 00:00:00,239237,23387-212396,Total Energy Management:TOT-YVFWC-Yakima Valley Family Workers,"2521 Stevens Drive Richland, WA 99354 USA",Net 30,2026-03-01 00:00:00,7999,House Account,1
Invoice,2026-01-30 00:00:00,244186-1,25311037,McKinstry Company:MCK-Benton County - Office of Public De,"PO Box 24406 Seattle, WA 98124 USA",Net 30,2026-03-01 00:00:00,530,House Account,1
Invoice,2026-02-02 00:00:00,244154,Missoula FSD/Fans,Air Design:ADE-Affinity at Missoula,"1807 E. Francis Spokane, WA 99208 USA",Net 30,2026-03-04 00:00:00,5075,House Account,1
Invoice,2026-02-02 00:00:00,244208-1,25220CNC,Legacy Heating and Cooling:Leg-Boundary County Justice Building,"110 W Lions Way Hayden, ID 83835 USA",Net 30,2026-03-04 00:00:00,7731.77,House Account,1
Invoice,2026-02-02 00:00:00,239094-1,25035CNC,Legacy Heating and Cooling:Leg-Cal Cars New Dealership - CDA,"110 W Lions Way Hayden, ID 83835 USA",Net 30,2026-03-04 00:00:00,481.24,House Account,1
Invoice,2026-02-02 00:00:00,243284,RD0010,Legacy Heating and Cooling:Leg-AE Aircraft Services Hangar Buildin,"110 W Lions Way Hayden, ID 83835 USA",Net 30,2026-03-04 00:00:00,4485,House Account,1
Invoice,2026-02-02 00:00:00,244615,32346,Bruce Heating & Air Conditioning Inc.:BRU-Framatone Warehouse 9,"80385 N Hwy 395 Hermiston, OR 97838 USA",Net 30,2026-03-04 00:00:00,1351,House Account,1
Invoice,2026-02-02 00:00:00,244923,32484,Bruce Heating & Air Conditioning Inc.:BRU-D9 Contractors Office and Warehouse,"80385 N Hwy 395 Hermiston, OR 97838 USA",Net 30,2026-03-04 00:00:00,2651,House Account,1
Invoice,2026-02-02 00:00:00,243229,C25-0043-543,Pro Mechanical Services Inc:Pro-Lake Chelan Health EMS & Admin Buil,"PO Box 6526 Spokane, WA 99217 USA",Net 30,2026-03-04 00:00:00,50580,House Account,1
Invoice,2026-02-02 00:00:00,243253-1,25212CNC,Legacy Heating and Cooling:Leg-Syringa Dental,"110 W Lions Way Hayden, ID 83835 USA",Net 30,2026-03-04 00:00:00,964.6,House Account,1
Invoice,2026-02-02 00:00:00,237685,23206-209840,Total Energy Management:TOT-ICCU - Pasco,"2521 Stevens Drive Richland, WA 99354 USA",Net 30,2026-03-04 00:00:00,1390,House Account,1
Invoice,2026-02-02 00:00:00,244297-2,32238,Bruce Heating & Air Conditioning Inc.:BRU-AC Hotel - Kennewick,"80385 N Hwy 395 Hermiston, OR 97838 USA",Net 30,2026-03-04 00:00:00,2069.25,House Account,1
Invoice,2026-02-02 00:00:00,243075,,"Alpine Summit Heating & Cooling:Ash-Tulip Buildings - Hauser, ID","904 East Teton Road Athol, ID 83801 USA",Immediate,2026-02-02 00:00:00,97.8,House Account,1
Invoice,2026-02-02 00:00:00,244589,32354,Bruce Heating & Air Conditioning Inc.:BRU-Bruce Heating Small Projects,"80385 N Hwy 395 Hermiston, OR 97838 USA",Net 30,2026-03-04 00:00:00,200,House Account,1
Invoice,2026-02-02 00:00:00,243971,32117,Bruce Heating & Air Conditioning Inc.:BRU-STCU - Othello,"80385 N Hwy 395 Hermiston, OR 97838 USA",Net 30,2026-03-04 00:00:00,1065,House Account,1
Invoice,2026-02-03 00:00:00,244972,26034016,McKinstry Company:MCK-McKinstry Spokane Small Projects,"PO Box 24406 Seattle, WA 98124 USA",Net 30,2026-03-05 00:00:00,52.26,House Account,1
Invoice,2026-02-03 00:00:00,244949,32531,Bruce Heating & Air Conditioning Inc.:BRU-Bruce Heating Small Projects,"80385 N Hwy 395 Hermiston, OR 97838 USA",Net 30,2026-03-05 00:00:00,3890,House Account,1
Invoice,2026-02-03 00:00:00,243946,23939/W-00001,Apollo Mechanical Contractors:APO-Hermiston School District - Weber F,"1207 W Columbia Dr Kennewick, WA 99336 USA",Net 30,2026-03-05 00:00:00,2090,House Account,1
Invoice,2026-02-03 00:00:00,244176,Missoula FSD/Fans,Air Design:ADE-Affinity at Missoula,"1807 E. Francis Spokane, WA 99208 USA",Net 30,2026-03-05 00:00:00,1513,House Account,1
Invoice,2026-02-03 00:00:00,244153,Missoula FSD/Fans,Air Design:ADE-Affinity at Missoula,"1807 E. Francis Spokane, WA 99208 USA",Net 30,2026-03-05 00:00:00,1665.48,House Account,1
Invoice,2026-02-03 00:00:00,242642,31567,Bruce Heating & Air Conditioning Inc.:BRU-Cargill Friona,"80385 N Hwy 395 Hermiston, OR 97838 USA",Net 30,2026-03-05 00:00:00,14085,House Account,1
Invoice,2026-02-03 00:00:00,242304,106267277,Dayco Heating & Air:Day-Our Lady of the Desert Parish,"11 N Auburn St Kennewick, WA 99336 USA",Net 30,2026-03-05 00:00:00,600,House Account,1
Invoice,2026-02-04 00:00:00,244878,CG,Steelhead Mechanical:STE-Steelhead Small Projects,"PO Box 6245 Spokane, WA 99217 USA",Net 30,2026-03-06 00:00:00,333,House Account,1
Invoice,2026-02-04 00:00:00,244615-1,32346,Bruce Heating & Air Conditioning Inc.:BRU-Framatone Warehouse 9,"80385 N Hwy 395 Hermiston, OR 97838 USA",Net 30,2026-03-06 00:00:00,428,House Account,1
Invoice,2026-02-04 00:00:00,244149,Missoula EDH,Air Design:ADE-Affinity at Missoula,"1807 E. Francis Spokane, WA 99208 USA",Net 30,2026-03-06 00:00:00,15920,House Account,1
Invoice,2026-02-04 00:00:00,245057,31612,Bruce Heating & Air Conditioning Inc.:BRU-Cargill Friona,"80385 N Hwy 395 Hermiston, OR 97838 USA",Net 30,2026-03-06 00:00:00,215,House Account,1
Invoice,2026-02-04 00:00:00,239708,182236274-005,Mike's Heating:Mik-Idaho Military Division (IMD) Lewis,"1005 Warner Ave Lewiston, ID 83501 USA",Net 30,2026-03-06 00:00:00,17400,House Account,1
Invoice,2026-02-04 00:00:00,244153-1,Missoula FSD/Fans,Air Design:ADE-Affinity at Missoula,"1807 E. Francis Spokane, WA 99208 USA",Net 30,2026-03-06 00:00:00,25872.52,House Account,1
Invoice,2026-02-04 00:00:00,243747,32039,Bruce Heating & Air Conditioning Inc.:BRU-College Place Public Schools-Field,"80385 N Hwy 395 Hermiston, OR 97838 USA",Net 30,2026-03-06 00:00:00,533,House Account,1
Invoice,2026-02-04 00:00:00,244541,JM00592,Legacy Heating and Cooling:Leg-Inland Imaging Regional Breast Cent,"110 W Lions Way Hayden, ID 83835 USA",Net 30,2026-03-06 00:00:00,2720,House Account,1
Invoice,2026-02-04 00:00:00,245015,020326CLAR,Motor Mart,"150 Marr Street Wenatchee, WA 98801 USA",Net 30,2026-03-06 00:00:00,171,House Account,1
Invoice,2026-02-04 00:00:00,244146-2,AVBEACON,Steelhead Mechanical:STE-Avista Beacon Welding Sohp,"PO Box 6245 Spokane, WA 99217 USA",Net 30,2026-03-06 00:00:00,1915,House Account,1
Invoice,2026-02-04 00:00:00,245082,25229,Legacy Heating and Cooling:Leg-Special Projects,"110 Lions Way Hayden, ID 83835 USA",Net 30,2026-03-06 00:00:00,200.34,House Account,1
Invoice,2026-02-04 00:00:00,239379,620856-086,Basin Refrigeration & Heating:Bas-Microtel Inn and Suites - Ephrata,"10158 Kinder Moses Lake, WA 98837 USA",Net 30,2026-03-06 00:00:00,155,House Account,1
Invoice,2026-02-04 00:00:00,243215-1,240269,Absolute Comfort Technology:AMY-American Medical Response - Base of,"7 South 5th Ave Yakima, WA 98902 USA",Net 30,2026-03-06 00:00:00,6660,House Account,1
Invoice,2026-02-04 00:00:00,244176-1,Missoula FSD/Fans,Air Design:ADE-Affinity at Missoula,"1807 E. Francis Spokane, WA 99208 USA",Net 30,2026-03-06 00:00:00,237,House Account,1
Invoice,2026-02-04 00:00:00,244189,JM00575,Legacy Heating and Cooling:Leg-4th and Pines ESF - Spokane Valley,"110 W Lions Way Hayden, ID 83835 USA",Net 30,2026-03-06 00:00:00,510,House Account,1
Invoice,2026-02-04 00:00:00,244818,32450,Bruce Heating & Air Conditioning Inc.:BRU-Cargill Friona,"80385 N Hwy 395 Hermiston, OR 97838 USA",Net 30,2026-03-06 00:00:00,900,House Account,1
Invoice,2026-02-05 00:00:00,244546,32572,Bruce Heating & Air Conditioning Inc.:BRU-Bruce Heating Small Projects,"80385 N Hwy 395 Hermiston, OR 97838 USA",Net 30,2026-03-07 00:00:00,1379.99,House Account,1
Invoice,2026-02-05 00:00:00,245136,Rock Point,Evergreen Heating:EVH-Evergreen Heating Small Projects,"PO Box 2527 Spokane, WA 99220 USA",Net 30,2026-03-07 00:00:00,167,House Account,1
Invoice,2026-02-05 00:00:00,244606,23474-213549,Total Energy Management:TOT-HMIS - Eastern Plateau Fire Station,"2521 Stevens Drive Richland, WA 99354 USA",Net 30,2026-03-07 00:00:00,4380,House Account,1
Invoice,2026-02-05 00:00:00,244683,25191CNC,Legacy Heating and Cooling:Leg-413 and 417 Sandpoint Apartments,"110 W Lions Way Hayden, ID 83835 USA",Net 30,2026-03-07 00:00:00,1490.36,House Account,1
Invoice,2026-02-05 00:00:00,244153-2,Missoula FSD/Fans,Air Design:ADE-Affinity at Missoula,"1807 E. Francis Spokane, WA 99208 USA",Net 30,2026-03-07 00:00:00,151.89,House Account,1
Invoice,2026-02-05 00:00:00,242305,106267277,Dayco Heating & Air:Day-Our Lady of the Desert Parish,"11 N Auburn St Kennewick, WA 99336 USA",Net 30,2026-03-07 00:00:00,3010,House Account,1
Invoice,2026-02-05 00:00:00,243747-1,32039,Bruce Heating & Air Conditioning Inc.:BRU-College Place Public Schools-Field,"80385 N Hwy 395 Hermiston, OR 97838 USA",Net 30,2026-03-07 00:00:00,1137,House Account,1
Invoice,2026-02-06 00:00:00,245021,32551,Bruce Heating & Air Conditioning Inc.:BRU-Nespelem Longhouse -Confederated Tr,"80385 N Hwy 395 Hermiston, OR 97838 USA",Net 30,2026-03-08 00:00:00,11100,House Account,1
Invoice,2026-02-06 00:00:00,243930,RS00113,Legacy Heating and Cooling:Leg-Special Projects,"110 Lions Way Hayden, ID 83835 USA",Net 30,2026-03-08 00:00:00,2295,House Account,1
Invoice,2026-02-06 00:00:00,243750,32036,Bruce Heating & Air Conditioning Inc.:BRU-College Place Public Schools-Field,"80385 N Hwy 395 Hermiston, OR 97838 USA",Net 30,2026-03-08 00:00:00,770,House Account,1
Invoice,2026-02-06 00:00:00,243644,106267277,Dayco Heating & Air:Day-Our Lady of the Desert Parish,"11 N Auburn St Kennewick, WA 99336 USA",Net 30,2026-03-08 00:00:00,654.29,House Account,1
Invoice,2026-02-06 00:00:00,244063,32113,Bruce Heating & Air Conditioning Inc.:BRU-Nespelem Longhouse -Confederated Tr,"80385 N Hwy 395 Hermiston, OR 97838 USA",Net 30,2026-03-08 00:00:00,1902,House Account,1
Invoice,2026-02-06 00:00:00,244874,C25-0043-543,Pro Mechanical Services Inc:Pro-Lake Chelan Health EMS & Admin Buil,"PO Box 6526 Spokane, WA 99217 USA",Net 30,2026-03-08 00:00:00,2940,House Account,1
Invoice,2026-02-06 00:00:00,243076,,"Alpine Summit Heating & Cooling:Ash-Tulip Buildings - Hauser, ID","904 East Teton Road Athol, ID 83801 USA",Immediate,2026-02-06 00:00:00,205.5,House Account,1
Invoice,2026-02-06 00:00:00,244617,32345,Bruce Heating & Air Conditioning Inc.:BRU-Framatone Warehouse 9,"80385 N Hwy 395 Hermiston, OR 97838 USA",Net 30,2026-03-08 00:00:00,1158,House Account,1
Invoice,2026-02-06 00:00:00,242301-1,106267277,Dayco Heating & Air:Day-Our Lady of the Desert Parish,"11 N Auburn St Kennewick, WA 99336 USA",Net 30,2026-03-08 00:00:00,214,House Account,1
Invoice,2026-02-06 00:00:00,242501-1,23255-210705,Total Energy Management:TOT-Port of Pasco - Tri-Cities Airport,"2521 Stevens Drive Richland, WA 99354 USA",Net 30,2026-03-08 00:00:00,3211,House Account,1
Invoice,2026-02-06 00:00:00,242961,31672,Bruce Heating & Air Conditioning Inc.:BRU-Equipment Share Ground-Up - Wenatch,"80385 N Hwy 395 Hermiston, OR 97838 USA",Net 30,2026-03-08 00:00:00,1356,House Account,1
Invoice,2026-02-06 00:00:00,244866,RD0029,Legacy Heating and Cooling:Leg-FMC - Fire Station 2 Remodel,"110 W Lions Way Hayden, ID 83835 USA",Net 30,2026-03-08 00:00:00,645,House Account,1
Invoice,2026-02-06 00:00:00,244211-2,25220CNC,Legacy Heating and Cooling:Leg-Boundary County Justice Building,"110 W Lions Way Hayden, ID 83835 USA",Net 30,2026-03-08 00:00:00,315.88,House Account,1
Invoice,2026-02-09 00:00:00,242319,31446,Bruce Heating & Air Conditioning Inc.:BRU-Bruce Heating Small Projects,"80385 N Hwy 395 Hermiston, OR 97838 USA",Net 30,2026-03-11 00:00:00,8600,House Account,1
Invoice,2026-02-09 00:00:00,243644-1,106267277,Dayco Heating & Air:Day-Our Lady of the Desert Parish,"11 N Auburn St Kennewick, WA 99336 USA",Net 30,2026-03-11 00:00:00,490.71,House Account,1
Invoice,2026-02-09 00:00:00,244192,JM00575,Legacy Heating and Cooling:Leg-4th and Pines ESF - Spokane Valley,"110 W Lions Way Hayden, ID 83835 USA",Net 30,2026-03-11 00:00:00,1510,House Account,1
Invoice,2026-02-09 00:00:00,244614,32347,Bruce Heating & Air Conditioning Inc.:BRU-Framatone Warehouse 9,"80385 N Hwy 395 Hermiston, OR 97838 USA",Net 30,2026-03-11 00:00:00,885,House Account,1
Invoice,2026-02-09 00:00:00,243074,Tulip Buildings - Hauser,"Alpine Summit Heating & Cooling:Ash-Tulip Buildings - Hauser, ID","904 East Teton Road Athol, ID 83801 USA",Immediate,2026-02-09 00:00:00,16.5,House Account,1
Invoice,2026-02-09 00:00:00,245041,32542,Bruce Heating & Air Conditioning Inc.:BRU-Specialty Retailer (Natural Grocers,"80385 N Hwy 395 Hermiston, OR 97838 USA",Net 30,2026-03-11 00:00:00,1032,House Account,1
Invoice,2026-02-09 00:00:00,244374,187938128-007,Sturm Heating & Air Conditioning:STU-Planet Fitness TI Newport Hwy - Spo,"1112 N Nelson St Spokane, WA 99202 USA",Net 30,2026-03-11 00:00:00,7605,House Account,1
Invoice,2026-02-09 00:00:00,242301-2,106267277,Dayco Heating & Air:Day-Our Lady of the Desert Parish,"11 N Auburn St Kennewick, WA 99336 USA",Net 30,2026-03-11 00:00:00,7195,House Account,1
Invoice,2026-02-09 00:00:00,244153-3,Missoula FSD/Fans,Air Design:ADE-Affinity at Missoula,"1807 E. Francis Spokane, WA 99208 USA",Net 30,2026-03-11 00:00:00,810.11,House Account,1
Invoice,2026-02-09 00:00:00,244317,23478-213451,Total Energy Management:TOT-D&R Insulation Headquarters - Kenne,"2521 Stevens Drive Richland, WA 99354 USA",Net 30,2026-03-11 00:00:00,724,House Account,1
Invoice,2026-02-09 00:00:00,245034,692079,"MacDonald-Miller Facility Solutions, Inc.:MAC-Mac Miller Parts","PO Box 47983 Seattle, WA 98146 USA",Net 30,2026-03-11 00:00:00,420,House Account,1
Invoice,2026-02-09 00:00:00,245147,32597,Bruce Heating & Air Conditioning Inc.:BRU-AC Hotel - Kennewick,"80385 N Hwy 395 Hermiston, OR 97838 USA",Net 30,2026-03-11 00:00:00,6385,House Account,1
Invoice,2026-02-10 00:00:00,245293,26041-007,McKinstry Company:MCK-McKinstry Spokane Small Projects,"PO Box 24406 Seattle, WA 98124 USA",Net 30,2026-03-12 00:00:00,41,House Account,1
Invoice,2026-02-10 00:00:00,244694,25191CNC,Legacy Heating and Cooling:Leg-413 and 417 Sandpoint Apartments,"110 W Lions Way Hayden, ID 83835 USA",Net 30,2026-03-12 00:00:00,3031.6,House Account,1
Invoice,2026-02-10 00:00:00,243420,31868,Bruce Heating & Air Conditioning Inc.:BRU-Bruce Heating Small Projects,"80385 N Hwy 395 Hermiston, OR 97838 USA",Net 30,2026-03-12 00:00:00,985,House Account,1
Invoice,2026-02-10 00:00:00,243967,32115,Bruce Heating & Air Conditioning Inc.:BRU-STCU - Othello,"80385 N Hwy 395 Hermiston, OR 97838 USA",Net 30,2026-03-12 00:00:00,176,House Account,1
Invoice,2026-02-10 00:00:00,245169,JM00596,Legacy Heating and Cooling:Leg-Inland Imaging Regional Breast Cent,"110 W Lions Way Hayden, ID 83835 USA",Net 30,2026-03-12 00:00:00,1020,House Account,1
Invoice,2026-02-10 00:00:00,245190,JM00597,Legacy Heating and Cooling:Leg-Special Projects,"110 Lions Way Hayden, ID 83835 USA",Net 30,2026-03-12 00:00:00,330,House Account,1
Invoice,2026-02-10 00:00:00,244363-1,188369283-001,Sturm Heating & Air Conditioning:STU-AGRI Storage Unit PF - Dept. of Agr,"1112 N Nelson St Spokane, WA 99202 USA",Net 30,2026-03-12 00:00:00,181,House Account,1
Invoice,2026-02-11 00:00:00,243443,1245522,"Campbell & Company, Inc.:Cam-Riverpoint Farms","2828 W Irving St Pasco, WA 99301 USA",Net 30,2026-03-13 00:00:00,2496,House Account,1
Invoice,2026-02-11 00:00:00,244577,32336,Bruce Heating & Air Conditioning Inc.:BRU-AC Hotel - Kennewick,"80385 N Hwy 395 Hermiston, OR 97838 USA",Net 30,2026-03-13 00:00:00,525,House Account,1
Invoice,2026-02-11 00:00:00,244778,travis8,Steelhead Mechanical:STE-New Bldg 8 - Brass Foundry,"PO Box 6245 Spokane, WA 99217 USA",Net 30,2026-03-13 00:00:00,1796,House Account,1
Invoice,2026-02-11 00:00:00,244479-1,SMOB-CO3-2818-6,Kollmar Inc:Kollmar Inc GOF,"410 OIE Hwy Grandview, WA 98930 USA",Net 30,2026-03-13 00:00:00,1852,House Account,1
Invoice,2026-02-11 00:00:00,244151,Missoula FSD/Fans,Air Design:ADE-Affinity at Missoula,"1807 E. Francis Spokane, WA 99208 USA",Net 30,2026-03-13 00:00:00,1465,House Account,1
Invoice,2026-02-11 00:00:00,242961-1,31672,Bruce Heating & Air Conditioning Inc.:BRU-Equipment Share Ground-Up - Wenatch,"80385 N Hwy 395 Hermiston, OR 97838 USA",Net 30,2026-03-13 00:00:00,1724,House Account,1
Invoice,2026-02-11 00:00:00,243801-1,32064,Bruce Heating & Air Conditioning Inc.:BRU-Specialty Retailer (Natural Grocers,"80385 N Hwy 395 Hermiston, OR 97838 USA",Net 30,2026-03-13 00:00:00,2951,House Account,1
Invoice,2026-02-11 00:00:00,244870,RD0029,Legacy Heating and Cooling:Leg-FMC - Fire Station 2 Remodel,"110 W Lions Way Hayden, ID 83835 USA",Net 30,2026-03-13 00:00:00,2720,House Account,1
Invoice,2026-02-11 00:00:00,245382,420 Evergreen,Evergreen Heating:EVH-Evergreen Heating Small Projects,"PO Box 2527 Spokane, WA 99220 USA",Net 30,2026-03-13 00:00:00,57.78,House Account,1
Invoice,2026-02-11 00:00:00,245138,Sicilia Warehouse,Evergreen Heating:EVH-Evergreen Heating Small Projects,"PO Box 2527 Spokane, WA 99220 USA",Net 30,2026-03-13 00:00:00,161,House Account,1
Invoice,2026-02-11 00:00:00,245059,JM00594,Legacy Heating and Cooling:Leg-Midway Market - Spokane,"110 W Lions Way Hayden, ID 83835 USA",Net 30,2026-03-13 00:00:00,4060,House Account,1
Invoice,2026-02-11 00:00:00,245319,6642600112,Post Falls School Dist,"PO Box 40 Post Falls, ID 83854 USA",Net 30,2026-03-13 00:00:00,1550,House Account,1
Invoice,2026-02-11 00:00:00,244883,JM00578,Legacy Heating and Cooling:Leg-GU Crimont Hall - Restroom Reno,"110 W Lions Way Hayden, ID 83835 USA",Net 30,2026-03-13 00:00:00,1925,House Account,1
Invoice,2026-02-11 00:00:00,244615-2,32346,Bruce Heating & Air Conditioning Inc.:BRU-Framatone Warehouse 9,"80385 N Hwy 395 Hermiston, OR 97838 USA",Net 30,2026-03-13 00:00:00,1586,House Account,1
Invoice,2026-02-11 00:00:00,244996,1247949,"Campbell & Company, Inc.:Cam-Canyon View Apartments - Kennewick","2828 W Irving St Pasco, WA 99301 USA",Net 30,2026-03-13 00:00:00,1785,House Account,1
Invoice,2026-02-11 00:00:00,244217,24313008,McKinstry Company:MCK-Fairchild AFB - ADAL Flight Simulat,"PO Box 24406 Seattle, WA 98124 USA",Net 30,2026-03-13 00:00:00,2668,House Account,1
Invoice,2026-02-11 00:00:00,244143-1,32119,Bruce Heating & Air Conditioning Inc.:BRU-Wenatchee Riverfront Multi-Family,"80385 N Hwy 395 Hermiston, OR 97838 USA",Net 30,2026-03-13 00:00:00,58525,House Account,1
Invoice,2026-02-11 00:00:00,244453,Kalispell - Fans,Air Design:ADE-Affinity - Kalispell,"1807 E. Francis Spokane, WA 99208 USA",Net 30,2026-03-13 00:00:00,3895,House Account,1
Invoice,2026-02-11 00:00:00,244633,32362,Bruce Heating & Air Conditioning Inc.:BRU-CarMax - Richland Store #6181,"80385 N Hwy 395 Hermiston, OR 97838 USA",Net 30,2026-03-13 00:00:00,195,House Account,1
Invoice,2026-02-11 00:00:00,245041-1,32542,Bruce Heating & Air Conditioning Inc.:BRU-Specialty Retailer (Natural Grocers,"80385 N Hwy 395 Hermiston, OR 97838 USA",Net 30,2026-03-13 00:00:00,2734.29,House Account,1
Invoice,2026-02-11 00:00:00,244667,JM00578,Legacy Heating and Cooling:Leg-GU Crimont Hall - Restroom Reno,"110 W Lions Way Hayden, ID 83835 USA",Net 30,2026-03-13 00:00:00,1310,House Account,1
Invoice,2026-02-11 00:00:00,243536,9692,Metalcraft Mechanical:Met-Pinecroft F5 TI,"11547 N Warren St Hayden, ID 83835 USA",Net 30,2026-03-13 00:00:00,1440,House Account,1
Invoice,2026-02-11 00:00:00,242962,31671,Bruce Heating & Air Conditioning Inc.:BRU-Equipment Share Ground-Up - Wenatch,"80385 N Hwy 395 Hermiston, OR 97838 USA",Net 30,2026-03-13 00:00:00,1000,House Account,1
Invoice,2026-02-11 00:00:00,245247,20728,Bruce Heating & Air Conditioning Inc.:BRU-Bruce Heating Small Projects,"80385 N Hwy 395 Hermiston, OR 97838 USA",Net 30,2026-03-13 00:00:00,1112,House Account,1
Invoice,2026-02-11 00:00:00,245357,8295-PO7146,Total System Services,"8227 44th Ave W Suite G Mukilteo, WA 98275",Net 30,2026-03-13 00:00:00,629.99,House Account,1
Invoice,2026-02-11 00:00:00,243947-1,23939/W-00001,Apollo Mechanical Contractors:APO-Hermiston School District - Weber F,"1207 W Columbia Dr Kennewick, WA 99336 USA",Net 30,2026-03-13 00:00:00,763,House Account,1
Invoice,2026-02-11 00:00:00,244991,98565346,Norstar Heating & Cooling:NST-Regal Care - Greenacres,"662 S Main St Colville, WA 99114 USA",Net 30,2026-03-13 00:00:00,1234,House Account,1
Invoice,2026-02-11 00:00:00,242935,S325-W-00002,Apollo Mechanical Contractors:APO-SIA - New Admin Building - REBID -,"1207 W Columbia Dr Kennewick, WA 99336 USA",Net 30,2026-03-13 00:00:00,63000,House Account,1
Invoice,2026-02-11 00:00:00,244063-1,32113,Bruce Heating & Air Conditioning Inc.:BRU-Nespelem Longhouse -Confederated Tr,"80385 N Hwy 395 Hermiston, OR 97838 USA",Net 30,2026-03-13 00:00:00,231,House Account,1
Invoice,2026-02-11 00:00:00,244678,25191CNC,Legacy Heating and Cooling:Leg-413 and 417 Sandpoint Apartments,"110 W Lions Way Hayden, ID 83835 USA",Net 30,2026-03-13 00:00:00,8639,House Account,1
Invoice,2026-02-11 00:00:00,240826-1,25103CNC,Legacy Heating and Cooling:Leg-LPOSD - Sandpoint High School CTE B,"110 W Lions Way Hayden, ID 83835 USA",Net 30,2026-03-13 00:00:00,2096.68,House Account,1
Invoice,2026-02-11 00:00:00,244525,JM00578,Legacy Heating and Cooling:Leg-GU Crimont Hall - Restroom Reno,"110 W Lions Way Hayden, ID 83835 USA",Net 30,2026-03-13 00:00:00,1000,House Account,1
Invoice,2026-02-12 00:00:00,245271,32464,Bruce Heating & Air Conditioning Inc.:BRU-Holiday Inn Express & Suites - Kenn,"80385 N Hwy 395 Hermiston, OR 97838 USA",Net 30,2026-03-14 00:00:00,1237,House Account,1
Invoice,2026-02-12 00:00:00,242962-1,31671,Bruce Heating & Air Conditioning Inc.:BRU-Equipment Share Ground-Up - Wenatch,"80385 N Hwy 395 Hermiston, OR 97838 USA",Net 30,2026-03-14 00:00:00,15320,House Account,1
Invoice,2026-02-12 00:00:00,243275-2,M2990/W-00016,Apollo Mechanical Contractors:APO-Three Rivers Convention Expansion -,"1207 W Columbia Dr Kennewick, WA 99336 USA",Net 30,2026-03-14 00:00:00,36068,House Account,1
Invoice,2026-02-12 00:00:00,244209,25220CNC,Legacy Heating and Cooling:Leg-Boundary County Justice Building,"110 W Lions Way Hayden, ID 83835 USA",Net 30,2026-03-14 00:00:00,2188.9,House Account,1
Invoice,2026-02-12 00:00:00,245031,260013,Absolute Comfort Technology:AMY-Astria Toppenish Hospital,"106 West Mead Avenue Yakima, WA 98902 USA",Net 30,2026-03-14 00:00:00,761,House Account,1
Invoice,2026-02-12 00:00:00,245396,WA2788,Legacy Heating and Cooling,"110 W. Lions Way Hayden, ID 83835 USA",Net 30,2026-03-14 00:00:00,216,House Account,1
Invoice,2026-02-12 00:00:00,239376,620856-086,Basin Refrigeration & Heating:Bas-Microtel Inn and Suites - Ephrata,"10158 Kinder Moses Lake, WA 98837 USA",Net 30,2026-03-14 00:00:00,1275,House Account,1
Invoice,2026-02-12 00:00:00,243365-1,9692,Metalcraft Mechanical:Met-Pinecroft F5 TI,"11547 N Warren St Hayden, ID 83835 USA",Net 30,2026-03-14 00:00:00,1233,House Account,1
Invoice,2026-02-12 00:00:00,243390,C250193,Bruce Heating & Air Conditioning Inc.:BRU-RWC - Pasco,"80385 N Hwy 395 Hermiston, OR 97838 USA",Net 30,2026-03-14 00:00:00,21115,House Account,1
Invoice,2026-02-13 00:00:00,245463,23517-216647,Total Energy Management:TOT-Bridgeport Elementary School Modern,"2521 Stevens Drive Richland, WA 99354 USA",Net 30,2026-03-15 00:00:00,157,House Account,1
Invoice,2026-02-13 00:00:00,245513,Cabinet gorge,Steelhead Mechanical,"PO Box 6245 Spokane, WA 99217 USA",Net 30,2026-03-15 00:00:00,29,House Account,1
Invoice,2026-02-13 00:00:00,245120,Barnes South,Evergreen Heating:EVH-Evergreen Heating Small Projects,"PO Box 2527 Spokane, WA 99220 USA",Net 30,2026-03-15 00:00:00,2020,House Account,1
Invoice,2026-02-13 00:00:00,244524,26015163,McKinstry Company:MCK-Honeywell MET Lab,"PO Box 24406 Seattle, WA 98124 USA",Net 30,2026-03-15 00:00:00,137440,House Account,1
Invoice,2026-02-13 00:00:00,245390,WA2787,Legacy Heating and Cooling,"110 W. Lions Way Hayden, ID 83835 USA",Net 30,2026-03-15 00:00:00,764,House Account,1
Invoice,2026-02-13 00:00:00,244970,23267-216456,Total Energy Management:TOT-Columbia Basin College - Student Ho,"2521 Stevens Drive Richland, WA 99354 USA",Net 30,2026-03-15 00:00:00,275,House Account,1
Invoice,2026-02-13 00:00:00,243967-1,32115,Bruce Heating & Air Conditioning Inc.:BRU-STCU - Othello,"80385 N Hwy 395 Hermiston, OR 97838 USA",Net 30,2026-03-15 00:00:00,176,House Account,1
Invoice,2026-02-13 00:00:00,244073,26008174,McKinstry Company:MCK-Honeywell Electronics WWTP,"PO Box 24406 Seattle, WA 98124 USA",Net 30,2026-03-15 00:00:00,4128,House Account,1
Invoice,2026-02-13 00:00:00,243751,32037,Bruce Heating & Air Conditioning Inc.:BRU-College Place Public Schools-Field,"80385 N Hwy 395 Hermiston, OR 97838 USA",Net 30,2026-03-15 00:00:00,5520,House Account,1
Invoice,2026-02-13 00:00:00,243535,9692,Metalcraft Mechanical:Met-Pinecroft F5 TI,"11547 N Warren St Hayden, ID 83835 USA",Net 30,2026-03-15 00:00:00,20055,House Account,1
Invoice,2026-02-13 00:00:00,244891,26021CR-ID,Legacy Heating and Cooling,"110 W. Lions Way Hayden, ID 83835 USA",Net 30,2026-03-15 00:00:00,3816,,
Invoice,2026-02-13 00:00:00,239377,620856-086,Basin Refrigeration & Heating:Bas-Microtel Inn and Suites - Ephrata,"10158 Kinder Moses Lake, WA 98837 USA",Net 30,2026-03-15 00:00:00,891,House Account,1
Invoice,2026-02-13 00:00:00,245041-2,32542,Bruce Heating & Air Conditioning Inc.:BRU-Specialty Retailer (Natural Grocers,"80385 N Hwy 395 Hermiston, OR 97838 USA",Net 30,2026-03-15 00:00:00,1093.71,House Account,1
Invoice,2026-02-13 00:00:00,244958,32529,Bruce Heating & Air Conditioning Inc.:BRU-Bruce Heating Small Projects,"80385 N Hwy 395 Hermiston, OR 97838 USA",Net 30,2026-03-15 00:00:00,240,House Account,1
Invoice,2026-02-13 00:00:00,244677,25191CNC,Legacy Heating and Cooling:Leg-413 and 417 Sandpoint Apartments,"110 W Lions Way Hayden, ID 83835 USA",Net 30,2026-03-15 00:00:00,2522.8,House Account,1
Invoice,2026-02-16 00:00:00,241990-1,24-28-B,Mackin & Little:MCL-Wenatchee Valley YMCA,"2627 E. Trent Avenue Spokane, WA 99202 USA",Net 30,2026-03-18 00:00:00,1714,House Account,1
Invoice,2026-02-16 00:00:00,245271-1,32464,Bruce Heating & Air Conditioning Inc.:BRU-Holiday Inn Express & Suites - Kenn,"80385 N Hwy 395 Hermiston, OR 97838 USA",Net 30,2026-03-18 00:00:00,24668,House Account,1
Invoice,2026-02-16 00:00:00,243153,3-25059-004,Silverline HVAC:SIL-The Helix at Innovation Center Apar,"4121 W Clearwater Ave, Kennewick, WA 99336 USA",Net 30,2026-03-18 00:00:00,480,House Account,1
Invoice,2026-02-16 00:00:00,245264,32464,Bruce Heating & Air Conditioning Inc.:BRU-Holiday Inn Express & Suites - Kenn,"80385 N Hwy 395 Hermiston, OR 97838 USA",Net 30,2026-03-18 00:00:00,180,House Account,1
Invoice,2026-02-16 00:00:00,239374,620856-086,Basin Refrigeration & Heating:Bas-Microtel Inn and Suites - Ephrata,"10158 Kinder Moses Lake, WA 98837 USA",Net 30,2026-03-18 00:00:00,879,House Account,1
Invoice,2026-02-16 00:00:00,244801,C25-0043-543,Pro Mechanical Services Inc:Pro-Lake Chelan Health EMS & Admin Buil,"PO Box 6526 Spokane, WA 99217 USA",Net 30,2026-03-18 00:00:00,825,House Account,1
Invoice,2026-02-16 00:00:00,243852-1,649364,"MacDonald-Miller Facility Solutions, Inc.:MAC-University of Idaho - Wallace Resid","PO Box 47983 Seattle, WA 98146 USA",Net 30,2026-03-18 00:00:00,9072.54,House Account,1
Invoice,2026-02-16 00:00:00,244180,Missoula Louvers/Hoods,Air Design:ADE-Affinity at Missoula,"1807 E. Francis Spokane, WA 99208 USA",Net 30,2026-03-18 00:00:00,5010,House Account,1
Invoice,2026-02-16 00:00:00,245289,VELC,Steelhead Mechanical:STE-Valley School District - Valley Ear,"PO Box 6245 Spokane, WA 99217 USA",Net 30,2026-03-18 00:00:00,437,House Account,1
Invoice,2026-02-16 00:00:00,245323,1249086,"Campbell & Company, Inc.:Cam-Esprit De Corps ""The Wash"" Laundry","2828 W Irving St Pasco, WA 99301 USA",Net 30,2026-03-18 00:00:00,750,House Account,1
Invoice,2026-02-16 00:00:00,245515,32550,Bruce Heating & Air Conditioning Inc.:BRU-Bruce Heating Small Projects,"80385 N Hwy 395 Hermiston, OR 97838 USA",Net 30,2026-03-18 00:00:00,907,House Account,1
Invoice,2026-02-17 00:00:00,244073-1,26008174,McKinstry Company:MCK-Honeywell Electronics WWTP,"PO Box 24406 Seattle, WA 98124 USA",Net 30,2026-03-19 00:00:00,500,House Account,1
Invoice,2026-02-17 00:00:00,243075-1,"Tulip Buildings - Hauser,","Alpine Summit Heating & Cooling:Ash-Tulip Buildings - Hauser, ID","904 East Teton Road Athol, ID 83801 USA",Immediate,2026-02-17 00:00:00,36.9,House Account,1
Invoice,2026-02-17 00:00:00,245483,Tulip Bldg 2,"Alpine Summit Heating & Cooling:Ash-Tulip Buildings - Hauser, ID","904 East Teton Road Athol, ID 83801 USA",Net 30,2026-03-19 00:00:00,1593.18,House Account,1
Invoice,2026-02-17 00:00:00,245285,SS3231/W-00002,Apollo Mechanical Contractors:APO-Spokane Felts Field Terminal Remodel,"1207 W Columbia Dr Kennewick, WA 99336 USA",Net 30,2026-03-19 00:00:00,1201,House Account,1
Invoice,2026-02-17 00:00:00,243034-1,PO-2570-003,Hurliman Heating:HUR-U of I - Food Research Center TI -,"515 S Dishman Mica Rd Spokane, WA 99206 USA",Net 30,2026-03-19 00:00:00,15439,House Account,1
Invoice,2026-02-17 00:00:00,244618,32344,Bruce Heating & Air Conditioning Inc.:BRU-Framatone Warehouse 9,"80385 N Hwy 395 Hermiston, OR 97838 USA",Net 30,2026-03-19 00:00:00,3460,House Account,1
Invoice,2026-02-17 00:00:00,244211-3,25220CNC,Legacy Heating and Cooling:Leg-Boundary County Justice Building,"110 W Lions Way Hayden, ID 83835 USA",Net 30,2026-03-19 00:00:00,4402.18,House Account,1
Invoice,2026-02-18 00:00:00,242303,106267277,Dayco Heating & Air:Day-Our Lady of the Desert Parish,"11 N Auburn St Kennewick, WA 99336 USA",Net 30,2026-03-20 00:00:00,1400,House Account,1
Invoice,2026-02-18 00:00:00,243970,32118,Bruce Heating & Air Conditioning Inc.:BRU-STCU - Othello,"80385 N Hwy 395 Hermiston, OR 97838 USA",Net 30,2026-03-20 00:00:00,876,House Account,1
Invoice,2026-02-18 00:00:00,245624,26049018,McKinstry Company:MCK-McKinstry Spokane Small Projects,"PO Box 24406 Seattle, WA 98124 USA",Net 30,2026-03-20 00:00:00,895,House Account,1
Invoice,2026-02-18 00:00:00,244363-2,188369283-001,Sturm Heating & Air Conditioning:STU-AGRI Storage Unit PF - Dept. of Agr,"1112 N Nelson St Spokane, WA 99202 USA",Net 30,2026-03-20 00:00:00,200,House Account,1
Invoice,2026-02-18 00:00:00,244780,23387-216356,Total Energy Management:TOT-YVFWC-Yakima Valley Family Workers,"2521 Stevens Drive Richland, WA 99354 USA",Net 30,2026-03-20 00:00:00,75,House Account,1
Invoice,2026-02-18 00:00:00,245242,32838,"Gropp Heating, Air & Electric:Gro-Moscow City Shop","PO Box 8929 Moscow, ID 83843 USA",Net 30,2026-03-20 00:00:00,623.28,House Account,1
Invoice,2026-02-18 00:00:00,245287,26037159,McKinstry Company:MCK-McKinstry Spokane Small Projects,"PO Box 24406 Seattle, WA 98124 USA",Net 30,2026-03-20 00:00:00,2992,House Account,1
Invoice,2026-02-18 00:00:00,241078-2,23517-214053,Total Energy Management:TOT-Bridgeport Elementary School Modern,"2521 Stevens Drive Richland, WA 99354 USA",Net 30,2026-03-20 00:00:00,5741,House Account,1
Invoice,2026-02-18 00:00:00,244466,S325-W-00005,Apollo Mechanical Contractors:APO-SIA - New Admin Building - REBID -,"1207 W Columbia Dr Kennewick, WA 99336 USA",Net 30,2026-03-20 00:00:00,4060,House Account,1
Invoice,2026-02-19 00:00:00,245713,26007CNC,Legacy Heating and Cooling:Leg-Special Projects,"110 Lions Way Hayden, ID 83835 USA",Net 30,2026-03-21 00:00:00,85.86,House Account,1
Invoice,2026-02-19 00:00:00,244142,32120,Bruce Heating & Air Conditioning Inc.:BRU-Wenatchee Riverfront Multi-Family,"80385 N Hwy 395 Hermiston, OR 97838 USA",Net 30,2026-03-21 00:00:00,60620,House Account,1
Invoice,2026-02-19 00:00:00,243273-2,23474-213549,Total Energy Management:TOT-HMIS - Eastern Plateau Fire Station,"2521 Stevens Drive Richland, WA 99354 USA",Net 30,2026-03-21 00:00:00,3757,House Account,1
Invoice,2026-02-19 00:00:00,245767,Post St,Steelhead Mechanical,"PO Box 6245 Spokane, WA 99217 USA",Net 30,2026-03-21 00:00:00,32,House Account,1
Invoice,2026-02-19 00:00:00,245634,718-1482279A,Johnstone Supply - Spokane,"1212 E Front St Fax 509 533 9884 Spokane, WA 99202",Net 30,2026-03-21 00:00:00,412.65,,
Invoice,2026-02-19 00:00:00,245322,1249086,"Campbell & Company, Inc.:Cam-Esprit De Corps ""The Wash"" Laundry","2828 W Irving St Pasco, WA 99301 USA",Net 30,2026-03-21 00:00:00,3850,,
Invoice,2026-02-19 00:00:00,245080,32461,Bruce Heating & Air Conditioning Inc.:BRU-Holiday Inn Express & Suites - Kenn,"80385 N Hwy 395 Hermiston, OR 97838 USA",Net 30,2026-03-21 00:00:00,12100,,
Invoice,2026-02-20 00:00:00,245788,Travis Brass,Steelhead Mechanical,"PO Box 6245 Spokane, WA 99217 USA",Net 30,2026-03-22 00:00:00,154,House Account,1
Invoice,2026-02-20 00:00:00,245739,LOTG,HVAC 1,"7611 N Market St Spokane, WA 99217 USA",Immediate,2026-02-20 00:00:00,511,House Account,1
Invoice,2026-02-20 00:00:00,244318,JM00578,Legacy Heating and Cooling:Leg-GU Crimont Hall - Restroom Reno,"110 W Lions Way Hayden, ID 83835 USA",Net 30,2026-03-22 00:00:00,2760,House Account,1
Invoice,2026-02-20 00:00:00,245030,23478-213451,Total Energy Management:TOT-D&R Insulation Headquarters - Kenne,"2521 Stevens Drive Richland, WA 99354 USA",Net 30,2026-03-22 00:00:00,527,House Account,1
Invoice,2026-02-20 00:00:00,245282,M3056/W-00007,Apollo Mechanical Contractors:APO-Apollo Tri-Cities Small Projects,"1201 W Columbia Dr Kennewick, WA 99336 USA",Net 30,2026-03-22 00:00:00,2210,House Account,1
Invoice,2026-02-20 00:00:00,245251,9664,Metalcraft Mechanical:Met-CTE Shop Addition for Bonners Ferry,"11547 N Warren St Hayden, ID 83835 USA",Net 30,2026-03-22 00:00:00,288.32,House Account,1
Invoice,2026-02-20 00:00:00,245030-1,23478-213451,Total Energy Management:TOT-D&R Insulation Headquarters - Kenne,"2521 Stevens Drive Richland, WA 99354 USA",Net 30,2026-03-22 00:00:00,473,House Account,1
Invoice,2026-02-20 00:00:00,243376,106747155,Dayco Heating & Air:DAY-Physical Therapy Clinic - Hermiston,"11 N Auburn St Kennewick, WA 99336 USA",Net 30,2026-03-22 00:00:00,2800,House Account,1
Invoice,2026-02-20 00:00:00,245380,SS3231/W-00002,Apollo Mechanical Contractors:APO-Spokane Felts Field Terminal Remodel,"1207 W Columbia Dr Kennewick, WA 99336 USA",Net 30,2026-03-22 00:00:00,1094,House Account,1
Invoice,2026-02-20 00:00:00,244606-1,23474-213549,Total Energy Management:TOT-HMIS - Eastern Plateau Fire Station,"2521 Stevens Drive Richland, WA 99354 USA",Net 30,2026-03-22 00:00:00,4885,House Account,1
Credit Memo,2026-02-20 00:00:00,245809,23492-216762,Total Energy Management:TOT-Benton County Fairground Arena Upgr,"2521 Stevens Drive Richland, WA 99354 USA",Net 30,2026-03-22 00:00:00,-101.01,House Account,1
Invoice,2026-02-23 00:00:00,245626,Konala Gonzaga,Evergreen Heating:EVH-Evergreen Heating Small Projects,"PO Box 2527 Spokane, WA 99220 USA",Net 30,2026-03-25 00:00:00,458.5,House Account,1
Invoice,2026-02-23 00:00:00,245384,1247949,"Campbell & Company, Inc.:Cam-Canyon View Apartments - Kennewick","2828 W Irving St Pasco, WA 99301 USA",Net 30,2026-03-25 00:00:00,783,House Account,1
Invoice,2026-02-23 00:00:00,244683-1,25191CNC,Legacy Heating and Cooling:Leg-413 and 417 Sandpoint Apartments,"110 W Lions Way Hayden, ID 83835 USA",Net 30,2026-03-25 00:00:00,2246.14,House Account,1
Invoice,2026-02-23 00:00:00,244923-1,32484,Bruce Heating & Air Conditioning Inc.:BRU-D9 Contractors Office and Warehouse,"80385 N Hwy 395 Hermiston, OR 97838 USA",Net 30,2026-03-25 00:00:00,3874,House Account,1
Invoice,2026-02-23 00:00:00,245402,26042165,McKinstry Company:MCK-McKinstry Spokane Small Projects,"PO Box 24406 Seattle, WA 98124 USA",Net 30,2026-03-25 00:00:00,2197.27,House Account,1
Invoice,2026-02-23 00:00:00,239377-1,620856-086,Basin Refrigeration & Heating:Bas-Microtel Inn and Suites - Ephrata,"10158 Kinder Moses Lake, WA 98837 USA",Net 30,2026-03-25 00:00:00,2436,House Account,1
Invoice,2026-02-23 00:00:00,244883-1,JM00578,Legacy Heating and Cooling:Leg-GU Crimont Hall - Restroom Reno,"110 W Lions Way Hayden, ID 83835 USA",Net 30,2026-03-25 00:00:00,1925,House Account,1
Invoice,2026-02-24 00:00:00,245916,1250371,"Campbell & Company, Inc.:Cam-Esprit De Corps ""The Wash"" Laundry","2828 W Irving St Pasco, WA 99301 USA",Net 30,2026-03-26 00:00:00,1204,House Account,1
Invoice,2026-02-24 00:00:00,243076-1,"Tulip Buildings - Hauser,","Alpine Summit Heating & Cooling:Ash-Tulip Buildings - Hauser, ID","904 East Teton Road Athol, ID 83801 USA",Immediate,2026-02-24 00:00:00,132.48,House Account,1
Invoice,2026-02-24 00:00:00,243967-2,32115,Bruce Heating & Air Conditioning Inc.:BRU-STCU - Othello,"80385 N Hwy 395 Hermiston, OR 97838 USA",Net 30,2026-03-26 00:00:00,6688,House Account,1
Invoice,2026-02-24 00:00:00,244591,JM00575,Legacy Heating and Cooling:Leg-4th and Pines ESF - Spokane Valley,"110 W Lions Way Hayden, ID 83835 USA",Net 30,2026-03-26 00:00:00,11290,House Account,1
Invoice,2026-02-24 00:00:00,245846,32871,Bruce Heating & Air Conditioning Inc.:BRU-CarMax - Richland Store #6181,"80385 N Hwy 395 Hermiston, OR 97838 USA",Net 30,2026-03-26 00:00:00,220,House Account,1
Invoice,2026-02-24 00:00:00,244973,32379,Bruce Heating & Air Conditioning Inc.:BRU-Yakama Nation Legends Casino Expans,"80385 N Hwy 395 Hermiston, OR 97838 USA",Net 30,2026-03-26 00:00:00,45125,House Account,1
Invoice,2026-02-24 00:00:00,244539,JM00592,Legacy Heating and Cooling:Leg-Inland Imaging Regional Breast Cent,"110 W Lions Way Hayden, ID 83835 USA",Net 30,2026-03-26 00:00:00,32100,House Account,1
Invoice,2026-02-24 00:00:00,245523,M3056/W-00007,Apollo Mechanical Contractors:APO-Apollo Tri-Cities Small Projects,"1201 W Columbia Dr Kennewick, WA 99336 USA",Net 30,2026-03-26 00:00:00,4928,House Account,1
Invoice,2026-02-24 00:00:00,245792,C25-0011-564,Pro Mechanical Services Inc:Pro-Pro Mechanical Small Projects,"PO Box 6526 Spokane, WA 99217 USA",Net 30,2026-03-26 00:00:00,1028,House Account,1
Invoice,2026-02-25 00:00:00,245943,Konala Gonzaga,Evergreen Heating:EVH-Evergreen Heating Small Projects,"PO Box 2527 Spokane, WA 99220 USA",Net 30,2026-03-27 00:00:00,118,House Account,1
Invoice,2026-02-25 00:00:00,243437,5427,McClintock & Turk:McC-SunOpta Omak Interior Reno,"PO Box 3423 Spokane, WA 99220 USA",Net 30,2026-03-27 00:00:00,22360,House Account,1
Invoice,2026-02-26 00:00:00,244617-1,32345,Bruce Heating & Air Conditioning Inc.:BRU-Framatone Warehouse 9,"80385 N Hwy 395 Hermiston, OR 97838 USA",Net 30,2026-03-28 00:00:00,1617,House Account,1
Invoice,2026-02-26 00:00:00,244867,RD0029,Legacy Heating and Cooling:Leg-FMC - Fire Station 2 Remodel,"110 W Lions Way Hayden, ID 83835 USA",Net 30,2026-03-28 00:00:00,1485,House Account,1
Invoice,2026-02-26 00:00:00,245735,26050130,McKinstry Company:MCK-McKinstry Spokane Small Projects,"PO Box 24406 Seattle, WA 98124 USA",Net 30,2026-03-28 00:00:00,2097.6,House Account,1
Invoice,2026-02-26 00:00:00,245524,23123-208654,Total Energy Management:TOT-Century Pipe - Industrial Building,"2521 Stevens Drive Richland, WA 99354 USA",Net 30,2026-03-28 00:00:00,483.08,House Account,1
Invoice,2026-02-26 00:00:00,245284,1662-216561,Total Energy Management:TOT-Total Energy Small Projects - 2017,"2521 Stevens Dr Richland, WA 99354 USA",Net 30,2026-03-28 00:00:00,1648,House Account,1
Invoice,2026-02-26 00:00:00,245286,SS3231/W-00002,Apollo Mechanical Contractors:APO-Spokane Felts Field Terminal Remodel,"1207 W Columbia Dr Kennewick, WA 99336 USA",Net 30,2026-03-28 00:00:00,370,House Account,1
Invoice,2026-02-26 00:00:00,246062,26042165,McKinstry Company:MCK-McKinstry Spokane Small Projects,"PO Box 24406 Seattle, WA 98124 USA",Net 30,2026-03-28 00:00:00,532.51,House Account,1
Invoice,2026-02-26 00:00:00,245670,32816,Bruce Heating & Air Conditioning Inc.:BRU-Simplot Rainier,"80385 N Hwy 395 Hermiston, OR 97838 USA",Net 30,2026-03-28 00:00:00,12295,House Account,1
Invoice,2026-02-26 00:00:00,246013,189626150-001,Sturm Heating & Air Conditioning:STU-Sturm Small Projects,"1112 N Nelson St Spokane, WA 99202 USA",Net 30,2026-03-28 00:00:00,659,House Account,1
Invoice,2026-02-26 00:00:00,245721,32836,Bruce Heating & Air Conditioning Inc.:BRU-Simplot Rainier,"80385 N Hwy 395 Hermiston, OR 97838 USA",Net 30,2026-03-28 00:00:00,970,House Account,1
Invoice,2026-02-26 00:00:00,245477,Kalispell - Fans,Air Design:ADE-Affinity - Kalispell,"1807 E. Francis Spokane, WA 99208 USA",Net 30,2026-03-28 00:00:00,9060,House Account,1
Invoice,2026-02-26 00:00:00,245495,23517-216652,Total Energy Management:TOT-Bridgeport Elementary School Modern,"2521 Stevens Drive Richland, WA 99354 USA",Net 30,2026-03-28 00:00:00,715,House Account,1
Invoice,2026-02-26 00:00:00,243942,Friedrich Wall Sleeve,Air Design:ADE-Clarkston Haven,"1807 E. Francis Spokane, WA 99208 USA",Net 30,2026-03-28 00:00:00,260,House Account,1
Invoice,2026-02-26 00:00:00,243889,Friedrich WHVT14B33A,Air Design:ADE-Clarkston Haven,"1807 E. Francis Spokane, WA 99208 USA",Net 30,2026-03-28 00:00:00,2505,House Account,1
Invoice,2026-02-26 00:00:00,245886,26051135,McKinstry Company:MCK-McKinstry Spokane Small Projects,"PO Box 24406 Seattle, WA 98124 USA",Net 30,2026-03-28 00:00:00,724,House Account,1
Invoice,2026-02-26 00:00:00,245840,Salon,Steelhead Mechanical:STE-Glamour Salon TI - Millworx,"PO Box 6245 Spokane, WA 99217 USA",Net 30,2026-03-28 00:00:00,1720,House Account,1
Invoice,2026-02-27 00:00:00,246017,PO 43093,College Place Heating,"970 NE Rose College Place, WA 99324 USA",Net 30,2026-03-29 00:00:00,548.53,House Account,1
Invoice,2026-02-27 00:00:00,245073,32468,Bruce Heating & Air Conditioning Inc.:BRU-Holiday Inn Express & Suites - Kenn,"80385 N Hwy 395 Hermiston, OR 97838 USA",Net 30,2026-03-29 00:00:00,1500,House Account,1
Invoice,2026-02-27 00:00:00,245518,Furnace FSD,Air Design:ADE-Affinity - Kalispell,"1807 E. Francis Spokane, WA 99208 USA",Net 30,2026-03-29 00:00:00,3300,House Account,1
Invoice,2026-02-27 00:00:00,245796,1250148,"Campbell & Company, Inc.:Cam-Health First Urgent Care - Kennewick","2828 W Irving St Pasco, WA 99301 USA",Net 30,2026-03-29 00:00:00,535,House Account,1
Invoice,2026-02-27 00:00:00,245031-1,260013,Absolute Comfort Technology:AMY-Astria Toppenish Hospital,"106 West Mead Avenue Yakima, WA 98902 USA",Net 30,2026-03-29 00:00:00,5074,House Account,1
Invoice,2026-02-27 00:00:00,245908,JM00604,Legacy Heating and Cooling:Leg-The Flying Pickle Post Falls,"110 W Lions Way Hayden, ID 83835 USA",Net 30,2026-03-29 00:00:00,17155,House Account,1
Invoice,2026-02-27 00:00:00,243076-2,Tulip Buildings - Hauser,"Alpine Summit Heating & Cooling:Ash-Tulip Buildings - Hauser, ID","904 East Teton Road Athol, ID 83801 USA",Immediate,2026-02-27 00:00:00,42.12,House Account,1
Invoice,2026-02-27 00:00:00,245454,32743,Bruce Heating & Air Conditioning Inc.:BRU-Yakama Nation Legends Casino Expans,"80385 N Hwy 395 Hermiston, OR 97838 USA",Net 30,2026-03-29 00:00:00,6685,House Account,1
Credit Memo,2026-02-27 00:00:00,246195,22350--198759,Total Energy Management:TOT-Bridgeport SD - Bridgeport HS Moder,"2521 Stevens Drive Richland, WA 99354 USA",Net 30,2026-03-29 00:00:00,-2070,House Account,1
Invoice,2025-12-30 00:00:00,238855-1,204 Evergreen,Alpina Mechanical LLC:Alp-North Evergreen Detox - Spokane Val,"6848 N Government Way Dalton Gardens, ID 83815 USA",Net 30,2026-01-29 00:00:00,9728,House Account,1
Invoice,2025-12-30 00:00:00,242778,31612,Bruce Heating & Air Conditioning Inc.:BRU-Cargill Friona,"80385 N Hwy 395 Hermiston, OR 97838 USA",Net 30,2026-01-29 00:00:00,2540,House Account,1
Invoice,2025-12-30 00:00:00,243199,214197,MBI Construction Services:MBI-Lower Valley Transfer Station - Kit,"2016 Fruitvale Blvd Yakima, WA 98902-1220 USA",Net 30,2026-01-29 00:00:00,1180,House Account,1
Invoice,2025-12-31 00:00:00,243569,23943-BC,Apollo Mechanical Contractors:APO-Apollo Tri-Cities Small Projects,"1201 W Columbia Dr Kennewick, WA 99336 USA",Net 30,2026-01-30 00:00:00,1536,House Account,1
Invoice,2025-12-31 00:00:00,242119-4,23492-214075,Total Energy Management:TOT-Benton County Fairground Arena Upgr,"2521 Stevens Drive Richland, WA 99354 USA",Net 30,2026-01-30 00:00:00,11093.43,House Account,1
Invoice,2025-12-31 00:00:00,242540,23517-214053,Total Energy Management:TOT-Bridgeport Elementary School Modern,"2521 Stevens Drive Richland, WA 99354 USA",Net 30,2026-01-30 00:00:00,8015,House Account,1
Invoice,2025-12-31 00:00:00,242120,23492-214075,Total Energy Management:TOT-Benton County Fairground Arena Upgr,"2521 Stevens Drive Richland, WA 99354 USA",Net 30,2026-01-30 00:00:00,13740,House Account,1
Invoice,2025-12-31 00:00:00,239760-1,C252304,Bruce Heating & Air Conditioning Inc.:BRU-AC Hotel - Kennewick,"80385 N Hwy 395 Hermiston, OR 97838 USA",Net 30,2026-01-30 00:00:00,5284,House Account,1
Invoice,2026-01-02 00:00:00,241531,9692,Metalcraft Mechanical:Met-Pinecroft F5 TI,"11547 N Warren St Hayden, ID 83835 USA",Net 30,2026-02-01 00:00:00,77595,House Account,1
Invoice,2026-01-05 00:00:00,243630,LM-129- CVSMercer,Cowdrey Mechanical Systems LLC:CMS-CVS Pharmacy,"PO Box 519 Brush Prairie, WA 98606 USA",Net 30,2026-02-04 00:00:00,395,House Account,1
Invoice,2026-01-05 00:00:00,242645,31570,Bruce Heating & Air Conditioning Inc.:BRU-Cargill Friona,"80385 N Hwy 395 Hermiston, OR 97838 USA",Net 30,2026-02-04 00:00:00,1105,House Account,1
Invoice,2026-01-05 00:00:00,243607,31970,Bruce Heating & Air Conditioning Inc.:BRU-D9 Contractors Office and Warehouse,"80385 N Hwy 395 Hermiston, OR 97838 USA",Net 30,2026-02-04 00:00:00,795,House Account,1
Invoice,2026-01-05 00:00:00,240948,23517-214053,Total Energy Management:TOT-Bridgeport Elementary School Modern,"2521 Stevens Drive Richland, WA 99354 USA",Net 30,2026-02-04 00:00:00,77917,House Account,1
Invoice,2026-01-05 00:00:00,242994-1,24-28-B,Mackin & Little:MCL-Wenatchee Valley YMCA,"2627 E. Trent Avenue Spokane, WA 99202 USA",Net 30,2026-02-04 00:00:00,636,House Account,1
Invoice,2026-01-06 00:00:00,243606,31971,Bruce Heating & Air Conditioning Inc.:BRU-D9 Contractors Office and Warehouse,"80385 N Hwy 395 Hermiston, OR 97838 USA",Net 30,2026-02-05 00:00:00,710,House Account,1
Invoice,2026-01-06 00:00:00,243614,31989,Bruce Heating & Air Conditioning Inc.:BRU-Wenatchee Riverfront Multi-Family,"80385 N Hwy 395 Hermiston, OR 97838 USA",Net 30,2026-02-05 00:00:00,600,,
Invoice,2026-01-07 00:00:00,242424,23935/W-00009,Apollo Mechanical Contractors:APO-Gum Street Apartments - Kennewick,"1207 W Columbia Dr Kennewick, WA 99336 USA",Net 30,2026-02-06 00:00:00,323,House Account,1
Invoice,2026-01-07 00:00:00,242422,23935/W-00008,Apollo Mechanical Contractors:APO-Gum Street Apartments - Kennewick,"1207 W Columbia Dr Kennewick, WA 99336 USA",Net 30,2026-02-06 00:00:00,1630,House Account,1
Invoice,2026-01-07 00:00:00,243469,1338F5,Metalcraft Mechanical:Met-Pinecroft F5 TI,"11547 N Warren St Hayden, ID 83835 USA",Net 30,2026-02-06 00:00:00,165,House Account,1
Invoice,2026-01-07 00:00:00,240977,25-179-20072,Air Tech:AIR-Classroom Remodel -Coeur Du Christ,"7820 Franklin Coeur d' Alene, ID 83815 USA",Net 30,2026-02-06 00:00:00,3655,House Account,1
Invoice,2026-01-07 00:00:00,243389,C250194,Bruce Heating & Air Conditioning Inc.:BRU-RWC - Pasco,"80385 N Hwy 395 Hermiston, OR 97838 USA",Net 30,2026-02-06 00:00:00,8260,House Account,1
Invoice,2026-01-08 00:00:00,242639,31612,Bruce Heating & Air Conditioning Inc.:BRU-Cargill Friona,"80385 N Hwy 395 Hermiston, OR 97838 USA",Net 30,2026-02-07 00:00:00,355,House Account,1
Invoice,2026-01-08 00:00:00,242290,23288-214088,Total Energy Management:TOT-Pace High School,"2521 Stevens Drive Richland, WA 99354 USA",Net 30,2026-02-07 00:00:00,5500,House Account,1
Invoice,2026-01-09 00:00:00,243883,23387-212396,Total Energy Management:TOT-YVFWC-Yakima Valley Family Workers,"2521 Stevens Drive Richland, WA 99354 USA",Net 30,2026-02-08 00:00:00,4391,House Account,1
Invoice,2026-01-09 00:00:00,241009-2,30906,Bruce Heating & Air Conditioning Inc.:BRU-EB-1 Baghouse System - Richland,"80385 N Hwy 395 Hermiston, OR 97838 USA",Net 30,2026-02-08 00:00:00,8444,House Account,1
Invoice,2026-01-09 00:00:00,243215,240269,Absolute Comfort Technology:AMY-American Medical Response - Base of,"7 South 5th Ave Yakima, WA 98902 USA",Net 30,2026-02-08 00:00:00,725,House Account,1
Invoice,2026-01-09 00:00:00,243295,M2969 112-2000,Apollo Mechanical Contractors:APO-Apollo Mechanical - Kennewick Small,"1201 W Columbia Dr Kennewick, WA 99336 USA",Net 30,2026-02-08 00:00:00,130,House Account,1
Invoice,2026-01-09 00:00:00,243630-1,LM-129- CVSMercer,Cowdrey Mechanical Systems LLC:CMS-CVS Pharmacy,"PO Box 519 Brush Prairie, WA 98606 USA",Net 30,2026-02-08 00:00:00,280,House Account,1
Invoice,2026-01-09 00:00:00,243585,M2985-W-00006,Apollo Mechanical Contractors:APO-Wenatchee Valley College Center for,"1207 W Columbia Dr Kennewick, WA 99336 USA",Net 30,2026-02-08 00:00:00,2015,House Account,1
Invoice,2026-01-09 00:00:00,241009-1,30906,Bruce Heating & Air Conditioning Inc.:BRU-EB-1 Baghouse System - Richland,"80385 N Hwy 395 Hermiston, OR 97838 USA",Net 30,2026-02-08 00:00:00,859,House Account,1
Invoice,2026-01-09 00:00:00,242253-1,23474-213549,Total Energy Management:TOT-HMIS - Eastern Plateau Fire Station,"2521 Stevens Drive Richland, WA 99354 USA",Net 30,2026-02-08 00:00:00,6297,House Account,1
Invoice,2026-01-09 00:00:00,242424-1,23935/W-00009,Apollo Mechanical Contractors:APO-Gum Street Apartments - Kennewick,"1207 W Columbia Dr Kennewick, WA 99336 USA",Net 30,2026-02-08 00:00:00,490,House Account,1
Invoice,2026-01-12 00:00:00,243395-2,23500-214382,Total Energy Management:TOT-Ellensburg Rodeo Arena Seating,"2521 Stevens Drive Richland, WA 99354 USA",Net 30,2026-02-11 00:00:00,5361,House Account,1
Invoice,2026-01-12 00:00:00,242710,23474-213549,Total Energy Management:TOT-HMIS - Eastern Plateau Fire Station,"2521 Stevens Drive Richland, WA 99354 USA",Net 30,2026-02-11 00:00:00,16670,House Account,1
Invoice,2026-01-13 00:00:00,243216,240269,Absolute Comfort Technology:AMY-American Medical Response - Base of,"7 South 5th Ave Yakima, WA 98902 USA",Net 30,2026-02-12 00:00:00,2812,House Account,1
Invoice,2026-01-13 00:00:00,243275,M2990/W-00016,Apollo Mechanical Contractors:APO-Three Rivers Convention Expansion -,"1207 W Columbia Dr Kennewick, WA 99336 USA",Net 30,2026-02-12 00:00:00,5355,House Account,1
Invoice,2026-01-14 00:00:00,242727,Timberline,Alpina Mechanical LLC:Alp-South Freya Apts - The Timberline,"6848 N Government Way Dalton Gardens, ID 83815 USA",Net 30,2026-02-13 00:00:00,11460,House Account,1
Invoice,2026-01-14 00:00:00,244070,M2990/W-00016,Apollo Mechanical Contractors:APO-Three Rivers Convention Expansion -,"1207 W Columbia Dr Kennewick, WA 99336 USA",Net 30,2026-02-13 00:00:00,243,House Account,1
Invoice,2026-01-14 00:00:00,243275-1,M2990/W-00016,Apollo Mechanical Contractors:APO-Three Rivers Convention Expansion -,"1207 W Columbia Dr Kennewick, WA 99336 USA",Net 30,2026-02-13 00:00:00,243,House Account,1
Invoice,2026-01-14 00:00:00,243382-2,9692,Metalcraft Mechanical:Met-Pinecroft F5 TI,"11547 N Warren St Hayden, ID 83835 USA",Net 30,2026-02-13 00:00:00,353,House Account,1
Invoice,2026-01-14 00:00:00,243034,PO-2570-003,Hurliman Heating:HUR-U of I - Food Research Center TI -,"515 S Dishman Mica Rd Spokane, WA 99206 USA",Net 30,2026-02-13 00:00:00,471,House Account,1
Invoice,2026-01-16 00:00:00,242385,23517-214053,Total Energy Management:TOT-Bridgeport Elementary School Modern,"2521 Stevens Drive Richland, WA 99354 USA",Net 30,2026-02-15 00:00:00,3170,House Account,1
Invoice,2026-01-16 00:00:00,242640,31741,Bruce Heating & Air Conditioning Inc.:BRU-Cargill Friona,"80385 N Hwy 395 Hermiston, OR 97838 USA",Net 30,2026-02-15 00:00:00,1605,House Account,1
Invoice,2026-01-16 00:00:00,243216-1,240269,Absolute Comfort Technology:AMY-American Medical Response - Base of,"7 South 5th Ave Yakima, WA 98902 USA",Net 30,2026-02-15 00:00:00,2218,,
Invoice,2026-01-17 00:00:00,243806,32063,Bruce Heating & Air Conditioning Inc.:BRU-Specialty Retailer (Natural Grocers,"80385 N Hwy 395 Hermiston, OR 97838 USA",Net 30,2026-02-16 00:00:00,5625,House Account,1
Invoice,2026-01-17 00:00:00,242994-2,24-28-B,Mackin & Little:MCL-Wenatchee Valley YMCA,"2627 E. Trent Avenue Spokane, WA 99202 USA",Net 30,2026-02-16 00:00:00,1096,House Account,1
Invoice,2026-01-17 00:00:00,243214,240269,Absolute Comfort Technology:AMY-American Medical Response - Base of,"7 South 5th Ave Yakima, WA 98902 USA",Net 30,2026-02-16 00:00:00,4420,House Account,1
Invoice,2026-01-19 00:00:00,242502-1,23255-210705,Total Energy Management:TOT-Port of Pasco - Tri-Cities Airport,"2521 Stevens Drive Richland, WA 99354 USA",Net 30,2026-02-18 00:00:00,9612,House Account,1
Invoice,2026-01-19 00:00:00,243947,23939/W-00001,Apollo Mechanical Contractors:APO-Hermiston School District - Weber F,"1207 W Columbia Dr Kennewick, WA 99336 USA",Net 30,2026-02-18 00:00:00,612,House Account,1
Invoice,2026-01-20 00:00:00,243950,23939/W-00001,Apollo Mechanical Contractors:APO-Hermiston School District - Weber F,"1207 W Columbia Dr Kennewick, WA 99336 USA",Net 30,2026-02-19 00:00:00,580,House Account,1
Invoice,2026-01-21 00:00:00,243852,649364,"MacDonald-Miller Facility Solutions, Inc.:MAC-University of Idaho - Wallace Resid","PO Box 47983 Seattle, WA 98146 USA",Net 30,2026-02-20 00:00:00,2706.18,House Account,1
Invoice,2026-01-21 00:00:00,244297,32238,Bruce Heating & Air Conditioning Inc.:BRU-AC Hotel - Kennewick,"80385 N Hwy 395 Hermiston, OR 97838 USA",Net 30,2026-02-20 00:00:00,581.5,House Account,1
Invoice,2026-01-21 00:00:00,243389-1,C250194,Bruce Heating & Air Conditioning Inc.:BRU-RWC - Pasco,"80385 N Hwy 395 Hermiston, OR 97838 USA",Net 30,2026-02-20 00:00:00,6728,House Account,1
Invoice,2026-01-22 00:00:00,243273-1,23474-213549,Total Energy Management:TOT-HMIS - Eastern Plateau Fire Station,"2521 Stevens Drive Richland, WA 99354 USA",Net 30,2026-02-21 00:00:00,9880,House Account,1
Invoice,2026-01-22 00:00:00,243939,32112,Bruce Heating & Air Conditioning Inc.:BRU-Nespelem Longhouse -Confederated Tr,"80385 N Hwy 395 Hermiston, OR 97838 USA",Net 30,2026-02-21 00:00:00,4410,House Account,1
Invoice,2026-01-22 00:00:00,244297-1,32238,Bruce Heating & Air Conditioning Inc.:BRU-AC Hotel - Kennewick,"80385 N Hwy 395 Hermiston, OR 97838 USA",Net 30,2026-02-21 00:00:00,974.25,House Account,1
Credit Memo,2026-01-22 00:00:00,242391,TE105793-1,Polhamus Heating:Polhamus Heating GOF,"3211 Bell Road NE Moses Lake, WA 98837 USA",Net 30,2026-02-21 00:00:00,-410.9,House Account,1
Invoice,2026-01-23 00:00:00,243948,23939/W-00001,Apollo Mechanical Contractors:APO-Hermiston School District - Weber F,"1207 W Columbia Dr Kennewick, WA 99336 USA",Net 30,2026-02-22 00:00:00,2315,House Account,1
Invoice,2026-01-23 00:00:00,243801,32064,Bruce Heating & Air Conditioning Inc.:BRU-Specialty Retailer (Natural Grocers,"80385 N Hwy 395 Hermiston, OR 97838 USA",Net 30,2026-02-22 00:00:00,1247,House Account,1
Invoice,2026-01-23 00:00:00,243518,23500-214382,Total Energy Management:TOT-Ellensburg Rodeo Arena Seating,"2521 Stevens Drive Richland, WA 99354 USA",Net 30,2026-02-22 00:00:00,4284,House Account,1
Invoice,2026-01-23 00:00:00,242964,31670,Bruce Heating & Air Conditioning Inc.:BRU-Equipment Share Ground-Up - Wenatch,"80385 N Hwy 395 Hermiston, OR 97838 USA",Net 30,2026-02-22 00:00:00,2128.21,House Account,1
Invoice,2026-01-23 00:00:00,242334,106-25644,"Shannon Industrial Contractors, Inc:Sha-Santa-Fernwood Sewer District Reuse","PO BOX 3886 Coeur d' Alene, ID 83816 USA",Net 30,2026-02-22 00:00:00,840,House Account,1
Invoice,2026-01-23 00:00:00,243890,32077,Bruce Heating & Air Conditioning Inc.:BRU-LW Oberlin Project Warden,"80385 N Hwy 395 Hermiston, OR 97838 USA",Net 30,2026-02-22 00:00:00,4557,House Account,1
Invoice,2026-01-23 00:00:00,244491,C6684-68,Polhamus Heating:Polhamus Heating GOF,"3211 Bell Road NE Moses Lake, WA 98837 USA",Net 30,2026-02-22 00:00:00,306,House Account,1
Invoice,2026-01-23 00:00:00,243771,20587,Bruce Heating & Air Conditioning Inc.:BRU-Lamb Weston ODA - Hermiston OR,"80385 N Hwy 395 Hermiston, OR 97838 USA",Net 30,2026-02-22 00:00:00,5328,House Account,1
Invoice,2026-01-26 00:00:00,242964-1,31670,Bruce Heating & Air Conditioning Inc.:BRU-Equipment Share Ground-Up - Wenatch,"80385 N Hwy 395 Hermiston, OR 97838 USA",Net 30,2026-02-25 00:00:00,901.79,House Account,1
Invoice,2026-01-26 00:00:00,243800,32065,Bruce Heating & Air Conditioning Inc.:BRU-Specialty Retailer (Natural Grocers,"80385 N Hwy 395 Hermiston, OR 97838 USA",Net 30,2026-02-25 00:00:00,715,House Account,1
Invoice,2026-01-26 00:00:00,244631,32362,Bruce Heating & Air Conditioning Inc.:BRU-CarMax - Richland Store #6181,"80385 N Hwy 395 Hermiston, OR 97838 USA",Net 30,2026-02-25 00:00:00,394,House Account,1
Invoice,2026-01-26 00:00:00,244535,170247,All Seasons Heating & A/C:ALL-The Haydn Project - REBID,"PO Box 9006 Yakima, WA 98909 USA",Net 30,2026-02-25 00:00:00,1165,House Account,1
Invoice,2026-01-26 00:00:00,244626,26-sterling 16,Air Tech:AIR-Airtech Small Projects,"7820 Franklin St Coeur d' Alene, ID 83815 USA",Net 30,2026-02-25 00:00:00,404,House Account,1
Invoice,2026-01-27 00:00:00,242644,31563,Bruce Heating & Air Conditioning Inc.:BRU-Cargill Friona,"80385 N Hwy 395 Hermiston, OR 97838 USA",Net 30,2026-02-26 00:00:00,5765,House Account,1
Invoice,2026-01-27 00:00:00,243807,32102,Bruce Heating & Air Conditioning Inc.:BRU-Specialty Retailer (Natural Grocers,"80385 N Hwy 395 Hermiston, OR 97838 USA",Net 30,2026-02-26 00:00:00,1940,House Account,1
Invoice,2026-01-28 00:00:00,244607,4229528-00,RSD Refrigeration Supplies Distributor:RSD-Special Projects,"26021 Atlantic Ocean Dr Lake Forest, CA 92630 USA",Net 30,2026-02-27 00:00:00,676,House Account,1
Invoice,2026-01-28 00:00:00,243949,23939/W-00001,Apollo Mechanical Contractors:APO-Hermiston School District - Weber F,"1207 W Columbia Dr Kennewick, WA 99336 USA",Net 30,2026-02-27 00:00:00,430,House Account,1
Invoice,2026-01-28 00:00:00,244479,SMOB-CO3-2818-6,Kollmar Inc:Kollmar Inc GOF,"410 OIE Hwy Grandview, WA 98930 USA",Net 30,2026-02-27 00:00:00,694,House Account,1
Invoice,2026-01-28 00:00:00,244743,Parker Used Auto,Metalcraft Mechanical:Met-Metalcraft Mechanical Small Projects,"11547 N Warren St Hayden, ID 83835 USA",Net 30,2026-02-27 00:00:00,240.62,House Account,1
Invoice,2025-12-01 00:00:00,239292-2,M3011/W-00006,Apollo Mechanical Contractors:APO-Oregon Potato Company (OPC),"1207 W Columbia Dr Kennewick, WA 99336 USA",Net 30,2025-12-31 00:00:00,11907,House Account,1
Invoice,2025-12-02 00:00:00,241898,31522,Bruce Heating & Air Conditioning Inc.:BRU-Bruce Heating Small Projects,"80385 N Hwy 395 Hermiston, OR 97838 USA",Net 30,2026-01-01 00:00:00,3213.75,House Account,1
Invoice,2025-12-02 00:00:00,242492,31499,Bruce Heating & Air Conditioning Inc.:BRU-Bruce Heating Small Projects,"80385 N Hwy 395 Hermiston, OR 97838 USA",Net 30,2026-01-01 00:00:00,187,House Account,1
Invoice,2025-12-03 00:00:00,242525,25-179,Air Tech:AIR-Classroom Remodel -Coeur Du Christ,"7820 Franklin Coeur d' Alene, ID 83815 USA",Net 30,2026-01-02 00:00:00,73,House Account,1
Invoice,2025-12-04 00:00:00,241096-1,30943,Bruce Heating & Air Conditioning Inc.:BRU-Darigold - Pasco,"80385 N Hwy 395 Hermiston, OR 97838 USA",Net 30,2026-01-03 00:00:00,2550,House Account,1
Invoice,2025-12-04 00:00:00,239052-3,30249,Bruce Heating & Air Conditioning Inc.:BRU-CarMax - Richland Store #6181,"80385 N Hwy 395 Hermiston, OR 97838 USA",Net 30,2026-01-03 00:00:00,7123,House Account,1
Invoice,2025-12-05 00:00:00,239403,30353,Bruce Heating & Air Conditioning Inc.:BRU-Winco Foods - Ellensburg Distributi,"80385 N Hwy 395 Hermiston, OR 97838 USA",Net 30,2026-01-04 00:00:00,7450,House Account,1
Invoice,2025-12-05 00:00:00,239388,30339,Bruce Heating & Air Conditioning Inc.:BRU-Winco Foods - Ellensburg Distributi,"80385 N Hwy 395 Hermiston, OR 97838 USA",Net 30,2026-01-04 00:00:00,10230,House Account,1
Invoice,2025-12-05 00:00:00,239407,30359,Bruce Heating & Air Conditioning Inc.:BRU-Winco Foods - Ellensburg Distributi,"80385 N Hwy 395 Hermiston, OR 97838 USA",Net 30,2026-01-04 00:00:00,440,House Account,1
Invoice,2025-12-05 00:00:00,239401,30346,Bruce Heating & Air Conditioning Inc.:BRU-Winco Foods - Ellensburg Distributi,"80385 N Hwy 395 Hermiston, OR 97838 USA",Net 30,2026-01-04 00:00:00,675,House Account,1
Invoice,2025-12-05 00:00:00,241009,30906,Bruce Heating & Air Conditioning Inc.:BRU-EB-1 Baghouse System - Richland,"80385 N Hwy 395 Hermiston, OR 97838 USA",Net 30,2026-01-04 00:00:00,2322,House Account,1
Invoice,2025-12-05 00:00:00,239389,30340,Bruce Heating & Air Conditioning Inc.:BRU-Winco Foods - Ellensburg Distributi,"80385 N Hwy 395 Hermiston, OR 97838 USA",Net 30,2026-01-04 00:00:00,13800,House Account,1
Invoice,2025-12-08 00:00:00,241277,31004,Bruce Heating & Air Conditioning Inc.:BRU-City of Grandview-3.0 MG Reservoir,"80385 N Hwy 395 Hermiston, OR 97838 USA",Net 30,2026-01-07 00:00:00,220,House Account,1
Invoice,2025-12-08 00:00:00,239402,C252858,Bruce Heating & Air Conditioning Inc.:BRU-Winco Foods - Ellensburg Distributi,"80385 N Hwy 395 Hermiston, OR 97838 USA",Net 30,2026-01-07 00:00:00,12050,House Account,1
Invoice,2025-12-08 00:00:00,239520,30381,Bruce Heating & Air Conditioning Inc.:BRU-Simplot Rainier Dampers,"80385 N Hwy 395 Hermiston, OR 97838 USA",Net 30,2026-01-07 00:00:00,496,House Account,1
Invoice,2025-12-09 00:00:00,239049-1,30253,Bruce Heating & Air Conditioning Inc.:BRU-CarMax - Richland Store #6181,"80385 N Hwy 395 Hermiston, OR 97838 USA",Net 30,2026-01-08 00:00:00,1540,House Account,1
Invoice,2025-12-09 00:00:00,239049,30253,Bruce Heating & Air Conditioning Inc.:BRU-CarMax - Richland Store #6181,"80385 N Hwy 395 Hermiston, OR 97838 USA",Net 30,2026-01-08 00:00:00,200,House Account,1
Invoice,2025-12-09 00:00:00,237794,C252858,Bruce Heating & Air Conditioning Inc.:BRU-Winco Foods - Ellensburg Distributi,"80385 N Hwy 395 Hermiston, OR 97838 USA",Net 30,2026-01-08 00:00:00,22862,House Account,1
Invoice,2025-12-12 00:00:00,239464,30347,Bruce Heating & Air Conditioning Inc.:BRU-Winco Foods - Ellensburg Distributi,"80385 N Hwy 395 Hermiston, OR 97838 USA",Net 30,2026-01-11 00:00:00,1270,House Account,1
Invoice,2025-12-15 00:00:00,241010,30905,Bruce Heating & Air Conditioning Inc.:BRU-EB-1 Baghouse System - Richland,"80385 N Hwy 395 Hermiston, OR 97838 USA",Net 30,2026-01-14 00:00:00,26911,House Account,1
Invoice,2025-12-15 00:00:00,241010-1,30905,Bruce Heating & Air Conditioning Inc.:BRU-EB-1 Baghouse System - Richland,"80385 N Hwy 395 Hermiston, OR 97838 USA",Net 30,2026-01-14 00:00:00,24114,House Account,1
Invoice,2025-12-15 00:00:00,239760,C252304,Bruce Heating & Air Conditioning Inc.:BRU-AC Hotel - Kennewick,"80385 N Hwy 395 Hermiston, OR 97838 USA",Net 30,2026-01-14 00:00:00,60921,House Account,1
Invoice,2025-12-15 00:00:00,242378,Harrington Unit 9,Alpina Mechanical LLC:Alp-The Harrington Condominiums,"6848 N Government Way Dalton Gardens, ID 83815 USA",Net 30,2026-01-14 00:00:00,10440,House Account,1
Invoice,2025-12-18 00:00:00,242415,31482,Bruce Heating & Air Conditioning Inc.:BRU-Darigold - Pasco,"80385 N Hwy 395 Hermiston, OR 97838 USA",Net 30,2026-01-17 00:00:00,1052,House Account,1
Invoice,2025-12-19 00:00:00,239917-1,9661,Metalcraft Mechanical:Met-NomNom #43 Post Falls,"11547 N Warren St Hayden, ID 83835 USA",Net 30,2026-01-18 00:00:00,5196.12,House Account,1
Invoice,2025-12-19 00:00:00,237796-1,C252858,Bruce Heating & Air Conditioning Inc.:BRU-Winco Foods - Ellensburg Distributi,"80385 N Hwy 395 Hermiston, OR 97838 USA",Net 30,2026-01-18 00:00:00,1821,House Account,1
Invoice,2025-12-19 00:00:00,241345-1,M2985-W-00006,Apollo Mechanical Contractors:APO-Wenatchee Valley College Center for,"1207 W Columbia Dr Kennewick, WA 99336 USA",Net 30,2026-01-18 00:00:00,13059,House Account,1
Invoice,2025-12-19 00:00:00,239398-1,30349,Bruce Heating & Air Conditioning Inc.:BRU-Winco Foods - Ellensburg Distributi,"80385 N Hwy 395 Hermiston, OR 97838 USA",Net 30,2026-01-18 00:00:00,501.82,,
Invoice,2025-12-22 00:00:00,243201,214197,MBI Construction Services:MBI-Lower Valley Transfer Station - Kit,"2016 Fruitvale Blvd Yakima, WA 98902-1220 USA",Net 30,2026-01-21 00:00:00,290,,
Invoice,2025-12-23 00:00:00,237795,C252858,Bruce Heating & Air Conditioning Inc.:BRU-Winco Foods - Ellensburg Distributi,"80385 N Hwy 395 Hermiston, OR 97838 USA",Net 30,2026-01-22 00:00:00,53216,House Account,1
Invoice,2025-12-26 00:00:00,239916-1,9661,Metalcraft Mechanical:Met-NomNom #43 Post Falls,"11547 N Warren St Hayden, ID 83835 USA",Net 30,2026-01-25 00:00:00,963.64,House Account,1
Invoice,2025-12-29 00:00:00,240958-1,Dockside,Air Tech:AIR-Airtech Small Projects,"7820 Franklin St Coeur d' Alene, ID 83815 USA",Net 30,2026-01-28 00:00:00,29.99,House Account,1
Invoice,2025-12-29 00:00:00,241345-3,M2985-W-00006,Apollo Mechanical Contractors:APO-Wenatchee Valley College Center for,"1207 W Columbia Dr Kennewick, WA 99336 USA",Net 30,2026-01-28 00:00:00,23925,House Account,1
Invoice,2025-12-29 00:00:00,243197,31812,Bruce Heating & Air Conditioning Inc.:BRU-Simplot Rainier Dampers,"80385 N Hwy 395 Hermiston, OR 97838 USA",Net 30,2026-01-28 00:00:00,5000,House Account,1
Invoice,2025-12-29 00:00:00,239399,30348,Bruce Heating & Air Conditioning Inc.:BRU-Winco Foods - Ellensburg Distributi,"80385 N Hwy 395 Hermiston, OR 97838 USA",Net 30,2026-01-28 00:00:00,15940,House Account,1
Invoice,2025-12-29 00:00:00,242119-2,23492-214075,Total Energy Management:TOT-Benton County Fairground Arena Upgr,"2521 Stevens Drive Richland, WA 99354 USA",Net 30,2026-01-28 00:00:00,4699,House Account,1
Invoice,2025-12-29 00:00:00,243388,C250195,Bruce Heating & Air Conditioning Inc.:BRU-RWC - Pasco,"80385 N Hwy 395 Hermiston, OR 97838 USA",Net 30,2026-01-28 00:00:00,7158,,
Credit Memo,2025-08-07 00:00:00,237555,ATH-2626-2A,Kollmar Inc:KOL-Astria Toppenish Hospital - Behavio,"410 O.I.E. Hwy Grandview, WA 98930 USA",Net 30,2025-09-06 00:00:00,-740,,
Invoice,2025-09-05 00:00:00,237079,Lancze Douglas Shop Remod,Double R Heating:Dou-LGD HQ - Office Expansion,"Double R Heating PO Box 1386 Veradale, WA 99037",Net 30,2025-10-05 00:00:00,17023,,
Invoice,2025-10-06 00:00:00,239614,25113056,McKinstry Company:MCK-B2065 Repair Readiness HVAC,"PO Box 24406 Seattle, WA 98124 USA",Net 30,2025-11-05 00:00:00,997,,
Invoice,2025-10-22 00:00:00,240236,Lancze Douglas Shop Remod,Double R Heating:Dou-LGD HQ - Office Expansion,"Double R Heating PO Box 1386 Veradale, WA 99037",Net 30,2025-11-21 00:00:00,5525,,
Invoice,2025-10-28 00:00:00,241074,718-1473278A,Johnstone Supply - Spokane,"1212 E Front St Fax 509 533 9884 Spokane, WA 99202",Net 30,2025-11-27 00:00:00,304.99,,
Invoice,2025-11-18 00:00:00,241389,245986582,"Gropp Heating, Air & Electric:Gro-Barlow Truss Company Phase 2 Shop","PO Box 8929 Moscow, ID 83843 USA",Net 30,2025-12-18 00:00:00,33024.3,,
Invoice,2025-11-19 00:00:00,241389-1,245986582,"Gropp Heating, Air & Electric:Gro-Barlow Truss Company Phase 2 Shop","PO Box 8929 Moscow, ID 83843 USA",Net 30,2025-12-19 00:00:00,1664.2,,
Invoice,2025-11-20 00:00:00,240119,C250022,Pro Mechanical Services Inc,"PO Box 6526 Spokane, WA 99217 USA",Net 30,2025-12-20 00:00:00,120,,
Invoice,2025-11-21 00:00:00,240173-2,30605,Bruce Heating & Air Conditioning Inc.:BRU-Bruce Heating Small Projects,"80385 N Hwy 395 Hermiston, OR 97838 USA",Net 30,2025-12-21 00:00:00,2825,,
Invoice,2025-11-26 00:00:00,241809,M3011/W-00009,Apollo Mechanical Contractors:APO-Oregon Potato Company (OPC),"1207 W Columbia Dr Kennewick, WA 99336 USA",Net 30,2025-12-26 00:00:00,12558.3,,
Credit Memo,2024-09-16 00:00:00,222929,,Heat Master Inc.,"14326 55th Ave W Edmonds, WA 98026-3856 USA",Net 30,2024-10-16 00:00:00,-885,House Account,1
Invoice,2026-01-17 00:00:00,243830,PO0057485,Market Equipment:Market Equipment  GOF,"1114 N Ruby St Spokane, WA 99202 USA",Net 30,2026-02-16 00:00:00,2826,House Account,1
,,,,,,,,,,
,,,,,,,,4958263.92,,
,,,,,,,,,,
,,,,,,,,1769.98,,
