.,Opco,zip_ora,city_ora,state_ora,row_number,PartyNumber,country_ora,address2_ora,address3_ora,validated_at,zip_original,city_original,record_status,state_original,ShipTo_original,entity_name_ora,Bill-to_original,confidence_level,confidence_score,country_original,ShipTo_original.1,address1_original,address2_original,address3_original,Bill-to_original.1,FaxNumber_original,SITE1_address1_ora,SITE2_address1_ora,FaxNumber_original.1,PaymentTerm_original,entity_name_original,PhoneNumber1_original,PhoneNumber2_original,EmailAddress1_original,EmailAddress2_original,PaymentTerm_original.1,TaxIdentifier_original,AddressBill-to_original,AddressShip-to_original,ContactPerson1_original,ContactPerson2_original,PhoneNumber1_original.1,PhoneNumber2_original.1,EmailAddress1_original.1,EmailAddress2_original.1,TaxIdentifier_original.1,ContactPerson1_original.1,ContactPerson2_original.1
,ATS,20032,WASHINGTON,DC,2,,US,,,2026-01-11 12:25:28,20032,WASHINGTON,READY,DC,,11TH CIVIL ENGINEER SQUADRON,Y,HIGH,80,,,370 BROOKLEY AVE SW,EMAIL INVOICES,,Y,,370 BROOKLEY AVE SW,,,,11TH CIVIL ENGINEER SQUADRON,,,,,,,,,,,,,,,,,
,ATS,,,,3,,US,,,NaT,,,INVALID,,,478,Y,LOW,20,,,,,,Y,,,,,,478,,,,,,,,,,,,,,,,,
,ATS,21221,ESSEX,MD,4,,US,,,2026-01-11 12:25:32,21221,ESSEX,READY,MD,,A & R MECHANICAL,Y,HIGH,80,,,522 CRANFORD ROAD,,,Y,,522 CRANFORD RD,,,,A & R MECHANICAL,,,,,,,,,,,,,,,,,
,ATS,21157,WESTMINSTER,MD,5,,US,,,2026-01-11 12:25:34,21157,WESTMINSTER,READY,MD,,A QUALITY HEATING & AIR CONDITIONING,Y,HIGH,80,,,213 EAST MAIN STREET,,,Y,,213 E MAIN ST,,,,A QUALITY HEATING & AIR CONDITIONING,,,,,,,,,,,,,,,,,
,ATS,21784,SYKESVILLE,MD,6,,US,,,NaT,21784,SYKESVILLE,REVIEW,MD,,A TEAM ENTERPRISES LLC,Y,MEDIUM,100,,,845 STREAKER RD,,,Y,,845 STREAKER RD,,,,A TEAM ENTERPRISES LLC,,,,,,,,,,,,,,,,,
,ATS,,,,7,,US,,,NaT,,,INVALID,,,A&S ELECTRICAL SERVICES,Y,LOW,20,,,,,,Y,,,,,,A&S ELECTRICAL SERVICES,,,,,,,,,,,,,,,,,
,ATS,70814,BATON ROUGE,LA,8,,US,,,2026-01-11 12:25:40,70814,BATON ROUGE,READY,LA,,SCIENTIFIC SYSTEMS,Y,HIGH,80,,,7924 RECO AVE,,,Y,,7924 RECO AVE,,,,SCIENTIFIC SYSTEMS,,,,,,,,,,,,,,,,,
,ATS,45069,WEST CHESTER,OH,9,,US,,,2026-01-11 12:25:42,45069,WEST CHESTER,READY,OH,,SYSTECON,Y,HIGH,80,,,6121 SCHUMACHER PARK DRIVE,,,Y,,6121 SCHUMACHER PARK DR,,,,SYSTECON,,,,,,,,,,,,,,,,,
,ATS,20705,BELTSVILLE,MD,10,,US,,,2026-01-11 12:25:44,20705,BELTSVILLE,READY,MD,,AG PRADA COMPANY,Y,HIGH,80,,,12122 CONWAY ROAD,EMAIL INVOICE,,Y,,12122 CONWAY RD,,,,DO NOT USE         GOT TO: AG PRADA,,,,,,,,,,,,,,,,,
,ATS,20736,OWINGS,MD,11,,US,,,2026-01-11 12:25:46,20736,OWINGS,READY,MD,,AIR CONDITIONING SERVICES,Y,HIGH,80,,,8610 KIP DRIVE,,,Y,,8610 KIP DR,,,,A.I.R. CONDITIONING SERVICES,,,,,,,,,,,,,,,,,
,ATS,21204,TOWSON,MD,12,,US,STE #16,,2026-01-11 12:25:47,21204,TOWSON,READY,MD,,AJ ADAM ENGINEERING LLC,Y,HIGH,80,,,744 DULANEY VALLEY ROAD,SUITE 16,,Y,,744 DULANEY VALLEY RD,,,,A.J. ADAM ENGINEERING LLC,,,,,,,,,,,,,,,,,
,ATS,20762-5011,AAFB,MD,13,,US,,,NaT,20762-5011,AAFB,REVIEW,MD,,AAFB,Y,LOW,100,,,BLDG. 1216,,,Y,,BLDG 1216,,,,AAFB,,,,,,,,,,,,,,,,,
,ATS,20622,CHARLOTTE HALL,MD,14,,US,,,NaT,20622,CHARLOTTE HALL,REVIEW,MD,,AAROW ELECTRIC SOLUTIONS,Y,MEDIUM,100,,,email invoices,37333 CARPENTER LANE,,Y,,37333 CARPENTER LN,,,,AAROW ELECTRIC SOLUTIONS,,,,,,,,,,,,,,,,,
,ATS,07644,LODI,NJ,15,,US,STE #4,,NaT,07644,LODI,REVIEW,NJ,,AB FACILITY SERVICE (ABFS),Y,MEDIUM,100,,,"300-1 ST. RT. 17 SOUTH, SUITE 4",,,Y,,300-1 ST RT 17 S,,,,AB FACILITY SERVICE (ABFS),,,,,,,,,,,,,,,,,
,ATS,21090,LINTHICUM HEIGHTS,MD,16,,US,STE #G,,NaT,21090,LINTHICUM HEIGHTS,REVIEW,MD,,ABB INC,Y,MEDIUM,100,,,"514 PROGRESS DR., SUITE G",,,Y,,514 PROGRESS DR,,,,ABB INC - LOCAL,,,,,,,,,,,,,,,,,
,ATS,27675,RALEIGH,NC,17,,US,ABB ONC,,NaT,27675,RALEIGH,REVIEW,NC,,ABB INC,Y,MEDIUM,70,,,ABB ONC.,P.O. BOX 90273,,Y,,PO BOX 90273,,,,"ABB, INC.",,,,,,,,,,,,,,,,,
,ATS,27675,RALEIGH,NC,18,,US,,,NaT,27675,RALEIGH,REVIEW,NC,,ABB INC,Y,MEDIUM,70,,,P.O. BOX 90273,,,Y,,PO BOX 90273,,,,ABB WARRANTY,,,,,,,,,,,,,,,,,
,ATS,27675,RALEIGH,NC,19,,US,DRIVES-NEW BERLIN,,NaT,27675,RALEIGH,REVIEW,NC,,ABB INC,Y,MEDIUM,70,,,DRIVES-NEW BERLIN,PO BOX 90273,,Y,,PO BOX 90273,,,,"ABB, INC.",,,,,,,,,,,,,,,,,
,ATS,21155,UPPERCO,MD,20,,US,,,2026-01-11 12:25:59,21155,UPPERCO,READY,MD,,ABBOTT MECHANICAL ENTERPRISE LLC,Y,HIGH,80,,,4252 MT. CARMEL ROAD,EMAIL INVOICE,,Y,,4252 MT CARMEL RD,,,,ABBOTT MECHANICAL ENTERPRISE LLC,,,,,,,,,,,,,,,,,
,ATS,21162,WIHITE MARSH,MD,21,,US,,,NaT,21162,WIHITE MARSH,REVIEW,MD,,ABBY ENTERPRISES LLC,Y,MEDIUM,100,,,11167 PULASKI HIGHWAY,,,Y,,11167 PULASKI HWY,,,,"ABBY ENTERPRISES, LLC",,,,,,,,,,,,,,,,,
,ATS,20855,DERWOOD,MD,22,,US,,,2026-01-11 12:26:03,20855,DERWOOD,READY,MD,,ABC GENERAL & MECHANICAL SERVICES,Y,HIGH,80,,,15724 CRABBS BRANCH WAY,,,Y,,15724 CRABBS BRANCH WAY,,,,ABC GENERAL & MECHANICAL SERVICES,,,,,,,,,,,,,,,,,
,ATS,16066,CRANBERRY TOWNSHIP,PA,23,,US,,,NaT,16066,CRANBERRY TOWNSHIP,REVIEW,PA,,ABD SALES & SERVICES,Y,MEDIUM,70,,,PO BOX 1832,,,Y,,PO BOX 1832,,,,ABD SALES & SERVICES,,,,,,,,,,,,,,,,,
,ATS,21005,ABERDEEN PROVING GRN,MD,24,,US,BLDG 400,,NaT,21005,ABERDEEN PROVING GRN,REVIEW,MD,,ABERDEEN TEST CENTER,Y,MEDIUM,100,,,6943 COLLERAN ROAD,BLDG 400,,Y,,6943 COLLERAN RD,,,,ABERDEEN TEST CENTER,,,,,,,,,,,,,,,,,
,ATS,02021,WARREN,MI,25,,US,BILL BOX: 01-133738-GNH001,,NaT,2021,WARREN,REVIEW,MI,,100 PRATT STREET C/O CBRE,Y,MEDIUM,70,,,PO BOX 2021,BILL BOX: 01-133738-GNH001,,Y,,PO BOX 2021,,,,100 PRATT STREET C/O CBRE,,,,,,,,,,,,,,,,,
,ATS,22312,ALEXANDRIA,VA,26,,US,STE J,,NaT,22312,ALEXANDRIA,REVIEW,VA,,ABM BUILDING SERVICES,Y,MEDIUM,100,,,"5701 GENERAL WASHINGTON DR.,STE J",EMAIL INVOICES,,Y,,5701 GENERAL WASHINGTON DR,,,,ABM BUILDING SERVICES,,,,,,,,,,,,,,,,,
,ATS,21046-2165,COLUMBIA,MD,27,,US,STE #200,,NaT,21046-2165,COLUMBIA,REVIEW,MD,,ABM FACILITY SUPPORT SERVICES LLC,Y,MEDIUM,100,,,6731 COLIMBIA GATEWAY DR.,SUITE 200,,Y,,6731 COLIMBIA GATEWAY DR,,,,ABM FACILITY SUPPORT SERVICES LLC,,,,,,,,,,,,,,,,,
,ATS,20431,WASHINGTON,DC,28,,US,ABLE SERVICES,,2026-01-11 12:26:11,20431,WASHINGTON,READY,DC,,ABM INDUSTRIES INC,Y,HIGH,80,,,ABLE SERVICES - EMAIL INVOICES,700 19TH STREET NW,,Y,,700 19TH ST NW,,,,"ABM INDUSTRIES, INC",,,,,,,,,,,,,,,,,
,ATS,37040,CLARKSVILLE,TN,29,,US,,,2026-01-11 12:26:13,37040,CLARKSVILLE,READY,TN,,VALIANT INTEGRATED SERVICES,Y,HIGH,80,,,4465 GUTHRIE HIGHWAY,EMAIL,,Y,,4465 GUTHRIE HWY,,,,VALIANT INTEGRATED SERVICES,,,,,,,,,,,,,,,,,
,ATS,21114,CROFTON,MD,30,,US,,,2026-01-11 12:26:15,21114,CROFTON,READY,MD,,ABS VERTICON INC,Y,HIGH,80,,,2138 PRIEST BRIDGE COURT,EMAIL INVOICES,,Y,,2138 PRIEST BRIDGE CT,,,,"ABS VERTICON, INC",,,,,,,,,,,,,,,,,
,ATS,21703,FREDERICK,MD,31,,US,,,NaT,21703,FREDERICK,REVIEW,MD,,ABSOLUTE CONTROLS LLC,Y,MEDIUM,100,,,1395 CRESENT SPOT CT,EMAIL INVOICES,,Y,,1395 CRESENT SPOT CT,,,,"ABSOLUTE CONTROLS, LLC",,,,,,,,,,,,,,,,,
,ATS,20002,WASHINGTON,DC,32,,US,STE #206,,2026-01-11 12:26:19,20002,Washington,READY,DC,,ABSOLUTE SOLUTIONS & ASSOCIATES LLC,Y,HIGH,80,,,1647 Benning Rd NE Suite 206,EMAIL INVOICES,,Y,,1647 BENNING RD NE,,,,"ABSOLUTE SOLUTIONS AND ASSOCIATES, LLC",,,,,,,,,,,,,,,,,
,ATS,20657,LUSBY,MD,33,,US,,,NaT,20657,LUSBY,REVIEW,MD,,ABSOLUTE SUPPLY & SERVICE,Y,MEDIUM,70,,,PO BOX 641,EMAIL,,Y,,PO BOX 641,,,,ABSOLUTE SUPPLY AND SERVICE,,,,,,,,,,,,,,,,,
,ATS,20877,GAITHERSBURG,MD,34,,US,,,NaT,20877,GAITHERSBURG,REVIEW,MD,,AC COMFORT MECHANICAL SERVICES,Y,MEDIUM,100,,,166 HIDDEN FORREST COURT,EMAIL INVOICE,,Y,,166 HIDDEN FORREST CT,,,,AC COMFORT MECHANICAL SERVICES,,,,,,,,,,,,,,,,,
,ATS,20187,WARRENTON,VA,35,,US,,,NaT,20187,WARRENTON,REVIEW,VA,,A/C CONTROL INC,Y,MEDIUM,100,,,"6649 GARLAND DR., #9",EMAIL INVOICE,,Y,,6649 GARLAND DR #9,,,,A/C CONTROL INC.,,,,,,,,,,,,,,,,,
,ATS,20876,GERMANTOWN,MD,36,,US,,,2026-01-11 12:26:25,20876,GERMANTOWN,READY,MD,,ACAC WELLNESS & FITNESS CNTR,Y,HIGH,80,,,20500 SENECA MEADOWS PARKWAY,,,Y,,20500 SENECA MEADOWS PKWY,,,,ACAC WELLNESS & FITNESS CNTR,,,,,,,,,,,,,,,,,
,ATS,20147,ASHBURN,VA,37,,US,,,2026-01-11 12:26:29,20147,ASHBURN,READY,VA,,ACC-5,Y,HIGH,80,,,44521 HASTINGS DRIVE,,,Y,,44521 HASTINGS DR,,,,ACC-5,,,,,,,,,,,,,,,,,
,ATS,98108,SEATTLE,MD,38,,US,,,NaT,98108,SEATTLE,REVIEW,MD,,ACI MECHANICAL & HVAC SALES,Y,MEDIUM,100,,,6100 SIXTH AVENUE SOUTH,,,Y,,6100 SIXTH AVE S,,,,ACI MECHANICAL & HVAC SALES,,,,,,,,,,,,,,,,,
,ATS,20109,MANASSAS,VA,39,,US,,,2026-01-11 12:26:34,20109,MANASSAS,READY,VA,,ACME MECHANICAL,Y,HIGH,80,,,8584 VIRGINIA MEADOWS DRIVE,EMAIL,,Y,,8584 VIRGINIA MEADOWS DR,,,,ACME MECHANICAL,,,,,,,,,,,,,,,,,
,ATS,21162-1819,WHITE MARSH,MD,40,,US,,,2026-01-11 12:26:36,21162-1819,WHITE MARSH,READY,MD,,ACORN SUPPLY & DISTRIBUTING INC,Y,HIGH,80,,,11167 PULASKI HIGHWAY,,,Y,,11167 PULASKI HWY,,,,"ACORN SUPPLY AND DISTRIBUTING, INC",,,,,,,,,,,,,,,,,
,ATS,21001,ABERDEEN,MD,41,,US,STE #C,,2026-01-11 12:26:38,21001,ABERDEEN,READY,MD,,ACTION ELECTRICAL CONTRACTORS INC,Y,HIGH,80,,,1050 HARDEES DRIVE SUITE C,,,Y,,1050 HARDEES DR,,,,"ACTION ELECTRICAL CONTRACTORS, INC",,,,,,,,,,,,,,,,,
,ATS,20878,GAITHERBURG,MD,42,,US,STE #22,,NaT,20878,GAITHERBURG,REVIEW,MD,,ADAPTIVE PHAGE THERAPEUTICS,Y,MEDIUM,100,,,22 FIRSTFIELD RD,SUITE 22,,Y,,22 FIRSTFIELD RD,,,,ADAPTIVE PHAGE THERAPEUTICS,,,,,,,,,,,,,,,,,
,ATS,20695,WHITE PLAINS,MD,43,,US,,,NaT,20695,WHITE PLAINS,REVIEW,MD,,ADJ SHEET METAL INC,Y,MEDIUM,100,,,4510 GRAPHICS DRIVE,EMAIL INVOICE,,Y,,4510 GRAPHICS DR,,,,"ADJ SHEET METAL, INC.",,,,,,,,,,,,,,,,,
,ATS,,,,44,,US,,,NaT,,,INVALID,,,ADP CONSULTANTS,Y,LOW,20,,,,,,Y,,,,,,ADP CONSULTANTS,,,,,,,,,,,,,,,,,
,ATS,20743,CAPITOL HEIGHTS,MD,45,,US,,,NaT,20743,CAPITOL HEIGHTS,REVIEW,MD,,ADRIAN L MERTON INC,Y,MEDIUM,100,,,EMAIL INVOICE,9151 HAMPTON OVERLOOK,,Y,,9151 HAMPTON OVERLOOK,,,,"ADRIAN L. MERTON, INC.",,,,,,,,,,,,,,,,,
,ATS,20018,WASHINGTON,DC,46,,US,,,2026-01-11 12:26:48,20018,WASHINGTON,READY,DC,,ADVANCED AIR MECHANICAL SYSTEMS,Y,HIGH,80,,,2316 RHODE ISLAND AVE NE,,,Y,,2316 RHODE ISLAND AVE NE,,,,ADVANCED AIR MECHANICAL SYSTEMS,,,,,,,,,,,,,,,,,
,ATS,20166,STERLING,VA,47,,US,STE #135,,NaT,20166,STERLING,REVIEW,VA,,ADVANCED BUILDING SERVICES,Y,MEDIUM,100,,,23475 ROCK HAVEN WAY,SUITE 135,,Y,,23475 ROCK HAVEN WAY,,,,ADVANCED BUILDING SERVICES,,,,,,,,,,,,,,,,,
,ATS,22079,LORTON,VA,48,,US,,,2026-01-11 12:26:52,22079,LORTON,READY,VA,,ADVANCED ENVIROMENT SOLUTIONS INC,Y,HIGH,80,,,8710 LAGRANGE ST,,,Y,,8710 LAGRANGE ST,,,,"ADVANCED ENVIROMENT SOLUTIONS, INC",,,,,,,,,,,,,,,,,
,ATS,21117,OWINGS MILLS,MD,49,,US,,,2026-01-11 12:26:54,21117,OWINGS MILLS,READY,MD,,ADVANCED HEATING & COOLING LLC,Y,HIGH,80,,,11460 CRONRIDGE DRIVE,EMAIL,,Y,,11460 CRONRIDGE DR,,,,"ADVANCED HEATING & COOLING, LLC",,,,,,,,,,,,,,,,,
,ATS,21211,BALTIMORE,MD,50,,US,STE #201,,2026-01-11 12:26:56,21211,BALTIMORE,READY,MD,,ADVANCED INDOOR RESOURCES (AIR LLC),Y,HIGH,80,,,"2801 SISSON STREET, SUITE 201",EMAIL INVOICE,,Y,,2801 SISSON ST,,,,ADVANCED INDOOR RESOURCES (A.I.R. LLC),,,,,,,,,,,,,,,,,
,ATS,19422,BLUE BELL,PA,51,,US,,,NaT,19422,BLUE BELL,REVIEW,PA,,ADVANCED STATIC CONCEPTS,Y,MEDIUM,100,,,402 WICK LANE,,,Y,,402 WICK LN,,,,ADVANCED STATIC CONCEPTS,,,,,,,,,,,,,,,,,
,ATS,21090,LINTHICUM,MD,52,,US,STE #F-G,,2026-01-11 12:27:00,21090,LINTHICUM,READY,MD,,ADVANCED THERMAL SOLUTIONS LLC,Y,HIGH,80,,,601 N HAMMONDS FERRY RD,SUITE F-G,,Y,,601 N HAMMONDS FERRY RD,,,,"ADVANCED THERMAL SOLUTIONS, LLC",,,,,,,,,,,,,,,,,
,ATS,20164,STERLING,VA,53,,US,STE #3,,NaT,20164,STERLING,REVIEW,VA,,ADVANTAGE AIR CONDITIONING OF VIRGINIA,Y,MEDIUM,100,,,1329 SHEPHARD DRIVE,SUITE 3,,Y,,1329 SHEPHARD DR,,,,ADVANTAGE AIR CONDITIONING OF VIRGINIA,,,,,,,,,,,,,,,,,
,ATS,20904,SILVER SPRING,MD,54,,US,,,2026-01-11 12:27:05,20904,SILVER SPRING,READY,MD,,ADVENTIST HEALTHCARE,Y,HIGH,80,,,11890 HEALING WAY,,,Y,,11890 HEALING WAY,,,,ADVENTIST HEALTHCARE,,,,,,,,,,,,,,,,,
,ATS,21244,BALTIMORE,MD,55,,US,,,2026-01-11 12:27:07,21244,BALTIMORE,READY,MD,,AEGIS MECHANICAL COR,Y,HIGH,80,,,2056 LORD BALTIMORE DRIVE,,,Y,,2056 LORD BALTIMORE DR,,,,AEGIS MECHANICAL COR-email,,,,,,,,,,,,,,,,,
,ATS,44306,AKRON,OH,56,,US,,,2026-01-11 12:27:09,44306,AKRON,READY,OH,,HICKOK AE LLC,Y,HIGH,80,,,735 GLASER PARKWAY,,,Y,,735 GLASER PKWY,,,,HICKOK AE LLC,,,,,,,,,,,,,,,,,
,ATS,21842,OCEAN CITY,MD,57,,US,STE #B16,,2026-01-11 12:27:12,21842,OCEAN CITY,READY,MD,,APPLIED EQUIPMENT SOLUTIONS,Y,HIGH,80,,,12417 OCEAN GATEWAY,SUITE B16 - EMAIL,,Y,,12417 OCEAN GATEWAY,,,,APPLIED EQUIPMENT SOLUTIONS,,,,,,,,,,,,,,,,,
,ATS,21842,OCEAN CITY,MD,58,,US,STE #B16,,2026-01-11 12:27:14,21842,OCEAN CITY,READY,MD,,APPLIED EQUIPMENT SOLUTIONS,Y,HIGH,80,,,12417 OCEAN GATEWAY,SUITE B16,,Y,,12417 OCEAN GATEWAY,,,,APPLIED EQUIPMENT SOLUTIONS,,,,,,,,,,,,,,,,,
,ATS,21795,WILLIAMSPORT,MD,59,,US,STE #1007-A,,NaT,21795,WILLIAMSPORT,REVIEW,MD,,BROOKDALE POTOMAC,Y,MEDIUM,100,,,10212 GOVERNOR LANE,SUITE 1007-A,,Y,,10212 GOVERNOR LN,,,,BROOKDALE POTOMAC - FCU REPLACEMENT,,,,,,,,,,,,,,,,,
,ATS,21093,TIMONIUM,MD,60,,US,,,2026-01-11 12:27:18,21093,TIMONIUM,READY,MD,,AFFORDABLE CLEAN AIR LLC,Y,HIGH,80,,,404 FIVE FARMS LANE,,,Y,,404 FIVE FARMS LN,,,,AFFORDABLE CLEAN AIR LLC,,,,,,,,,,,,,,,,,
,ATS,21237,BALTIMORE,MD,61,,US,,,NaT,21237,BALTIMORE,REVIEW,MD,,AFFORDABLE PLUMBING LLC,Y,MEDIUM,70,,,PO BOX 72607,,,Y,,PO BOX 72607,,,,"AFFORDABLE PLUMBING, LLC",,,,,,,,,,,,,,,,,
,ATS,20006,WASHINGTON,DC,62,,US,,,2026-01-11 12:27:20,20006,WASHINGTON,READY,DC,,AFL-CIO,Y,HIGH,80,,,815 16TH ST NW,,,Y,,815 16TH ST NW,,,,AFL-CIO,,,,,,,,,,,,,,,,,
,ATS,20705,BELTSVILLE,MD,63,,US,,,2026-01-11 12:27:22,20705,BELTSVILLE,READY,MD,,AG PRADA COMPANY,Y,HIGH,80,,,12122 CONWAY RD,,,Y,,12122 CONWAY RD,,,,A. G. PRADA - email,,,,,,,,,,,,,,,,,
,ATS,21060,GLEN BURNIE,MD,64,,US,,,2026-01-11 12:27:24,21060,GLEN BURNIE,READY,MD,,AGGREKO,Y,HIGH,80,,,124 N Langley Rd,,,Y,,124 N LANGLEY RD,,,,AGGREKO,,,,,,,,,,,,,,,,,
,ATS,20166,STERLING,VA,65,,US,,,NaT,20166,STERLING,REVIEW,VA,,AIM CONTRACTING LLC,Y,MEDIUM,100,,,"23475 ROCK HAVEN WAY, UNIT 115",EMAIL INVOICE,,Y,,23475 ROCK HAVEN WAY UNIT 115,,,,"AIM CONTRACTING, LLC",,,,,,,,,,,,,,,,,
,ATS,17050,MECHANICSBURG,PA,66,,US,,,NaT,17050,MECHANICSBURG,REVIEW,PA,,AINSWORTH INC,Y,MEDIUM,100,,,203 LYNNDALE COURT,EMAIIL INVOICES,,Y,,203 LYNNDALE CT,,,,"AINSWORTH, INC.",,,,,,,,,,,,,,,,,
,ATS,20166,STERLING,VA,67,,US,STE #190,,NaT,20166,STERLING,REVIEW,VA,,AIR CLEANING TECHNOLOGIES INC,Y,MEDIUM,100,,,44966 FALCON PLACE,SUITE 190,,Y,,44966 FALCON PL,,,,"AIR CLEANING TECHNOLOGIES, INC",,,,,,,,,,,,,,,,,
,ATS,20904,SILVER SPRING,MD,68,,US,,,NaT,20904,SILVER SPRING,REVIEW,MD,,AIR COOL INC,Y,MEDIUM,100,,,11900 RENICK LANE,,,Y,,11900 RENICK LN,,,,AIR COOL INC.,,,,,,,,,,,,,,,,,
,ATS,20110,MANASSAS,VA,69,,US,,,2026-01-11 12:27:35,20110,MANASSAS,READY,VA,,AIR DISTRIBUTING COMPANY,Y,HIGH,80,,,10105 RESIDENCY ROAD,,,Y,,10105 RESIDENCY RD,,,,AIR DISTRIBUTING COMPANY,,,,,,,,,,,,,,,,,
,ATS,20772,UPPER MARLBORO,MD,70,,US,,,2026-01-11 12:27:38,20772,UPPER MARLBORO,READY,MD,,AIR ENGINEERS INC,Y,HIGH,80,,,7988-B PENN RANDALL PLACE,,,Y,,7988-B PENN RANDALL PL,,,,AIR ENGINEERS INC,,,,,,,,,,,,,,,,,
,ATS,44306,AKRON,OH,71,,US,,,2026-01-11 12:27:40,44306,AKRON,READY,OH,,HICKOK AE LLC,Y,HIGH,80,,,735 GLASER PARKWAY,EMAIL,,Y,,735 GLASER PKWY,,,,HICKOK AE LLC,,,,,,,,,,,,,,,,,
,ATS,15044,GIBSONIA,PA,72,,US,,,NaT,15044,GIBSONIA,REVIEW,PA,,AIR FLOW TECHNOLOGIES,Y,MEDIUM,70,,,P.O.BOX 900,,,Y,,PO BOX 900,,,,AIR FLOW TECHNOLOGIES,,,,,,,,,,,,,,,,,
,ATS,22153-2820,SPRINGFIELD,VA,73,,US,,,NaT,22153-2820,SPRINGFIELD,REVIEW,VA,,AIR MOVERS INC,Y,MEDIUM,100,,,7721-B2 FULLERTON RD,,,Y,,7721-B2 FULLERTON RD,,,,AIR MOVERS INC,,,,,,,,,,,,,,,,,
,ATS,20878,GAITHERSBURG,MD,74,,US,,,NaT,20878,GAITHERSBURG,REVIEW,MD,,AIRPRO HEATING & COOLING,Y,MEDIUM,100,,,1471 MAINE COVE TERRACE,,,Y,,1471 MAINE COVE TERRACE,,,,AIRPRO HEATING AND COOLING,,,,,,,,,,,,,,,,,
,ATS,20794,JESSUP,MD,75,,US,STE #108,,2026-01-11 12:27:49,20794,JESSUP,READY,MD,,AIR SPECIALTIES,Y,HIGH,80,,,10545 GUILFORD ROAD,SUITE 108,,Y,,10545 GUILFORD RD,,,,AIR SPECIALTIES,,,,,,,,,,,,,,,,,
,ATS,92821,BREA,CA,76,,US,,,2026-01-11 12:27:51,92821,BREA,READY,CA,,AIR TREATMENT CORP,Y,HIGH,80,,,640 N PUENTE STREET,EMAIL INVOICE,,Y,,640 N PUENTE ST,,,,AIR TREATMENT CORP,,,,,,,,,,,,,,,,,
,ATS,77253-3586,HOUSTON,TX,77,,US,C/O CATALYST FINANCE LP,,NaT,77253-3586,HOUSTON,REVIEW,TX,,AIR ZONE COMMISSIONS,Y,MEDIUM,70,,,C/O CATALYST FINANCE LP,PO BOX 3586,,Y,,PO BOX 3586,,,,AIR ZONE COMMISSIONS,,,,,,,,,,,,,,,,,
,ATS,21776,NEW WINDSOR,MD,78,,US,,,NaT,21776,NEW WINDSOR,REVIEW,MD,,AIR ZONE SYSTEMS INC,Y,MEDIUM,100,,,1303 AVONDALE ROAD,,,Y,,1303 AVONDALE RD,,,,AIR ZONE SYSTEMS INC,,,,,,,,,,,,,,,,,
,ATS,20763,SAVAGE,MD,79,,US,,,NaT,20763,SAVAGE,REVIEW,MD,,AIRCO SUPPLY,Y,MEDIUM,70,,,PO BOX 414,,,Y,,PO BOX 414,,,,AIRCO SUPPLY,,,,,,,,,,,,,,,,,
,ATS,21502,CUMBERLAND,MD,80,,US,,,2026-01-11 12:27:55,21502,CUMBERLAND,READY,MD,,AIRCON ENGINEERING INC,Y,HIGH,80,,,7 WILLIAMS STREET,EMAIL INVOICES,,Y,,7 WILLIAMS ST,,,,"AIRCON ENGINEERING, INC.",,,,,,,,,,,,,,,,,
,ATS,20763,SAVAGE,MD,81,,US,,,NaT,20763,SAVAGE,REVIEW,MD,,AIRECO SUPPLY,Y,MEDIUM,70,,,PO BOX 414,,,Y,,PO BOX 414,,,,AIRECO SUPPLY - email,,,,,,,,,,,,,,,,,
,ATS,,,,82,,US,,,NaT,,,INVALID,,,AIR TREAT,Y,LOW,20,,,,,,Y,,,,,,AIR TREAT,,,,,,,,,,,,,,,,,
,ATS,21212,BALTIMORE,MD,83,,US,,,2026-01-11 12:27:59,21212,BALTIMORE,READY,MD,,AJ MICHAELS,Y,HIGH,80,,,4512 YORK ROAD,,,Y,,4512 YORK RD,,,,AJ MICHAELS,,,,,,,,,,,,,,,,,
,ATS,20171,HERNDON,VA,84,,US,STE #300N,,NaT,20171,HERNDON,REVIEW,VA,,AKIMA SUPPORT OPERATIONS LLC,Y,MEDIUM,100,,,13873 PARK CENTER ROAD,SUITE 300N,,Y,,13873 PARK CT RD,,,,"AKIMA SUPPORT OPERATIONS, LLC",,,,,,,,,,,,,,,,,
,ATS,20706,LANHAM,MD,85,,US,BOX #194,,NaT,20706,LANHAM,REVIEW,MD,,AL'S TWIN AIR LLC,Y,MEDIUM,100,,,"9103 WOODMORE CENTER DRIVE, BOX #194",EMAIL INVOICE,,Y,,9103 WOODMORE CT DR,,,,"AL'S TWIN AIR, LLC",,,,,,,,,,,,,,,,,
,ATS,20850,ROCKVILLE,MD,86,,US,,,2026-01-11 12:28:07,20850,ROCKVILLE,READY,MD,,ALAN'S CUSTOM LIGHTING REPAIR,Y,HIGH,80,,,1037 TAFT STREET,,,Y,,1037 TAFT ST,,,,ALAN'S CUSTOM LIGHTING REPAIR,,,,,,,,,,,,,,,,,
,ATS,21237,BALTIMORE,MD,87,,US,,,2026-01-11 12:28:09,21237,BALTIMORE,READY,MD,,ALBAN TRACTOR CO INC,Y,HIGH,80,,,8531 PULASKI HIGHWAY,,,Y,,8531 PULASKI HWY,,,,ALBAN TRACTOR CO INC,,,,,,,,,,,,,,,,,
,ATS,21054,GAMBRILLS,MD,88,,US,STE #F (REAR)-M BUSINESS PARK,,NaT,21054,GAMBRILLS,REVIEW,MD,,ALBIREO (EMS TECHNOLOGIES),Y,MEDIUM,100,,,985 WAUGH CHAPEL WAY,"SUITE F, (REAR)-M BUSINESS PARK",,Y,,985 WAUGH CHAPEL WAY,,,,ALBIREO (EMS TECHNOLOGIES) -email,,,,,,,,,,,,,,,,,
,ATS,22314,ALEXANDRIA,VA,89,,US,,,2026-01-11 12:28:13,22314,ALEXANDRIA,READY,VA,,ALEXANDRIA RENEW ENTERPRISES,Y,HIGH,80,,,1500 EISENHOWER AVENUE,,,Y,,1500 EISENHOWER AVE,,,,ALEXANDRIA RENEW ENTERPRISES,,,,,,,,,,,,,,,,,
,ATS,02368,RANDOLPH,MA,90,,US,,,NaT,02368,RANDOLPH,REVIEW,MA,,ALFIERI-PROCTOR ASSOCIATES,Y,MEDIUM,70,,,PO BOX 682,,,Y,,PO BOX 682,,,,ALFIERI-PROCTOR ASSOCIATES,,,,,,,,,,,,,,,,,
,ATS,20639,HUNTINGTOWN,MD,91,,US,,,NaT,20639,HUNTINGTOWN,REVIEW,MD,,ALICE STEELE,Y,MEDIUM,100,,,85 SOUTHVIEW DR,,,Y,,85 SVIEW DR,,,,ALICE STEELE,,,,,,,,,,,,,,,,,
,ATS,20659,MECHANICSVILLE,MD,92,,US,STE #B,,2026-01-11 12:28:17,20659,MECHANICSVILLE,READY,MD,,ALL MECHANICAL & PLUMBING,Y,HIGH,80,,,"29211 THREE NOTCH ROAD,",SUITE B,,Y,,29211 THREE NOTCH RD,,,,ALL MECHANICAL & PLUMBING,,,,,,,,,,,,,,,,,
,ATS,21157,WESTMINISTER,MD,93,,US,,,NaT,21157,WESTMINISTER,REVIEW,MD,,ALL QUALITY HVAC SERVICES,Y,MEDIUM,100,,,1824 RIDGE RD,,,Y,,1824 RIDGE RD,,,,ALL QUALITY HVAC SERVICES,,,,,,,,,,,,,,,,,
,ATS,20772,UPPER MARLBORO,MD,94,,US,,,2026-01-11 12:28:22,20772,UPPER MARLBORO,READY,MD,,ALL SEASON MECHANICAL LLC,Y,HIGH,80,,,13504 QUARTER POLE CT.,,,Y,,13504 QUARTER POLE CT,,,,"ALL SEASON MECHANICAL, LLC",,,,,,,,,,,,,,,,,
,ATS,21502,CUMBERLAND,MD,95,,US,,,NaT,21502,CUMBERLAND,REVIEW,MD,,ALL SEASONS A/C & HEATING,Y,MEDIUM,100,,,11900 MCMULLEN HWY SW,,,Y,,11900 MCMULLEN HWY SW,,,,ALL SEASONS A/C & HEATING,,,,,,,,,,,,,,,,,
,ATS,20695,WHITE PLAINS,MD,96,,US,,,2026-01-11 12:28:25,20695,WHITE PLAINS,READY,MD,,ALL SEASON AIRE,Y,HIGH,80,,,4480 PRINTERS CT,EMAIL INVOICES,,Y,,4480 PRINTERS CT,,,,ALL SEASON AIRE,,,,,,,,,,,,,,,,,
,ATS,20794,JESSUP,MD,97,,US,,,2026-01-11 12:28:27,20794,JESSUP,READY,MD,,ALL SYSTEMS HEATING & AIR CONDITIONING,Y,HIGH,80,,,10610 IRON BRIDGE RD #6,,,Y,,10610 IRON BRIDGE RD #6,,,,ALL SYSTEMS HEATING & AIR CONDITIONING,,,,,,,,,,,,,,,,,
,ATS,21061,GLEN BURNIE,MD,98,,US,,,2026-01-11 12:28:29,21061,GLEN BURNIE,READY,MD,,ALL TECH,Y,HIGH,80,,,6429 HERITAGE HILL DRIVE,,,Y,,6429 HERITAGE HILL DR,,,,ALL TECH,,,,,,,,,,,,,,,,,
,ATS,21061,GLEN BURNIE,MD,99,,US,,,2026-01-11 12:28:31,21061,GLEN BURNIE,READY,MD,,ALL-TECH,Y,HIGH,80,,,6429 HERITAGE HILL DRIVE,,,Y,,6429 HERITAGE HILL DR,,,,ALL-TECH,,,,,,,,,,,,,,,,,
,ATS,21076,HANOVER,MD,100,,US,,,NaT,21076,HANOVER,REVIEW,MD,,ALLEGIS GROUP INC,Y,MEDIUM,100,,,7031 PARKWAY DRIVE,EMAIL,,Y,,7031 PKWY DR,,,,"ALLEGIS GROUP, INC.",,,,,,,,,,,,,,,,,
,ATS,26726,KEYSER,WV,101,,US,BUILDING 145,,NaT,26726,KEYSER,REVIEW,WV,,ALLIANT TECHSYSTEMS,Y,MEDIUM,100,,,210 STATE ROUTE 956,BUILDING 145,,Y,,210 STATE ROUTE 956,,,,ALLIANT TECHSYSTEMS,,,,,,,,,,,,,,,,,
,ATS,32703,APOPKA,FL,102,,US,STE #128,,2026-01-11 12:28:37,32703,APOPKA,READY,FL,,ALLIED CONTROLS,Y,HIGH,80,,,1706 E SEMORAN BLVD,SUITE 128,,Y,,1706 E SEMORAN BLVD,,,,ALLIED CONTROLS,,,,,,,,,,,,,,,,,
,ATS,21076,HANOVER,MD,103,,US,,,2026-01-11 12:28:39,21076,HANOVER,READY,MD,,ALLIED POWER & CONTROL,Y,HIGH,80,,,7235 STANDARD DRIVE,EMAIL INVOICES,,Y,,7235 STANDARD DR,,,,ALLIED POWER AND CONTROL,,,,,,,,,,,,,,,,,
,ATS,20166,CHANTILLY,VA,104,,US,,,NaT,20166,CHANTILLY,REVIEW,VA,,ALPHA AIRE HVAC,Y,MEDIUM,70,,,P.O. BOX 222126,,,Y,,PO BOX 222126,,,,ALPHA AIRE HVAC,,,,,,,,,,,,,,,,,
,ATS,18960,SELLERSVILLE,PA,105,,US,STE #B1,,2026-01-11 12:28:43,18960,SELLERSVILLE,READY,PA,,ALPINE MECHANICAL,Y,HIGH,80,,,1105 BETHLEHEM PIKE,SUITE B1,,Y,,1105 BETHLEHEM PIKE,,,,ALPINE MECHANICAL,,,,,,,,,,,,,,,,,
,ATS,20036,WASHINGTON,DC,106,,US,,,2026-01-11 12:28:45,20036,WASHINGTON,READY,DC,,DO NOT USE,Y,HIGH,80,,,1155 16TH STREET NW,,,Y,,1155 16TH ST NW,,,,DO NOT USE,,,,,,,,,,,,,,,,,
,ATS,20171,HERNDON,VA,107,,US,,,NaT,20171,HERNDON,REVIEW,VA,,AMAZON,Y,MEDIUM,100,,,13820 SUNRISE VALLEY DRIVE,,,Y,,13820 SUNRISE VALLEY DR,,,,AMAZON,,,,,,,,,,,,,,,,,
,ATS,21060,GLEN BURNIE,MD,108,,US,STE #LL,,2026-01-11 12:28:49,21060,GLEN BURNIE,READY,MD,,AMBIENT COOLING & HEATING,Y,HIGH,80,,,7123 East Furnace Branch Rd,SUITE LL,,Y,,7123 E FURNACE BRANCH RD,,,,AMBIENT COOLING AND HEATING,,,,,,,,,,,,,,,,,
,ATS,21060,GLEN BURNIE,MD,109,,US,STE #LL,,2026-01-11 12:28:50,21060,GLEN BURNIE,READY,MD,,AMBIENT HEATING AND,Y,HIGH,80,,,7123 East Furnace Branch Rd,SUITE LL,,Y,,7123 E FURNACE BRANCH RD,,,,AMBIENT HEATING AND,,,,,,,,,,,,,,,,,
,ATS,20662,NANJEMOY,MD,110,,US,,,NaT,20662,NANJEMOY,REVIEW,MD,,AMEN HEATING & AIR CONDITIONING,Y,MEDIUM,100,,,2275 ORIENTAL PLACE,,,Y,,2275 ORIENTAL PL,,,,AMEN HEATING & AIR CONDITIONING,,,,,,,,,,,,,,,,,
,ATS,20876,GERMANTOWN,MD,111,,US,STE #200,,2026-01-11 12:28:54,20876,GERMANTOWN,READY,MD,,AMENTUM SERVICES INC,Y,HIGH,80,,,"20501 SENECA MEADOWS PARKWAY, SUITE 200",EMAIL INVOICES,,Y,,20501 SENECA MEADOWS PKWY,,,,AMENTUM SERVICES INC.,,,,,,,,,,,,,,,,,
,ATS,37830,OAK RIDGE,TN,112,,US,,,2026-01-11 12:28:56,37830,OAK RIDGE,READY,TN,,AMENTUM TECHNOLOGY INC,Y,HIGH,80,,,125 BROADWAY AVE,EMAIL INVOICES,,Y,,125 BRDWAY AVE,,,,AMENTUM TECHNOLOGY INC.,,,,,,,,,,,,,,,,,
,ATS,01701,FRAMINGHAM,MA,113,,US,,,NaT,01701,FRAMINGHAM,REVIEW,MA,,AMERESCO INC,Y,MEDIUM,100,,,111 SPEENS STREET,,,Y,,111 SPEENS ST,,,,"AMERESCO, INC. - email",,,,,,,,,,,,,,,,,
,ATS,22312,ALEXANDRIA,VA,114,,US,,,NaT,22312,ALEXANDRIA,REVIEW,VA,,AMERICAN BOILER INC,Y,MEDIUM,100,,,5649-M GENERAL WASHINGTON DR.,,,Y,,5649-M GENERAL WASHINGTON DR,,,,AMERICAN BOILER INC,,,,,,,,,,,,,,,,,
,ATS,21202,BALTIMORE,MD,115,,US,,,2026-01-11 12:29:02,21202,BALTIMORE,READY,MD,,AMERICAN CAPITAL PARTNERS,Y,HIGH,80,,,ONE SOUTH STREET,,,Y,,ONE S ST,,,,AMERICAN CAPITAL PARTNERS,,,,,,,,,,,,,,,,,
,ATS,20036,WASHINGTON,DC,116,,US,,,2026-01-11 12:29:05,20036,WASHINGTON,READY,DC,,AMERICAN CHEMICAL SOCIETY,Y,HIGH,80,,,1155 16TH STREET NW,EMAIL,,Y,,1155 16TH ST NW,,,,AMERICAN CHEMICAL SOCIETY,,,,,,,,,,,,,,,,,
,ATS,20769,GLENN DALE,MD,117,,US,STE #233,,NaT,20769,GLENN DALE,REVIEW,MD,,AMERICAN COMBUSTION INDUSTRIES INC,Y,MEDIUM,100,,,"7100 HOLLADAY TYLER RD., SUITE 233",EMAIL INVOICE,,Y,,7100 HOLLADAY TYLER RD,,,,AMERICAN COMBUSTION INDUSTRIES INC,,,,,,,,,,,,,,,,,
,ATS,20904,SILVER SPRING,MD,118,,US,,,NaT,20904,SILVER SPRING,REVIEW,MD,,AMERICAN CONSTRUCT,Y,MEDIUM,100,,,13508 CREEKSIDE DRIVE,,,Y,,13508 CREEKSIDE DR,,,,AMERICAN CONSTRUCT,,,,,,,,,,,,,,,,,
,ATS,22031,FAIRFAX,VA,119,,US,,,NaT,22031,FAIRFAX,REVIEW,VA,,AMERICAN ELECTRIC SERVICE CO,Y,MEDIUM,70,,,PO BOX 2807,EMAIL INVOICES,,Y,,PO BOX 2807,,,,"AMERICAN ELECTRIC SERVICE CO,",,,,,,,,,,,,,,,,,
,ATS,20036,WASHINGTON,DC,120,,US,,,2026-01-11 12:29:11,20036,WASHINGTON,READY,DC,,AMERICAN ENTERPRISE,Y,HIGH,80,,,1789 MASSACHUSETTS AVE NW,,,Y,,1789 MASSACHUSETTS AVE NW,,,,AMERICAN ENTERPRISE,,,,,,,,,,,,,,,,,
,ATS,19046,JENKINTOWN,PA,121,,US,,,2026-01-11 12:29:13,19046,JENKINTOWN,READY,PA,,AMERICAN FINANCIAL REALTY TRUST,Y,HIGH,80,,,610 OLD YORK ROAD,,,Y,,610 OLD YORK RD,,,,AMERICAN FINANCIAL REALTY TRUST,,,,,,,,,,,,,,,,,
,ATS,21053,FREELAND,MD,122,,US,,,2026-01-11 12:29:15,21053,FREELAND,READY,MD,,AMERICAN HVAC,Y,HIGH,80,,,8 BROOK VALLEY CT.,,,Y,,8 BROOK VALLEY CT,,,,AMERICAN HVAC,,,,,,,,,,,,,,,,,
,ATS,22203,ARLINGTON,VA,123,,US,SPECIAL PROJECTS INC,,NaT,22203,ARLINGTON,REVIEW,VA,,AMERICAN INTERNATIONAL CONTRACTORS,Y,MEDIUM,100,,,SPECIAL PROJECTS INC.,4600 NORTH FAIRFAX DRIVE ST602,,Y,,4600 N FAIRFAX DR ST 602,,,,AMERICAN INTERNATIONAL CONTRACTORS,,,,,,,,,,,,,,,,,
,ATS,20877,GAITHERSBURG,MD,124,,US,,,2026-01-11 12:29:19,20877,GAITHERSBURG,READY,MD,,AMERICAN RED CROSS,Y,HIGH,80,,,9319 GAITHER ROAD,,,Y,,9319 GAITHER RD,,,,AMERICAN RED CROSS,,,,,,,,,,,,,,,,,
,ATS,21042,ELLICOTT CITY,MD,125,,US,,,NaT,21042,ELLICOTT CITY,REVIEW,MD,,AMERICAN TESTING INC,Y,MEDIUM,100,,,3220-F CORPORATE COURT,EMAIL,,Y,,3220-F CORPORATE CT,,,,"AMERICAN TESTING, INC",,,,,,,,,,,,,,,,,
,ATS,46052,LEBANON,IN,126,,US,,,2026-01-11 12:29:23,46052,LEBANON,READY,IN,,AMERICAN ULTRAVIOLET,Y,HIGH,80,,,212 S. MT ZION RD,,,Y,,212 S MT ZION RD,,,,AMERICAN ULTRAVIOLET,,,,,,,,,,,,,,,,,
,ATS,20016,WASHINGTON,DC,127,,US,SPRING VALLEY BLDG ROOM 358,,2026-01-11 12:29:25,20016,WASHINGTON,READY,DC,,AMERICAN UNIVERSITY,Y,HIGH,80,,,"SPRING VALLEY BLDG, ROOM 358","4400 MASSACHUSETTS AVENUE, NW",,Y,,4400 MASSACHUSETTS AVE NW,,,,AMERICAN UNIVERSITY - email invoices,,,,,,,,,,,,,,,,,
,ATS,21045,COLUMBIA,MD,128,,US,,,NaT,21045,COLUMBIA,REVIEW,MD,,AMES INC,Y,MEDIUM,100,,,8918 HERRMANN DRIVE,,,Y,,8918 HERRMANN DR,,,,"AMES, INC.",,,,,,,,,,,,,,,,,
,ATS,21123-0936,PASADENA,MD,129,,US,,,NaT,21123-0936,PASADENA,REVIEW,MD,,AMPLE SHEET METAL INC,Y,MEDIUM,70,,,P.O. BOX 936,,,Y,,PO BOX 936,,,,"AMPLE SHEET METAL, INC",,,,,,,,,,,,,,,,,
,ATS,20708,LAUREL,MD,130,,US,,,2026-01-11 12:29:29,20708,LAUREL,READY,MD,,AMERICAN MECHANICAL SERVICES OF MD LLC,Y,HIGH,80,,,13300 MID ATLANTIC BLVD,EMAIL INVOICES,,Y,,13300 MID ATLANTIC BLVD,,,,"AMERICAN MECHANICAL SERVICES OF MD, LLC",,,,,,,,,,,,,,,,,
,ATS,22079,LORTON,VA,131,,US,,,NaT,22079,LORTON,REVIEW,VA,,AMS CONTRACTORS INC,Y,MEDIUM,100,,,7211-L TELEGRAPH SQUARE DRIVE,,,Y,,7211-L TELEGRAPH SQUARE DR,,,,AMS CONTRACTORS INC,,,,,,,,,,,,,,,,,
,ATS,21050,FOREST HILL,MD,132,,US,,,2026-01-11 12:29:33,21050,FOREST HILL,READY,MD,,ANCHOR MECHANICAL LLC,Y,HIGH,80,,,1630 ROBIN CIRCLE,,,Y,,1630 ROBIN CIR,,,,ANCHOR MECHANICAL LLC,,,,,,,,,,,,,,,,,
,ATS,22312,ALEXANDRIA,VA,133,,US,STE #150,,NaT,22312,ALEXANDRIA,REVIEW,VA,,ANCHOR MECHANICAL,Y,MEDIUM,100,,,5520 CHEROKEE AVENUE,SUITE 150,,Y,,5520 CHEROKEE AVE,,,,ANCHOR MECHANICAL - VA,,,,,,,,,,,,,,,,,
,ATS,20166,STERLING,VA,134,,US,STE #140,,NaT,20166,STERLING,REVIEW,VA,,ANDERSON MECHANICAL SERVICES,Y,MEDIUM,100,,,23585 OVERLAND DRIVE,SUITE 140,,Y,,23585 OVERLAND DR,,,,ANDERSON MECHANICAL SERVICES,,,,,,,,,,,,,,,,,
,ATS,16323,FRANKLIN,PA,135,,US,,,NaT,16323,FRANKLIN,REVIEW,PA,,ANDERSON METALS INC,Y,MEDIUM,70,,,PO BOX 631,,,Y,,PO BOX 631,,,,"ANDERSON METALS, INC.",,,,,,,,,,,,,,,,,
,ATS,20762-5011,ANDREWS AFB,MD,136,,US,3213 ANNAPOLIS CPURT,,NaT,20762-5011,ANDREWS AFB,REVIEW,MD,,ANDREWS AIR FORCE BASE,Y,MEDIUM,100,,,113 CIVLI ENGINEERING SQUARE,3213 ANNAPOLIS CPURT,,Y,,113 CIVLI ENGINEERING SQUARE,,,,ANDREWS AIR FORCE BASE,,,,,,,,,,,,,,,,,
,ATS,21401-7386,ANNAPOLIS,MD,137,,US,STE #130,,NaT,21401-7386,ANNAPOLIS,REVIEW,MD,,ANNAPOLIS MICRO SYSTEMS,Y,MEDIUM,100,,,"190 ADMIRAL COCHRANE DRIVE, STE. 130",EMAIL INVOICES,,Y,,190 ADMIRAL COCHRANE DR,,,,ANNAPOLIS MICRO SYSTEMS,,,,,,,,,,,,,,,,,
,ATS,21012,ARNOLD,MD,138,,US,,,2026-01-11 12:29:44,21012,ARNOLD,READY,MD,,ANNE ARUNDEL COMMUNITY COLLEGE,Y,HIGH,80,,,101 COLLEGE PARKWAY,,,Y,,101 COLLEGE PKWY,,,,ANNE ARUNDEL COMMUNITY COLLEGE,,,,,,,,,,,,,,,,,
,ATS,21401,ANNAPOLIS,MD,139,,US,,,NaT,21401,ANNAPOLIS,REVIEW,MD,,ANNE ARUNDEL COUNTY GOV,Y,MEDIUM,100,,,2660 RIVA ROAD,,,Y,,2660 RIVA RD,,,,ANNE ARUNDEL COUNTY GOV,,,,,,,,,,,,,,,,,
,ATS,21401,ANNAPOLIS,MD,140,,US,STE #520,,NaT,21401,ANNAPOLIS,REVIEW,MD,,ANNE ARUNDEL MED CTR,Y,MEDIUM,100,,,1997 ANNAPOLIS EXCHANGE,SUITE 520,,Y,,1997 ANNAPOLIS EXCHANGE,,,,ANNE ARUNDEL MED CTR - email,,,,,,,,,,,,,,,,,
,ATS,21401,ANNAPOLIS,MD,141,,US,,,NaT,21401,ANNAPOLIS,REVIEW,MD,,ANNE ARUNDEL - SCA SURGICENTER LLC,Y,MEDIUM,100,,,904 COMMERCE ROAD,EMAIL INVOICE,,Y,,904 COMMERCE RD,,,,"ANNE ARUNDEL - SCA SURGICENTER, LLC",,,,,,,,,,,,,,,,,
,ATS,21401,ANNAPOLIS,MD,142,,US,ACCOUNTS PAYABLE,,2026-01-11 12:29:52,21401,ANNAPOLIS,READY,MD,,ANNE ARUNDEL COUNTY PUBLIC SCHOOLS,Y,HIGH,80,,,2644 RIVA ROAD,ACCOUNTS PAYABLE,,Y,,2644 RIVA RD,,,,ANNE ARUNDEL COUNTY PUBLIC SCHOOLS,,,,,,,,,,,,,,,,,
,ATS,20146-2330,ASHBURN,VA,143,,US,,,NaT,20146-2330,ASHBURN,REVIEW,VA,,OATH INC,Y,MEDIUM,70,,,PO BOX 2330,,,Y,,PO BOX 2330,,,,"OATH, INC.",,,,,,,,,,,,,,,,,
,ATS,02021,CANTON,MA,144,,US,,,2026-01-11 12:29:54,02021,CANTON,READY,MA,,APA HVAC TECHNOLOGIES,Y,HIGH,80,,,4 CAMPANELLI CIRCLE,EMAIL INVOICES,,Y,,4 CAMPANELLI CIR,,,,APA HVAC TECHNOLOGIES,,,,,,,,,,,,,,,,,
,ATS,21770,MONROVIA,MD,145,,US,,,2026-01-11 12:29:56,21770,MONROVIA,READY,MD,,APEX BUILDING CONTROLS,Y,HIGH,80,,,5231 INTERCOASTAL DRIVE,EMAIL INVOICE,,Y,,5231 INTERCOASTAL DR,,,,APEX BUILDING CONTROLS,,,,,,,,,,,,,,,,,
,ATS,19382,WEST CHESTER,PA,146,,US,STE #6,,2026-01-11 12:29:58,19382,WEST CHESTER,READY,PA,,APEX ASSOCIATES LLC,Y,HIGH,80,,,825 BRAXTON LN,SUITE 6,,Y,,825 BRAXTON LN,,,,APEX ASSOCIATES LLC,,,,,,,,,,,,,,,,,
,ATS,21010-5424,APG,MD,147,,US,USARDECOM,,NaT,21010-5424,APG,REVIEW,MD,,ABERDEEN PROVING GROUND,Y,MEDIUM,100,,,USARDECOM,5183 BLACKHAWK RD,,Y,,5183 BLACKHAWK RD,,,,ABERDEEN PROVING GROUND,,,,,,,,,,,,,,,,,
,ATS,21010,APG,MD,148,,US,ATTN:AMSRD-ECB-EN/PATTY PHILLI,,NaT,21010,APG,REVIEW,MD,,EDGEWOOD CB CENTER,Y,MEDIUM,100,,,ATTN:AMSRD-ECB-EN/PATTY PHILLI,5183 BLACK HAWK RD/BLDG E3549,,Y,,5183 BLACK HAWK RD/BLDG E3549,,,,EDGEWOOD CB CENTER,,,,,,,,,,,,,,,,,
,ATS,21054,GAMBRILLS,MD,149,,US,UNIT 106,,NaT,21054,GAMBRILLS,REVIEW,MD,,APHLEION CIGAR SHOP,Y,MEDIUM,100,,,2510 CONWAY RD,UNIT 106,,Y,,2510 CONWAY RD,,,,APHLEION CIGAR SHOP,,,,,,,,,,,,,,,,,
,ATS,21740,HAGERSTOWN,MD,150,,US,,,NaT,21740,HAGERSTOWN,REVIEW,MD,,APPARATUS REPAIR & ENGINEERING,Y,MEDIUM,100,,,17500 YORK ROAD,EMAIL INVOICES,,Y,,17500 YORK RD,,,,APPARATUS REPAIR & ENGINEERING,,,,,,,,,,,,,,,,,
,ATS,20186,WARRENTON,VA,151,,US,,,2026-01-11 12:30:08,20186,WARRENTON,READY,VA,,APPLETON CAMPBELL,Y,HIGH,80,,,100 EAST FRANKLIN STREET,,,Y,,100 E FRANKLIN ST,,,,APPLETON CAMPBELL,,,,,,,,,,,,,,,,,
,ATS,44101-5018,CLEVELAND,OH,152,,US,APPLIED INDUSTRIAL TECH INC,,NaT,44101-5018,CLEVELAND,REVIEW,OH,,APPLIED INDUSTRIAL TECHNOLOGIES,Y,MEDIUM,70,,,APPLIED INDUSTRIAL TECH INC,PO BOX 93018,,Y,,PO BOX 93018,,,,APPLIED INDUSTRIAL TECHNOLOGIES,,,,,,,,,,,,,,,,,
,ATS,20001,WASHINGTON,DC,153,,US,,,NaT,20001,WASHINGTON,REVIEW,DC,,AQUIL MECHANICAL WORKS,Y,MEDIUM,70,,,PO BOX 26463,,,Y,,PO BOX 26463,,,,AQUIL MECHANICAL WORKS,,,,,,,,,,,,,,,,,
,ATS,22101,MCLEAN,VA,154,,US,,,2026-01-11 12:30:10,22101,MCLEAN,READY,VA,,ARAD & BAKER,Y,HIGH,80,,,1249 CREST LANE,,,Y,,1249 CREST LN,,,,ARAD & BAKER,,,,,,,,,,,,,,,,,
,ATS,21043,ELLICOTT CITY,MD,155,,US,,,2026-01-11 12:30:12,21043,ELLICOTT CITY,READY,MD,,ARCTIC REFRIGERATION,Y,HIGH,80,,,4930 LITTLE COURT,,,Y,,4930 LITTLE CT,,,,ARCTIC REFRIGERATION,,,,,,,,,,,,,,,,,
,ATS,20850,ROCKVILLE,MD,156,,US,,,NaT,20850,ROCKVILLE,REVIEW,MD,,ARE MD #24 LLC,Y,MEDIUM,100,,,9800 MEDICAL CENTER DRIVE,,,Y,,9800 MEDICAL CT DR,,,,ARE MD #24 LLC,,,,,,,,,,,,,,,,,
,ATS,20794,JESSUP,MD,157,,US,,,NaT,20794,JESSUP,REVIEW,MD,,ARICA CONSULTING & CONTRACTING,Y,MEDIUM,100,,,8309A SHERWICK CT,EMAIL INVOICES,,Y,,8309A SHERWICK CT,,,,ARICA CONSULTING & CONTRACTING,,,,,,,,,,,,,,,,,
,ATS,21030,HUNT VALLEY,MD,158,,US,STE #3A,,2026-01-11 12:30:20,21030,HUNT VALLEY,READY,MD,,ARIOSA & COMPANY,Y,HIGH,80,,,16 STENERSON LANE,SUITE 3A - EMAIL INVOICES,,Y,,16 STENERSON LN,,,,ARIOSA & COMPANY,,,,,,,,,,,,,,,,,
,ATS,20001,WASHINGTON,DC,159,,US,STE #300,,2026-01-11 12:30:22,20001,WASHINGTON,READY,DC,,ARK CONSTRUCTION GROUP INC,Y,HIGH,80,,,"700 K STREET, STE 300",EMAIL INVOICES,,Y,,700 K ST,,,,"ARK CONSTRUCTION GROUP, INC - email",,,,,,,,,,,,,,,,,
,ATS,22201,ARLINGTON,VA,160,,US,STE #600,,2026-01-11 12:30:24,22201,ARLINGTON,READY,VA,,ARLINGTON COUNTY VIRGINIA,Y,HIGH,80,,,1400 N. UHLE STREET,SUITE 600,,Y,,1400 N UHLE ST,,,,ARLINGTON COUNTY VIRGINIA,,,,,,,,,,,,,,,,,
,ATS,21214,BALTIMORE,MD,161,,US,STE #A,,2026-01-11 12:30:26,21214,BALTIMORE,READY,MD,,ARRIBA MECHANICAL INC,Y,HIGH,80,,,3210 ECHODALE AVE,SUITE A,,Y,,3210 ECHODALE AVE,,,,"ARRIBA MECHANICAL, INC",,,,,,,,,,,,,,,,,
,ATS,21204,BALTIMORE,MD,162,,US,,,2026-01-11 12:30:28,21204,BALTIMORE,READY,MD,,ARTEMIS PROPERTIES,Y,HIGH,80,,,210 W PENNSYLVANIA AVE,,,Y,,210 W PENNSYLVANIA AVE,,,,ARTEMIS PROPERTIES,,,,,,,,,,,,,,,,,
,ATS,21060,GLEN BURNIE,MD,163,,US,,,2026-01-11 12:30:30,21060,GLEN BURNIE,READY,MD,,ARUNDEL ELECTRICAL CONTRACTORS,Y,HIGH,80,,,7668 BALTIMORE ANNAPOLIS BLVD,,,Y,,7668 BALTIMORE ANNAPOLIS BLVD,,,,ARUNDEL ELECTRICAL CONTRACTORS,,,,,,,,,,,,,,,,,
,ATS,20190,RESTON,VA,164,,US,STE #800,,2026-01-11 12:30:32,20190,RESTON,READY,VA,,ASRC FEDERAL CYBER LLC,Y,HIGH,80,,,"11091 SUNSET HILLS RD., SUITE 800",EMAIL INVOICE,,Y,,11091 SUNSET HILLS RD,,,,"ASRC FEDERAL CYBER, LLC",,,,,,,,,,,,,,,,,
,ATS,66215,LENEXA,KS,165,,US,SUIT A,,NaT,66215,LENEXA,REVIEW,KS,,ASSOCIATED AIR PRODUCTS,Y,MEDIUM,100,,,14900 WEST 107TH,SUIT A,,Y,,14900 W 107TH,,,,ASSOCIATED AIR PRODUCTS,,,,,,,,,,,,,,,,,
,ATS,20878,GAITHERSBURG,MD,166,,US,,,2026-01-11 12:30:36,20878,GAITHERSBURG,READY,MD,,ASTRAZENECA,Y,HIGH,80,,,1 MEDIMMUNE WAY,,,Y,,1 MEDIMMUNE WAY,,,,ASTRAZENECA,,,,,,,,,,,,,,,,,
,ATS,20718,BOWIE,MD,167,,US,,,2026-01-11 12:30:38,20718,BOWIE,READY,MD,,ASW MECHANICAL LLC,Y,HIGH,80,,,6710 LAUREL-BOWIE ROAD #646,EMAIL INVOICE,,Y,,6710 LAUREL-BOWIE RD #646,,,,"ASW MECHANICAL, LLC",,,,,,,,,,,,,,,,,
,ATS,21219,BALTIMORE,MD,168,,US,UNIT A,,2026-01-11 12:30:40,21219,BALTIMORE,READY,MD,,AT YOUR SERVICE HEATING & COOLING,Y,HIGH,80,,,6501 NORTH POINT ROAD,UNIT A - EMAIL,,Y,,6501 N POINT RD,,,,AT YOUR SERVICE HEATING AND COOLING,,,,,,,,,,,,,,,,,
,ATS,20110,MANASSAS,VA,169,,US,,,2026-01-11 12:30:43,20110,MANASSAS,READY,VA,,AMERICAN TYPE CULTURE COLLECTION,Y,HIGH,80,,,10801 UNIVERSITY BOULEVARD,EMAIL INVOICES,,Y,,10801 UNIVERSITY BLVD,,,,AMERICAN TYPE CULTURE COLLECTION,,,,,,,,,,,,,,,,,
,ATS,20855,ROCKVILLE,MD,170,,US,,,NaT,20855,ROCKVILLE,REVIEW,MD,,ATCO SERVICES,Y,MEDIUM,100,,,15924 DERWOOD RD,,,Y,,15924 DERWOOD RD,,,,ATCO SERVICES,,,,,,,,,,,,,,,,,
,ATS,23237,RICHMOND,VA,171,,US,,,NaT,23237,RICHMOND,REVIEW,VA,,ATLANTIC CONSTRUCTORS INC,Y,MEDIUM,100,,,EMAIL INVOICE,1401 BATTERY BROOKE PKWY,,Y,,1401 BATTERY BROOKE PKWY,,,,ATLANTIC CONSTRUCTORS INC,,,,,,,,,,,,,,,,,
,ATS,21045,COLUMBIA,MD,172,,US,,,NaT,21045,COLUMBIA,REVIEW,MD,,ATLANTIC DESIGN GROUP INC,Y,MEDIUM,100,,,8940 RT 108 #F,,,Y,,8940 RT 108 #F,,,,ATLANTIC DESIGN GROUP INC,,,,,,,,,,,,,,,,,
,ATS,20601,WALDORF,MD,173,,US,,,NaT,20601,WALDORF,REVIEW,MD,,ATLANTIC HARDWARE SUPPLY,Y,MEDIUM,70,,,P.O.BOX 7,EMAIL INVOICES,,Y,,PO BOX 7,,,,ATLANTIC HARDWARE SUPPLY,,,,,,,,,,,,,,,,,
,ATS,21045,COLUMBIA,MD,174,,US,,,NaT,21045,COLUMBIA,REVIEW,MD,,ADVANCED THERMAL SOLUTIONS,Y,MEDIUM,100,,,8815 GOOSLANDING CIRCLE,,,Y,,8815 GOOSLANDING CIR,,,,ADVANCED THERMAL SOLUTIONS,,,,,,,,,,,,,,,,,
,ATS,21050,FOREST HILL,MD,175,,US,,,NaT,21050,FOREST HILL,REVIEW,MD,,ATS PARTNERING SOLUTIONS,Y,MEDIUM,100,,,24 CHESNUT HILL ROAD,EMAIL INVOICES,,Y,,24 CHESNUT HILL RD,,,,ATS PARTNERING SOLUTIONS,,,,,,,,,,,,,,,,,
,ATS,21045,COLUMBIA,MD,176,,US,,,NaT,21045,COLUMBIA,REVIEW,MD,,ADVANCED THERMAL SOLUTIONS,Y,MEDIUM,100,,,8815 GOOSLANDING CIRCLE,,,Y,,8815 GOOSLANDING CIR,,,,ADVANCED THERMAL SOLUTIONS,,,,,,,,,,,,,,,,,
,ATS,23060,GLEN ALLEN,VA,177,,US,,,NaT,23060,GLEN ALLEN,REVIEW,VA,,CARRIER - AUTOMATED LOGIC CONTRACTING,Y,MEDIUM,100,,,4948 DOMINION BLVD,EMAIL INVOICES,,Y,,4948 DOMINION BLVD,,,,CARRIER - AUTOMATED LOGIC CONTRACTING,,,,,,,,,,,,,,,,,
,ATS,21842,OCEAN CITY,MD,178,,US,,,2026-01-11 12:31:00,21842,OCEAN CITY,READY,MD,,AVALON CONDOMINIUM ASSOCIATION,Y,HIGH,80,,,220 16TH ST,,,Y,,220 16TH ST,,,,AVALON CONDOMINIUM ASSOCIATION,,,,,,,,,,,,,,,,,
,ATS,19057,LEVITTOWN,PA,179,,US,,,NaT,19057,LEVITTOWN,REVIEW,PA,,AVCO SUPPLY INC,Y,MEDIUM,100,,,7014 BEAVER DAM RD,,,Y,,7014 BEAVER DAM RD,,,,"AVCO SUPPLY, INC",,,,,,,,,,,,,,,,,
,ATS,20850,ROCKVILLE,MD,180,,US,STE #L,,NaT,20850,ROCKVILLE,REVIEW,MD,,AVENT CONTRACTING,Y,MEDIUM,100,,,14672-L SOUTHLAWN LANE,SUITE L,,Y,,14672-L SLAWN LN,,,,AVENT CONTRACTING,,,,,,,,,,,,,,,,,
,ATS,20852,ROCKVILLE,MD,181,,US,STE #200,,2026-01-11 12:31:06,20852,ROCKVILLE,READY,MD,,AVISON YOUNG- WASHINGTON DC LLC,Y,HIGH,80,,,11921 ROCKVILLE PIKE,SUITE 200,,Y,,11921 ROCKVILLE PIKE,,,,"AVISON YOUNG- WASHINGTON, DC, LLC",,,,,,,,,,,,,,,,,
,ATS,21228,BALTIMORE,MD,182,,US,,,2026-01-11 12:31:09,21228,BALTIMORE,READY,MD,,AWA MEHCANICAL,Y,HIGH,80,,,1445 N ROLLING RD,,,Y,,1445 N ROLLING RD,,,,AWA MEHCANICAL,,,,,,,,,,,,,,,,,
,ATS,20110,MANASSAS,VA,183,,US,,,2026-01-11 12:31:11,20110,MANASSAS,READY,VA,,AYALA ELECTRIC LLC,Y,HIGH,80,,,9264 CORPORATE CIRCLE,EMAIL INVOICES,,Y,,9264 CORPORATE CIR,,,,"AYALA ELECTRIC, LLC",,,,,,,,,,,,,,,,,
,ATS,20184,UPPERVILLE,VA,184,,US,,,NaT,20184,UPPERVILLE,REVIEW,VA,,AYRSHIRE FARM,Y,MEDIUM,100,,,21846 TRAPPE RAOD,,,Y,,21846 TRAPPE RAOD,,,,AYRSHIRE FARM,,,,,,,,,,,,,,,,,
,ATS,21230,BALTIMORE,MD,185,,US,STE #A,,2026-01-11 12:31:15,21230,BALTIMORE,READY,MD,,AZOLA BUILDING SERVICES,Y,HIGH,80,,,1414 KEY HIGHWAY,SUITE A,,Y,,1414 KEY HWY,,,,AZOLA BUILDING SERVICES,,,,,,,,,,,,,,,,,
,ATS,21108,MILLERSVILLE,MD,186,,US,,,NaT,21108,MILLERSVILLE,REVIEW,MD,,B&B TECHNOLOGIES LLC,Y,MEDIUM,70,,,PO BOX 1264,,,Y,,PO BOX 1264,,,,B&B TECHNOLOGIES LLC,,,,,,,,,,,,,,,,,
,ATS,00000,HAMILTON HM,EX,187,,US,,,NaT,BERMUDA,HAMILTON HM,REVIEW,EX,,BERMUDA AIR CONDITIONING,Y,MEDIUM,70,,,P.O. BOX HM 1095,,,Y,,PO BOX HM 1095,,,,BERMUDA AIR CONDITIONING,,,,,,,,,,,,,,,,,
,ATS,20151,CHANTILLY,VA,188,,US,UNIT D,,NaT,20151,CHANTILLY,REVIEW,VA,,BAISTAR MECHANICAL,Y,MEDIUM,100,,,14640 FLINT LEE RD,UNIT D,,Y,,14640 FLINT LEE RD,,,,BAISTAR MECHANICAL,,,,,,,,,,,,,,,,,
,ATS,21227,HALETHORPE,MD,189,,US,,,2026-01-11 12:31:19,21227,HALETHORPE,READY,MD,,BAKERY EXPRESS,Y,HIGH,80,,,4711 Hollins Ferry Rd #100,,,Y,,4711 HOLLINS FERRY RD #100,,,,BAKERY EXPRESS,,,,,,,,,,,,,,,,,
,ATS,21237,BALTIMORE,MD,190,,US,,,2026-01-11 12:31:23,21237,BALTIMORE,READY,MD,,BALDWIN MECHANICAL CONTRACTORS,Y,HIGH,80,,,8116 PHILADELPHIA ROAD,,,Y,,8116 PHILADELPHIA RD,,,,BALDWIN MECHANICAL CONTRACTORS-email,,,,,,,,,,,,,,,,,
,ATS,22042,FALLS CHURCH,VA,191,,US,STE #200,,NaT,22042,FALLS CHURCH,REVIEW,VA,,BALFOUR BEATTY CONSTRUCTION LLC,Y,MEDIUM,100,,,"2180 FAIRVIEW PARK DR., SUITE 200",EMAIL INVOICES,,Y,,2180 FAIRVIEW PARK DR,,,,"BALFOUR BEATTY CONSTRUCTION, LLC",,,,,,,,,,,,,,,,,
,ATS,,,,192,,US,,,NaT,,,INVALID,,,BALTIMORE AIRCOIL COMPANY,Y,LOW,20,,,,,,Y,,,,,,BALTIMORE AIRCOIL COMPANY,,,,,,,,,,,,,,,,,
,ATS,21202,BALTIMORE,MD,193,,US,DIVISION OF PRE-TRIAL DETENTIO,,NaT,21202,BALTIMORE,REVIEW,MD,,BALTIMORE CITY CENTRAL BOOKING,Y,MEDIUM,100,,,DIVISION OF PRE-TRIAL DETENTIO,"531 E. MADISON ST., FINANCE",,Y,,531 E MADISON ST FINANCE,,,,BALTIMORE CITY CENTRAL BOOKING,,,,,,,,,,,,,,,,,
,ATS,21202,BALTIMORE,MD,194,,US,,,2026-01-11 12:31:32,21202,BALTIMORE,READY,MD,,BALTIMORE CITY COMMUNITY COLLEGE,Y,HIGH,80,,,600 EAST LOMBARD STREET,,,Y,,600 E LOMBARD ST,,,,BALTIMORE CITY COMMUNITY COLLEGE,,,,,,,,,,,,,,,,,
,ATS,21202,BALTIMORE,MD,195,,US,JAIL INDUSTRIES BLDG,,2026-01-11 12:31:34,21202,BALTIMORE,READY,MD,,BALTIMORE CITY DETENTION CENTER,Y,HIGH,80,,,JAIL INDUSTRIES BUILDING,531 E MADISON STREET,,Y,,531 E MADISON ST,,,,BALTIMORE CITY DETENTION CENTER,,,,,,,,,,,,,,,,,
,ATS,21237,BALTIMORE,MD,196,,US,,,2026-01-11 12:31:36,21237,BALTIMORE,READY,MD,,BALTIMORE CONTRACTORS,Y,HIGH,80,,,6609 MORAVIA PARK DRIVE,,,Y,,6609 MORAVIA PARK DR,,,,BALTIMORE CONTRACTORS,,,,,,,,,,,,,,,,,
,ATS,21201,BALTIMORE,MD,197,,US,5TH FL,,2026-01-11 12:31:38,21201,BALTIMORE,READY,MD,,CITY OF BALTIMORE FINANCE DEPARTMENT,Y,HIGH,80,,,401 E. FAYETTE STREET,5TH FLOOR,,Y,,401 E FAYETTE ST,,,,CITY OF BALTIMORE FINANCE DEPARTMENT,,,,,,,,,,,,,,,,,
,ATS,21057,GLENARM,MD,198,,US,,,NaT,21057,GLENARM,REVIEW,MD,,BALTIMORE COUNTY BLDG MAINT,Y,MEDIUM,100,,,12200 LONGGREE,,,Y,,12200 LONGGREE,,,,BALTIMORE COUNTY BLDG MAINT,,,,,,,,,,,,,,,,,
,ATS,21204,TOWSON,MD,199,,US,ROOM 148 DISBURSEMENTS UNIT,,2026-01-11 12:31:42,21204,TOWSON,READY,MD,,BALTIMORE COUNTY MD,Y,HIGH,80,,,DISBURSEMENTS UNIT,"400 WASHINGTON AVE, ROOM 148",,Y,,400 WASHINGTON AVE,,,,"BALTIMORE COUNTY, MD",,,,,,,,,,,,,,,,,
,ATS,21236,BALTIMORE,MD,200,,US,,,2026-01-11 12:31:44,21236,BALTIMORE,READY,MD,,BALTIMORE ELECTRIC SERVICES INC,Y,HIGH,80,,,4300 RIDGE ROAD,,,Y,,4300 RIDGE RD,,,,"BALTIMORE ELECTRIC SERVICES, INC.",,,,,,,,,,,,,,,,,
,ATS,21218,BALTIMORE,MD,201,,US,,,2026-01-11 12:31:46,21218,BALTIMORE,READY,MD,,BALTIMORE MUSEUM OF ART,Y,HIGH,80,,,10 ART MUSEUM DR,,,Y,,10 ART MUSEUM DR,,,,BALTIMORE MUSEUM OF ART,,,,,,,,,,,,,,,,,
,ATS,21228,PERRY HALL,MD,202,,US,,,2026-01-11 12:31:47,21228,PERRY HALL,READY,MD,,BALTIMORE S&S SUPPLY LLC,Y,HIGH,80,,,5008 RED TOP TERRACE,EMAIL INVOICE,,Y,,5008 RED TOP TERRACE,,,,"BALTIMORE S&S SUPPLY, LLC",,,,,,,,,,,,,,,,,
,ATS,21093-6920,TIMONIUM,MD,203,,US,STE #400,,2026-01-11 12:31:50,21093-6920,TIMONIUM,READY,MD,,BALTIMORE TRANE SALES & SERVICE,Y,HIGH,80,,,"9603 DEERECO ROAD, SUITE 400",,,Y,,9603 DEERECO RD,,,,BALTIMORE TRANE SALES & SERVICE,,,,,,,,,,,,,,,,,
,ATS,97228,PORTLAND,OR,204,,US,UOM- BWMC,,NaT,97228,PORTLAND,REVIEW,OR,,BALTIMORE WASHINGTON MEDICAL CENTER,Y,MEDIUM,70,,,UOM- BWMC -email INV,PO BOX 6545,,Y,,PO BOX 6545,,,,BALTIMORE WASHINGTON MEDICAL CENTER,,,,,,,,,,,,,,,,,
,ATS,21202,BALTMORE,MD,205,,US,,,NaT,21202,BALTMORE,REVIEW,MD,,BALTIMORE WATERFRONT MARRIOTT ENGINEERI,Y,MEDIUM,100,,,700 ALICEANNA STREET,,,Y,,700 ALICEANNA ST,,,,BALTIMORE WATERFRONT MARRIOTT ENGINEERI,,,,,,,,,,,,,,,,,
,ATS,21202,BALTIMORE,MD,206,,US,,,2026-01-11 12:31:54,21202,BALTIMORE,READY,MD,,BALTIMORE CENTRAL BOOKING & INTAKE CTR,Y,HIGH,80,,,531 E. MADISON ST.,,,Y,,531 E MADISON ST,,,,BALTIMORE CENTRAL BOOKING & INTAKE CTR,,,,,,,,,,,,,,,,,
,ATS,21204,TOWSON,MD,207,,US,,,2026-01-11 12:31:56,21204,TOWSON,READY,MD,,BALTIMORE COUNTY PUBLIC SCHOOLS,Y,HIGH,80,,,6901 CHARLES ST,,,Y,,6901 CHARLES ST,,,,BALTIMORE COUNTY PUBLIC SCHOOLS,,,,,,,,,,,,,,,,,
,ATS,17340,LITTLETOWN,PA,208,,US,,,NaT,17340,LITTLETOWN,REVIEW,PA,,BARAN MANUFACTURING,Y,MEDIUM,100,,,399 TEETER ROAD,,,Y,,399 TEETER RD,,,,BARAN MANUFACTURING,,,,,,,,,,,,,,,,,
,ATS,21030,COCKEYSVILLE,MD,209,,US,,,2026-01-11 12:32:00,21030,COCKEYSVILLE,READY,MD,,M NELSON BARNES & SONS INC,Y,HIGH,80,,,117 CHURCH LANE,,,Y,,117 CHURCH LN,,,,"M. NELSON BARNES & SONS, INC.",,,,,,,,,,,,,,,,,
,ATS,21076,HANOVER,MD,210,,US,,,2026-01-11 12:32:03,21076,HANOVER,READY,MD,,BUILDING AUTOMATION SYSTEMS INTEGRATORS,Y,HIGH,80,,,7050 HI TECH DR,EMAIL INVOICE,,Y,,7050 HI TECH DR,,,,BUILDING AUTOMATION SYSTEMS INTEGRATORS,,,,,,,,,,,,,,,,,
,ATS,20879,GAITHERSBURG,MD,211,,US,,,NaT,20879,GAITHERSBURG,REVIEW,MD,,BASILIS HALOFTIS,Y,MEDIUM,100,,,18517 TRAXELL WAY,,,Y,,18517 TRAXELL WAY,,,,BASILIS HALOFTIS,,,,,,,,,,,,,,,,,
,ATS,43201-2696,COLUMBUS,OH,212,,US,,,NaT,43201-2696,COLUMBUS,REVIEW,OH,,BATTELLE MEMORIAL INSTITUTE,Y,MEDIUM,100,,,505 KING AVE AATN: ACCOUNTS PAYABLE,EMAIL INVOICES,,Y,,505 KING AVE AATN: ACCOUNTS PAYABLE,,,,BATTELLE MEMORIAL INSTITUTE,,,,,,,,,,,,,,,,,
,ATS,20646,LA PLATA,MD,213,,US,,,2026-01-11 12:32:10,20646,LA PLATA,READY,MD,,BATTLE CREEK CONSTRUCTION LLC,Y,HIGH,80,,,200 WASHINGTON AVENUE,,,Y,,200 WASHINGTON AVE,,,,"BATTLE CREEK CONSTRUCTION, LLC",,,,,,,,,,,,,,,,,
,ATS,21237,ROSEDALE,MD,214,,US,STE ##2,,2026-01-11 12:32:13,21237,ROSEDALE,READY,MD,,BAUER MECHANICAL LLC,Y,HIGH,80,,,"6918 RIDGE RD., SUITE #2",,,Y,,6918 RIDGE RD,,,,"BAUER MECHANICAL, LLC",,,,,,,,,,,,,,,,,
,ATS,21226,BALTIMORE,MD,215,,US,STE B,,2026-01-11 12:32:15,21226,BALTIMORE,READY,MD,,BAY AREA MECHANICAL SERVICES INC,Y,HIGH,80,,,6824 FT. SMALLWOOD RD,STE B,,Y,,6824 FT SMALLWOOD RD,,,,BAY AREA MECHANICAL SERVICES. INC,,,,,,,,,,,,,,,,,
,ATS,21401,ANNAPOLIS,MD,216,,US,,,NaT,21401,ANNAPOLIS,REVIEW,MD,,BAY ENGINEERING,Y,MEDIUM,100,,,2661 RIVA ROAD,,,Y,,2661 RIVA RD,,,,BAY ENGINEERING,,,,,,,,,,,,,,,,,
,ATS,21226,BALTIMORE,MD,217,,US,#3,,2026-01-11 12:32:19,21226,BALTIMORE,READY,MD,,BAY STATE ELECTRIC INC,Y,HIGH,80,,,6309 FORT SMALLWOOD RD,#3,,Y,,6309 FORT SMALLWOOD RD,,,,"BAY STATE ELECTRIC, INC.",,,,,,,,,,,,,,,,,
,ATS,21201,BALTIMORE,MD,218,,US,STE #130,,2026-01-11 12:32:21,21201,BALTIMORE,READY,MD,,BEHRINGER HARVARD,Y,HIGH,80,,,250 WEST PRATT STREET,SUITE 130,,Y,,250 W PRATT ST,,,,BEHRINGER HARVARD,,,,,,,,,,,,,,,,,
,ATS,21076,HANOVER,MD,219,,US,STE #C-F,,2026-01-11 12:32:23,21076,HANOVER,READY,MD,,BELL BCI COMPANY LLC,Y,HIGH,80,,,941 MERCANTILE DRIVE - email,SUITE C-F,,Y,,941 MERCANTILE DR,,,,"BELL BCI COMPANY, LLC",,,,,,,,,,,,,,,,,
,ATS,21031,HUNT VALLEY,MD,220,,US,STE #114,,2026-01-11 12:32:25,21031,HUNT VALLEY,READY,MD,,BENCHMARK AUTOMATION & CONTROLS,Y,HIGH,80,,,215 SCHILLING CIRCLE,SUITE 114 - EMAIL,,Y,,215 SCHILLING CIR,,,,BENCHMARK AUTOMATION & CONTROLS,,,,,,,,,,,,,,,,,
,ATS,21001,ABERDEEN,MD,221,,US,,,2026-01-11 12:32:27,21001,ABERDEEN,READY,MD,,BENFIELD ELECTRIC,Y,HIGH,80,,,400 HICKORY DRIVE,,,Y,,400 HICKORY DR,,,,BENFIELD ELECTRIC,,,,,,,,,,,,,,,,,
,ATS,20636,OWINGS,MD,222,,US,,,2026-01-11 12:32:29,20636,OWINGS,READY,MD,,BENNETT MECHANICAL SERVICES,Y,HIGH,80,,,829 KEITH LANE,EMAIL INVOICES,,Y,,829 KEITH LN,,,,BENNETT MECHANICAL SERVICES,,,,,,,,,,,,,,,,,
,ATS,21157,WESTMINISTER,MD,223,,US,,,NaT,21157,WESTMINISTER,REVIEW,MD,,BENNETT MECHANICAL SERVICES INC,Y,MEDIUM,100,,,EMAIL INVOICE,532 BALTIMORE BLVD #310,,Y,,532 BALTIMORE BLVD #310,,,,BENNETT MECHANICAL SERVICES INC,,,,,,,,,,,,,,,,,
,ATS,25401,MARTINSBURG,WV,224,,US,,,NaT,25401,Martinsburg,REVIEW,WV,,BERKLEY MEDICAL CENTER,Y,MEDIUM,100,,,2500 HOSPITIAL DR,,,Y,,2500 HOSPITIAL DR,,,,BERKLEY MEDICAL CENTER,,,,,,,,,,,,,,,,,
,ATS,21146,SEVERNA PARK,MD,225,,US,STE #1,,2026-01-11 12:32:35,21146,SEVERNA PARK,READY,MD,,BERNWARD MECHANICAL & CONSTRUCTION,Y,HIGH,80,,,836 RITCHIE HWY,SUITE 1 - EMAIL INVOICES,,Y,,836 RITCHIE HWY,,,,BERNWARD MECHANICAL & CONSTRUCTION,,,,,,,,,,,,,,,,,
,ATS,47706,EVANSVILLE,IN,226,,US,,,NaT,47706,EVANSVILLE,REVIEW,IN,,BERRY PLASTICS,Y,MEDIUM,70,,,P.O. BOX 959,,,Y,,PO BOX 959,,,,BERRY PLASTICS,,,,,,,,,,,,,,,,,
,ATS,21773,MYERSVILLE,MD,227,,US,,,NaT,21773,MYERSVILLE,REVIEW,MD,,BEST PLUMBING SPECIALTIES,Y,MEDIUM,70,,,P.O. BOX 30,,,Y,,PO BOX 30,,,,BEST PLUMBING SPECIALTIES - email,,,,,,,,,,,,,,,,,
,ATS,21061,GLEN BURNIE,MD,228,,US,STE #C,,2026-01-11 12:32:36,21061,GLEN BURNIE,READY,MD,,BETHEL ELECTRICAL CONSTRUCTION,Y,HIGH,80,,,502 MCCORMICK DRIVE,SUITE C,,Y,,502 MCCORMICK DR,,,,BETHEL ELECTRICAL CONSTRUCTION,,,,,,,,,,,,,,,,,
,ATS,21713,BOONSBORO,MD,229,,US,,,NaT,21713,BOONSBORO,REVIEW,MD,,BG SERVICES,Y,MEDIUM,100,,,21448 RUBLE ROAD,,,Y,,21448 RUBLE RD,,,,BG SERVICES,,,,,,,,,,,,,,,,,
,ATS,21220,BALTIMORE,MD,230,,US,STE #A,,2026-01-11 12:32:40,21220,BALTIMORE,READY,MD,,BGE,Y,HIGH,80,,,1409 SUITE A,TANGIER DR,,Y,,1409 TANGIER DR,,,,BGE,,,,,,,,,,,,,,,,,
,ATS,21220,BALTIMORE,MD,231,,US,,,2026-01-11 12:32:42,21220,BALTIMORE,READY,MD,,BGE HOME PRODUCTS & SERVICE LLC,Y,HIGH,80,,,1409-A TANGIER DRIVE,EMAIL INVOICE,,Y,,1409-A TANGIER DR,,,,"BGE HOME PRODUCTS & SERVICE, LLC",,,,,,,,,,,,,,,,,
,ATS,21046,COLUMBIA,MD,232,,US,C/O ICF INTERNATIONAL,,NaT,21046,COLUMBIA,REVIEW,MD,,BGE SMART ENERGY SAVERS PROGRAM,Y,MEDIUM,100,,,C/O ICF INTERNATIONAL,7125 THOMAS EDISON DRIVE S-100,,Y,,7125 THOMAS EDISON DR S-100,,,,BGE SMART ENERGY SAVERS PROGRAM,,,,,,,,,,,,,,,,,
,ATS,20151,CHANTILLY,VA,233,,US,STE ##600,,NaT,20151,CHANTILLY,REVIEW,VA,,BIG PLATE TECH LLC,Y,MEDIUM,100,,,4151 LAFAYETTE CENTER DRIVE,SUITE #600,,Y,,4151 LAFAYETTE CT DR,,,,"BIG PLATE TECH, LLC",,,,,,,,,,,,,,,,,
,ATS,20879,GAITHERSBURG,MD,234,,US,,,NaT,20879,GAITHERSBURG,REVIEW,MD,,BILMIN COMPANY,Y,MEDIUM,100,,,7411-A LINDBERGH DRIVE,,,Y,,7411-A LINDBERGH DR,,,,BILMIN COMPANY -EMAIL,,,,,,,,,,,,,,,,,
,ATS,21146,SEVERNA PARK,MD,235,,US,,,NaT,21146,SEVERNA PARK,REVIEW,MD,,BIO AIR STERILIZATION LLC,Y,MEDIUM,70,,,PO BOX 1044,,,Y,,PO BOX 1044,,,,"BIO AIR STERILIZATION, LLC",,,,,,,,,,,,,,,,,
,ATS,20109,MANASSAS,VA,236,,US,,,2026-01-11 12:32:51,20109,MANASSAS,READY,VA,,BION INC,Y,HIGH,80,,,11721 PUMP STATION WAY,,,Y,,11721 PUMP STATION WAY,,,,BION INC. - email,,,,,,,,,,,,,,,,,
,ATS,20850-3349,ROCKVILLE,MD,237,,US,,,NaT,20850-3349,ROCKVILLE,REVIEW,MD,,BIORELIANCE CORPORATION,Y,MEDIUM,100,,,ATTN: ACCOUNTS PAYABLE,14920 BROSCHART ROAD,,Y,,14920 BROSCHART RD,,,,BIORELIANCE CORPORATION - EMAIL,,,,,,,,,,,,,,,,,
,ATS,20715,BOWIE,MD,238,,US,,,2026-01-11 12:32:54,20715,BOWIE,READY,MD,,BIRCKHEAD ELECTRIC INC,Y,HIGH,80,,,3506 MALEC LANE,,,Y,,3506 MALEC LN,,,,"BIRCKHEAD ELECTRIC, INC",,,,,,,,,,,,,,,,,
,ATS,20036,WASHINGTON,DC,239,,US,STE #900,,2026-01-11 12:32:56,20036,WASHINGTON,READY,DC,,BLAKE REAL ESTATE INC,Y,HIGH,80,,,"1150 CONNECTICUT AVE NW., SUITE 900",EMAIL INVOICES,,Y,,1150 CONNECTICUT AVE NW,,,,"BLAKE REAL ESTATE, INC.",,,,,,,,,,,,,,,,,
,ATS,33069,POMPANO BEACH,FL,240,,US,,,NaT,33069,POMPANO BEACH,REVIEW,FL,,BLYGOLD FLORIDA,Y,MEDIUM,100,,,3000 S.W.10TH STREET,,,Y,,3000 SW10TH ST,,,,BLYGOLD FLORIDA,,,,,,,,,,,,,,,,,
,ATS,03992,HOUTEN,DH,241,,NL,,,NaT,,THE NETHERLANDS,REVIEW,,,SB GOLDSTAR BV,Y,LOW,100,,,HOOFDVEST 13,3992 DH HOUTEN,,Y,,HOOFDVEST 13,,,,SB GOLDSTAR BV,,,,,,,,,,,,,,,,,
,ATS,21230,BALTIMORE,MD,242,,US,,,2026-01-11 12:33:02,21230,BALTIMORE,READY,MD,,BMC SERVICES LLC,Y,HIGH,80,,,3030 NIEMAN AVENUE,EMAIL INVOICE,,Y,,3030 NIEMAN AVE,,,,"BMC SERVICES, LLC",,,,,,,,,,,,,,,,,
,ATS,20007,WASHINGTON,DC,243,,US,NW SUTE 170,,2026-01-11 12:33:04,20007,WASHINGTON,READY,DC,,BMS REALTY SERVICES,Y,HIGH,80,,,3050 K STREET,"NW, SUTE 170",,Y,,3050 K ST,,,,BMS REALTY SERVICES,,,,,,,,,,,,,,,,,
,ATS,77493,KATY,TX,244,,US,,,NaT,77493,KATY,REVIEW,TX,,BMS TECHS,Y,MEDIUM,100,,,24435 JUNEGRASS BEND ROAD,,,Y,,24435 JUNEGRASS BEND RD,,,,BMS TECHS,,,,,,,,,,,,,,,,,
,ATS,20109,MANASSAS,VA,245,,US,,,NaT,20109,MANASSAS,REVIEW,VA,,BROTHERS MECHANICAL SERVICES LLC,Y,MEDIUM,100,,,EMAIL INVOICE,8996 MIKE GARCIA DRIVE,,Y,,8996 MIKE GARCIA DR,,,,BROTHERS MECHANICAL SERVICES LLC,,,,,,,,,,,,,,,,,
,ATS,21802,SALISBURY,MD,246,,US,,,NaT,21802,SALISBURY,REVIEW,MD,,BOARD OF EDUCATION OF WICOMICO CO,Y,MEDIUM,70,,,ACCOUNTS PAYABLE,PO 1538,,Y,,PO BOX 1538,,,,BOARD OF EDUCATION OF WICOMICO CO.,,,,,,,,,,,,,,,,,
,ATS,20015,WASHINGTON,DC,247,,US,,,2026-01-11 12:33:10,20015,WASHINGTON,READY,DC,,BOB HOLMAN,Y,HIGH,80,,,3211 TENNYSON ST,,,Y,,3211 TENNYSON ST,,,,BOB HOLMAN,,,,,,,,,,,,,,,,,
,ATS,20153,CHANTILLY,VA,248,,US,FINANCE DEPARTMENT,,NaT,20153,CHANTILLY,REVIEW,VA,,BOEING SERVICE COMPANY,Y,MEDIUM,70,,,FINANCE DEPARTMENT -email,P.O. BOX 221710,,Y,,PO BOX 221710,,,,BOEING SERVICE COMPANY,,,,,,,,,,,,,,,,,
,ATS,20878,GAITHERSBURG,MD,249,,US,,,2026-01-11 12:33:12,20878,GAITHERSBURG,READY,MD,,BOLAND,Y,HIGH,80,,,30 WEST WATKINS MILL RD,EMAIL,,Y,,30 W WATKINS MILL RD,,,,BOLAND,,,,,,,,,,,,,,,,,
,ATS,21050,FOREST HILL,MD,250,,US,STE #200,,2026-01-11 12:33:14,21050,FOREST HILL,READY,MD,,BUILDING OWNERS & MANAGERS ASSOCIATION,Y,HIGH,80,,,9 NEWPORT DRIVE,SUITE 200,,Y,,9 NEWPORT DR,,,,BUILDING OWNERS AND MANAGERS ASSOCIATIO,,,,,,,,,,,,,,,,,
,ATS,21074,HAMPSTEAD,MD,251,,US,,,NaT,21074,HAMPSTEAD,REVIEW,MD,,BOWINGS & HUBER LLC (BOMARK),Y,MEDIUM,100,,,838 SOUTH MAIN STREET,,,Y,,838 S MAIN ST,,,,"BOWINGS & HUBER, LLC (BOMARK)",,,,,,,,,,,,,,,,,
,ATS,21045,COLUMBIA,MD,252,,US,STE #B5,,NaT,21045,COLUMBIA,REVIEW,MD,,BOPAT ELECTRIC CO INC,Y,MEDIUM,100,,,"9160 RUMSEY RD., SUITE B5",,,Y,,9160 RUMSEY RD,,,,"BOPAT ELECTRIC CO., INC",,,,,,,,,,,,,,,,,
,ATS,30005,ALPHARETTA,GA,253,,US,STE #106,,NaT,30005,ALPHARETTA,REVIEW,GA,,BORIE DAVIS INC,Y,MEDIUM,100,,,5975 SHILOH ROAD,SUITE 106,,Y,,5975 SHILOH RD,,,,"BORIE DAVIS, INC",,,,,,,,,,,,,,,,,
,ATS,25428,INWOOD,WV,254,,US,,,NaT,25428,INWOOD,REVIEW,WV,,BORLIE MECHANICAL CONTRACTING LLC,Y,MEDIUM,100,,,5521 TABLER STATION ROAD,,,Y,,5521 TABLER STATION RD,,,,"BORLIE MECHANICAL CONTRACTING, LLC",,,,,,,,,,,,,,,,,
,ATS,43212,COLUMBUS,OH,255,,US,,,2026-01-11 12:33:26,43212,COLUMBUS,READY,OH,,BOST & FILTREX INC,Y,HIGH,80,,,949 KING AVE,EMAIL INVOICE,,Y,,949 KING AVE,,,,BOST &  FILTREX INC,,,,,,,,,,,,,,,,,
,ATS,20817,BETHESDA,MD,256,,US,STE #216,,2026-01-11 12:33:28,20817,BETHESDA,READY,MD,,BOSTON PROPERTIES,Y,HIGH,80,,,6903 ROCKLEDGE DRIVE SUITE 216,,,Y,,6903 ROCKLEDGE DR,,,,BOSTON PROPERTIES,,,,,,,,,,,,,,,,,
,ATS,,,,257,,US,,,NaT,,,INVALID,,,BOUSQUET COMMISSIONS,Y,LOW,20,,,,,,Y,,,,,,BOUSQUET COMMISSIONS,,,,,,,,,,,,,,,,,
,ATS,20814,BETHESDA,MD,258,,US,14TH FL W,,2026-01-11 12:33:31,20814,BETHESDA,READY,MD,,BOVIS LEND LEASE,Y,HIGH,80,,,7315 WISCONSIN AVE,14TH FLOOR WEST,,Y,,7315 WISCONSIN AVE,,,,BOVIS LEND LEASE,,,,,,,,,,,,,,,,,
,ATS,20743,CAPITOL HEIGHTS,MD,259,,US,,,NaT,20743,CAPITOL HEIGHTS,REVIEW,MD,,BPI MECHANICAL INC,Y,MEDIUM,100,,,9103 HAMPTON OVERLOOK,EMAIL,,Y,,9103 HAMPTON OVERLOOK,,,,BPI MECHANICAL INC,,,,,,,,,,,,,,,,,
,ATS,20166,STERLING,VA,260,,US,STE #106,,NaT,20166,STERLING,REVIEW,VA,,BRADLEIGH MECHANICAL INC,Y,MEDIUM,100,,,114 OAK GROVE ROAD,SUITE 106 - EMAIL INVOICE,,Y,,114 OAK GROVE RD,,,,"BRADLEIGH MECHANICAL, INC.",,,,,,,,,,,,,,,,,
,ATS,20109,MANASSAS,VA,261,,US,,,2026-01-11 12:33:38,20109,MANASSAS,READY,VA,,BRANAIR INC,Y,HIGH,80,,,"11900 LIVINGSTON RD., #157",EMAIL INVOICES,,Y,,11900 LIVINGSTON RD #157,,,,"BRANAIR, INC",,,,,,,,,,,,,,,,,
,ATS,19104,PHILADELPHIA,PA,262,,US,STE #1800 LEGAL DEPARTMENT,,2026-01-11 12:33:40,19104,PHILADELPHIA,READY,PA,,BRANDYWINE REALTY TRUST,Y,HIGH,80,,,"2929 ARCH STREET, SUITE 1800",ATTN: LEGAL NOTICES/LEGAL DEPARTMENT,,Y,,2929 ARCH ST,,,,BRANDYWINE REALTY TRUST - EMAIL,,,,,,,,,,,,,,,,,
,ATS,22314,ALEXANDRIA,VA,263,,US,,,2026-01-11 12:33:42,22314,ALEXANDRIA,READY,VA,,BRAYSTONE CONDOMINIUMS,Y,HIGH,80,,,1312 KING STREET,,,Y,,1312 KING ST,,,,BRAYSTONE CONDOMINIUMS,,,,,,,,,,,,,,,,,
,ATS,20637,HUGHESVILLE,MD,264,,US,,,2026-01-11 12:33:44,20637,HUGHESVILLE,READY,MD,,BRENNCO ELECTRIC,Y,HIGH,80,,,8317 OLD LEONARDTOWN ROAD,,,Y,,8317 OLD LEONARDTOWN RD,,,,BRENNCO ELECTRIC,,,,,,,,,,,,,,,,,
,ATS,22102,MCLEAN,VA,265,,US,,,NaT,22102,MCLEAN,REVIEW,VA,,BRETCO INC,Y,MEDIUM,100,,,8373B GREENSBORO DRIVE,EMAIL INVOICES,,Y,,8373B GREENSBORO DR,,,,"BRETCO, INC",,,,,,,,,,,,,,,,,
,ATS,22312,ALEXANDRIA,VA,266,,US,,,NaT,22312,ALEXANDRIA,REVIEW,VA,,BRETT MEHLMAN,Y,MEDIUM,100,,,4819 EDWARDS STREET,,,Y,,4819 EDWARDS ST,,,,BRETT MEHLMAN,,,,,,,,,,,,,,,,,
,ATS,21713,BOONSBORO,MD,267,,US,,,NaT,21713,BOONSBORO,REVIEW,MD,,BRIAN MCMURTIE,Y,MEDIUM,100,,,20129 SCENIC VIEW VOURT,,,Y,,20129 SCENIC VIEW VOURT,,,,BRIAN MCMURTIE,,,,,,,,,,,,,,,,,
,ATS,21784,SYKESVILLE,MD,268,,US,,,NaT,21784,SYKESVILLE,REVIEW,MD,,BRIDGEWORKS CONSTRUCTION,Y,MEDIUM,100,,,7520 W MAIN ST,,,Y,,7520 W MAIN ST,,,,BRIDGEWORKS CONSTRUCTION,,,,,,,,,,,,,,,,,
,ATS,20852,ROCKVILLE,MD,269,,US,STE #200,,NaT,20852,ROCKVILLE,REVIEW,MD,,BRIT LIMITED PARTNERSHIP,Y,MEDIUM,100,,,"5410 EDSON LANE, SUITE 200",EMAIL INVOICES,,Y,,5410 EDSON LN,,,,BRIT LIMITED PARTNERSHIP,,,,,,,,,,,,,,,,,
,ATS,20008,WASHINGTON,DC,270,,US,,,2026-01-11 12:33:58,20008,WASHINGTON,READY,DC,,BRITISH EMBASSY,Y,HIGH,80,,,3100 MASSACHUSETTS AVE NW,,,Y,,3100 MASSACHUSETTS AVE NW,,,,BRITISH EMBASSY,,,,,,,,,,,,,,,,,
,ATS,21030,COCKEYSVILLE,MD,271,,US,,,2026-01-11 12:34:00,21030,COCKEYSVILLE,READY,MD,,BROADMEAD,Y,HIGH,80,,,13801 YORK ROAD,,,Y,,13801 YORK RD,,,,BROADMEAD,,,,,,,,,,,,,,,,,
,ATS,21094-0363,LUTHERVILLE,MD,272,,US,,,NaT,21094-0363,LUTHERVILLE,REVIEW,MD,,BROADWAY ELECTRIC,Y,MEDIUM,70,,,P.O. BOX 363,,,Y,,PO BOX 363,,,,BROADWAY ELECTRIC,,,,,,,,,,,,,,,,,
,ATS,21205,BALTIMORE,MD,273,,US,,,2026-01-11 12:34:02,21205,BALTIMORE,READY,MD,,BROADWAY SERVICES INC,Y,HIGH,80,,,3709 EAST MONUMENT ST,,,Y,,3709 E MONUMENT ST,,,,BROADWAY SERVICES INC.,,,,,,,,,,,,,,,,,
,ATS,21205,BALTIMORE,MD,274,,US,STE #102,,2026-01-11 12:34:04,21205,BALTIMORE,READY,MD,,BROOKFIELD PROPERTIES,Y,HIGH,80,,,855 N WOLFE STREET,SUITE 102 - EMAIL,,Y,,855 N WOLFE ST,,,,BROOKFIELD PROPERTIES,,,,,,,,,,,,,,,,,
,ATS,22151,SPRINGFIELD,VA,275,,US,,,NaT,22151,SPRINGFIELD,REVIEW,VA,,BROTHERS DUCTWORK HVAC,Y,MEDIUM,100,,,7950 WOODRUFF COURT #10,,,Y,,7950 WOODRUFF CT #10,,,,BROTHERS DUCTWORK HVAC,,,,,,,,,,,,,,,,,
,ATS,22079,LORTON,VA,276,,US,STE #A,,NaT,22079,LORTON,REVIEW,VA,,BROTHERS MECHANICAL,Y,MEDIUM,100,,,8394 TERMINAL ROAD,SUITE A,,Y,,8394 TERMINAL RD,,,,BROTHERS MECHANICAL -email invoice,,,,,,,,,,,,,,,,,
,ATS,21202,BALTIMORE,MD,277,,US,,,2026-01-11 12:34:11,21202,BALTIMORE,READY,MD,,BROUGHTON CONSTRUCTION,Y,HIGH,80,,,807 E BALTIMORE STREET,,,Y,,807 E BALTIMORE ST,,,,BROUGHTON CONSTRUCTION,,,,,,,,,,,,,,,,,
,ATS,21227,BALTIMORE,MD,278,,US,STE #714,,2026-01-11 12:34:13,21227,BALTIMORE,READY,MD,,BROWN & HEIM,Y,HIGH,80,,,3620 COMMERCE DR   SUITE 714,,,Y,,3620 COMMERCE DR,,,,BROWN & HEIM,,,,,,,,,,,,,,,,,
,ATS,11050,FORT WASHINGTON,NY,279,,US,,,NaT,11050,FORT WASHINGTON,REVIEW,NY,,BRUCKNER SUPPLY,Y,MEDIUM,100,,,36 HARBOR PARK DRIVE,,,Y,,36 HARBOR PARK DR,,,,BRUCKNER SUPPLY,,,,,,,,,,,,,,,,,
,ATS,20036,WASHINGTON,DC,280,,US,STE #652,,2026-01-11 12:34:19,20036,WASHINGTON,READY,DC,,BUCKNER ENERGY LLC,Y,HIGH,80,,,"1201 CONNECTICUT AVE NW, STE 652",EMAIL INVOICES,,Y,,1201 CONNECTICUT AVE NW,,,,BUCKNER ENERGY LLC,,,,,,,,,,,,,,,,,
,ATS,24521,AMHERST,VA,281,,US,,,2026-01-11 12:34:21,24521,AMHERST,READY,VA,,BUFFALO AIR HANDLING,Y,HIGH,80,,,467 ZANE SNEAD DR.,,,Y,,467 ZANE SNEAD DR,,,,BUFFALO AIR HANDLING,,,,,,,,,,,,,,,,,
,ATS,21122,PASADENA,MD,282,,US,,,NaT,21122,PASADENA,REVIEW,MD,,BUILDING AUTOMATION SERVICES INC,Y,MEDIUM,100,,,4526 THREE SISTER DRIVE,,,Y,,4526 THREE SISTER DR,,,,"BUILDING AUTOMATION SERVICES, INC",,,,,,,,,,,,,,,,,
,ATS,22122-1493,NEWINGTON,VA,283,,US,,,NaT,22122-1493,NEWINGTON,REVIEW,VA,,BUILDING AUTOMATION SERVICES,Y,MEDIUM,70,,,P.O. BOX 1493,EMAIL INVOICE,,Y,,PO BOX 1493,,,,BUILDING AUTOMATION SERVICES - VA,,,,,,,,,,,,,,,,,
,ATS,21617,CENTREVILLE,MD,284,,US,,,NaT,21617,CENTREVILLE,REVIEW,MD,,BUILDING SYSTEMS SOLUTIONS INC,Y,MEDIUM,100,,,108 CARROLL ROAD,,,Y,,108 CARROLL RD,,,,"BUILDING SYSTEMS SOLUTIONS, INC",,,,,,,,,,,,,,,,,
,ATS,20250,WASHINGTON,DC,285,,US,ROOM D200M,,2026-01-11 12:34:29,20250,WASHINGTON,REVIEW,DC,,BUREAU OF ENGRAVING & PRINTING,Y,MEDIUM,75,,,14TH & C STREET SW,ROOM D200M,,Y,,14TH & C ST SW,,,,BUREAU OF ENGRAVING & PRINTING,,,,,,,,,,,,,,,,,
,ATS,20732,CHESAPEAKE BEACH,MD,286,,US,,,NaT,20732,CHESAPEAKE BEACH,REVIEW,MD,,PAUL BUTZ,Y,MEDIUM,100,,,3236 MEARS BEND STREET,,,Y,,3236 MEARS BEND ST,,,,PAUL BUTZ,,,,,,,,,,,,,,,,,
,ATS,21040,EDGEWOOD,MD,287,,US,,,2026-01-11 12:34:33,21040,EDGEWOOD,READY,MD,,BW MECHANICAL,Y,HIGH,80,,,2109 EMMORTON PK ROAD,,,Y,,2109 EMMORTON PK RD,,,,BW MECHANICAL,,,,,,,,,,,,,,,,,
,ATS,21108,MILLERSVILLE,MD,288,,US,STE #425,,NaT,21108,MILLERSVILLE,REVIEW,MD,,C & H MECHANICAL CORPORATION,Y,MEDIUM,100,,,8229 CLOVERLEAF DRIVE,SUITE 425,,Y,,8229 CLOVERLEAF DR,,,,C & H MECHANICAL CORPORATION,,,,,,,,,,,,,,,,,
,ATS,23112,MIDLOTHIAN,VA,289,,US,,,NaT,23112,MIDLOTHIAN,REVIEW,VA,,CAMPANY CLOSED,Y,MEDIUM,100,,,12764 OAK LAKE COURT,,,Y,,12764 OAK LAKE CT,,,,Campany Closed,,,,,,,,,,,,,,,,,
,ATS,21601,EASTON,MD,290,,US,,,2026-01-11 12:34:39,21601,EASTON,READY,MD,,C ALBERT MATTHEWS INC,Y,HIGH,80,,,500 SOUTH STREET,,,Y,,500 S ST,,,,C ALBERT MATTHEWS INC,,,,,,,,,,,,,,,,,
,ATS,20707,LAUREL,MD,291,,US,#27,,2026-01-11 12:34:41,20707,LAUREL,READY,MD,,C I DESIGNS INC DBA SILVA CONTRACTING,Y,HIGH,80,,,EMAIL INVOICE,8740 CHERRY LANE   #27,,Y,,8740 CHERRY LN,,,,"C I DESIGNS, INC. DBA SILVA CONTRACTING",,,,,,,,,,,,,,,,,
,ATS,22183,VIENNA,VA,292,,US,,,NaT,22183,VIENNA,REVIEW,VA,,C&E SERVICES INC,Y,MEDIUM,70,,,P.O. BOX 1364,EMAIL INVOICES,,Y,,PO BOX 1364,,,,"C&E SERVICES, INC.",,,,,,,,,,,,,,,,,
,ATS,21090,LINTHICUM,MD,293,,US,,,2026-01-11 12:34:43,21090,LINTHICUM,READY,MD,,C-CARE LLC,Y,HIGH,80,,,979 CORPORATE BLVD,,,Y,,979 CORPORATE BLVD,,,,"C-CARE, LLC",,,,,,,,,,,,,,,,,
,ATS,21122,PASADENA,MD,294,,US,,,2026-01-11 12:34:45,21122,PASADENA,READY,MD,,CH MARKS COMMERCIAL CONTRACTING,Y,HIGH,80,,,22 MANCHESTER ROAD,,,Y,,22 MANCHESTER RD,,,,C.H. MARKS COMMERCIAL CONTRACTING,,,,,,,,,,,,,,,,,
,ATS,20695,WHITE PLAINS,MD,295,,US,,,NaT,20695,WHITE PLAINS,REVIEW,MD,,CV CARLSON,Y,MEDIUM,100,,,4585 GRAPHICS DRIVE,,,Y,,4585 GRAPHICS DR,,,,C.V. CARLSON,,,,,,,,,,,,,,,,,
,ATS,20151,CHANTILLY,VA,296,,US,,,2026-01-11 12:34:49,20151,CHANTILLY,READY,VA,,CW ROBINSON ELECTRIC INC,Y,HIGH,80,,,"14004 Willard Rd # L,",,,Y,,14004 WILLARD RD # L,,,,C.W. ROBINSON ELECTRIC INC,,,,,,,,,,,,,,,,,
,ATS,22150,SPRINGFIELD,VA,297,,US,STE #103,,2026-01-11 12:34:51,22150,SPRINGFIELD,READY,VA,,CACI INC FEDERAL,Y,HIGH,80,,,"8350 ALBAN ROAD, SUITE 103",,,Y,,8350 ALBAN RD,,,,CACI INC FEDERAL,,,,,,,,,,,,,,,,,
,ATS,28210,CHARLOTTE,NC,298,,US,STE #1200,,2026-01-11 12:34:53,28210,CHARLOTTE,READY,NC,,CADENCE LLC,Y,HIGH,80,,,6000 FAIRVIEW ROAD,SUITE 1200 - EMAIL,,Y,,6000 FAIRVIEW RD,,,,"CADENCE, LLC",,,,,,,,,,,,,,,,,
,ATS,21029,CLARKSVILLE,MD,299,,US,,,NaT,21029,CLARKSVILLE,REVIEW,MD,,CAIGEANN MECHANICAL CO,Y,MEDIUM,70,,,PO BOX 274,,,Y,,PO BOX 274,,,,CAIGEANN MECHANICAL CO.,,,,,,,,,,,,,,,,,
,ATS,21223,BALTIMORE,MD,300,,US,,,2026-01-11 12:34:55,21223,BALTIMORE,READY,MD,,CALMI ELECTRIC COMPANY,Y,HIGH,80,,,220 N. FRANKLINTOWN RD,,,Y,,220 N FRANKLINTOWN RD,,,,CALMI ELECTRIC COMPANY,,,,,,,,,,,,,,,,,
,ATS,20678,PRINCE FREDERICK,MD,301,,US,,,2026-01-11 12:34:57,20678,PRINCE FREDERICK,READY,MD,,CALVERT CONTROLS INC,Y,HIGH,80,,,EMAIL INVOICE,105 ADELINA ROAD,,Y,,105 ADELINA RD,,,,"CALVERT CONTROLS, INC.",,,,,,,,,,,,,,,,,
,ATS,20678,PRINCE FREDERICK,MD,302,,US,COURTHOUSE,,2026-01-11 12:34:59,20678,PRINCE FREDERICK,READY,MD,,CALVERT COUNTY DEPT OF FINANCE & BUDGET,Y,HIGH,80,,,"COURTHOUSE, 175 MAIN STREET",email invoice,,Y,,175 MAIN ST,,,,CALVERT COUNTY DEPT OF FINANCE & BUDGET,,,,,,,,,,,,,,,,,
,ATS,22312,ALEXANDRIA,VA,303,,US,STE #J,,NaT,22312,ALEXANDRIA,REVIEW,VA,,ABM BUILDING SRVICES LLC,Y,MEDIUM,100,,,5701 GENERAL WASHINGTON DRIVE,SUITE J,,Y,,5701 GENERAL WASHINGTON DR,,,,"ABM BUILDING SRVICES, LLC WASHINGTON DC",,,,,,,,,,,,,,,,,
,ATS,21286,TOWSON,MD,304,,US,,,2026-01-11 12:35:03,21286,TOWSON,READY,MD,,CALVERT MECHANICAL SOLUTIONS,Y,HIGH,80,,,8801 MYLANDER LANE,,,Y,,8801 MYLANDER LN,,,,CALVERT MECHANICAL SOLUTIONS,,,,,,,,,,,,,,,,,
,ATS,20639,HUNTINGTOWN,MD,305,,US,,,NaT,20639,HUNTINGTOWN,REVIEW,MD,,CALVERT MECHANICAL INC,Y,MEDIUM,70,,,PO BOX 459,,,Y,,PO BOX 459,,,,CALVERT MECHANICAL INC,,,,,,,,,,,,,,,,,
,ATS,20678,PRINCE FREDERICK,MD,306,,US,,,2026-01-11 12:35:05,20678,PRINCE FREDERICK,READY,MD,,CALVERT MEMORIAL HOSPITAL,Y,HIGH,80,,,100 HOSPITAL ROAD,,,Y,,100 HOSPITAL RD,,,,CALVERT MEMORIAL HOSPITAL,,,,,,,,,,,,,,,,,
,ATS,21212,BALTIMORE,MD,307,,US,,,2026-01-11 12:35:08,21212,BALTIMORE,READY,MD,,CALVERT PLUMBING & HEATING,Y,HIGH,80,,,5806 YORK RD,,,Y,,5806 YORK RD,,,,CALVERT PLUMBING & HEATING,,,,,,,,,,,,,,,,,
,ATS,22312,ALEXANDRIA,VA,308,,US,STE #1,,NaT,22312,ALEXANDRIA,REVIEW,VA,,ABM GOVERNMENT SERVICES,Y,MEDIUM,100,,,5701 GENERAL WASHINGTON DR,SUITE 1,,Y,,5701 GENERAL WASHINGTON DR,,,,ABM GOVERNMENT SERVICES,,,,,,,,,,,,,,,,,
,ATS,20678,PRINCE FREDERICK,MD,309,,US,,,2026-01-11 12:35:13,20678,PRINCE FREDERICK,READY,MD,,CALVERT HEALTH MEDICAL CENTER,Y,HIGH,80,,,100 HOSPITAL ROAD,EMAIL INVOICE,,Y,,100 HOSPITAL RD,,,,CALVERT HEALTH MEDICAL CENTER,,,,,,,,,,,,,,,,,
,ATS,20004,WASHINGTON,DC,310,,US,STE #450,,2026-01-11 12:35:15,20004,WASHINGTON,REVIEW,DC,,CAMBRIDGE ASSET ADVISORS,Y,MEDIUM,75,,,"901 E STREET, SUITE 450",,,Y,,901 E ST,,,,CAMBRIDGE ASSET ADVISORS,,,,,,,,,,,,,,,,,
,ATS,21224,BALTIMORE,MD,311,,US,,,2026-01-11 12:35:17,21224,BALTIMORE,READY,MD,,CAMELOT CONTRACTING LLC,Y,HIGH,80,,,333 CASSELL DRIVE,EMAIL INVOICES,,Y,,333 CASSELL DR,,,,"CAMELOT CONTRACTING, LLC",,,,,,,,,,,,,,,,,
,ATS,20874,GERMANTOWN,MD,312,,US,,,NaT,20874,GERMANTOWN,REVIEW,MD,,KAREN CAMPBELL,Y,MEDIUM,100,,,14115 SENECA ROAD,,,Y,,14115 SENECA RD,,,,KAREN CAMPBELL,,,,,,,,,,,,,,,,,
,ATS,24019,ROANOKE,VA,313,,US,,,NaT,24019,ROANOKE,REVIEW,VA,,CANATAL STEEL USA INC,Y,MEDIUM,70,,,459 INDUSTRIAL DRIVE,PO BOX 7429,,Y,,PO BOX 7429,459 INDUSTRIAL DR,,,"CANATAL STEEL USA, INC.",,,,,,,,,,,,,,,,,
,ATS,20743,CAPITOL HEIGHTS,MD,314,,US,,,2026-01-11 12:35:21,20743,CAPITOL HEIGHTS,READY,MD,,CAPITAL CITY CONTROLS,Y,HIGH,80,,,120 WESTHAMPTON AVENUE,,,Y,,120 WHAMPTON AVE,,,,CAPITAL CITY CONTROLS,,,,,,,,,,,,,,,,,
,ATS,21286,TOWSON,MD,315,,US,STE #409,,2026-01-11 12:35:23,21286,TOWSON,READY,MD,,CAPITAL ENERGY EQUIPMENT,Y,HIGH,80,,,400 EAST JOPPA ROAD,SUITE 409,,Y,,400 E JOPPA RD,,,,CAPITAL ENERGY EQUIPMENT,,,,,,,,,,,,,,,,,
,ATS,32794-5650,MAITLAND,FL,316,,US,,,NaT,32794-5650,MAITLAND,REVIEW,FL,,SONEPAR/CAPITAL LIGHTING & SUPPLY,Y,MEDIUM,70,,,ATTENTION:  ACCOUNTS PAYABLE,P.O. BOX 945650 - EMAIL,,Y,,PO BOX 945650,,,,SONEPAR/CAPITAL LIGHTING & SUPPLY,,,,,,,,,,,,,,,,,
,ATS,21114,CROFTON,MD,317,,US,,,2026-01-11 12:35:24,21114,CROFTON,READY,MD,,CAPITAL PROJECTS INC,Y,HIGH,80,,,1713 CROFTON PARKWAY,EMAIL INVOICES,,Y,,1713 CROFTON PKWY,,,,"CAPITAL PROJECTS, INC.",,,,,,,,,,,,,,,,,
,ATS,21230,BALTIMORE,MD,318,,US,,,2026-01-11 12:35:27,21230,BALTIMORE,READY,MD,,CAPITAL TRISTATE ELECTRICAL DIST,Y,HIGH,80,,,600W. HAMBURG STREET,,,Y,,600W HAMBURG ST,,,,CAPITAL TRISTATE ELECTRICAL DIST,,,,,,,,,,,,,,,,,
,ATS,21740-5176,HAGERSTOWN,MD,319,,US,,,NaT,21740-5176,HAGERSTOWN,REVIEW,MD,,CAPITAL TRISTATE,Y,MEDIUM,100,,,12101 INSURANCE WAY,,,Y,,12101 INSURANCE WAY,,,,CAPITAL TRISTATE - MD,,,,,,,,,,,,,,,,,
,ATS,32794-5650,MAITLAND,FL,320,,US,,,NaT,32794-5650,MAITLAND,REVIEW,FL,,CAPITALTRISTATE,Y,MEDIUM,70,,,EMAIL INVOICES,PO BOX 945650,,Y,,PO BOX 945650,,,,CAPITALTRISTATE - SALISBURY,,,,,,,,,,,,,,,,,
,ATS,22151,SPRINGFIELD,VA,321,,US,,,NaT,22151,SPRINGFIELD,REVIEW,VA,,CAPITOL BOILER WORKS INC,Y,MEDIUM,100,,,7921 WOODRUFF COURT,EMAIL INVOICES,,Y,,7921 WOODRUFF CT,,,,"CAPITOL BOILER WORKS, INC",,,,,,,,,,,,,,,,,
,ATS,22039,FAIRFAX STATION,VA,322,,US,,,NaT,22039,FAIRFAX STATION,REVIEW,VA,,CAPITOL CITY SUPPLY CO INC,Y,MEDIUM,70,,,P.O. BOX 450,EMAIL INVOICE,,Y,,PO BOX 450,,,,"CAPITOL CITY SUPPLY CO., INC.",,,,,,,,,,,,,,,,,
,ATS,22405,FREDERICKSBURG,VA,323,,US,,,NaT,22405,FREDERICKSBURG,REVIEW,VA,,CAPITOL CONTRACTORS INC,Y,MEDIUM,100,,,225 TYLER VON WAY,EMAIL INVOICES,,Y,,225 TYLER VON WAY,,,,"CAPITOL CONTRACTORS, INC",,,,,,,,,,,,,,,,,
,ATS,20001,WASHINGTON,DC,324,,US,STE #250,,2026-01-11 12:35:36,20001,WASHINGTON,READY,DC,,CAPITOL CROSSING ADVISORS,Y,HIGH,80,,,200 MASSACHUSETTS AVE NW,SUITE 250 - EMAIL,,Y,,200 MASSACHUSETTS AVE NW,,,,CAPITOL CROSSING ADVISORS,,,,,,,,,,,,,,,,,
,ATS,22182,VIENNA,VA,325,,US,,,NaT,22182,VIENNA,REVIEW,VA,,CAPITOL FPE LLC,Y,MEDIUM,100,,,8230 BOONE BLVD #355,,,Y,,8230 BOONE BLVD #355,,,,CAPITOL FPE LLC,,,,,,,,,,,,,,,,,
,ATS,20850,ROCKVILLE,MD,326,,US,,,2026-01-11 12:35:40,20850,ROCKVILLE,READY,MD,,CAPITAL LOGISTICS LLC,Y,HIGH,80,,,1170 TAFT STREET,,,Y,,1170 TAFT ST,,,,"CAPITAL LOGISTICS, LLC",,,,,,,,,,,,,,,,,
,ATS,20147,ASHBURN,VA,327,,US,STE ##200,,2026-01-11 12:35:46,20147,ASHBURN,READY,VA,,CAPITOL POWER GROUP LLC,Y,HIGH,80,,,19775 Belmont Executive Plaza,Suite #200 -email,,Y,,19775 BELMONT EXECUTIVE PLAZA,,,,CAPITOL POWER GROUP LLC,,,,,,,,,,,,,,,,,
,ATS,21704,FREDERICK,MD,328,,US,,,2026-01-11 12:35:48,21704,FREDERICK,READY,MD,,CAPITOL UNITED SOLUTIONS,Y,HIGH,80,,,9007 BUSH CREEK CIRCLE,,,Y,,9007 BUSH CREEK CIR,,,,CAPITOL UNITED SOLUTIONS,,,,,,,,,,,,,,,,,
,ATS,19018-2414,CLIFTON HEIGHTS,PA,329,,US,,,NaT,19018-2414,CLIFTON HEIGHTS,REVIEW,PA,,CAPP USA,Y,MEDIUM,100,,,201 MARPLE AVE,,,Y,,201 MARPLE AVE,,,,CAPP USA,,,,,,,,,,,,,,,,,
,ATS,20639,HUNTINGTOWN,MD,330,,US,,,2026-01-11 12:36:11,20639,HUNTINGTOWN,READY,MD,,CAPPS MECHANICAL INC,Y,HIGH,80,,,1435 N SOLOMONS ISLAND ROAD,EMAIL INVOICES,,Y,,1435 N SOLOMONS ISLAND RD,,,,CAPPS MECHANICAL INC,,,,,,,,,,,,,,,,,
,ATS,20850,ROCKVILLE,MD,331,,US,,,2026-01-11 12:36:13,20850,ROCKVILLE,READY,MD,,CAPRON COMPANY INC,Y,HIGH,80,,,411 N. STONESTREET AVENUE,,,Y,,411 N STONEST AVE,,,,"CAPRON COMPANY, INC - email",,,,,,,,,,,,,,,,,
,ATS,21206,BALTIMORE,MD,332,,US,,,2026-01-11 12:36:15,21206,BALTIMORE,READY,MD,,CARL SAWYER,Y,HIGH,80,,,4219 KENWOOD AVE,,,Y,,4219 KENWOOD AVE,,,,CARL SAWYER,,,,,,,,,,,,,,,,,
,ATS,20015,WASHINGTON,DC,333,,US,,,2026-01-11 12:36:17,20015,WASHINGTON,READY,DC,,CARNEGIE INSTITUTION OF WASHINGTON,Y,HIGH,80,,,5251 BROAD BRANCH ROAD NW,EMAIL INVOCIE,,Y,,5251 BRD BRANCH RD NW,,,,CARNEGIE INSTITUTION OF WASHINGTON,,,,,,,,,,,,,,,,,
,ATS,21218,BALTIMORE,MD,334,,US,,,NaT,21218,BALTIMORE,REVIEW,MD,,CARNEGIE SCIENCE,Y,MEDIUM,100,,,3520 SAN MARINO DR,,,Y,,3520 SAN MARINO DR,,,,CARNEGIE SCIENCE,,,,,,,,,,,,,,,,,
,ATS,79998,EL PASO,TX,335,,US,MAIL STOP 543-35M,,NaT,79998,EL PASO,REVIEW,TX,,CARRIER CORPORATION,Y,MEDIUM,70,,,PO BOX 981995,MAIL STOP 543-35M,,Y,,PO BOX 981995,,,,CARRIER CORPORATION - DIRECT SALES,,,,,,,,,,,,,,,,,
,ATS,08831,JAMESBURG,NJ,336,,US,,,NaT,08831,JAMESBURG,REVIEW,NJ,,CARRIER COMMERCIAL SERVICES,Y,MEDIUM,100,,,ATTN: HIDI,1095 CRANBERRY S. RIVER ROAD,,Y,,1095 CRANBERRY S RIVER RD,,,,CARRIER COMMERCIAL SERVICES,,,,,,,,,,,,,,,,,
,ATS,20147,ASHBURN,VA,337,,US,STE #192,,NaT,20147,ASHBURN,REVIEW,VA,,CARRIER COMMERCIAL SERVICES,Y,MEDIUM,100,,,,21750 REDRUM DRIVE STE 192,,Y,,21750 REDRUM DR,,,,CARRIER COMMERCIAL SERVICES,,,,,,,,,,,,,,,,,
,ATS,79998-1995,EL PASO,TX,338,,US,MAIL STOP 543-35M,,NaT,79998-1995,EL PASO,REVIEW,TX,,CARRIER CORPORATION,Y,MEDIUM,70,,,PO BOX 981995 - EMAIL,MAIL STOP 543-35M,,Y,,PO BOX 981995,,,,CARRIER CORPORATION,,,,,,,,,,,,,,,,,
,ATS,33418,PALM BEACH GARDENS,FL,339,,US,CARRIER CORPORATION C/O CONDUENT,,2026-01-11 12:36:26,33418,PALM BEACH GARDENS,READY,FL,,CARRIER CORPORATION,Y,HIGH,80,,,"CARRIER CORPORATION, C/O CONDUENT",13995 PASTEUR BLVD. - EMAIL INVOICES,,Y,,13995 PASTEUR BLVD,,,,CARRIER CORP. - BALTIMORE,,,,,,,,,,,,,,,,,
,ATS,13210,SYRACUSE,NY,340,,US,STE #2,,2026-01-11 12:36:28,13210,SYRACUSE,READY,NY,,CARRIER ENTERPRISE MID ATLANTIC,Y,HIGH,80,,,1401 ERIE BLVD EAST,SUITE 2,,Y,,1401 ERIE BLVD E,,,,CARRIER ENTERPRISE MID ATLANTIC,,,,,,,,,,,,,,,,,
,ATS,13221,SYRACUSE,NY,341,,US,,,NaT,13221,SYRACUSE,REVIEW,NY,,CARRIER NATIONAL ACC,Y,MEDIUM,70,,,PO BOX 4808 TR-4,,,Y,,PO BOX 4808 TR-4,,,,CARRIER NATIONAL ACC,,,,,,,,,,,,,,,,,
,ATS,25560,SCOTT DEPOTWV,ON,342,,US,,,NaT,25560,SCOTT DEPOT.WV,REVIEW,ON,,CARRIER SCOTT DEPOT,Y,MEDIUM,100,,,2 MISSION WAY,,,Y,,2 MISSION WAY,,,,CARRIER SCOTT DEPOT,,,,,,,,,,,,,,,,,
,ATS,21157,WESTMINSTER,MD,343,,US,BUILDINGS & GROUNDS,,2026-01-11 12:36:33,21157,WESTMINSTER,READY,MD,,CARROLL COMMUNITY COLLEGE,Y,HIGH,80,,,BUILDINGS & GROUNDS,1601 WASHINGTON RD,,Y,,1601 WASHINGTON RD,,,,CARROLL COMMUNITY COLLEGE,,,,,,,,,,,,,,,,,
,ATS,21157,WESTMINISTER,MD,344,,US,,,NaT,21157,WESTMINISTER,REVIEW,MD,,CARROLL COUNTY GOVERNMENT,Y,MEDIUM,100,,,BILL ERB,1601 WASHINGTON ROAD,,Y,,1601 WASHINGTON RD,,,,CARROLL COUNTY GOVERNMENT,,,,,,,,,,,,,,,,,
,ATS,21157,WESTMINISTER,MD,345,,US,ATTN: ACCOUNTS PAYABLE,,NaT,21157,WESTMINISTER,REVIEW,MD,,CARROLL COUNTY HOSPITAL CENTER,Y,MEDIUM,100,,,200 MEMORIAL AVE,ATTN: ACCOUNTS PAYABLE,,Y,,200 MEMORIAL AVE,,,,CARROLL COUNTY HOSPITAL CENTER,,,,,,,,,,,,,,,,,
,ATS,21157,WESTMINSTER,MD,346,,US,,,2026-01-11 12:36:40,21157,WESTMINSTER,READY,MD,,CARROLL COUNTY PUBLIC SCHOOLS,Y,HIGH,80,,,125 NORTH COURT STREET,,,Y,,125 N CT ST,,,,CARROLL COUNTY PUBLIC SCHOOLS,,,,,,,,,,,,,,,,,
,ATS,24153,SALEM,VA,347,,US,,,NaT,24153,SALEM,REVIEW,VA,,CARTER,Y,MEDIUM,70,,,PO BOX 3096,EMAIL,,Y,,PO BOX 3096,,,,CARTER,,,,,,,,,,,,,,,,,
,ATS,24153,SALEM,VA,348,,US,,,NaT,24153,SALEM,REVIEW,VA,,CARTER MACHINERY CO INC,Y,MEDIUM,70,,,PO BOX 3096,EMAIL,,Y,,PO BOX 3096,,,,CARTER MACHINERY CO. INC,,,,,,,,,,,,,,,,,
,ATS,21202,BALTIMORE,MD,349,,US,,,2026-01-11 12:36:41,21202,BALTIMORE,READY,MD,,750 EAST PRATT LLC,Y,HIGH,80,,,750 EAST PRATT STREET,,,Y,,750 E PRATT ST,,,,"750 EAST PRATT, LLC",,,,,,,,,,,,,,,,,
,ATS,80163-6000,LITTLETON,MD,350,,US,,,NaT,80163-6000,LITTLETON,REVIEW,MD,,CATHOLIC HEALTH INITIATIVES,Y,MEDIUM,70,,,ACCOUNTS PAYABLE,PO BOX 636000,,Y,,PO BOX 636000,,,,CATHOLIC HEALTH INITIATIVES,,,,,,,,,,,,,,,,,
,ATS,20064,WASHINGTON,DC,351,,US,,,2026-01-11 12:36:44,20064,WASHINGTON,READY,DC,,CATHOLIC UNIVERSITY OF AMERICA,Y,HIGH,80,,,620 MICHIGAN AVE NE,EMAIL INVOICE,,Y,,620 MICHIGAN AVE NE,,,,CATHOLIC UNIVERSITY OF AMERICA,,,,,,,,,,,,,,,,,
,ATS,21788,THURMONT,MD,352,,US,,,NaT,21788,THURMONT,REVIEW,MD,,CATOCTIN LIGHTING SERVICES INC,Y,MEDIUM,70,,,P.O. BOX 402,,,Y,,PO BOX 402,,,,"CATOCTIN LIGHTING SERVICES, INC",,,,,,,,,,,,,,,,,
,ATS,42240,HOPKINSVILLE,KY,353,,US,,,2026-01-11 12:36:45,42240,HOPKINSVILLE,READY,KY,,CAYCE MILL SUPPLY COMPANY INC,Y,HIGH,80,,,2225 PEMBROKE ROAD,EMAIL INVOICES,,Y,,2225 PEMBROKE RD,,,,"CAYCE MILL SUPPLY COMPANY, INC",,,,,,,,,,,,,,,,,
,ATS,48090-2021,WARREN,MI,354,,US,BB# 01-133738-GNH001,,NaT,48090-2021,WARREN,REVIEW,MI,,CB RICHARD ELLIS,Y,MEDIUM,70,,,BB# 01-133738-GNH001,PO BOX 2021,,Y,,PO BOX 2021,,,,CB RICHARD ELLIS  - vendorcafe.com,,,,,,,,,,,,,,,,,
,ATS,48090,WARREN,MI,355,,US,,,NaT,48090,WARREN,REVIEW,MI,,CB RICHARD ELLIS,Y,MEDIUM,70,,,PO BOX 2026,,,Y,,PO BOX 2026,,,,CB RICHARD ELLIS - KAISER,,,,,,,,,,,,,,,,,
,ATS,21221,BALTIMORE,MD,356,,US,,,2026-01-11 12:36:48,21221,BALTIMORE,READY,MD,,COMMUNITY COLLEGE OF BALTIMORE COUNTY,Y,HIGH,80,,,7200 SOLLERS POINT ROAD,EMAIL,,Y,,7200 SOLLERS POINT RD,,,,COMMUNITY COLLEGE OF BALTIMORE COUNTY,,,,,,,,,,,,,,,,,
,ATS,21228,CATONSVILLE,MD,357,,US,,,2026-01-11 12:36:50,21228,CATONSVILLE,READY,MD,,CCBC,Y,HIGH,80,,,800 S ROLLING ROAD,,,Y,,800 S ROLLING RD,,,,CCBC CATONSVILLE,,,,,,,,,,,,,,,,,
,ATS,21222,BALTIMORE,MD,358,,US,,,2026-01-11 12:36:52,21222,BALTIMORE,READY,MD,,CCBC,Y,HIGH,80,,,7200 SOLLERS POINT ROAD,EMAIL INVOICE,,Y,,7200 SOLLERS POINT RD,,,,CCBC - ESSEX,,,,,,,,,,,,,,,,,
,ATS,30333-0080,ATLANTA,GA,359,,US,,,NaT,30333-0080,ATLANTA,REVIEW,GA,,CENTERS FOR DISEASE CONTROL & PREVENT,Y,MEDIUM,70,,,PO BOX 15580,,,Y,,PO BOX 15580,,,,CENTERS FOR DISEASE CONTROL AND PREVENT,,,,,,,,,,,,,,,,,
,ATS,02109,BOSTON,MA,360,,US,STE #701,,2026-01-11 12:36:54,02109,BOSTON,READY,MA,,CDM SMITH,Y,HIGH,80,,,75 STATE ST,SUITE 701,,Y,,75 STATE ST,,,,CDM SMITH,,,,,,,,,,,,,,,,,
,ATS,21035,DAVIDSONVILLE,MD,361,,US,,,NaT,21035,DAVIDSONVILLE,REVIEW,MD,,CDS MECHANICAL SERVICES,Y,MEDIUM,100,,,909 WILLIAM MEADE CT,,,Y,,909 WILLIAM MEADE CT,,,,CDS MECHANICAL SERVICES,,,,,,,,,,,,,,,,,
,ATS,21901,NORTH EAST,MD,362,,US,,,NaT,21901,NORTH EAST,REVIEW,MD,,CECIL COLLEGE,Y,MEDIUM,100,,,ONE SEAHAWK DRIVE,,,Y,,ONE SEAHAWK DR,,,,CECIL COLLEGE,,,,,,,,,,,,,,,,,
,ATS,21921,ELKTON,MD,363,,US,STE #1300,,NaT,21921,ELKTON,REVIEW,MD,,CECIL COUNTY DHMH,Y,MEDIUM,100,,,200 CHESAPEAKE RD,SUITE 1300,,Y,,200 CHESAPEAKE RD,,,,CECIL COUNTY DHMH,,,,,,,,,,,,,,,,,
,ATS,21921,ELKTON,MD,364,,US,,,2026-01-11 12:37:02,21921,ELKTON,READY,MD,,CECIL COUNTY PUBLIC SCHOOLS,Y,HIGH,80,,,201 BOOTH ST,,,Y,,201 BOOTH ST,,,,CECIL COUNTY PUBLIC SCHOOLS,,,,,,,,,,,,,,,,,
,ATS,21202,BALTIMORE,MD,365,,US,,,2026-01-11 12:37:04,21202,BALTIMORE,READY,MD,,CENTRAL BOOKING & INTAKE CENTER,Y,HIGH,80,,,,300 E. MADISON ST.,,Y,,300 E MADISON ST,,,,CENTRAL BOOKING & INTAKE CENTER,,,,,,,,,,,,,,,,,
,ATS,21152,SPARKS,MD,366,,US,,,2026-01-11 12:37:06,21152,SPARKS,READY,MD,,CENTRAL TECH SERVICE INC,Y,HIGH,80,,,25 LOVETON CIRCLE,email invoice,,Y,,25 LOVETON CIR,,,,"CENTRAL TECH SERVICE, INC",,,,,,,,,,,,,,,,,
,ATS,20762,JOINT BASE ANDREWS,MD,367,,US,,,2026-01-11 12:37:08,20762,JOINT BASE ANDREWS,READY,MD,,CES 316 ANDREWS AFB,Y,HIGH,80,,,3448 TENNESSEE AVENUE,,,Y,,3448 TENNESSEE AVE,,,,CES 316 ANDREWS AFB,,,,,,,,,,,,,,,,,
,ATS,80223,DENVER,CO,368,,US,,,2026-01-11 12:37:10,80223,DENVER,READY,CO,,CFM COMPANY,Y,HIGH,80,,,1440 SOUTH LIPAN STREET,,,Y,,1440 S LIPAN ST,,,,CFM COMPANY,,,,,,,,,,,,,,,,,
,ATS,21108,GAMBRILLS,MD,369,,US,STE #E,,NaT,21108,GAMBRILLS,REVIEW,MD,,CFM ENGINEERING,Y,MEDIUM,100,,,"255 NAJOLES ROAD, SUITE E",,,Y,,255 NAJOLES RD,,,,CFM ENGINEERING,,,,,,,,,,,,,,,,,
,ATS,21108,MILLERSVILLE,MD,370,,US,STE #J,,NaT,21108,MILLERSVILLE,REVIEW,MD,,CFM PROJECT CONSULTING GROUP INC,Y,MEDIUM,100,,,1131 BENFIELD BOULEVARD,SUITE J,,Y,,1131 BENFIELD BLVD,,,,"CFM PROJECT CONSULTING GROUP, INC.",,,,,,,,,,,,,,,,,
,ATS,23541,NORFOLK,VA,371,,US,,,NaT,23541,NORFOLK,REVIEW,VA,,C G WOOD COMPANY,Y,MEDIUM,70,,,PO BOX 12909,EMAIL INVOICE,,Y,,PO BOX 12909,,,,C. G. WOOD COMPANY,,,,,,,,,,,,,,,,,
,ATS,39350,CHOCTAW,MS,372,,US,,,NaT,39350,CHOCTAW,REVIEW,MS,,CHAHTA CONSTRUCTION INC,Y,MEDIUM,70,,,P.O. BOX 6091,,,Y,,PO BOX 6091,,,,"CHAHTA CONSTRUCTION, INC.",,,,,,,,,,,,,,,,,
,ATS,20062,WASHINGTON,DC,373,,US,,,2026-01-11 12:37:17,20062,WASHINGTON,READY,DC,,CHAMBER OF COMMERCE OF THE USA,Y,HIGH,80,,,"1615 H ST, N.W.",,,Y,,1615 H ST NW,,,,CHAMBER OF COMMERCE OF THE USA,,,,,,,,,,,,,,,,,
,ATS,20106,AMISSVILLE,VA,374,,US,,,NaT,20106,AMISSVILLE,REVIEW,VA,,CHAMBERLAIN ENTERPRISE LLC,Y,MEDIUM,100,,,37 GOAT MOUNTAIN LAVE,,,Y,,37 GOAT MOUNTAIN LAVE,,,,"CHAMBERLAIN ENTERPRISE, LLC",,,,,,,,,,,,,,,,,
,ATS,21030,COCKEYSVILLE,MD,375,,US,,,2026-01-11 12:37:21,21030,COCKEYSVILLE,READY,MD,,CHAMBERS MECHANICAL CONTRACTORS LLC,Y,HIGH,80,,,10629 YORK ROAD,,,Y,,10629 YORK RD,,,,"CHAMBERS MECHANICAL CONTRACTORS, LLC",,,,,,,,,,,,,,,,,
,ATS,22079,LORTON,VA,376,,US,,,NaT,22079,LORTON,REVIEW,VA,,CHAPPELLE MECHANICAL SERVICES LLC,Y,MEDIUM,100,,,8472 TERMINAL ROAD,EMAIL INVOICES,,Y,,8472 TERMINAL RD,,,,CHAPPELLE MECHANICAL SERVICES LLC,,,,,,,,,,,,,,,,,
,ATS,21784,SYKESVILLE,MD,377,,US,,,NaT,21784,SYKESVILLE,REVIEW,MD,,CHARLES A KLEIN & SONS INC,Y,MEDIUM,100,,,5220 KLEES MILL RD,EMAIL INVOICES,,Y,,5220 KLEES MILL RD,,,,"CHARLES A. KLEIN & SONS, INC.",,,,,,,,,,,,,,,,,
,ATS,20646,LA PLATA,MD,378,,US,,,2026-01-11 12:37:28,20646,LA PLATA,READY,MD,,CHARLES COUNTY PUBLIC SCHOOLS,Y,HIGH,80,,,5965 RADIO STATION RD,,,Y,,5965 RADIO STATION RD,,,,CHARLES COUNTY PUBLIC SCHOOLS,,,,,,,,,,,,,,,,,
,ATS,20032,WASHINGTON,DC,379,,US,,,NaT,20032,WASHINGTON,REVIEW,DC,,CHARLES MANN ENTERPRISES,Y,MEDIUM,100,,,EMAIL INVOICE,3215 MARTIN LUTHER KING JR.AVE,,Y,,3215 MARTIN LUTHER KING JRAVE,,,,CHARLES MANN ENTERPRISES,,,,,,,,,,,,,,,,,
,ATS,01887,WILMINGTON,MA,380,,US,,,2026-01-11 12:37:32,01887,WILMINGTON,READY,MA,,CHARLES RIVER LABS,Y,HIGH,80,,,251 BALLARDVALE STREET,,,Y,,251 BALLARDVALE ST,,,,CHARLES RIVER LABS,,,,,,,,,,,,,,,,,
,ATS,21212,BALTIMORE,MD,381,,US,,,2026-01-11 12:37:35,21212,BALTIMORE,READY,MD,,CHASNEY & COMPANY INC,Y,HIGH,80,,,5808 YORK ROAD,,,Y,,5808 YORK RD,,,,"CHASNEY & COMPANY, INC.",,,,,,,,,,,,,,,,,
,ATS,21047,FALLSTON,MD,382,,US,,,2026-01-11 12:37:36,21047,FALLSTON,READY,MD,,CHAVIS HOME SERVICES,Y,HIGH,80,,,2003 CONNOLLY RD,,,Y,,2003 CONNOLLY RD,,,,CHAVIS HOME SERVICES,,,,,,,,,,,,,,,,,
,ATS,99503,ANCHORAGE,AK,383,,US,STE #301,,2026-01-11 12:37:40,99503,ANCHORAGE,READY,AK,,CHENEGA APPLIED SOLUTIONS LLC,Y,HIGH,80,,,"3000 C ST., SUITE 301",EMAIL INVOICES,,Y,,3000 C ST,,,,"CHENEGA APPLIED SOLUTIONS, LLC",,,,,,,,,,,,,,,,,
,ATS,20151,CHANTILLY,VA,384,,US,STE #308,,NaT,20151,CHANTILLY,REVIEW,VA,,CHEROENHAKA NOTTOWAY ENTERPRISES LLC,Y,MEDIUM,100,,,"4100 LAFAYETTE CENTER DR., SUITE 308",EMAIL INVOICE,,Y,,4100 LAFAYETTE CT DR,,,,"CHEROENHAKA NOTTOWAY ENTERPRISES, LLC",,,,,,,,,,,,,,,,,
,ATS,74169-1270,TULSA,OK,385,,US,,,NaT,74169-1270,TULSA,REVIEW,OK,,CHEROKEE NATION MECHANICAL LLC,Y,MEDIUM,70,,,P.O. BOX 691270,,,Y,,PO BOX 691270,,,,CHEROKEE NATION MECHANICAL LLC,,,,,,,,,,,,,,,,,
,ATS,20705,BELTSVILLE,MD,386,,US,,,NaT,20705,BELTSVILLE,REVIEW,MD,,CHESAPEAKE MISSION CRITICAL LLC,Y,MEDIUM,100,,,11900 G BALTIMORE AVENUE,,,Y,,11900 G BALTIMORE AVE,,,,"CHESAPEAKE MISSION CRITICAL, LLC",,,,,,,,,,,,,,,,,
,ATS,21076,HANOVER,MD,387,,US,,,2026-01-11 12:37:48,21076,HANOVER,READY,MD,,CHESAPEAKE SYSTEM INC,Y,HIGH,80,,,7400 COCA-COLA DRIVE,EMAIL INVOICE,,Y,,7400 COCA-COLA DR,,,,"CHESAPEAKE SYSTEM, INC",,,,,,,,,,,,,,,,,
,ATS,,,,388,,US,,,NaT,,,INVALID,,,CHESAPEAK TELEPHONE,Y,LOW,20,,,,,,Y,,,,,,CHESAPEAK TELEPHONE,,,,,,,,,,,,,,,,,
,ATS,77029,HOUSTON,TX,389,,US,,,NaT,77029,HOUSTON,REVIEW,TX,,CHESS GLOBAL TRADE,Y,MEDIUM,100,,,1225 MCCART DR.,,,Y,,1225 MCCART DR,,,,CHESS GLOBAL TRADE,,,,,,,,,,,,,,,,,
,ATS,20032,WASHINGTON,DC,390,,US,,,2026-01-11 12:37:54,20032,WASHINGTON,READY,DC,,CHIARAMONTE CONSTRUCTION COMPANY,Y,HIGH,80,,,"605 RALEIGH PLACE, SE",,,Y,,605 RALEIGH PL SE,,,,CHIARAMONTE CONSTRUCTION COMPANY,,,,,,,,,,,,,,,,,
,ATS,20718,BOWIE,MD,391,,US,,,NaT,20718,BOWIE,REVIEW,MD,,CHILDREN'S NATIONAL MEDICAL CENTER,Y,MEDIUM,70,,,P.O. BOX 1370,EMAIL INVOICES,,Y,,PO BOX 1370,,,,CHILDREN'S NATIONAL MEDICAL CENTER,,,,,,,,,,,,,,,,,
,ATS,21206,BALTIMORE,MD,392,,US,,,2026-01-11 12:37:56,21206,BALTIMORE,READY,MD,,CHILMAR CORPORATION,Y,HIGH,80,,,5724 BELAIR ROAD,,,Y,,5724 BELAIR RD,,,,CHILMAR CORPORATION,,,,,,,,,,,,,,,,,
,ATS,22202,ARLINGTON,VA,393,,US,STE #500,,2026-01-11 12:37:58,22202,ARLINGTON,READY,VA,,CHINOOK SYSTEMS INC,Y,HIGH,80,,,1235 S CLARK ST. SUITE 500,EMAIL INVOICE,,Y,,1235 S CLARK ST,,,,CHINOOK SYSTEMS INC,,,,,,,,,,,,,,,,,
,ATS,21801,CHRISFIELD,MD,394,,US,,,NaT,218017,CHRISFIELD,REVIEW,MD,,CHRISFIELD HIGH SCHOOL,Y,MEDIUM,100,,,"210 NORTH SO,ERSET AVE",,,Y,,210 N SOERSET AVE,,,,CHRISFIELD HIGH SCHOOL,,,,,,,,,,,,,,,,,
,ATS,21090,LINTHICUM,MD,395,,US,STE #200,,2026-01-11 12:38:02,21090,LINTHICUM,READY,MD,,WOLF CREEK FEDERAL SERVICES,Y,HIGH,80,,,901 ELKRIDGE LANDING RD,SUITE 200 - EMAIL,,Y,,901 ELKRIDGE LANDING RD,,,,WOLF CREEK FEDERAL SERVICES,,,,,,,,,,,,,,,,,
,ATS,20535,WASHINGTON,DC,396,,US,,,NaT,20535,WASHINGTON,REVIEW,DC,,DEFENSE BASE SERVICES/CHUGACH CONSOLIDA,Y,MEDIUM,100,,,"601 FOURTH STREET, NW.",,,Y,,601 FOURTH ST NW,,,,DEFENSE BASE SERVICES/CHUGACH CONSOLIDA,,,,,,,,,,,,,,,,,
,ATS,99503,ANCHORAGE,AK,397,,US,STE #700,,2026-01-11 12:38:06,99503,ANCHORAGE,READY,AK,,CHUGACH FEDERAL SOLUTIONS INC,Y,HIGH,80,,,3800 CENTERPOINT DRIVE,SUITE 700,,Y,,3800 CTPOINT DR,,,,"CHUGACH FEDERAL SOLUTIONS, INC",,,,,,,,,,,,,,,,,
,ATS,21740,HAGERSTOWN,MD,398,,US,,,NaT,21740,HAGERSTOWN,REVIEW,MD,,CINETIC LANDIS CORP,Y,MEDIUM,100,,,16778 HALFWAY BLVD,,,Y,,16778 HALFWAY BLVD,,,,CINETIC LANDIS CORP,,,,,,,,,,,,,,,,,
,ATS,20011,WAHSINGTON,DC,399,,US,,,NaT,20011,WAHSINGTON,REVIEW,DC,,CITI CORP CONSTRUCTION,Y,MEDIUM,100,,,1312 DECATUR ST. NW,,,Y,,1312 DECATUR ST NW,,,,CITI CORP CONSTRUCTION,,,,,,,,,,,,,,,,,
,ATS,21078,HAVRE DE GRACE,MD,400,,US,,,2026-01-11 12:38:13,21078,HAVRE DE GRACE,READY,MD,,CITY OF HAVRE DE GRACE,Y,HIGH,80,,,711 PENNINGTON AVE,,,Y,,711 PENNINGTON AVE,,,,CITY OF HAVRE DE GRACE,,,,,,,,,,,,,,,,,
,ATS,20850,ROCKVILLE,MD,401,,US,,,2026-01-11 12:38:15,20850,ROCKVILLE,READY,MD,,CITY OF ROCKVILLLE,Y,HIGH,80,,,14625 ROTHGEB DRIVE,,,Y,,14625 ROTHGEB DR,,,,CITY OF ROCKVILLLE,,,,,,,,,,,,,,,,,
,ATS,20689,SUNDERLAND,MD,402,,US,,,2026-01-11 12:38:17,20689,SUNDERLAND,READY,MD,,CITY WIDE MECHANICAL LLC,Y,HIGH,80,,,EMAIL INVOICES,751 CLAGGETT ROAD,,Y,,751 CLAGGETT RD,,,,"CITY WIDE MECHANICAL, LLC",,,,,,,,,,,,,,,,,
,ATS,21754,IJAMSVILLE,MD,403,,US,,,NaT,21754,IJAMSVILLE,REVIEW,MD,,CK'S AIR LLC,Y,MEDIUM,100,,,11208 BRAMBLEWOOD CT,,,Y,,11208 BRAMBLEWOOD CT,,,,CK'S AIR LLC,,,,,,,,,,,,,,,,,
,ATS,22003,ANNANDALE,VA,404,,US,,,NaT,22003,ANNANDALE,REVIEW,VA,,CLARK MECHANICAL LLC,Y,MEDIUM,100,,,7227 AUBURN STEET,,,Y,,7227 AUBURN STEET,,,,"CLARK MECHANICAL, LLC",,,,,,,,,,,,,,,,,
,ATS,20006,WASHINGTON,DC,405,,US,STE #650,,2026-01-11 12:38:23,20006,WASHINGTON,READY,DC,,CLASSIC HEATING & COOLING LLC,Y,HIGH,80,,,"2020 K STREET, NW, SUITE 650",,,Y,,2020 K ST NW,,,,"CLASSIC HEATING AND COOLING, LLC",,,,,,,,,,,,,,,,,
,ATS,21776,NEW WINDSOR,MD,406,,US,STE #H,,NaT,21776,NEW WINDSOR,REVIEW,MD,,CLASSIC HVAC SERVICE,Y,MEDIUM,100,,,1301 AVONDALE RD SUITE H,,,Y,,1301 AVONDALE RD,,,,CLASSIC HVAC SERVICE,,,,,,,,,,,,,,,,,
,ATS,20706,LANHAM,MD,407,,US,,,NaT,20706,LANHAM,REVIEW,MD,,CLAXTON/LTS JV LLC,Y,MEDIUM,100,,,5000 ELLIN ROAD BO 200,,,Y,,5000 ELLIN RD BO 200,,,,CLAXTON/LTS JV LLC,,,,,,,,,,,,,,,,,
,ATS,21224,BALTIMORE,MD,408,,US,,,2026-01-11 12:38:31,21224,BALTIMORE,READY,MD,,CLEAN AIR HEATING & AIR CONDITIONING CO,Y,HIGH,80,,,1911 PORTAL STREET,EMAIL INVOICES,,Y,,1911 PORTAL ST,,,,CLEAN AIR HEATING & AIR CONDITIONING CO,,,,,,,,,,,,,,,,,
,ATS,20794,JESSUP,MD,409,,US,(DOUG AUSTIN),,2026-01-11 12:38:33,20794,JESSUP,READY,MD,,CLIFTON T PERKINS HOSPITAL CTR,Y,HIGH,80,,,8450 DORSEY RUN ROAD,(DOUG AUSTIN),,Y,,8450 DORSEY RUN RD,,,,CLIFTON T PERKINS HOSPITAL CTR,,,,,,,,,,,,,,,,,
,ATS,73106,OKLAHOMA CITY,OK,410,,US,,,2026-01-11 12:38:35,73106,OKLAHOMA CITY,READY,OK,,CLIMA COOL,Y,HIGH,80,,,15 S. Virginia,,,Y,,15 S VIRGINIA,,,,CLIMA COOL,,,,,,,,,,,,,,,,,
,ATS,21114,CROFTON,MD,411,,US,STE #9,,2026-01-11 12:38:37,21114,CROFTON,READY,MD,,CLIMATE CARE HVAC SERVICES,Y,HIGH,80,,,"2129 BALDWIN AVE., SUITE 9",EMAIL INVOICES,,Y,,2129 BALDWIN AVE,,,,CLIMATE CARE HVAC SERVICES,,,,,,,,,,,,,,,,,
,ATS,73106,OKLAHOMA CITY,OK,412,,US,STE #200,,2026-01-11 12:38:39,73106,OKLAHOMA CITY,READY,OK,,CLIMATE CRAFT INC,Y,HIGH,80,,,518 N. INDIANA AVE,SUITE 200,,Y,,518 N INDIANA AVE,,,,CLIMATE CRAFT INC,,,,,,,,,,,,,,,,,
,ATS,73106,OKAHOMA CITY,OK,413,,US,STE #200,,NaT,73106,OKAHOMA CITY,REVIEW,OK,,CLIMATE CRAFT COMMISSION,Y,MEDIUM,100,,,518 N. INDIANA AVE,SUITE 200,,Y,,518 N INDIANA AVE,,,,CLIMATE CRAFT COMMISSION,,,,,,,,,,,,,,,,,
,ATS,22030,FAIRFAX,VA,414,,US,STE #A,,2026-01-11 12:38:44,22030,FAIRFAX,READY,VA,,CLOVER CONTRACTING INC,Y,HIGH,80,,,11170 LEE HIGHWAY,SUITE A,,Y,,11170 LEE HWY,,,,"CLOVER CONTRACTING, INC.",,,,,,,,,,,,,,,,,
,ATS,22312,ALEXANDRIA,VA,415,,US,,,NaT,22312,ALEXANDRIA,REVIEW,VA,,CMI MANAGEMENT,Y,MEDIUM,100,,,5285 SHAWNEE ROAD,,,Y,,5285 SHAWNEE RD,,,,CMI MANAGEMENT,,,,,,,,,,,,,,,,,
,ATS,,,,416,,US,,,NaT,,,INVALID,,,CMMS,Y,LOW,20,,,,,,Y,,,,,,CMMS,,,,,,,,,,,,,,,,,
,ATS,32904,MELBOURNE,FL,417,,US,,,2026-01-11 12:38:50,32904,MELBOURNE,READY,FL,,CMS MECHANICAL NEXTECH,Y,HIGH,80,,,1045 S JOHN RODES BLVD.,,,Y,,1045 S JOHN RODES BLVD,,,,CMS MECHANICAL NEXTECH,,,,,,,,,,,,,,,,,
,ATS,40059,PROSPECT,KY,418,,US,,,NaT,40059,PROSPECT,REVIEW,KY,,CMTA ENERGY SOLUTIONS,Y,MEDIUM,100,,,10411 MEETING STREET,EMAIL INVOICES,,Y,,10411 MEETING ST,,,,CMTA ENERGY SOLUTIONS,,,,,,,,,,,,,,,,,
,ATS,20166,STERLING,VA,419,,US,STE #155,,2026-01-11 12:38:55,20166,STERLING,READY,VA,,CNS REALTY LLC,Y,HIGH,80,,,22831 SILVERBROOK CENTER DR,SUITE 155,,Y,,22831 SILVERBROOK CT DR,,,,"CNS REALTY, LLC",,,,,,,,,,,,,,,,,
,ATS,21252,TOWSON,MD,420,,US,,,2026-01-11 12:38:57,21252,TOWSON,READY,MD,,CAPSTONE ON CAMPUS MANAGEMENT,Y,HIGH,80,,,415 TOWSON WAY,,,Y,,415 TOWSON WAY,,,,CAPSTONE ON CAMPUS MANAGEMENT,,,,,,,,,,,,,,,,,
,ATS,22079,LORTON,VA,421,,US,,,NaT,22079,LORTON,REVIEW,VA,,COLD CRAFT MECHANICAL,Y,MEDIUM,100,,,7901-3 HILL PARK CT.,,,Y,,7901-3 HILL PARK CT,,,,COLD CRAFT MECHANICAL,,,,,,,,,,,,,,,,,
,ATS,20646,LA PLATA,MD,422,,US,,,NaT,20646,LA PLATA,REVIEW,MD,,COLLEGE OF SOUTHERN MARYLAND,Y,MEDIUM,70,,,8730 MITCHELL ROAD,P.O. BOX 910,,Y,,PO BOX 910,8730 MITCHELL RD,,,COLLEGE OF SOUTHERN MARYLAND,,,,,,,,,,,,,,,,,
,ATS,20740-3072,COLLEGE PARK,MD,423,,US,PMB 307,,2026-01-11 12:39:00,20740-3072,COLLEGE PARK,READY,MD,,COLLEGE PARK ENERGY LLC,Y,HIGH,80,,,email invoces,"4423 LEHIGH ROAD, PMB 307",,Y,,4423 LEHIGH RD,,,,"COLLEGE PARK ENERGY, LLC",,,,,,,,,,,,,,,,,
,ATS,20001,WASHINGTON,DC,424,,US,STE #702,,2026-01-11 12:39:02,20001,WASHINGTON,REVIEW,DC,,COLLIERS INTERNATIONAL,Y,MEDIUM,75,,,"425 I STREET, N.W.",SUITE 702 - EMAIL INVOICE,,Y,,425 EYE ST NW,,,,425 EYE ST - COLLIERS INTERNATIONAL DC,,,,,,,,,,,,,,,,,
,ATS,21031-8615,HUNT VALLEY,MD,425,,US,,,2026-01-11 12:39:04,21031-8615,HUNT VALLEY,READY,MD,,COLLIERS PINKARD,Y,HIGH,80,,,11311 McCORMICK RD,,,Y,,11311 MCCORMICK RD,,,,COLLIERS PINKARD,,,,,,,,,,,,,,,,,
,ATS,19406,KING OF PRUSSIA,PA,426,,US,,,2026-01-11 12:39:05,19406,KING OF PRUSSIA,READY,PA,,COLONIAL ELECTRIC SUPPLY CO,Y,HIGH,80,,,201 WEST CHURCH ROAD,,,Y,,201 W CHURCH RD,,,,COLONIAL ELECTRIC SUPPLY CO.,,,,,,,,,,,,,,,,,
,ATS,23228,RICHMOND,VA,427,,US,ACCOUNTS PAYABLE DEPARTMENT,,NaT,23228,RICHMOND,REVIEW,VA,,COLONIAL WEBB CONTRACTORS,Y,MEDIUM,70,,,ACCOUNTS PAYABLE DEPARTMENT,PO BOX 9549 - EMAIL,,Y,,PO BOX 9549,,,,COLONIAL WEBB CONTRACTORS,,,,,,,,,,,,,,,,,
,ATS,20852,ROCKVILLE,MD,428,,US,,,NaT,20852,ROCKVILLE,REVIEW,MD,,COLOR LAB,Y,MEDIUM,100,,,5708 ARUNDEL AVENUE,,,Y,,5708 ARUNDEL AVE,,,,COLOR LAB,,,,,,,,,,,,,,,,,
,ATS,21045,COLIMBIA,MD,429,,US,STE #400,,NaT,21045,COLIMBIA,REVIEW,MD,,COLUMBIA 100 LLC,Y,MEDIUM,100,,,8820 COLUMBIA 100 PARKWAY,SUITE 400,,Y,,8820 COLUMBIA 100 PKWY,,,,"COLUMBIA 100, LLC",,,,,,,,,,,,,,,,,
,ATS,21202,BALTIMORE,MD,430,,US,STE #1200,,2026-01-11 12:39:10,21202,BALTIMORE,READY,MD,,COLUMBIA PROPERTY TRUST,Y,HIGH,80,,,100 EAST PRATT STREET,SUITE 1200,,Y,,100 E PRATT ST,,,,COLUMBIA PROPERTY TRUST,,,,,,,,,,,,,,,,,
,ATS,20706,LANHAM,MD,431,,US,STE #1 C/O FLBSI,,NaT,20706,LANHAM,REVIEW,MD,,COMBUSTIONEER,Y,MEDIUM,100,,,c/o FLBSI,"4420 LOTTSFORD VISTA RD., SUITE 1",,Y,,4420 LOTTSFORD VISTA RD,,,,COMBUSTIONEER - EMAIL,,,,,,,,,,,,,,,,,
,ATS,20769,GLENN DALE,MD,432,,US,,,2026-01-11 12:39:13,20769,GLENN DALE,READY,MD,,COMFORT COOLING SOLUTIONS LLC,Y,HIGH,80,,,9715 DUBARRY STREET,EMAIL INVOICE,,Y,,9715 DUBARRY ST,,,,"COMFORT COOLING SOLUTIONS, LLC",,,,,,,,,,,,,,,,,
,ATS,21108,MILLERSVILLE,MD,433,,US,,,NaT,21108,MILLERSVILLE,REVIEW,MD,,COMFORT TECH LLC,Y,MEDIUM,100,,,8694 VETERANS HIGHWAY,,,Y,,8694 VETERANS HWY,,,,"COMFORT TECH, LLC.",,,,,,,,,,,,,,,,,
,ATS,21093,LUTHERVILLE,MD,434,,US,,,NaT,21093,LUTHERVILLE,REVIEW,MD,,COMMERCIAL CONTRACTORS INC,Y,MEDIUM,100,,,1205 YORK RD PENTHOUSE,,,Y,,1205 YORK RD PENTHOUSE,,,,"COMMERCIAL CONTRACTORS, INC",,,,,,,,,,,,,,,,,
,ATS,20794,JESSUP,MD,435,,US,STE #A,,2026-01-11 12:39:18,20794,JESSUP,READY,MD,,ACOREA ENTERPRISES INC,Y,HIGH,80,,,10620 RIGGS HILL ROAD,SUITE A,,Y,,10620 RIGGS HILL RD,,,,ACOREA ENTERPRISES INC,,,,,,,,,,,,,,,,,
,ATS,20166,STERLING,VA,436,,US,,,NaT,20166,STERLING,REVIEW,VA,,COMMERCIAL EXPRESS HVAC LLC,Y,MEDIUM,100,,,44931 FALCON PLACE,EMAIL INVOICES,,Y,,44931 FALCON PL,,,,COMMERCIAL EXPRESS HVAC LLC,,,,,,,,,,,,,,,,,
,ATS,20016,WASHINGTON,DC,437,,US,STE #500,,2026-01-11 12:39:22,20016,WASHINGTON,READY,DC,,AAA COMPLETE BUILDING SERVICES,Y,HIGH,80,,,5100 WISCONSIN AVE NW,SUITE 500 - EMAIL INVOICES,,Y,,5100 WISCONSIN AVE NW,,,,AAA COMPLETE BUILDING SERVICES,,,,,,,,,,,,,,,,,
,ATS,20016,WASHINGTON,DC,438,,US,,,2026-01-11 12:39:23,20016,WASHINGTON,READY,DC,,COMPLETE BUILDING SERVICES,Y,HIGH,80,,,ATTN: ACCOUNTS PAYABLE,5151 WISCONSIN AVE NW,,Y,,5151 WISCONSIN AVE NW,,,,COMPLETE BUILDING SERVICES - email,,,,,,,,,,,,,,,,,
,ATS,21154,STREET,MD,439,,US,,,NaT,21154,STREET,REVIEW,MD,,COMPLETE MECHANICAL SOLUTIONS LLC,Y,MEDIUM,100,,,3313 BRINEGAR ROAD,EMAIL INVOICE,,Y,,3313 BRINEGAR RD,,,,"COMPLETE MECHANICAL SOLUTIONS, LLC",,,,,,,,,,,,,,,,,
,ATS,20852,ROCKVILLE,MD,440,,US,STE #202,,NaT,20852,ROCKVILLE,REVIEW,MD,,COMPLETE MECHANICAL & ELECTRICAL,Y,MEDIUM,100,,,11600 NEBEL STREET,SUITE 202 - EMAIL,,Y,,11600 NEBEL ST,,,,COMPLETE MECHANICAL & ELECTRICAL,,,,,,,,,,,,,,,,,
,ATS,21046,COLUMBIA,MD,441,,US,STE #325,,NaT,21046,COLUMBIA,REVIEW,MD,,COMPLIANCE ENVIROMENTAL INTERNATIONAL,Y,MEDIUM,100,,,6990 COLUMBIA GATEWAY DRIVE,SUITE 325,,Y,,6990 COLUMBIA GATEWAY DR,,,,COMPLIANCE ENVIROMENTAL INTERNATIONAL,,,,,,,,,,,,,,,,,
,ATS,20176,LEESBURG,VA,442,,US,STE #306,,2026-01-11 12:39:30,20176,LEESBURG,READY,VA,,COMPOSITE PANEL ASSOCIATION,Y,HIGH,80,,,19465 DEERFIELD AVENUE,SUITE 306,,Y,,19465 DEERFIELD AVE,,,,COMPOSITE PANEL ASSOCIATION,,,,,,,,,,,,,,,,,
,ATS,20164,STERLING,VA,443,,US,STE #187,,2026-01-11 12:39:32,20164,STERLING,READY,VA,,COMPU DYNAMICS,Y,HIGH,80,,,22446 DAVIS DRIVE,SUITE 187 - EMAIL INVOICES,,Y,,22446 DAVIS DR,,,,COMPU DYNAMICS,,,,,,,,,,,,,,,,,
,ATS,21234,BALTIMORE,MD,444,,US,,,2026-01-11 12:39:34,21234,BALTIMORE,READY,MD,,CONAIR INC-DO NOT USE,Y,HIGH,80,,,9621 HARFORD ROAD,,,Y,,9621 HARFORD RD,,,,"CONAIR, INC-do not use",,,,,,,,,,,,,,,,,
,ATS,21234,BALTIMORE,MD,445,,US,,,2026-01-11 12:39:36,21234,BALTIMORE,READY,MD,,CONAIRE INC,Y,HIGH,80,,,9621 HARFORD ROAD,,,Y,,9621 HARFORD RD,,,,"CONAIRE, INC",,,,,,,,,,,,,,,,,
,ATS,60611,CHICAGO,IL,446,,US,,,NaT,60611,CHICAGO,REVIEW,IL,,CONDAIR,Y,MEDIUM,70,,,3724 MOMENTUM PLACE,P.O. BOX 233724,,Y,,PO BOX 233724,3724 MOMENTUM PL,,,CONDAIR,,,,,,,,,,,,,,,,,
,ATS,20817,BETHESDA,MD,447,,US,,,2026-01-11 12:39:37,20817,BETHESDA,READY,MD,,CONGRESSIONAL COUNTRY CLUB,Y,HIGH,80,,,8500 RIVER ROAD,,,Y,,8500 RIVER RD,,,,CONGRESSIONAL COUNTRY CLUB,,,,,,,,,,,,,,,,,
,ATS,22042,FALLS CHURCH,VA,448,,US,,,2026-01-11 12:39:39,22042,FALLS CHURCH,READY,VA,,CONGRESSIONAL SCHOOL,Y,HIGH,80,,,3229 SLEEPY HOLLOW ROAD,,,Y,,3229 SLEEPY HOLLOW RD,,,,CONGRESSIONAL SCHOOL,,,,,,,,,,,,,,,,,
,ATS,21629,DENTON,MD,449,,US,,,2026-01-11 12:39:40,21629,DENTON,READY,MD,,CONNER INC,Y,HIGH,80,,,524B LINCOLN STREET,ATTN: ACCOUNTING-EMAIL,,Y,,524B LINCOLN ST,,,,CONNER INC,,,,,,,,,,,,,,,,,
,ATS,20770,GREENBELT,MD,450,,US,STE #205,,2026-01-11 12:39:42,20770,GREENBELT,READY,MD,,CONQUEST SOLUTIONS,Y,HIGH,80,,,"6401 GOLDEN TRIANGLE DRIVE, SUITE 205",EMAIL INVOICES,,Y,,6401 GOLDEN TRIANGLE DR,,,,CONQUEST SOLUTIONS,,,,,,,,,,,,,,,,,
,ATS,01757,MILFORD,MA,451,,US,,,2026-01-11 12:39:43,01757,MILFORD,READY,MA,,CONSIGLI CONSTRUCTION CO INC,Y,HIGH,80,,,72 SUMNER STREET,EMAIL INVOICE,,Y,,72 SUMNER ST,,,,"CONSIGLI CONSTRUCTION CO., INC",,,,,,,,,,,,,,,,,
,ATS,20166,STERLING,VA,452,,US,STE #145,,2026-01-11 12:39:46,20166,STERLING,READY,VA,,CONSOLIDATED ELECTRICAL DISTRIBUTORS,Y,HIGH,80,,,"45449 SEVERN WAY, SUITE 145",EMAIL INVOICES,,Y,,45449 SEVERN WAY,,,,CONSOLIDATED ELECTRICAL DISTRIBUTORS,,,,,,,,,,,,,,,,,
,ATS,78269,SAN ANTONIA,TX,453,,US,,,NaT,78269,SAN ANTONIA,REVIEW,TX,,CONSTELLATION ENERGY,Y,MEDIUM,70,,,CONSTELLATION ACCOUNTS PAYABLE,PO BOX 696988,,Y,,PO BOX 696988,,,,CONSTELLATION ENERGY,,,,,,,,,,,,,,,,,
,ATS,20011,WASHINGTON,DC,454,,US,,,2026-01-11 12:39:47,20011,WASHINGTON,READY,DC,,CONSYS INC,Y,HIGH,80,,,"732 KENNEDY STREET, NW",,,Y,,732 KENNEDY ST NW,,,,"CONSYS, INC.",,,,,,,,,,,,,,,,,
,ATS,20190,RESTON,VA,455,,US,,,2026-01-11 12:39:49,20190,RESTON,READY,VA,,CONTEMPORARY ELECTRICAL SERVICES INC,Y,HIGH,80,,,1954 ISAAC NEWTON SQUARE WEST,EMAIL INVOICES,,Y,,1954 ISAAC NEWTON SQUARE W,,,,"CONTEMPORARY ELECTRICAL SERVICES, INC.",,,,,,,,,,,,,,,,,
,ATS,30040,CUMMING,GA,456,,US,STE #229,,2026-01-11 12:39:51,30040,CUMMING,READY,GA,,CONTROL CONCEPTS LLC,Y,HIGH,80,,,"505 LAKELAND PLAZA, SUITE 229",EMAIL INVOICE,,Y,,505 LAKELAND PLAZA,,,,"CONTROL CONCEPTS, LLC",,,,,,,,,,,,,,,,,
,ATS,20772,UPPER MARLBORO,MD,457,,US,,,2026-01-11 12:39:52,20772,UPPER MARLBORO,READY,MD,,CONTROL MANAGEMENT LLC,Y,HIGH,80,,,12004 BERRYBROOK TERRACE,,,Y,,12004 BERRYBROOK TERRACE,,,,"CONTROL MANAGEMENT, LLC",,,,,,,,,,,,,,,,,
,ATS,17070,NEW CUMBERLAND,PA,458,,US,,,2026-01-11 12:39:54,17070,NEW CUMBERLAND,READY,PA,,CONTROL SERVICES ENGINEERING,Y,HIGH,80,,,330 2ND STREET,,,Y,,330 2ND ST,,,,CONTROL SERVICES ENGINEERING,,,,,,,,,,,,,,,,,
,ATS,21221,BALTIMORE,MD,459,,US,,,2026-01-11 12:39:56,21221,BALTIMORE,READY,MD,,CONTROL SOURCES LLC,Y,HIGH,80,,,8860 KELSO DRIVE,,,Y,,8860 KELSO DR,,,,"CONTROL SOURCES, LLC",,,,,,,,,,,,,,,,,
,ATS,21740,HAGERSTOWN,MD,460,,US,STE #3,,2026-01-11 12:39:57,21740,HAGERSTOWN,READY,MD,,CONTROL SYSTEMS SALES,Y,HIGH,80,,,EMAIL INVOICES,"934 SWEENEY DRIVE, SUITE 3",,Y,,934 SWEENEY DR,,,,CONTROL SYSTEMS SALES,,,,,,,,,,,,,,,,,
,ATS,21811,BERLIN,MD,461,,US,,,NaT,21811,BERLIN,REVIEW,MD,,CONTROL TECHNOLOGIES,Y,MEDIUM,100,,,6804 BRUSHBUCK LANE,EMAIL,,Y,,6804 BRUSHBUCK LN,,,,CONTROL TECHNOLOGIES,,,,,,,,,,,,,,,,,
,ATS,20112,WOODBRIDGE,VA,462,,US,,,NaT,20112,WOODBRIDGE,REVIEW,VA,,CONTROLS UNLIMITED INC,Y,MEDIUM,100,,,2853 PS BUSINESS CENTER DRIVE,,,Y,,2853 PS BUSINESS CT DR,,,,CONTROLS UNLIMITED INC,,,,,,,,,,,,,,,,,
,ATS,22192,WOODBRIDGE,VA,463,,US,,,NaT,22192,WOODBRIDGE,REVIEW,VA,,CONTROLS UNLIMITED,Y,MEDIUM,100,,,2853 PS BUSINESS CENTER DRIVE,,,Y,,2853 PS BUSINESS CT DR,,,,CONTROLS UNLIMITED,,,,,,,,,,,,,,,,,
,ATS,21117,OWINGS MILLS,MD,464,,US,STE F,,NaT,21117,OWINGS MILLS,REVIEW,MD,,COOLE BREEZE HEATING & AIR CONDITIONING,Y,MEDIUM,100,,,"11408 CRONRIDGE DRI., STE F",,,Y,,11408 CRONRIDGE DRI,,,,COOLE BREEZE HEATING & AIR CONDITIONING,,,,,,,,,,,,,,,,,
,ATS,20707,LAUREL,MD,465,,US,,,2026-01-11 12:40:05,20707,LAUREL,READY,MD,,THE COOLING TOWER STORE,Y,HIGH,80,,,8665 CHERRY LANE,,,Y,,8665 CHERRY LN,,,,THE COOLING TOWER STORE,,,,,,,,,,,,,,,,,
,ATS,11802-7541,HICKSVILLE,NY,466,,US,BILLBOX#00-V0000058-13220,,NaT,11802-7541,HICKSVILLE,REVIEW,NY,,COPT DEFENSE PROPERTIES,Y,MEDIUM,70,,,BILLBOX#00-v0000058-13220,P.O. BOX 7541 - EMAIL,,Y,,PO BOX 7541,,,,COPT DEFENSE PROPERTIES,,,,,,,,,,,,,,,,,
,ATS,20005,WASHINGTON,DC,467,,US,STE #1000,,2026-01-11 12:40:07,20005,WASHINGTON,READY,DC,,COPT DC-6 LLC,Y,HIGH,80,,,1212 NEW YORK AVENUE,SUITE 1000 - EMAIL,,Y,,1212 NEW YORK AVE,,,,COPT DC-6 LLC - email,,,,,,,,,,,,,,,,,
,ATS,21619,CHESTER,MD,468,,US,STE #137,,NaT,21619,CHESTER,REVIEW,MD,,CORE MECHANICAL SOLUTIONS LLC,Y,MEDIUM,100,,,"600B ABRUZZI DRIVE, SUITE 137",EMAIL INVOICES,,Y,,600B ABRUZZI DR,,,,"CORE MECHANICAL SOLUTIONS, LLC",,,,,,,,,,,,,,,,,
,ATS,22030,FAIRFAX,VA,469,,US,,,2026-01-11 12:40:10,22030,FAIRFAX,READY,VA,,COREPOWER YOGA,Y,HIGH,80,,,4211 FAIRFAX CORNER EAST AVE,,,Y,,4211 FAIRFAX CORNER E AVE,,,,COREPOWER YOGA,,,,,,,,,,,,,,,,,
,ATS,22031,FAIRFAX,VA,470,,US,,,2026-01-11 12:40:12,22031,FAIRFAX,READY,VA,,COREPOWER YOGA,Y,HIGH,80,,,8302 HILLTOP ROAD,,,Y,,8302 HILLTOP RD,,,,COREPOWER YOGA - MERRIFIELD,,,,,,,,,,,,,,,,,
,ATS,80202,DENVER,CO,471,,US,STE #500,,2026-01-11 12:40:13,80202,DENVER,READY,CO,,CORESITE,Y,HIGH,80,,,"1001 17TH STREET, SUITE 500",EMAIL INVOICE,,Y,,1001 17TH ST,,,,CORESITE,,,,,,,,,,,,,,,,,
,ATS,21117,OWINGS MILLS,MD,472,,US,,,2026-01-11 12:40:15,21117,OWINGS MILLS,READY,MD,,CORPORATE COOLING & CONTROLS,Y,HIGH,80,,,10715 RED RUN BOULEVARD,,,Y,,10715 RED RUN BLVD,,,,CORPORATE COOLING & CONTROLS,,,,,,,,,,,,,,,,,
,ATS,,,,473,,US,,,NaT,,,INVALID,,,COURTLAND GARDENS,Y,LOW,20,,,,,,Y,,,,,,COURTLAND GARDENS,,,,,,,,,,,,,,,,,
,ATS,21040-3307,EDGEWOOD,MD,474,,US,,,2026-01-11 12:40:19,21040-3307,EDGEWOOD,READY,MD,,COVE ELECTRIC,Y,HIGH,80,,,200 EDGEWOOD ROAD,,,Y,,200 EDGEWOOD RD,,,,COVE ELECTRIC,,,,,,,,,,,,,,,,,
,ATS,21037,EDGEWATER,MD,475,,US,,,2026-01-11 12:40:20,21037,EDGEWATER,READY,MD,,COX ELECTRIC KMC,Y,HIGH,80,,,EMAIL INVOICE,124 RIVER RD,,Y,,124 RIVER RD,,,,COX ELECTRIC KMC,,,,,,,,,,,,,,,,,
,ATS,20659,MECHANICSVILLE,MD,476,,US,,,2026-01-11 12:40:22,20659,MECHANICSVILLE,READY,MD,,CRADDOCK MECHANICAL,Y,HIGH,80,,,38727 CHAPTICO RD,,,Y,,38727 CHAPTICO RD,,,,CRADDOCK MECHANICAL,,,,,,,,,,,,,,,,,
,ATS,21048,FINKSBURG,MD,477,,US,,,NaT,21048,FINKSBURG,REVIEW,MD,,CRAE CONTROL SYSTEM INC,Y,MEDIUM,70,,,P.O. BOX 523,,,Y,,PO BOX 523,,,,"CRAE CONTROL SYSTEM, INC",,,,,,,,,,,,,,,,,
,ATS,23150,SANDSTON,VA,478,,US,,,2026-01-11 12:40:23,23150,SANDSTON,READY,VA,,CRAFTCORPS INC,Y,HIGH,80,,,217 W. WILLIAMSBURG ROAD,EMAIL INVOICES,,Y,,217 W WILLIAMSBURG RD,,,,"CRAFTCORPS, INC",,,,,,,,,,,,,,,,,
,ATS,20855,ROCKVILLE,MD,479,,US,,,NaT,20855,ROCKVILLE,REVIEW,MD,,CRAIG ELECTRIC INC,Y,MEDIUM,100,,,18708 ROCKY WAY,,,Y,,18708 ROCKY WAY,,,,"CRAIG ELECTRIC, INC - email",,,,,,,,,,,,,,,,,
,ATS,21205,BALTIMORE,MD,480,,US,804 MAINT ST,,NaT,,,REVIEW,,,CREATIVE CONSTRUCTION,Y,MEDIUM,100,,,,JOHN HOPKINS,,Y,,5501 JOHNS HOPKINS RD,,,,CREATIVE CONSTRUCTION,,,,,,,,,,,,,,,,,
,ATS,20646,LA PLATA,MD,481,,US,,,NaT,20646,LA PLATA,REVIEW,MD,,CRITICAL MECHANICAL SERVICES LLC,Y,MEDIUM,70,,,P.O. BOX 791,EMAIL INVOICES,,Y,,PO BOX 791,,,,CRITICAL MECHANICAL SERVICES LLC,,,,,,,,,,,,,,,,,
,ATS,20763,SAVAGE,MD,482,,US,,,NaT,20763,SAVAGE,REVIEW,MD,,CRITICAL PEAKE SERVICES,Y,MEDIUM,100,,,8520-F CORRIDOR ROAD,,,Y,,8520-F CORRIDOR RD,,,,CRITICAL PEAKE SERVICES,,,,,,,,,,,,,,,,,
,ATS,21771,MOUNT AIRY,MD,483,,US,,,NaT,21771,MOUNT AIRY,REVIEW,MD,,CRITICAL POWER INC,Y,MEDIUM,70,,,P.O. BOX 268,,,Y,,PO BOX 268,,,,"CRITICAL POWER, INC",,,,,,,,,,,,,,,,,
,ATS,20852,ROCKVILLE,MD,484,,US,STE #201,,NaT,20852,ROCKVILLE,REVIEW,MD,,CRITICAL SYSTEMS SERVICES LLC,Y,MEDIUM,100,,,12216 PARKLAWN DRIVE,SUITE 201 - EMAIL,,Y,,12216 PARKLAWN DR,,,,"CRITICAL SYSTEMS SERVICES, LLC",,,,,,,,,,,,,,,,,
,ATS,20706,LANHAM,MD,485,,US,,,NaT,20706,LANHAM,REVIEW,MD,,CROCKETT FACILITIES SERVICES,Y,MEDIUM,100,,,4438 LOTTSFORD VISTA RD,,,Y,,4438 LOTTSFORD VISTA RD,,,,CROCKETT FACILITIES SERVICES,,,,,,,,,,,,,,,,,
,ATS,19720,NEW CASTLE,DE,486,,US,,,2026-01-11 12:40:35,19720,NEW CASTLE,READY,DE,,CRODA INC,Y,HIGH,80,,,315 CHERRY LANE,,,Y,,315 CHERRY LN,,,,CRODA INC,,,,,,,,,,,,,,,,,
,ATS,,,,487,,US,,,NaT,,,INVALID,,,STEVE CROGNALE JR,Y,LOW,20,,,,,,Y,,,,,,STEVE CROGNALE JR.,,,,,,,,,,,,,,,,,
,ATS,22031,FAIRFAX,VA,488,,US,,,2026-01-11 12:40:38,22031,FAIRFAX,READY,VA,,CROPP-METCALFE SERVICES,Y,HIGH,80,,,8421 HILLTOP ROAD,EMAIL INVOICE,,Y,,8421 HILLTOP RD,,,,CROPP-METCALFE SERVICES,,,,,,,,,,,,,,,,,
,ATS,20705,BELTSVILLE,MD,489,,US,,,2026-01-11 12:40:39,20705,BELTSVILLE,READY,MD,,CROPP-METCALFE,Y,HIGH,80,,,5301 HOLLAND DRIVE,,,Y,,5301 HOLLAND DR,,,,CROPP-METCALFE,,,,,,,,,,,,,,,,,
,ATS,21093,TIMONIUM,MD,490,,US,,,2026-01-11 12:40:41,21093,TIMONIUM,READY,MD,,CROWN ELECTRIC CO,Y,HIGH,80,,,2027 GREENSPRING DRIVE,,,Y,,2027 GREENSPRING DR,,,,CROWN ELECTRIC CO.,,,,,,,,,,,,,,,,,
,ATS,20706,LANHAM,MD,491,,US,,,2026-01-11 12:40:42,20706,LANHAM,READY,MD,,CRW MECHANICAL,Y,HIGH,80,,,5807 ELLERBIE STREET,,,Y,,5807 ELLERBIE ST,,,,CRW MECHANICAL - email invoice,,,,,,,,,,,,,,,,,
,ATS,20705,BELTSVILLE,MD,492,,US,,,NaT,20705,BELTSVILLE,REVIEW,MD,,CTS SERVICES LLC,Y,MEDIUM,100,,,11900 H BALTIMORE AVENUE,,,Y,,11900 H BALTIMORE AVE,,,,"CTS SERVICES, LLC",,,,,,,,,,,,,,,,,
,ATS,21108,MILLERSVILLE,MD,493,,US,,,NaT,21108,MILLERSVILLE,REVIEW,MD,,CTS SERVICES,Y,MEDIUM,100,,,8225 A Cloverleaf Drive,,,Y,,8225 A CLOVERLEAF DR,,,,CTS SERVICES,,,,,,,,,,,,,,,,,
,ATS,22701,CULPEPER,VA,494,,US,,,2026-01-11 12:40:48,22701,CULPEPER,READY,VA,,CULPEPER NOLAND CO,Y,HIGH,80,,,16114 ROGERS ROAD,,,Y,,16114 ROGERS RD,,,,CULPEPER NOLAND CO.,,,,,,,,,,,,,,,,,
,ATS,20701,ANNAPOLIS JUNCTION,MD,495,,US,,,NaT,20701,ANNAPOLIS JUNCTION,REVIEW,MD,,CUMMINS-WAGNER SIEWERT LLC,Y,MEDIUM,100,,,10901 PUMP HOUSE ROAD,EMAIL INVOICE,,Y,,10901 PUMP HOUSE RD,,,,"CUMMINS-WAGNER SIEWERT, LLC",,,,,,,,,,,,,,,,,
,ATS,21787,TANEYTOWN,MD,496,,US,,,2026-01-11 12:40:51,21787,TANEYTOWN,READY,MD,,CURALEAF,Y,HIGH,80,,,5300 TANEYTOWN PIKE,,,Y,,5300 TANEYTOWN PIKE,,,,CURALEAF,,,,,,,,,,,,,,,,,
,ATS,21204,TOWSON,MD,497,,US,,,2026-01-11 12:40:53,21204,TOWSON,READY,MD,,BRANDS RE LLC CURIO WELLNESS,Y,HIGH,80,,,215 WASHINGTON AVE,EMAIL INVOICES,,Y,,215 WASHINGTON AVE,,,,"BRANDS RE LLC, CURIO WELLNESS",,,,,,,,,,,,,,,,,
,ATS,21227,BALTIMORE,MD,498,,US,,,2026-01-11 12:40:54,21227,BALTIMORE,READY,MD,,CURTIS POWER SOLUTIONS,Y,HIGH,80,,,3915 BENSON AVE.,,,Y,,3915 BENSON AVE,,,,CURTIS POWER SOLUTIONS,,,,,,,,,,,,,,,,,
,ATS,21202,BALTIMORE,MD,499,,US,,,2026-01-11 12:40:56,21202,BALTIMORE,READY,MD,,CUSHMAN & WAKEFIELD,Y,HIGH,80,,,323 N. CHARLES STREET,,,Y,,323 N CHARLES ST,,,,CUSHMAN & WAKEFIELD,,,,,,,,,,,,,,,,,
,ATS,22102,MCLEAN,VA,500,,US,STE #100,,2026-01-11 12:40:58,22102,MCLEAN,READY,VA,,CUSHMAN & WAKEFIELD,Y,HIGH,80,,,1775 GREENSBORO STATION PLACE,SUITE 100- EMAIL,,Y,,1775 GREENSBORO STATION PL,,,,CUSHMAN & WAKEFIELD,,,,,,,,,,,,,,,,,
,ATS,22102,TYSONS,VA,501,,US,STE #210,,2026-01-11 12:40:59,22102,TYSONS,READY,VA,,CUSHMAN & WAKEFIELD - THE BORO,Y,HIGH,80,,,"8350 BROAD STREET, SUITE 210",EMAIL INVOICE,,Y,,8350 BRD ST,,,,CUSHMAN & WAKEFIELD - THE BORO (8350),,,,,,,,,,,,,,,,,
,ATS,20622,CHARLOTTE HALL,MD,502,,US,,,NaT,20622,CHARLOTTE HALL,REVIEW,MD,,CUSTOM TECH CONTROLS,Y,MEDIUM,100,,,13250 BUDDS CREEK ROAD,,,Y,,13250 BUDDS CREEK RD,,,,CUSTOM TECH CONTROLS,,,,,,,,,,,,,,,,,
,ATS,21075,ELKRIDGE,MD,503,,US,STE #A,,2026-01-11 12:41:03,21075,ELKRIDGE,READY,MD,,FIRST SOURCE ELECTRONICS,Y,HIGH,80,,,"6650 BUSINESS PKWY, SUITE A",EMAIL INVOICES,,Y,,6650 BUSINESS PKWY,,,,FIRST SOURCE ELECTRONICS,,,,,,,,,,,,,,,,,
,ATS,21227,BALTIMORE,MD,504,,US,STE #102,,NaT,21227,BALTIMORE,REVIEW,MD,,CW SERVICES,Y,MEDIUM,100,,,1715 TWIN SPRINGS SERVICES,SUITE 102,,Y,,1715 TWIN SPRINGS SERVICES,,,,CW SERVICES,,,,,,,,,,,,,,,,,
,ATS,21206,BALTIMORE,MD,505,,US,,,2026-01-11 12:41:06,21206,BALTIMORE,READY,MD,,CWC SHEET METAL INC,Y,HIGH,80,,,4104 HARRIS AVENUE,,,Y,,4104 HARRIS AVE,,,,CWC SHEET METAL INC,,,,,,,,,,,,,,,,,
,ATS,21030,COCKEYSVILLE,MD,506,,US,,,2026-01-11 12:41:09,21030,COCKEYSVILLE,READY,MD,,D & I MECHANICAL CTRS INC,Y,HIGH,80,,,ATTENTION: DAVID B. JAROSINSKI,10815 BEAVER DAM ROAD,,Y,,10815 BEAVER DAM RD,,,,D & I MECHANICAL CTRS. INC.,,,,,,,,,,,,,,,,,
,ATS,21223,BALTIMORE,MD,507,,US,,,2026-01-11 12:41:10,21223,BALTIMORE,READY,MD,,D & S TECHNICAL SERVICES INC,Y,HIGH,80,,,631 S BRICE STREET,,,Y,,631 S BRICE ST,,,,D & S TECHNICAL SERVICES INC.,,,,,,,,,,,,,,,,,
,ATS,20110,MANASSAS,VA,508,,US,STE ##200,,2026-01-11 12:41:12,20110,MANASSAS,READY,VA,,D'RODRIGUEZ HVAC,Y,HIGH,80,,,9051 LIBERIA AVENUE,SUITE #200,,Y,,9051 LIBERIA AVE,,,,D'RODRIGUEZ HVAC,,,,,,,,,,,,,,,,,
,ATS,06033,GLASTONBURY,CT,509,,US,DBA D-TECH,,2026-01-11 12:41:13,06033,GLASTONBURY,READY,CT,,TULIMIERI ASSOCIATES INC,Y,HIGH,80,,,DBA D-TECH,94 EASTERN BOULEVARD,,Y,,94 EERN BLVD,,,,"TULIMIERI ASSOCIATES, INC",,,,,,,,,,,,,,,,,
,ATS,55440,MINNEAPOLIS,MN,510,,US,,,NaT,55440,MINNEAPOLIS,REVIEW,MN,,DAIKIN APPLIED,Y,MEDIUM,70,,,ACCOUNTS PAYABLE,PO BOX 1551 - EMAIL,,Y,,PO BOX 1551,,,,DAIKIN APPLIED,,,,,,,,,,,,,,,,,
,ATS,20646,LA PLATA,MD,511,,US,,,NaT,20646,LA PLATA,REVIEW,MD,,DAILEY CONTROLS & MECHANICAL SOLUTIONS,Y,MEDIUM,100,,,7380 PROSPECT HILL ROAD,EMAIL INVOICE,,Y,,7380 PROSPECT HILL RD,,,,DAILEY CONTROLS & MECHANICAL SOLUTIONS,,,,,,,,,,,,,,,,,
,ATS,21014,BEL AIR,MD,512,,US,,,2026-01-11 12:41:17,21014,BEL AIR,READY,MD,,DALLIS ELECTRICAL SERVICES,Y,HIGH,80,,,1102 N TOLLGATE ROAD,EMAIL INVOICES,,Y,,1102 N TOLLGATE RD,,,,DALLIS ELECTRICAL SERVICES,,,,,,,,,,,,,,,,,
,ATS,23323,CHESAPEAKE,VA,513,,US,,,2026-01-11 12:41:19,23323,CHESAPEAKE,READY,VA,,DAMUTH TRANE,Y,HIGH,80,,,1100 CAVALIER BLVD,,,Y,,1100 CAVALIER BLVD,,,,DAMUTH TRANE,,,,,,,,,,,,,,,,,
,ATS,21234,BALTIMORE,MD,514,,US,,,NaT,21234,BALTIMORE,REVIEW,MD,,DANIELS HVAC,Y,MEDIUM,100,,,9232 WOODCREEK COURT,,,Y,,9232 WOODCREEK CT,,,,DANIELS HVAC,,,,,,,,,,,,,,,,,
,ATS,80021,BROOMFIELD,CO,515,,US,,,2026-01-11 12:41:22,80021,BROOMFIELD,READY,CO,,DANON NORTH AMERICA,Y,HIGH,80,,,12002 AIRPORT WAY,EMAIL INVOICES,,Y,,12002 AIRPORT WAY,,,,DANON NORTH AMERICA,,,,,,,,,,,,,,,,,
,ATS,22625,CROSS JUNCTION,VA,516,,US,,,NaT,22625,CROSS JUNCTION,REVIEW,VA,,DATA HVAC SOLUTIONS,Y,MEDIUM,100,,,206 WOODS DRIVE,,,Y,,206 WOODS DR,,,,DATA HVAC SOLUTIONS,,,,,,,,,,,,,,,,,
,ATS,20006,WASHINGTON,DC,517,,US,,,2026-01-11 12:41:26,20006,WASHINGTON,READY,DC,,DAUGHTERS OF AMERICAN REVOLUTION,Y,HIGH,80,,,1776 D STREET NW,,,Y,,1776 D ST NW,,,,DAUGHTERS OF AMERICAN REVOLUTION,,,,,,,,,,,,,,,,,
,ATS,20639,HUNTINGTOWN,MD,518,,US,,,NaT,20639,HUNTINGTOWN,REVIEW,MD,,DAVECO METALS LLC,Y,MEDIUM,70,,,P.O. BOX 308,,,Y,,PO BOX 308,,,,"DAVECO METALS, LLC",,,,,,,,,,,,,,,,,
,ATS,21117,OWINGS MILLS,MD,519,,US,STE #120,,2026-01-11 12:41:28,21117,OWINGS MILLS,READY,MD,,DAVID S BROWN ENTERPRISES,Y,HIGH,80,,,100 PAINTERS MILL ROAD,SUITE 120,,Y,,100 PAINTERS MILL RD,,,,DAVID S. BROWN ENTERPRISES,,,,,,,,,,,,,,,,,
,ATS,21758,KNOXVILLE,MD,520,,US,,,NaT,21758,KNOXVILLE,REVIEW,MD,,DAVID TYLER,Y,MEDIUM,100,,,19137 VALLEY OVERLOOK COURT,,,Y,,19137 VALLEY OVERLOOK CT,,,,DAVID TYLER,,,,,,,,,,,,,,,,,
,ATS,21501-0152,CUMBERLAND,MD,521,,US,,,NaT,21501-0152,CUMBERLAND,REVIEW,MD,,DAVISYSTEMS LLC,Y,MEDIUM,70,,,P.O. BOX 152,,,Y,,PO BOX 152,,,,DAVISYSTEMS LLC,,,,,,,,,,,,,,,,,
,ATS,21771,MOUNT AIRY,MD,522,,US,#390,,2026-01-11 12:41:31,21771,MOUNT AIRY,READY,MD,,DAYTNER CONSTRUCTION GROUP,Y,HIGH,80,,,505 WINDY KNOLL DRIVE,#390,,Y,,505 WINDY KNOLL DR,,,,DAYTNER CONSTRUCTION GROUP,,,,,,,,,,,,,,,,,
,ATS,21054,GAMBRILLS,MD,523,,US,STE #L-M,,2026-01-11 12:41:33,21054,GAMBRILLS,READY,MD,,DE ASSET OPERATIONS LLC,Y,HIGH,80,,,"983 WAUGH CHAPEL WAY, STE L-M",EMAIL INVOICES,,Y,,983 WAUGH CHAPEL WAY,,,,"DE ASSET OPERATIONS, LLC",,,,,,,,,,,,,,,,,
,ATS,22134,QUANTICO,VA,524,,US,OFFICE OF TRAINING,,NaT,22134,QUANTICO,REVIEW,VA,,DEA - DRUG ENFORCEMENT AGENCY,Y,MEDIUM,70,,,OFFICE OF TRAINING,PO BOX 1475,,Y,,PO BOX 1475,,,,DEA- DRUG ENFORCEMENT AGENCY-EMAIL,,,,,,,,,,,,,,,,,
,ATS,20109,MANASSAS,VA,525,,US,,,2026-01-11 12:41:34,20109,MANASSAS,READY,VA,,DEAN TECHNOLOGIES,Y,HIGH,80,,,9420 DEVELOPERS DRIVE,,,Y,,9420 DEVELOPERS DR,,,,DEAN TECHNOLOGIES -email,,,,,,,,,,,,,,,,,
,ATS,21214,BALTIMORE,MD,526,,US,,,2026-01-11 12:41:36,21214,BALTIMORE,READY,MD,,DECA INC,Y,HIGH,80,,,6501 HARFORD ROAD,,,Y,,6501 HARFORD RD,,,,DECA INC. -email,,,,,,,,,,,,,,,,,
,ATS,21087,KINGSVILLE,MD,527,,US,,,2026-01-11 12:41:38,21087,KINGSVILLE,READY,MD,,DEERFIELD INC,Y,HIGH,80,,,7215 SUNSHINE AVENUE,,,Y,,7215 SUNSHINE AVE,,,,"DEERFIELD, INC.",,,,,,,,,,,,,,,,,
,ATS,20755,FORT MEADE,MD,528,,US,,,2026-01-11 12:41:39,20755,FT MEADE,READY,MD,,DEFENSE MEDIA ACTIVITY HQ,Y,HIGH,80,,,6700 TAYLOR AVE,,,Y,,6700 TAYLOR AVE,,,,DEFENSE MEDIA ACTIVITY HQ - FT MEADE,,,,,,,,,,,,,,,,,
,ATS,21030,HUNT VALLEY,MD,529,,US,,,2026-01-11 12:41:41,21030,HUNT VALLEY,READY,MD,,DOUGLAS ELECTRIC & LIGHTING INC,Y,HIGH,80,,,11125 PEPPER ROAD,,,Y,,11125 PEPPER RD,,,,DOUGLAS ELECTRIC & LIGHTING INC.,,,,,,,,,,,,,,,,,
,ATS,19901,DOVER,DE,530,,US,,,2026-01-11 12:41:42,19901,DOVER,READY,DE,,DELAWARE DEPARTMENT OF TRANSPORTATION,Y,HIGH,80,,,800 BAY ROAD,,,Y,,800 BAY RD,,,,DELAWARE DEPARTMENT OF TRANSPORTATION,,,,,,,,,,,,,,,,,
,ATS,,,,531,,US,,,NaT,,,INVALID,,,DELCARD ASSOCIATES INC,Y,LOW,20,,,,,,Y,,,,,,"DELCARD ASSOCIATES, INC",,,,,,,,,,,,,,,,,
,ATS,20171,HERNDON,VA,532,,US,ATTN: ACCOUNTS PAYABLE,,2026-01-11 12:41:45,20171,HERNDON,READY,VA,,DELTEK INC,Y,HIGH,80,,,2291 WOOD OAK DRIVE,ATTN: ACCOUNTS PAYABLE,,Y,,2291 WOOD OAK DR,,,,DELTEK INC,,,,,,,,,,,,,,,,,
,ATS,21804,SALISBURY,MD,533,,US,,,NaT,21804,SALISBURY,REVIEW,MD,,DELMARVA ELECTRIC MOTOR INC,Y,MEDIUM,100,,,111 EAST GORDY RD,,,Y,,111 E GORDY RD,,,,"DELMARVA ELECTRIC MOTOR, INC",,,,,,,,,,,,,,,,,
,ATS,20879,GAITHERSBURG,MD,534,,US,,,NaT,20879,GAITHERSBURG,REVIEW,MD,,DENSEL COMPANY,Y,MEDIUM,100,,,7640-A AIRPARK ROAD,,,Y,,7640-A AIRPARK RD,,,,DENSEL COMPANY,,,,,,,,,,,,,,,,,
,ATS,21221,BALTIMORE,MD,535,,US,,,2026-01-11 12:41:51,21221,BALTIMORE,READY,MD,,DENVER-ELEK,Y,HIGH,80,,,8860 KELSO DRIVE,EMAIL INVOICES,,Y,,8860 KELSO DR,,,,DENVER-ELEK,,,,,,,,,,,,,,,,,
,ATS,20220,WASHINGTON,DC,536,,US,,,NaT,20220,WASHINGTON,REVIEW,DC,,THE DEPARTMENT OF THE TREASURY,Y,MEDIUM,100,,,15TH + PENN. AVE NW,,,Y,,15TH + PENN AVE NW,,,,THE DEPARTMENT OF THE TREASURY,,,,,,,,,,,,,,,,,
,ATS,20874,GERMANTOWN,MD,537,,US,,,NaT,20874,GERMANTOWN,REVIEW,MD,,DEPARTMENT OF ENERGY,Y,MEDIUM,100,,,19901 GERMANTOWNE RD,,,Y,,19901 GERMANTOWNE RD,,,,DEPARTMENT OF ENERGY,,,,,,,,,,,,,,,,,
,ATS,20135,MT WEATHER,VA,538,,US,,,NaT,20135,MT. WEATHER,REVIEW,VA,,DEPARTMENT OF HOMELAND SECURITY,Y,MEDIUM,100,,,19844 BLUERIDGE MOUNTAIN ROAD,,,Y,,19844 BLUERIDGE MOUNTAIN RD,,,,DEPARTMENT OF HOMELAND SECURITY,,,,,,,,,,,,,,,,,
,ATS,20534,WASHINGTON,DC,539,,US,,,2026-01-11 12:41:58,20534,WASHINGTON,REVIEW,DC,,DEPARTMENT OF JUSTICE,Y,MEDIUM,75,,,320 FIRST ST NW,,,Y,,320 FIRST ST NW,,,,DEPARTMENT OF JUSTICE,,,,,,,,,,,,,,,,,
,ATS,20670,PATUXENT RIVER,MD,540,,US,BUILDING 1652,,NaT,20670,PATUXENT RIVER,REVIEW,MD,,DEPARTMENT OF NAVY,Y,MEDIUM,100,,,22487 CEDAR POINT RD,BUILDING 1652,,Y,,22487 CEDAR POINT RD,,,,DEPARTMENT OF NAVY,,,,,,,,,,,,,,,,,
,ATS,20521,WASHINGTON,DC,541,,US,,,NaT,20521,WASHINGTON,REVIEW,DC,,AMERICAN EMBASSY SARAJEVO,Y,MEDIUM,100,,,7130 SARAJEVO PLACE,,,Y,,7130 SARAJEVO PL,,,,AMERICAN EMBASSY SARAJEVO,,,,,,,,,,,,,,,,,
,ATS,20240,WASHINGTON,DC,542,,US,MAILSTOP 1420,,2026-01-11 12:42:03,20240,WASHINGTON,READY,DC,,DEPARMENT OF INTERIOR,Y,HIGH,80,,,1849 C STREET NW,MAILSTOP 1420,,Y,,1849 C ST NW,,,,DEPARMENT OF INTERIOR,,,,,,,,,,,,,,,,,
,ATS,33618,TAMPA,FL,543,,US,STE #131,,2026-01-11 12:42:05,33618,TAMPA,READY,FL,,DEREK EMBODY & COMPANY,Y,HIGH,80,,,13902 N. DALE MABRY HIGHWAY,SUITE 131,,Y,,13902 N DALE MABRY HWY,,,,DEREK EMBODY & COMPANY,,,,,,,,,,,,,,,,,
,ATS,53022,GERMANTOWN,WI,544,,US,SERVICE MANAGER,,2026-01-11 12:42:07,53022,GERMANTOWN,READY,WI,,DESERT AIRE,Y,HIGH,80,,,N120 W18485 FREISTADT RD,ATTN: SERVICE MANAGER,,Y,,N120 W18485 FREISTADT RD,,,,DESERT AIRE,,,,,,,,,,,,,,,,,
,ATS,20817,BETHESDA,MD,545,,US,,,2026-01-11 12:42:08,20817,BETHESDA,READY,MD,,DEVMAR,Y,HIGH,80,,,8915 MOHAWK LANE,,,Y,,8915 MOHAWK LN,,,,DEVMAR,,,,,,,,,,,,,,,,,
,ATS,27607,RALEIGH,NC,546,,US,STE #410,,2026-01-11 12:42:10,27607,RALEIGH,READY,NC,,DEWBERRY DESIGN- BUILDING,Y,HIGH,80,,,2610 WYCLIFF ROAD,SUITE 410,,Y,,2610 WYCLIFF RD,,,,DEWBERRY DESIGN- BUILDING,,,,,,,,,,,,,,,,,
,ATS,61299-8300,ROCK ISLAND,IL,547,,US,DFAS-ROCK ISLAND-HQ0303,,NaT,61299-8300,ROCK ISLAND,REVIEW,IL,,OPERATIONS LOCATION BUILDING,Y,LOW,100,,,DFAS-ROCK ISLAND-HQ0303,"OPERATIONS LOCATION, BLD 68",,Y,,OPERATIONS LOCATION BLD 68,,,,OPERATIONS LOCATION BUILDING,,,,,,,,,,,,,,,,,
,ATS,,,,548,,US,,,NaT,,,INVALID,,,DG MARCH ASSOCIATES,Y,LOW,20,,,,,,Y,,,,,,D.G. MARCH ASSOCIATES,,,,,,,,,,,,,,,,,
,ATS,20814,BETHESDA,MD,549,,US,STE #310,,2026-01-11 12:42:15,20814,BETHESDA,READY,MD,,DHA & COMPANY,Y,HIGH,80,,,4800 HAMPDEN LANE,SUITE 310,,Y,,4800 HAMPDEN LN,,,,DHA & COMPANY,,,,,,,,,,,,,,,,,
,ATS,20876,GERMANTOWN,MD,550,,US,,,2026-01-11 12:42:17,20876,GERMANTOWN,READY,MD,,DIGITAL RECEIVER TECHNOLOGY,Y,HIGH,80,,,12409 MILESTONE CENTER DRIVE,EMAIL INVOICES,,Y,,12409 MILESTONE CT DR,,,,DIGITAL RECEIVER TECHNOLOGY,,,,,,,,,,,,,,,,,
,ATS,21223,BALTIMORE,MD,551,,US,STE #103,,2026-01-11 12:42:18,21223,BALTIMORE,READY,MD,,DIME DISTRIBUTORS,Y,HIGH,80,,,14 NORTH CAREY STREET,SUITE 103,,Y,,14 N CAREY ST,,,,DIME DISTRIBUTORS,,,,,,,,,,,,,,,,,
,ATS,44236,HUDSON,OH,552,,US,,,NaT,44236,HUDSON,REVIEW,OH,,DIRECT AIR SYSTEMS,Y,MEDIUM,100,,,5650 AKRON CLEVELAND ROAD,,,Y,,5650 AKRON CLEVELAND RD,,,,DIRECT AIR SYSTEMS,,,,,,,,,,,,,,,,,
,ATS,00404,BROSSARD,QC,553,,CA,,,NaT,J4Y 0C4,BROSSARD,REVIEW,QC,,DISTECH CONTROLS INC,Y,MEDIUM,100,,,4205 PLACE DE JAVA,,,Y,,4205 PL DE JAVA,,,,"DISTECH CONTROLS, INC.",,,,,,,,,,,,,,,,,
,ATS,20705,BELTSVILLE,MD,554,,US,,,2026-01-11 12:42:24,20705,BELTSVILLE,READY,MD,,DISTRICT PHOTO INC,Y,HIGH,80,,,"10501 Rhode Island Ave,",,,Y,,10501 RHODE ISLAND AVE,,,,"DISTRICT PHOTO, INC",,,,,,,,,,,,,,,,,
,ATS,20705,BELTSVILLE,MD,555,,US,,,2026-01-11 12:42:26,20705,BELTSVILLE,READY,MD,,DISTRICT PHOTO INC,Y,HIGH,80,,,10501 Rhode Island Ave,,,Y,,10501 RHODE ISLAND AVE,,,,"DISTRICT PHOTO, INC",,,,,,,,,,,,,,,,,
,ATS,22182,VIENNA,VA,556,,US,STE #300,,2026-01-11 12:42:27,22182,VIENNA,READY,VA,,DITTMAR COMPANY,Y,HIGH,80,,,"8321 OLD COURTHOUSE RD., SUITE 300",EMAIL INVOICES,,Y,,8321 OLD CTHOUSE RD,,,,DITTMAR COMPANY,,,,,,,,,,,,,,,,,
,ATS,20166,STERLING,VA,557,,US,STE #151,,2026-01-11 12:42:29,20166,STERLING,READY,VA,,DIVISION 16 INC,Y,HIGH,80,,,45945 TREFOIL LANE,SUITE 151,,Y,,45945 TREFOIL LN,,,,"DIVISION 16, INC",,,,,,,,,,,,,,,,,
,ATS,21057,GLEN ARM,MD,558,,US,,,2026-01-11 12:42:30,21057,GLEN ARM,READY,MD,,DLD MECHANICAL SERVICES,Y,HIGH,80,,,11444 GLEN ARM RD,,,Y,,11444 GLEN ARM RD,,,,DLD MECHANICAL SERVICES,,,,,,,,,,,,,,,,,
,ATS,76012,ARLINGTON,TX,559,,US,,,2026-01-11 12:42:32,76012,ARLINGTON,READY,TX,,DMCA,Y,HIGH,80,,,2110 W. DIVISION STREET,,,Y,,2110 W DIVISION ST,,,,DMCA,,,,,,,,,,,,,,,,,
,ATS,20879,GAITHERSBURG,MD,560,,US,,,NaT,20879,GAITHERSBURG,REVIEW,MD,,DMR ASSOCIATES INC,Y,MEDIUM,100,,,15892-B GAITHER DRIVE,,,Y,,15892-B GAITHER DR,,,,"DMR ASSOCIATES, INC",,,,,,,,,,,,,,,,,
,ATS,20657,LUSBY,MD,561,,US,,,2026-01-11 12:42:35,20657,LUSBY,READY,MD,,DOMINION COVE POINT,Y,HIGH,80,,,2100 COVE POINT ROAD,,,Y,,2100 COVE POINT RD,,,,DOMINION COVE POINT,,,,,,,,,,,,,,,,,
,ATS,21227,BALTIMORE,MD,562,,US,,,2026-01-11 12:42:37,21227,BALTIMORE,READY,MD,,DOMINION ELECTRIC SUPPLY BALTIMORE,Y,HIGH,84,,,ACCOUNT CLOSED,,,Y,,,,,,DOMINION ELECTRIC SUPPLY BALTIMORE,,,,,,,,,,,,,,,,,
,ATS,22207,ARLINGTON,VA,563,,US,,,2026-01-11 12:42:38,22207,ARLINGTON,READY,VA,,DOMINION ELECTRIC SUPPLY CO INC,Y,HIGH,80,,,5053 LEE HIGHWAY,,,Y,,5053 LEE HWY,,,,"DOMINION ELECTRIC SUPPLY CO., INC.",,,,,,,,,,,,,,,,,
,ATS,22151,SPRINGFIELD,VA,564,,US,STE #100,,NaT,22151,SPRINGFIELD,REVIEW,VA,,DOMINION MECHANICAL,Y,MEDIUM,100,,,5265 PORT ROYAL ROAD,SUITE 100,,Y,,5265 PORT ROYAL RD,,,,DOMINION MECHANICAL -email,,,,,,,,,,,,,,,,,
,ATS,21001,ABERDEEN,MD,565,,US,,,2026-01-11 12:42:42,21001,ABERDEEN,READY,MD,,DONLEY CONSTRUCTION LLC,Y,HIGH,80,,,716 SOUTH PHILADELPHIA BLVD,,,Y,,716 S PHILADELPHIA BLVD,,,,"DONLEY CONSTRUCTION, LLC",,,,,,,,,,,,,,,,,
,ATS,19901,DOVER,DE,566,,US,,,2026-01-11 12:42:43,19901,DOVER,READY,DE,,DOVER ELECTRIC SUPPLY CO,Y,HIGH,80,,,1631 S. DUPONT HIGHWAY,,,Y,,1631 S DUPONT HWY,,,,DOVER ELECTRIC SUPPLY CO.,,,,,,,,,,,,,,,,,
,ATS,35209,BIRMINGHAM,AL,567,,US,,,2026-01-11 12:42:45,35209,BIRMINGHAM,READY,AL,,DOWDY & ASSOCIATES INC,Y,HIGH,80,,,149 WEST VALLEY AVENUE,,,Y,,149 W VALLEY AVE,,,,"DOWDY AND ASSOCIATES, INC.",,,,,,,,,,,,,,,,,
,ATS,20007,WASHINGTON,DC,568,,US,,,2026-01-11 12:42:47,20007,WASHINGTON,READY,DC,,DOWN DOG YOGA GEORGETOWN,Y,HIGH,80,,,1229 34TH STREET NORTHWEST,,,Y,,1229 34TH ST NW,,,,DOWN DOG YOGA GEORGETOWN,,,,,,,,,,,,,,,,,
,ATS,20794,JESSUP,MD,569,,US,,,2026-01-11 12:42:48,20794,JESSUP,READY,MD,,DOYLE SYSTEMS,Y,HIGH,80,,,10610 IRON BRIDGE RD,EMAIL INVOICES,,Y,,10610 IRON BRIDGE RD,,,,DOYLE SYSTEMS,,,,,,,,,,,,,,,,,
,ATS,32801,ORLANDO,FL,570,,US,STE #100,,2026-01-11 12:42:50,32801,ORLANDO,READY,FL,,DPR CONSTRUCTION,Y,HIGH,80,,,"315 EAST ROBINSON ST., SUITE 100",,,Y,,315 E ROBINSON ST,,,,DPR CONSTRUCTION,,,,,,,,,,,,,,,,,
,ATS,21005,ABERDEEN PROVING GRN,MD,571,,US,,,NaT,21005,ABERDEEN PROVING GRN,REVIEW,MD,,DIRECTORATE OF PUBLIC WORKS,Y,MEDIUM,100,,,347 TOWER RD,,,Y,,347 TOWER RD,,,,DIRECTORATE OF PUBLIC WORKS,,,,,,,,,,,,,,,,,
,ATS,20759,FULTON,MD,572,,US,STE #160,,2026-01-11 12:42:53,20759,FULTON,READY,MD,,DR JERRY RADAS,Y,HIGH,80,,,7625 MAPLE LAWN BLVD,SUITE 160,,Y,,7625 MAPLE LAWN BLVD,,,,DR. JERRY RADAS,,,,,,,,,,,,,,,,,
,ATS,70814,BATON ROUGE,LA,573,,US,,,2026-01-11 12:42:55,70814,BATON ROUGE,READY,LA,,DRYOMATIC,Y,HIGH,80,,,7924 RECO AVE,,,Y,,7924 RECO AVE,,,,DRYOMATIC,,,,,,,,,,,,,,,,,
,ATS,21244,WINDSOR MILL,MD,574,,US,,,2026-01-11 12:42:56,21244,WINDSOR MILL,READY,MD,,DUBOIS CONSTRUCTION INC,Y,HIGH,80,,,7126 DOGWOOD RD,,,Y,,7126 DOGWOOD RD,,,,"DUBOIS CONSTRUCTION, INC",,,,,,,,,,,,,,,,,
,ATS,20166,STERLING,VA,575,,US,STE #150,,2026-01-11 12:42:58,20166,STERLING,READY,VA,,DULLES ELECTRICAL SUPPLY,Y,HIGH,80,,,22570 SHAW ROAD,SUITE 150,,Y,,22570 SHAW RD,,,,DULLES ELECTRICAL SUPPLY,,,,,,,,,,,,,,,,,
,ATS,46244,INDIANAPOLIS,IA,576,,US,,,NaT,46244,INDIANAPOLIS,REVIEW,IA,,DUNCAN SUPPLY COMPANY,Y,MEDIUM,70,,,PO BOX 441280,,,Y,,PO BOX 441280,,,,DUNCAN SUPPLY COMPANY,,,,,,,,,,,,,,,,,
,ATS,19880-0040,WILMINGTON,DE,577,,US,,,NaT,19880-0040,WILMINGTON,REVIEW,DE,,DUPONT SPECIALTY PRODUCTS USA LLC,Y,MEDIUM,70,,,ATTN: ACCOUNTS PAYABLE DEPARTMENT,P.O. BOX 80040,,Y,,PO BOX 80040,,,,"DUPONT SPECIALTY PRODUCTS USA, LLC",,,,,,,,,,,,,,,,,
,ATS,22116,MERRIFIELD,VA,578,,US,NXS#: ADVTHE - NJ1,,NaT,22116,MERRIFIELD,REVIEW,VA,,DUPONT FABROS,Y,MEDIUM,70,,,NXS#: ADVTHE - NJ1,P.O. BOX 7643,,Y,,PO BOX 7643,,,,DUPONT FABROS - NJ,,,,,,,,,,,,,,,,,
,ATS,93118-2612,GOLETA,CA,579,,US,DIGITAL REALITY,,NaT,93118-2612,GOLETA,REVIEW,CA,,FOX PROPERTIES LLC,Y,MEDIUM,70,,,BB#00-v0003844-p700301,PO BOX 82612 - EMAIL,,Y,,PO BOX 82612,,,,DIGITAL REALITY- VA4/ACC4,,,,,,,,,,,,,,,,,
,ATS,93118-2612,GOLETA,CA,580,,US,DIGITAL REALITY,,NaT,93118-2612,GOLETA,REVIEW,CA,,ACC3 - DFT DATA CENTERS,Y,MEDIUM,70,,,DIGITAL REALITY,PO BOX 82612 - EMAIL,,Y,,PO BOX 82612,,,,ACC3 - DFT DATA CENTERS,,,,,,,,,,,,,,,,,
,ATS,93118-2612,GOLETA,CA,581,,US,DIGITAL REALITY,,NaT,93118-2612,GOLETA,REVIEW,CA,,FOX PROPERTIES LLC,Y,MEDIUM,70,,,DIGITAL REALITY-EMAIL,PO BOX 82612,,Y,,PO BOX 82612,,,,"FOX PROPERTIES, LLC (ACC6)",,,,,,,,,,,,,,,,,
,ATS,93118-2612,GOLETA,CA,582,,US,DIGITAL REALITY,,NaT,93118-2612,GOLETA,REVIEW,CA,,FOX PROPERTIES LLC,Y,MEDIUM,70,,,DIGITAL REALITY,PO BOX 82612 - EMAIL,,Y,,PO BOX 82612,,,,"FOX PROPERTIES, LLC (ACC5)",,,,,,,,,,,,,,,,,
,ATS,93118-2612,GOLETA,CA,583,,US,DIGITAL REALITY,,NaT,93118-2612,GOLETA,REVIEW,CA,,DUPONT FABROS TECHNOLOGY,Y,MEDIUM,70,,,BB# 00-v0003844-p701101,PO BOX 82612 - EMAIL,,Y,,PO BOX 82612,,,,DUPONT FABROS TECHNOLOGY,,,,,,,,,,,,,,,,,
,ATS,21754,IJAMSVILLE,MD,584,,US,STE #201,,2026-01-11 12:43:00,21754,IJAMSVILLE,READY,MD,,DUSTIN CONSTRUCTION INC,Y,HIGH,80,,,2510 URBANA PIKE,SUITE 201,,Y,,2510 URBANA PIKE,,,,"DUSTIN CONSTRUCTION, INC.",,,,,,,,,,,,,,,,,
,ATS,21222,BALTIMORE,MD,585,,US,,,2026-01-11 12:43:01,21222,BALTIMORE,READY,MD,,DVORAK LLC,Y,HIGH,80,,,2700 NORTH POINT BLVD,,,Y,,2700 N POINT BLVD,,,,"DVORAK, LLC",,,,,,,,,,,,,,,,,
,ATS,22312,ALEXANDRIA,VA,586,,US,,,NaT,22312,ALEXANDRIA,REVIEW,VA,,DW SOLUTIONS LLC,Y,MEDIUM,100,,,5645U GENERAL WASHINGTON DRIVE,EMAIL INVOICE,,Y,,5645U GENERAL WASHINGTON DR,,,,"DW SOLUTIONS, LLC",,,,,,,,,,,,,,,,,
,ATS,20166,DULLES,VA,587,,US,STE #100,,NaT,20166,DULLES,REVIEW,VA,,DYNALECTRIC COMPANY,Y,MEDIUM,100,,,"22930 SHAW ROAD, SUITE 100",EMAIL INVOICES,,Y,,22930 SHAW RD,,,,DYNALECTRIC COMPANY,,,,,,,,,,,,,,,,,
,ATS,08542,PRINCETION,NJ,588,,US,,,NaT,08542,PRINCETION,REVIEW,NJ,,DYNAMIC AIR QUALITY,Y,MEDIUM,70,,,PO BOX 1258,,,Y,,PO BOX 1258,,,,DYNAMIC AIR QUALITY,,,,,,,,,,,,,,,,,
,ATS,20902,WHEATON,MD,589,,US,STE LLH-18 #240,,2026-01-11 12:43:06,20902,WHEATON,READY,MD,,DYNAMIC MECHANICAL CONTRACTORS,Y,HIGH,80,,,"11160 VEIRS MILL RD., STE LLH-18 #240",EMAIL INVOICES,,Y,,11160 VEIRS MILL RD,,,,DYNAMIC MECHANICAL CONTRACTORS,,,,,,,,,,,,,,,,,
,ATS,21237,BALTIMORE,MD,590,,US,STE #J,,2026-01-11 12:43:08,21237,BALTIMORE,READY,MD,,DYNASTICS,Y,HIGH,80,,,9351 PHILADELPHIA ROAD,SUITE J,,Y,,9351 PHILADELPHIA RD,,,,DYNASTICS,,,,,,,,,,,,,,,,,
,ATS,20904,SILVER SPRING,MD,591,,US,,,NaT,20904,SILVER SPRING,REVIEW,MD,,DYNATEMP,Y,MEDIUM,100,,,12059 TECH ROAD,,,Y,,12059 TECH RD,,,,DYNATEMP,,,,,,,,,,,,,,,,,
,ATS,21666,STEVENSVILLE,MD,592,,US,,,2026-01-11 12:43:11,21666,STEVENSVILLE,READY,MD,,E C ERNST INC,Y,HIGH,80,,,132 LOG CANOE CIRCLE,,,Y,,132 LOG CANOE CIR,,,,"E. C. ERNST, INC",,,,,,,,,,,,,,,,,
,ATS,21221,BALTIMORE,MD,593,,US,,,2026-01-11 12:43:13,21221,BALTIMORE,READY,MD,,EAGLE ENGINEERING,Y,HIGH,80,,,8869 CITATION ROAD,,,Y,,8869 CITATION RD,,,,EAGLE ENGINEERING,,,,,,,,,,,,,,,,,
,ATS,20007,WASHINGTON,DC,594,,US,STE #104,,2026-01-11 12:43:14,20007,WASHINGTON,READY,DC,,EAST COAST MECHANICAL LLC,Y,HIGH,80,,,"4471 MACARTHUR BLVD., NW",SUITE 104,,Y,,4471 MACARTHUR BLVD NW,,,,"EAST COAST MECHANICAL, LLC",,,,,,,,,,,,,,,,,
,ATS,21801,SALISBURY,MD,595,,US,STE #A,,2026-01-11 12:43:16,21801,SALISBURY,READY,MD,,EAST COAST PLUMBING,Y,HIGH,80,,,2523 N SALISBURY BLVD,SUITE A,,Y,,2523 N SALISBURY BLVD,,,,EAST COAST PLUMBING,,,,,,,,,,,,,,,,,
,ATS,20874,GERMANTOWN,MD,596,,US,,,2026-01-11 12:43:18,20874,GERMANTOWN,READY,MD,,EASTERN HVAC CONTROLS LLC,Y,HIGH,80,,,19017 PARTRIDGE WOOD DR,,,Y,,19017 PARTRIDGE WOOD DR,,,,"EASTERN HVAC CONTROLS, LLC",,,,,,,,,,,,,,,,,
,ATS,21613,CAMBRIDGE,MD,597,,US,,,NaT,21613,CAMBRIDGE,REVIEW,MD,,EASTERN SHORE MEDICAL CENTER,Y,MEDIUM,70,,,PO BOX 800,,,Y,,PO BOX 800,,,,EASTERN SHORE MEDICAL CENTER,,,,,,,,,,,,,,,,,
,ATS,21904,PORT DEPOSIT,MD,598,,US,,,NaT,21904,PORT DEPOSIT,REVIEW,MD,,EASTERN TECHNICAL INC,Y,MEDIUM,70,,,P.O. BOX 308,EMAIL INVOICE,,Y,,PO BOX 308,,,,"EASTERN TECHNICAL, INC.",,,,,,,,,,,,,,,,,
,ATS,21234,BALTIMORE,MD,599,,US,#A,,2026-01-11 12:43:19,21234,BALTIMORE,READY,MD,,EBL ENGINEERS LLC,Y,HIGH,80,,,8005 HARFORD ROAD,#A,,Y,,8005 HARFORD RD,,,,"EBL ENGINEERS, LLC",,,,,,,,,,,,,,,,,
,ATS,29569,LORIS,SC,600,,US,,,NaT,29569,LORIS,REVIEW,SC,,EBTRON COMMISSION,Y,MEDIUM,100,,,1663 HIGHWAY 701 SOUTH,,,Y,,1663 HWY 701 S,,,,EBTRON COMMISSION,,,,,,,,,,,,,,,,,
,ATS,20639,HUNTINGTOWN,MD,601,,US,,,2026-01-11 12:43:23,20639,HUNTINGTOWN,READY,MD,,ED STEELE,Y,HIGH,80,,,85 SOUTH VIEW DRIVE,,,Y,,85 S VIEW DR,,,,ED STEELE,,,,,,,,,,,,,,,,,
,ATS,22407,FREDERICKSBURG,VA,602,,US,,,NaT,22407,FREDERICKSBURG,REVIEW,VA,,EDDIE SMITH,Y,MEDIUM,100,,,607 CASEY PLACE,,,Y,,607 CASEY PL,,,,EDDIE SMITH,,,,,,,,,,,,,,,,,
,ATS,21286,TOWSON,MD,603,,US,,,2026-01-11 12:43:26,21286,TOWSON,READY,MD,,EDENWALD RETIREMENT HOME,Y,HIGH,80,,,800 SOUTHERLY RD,,,Y,,800 SERLY RD,,,,EDENWALD RETIREMENT HOME,,,,,,,,,,,,,,,,,
,ATS,21010-5424,APG,MD,604,,US,USA RDECOM AMSRD-ECB-CB-L/E517,,NaT,21010-5424,APG,REVIEW,MD,,EDGEWOOD ARSENAL,Y,MEDIUM,100,,,USA RDECOM AMSRD-ECB-CB-L/E517,5183 BLACKWAWK RD,,Y,,5183 BLACKWAWK RD,,,,EDGEWOOD ARSENAL,,,,,,,,,,,,,,,,,
,ATS,21202,BALTIMORE,MD,605,,US,,,2026-01-11 12:43:30,21202,BALTIMORE,READY,MD,,EDVARD VITKAUSKAS,Y,HIGH,80,,,ED FITZPATRICK,701 SAINT PAUL STREET,,Y,,701 SAINT PAUL ST,,,,EDVARD VITKAUSKAS,,,,,,,,,,,,,,,,,
,ATS,21223,BALTIMORE,MD,606,,US,,,NaT,21223,BALTIMORE,REVIEW,MD,,EESCO PUMP & VALVE INC,Y,MEDIUM,70,,,PO BOX 4426,,,Y,,PO BOX 4426,,,,"EESCO PUMP & VALVE, INC.",,,,,,,,,,,,,,,,,
,ATS,17340,LITTLESTOWN,PA,607,,US,,,NaT,17340,LITTLESTOWN,REVIEW,PA,,EJ BUILDING DESIGN,Y,MEDIUM,100,,,133 TWO TAVERNS ROAD,,,Y,,133 TWO TAVERNS RD,,,,EJ BUILDING DESIGN,,,,,,,,,,,,,,,,,
,ATS,21061,GLEN BURNIE,MD,608,,US,,,2026-01-11 12:43:33,21061,GLEN BURNIE,READY,MD,,E J VARHOLY & SONS INC,Y,HIGH,80,,,6710-F RITCHIE HIGHWAY #429,,,Y,,6710-F RITCHIE HWY #429,,,,"E. J.  VARHOLY & SONS, INC.",,,,,,,,,,,,,,,,,
,ATS,21234,BALTIMORE,MD,609,,US,,,2026-01-11 12:43:34,21234,BALTIMORE,READY,MD,,ELBOW BEACH CONDO ASSOCIATION,Y,HIGH,80,,,7526 HARFORD ROAD,,,Y,,7526 HARFORD RD,,,,ELBOW BEACH CONDO ASSOCIATION,,,,,,,,,,,,,,,,,
,ATS,20850,ROCKVILLE,MD,610,,US,,,2026-01-11 12:43:36,20850,ROCKVILLE,READY,MD,,ELECTRIC ADVANTAGE,Y,HIGH,80,,,1084 TAFT STREET,,,Y,,1084 TAFT ST,,,,ELECTRIC ADVANTAGE,,,,,,,,,,,,,,,,,
,ATS,21122,PASADENA,MD,611,,US,,,2026-01-11 12:43:37,21122,PASADENA,READY,MD,,ELECTRICAL AUTOMATION SERVICES INC,Y,HIGH,80,,,3410 MOUNTAIN ROAD,EMAIL INVOICES,,Y,,3410 MOUNTAIN RD,,,,"ELECTRICAL AUTOMATION SERVICES, INC",,,,,,,,,,,,,,,,,
,ATS,21704,FREDERICK,MD,612,,US,UNIT M,,2026-01-11 12:43:39,21704,FREDERICK,READY,MD,,ELECTRICAL DESIGN INC,Y,HIGH,80,,,3507 METROPOLITAN COURT,UNIT M,,Y,,3507 METROPOLITAN CT,,,,"ELECTRICAL DESIGN, INC. -EMAIL",,,,,,,,,,,,,,,,,
,ATS,21209,BALTIMORE,MD,613,,US,,,2026-01-11 12:43:41,21209,BALTIMORE,READY,MD,,ELECTRICO INC,Y,HIGH,80,,,1300 RACQUET ROAD,EMAIL INVOICES,,Y,,1300 RACQUET RD,,,,"ELECTRICO, INC.",,,,,,,,,,,,,,,,,
,ATS,04256-5724,MECHANIC FALLS,ME,614,,US,,,2026-01-11 12:43:42,04256-5724,MECHANIC FALLS,READY,ME,,ELECTRO STATIC TECHNOLOGY-ITW,Y,HIGH,80,,,31 WINTERBROOK ROAD,,,Y,,31 WINTERBROOK RD,,,,ELECTRO STATIC TECHNOLOGY-ITW,,,,,,,,,,,,,,,,,
,ATS,20175,LEESBURG,VA,615,,US,,,NaT,20175,LEESBURG,REVIEW,VA,,ELECTRONIC INSTRUMENTATION & TECH,Y,MEDIUM,100,,,309 KELLY'S FORD PLAZA SE,,,Y,,309 KELLY'S FORD PLAZA SE,,,,ELECTRONIC INSTRUMENTATION AND TECH,,,,,,,,,,,,,,,,,
,ATS,20110,MANASSAS,VA,616,,US,,,2026-01-11 12:43:46,20110,MANASSAS,READY,VA,,ELIAS & SONS PLUMBING LLC,Y,HIGH,80,,,EMAIL INVOICE,8615 QUARRY RD,,Y,,8615 QUARRY RD,,,,ELIAS AND SONS PLUMBING LLC,,,,,,,,,,,,,,,,,
,ATS,20015,WASHINGTON,DC,617,,US,,,2026-01-11 12:43:47,20015,WASHINGTON,READY,DC,,ELIZABETH ODOM,Y,HIGH,80,,,"3211 TENNYSON STREET, NW",,,Y,,3211 TENNYSON ST NW,,,,ELIZABETH ODOM,,,,,,,,,,,,,,,,,
,ATS,,,,618,,US,,,NaT,,,INVALID,,,ELLIOTT'S MECHANICAL,Y,LOW,20,,,,,,Y,,,,,,ELLIOTT'S MECHANICAL,,,,,,,,,,,,,,,,,
,ATS,92117,SAN DIEGO,CA,619,,US,STE #210,,2026-01-11 12:43:50,92117,SAN DIEGO,READY,CA,,ELLIS CONTRACTING,Y,HIGH,80,,,4010 MORENA BLVD.,SUITE 210,,Y,,4010 MORENA BLVD,,,,ELLIS CONTRACTING,,,,,,,,,,,,,,,,,
,ATS,20020,WASHINGTON,DC,620,,US,STE #101,,NaT,20020,WASHINGTON,REVIEW,DC,,EMBARQ SOLUTIONS LLC,Y,MEDIUM,100,,,"1227 GOOD HOPE ROAD, SUITE 101",EMAIL INVOICES,,Y,,1227 GOOD HOPE RD,,,,"EMBARQ SOLUTIONS, LLC",,,,,,,,,,,,,,,,,
,ATS,20036,WASHINGTON,DC,621,,US,,,2026-01-11 12:43:55,20036,WASHINGTON,READY,DC,,EMBASSY OF PORTUGAL,Y,HIGH,80,,,"2012 MASSACHUSETTS AVE, NW",,,Y,,2012 MASSACHUSETTS AVE NW,,,,EMBASSY OF PORTUGAL,,,,,,,,,,,,,,,,,
,ATS,21220,MIDDLE RIVER,MD,622,,US,,,2026-01-11 12:43:56,21220,MIDDLE RIVER,READY,MD,,EMCOR FACILITIES,Y,HIGH,80,,,195 CHESAPEAKE PARK PLAZA,,,Y,,195 CHESAPEAKE PARK PLAZA,,,,EMCOR FACILITIES,,,,,,,,,,,,,,,,,
,ATS,22310,ALEXANDRIA,VA,623,,US,STE #600,,2026-01-11 12:43:58,22310,ALEXANDRIA,READY,VA,,EMCOR GOVERNMENT SERVICES,Y,HIGH,80,,,6363 WALKER LANE,SUITE 600,,Y,,6363 WALKER LN,,,,EMCOR GOVERNMENT SERVICES - EMAIL,,,,,,,,,,,,,,,,,
,ATS,20850,ROCKVILLE,MD,624,,US,,,NaT,20850,ROCKVILLE,REVIEW,MD,,EMCOR SERVICES,Y,MEDIUM,100,,,ACCOUNTS PAYABLE SPECIALITST,643 LOFTSTRAND LANE,,Y,,643 LOFTSTRAND LN,,,,EMCOR SERVICES,,,,,,,,,,,,,,,,,
,ATS,48906,LANSING,MI,625,,US,BLVD,,2026-01-11 12:44:01,48906,LANSING,READY,MI,,EMERGENT BIOSOLUTIONS,Y,HIGH,80,,,3500 N. MARTIN LUTHER KING JR.,BLVD - EMAIL,,Y,,3500 N MARTIN LUTHER KING JR,,,,EMERGENT BIOSOLUTIONS,,,,,,,,,,,,,,,,,
,ATS,20879,GAITHERSBURG,MD,626,,US,STE #400,,2026-01-11 12:44:03,20879,GAITHERSBURG,READY,MD,,EMERGENT MANUFACTURING OPERATIONS BALTI,Y,HIGH,80,,,400 PROFESSIONAL DR,SUITE 400,,Y,,400 PROFESSIONAL DR,,,,EMERGENT MANUFACTURING OPERATIONS BALTI,,,,,,,,,,,,,,,,,
,ATS,20670,NAS PATUXENT RIVER,MD,627,,US,BLDG 589,,NaT,20670,NAS PATUXENT RIVER,REVIEW,MD,,EMI SERVICES/TECHFLOW,Y,MEDIUM,100,,,47381 EMORY ROAD,BLDG 589 - EMAIL INVOICES,,Y,,47381 EMORY RD,,,,EMI SERVICES/TECHFLOW,,,,,,,,,,,,,,,,,
,ATS,21207,BALTIMORE,MD,628,,US,,,2026-01-11 12:44:06,21207,BALTIMORE,READY,MD,,EMJAY ENGINEERING,Y,HIGH,80,,,1706 WHITEHEAD ROAD,EMAIL INVOICES,,Y,,1706 WHITEHEAD RD,,,,EMJAY ENGINEERING,,,,,,,,,,,,,,,,,
,ATS,22151,SPRINGFIELD,VA,629,,US,,,2026-01-11 12:44:08,22151,SPRINGFIELD,READY,VA,,EMR,Y,HIGH,80,,,5415-B BACKLICK ROAD,,,Y,,5415-B BACKLICK RD,,,,EMR,,,,,,,,,,,,,,,,,
,ATS,21237,ROSEDALE,MD,630,,US,STE #H,,2026-01-11 12:44:09,21237,ROSEDALE,READY,MD,,EMR- ELECTRIC MOTOR REPAIRS CO,Y,HIGH,80,,,9100 YELLOW BRICK RD,SUITE H  - EMAIL,,Y,,9100 YELLOW BRICK RD,,,,EMR- ELECTRIC MOTOR REPAIRS CO,,,,,,,,,,,,,,,,,
,ATS,20877,GAITHERSBURG,MD,631,,US,,,NaT,20877,GAITHERSBURG,REVIEW,MD,,ELECTRO MECHINICAL SALES COMPANY,Y,MEDIUM,100,,,8529 MUSCATELLO CT,,,Y,,8529 MUSCATELLO CT,,,,ELECTRO MECHINICAL SALES COMPANY,,,,,,,,,,,,,,,,,
,ATS,22193,WOODBRIDGE,VA,632,,US,,,2026-01-11 12:44:13,22193,WOODBRIDGE,READY,VA,,EMTECH,Y,HIGH,80,,,14821 CHERRYDALE DRIVE,,,Y,,14821 CHERRYDALE DR,,,,EMTECH,,,,,,,,,,,,,,,,,
,ATS,20877,GAITHERSBURG,MD,633,,US,STE #F,,2026-01-11 12:44:14,20877,GAITHERSBURG,READY,MD,,ENCON GROUP INC,Y,HIGH,80,,,630 EAST DIAMOND AVENUE,SUITE F,,Y,,630 E DIAMOND AVE,,,,"ENCON GROUP, INC.",,,,,,,,,,,,,,,,,
,ATS,22314,ALEXANDRIA,VA,634,,US,,,2026-01-11 12:44:16,22314,ALEXANDRIA,READY,VA,,ENERGESCO MECHANICAL,Y,HIGH,80,,,1000 CAMERON STREET,EMAIL INVOICES,,Y,,1000 CAMERON ST,,,,ENERGESCO MECHANICAL,,,,,,,,,,,,,,,,,
,ATS,19380,WEST CHESTER,PA,635,,US,STE #300,,2026-01-11 12:44:17,19380,WEST CHESTER,READY,PA,,ENERGY TRANSFER SOLUTIONS,Y,HIGH,80,,,1220 WARD AVENUE,SUITE 300 - EMAIL,,Y,,1220 WARD AVE,,,,ENERGY TRANSFER SOLUTIONS,,,,,,,,,,,,,,,,,
,ATS,08054,MT LAUREL,NJ,636,,US,ATTN: ACCOUNTS PAYABLE,,2026-01-11 12:44:19,08054,MT. LAUREL,READY,NJ,,ENGILITY CORPORATION,Y,HIGH,80,,,11000 COMMERCE PARKWAY,ATTN: ACCOUNTS PAYABLE,,Y,,11000 COMMERCE PKWY,,,,ENGILITY CORPORATION,,,,,,,,,,,,,,,,,
,ATS,20166,STERLING,VA,637,,US,STE #100,,NaT,20166,STERLING,REVIEW,VA,,ENGINEERED SERVICES INC,Y,MEDIUM,100,,,43670 TRADE CENTER PLACE,SUITE 100,,Y,,43670 TRADE CT PL,,,,"ENGINEERED SERVICES, INC",,,,,,,,,,,,,,,,,
,ATS,20007,WASHINGTON,DC,638,,US,,,2026-01-11 12:44:23,20007,WASHINGTON,READY,DC,,GERALD P BRAWNER INC DBA ENGINEERS OUT,Y,HIGH,80,,,"1048 29TH STREET, NW",EMAIL INVOICES,,Y,,1048 29TH ST NW,,,,"GERALD P BRAWNER, INC DBA ENGINEERS OUT",,,,,,,,,,,,,,,,,
,ATS,21213,BALTIMORE,MD,639,,US,,,2026-01-11 12:44:25,21213,BALTIMORE,READY,MD,,ENTERPRISE ELECTRIC CO,Y,HIGH,80,,,4204 SHANNON DRIVE,,,Y,,4204 SHANNON DR,,,,ENTERPRISE ELECTRIC CO.,,,,,,,,,,,,,,,,,
,ATS,20777,HIGHLAND,MD,640,,US,,,NaT,20777,HIGHLAND,REVIEW,MD,,ENVIRO-TEK SERVICES,Y,MEDIUM,70,,,PO BOX 159,,,Y,,PO BOX 159,,,,ENVIRO-TEK SERVICES,,,,,,,,,,,,,,,,,
,ATS,21234,BALTIMORE,MD,641,,US,,,2026-01-11 12:44:26,21234,BALTIMORE,READY,MD,,ENVIROCON ASSOCIATES,Y,HIGH,80,,,8314 HARFORD ROAD,,,Y,,8314 HARFORD RD,,,,ENVIROCON ASSOCIATES,,,,,,,,,,,,,,,,,
,ATS,22151,SPRINGFIELD,VA,642,,US,,,NaT,22151,SPRINGFIELD,REVIEW,VA,,ENVIROMENTAL & POWER SERVICES INC,Y,MEDIUM,100,,,5405-D PORT ROYAL ROAD,EMAIL INVOICE,,Y,,5405-D PORT ROYAL RD,,,,"ENVIROMENTAL & POWER SERVICES, INC.",,,,,,,,,,,,,,,,,
,ATS,20707,LAUREL,MD,643,,US,,,2026-01-11 12:44:30,20707,LAUREL,READY,MD,,ENVIRONMENTAL OPERATING SYSTEMS INC,Y,HIGH,80,,,511 4TH STREET,,,Y,,511 4TH ST,,,,"ENVIRONMENTAL OPERATING SYSTEMS, INC",,,,,,,,,,,,,,,,,
,ATS,27415-3006,GREENSBORO,NC,644,,US,,,NaT,27415-3006,GREENSBORO,REVIEW,NC,,ENVIRONMENTAL AIR SYSTEMS,Y,MEDIUM,70,,,P.O. BOX 13006,,,Y,,PO BOX 13006,,,,ENVIRONMENTAL AIR SYSTEMS,,,,,,,,,,,,,,,,,
,ATS,21030,COCKEYSVILLE,MD,645,,US,,,2026-01-11 12:44:31,21030,Cockeysville,READY,MD,,ENVIRONMENTAL MECHANICAL SERVICES INC,Y,HIGH,80,,,10819 Williamson Lane,,,Y,,10819 WILLIAMSON LN,,,,"Environmental Mechanical Services, Inc.",,,,,,,,,,,,,,,,,
,ATS,21045,COLUMBIA,MD,646,,US,STE #300,,2026-01-11 12:44:33,21045,COLUMBIA,READY,MD,,ENVIROSMART,Y,HIGH,80,,,8600 SNOWDEN RIVER PKWY,SUITE 300 - EMAIL,,Y,,8600 SNOWDEN RIVER PKWY,,,,ENVIROSMART,,,,,,,,,,,,,,,,,
,ATS,20166,STERLING,VA,647,,US,STE #100,,2026-01-11 12:44:34,20166,STERLING,READY,VA,,SOUTHLAND INDUSTRIES,Y,HIGH,80,,,21670 RIDGETOP CIRCLE,SUITE 100 - EMAIL,,Y,,21670 RIDGETOP CIR,,,,Do not use - Southland Industries,,,,,,,,,,,,,,,,,
,ATS,96786,AIEA,HI,648,,US,STE ## 305,,2026-01-11 12:44:36,96786,AIEA,READY,HI,,EPC SERVICE INC,Y,HIGH,80,,,98-021 KAMEHAMEHA HWY,SUITE # 305  EMAIL INVOICE,,Y,,98-021 KAMEHAMEHA HWY,,,,"EPC SERVICE, INC",,,,,,,,,,,,,,,,,
,ATS,22151,SPRINGFIELD,VA,649,,US,,,NaT,22151,SPRINGFIELD,REVIEW,VA,,ENIVIROMENTAL & POWER SERVICES,Y,MEDIUM,100,,,5405-D PORT ROYAL ROAD,,,Y,,5405-D PORT ROYAL RD,,,,ENIVIROMENTAL & POWER SERVICES,,,,,,,,,,,,,,,,,
,ATS,33602,TAMPA,FL,650,,US,STE 700,,2026-01-11 12:44:39,33602,TAMPA,READY,FL,,EQUINIX INC,Y,HIGH,80,,,EQUINIX -email invoice,302 KNIGHTS RUN AVE - STE 700,,Y,,302 KNIGHTS RUN AVE,,,,EQUINIX INC.,,,,,,,,,,,,,,,,,
,ATS,07444,POMPTON PLAINS,NJ,651,,US,,,NaT,07444,POMPTON PLAINS,REVIEW,NJ,,ERICKSON RETIREMENT COMMUNITIES,Y,MEDIUM,100,,,1 CEDAR CREST VILLAGE,,,Y,,1 CEDAR CREST DR,,,,ERICKSON CEDAR CREST,,,,,,,,,,,,,,,,,
,ATS,21228-0002,CATONSVILLE,MD,652,,US,,,NaT,21228-0002,CATONSVILLE,REVIEW,MD,,ERICKSON LIVING MANAGEMENT,Y,MEDIUM,70,,,MAIL STOP -email,PO BOX 13600,,Y,,PO BOX 13600,,,,ERICKSON LIVING MANAGEMENT,,,,,,,,,,,,,,,,,
,ATS,21228,CATONSVILLE,MD,653,,US,MAIL STOP 605-10340,,NaT,21228,CATONSVILLE,REVIEW,MD,,ERICKSON GREENSPING VILLAGE,Y,MEDIUM,70,,,MAIL STOP 605-10340,P.O. BOX 13600,,Y,,PO BOX 13600,,,,ERICKSON GREENSPING VILLAGE,,,,,,,,,,,,,,,,,
,ATS,21228,CATONSVILLE,MD,654,,US,MAIL STOP 612,,NaT,21228,CATONSVILLE,REVIEW,MD,,ERICKSON MARIS GROVE,Y,MEDIUM,70,,,MAIL STOP 612,P.O. BOX 13600,,Y,,PO BOX 13600,,,,ERICKSON MARIS GROVE,,,,,,,,,,,,,,,,,
,ATS,21228,CATONSVILLE,MD,655,,US,MAIL STOP 62510340,,NaT,21228,CATONSVILLE,REVIEW,MD,,ERICKSON RETIREMENT COMMUNITIES,Y,MEDIUM,70,,,MAIL STOP 62510340,PO BOX 13600,,Y,,PO BOX 13600,,,,ERICKSON RETIREMENT COMMUNITIES,,,,,,,,,,,,,,,,,
,ATS,21228,CATONSVILLE,MD,656,,US,MAIL STOP 603,,NaT,21228,CATONSVILLE,REVIEW,MD,,OAK CREST VILLAGE,Y,MEDIUM,70,,,MAIL STOP 603,P.O. BOX 13600,,Y,,PO BOX 13600,,,,OAK CREST VILLAGE,,,,,,,,,,,,,,,,,
,ATS,21224,BALTIMORE,MD,657,,US,,,2026-01-11 12:44:42,21224,BALTIMORE,READY,MD,,ESSILOR,Y,HIGH,80,,,2111 VAN DEMAN STREET,,,Y,,2111 VAN DEMAN ST,,,,ESSILOR - BALTIMORE,,,,,,,,,,,,,,,,,
,ATS,22718,CULPEPER,VA,658,,US,,,2026-01-11 12:44:45,22718,CULPEPER,READY,VA,,EURO-COMPOSITES CORP,Y,HIGH,80,,,13213 AIRPARK DRIVE,,,Y,,13213 AIRPARK DR,,,,EURO-COMPOSITES CORP.,,,,,,,,,,,,,,,,,
,ATS,21158,WESTMINSTER,MD,659,,US,,,NaT,21158,WESTMINSTER,REVIEW,MD,,EVAPCO INC,Y,MEDIUM,70,,,P.O. BOX 1300,,,Y,,PO BOX 1300,,,,"EVAPCO, INC.",,,,,,,,,,,,,,,,,
,ATS,21237,ROSEDALE,MD,660,,US,,,2026-01-11 12:44:46,21237,ROSEDALE,READY,MD,,EXCEL MECHANICAL CONTRACTORS LLC,Y,HIGH,80,,,8987 YELLOW BRICK ROAD,EMAIL INVOICES,,Y,,8987 YELLOW BRICK RD,,,,"EXCEL MECHANICAL CONTRACTORS, LLC",,,,,,,,,,,,,,,,,
,ATS,21297,BALTIMORE,MD,661,,US,,,NaT,21297,BALTIMORE,REVIEW,MD,,EXELON CORPORATION,Y,MEDIUM,70,,,P.O. BOX 17456,EMAIL,,Y,,PO BOX 17456,,,,EXELON CORPORATION,,,,,,,,,,,,,,,,,
,ATS,20111,MANASSAS,VA,662,,US,,,NaT,20111,MANASSAS,REVIEW,VA,,EXPRESS TECH AIR,Y,MEDIUM,100,,,9735 WILLMANS WAY,,,Y,,9735 WILLMANS WAY,,,,EXPRESS TECH AIR,,,,,,,,,,,,,,,,,
,ATS,20109,MANASSAS,VA,663,,US,FH FURR PLUMBING & HEATING,,NaT,20109,MANASSAS,REVIEW,VA,,FH FURR PLUMBING HEATING & A/C,Y,MEDIUM,100,,,FH FURR PLUMBING & HEATING,9040 MIKE GARCIA DRIVE,,Y,,9040 MIKE GARCIA DR,,,,"F.H. FURR PLUMBING, HEATING AND A/C",,,,,,,,,,,,,,,,,
,ATS,08609,TRENTON,NJ,664,,US,,,2026-01-11 12:44:51,08609,TRENTON,READY,NJ,,FW WEBB COMPANY,Y,HIGH,80,,,92 LINCOLN AVE,EMAIL INVOICES,,Y,,92 LINCOLN AVE,,,,F.W. WEBB COMPANY,,,,,,,,,,,,,,,,,
,ATS,20762,AAFB,MD,665,,US,,,NaT,20762,AAFB,REVIEW,MD,,FAA,Y,MEDIUM,100,,,1205 ARNOLD AVENUE,,,Y,,1205 ARNOLD AVE,,,,FAA,,,,,,,,,,,,,,,,,
,ATS,07083,UNION,NJ,666,,US,,,2026-01-11 12:44:55,07083,UNION,READY,NJ,,FACILITIES SUPPLY CORP,Y,HIGH,80,,,1968 HILLSIDE AVENUE,,,Y,,1968 HILLSIDE AVE,,,,FACILITIES SUPPLY CORP,,,,,,,,,,,,,,,,,
,ATS,21031,HUNT VALLEY,MD,667,,US,STE #503,,2026-01-11 12:44:57,21031,HUNT VALLEY,READY,MD,,FACILITY AUTOMATION SYSTEMS LLC,Y,HIGH,80,,,11311 MCCORMICK ROAD,SUITE 503,,Y,,11311 MCCORMICK RD,,,,"FACILITY AUTOMATION SYSTEMS, LLC",,,,,,,,,,,,,,,,,
,ATS,21209,BALTIMORE,MD,668,,US,,,2026-01-11 12:44:58,21209,BALTIMORE,READY,MD,,FACILITY CONTROLS SYSTEMS LLC,Y,HIGH,80,,,2200 ARDEN ROAD,EMAIL INVOICE,,Y,,2200 ARDEN RD,,,,"FACILITY CONTROLS SYSTEMS, LLC",,,,,,,,,,,,,,,,,
,ATS,21136,REISTERSTOWN,MD,669,,US,,,2026-01-11 12:45:01,21136,REISTERSTOWN,READY,MD,,FACILITY ENGINEERING SERVICES,Y,HIGH,80,,,630 MAIN ST,EMAIL INVOICE,,Y,,630 MAIN ST,,,,FACILITY ENGINEERING SERVICES,,,,,,,,,,,,,,,,,
,ATS,37040,CLARKSVILLE,TN,670,,US,,,2026-01-11 12:45:03,37040,CLARKSVILLE,READY,TN,,FACILITY SERVICES MANAGEMENT INC,Y,HIGH,80,,,1031 PROGRESS DRIVE,,,Y,,1031 PROGRESS DR,,,,"FACILITY SERVICES MANAGEMENT, INC",,,,,,,,,,,,,,,,,
,ATS,20109,MANASSAS,VA,671,,US,,,2026-01-11 12:45:04,20109,MANASSAS,READY,VA,,FACILITIY SUPPORT SERVICES,Y,HIGH,80,,,9651 HORNBAKER ROAD,,,Y,,9651 HORNBAKER RD,,,,FACILITIY SUPPORT SERVICES,,,,,,,,,,,,,,,,,
,ATS,,,,672,,US,,,NaT,,,INVALID,,,FAIRCHILD CONTROLS,Y,LOW,20,,,,,,Y,,,,,,FAIRCHILD CONTROLS,,,,,,,,,,,,,,,,,
,ATS,22035,FAIRFAX,VA,673,,US,ACCOUNTING OFFICESTE #927,,2026-01-11 12:45:07,22035,FAIRFAX,READY,VA,,PARK AUTHORITY,Y,HIGH,80,,,ACCOUNTING OFFICE SUITE 927,12055 GOVERNMENT CENTER PKWY,,Y,,12055 GOVERNMENT CT PKWY,,,,PARK AUTHORITY,,,,,,,,,,,,,,,,,
,ATS,22032,FAIRFAX,VA,674,,US,,,2026-01-11 12:45:09,22032,FAIRFAX,READY,VA,,FAIRFAX COUNTY FACILITIES MANAGEMENT,Y,HIGH,80,,,4001 BURKE STATION ROAD,,,Y,,4001 BURKE STATION RD,,,,FAIRFAX COUNTY FACILITIES MANAGEMENT,,,,,,,,,,,,,,,,,
,ATS,20151,CHANTILLY,VA,675,,US,CUB RUN REC CENTER,,2026-01-11 12:45:10,20151,CHANTILLY,READY,VA,,FAIRFAX COUNTY PARK AUTHORITY,Y,HIGH,80,,,CUB RUN REC CENTER,4630 STONECROFT BLVD,,Y,,4630 STONECROFT BLVD,,,,FAIRFAX COUNTY PARK AUTHORITY,,,,,,,,,,,,,,,,,
,ATS,22111,MERRIFIELD,VA,676,,US,ML:FC0925,,NaT,2211164000,MERRIFIELD,REVIEW,VA,,FAIRFAX COUNTY PUBLIC SCHOOLS,Y,MEDIUM,70,,,ML:FC0925,po BOX 4000,,Y,,PO BOX 4000,,,,FAIRFAX COUNTY PUBLIC SCHOOLS,,,,,,,,,,,,,,,,,
,ATS,22042,FALLS CHURCH,VA,677,,US,STE 4300,,NaT,22042,FALLS CHURCH,REVIEW,VA,,FAIRFAX COUNTY PUBLIC SCHOOL,Y,MEDIUM,100,,,ACCOUNTS PAYABLE,8115 GATEHOUSE ROAD STE 4300,,Y,,8115 GATEHOUSE RD,,,,FAIRFAX COUNTY PUBLIC SCHOOL,,,,,,,,,,,,,,,,,
,ATS,22035,FAIRFAX,VA,678,,US,,,2026-01-11 12:45:13,22035,FAIRFAX,READY,VA,,FAIRFAX FMD,Y,HIGH,80,,,12000 GOVERNMENT CENTER PARKWAY,,,Y,,12000 GOVERNMENT CT PKWY,,,,FAIRFAX FMD,,,,,,,,,,,,,,,,,
,ATS,22030,FAIRFAX,VA,679,,US,,,2026-01-11 12:45:15,22030,FAIRFAX,READY,VA,,FAIRFAX SURGICAL CENTER,Y,HIGH,80,,,10730 MAIN STREET,,,Y,,10730 MAIN ST,,,,FAIRFAX SURGICAL CENTER,,,,,,,,,,,,,,,,,
,ATS,22042,FALLS CHURCH,VA,680,,US,STE #105,,NaT,22042,FALLS CHURCH,REVIEW,VA,,FAIRVIEW APARTMENTS,Y,MEDIUM,100,,,2941 FAIRVIEW PARK DRIVE,SUITE 105,,Y,,2941 FAIRVIEW PARK DR,,,,FAIRVIEW APARTMENTS,,,,,,,,,,,,,,,,,
,ATS,21085,JOPPA,MD,681,,US,,,NaT,21085,JOPPA,REVIEW,MD,,FALSTON HEATING & AIR,Y,MEDIUM,100,,,1129 B CLAYTON RD,,,Y,,1129 B CLAYTON RD,,,,FALSTON HEATING & AIR,,,,,,,,,,,,,,,,,
,ATS,20705,BELTSVILE,MD,682,,US,,,NaT,20705,BELTSVILE,REVIEW,MD,,FAS CONSULTANTS LLC,Y,MEDIUM,100,,,12014 OLD BALTIMORE PIKE,,,Y,,12014 OLD BALTIMORE PIKE,,,,"FAS CONSULTANTS, LLC",,,,,,,,,,,,,,,,,
,ATS,23669,HAMPTON,VA,683,,US,STE #203,,2026-01-11 12:45:24,23669,HAMPTON,READY,VA,,FASTBREAK GENERAL CONTRACTORS LLC,Y,HIGH,80,,,"133 KINGS WAY, SUITE 203",EMAIL INVOICE,,Y,,133 KINGS WAY,,,,"FASTBREAK GENERAL CONTRACTORS, LLC",,,,,,,,,,,,,,,,,
,ATS,55987,WINONA,MN,684,,US,,,2026-01-11 12:45:26,55987,WINONA,READY,MN,,FASTENAL COMPANY,Y,HIGH,80,,,2001 THEURER BLVD.,EMAIL INVOICE,,Y,,2001 THEURER BLVD,,,,FASTENAL COMPANY,,,,,,,,,,,,,,,,,
,ATS,20535,WASHINGTON,DC,685,,US,STE #1B875,,2026-01-11 12:45:28,20535,WASHINGTON,READY,DC,,FEDERAL BUREAU OF INVESTIGATION,Y,HIGH,80,,,935 PENNSYLVANIA AVE NW,SUITE 1B875,,Y,,935 PENNSYLVANIA AVE NW,,,,FEDERAL BUREAU OF INVESTIGATION,,,,,,,,,,,,,,,,,
,ATS,21213,BALTIMORE,MD,686,,US,,,2026-01-11 12:45:30,21213,BALTIMORE,READY,MD,,FC CLIFFORD,Y,HIGH,80,,,1101 EDISON HIGHWAY,,,Y,,1101 EDISON HWY,,,,FC CLIFFORD,,,,,,,,,,,,,,,,,
,ATS,43219,COLUMBIA,OH,687,,US,,,NaT,43219,COLUMBIA,REVIEW,OH,,FCX PERFORMANCE INC,Y,MEDIUM,100,,,3000 E. 14TH AVE,EMAIL INVOICES,,Y,,3000 E 14TH AVE,,,,"FCX PERFORMANCE, INC.",,,,,,,,,,,,,,,,,
,ATS,20708,LAUREL,MD,688,,US,,,2026-01-11 12:45:34,20708,LAUREL,READY,MD,,FDA MUIRKURK MOD II,Y,HIGH,80,,,8401 MUIRKIRK ROAD,,,Y,,8401 MUIRKIRK RD,,,,FDA MUIRKURK MOD II,,,,,,,,,,,,,,,,,
,ATS,22226,ARLINGTON,VA,689,,US,,,NaT,22226,ARLINGTON,REVIEW,VA,,FEDERAL DEPOSIT INSURANCE CORPORATION,Y,MEDIUM,100,,,3501 NORTH FAIRFAX DR,,,Y,,3501 N FAIRFAX DR,,,,FEDERAL DEPOSIT INSURANCE CORPORATION,,,,,,,,,,,,,,,,,
,ATS,20012,WASHINGTON,DC,690,,US,,,2026-01-11 12:45:39,20012,WASHINGTON,READY,DC,,FEDERAL CONTRACTORS INC,Y,HIGH,80,,,623 UNDERWOOD ST NW,,,Y,,623 UNDERWOOD ST NW,,,,FEDERAL CONTRACTORS INC. - EMAIL,,,,,,,,,,,,,,,,,
,ATS,22101,MCLEAN,VA,691,,US,,,2026-01-11 12:45:41,22101,MCLEAN,READY,VA,,FEDERAL HIGHWAY ADMINISTRATION,Y,HIGH,80,,,6300 GEORGETOWN PIKE,,,Y,,6300 GEORGETOWN PIKE,,,,FEDERAL HIGHWAY ADMINISTRATION,,,,,,,,,,,,,,,,,
,ATS,20551,WASHINGTON,DC,692,,US,,,2026-01-11 12:45:43,20551,WASHINGTON,REVIEW,DC,,FEDERAL RESERVE BOARD,Y,MEDIUM,75,,,"20TH & CONSTITUTION AVE, NW",EMAIL INVOICE,,Y,,20TH & CONSTITUTION AVE NW,,,,FEDERAL RESERVE BOARD,,,,,,,,,,,,,,,,,
,ATS,22611,MT WEATHER,VA,693,,US,,,NaT,22611,MT WEATHER,REVIEW,VA,,DHS/FEMA BUDGET,Y,MEDIUM,70,,,PO BOX 129,,,Y,,PO BOX 129,,,,DHS/FEMA BUDGET,,,,,,,,,,,,,,,,,
,ATS,22204,ARLINGTON,VA,694,,US,,,2026-01-11 12:45:45,22204,ARLINGTON,READY,VA,,FENTY,Y,HIGH,80,,,2013 SOUTH NELSON STREET,,,Y,,2013 S NELSON ST,,,,FENTY,,,,,,,,,,,,,,,,,
,ATS,27612,RALEIGH,NC,695,,US,#B,,2026-01-11 12:45:48,27612,RALEIGH,READY,NC,,FERGUSION/SULLIVAN INC,Y,HIGH,80,,,5201 OAK PARK RD,#B,,Y,,5201 OAK PARK RD,,,,"FERGUSION/SULLIVAN, INC.",,,,,,,,,,,,,,,,,
,ATS,23670-0406,HAMPTON,VA,696,,US,,,NaT,23670-0406,HAMPTON,REVIEW,VA,,FERGUSON ENTERPRISES,Y,MEDIUM,70,,,PO BOX 9406,EMAIL,,Y,,PO BOX 9406,,,,FERGUSON ENTERPRISES,,,,,,,,,,,,,,,,,
,ATS,21152,SPARKS,MD,697,,US,,,2026-01-11 12:45:50,21152,SPARKS,READY,MD,,FIDELITY ENGINEERING,Y,HIGH,80,,,25 LOVETON CIRCLE,,,Y,,25 LOVETON CIR,,,,FIDELITY ENGINEERING -email,,,,,,,,,,,,,,,,,
,ATS,20814,BETHESDA,MD,698,,US,STE #650,,2026-01-11 12:45:52,20814,BETHESDA,READY,MD,,FINMARC MANAGEMENT INC,Y,HIGH,80,,,4733 BETHESDA AVENUE,SUITE 650,,Y,,4733 BETHESDA AVE,,,,"FINMARC MANAGEMENT, INC.",,,,,,,,,,,,,,,,,
,ATS,21228,CATONSVILLE,MD,699,,US,,,2026-01-11 12:45:54,21228,CATONSVILLE,READY,MD,,FIRESTONE CONSULTING GROUP,Y,HIGH,80,,,828 HIDDEN BLUFF CIRCLE,,,Y,,828 HIDDEN BLUFF CIR,,,,FIRESTONE CONSULTING GROUP,,,,,,,,,,,,,,,,,
,ATS,21042,ELLICOTT CITY,MD,700,,US,,,2026-01-11 12:45:55,21042,ELLICOTT CITY,READY,MD,,FIRST EVANGELICAL LUTHERAN CHURCH,Y,HIGH,80,,,3604 CHATHAM RD,,,Y,,3604 CHATHAM RD,,,,FIRST EVANGELICAL LUTHERAN CHURCH,,,,,,,,,,,,,,,,,
,ATS,20878,GAITHERSBURG,MD,701,,US,,,2026-01-11 12:45:57,20878,GAITHERSBURG,READY,MD,,FIRST FEDERAL CORPORATION,Y,HIGH,80,,,ATTN: ACCOUTNS PAYABLE,75 WEST WATKINS MILL ROAD,,Y,,75 W WATKINS MILL RD,,,,FIRST FEDERAL CORPORATION,,,,,,,,,,,,,,,,,
,ATS,19707,HOCKESSIN,DE,702,,US,,,2026-01-11 12:45:59,19707,HOCKESSIN,READY,DE,,FLO MECHANICAL,Y,HIGH,80,,,507 BAXTER COURT,,,Y,,507 BAXTER CT,,,,FLO MECHANICAL,,,,,,,,,,,,,,,,,
,ATS,21030,HUNT VALLEY,MD,703,,US,,,2026-01-11 12:46:01,21030,HUNT VALLEY,READY,MD,,FLO-TRON,Y,HIGH,80,,,10604 BEAVER DAM RD,EMAIL,,Y,,10604 BEAVER DAM RD,,,,FLO-TRON,,,,,,,,,,,,,,,,,
,ATS,06074,SOUTH WINDSOR,CT,704,,US,,,NaT,06074,SOUTH WINDSOR,REVIEW,CT,,FLOW TECH,Y,MEDIUM,100,,,10 BIDWELL RD,,,Y,,10 BIDWELL RD,,,,FLOW TECH,,,,,,,,,,,,,,,,,
,ATS,20613,BRANDYWINE,MD,705,,US,,,2026-01-11 12:46:21,20613,BRANDYWINE,READY,MD,,FLUHART MECHANICAL HVAC LLC,Y,HIGH,80,,,15130 NELSON PERRIE ROAD,EMAIL INVOICE,,Y,,15130 NELSON PERRIE RD,,,,"FLUHART MECHANICAL HVAC, LLC",,,,,,,,,,,,,,,,,
,ATS,29607,GREENVILLE,SC,706,,US,,,2026-01-11 12:46:23,29607,GREENVILLE,READY,SC,,FLUOR FEDERAL SOLUTIONS LLC,Y,HIGH,80,,,100 FLUOR DANIEL DRIVE,,,Y,,100 FLUOR DANIEL DR,,,,"FLUOR FEDERAL SOLUTIONS, LLC",,,,,,,,,,,,,,,,,
,ATS,95650,LOOMIS,CA,707,,US,,,NaT,95650,LOOMIS,REVIEW,CA,,FMW GROUP INC,Y,MEDIUM,70,,,P.O. BOX 1264,,,Y,,PO BOX 1264,,,,FMW GROUP INC,,,,,,,,,,,,,,,,,
,ATS,22079,LORTON,VA,708,,US,UNIT I,,NaT,22079,LORTON,REVIEW,VA,,FOLEY MECHANICAL INC,Y,MEDIUM,100,,,8390 TERMINAL RD,UNIT I,,Y,,8390 TERMINAL RD,,,,"FOLEY MECHANICAL, INC",,,,,,,,,,,,,,,,,
,ATS,21234,BALTIMORE,MD,709,,US,,,NaT,,BALTIMORE,REVIEW,MD,,FORENSIC BUILDING SUPPLY,Y,MEDIUM,100,,,1905 HAVERILL RD,,,Y,,1905 HAVERILL RD,,,,FORENSIC BUILDING SUPPLY,,,,,,,,,,,,,,,,,
,ATS,21205,BALTIMORE,MD,710,,US,,,2026-01-11 12:46:28,21205,BALTIMORE,READY,MD,,FOREST CITY SCIENCE & TECH PARK,Y,HIGH,80,,,855 NORTH WOLFE STREET,,,Y,,855 N WOLFE ST,,,,FOREST CITY SCIENCE & TECH PARK,,,,,,,,,,,,,,,,,
,ATS,21702,FORT DETRICK,MD,711,,US,,,NaT,21702,FORT DETRICK,REVIEW,MD,,FORT DETRICK,Y,MEDIUM,100,,,810 SCHREIDER STREET,,,Y,,810 SCHREIDER ST,,,,FORT DETRICK,,,,,,,,,,,,,,,,,
,ATS,21050,FOREST HILL,MD,712,,US,,,2026-01-11 12:46:32,21050,FOREST HILL,READY,MD,,FORT PITT GROUP,Y,HIGH,80,,,125 INDUSTRY LANE,,,Y,,125 INDUSTRY LN,,,,FORT PITT GROUP,,,,,,,,,,,,,,,,,
,ATS,20744,FORT WASHINGTON,MD,713,,US,,,2026-01-11 12:46:34,20744,FORT WASHINGTON,READY,MD,,FORT WASHINGTON MEDICAL CENTER,Y,HIGH,80,,,11711 LIVINGSTON RD,,,Y,,11711 LIVINGSTON RD,,,,FORT WASHINGTON MEDICAL CENTER,,,,,,,,,,,,,,,,,
,ATS,20746,SUITLAND,MD,714,,US,,,2026-01-11 12:46:36,,SUITLAND,READY,MD,,FOUR SEASONS ENVIROMENTAL,Y,HIGH,80,,,4231 SUITLAND ROAD,,,Y,,4231 SUITLAND RD,,,,FOUR SEASONS ENVIROMENTAL,,,,,,,,,,,,,,,,,
,ATS,22116-7643,MERRIFIELD,VA,715,,US,NXS# ADVTHE-ACC5,,NaT,22116-7643,MERRIFIELD,REVIEW,VA,,FOX PROPERTIES LLC,Y,MEDIUM,70,,,NXS# ADVTHE-ACC5,P.O.BOX 22116-7643,,Y,,PO BOX 22116-7643,,,,"FOX PROPERTIES, LLC",,,,,,,,,,,,,,,,,
,ATS,22079,LORTON,VA,716,,US,UNIT I,,NaT,22079,LORTON,REVIEW,VA,,FOLEY MECHANICAL INC,Y,MEDIUM,100,,,8390 TERMINAL ROAD,UNIT I,,Y,,8390 TERMINAL RD,,,,"FOLEY MECHANICAL, INC.",,,,,,,,,,,,,,,,,
,ATS,21201,BALTIMORE,MD,717,,US,PERFORMING ARTS CENTER,,2026-01-11 12:46:40,21201,BALTIMORE,READY,MD,,FRANCE-MERRICK,Y,HIGH,80,,,PERFORMING ARTS CENTER,12 NORTH EUTAW STREET,,Y,,12 N EUTAW ST,,,,FRANCE-MERRICK,,,,,,,,,,,,,,,,,
,ATS,20850,ROCKVILLE,MD,718,,US,STE #A,,2026-01-11 12:46:42,20850,ROCKVILLE,READY,MD,,FRANCIS O DAY INC,Y,HIGH,80,,,850 EAST GUDE DRIVE,SUITE A,,Y,,850 E GUDE DR,,,,FRANCIS  O DAY INC,,,,,,,,,,,,,,,,,
,ATS,21236,BALTIMORE,MD,719,,US,MFSMC - MAIN HOSPITAL,,NaT,21236,BALTIMORE,REVIEW,MD,,MEDSTAR HEALTH,Y,MEDIUM,70,,,MFSMC - MAIN HOSPITAL,PO BOX 44250 - EMAIL INVOICE,,Y,,PO BOX 44250,,,,MEDSTAR HEALTH,,,,,,,,,,,,,,,,,
,ATS,21104-1468,MARRIOTTSVILLE,MD,720,,US,,,2026-01-11 12:46:43,21104-1468,MARRIOTTSVILLE,READY,MD,,KEN FRAZIER,Y,HIGH,80,,,2105 GRANT FARM CT.,,,Y,,2105 GRANT FARM CT,,,,KEN FRAZIER,,,,,,,,,,,,,,,,,
,ATS,22102,MCLEAN,VA,721,,US,,,NaT,22102,MCLEAN,REVIEW,VA,,FREDDIE MAC,Y,MEDIUM,100,,,8250 JONES BRANCH DRIVE,,,Y,,8250 JONES BRANCH DR,,,,FREDDIE MAC,,,,,,,,,,,,,,,,,
,ATS,21702,FREDERICK,MD,722,,US,7932 OPOSSUMTOWN PIKE,,2026-01-11 12:46:47,21702,FREDERICK,READY,MD,,FREDERICK COMMUNITY COLLEGE,Y,HIGH,80,,,ACCOUNTS PAYABLE,7932 OPOSSUMTOWN PIKE,,Y,,7932 OPOSSUMTOWN PIKE,,,,FREDERICK COMMUNITY COLLEGE - email,,,,,,,,,,,,,,,,,
,ATS,21701,FREDERICK,MD,723,,US,,,2026-01-11 12:46:50,21701,FREDERICK,READY,MD,,FREDERICK COUNTY GOVERNMENT,Y,HIGH,80,,,12 E CHURCH ST.,,,Y,,12 E CHURCH ST,,,,FREDERICK COUNTY GOVERNMENT,,,,,,,,,,,,,,,,,
,ATS,21701,FREDERICK,MD,724,,US,,,NaT,21701,FREDERICK,REVIEW,MD,,FREDERICK MEMORIAL HOSPITAL,Y,MEDIUM,100,,,ATTN: ACCOUNTS PAYABLE,400 WEST SEVENTH STREET - email,,Y,,400 W SEVENTH ST,,,,FREDERICK MEMORIAL HOSPITAL,,,,,,,,,,,,,,,,,
,ATS,21701,FREDERICK,MD,725,,US,ACCOUNTING/FINANCE 2ND FL,,2026-01-11 12:46:54,21701,FREDERICK,READY,MD,,FREDERICK CO PUBLIC SCHOOLS,Y,HIGH,80,,,ACCOUNTING/FINANCE 2ND FLOOR,191 SOUTH EAST STREET-EMAIL,,Y,,191 S E ST,,,,FREDERICK CO. PUBLIC SCHOOLS,,,,,,,,,,,,,,,,,
,ATS,20708,LAUREL,MD,726,,US,,,2026-01-11 12:46:56,20708,LAUREL,READY,MD,,FREESTATE ELECTRICAL COMPANIES,Y,HIGH,80,,,13335 MID ATLANTIC BLVD,EMAIL,,Y,,13335 MID ATLANTIC BLVD,,,,FREESTATE ELECTRICAL COMPANIES,,,,,,,,,,,,,,,,,
,ATS,21090,LINTHICUM,MD,727,,US,,,2026-01-11 12:46:58,21090,LINTHICUM,READY,MD,,FRESH AIR CONCEPTS LLC,Y,HIGH,80,,,5195 RAYNOR AVENUE,EMAIL INVOICES,,Y,,5195 RAYNOR AVE,,,,"FRESH AIR CONCEPTS, LLC",,,,,,,,,,,,,,,,,
,ATS,17601,LANCASTER,PA,728,,US,,,2026-01-11 12:47:00,17601,LANCASTER,READY,PA,,FREY LUTZ CORP,Y,HIGH,80,,,1195 IVY DRIVE,EMAIL,,Y,,1195 IVY DR,,,,FREY LUTZ CORP,,,,,,,,,,,,,,,,,
,ATS,21210,BALTIMORE,MD,729,,US,5114 N CHARLES ST,,2026-01-11 12:47:02,21210,BALTIMORE,READY,MD,,FRIENDS SCHOOL OF BALTIMORE INC,Y,HIGH,80,,,EMAIL INVOICE,5114 N. CHARLES STREET,,Y,,5114 N CHARLES ST,,,,"FRIENDS SCHOOL OF BALTIMORE, INC.",,,,,,,,,,,,,,,,,
,ATS,21001,ABERDEEN,MD,730,,US,,,2026-01-11 12:47:04,21001,ABERDEEN,READY,MD,,FRITO-LAY,Y,HIGH,80,,,800 HICKORY DR,,,Y,,800 HICKORY DR,,,,FRITO-LAY,,,,,,,,,,,,,,,,,
,ATS,21532-2303,FROSTBURG,MD,731,,US,,,2026-01-11 12:47:06,21532-2303,FROSTBURG,READY,MD,,FROSTBURG STATE UNIVERISTY,Y,HIGH,80,,,101 BRADDOCK ROAD,,,Y,,101 BRADDOCK RD,,,,FROSTBURG STATE UNIVERISTY,,,,,,,,,,,,,,,,,
,ATS,21244,WINDSOR MILL,MD,732,,US,,,2026-01-11 12:47:08,21244,WINDSOR MILL,READY,MD,,FROSTY REFRIGERATION,Y,HIGH,80,,,7121 WINDSOR MILL ROAD,,,Y,,7121 WINDSOR MILL RD,,,,FROSTY REFRIGERATION,,,,,,,,,,,,,,,,,
,ATS,20878,GAITHERSBURG,MD,733,,US,,,2026-01-11 12:47:10,20878,GAITHERSBURG,READY,MD,,FS CAMPBELL,Y,HIGH,80,,,14000 DARNESTOWN ROAD,,,Y,,14000 DARNESTOWN RD,,,,FS CAMPBELL,,,,,,,,,,,,,,,,,
,ATS,21211,BALTIMORE,MD,734,,US,STE #N2300,,2026-01-11 12:47:12,21211,BALTIMORE,READY,MD,,FSK LAND CORPORATION,Y,HIGH,80,,,3910 KESWICK ROAD,SUITE N2300,,Y,,3910 KESWICK RD,,,,FSK LAND CORPORATION,,,,,,,,,,,,,,,,,
,ATS,21244,BALTIMORE,MD,735,,US,,,NaT,21244,BALTIMORE,REVIEW,MD,,FTSS JOINT VENTURE,Y,MEDIUM,70,,,P.O. BOX 47249,,,Y,,PO BOX 47249,,,,FTSS JOINT VENTURE,,,,,,,,,,,,,,,,,
,ATS,46032,CARMEL,IN,736,,US,,,2026-01-11 12:47:14,46032,CARMEL,READY,IN,,FULLER ENGINEERING,Y,HIGH,80,,,4135 WEST 99TH STREET,,,Y,,4135 W 99TH ST,,,,FULLER ENGINEERING,,,,,,,,,,,,,,,,,
,ATS,90247,GARDENA,CA,737,,US,STE #102,,2026-01-11 12:47:16,90247,GARDENA,READY,CA,,G&C SERVICE & SUPPLY INC,Y,HIGH,80,,,1875 W. REDONDO BEACH BLVD.,SUITE 102 - EMAIL INVOICES,,Y,,1875 W REDONDO BEACH BLVD,,,,"G&C SERVICE AND SUPPLY, INC.",,,,,,,,,,,,,,,,,
,ATS,20002,WASHINGTON,DC,738,,US,STE #617,,2026-01-11 12:47:18,20002,WASHINGTON,READY,DC,,G&C SERVICE & SUPPLY INC,Y,HIGH,80,,,"10 G STREET, NE - EMAIL",SUITE 617,,Y,,10 G ST NE,,,,"G&C SERVICE AND SUPPLY, INC",,,,,,,,,,,,,,,,,
,ATS,20774,UPPER MARLBORO,MD,739,,US,,,2026-01-11 12:47:20,20774,UPPER MARLBORO,READY,MD,,GE FRISCO COMPANY INC,Y,HIGH,80,,,#2 CRAIN HIGHWAY,,,Y,,2 CRAIN HWY,,,,"G.E. FRISCO COMPANY, INC.",,,,,,,,,,,,,,,,,
,ATS,21001,ABERDEEN,MD,740,,US,,,NaT,21001,ABERDEEN,REVIEW,MD,,GABCO CONSTRUCTION INC,Y,MEDIUM,100,,,716 SOUTH PHILADELPHIA ROAD,,,Y,,716 S PHILADELPHIA RD,,,,"GABCO CONSTRUCTION, INC.",,,,,,,,,,,,,,,,,
,ATS,20005,WASHINGTON,DC,741,,US,STE #790,,2026-01-11 12:47:24,20005,WASHINGTON,READY,DC,,GAEDEKE GROUP LLC,Y,HIGH,80,,,"1310 G STREET, NW",SUITE 790,,Y,,1310 G ST NW,,,,"GAEDEKE GROUP, LLC",,,,,,,,,,,,,,,,,
,ATS,22312,ALEXANDRIA,VA,742,,US,,,NaT,22312,ALEXANDRIA,REVIEW,VA,,GAGHAN MECHANICAL INC,Y,MEDIUM,100,,,5649 D GENERAL WASHINGTON DRIV,,,Y,,5649 D GENERAL WASHINGTON DRIV,,,,"GAGHAN MECHANICAL, INC.",,,,,,,,,,,,,,,,,
,ATS,20707,LAUREL,MD,743,,US,,,NaT,20707,LAUREL,REVIEW,MD,,GAIPAN HEATING & AIR,Y,MEDIUM,100,,,7224 CONTE ROAD,,,Y,,7224 CONTE RD,,,,GAIPAN HEATING & AIR,,,,,,,,,,,,,,,,,
,ATS,20877,GAITHERSBURG,MD,744,,US,,,NaT,20877,GAITHERSBURG,REVIEW,MD,,GAITHERSBURG AIR CONDITIONING,Y,MEDIUM,100,,,227 EAST DEERPARK DRIVE,,,Y,,227 E DEERPARK DR,,,,GAITHERSBURG AIR CONDITIONING,,,,,,,,,,,,,,,,,
,ATS,43260-4061,COLUMBUS,OH,745,,US,,,NaT,43260-4061,COLUMBUS,REVIEW,OH,,GALCO,Y,LOW,100,,,L-4061,,,Y,,L-4061,,,,GALCO,,,,,,,,,,,,,,,,,
,ATS,20002,WASHINGTON,DC,746,,US,,,2026-01-11 12:47:36,20002,WASHINGTON,READY,DC,,GALLAUDET UNIVERSITY,Y,HIGH,80,,,800 FLORIDA AVENUE,,,Y,,800 FLORIDA AVE,,,,GALLAUDET UNIVERSITY,,,,,,,,,,,,,,,,,
,ATS,21202,BALTIMORE,MD,747,,US,STE #1705,,2026-01-11 12:47:37,21202,BALTIMORE,READY,MD,,GALLERY AT HARBORPLACE,Y,HIGH,80,,,111 SOUTH CALVERT STREET,SUITE 1705,,Y,,111 S CALVERT ST,,,,GALLERY AT HARBORPLACE,,,,,,,,,,,,,,,,,
,ATS,20817,BETHESDA,MD,748,,US,,,2026-01-11 12:47:39,20817,BETHESDA,READY,MD,,GARY P FRANK INC,Y,HIGH,80,,,8918 RIDGE PLACE,,,Y,,8918 RIDGE PL,,,,"GARY P. FRANK, INC",,,,,,,,,,,,,,,,,
,ATS,21113,ODENTON,MD,749,,US,,,2026-01-11 12:47:41,21113,ODENTON,READY,MD,,GASCH PRINTING INC,Y,HIGH,80,,,1780 CROSSROADS DRIVE,EMAIL INVOICES,,Y,,1780 CROSSRDS DR,,,,"GASCH PRINTING, INC",,,,,,,,,,,,,,,,,
,ATS,20850,ROCKVILLE,MD,750,,US,,,2026-01-11 12:47:43,20850,ROCKVILLE,READY,MD,,GASKINS MECHANICAL,Y,HIGH,80,,,605 LOFSTRAND LANE,,,Y,,605 LOFSTRAND LN,,,,GASKINS MECHANICAL,,,,,,,,,,,,,,,,,
,ATS,20745,NATIONAL HARBOR,MD,751,,US,,,2026-01-11 12:47:45,20745,NATIONAL HARBOR,READY,MD,,GAYLORD NATIONAL RESORT & CONVENTION CE,Y,HIGH,80,,,201 WATERFRONT STREET,email invoices,,Y,,201 WATERFRONT ST,,,,GAYLORD NATIONAL RESORT & CONVENTION CE,,,,,,,,,,,,,,,,,
,ATS,21204,BALTIMORE,MD,752,,US,,,NaT,21204,BALTIMORE,REVIEW,MD,,GREATER BALTIMORE MEDICAL CENTER,Y,MEDIUM,100,,,ATTN: ACCOUNTS PAYABLE -email,6545 N. CHARLES ST SUTE 201,,Y,,6545 N CHARLES ST SUTE 201,,,,GREATER BALTIMORE MEDICAL CENTER- email,,,,,,,,,,,,,,,,,
,ATS,20755,FORT MEADE,MD,753,,US,,,NaT,20755,FT MEADE,REVIEW,MD,,GCR INC,Y,LOW,100,,,DISA HEADQUARTERS FACILITY,,,Y,,DISA HEADQUARTERS FACILITY,,,,"GCR, INC. - DISA FT. MEADE, MD",,,,,,,,,,,,,,,,,
,ATS,21030,COCKEYSVILLE,MD,754,,US,,,2026-01-11 12:47:51,21030,COCKEYSVILLE,READY,MD,,GE TIGNALL & CO INC,Y,HIGH,80,,,14 McCANN AVENUE,,,Y,,14 MCCANN AVE,,,,"GE TIGNALL & CO, INC",,,,,,,,,,,,,,,,,
,ATS,20815,CHEVY CHASE,MD,755,,US,,,NaT,20815,CHEVY CHASE,REVIEW,MD,,GEICO,Y,MEDIUM,100,,,4608 WILLARD AVE,,,Y,,4608 WILLARD AVE,,,,GEICO,,,,,,,,,,,,,,,,,
,ATS,22042,FALLS CHURCH,VA,756,,US,STE #100,,NaT,22042,FALLS CHURCH,REVIEW,VA,,GENERAL DYNAMIC,Y,MEDIUM,100,,,3120 FAIRVIEW PARK DRIVE,SUITE 100,,Y,,3120 FAIRVIEW PARK DR,,,,GENERAL DYNAMIC,,,,,,,,,,,,,,,,,
,ATS,22655,SPRINGFIELD,VA,757,,US,STE #100,,2026-01-11 12:47:57,22655,SPRINGFIELD,READY,VA,,GENERAL DYNAMIC IT,Y,HIGH,80,,,7770 BACKLICK ROAD,SUITE 100,,Y,,7770 BACKLICK RD,,,,GENERAL DYNAMIC IT,,,,,,,,,,,,,,,,,
,ATS,21221,BALTIMORE,MD,758,,US,,,2026-01-11 12:47:59,21221,BALTIMORE,READY,MD,,GENERAL HEATING & COOLING INC,Y,HIGH,80,,,111 EYRING AVE,EMAIL INVOICES,,Y,,111 EYRING AVE,,,,"GENERAL HEATING AND COOLING, INC",,,,,,,,,,,,,,,,,
,ATS,21409,ANNAPOLIS,MD,759,,US,,,NaT,21409,ANNAPOLIS,REVIEW,MD,,GENERAL & MECHANICAL SERVICES,Y,MEDIUM,100,,,1007 SKIDMORE DRIVE,,,Y,,1007 SKIDMORE DR,,,,GENERAL & MECHANICAL SERVICES,,,,,,,,,,,,,,,,,
,ATS,19940,DELMAR,DE,760,,US,,,NaT,19940,DELMAR,REVIEW,DE,,GENERAL REFRIGERATION COMPANY,Y,MEDIUM,70,,,36615 OLD STAGE RD,P.O. BOX 140,,Y,,PO BOX 140,36615 OLD STAGE RD,,,GENERAL REFRIGERATION COMPANY,,,,,,,,,,,,,,,,,
,ATS,21105-3013,MARYLAND LINE,MD,761,,US,,,NaT,21105-3013,MARYLAND LINE,REVIEW,MD,,GENESIS CORPORATION,Y,MEDIUM,70,,,P.O. BOX 229,EMAIL INVOICES,,Y,,PO BOX 229,,,,GENESIS CORPORATION,,,,,,,,,,,,,,,,,
,ATS,20706,LANHAM,MD,762,,US,,,2026-01-11 12:48:04,20706,LANHAM,READY,MD,,GENESIS ENGINEERING SOLUTIONS,Y,HIGH,80,,,4501 BOSTON WAY,,,Y,,4501 BOSTON WAY,,,,GENESIS ENGINEERING SOLUTIONS,,,,,,,,,,,,,,,,,
,ATS,21093,TIMONIUM,MD,763,,US,,,2026-01-11 12:48:06,21093,TIMONIUM,READY,MD,,GENT MECHANICAL,Y,HIGH,80,,,16 CINDER ROAD,,,Y,,16 CINDER RD,,,,GENT MECHANICAL,,,,,,,,,,,,,,,,,
,ATS,07054,PARSIPPANY,NJ,764,,US,,,NaT,07054,PARSIPPANY,REVIEW,NJ,,GEORGE S HALL INC,Y,MEDIUM,100,,,"4 GATEHALL DRIVE, 2ND FLOOR",EMAIL INVOICE,,Y,,4 GATEHALL DR 2ND FL,,,,GEORGE S. HALL INC,,,,,,,,,,,,,,,,,
,ATS,21236,BALTIMORE,MD,765,,US,MEDSTAR HEALTH INC,,2026-01-11 12:48:10,21236,BALTIMORE,READY,MD,,MEDSTAR HEALTH,Y,HIGH,80,,,"MEDSTAR HEALTH, INC",8020 CORPORATE DRIVE,,Y,,8020 CORPORATE DR,,,,MEDSTAR HEALTH,,,,,,,,,,,,,,,,,
,ATS,20001,WAHSINGTON,DC,766,,US,ROOM 154,,NaT,20001,WAHSINGTON,REVIEW,DC,,GEORGETOWN UNIVERSITY LAW CENTER,Y,MEDIUM,100,,,"600 NEW JERSEY AVENUE, NW",ROOM 154,,Y,,600 NEW JERSEY AVE NW,,,,GEORGETOWN UNIVERSITY LAW CENTER,,,,,,,,,,,,,,,,,
,ATS,20007,WASHINGTON,DC,767,,US,STE 400,,2026-01-11 12:48:14,20007,WASHINGTON,READY,DC,,GEORGETOWN UNIVERSITY,Y,HIGH,80,,,"2121 WISCONSIN AVE, NW",STE 400 - EMAIL,,Y,,2121 WISCONSIN AVE NW,,,,GEORGETOWN UNIVERSITY,,,,,,,,,,,,,,,,,
,ATS,20007,WASHINGTON,DC,768,,US,,,NaT,20007,WASHINGTON,REVIEW,DC,,GEORGETOWN VISITATION PREP SCHOOL,Y,MEDIUM,100,,,"1524 35TH ST, NW",,,Y,,1524 35TH ST NW,,,,GEORGETOWN VISITATION PREP SCHOOL,,,,,,,,,,,,,,,,,
,ATS,22611,BERRYVILLE,VA,769,,US,,,NaT,22611,BERRYVILLE,REVIEW,VA,,GEOTHERMAL SCOTT HEATING & COOLING,Y,MEDIUM,100,,,7290 STRINGTOWN RD,,,Y,,7290 STRINGTOWN RD,,,,GEOTHERMAL SCOTT HEATING & COOLING,,,,,,,,,,,,,,,,,
,ATS,32174,ORMOND BEACH,FL,770,,US,,,2026-01-11 12:48:30,32174,ORMOND BEACH,READY,FL,,GERMFREE,Y,HIGH,80,,,FOUR SUNSHINE BLVD,,,Y,,4 SUNSHINE BLVD,,,,GERMFREE,,,,,,,,,,,,,,,,,
,ATS,21048,FINKSBURG,MD,771,,US,ATTN: DEBBY TROYER,,NaT,21048,FINKSBURG,REVIEW,MD,,GERSTELL ACADEMY,Y,MEDIUM,100,,,2500 OLD WESTMINISTER PIKE,ATTN: DEBBY TROYER,,Y,,2500 OLD WMINISTER PIKE,,,,GERSTELL ACADEMY,,,,,,,,,,,,,,,,,
,ATS,14221,BUFFALO,NY,772,,US,STE #103,,2026-01-11 12:48:37,14221,BUFFALO,READY,NY,,GERSTER SALES & SERVICE INC,Y,HIGH,80,,,45 EARHART DRIVE SUITE 103,,,Y,,45 EARHART DR,,,,"GERSTER SALES & SERVICE, INC.",,,,,,,,,,,,,,,,,
,ATS,21090,LINTHICUM,MD,773,,US,STE #D,,NaT,21090,LINTHICUM,REVIEW,MD,,GEXPRO ELECTRICAL SUPPLY,Y,MEDIUM,100,,,521 PROGRESS DR,SUITE D,,Y,,521 PROGRESS DR,,,,GEXPRO ELECTRICAL SUPPLY,,,,,,,,,,,,,,,,,
,ATS,20707,LAUREL,MD,774,,US,,,2026-01-11 12:48:41,20707,LAUREL,READY,MD,,GF MORIN COMPANY,Y,HIGH,80,,,8667 CHERRY LANE,,,Y,,8667 CHERRY LN,,,,G.F. MORIN COMPANY,,,,,,,,,,,,,,,,,
,ATS,21162,WHITE MARSH,MD,775,,US,,,NaT,21162,WHITE MARSH,REVIEW,MD,,GH NITZEL,Y,MEDIUM,70,,,11300 PULASKI HIGHWAY,P O Box 43180,,Y,,PO BOX 43180,11300 PULASKI HWY,,,GH NITZEL,,,,,,,,,,,,,,,,,
,ATS,20744,FORT WASHINGTON,MD,776,,US,,,2026-01-11 12:48:43,20744,FORT WASHINGTON,READY,MD,,GHATTAS JOYCE,Y,HIGH,80,,,JOYCE GHATTAS,12201 BRAEMER CIRCLE,,Y,,12201 BRAEMER CIR,,,,GHATTAS JOYCE,,,,,,,,,,,,,,,,,
,ATS,20116,MARSHALL,VA,777,,US,,,NaT,20116,MARSHALL,REVIEW,VA,,GREGORY GIBSON,Y,MEDIUM,70,,,PO BOX 100,,,Y,,PO BOX 100,,,,GREGORY GIBSON,,,,,,,,,,,,,,,,,
,ATS,21502,CUMBERLAND,MD,778,,US,,,2026-01-11 12:48:45,21502,CUMBERLAND,READY,MD,,GILL-SIMPSON INC,Y,HIGH,80,,,45 QUEEN STREET,,,Y,,45 QUEEN ST,,,,"GILL-SIMPSON, INC.",,,,,,,,,,,,,,,,,
,ATS,21210,BALTIMORE,MD,779,,US,,,2026-01-11 12:48:47,21210,BALTIMORE,READY,MD,,GILMAN SCHOOL INC,Y,HIGH,80,,,5407 ROLAND AVE,,,Y,,5407 ROLAND AVE,,,,"GILMAN SCHOOL, INC",,,,,,,,,,,,,,,,,
,ATS,20602,WALDORF,MD,780,,US,,,2026-01-11 12:48:49,20602,WALDORF,READY,MD,,GIMBELS MECHANICAL SOLUTIONS LLC,Y,HIGH,80,,,"41 INDUSTRIAL PARK DR., UNIT J",EMAIL INVOICE,,Y,,41 INDUSTRIAL PARK DR UNIT J,,,,GIMBELS MECHANICAL SOLUTIONS LLC,,,,,,,,,,,,,,,,,
,ATS,21093,LUTHERVILLE,MD,781,,US,,,2026-01-11 12:48:51,21093,LUTHERVILLE,READY,MD,,GERARD GIORDANA,Y,HIGH,80,,,8 SEDGEHILL COURT,,,Y,,8 SEDGEHILL CT,,,,GERARD GIORDANA,,,,,,,,,,,,,,,,,
,ATS,21286,TOWSON,MD,782,,US,,,2026-01-11 12:48:53,21286,TOWSON,READY,MD,,GIPE ASSOCIATES INC,Y,HIGH,80,,,849 FAIRMOUNT AVENUE #102,,,Y,,849 FAIRMOUNT AVE #102,,,,"GIPE ASSOCIATES, INC.",,,,,,,,,,,,,,,,,
,ATS,,,,783,,US,,,NaT,,,INVALID,,,GLASS,Y,LOW,20,,,,,,Y,,,,,,glass,,,,,,,,,,,,,,,,,
,ATS,21076,ELKRDIGE,MD,784,,US,STE #211,,NaT,21076,ELKRDIGE,REVIEW,MD,,GLENELG CONSTRUCTION,Y,MEDIUM,100,,,7410 COCA COLA DRIVE,SUITE 211,,Y,,7410 COCA COLA DR,,,,GLENELG CONSTRUCTION,,,,,,,,,,,,,,,,,
,ATS,20851,ROCKVILLE,MD,785,,US,,,2026-01-11 12:48:58,20851,ROCKVILLE,READY,MD,,GLENMONT HEATING & AIR CONDITIONING,Y,HIGH,80,,,2267 LEWIS AVENUE,,,Y,,2267 LEWIS AVE,,,,GLENMONT HEATING & AIR CONDITIONING,,,,,,,,,,,,,,,,,
,ATS,21701,FREDERICK,MD,786,,US,,,2026-01-11 12:49:00,21701,FREDERICK,READY,MD,,GLENN E WALTZ,Y,HIGH,80,,,532 E. CHURCH STREET,,,Y,,532 E CHURCH ST,,,,GLENN E. WALTZ,,,,,,,,,,,,,,,,,
,ATS,20854-2364,POTOMAC,MD,787,,US,,,2026-01-11 12:49:03,20854-2364,POTOMAC,READY,MD,,GLENSTONE,Y,HIGH,80,,,12100 GLEN ROAD,,,Y,,12100 GLEN RD,,,,GLENSTONE,,,,,,,,,,,,,,,,,
,ATS,30080,SMYRNA,GA,788,,US,,,2026-01-11 12:49:05,30080,SMYRNA,READY,GA,,GLOBAL CONTROLS SYSTEMS INC,Y,HIGH,80,,,3297 MILLWOOD TRAIL,,,Y,,3297 MILLWOOD TRAIL,,,,"GLOBAL CONTROLS SYSTEMS, INC",,,,,,,,,,,,,,,,,
,ATS,21237,BALTIMORE,MD,789,,US,,,NaT,21237,BALTIMORE,REVIEW,MD,,GM SUPPLY & SERVICES INC,Y,MEDIUM,100,,,7008-R GOLDEN RING ROAD,EMAIL INVOICES,,Y,,7008-R GOLDEN RING RD,,,,"GM SUPPLY & SERVICES, INC.",,,,,,,,,,,,,,,,,
,ATS,22030,FAIRFAX,VA,790,,US,WAREHOUSE MSN 1E4,,2026-01-11 12:49:09,22030,FAIRFAX,READY,VA,,GMU-FACILITIES MANAGEMENT BILLING,Y,HIGH,80,,,4400 UNIVERSITY DRIVE - EMAIL INVOICE,WAREHOUSE MSN 1E4,,Y,,4400 UNIVERSITY DR,,,,GMU-FACILITIES MANAGEMENT BILLING,,,,,,,,,,,,,,,,,
,ATS,22203,ARLINGTON,VA,791,,US,STE #1115,,NaT,22203,ARLINGTON,REVIEW,VA,,GMUF ARLINGTON CAMPUS LLC,Y,MEDIUM,100,,,4601 NORTH FAIRFAX DRIVE,SUITE 1115,,Y,,4601 N FAIRFAX DR,,,,"GMUF ARLINGTON CAMPUS, LLC",,,,,,,,,,,,,,,,,
,ATS,20657,MECHANICSVILLE,MD,792,,US,,,NaT,20657,MECHANICSVILLE,REVIEW,MD,,GODDARD INCORPORATED,Y,MEDIUM,100,,,26769 TIN TOP SCHOOL RD,,,Y,,26769 TIN TOP SCHOOL RD,,,,GODDARD INCORPORATED,,,,,,,,,,,,,,,,,
,ATS,10523,ELMSFORD,NY,793,,US,,,NaT,10523,ELMSFORD,REVIEW,NY,,MEDSTAR HEALTH,Y,MEDIUM,70,,,PO BOX 518,email invoice,,Y,,PO BOX 518,,,,MEDSTAR HEALTH,,,,,,,,,,,,,,,,,
,ATS,20109,MANASSAS,VA,794,,US,,,NaT,20109,MANASSAS,REVIEW,VA,,GOODE REFRIGERATION - COURT,Y,MEDIUM,100,,,12289 LIVINGSTON RD,,,Y,,12289 LIVINGSTON RD,,,,GOODE REFRIGERATION - COURT,,,,,,,,,,,,,,,,,
,ATS,77056,HOUSTON,TX,795,,US,STE #500,,2026-01-11 12:49:19,77056,HOUSTON,READY,TX,,GOODMAN DISTRIBUTION INC,Y,HIGH,80,,,5151 SAN FELIPE,SUITE 500,,Y,,5151 SAN FELIPE,,,,"GOODMAN DISTRIBUTION, INC.",,,,,,,,,,,,,,,,,
,ATS,20110,NEW BALTIMORE,VA,796,,US,,,NaT,20110,NEW BALTIMORE,REVIEW,VA,,GOSHORN INC,Y,MEDIUM,100,,,6627 ELECTRIC AVENUE,,,Y,,6627 ELECTRIC AVE,,,,"GOSHORN, INC",,,,,,,,,,,,,,,,,
,ATS,21061,GLEN BURNIE,MD,797,,US,,,2026-01-11 12:49:23,21061,GLEN BURNIE,READY,MD,,GOT GERMS,Y,HIGH,80,,,616 OLD STAGE ROAD,,,Y,,616 OLD STAGE RD,,,,GOT GERMS,,,,,,,,,,,,,,,,,
,ATS,21204,TOWSON,MD,798,,US,BUSINESS DEPARTMENT,,2026-01-11 12:49:25,21204,TOWSON,READY,MD,,GOUCHER COLLEGE,Y,HIGH,80,,,BUSINESS DEPARTMENT-EMAIL,1021 DULANEY VALLEY ROAD,,Y,,1021 DULANEY VALLEY RD,,,,GOUCHER COLLEGE,,,,,,,,,,,,,,,,,
,ATS,63042-2703,HAZELWOOD,MO,799,,US,,,NaT,63042-2703,HAZELWOOD,REVIEW,MO,,GOVAGE INC,Y,MEDIUM,100,,,12 KENWOOD DR.,EMAIL INVOICES,,Y,,12 KENWOOD DR,,,,"GOVAGE, INC",,,,,,,,,,,,,,,,,
,ATS,20814,BETHESDA,MD,800,,US,,,2026-01-11 12:49:29,20814,BETHESDA,READY,MD,,GOVERNMENT MLO SUPPLIES USAINC,Y,HIGH,80,,,4921-B AUBURN AVE,,,Y,,4921-B AUBURN AVE,,,,"GOVERNMENT MLO SUPPLIES USA,INC",,,,,,,,,,,,,,,,,
,ATS,20401,WASHINGTON,DC,801,,US,,,2026-01-11 12:49:31,20401,WASHINGTON,READY,DC,,GOVERNMENT PUBLISHING OFFICE,Y,HIGH,80,,,732 NORTH CAPITOL ST NW,,,Y,,732 N CAPITOL ST NW,,,,GOVERNMENT PUBLISHING OFFICE,,,,,,,,,,,,,,,,,
,ATS,21215-0004,BALTIMORE,MD,802,,US,,,NaT,21215-0004,BALTIMORE,REVIEW,MD,,GRACE MEDICAL CTR - LIFEBRIDGE HEALTH,Y,MEDIUM,70,,,ACCOUNTS PAYABLE,PO BOX 2667 - EMAIL,,Y,,PO BOX 2667,,,,GRACE MEDICAL CTR - LIFEBRIDGE HEALTH,,,,,,,,,,,,,,,,,
,ATS,21201,BALTIMORE,MD,803,,US,STE #1300,,2026-01-11 12:49:33,21201,BALTIMORE,READY,MD,,GRANDER CAPITAL PARTNERS,Y,HIGH,80,,,25 SOUTH CHARLES STREET,SUITE 1300,,Y,,25 S CHARLES ST,,,,GRANDER CAPITAL PARTNERS,,,,,,,,,,,,,,,,,
,ATS,20151,CHANTILLY,VA,804,,US,,,NaT,20151,CHANTILLY,REVIEW,VA,,GRANULES PHARMACEUTICALS INC,Y,MEDIUM,100,,,3701 CONCORDE PARKWAY,EMAIL INVOICE,,Y,,3701 CONCORDE PKWY,,,,GRANULES PHARMACEUTICALS INC.,,,,,,,,,,,,,,,,,
,ATS,20794,JESSUP,MD,805,,US,,,2026-01-11 12:49:37,20794,JESSUP,READY,MD,,GRAPHTEC COMPANY,Y,HIGH,80,,,8620 OLD DORSEY RUN ROAD,,,Y,,8620 OLD DORSEY RUN RD,,,,GRAPHTEC COMPANY,,,,,,,,,,,,,,,,,
,ATS,20743,CAPITAL HEIGHTS,MD,806,,US,,,NaT,20743,CAPITAL HEIGHTS,REVIEW,MD,,GRAY GRAPHICS,Y,MEDIUM,100,,,8607 CENTRAL AVENUE,,,Y,,8607 CENTRAL AVE,,,,GRAY GRAPHICS,,,,,,,,,,,,,,,,,
,ATS,63178,ST LOUIS,MO,807,,US,,,NaT,63178,ST LOUIS,REVIEW,MO,,GRAYBAR,Y,MEDIUM,70,,,PO BOX 78099,EMAIL INVOICE,,Y,,PO BOX 78099,,,,GRAYBAR,,,,,,,,,,,,,,,,,
,ATS,21205,BALTIMORE,MD,808,,US,,,2026-01-11 12:49:43,21205,BALTIMORE,READY,MD,,GRAYBAR ELEC CO INC,Y,HIGH,80,,,3701 E. MONUMENT ST.,,,Y,,3701 E MONUMENT ST,,,,GRAYBAR ELEC. CO. INC.,,,,,,,,,,,,,,,,,
,ATS,21237,BALTIMORE,MD,809,,US,,,2026-01-11 12:49:45,21237,BALTIMORE,READY,MD,,GREEN CONTRACTING COMPANY INC,Y,HIGH,80,,,8837 YELLOW BRICK ROAD,EMAIL INVOICES,,Y,,8837 YELLOW BRICK RD,,,,"GREEN CONTRACTING COMPANY, INC.",,,,,,,,,,,,,,,,,
,ATS,21921,ELKTON,MD,810,,US,,,NaT,21921,ELKTON,REVIEW,MD,,GREEN THUMB INDUSTRIES,Y,MEDIUM,100,,,355 MALONEY ROAD,,,Y,,355 MALONEY RD,,,,GREEN THUMB INDUSTRIES,,,,,,,,,,,,,,,,,
,ATS,20147,ASHBURN,VA,811,,US,STE #107,,2026-01-11 12:49:49,20147,ASHBURN,READY,VA,,GREENWAY ENTERPRISES,Y,HIGH,80,,,"44652 GUILFORD DRIVE, SUITE 107",EMAIL INVOICES,,Y,,44652 GUILFORD DR,,,,GREENWAY ENTERPRISES,,,,,,,,,,,,,,,,,
,ATS,20115,MARSHALL,VA,812,,US,,,2026-01-11 12:49:51,20115,MARSHALL,READY,VA,,GREGORY GIBSON,Y,HIGH,80,,,4195 WHITING ROAD,,,Y,,4195 WHITING RD,,,,GREGORY GIBSON,,,,,,,,,,,,,,,,,
,ATS,20111,MANASSAS,VA,813,,US,,,NaT,20111,MANASSAS,REVIEW,VA,,GREGORY GROSS,Y,MEDIUM,100,,,6815 YATES ROAD,,,Y,,6815 YATES RD,,,,GREGORY GROSS,,,,,,,,,,,,,,,,,
,ATS,21601,EASTON,MD,814,,US,,,2026-01-11 12:49:55,21601,EASTON,READY,MD,,GRETCHEN SCHERPING,Y,HIGH,80,,,28684 EMANUEL STREET,,,Y,,28684 EMANUEL ST,,,,GRETCHEN SCHERPING,,,,,,,,,,,,,,,,,
,ATS,,,,815,,US,,,NaT,,,INVALID,,,GREYT MECHANICAL,Y,LOW,20,,,,,,Y,,,,,,GREYT MECHANICAL,,,,,,,,,,,,,,,,,
,ATS,22116-7643,MERRIFIELD,VA,816,,US,NXS# ADVTHE -ACC4,,NaT,22116-7643,MERRIFIELD,REVIEW,VA,,GRIZZLY VENTURES LLC,Y,MEDIUM,70,,,NXS# ADVTHE -ACC4,P.O.BOX 22116-7643,,Y,,PO BOX 22116-7643,,,,GRIZZLY VENTURES LLC,,,,,,,,,,,,,,,,,
,ATS,21061,GLEN BURNIE,MD,817,,US,STE #C,,2026-01-11 12:49:58,21061,GLEN BURNIE,READY,MD,,GROUNDED ELECTRICAL CONSTRUCTION,Y,HIGH,80,,,"504 MCCORMICK DR., SUITE C",EMAIL INVOICE,,Y,,504 MCCORMICK DR,,,,GROUNDED ELECTRICAL CONSTRUCTION,,,,,,,,,,,,,,,,,
,ATS,25427,HEDGESVILLE,WV,818,,US,HEDGESVILLE,,NaT,25427,HEDGESVILLE,REVIEW,WV,,GROVE CONSULTING HVAC SPECIALISTS LLC,Y,MEDIUM,100,,,1354 TUSCARORA PIKE,HEDGESVILLE,,Y,,1354 TUSCARORA PIKE,,,,"GROVE CONSULTING HVAC SPECIALISTS, LLC",,,,,,,,,,,,,,,,,
,ATS,60201,EVANSTON,IL,819,,US,STE #300,,2026-01-11 12:50:02,60201,EVANSTON,READY,IL,,GRUMMAN BUTKUS ASSOCIATES,Y,HIGH,80,,,820 DAVIS STREET,SUITE 300,,Y,,820 DAVIS ST,,,,GRUMMAN BUTKUS ASSOCIATES,,,,,,,,,,,,,,,,,
,ATS,20006,WASHINGTON,DC,820,,US,STE 1150 C/O REGINALD A SCOTT,,NaT,20006,WASHINGTON,REVIEW,DC,,GSA DC SERVICE CENTER,Y,MEDIUM,100,,,C/O REGINALD A SCOTT,1717 PENNSYLVANA AVE STE 1150,,Y,,1717 PENNSYLVANA AVE,,,,GSA DC SERVICE CENTER,,,,,,,,,,,,,,,,,
,ATS,20004,WASHINGTON,DC,821,,US,TRIANGLE SERVICE CENTER,,NaT,20004,WASHINGTON,REVIEW,DC,,US GENERAL SERVICES ADMIN/NCR/PBS,Y,MEDIUM,100,,,TRIANGLE SERVICE CENTER,"1300 PENNSYLVANIA AVE., SUTE G.1-10",,Y,,1300 PENNSYLVANIA AVE SUTE G1-10,,,,U.S. GENERAL SERVICES ADMIN/NCR/PBS,,,,,,,,,,,,,,,,,
,ATS,76102-0181,FORT WORTH,TX,822,,US,PBS PAYMENT BRANCH,,NaT,76102-0181,FORT WORTH,REVIEW,TX,,GSA WHITE HOUSE,Y,MEDIUM,70,,,PBS PAYMENT BRANCH,PO BOX 17181,,Y,,PO BOX 17181,,,,GSA WHITE HOUSE,,,,,,,,,,,,,,,,,
,ATS,21771,MT AIRY,MD,823,,US,,,NaT,21771,MT. AIRY,REVIEW,MD,,GSW ELECTRICAL SERVICE LLC,Y,MEDIUM,100,,,6366 ALBERS DRIVE,,,Y,,6366 ALBERS DR,,,,"GSW ELECTRICAL SERVICE, LLC",,,,,,,,,,,,,,,,,
,ATS,21617,CENTREVILLE,MD,824,,US,,,2026-01-11 12:50:11,21617,CENTREVILLE,READY,MD,,GTI MARYLAND LLC,Y,HIGH,80,,,152 COMET DRIVE,EMAIL INVOICES,,Y,,152 COMET DR,,,,"GTI MARYLAND, LLC",,,,,,,,,,,,,,,,,
,ATS,20111,MANASSAS,VA,825,,US,,,NaT,20111,MANASSAS,REVIEW,VA,,CHRIS GUAY,Y,MEDIUM,100,,,6359 YATES FORD ROAD,,,Y,,6359 YATES FORD RD,,,,CHRIS GUAY,,,,,,,,,,,,,,,,,
,ATS,20852,ROCKVILLE,MD,826,,US,STE #200,,NaT,20852,ROCKVILLE,REVIEW,MD,,G-W MANAGEMENT SERVICES LLC,Y,MEDIUM,100,,,"5010 NICHOLSON LANE, SUITE 200",EMAIL INVOICE,,Y,,5010 NICHOLSON LN,,,,"G-W MANAGEMENT SERVICES, LLC",,,,,,,,,,,,,,,,,
,ATS,20109,MANASSAS,VA,827,,US,,,NaT,20109,MANASSAS,REVIEW,VA,,GW MECHANICAL LLC,Y,MEDIUM,100,,,12177 BALLS FORD RD,email invoice,,Y,,12177 BALLS FORD RD,,,,"GW MECHANICAL, LLC",,,,,,,,,,,,,,,,,
,ATS,20705,BELTSVILLE,MD,828,,US,UNIT F,,2026-01-11 12:50:20,20705,Beltsville,READY,MD,,H&B PRODUCTS INC,Y,HIGH,80,,,12500 Baltimore Avenue,Unit F,,Y,,12500 BALTIMORE AVE,,,,"H&B PRODUCTS, INC.",,,,,,,,,,,,,,,,,
,ATS,20772,UPPER MARLBORO,MD,829,,US,,,2026-01-11 12:50:21,20772,UPPER MARLBORO,READY,MD,,H&D MECHANICAL LLC,Y,HIGH,80,,,7703 CRAIN HIGHWAY,EMAIL INVOICES,,Y,,7703 CRAIN HWY,,,,H&D MECHANICAL LLC,,,,,,,,,,,,,,,,,
,ATS,17111,HARRISBURG,PA,830,,US,,,2026-01-11 12:50:23,17111,HARRISBURG,READY,PA,,HC NYE CO,Y,HIGH,80,,,2999 Revere St,,,Y,,2999 REVERE ST,,,,H.C. NYE CO,,,,,,,,,,,,,,,,,
,ATS,20785,LANDOVER,MD,831,,US,ERMAIL - INVOICE,,2026-01-11 12:50:26,20785,LANDOVER,READY,MD,,HM SWEENY CO,Y,HIGH,80,,,8373 ARDWICK ARDMORE ROAD,ermail - invoice,,Y,,8373 ARDWICK ARDMORE RD,,,,H.M. SWEENY CO.,,,,,,,,,,,,,,,,,
,ATS,21236,WHITE MARSH,MD,832,,US,,,2026-01-11 12:50:28,21236,White Marsh,READY,MD,,HAGEMEYER,Y,HIGH,80,,,8009 Corporate Drive,,,Y,,8009 CORPORATE DR,,,,HAGEMEYER,,,,,,,,,,,,,,,,,
,ATS,21742,HAGERSTOWN,MD,833,,US,,,NaT,21742,HAGERSTOWN,REVIEW,MD,,HAGERSTOWN COMMUNITY COLLEGE,Y,MEDIUM,100,,,11400 ROBINWOOD DR,,,Y,,11400 ROBINWOOD DR,,,,HAGERSTOWN COMMUNITY COLLEGE,,,,,,,,,,,,,,,,,
,ATS,22406,FREDERICKSBURG,VA,834,,US,,,NaT,22406,FREDERICKSBURG,REVIEW,VA,,HAMBY SERVICE CORPORATION,Y,MEDIUM,100,,,30 BUCKHORN TRAIL,,,Y,,30 BUCKHORN TRAIL,,,,HAMBY SERVICE CORPORATION,,,,,,,,,,,,,,,,,
,ATS,20602,WALDORF,MD,835,,US,,,NaT,20602,WALDORF,REVIEW,MD,,HAMILTON PACIFIC CHAMBERLAIN,Y,MEDIUM,100,,,14- K IRONGATE DR,,,Y,,14- K IRONGATE DR,,,,HAMILTON PACIFIC CHAMBERLAIN,,,,,,,,,,,,,,,,,
,ATS,21085,JOPPA,MD,836,,US,,,NaT,21085,JOPPA,REVIEW,MD,,HANCO & ASSOCIATES INC,Y,MEDIUM,100,,,1129B CLAYTON ROAD,,,Y,,1129B CLAYTON RD,,,,"HANCO & ASSOCIATES, INC.",,,,,,,,,,,,,,,,,
,ATS,21801,SALISBURY,MD,837,,US,,,2026-01-11 12:50:46,21801,SALISBURY,READY,MD,,HANCOCK & SONS PLUMBING LLC,Y,HIGH,80,,,239 LEONARD LANE,,,Y,,239 LEONARD LN,,,,"HANCOCK AND SONS PLUMBING, LLC",,,,,,,,,,,,,,,,,
,ATS,20650,LEONARDTOWN,MD,838,,US,,,2026-01-11 12:50:48,20650,LEONARDTOWN,READY,MD,,HANCOCK REFRIGERATION COMPANY,Y,HIGH,80,,,EMAIL INVOICE,28650 POINT LOOKOUT ROAD,,Y,,28650 POINT LOOKOUT RD,,,,HANCOCK REFRIGERATION COMPANY,,,,,,,,,,,,,,,,,
,ATS,21202,BALTIMORE,MD,839,,US,STE 950,,2026-01-11 12:50:51,21202,BALTIMORE,READY,MD,,BALTOWER ASSOC LLC,Y,HIGH,80,,,7 ST. PAUL ST.,STE 950,,Y,,7 ST PAUL ST,,,,BALTOWER ASSOC. LLC,,,,,,,,,,,,,,,,,
,ATS,10523,ELMSFORD,NY,840,,US,MEDSTAR HEALTH INC,,NaT,10523,ELMSFORD,REVIEW,NY,,MEDSTAR HARBOR HOSPITAL,Y,MEDIUM,70,,,"MEDSTAR HEALTH, INC",PO BOX 518,,Y,,PO BOX 518,,,,MEDSTAR HARBOR HOSPITAL,,,,,,,,,,,,,,,,,
,ATS,21770,MONROVIA,MD,841,,US,,,2026-01-11 12:50:52,21770,MONROVIA,READY,MD,,HARDESTY INC,Y,HIGH,80,,,5231 INTERCOASTAL DRIVE,EMAIL INVOICE,,Y,,5231 INTERCOASTAL DR,,,,"HARDESTY, INC.",,,,,,,,,,,,,,,,,
,ATS,21015,BEL AIR,MD,842,,US,(BOB CAHA),,2026-01-11 12:50:54,21015,BEL  AIR,READY,MD,,HARFORD COMMUNITY COLLEGE,Y,HIGH,80,,,401 THOMAS RUN ROAD,(BOB CAHA),,Y,,401 THOMAS RUN RD,,,,HARFORD COMMUNITY COLLEGE,,,,,,,,,,,,,,,,,
,ATS,21014,BEL AIR,MD,843,,US,FACILITIES & OPERATIONS,,NaT,21014,BEL  AIR,REVIEW,MD,,HARFORD COUNTY GOVERNMENT,Y,MEDIUM,100,,,FACILITIES & OPERATIONS,611 N. FOUNTAIN GREEN RD.,,Y,,611 N FOUNTAIN GREEN RD,,,,HARFORD COUNTY GOVERNMENT,,,,,,,,,,,,,,,,,
,ATS,21015,BEL AIR,MD,844,,US,,,2026-01-11 12:51:00,21015,BEL AIR,READY,MD,,HARFORD COUNTY PUBLIC SCHOOLS,Y,HIGH,80,,,2209 CONOWINGO RD,,,Y,,2209 CONOWINGO RD,,,,HARFORD COUNTY PUBLIC SCHOOLS,,,,,,,,,,,,,,,,,
,ATS,21078,HAVRE DE GRACE,MD,845,,US,,,2026-01-11 12:51:02,21078,HAVRE DE GRACE,READY,MD,,HARFORD MEMORIAL HOSPITAL,Y,HIGH,80,,,501 SOUTH UNION AVENUE,,,Y,,501 S UNION AVE,,,,HARFORD MEMORIAL HOSPITAL,,,,,,,,,,,,,,,,,
,ATS,21237,BALTIMORE,MD,846,,US,,,2026-01-11 12:51:04,21237,BALTIMORE,READY,MD,,HARFORD REFRIGERATION CO INC,Y,HIGH,80,,,7915 PHILADELPHIA RD,,,Y,,7915 PHILADELPHIA RD,,,,"HARFORD REFRIGERATION CO., INC",,,,,,,,,,,,,,,,,
,ATS,20743,CAPITAL HEIGHTS,MD,847,,US,,,NaT,20743,CAPITAL HEIGHTS,REVIEW,MD,,HARRIS MID-ATLANTIC INC,Y,MEDIUM,100,,,120 WEST HAMPTON AVENUE,EMAIL INVOICES,,Y,,120 W HAMPTON AVE,,,,"HARRIS MID-ATLANTIC, INC",,,,,,,,,,,,,,,,,
,ATS,20785,LANDOVER,MD,848,,US,,,2026-01-11 12:51:08,20785,LANDOVER,READY,MD,,HARRY EKLOF & ASSOCIATES INC,Y,HIGH,80,,,3401 PENNSY DRIVE,,,Y,,3401 PENNSY DR,,,,"HARRY EKLOF & ASSOCIATES, INC",,,,,,,,,,,,,,,,,
,ATS,20111,MANASSAS,VA,849,,US,,,2026-01-11 12:51:10,20111,MANASSAS,READY,VA,,HARRY ZINT,Y,HIGH,80,,,8009 MILLER DRIVE,,,Y,,8009 MILLER DR,,,,HARRY ZINT,,,,,,,,,,,,,,,,,
,ATS,21014,BEL AIR,MD,850,,US,,,2026-01-11 12:51:12,21014,BEL  AIR,READY,MD,,BOARD OF EDUCATION OF HARFORD COUNTY,Y,HIGH,80,,,2209 CONOWINGO RD,,,Y,,2209 CONOWINGO RD,,,,BOARD OF EDUCATION OF HARFORD COUNTY,,,,,,,,,,,,,,,,,
,ATS,21638,GRASONVILLE,MD,851,,US,,,NaT,21638,GRASONVILLE,REVIEW,MD,,HARTWELL ENGINEERING,Y,MEDIUM,70,,,PO BOX 218,,,Y,,PO BOX 218,,,,HARTWELL ENGINEERING,,,,,,,,,,,,,,,,,
,ATS,20879,GAITHERSBURG,MD,852,,US,,,NaT,20879,GAITHERSBURG,REVIEW,MD,,HARVEY HOTTEL,Y,MEDIUM,100,,,18900 A WOODFIELD ROAD,,,Y,,18900 A WOODFIELD RD,,,,HARVEY HOTTEL,,,,,,,,,,,,,,,,,
,ATS,21093,TIMONIUM,MD,853,,US,UNIT #102,,NaT,21093,TIMONIUM,REVIEW,MD,,ELLEN HARWARD,Y,MEDIUM,100,,,401 PLUMBRIDGE COURT,UNIT #102,,Y,,401 PLUMBRIDGE CT,,,,ELLEN HARWARD,,,,,,,,,,,,,,,,,
,ATS,20646,LA PLATA,MD,854,,US,,,NaT,20646,LA PLATA,REVIEW,MD,,HASH CONSTRUCTION,Y,MEDIUM,100,,,9290 W AND W INDUSTRIAL ROAD,,,Y,,9290 W AND W INDUSTRIAL RD,,,,HASH CONSTRUCTION,,,,,,,,,,,,,,,,,
,ATS,19803,WILMINGTON,DE,855,,US,,,NaT,19803,WILMINGTON,REVIEW,DE,,HATZEL & BUEHLER INC,Y,MEDIUM,70,,,PO BOX 7499,EMAIL INVOICES,,Y,,PO BOX 7499,,,,"HATZEL & BUEHLER, INC.",,,,,,,,,,,,,,,,,
,ATS,20016,WASHINGTON,DC,856,,US,,,2026-01-11 12:51:20,20016,WASHINGTON,READY,DC,,HAUTE BODHI YOGA,Y,HIGH,80,,,4908 WISCONSIN AVE NW,,,Y,,4908 WISCONSIN AVE NW,,,,HAUTE BODHI YOGA,,,,,,,,,,,,,,,,,
,ATS,20151,CHANTILLY,VA,857,,US,STE #C,,2026-01-11 12:51:22,20151,CHANTILLY,READY,VA,,HAVATECH INC,Y,HIGH,80,,,14210 SULLYFIELD CIRCLE,SUITE C,,Y,,14210 SULLYFIELD CIR,,,,"HAVATECH, INC.",,,,,,,,,,,,,,,,,
,ATS,21046,COLUMBIA,MD,858,,US,,,2026-01-11 12:51:24,21046,COLUMBIA,READY,MD,,HAVTECH,Y,HIGH,80,,,9505 BERGER ROAD,,,Y,,9505 BERGER RD,,,,HAVTECH -email invoice,,,,,,,,,,,,,,,,,
,ATS,21046,COLUMBIA,MD,859,,US,,,2026-01-11 12:51:26,21046,COLUMBIA,READY,MD,,HAVTECH,Y,HIGH,80,,,9505 BERGER ROAD,,,Y,,9505 BERGER RD,,,,HAVTECH,,,,,,,,,,,,,,,,,
,ATS,21048,FINKSBURG,MD,860,,US,,,NaT,21048,FINKSBURG,REVIEW,MD,,HAYDEN MECHANICAL,Y,MEDIUM,100,,,2136 BOLLINGER MILL ROAD,,,Y,,2136 BOLLINGER MILL RD,,,,HAYDEN MECHANICAL,,,,,,,,,,,,,,,,,
,ATS,21030,COCKEYSVILLE,MD,861,,US,,,2026-01-11 12:51:30,21030,COCKEYSVILLE,READY,MD,,HAYFIELD COUNTRY CLUB,Y,HIGH,80,,,700 HAYFIELDS ROAD,,,Y,,700 HAYFIELDS RD,,,,HAYFIELD COUNTRY CLUB,,,,,,,,,,,,,,,,,
,ATS,20794,JESSUP,MD,862,,US,,,NaT,20794,JESSUP,REVIEW,MD,,HAYGOOD MECHANICAL,Y,MEDIUM,100,,,7403 SINGLE TREE LANE,,,Y,,7403 SINGLE TREE LN,,,,HAYGOOD MECHANICAL,,,,,,,,,,,,,,,,,
,ATS,20721,BOWIE,MD,863,,US,,,2026-01-11 12:51:34,20721,BOWIE,READY,MD,,HBH SOLUTIONS LLC,Y,HIGH,80,,,14806 BOWIE FARM CT,,,Y,,14806 BOWIE FARM CT,,,,"HBH SOLUTIONS, LLC",,,,,,,,,,,,,,,,,
,ATS,21740,HAGERSTOWN,MD,864,,US,,,2026-01-11 12:51:36,21740,HAGERSTOWN,READY,MD,,HBP INC,Y,HIGH,80,,,952 FREDERICK STREET,EMAIL INVOICES,,Y,,952 FREDERICK ST,,,,"HBP, INC",,,,,,,,,,,,,,,,,
,ATS,20016,WASHINGTON,DC,865,,US,,,NaT,20016,WASHINGTON,REVIEW,DC,,HD JOHNSON,Y,MEDIUM,100,,,5500 MCARTHUR BLVD NW,,,Y,,5500 MCARTHUR BLVD NW,,,,HD JOHNSON,,,,,,,,,,,,,,,,,
,ATS,44319-2795,SOLON,OH,866,,US,STE #100,,2026-01-11 12:51:40,44319-2795,SOLON,READY,OH,,HDT EXPEDITIONARY SYSTEM INC,Y,HIGH,80,,,30500 AURORA RD,SUITE 100,,Y,,30500 AURORA RD,,,,"HDT EXPEDITIONARY SYSTEM, INC.",,,,,,,,,,,,,,,,,
,ATS,37203,NASHVILLE,TN,867,,US,STE #775,,2026-01-11 12:51:42,37203,NASHVILLE,READY,TN,,HEALTHCARE REALTY TRUST,Y,HIGH,80,,,3310 WEST END AVENUE,SUITE 775,,Y,,3310 W END AVE,,,,HEALTHCARE REALTY TRUST,,,,,,,,,,,,,,,,,
,ATS,32609,GAINESVILLE,FL,868,,US,,,2026-01-11 12:51:44,32609,GAINESVILLE,READY,FL,,HEAT PIPE TECHNOLOGY,Y,HIGH,80,,,4340 NE 49TH AVENUE,,,Y,,4340 NE 49TH AVE,,,,HEAT PIPE TECHNOLOGY,,,,,,,,,,,,,,,,,
,ATS,33610,TAMPA,FL,869,,US,,,NaT,33610,TAMPA,REVIEW,FL,,HEAT PIPE TECHNOLOGIES,Y,MEDIUM,100,,,6904 PARKE EAST BLVD,EMAIL INVOICE,,Y,,6904 PARKE E BLVD,,,,HEAT PIPE TECHNOLOGIES,,,,,,,,,,,,,,,,,
,ATS,21226,CURTIS BAY,MD,870,,US,,,NaT,21226,CURTIS BAY,REVIEW,MD,,HEER BROTHERS,Y,MEDIUM,100,,,"7500 ENERGY COURT, UNIT 8",,,Y,,7500 ENERGY CT UNIT 8,,,,HEER BROTHERS,,,,,,,,,,,,,,,,,
,ATS,20895,KENSINGTON,MD,871,,US,,,NaT,20895,KENSINGTON,REVIEW,MD,,HEFFRON COMPANY,Y,MEDIUM,100,,,EMAIL INVOICE,4940 NICHOLSON COURT,,Y,,4940 NICHOLSON CT,,,,HEFFRON COMPANY,,,,,,,,,,,,,,,,,
,ATS,20899,GAITHERSBURG,MD,872,,US,,,2026-01-11 12:51:52,20899,GAITHERSBURG,READY,MD,,HENSEL PHELPS SERVICES LLC,Y,HIGH,80,,,100 BUREAU DRIVE,EMAIL INVOICE,,Y,,100 BUREAU DR,,,,"HENSEL PHELPS SERVICES, LLC",,,,,,,,,,,,,,,,,
,ATS,21114,CROFTON,MD,873,,US,STE #7,,2026-01-11 12:51:54,21114,CROFTON,READY,MD,,HERITAGE MECHANICAL,Y,HIGH,80,,,2134 ESPEY COURT,SUITE 7,,Y,,2134 ESPEY CT,,,,HERITAGE MECHANICAL - EMAIL,,,,,,,,,,,,,,,,,
,ATS,20171,HERDON,VA,874,,US,,,NaT,20171,HERDON,REVIEW,VA,,HEROLD LEFF CONTRACTING,Y,MEDIUM,100,,,2810 REIGN STREET,,,Y,,2810 REIGN ST,,,,HEROLD LEFF CONTRACTING,,,,,,,,,,,,,,,,,
,ATS,20772,UPPER MARLBORO,MD,875,,US,,,2026-01-11 12:51:58,20772,UPPER MARLBORO,READY,MD,,HESS MECHANICAL,Y,HIGH,80,,,9600 FALLARD COURT,,,Y,,9600 FALLARD CT,,,,HESS MECHANICAL,,,,,,,,,,,,,,,,,
,ATS,20201,WASHINGTON,DC,876,,US,,,2026-01-11 12:52:00,20201,WASHINGTON,READY,DC,,HEALTH & HUMAN SERVICES (HHS) GOV,Y,HIGH,80,,,"200 INDEPENDENCE AVE, SW",,,Y,,200 INDEPENDENCE AVE SW,,,,HEALTH & HUMAN SERVICES (HHS) GOV,,,,,,,,,,,,,,,,,
,ATS,20032,WASHINGTON,DC,877,,US,,,2026-01-11 12:52:02,20032,WASHINGTON,READY,DC,,HI-MARK CONSTRUCTION,Y,HIGH,80,,,5000 OVERLOOK AVENUE SW,,,Y,,5000 OVERLOOK AVE SW,,,,HI-MARK CONSTRUCTION,,,,,,,,,,,,,,,,,
,ATS,21835,LINKWOOD,MD,878,,US,,,2026-01-11 12:52:04,21835,LINKWOOD,READY,MD,,HILL'S ELECTRIC MOTOR SERVICE INC,Y,HIGH,80,,,3901 VINCENT ROAD,,,Y,,3901 VINCENT RD,,,,"HILL'S ELECTRIC MOTOR SERVICE, INC",,,,,,,,,,,,,,,,,
,ATS,20008,WASHINGTON,DC,879,,US,,,2026-01-11 12:52:06,20008,WASHINGTON,READY,DC,,HILLWOOD MUSEUM,Y,HIGH,80,,,"4155 LINNEAN AVENUE, NW",,,Y,,4155 LINNEAN AVE NW,,,,HILLWOOD MUSEUM,,,,,,,,,,,,,,,,,
,ATS,20037,WASHINGTON,DC,880,,US,,,2026-01-11 12:52:08,20037,WASHINGTON,READY,DC,,HILTON GARDEN INN,Y,HIGH,80,,,2201 M ST NW,,,Y,,2201 M ST NW,,,,HILTON GARDEN INN,,,,,,,,,,,,,,,,,
,ATS,20036,WAHSINGTON,DC,881,,US,,,NaT,20036,WAHSINGTON,REVIEW,DC,,HINES,Y,MEDIUM,100,,,1200 19TH STREET NW,,,Y,,1200 19TH ST NW,,,,HINES,,,,,,,,,,,,,,,,,
,ATS,77040,HOUSTON,TX,882,,US,,,2026-01-11 12:52:11,77040,HOUSTON,READY,TX,,HISCO INC,Y,HIGH,80,,,6650 CONCORD PARK DRIVE,,,Y,,6650 CONCORD PARK DR,,,,"HISCO, INC.",,,,,,,,,,,,,,,,,
,ATS,22042,FALLS CHURCH,VA,883,,US,,,NaT,22042,FALLS CHURCH,REVIEW,VA,,HITT CONTRACTING INC,Y,MEDIUM,100,,,2900 FAIRVIEW PARK DRIVE,EMAIL INVOICE,,Y,,2900 FAIRVIEW PARK DR,,,,HITT CONTRACTING INC.,,,,,,,,,,,,,,,,,
,ATS,21030,COCKEYSVILLE,MD,884,,US,,,2026-01-11 12:52:16,21030,COCKEYSVILLE,READY,MD,,HYDRONIC MODULES CORPORATION,Y,HIGH,80,,,117A CHURCH LANE,,,Y,,117A CHURCH LN,,,,HYDRONIC MODULES CORPORATION,,,,,,,,,,,,,,,,,
,ATS,23541,NORFOLK,VA,885,,US,,,NaT,23541,NORFOLK,REVIEW,VA,,HOBBS & ASSOCIATES INC,Y,MEDIUM,70,,,PO BOX 12909,EMAIL INVOICES,,Y,,PO BOX 12909,,,,"HOBBS & ASSOCIATES, INC",,,,,,,,,,,,,,,,,
,ATS,02703,ATTLEBORO,MA,886,,US,STE #400,,2026-01-11 12:52:18,02703,ATTLEBORO,READY,MA,,HODESS CLEANROOM CONSTRUCTION LLC,Y,HIGH,80,,,"8 NORTH MAIN ST., SUITE 400",EMAIL INVOICES,,Y,,8 N MAIN ST,,,,"HODESS CLEANROOM CONSTRUCTION, LLC",,,,,,,,,,,,,,,,,
,ATS,27417,GREENSBORO,NC,887,,US,,,NaT,27417,GREENSBORO,REVIEW,NC,,HOFFMAN & HOFFMAN,Y,MEDIUM,70,,,PO BOX 77258,,,Y,,PO BOX 77258,,,,HOFFMAN & HOFFMAN,,,,,,,,,,,,,,,,,
,ATS,20190,RESTON,VA,888,,US,STE #450,,NaT,20190,RESTON,REVIEW,VA,,HOLLADAY PROPERTIES,Y,MEDIUM,100,,,1860 TOWN MEDICAL TOWER,SUITE 450,,Y,,1860 TOWN MEDICAL TOWER,,,,HOLLADAY PROPERTIES,,,,,,,,,,,,,,,,,
,ATS,22150,SPRINGFIELD,VA,889,,US,,,2026-01-11 12:52:22,22150,SPRINGFIELD,READY,VA,,HOLMAN BOILER REPAIR INC,Y,HIGH,80,,,7540 ACCOTINK PARK ROAD,,,Y,,7540 ACCOTINK PARK RD,,,,HOLMAN BOILER REPAIR INC.,,,,,,,,,,,,,,,,,
,ATS,20743,CAPITOL HEIGHTS,MD,890,,US,,,NaT,20743,CAPITOL HEIGHTS,REVIEW,MD,,HOLMES MECHANICAL CONTRACTORS LLC,Y,MEDIUM,100,,,"8900 EDGEWORTH DRIVE, UNIT D",EMAIL INVOICES,,Y,,8900 EDGEWORTH DR UNIT D,,,,"HOLMES MECHANICAL CONTRACTORS, LLC",,,,,,,,,,,,,,,,,
,ATS,48007-5905,TROY,MI,891,,US,,,NaT,48007-5905,TROY,REVIEW,MI,,HOLY CROSS HOSPITAL,Y,MEDIUM,70,,,PO BOX 5905,EMAIL INVOICE,,Y,,PO BOX 5905,,,,HOLY CROSS HOSPITAL,,,,,,,,,,,,,,,,,
,ATS,79998-1234,EL PASO,TX,892,,US,EL PASO,,NaT,79998-1234,EL PASO,REVIEW,TX,,HONEYWELL BUILDING SOLUTIONS,Y,MEDIUM,70,,,PO BOX 981234 -EMAIL INV,EL PASO,,Y,,PO BOX 981234,,,,HONEYWELL BUILDING SOLUTIONS,,,,,,,,,,,,,,,,,
,ATS,79998-1234,EL PASO,TX,893,,US,HONEYWELL ACS-ACSS,,NaT,79998-1234,EL PASO,REVIEW,TX,,HONEYWELL INC,Y,MEDIUM,70,,,PO BOX 981234,HONEYWELL ACS-ACSS,,Y,,PO BOX 981234,,,,"HONEYWELL, INC. - email",,,,,,,,,,,,,,,,,
,ATS,22193,DALE CITY,VA,894,,US,,,NaT,22193,DALE CITY,REVIEW,VA,,HONEYWELL,Y,MEDIUM,100,,,3910 FILLMOORE DRIVE,,,Y,,3910 FILLMOORE DR,,,,HONEYWELL,,,,,,,,,,,,,,,,,
,ATS,22310,ALEXANDRIA,VA,895,,US,,,NaT,22310,ALEXANDRIA,REVIEW,VA,,HOOVER ELECTRIC,Y,MEDIUM,100,,,6314 SADDLE TREE DRIVE,,,Y,,6314 SADDLE TREE DR,,,,HOOVER ELECTRIC,,,,,,,,,,,,,,,,,
,ATS,20772,UPPER MARLBORO,MD,896,,US,STE #C,,NaT,20772,UPPER MARLBORO,REVIEW,MD,,HORIZON MECHANICAL SERVICES LLC,Y,MEDIUM,100,,,"8039 PENN RANDALL PLACE, SUITE C",EMAIL INVOICES,,Y,,8039 PENN RANDALL PL,,,,"HORIZON MECHANICAL SERVICES, LLC",,,,,,,,,,,,,,,,,
,ATS,21237-2964,BALTIMORE,MD,897,,US,,,2026-01-11 12:52:32,21237-2964,BALTIMORE,READY,MD,,HORTON MECHANICAL CONTRACTORS INC,Y,HIGH,80,,,7909 PHILADELPHIA ROAD,,,Y,,7909 PHILADELPHIA RD,,,,"HORTON MECHANICAL CONTRACTORS, INC",,,,,,,,,,,,,,,,,
,ATS,20735,CLINTON,MD,898,,US,,,2026-01-11 12:52:34,20735,CLINTON,READY,MD,,HOT & COLD CORPORATION,Y,HIGH,80,,,7331 OLD ALEXANDRIA FERRY RD,EMAIL INVOICES,,Y,,7331 OLD ALEXANDRIA FERRY RD,,,,HOT & COLD CORPORATION,,,,,,,,,,,,,,,,,
,ATS,,,,899,,US,,,NaT,,,INVALID,,,HOUSE ACCOUNT,Y,LOW,20,,,,,,Y,,,,,,HOUSE ACCOUNT,,,,,,,,,,,,,,,,,
,ATS,21075,ELKRIDGE,MD,900,,US,,,2026-01-11 12:52:37,21075,ELKRIDGE,READY,MD,,HOUSE OF BALANCE,Y,HIGH,80,,,6340 HOWARD LANE,,,Y,,6340 HOWARD LN,,,,HOUSE OF BALANCE,,,,,,,,,,,,,,,,,
,ATS,21044,COLUMBIA,MD,901,,US,,,2026-01-11 12:52:39,21044,COLUMBIA,READY,MD,,HOWARD COMMUNITY COLLEGE,Y,HIGH,80,,,10901 LITTLE PATUXENT PARKWAY,EMAIL INVOICES,,Y,,10901 LITTLE PATUXENT PKWY,,,,HOWARD COMMUNITY COLLEGE,,,,,,,,,,,,,,,,,
,ATS,21104,MARRIOTTSVILLE,MD,902,,US,,,NaT,21104,MARRIOTTSVILLE,REVIEW,MD,,HOWARD COUNTY FIRE & RESCUE,Y,MEDIUM,100,,,2201 WARWICK WAY,,,Y,,2201 WARWICK WAY,,,,HOWARD COUNTY FIRE AND RESCUE,,,,,,,,,,,,,,,,,
,ATS,21218,BALTIMORE,MD,903,,US,JH A/P SHARED SERVICE CENTER,,NaT,21218,BALTIMORE,REVIEW,MD,,HOWARD COUNTY GENERAL HOSPITAL,Y,MEDIUM,70,,,JH A/P SHARED SERVICE CENTER,PO BOX 33499,,Y,,PO BOX 33499,,,,HOWARD COUNTY GENERAL HOSPITAL - EMAIL,,,,,,,,,,,,,,,,,
,ATS,21043,ELLICOTT CITY,MD,904,,US,,,2026-01-11 12:52:44,21043,ELLICOTT CITY,READY,MD,,HOWARD COUNTY GOVERNMENT,Y,HIGH,80,,,3430 COURT HOUSE DRIVE,,,Y,,3430 CT HOUSE DR,,,,HOWARD COUNTY GOVERNMENT,,,,,,,,,,,,,,,,,
,ATS,21042,ELLICOTT CITY,MD,905,,US,,,NaT,21042,ELLICOTT CITY,REVIEW,MD,,HOWARD COUNTY PUBLIC SCHOOLS,Y,MEDIUM,100,,,10910 ROUTE 108,,,Y,,10910 ROUTE 108,,,,HOWARD COUNTY PUBLIC SCHOOLS,,,,,,,,,,,,,,,,,
,ATS,21043,ELLICOTT CITY,MD,906,,US,DEPT OF POLICE: ATTN: QUARTERMASTER WARFIELD BLDG,,2026-01-11 12:52:48,21043,ELLICOTT CITY,READY,MD,,HOWARD COUNTY OFFICE OF PURCHASING,Y,HIGH,80,,,DEPT OF POLICE: ATTN: QUARTERMASTER WARFIELD BLDG,3410 COURT HOUSE DRIVE,,Y,,3410 CT HOUSE DR,,,,HOWARD COUNTY OFFICE OF PURCHASING,,,,,,,,,,,,,,,,,
,ATS,20815-6789,CHEVY CHASE,MD,907,,US,,,2026-01-11 12:52:50,20815-6789,CHEVY CHASE,READY,MD,,HOWARD HUGHES MEDICAL INSTITUTE,Y,HIGH,80,,,4000 JONES BRIDGE ROAD,,,Y,,4000 JONES BRIDGE RD,,,,HOWARD HUGHES MEDICAL INSTITUTE,,,,,,,,,,,,,,,,,
,ATS,20602,WALDORF,MD,908,,US,STE #3,,NaT,20602,WALDORF,REVIEW,MD,,HPC VET,Y,MEDIUM,100,,,101 PAUL MELLON COURT,SUITE 3,,Y,,101 PAUL MELLON CT,,,,HPC VET,,,,,,,,,,,,,,,,,
,ATS,21771,MOUNT AIRY,MD,909,,US,UNIT 8,,2026-01-11 12:52:55,21771,MOUNT AIRY,READY,MD,,HPS SPECIALTIES LLC,Y,HIGH,80,,,1302 RISING RIDGE ROAD,UNIT 8 - EMAIL,,Y,,1302 RISING RIDGE RD,,,,"HPS SPECIALTIES, LLC",,,,,,,,,,,,,,,,,
,ATS,01960,PEABODY,MA,910,,US,STE #110,,2026-01-11 12:52:57,01960,PEABODY,READY,MA,,HTS,Y,HIGH,80,,,ONE CORPORATION WAY,SUITE 110,,Y,,ONE CORPORATION WAY,,,,HTS,,,,,,,,,,,,,,,,,
,ATS,20002,WAHSINGTON,DC,911,,US,STE #208-D,,NaT,20002,WAHSINGTON,REVIEW,DC,,HUGEE CORPORATION,Y,MEDIUM,100,,,"1818 NEW YORK AVENUE, N.E.",SUITE 208-D,,Y,,1818 NEW YORK AVE NE,,,,HUGEE CORPORATION,,,,,,,,,,,,,,,,,
,ATS,20876,GERMANTOWN,MD,912,,US,ATTN: ACCOUNTS PAYABLE,,NaT,20876,GERMANTOWN,REVIEW,MD,,HUGHES NETWORK SYSTEMS,Y,MEDIUM,100,,,11717 EXPLORATION LANE - EMAIL,ATTN: ACCOUNTS PAYABLE,,Y,,11717 EXPLORATION LN,,,,HUGHES NETWORK SYSTEMS,,,,,,,,,,,,,,,,,
,ATS,32801-4936,ORLANDO,FL,913,,US,0931 WALDORF PLUMBING HSI,,NaT,32801-4936,ORLANDO,REVIEW,FL,,HUGHES PLUMBING SUPPLY LTD,Y,MEDIUM,70,,,#0931 WALDORF PLUMBING HSI,PO BOX 4936,,Y,,PO BOX 4936,,,,"HUGHES PLUMBING SUPPLY, LTD",,,,,,,,,,,,,,,,,
,ATS,20722,BRENTWOOD,MD,914,,US,,,2026-01-11 12:53:06,20722,BRENTWOOD,READY,MD,,HURLEY COMPANY A DIV OF BOILER & FURN,Y,HIGH,84,,,4320 BLADENSBURG ROAD,EMAIL INVOICES,,Y,,4320 BLADENSBURG RD,,,,"HURLEY COMPANY, A DIV. OF BOILER & FURN",,,,,,,,,,,,,,,,,
,ATS,75019,COPPELL,TX,915,,US,,,NaT,75019,COPPELL,REVIEW,TX,,HUSSMANN,Y,LOW,100,,,925 FREEPORT PKWY,SUITE #200,,Y,,SUITE #200,,,,HUSSMANN,,,,,,,,,,,,,,,,,
,ATS,21704,FREDERICK,MD,916,,US,,,NaT,21704,FREDERICK,REVIEW,MD,,USE SMART BUILDING,Y,LOW,100,,,5123 PEGASUS COURT,SUITE T,,Y,,SUITE T,,,,USE SMART BUILDING,,,,,,,,,,,,,,,,,
,ATS,17552,MOUNT JOY,PA,917,,US,,,NaT,17552,MOUNT JOY,REVIEW,PA,,HVAC DISTRIBUTORS INC,Y,MEDIUM,70,,,2 OLD MARKET STREET,P.O. BOX 160,,Y,,PO BOX 160,,,,"HVAC DISTRIBUTORS, INC.",,,,,,,,,,,,,,,,,
,ATS,20879,GATHERSBURG,MD,918,,US,,,NaT,20879,GATHERSBURG,REVIEW,MD,,HVAC PRECISION SERVICES INC,Y,MEDIUM,75,,,7610 LINDBERGH DRIVE,,,Y,,7610 LINDBERGH DR,,,,"HVAC PRECISION SERVICES, INC",,,,,,,,,,,,,,,,,
,ATS,21617,CENTREVILLE,MD,919,,US,,,2026-01-11 12:53:14,21617,CENTREVILLE,READY,MD,,HVAC SYSTEMS INC,Y,HIGH,84,,,105 LENTLY FARM LANE,,,Y,,105 LENTLY FARM LANE,,,,"HVAC SYSTEMS, INC.",,,,,,,,,,,,,,,,,
,ATS,27713,DURHAM,NC,920,,US,,,2026-01-11 12:53:16,27713,DURHAM,READY,NC,,HYDRO SERVICE & SUPPLIES INC,Y,HIGH,84,,,513 UNITED DRIVE,,,Y,,513 UNITED DR,,,,"HYDRO SERVICE AND SUPPLIES, INC.",,,,,,,,,,,,,,,,,
,ATS,20012,WASHINGTON,DC,921,,US,,,2026-01-11 12:53:18,20012,WASHINGTON,REVIEW,DC,,I & B ASSOCIATES INC,Y,MEDIUM,79,,,"6925 4TH STREET, NW, UNIT 201",EMAIL INVOICE,,Y,,6925 4TH ST NW UNIT 201,,,,"I & B ASSOCIATES, INC",,,,,,,,,,,,,,,,,
,ATS,20186,WARRENTON,VA,922,,US,,,2026-01-11 12:53:28,20186,WARRENTON,READY,VA,,IAM SERVICES,Y,HIGH,84,,,28 N 5TH ST,,,Y,,28 N 5TH ST,,,,IAM SERVICES,,,,,,,,,,,,,,,,,
,ATS,21093,TIMONIUM,MD,923,,US,,,2026-01-11 12:53:29,21093,TIMONIUM,READY,MD,,TONY IANNIELLO,Y,HIGH,84,,,1906 FOREST COURT,,,Y,,1906 FOREST COURT,,,,TONY IANNIELLO,,,,,,,,,,,,,,,,,
,ATS,21402,ANNAPOLIS,MD,924,,US,,,2026-01-11 12:53:31,21402,ANNAPOLIS,READY,MD,,IAP WORLD SERVICES,Y,HIGH,84,,,571 KINGWOOD STREET,EMAIL INVOICE,,Y,,571 KINGWOOD ST,,,,IAP WORLD SERVICES,,,,,,,,,,,,,,,,,
,ATS,20018,WASHINGTON,DC,925,,US,,,2026-01-11 12:53:33,20018,WASHINGTON,REVIEW,DC,,IDEAL ELECTRICAL SUPPLY CORP,Y,MEDIUM,79,,,3515 V STREET NE,EMAIL,,Y,,3515 V ST NE,,,,"IDEAL ELECTRICAL SUPPLY, CORP.",,,,,,,,,,,,,,,,,
,ATS,30071,PEACHTREE CORNERS,GA,926,,US,,,2026-01-11 12:53:35,30071,PEACHTREE CORNERS,REVIEW,GA,,IEC SYSTEMS,Y,LOW,80,,,6621 BAY CIRCLE,SUITE 140,,Y,,SUITE 140,,,,IEC SYSTEMS,,,,,,,,,,,,,,,,,
,ATS,21157,WESTMINSTER,MD,927,,US,,,2026-01-11 12:53:37,21157,WESTMINSTER,READY,MD,,INCRO TECH LLC,Y,HIGH,84,,,865 CAULFORD DRIVE,EMAIL INVOICE,,Y,,865 CAULFORD DR,,,,"INCRO TECH, LLC",,,,,,,,,,,,,,,,,
,ATS,60090,WHEELING,IL,928,,US,,,2026-01-11 12:53:39,60090,WHEELING,READY,IL,,INDECK POWER EQUIPMENT COMPANY,Y,HIGH,84,,,1111 WILLIS AVE,,,Y,,1111 WILLIS AVE,,,,INDECK POWER EQUIPMENT COMPANY,,,,,,,,,,,,,,,,,
,ATS,21075,ELKRIDGE,MD,929,,US,,,2026-01-11 12:53:41,21075,ELKRIDGE,READY,MD,,INDUSTRIAL POWER TRANSMISSION LLC,Y,HIGH,84,,,6715 SANTA BARBARA COURT,,,Y,,6715 SANTA BARBARA COURT,,,,"INDUSTRIAL POWER TRANSMISSION, LLC",,,,,,,,,,,,,,,,,
,ATS,21201,BALTIMORE,MD,930,,US,,,2026-01-11 12:53:43,21201,BALTIMORE,READY,MD,,INGERMAN & HOROWITZ LLP,Y,HIGH,84,,,20 PARK AVENUE,EMAIL,,Y,,20 PARK AVENUE,,,,"INGERMAN & HOROWITZ, LLP",,,,,,,,,,,,,,,,,
,ATS,20904,SILVER SPRING,MD,931,,US,,,2026-01-11 12:53:45,20904,SILVER SPRING,READY,MD,,INNOVATION MECHANICAL INC,Y,HIGH,84,,,115 DELFORD AVE,EMAIL INVOICES,,Y,,115 DELFORD AVE,,,,"INNOVATION MECHANICAL, INC.",,,,,,,,,,,,,,,,,
,ATS,19178,PHILADELPHIA,PA,932,,US,,,2026-01-11 12:53:47,19178,PHILADELPHIA,READY,PA,,AIRLINE HYDRAULICS CORPORATION,Y,HIGH,84,,,PO BOX 782275,,,Y,,PO BOX 782275,,,,AIRLINE HYDRAULICS CORPORATION,,,,,,,,,,,,,,,,,
,ATS,20659,MECHANICSVILLE,MD,933,,US,,,2026-01-11 12:53:49,20659,MECHANICSVILLE,READY,MD,,INNOVATIVE MECHANICAL SYSTEMS,Y,HIGH,84,,,26595 DOGWOOD CIRCLE,EMAIL,,Y,,26595 DOGWOOD CIRCLE,,,,INNOVATIVE MECHANICAL SYSTEMS,,,,,,,,,,,,,,,,,
,ATS,20619,CALIFORNIA,MD,934,,US,,,2026-01-11 12:53:51,20619,CALIFORNIA,READY,MD,,INNOVATIVE PEOPLE & TECHNOLOGY CORPORAT,Y,HIGH,84,,,"44425 AIRPORT ROAD, SUITE 160",EMAIL INVOICE,,Y,,20619 UNITED STATES,,,,INNOVATIVE PEOPLE & TECHNOLOGY CORPORAT,,,,,,,,,,,,,,,,,
,ATS,20166,DULLES,VA,935,,US,,,2026-01-11 12:53:53,20166,DULLES,REVIEW,VA,,INNOVATIVE POWER SYSTEMS,Y,LOW,80,,,43676 TRADE CENTER PLACE,SUITE 125,,Y,,SUITE 125,,,,INNOVATIVE POWER SYSTEMS,,,,,,,,,,,,,,,,,
,ATS,02021,CANTON,MA,936,,US,,,NaT,02021,CANTON,REVIEW,MA,,INOVA FAIRFAX HOSPITAL,Y,MEDIUM,70,,,INOVA HEALTH SYSTEM - EMAIL,PO BOX 9180,,Y,,PO BOX 9180,,,,INOVA FAIRFAX HOSPITAL,,,,,,,,,,,,,,,,,
,ATS,22033,FAIRFAX,VA,937,,US,,,NaT,22033,FAIRFAX,REVIEW,VA,,INOVA HEALTH CARE SERVICES,Y,LOW,100,,,INOVA HEALTH CARE SERVICES FAIR OAKS,3600 JOSEPH SIEWICK DRIVE - EMAIL,,Y,,INOVA HEALTH CARE SERVICES FAIR OAKS,,,,INOVA HEALTH CARE SERVICES - FAIR OAKS,,,,,,,,,,,,,,,,,
,ATS,22311,ALEXANDRIA,VA,938,,US,,,2026-01-11 12:53:57,22311,ALEXANDRIA,READY,VA,,INSTITUE FOR DEFENSE ANALYSES,Y,HIGH,80,,,EMAIL INVOICE,4850 MARK CENTER DRIVE,,Y,,4850 MARK CT DR,,,,INSTITUE FOR DEFENSE ANALYSES,,,,,,,,,,,,,,,,,
,ATS,22102,MCLEAN,VA,939,,US,,,2026-01-11 12:53:59,22102,MCLEAN,READY,VA,,INTELSAT,Y,HIGH,84,,,7900 TYSONS ONE PLACE,,,Y,,7900 TYSONS ONE PLACE,,,,INTELSAT,,,,,,,,,,,,,,,,,
,ATS,20577,WASHINGTON,DC,940,,US,,,2026-01-11 12:54:01,20577,WASHINGTON,REVIEW,DC,,INTER-AMERICAN DEVELOPMENT BANK,Y,MEDIUM,79,,,1300 NEW YORK AVE NW,,,Y,,CHEVY CHASE WARD 4 WASHINGTON DISTRICT OF COLUMBIA 20015 UNITED STATES,,,,INTER-AMERICAN DEVELOPMENT BANK,,,,,,,,,,,,,,,,,
,ATS,20108,MANASSAS,VA,941,,US,,,2026-01-11 12:54:03,20108,MANASSAS,READY,VA,,INTEGRITY HVAC SERVICES LLC,Y,HIGH,84,,,PO BOX# 1668,,,Y,,PO BOX# 1668,,,,"INTEGRITY HVAC SERVICES, LLC",,,,,,,,,,,,,,,,,
,ATS,21208,BALTIMORE,MD,942,,US,,,NaT,21208,BALTIMORE,REVIEW,MD,,INTERNATIONAL QUALITY ADVANTAGE LLP,Y,MEDIUM,75,,,35 WALKER AVENUE,,,Y,,35 WALKER AVENUE,,,,INTERNATIONAL QUALITY ADVANTAGE LLP,,,,,,,,,,,,,,,,,
,ATS,20026,WASHINGTON,DC,943,,US,,,2026-01-11 12:54:26,20026,WASHINGTON,REVIEW,DC,,INTERNATIONAL SPY MUSEUM,Y,MEDIUM,79,,,P.O BOX 23137,EMAIL INVOICE,,Y,,CHEVY CHASE WARD 4 WASHINGTON DISTRICT OF COLUMBIA 20015 UNITED STATES,,,,INTERNATIONAL SPY MUSEUM,,,,,,,,,,,,,,,,,
,ATS,21157,WESTMINSTER,MD,944,,US,,,2026-01-11 12:54:28,21157,WESTMINSTER,REVIEW,MD,,INTERNATIONAL TECHNOLOGY GROUP,Y,MEDIUM,75,,,9 WESTMINSTER SHOPPING CENTER,#122,,Y,,122 OLD WMINSTER PIKE,,,,INTERNATIONAL TECHNOLOGY GROUP,,,,,,,,,,,,,,,,,
,ATS,20722,BRENTWOOD,MD,945,,US,,,2026-01-11 12:54:30,20722,BRENTWOOD,READY,MD,,INTERSTATE SERVICES,Y,HIGH,84,,,4101 UTAH AVENUE,EMAIL INVOICE,,Y,,4101 UTAH AVENUE,,,,INTERSTATE SERVICES,,,,,,,,,,,,,,,,,
,ATS,19966-0318,MILLSBORO,DE,946,,US,,,2026-01-11 12:54:32,19966-0318,MILLSBORO,READY,DE,,INTERVET INC,Y,HIGH,80,,,INTERVET MILLSBORO,29160 INTERVET LN.,,Y,,29160 INTERVET LN,,,,"INTERVET, INC.",,,,,,,,,,,,,,,,,
,ATS,19966,MILLSBORO,DE,947,,US,,,2026-01-11 12:54:34,19966,MILLSBORO,READY,DE,,INTERVET FARMS,Y,HIGH,84,,,P.O. BOX 318,,,Y,,PO BOX 318,,,,INTERVET FARMS,,,,,,,,,,,,,,,,,
,ATS,20008,WASHINGTON,DC,948,,US,,,2026-01-11 12:54:36,20008,WASHINGTON,REVIEW,DC,,INTREPID REAL ESTATE,Y,MEDIUM,79,,,78 KALORAMA CIRCLE NW,,,Y,,78 KALORAMA CIRCLE NW,,,,INTREPID REAL ESTATE,,,,,,,,,,,,,,,,,
,ATS,76104,FORT WORTH,TX,949,,US,,,2026-01-11 12:54:38,76104,FORT WORTH,READY,TX,,INVICTA GLOBAL LLC - KING GEORGE,Y,HIGH,84,,,320 HEMPHILL STREET,EMAIL INVOICES,,Y,,320 HEMPHILL ST,,,,"INVICTA GLOBAL, LLC - KING GEORGE",,,,,,,,,,,,,,,,,
,ATS,20874,GERMANTOWN,MD,950,,US,,,2026-01-11 12:54:41,20874,GERMANTOWN,READY,MD,,ITHACA FARM,Y,HIGH,84,,,15800 DARNESTOWN ROAD,,,Y,,15800 DARNESTOWN RD,,,,ITHACA FARM,,,,,,,,,,,,,,,,,
,ATS,20187,WARRENTON,VA,951,,US,,,2026-01-11 12:54:42,20187,WARRENTON,READY,VA,,J & D MECHANICAL SERVICES INC,Y,HIGH,84,,,6583 MERCHANT PLACE # 302,EMAIL INVOICES,,Y,,6583 MERCHANT PLACE # 302,,,,"J & D MECHANICAL SERVICES, INC",,,,,,,,,,,,,,,,,
,ATS,20910,SILVER SPRING,MD,952,,US,,,2026-01-11 12:54:44,20910,SILVER SPRING,READY,MD,,J & J MAINTENANCE,Y,HIGH,84,,,503 ROBERT GRANT AVENUE,,,Y,,503 ROBERT GRANT AVENUE,,,,J & J MAINTENANCE,,,,,,,,,,,,,,,,,
,ATS,21017,BELCAMP,MD,953,,US,,,2026-01-11 12:54:46,21017,BELCAMP,READY,MD,,J & J MECHANICAL INC,Y,HIGH,84,,,1206 BELMAR DRIVE,,,Y,,1206 BELMAR DR,,,,"J & J MECHANICAL, INC.",,,,,,,,,,,,,,,,,
,ATS,20774,UPPER MARLBORO,MD,954,,US,,,NaT,20774,UPPER MARLBORO,REVIEW,MD,,J & L MAVILIA,Y,LOW,100,,,1001 PRINCE GEORGE'S BLVD,SUITE 550,,Y,,SUITE 550,,,,J & L MAVILIA -email invoice,,,,,,,,,,,,,,,,,
,ATS,21401,ANNAPOLIS,MD,955,,US,,,2026-01-11 12:54:53,21401,ANNAPOLIS,READY,MD,,VECTRUS-J&J FACILITES SUPPORT-ANNAP,Y,HIGH,84,,,571 KINGWOOD STREET,EMAIL,,Y,,571 KINGWOOD ST,,,,VECTRUS-J&J FACILITES SUPPORT-ANNAP,,,,,,,,,,,,,,,,,
,ATS,78735,AUSTIN,TX,956,,US,,,2026-01-11 12:54:55,78735,AUSTIN,REVIEW,TX,,J&J WORLDWIDE SERVICES,Y,LOW,80,,,7710 RIALTO BLVD.,SUITE 200,,Y,,SUITE 200,,,,J&J WORLDWIDE SERVICES - email,,,,,,,,,,,,,,,,,
,ATS,21010,GUNPOWDER,MD,957,,US,,,2026-01-11 12:54:57,21010,GUNPOWDER,READY,MD,,J&J WORLDWIDE SERVICES,Y,HIGH,84,,,E5165 BLACKHAWK ROAD,email - invoice,,Y,,E5165 BLACKHAWK RD,,,,J&J WORLDWIDE SERVICES - APG,,,,,,,,,,,,,,,,,
,ATS,22003,ANNANDALE,VA,958,,US,,,2026-01-11 12:54:59,22003,ANNANDALE,READY,VA,,J&K MECHANICAL,Y,HIGH,84,,,3813 WOODBURN ROAD,,,Y,,3813 WOODBURN RD,,,,J&K MECHANICAL,,,,,,,,,,,,,,,,,
,ATS,20695,WHITE PLAINS,MD,959,,US,,,2026-01-11 12:55:01,20695,WHITE PLAINS,READY,MD,,J&R SOLUTIONS HVAC SERVICES,Y,HIGH,84,,,4311 CYPRESS KNOLL PLACE,,,Y,,4311 CYPRESS KNOLL PLACE,,,,J&R SOLUTIONS HVAC SERVICES,,,,,,,,,,,,,,,,,
,ATS,20754,DUNKIRK,MD,960,,US,,,2026-01-11 12:55:03,20754,DUNKIRK,READY,MD,,J'S ASSOCIATES,Y,HIGH,84,,,PO BOX 635,,,Y,,PO BOX 635,,,,J'S ASSOCIATES,,,,,,,,,,,,,,,,,
,ATS,21090,LINTHICUM,MD,961,,US,,,2026-01-11 12:55:05,21090,LINTHICUM,READY,MD,,J-K HVAC SUPPLY INC,Y,HIGH,84,,,717 N HAMMONDS FERRY RD,,,Y,,717 N HAMMONDS FERRY RD,,,,"J-K HVAC SUPPLY, INC",,,,,,,,,,,,,,,,,
,ATS,20171,HERNDON,VA,962,,US,,,2026-01-11 12:55:07,20171,HERNDON,REVIEW,VA,,J CROWDER CORPORATION,Y,LOW,80,,,13455 SUNRISE VALLEY DRIVE,SUITE 100,,Y,,SUITE 100,,,,J. CROWDER CORPORATION,,,,,,,,,,,,,,,,,
,ATS,21206,BALTIMORE,MD,963,,US,,,2026-01-11 12:55:09,21206,BALTIMORE,READY,MD,,JG MARTIN COMPANY INC,Y,HIGH,84,,,4925-27 BELAIR ROAD,EMAIL INVOICES,,Y,,4925-27 BELAIR RD,,,,"J.G. MARTIN COMPANY, INC",,,,,,,,,,,,,,,,,
,ATS,20190,RESTON,VA,964,,US,,,2026-01-11 12:55:11,20190,RESTON,READY,VA,,QINETIQ NORTH AMERICAN INC,Y,HIGH,84,,,11091 SUNSET HILLS ROAD,,,Y,,11091 SUNSET HILLS RD,,,,"QINETIQ NORTH AMERICAN, INC",,,,,,,,,,,,,,,,,
,ATS,22003,ANNANDALE,VA,965,,US,,,2026-01-11 12:55:14,22003,ANNANDALE,READY,VA,,JAMA HEATING & COOLING INC,Y,HIGH,84,,,7208 POPLAR STREET,,,Y,,7208 POPLAR ST,,,,"JAMA HEATING AND COOLING, INC",,,,,,,,,,,,,,,,,
,ATS,21050,FOREST HILL,MD,966,,US,STE A,,2026-01-11 12:55:16,21050,FOREST HILL,READY,MD,,JAMES A QUICK-MECHANICAL CONTRACTORS,Y,HIGH,84,,,"21 NEWPORT DR., STE. A",,,Y,,21 NEWPORT DR,,,,JAMES A. QUICK-MECHANICAL CONTRACTORS,,,,,,,,,,,,,,,,,
,ATS,20879,GAITHERSBURG,MD,967,,US,,,2026-01-11 12:55:17,20879,GAITHERSBURG,READY,MD,,JAMES A WHEAT & SONS INC,Y,HIGH,84,,,7834 BEECHCRAFT AVE.,,,Y,,7834 BEECHCRAFT AVE,,,,"JAMES A WHEAT & SONS, INC.",,,,,,,,,,,,,,,,,
,ATS,21214,BALTIMORE,MD,968,,US,,,2026-01-11 12:55:19,21214,BALTIMORE,READY,MD,,JAMES C STAHL,Y,HIGH,84,,,3034 ST. JOHN'S AVE,,,Y,,3034 ST JOHN'S AVE,,,,JAMES C. STAHL,,,,,,,,,,,,,,,,,
,ATS,21214,BALTIMORE,MD,969,,US,,,2026-01-11 12:55:21,21214,BALTIMORE,READY,MD,,JAMES C STAHL LLC,Y,HIGH,84,,,3034 ST. JOHN'S AVE,,,Y,,3034 ST JOHN'S AVE,,,,"JAMES C. STAHL, LLC",,,,,,,,,,,,,,,,,
,ATS,20772,UPPER MARLBORO,MD,970,,US,,,2026-01-11 12:55:24,20772,UPPER MARLBORO,READY,MD,,JAMES ELECTRICAL CONTROL INC,Y,HIGH,84,,,12301 DULEY STATION ROAD,EMAIL INVOICE,,Y,,12301 DULEY STATION RD,,,,"JAMES ELECTRICAL CONTROL, INC.",,,,,,,,,,,,,,,,,
,ATS,20852,ROCKVILLE,MD,971,,US,,,2026-01-11 12:55:26,20852,ROCKVILLE,READY,MD,,JAMES G DAVIS CONSTRUCTION,Y,HIGH,84,,,12530 PARKLAWN DRIVE,,,Y,,12530 PARKLAWN DR,,,,JAMES G DAVIS CONSTRUCTION,,,,,,,,,,,,,,,,,
,ATS,20852,ROCKVILLE,MD,972,,US,,,2026-01-11 12:55:28,20852,Rockville,READY,MD,,JAMES G DAVIS CONSTRUCTION,Y,HIGH,84,,,12530 Parklawn Drive,,,Y,,12530 PARKLAWN DR,,,,JAMES G. DAVIS CONSTRUCTION,,,,,,,,,,,,,,,,,
,ATS,20148,ASHBURN,VA,973,,US,,,2026-01-11 12:55:30,20148,ASHBURN,READY,VA,,JAMES M PAPE COMPANY INC,Y,HIGH,84,,,41617 RYAN RD,,,Y,,41617 RYAN RD,,,,JAMES M PAPE COMPANY INC,,,,,,,,,,,,,,,,,
,ATS,21117,BALTIMORE,MD,974,,US,,,NaT,21117,BALTIMORE,REVIEW,MD,,JAMES POSEY ASSOCIATES,Y,LOW,100,,,11155 RED RUN BOULEVARD,SUITE 310,,Y,,SUITE 310,,,,JAMES POSEY ASSOCIATES,,,,,,,,,,,,,,,,,
,ATS,20850,ROCKVILLE,MD,975,,US,,,2026-01-11 12:55:34,20850,ROCKVILLE,READY,MD,,JAMES VITO SERVICES INC,Y,HIGH,84,,,681 SOUTHLAWN LANE,,,Y,,681 SLAWN LANE,,,,JAMES VITO SERVICES. INC,,,,,,,,,,,,,,,,,
,ATS,20736,OWINGS,MD,976,,US,,,2026-01-11 12:55:36,20736,OWINGS,READY,MD,,JARBOE MECHANICAL,Y,HIGH,84,,,7640 INVESTMENT CT,,,Y,,7640 INVESTMENT CT,,,,JARBOE MECHANICAL,,,,,,,,,,,,,,,,,
,ATS,11802-7545,HICKSVILLE,NY,977,,US,,,NaT,11802-7545,HICKSVILLE,REVIEW,NY,,JBG COMMERCIAL MANAGEMENT LLC,Y,MEDIUM,70,,,"JBG/BC FISHERS III, L.P. BB#01",P.O. BOX 7545,,Y,,PO BOX 7545,,,,JBG COMMERCIAL MANAGEMENT L.L.C.,,,,,,,,,,,,,,,,,
,ATS,20590,WASHINGTON,DC,978,,US,,,NaT,20590,WASHINGTON,REVIEW,DC,,JBG PROPERTIES,Y,LOW,100,,,1200 NEW JERSEY AVE,SUITE EP1-003,,Y,,SUITE EP1-003,,,,JBG PROPERTIES,,,,,,,,,,,,,,,,,
,ATS,20852,ROCKVILLE,MD,979,,US,,,2026-01-11 12:55:40,20852,ROCKVILLE,READY,MD,,JBG SERVICES,Y,HIGH,84,,,5635 FISHERS LANE,,,Y,,5635 FISHERS LANE,,,,JBG SERVICES,,,,,,,,,,,,,,,,,
,ATS,20850,ROCKVILLE,MD,980,,US,SUITE A,,2026-01-11 12:55:42,20850,ROCKVILLE,READY,MD,,JBG SMITH,Y,HIGH,84,,,"9613 MEDICAL CENTER DRIVE, SUITE A",EMAIL INVOICES,,Y,,9613 MEDICAL CT DR,,,,JBG SMITH,,,,,,,,,,,,,,,,,
,ATS,20774,UPPER MARLBORO,MD,981,,US,,,2026-01-11 12:55:44,20774,UPPER MARLBORO,READY,MD,,JCM ASSOCIATES INC,Y,HIGH,84,,,301C PRINCE GEORGE'S BOULEVARD,EMAIL INVOICES,,Y,,301C PRINCE GEORGE'S BOULEVARD,,,,"JCM ASSOCIATES, INC.",,,,,,,,,,,,,,,,,
,ATS,20706,LANHAM,MD,982,,US,,,2026-01-11 12:55:46,20706,LANHAM,REVIEW,MD,,JE RICHARDS,Y,LOW,80,,,4600 HARGROVE DRIVE,SUITE 100,,Y,,SUITE 100,,,,JE RICHARDS,,,,,,,,,,,,,,,,,
,ATS,21612,BOZMAN,MD,983,,US,,,2026-01-11 12:55:48,21612,BOZMAN,READY,MD,,JEFF STALEY,Y,HIGH,84,,,7090 COOPER POINT ROAD,,,Y,,7090 COOPER POINT RD,,,,JEFF STALEY,,,,,,,,,,,,,,,,,
,ATS,20036,WASHINGTON,DC,984,,US,,,2026-01-11 12:55:49,20036,WASHINGTON,REVIEW,DC,,DC CAP HOTELIER LLC DBA: JEFFERON HOTE,Y,MEDIUM,79,,,"1200 16TH ST., NW",EMAIL INVOICES,,Y,,1200 16TH ST NW,,,,"DC CAP HOTELIER, LLC DBA: JEFFERON HOTE",,,,,,,,,,,,,,,,,
,ATS,21236,NOTTINGHAM,MD,985,,US,,,NaT,21236,NOTTINGHAM,REVIEW,MD,,JENNERIK ENGINEERING,Y,LOW,100,,,8833 BELAIR ROAD,SUITE D,,Y,,SUITE D,,,,JENNERIK ENGINEERING,,,,,,,,,,,,,,,,,
,ATS,20601,WALDORF,MD,986,,US,,,2026-01-11 12:55:53,20601,WALDORF,READY,MD,,JESSE WILLIS,Y,HIGH,84,,,11655 KIPLING DRIVE,,,Y,,11655 KIPLING DR,,,,JESSE WILLIS,,,,,,,,,,,,,,,,,
,ATS,20110,MANASSAS,VA,987,,US,,,2026-01-11 12:55:55,20110,MANASSAS,READY,VA,,JETT CONSTRUCTION,Y,HIGH,84,,,846 KAO CIRCLE,,,Y,,846 KAO CIRCLE,,,,JETT CONSTRUCTION,,,,,,,,,,,,,,,,,
,ATS,21237,BALTIMORE,MD,988,,US,,,2026-01-11 12:55:57,21237,BALTIMORE,READY,MD,,JF FISCHER,Y,HIGH,84,,,7909 PHILADELPHIA RD,EMAIL INVOICE,,Y,,7909 PHILADELPHIA RD,,,,J.F. FISCHER,,,,,,,,,,,,,,,,,
,ATS,,,,989,,US,,,NaT,,,INVALID,,,JIM LITTLEJOHN,Y,LOW,20,,,,,,Y,,,,,,JIM LITTLEJOHN,,,,,,,,,,,,,,,,,
,ATS,20746,SUITLAND,MD,990,,US,,,2026-01-11 12:56:01,20746,SUITLAND,READY,MD,,JIM ROOD,Y,HIGH,84,,,5900 CAPITAL GATEWAY DRIVE,,,Y,,5900 CAPITAL GATEWAY DR,,,,JIM ROOD,,,,,,,,,,,,,,,,,
,ATS,22079,LORTON,VA,991,,US,,,2026-01-11 12:56:03,22079,LORTON,READY,VA,,JIM'S ELECTRIC MOTOR CO,Y,HIGH,84,,,8811 TELEGRAPH ROAD,,,Y,,8811 TELEGRAPH RD,,,,JIM'S ELECTRIC MOTOR CO,,,,,,,,,,,,,,,,,
,ATS,20879,GAITHERSBURG,MD,992,,US,,,NaT,20879,GAITHERSBURG,REVIEW,MD,,JKM ELECTRIC INC,Y,LOW,100,,,7851 AIRPARK RD,SUITE 211,,Y,,SUITE 211,,,,JKM ELECTRIC INC.,,,,,,,,,,,,,,,,,
,ATS,21213,BALTIMORE,MD,993,,US,,,2026-01-11 12:56:07,21213,BALTIMORE,READY,MD,,J-K MECHANICAL PRODUCTS,Y,HIGH,84,,,1815 EDISON HIGHWAY,,,Y,,1815 EDISON HIGHWAY,,,,J-K MECHANICAL PRODUCTS,,,,,,,,,,,,,,,,,
,ATS,28025,CONCORD,NC,994,,US,,,2026-01-11 12:56:09,28025,CONCORD,READY,NC,,JLK MECHANICAL,Y,HIGH,84,,,"324 WILSHIRE AVENUE, SW",,,Y,,324 WILSHIRE AVENUE SW,,,,JLK MECHANICAL,,,,,,,,,,,,,,,,,
,ATS,21223,BALTIMORE,MD,995,,US,,,NaT,21223,BALTIMORE,REVIEW,MD,,JLN CONSTRUCTION SERVICES LLC,Y,MEDIUM,70,,,300 N. WARWICK AVENUE,PO BOX 20538,,Y,,PO BOX 20538,,,,"JLN CONSTRUCTION SERVICES, LLC",,,,,,,,,,,,,,,,,
,ATS,53051,MENOMONEE FALLS,WI,996,,US,,,2026-01-11 12:56:11,53051,MENOMONEE FALLS,READY,WI,,JMB & ASSOCIATES LLC,Y,HIGH,84,,,N50 W13906 Overview Dr,,,Y,,N50 W13906 OVERVIEW DR,,,,"JMB & ASSOCIATES, LLC",,,,,,,,,,,,,,,,,
,ATS,53562,MIDDLETON,WI,997,,US,,,2026-01-11 12:56:13,53562,MIDDLETON,READY,WI,,JMB & ASSOCIATES LLC,Y,HIGH,84,,,N50 W13906 OVERVIEW DRIVE,,,Y,,N50 W13906 OVERVIEW DR,,,,JMB ASSOCIATES,,,,,,,,,,,,,,,,,
,ATS,21048,FINKSBURG,MD,998,,US,,,2026-01-11 12:56:15,21048,FINKSBURG,READY,MD,,JMD HEATING & COOLING LLC,Y,HIGH,84,,,1557 DEER PARK ROAD,,,Y,,1557 DEER PARK RD,,,,JMD HEATING AND COOLING LLC,,,,,,,,,,,,,,,,,
,ATS,21120,PARKTON,MD,999,,US,,,2026-01-11 12:56:17,21120,PARKTON,READY,MD,,JNG SUPPLY LLC,Y,HIGH,84,,,627 HAILEYS COURT,EMAIL INVOICE,,Y,,627 HAILEYS COURT,,,,"JNG SUPPLY, LLC",,,,,,,,,,,,,,,,,
,ATS,21144,SEVERN,MD,1000,,US,,,2026-01-11 12:56:18,21144,SEVERN,READY,MD,,JNI HVAC SERVICES,Y,HIGH,84,,,1710 SEVERN ROAD,,,Y,,1710 SEVERN RD,,,,JNI HVAC SERVICES,,,,,,,,,,,,,,,,,
,ATS,20852-4216,ROCKVILLE,MD,1001,,US,STE 300,,2026-01-11 12:56:21,20852-4216,ROCKVILLE,READY,MD,,JOHN C GRIMBERG COMPANY,Y,HIGH,80,,,email invoice,"3200 TOWER OAKS BOULEVARD, ste 300",,Y,,3200 TOWER OAKS BLVD,,,,JOHN C GRIMBERG COMPANY,,,,,,,,,,,,,,,,,
,ATS,20772,UPPER MARLBORO,MD,1002,,US,SUITE 201,,2026-01-11 12:56:22,20772,UPPER MARLBORO,READY,MD,,JOHN E KELLY & SONS ELECTRICAL CONSTRUC,Y,HIGH,84,,,"8431 OLD MARLBORO PIKE, SUITE 201",EMAIL INVOICES,,Y,,8431 OLD MARLBORO PIKE,,,,JOHN E KELLY & SONS ELECTRICAL CONSTRUC,,,,,,,,,,,,,,,,,
,ATS,21853,PRINCESS ANNE,MD,1003,,US,,,2026-01-11 12:56:24,21853,PRINCESS ANNE,READY,MD,,DBA SHORITE CONTRTOLS,Y,HIGH,84,,,30594 ANTIOCH AVE,,,Y,,30594 ANTIOCH AVE,,,,DBA SHORITE CONTRTOLS,,,,,,,,,,,,,,,,,
,ATS,21090,LINTHICUM HEIGHTS,MD,1004,,US,,,2026-01-11 12:56:26,21090,LINTHICUM HEIGHTS,READY,MD,,JOHN J KIRLIN,Y,HIGH,84,,,801-F BARKWOOD COURT,,,Y,,801-F BARKWOOD COURT,,,,JOHN J. KIRLIN,,,,,,,,,,,,,,,,,
,ATS,20852,ROCKVILLE,MD,1005,,US,STE #80,,2026-01-11 12:56:28,20852,ROCKVILLE,READY,MD,,JOHN J KIRLIN,Y,HIGH,80,,,ROCKVILLE DIVISION,"1101 Wootton Parkway, Suite 80",,Y,,1101 WOOTTON PKWY,,,,JOHN J KIRLIN - email/coverletter,,,,,,,,,,,,,,,,,
,ATS,,,,1006,,US,,,NaT,,,INVALID,,,JOHN KOLAR,Y,LOW,20,,,,,,Y,,,,,,JOHN KOLAR,,,,,,,,,,,,,,,,,
,ATS,20016,WASHINGTON,DC,1007,,US,,,2026-01-11 12:56:32,20016,WASHINGTON,REVIEW,DC,,JOHN KUHNLE,Y,MEDIUM,79,,,3411 36TH ST NW,,,Y,,3411 36TH ST NW,,,,JOHN KUHNLE,,,,,,,,,,,,,,,,,
,ATS,20008,WASHINGTON,DC,1008,,US,,,2026-01-11 12:56:34,20008,WASHINGTON,REVIEW,DC,,JOHN MASON,Y,MEDIUM,79,,,78 KALORAMA CIRCLE NW,,,Y,,78 KALORAMA CIRCLE NW,,,,JOHN MASON,,,,,,,,,,,,,,,,,
,ATS,20166,STERLING,VA,1009,,US,,,2026-01-11 12:56:37,20166,STERLING,REVIEW,VA,,JOHN NUGENT & SONS,Y,LOW,80,,,45921 MARIES RD,SUITE 160,,Y,,SUITE 160,,,,JOHN NUGENT & SONS,,,,,,,,,,,,,,,,,
,ATS,21234,BALTIMORE,MD,1010,,US,,,2026-01-11 12:56:39,21234,BALTIMORE,READY,MD,,JOHN SARIGIANIS CO INC,Y,HIGH,80,,,EMAIL INVOICE,2908 E JOPPA ROAD,,Y,,2908 E JOPPA RD,,,,"JOHN SARIGIANIS CO, INC",,,,,,,,,,,,,,,,,
,ATS,20723,LAUREL,MD,1011,,US,,,NaT,20723,LAUREL,REVIEW,MD,,JHU APPLIED PHYSICS LABORATORY,Y,LOW,100,,,PO BOX 670 - EMAIL INVOICE,BLDG 29-S154 -Accounts Payable,,Y,,BLDG 29-S154,,,,JHU APPLIED PHYSICS LABORATORY,,,,,,,,,,,,,,,,,
,ATS,21218,BALTIMORE,MD,1012,,US,,,NaT,21218,BALTIMORE,REVIEW,MD,,JOHNS HOPKINS ENTERPRISE,Y,LOW,100,,,JH A/P SHARED SERVICE CENTER,P.O. BOX #33499,,Y,,JH A/P SHARED SERVICE CT,,,,JOHNS HOPKINS ENTERPRISE - email INV,,,,,,,,,,,,,,,,,
,ATS,21218,BALTIMORE,MD,1013,,US,,,NaT,21218,BALTIMORE,REVIEW,MD,,JOHNS HOPKINS HEALTH SYSTEMS,Y,MEDIUM,70,,,A/P SHARED SERVICE CENTER,PO BOX #33499,,Y,,PO BOX 33499,,,,JOHNS HOPKINS HEALTH SYSTEMS,,,,,,,,,,,,,,,,,
,ATS,21287-1599,BALTIMORE,MD,1014,,US,,,NaT,21287-1599,BALTIMORE,REVIEW,MD,,JOHNS HOPKINS HOSPITAL,Y,LOW,100,,,600 NORTH WOLFE STREET,BILLINGS ADMIN B-120,,Y,,BILLINGS ADMIN B-120,,,,JOHNS HOPKINS HOSPITAL,,,,,,,,,,,,,,,,,
,ATS,21287-1599,BALTIMORE,MD,1015,,US,,,NaT,21287-1599,BALTIMORE,REVIEW,MD,,JOHNS HOPKINS HOSPITAL,Y,LOW,100,,,600 NORTH WOLFE STREET,BILLINGS ADMIN B-120,,Y,,BILLINGS ADMIN B-120,,,,JOHNS HOPKINS HOSPITAL,,,,,,,,,,,,,,,,,
,ATS,21211,BALTIMORE,MD,1016,,US,STE #N4300,,2026-01-11 12:56:49,21211,BALTIMORE,READY,MD,,JOHNS HOPKINS FACILITIES & REAL ESTATE,Y,HIGH,80,,,FINANCIAL & ADMIN SERV -email,3910 KESWICK ROAD SUITE N4300,,Y,,3910 KESWICK RD,,,,JOHNS HOPKINS FACILITIES & REAL ESTATE,,,,,,,,,,,,,,,,,
,ATS,20850,ROCKVILLE,MD,1017,,US,,,NaT,20850,ROCKVILLE,REVIEW,MD,,JOHNSON CONTROLS INC,Y,LOW,100,,,2101 GAITHER ROAD,SUITE 400,,Y,,SUITE 400,,,,JOHNSON CONTROLS ABERDEEN -email,,,,,,,,,,,,,,,,,
,ATS,22079,LORTON,VA,1018,,US,STE 202,,NaT,22079,LORTON,REVIEW,VA,,JOHNSON CONTROLS INC,Y,MEDIUM,100,,,WASHINGTON DC BRANCH,8198 TERMINAL ROAD STE 202,,Y,,8198 TERMINAL RD,,,,"JOHNSON CONTROLS, INC",,,,,,,,,,,,,,,,,
,ATS,53201-2038,MILWAUKEE,WI,1019,,US,,,2026-01-11 12:56:56,53201-2038,MILWAUKEE,READY,WI,,JOHNSTON CONTROLS HATTIESBURG PLANT,Y,HIGH,84,,,PO BOX 2038,,,Y,,PO BOX 2038,,,,JOHNSTON CONTROLS HATTIESBURG PLANT,,,,,,,,,,,,,,,,,
,ATS,21237,BALTIMORE,MD,1020,,US,,,2026-01-11 12:56:58,21237,BALTIMORE,READY,MD,,JOHNSON CONTROLS INC,Y,HIGH,84,,,9104 YELLOW BRICK RD,,,Y,,9104 YELLOW BRICK RD,,,,"JOHNSON CONTROLS, INC",,,,,,,,,,,,,,,,,
,ATS,53201-2012,MILWAUKEE,WI,1021,,US,,,2026-01-11 12:57:01,53201-2012,MILWAUKEE,READY,WI,,JOHNSON CONTROLS INC,Y,HIGH,80,,,M-33 ACCOUNTS PAYABLE,PO BOX 2034,,Y,,M-33,,,,"JOHNSON CONTROLS, INC  -paymodeX.com",,,,,,,,,,,,,,,,,
,ATS,20878,GATHERSBURG,MD,1022,,US,,,NaT,20878,GATHERSBURG,REVIEW,MD,,JOHNSON CONTROLS INC,Y,LOW,100,,,50 W. WATKINS MILL ROAD,SUITE B,,Y,,SUITE B,,,,"JOHNSON CONTROLS, INC. -email/mail",,,,,,,,,,,,,,,,,
,ATS,21401,ANNAPOLIS JUNCTION,MD,1023,,US,,,NaT,21401,ANNAPOLIS JUNCTION,REVIEW,MD,,JBTW LLC,Y,MEDIUM,100,,,JOHNSTONE SUPPLYS,1805 VIRGINIA AVE,,Y,,1805 VIRGINIA AVE,,,,"JBTW, LLC",,,,,,,,,,,,,,,,,
,ATS,19335,DOWNINGTOWN,PA,1024,,US,STE #201,,NaT,19335,DOWNINGTOWN,REVIEW,PA,,JOHNSTONE SUPPLY,Y,MEDIUM,100,,,JR BALSAN INC,"55 COUNTRY CLUB DRIVE., STE 201",,Y,,55 COUNTRY CLUB DR,,,,JOHNSTONE SUPPLY,,,,,,,,,,,,,,,,,
,ATS,00610,EASTON,PA,1025,,US,,,NaT,610-258-9332,EASTON,REVIEW,PA,,JBTW LLC,Y,MEDIUM,100,,,JOHNSTONE SUPPLY,2609 DEARBORN ST,,Y,,2609 DEARBORN ST,,,,"JBTW, LLC",,,,,,,,,,,,,,,,,
,ATS,11365,FLUSHING,NY,1026,,US,,,NaT,11365,FLUSHING,REVIEW,NY,,JOINT INDUSTRY BOARD OF ELECTRICAL IND,Y,LOW,100,,,158-11 HARRY VAN,ARSDALE JE. AVE,,Y,,ARSDALE JE AVE,,,,JOINT INDUSTRY BOARD OF ELECTRICAL IND.,,,,,,,,,,,,,,,,,
,ATS,20910,SILVER SPRING,MD,1027,,US,,,2026-01-11 12:57:14,20910,SILVER SPRING,READY,MD,,JOINT PATHOLOGY CENTER,Y,HIGH,84,,,606 STEPHEN SITTER AVE,,,Y,,606 STEPHEN SITTER AVE,,,,JOINT PATHOLOGY CENTER,,,,,,,,,,,,,,,,,
,ATS,21120,PARKTON,MD,1028,,US,,,2026-01-11 12:57:15,21120,PARKTON,READY,MD,,JONATHAN VOTTA,Y,HIGH,84,,,7 PRETTYBOY GARTH,,,Y,,7 PRETTYBOY GARTH,,,,JONATHAN VOTTA,,,,,,,,,,,,,,,,,
,ATS,22102-3477,TYSONS,VA,1029,,US,,,NaT,22102-3477,TYSONS,REVIEW,VA,,JONES LANG LASALLE,Y,LOW,100,,,"1803 CAPITAL ONE DR., SUITE 100",EMAIL INVOICES,,Y,,SUITE 100,,,,JONES LANG LASALLE - CAPITAL ONE CENTER,,,,,,,,,,,,,,,,,
,ATS,21202,BALTIMORE,MD,1030,,US,,,NaT,21202,BALTIMORE,REVIEW,MD,,JONES LANG LASALLE,Y,MEDIUM,75,,,300 E. LOMBARD ST. LOBBY,EMAIL INVOICE,,Y,,300 E LOMBARD ST LOBBY,,,,JONES LANG LASALLE - PWA 300 EAST LOMBA,,,,,,,,,,,,,,,,,
,ATS,22203,ARLINGTON,VA,1031,,US,,,2026-01-11 12:58:06,22203,ARLINGTON,REVIEW,VA,,JONES LANG LASALLE,Y,LOW,80,,,3811 N. FAIRFAX DRIVE,SUITE 100,,Y,,SUITE 100,,,,JONES LANG LASALLE (VA SQUARE),,,,,,,,,,,,,,,,,
,ATS,97208,PORTLAND,OR,1032,,US,,,NaT,97208,PORTLAND,REVIEW,OR,,JONES LANG LASALLE,Y,LOW,100,,,MAILSTOP# 47974 - VENDOR# 716891,P.O. BOX 4817,,Y,,MAILSTOP# 47974 - VENDOR# 716891,,,,JONES LANG LASALLE - EMAIL,,,,,,,,,,,,,,,,,
,ATS,21289-3103,BALTIMORE,MD,1033,,US,,,NaT,21289-3103,BALTIMORE,REVIEW,MD,,JONES LANG LASALLE,Y,MEDIUM,70,,,OM-3103/JLL,P.O. BOX 8900,,Y,,PO BOX 8900,,,,JONES LANG LASALLE,,,,,,,,,,,,,,,,,
,ATS,28216,CHARLOTTE,NC,1034,,US,,,NaT,28216,CHARLOTTE,REVIEW,NC,,USGBF POTOMAC YARD 1&2 LLC,Y,MEDIUM,70,,,USAA ROALTY (845600,PO BOX 681416,,Y,,PO BOX 681416,,,,"USGBF POTOMAC YARD 1&2, LLC",,,,,,,,,,,,,,,,,
,ATS,60559,WESTMONT,IL,1035,,US,,,2026-01-11 12:58:11,60559,WESTMONT,READY,IL,,JONES LANG LASALLE,Y,HIGH,84,,,"700 OAKMONT LN., 3RD FLOOR-JLL MAIL BIN CSCF",EMAIL INVOICES,,Y,,700 OAKMONT LN 3RD FLOOR-JLL MAIL BIN CSCF,,,,JONES LANG LASALLE,,,,,,,,,,,,,,,,,
,ATS,97208-4817,PORTLAND,OR,1036,,US,,,NaT,97208-4817,PORTLAND,REVIEW,OR,,JONES LANG LASALLE,Y,MEDIUM,70,,,T.ROWE PRICE US MAILSTOP#47438,PO BOX 4817-EMAIL,,Y,,PO BOX 4817,,,,JONES LANG LASALLE T.ROWE PRICE #47438,,,,,,,,,,,,,,,,,
,ATS,21113-3663,ODENTON,MD,1037,,US,,,NaT,21113-3663,ODENTON,REVIEW,MD,,GREG JONES,Y,MEDIUM,75,,,817 LAMOKA DRIVE,,,Y,,817 LAMOKA DR,,,,GREG JONES,,,,,,,,,,,,,,,,,
,ATS,21801,SALISBURY,MD,1038,,US,,,2026-01-11 12:58:48,21801,SALISBURY,READY,MD,,JOSEPH M ZIMMER INC,Y,HIGH,84,,,2225 NORTHWOOD DRIVE,,,Y,,2225 NWOOD DR,,,,JOSEPH M ZIMMER INC - email,,,,,,,,,,,,,,,,,
,ATS,19952,HARRINGTON,DE,1039,,US,,,2026-01-11 12:58:50,19952,HARRINGTON,READY,DE,,JOSEPH T RICHARDSON INC,Y,HIGH,84,,,PO BOX 269,EMAIL INVOICES,,Y,,PO BOX 269,,,,"JOSEPH T. RICHARDSON, INC",,,,,,,,,,,,,,,,,
,ATS,21114,CROFTON,MD,1040,,US,,,NaT,21114,CROFTON,REVIEW,MD,,JOURNEYMAN MECHANICAL,Y,LOW,100,,,2125 BALDWIN AVE,STE 19 B,,Y,,STE 19 B,,,,JOURNEYMAN MECHANICAL,,,,,,,,,,,,,,,,,
,ATS,20794,JESSUP,MD,1041,,US,,,NaT,20794,JESSUP,REVIEW,MD,,JPG PLUMBING SERVICES INC,Y,LOW,100,,,8260 PATUXENT RANGE RD,SUITE H,,Y,,SUITE H,,,,"JPG PLUMBING SERVICES, INC -email",,,,,,,,,,,,,,,,,
,ATS,20735,CLINTON,MD,1042,,US,,,2026-01-11 12:58:57,20735,CLINTON,READY,MD,,JRA & ASSOCIATES CONTRACTING LLC,Y,HIGH,84,,,7145 OLD ALEXANDRIA FERRY ROAD,EMAIL INVOICES,,Y,,7145 OLD ALEXANDRIA FERRY RD,,,,"JRA & ASSOCIATES CONTRACTING, LLC",,,,,,,,,,,,,,,,,
,ATS,20773,UPPER MARLBORO,MD,1043,,US,,,2026-01-11 12:58:59,20773,UPPER MARLBORO,READY,MD,,JS GLOBAL,Y,HIGH,84,,,4833 CRAIN HIGHWAY,,,Y,,4833 CRAIN HIGHWAY,,,,JS GLOBAL,,,,,,,,,,,,,,,,,
,ATS,21801,SALISBURY,MD,1044,,US,,,2026-01-11 12:59:05,21801,SALISBURY,READY,MD,,JUBILANT CADISTA PHARMACEUTICALS INC,Y,HIGH,84,,,207 KILEY DRIVE,EMAIL ENVOICE,,Y,,207 KILEY DR,,,,"JUBILANT CADISTA PHARMACEUTICALS, INC",,,,,,,,,,,,,,,,,
,ATS,21771,MT AIRY,MD,1045,,US,,,2026-01-11 12:59:07,21771,MT. AIRY,READY,MD,,JW CULLOP INC,Y,HIGH,84,,,7404 WOODVILLE RD,,,Y,,7404 WOODVILLE RD,,,,J.W. CULLOP INC.,,,,,,,,,,,,,,,,,
,ATS,21074,HAMPSTEAD,MD,1046,,US,,,2026-01-11 12:59:09,21074,HAMPSTEAD,READY,MD,,JW DELL CORPORATION,Y,HIGH,84,,,5901 HANOVER PIKE,,,Y,,5901 HANOVER PIKE,,,,JW DELL CORPORATION,,,,,,,,,,,,,,,,,
,ATS,21053,FREELAND,MD,1047,,US,,,2026-01-11 12:59:11,21053,FREELAND,READY,MD,,JW MECHANICAL SERVICES,Y,HIGH,84,,,3332 BAKER SCHOOLHOUSE ROAD,,,Y,,3332 BAKER SCHOOLHOUSE RD,,,,J.W. MECHANICAL SERVICES,,,,,,,,,,,,,,,,,
,ATS,21028,CHURCHVILLE,MD,1048,,US,,,2026-01-11 12:59:13,21028,CHURCHVILLE,READY,MD,,JZ SYSTEMS LLC,Y,HIGH,84,,,P.O. BOX 626,,,Y,,PO BOX 626,,,,"JZ SYSTEMS, LLC",,,,,,,,,,,,,,,,,
,ATS,22079,LORTON,VA,1049,,US,,,2026-01-11 12:59:15,22079,LORTON,READY,VA,,K&K SHEET METAL,Y,HIGH,84,,,8390-G TERMINAL ROAD,,,Y,,8390-G TERMINAL RD,,,,K&K SHEET METAL,,,,,,,,,,,,,,,,,
,ATS,21111,MONKTON,MD,1050,,US,,,2026-01-11 12:59:16,21111,MONKTON,READY,MD,,K SUPPLY LLC,Y,HIGH,84,,,P.O. BOX 113,,,Y,,PO BOX 113,,,,"K SUPPLY, LLC",,,,,,,,,,,,,,,,,
,ATS,20774,UPPER MARLBORO,MD,1051,,US,,,2026-01-11 12:59:18,20774,UPPER MARLBORO,READY,MD,,K&G ELECTRICAL CONTRACTORS INC,Y,HIGH,84,,,13207 VANDINE STREET,EMAIL INVOICES,,Y,,13207 VANDINE ST,,,,"K&G ELECTRICAL CONTRACTORS, INC.",,,,,,,,,,,,,,,,,
,ATS,21703,FREDERICK,MD,1052,,US,,,2026-01-11 12:59:20,21703,FREDERICK,READY,MD,,KG JOHNSON INC,Y,HIGH,84,,,4520 MACK AVENUE,,,Y,,4520 MACK AVENUE,,,,"K.G. JOHNSON, INC.",,,,,,,,,,,,,,,,,
,ATS,20151,CHANTILLY,VA,1053,,US,SUITE 200,,2026-01-11 12:59:22,20151,CHANTILLY,READY,VA,,KADIAK LLC,Y,HIGH,84,,,"4840 WESTFIELDS BLVD, SUITE 200",EMAIL INVOICES,,Y,,4840 WFIELDS BLVD,,,,"KADIAK, LLC",,,,,,,,,,,,,,,,,
,ATS,21701,FREDERICK,MD,1054,,US,,,2026-01-11 12:59:24,21701,FREDERICK,READY,MD,,KAEMPF & HARRIS,Y,HIGH,84,,,217-A MONROE AVENUE,,,Y,,217-A MONROE AVENUE,,,,KAEMPF & HARRIS,,,,,,,,,,,,,,,,,
,ATS,20904,SILVER SPRING,MD,1055,,US,,,2026-01-11 12:59:26,20904,SILVER SPRING,READY,MD,,MID-ATLANTIC FACILITY SERVIECES,Y,HIGH,84,,,11921 A BOURNEFIELD WAY,INV ONLINE,,Y,,11921 A BOURNEFIELD WAY,,,,MID-ATLANTIC FACILITY SERVIECES,,,,,,,,,,,,,,,,,
,ATS,20895,KENSINGTON,MD,1056,,US,,,NaT,20895,KENSINGTON,REVIEW,MD,,KANNAPELL ASSOCIATES INC,Y,LOW,100,,,10335 KENSINGTON PARKWAY,SUITE C,,Y,,SUITE C,,,,"KANNAPELL ASSOCIATES, INC.",,,,,,,,,,,,,,,,,
,ATS,,,,1057,,US,,,NaT,,,INVALID,,,CHRISTINE KARAYINOPULOS,Y,LOW,20,,,,,,Y,,,,,,CHRISTINE KARAYINOPULOS,,,,,,,,,,,,,,,,,
,ATS,21093,TIMONIUM,MD,1058,,US,,,2026-01-11 12:59:32,21093,TIMONIUM,READY,MD,,GUS KARAYINOPULOS,Y,HIGH,84,,,401 PLUMBRIDGE COURT,,,Y,,401 PLUMBRIDGE COURT,,,,GUS KARAYINOPULOS,,,,,,,,,,,,,,,,,
,ATS,21093,LUTHERVILLE,MD,1059,,US,,,NaT,21093,LUTHERVILLE,REVIEW,MD,,JAMES KARAYINOPULOS SR,Y,LOW,100,,,401 PLUMBRIDGE COURT,UNIT 104 AND 102,,Y,,UNIT 104 AND 102,,,,JAMES KARAYINOPULOS SR,,,,,,,,,,,,,,,,,
,ATS,15317,CANONSBURG,PA,1060,,US,,,2026-01-11 12:59:36,15317,CANONSBURG,REVIEW,PA,,KASCAR HVAC SOLUTIONS INC,Y,MEDIUM,75,,,375 SOUTHPOINTE BLVD,#340,,Y,,340 MCGREGOR DR,,,,"KASCAR HVAC SOLUTIONS, INC",,,,,,,,,,,,,,,,,
,ATS,21237,BALTIMORE,MD,1061,,US,,,2026-01-11 12:59:38,21237,BALTIMORE,READY,MD,,KATELYN MORRIS,Y,HIGH,84,,,5913 SHADY SPRING AVE,,,Y,,5913 SHADY SPRING AVE,,,,KATELYN MORRIS,,,,,,,,,,,,,,,,,
,ATS,21224,BALTIMORE,MD,1062,,US,,,2026-01-11 12:59:40,21224,BALTIMORE,READY,MD,,KAUFFMAN ELECTRIC CO INC,Y,HIGH,84,,,3400 BOSTON STREET,,,Y,,3400 BOSTON ST,,,,"KAUFFMAN ELECTRIC CO, INC",,,,,,,,,,,,,,,,,
,ATS,35814,HUNTSVILLE,AL,1063,,US,,,2026-01-11 12:59:42,35814,HUNTSVILLE,READY,AL,,KBR WYLE SERVICES LLC,Y,HIGH,84,,,PO BOX 11640,EMAIL INVOICES,,Y,,PO BOX 11640,,,,KBR WYLE SERVICES LLC,,,,,,,,,,,,,,,,,
,ATS,20759,FULTON,MD,1064,,US,,,NaT,20759,FULTON,REVIEW,MD,,KCI TECHNOLOGIES,Y,LOW,100,,,11830 WEST MARKET PLACE,SUITE F,,Y,,SUITE F,,,,KCI TECHNOLOGIES,,,,,,,,,,,,,,,,,
,ATS,20884,GAITHERSBURG,MD,1065,,US,,,2026-01-11 12:59:47,20884,GAITHERSBURG,READY,MD,,KCORP RELIANCE COMPANY,Y,HIGH,84,,,"100 BUREAU DRIVE, BLDG. 411",EMAIL INVOICE,,Y,,100 BUREAU DR BLDG 411,,,,KCORP RELIANCE COMPANY,,,,,,,,,,,,,,,,,
,ATS,20695,WHITE PLAINS,MD,1066,,US,,,2026-01-11 12:59:49,20695,WHITE PLAINS,READY,MD,,KEEPIN IT COOL,Y,HIGH,84,,,4466 SOUTHERN BUSINESS PARK DR,,,Y,,4466 SERN BUSINESS PARK DR,,,,KEEPIN IT COOL,,,,,,,,,,,,,,,,,
,ATS,20772,UPPER MARLBORO,MD,1067,,US,,,2026-01-11 12:59:51,20772,UPPER MARLBORO,READY,MD,,KELLY HVAC,Y,HIGH,84,,,8431 OLD MARLBORO PIKE,,,Y,,8431 OLD MARLBORO PIKE,,,,KELLY HVAC,,,,,,,,,,,,,,,,,
,ATS,20685,SAINT LEONARD,MD,1068,,US,,,2026-01-11 12:59:59,20685,SAINT LEONARD,READY,MD,,KELMUR PLUMBING & HEATING,Y,HIGH,84,,,5425 BAYVIEW AVE,,,Y,,5425 BAYVIEW AVE,,,,KELMUR PLUMBING AND HEATING,,,,,,,,,,,,,,,,,
,ATS,08002,CHERRY HILL,NJ,1069,,US,,,2026-01-11 13:00:01,08002,CHERRY HILL,READY,NJ,,KENNEDY HEALTH,Y,HIGH,84,,,2201 CHAPEL AVENUE,,,Y,,2201 CHAPEL AVENUE,,,,KENNEDY HEALTH,,,,,,,,,,,,,,,,,
,ATS,21205,BALTIMORE,MD,1070,,US,,,2026-01-11 13:00:04,21205,BALTIMORE,READY,MD,,KENNEDY KRIEGER INSTITUTE,Y,HIGH,80,,,1741 ASHLAND AVENUE,7TH FLOOR,,Y,,7TH FL,,,,KENNEDY KRIEGER INSTITUTE - EMAIL,,,,,,,,,,,,,,,,,
,ATS,20708,LAUREL,MD,1071,,US,,,2026-01-11 13:00:06,20708,LAUREL,READY,MD,,KENT ISLAND MECHANICAL,Y,HIGH,84,,,13340 MID ATLANTIC BLVD,EMAIL INVOICE,,Y,,13340 MID ATLANTIC BLVD,,,,KENT ISLAND MECHANICAL,,,,,,,,,,,,,,,,,
,ATS,97228,PORTLAND,OR,1072,,US,,,NaT,97228,PORTLAND,REVIEW,OR,,JAMES LAWRENCE KERNAN HOSPITAL INC,Y,MEDIUM,70,,,UOM - REHAB & PED -email INV,PO BOX 6545,,Y,,PO BOX 6545,,,,"JAMES LAWRENCE KERNAN HOSPITAL, INC.",,,,,,,,,,,,,,,,,
,ATS,21211,BALTIMORE,MD,1073,,US,,,2026-01-11 13:00:08,21211,BALTIMORE,READY,MD,,KESWICK MULTI-CARE CENTER INC,Y,HIGH,84,,,700 WEST 40TH STREET,,,Y,,700 W 40TH ST,,,,"KESWICK MULTI-CARE CENTER, INC",,,,,,,,,,,,,,,,,
,ATS,22033,FAIRFAX,VA,1074,,US,,,2026-01-11 13:00:10,22033,FAIRFAX,READY,VA,,BEBE KETRON,Y,HIGH,84,,,3505 BROADRUN DRIVE,,,Y,,3505 BRDRUN DR,,,,BEBE KETRON,,,,,,,,,,,,,,,,,
,ATS,21162,WHITE MARSH,MD,1075,,US,,,2026-01-11 13:00:12,21162,WHITE MARSH,READY,MD,,KEY SYSTEMS INC,Y,HIGH,84,,,10839 PHILADELPHIA RD,,,Y,,10839 PHILADELPHIA RD,,,,"KEY SYSTEMS, INC.",,,,,,,,,,,,,,,,,
,ATS,20774,UPPER MARLBORO,MD,1076,,US,,,2026-01-11 13:00:14,20774,UPPER MARLBORO,READY,MD,,KG SHEET METAL SERVICES LLC,Y,HIGH,84,,,301-D PRINCE GEORGE'S BLVD,EMAIL INVOICES,,Y,,301-D PRINCE GEORGE'S BLVD,,,,"KG SHEET METAL SERVICES, LLC",,,,,,,,,,,,,,,,,
,ATS,15024,CHESWUCJ,PA,1077,,US,,,NaT,15024,CHESWUCJ,REVIEW,PA,,RC KILLIGREW CO,Y,MEDIUM,75,,,PO BOX 16,,,Y,,PO BOX 16,,,,R.C. Killigrew Co.,,,,,,,,,,,,,,,,,
,ATS,23112,MIDLOTHIAN,VA,1078,,US,,,2026-01-11 13:00:17,23112,MIDLOTHIAN,READY,VA,,KINDERTON GROUP LLC,Y,HIGH,84,,,P.O. BOX 4215,EMAIL INVOICE,,Y,,PO BOX 4215,,,,KINDERTON GROUP LLC,,,,,,,,,,,,,,,,,
,ATS,21244,BALTIMORE,MD,1079,,US,,,2026-01-11 13:00:19,21244,BALTIMORE,READY,MD,,KING MECHANICAL CO,Y,HIGH,84,,,1718 BELMONT AVE,,,Y,,1718 BELMONT AVE,,,,KING MECHANICAL CO.,,,,,,,,,,,,,,,,,
,ATS,17403,YORK,PA,1080,,US,,,2026-01-11 13:00:21,17403,YORK,READY,PA,,KINSLEY CONSTRUCTION,Y,HIGH,84,,,2700 WATER ST,,,Y,,2700 WATER ST,,,,KINSLEY CONSTRUCTION,,,,,,,,,,,,,,,,,
,ATS,22315,ALEXANDRIA,VA,1081,,US,,,2026-01-11 13:00:23,22315,ALEXANDRIA,READY,VA,,KIRA AVIATION SERVICES,Y,HIGH,84,,,7701 TELEGRAPH ROAD,,,Y,,7701 TELEGRAPH RD,,,,KIRA AVIATION SERVICES,,,,,,,,,,,,,,,,,
,ATS,21704,FREDERICK,MD,1082,,US,,,2026-01-11 13:00:26,21704,FREDERICK,READY,MD,,KITA PHARMA INC,Y,HIGH,84,,,9021 BENNETT CREEK BLVD.,,,Y,,9021 BENNETT CREEK BLVD,,,,"KITA PHARMA, INC.",,,,,,,,,,,,,,,,,
,ATS,20677,PORT TOBACCO,MD,1083,,US,,,2026-01-11 13:00:28,20677,PORT TOBACCO,READY,MD,,KLM CONTROLS,Y,HIGH,84,,,7705 ZACHARY ROAD,,,Y,,7705 ZACHARY RD,,,,KLM CONTROLS,,,,,,,,,,,,,,,,,
,ATS,22153,SPRINGFIELD,VA,1084,,US,,,2026-01-11 13:00:30,22153,SPRINGFIELD,READY,VA,,KMN MECHANICAL,Y,HIGH,84,,,7400 BOSTON BLVD.,,,Y,,7400 BOSTON BLVD,,,,KMN MECHANICAL,,,,,,,,,,,,,,,,,
,ATS,21093,TIMONIUM,MD,1085,,US,SUITE I-L,,2026-01-11 13:00:32,21093,TIMONIUM,READY,MD,,KNOTT MECHANICAL,Y,HIGH,84,,,"1940 GREENSPRING DRIVE, SUITE I-L,",EMAIL INVOICES,,Y,,1940 GREENSPRING DR,,,,KNOTT MECHANICAL,,,,,,,,,,,,,,,,,
,ATS,22122,NEWINGTON,VA,1086,,US,,,NaT,22122,NEWINGTON,REVIEW,VA,,EDW KOCHARIAN & CO INC,Y,MEDIUM,70,,,8394-G TERMINAL ROAD,P.O. BOX 680 - MAIL/EMAIL INVOICE,,Y,,PO BOX 680,,,,"EDW. KOCHARIAN & CO., INC.",,,,,,,,,,,,,,,,,
,ATS,20774,UPPER MARLBORO,MD,1087,,US,,,2026-01-11 13:00:34,20774,UPPER MARLBORO,READY,MD,,KOGOK CORPORATION,Y,HIGH,84,,,201 COMMERCE DRIVE,,,Y,,201 COMMERCE DR,,,,KOGOK CORPORATION,,,,,,,,,,,,,,,,,
,ATS,08534,PENNINGTON,NJ,1088,,US,,,2026-01-11 13:00:36,08534,PENNINGTON,READY,NJ,,KOOLTRONIC INC,Y,HIGH,84,,,PO BOX 240,,,Y,,PO BOX 240,,,,KOOLTRONIC INC,,,,,,,,,,,,,,,,,
,ATS,20781,HYATTSVILLE,MD,1089,,US,,,2026-01-11 13:00:38,20781,HYATTSVILLE,READY,MD,,KRICK PLUMBING & HEATING COINC,Y,HIGH,84,,,5011 46TH AVENUE,,,Y,,5011 46TH AVENUE,,,,KRICK PLUMBING & HEATING CO.INC,,,,,,,,,,,,,,,,,
,ATS,02446,BROOKLINE,MA,1090,,US,,,NaT,02446,BROOKLINE,REVIEW,MA,,KRIGSMAN MICHAEL,Y,LOW,100,,,1264 BEACON STREET,APARTMENT 1,,Y,,APARTMENT 1,,,,"KRIGSMAN, MICHAEL",,,,,,,,,,,,,,,,,
,ATS,,,,1091,,US,,,NaT,,,INVALID,,,R KURT WALLACE,Y,LOW,20,,,,,,Y,,,,,,R. KURT WALLACE,,,,,,,,,,,,,,,,,
,ATS,21230,BALTIMORE,MD,1092,,US,,,2026-01-11 13:00:44,21230,BALTIMORE,READY,MD,,KWA ENGINEERS MECHANICAL,Y,HIGH,84,,,1216 HULL STREET,,,Y,,1216 HULL ST,,,,KWA ENGINEERS MECHANICAL,,,,,,,,,,,,,,,,,
,ATS,20151,CHANTILLY,VA,1093,,US,,,NaT,20151,CHANTILLY,REVIEW,VA,,L&B UNIVERSAL,Y,LOW,100,,,3852 DULLES SOUTH CT.,SUITE G - EMAIL INVOICES,,Y,,SUITE G,,,,L&B UNIVERSAL,,,,,,,,,,,,,,,,,
,ATS,22306,ALEXANDRIA,VA,1094,,US,,,2026-01-11 13:00:47,22306,ALEXANDRIA,READY,VA,,L&M ELECTRIC & PLUMBING LLC,Y,HIGH,84,,,2601 BEACON HILL ROAD,EMAIL INVOICES,,Y,,2601 BEACON HILL RD,,,,"L&M ELECTRIC AND PLUMBING, LLC",,,,,,,,,,,,,,,,,
,ATS,21230-2730,BALTIMORE,MD,1095,,US,,,2026-01-11 13:00:49,21230-2730,BALTIMORE,READY,MD,,LANGE ELECTRIC COMPANY INC,Y,HIGH,84,,,2626 W. PATAPSCO AVE,,,Y,,2626 W PATAPSCO AVE,,,,"LANGE ELECTRIC COMPANY, INC.",,,,,,,,,,,,,,,,,
,ATS,21740,HAGERSTOWN,MD,1096,,US,,,2026-01-11 13:00:52,21740,HAGERSTOWN,READY,MD,,LARRY & SONS INC,Y,HIGH,84,,,301 WEST FRANKLIN STREET,,,Y,,301 W FRANKLIN ST,,,,"LARRY AND SONS, INC.",,,,,,,,,,,,,,,,,
,ATS,,,,1097,,US,,,NaT,,,INVALID,,,LARS,Y,LOW,20,,,,,,Y,,,,,,LARS,,,,,,,,,,,,,,,,,
,ATS,32826-2399,ORLANDO,FL,1098,,US,,,2026-01-11 13:00:57,32826-2399,ORLANDO,REVIEW,FL,,LAULIMA GOVERNMENT SOLUTIONS LLC,Y,LOW,80,,,12565 RESEARCH PARKWAY,SUITE 300,,Y,,SUITE 300,,,,"LAULIMA GOVERNMENT SOLUTIONS, LLC-email",,,,,,,,,,,,,,,,,
,ATS,20032,WASHINGTON,DC,1099,,US,,,2026-01-11 13:00:58,20032,WASHINGTON,REVIEW,DC,,ICE/JV,Y,MEDIUM,79,,,PO BOX 8305,,,Y,,PO BOX 8305,,,,ICE/JV,,,,,,,,,,,,,,,,,
,ATS,21244,BALTIMORE,MD,1100,,US,,,2026-01-11 13:01:00,21244,BALTIMORE,READY,MD,,LB&B ASSOCIATES,Y,HIGH,84,,,PO BOX 47249,,,Y,,PO BOX 47249,,,,LB&B ASSOCIATES,,,,,,,,,,,,,,,,,
,ATS,,,,1101,,US,,,NaT,,,INVALID,,,LE DAVIS HEATING & AIR CONDITIONING,Y,LOW,20,,,,,,Y,,,,,,LE DAVIS HEATING & AIR CONDITIONING,,,,,,,,,,,,,,,,,
,ATS,21075,ELKRIDGE,MD,1102,,US,,,2026-01-11 13:01:04,21075,ELKRIDGE,READY,MD,,WSP USA,Y,HIGH,84,,,6522 MEADOWRIDGE ROAD,,,Y,,6522 MEADOWRIDGE RD,,,,WSP USA,,,,,,,,,,,,,,,,,
,ATS,00135,PORTAGE LA PRAIRIE,MB,1103,,CA,,,NaT,R1N3C5,"MANITOBA, CANADA",REVIEW,,,LEADER REFRIGERATION,Y,LOW,100,,,BOX 1116,PORTAGE LA PRAIRIE,,Y,,RD 42W,,,,LEADER REFRIGERATION,,,,,,,,,,,,,,,,,
,ATS,,,,1104,,US,,,NaT,,,INVALID,,,LEASE DIRECT,Y,LOW,20,,,,,,Y,,,,,,LEASE DIRECT,,,,,,,,,,,,,,,,,
,ATS,22033,FAIRFAX,VA,1105,,US,SUITE 150,,2026-01-11 13:01:10,22033,FAIRFAX,READY,VA,,MICROSOFT/LEE TECHNOLOGIES,Y,HIGH,84,,,12150 MOUMENT DRIVE SUITE 150,ACCOUNTS PAYABLE,,Y,,12150 MOUMENT DR,,,,MICROSOFT/LEE TECHNOLOGIES,,,,,,,,,,,,,,,,,
,ATS,21221,ESSEX,MD,1106,,US,,,2026-01-11 13:01:12,21221,ESSEX,REVIEW,MD,,LEE'S ELECTRICAL CONTRACTING,Y,LOW,80,,,7110 GOLDEN RING ROAD,SUITE 106,,Y,,SUITE 106,,,,LEE'S ELECTRICAL CONTRACTING,,,,,,,,,,,,,,,,,
,ATS,22652,FORT VALLEY,VA,1107,,US,,,2026-01-11 13:01:14,22652,FORT VALLEY,READY,VA,,LEFT HOOK LLC,Y,HIGH,84,,,12297 FORT VALLEY ROAD,,,Y,,FORT VALLEY RD,,,,LEFT HOOK LLC,,,,,,,,,,,,,,,,,
,ATS,20707,LAUREL,MD,1108,,US,,,2026-01-11 13:01:17,20707,LAUREL,READY,MD,,LEG PLUMBING CONTRACTORS LLC,Y,HIGH,84,,,1016 8TH STREET,,,Y,,1016 8TH ST,,,,"LEG PLUMBING CONTRACTORS, LLC",,,,,,,,,,,,,,,,,
,ATS,19101,PHILADELPHIA,PA,1109,,US,,,2026-01-11 13:01:19,19101,PHILADELPHIA,READY,PA,,LEIDOS BIOMEDICAL RESEARCH,Y,HIGH,84,,,P.O. BOX 13730,EMAIL,,Y,,PO BOX 13730,,,,LEIDOS BIOMEDICAL RESEARCH,,,,,,,,,,,,,,,,,
,ATS,20190,RESTON,VA,1110,,US,,,2026-01-11 13:01:21,20190,RESTON,READY,VA,,LEIDOS HOLDINGS INC,Y,HIGH,84,,,1750 PRESIDENTS ST.,,,Y,,1750 PRESIDENTS ST,,,,"LEIDOS HOLDINGS, INC.",,,,,,,,,,,,,,,,,
,ATS,93118-2612,GOLETA,CA,1111,,US,00-V0003844 -P701101,,NaT,93118-2612,GOLETA,REVIEW,CA,,LEMUR PROPERTIES LLC,Y,MEDIUM,70,,,00-v0003844  -P701101,PO BOX: 82612,,Y,,PO BOX 82612,,,,LEMUR PROPERTIES LLC,,,,,,,,,,,,,,,,,
,ATS,21075,ELKRIDGE,MD,1112,,US,,,NaT,21075,ELKRIDGE,REVIEW,MD,,LENNOX INDUSTRIES MID-ATLANTIC COM'L,Y,MEDIUM,100,,,6735 Busness Parkway,ATT: Delina Ferrell,,Y,,6735 BUSNESS PKWY,,,,Lennox Industries Mid-Atlantic Com'l,,,,,,,,,,,,,,,,,
,ATS,33308,FT LAUDERDALE,FL,1113,,US,,,NaT,33308,FT. LAUDERDALE,REVIEW,FL,,LENNOX NATIONAL ACOUNT SERVICES,Y,MEDIUM,100,,,3511 NE 22 AVENUE,EMAIL,,Y,,3511 NE 22 AVE,,,,LENNOX NATIONAL ACOUNT SERVICES,,,,,,,,,,,,,,,,,
,ATS,20852-4208,ROCKVILLE,MD,1114,,US,8TH FL,,2026-01-11 13:01:28,20852-4208,ROCKVILLE,READY,MD,,LERNER CORPORATION,Y,HIGH,80,,,2000 TOWER OAKS BLVD,8TH FLOOR,,Y,,2000 TOWER OAKS BLVD,,,,LERNER CORPORATION,,,,,,,,,,,,,,,,,
,ATS,21215-2667,BALTIMORE,MD,1115,,US,LIFEBRIDGE HEALTH,,NaT,21215-2667,BALTIMORE,REVIEW,MD,,LEVINDALE GERIATRIC HOSPITAL,Y,MEDIUM,70,,,LIFEBRIDGE HEALTH,PO BOX 2667 - ACCOUNTS PAYABLE,,Y,,PO BOX 2667,,,,LEVINDALE GERIATRIC HOSPITAL,,,,,,,,,,,,,,,,,
,ATS,21117,OWINGS MILLS,MD,1116,,US,,,2026-01-11 13:01:30,21117,OWINGS MILLS,READY,MD,,LEWIS CONTRACTORS,Y,HIGH,80,,,55 GWYNNS MILL CT.,,,Y,,55 GWYNNS MILL CT,,,,LEWIS CONTRACTORS,,,,,,,,,,,,,,,,,
,ATS,21204,TOWSON,MD,1117,,US,,,2026-01-11 13:01:32,21204,TOWSON,READY,MD,,LEWIS-KANTZ INC,Y,HIGH,80,,,404 W PENNSYLVANIA AVE,,,Y,,404 W PENNSYLVANIA AVE,,,,"LEWIS-KANTZ, INC",,,,,,,,,,,,,,,,,
,ATS,17044,LEWISTOWN,PA,1118,,US,,,2026-01-11 13:01:34,17044,LEWISTOWN,READY,PA,,LEWISTOWN HOSPITAL,Y,HIGH,80,,,400 HIGHLAND AVE,,,Y,,400 HIGHLAND AVE,,,,LEWISTOWN HOSPITAL,,,,,,,,,,,,,,,,,
,ATS,,,,1119,,US,,,NaT,,,INVALID,,,LIBERTY TECHNICAL SERVICES,Y,LOW,20,,,,,,Y,,,,,,LIBERTY TECHNICAL SERVICES,,,,,,,,,,,,,,,,,
,ATS,21215,BALTIMORE,MD,1120,,US,CAPITAL INPROVEMENTS,,2026-01-11 13:01:38,21215,BALTIMORE,READY,MD,,LIFEBRIDGE HEALTH,Y,HIGH,80,,,CAPITAL INPROVEMENTS,2401 WEST BELVEDERE AVE,,Y,,2401 W BELVEDERE AVE,,,,LIFEBRIDGE HEALTH,,,,,,,,,,,,,,,,,
,ATS,21077,HARMANS,MD,1121,,US,,,2026-01-11 13:01:39,21077,HARMANS,READY,MD,,LIGHTING MAINTENANCE INC,Y,HIGH,80,,,7462 RAILROAD AVE,EMAIL INVOICES,,Y,,7462 RAILRD AVE,,,,"LIGHTING MAINTENANCE, INC",,,,,,,,,,,,,,,,,
,ATS,21205,BALTIMORE,MD,1122,,US,STE #134F,,2026-01-11 13:01:41,21205,BALTIMORE,READY,MD,,LILLIBRIDGE HEALTHCARE SERVICES,Y,HIGH,80,,,1770 ASHLAND AVENUE,SUITE 134F,,Y,,1770 ASHLAND AVE,,,,LILLIBRIDGE HEALTHCARE SERVICES,,,,,,,,,,,,,,,,,
,ATS,20708,LAUREL,MD,1123,,US,,,2026-01-11 13:01:44,20708,LAUREL,READY,MD,,LIMBACH COMPANY LLC,Y,HIGH,80,,,13261 MID ATLANTIC BLVD,EMAIL,,Y,,13261 MID ATLANTIC BLVD,,,,"LIMBACH COMPANY, LLC",,,,,,,,,,,,,,,,,
,ATS,20166,STERLING,VA,1124,,US,STE #600,,2026-01-11 13:01:45,20166,STERLING,READY,VA,,ABM BUILDING SERVICES LLC,Y,HIGH,80,,,45180 BUSINESS COURT,SUITE 600,,Y,,45180 BUSINESS CT,,,,ABM BUILDING SERVICES LLC,,,,,,,,,,,,,,,,,
,ATS,21117,OWING MILLS,MD,1125,,US,,,NaT,21117,OWING MILLS,REVIEW,MD,,LINCOLN PROPERTY COMPANY,Y,MEDIUM,100,,,10455 MILL RUN CIRCLE,,,Y,,10455 MILL RUN CIR,,,,LINCOLN PROPERTY COMPANY,,,,,,,,,,,,,,,,,
,ATS,20785,LANDOVER,MD,1126,,US,STE 160 METROPLEX I & II,,2026-01-11 13:01:49,20785,LANDOVER,READY,MD,,LINCOLN PROPERTY COMPANY,Y,HIGH,80,,,METROPLEX I & II,8201 CORPORATE DRIVE STE 160,,Y,,8201 CORPORATE DR,,,,LINCOLN PROPERTY COMPANY,,,,,,,,,,,,,,,,,
,ATS,20723,LAUREL,MD,1127,,US,EGP C/O LINCOLN PROPERTY,,NaT,20723,LAUREL,REVIEW,MD,,LINCOLN PROPERTY MCCORMICK/EGP,Y,MEDIUM,100,,,EGP C/O LINCOLN PROPERTY,"7651 MONTPELIER RD., N160",,Y,,7651 MONTPELIER RD N160,,,,LINCOLN PROPERTY MCCORMICK/EGP,,,,,,,,,,,,,,,,,
,ATS,22203,ARLINGTON,VA,1128,,US,STE #1115 C/O LINCOLN PROPERTY COMPANY,,NaT,22203,ARLINGTON,REVIEW,VA,,GMUF-ARLINGTON CAMPUS LLC,Y,MEDIUM,100,,,C/O LINCOLN PROPERTY COMPANY,"4601 N FAIRFAX DRIVE, STE 1115",,Y,,4601 N FAIRFAX DR,,,,GMUF-ARLINGTON CAMPUS LLC,,,,,,,,,,,,,,,,,
,ATS,22066,GREAT FALLS,VA,1129,,US,,,2026-01-11 13:01:56,22066,GREAT FALLS,READY,VA,,LINDA THOMPSON,Y,HIGH,80,,,964 WALKER ROAD,,,Y,,964 WALKER RD,,,,LINDA THOMPSON,,,,,,,,,,,,,,,,,
,ATS,21111,MONKTON,MD,1130,,US,,,NaT,21111,MONKTON,REVIEW,MD,,LINK DISTRIBUTORS LLC,Y,MEDIUM,70,,,PO BOX 73,,,Y,,PO BOX 73,,,,"LINK DISTRIBUTORS, LLC",,,,,,,,,,,,,,,,,
,ATS,21162,WHITE MARSH,MD,1131,,US,,,2026-01-11 13:01:59,21162,WHITE MARSH,READY,MD,,LITEHOUSE DISTRIBUTION & SUPPLY INC,Y,HIGH,80,,,10839 PHILADELPHIA ROAD,,,Y,,10839 PHILADELPHIA RD,,,,"LITEHOUSE DISTRIBUTION & SUPPLY, INC.",,,,,,,,,,,,,,,,,
,ATS,21401,ANNAPOLIS,MD,1132,,US,STE #400,,NaT,21401,ANNAPOLIS,REVIEW,MD,,LIVETECH SOLUTIONS,Y,MEDIUM,100,,,839 BEST GATE RD SUITE 400,,,Y,,839 BEST GATE RD,,,,LIVETECH SOLUTIONS,,,,,,,,,,,,,,,,,
,ATS,21219,BALTIIMORE,MD,1133,,US,,,NaT,21219,BALTIIMORE,REVIEW,MD,,LND MECHANICAL,Y,MEDIUM,100,,,7917 SHORE RD,,,Y,,7917 SHORE RD,,,,LND MECHANICAL,,,,,,,,,,,,,,,,,
,ATS,21771,MOUNT AIRY,MD,1134,,US,,,2026-01-11 13:02:05,21771,MOUNT AIRY,READY,MD,,LOCAL ELECTRIC LLC,Y,HIGH,80,,,204 SYCAMORE ROAD,EMAIL INVOICES,,Y,,204 SYCAMORE RD,,,,"LOCAL ELECTRIC, LLC",,,,,,,,,,,,,,,,,
,ATS,20110,MANASSAS,VA,1135,,US,,,2026-01-11 13:02:06,20110,MANASSAS,READY,VA,,LOCKHEED MARTIN,Y,HIGH,80,,,9500 Godwin Drive,,,Y,,9500 GODWIN DR,,,,LOCKHEED MARTIN,,,,,,,,,,,,,,,,,
,ATS,21001,ABERDEEN,MD,1136,,US,,,NaT,21001,ABERDEEN,REVIEW,MD,,LODRICK HEATING & COOLING LLC,Y,MEDIUM,100,,,1311 TRALEE CIRCLE,,,Y,,1311 TRALEE CIR,,,,"LODRICK HEATING & COOLING, LLC",,,,,,,,,,,,,,,,,
,ATS,66061,OLATHE,KS,1137,,US,,,NaT,66061,OLATHE,REVIEW,KS,,LOGIC INC,Y,MEDIUM,100,,,890 N. MARTWAY DR,,,Y,,890 N MARTWAY DR,,,,"LOGIC, INC.",,,,,,,,,,,,,,,,,
,ATS,21044,COLUMBIA,MD,1138,,US,,,2026-01-11 13:02:12,21044,COLUMBIA,READY,MD,,LORIEN HEALTH SYSTEM,Y,HIGH,80,,,6336 CEDAR LANE,,,Y,,6336 CEDAR LN,,,,LORIEN HEALTH SYSTEM,,,,,,,,,,,,,,,,,
,ATS,20176,LEESBURG,VA,1139,,US,STE 123 DEPT OF CONSTRUCTION & WASTE,,NaT,20176,LEESBURG,REVIEW,VA,,COUNTY OF LOUDOUN VIRGINA,Y,MEDIUM,100,,,DEPT OF CONSTRUCTION & WASTE,211 GIBBSON STREET NW STE 123,,Y,,211 GIBBSON ST NW,,,,"COUNTY OF LOUDOUN, VIRGINA",,,,,,,,,,,,,,,,,
,ATS,20148,ASHBURN,VA,1140,,US,,,2026-01-11 13:02:17,20148,ASHBURN,READY,VA,,LOUDOUN COUNTY PUBLIC SCHOOLS,Y,HIGH,80,,,2100 EDUCATION CT.,,,Y,,2100 EDUCATION CT,,,,LOUDOUN COUNTY PUBLIC SCHOOLS,,,,,,,,,,,,,,,,,
,ATS,20862,BRINKLOW,MD,1141,,US,,,NaT,20862,BRINKLOW,REVIEW,MD,,DONNA LOUGHNER,Y,MEDIUM,100,,,505 TANBARK COURT,,,Y,,505 TANBARK CT,,,,DONNA LOUGHNER,,,,,,,,,,,,,,,,,
,ATS,21220,BALTIMORE,MD,1142,,US,,,2026-01-11 13:02:21,21220,BALTIMORE,READY,MD,,LOUIS F SOUL COMPANY INC,Y,HIGH,80,,,6918 UNIVERSITY DRIVE,,,Y,,6918 UNIVERSITY DR,,,,"LOUIS  F. SOUL COMPANY, INC.",,,,,,,,,,,,,,,,,
,ATS,21210,BALTIMORE,MD,1143,,US,,,2026-01-11 13:02:23,21210,BALTIMORE,READY,MD,,LOYOLA COLLEGE IN MARYLAND INC,Y,HIGH,80,,,4501 N. CHARLES ST,EMAIL INVOICES,,Y,,4501 N CHARLES ST,,,,LOYOLA COLLEGE IN MARYLAND INC,,,,,,,,,,,,,,,,,
,ATS,21285,BALTIMORE,MD,1144,,US,,,NaT,21285,BALTIMORE,REVIEW,MD,,LOYOLA HIGH SCHOOL,Y,LOW,100,,,CHARLES ST AND CHESTNUT AV,,,Y,,CHARLES ST AND CHESTNUT AV,,,,LOYOLA HIGH SCHOOL,,,,,,,,,,,,,,,,,
,ATS,21090,LINTHICUM,MD,1145,,US,,,2026-01-11 13:02:27,21090,LINTHICUM,READY,MD,,LTD HOSPITALITY GROUP,Y,HIGH,80,,,1110 OLD ELKRIDGE LANDING ROAD,,,Y,,1110 OLD ELKRIDGE LANDING RD,,,,LTD HOSPITALITY GROUP,,,,,,,,,,,,,,,,,
,ATS,20736,OWINGS,MD,1146,,US,,,2026-01-11 13:02:29,20736,OWINGS,READY,MD,,LUCKY CYCLES,Y,HIGH,80,,,6981 BRISCOE TURN ROAD,,,Y,,6981 BRISCOE TURN RD,,,,LUCKY CYCLES,,,,,,,,,,,,,,,,,
,ATS,21201,BALTIMORE,MD,1147,,US,,,NaT,21201,BALTIMORE,REVIEW,MD,,LYRIC OPERA HOUSE,Y,MEDIUM,100,,,110 W. MOUNT ROYAL ST.,,,Y,,110 W MOUNT ROYAL ST,,,,LYRIC OPERA HOUSE,,,,,,,,,,,,,,,,,
,ATS,21093,TIMONIUM,MD,1148,,US,STE #E,,2026-01-11 13:02:33,21093,TIMONIUM,READY,MD,,M & M CONTROLS - AIRECO SUPPLY,Y,HIGH,80,,,"9 WEST AYLESBURY RD., SUITE E",EMAIL INVOICES,,Y,,9 W AYLESBURY RD,,,,M & M CONTROLS - AIRECO SUPPLY,,,,,,,,,,,,,,,,,
,ATS,21701,FREDERICK,MD,1149,,US,,,2026-01-11 13:02:35,21701,FREDERICK,READY,MD,,M & M ELECTRIC MOTOR REPAIR INC,Y,HIGH,80,,,205 BUCHEIMER ROAD,,,Y,,205 BUCHEIMER RD,,,,"M & M ELECTRIC MOTOR REPAIR, INC",,,,,,,,,,,,,,,,,
,ATS,21742,HAGERSTOWN,MD,1150,,US,,,2026-01-11 13:02:38,21742,HAGERSTOWN,READY,MD,,M S JOHNSTON-HVAC DIV,Y,HIGH,80,,,13265 PENNSYLVANIA AVENUE,,,Y,,13265 PENNSYLVANIA AVE,,,,M S JOHNSTON-HVAC DIV,,,,,,,,,,,,,,,,,
,ATS,21771,MTAIRY,MD,1151,,US,,,NaT,21771,MT.AIRY,REVIEW,MD,,M&M WELDING & FABRICATORS,Y,MEDIUM,100,,,2701 BACK ARCE CIRCLE,EMAIL,,Y,,2701 BACK ARCE CIR,,,,M&M WELDING AND FABRICATORS,,,,,,,,,,,,,,,,,
,ATS,21227,BALTIMORE,MD,1152,,US,STE #A,,2026-01-11 13:02:42,21227,Baltimore,READY,MD,,M-TECH MECHANICAL LLC,Y,HIGH,80,,,"1550 Caton Center Drive, Suite A",EMAIL INVOICES,,Y,,1550 CATON CT DR,,,,"M-TECH MECHANICAL, LLC",,,,,,,,,,,,,,,,,
,ATS,21030,COCKEYSVILLE,MD,1153,,US,,,2026-01-11 13:02:44,21030,COCKEYSVILLE,READY,MD,,M NELSON BARNES & SONS,Y,HIGH,80,,,117 CHURCH LANE,,,Y,,117 CHURCH LN,,,,M. NELSON BARNES & SONS,,,,,,,,,,,,,,,,,
,ATS,20175,LEESBURG,VA,1154,,US,STE #107,,2026-01-11 13:02:46,20175,LEESBURG,READY,VA,,ME FLOW,Y,HIGH,80,,,"12 CARDINAL PARK DR., STE. 107",,,Y,,12 CARDINAL PARK DR,,,,M.E. FLOW,,,,,,,,,,,,,,,,,
,ATS,21401,ANNAPOLIS,MD,1155,,US,BUILDING 4A/ BAY 8,,2026-01-11 13:02:48,21401,ANNAPOLIS,READY,MD,,ML DEWBERRY INC,Y,HIGH,80,,,1981 MORELAND PARKWAY,BUILDING 4A/ BAY 8,,Y,,1981 MORELAND PKWY,,,,M.L. DEWBERRY INC.,,,,,,,,,,,,,,,,,
,ATS,21113,ODENTON,MD,1156,,US,,,2026-01-11 13:02:50,21113,ODENTON,READY,MD,,MV SUPPLY LLC,Y,HIGH,80,,,490 HIGGINS DR,,,Y,,490 HIGGINS DR,,,,"M.V. SUPPLY, LLC",,,,,,,,,,,,,,,,,
,ATS,20191,RESTON,VA,1157,,US,STE #300,,2026-01-11 13:02:52,20191,RESTON,READY,VA,,MACGREGOR PROPERTY MANAGEMENT,Y,HIGH,80,,,11180 SUNRISE VALLEY DRIVE,SUITE 300,,Y,,11180 SUNRISE VALLEY DR,,,,MACGREGOR PROPERTY MANAGEMENT,,,,,,,,,,,,,,,,,
,ATS,27402,GREENSBORO,NC,1158,,US,,,NaT,27402,GREENSBORO,REVIEW,NC,,MACK TRUCKS INC,Y,MEDIUM,70,,,P.O. BOX 26256,,,Y,,PO BOX 26256,,,,"MACK TRUCKS, INC.",,,,,,,,,,,,,,,,,
,ATS,20850,ROCKVILLE,MD,1159,,US,,,NaT,20850,ROCKVILLE,REVIEW,MD,,MACROGENICS INC,Y,MEDIUM,100,,,ACCOUNTS PAYABLE,9640 MEDICAL CENTER DRIVE,,Y,,9640 MEDICAL CT DR,,,,"MACROGENICS, INC.",,,,,,,,,,,,,,,,,
,ATS,20705,BELTSVILLE,MD,1160,,US,,,2026-01-11 13:02:58,20705,BELTSVILLE,READY,MD,,MADDEN PLUMBING & HVAC INC,Y,HIGH,80,,,6872 DISTRIBUTION DRIVE,EMAIL INVOICE,,Y,,6872 DISTRIBUTION DR,,,,MADDEN PLUMBING AND HVAC INC,,,,,,,,,,,,,,,,,
,ATS,20850,ROCKVILLE,MD,1161,,US,,,2026-01-11 13:03:00,20850,ROCKVILLE,READY,MD,,MADISON HOME INSPECTION,Y,HIGH,80,,,323 BEALL AVE,,,Y,,323 BEALL AVE,,,,MADISON HOME INSPECTION,,,,,,,,,,,,,,,,,
,ATS,21228,CATONSVILLE,MD,1162,,US,STE #1,,2026-01-11 13:03:02,21228,CATONSVILLE,READY,MD,,MADISON MECHANICAL INC,Y,HIGH,80,,,5621 OLD FREDERICK RD,SUITE 1,,Y,,5621 OLD FREDERICK RD,,,,"MADISON MECHANICAL, INC.",,,,,,,,,,,,,,,,,
,ATS,20903,SILVER SPRING,MD,1163,,US,STE #220,,2026-01-11 13:03:03,20903,SILVER SPRING,READY,MD,,MAGADIA CONSULTING INC,Y,HIGH,80,,,"1734 ELTON ROAD, SUITE 220",EMAIL INVOICE,,Y,,1734 ELTON RD,,,,MAGADIA CONSULTING INC.,,,,,,,,,,,,,,,,,
,ATS,20017,WASHINGTON,DC,1164,,US,,,2026-01-11 13:03:05,20017,WASHINGTON,READY,DC,,MAGNOLIA PLUMBING INC,Y,HIGH,80,,,"600 GALLATIN ST, NE",,,Y,,600 GALLATIN ST NE,,,,MAGNOLIA PLUMBING INC.,,,,,,,,,,,,,,,,,
,ATS,21014,BEL AIR,MD,1165,,US,,,NaT,21014,BEL AIR,REVIEW,MD,,MAINTENANCE REQUIRED,Y,MEDIUM,100,,,803 MAY COURT,,,Y,,803 MAY CT,,,,MAINTENANCE REQUIRED,,,,,,,,,,,,,,,,,
,ATS,20874,GERMANTOWN,MD,1166,,US,,,2026-01-11 13:03:10,20874,GERMANTOWN,READY,MD,,MAKING AIR RIGHT,Y,HIGH,80,,,13441 WINTERSPOON LANE,,,Y,,13441 WINTERSPOON LN,,,,MAKING AIR RIGHT,,,,,,,,,,,,,,,,,
,ATS,20879,GAITHERSBURG,MD,1167,,US,,,NaT,20879,GAITHERSBURG,REVIEW,MD,,MALLICK MECHANICAL CONTRACTORS,Y,MEDIUM,100,,,8010 CESSNA AVENUE,EMAIL,,Y,,8010 CESSNA AVE,,,,MALLICK MECHANICAL CONTRACTORS,,,,,,,,,,,,,,,,,
,ATS,20707,LAUREL,MD,1168,,US,,,2026-01-11 13:03:14,20707,LAUREL,READY,MD,,MALONEY AIRE,Y,HIGH,80,,,128 LAFAYETTE AVE,,,Y,,128 LAFAYETTE AVE,,,,MALONEY AIRE,,,,,,,,,,,,,,,,,
,ATS,21030,COCKEYSVILLE,MD,1169,,US,,,2026-01-11 13:03:15,21030,COCKEYSVILLE,READY,MD,,MALSTROM ELECTRIC INC,Y,HIGH,80,,,18 OLD PADONIA ROAD,,,Y,,18 OLD PADONIA RD,,,,"MALSTROM ELECTRIC, INC.",,,,,,,,,,,,,,,,,
,ATS,21201,BALTIMORE,MD,1170,,US,STE #2300,,2026-01-11 13:03:18,21201,BALTIMORE,READY,MD,,AREZ 16B ASSOCIATES LIMITED PARTNERSHIP,Y,HIGH,80,,,36 S CHARLES ST,SUITE 2300,,Y,,36 S CHARLES ST,,,,AREZ 16B ASSOCIATES LIMITED PARTNERSHIP,,,,,,,,,,,,,,,,,
,ATS,22203,ARLINGTON,VA,1171,,US,,,2026-01-11 13:03:20,22203,ARLINGTON,READY,VA,,MANHATTAN CONSTRUCTION COMPANY,Y,HIGH,80,,,4075 WILSON BLVD.,,,Y,,4075 WILSON BLVD,,,,MANHATTAN CONSTRUCTION COMPANY,,,,,,,,,,,,,,,,,
,ATS,19106,PHILADELPHIA,PA,1172,,US,BOX 306,,NaT,19106,PHILADELPHIA,REVIEW,PA,,MANNA SUPPLY INC,Y,MEDIUM,70,,,231 N. 3RD STEET,Box 306,,Y,,231 N 3RD STEET,,,,MANNA SUPPLY INC. - email,,,,,,,,,,,,,,,,,
,ATS,21028,CHURCHVILLE,MD,1173,,US,,,2026-01-11 13:03:22,21028,CHURCHVILLE,READY,MD,,MARANTO ELECTRIC,Y,HIGH,80,,,331 GLENVILLE ROAD,,,Y,,331 GLENVILLE RD,,,,MARANTO ELECTRIC,,,,,,,,,,,,,,,,,
,ATS,22042,FALLS CHURCH,VA,1174,,US,,,2026-01-11 13:03:24,22042,FALLS CHURCH,READY,VA,,MARIN CONTRACTING,Y,HIGH,80,,,7208 NORMANDY LANE,EMAIL INVOICES,,Y,,7208 NORMANDY LN,,,,MARIN CONTRACTING,,,,,,,,,,,,,,,,,
,ATS,22134,QUANTICO,VA,1175,,US,,,2026-01-11 13:03:26,22134,QUANTICO,READY,VA,,MARINE CORPS INTELLIGENCE AGENCY,Y,HIGH,80,,,2033 BARNETT AVE,,,Y,,2033 BARNETT AVE,,,,MARINE CORPS INTELLIGENCE AGENCY,,,,,,,,,,,,,,,,,
,ATS,20814,BETHESDA,MD,1176,,US,,,2026-01-11 13:03:27,20814,BETHESDA,READY,MD,,MARK ROTHMAN,Y,HIGH,80,,,6901 BARRETT LANE,,,Y,,6901 BARRETT LN,,,,MARK ROTHMAN,,,,,,,,,,,,,,,,,
,ATS,20878,GAITHERSBURG,MD,1177,,US,STE #LL45,,2026-01-11 13:03:29,20878,GAITHERSBURG,READY,MD,,MARRIOTT,Y,HIGH,80,,,9737 WASHINGTONIAN BLVD.,SUITE LL45,,Y,,9737 WASHINGTONIAN BLVD,,,,MARRIOTT,,,,,,,,,,,,,,,,,
,ATS,21201,BALTIMORE,MD,1178,,US,,,2026-01-11 13:03:31,21201,BALTIMORE,READY,MD,,MARRIOTT CAMDEN YARDS,Y,HIGH,80,,,110 SOUTH EUTAW ST,,,Y,,110 S EUTAW ST,,,,MARRIOTT CAMDEN YARDS,,,,,,,,,,,,,,,,,
,ATS,21223,BALTIMORE,MD,1179,,US,,,2026-01-11 13:03:33,21223,BALTIMORE,READY,MD,,MARTEC FACILITIES,Y,HIGH,80,,,2900 STAFFORD STREET,,,Y,,2900 STAFFORD ST,,,,MARTEC FACILITIES,,,,,,,,,,,,,,,,,
,ATS,20701,ANNAPOLIS JUNCTION,MD,1180,,US,STE #207-209 A FIDELITY ENGINEERING COMPANY,,2026-01-11 13:03:35,20701,ANNAPOLIS JUNCTION,READY,MD,,MARTIN J BRAUN COMPANY,Y,HIGH,80,,,A FIDELITY ENGINEERING COMPANY,10820 GUILFORD RD SUITE 207-209,,Y,,10820 GUILFORD RD,,,,MARTIN J. BRAUN COMPANY,,,,,,,,,,,,,,,,,
,ATS,21223,BALTIMORE,MD,1181,,US,,,2026-01-11 13:03:37,21223,BALTIMORE,READY,MD,,MARYLAND FORENSIC MEDICAL CENTER,Y,HIGH,80,,,900 W BALTIMORE ST,,,Y,,900 W BALTIMORE ST,,,,MARYLAND FORENSIC MEDICAL CENTER,,,,,,,,,,,,,,,,,
,ATS,97228,PORTLAND,OR,1182,,US,UOM -MIDTOWN CAMPUS,,NaT,97228,PORTLAND,REVIEW,OR,,UMMC MIDTOWN CAMPUS,Y,MEDIUM,70,,,UOM -MIDTOWN CAMPUS -email INV,PO BOX 6545,,Y,,PO BOX 6545,,,,UMMC MIDTOWN CAMPUS,,,,,,,,,,,,,,,,,
,ATS,21224,BALTIIMORE,MD,1183,,US,MARYLAND MECHANICAL,,NaT,21224,BALTIIMORE,REVIEW,MD,,MARYLAND MECHANICAL SYSTEMS INC,Y,MEDIUM,100,,,MARYLAND MECHANICAL - email,300 S. HAVEN ST.,,Y,,300 S HAVEN ST,,,,"MARYLAND MECHANICAL SYSTEMS, INC.",,,,,,,,,,,,,,,,,
,ATS,20755,FORT MEADE,MD,1184,,US,,,NaT,20755,FORT MEADE,REVIEW,MD,,MARYLAND PROCUREMNT OFFICE,Y,MEDIUM,100,,,9800 SAVAGE ROAD,,,Y,,9800 SAVAGE RD,,,,MARYLAND PROCUREMNT OFFICE,,,,,,,,,,,,,,,,,
,ATS,21201,BALTIMORE,MD,1185,,US,,,2026-01-11 13:03:43,21201,BALTIMORE,READY,MD,,MARYLAND PROTON TREATMENT CENTER,Y,HIGH,80,,,850 WEST BALTIMORE STREET,EMAIL INVOICE,,Y,,850 W BALTIMORE ST,,,,MARYLAND PROTON TREATMENT CENTER,,,,,,,,,,,,,,,,,
,ATS,21705-0250,FREDERICK,MD,1186,,US,,,NaT,21705-0250,FREDERICK,REVIEW,MD,,MARYLAND SCHOOL FOR THE DEAF,Y,MEDIUM,70,,,P.O. BOX. 250,101 Clarke Pl,,Y,,PO BOX 250,101 CLARKE PL,,,MARYLAND SCHOOL FOR THE DEAF,,,,,,,,,,,,,,,,,
,ATS,21201,BALTIMORE,MD,1187,,US,STE 500 NINA BARYS,,2026-01-11 13:03:45,21201,BALTIMORE,READY,MD,,MARYLAND STADIUM AUTHORITY,Y,HIGH,80,,,NINA BARYS,333 W. CAMDEN STREET STE 500,,Y,,333 W CAMDEN ST,,,,MARYLAND STADIUM AUTHORITY,,,,,,,,,,,,,,,,,
,ATS,21401,ANNAPOLIS,MD,1188,,US,,,2026-01-11 13:03:47,21401,ANNAPOLIS,READY,MD,,MARYLAND STATE ARCHIVES,Y,HIGH,80,,,350 ROWE BLVD,email invoice,,Y,,350 ROWE BLVD,,,,MARYLAND STATE ARCHIVES,,,,,,,,,,,,,,,,,
,ATS,21224,BALTIMORE,MD,1189,,US,E-Z PASS CUSTOMER SERVICE CENTER,,2026-01-11 13:03:49,,,READY,,,MARYLAND TRANSPORTATION AUTH,Y,HIGH,80,,,E-Z PASS,,,Y,,2310 BROENING HWY,,,,MARYLAND TRANSPORTATION AUTH.,,,,,,,,,,,,,,,,,
,ATS,25177,ST ALBANS,WV,1190,,US,,,NaT,25177,ST. ALBANS,REVIEW,WV,,MASON & BARRY INC,Y,MEDIUM,100,,,101 SMILEY DRIVE,,,Y,,101 SMILEY DR,,,,"MASON & BARRY, INC.",,,,,,,,,,,,,,,,,
,ATS,21755,JEFFERSON,MD,1191,,US,,,NaT,21755,JEFFERSON,REVIEW,MD,,MASON MECHANICAL LLC,Y,MEDIUM,70,,,P.O. BOX 548,EMAIL INVOICES,,Y,,PO BOX 548,,,,"MASON MECHANICAL, LLC",,,,,,,,,,,,,,,,,
,ATS,33134,CORAL GABLES,FL,1192,,US,11TH FL,,2026-01-11 13:03:53,33134,CORAL GABLES,READY,FL,,MASTEC NETWORK SOLUTIONS,Y,HIGH,80,,,806 DOUGLAS ROAD,11TH FLOOR,,Y,,806 DOUGLAS RD,,,,MASTEC NETWORK SOLUTIONS,,,,,,,,,,,,,,,,,
,ATS,20882,GAITHERSBURG,MD,1193,,US,,,NaT,20882,GAITHERSBURG,REVIEW,MD,,MASTECH ENGINEERING INC,Y,MEDIUM,100,,,8117 PLUM CREEK DRIVE,EMAIL INVOICES,,Y,,8117 PLUM CREEK DR,,,,"MASTECH ENGINEERING, INC.",,,,,,,,,,,,,,,,,
,ATS,21114,CROFTON,MD,1194,,US,,,2026-01-11 13:03:57,21114,CROFTON,READY,MD,,MATRIX MECHANICAL INC,Y,HIGH,80,,,2406 CROFTON BLVD,EMAIL INVOICE,,Y,,2406 CROFTON BLVD,,,,"MATRIX MECHANICAL, INC",,,,,,,,,,,,,,,,,
,ATS,21114,CROFTON,MD,1195,,US,,,2026-01-11 13:03:59,21114,CROFTON,READY,MD,,MATRIX MECHANICAL INC,Y,HIGH,80,,,2406 CROFTON BLVD,,,Y,,2406 CROFTON BLVD,,,,"MATRIX MECHANICAL, INC",,,,,,,,,,,,,,,,,
,ATS,21218,BALTIMORE,MD,1196,,US,,,2026-01-11 13:04:01,21218,BALTIMORE,READY,MD,,MAURIC ENEGERY TECHNOLOGIES INC,Y,HIGH,80,,,1210 ROUNDHILL ROAD,,,Y,,1210 ROUNDHILL RD,,,,"MAURIC ENEGERY TECHNOLOGIES, INC.",,,,,,,,,,,,,,,,,
,ATS,06457,MIDDLETOWN,CT,1197,,US,,,2026-01-11 13:04:03,06457,MIDDLETOWN,READY,CT,,US ELECTRICAL SERVICES DBA WALTERS WHOL,Y,HIGH,80,,,701 MIDDLE STREET,EMAIL INVOICE,,Y,,701 MIDDLE ST,,,,US ELECTRICAL SERVICES DBA WALTERS WHOL,,,,,,,,,,,,,,,,,
,ATS,21784,ELDERSBURG,MD,1198,,US,,,NaT,21784,ELDERSBURG,REVIEW,MD,,MAYNE MECHANICAL LLC,Y,MEDIUM,100,,,5401 NEW EXPANSION DR,,,Y,,5401 NEW EXPANSION DR,,,,"MAYNE MECHANICAL, LLC",,,,,,,,,,,,,,,,,
,ATS,19612,READING,PA,1199,,US,,,NaT,19612,READING,REVIEW,PA,,MBR CONSTRUCTION SERVICES,Y,MEDIUM,70,,,PO BOX 14775,,,Y,,PO BOX 14775,,,,MBR CONSTRUCTION SERVICES,,,,,,,,,,,,,,,,,
,ATS,20166,STERLING,VA,1200,,US,INVOICE ONLINE,,2026-01-11 13:04:08,20166,STERLING,READY,VA,,M C DEAN BUILDING INTELLEGENCE,Y,HIGH,80,,,22980 INDIAN CREEK DR,INVOICE ONLINE,,Y,,22980 INDIAN CREEK DR,,,,M. C. DEAN BUILDING INTELLEGENCE,,,,,,,,,,,,,,,,,
,ATS,20910,TIMONIUM,MD,1201,,US,,,NaT,20910,TIMONIUM,REVIEW,MD,,MCARDLE & WALSH INC,Y,MEDIUM,70,,,2015 GREENSPRING DRIVE,P.O. BOX 503,,Y,,PO BOX 503,2015 GREENSPRING DR,,,"MCARDLE AND WALSH, INC",,,,,,,,,,,,,,,,,
,ATS,08012,BLACKWOOD,NJ,1202,,US,,,NaT,08012,BLACKWOOD,REVIEW,NJ,,MCCLOSKEY MECHANICAL CONTRACTORS,Y,MEDIUM,100,,,445 LOWER LANDING RD,EMAIL INVOICE,,Y,,445 LOWER LANDING RD,,,,MCCLOSKEY MECHANICAL CONTRACTORS,,,,,,,,,,,,,,,,,
,ATS,21030,COCKEYSVILLE,MD,1203,,US,ACCOUNTS PAYABLE DEPT,,NaT,21030,COCKEYSVILLE,REVIEW,MD,,MCCORMICK & COMPANY INC,Y,MEDIUM,70,,,ACCOUNTS PAYABLE DEPT,PO BOX. 168,,Y,,PO BOX 168,,,,"MCCORMICK & COMPANY, INC",,,,,,,,,,,,,,,,,
,ATS,17225,GREENCASTLE,PA,1204,,US,,,NaT,17225,GREENCASTLE,REVIEW,PA,,MCCREA EQUIPMENT COMPANY,Y,MEDIUM,70,,,PO BOX 10,151 CUMMERCE AVE,,Y,,PO BOX 10,151 CUMMERCE AVE,,,MCCREA EQUIPMENT COMPANY,,,,,,,,,,,,,,,,,
,ATS,21157,WESTMINSTER,MD,1205,,US,,,2026-01-11 13:04:12,21157,WESTMINSTER,READY,MD,,MCDANIEL COLLEGE,Y,HIGH,80,,,2 COLLEGE HILL,,,Y,,2 COLLEGE HILL,,,,MCDANIEL COLLEGE,,,,,,,,,,,,,,,,,
,ATS,21117,OWINGS MILLS,MD,1206,,US,,,NaT,21117,OWINGS MILLS,REVIEW,MD,,MCDONOGH SCHOOL,Y,MEDIUM,70,,,8600 MCDONOGH RD,P.O. BOX 380 - EMAIL,,Y,,PO BOX 380,8600 MCDONOGH RD,,,MCDONOGH SCHOOL,,,,,,,,,,,,,,,,,
,ATS,21226,CURTIS BAY,MD,1207,,US,,,2026-01-11 13:04:14,21226,CURTIS BAY,READY,MD,,MCGUIRE PLUMBING & HEATING,Y,HIGH,80,,,5101 PENNINGTON AVENUE,,,Y,,5101 PENNINGTON AVE,,,,MCGUIRE PLUMBING & HEATING,,,,,,,,,,,,,,,,,
,ATS,21227,BALTIMORE,MD,1208,,US,,,2026-01-11 13:04:16,21227,BALTIMORE,READY,MD,,MCLAUGHLIN ELECTRIC,Y,HIGH,80,,,5 AZAR COURT,,,Y,,5 AZAR CT,,,,MCLAUGHLIN ELECTRIC,,,,,,,,,,,,,,,,,
,ATS,20695,WHITE PLAINS,MD,1209,,US,,,2026-01-11 13:04:18,20695,WHITE PLAINS,READY,MD,,MCLEAN CONTROLS,Y,HIGH,80,,,4830 HACKETT PL,,,Y,,4830 HACKETT PL,,,,MCLEAN CONTROLS,,,,,,,,,,,,,,,,,
,ATS,76099,GRAPEVINE,TX,1210,,US,,,NaT,76099,GRAPEVINE,REVIEW,TX,,MCMILLAN JAMES EQUIPMENT COMPANY LLC,Y,MEDIUM,70,,,PO BOX 2416,EMAIL INVOICE,,Y,,PO BOX 2416,,,,MCMILLAN JAMES EQUIPMENT COMPANY LLC,,,,,,,,,,,,,,,,,
,ATS,21060,GLEN BURNIE,MD,1211,,US,,,2026-01-11 13:04:20,21060,GLEN BURNIE,READY,MD,,MCGUIRE PLUMBING & HEATING,Y,HIGH,80,,,EMAIL INVOICE,216 KUETHE RD NE,,Y,,216 KUETHE RD NE,,,,MCGUIRE PLUMBING & HEATING,,,,,,,,,,,,,,,,,
,ATS,17327,GLEN ROCK,PA,1212,,US,,,NaT,17327,GLEN ROCK,REVIEW,PA,,MCVICAR GENERAL SERVICES,Y,MEDIUM,100,,,1097 KRATZ ROAD,,,Y,,1097 KRATZ RD,,,,MCVICAR GENERAL SERVICES,,,,,,,,,,,,,,,,,
,ATS,21076,HANOVER,MD,1213,,US,STE #7777,,NaT,21076,HANOVER,REVIEW,MD,,PPE CASINO RESORTS MARYLAND LLC,Y,MEDIUM,100,,,"7002 ARUNDLE MILLS CIRCLE, SUITE 7777",EMAIL INVOICES,,Y,,7002 ARUNDLE MILLS CIR,,,,PPE CASINO RESORTS MARYLAND LLC- email,,,,,,,,,,,,,,,,,
,ATS,21639,GREENSBORO,MD,1214,,US,,,2026-01-11 13:04:26,21639,GREENSBORO,READY,MD,,MD MECHANICAL LLC,Y,HIGH,80,,,12100 GREENSBORO ROAD,EMAIL INVOICES,,Y,,12100 GREENSBORO RD,,,,"MD MECHANICAL, LLC",,,,,,,,,,,,,,,,,
,ATS,20794,JESSUP,MD,1215,,US,STE #105,,2026-01-11 13:04:28,20794,JESSUP,READY,MD,,MECCO INC,Y,HIGH,80,,,10545 GUILFORD RD,SUITE 105,,Y,,10545 GUILFORD RD,,,,"MECCO, INC - email",,,,,,,,,,,,,,,,,
,ATS,20735,CLINTON,MD,1216,,US,,,2026-01-11 13:04:30,20735,CLINTON,READY,MD,,MECHANICAL DESIGN SYSTEM INC,Y,HIGH,80,,,6302 AARON LANE,,,Y,,6302 AARON LN,,,,"MECHANICAL DESIGN SYSTEM, INC",,,,,,,,,,,,,,,,,
,ATS,21228,CATONSVILLE,MD,1217,,US,STE #A,,NaT,21228,CATONSVILLE,REVIEW,MD,,MECHANICAL ENGINEERING & CONSTRUCTION,Y,MEDIUM,100,,,6159 EDMONSON AVENUE,SUITE A - EMAIL INVOICES,,Y,,6159 EDMONSON AVE,,,,MECHANICAL ENGINEERING & CONSTRUCTION,,,,,,,,,,,,,,,,,
,ATS,37211,NASHVILLE,TN,1218,,US,,,2026-01-11 13:04:34,37211,NASHVILLE,READY,TN,,MECHANICAL RESOURCE GROUP LLC,Y,HIGH,80,,,750 MELROSE AVENUE,EMAIL INVOICES,,Y,,750 MELROSE AVE,,,,"MECHANICAL RESOURCE GROUP, LLC",,,,,,,,,,,,,,,,,
,ATS,68138,OMAHA,NE,1219,,US,,,2026-01-11 13:04:36,68138,OMAHA,READY,NE,,MECHANICAL SALES MIDWESTINC,Y,HIGH,80,,,7222 S 142ND STREET,EMAIL INVOICE,,Y,,7222 S 142ND ST,,,,"MECHANICAL SALES MIDWEST,INC",,,,,,,,,,,,,,,,,
,ATS,68138,OMAHA,NE,1220,,US,,,2026-01-11 13:04:38,68138,OMAHA,READY,NE,,MECHANICAL SALES INC IOWA,Y,HIGH,80,,,EMAIL INVOICE,7222 S. 142ND STREET,,Y,,7222 S 142ND ST,,,,"MECHANICAL SALES INC, IOWA",,,,,,,,,,,,,,,,,
,ATS,07981,WHIPPANY,NJ,1221,,US,,,NaT,07981,WHIPPANY,REVIEW,NJ,,MECHANICAL SERVICE CORPORATION,Y,MEDIUM,100,,,41 S. JEFFERSON RD,,,Y,,41 S JEFFERSON RD,,,,MECHANICAL SERVICE CORPORATION,,,,,,,,,,,,,,,,,
,ATS,21703,FREDERICK,MD,1222,,US,,,2026-01-11 13:04:42,21703,FREDERICK,READY,MD,,MECHANICAL SERVICES INDUSTRIES,Y,HIGH,80,,,7121 COLLINSWORTH PL,,,Y,,7121 COLLINSWORTH PL,,,,MECHANICAL SERVICES INDUSTRIES,,,,,,,,,,,,,,,,,
,ATS,21046,COLUMBIA,MD,1223,,US,STE #L,,2026-01-11 13:04:44,21046,COLUMBIA,READY,MD,,MECHANICAL SYSTEMS INC,Y,HIGH,80,,,10220 OLD COLUMBIA ROAD,SUITE L,,Y,,10220 OLD COLUMBIA RD,,,,"MECHANICAL SYSTEMS, INC. -EMAIL",,,,,,,,,,,,,,,,,
,ATS,10001,NEW YORK,NY,1224,,US,STE 801,,2026-01-11 13:04:46,10001,NEW YORK,READY,NY,,MECHANICAL TECHNOLOGIES,Y,HIGH,80,,,259 WEST 30TH STREET,STE 801,,Y,,259 W 30TH ST,,,,MECHANICAL TECHNOLOGIES,,,,,,,,,,,,,,,,,
,ATS,07058,PINE BROOK,NJ,1225,,US,STE #6,,2026-01-11 13:04:47,07058,PINE BROOK,READY,NJ,,MECHANICAL TECHNOLOGIES,Y,HIGH,80,,,10 BLOOMFIELD AVE,SUITE 6,,Y,,10 BLOOMFIELD AVE,,,,MECHANICAL TECHNOLOGIES,,,,,,,,,,,,,,,,,
,ATS,20678,PRINCE FREDERICK,MD,1226,,US,,,2026-01-11 13:04:49,20678,PRINCE FREDERICK,READY,MD,,MECHPRO INC,Y,HIGH,80,,,"300 JENDAN WAY, UNIT 211",EMAIL INVOICE,,Y,,300 JENDAN WAY UNIT 211,,,,MECHPRO INC,,,,,,,,,,,,,,,,,
,ATS,22312,ALEXANDRIA,VA,1227,,US,STE #O,,NaT,22312,ALEXANDRIA,REVIEW,VA,,MECKLEY SERVICES INC,Y,MEDIUM,100,,,5701 GENERAL WASHINGTON DRIVE,SUITE O,,Y,,5701 GENERAL WASHINGTON DR,,,,"MECKLEY SERVICES, INC.",,,,,,,,,,,,,,,,,
,ATS,21202,BALTIMORE,MD,1228,,US,STE #940,,2026-01-11 13:04:52,21202,BALTIMORE,READY,MD,,MARYLAND ECONOMIC DEVELOPMENT CORP,Y,HIGH,80,,,"7 SAINT PAUL ST., SUITE 940",EMAIL INVOICE,,Y,,7 SAINT PAUL ST,,,,MARYLAND ECONOMIC DEVELOPMENT CORP,,,,,,,,,,,,,,,,,
,ATS,46278,INDIANAPOLIS,IN,1229,,US,STE #200,,2026-01-11 13:04:54,46278,INDIANAPOLIS,READY,IN,,MEDXCEL FACILITIES MANAGEMENT LLC,Y,HIGH,80,,,"7702 WOODLAND DRIVE, SUITE 200",EMAIL INVOICE,,Y,,7702 WOODLAND DR,,,,"MEDXCEL FACILITIES MANAGEMENT, LLC",,,,,,,,,,,,,,,,,
,ATS,20165,POTOMAC FALLS,VA,1230,,US,,,NaT,20165,POTOMAC FALLS,REVIEW,VA,,MELODEE MUSIC,Y,MEDIUM,100,,,46077 LAKE CENTER PLAZA,,,Y,,46077 LAKE CT PLAZA,,,,MELODEE MUSIC,,,,,,,,,,,,,,,,,
,ATS,20785,LANDOVER,MD,1231,,US,STE #G,,2026-01-11 13:04:57,20785,LANDOVER,READY,MD,,MELTECH CORPORATION,Y,HIGH,80,,,3321 75TH AVENUE,SUITE G,,Y,,3321 75TH AVE,,,,MELTECH CORPORATION,,,,,,,,,,,,,,,,,
,ATS,20755,FORT MEADE,MD,1232,,US,,,NaT,20755,FT. MEADE,REVIEW,MD,,MELWOOD,Y,MEDIUM,100,,,2211 2ND ST,,,Y,,2211 2ND ST,,,,MELWOOD FT. MEADE - EMAIL,,,,,,,,,,,,,,,,,
,ATS,21001-3612,ABERDEEN,MD,1233,,US,STE #C,,2026-01-11 13:05:00,21001-3612,ABERDEEN,READY,MD,,MEM CONTRACTING INC,Y,HIGH,80,,,819 S. PHILADELPHIA BLVD.,SUITE C,,Y,,819 S PHILADELPHIA BLVD,,,,"MEM CONTRACTING, INC.",,,,,,,,,,,,,,,,,
,ATS,21202,BALTIMORE,MD,1234,,US,,,2026-01-11 13:05:03,21202,BALTIMORE,READY,MD,,MERCY MEDICAL CENTER,Y,HIGH,80,,,ACCOUNTS PAYABLE MMC,301 ST. PAUL PLACE,,Y,,301 ST PAUL PL,,,,MERCY MEDICAL CENTER,,,,,,,,,,,,,,,,,
,ATS,21076,HANOVER,MD,1235,,US,,,2026-01-11 13:05:04,21076,HANOVER,READY,MD,,MERIDIAN MANAGEMENT CORP,Y,HIGH,80,,,7201 CORPORATE CENTER DRIVE,,,Y,,7201 CORPORATE CT DR,,,,MERIDIAN MANAGEMENT CORP,,,,,,,,,,,,,,,,,
,ATS,21742,HAGERSTOWN,MD,1236,,US,,,2026-01-11 13:05:06,21742,HAGERSTOWN,READY,MD,,MERITUS MEDICAL CENTER,Y,HIGH,80,,,11116 MEDICAL CAMPUS ROAD,EMAIL INVOICES,,Y,,11116 MEDICAL CAMPUS RD,,,,MERITUS MEDICAL CENTER,,,,,,,,,,,,,,,,,
,ATS,21230,BALTIMORE,MD,1237,,US,,,2026-01-11 13:05:07,21230,BALTIMORE,READY,MD,,METACOND INC,Y,HIGH,80,,,1227 BUSH STREET,,,Y,,1227 BUSH ST,,,,"METACOND, INC",,,,,,,,,,,,,,,,,
,ATS,21218,BALTIMORE,MD,1238,,US,,,2026-01-11 13:05:09,21218,BALTIMORE,READY,MD,,METAL MEN LLC,Y,HIGH,80,,,1654 GORSUCH AVE,,,Y,,1654 GORSUCH AVE,,,,"METAL MEN, LLC",,,,,,,,,,,,,,,,,
,ATS,21704,FREDERICK,MD,1239,,US,STE #D,,2026-01-11 13:05:11,21704,FREDERICK,READY,MD,,METLFAB INC,Y,HIGH,80,,,7340 EXECUTIVE WAY,SUITE D,,Y,,7340 EXECUTIVE WAY,,,,"METLFAB, INC.",,,,,,,,,,,,,,,,,
,ATS,20772,UPPER MARLBORO,MD,1240,,US,,,2026-01-11 13:05:12,20772,UPPER MARLBORO,READY,MD,,METRO TEST & BALANCE INC,Y,HIGH,80,,,9600 FALLARD CT.,,,Y,,9600 FALLARD CT,,,,"METRO TEST & BALANCE, INC.",,,,,,,,,,,,,,,,,
,ATS,20678,PRINCE FREDERICK,MD,1241,,US,,,NaT,20678,PRINCE FREDERICK,REVIEW,MD,,METROPOLITIAN CONTROLS,Y,MEDIUM,100,,,"200 SCHOONER LANE, UNIT C",EMAIL INVOICE,,Y,,200 SCHOONER LN UNIT C,,,,METROPOLITIAN CONTROLS,,,,,,,,,,,,,,,,,
,ATS,20006,WASHINGTON,DC,1242,,US,,,2026-01-11 13:05:15,20006,WASHINGTON,READY,DC,,METROPOLITAN CLUB OF THE CITY OF WASHIN,Y,HIGH,80,,,1700 H STREET NW,EMAIL INVOICE,,Y,,1700 H ST NW,,,,METROPOLITAN CLUB OF THE CITY OF WASHIN,,,,,,,,,,,,,,,,,
,ATS,20705,BELTSVILLE,MD,1243,,US,STE #A,,2026-01-11 13:05:17,20705,BELTSVILLE,READY,MD,,METROPOLITAN EQUIPMENT GROUP,Y,HIGH,80,,,12104 INDIAN CREEK COURT,SUITE A - EMAIL,,Y,,12104 INDIAN CREEK CT,,,,METROPOLITAN EQUIPMENT GROUP,,,,,,,,,,,,,,,,,
,ATS,20001,WASHINGTON,DC,1244,,US,,,NaT,20001,WASHINGTON,REVIEW,DC,,METROPOLITAN WASHINGTON AIRPORTS AURTHO,Y,MEDIUM,100,,,1 AVIATION CIRCLE,,,Y,,1 AVIATION CIR,,,,METROPOLITAN WASHINGTON AIRPORTS AURTHO,,,,,,,,,,,,,,,,,
,ATS,89177,LAS VEGAS,NV,1245,,US,COUPA,,NaT,89177,LAS VEGAS,REVIEW,NV,,MGM RESORTS INTERNATIONAL,Y,MEDIUM,70,,,P.O. BOX 77123,INVOICE ONLINE - COUPA,,Y,,PO BOX 77123,,,,MGM RESORTS INTERNATIONAL,,,,,,,,,,,,,,,,,
,ATS,20852,ROCKVILLE,MD,1246,,US,,,2026-01-11 13:05:20,20852,ROCKVILLE,READY,MD,,MICHAEL KING INC,Y,HIGH,80,,,12302 WILKINS AVE,,,Y,,12302 WILKINS AVE,,,,MICHAEL KING INC,,,,,,,,,,,,,,,,,
,ATS,21788,THURMONT,MD,1247,,US,,,2026-01-11 13:05:22,21788,THURMONT,READY,MD,,MICK'S PLUMBING HVAC,Y,HIGH,80,,,27 HOWARD STREET,,,Y,,27 HOWARD ST,,,,MICK'S PLUMBING HVAC,,,,,,,,,,,,,,,,,
,ATS,21074-2641,HAMPSTEAD,MD,1248,,US,STE #1,,2026-01-11 13:05:23,21074-2641,HAMPSTEAD,READY,MD,,MICRO TECH DESIGNS INC,Y,HIGH,80,,,4312 BLACK ROCK ROAD - email,SUITE 1,,Y,,4312 BLACK ROCK RD,,,,MICRO TECH DESIGNS INC,,,,,,,,,,,,,,,,,
,ATS,20020-2252,WASHINGTON,DC,1249,,US,STE #I,,2026-01-11 13:05:25,20020-2252,WASHINGTON,READY,DC,,MID-ATLANTIC AIR OF DC LLC,Y,HIGH,80,,,3303 STANTON ROAD,SUITE I,,Y,,3303 STANTON RD,,,,"MID-ATLANTIC AIR OF DC, LLC",,,,,,,,,,,,,,,,,
,ATS,21031,HUNT VALLEY,MD,1250,,US,,,2026-01-11 13:05:26,21031,HUNT VALLEY,READY,MD,,MID-ATLANTIC AIR INC,Y,HIGH,80,,,11111 PEPPER ROAD,,,Y,,11111 PEPPER RD,,,,"MID-ATLANTIC AIR, INC.",,,,,,,,,,,,,,,,,
,ATS,20132,PURCELLVILLE,VA,1251,,US,STE #B,,2026-01-11 13:05:28,20132,PURCELLVILLE,READY,VA,,MIDATLANTIC MECHANICAL LLC,Y,HIGH,80,,,"417 BROWNING CT., SUITE B",EMAIL INVOICE,,Y,,417 BROWNING CT,,,,"MIDATLANTIC MECHANICAL, LLC",,,,,,,,,,,,,,,,,
,ATS,20879,GAITHERSBURG,MD,1252,,US,,,NaT,20879,GAITHERSBURG,REVIEW,MD,,MILESTONE BUILDING SERVICES,Y,MEDIUM,100,,,22 CESSNA COURT,,,Y,,22 CESSNA CT,,,,MILESTONE BUILDING SERVICES,,,,,,,,,,,,,,,,,
,ATS,21032,CROWNSVILLE,MD,1253,,US,,,NaT,21032,CROWNSVILLE,REVIEW,MD,,MILLENNIUM CONTRACTORS & CONSULTANTS,Y,MEDIUM,100,,,1108 ABBINGTON LANE,,,Y,,1108 ABBINGTON LN,,,,MILLENNIUM CONTRACTORS & CONSULTANTS,,,,,,,,,,,,,,,,,
,ATS,22151,SPRINGFIELD,VA,1254,,US,,,NaT,22151,SPRINGFIELD,REVIEW,VA,,MILLENNIUM POOL SERVICE,Y,MEDIUM,100,,,5570-C PORT ROYAL ROAD,,,Y,,5570-C PORT ROYAL RD,,,,MILLENNIUM POOL SERVICE,,,,,,,,,,,,,,,,,
,ATS,22624,CLEAR BROOK,VA,1255,,US,,,2026-01-11 13:05:35,22624,CLEAR BROOK,READY,VA,,MILLER & ANDERSON INC,Y,HIGH,80,,,34780 MARTINSBURG PIKE,,,Y,,34780 MARTINSBURG PIKE,,,,"MILLER & ANDERSON, INC.",,,,,,,,,,,,,,,,,
,ATS,32201,JACKSONVILLE,FL,1256,,US,,,NaT,32201,JACKSONVILLE,REVIEW,FL,,MILLER ELECTRIC COMPANY,Y,MEDIUM,70,,,ATTN: ACCOUNTS PAYABLE,P.O. BOX 1799 - EMAIL INVOICES,,Y,,PO BOX 1799,,,,MILLER ELECTRIC COMPANY,,,,,,,,,,,,,,,,,
,ATS,20707,LAUREL,MD,1257,,US,,,NaT,20707,LAUREL,REVIEW,MD,,MINNICKS,Y,MEDIUM,100,,,5200 MINNICKS ROAD,,,Y,,5200 MINNICKS RD,,,,MINNICKS,,,,,,,,,,,,,,,,,
,ATS,20744,FORT WASHINGTON,MD,1258,,US,,,2026-01-11 13:05:38,20744,FORT WASHINGTON,READY,MD,,MJ INTERNATIONAL ELECTRICAL SERVICES,Y,HIGH,80,,,1620 OLD PISCATAWAY RD,,,Y,,1620 OLD PISCATAWAY RD,,,,MJ INTERNATIONAL ELECTRICAL SERVICES,,,,,,,,,,,,,,,,,
,ATS,20678,PRINCE FREDERICK,MD,1259,,US,,,2026-01-11 13:05:40,20678,PRINCE FREDERICK,READY,MD,,MJM CONTRACTING INCORPORATED,Y,HIGH,80,,,35 DUKE ST # 3504,,,Y,,35 DUKE ST # 3504,,,,MJM CONTRACTING INCORPORATED,,,,,,,,,,,,,,,,,
,ATS,20815,BETHESDA,MD,1260,,US,,,2026-01-11 13:05:42,20815,BETHESDA,READY,MD,,GOVERNMENT MLO SUPPLIES USA INC,Y,HIGH,80,,,4921-B AUBURN AVE,,,Y,,4921-B AUBURN AVE,,,,GOVERNMENT MLO SUPPLIES USA INC,,,,,,,,,,,,,,,,,
,ATS,21157,WESTMINSTER,MD,1261,,US,,,NaT,21157,WESTMINSTER,REVIEW,MD,,MODERN COMFORT SYSTEMS,Y,MEDIUM,100,,,100 AIRPORT DRIVE,,,Y,,100 AIRPORT DR,,,,MODERN COMFORT SYSTEMS,,,,,,,,,,,,,,,,,
,ATS,21801,SALISBURY,MD,1262,,US,,,2026-01-11 13:05:45,21801,SALISBURY,READY,MD,,MODERN CONTROLS INC,Y,HIGH,80,,,EMAIL INVOICE,2028 NORTHWOOD DR,,Y,,2028 NWOOD DR,,,,"MODERN CONTROLS, INC",,,,,,,,,,,,,,,,,
,ATS,00446,TORONTO,ON,1263,,CA,,,NaT,L4H 4S6,TORONTO,REVIEW,ON,,MODERN NIAGARA,Y,MEDIUM,100,,,8125 HWY 50,,,Y,,8125 HWY 50,,,,MODERN NIAGARA,,,,,,,,,,,,,,,,,
,ATS,21085,JOPPA,MD,1264,,US,,,2026-01-11 13:05:48,21085,JOPPA,READY,MD,,MODULAR GENIUS INC,Y,HIGH,80,,,1201 SOUTH MOUNTAIN RD,,,Y,,1201 S MOUNTAIN RD,,,,"MODULAR GENIUS, INC",,,,,,,,,,,,,,,,,
,ATS,20735,CLINTON,MD,1265,,US,,,2026-01-11 13:05:50,20735,CLINTON,READY,MD,,MONA ELECTRIC GROUP INC,Y,HIGH,80,,,7915 MALCOLM RD,,,Y,,7915 MALCOLM RD,,,,"MONA ELECTRIC GROUP, INC - email",,,,,,,,,,,,,,,,,
,ATS,20850,ROCKVILLE,MD,1266,,US,,,2026-01-11 13:05:51,20850,ROCKVILLE,READY,MD,,MONTGOMERY COLLEGE,Y,HIGH,80,,,9221 CORPORATE BLVD,,,Y,,9221 CORPORATE BLVD,,,,MONTGOMERY COLLEGE - email,,,,,,,,,,,,,,,,,
,ATS,21209,BALTIMORE,MD,1267,,US,STE #200 C/O HIMMELRICH ASSOCIATES INC,,2026-01-11 13:05:53,21209,BALTIMORE,READY,MD,,MONTGOMERY PARK LLC,Y,HIGH,80,,,"C/O HIMMELRICH ASSOCIATES, INC","1340 SMITH AVE, SUITE 200",,Y,,1340 SMITH AVE,,,,"MONTGOMERY PARK, LLC",,,,,,,,,,,,,,,,,
,ATS,20850,ROCKVILLE,MD,1268,,US,,,2026-01-11 13:05:55,20850,ROCKVILLE,READY,MD,,MONTGOMERY COLLEGE,Y,HIGH,80,,,9221 CORPORATE BLVD,EMAIL INVOICE,,Y,,9221 CORPORATE BLVD,,,,MONTGOMERY COLLEGE-do not use,,,,,,,,,,,,,,,,,
,ATS,20854,POTOMAC,MD,1269,,US,,,2026-01-11 13:05:56,20854,POTOMAC,READY,MD,,MONTGOMERY COUNTY GOVERNMENT,Y,HIGH,80,,,1301 SEVEN LOCKS RD,,,Y,,1301 SEVEN LOCKS RD,,,,MONTGOMERY COUNTY GOVERNMENT,,,,,,,,,,,,,,,,,
,ATS,21236,BALTIMORE,MD,1270,,US,MEDSTAR MONGOMERY MEDICAL CENT,,NaT,21236,BALTIMORE,REVIEW,MD,,SODEXO RISK MANAGEMENT DEPARTMENT,Y,MEDIUM,70,,,MEDSTAR MONGOMERY MEDICAL CENT,PO BOX 44250,,Y,,PO BOX 44250,,,,SODEXO RISK MANAGEMENT DEPARTMENT,,,,,,,,,,,,,,,,,
,ATS,20852,ROCKVILLE,MD,1271,,US,,,NaT,20852,ROCKVILLE,REVIEW,MD,,MONTGOMERY COUNTY PUBLIC SCHOOLS,Y,MEDIUM,100,,,10901 WESTLAKE DRIVE,,,Y,,10901 WLAKE DR,,,,MONTGOMERY COUNTY PUBLIC SCHOOLS,,,,,,,,,,,,,,,,,
,ATS,20006,WASHINGTON,DC,1272,,US,STE #100,,2026-01-11 13:06:00,20006,WASHINGTON,READY,DC,,MONUMENT REALTY LLC,Y,HIGH,80,,,"750 17TH ST, NW SUITE 100",,,Y,,750 17TH ST NW,,,,MONUMENT REALTY LLC,,,,,,,,,,,,,,,,,
,ATS,21224,BALTIMORE,MD,1273,,US,,,2026-01-11 13:06:02,21224,BALTIMORE,READY,MD,,MONUMENTAL SUPPLY CO INC,Y,HIGH,80,,,401 S. HAVEN STREET,,,Y,,401 S HAVEN ST,,,,"MONUMENTAL SUPPLY CO., INC.",,,,,,,,,,,,,,,,,
,ATS,24517,ALTAVISTA,VA,1274,,US,,,2026-01-11 13:06:04,24517,ALTAVISTA,READY,VA,,MOORE'S ELECTRICAL & MECHANICAL CORP,Y,HIGH,80,,,101 EDGEWOOD AVENUE,,,Y,,101 EDGEWOOD AVE,,,,MOORE'S ELECTRICAL AND MECHANICAL CORP,,,,,,,,,,,,,,,,,
,ATS,21136,REISTERSTOWN,MD,1275,,US,,,2026-01-11 13:06:05,21136,REISTERSTOWN,READY,MD,,FRANK MORABITO,Y,HIGH,80,,,12603 NANCY LEE COURT,,,Y,,12603 NANCY LEE CT,,,,FRANK MORABITO,,,,,,,,,,,,,,,,,
,ATS,22304,ALEXANDRIA,VA,1276,,US,,,2026-01-11 13:06:07,22304,ALEXANDRIA,READY,VA,,MORE VANG,Y,HIGH,80,,,3670 WHEELER AVE,,,Y,,3670 WHEELER AVE,,,,MORE VANG,,,,,,,,,,,,,,,,,
,ATS,21702,FREDERICK,MD,1277,,US,STE #200,,2026-01-11 13:06:09,21702,FREDERICK,READY,MD,,MORGAN-KELLER INC,Y,HIGH,80,,,70 THOMAS JOHNSON DRIVE,SUITE 200 - EMAIL INVOICES,,Y,,70 THOMAS JOHNSON DR,,,,MORGAN-KELLER INC,,,,,,,,,,,,,,,,,
,ATS,21251,BALTIMORE,MD,1278,,US,,,2026-01-11 13:06:10,21251,BALTIMORE,READY,MD,,MORGAN STATE,Y,HIGH,80,,,1700 E COLD SPRING LANE,,,Y,,1700 E COLD SPRING LN,,,,MORGAN STATE,,,,,,,,,,,,,,,,,
,ATS,21046,COLUMBIA,MD,1279,,US,STE #V-Y,,NaT,21046,COLUMBIA,REVIEW,MD,,MORIN HYDRONICS,Y,MEDIUM,100,,,9305 GERWIG LANE,SUITE V-Y,,Y,,9305 GERWIG LN,,,,MORIN HYDRONICS  - email,,,,,,,,,,,,,,,,,
,ATS,21227,BALTIMORE,MD,1280,,US,,,2026-01-11 13:06:14,21227,BALTIMORE,READY,MD,,MORRISON HEALTHCARE,Y,HIGH,80,,,3761 COMMERCE DRIVE,,,Y,,3761 COMMERCE DR,,,,MORRISON HEALTHCARE,,,,,,,,,,,,,,,,,
,ATS,22102,MCLEAN,VA,1281,,US,STE #150,,NaT,22102,MCLEAN,REVIEW,VA,,MORTENSON,Y,MEDIUM,100,,,8484 WESTPARK DRIVE,SUITE 150,,Y,,8484 WPARK DR,,,,MORTENSON,,,,,,,,,,,,,,,,,
,ATS,20781,CHEVERLY,MD,1282,,US,,,2026-01-11 13:06:17,20781,CHEVERLY,READY,MD,,MOSAIC,Y,HIGH,80,,,4801 VIEWPOINT PLACE,,,Y,,4801 VIEWPOINT PL,,,,MOSAIC,,,,,,,,,,,,,,,,,
,ATS,35201,BIRMINGHAM,AL,1283,,US,,,NaT,35201,BIRMINGHAM,REVIEW,AL,,MOTION INDUSTRIES,Y,MEDIUM,70,,,PO BOX 1655,,,Y,,PO BOX 1655,,,,MOTION INDUSTRIES,,,,,,,,,,,,,,,,,
,ATS,21727,EMMITTSBURG,MD,1284,,US,,,NaT,21727,EMMITTSBURG,REVIEW,MD,,MOUNT ST MARYS UNIVERSITY,Y,MEDIUM,100,,,16300 OLD EMMITSBURG ROAD,,,Y,,16300 OLD EMMITSBURG RD,,,,MOUNT ST MARYS UNIVERSITY,,,,,,,,,,,,,,,,,
,ATS,21740,HAGERSTOWN,MD,1285,,US,,,NaT,21740,HAGERSTOWN,REVIEW,MD,,MOUNTAINSIDE INLETSAT,Y,MEDIUM,100,,,17625 TECHNOLOGY BLVD,,,Y,,17625 TECHNOLOGY BLVD,,,,MOUNTAINSIDE INLETSAT,,,,,,,,,,,,,,,,,
,ATS,19966,MILLSBORO,DE,1286,,US,,,2026-01-11 13:06:22,19966,MILLSBORO,READY,DE,,MOUNTAIRE FARMS,Y,HIGH,80,,,29292 JOHN J WILLIAMS HWY,,,Y,,29292 JOHN J WILLIAMS HWY,,,,MOUNTAIRE FARMS,,,,,,,,,,,,,,,,,
,ATS,21225,BALTIMORE,MD,1287,,US,,,NaT,21225,BALTIMORE,REVIEW,MD,,MPB PLUMBING SERVICES INC,Y,MEDIUM,70,,,P.O. BOX 2783,,,Y,,PO BOX 2783,,,,"MPB PLUMBING SERVICES, INC. -email",,,,,,,,,,,,,,,,,
,ATS,21220,BALTIMORE,MD,1288,,US,SUBMITT INVOICE UNDER WEB ACCOUNT,,2026-01-11 13:06:23,21220,BALTIMORE,READY,MD,,MIDDLE RIVER AEROSTRUCTURE SYSTEMS,Y,HIGH,80,,,103 CHESAPEAKE PARK PLAZA,Submitt invoice under web account,,Y,,103 CHESAPEAKE PARK PLAZA,,,,MIDDLE RIVER AEROSTRUCTURE SYSTEMS,,,,,,,,,,,,,,,,,
,ATS,21742,HAGERSTOWN,MD,1289,,US,,,2026-01-11 13:06:25,21742,HAGERSTOWN,READY,MD,,MS JOHNSTON CO INC,Y,HIGH,80,,,13261 PENNSYLVANIA AVE,EMAIL INVOICES,,Y,,13261 PENNSYLVANIA AVE,,,,"M.S. JOHNSTON CO., INC",,,,,,,,,,,,,,,,,
,ATS,21117,OWINGS MILLS,MD,1290,,US,STE #C,,2026-01-11 13:06:26,21117,OWINGS MILLS,READY,MD,,MSI CONTROLS INC,Y,HIGH,80,,,105 REDLAND COURT,SUITE C - EMAIL,,Y,,105 REDLAND CT,,,,"MSI CONTROLS, INC. - EMAIL",,,,,,,,,,,,,,,,,
,ATS,21297,BALTIMORE,MD,1291,,US,,,NaT,21297,BALTIMORE,REVIEW,MD,,MT WASHINGTON PED,Y,MEDIUM,70,,,ACCOUNTS PAYABLE-email invoice,PO BOX 17017,,Y,,PO BOX 17017,,,,MT WASHINGTON PED- email INV,,,,,,,,,,,,,,,,,
,ATS,21093,LUTHERVILLE,MD,1292,,US,STE #210,,2026-01-11 13:06:28,21093,LUTHERVILLE,READY,MD,,THE MULLAN CONTRACTING COMPANY,Y,HIGH,80,,,2330 WEST JOPPA ROAD,SUITE 210,,Y,,2330 W JOPPA RD,,,,THE MULLAN CONTRACTING COMPANY,,,,,,,,,,,,,,,,,
,ATS,01913,AMESBURY,MA,1293,,US,,,NaT,01913,AMESBURY,REVIEW,MA,,MUNTERS,Y,MEDIUM,70,,,79 MONROE ST,PO BOX 640,,Y,,PO BOX 640,79 MONROE ST,,,MUNTERS,,,,,,,,,,,,,,,,,
,ATS,20024,WASHINGTON,DC,1294,,US,,,2026-01-11 13:06:30,20024,WASHINGTON,READY,DC,,MUSEUM OF THE BIBLE,Y,HIGH,80,,,400 4TH ST. SW,,,Y,,400 4TH ST SW,,,,MUSEUM OF THE BIBLE,,,,,,,,,,,,,,,,,
,ATS,10029,NEW YORK,NY,1295,,US,,,2026-01-11 13:06:32,10029,NEW YORK,READY,NY,,MUSEUM OF THE CITY OF NEW YORK,Y,HIGH,80,,,1220 5TH AVE,EMAIL INVOICE,,Y,,1220 5TH AVE,,,,MUSEUM OF THE CITY OF NEW YORK,,,,,,,,,,,,,,,,,
,ATS,20601,WALDORF,MD,1296,,US,,,NaT,20601,WALDORF,REVIEW,MD,,MUSIC & ARTS,Y,MEDIUM,100,,,3035 FESTIVAL WAY,,,Y,,3035 FESTIVAL WAY,,,,MUSIC & ARTS,,,,,,,,,,,,,,,,,
,ATS,21703,FREDERICK,MD,1297,,US,STE #300,,2026-01-11 13:06:35,21703,FREDERICK,READY,MD,,MUSIC & ARTS- FREDERICK,Y,HIGH,80,,,5295 WESTVIEW DRIVE,SUITE 300,,Y,,5295 WVIEW DR,,,,MUSIC & ARTS- FREDERICK,,,,,,,,,,,,,,,,,
,ATS,21703,FREDERICK,MD,1298,,US,STE #B,,2026-01-11 13:06:37,21703,FREDERICK,READY,MD,,N-TECH MECHANICAL SERVICES INC,Y,HIGH,80,,,4101 HARVARD PLACE,SUITE B,,Y,,4101 HARVARD PL,,,,"N-TECH MECHANICAL SERVICES, INC.",,,,,,,,,,,,,,,,,
,ATS,21704,FREDERICK,MD,1299,,US,,,2026-01-11 13:06:39,21704,FREDERICK,READY,MD,,NE BOB WALTZ PLUMBING & HEATING,Y,HIGH,80,,,8098 HILLMARK COURT,,,Y,,8098 HILLMARK CT,,,,N.E. BOB WALTZ PLUMBING & HEATING,,,,,,,,,,,,,,,,,
,ATS,20877,GAITHERSBURG,MD,1300,,US,STE #100-,,NaT,20877,GAITHERSBURG,REVIEW,MD,,NAC MECHANICAL SERVICES LLC,Y,MEDIUM,100,,,15800 GAITHER DRIVE,SUITE 100- EMAIL,,Y,,15800 GAITHER DR,,,,"NAC MECHANICAL SERVICES, LLC",,,,,,,,,,,,,,,,,
,ATS,20001,WASHINGTON,DC,1301,,US,,,2026-01-11 13:06:42,20001,WASHINGTON,READY,DC,,NATIONAL ASSOCIATION LETTER CARRIERS,Y,HIGH,80,,,"100 INDIANA AVE., NW",EMAIL INVOICES,,Y,,100 INDIANA AVE NW,,,,NATIONAL ASSOCIATION LETTER CARRIERS,,,,,,,,,,,,,,,,,
,ATS,21236,BALTIMORE,MD,1302,,US,,,2026-01-11 13:06:44,21236,BALTIMORE,READY,MD,,NAPOLI - COVER INC,Y,HIGH,80,,,9606 BELAIR ROAD,,,Y,,9606 BELAIR RD,,,,"NAPOLI - COVER, INC.",,,,,,,,,,,,,,,,,
,ATS,55343,MINNETONKA,MN,1303,,US,STE #300,,2026-01-11 13:06:45,55343,MINNETONKA,READY,MN,,NORTHROP GRUMMAN,Y,HIGH,80,,,5995 OPUS PARKWAY,SUITE 300 - EMAIL,,Y,,5995 OPUS PKWY,,,,NORTHROP GRUMMAN,,,,,,,,,,,,,,,,,
,ATS,21811,BERLIN,MD,1304,,US,,,NaT,21811,BERLIN,REVIEW,MD,,NASSAU SHEET METAL HVAC SERVICES,Y,MEDIUM,100,,,10843 GRAY'S CORNER ROAD,,,Y,,10843 GRAY'S CORNER RD,,,,NASSAU SHEET METAL HVAC SERVICES,,,,,,,,,,,,,,,,,
,ATS,21202,BALTIMORE,MD,1305,,US,SEAN MAGNUSSON-PIER 3,,2026-01-11 13:06:48,21202,BALTIMORE,READY,MD,,NATIONAL AQUARIUM,Y,HIGH,80,,,SEAN MAGNUSSON-PIER 3,501 EAST PRATT STREET,,Y,,501 E PRATT ST,,,,NATIONAL AQUARIUM,,,,,,,,,,,,,,,,,
,ATS,21046,COLUMBIA,MD,1306,,US,STE #400,,2026-01-11 13:06:50,21046,COLUMBIA,READY,MD,,NATIONAL ARCHIVES & RECORDS ADMINISTR,Y,HIGH,80,,,9891 BROKEN LAND PARKWAY,SUITE 400,,Y,,9891 BROKEN LAND PKWY,,,,NATIONAL ARCHIVES AND RECORDS ADMINISTR,,,,,,,,,,,,,,,,,
,ATS,20785,LANDOVER,MD,1307,,US,,,2026-01-11 13:06:52,20785,LANDOVER,READY,MD,,NATIONAL GALLERY OF ART,Y,HIGH,80,,,2000B SOUTH CLUB DRIVE,,,Y,,2000B S CLUB DR,,,,NATIONAL GALLERY OF ART,,,,,,,,,,,,,,,,,
,ATS,22150,SPRINGFIELD,VA,1308,,US,,,2026-01-11 13:06:53,22150,SPRINGFIELD,READY,VA,,NATIONAL GEOSPACIAL INTELLIGENCE AGENCY,Y,HIGH,80,,,7500 GEOINT DRIVE,,,Y,,7500 GEOINT DR,,,,NATIONAL GEOSPACIAL INTELLIGENCE AGENCY,,,,,,,,,,,,,,,,,
,ATS,19973,SEAFORD,DE,1309,,US,,,NaT,19973,SEAFORD,REVIEW,DE,,NATIONAL HVAC SERVICE,Y,MEDIUM,70,,,PO BOX 1500,EMAIL INVOICE,,Y,,PO BOX 1500,,,,NATIONAL HVAC SERVICE,,,,,,,,,,,,,,,,,
,ATS,20910,SILVER SPRING,MD,1310,,US,,,2026-01-11 13:06:55,20910,SILVER SPRING,READY,MD,,NATIONAL MUSEUM OF HEALTH & MEDICINE,Y,HIGH,80,,,2500 LINDEN LANE,,,Y,,2500 LINDEN LN,,,,NATIONAL MUSEUM OF HEALTH & MEDICINE,,,,,,,,,,,,,,,,,
,ATS,21230,BALTIMORE,MD,1311,,US,,,2026-01-11 13:06:56,21230,BALTIMORE,READY,MD,,NATIONAL PARK SERVICE,Y,HIGH,80,,,2400 E FORT AVENUE,,,Y,,2400 E FORT AVE,,,,NATIONAL PARK SERVICE,,,,,,,,,,,,,,,,,
,ATS,20166,DULLES,VA,1312,,US,,,2026-01-11 13:06:58,20166,DULLES,READY,VA,,NATIONAL RURAL UTILITIES COOPERATIVE,Y,HIGH,80,,,20701 COOPERATIVE WAY,EMAIL INVOICE,,Y,,20701 COOPERATIVE WAY,,,,NATIONAL RURAL UTILITIES COOPERATIVE,,,,,,,,,,,,,,,,,
,ATS,20166,STERLING,VA,1313,,US,,,2026-01-11 13:07:00,20166,STERLING,READY,VA,,NATIONAL WEATHER SERVICE,Y,HIGH,80,,,43858 WEATHER SERVICE ROAD,,,Y,,43858 WEATHER SERVICE RD,,,,NATIONAL WEATHER SERVICE,,,,,,,,,,,,,,,,,
,ATS,06062,PLAINVILLE,CT,1314,,US,,,2026-01-11 13:07:01,06062,PLAINVILLE,READY,CT,,NATIVE SONS LTD,Y,HIGH,80,,,"12 NORTHWEST DRIVE, UNIT B",EMAIL INVOICE,,Y,,12 NW DR UNIT B,,,,"NATIVE SONS, LTD.",,,,,,,,,,,,,,,,,
,ATS,20670,PATUXENT RIVER,MD,1315,,US,BLDG 2272 ROOM 38,,NaT,20670,PATUXENT RIVER,REVIEW,MD,,NAVAL AIR SYSTEMS COMMAND,Y,MEDIUM,100,,,47123 BUSE ROAD,"BLDG 2272, ROOM 38",,Y,,47123 BUSE RD,,,,NAVAL AIR SYSTEMS COMMAND,,,,,,,,,,,,,,,,,
,ATS,20375-5329,WASHINGTON,DC,1316,,US,SUPPLY OFFICER (CODE 3410),,2026-01-11 13:07:05,20375-5329,WASHINGTON,READY,DC,,NAVAL RESEARCH LABORATORY,Y,HIGH,80,,,SUPPLY OFFICER (CODE 3410),"4555 OVERLOOK AVE., S.W.",,Y,,4555 OVERLOOK AVE SW,,,,NAVAL RESEARCH LABORATORY,,,,,,,,,,,,,,,,,
,ATS,98315,SILVERDALE,WA,1317,,US,,,NaT,98315,SILVERDALE,REVIEW,WA,,NAVAL SURFACE WARFARE CENTER,Y,MEDIUM,100,,,7131 SEALION ROAD,,,Y,,7131 SEALION RD,,,,NAVAL SURFACE WARFARE CENTER,,,,,,,,,,,,,,,,,
,ATS,20904,SILVER SPRING,MD,1318,,US,,,NaT,20904,SILVER SPRING,REVIEW,MD,,NCORE GROUP,Y,MEDIUM,100,,,1017 TANLEY RD,,,Y,,1017 TANLEY RD,,,,NCORE GROUP,,,,,,,,,,,,,,,,,
,ATS,19947,GEORGETOWN,DE,1319,,US,,,NaT,19947,GEORGETOWN,REVIEW,DE,,NELSON'S REPAIR INC,Y,MEDIUM,100,,,24028 DEEP BRANCH ROAD,,,Y,,24028 DEEP BRANCH RD,,,,NELSON'S REPAIR INC.,,,,,,,,,,,,,,,,,
,ATS,17517,DENVER,PA,1320,,US,,,NaT,17517,DENVER,REVIEW,PA,,NEVIN LAUSCH,Y,MEDIUM,100,,,435 SOUTH WINDY MANSION ROAD,,,Y,,435 S WINDY MANSION RD,,,,NEVIN LAUSCH,,,,,,,,,,,,,,,,,
,ATS,19040,HATBORO,PA,1321,,US,,,2026-01-11 13:07:14,19040,HATBORO,READY,PA,,NEW AGE DEVELOPMENT GROUP,Y,HIGH,80,,,16 N. YORK ROAD,EMAIL INVOICES,,Y,,16 N YORK RD,,,,NEW AGE DEVELOPMENT GROUP,,,,,,,,,,,,,,,,,
,ATS,10002,NEW YORK,NY,1322,,US,,,2026-01-11 13:07:15,10002,NEW YORK,READY,NY,,NEW MUSEUM OF CONTEMPORARY ART,Y,HIGH,80,,,235 BOWERY,,,Y,,235 BOWERY,,,,NEW MUSEUM OF CONTEMPORARY ART,,,,,,,,,,,,,,,,,
,ATS,21769,MIDDLETOWN,MD,1323,,US,,,2026-01-11 13:07:17,21769,MIDDLETOWN,READY,MD,,NEWELL PROPERTY SERVICES INC,Y,HIGH,80,,,12 TOBIAS RUN,,,Y,,12 TOBIAS RUN,,,,"NEWELL PROPERTY SERVICES, INC.",,,,,,,,,,,,,,,,,
,ATS,20705,BELTSVILLE,MD,1324,,US,STE #200,,NaT,20705,BELTSVILLE,REVIEW,MD,,NEXT CURE,Y,MEDIUM,100,,,9000 VIRGINIA MANOR RD,SUITE 200 - EMAIL,,Y,,9000 VIRGINIA MANOR RD,,,,NEXT CURE,,,,,,,,,,,,,,,,,
,ATS,21030,COCKEYSVILLE,MD,1325,,US,,,2026-01-11 13:07:20,21030,COCKEYSVILLE,READY,MD,,NH YATES & CO INC,Y,HIGH,80,,,117 C Church Lane,,,Y,,117 C CHURCH LN,,,,"N.H. YATES & CO., INC. -email",,,,,,,,,,,,,,,,,
,ATS,20892-8500,BETHESDA,MD,1326,,US,STE 4B432 OFFIC OF FIN MANG,,2026-01-11 13:07:23,20892-8500,BETHESDA,READY,MD,,NIH,Y,HIGH,80,,,OFFIC OF FIN. MANG.,2115 E. JEFFERSON ST STE 4B432,,Y,,2115 E JEFFERSON ST,,,,NIH - give to Erin to invoice,,,,,,,,,,,,,,,,,
,ATS,20899,GATHERSBURG,MD,1327,,US,BDG 301 ROOM 1 132,,NaT,20899,GATHERSBURG,REVIEW,MD,,NIST,Y,MEDIUM,100,,,100 BUREAU DRIVE,BDG 301 ROOM 1 132,,Y,,100 BUREAU DR,,,,NIST,,,,,,,,,,,,,,,,,
,ATS,19720,NEW CASTLE,DE,1328,,US,,,2026-01-11 13:07:26,19720,NEW CASTLE,READY,DE,,NIXON MEDICAL,Y,HIGH,80,,,500 CENTERPOINT BLVD.,,,Y,,500 CTPOINT BLVD,,,,NIXON MEDICAL,,,,,,,,,,,,,,,,,
,ATS,20740,COLLEGE PARK,MD,1329,,US,STE #1743,,2026-01-11 13:07:28,20740,COLLEGE PARK,READY,MD,,NOAA MARYLAND LLC,Y,HIGH,80,,,5830 UNIVERSITY RESEARCH CT,SUITE 1743,,Y,,5830 UNIVERSITY RESEARCH CT,,,,"NOAA MARYLAND, LLC",,,,,,,,,,,,,,,,,
,ATS,20191,RESTON,VA,1330,,US,,,2026-01-11 13:07:29,20191,RESTON,READY,VA,,NOBLIS INC,Y,HIGH,80,,,2002 EDMUND HALLEY DRIVE,EMAIL,,Y,,2002 EDMUND HALLEY DR,,,,"NOBLIS, INC",,,,,,,,,,,,,,,,,
,ATS,,,,1331,,US,,,NaT,,,INVALID,,,NOLA,Y,LOW,20,,,,,,Y,,,,,,NOLA,,,,,,,,,,,,,,,,,
,ATS,15106,CARNEGIE,PA,1332,,US,,,NaT,15106,CARNEGIE,REVIEW,PA,,NORESCO LLC,Y,MEDIUM,70,,,ATTN: ACCOUNTS PAYABLE,PO BOX 729 - EMAIL INVOICES,,Y,,PO BOX 729,,,,"NORESCO, LLC",,,,,,,,,,,,,,,,,
,ATS,21220,BALTIMORE,MD,1333,,US,,,NaT,21220,BALTIMORE,REVIEW,MD,,NORTH AMERICAN ELECTRIC INC,Y,MEDIUM,70,,,P.O. BOX 24830,,,Y,,PO BOX 24830,,,,"NORTH AMERICAN ELECTRIC, INC.",,,,,,,,,,,,,,,,,
,ATS,21219,SPARROWS POINT,MD,1334,,US,,,2026-01-11 13:07:32,21219,SPARROWS POINT,READY,MD,,NORTH AMERICAN MILLWRIGHT SERVICES,Y,HIGH,80,,,4480 NORTH POINT BLVD.,,,Y,,4480 N POINT BLVD,,,,NORTH AMERICAN MILLWRIGHT SERVICES,,,,,,,,,,,,,,,,,
,ATS,20814,BETHESDA,MD,1335,,US,STE #410,,2026-01-11 13:07:34,20814,BETHESDA,READY,MD,,NORTH POINT CONSTRUCTION SERVICES,Y,HIGH,80,,,8120 WOODMONT AVENUE,SUITE 410,,Y,,8120 WOODMONT AVE,,,,NORTH POINT CONSTRUCTION SERVICES,,,,,,,,,,,,,,,,,
,ATS,22122,NEWINGTON,VA,1336,,US,,,NaT,22122,NEWINGTON,REVIEW,VA,,NORTH STAR HEATING & AIR,Y,MEDIUM,70,,,P.O. BOX 677,,,Y,,PO BOX 677,,,,NORTH STAR HEATING AND AIR,,,,,,,,,,,,,,,,,
,ATS,21237,BALTIMORE,MD,1337,,US,,,2026-01-11 13:07:36,21237,BALTIMORE,READY,MD,,NORTHEASTERN SUPPLY INC,Y,HIGH,80,,,8323 PULASKI  HIGHWAY,EMAIL INVOICE,,Y,,8323 PULASKI HWY,,,,"NORTHEASTERN SUPPLY, INC.",,,,,,,,,,,,,,,,,
,ATS,21076,HANOVER,MD,1338,,US,STE #D,,2026-01-11 13:07:38,21076,HANOVER,READY,MD,,NORHTERN BAY ENVIRONMENTAL SYSTEMS INC,Y,HIGH,80,,,"7505 CONNELLEY DR., SUITE D",EMAIL INVOICES,,Y,,7505 CONNELLEY DR,,,,NORHTERN BAY ENVIRONMENTAL SYSTEMS INC,,,,,,,,,,,,,,,,,
,ATS,25301,CHARLESTON,WV,1339,,US,STE #1620,,2026-01-11 13:07:39,25301,CHARLESTON,READY,WV,,NORTHERN MANAGEMENT SERVICES INC,Y,HIGH,80,,,"300 VIRGINIA ST., SUITE 1620",EMAIL INVOICES,,Y,,300 VIRGINIA ST,,,,"NORTHERN MANAGEMENT SERVICES, INC.",,,,,,,,,,,,,,,,,
,ATS,21203,BALTIMORE,MD,1340,,US,MS A 320,,NaT,21203,BALTIMORE,REVIEW,MD,,NORTHROP GRUMMAN CORP,Y,MEDIUM,70,,,P.O. BOX 392,MS A 320 - EMAIL,,Y,,PO BOX 392,,,,NORTHROP GRUMMAN CORP.,,,,,,,,,,,,,,,,,
,ATS,21215,BALTIMORE,MD,1341,,US,,,NaT,21215,BALTIMORE,REVIEW,MD,,NORTHWEST HOSPITAL,Y,MEDIUM,70,,,ACCOUNTS PAYABLE,PO BOX 2667 - EMAIL,,Y,,PO BOX 2667,,,,NORTHWEST HOSPITAL,,,,,,,,,,,,,,,,,
,ATS,22603,WINCHESTER,VA,1342,,US,,,NaT,22603,WINCHESTER,REVIEW,VA,,NORTHWIND HEATING & A/C CO,Y,MEDIUM,100,,,440 BRISTOL DRIVE,,,Y,,440 BRISTOL DR,,,,NORTHWIND HEATING & A/C CO. -email,,,,,,,,,,,,,,,,,
,ATS,,,,1343,,US,,,NaT,,,INVALID,,,NORTDO NOT USE,Y,LOW,20,,,,,,Y,,,,,,NORTDO NOT USE,,,,,,,,,,,,,,,,,
,ATS,21286,TOWSON,MD,1344,,US,,,2026-01-11 13:07:44,21286,TOWSON,READY,MD,,NOTRE DAME PREPARATORY SCHOOL,Y,HIGH,80,,,815 HAMPTON LANE,EMAIL INVOICES,,Y,,815 HAMPTON LN,,,,NOTRE DAME PREPARATORY SCHOOL,,,,,,,,,,,,,,,,,
,ATS,20112,MANASSAS,VA,1345,,US,,,2026-01-11 13:07:46,20112,MANASSAS,READY,VA,,NOVA FACILITY SOLUTIONS INC,Y,HIGH,80,,,15259 DUMFRIES ROAD,EMAIL INVOICES,,Y,,15259 DUMFRIES RD,,,,"NOVA FACILITY SOLUTIONS, INC.",,,,,,,,,,,,,,,,,
,ATS,27114-5686,WINSTON SALEM,NC,1346,,US,,,NaT,27114-5686,WINSTON SALEM,REVIEW,NC,,NOVANT HEALTH INC,Y,MEDIUM,70,,,CORPORATE FINANACE- ACCOUNTS P,PO BOX 25686,,Y,,PO BOX 25686,,,,NOVANT HEALTH INC,,,,,,,,,,,,,,,,,
,ATS,21225,BALTIMORE,MD,1347,,US,,,NaT,21225,BALTIMORE,REVIEW,MD,,NOVATEC INC,Y,MEDIUM,100,,,222 EAST THOMAS AVE,,,Y,,222 E THOMAS AVE,,,,NOVATEC INC,,,,,,,,,,,,,,,,,
,ATS,95834-8060,SACRAMENTO,CA,1348,,US,,,NaT,95834-8060,SACRAMENTO,REVIEW,CA,,NTT GLOBAL DATA CENTERS AMERICAS,Y,MEDIUM,70,,,PO BOX 348060,EMAIL INVOICES,,Y,,PO BOX 348060,,,,NTT GLOBAL DATA CENTERS AMERICAS,,,,,,,,,,,,,,,,,
,ATS,20715,BOWIE,MD,1349,,US,,,2026-01-11 13:07:49,20715,BOWIE,READY,MD,,NV ENTERPRISES,Y,HIGH,80,,,17101 MELFORD BOULEVARD,,,Y,,17101 MELFORD BLVD,,,,NV ENTERPRISES,,,,,,,,,,,,,,,,,
,ATS,20715,BOWIE,MD,1350,,US,,,2026-01-11 13:07:51,20715,BOWIE,READY,MD,,NV ENTERPRISES,Y,HIGH,80,,,17101 MELFORD BOULEVARD,,,Y,,17101 MELFORD BLVD,,,,NV ENTERPRISES,,,,,,,,,,,,,,,,,
,ATS,20007,WASHINGTON,DC,1351,,US,,,2026-01-11 13:07:53,20007,WASHINGTON,READY,DC,,NVE-CBS,Y,HIGH,80,,,"2101 WISCONSIN AVE, NW",,,Y,,2101 WISCONSIN AVE NW,,,,NVE-CBS,,,,,,,,,,,,,,,,,
,ATS,21228,CATONSVILLE,MD,1352,,US,MAIL STOP 603,,NaT,21228,CATONSVILLE,REVIEW,MD,,OAK CREST RETIREMENT VILLAGE,Y,MEDIUM,70,,,MAIL STOP 603,PO BOX 22000,,Y,,PO BOX 22000,,,,OAK CREST RETIREMENT VILLAGE,,,,,,,,,,,,,,,,,
,ATS,21842,OCEAN CITY,MD,1353,,US,,,2026-01-11 13:07:54,21842,OCEAN CITY,READY,MD,,OC ELECTRIC,Y,HIGH,80,,,12837 Townsend Rd,,,Y,,12837 TOWNSEND RD,,,,OC ELECTRIC,,,,,,,,,,,,,,,,,
,ATS,21223,BALTIMORE,MD,1354,,US,,,2026-01-11 13:07:56,21223,BALTIMORE,READY,MD,,OFFICE OF CHIEF MEDICAL EXAMINER,Y,HIGH,80,,,900 W. BALTIMORE ST,,,Y,,900 W BALTIMORE ST,,,,OFFICE OF CHIEF MEDICAL EXAMINER,,,,,,,,,,,,,,,,,
,ATS,21094-0363,LUTHERVILLE,MD,1355,,US,,,NaT,21094-0363,LUTHERVILLE,REVIEW,MD,,OELMANN ELECTRIC SUPPLY CO INC,Y,MEDIUM,70,,,PO BOX 363,,,Y,,PO BOX 363,,,,OELMANN ELECTRIC SUPPLY CO INC,,,,,,,,,,,,,,,,,
,ATS,99503,ANCHORAGE,AK,1356,,US,STE #700,,2026-01-11 13:07:58,99503,ANCHORAGE,READY,AK,,OLGOONIK GENERAL LLC,Y,HIGH,80,,,"3201 C STREET, SUITE 700",EMAIL INVOICE,,Y,,3201 C ST,,,,"OLGOONIK GENERAL, LLC",,,,,,,,,,,,,,,,,
,ATS,21727,EMMITSBURG,MD,1357,,US,,,2026-01-11 13:08:00,21727,EMMITSBURG,READY,MD,,OMMI CORPORATION,Y,HIGH,80,,,16825 S SETON AVENUE,,,Y,,16825 S SETON AVE,,,,OMMI CORPORATION,,,,,,,,,,,,,,,,,
,ATS,21153-2036,STEVENSON,MD,1358,,US,,,NaT,21153-2036,STEVENSON,REVIEW,MD,,ON-TARGET INC,Y,MEDIUM,70,,,PO BOX 155,,,Y,,PO BOX 155,,,,"ON-TARGET, INC.",,,,,,,,,,,,,,,,,
,ATS,28237,CHARLOTTE,NC,1359,,US,C/ NLC PROPERTY MANAGEMENT,,NaT,28237,CHARLOTTE,REVIEW,NC,,ONE TOWN CENTER DST,Y,MEDIUM,70,,,C/ NLC PROPERTY MANAGEMENT,P.O. BOX 37544 - EMAIL INVOICES,,Y,,PO BOX 37544,,,,ONE TOWN CENTER DST,,,,,,,,,,,,,,,,,
,ATS,22370,ALEXANDRIA,VA,1360,,US,,,NaT,22370,ALEXANDRIA,REVIEW,VA,,ONSITE ENERGY,Y,MEDIUM,100,,,6228 QUANDER ROAD,,,Y,,6228 QUANDER RD,,,,ONSITE ENERGY,,,,,,,,,,,,,,,,,
,ATS,21120,PARKTON,MD,1361,,US,,,2026-01-11 13:08:03,21120,PARKTON,READY,MD,,OUR LADY OF GRACE,Y,HIGH,80,,,18310 MIDDLETOWN ROAD,,,Y,,18310 MIDDLETOWN RD,,,,OUR LADY OF GRACE,,,,,,,,,,,,,,,,,
,ATS,21035,DAVIDSONVILLE,MD,1362,,US,,,2026-01-11 13:08:04,21035,DAVIDSONVILLE,READY,MD,,OWENS COMFORT SYSTEMS,Y,HIGH,80,,,3586 PATUXENT RIVER ROAD,,,Y,,3586 PATUXENT RIVER RD,,,,OWENS COMFORT SYSTEMS,,,,,,,,,,,,,,,,,
,ATS,85255,SCOTTSDALE,AZ,1363,,US,,,2026-01-11 13:08:06,85255,SCOTTSDALE,READY,AZ,,PFCCB EQUIPMENT COMPANY,Y,HIGH,80,,,7676 E. PINNACLE PEAK ROAD,,,Y,,7676 E PINNACLE PEAK RD,,,,PFCCB EQUIPMENT COMPANY,,,,,,,,,,,,,,,,,
,ATS,21146,SEVERNA PARK,MD,1364,,US,,,2026-01-11 13:08:08,21146,SEVERNA PARK,READY,MD,,PALMETTO MECHANICAL CONTRACTORS INC,Y,HIGH,80,,,227 ARUNDEL BEACH ROAD,,,Y,,227 ARUNDEL BEACH RD,,,,"PALMETTO MECHANICAL CONTRACTORS, INC.",,,,,,,,,,,,,,,,,
,ATS,22180,VIENNA,VA,1365,,US,,,2026-01-11 13:08:10,22180,VIENNA,READY,VA,,PANACEA MECHANICAL CONTRACTORS,Y,HIGH,80,,,"100 EAST STREET, SE",,,Y,,100 E ST SE,,,,PANACEA MECHANICAL CONTRACTORS,,,,,,,,,,,,,,,,,
,ATS,21201,BALTIMORE,MD,1366,,US,4TH FL,,2026-01-11 13:08:12,21201,BALTIMORE,READY,MD,,CATALENT MARYLAND INC,Y,HIGH,80,,,801 WEST BALTIMORE STREET,4TH FLOOR,,Y,,801 W BALTIMORE ST,,,,CATALENT MARYLAND INC.,,,,,,,,,,,,,,,,,
,ATS,20109,MANASSAS,VA,1367,,US,,,NaT,20109,MANASSAS,REVIEW,VA,,PARAMOUNT MECHANICAL CORPORATION,Y,MEDIUM,100,,,7053 GATEWAY COURT,EMAIL INVOICES,,Y,,7053 GATEWAY CT,,,,PARAMOUNT MECHANICAL CORPORATION,,,,,,,,,,,,,,,,,
,ATS,20109,MANASSAS,VA,1368,,US,,,NaT,20109,MANASSAS,REVIEW,VA,,PARAMOUNT ORBITAL WELDING SERVICES,Y,MEDIUM,100,,,7053 GATEWAY COURT,,,Y,,7053 GATEWAY CT,,,,PARAMOUNT ORBITAL WELDING SERVICES,,,,,,,,,,,,,,,,,
,ATS,20024,WASHINGTON,DC,1369,,US,#280,,2026-01-11 13:08:17,20024,WASHINGTON,READY,DC,,PARCEL 49C LTD PARTNERSHIP,Y,HIGH,80,,,1280 MARYLAND AVE SW,#280,,Y,,1280 MARYLAND AVE SW,,,,PARCEL 49C LTD PARTNERSHIP,,,,,,,,,,,,,,,,,
,ATS,21022-1491,BROOKLANDVILLE,MD,1370,,US,,,NaT,21022-1491,BROOKLANDVILLE,REVIEW,MD,,THE PARK SCHOOL,Y,MEDIUM,70,,,PO BOX 8200,,,Y,,PO BOX 8200,,,,THE PARK SCHOOL,,,,,,,,,,,,,,,,,
,ATS,20706,LANHAM,MD,1371,,US,STE #BO200,,2026-01-11 13:08:18,20706,LANHAM,READY,MD,,PARK TOWER,Y,HIGH,80,,,5000 ELLIN ROAD,SUITE BO200,,Y,,5000 ELLIN RD,,,,PARK TOWER,,,,,,,,,,,,,,,,,
,ATS,20878,GAITHERSBURG,MD,1372,,US,,,2026-01-11 13:08:20,20878,GAITHERSBURG,READY,MD,,PARKLAWN ASSOCIATES INC,Y,HIGH,80,,,30 WEST WATKINS MILL RD,EMAIL INVOICES,,Y,,30 W WATKINS MILL RD,,,,"PARKLAWN ASSOCIATES, INC",,,,,,,,,,,,,,,,,
,ATS,20120,CENTERVILLE,VA,1373,,US,STE #300,,NaT,20120,CENTERVILLE,REVIEW,VA,,PARSONS CORP,Y,MEDIUM,100,,,"5875 TRINITY PARKWAY, SUITE 300",,,Y,,5875 TRINITY PKWY,,,,PARSONS CORP.,,,,,,,,,,,,,,,,,
,ATS,21076,HANOVER,MD,1374,,US,STE #I,,2026-01-11 13:08:23,21076,HANOVER,READY,MD,,PATAPSCO MECHANICAL,Y,HIGH,80,,,7501 CONNELLEY DRIVE,SUITE I - EMAIL,,Y,,7501 CONNELLEY DR,,,,PATAPSCO MECHANICAL,,,,,,,,,,,,,,,,,
,ATS,22031,FAIRFAX,VA,1375,,US,STE #120,,2026-01-11 13:08:25,22031,FAIRFAX,READY,VA,,PATNER CONSTRUCTION,Y,HIGH,80,,,2710 PROSPERITY AVE,SUITE 120,,Y,,2710 PROSPERITY AVE,,,,PATNER CONSTRUCTION,,,,,,,,,,,,,,,,,
,ATS,20732,CHESAPEAKE BEACH,MD,1376,,US,,,NaT,20732,CHESAPEAKE BEACH,REVIEW,MD,,PAUL BUTZ,Y,MEDIUM,100,,,3236 MEARS BEND ST,,,Y,,3236 MEARS BEND ST,,,,PAUL BUTZ,,,,,,,,,,,,,,,,,
,ATS,05403,SOUTH BURLINGTON,VT,1377,,US,,,2026-01-11 13:08:28,05403,SOUTH BURLINGTON,READY,VT,,PC CONSTRUCTION COMPANY,Y,HIGH,80,,,193 TILLEY DRIVE,,,Y,,193 TILLEY DR,,,,PC CONSTRUCTION COMPANY,,,,,,,,,,,,,,,,,
,ATS,21043,ELICOTT CITY,MD,1378,,US,,,NaT,21043,ELICOTT CITY,REVIEW,MD,,PCF MANAGEMENT,Y,MEDIUM,100,,,80391 MAIN ST,,,Y,,80391 MAIN ST,,,,PCF MANAGEMENT,,,,,,,,,,,,,,,,,
,ATS,,,,1379,,US,,,NaT,,,INVALID,,,PCI INDUSTRIES,Y,LOW,20,,,,,,Y,,,,,,PCI INDUSTRIES,,,,,,,,,,,,,,,,,
,ATS,21237-2964,BALTIMORE,MD,1380,,US,,,2026-01-11 13:08:32,21237-2964,BALTIMORE,READY,MD,,PCI SERVICES,Y,HIGH,80,,,7909 PHILADELPHIA ROAD,,,Y,,7909 PHILADELPHIA RD,,,,PCI SERVICES,,,,,,,,,,,,,,,,,
,ATS,20876,GERMANTOWN,MD,1381,,US,STE #200,,2026-01-11 13:08:34,20876,GERMANTOWN,READY,MD,,PCTEL INC,Y,HIGH,80,,,20410 OBSERVATION DRIVE,SUITE 200,,Y,,20410 OBSERVATION DR,,,,"PCTEL, INC.",,,,,,,,,,,,,,,,,
,ATS,21075,ELKRIDGE,MD,1382,,US,STE #3,,2026-01-11 13:08:35,21075,ELKRIDGE,READY,MD,,PEAK BUILDING SYSTEMS INC,Y,HIGH,80,,,5800 MAIN STREET,SUITE 3,,Y,,5800 MAIN ST,,,,"PEAK BUILDING SYSTEMS, INC.",,,,,,,,,,,,,,,,,
,ATS,84059,OREM,UT,1383,,US,,,NaT,84059,OREM,REVIEW,UT,,PENINSULA REGIONAL MEDICAL CENTER,Y,MEDIUM,70,,,P.O. BOX 3060,,,Y,,PO BOX 3060,,,,PENINSULA REGIONAL MEDICAL CENTER,,,,,,,,,,,,,,,,,
,ATS,17554,MOUNTVILLE,PA,1384,,US,,,2026-01-11 13:08:37,17554,MOUNTVILLE,READY,PA,,PENN STATE ELECTRIC MECHANICAL SUPPLY,Y,HIGH,80,,,350 EAST MAIN STREET,EMAIL INVOICES,,Y,,350 E MAIN ST,,,,PENN STATE ELECTRIC MECHANICAL SUPPLY,,,,,,,,,,,,,,,,,
,ATS,20706,LANHAM,MD,1385,,US,STE #H,,2026-01-11 13:08:39,20706,LANHAM,READY,MD,,PEPCO GOVERNMENT SERVICES LLC,Y,HIGH,80,,,5001 FORBES BLVD,SUITE H,,Y,,5001 FORBES BLVD,,,,PEPCO GOVERNMENT SERVICES LLC,,,,,,,,,,,,,,,,,
,ATS,95570,TRINIDAD,CA,1386,,US,,,NaT,95570,TRINIDAD,REVIEW,CA,,PER-GEESH CONSTRUCTION,Y,MEDIUM,70,,,P.O. BOX 721,EMAIL INVOICES,,Y,,PO BOX 721,,,,PER-GEESH CONSTRUCTION,,,,,,,,,,,,,,,,,
,ATS,20153-1470,CHANTILLY,VA,1387,,US,,,NaT,20153-1470,CHANTILLY,REVIEW,VA,,PERATON INC,Y,MEDIUM,70,,,P.O. BOX 221470,EMAIL INVOICES,,Y,,PO BOX 221470,,,,"PERATON, INC",,,,,,,,,,,,,,,,,
,ATS,20832,OLNEY,MD,1388,,US,,,2026-01-11 13:08:40,20832,OLNEY,READY,MD,,PERFORMANCE CONTROLS LLC,Y,HIGH,80,,,3801 QUEEN MARY DRIVE,,,Y,,3801 QUEEN MARY DR,,,,"PERFORMANCE CONTROLS, LLC",,,,,,,,,,,,,,,,,
,ATS,20601,WALDORF,MD,1389,,US,,,NaT,20601,WALDORF,REVIEW,MD,,PERFORMANCE MECHANICAL LLC,Y,MEDIUM,100,,,5267 BRISCOE FARM ROAD,EMAIL INVOICES,,Y,,5267 BRISCOE FARM RD,,,,"PERFORMANCE MECHANICAL, LLC",,,,,,,,,,,,,,,,,
,ATS,22031-4308,FAIRFAX,VA,1390,,US,STE #300,,2026-01-11 13:08:44,22031-4308,FAIRFAX,READY,VA,,PERLECTRIC INC,Y,HIGH,80,,,2711 PROSPERITY AVENUE,SUITE 300,,Y,,2711 PROSPERITY AVE,,,,PERLECTRIC INC,,,,,,,,,,,,,,,,,
,ATS,21037,EDGEWATER,MD,1391,,US,,,2026-01-11 13:08:45,21037,EDGEWATER,READY,MD,,PFD MECHANICAL,Y,HIGH,80,,,60 BEACH DRIVE,,,Y,,60 BEACH DR,,,,PFD MECHANICAL,,,,,,,,,,,,,,,,,
,ATS,20772,UPPER MARLBORO,MD,1392,,US,,,NaT,20772,UPPER MARLBORO,REVIEW,MD,,PRINCE GEORGES COUNTY PUBLIC SCHOOL,Y,MEDIUM,100,,,ACCOUNTS PAYABLE - email,"14201 SCHOOL LANE, ROOM 130",,Y,,14201 SCHOOL LN ROOM 130,,,,PRINCE GEORGES COUNTY PUBLIC SCHOOL,,,,,,,,,,,,,,,,,
,ATS,20711,LOTHIAN,MD,1393,,US,,,NaT,20711,LOTHIAN,REVIEW,MD,,PHARMACANN LLC,Y,MEDIUM,100,,,5000 SANDS ROAD,,,Y,,5000 SANDS RD,,,,"PHARMACANN, LLC",,,,,,,,,,,,,,,,,
,ATS,21031,HUNT VALLEY,MD,1394,,US,,,2026-01-11 13:08:50,21031,HUNT VALLEY,READY,MD,,PHARMACEUTICS INTERNATIONAL,Y,HIGH,80,,,10819 GILROY ROAD,,,Y,,10819 GILROY RD,,,,PHARMACEUTICS INTERNATIONAL - email,,,,,,,,,,,,,,,,,
,ATS,20876,GERMANTOWN,MD,1395,,US,,,2026-01-11 13:08:52,20876,GERMANTOWN,READY,MD,,PHARMARON LAB SERVICES INC,Y,HIGH,80,,,20316 SENECA MEADOWS PARKWAY,EMAIL INVOICE,,Y,,20316 SENECA MEADOWS PKWY,,,,PHARMARON LAB SERVICES INC - GERMANTOWN,,,,,,,,,,,,,,,,,
,ATS,07462,VERNON TOWNSHIP,NJ,1396,,US,,,NaT,07462,VERNON TOWNSHIP,REVIEW,NJ,,PHILLIPS GLENWOOD CONSTRUCTION,Y,MEDIUM,100,,,7 PRICES SWITTCH ROAD,,,Y,,7 PRICES SWITTCH RD,,,,PHILLIPS GLENWOOD CONSTRUCTION,,,,,,,,,,,,,,,,,
,ATS,21048,FINKSBURG,MD,1397,,US,STE #200,,2026-01-11 13:08:55,21048,FINKSBURG,READY,MD,,PHILLIPS WAY INC,Y,HIGH,80,,,2901 DEDE ROAD  SUITE 200,,,Y,,2901 DEDE RD,,,,"PHILLIPS WAY, INC",,,,,,,,,,,,,,,,,
,ATS,22116-7679,MERRIFIELD,VA,1398,,US,NXS# ADVTHE; ENTITY #01599,,NaT,22116-7679,MERRIFIELD,REVIEW,VA,,PIEDMONT OFFICE REALTY TRUST,Y,MEDIUM,70,,,P.O. BOX 7679 -EMAIL INVOICE,NXS# ADVTHE; ENTITY #01599,,Y,,PO BOX 7679,,,,PIEDMONT OFFICE REALTY TRUST,,,,,,,,,,,,,,,,,
,ATS,22304,ALEXANDRIA,VA,1399,,US,,,2026-01-11 13:08:56,22304,ALEXANDRIA,READY,VA,,PIERCE ASSOCIATES INC,Y,HIGH,80,,,4216 WHEELER AVENUE,,,Y,,4216 WHEELER AVE,,,,"PIERCE ASSOCIATES, INC",,,,,,,,,,,,,,,,,
,ATS,20240,WASHINGTON,DC,1400,,US,STE #1530-GRUNLEY,,2026-01-11 13:08:58,20240,WASHINGTON,READY,DC,,PIERCE ASSOCIATES INC,Y,HIGH,80,,,1849 C ST NW,SUITE 1530-GRUNLEY,,Y,,1849 C ST NW,,,,"PIERCE ASSOCIATES, INC",,,,,,,,,,,,,,,,,
,ATS,21031,HUNT VALLEY,MD,1401,,US,,,2026-01-11 13:08:59,21031,HUNT VALLEY,READY,MD,,PHARMACEUTICS INTERNATIONAL INC,Y,HIGH,80,,,10819 GILROY RD,,,Y,,10819 GILROY RD,,,,"PHARMACEUTICS INTERNATIONAL, INC",,,,,,,,,,,,,,,,,
,ATS,21093,TIMONIUM,MD,1402,,US,,,2026-01-11 13:09:01,21093,TIMONIUM,READY,MD,,PIPCO AIR CONDITIONING & HEATING CO INC,Y,HIGH,80,,,26 W AYLESBURY ROAD,,,Y,,26 W AYLESBURY RD,,,,PIPCO AIR CONDITIONING & HEATING CO INC,,,,,,,,,,,,,,,,,
,ATS,30309,ATLANTA,GA,1403,,US,STE #950,,2026-01-11 13:09:03,30309,ATLANTA,READY,GA,,PITTMAN CONSULTING GROUP,Y,HIGH,80,,,1100 PEACHTREE STREET,SUITE 950 - EMAIL,,Y,,1100 PEACHTREE ST,,,,PITTMAN CONSULTING GROUP,,,,,,,,,,,,,,,,,
,ATS,15222,PITTSBURGH,PA,1404,,US,,,2026-01-11 13:09:04,15222,Pittsburgh,READY,PA,,PITTOHIO EXPRESS,Y,HIGH,80,,,15 27TH STREET,,,Y,,15 27TH ST,,,,PITTOHIO EXPRESS,,,,,,,,,,,,,,,,,
,ATS,21230,BALTIMORE,MD,1405,,US,,,2026-01-11 13:09:06,21230,BALTIMORE,READY,MD,,PLANO-COUDON LLC,Y,HIGH,80,,,2101 WASHINGTON BLVD,,,Y,,2101 WASHINGTON BLVD,,,,"PLANO-COUDON, LLC",,,,,,,,,,,,,,,,,
,ATS,21227,BALTIMORE,MD,1406,,US,,,2026-01-11 13:09:08,21227,BALTIMORE,READY,MD,,PLASTECH SERVICES INC,Y,HIGH,80,,,3903 WASHINGTON BLVD #A,- email invoice,,Y,,3903 WASHINGTON BLVD #A,,,,"PLASTECH SERVICES, INC.",,,,,,,,,,,,,,,,,
,ATS,07855,TOMS RIVER,NJ,1407,,US,UNIT #15,,2026-01-11 13:09:10,07855,TOMS RIVER,READY,NJ,,PMC MECHANICAL LLC,Y,HIGH,80,,,1555 RT 37 WEST,UNIT #15,,Y,,1555 RT 37 W,,,,"PMC MECHANICAL, LLC",,,,,,,,,,,,,,,,,
,ATS,20746,SUITLAND,MD,1408,,US,,,2026-01-11 13:09:11,20746,SUITLAND,READY,MD,,PNGS,Y,HIGH,80,,,5900 CAPITAL GATEWAY DRIVE,,,Y,,5900 CAPITAL GATEWAY DR,,,,PNGS,,,,,,,,,,,,,,,,,
,ATS,20812,GLEN ECHOL,MD,1409,,US,,,NaT,20812,GLEN ECHOL,REVIEW,MD,,MATT POLAK,Y,MEDIUM,100,,,7316 UNIVERSITY AVE,,,Y,,7316 UNIVERSITY AVE,,,,MATT POLAK,,,,,,,,,,,,,,,,,
,ATS,21227,BALTIMORE,MD,1410,,US,,,2026-01-11 13:09:15,21227,BALTIMORE,READY,MD,,POOLE & KENT,Y,HIGH,80,,,4530 HOLLINS FERRY ROAD,,,Y,,4530 HOLLINS FERRY RD,,,,POOLE & KENT - email,,,,,,,,,,,,,,,,,
,ATS,21227,BALTIMORE,MD,1411,,US,,,2026-01-11 13:09:16,21227,BALTIMORE,READY,MD,,BAC C/O POOLE & KENT,Y,HIGH,80,,,4530 HOLLINS FERRY RD,,,Y,,4530 HOLLINS FERRY RD,,,,BAC C/O POOLE & KENT,,,,,,,,,,,,,,,,,
,ATS,21037,EDGEWATER,MD,1412,,US,,,NaT,21037,EDGEWATER,REVIEW,MD,,POOLE MECHANICAL CORPORATION,Y,MEDIUM,70,,,PO BOX 90,,,Y,,PO BOX 90,,,,POOLE MECHANICAL CORPORATION,,,,,,,,,,,,,,,,,
,ATS,20109,MANASSAS,VA,1413,,US,,,NaT,20109,MANASSAS,REVIEW,VA,,POPE'S AIR,Y,MEDIUM,100,,,9026 HORNBAKER ROAD,,,Y,,9026 HORNBAKER RD,,,,POPE'S AIR,,,,,,,,,,,,,,,,,
,ATS,20705,BELTSVILLE,MD,1414,,US,,,NaT,20705,BELTSVILLE,REVIEW,MD,,POTOMAC ENVIRONMENTAL TECHNOLOGIES,Y,MEDIUM,100,,,6980 MUIRKIRK MEADOWS DRIVE,,,Y,,6980 MUIRKIRK MEADOWS DR,,,,POTOMAC ENVIRONMENTAL TECHNOLOGIES,,,,,,,,,,,,,,,,,
,ATS,20879,GAITHERSBURG,MD,1415,,US,,,NaT,20879,GAITHERSBURG,REVIEW,MD,,POTOMAC MECHANICAL CONTRACTORS,Y,MEDIUM,100,,,EMAIL INVOICE,18915 PREMIERE COURT,,Y,,18915 PREMIERE CT,,,,POTOMAC MECHANICAL CONTRACTORS,,,,,,,,,,,,,,,,,
,ATS,22312,ALEXANDRIA,VA,1416,,US,STE #G,,NaT,22312,ALEXANDRIA,REVIEW,VA,,POTOMAC RIVER MECHANICAL,Y,MEDIUM,100,,,5706 GENERALWASHINGTON DR,SUITE G,,Y,,5706 GENERALWASHINGTON DR,,,,POTOMAC RIVER MECHANICAL,,,,,,,,,,,,,,,,,
,ATS,26726,KEYSER,WV,1417,,US,,,2026-01-11 13:09:24,26726,KEYSER,READY,WV,,POTOMAC VALLEY HOSPITAL OF W VA,Y,HIGH,80,,,100 PIN OAK LANE,EMAIL INVOICES,,Y,,100 PIN OAK LN,,,,POTOMAC VALLEY HOSPITAL OF W. VA.,,,,,,,,,,,,,,,,,
,ATS,21237,BALTIMORE,MD,1418,,US,,,2026-01-11 13:09:26,21237,BALTIMORE,READY,MD,,POWER & COMBUSTION INC,Y,HIGH,80,,,7909 PHILADELPHIA ROAD,,,Y,,7909 PHILADELPHIA RD,,,,"POWER & COMBUSTION, INC",,,,,,,,,,,,,,,,,
,ATS,33716,ST PETERSBURG,FL,1419,,US,,,NaT,33716,ST. PETERSBURG,REVIEW,FL,,POWER DESIGN INCORPORATED,Y,MEDIUM,100,,,ATTN: ACCOUNTS PAYABLE-EMAIL,11600 NINTH STREET NORTH,,Y,,11600 NINTH ST N,,,,POWER DESIGN INCORPORATED,,,,,,,,,,,,,,,,,
,ATS,20715,BOWIE,MD,1420,,US,SUITES A-K,,2026-01-11 13:09:29,20715,BOWIE,READY,MD,,POWER SOLUTIONS,Y,HIGH,80,,,17201 MELFORD BOULEVARD,SUITES A-K,,Y,,17201 MELFORD BLVD,,,,POWER SOLUTIONS,,,,,,,,,,,,,,,,,
,ATS,20877,GAITHERSBURG,MD,1421,,US,,,NaT,20877,GAITHERSBURG,REVIEW,MD,,POWERMAX INC,Y,MEDIUM,100,,,8501 MUSCATELLO COURT,,,Y,,8501 MUSCATELLO CT,,,,POWERMAX INC,,,,,,,,,,,,,,,,,
,ATS,30353-6864,ATLANTA,GA,1422,,US,,,NaT,30353-6864,ATLANTA,REVIEW,GA,,PPG ARCHITECHTURAL FINISHES,Y,MEDIUM,70,,,P O BOX 536864,,,Y,,PO BOX 536864,,,,PPG ARCHITECHTURAL FINISHES,,,,,,,,,,,,,,,,,
,ATS,21704,FREDERICK,MD,1423,,US,STE #100,,2026-01-11 13:09:32,21704,FREDERICK,READY,MD,,PRECISION AUTOMATION LLC,Y,HIGH,80,,,7140 ENGLISH MUFFIN WAY,SUITE 100,,Y,,7140 ENGLISH MUFFIN WAY,,,,"PRECISION AUTOMATION, LLC",,,,,,,,,,,,,,,,,
,ATS,20659,MECHANICSVILLE,MD,1424,,US,,,NaT,20659,MECHANICSVILLE,REVIEW,MD,,PRECISION COMFORT LLC,Y,MEDIUM,100,,,39140 NEW MARKET TURNER ROAD,,,Y,,39140 NEW MARKET TURNER RD,,,,"PRECISION COMFORT, LLC",,,,,,,,,,,,,,,,,
,ATS,22195,WOODBRIDGE,VA,1425,,US,,,NaT,22195,WOODBRIDGE,REVIEW,VA,,PRECISION ENVIRONMENTAL SERVICES,Y,MEDIUM,70,,,PO BOX 2638,,,Y,,PO BOX 2638,,,,PRECISION ENVIRONMENTAL SERVICES,,,,,,,,,,,,,,,,,
,ATS,19520,ELDERSON,PA,1426,,US,,,NaT,19520,ELDERSON,REVIEW,PA,,PRECISION TEMP CONTROLS,Y,MEDIUM,100,,,117 S CHESTNUT STREET,,,Y,,117 S CHESTNUT ST,,,,PRECISION TEMP CONTROLS,,,,,,,,,,,,,,,,,
,ATS,20646,LA PLATA,MD,1427,,US,,,2026-01-11 13:09:37,20646,LA PLATA,READY,MD,,PREFERRED MECHANICAL SOLUTIONS,Y,HIGH,80,,,402 HICKORY CIRCLE,EMAIL INVOICES,,Y,,402 HICKORY CIR,,,,PREFERRED MECHANICAL SOLUTIONS,,,,,,,,,,,,,,,,,
,ATS,20685,ST LEONARD,MD,1428,,US,,,2026-01-11 13:09:39,20685,ST LEONARD,READY,MD,,PREMIER CONTROL SERVICE,Y,HIGH,80,,,4565 WILLIAMS WHARF RD,,,Y,,4565 WILLIAMS WHARF RD,,,,PREMIER CONTROL SERVICE,,,,,,,,,,,,,,,,,
,ATS,20016,WASHINGTON,DC,1429,,US,,,2026-01-11 13:09:41,20016,WASHINGTON,READY,DC,,NATIONAL PRESBYTERIAN CHURCH,Y,HIGH,80,,,4101 NEBRASKA AVE N.W.,,,Y,,4101 NEBRASKA AVE NW,,,,NATIONAL PRESBYTERIAN CHURCH,,,,,,,,,,,,,,,,,
,ATS,20879,GAITHERSBURG,MD,1430,,US,,,NaT,20879,GAITHERSBURG,REVIEW,MD,,PRESIDENTIAL HEATING & AIR,Y,MEDIUM,100,,,8000 CESSNA AVENUE,,,Y,,8000 CESSNA AVE,,,,PRESIDENTIAL HEATING & AIR,,,,,,,,,,,,,,,,,
,ATS,20109,MANASSAS,VA,1431,,US,,,NaT,20109,MANASSAS,REVIEW,VA,,PRESS MECHANICAL CONTRACTORS INC,Y,MEDIUM,100,,,7073 GATEWAY COURT,EMAIL INVOICE,,Y,,7073 GATEWAY CT,,,,PRESS MECHANICAL CONTRACTORS INC.,,,,,,,,,,,,,,,,,
,ATS,20768,GREENBELT,MD,1432,,US,,,NaT,20768,GREENBELT,REVIEW,MD,,PRIMARY INTEGRATION MECHANICAL SERVICES,Y,MEDIUM,70,,,P.O. BOX 171,,,Y,,PO BOX 171,,,,PRIMARY INTEGRATION MECHANICAL SERVICES,,,,,,,,,,,,,,,,,
,ATS,20109,MANASSAS,VA,1433,,US,,,2026-01-11 13:09:46,20109,MANASSAS,READY,VA,,PRIMARY SYSTEMS INC,Y,HIGH,80,,,8482 VIRGINIA MEADOWS DRIVE,EMAIL INVOICE,,Y,,8482 VIRGINIA MEADOWS DR,,,,PRIMARY SYSTEMS INC,,,,,,,,,,,,,,,,,
,ATS,21061,GLEN BURNIE,MD,1434,,US,,,NaT,21061,Glen Burnie,REVIEW,MD,,PRIMO ELECTRIC CO,Y,MEDIUM,100,,,220 Eighth Avenue,,,Y,,220 EIGHTH AVE,,,,PRIMO ELECTRIC CO,,,,,,,,,,,,,,,,,
,ATS,20108,MANASSAS,VA,1435,,US,,,NaT,20108,MANASSAS,REVIEW,VA,,PRINCE WILLIAM COUNTY SCHOOLS,Y,MEDIUM,70,,,P.O. BOX 389,,,Y,,PO BOX 389,,,,PRINCE WILLIAM COUNTY SCHOOLS,,,,,,,,,,,,,,,,,
,ATS,20110-4418,MANASSAS,VA,1436,,US,,,2026-01-11 13:09:49,20110-4418,MANASSAS,READY,VA,,PRINCE WILLIAM HOSPITAL,Y,HIGH,80,,,8700 SUDLEY ROAD,,,Y,,8700 SUDLEY RD,,,,PRINCE WILLIAM HOSPITAL,,,,,,,,,,,,,,,,,
,ATS,21205,BALTIMORE,MD,1437,,US,,,2026-01-11 13:09:51,21205,BALTIMORE,READY,MD,,PRITCHARD BROWN LLC,Y,HIGH,80,,,6501 ERDMAN AVENUE,,,Y,,6501 ERDMAN AVE,,,,"PRITCHARD BROWN, LLC",,,,,,,,,,,,,,,,,
,ATS,20705,BELTSVILLE,MD,1438,,US,,,NaT,20705,BELTSVILLE,REVIEW,MD,,PRITCHETT CONTROLS INC,Y,MEDIUM,100,,,6980 MUIKIRK MEADOWS DRIVE,EMAIL,,Y,,6980 MUIKIRK MEADOWS DR,,,,"PRITCHETT CONTROLS, INC",,,,,,,,,,,,,,,,,
,ATS,21804,SALISBURY,MD,1439,,US,,,2026-01-11 13:09:54,21804,SALISBURY,READY,MD,,PRITCHETT CONTROLS INC,Y,HIGH,80,,,718 EAST MAIN STREET,,,Y,,718 E MAIN ST,,,,"PRITCHETT CONTROLS, INC",,,,,,,,,,,,,,,,,
,ATS,20004,WASHINGTON,DC,1440,,US,STE #400,,2026-01-11 13:09:56,20004,WASHINGTON,READY,DC,,PRO-AIR INC,Y,HIGH,80,,,"1319 F STREET, NW",SUITE 400 - EMAIL,,Y,,1319 F ST NW,,,,"PRO-AIR, INC.",,,,,,,,,,,,,,,,,
,ATS,20602,WALDORF,MD,1441,,US,,,2026-01-11 13:09:57,20602,WALDORF,READY,MD,,PRO-TECH LLC,Y,HIGH,80,,,27 HENRY FORD CIRCLE,,,Y,,27 HENRY FORD CIR,,,,"PRO-TECH, LLC",,,,,,,,,,,,,,,,,
,ATS,20109,MANASSAS,VA,1442,,US,STE #300,,2026-01-11 13:09:59,20109,MANASSAS,READY,VA,,PROCON INTERNATIONAL,Y,HIGH,80,,,10432 BALLS FORD ROAD,SUITE 300,,Y,,10432 BALLS FORD RD,,,,PROCON INTERNATIONAL,,,,,,,,,,,,,,,,,
,ATS,21213,BALTIMORE,MD,1443,,US,,,2026-01-11 13:10:00,21213,BALTIMORE,READY,MD,,PROFESSIONAL MECHANICAL CONTRACTORS,Y,HIGH,80,,,1101 EDISON HIGHWAY,,,Y,,1101 EDISON HWY,,,,PROFESSIONAL MECHANICAL CONTRACTORS,,,,,,,,,,,,,,,,,
,ATS,21221,BALTIMORE,MD,1444,,US,STE #7,,2026-01-11 13:10:02,21221,BALTIMORE,READY,MD,,PROGRESSIVE AIR,Y,HIGH,80,,,4 NASHUA CT,SUITE 7,,Y,,4 NASHUA CT,,,,PROGRESSIVE AIR,,,,,,,,,,,,,,,,,
,ATS,20001,WASHINGTON,DC,1445,,US,,,2026-01-11 13:10:05,20001,WASHINGTON,READY,DC,,PROTEC CONSTRUCTION INC,Y,HIGH,80,,,1314 8TH ST N.W.,,,Y,,1314 8TH ST NW,,,,"PROTEC CONSTRUCTION, INC",,,,,,,,,,,,,,,,,
,ATS,20016-5098,WASHINGTON,DC,1446,,US,,,2026-01-11 13:10:07,20016-5098,WASHINGTON,READY,DC,,PROTESTANT EPISCOPAL CATHEDRAL FOUNDATI,Y,HIGH,80,,,3101 WISCONSIN AVE N.W.,,,Y,,3101 WISCONSIN AVE NW,,,,PROTESTANT EPISCOPAL CATHEDRAL FOUNDATI,,,,,,,,,,,,,,,,,
,ATS,22031,FAIRFAX,VA,1447,,US,,,2026-01-11 13:10:08,22031,FAIRFAX,READY,VA,,PROVIDENCE PRESBYTERIAN CHURCH,Y,HIGH,80,,,9019 LITTLE RIVER TURNPIKE,,,Y,,9019 LITTLE RIVER TURNPIKE,,,,PROVIDENCE PRESBYTERIAN CHURCH,,,,,,,,,,,,,,,,,
,ATS,21801,SALISBURY,MD,1448,,US,,,NaT,21801,SALISBURY,REVIEW,MD,,PRUITT SERVICES INC,Y,MEDIUM,100,,,"636 S SALISBURY BLVD, RTE 208",,,Y,,636 S SALISBURY BLVD RTE 208,,,,"PRUITT SERVICES, INC",,,,,,,,,,,,,,,,,
,ATS,21773,MYERSVILLE,MD,1449,,US,,,NaT,21773,MYERSVILLE,REVIEW,MD,,PRYOR MECHANICAL INC,Y,MEDIUM,70,,,3039-B VENTRIE CT,PO BOX 659,,Y,,PO BOX 659,3039-B VENTRIE CT,,,"PRYOR MECHANICAL, INC",,,,,,,,,,,,,,,,,
,ATS,20032,WASHINGTON,DC,1450,,US,,,2026-01-11 13:10:13,20032,WASHINGTON,READY,DC,,PUBLIC HEALTH LAB,Y,HIGH,80,,,#7 DC VILLAGE LANE,,,Y,,7 DC VILLAGE LN,,,,PUBLIC HEALTH LAB - D.C.,,,,,,,,,,,,,,,,,
,ATS,21090,LINTHICUM,MD,1451,,US,STE #T,,NaT,21090,LINTHICUM,REVIEW,MD,,PUENTE TECHNOLOGY LLC,Y,MEDIUM,100,,,"514 PROGRESS DR., STE T",EMAIL INVOICE,,Y,,514 PROGRESS DR,,,,PUENTE TECHNOLOGY LLC,,,,,,,,,,,,,,,,,
,ATS,20132,PURCELLVILLE,VA,1452,,US,,,NaT,20132,PURCELLVILLE,REVIEW,VA,,PURCELLAIRE LLC,Y,MEDIUM,100,,,17490 TRANQUILITY ROAD,,,Y,,17490 TRANQUILITY RD,,,,"PURCELLAIRE, LLC",,,,,,,,,,,,,,,,,
,ATS,89314,DUCKWATER,NV,1453,,US,,,NaT,89314,DUCKWATER,REVIEW,NV,,PUYENPA SERVICES LLC,Y,MEDIUM,100,,,EMAIL INVOICE,511 DUCKWATER FALLS RD,,Y,,511 DUCKWATER FALLS RD,,,,PUYENPA SERVICES LLC,,,,,,,,,,,,,,,,,
,ATS,22192,WOODBRIDGE,VA,1454,,US,,,NaT,22192,WOODBRIDGE,REVIEW,VA,,QED ENTERPRISES INC,Y,MEDIUM,100,,,11918 HADDON LANE,EMAIL INVOICES,,Y,,11918 HADDON LN,,,,"QED ENTERPRISES, INC",,,,,,,,,,,,,,,,,
,ATS,20874,GERMANTOWN,MD,1455,,US,,,2026-01-11 13:10:21,20874,GERMANTOWN,READY,MD,,QIAGEN SCIENCES LLC,Y,HIGH,80,,,19300 GERMANTOWN ROAD,EMAIL INVOICES,,Y,,19300 GERMANTOWN RD,,,,"QIAGEN SCIENCES, LLC",,,,,,,,,,,,,,,,,
,ATS,66213,OVERLAND PARK,KS,1456,,US,,,2026-01-11 13:10:23,66213,OVERLAND PARK,READY,KS,,QTS DATA CENTERS,Y,HIGH,80,,,12851 FOSTER STREET,,,Y,,12851 FOSTER ST,,,,QTS DATA CENTERS,,,,,,,,,,,,,,,,,
,ATS,19804,WILIMINGTON,DE,1457,,US,,,NaT,19804,WILIMINGTON,REVIEW,DE,,BANKRUP,Y,MEDIUM,100,,,31 BROOKSIDE DRIVE,,,Y,,31 BROOKSIDE DR,,,,BANKRUP,,,,,,,,,,,,,,,,,
,ATS,22134,QUANTICO,VA,1458,,US,,,2026-01-11 13:10:26,22134,QUANTICO,READY,VA,,QUANTICO- US MARINES,Y,HIGH,80,,,3101 ZEILIN ROAD,,,Y,,3101 ZEILIN RD,,,,QUANTICO- US MARINES,,,,,,,,,,,,,,,,,
,ATS,21740,HAGERSTOWN,MD,1459,,US,,,NaT,21740,HAGERSTOWN,REVIEW,MD,,QUEEN CITY ELECTRIC/GILL-SIMPSON INC,Y,MEDIUM,100,,,9449 EARLEY DRIVE,,,Y,,9449 EARLEY DR,,,,"QUEEN CITY ELECTRIC/GILL-SIMPSON, INC",,,,,,,,,,,,,,,,,
,ATS,,,,1460,,US,,,NaT,,,INVALID,,,QUEST DIAGNOSTICS,Y,LOW,20,,,,,,Y,,,,,,QUEST DIAGNOSTICS,,,,,,,,,,,,,,,,,
,ATS,20147,ASHBRUN,VA,1461,,US,,,NaT,20147,ASHBRUN,REVIEW,VA,,QUILL EQUITY LLC,Y,MEDIUM,100,,,44520 HASTINGS DRIVE,,,Y,,44520 HASTINGS DR,,,,"QUILL EQUITY, LLC",,,,,,,,,,,,,,,,,
,ATS,,,,1462,,US,,,NaT,,,INVALID,,,QUOTE,Y,LOW,20,,,,,,Y,,,,,,QUOTE,,,,,,,,,,,,,,,,,
,ATS,20018,WASHINGTON,DC,1463,,US,,,2026-01-11 13:10:34,20018,WASHINGTON,READY,DC,,R & R MECHANICAL,Y,HIGH,80,,,"2902 BLADENSBURG RD, NE",,,Y,,2902 BLADENSBURG RD NE,,,,R & R MECHANICAL,,,,,,,,,,,,,,,,,
,ATS,21911,RISING SUN,MD,1464,,US,,,NaT,21911,RISING SUN,REVIEW,MD,,R BROOKS MECHANICAL LLC,Y,MEDIUM,70,,,P.O. BOX 1090,EMAIL INVOICES,,Y,,PO BOX 1090,,,,"R. BROOKS MECHANICAL, LLC",,,,,,,,,,,,,,,,,
,ATS,21401,ANNAPOLIS,MD,1465,,US,,,2026-01-11 13:10:35,21401,ANNAPOLIS,READY,MD,,RE ROBERTSON PLUMBING & HEATING,Y,HIGH,80,,,1829 GEORGE AVENUE,,,Y,,1829 GEORGE AVE,,,,R.E. ROBERTSON PLUMBING AND HEATING,,,,,,,,,,,,,,,,,
,ATS,12205,ALBANY,NY,1466,,US,,,2026-01-11 13:10:37,12205,ALBANY,READY,NY,,RF PECK CO INC,Y,HIGH,80,,,22 COMPUTER DRIVE WEST,EMAIL INVOICES,,Y,,22 COMPUTER DR W,,,,"R.F. PECK CO., INC.",,,,,,,,,,,,,,,,,
,ATS,21244,WINDSOR MILL,MD,1467,,US,,,2026-01-11 13:10:38,21244,WINDSOR MILL,READY,MD,,RIG CONSTRUCTION,Y,HIGH,80,,,3208 GARTSIDE AVE,,,Y,,3208 GARTSIDE AVE,,,,R.I.G. CONSTRUCTION,,,,,,,,,,,,,,,,,
,ATS,21030,HUNT VALLEY,MD,1468,,US,STE #201,,2026-01-11 13:10:40,21030,HUNT VALLEY,READY,MD,,RAINVILLE INC,Y,HIGH,80,,,120 COCKEYSVILLE ROAD,SUITE 201 - EMAIL INVOICES,,Y,,120 COCKEYSVILLE RD,,,,RAINVILLE INC,,,,,,,,,,,,,,,,,
,ATS,20754,DUNKIRK,MD,1469,,US,,,NaT,20754,DUNKIRK,REVIEW,MD,,RALPH P SITA INC,Y,MEDIUM,100,,,12445 WHITE OAK COURT,,,Y,,12445 WHITE OAK CT,,,,"RALPH P. SITA, INC.",,,,,,,,,,,,,,,,,
,ATS,22191,WOODBRIDGE,VA,1470,,US,,,2026-01-11 13:10:44,22191,WOODBRIDGE,READY,VA,,ROMEM AQUA SYSTEMS COMPANY,Y,HIGH,80,,,1635-2 WOODSIDE DRIVE,EMAIL INVOICE,,Y,,1635-2 WOODSIDE DR,,,,ROMEM AQUA SYSTEMS COMPANY,,,,,,,,,,,,,,,,,
,ATS,21201,BALTIMORE,MD,1471,,US,,,NaT,21201,BALTIMORE,REVIEW,MD,,RAVENS SERVICES,Y,MEDIUM,100,,,"31 HOPKINS PLAZA, SUITE 17TH FLOOR",EMAIL INVOICES,,Y,,31 HOPKINS PLAZA STE 17TH FL,,,,RAVENS SERVICES,,,,,,,,,,,,,,,,,
,ATS,25430,KEARNEYSVILLE,WV,1472,,US,,,NaT,25430,KEARNEYSVILLE,REVIEW,WV,,RAY SMITH-GHT,Y,MEDIUM,100,,,1000 HARLEY SHIRLEY ROAD,,,Y,,1000 HARLEY SHIRLEY RD,,,,RAY SMITH-GHT,,,,,,,,,,,,,,,,,
,ATS,20854-2364,POTOMAC,MD,1473,,US,,,NaT,20854-2364,POTOMAC,REVIEW,MD,,LEONARD RAYMO,Y,MEDIUM,100,,,12721 LINCOLNSHIRE DRIVE,,,Y,,12721 LINCOLNSHIRE DR,,,,LEONARD RAYMO,,,,,,,,,,,,,,,,,
,ATS,75074,PLANO,TX,1474,,US,FINANCE SHARED SERVICES,,2026-01-11 13:10:51,75074,PLANO,READY,TX,,RAYTHEON TECHNOLOGIES CORPORATION,Y,HIGH,80,,,FINANCE SHARED SERVICES,4101 E. PLANO PARKWAY,,Y,,4101 E PLANO PKWY,,,,RAYTHEON TECHNOLOGIES CORPORATION,,,,,,,,,,,,,,,,,
,ATS,20136,BRISTOW,VA,1475,,US,,,2026-01-11 13:10:53,20136,BRISTOW,READY,VA,,R/C SERVICES,Y,HIGH,80,,,9824 UPPER MILL LOOP,,,Y,,9824 UPPER MILL LOOP,,,,R/C SERVICES,,,,,,,,,,,,,,,,,
,ATS,21213,BALTIMORE,MD,1476,,US,,,NaT,21213,BALTIMORE,REVIEW,MD,,ROMAN COMPANY INC,Y,MEDIUM,100,,,1727 LLEWELYNE AVE,,,Y,,1727 LLEWELYNE AVE,,,,ROMAN COMPANY INC,,,,,,,,,,,,,,,,,
,ATS,20852,ROCKVILLE,MD,1477,,US,,,NaT,20852,ROCKVILLE,REVIEW,MD,,RE DONOVAN,Y,MEDIUM,100,,,12334 WILKINS AVE.,,,Y,,12334 WILKINS AVE,,,,R.E. DONOVAN,,,,,,,,,,,,,,,,,
,ATS,21230,BALTIMORE,MD,1478,,US,,,2026-01-11 13:10:58,21230,BALTIMORE,READY,MD,,RE HARRISION ELECTRIC LLC,Y,HIGH,80,,,2603 WATERVIEW AVE,,,Y,,2603 WATERVIEW AVE,,,,"R.E. HARRISION ELECTRIC, LLC",,,,,,,,,,,,,,,,,
,ATS,21060-6495,GLEN BURNIE,MD,1479,,US,,,NaT,21060-6495,GLEN BURNIE,REVIEW,MD,,RE MICHEL COMPANY,Y,MEDIUM,100,,,ONE R.E. MICHEL DRIVE,,,Y,,ONE RE MICHEL DR,,,,R.E. MICHEL COMPANY,,,,,,,,,,,,,,,,,
,ATS,20814,BETHESDA,MD,1480,,US,STE #600,,2026-01-11 13:11:01,20814,BETHESDA,READY,MD,,REALTY MANAGEMENT,Y,HIGH,80,,,3 BETHESDA METRO CENTER,SUITE 600,,Y,,3 BETHESDA METRO CT,,,,REALTY MANAGEMENT,,,,,,,,,,,,,,,,,
,ATS,20878,GAITHERSBURG,MD,1481,,US,,,2026-01-11 13:11:03,20878,GAITHERSBURG,READY,MD,,RECOVERY POINT SYSTEMS INC,Y,HIGH,80,,,75 WEST WATKINS MILL ROAD,EMAIL INVOICE,,Y,,75 W WATKINS MILL RD,,,,"RECOVERY POINT SYSTEMS, INC",,,,,,,,,,,,,,,,,
,ATS,20850,ROCKVILLE,MD,1482,,US,,,2026-01-11 13:11:04,20850,ROCKVILLE,READY,MD,,RECURRENT INNOVATIVE SOLUTIONS,Y,HIGH,80,,,451 HUNGERFORD DRIVE,EMAIL INVOICES,,Y,,451 HUNGERFORD DR,,,,RECURRENT INNOVATIVE SOLUTIONS,,,,,,,,,,,,,,,,,
,ATS,53105,BURLINGTON,WI,1483,,US,STE #A,,2026-01-11 13:11:06,53105,BURLINGTON,READY,WI,,RED SOCK SUPPLY,Y,HIGH,80,,,"1201 MILWAUKEE AVE., SUITE A",,,Y,,1201 MILWAUKEE AVE,,,,RED SOCK SUPPLY,,,,,,,,,,,,,,,,,
,ATS,20111,MANASAS PARK,VA,1484,,US,,,NaT,20111,MANASAS PARK,REVIEW,VA,,REFRIGERATION SYSTEMS INC,Y,MEDIUM,100,,,9204 VENTURE CT,,,Y,,9204 VENTURE CT,,,,"REFRIGERATION SYSTEMS, INC",,,,,,,,,,,,,,,,,
,ATS,20001,WASHINGTON,DC,1485,,US,,,NaT,20001,WASHINGTON,REVIEW,DC,,REGIONAL CONTRACTION SERVICES,Y,MEDIUM,100,,,2025 FLAGLER OL. NW,,,Y,,2025 FLAGLER OL NW,,,,REGIONAL CONTRACTION SERVICES,,,,,,,,,,,,,,,,,
,ATS,20613,BRANDYWINE,MD,1486,,US,,,2026-01-11 13:11:11,20613,BRANDYWINE,READY,MD,,REGIONAL ELECTRICAL CONTRACTORS INC,Y,HIGH,80,,,14160 BRANDYWINE ROAD,EMAIL INVOICES,,Y,,14160 BRANDYWINE RD,,,,"REGIONAL ELECTRICAL CONTRACTORS, INC",,,,,,,,,,,,,,,,,
,ATS,21226,BALTIMORE,MD,1487,,US,,,2026-01-11 13:11:12,21226,BALTIMORE,READY,MD,,REL SCHNEIDER CO INC,Y,HIGH,80,,,4804 CURTIS AVENUE,,,Y,,4804 CURTIS AVE,,,,R.E.L. SCHNEIDER CO. INC,,,,,,,,,,,,,,,,,
,ATS,20706,LANHAM,MD,1488,,US,STE #F,,NaT,20706,LANHAM,REVIEW,MD,,RELIABLE ENGINEERING SERVICES INC,Y,MEDIUM,100,,,9700 MARTIN LUTHER KING JR HWY,SUITE F - EMAIL,,Y,,9700 MARTIN LUTHER KING JR HWY,,,,"RELIABLE ENGINEERING SERVICES, INC",,,,,,,,,,,,,,,,,
,ATS,22182,VIENNA,VA,1489,,US,,,NaT,22182,VIENNA,REVIEW,VA,,REMINGTON CONSTRUCTION,Y,MEDIUM,100,,,8466-B TYCO ROAD,,,Y,,8466-B TYCO RD,,,,REMINGTON CONSTRUCTION,,,,,,,,,,,,,,,,,
,ATS,21217,BALTIMORE,MD,1490,,US,,,NaT,21217,BALTIMORE,REVIEW,MD,,RENAISSANCE PLAZA,Y,MEDIUM,100,,,2601 WEST MADDISON AVE,,,Y,,2601 W MADDISON AVE,,,,RENAISSANCE PLAZA,,,,,,,,,,,,,,,,,
,ATS,20708,LAUREL,MD,1491,,US,STE 300,,2026-01-11 13:11:20,20708,LAUREL,READY,MD,,REON INC,Y,HIGH,80,,,14502 GREENVIEW DRIVE,STE 300,,Y,,14502 GREENVIEW DR,,,,REON INC,,,,,,,,,,,,,,,,,
,ATS,20024,WASHINGTON,DC,1492,,US,,,2026-01-11 13:11:22,20024,WASHINGTON,READY,DC,,PARCEL 49C LTD PARTNERSHIP,Y,HIGH,80,,,1201 MARYLAND AVE SW #850,EMAIL,,Y,,1201 MARYLAND AVE SW #850,,,,PARCEL 49C LTD PARTNERSHIP,,,,,,,,,,,,,,,,,
,ATS,21136,REISTERSTOWN,MD,1493,,US,,,2026-01-11 13:11:24,21136,REISTERSTOWN,READY,MD,,REISTERSTOWN ENERGY SOLUTIONS,Y,HIGH,80,,,22 HANOVER ROAD,,,Y,,22 HANOVER RD,,,,REISTERSTOWN ENERGY SOLUTIONS,,,,,,,,,,,,,,,,,
,ATS,22601,WINCHESTER,VA,1494,,US,,,2026-01-11 13:11:25,22601,WINCHESTER,READY,VA,,RESIDENTIAL & COMMERCIAL SERVICES INC,Y,HIGH,80,,,620 PENNSYLVANIA AVE,,,Y,,620 PENNSYLVANIA AVE,,,,RESIDENTIAL & COMMERCIAL SERVICES INC.,,,,,,,,,,,,,,,,,
,ATS,46229,INDIANAPOLIS,IN,1495,,US,,,2026-01-11 13:11:27,46229,INDIANAPOLIS,READY,IN,,RESOLUTE INDUSTRIAL LLC,Y,HIGH,80,,,402 RAWLES CT,EMAIL INVOICE,,Y,,402 RAWLES CT,,,,RESOLUTE INDUSTRIAL LLC,,,,,,,,,,,,,,,,,
,ATS,20190,RESTON,VA,1496,,US,STE #G-100,,NaT,20190,RESTON,REVIEW,VA,,RESTON SURGERY CENTER,Y,MEDIUM,100,,,1860 TOWN CENTER DRIVE,SUITE G-100,,Y,,1860 TOWN CT DR,,,,RESTON SURGERY CENTER,,,,,,,,,,,,,,,,,
,ATS,21090-2241,LINTHICUM HEIGHTS,MD,1497,,US,STE #K,,NaT,21090-2241,LINTHICUM HEIGHTS,REVIEW,MD,,REXEL INC,Y,MEDIUM,100,,,"521 PROGRESSIVE DR., SUITE K",EMAIL INVOICES,,Y,,521 PROGRESSIVE DR,,,,REXEL INC,,,,,,,,,,,,,,,,,
,ATS,20602,WALDORF,MD,1498,,US,,,2026-01-11 13:11:32,20602,WALDORF,READY,MD,,REYCO ELECTRICAL SERVICES INC,Y,HIGH,80,,,7 JAY GOULD CT #6,,,Y,,7 JAY GOULD CT #6,,,,"REYCO ELECTRICAL SERVICES, INC",,,,,,,,,,,,,,,,,
,ATS,21162,WHITE MARSH,MD,1499,,US,,,2026-01-11 13:11:34,21162,WHITE MARSH,READY,MD,,R F WARDER,Y,HIGH,80,,,10556 PHILADELPHIA ROAD,,,Y,,10556 PHILADELPHIA RD,,,,R. F. WARDER,,,,,,,,,,,,,,,,,
,ATS,21502,CUMBERLAND,MD,1500,,US,RIVERSIDE INDUSTRIAL PARK,,2026-01-11 13:11:35,21502,CUMBERLAND,READY,MD,,RH LAPP & SONS INC,Y,HIGH,80,,,RIVERSIDE INDUSTRIAL PARK,880 KELLY ROAD,,Y,,880 KELLY RD,,,,"R.H. LAPP & SONS, INC",,,,,,,,,,,,,,,,,
,ATS,21229-5201,BALTIMORE,MD,1501,,US,,,2026-01-11 13:11:37,21229-5201,BALTIMORE,READY,MD,,RICA-BALTIMORE,Y,HIGH,80,,,605 S. CHAPEL GATE LANE,,,Y,,605 S CHAPEL GATE LN,,,,RICA-BALTIMORE,,,,,,,,,,,,,,,,,
,ATS,19104,PHILADELPHIA,PA,1502,,US,202A JOHNSON PAVILION,,2026-01-11 13:11:38,19104,PHILADELPHIA,READY,PA,,RICHARD DZENG,Y,HIGH,80,,,3610 HAMILTON WALK,202A JOHNSON PAVILION,,Y,,3610 HAMILTON WALK,,,,RICHARD DZENG,,,,,,,,,,,,,,,,,
,ATS,22841,MTCRAWFORD,VA,1503,,US,,,NaT,22841,MT.CRAWFORD,REVIEW,VA,,RIDDLEBERGER BROTHERS INC,Y,MEDIUM,100,,,6127 S. VALLEY PIKE,,,Y,,6127 S VALLEY PIKE,,,,RIDDLEBERGER BROTHERS INC - email,,,,,,,,,,,,,,,,,
,ATS,21401,BALTIMORE,MD,1504,,US,,,2026-01-11 13:11:42,21401,BALTIMORE,READY,MD,,RITZ CARLTON,Y,HIGH,80,,,801 KEY HWY,,,Y,,801 KEY HWY,,,,RITZ CARLTON,,,,,,,,,,,,,,,,,
,ATS,20854-2364,POTOMAC,MD,1505,,US,,,2026-01-11 13:11:43,20854-2364,POTOMAC,READY,MD,,RIVER HOUSE 11900 LLC,Y,HIGH,80,,,11900 RIVER ROAD,,,Y,,11900 RIVER RD,,,,"RIVER HOUSE 11900, LLC",,,,,,,,,,,,,,,,,
,ATS,23608,NEWPORT NEWS,VA,1506,,US,STE #703,,2026-01-11 13:11:45,23608,NEWPORT NEWS,READY,VA,,RIVERSIDE HEALTHCARE ASSOCIATION INC,Y,HIGH,80,,,"608 DENBIGH BLVD., STE 703",ATTN: ACCOUNTS PAYABLE,,Y,,608 DENBIGH BLVD,,,,"RIVERSIDE HEALTHCARE ASSOCIATION, INC",,,,,,,,,,,,,,,,,
,ATS,20754,DUNKIRK,MD,1507,,US,STE #104D,,NaT,20754,DUNKIRK,REVIEW,MD,,THE RIVERVIEW GROUP INC,Y,MEDIUM,100,,,"2976 PENWICK LANE, SUITE 104D",EMAIL INVOICE,,Y,,2976 PENWICK LN,,,,"THE RIVERVIEW GROUP, INC.",,,,,,,,,,,,,,,,,
,ATS,21666,STEVENSVILLE,MD,1508,,US,,,NaT,21666,STEVENSVILLE,REVIEW,MD,,RJ BEASLEY ELECTRIC LLC,Y,MEDIUM,70,,,PO BOX 1073,,,Y,,PO BOX 1073,,,,"RJ BEASLEY ELECTRIC, LLC",,,,,,,,,,,,,,,,,
,ATS,20718,BOWIE,MD,1509,,US,,,NaT,20718,BOWIE,REVIEW,MD,,RJ WASHINGTON COMPANY INC,Y,MEDIUM,70,,,P.O. BOX 1183,,,Y,,PO BOX 1183,,,,"RJ WASHINGTON COMPANY, INC.",,,,,,,,,,,,,,,,,
,ATS,18925,FURLONG,PA,1510,,US,,,NaT,18925,FURLONG,REVIEW,PA,,R J WOOLSLAYER INC,Y,MEDIUM,70,,,PO Box 70 - EMAIL,1437 FOREST GROVE ROAD,,Y,,PO BOX 70,1437 FOREST GROVE RD,,,"R J WOOLSLAYER, INC.",,,,,,,,,,,,,,,,,
,ATS,20705,BELTSVILLE,MD,1511,,US,,,NaT,20705,BELTSVILLE,REVIEW,MD,,RJH AIR CONDITIONING & REFRIGERATION,Y,MEDIUM,100,,,12232 DISTRIBUTION PLACE,,,Y,,12232 DISTRIBUTION PL,,,,RJH AIR CONDITIONING & REFRIGERATION,,,,,,,,,,,,,,,,,
,ATS,48033,SOUTHFIELD,MI,1512,,US,,,2026-01-11 13:11:50,48033,SOUTHFIELD,READY,MI,,R L DEPPMANN,Y,HIGH,80,,,20929 BRIDGE STREET,,,Y,,20929 BRIDGE ST,,,,R. L. DEPPMANN,,,,,,,,,,,,,,,,,
,ATS,20814,BETHEDSA,MD,1513,,US,STE #600,,NaT,20814,Bethedsa,REVIEW,MD,,REALTY MANAGEMENT COMPANY,Y,MEDIUM,100,,,3 BETHESDA METRO CENTER,SUITE 600,,Y,,3 BETHESDA METRO CT,,,,REALTY MANAGEMENT COMPANY,,,,,,,,,,,,,,,,,
,ATS,21117,OWINGS MILLS,MD,1514,,US,,,NaT,21117,OWINGS MILLS,REVIEW,MD,,ROANE'S RIGGING & TRANSFER CO INC,Y,MEDIUM,70,,,PO BOX 519,,,Y,,PO BOX 519,,,,"ROANE'S RIGGING AND TRANSFER CO., INC",,,,,,,,,,,,,,,,,
,ATS,19014,ASTON,PA,1515,,US,,,NaT,19014,ASTON,REVIEW,PA,,ROBERT BROWN ASSOCIATES INC,Y,MEDIUM,100,,,6-C MOUNT PLEASANT ROAD,,,Y,,6-C MOUNT PLEASANT RD,,,,"ROBERT BROWN ASSOCIATES, INC.",,,,,,,,,,,,,,,,,
,ATS,20015,WASHINGTON,DC,1516,,US,,,2026-01-11 13:11:55,20015,WASHINGTON,READY,DC,,ROBERT HOLMAN,Y,HIGH,80,,,3211 TENNYSON STREET NW,,,Y,,3211 TENNYSON ST NW,,,,ROBERT HOLMAN,,,,,,,,,,,,,,,,,
,ATS,21146,SEVERNA PARK,MD,1517,,US,,,2026-01-11 13:11:57,21146,SEVERNA PARK,READY,MD,,ROBIN PETERS,Y,HIGH,80,,,103 LOCKLEVEN DRIVE,,,Y,,103 LOCKLEVEN DR,,,,ROBIN PETERS,,,,,,,,,,,,,,,,,
,ATS,20850,ROCKVILLE,MD,1518,,US,,,2026-01-11 13:11:59,20850,ROCKVILLE,READY,MD,,ROBINSON'S AIR CONDITIONING & HEATING,Y,HIGH,80,,,671 C SOUTHLAWN LANE,,,Y,,671 C SLAWN LN,,,,ROBINSON'S AIR CONDITIONING AND HEATING,,,,,,,,,,,,,,,,,
,ATS,22003,ANNANDALE,VA,1519,,US,,,2026-01-11 13:12:00,22003,ANNANDALE,READY,VA,,ROCHA BROTHERS,Y,HIGH,80,,,3901 MOSS DR,,,Y,,3901 MOSS DR,,,,ROCHA BROTHERS,,,,,,,,,,,,,,,,,
,ATS,20198,THE PLAINS,VA,1520,,US,,,NaT,20198,THE PLAINS,REVIEW,VA,,ROCK HILL FARM,Y,MEDIUM,100,,,7149 ROCK HILL MILL ROAD,,,Y,,7149 ROCK HILL MILL RD,,,,ROCK HILL FARM,,,,,,,,,,,,,,,,,
,ATS,77057,HOUSTON,TX,1521,,US,,,2026-01-11 13:12:04,77057,HOUSTON,READY,TX,,ROESSLER EQUIPMENT,Y,HIGH,80,,,5805 SCHUMACHER LANE,,,Y,,5805 SCHUMACHER LN,,,,ROESSLER EQUIPMENT,,,,,,,,,,,,,,,,,
,ATS,21012,ARNOLD,MD,1522,,US,,,NaT,21012,ARNOLD,REVIEW,MD,,ROGER KOUHI,Y,MEDIUM,100,,,776 LOCUST CIRCLE,,,Y,,776 LOCUST CIR,,,,ROGER KOUHI,,,,,,,,,,,,,,,,,
,ATS,22191,WOODBRIDGE,VA,1523,,US,,,2026-01-11 13:12:08,22191,WOODBRIDGE,READY,VA,,ROMEM AQUA SYSTEMS COMPANY,Y,HIGH,80,,,1635-2 WOODSIDE DRIVE,EMAIL INVOICES,,Y,,1635-2 WOODSIDE DR,,,,ROMEM AQUA SYSTEMS COMPANY,,,,,,,,,,,,,,,,,
,ATS,21090,LINTHICUM,MD,1524,,US,,,NaT,21090,LINTHICUM,REVIEW,MD,,ROMMEL CONSTRUCTION LLC,Y,MEDIUM,70,,,PO BOX 357,,,Y,,PO BOX 357,,,,"ROMMEL CONSTRUCTION, LLC",,,,,,,,,,,,,,,,,
,ATS,20735,CLINTON,MD,1525,,US,,,2026-01-11 13:12:10,20735,CLINTON,READY,MD,,RONCO MECHANICAL,Y,HIGH,80,,,8916 SIMPSON LANE,email invoice,,Y,,8916 SIMPSON LN,,,,RONCO MECHANICAL,,,,,,,,,,,,,,,,,
,ATS,21113-3663,ODENTON,MD,1526,,US,,,2026-01-11 13:12:11,21113-3663,ODENTON,READY,MD,,RONNEL ENGINEERING + CONSTRUCTION INC,Y,HIGH,80,,,1177 PATUXENT RD,,,Y,,1177 PATUXENT RD,,,,RONNEL ENGINEERING + CONSTRUCTION INC.,,,,,,,,,,,,,,,,,
,ATS,95161-9070,SAN JOSE,CA,1527,,US,,,NaT,95161-9070,SAN JOSE,REVIEW,CA,,ROSENDIN ELECTRIC,Y,MEDIUM,70,,,EMAIL INVOICE,PO BOX 49070,,Y,,PO BOX 49070,,,,ROSENDIN ELECTRIC - email INV,,,,,,,,,,,,,,,,,
,ATS,21221,ESSEX,MD,1528,,US,STE #8,,NaT,21221,ESSEX,REVIEW,MD,,ROWBEL SERVICES,Y,MEDIUM,100,,,"4 NASHUA COURT, SUITE 8",,,Y,,4 NASHUA CT,,,,ROWBEL SERVICES,,,,,,,,,,,,,,,,,
,ATS,21201,FREDERICK,MD,1529,,US,,,NaT,21201,FREDERICK,REVIEW,MD,,TOM ROWE,Y,MEDIUM,100,,,801TRAIL AVENUE,,,Y,,801TRAIL AVE,,,,TOM ROWE,,,,,,,,,,,,,,,,,
,ATS,21202,BALTIMORE,MD,1530,,US,,,2026-01-11 13:12:17,21202,BALTIMORE,READY,MD,,ROYAL SONESTA HARBOR COURT BALTIMORE,Y,HIGH,80,,,550 LIGHT STREET,EMAIL INVOICE,,Y,,550 LIGHT ST,,,,ROYAL SONESTA HARBOR COURT BALTIMORE,,,,,,,,,,,,,,,,,
,ATS,20910,SILVER SPRING,MD,1531,,US,WORLD BLDG,,NaT,20910,SILVER SPRING,REVIEW,MD,,ROYCO INC,Y,MEDIUM,100,,,WORLD BUILDING,8121 GEORGIA AVE LL2,,Y,,8121 GEORGIA AVE LL2,,,,"ROYCO, INC.",,,,,,,,,,,,,,,,,
,ATS,21076,HANOVER,MD,1532,,US,,,NaT,21076,HANOVER,REVIEW,MD,,ROYSPEC PURCHASING SERVICES INV,Y,MEDIUM,100,,,7470 CANDLEWOOD RD,EMAIL INVOICE,,Y,,7470 CANDLEWOOD RD,,,,ROYSPEC PURCHASING SERVICES -email INV,,,,,,,,,,,,,,,,,
,ATS,30662,ROYSTON,GA,1533,,US,,,NaT,30662,ROYSTON,REVIEW,GA,,ROYSTON LLC,Y,MEDIUM,70,,,P.O. BOX 739,,,Y,,PO BOX 739,,,,"ROYSTON, LLC",,,,,,,,,,,,,,,,,
,ATS,20110,MANASSAS,VA,1534,,US,,,2026-01-11 13:12:22,20110,MANASSAS,READY,VA,,RPC,Y,HIGH,80,,,9050 EUCLID AVE,,,Y,,9050 EUCLID AVE,,,,RPC,,,,,,,,,,,,,,,,,
,ATS,20019,WASHINGTON,DC,1535,,US,,,2026-01-11 13:12:23,20019,WASHINGTON,READY,DC,,RSC ELECTRICAL & MECHANICAL CONTRACTOR,Y,HIGH,80,,,6035 DIX STREET NE,,,Y,,6035 DIX ST NE,,,,"RSC ELECTRICAL & MECHANICAL CONTRACTOR,",,,,,,,,,,,,,,,,,
,ATS,20578,GAITHERSBURG,MD,1536,,US,,,2026-01-11 13:12:25,20578,GAITHERSBURG,READY,MD,,RUSSCO INC,Y,HIGH,80,,,227 ELLINGTON BLVD,,,Y,,227 ELLINGTON BLVD,,,,RUSSCO INC,,,,,,,,,,,,,,,,,
,ATS,21701,FREDERICK,MD,1537,,US,,,2026-01-11 13:12:26,21701,FREDERICK,READY,MD,,USE WARNER MECHANICAL,Y,HIGH,80,,,217 MONROE AVENUE,,,Y,,217 MONROE AVE,,,,USE WARNER MECHANICAL,,,,,,,,,,,,,,,,,
,ATS,20009,WASHINGTONG,DC,1538,,US,,,NaT,20009,WASHINGTONG,REVIEW,DC,,RWD CONSULTING,Y,MEDIUM,100,,,1775T STREET NW,EMAIL INVOICE,,Y,,1775T ST NW,,,,RWD CONSULTING,,,,,,,,,,,,,,,,,
,ATS,21074,HAMPSTEAD,MD,1539,,US,STE #2B,,2026-01-11 13:12:29,21074,HAMPSTEAD,READY,MD,,S & S CONTROL SYSTEMS INC,Y,HIGH,80,,,EMAIL INVOICE,"4312 BLACK ROCK RD, SUITE 2B",,Y,,4312 BLACK ROCK RD,,,,"S & S CONTROL SYSTEMS, INC.",,,,,,,,,,,,,,,,,
,ATS,20772,UPPER MARLBORO,MD,1540,,US,,,2026-01-11 13:12:31,20772,UPPER MARLBORO,READY,MD,,S & W CONTROLS,Y,HIGH,80,,,8229 GREY EAGLE DRIVE,EMAIL INVOICES,,Y,,8229 GREY EAGLE DR,,,,S & W CONTROLS,,,,,,,,,,,,,,,,,
,ATS,98168-5121,SEATTLE,WA,1541,,US,INTERGATE ASHBURN LLC C/O SABEY CORP,,NaT,98168-5121,SEATTLE,REVIEW,WA,,SABEY DATA CENTER,Y,MEDIUM,100,,,INTERGATE ASHBURN LLC C/O SABEY CORP.,12201 TUKWILA INTERNATIONAL BLVD 4TH FLOOR,,Y,,12201 TUKWILA INTERNATIONAL BLVD 4TH FL,,,,SABEY DATA CENTER - EMAIL,,,,,,,,,,,,,,,,,
,ATS,21157,WESTMINSTER,MD,1542,,US,UNIT 1,,2026-01-11 13:12:35,21157,WESTMINSTER,READY,MD,,SAGAMORE MECHANICAL SERVICES INC,Y,HIGH,80,,,55 AILERON COURT,UNIT 1,,Y,,55 AILERON CT,,,,SAGAMORE MECHANICAL SERVICES INC,,,,,,,,,,,,,,,,,
,ATS,21117,OWINGS MILLS,MD,1543,,US,STE #A,,2026-01-11 13:12:37,21117,OWINGS MILLS,READY,MD,,SAGAMORE MECHANICAL CONSTRUCTION,Y,HIGH,80,,,11521 CRONRIDGE DR,SUITE A,,Y,,11521 CRONRIDGE DR,,,,SAGAMORE MECHANICAL CONSTRUCTION,,,,,,,,,,,,,,,,,
,ATS,22314,ALEXANDRIA,VA,1544,,US,,,2026-01-11 13:12:39,22314,ALEXANDRIA,READY,VA,,SAGEWATER LLC,Y,HIGH,80,,,1319 POWHATAN STREET,EMAIL INVOICES,,Y,,1319 POWHATAN ST,,,,"SAGEWATER, LLC",,,,,,,,,,,,,,,,,
,ATS,21704,FREDERICK,MD,1545,,US,,,NaT,21704,FREDERICK,REVIEW,MD,,SAIC,Y,MEDIUM,100,,,7116 GEOFFREY DRIVE,,,Y,,7116 GEOFFREY DR,,,,SAIC - FREDERICK,,,,,,,,,,,,,,,,,
,ATS,22102,MCLEAN,VA,1546,,US,,,NaT,22102,MCLEAN,REVIEW,VA,,,Y,MEDIUM,100,,,1710 SAIC DRIVE,,,Y,,1710 SAIC DR,,,,SAIC - VA,,,,,,,,,,,,,,,,,
,ATS,07004,FAIRFIELD,NJ,1547,,US,,,2026-01-11 13:12:43,07004,FAIRFIELD,READY,NJ,,SAIC SOLUTIONS,Y,HIGH,80,,,155 PASSAIC AVENUE,EMAIL INVOICE,,Y,,155 PASSAIC AVE,,,,SAIC SOLUTIONS,,,,,,,,,,,,,,,,,
,ATS,20817,BETHESDA,MD,1548,,US,STE #120,,2026-01-11 13:12:45,20817,BETHESDA,READY,MD,,SAIC,Y,HIGH,80,,,10401 FERNWOOD ROAD,SUITE 120,,Y,,10401 FERNWOOD RD,,,,SAIC-BETHESDA,,,,,,,,,,,,,,,,,
,ATS,21801,SALISBURY,MD,1549,,US,,,NaT,21801,SALISBURY,REVIEW,MD,,SALISBURY UNIVERSITY,Y,MEDIUM,70,,,ATTN: ACCOUNTS PAYABLE - EMAIL,PO BOX 2195,,Y,,PO BOX 2195,,,,SALISBURY UNIVERSITY,,,,,,,,,,,,,,,,,
,ATS,20850,ROCKVILLE,MD,1550,,US,,,2026-01-11 13:12:47,20850,ROCKVILLE,READY,MD,,SAM DESANTO COMPANY,Y,HIGH,80,,,14628 ROTHGEB DRIVE,,,Y,,14628 ROTHGEB DR,,,,SAM DESANTO COMPANY,,,,,,,,,,,,,,,,,
,ATS,21048,FINKSBURG,MD,1551,,US,,,NaT,21048,FINKSBURG,REVIEW,MD,,SANDS ELECTRIC,Y,MEDIUM,100,,,1938 Deer Park Rd # 4,,,Y,,1938 DEER PARK RD # 4,,,,SANDS ELECTRIC,,,,,,,,,,,,,,,,,
,ATS,20860,SANDY SPRING,MD,1552,,US,,,2026-01-11 13:12:50,20860,SANDY SPRING,READY,MD,,SANDY SPRING FRIENDS SCHOOL INC,Y,HIGH,80,,,16923 NORWOOD ROAD,,,Y,,16923 NORWOOD RD,,,,SANDY SPRING FRIENDS SCHOOL INC,,,,,,,,,,,,,,,,,
,ATS,21052,FORT HOWARD,MD,1553,,US,,,2026-01-11 13:12:52,21052,FORT HOWARD,READY,MD,,SARAH PATRO,Y,HIGH,80,,,9221 NORTH POINT RD,,,Y,,9221 N POINT RD,,,,SARAH PATRO,,,,,,,,,,,,,,,,,
,ATS,21666,STEVENSVILLE,MD,1554,,US,CHESAPEAKE BAY BUSINESS PARK,,2026-01-11 13:12:53,21666,STEVENSVILLE,READY,MD,,SAUER COMPRESSORS,Y,HIGH,80,,,CHESAPEAKE BAY BUSINESS PARK,64 LOG CANOE CIRCLE,,Y,,64 LOG CANOE CIR,,,,SAUER COMPRESSORS,,,,,,,,,,,,,,,,,
,ATS,21601,EASTON,MD,1555,,US,,,2026-01-11 13:12:55,21601,EASTON,READY,MD,,STEVEN SCHERPING,Y,HIGH,80,,,28684 EMANUEL ST,,,Y,,28684 EMANUEL ST,,,,STEVEN SCHERPING,,,,,,,,,,,,,,,,,
,ATS,21152,SPARKS,MD,1556,,US,,,2026-01-11 13:12:56,21152,SPARKS,READY,MD,,SCHMITZ PRESS,Y,HIGH,80,,,37 LOVETON CIRCLE,,,Y,,37 LOVETON CIR,,,,SCHMITZ PRESS,,,,,,,,,,,,,,,,,
,ATS,75006,CARROLLTON,TX,1557,,US,,,2026-01-11 13:12:58,75006,CARROLLTON,READY,TX,,SCHNEIDER ELECTRIC BUILDINGS AMERICAS INC,Y,HIGH,80,,,1650 WEST CROSBY ROAD,EMAIL INVOICES,,Y,,1650 W CROSBY RD,,,,SCHNEIDER ELECTRIC BUILDINGS AMERICAS,,,,,,,,,,,,,,,,,
,ATS,21046,COLUMBIA,MD,1558,,US,SUTIE F,,NaT,21046,COLUMBIA,REVIEW,MD,,SCHNEDIER ELECTRIC FEDERAL INC,Y,MEDIUM,100,,,7175 COLUMBIA GATEWAY DRIVE,SUTIE F,,Y,,7175 COLUMBIA GATEWAY DR,,,,"SCHNEDIER ELECTRIC FEDERAL, Inc - email",,,,,,,,,,,,,,,,,
,ATS,20706,LANHAM,MD,1559,,US,STE #600,,NaT,20706,LANHAM,REVIEW,MD,,SCIENCE SYSTEMS & APPLICATIONS INC,Y,MEDIUM,100,,,"10210 GREENBELT ROAD, SUITE 600",EMAIL INVOICE,,Y,,10210 GREENBELT RD,,,,"SCIENCE SYSTEMS AND APPLICATIONS, INC",,,,,,,,,,,,,,,,,
,ATS,15601,GREENSBURG,PA,1560,,US,,,NaT,15601,GREENSBURG,REVIEW,PA,,SCOTT ELECTRIC,Y,MEDIUM,70,,,ACCOUNTS PAYABLE,PO BOX S,,Y,,PO BOX S,,,,SCOTT ELECTRIC,,,,,,,,,,,,,,,,,
,ATS,20151,CHANTILLY,VA,1561,,US,SUITE# 250,,NaT,20151,CHANTILLY,REVIEW,VA,,SCOTT LONG CONSTRUCTION,Y,MEDIUM,100,,,14420 ALBEMARLE POINT PL,SUITE# 250,,Y,,14420 ALBEMARLE POINT PL,,,,SCOTT LONG CONSTRUCTION,,,,,,,,,,,,,,,,,
,ATS,00246,CALGARY,AB,1562,,CA,,,NaT,T2G 4M6,CALGARY,REVIEW,AB,,SCOTT SPRINGFIELD MANUFACTURING,Y,MEDIUM,100,,,"2234 PORTLAND ST., SE",,,Y,,2234 PORTLAND ST SE,,,,SCOTT SPRINGFIELD MANUFACTURING,,,,,,,,,,,,,,,,,
,ATS,20735,CLINTON,MD,1563,,US,,,2026-01-11 13:13:07,20735,CLINTON,READY,MD,,SCW INC,Y,HIGH,80,,,7365 OLD ALEXANDRIA FERRY ROAD,,,Y,,7365 OLD ALEXANDRIA FERRY RD,,,,SCW INC.,,,,,,,,,,,,,,,,,
,ATS,36701,SELMA,AL,1564,,US,,,2026-01-11 13:13:08,36701,SELMA,READY,AL,,SDAC FACILITY SERVICES,Y,HIGH,80,,,910 LANDLINE ROAD,,,Y,,910 LANDLINE RD,,,,SDAC FACILITY SERVICES,,,,,,,,,,,,,,,,,
,ATS,20877,GAITHERSBURG,MD,1565,,US,,,NaT,20877,GAITHERSBURG,REVIEW,MD,,SEASONAIR INC,Y,MEDIUM,100,,,16001-A INDUSTRIAL DRIVE,EMAIL,,Y,,16001-A INDUSTRIAL DR,,,,"SEASONAIR, INC.",,,,,,,,,,,,,,,,,
,ATS,35804,HUNTSVILLE,AL,1566,,US,STE #130,,2026-01-11 13:13:12,35804,HUNTSVILLE,READY,AL,,SEI GROUP INC,Y,HIGH,80,,,101 QUALITY CIRCLE,SUITE 130 - EMAIL,,Y,,101 QUALITY CIR,,,,SEI GROUP INC,,,,,,,,,,,,,,,,,
,ATS,19720,NEW CASTLE,DE,1567,,US,,,2026-01-11 13:13:13,19720,NEW CASTLE,READY,DE,,SEIBERLICH TRANE,Y,HIGH,80,,,66 SOUTHGATE BLVD.,,,Y,,66 SGATE BLVD,,,,SEIBERLICH TRANE,,,,,,,,,,,,,,,,,
,ATS,64184-3302,KANSAS CITY,MO,1568,,US,,,NaT,64184-3302,KANSAS CITY,REVIEW,MO,,SEMCO,Y,MEDIUM,70,,,PO BOX 843302,,,Y,,PO BOX 843302,,,,SEMCO,,,,,,,,,,,,,,,,,
,ATS,18976,WARRINGTON,PA,1569,,US,,,2026-01-11 13:13:15,18976,WARRINGTON,READY,PA,,SENCILLO SYSTEMSINC,Y,HIGH,80,,,966 ARGYLE RD,,,Y,,966 ARGYLE RD,,,,"SENCILLO SYSTEMS,INC",,,,,,,,,,,,,,,,,
,ATS,21811,BERLIN,MD,1570,,US,,,NaT,21811,BERLIN,REVIEW,MD,,SENS MECHANICAL INC,Y,MEDIUM,70,,,P.O. BOX 985,,,Y,,PO BOX 985,,,,"SENS MECHANICAL, INC.",,,,,,,,,,,,,,,,,
,ATS,22191,WOODBRIDGE,VA,1571,,US,,,NaT,22191,WOODBRIDGE,REVIEW,VA,,SENTARA NORTHERN VIRGINIA MED,Y,MEDIUM,100,,,2300 OPTIZ BLVD,,,Y,,2300 OPTIZ BLVD,,,,SENTARA NORTHERN VIRGINIA MED,,,,,,,,,,,,,,,,,
,ATS,10017,NEW YORK,NY,1572,,US,,,NaT,10017,NEW YORK,REVIEW,NY,,SENTINEL DATA CENTERS,Y,MEDIUM,100,,,505 FIFTH AVENUE 27TH FLOOR,EMAIL INVOICES,,Y,,505 FIFTH AVE 27TH FL,,,,SENTINEL DATA CENTERS,,,,,,,,,,,,,,,,,
,ATS,22122,NEWINGTON,VA,1573,,US,,,NaT,22122,NEWINGTON,REVIEW,VA,,SERVICE MECHANICAL,Y,MEDIUM,70,,,P.O. BOX 537,,,Y,,PO BOX 537,,,,SERVICE MECHANICAL,,,,,,,,,,,,,,,,,
,ATS,22124,OAKTON,VA,1574,,US,,,2026-01-11 13:13:21,22124,OAKTON,READY,VA,,SERVICE SOURCE INC,Y,HIGH,80,,,10467 WHITE GRANITE DRIVE,EMAIL,,Y,,10467 WHITE GRANITE DR,,,,SERVICE SOURCE INC,,,,,,,,,,,,,,,,,
,ATS,22153,SPRINGFIELD,VA,1575,,US,,,NaT,22153,SPRINGFIELD,REVIEW,VA,,SERVICE WORKS LLC,Y,MEDIUM,100,,,7942 H. CLUNY COURT,EMAIL INVOICES,,Y,,7942 H CLUNY CT,,,,"SERVICE WORKS, LLC",,,,,,,,,,,,,,,,,
,ATS,21090,LINTHICUM HEIGHTS,MD,1576,,US,,,NaT,21090,LINTHICUM HEIGHTS,REVIEW,MD,,SERVICE X MEP,Y,MEDIUM,100,,,601 NURSERY ROAD,,,Y,,601 NURSERY RD,,,,SERVICE X MEP,,,,,,,,,,,,,,,,,
,ATS,20009,WASHINGTON,DC,1577,,US,,,2026-01-11 13:13:26,20009,WASHINGTON,READY,DC,,SERVICEMAX INC,Y,HIGH,80,,,1213 GIRARD STREET NW,,,Y,,1213 GIRARD ST NW,,,,SERVICEMAX INC.,,,,,,,,,,,,,,,,,
,ATS,20151,CHANTILLY,VA,1578,,US,,,NaT,20151,CHANTILLY,REVIEW,VA,,SERVICES SPECIALTIES,Y,MEDIUM,100,,,14522-B LEE ROAD,,,Y,,14522-B LEE RD,,,,SERVICES SPECIALTIES,,,,,,,,,,,,,,,,,
,ATS,20602,WALDORF,MD,1579,,US,STE #B,,2026-01-11 13:13:29,20602,WALDORF,READY,MD,,SERVICON FACILITIES & MECHANICAL SERVIC,Y,HIGH,80,,,"27 HENRY FORD CIRCLE, SUITE B",EMAIL INVOICES,,Y,,27 HENRY FORD CIR,,,,SERVICON FACILITIES & MECHANICAL SERVIC,,,,,,,,,,,,,,,,,
,ATS,21205,BALTIMORE,MD,1580,,US,,,2026-01-11 13:13:31,21205,BALTIMORE,READY,MD,,SESSA SHEET METAL CO INC,Y,HIGH,80,,,529 N. HAVEN STREET,,,Y,,529 N HAVEN ST,,,,"SESSA SHEET METAL CO., INC",,,,,,,,,,,,,,,,,
,ATS,20904-6600,SILVER SPRING,MD,1581,,US,,,2026-01-11 13:13:33,20904-6600,SILVER SPRING,READY,MD,,GENERAL CONF OF SEVENTH-DAY ADVENTISTS,Y,HIGH,80,,,12501 OLD COLUMBIA PIKE,,,Y,,12501 OLD COLUMBIA PIKE,,,,GENERAL CONF. OF SEVENTH-DAY ADVENTISTS,,,,,,,,,,,,,,,,,
,ATS,20898,GAITHERSBURG,MD,1582,,US,DEPT OF FINANCE/ ACCOUNTS PAY,,NaT,20898,GAITHERSBURG,REVIEW,MD,,SHADY GROVE MEDICAL CENTER,Y,MEDIUM,70,,,DEPT. OF FINANCE/ ACCOUNTS PAY,P.O.BOX 10010,,Y,,PO BOX 10010,,,,SHADY GROVE MEDICAL CENTER,,,,,,,,,,,,,,,,,
,ATS,21701,FREDERICK,MD,1583,,US,,,2026-01-11 13:13:34,21701,FREDERICK,READY,MD,,SHAFER TROXELL & HOWE INC,Y,HIGH,80,,,97-D MONOCACY BLVD,EMAIL INVOICES,,Y,,97-D MONOCACY BLVD,,,,"SHAFER, TROXELL & HOWE, INC",,,,,,,,,,,,,,,,,
,ATS,21114,CROFTON,MD,1584,,US,,,2026-01-11 13:13:36,21114,CROFTON,READY,MD,,SHAMROCK SERVICES,Y,HIGH,80,,,1752 LANG DRIVE,,,Y,,1752 LANG DR,,,,SHAMROCK SERVICES,,,,,,,,,,,,,,,,,
,ATS,20850,ROCKVILLE,MD,1585,,US,,,2026-01-11 13:13:37,20850,ROCKVILLE,READY,MD,,SHAPIRO & DUNCAN,Y,HIGH,80,,,14620 ROTHGEB DRIVE,,,Y,,14620 ROTHGEB DR,,,,SHAPIRO & DUNCAN- email invoice,,,,,,,,,,,,,,,,,
,ATS,20090-0974,WASHINGTON,DC,1586,,US,,,NaT,20090-0974,WASHINGTON,REVIEW,DC,,SHEPHERD ELECTRIC SUPPLY OF DC,Y,MEDIUM,70,,,P.O. BOX 90974,EMAIL INVOICES,,Y,,PO BOX 90974,,,,SHEPHERD ELECTRIC SUPPLY OF DC,,,,,,,,,,,,,,,,,
,ATS,21237,BALTIMORE,MD,1587,,US,,,2026-01-11 13:13:39,21237,BALTIMORE,READY,MD,,SHEPHERD ELECTRIC COMPANY INC,Y,HIGH,80,,,7401 PULASKI HIGHWAY,EMAIL INVOICES,,Y,,7401 PULASKI HWY,,,,"SHEPHERD ELECTRIC COMPANY,. INC",,,,,,,,,,,,,,,,,
,ATS,21285,BALTIMORE,MD,1588,,US,,,2026-01-11 13:13:41,21285,BALTIMORE,READY,MD,,SHEPPARD PRATT HEALTH SYSTEM,Y,HIGH,80,,,6501 N. CHARLES,,,Y,,6501 N CHARLES,,,,SHEPPARD PRATT HEALTH SYSTEM,,,,,,,,,,,,,,,,,
,ATS,19087,WAYNE,PA,1589,,US,,,2026-01-11 13:13:42,19087,WAYNE,READY,PA,,SHIRE PHARMACEUTICAL,Y,HIGH,80,,,ATTN: ACCOUNTS PAYABLE,725 CHESTERBROOK BLVD,,Y,,725 CHESTERBROOK BLVD,,,,SHIRE PHARMACEUTICAL,,,,,,,,,,,,,,,,,
,ATS,20874,GERMANTOWN,MD,1590,,US,STE #110,,NaT,20874,GERMANTOWN,REVIEW,MD,,SHIREEN REALTY INVESTMENTS,Y,MEDIUM,100,,,12910 CLOVERLEAF CENTER DRIVE,SUITE 110,,Y,,12910 CLOVERLEAF CT DR,,,,SHIREEN REALTY INVESTMENTS,,,,,,,,,,,,,,,,,
,ATS,21218,BALTIMORE,MD,1591,,US,,,2026-01-11 13:13:45,21218,BALTIMORE,READY,MD,,SHRADER ELECTRIC COMPANY,Y,HIGH,80,,,2824 LOCH RAVEN ROAD,,,Y,,2824 LOCH RAVEN RD,,,,SHRADER ELECTRIC COMPANY,,,,,,,,,,,,,,,,,
,ATS,21218,BALTIMORE,MD,1592,,US,JH A/P SHARED SERVICE CENTER,,NaT,21218,BALTIMORE,REVIEW,MD,,SIBLEY MEMORIAL HOSPITAL,Y,MEDIUM,70,,,JH A/P SHARED SERVICE CENTER,PO BOX #33499 - EMAIL INVOICES,,Y,,PO BOX 33499,,,,SIBLEY MEMORIAL HOSPITAL,,,,,,,,,,,,,,,,,
,ATS,97208-4356,PORTLAND,OR,1593,,US,ACCOUNTS PAYABLE DEPARTMENT,,NaT,97208-4356,PORTLAND,REVIEW,OR,,SIEMENS INDUSTRY INC,Y,MEDIUM,70,,,ACCOUNTS PAYABLE DEPARTMENT,P.O. Box 4356 MC-IMA034,,Y,,PO BOX 4356,,,,"SIEMENS INDUSTRY, INC - Siemens web",,,,,,,,,,,,,,,,,
,ATS,20706-1343,LANHAM,MD,1594,,US,,,NaT,20706-1343,LANHAM,REVIEW,MD,,SIERRA LOBO INC,Y,MEDIUM,70,,,ACCTS PAYABLE,PO Box 1343,,Y,,PO BOX 1343,,,,"SIERRA LOBO, INC. - email",,,,,,,,,,,,,,,,,
,ATS,21215,BALTIMORE,MD,1595,,US,,,NaT,21215,BALTIMORE,REVIEW,MD,,SINAI HOSPITAL CENTER-LIFEBRIDGE,Y,MEDIUM,70,,,ACCOUNTS PAYABLE - EMAIL,PO BOX 2667,,Y,,PO BOX 2667,,,,SINAI HOSPITAL CENTER-LIFEBRIDGE,,,,,,,,,,,,,,,,,
,ATS,20170,HERNDON,VA,1596,,US,STE #001,,2026-01-11 13:13:47,20170,HERNDON,READY,VA,,SIR PROPERTIES TRUST,Y,HIGH,80,,,2214 ROCK HILL RD,SUITE 001,,Y,,2214 ROCK HILL RD,,,,SIR PROPERTIES TRUST - EMAIL,,,,,,,,,,,,,,,,,
,ATS,21286,TOWSON,MD,1597,,US,,,2026-01-11 13:13:49,21286,TOWSON,READY,MD,,TATE ENGINEERING SYSTEMS INC,Y,HIGH,80,,,EMAIL INVOICE,8511 LOCH RAVEN BOULEVARD,,Y,,8511 LOCH RAVEN BLVD,,,,TATE ENGINEERING SYSTEMS INC,,,,,,,,,,,,,,,,,
,ATS,21114,CROFTON,MD,1598,,US,STE #3,,2026-01-11 13:13:51,21114,CROFTON,READY,MD,,SJ RAFFERTY CO INC,Y,HIGH,80,,,"2144 PRIEST BRIDGE COURT, SUITE 3",EMAIL INVOICES,,Y,,2144 PRIEST BRIDGE CT,,,,"S.J. RAFFERTY CO., INC",,,,,,,,,,,,,,,,,
,ATS,98312,BREMERTON,WA,1599,,US,SKOOKUM HOME OFFICE,,2026-01-11 13:13:52,98312,BREMERTON,READY,WA,,SKOOKUM EDUCATIONAL PROGRAM,Y,HIGH,80,,,SKOOKUM HOME OFFICE -email,4525 AUTO CENTER WAY,,Y,,4525 AUTO CT WAY,,,,SKOOKUM EDUCATIONAL PROGRAM,,,,,,,,,,,,,,,,,
,ATS,00917,DORVAL,QC,1600,,CA,,,NaT,H9P 1H7,DORVAL,REVIEW,QC,,SMARDT INC,Y,MEDIUM,100,,,1840 TRANS-CANADA HWY,,,Y,,1840 TRANS-CANADA HWY,,,,"SMARDT, INC",,,,,,,,,,,,,,,,,
,ATS,21704,FREDERICK,MD,1601,,US,STE #T,,2026-01-11 13:13:55,21704,FREDERICK,READY,MD,,SMART BUILDING TECHNOLOGLES LLC,Y,HIGH,80,,,5123 PEGASUS COURT,SUITE T - EMAIL,,Y,,5123 PEGASUS CT,,,,"SMART BUILDING TECHNOLOGLES, LLC",,,,,,,,,,,,,,,,,
,ATS,21228,CATONSVILLE,MD,1602,,US,,,2026-01-11 13:13:57,21228,CATONSVILLE,READY,MD,,SMB ELECTRICAL CONTRACTORS,Y,HIGH,80,,,616 OLD EDMONDSON AVENUE,,,Y,,616 OLD EDMONDSON AVE,,,,SMB ELECTRICAL CONTRACTORS,,,,,,,,,,,,,,,,,
,ATS,21045,COLUMBIA,MD,1603,,US,,,NaT,21045,COLUMBIA,REVIEW,MD,,SMITH MECHANICAL INC,Y,MEDIUM,100,,,9195 RED BRANCH ROAD,,,Y,,9195 RED BRANCH RD,,,,SMITH MECHANICAL INC.,,,,,,,,,,,,,,,,,
,ATS,,,,1604,,US,,,NaT,,,INVALID,,,MACDONALD SMITH,Y,LOW,20,,,,,,Y,,,,,,MACDONALD SMITH,,,,,,,,,,,,,,,,,
,ATS,20006,WASHINGTON,DC,1605,,US,#100,,2026-01-11 13:14:02,20006,WASHINGTON,READY,DC,,SMITHGROUP JJR,Y,HIGH,80,,,1700 NEW YORK AVENUE NW,#100,,Y,,1700 NEW YORK AVE NW,,,,SMITHGROUP JJR,,,,,,,,,,,,,,,,,
,ATS,20013,WASHINGTON,DC,1606,,US,,,2026-01-11 13:14:03,20013,WASHINGTON,READY,DC,,SMITHSONIAN,Y,HIGH,80,,,800 G. STREET N.W.,,,Y,,800 G ST NW,,,,SMITHSONIAN,,,,,,,,,,,,,,,,,
,ATS,20024,WASHINGTON,DC,1607,,US,AIR & SPACE,,NaT,20024,WASHINGTON,REVIEW,DC,,SMITHSONIAN,Y,MEDIUM,100,,,"4TH & INDEPENDENCE AVE,SW",AIR & SPACE - EMAIL,,Y,,4TH & INDEPENDENCE AVESW,,,,SMITHSONIAN,,,,,,,,,,,,,,,,,
,ATS,20024,WASHINGTON,DC,1608,,US,AMERICAN HISTORY,,NaT,20024,WASHINGTON,REVIEW,DC,,SMITHSONIAN,Y,MEDIUM,100,,,"12TH & INDEPENDENCE AVE,SW",AMERICAN HISTORY,,Y,,12TH & INDEPENDENCE AVESW,,,,SMITHSONIAN,,,,,,,,,,,,,,,,,
,ATS,20560,WASHINGTON,DC,1609,,US,MRC 102,,NaT,20560,WASHINGTON,REVIEW,DC,,SMITHSONIAN,Y,MEDIUM,100,,,10 CONSTITIONAL AVE NW,MRC 102,,Y,,10 CONSTITIONAL AVE NW,,,,SMITHSONIAN,,,,,,,,,,,,,,,,,
,ATS,20013-7012,WASHINGTON,DC,1610,,US,MRC 1203,,NaT,20013-7012,WASHINGTON,REVIEW,DC,,SMITHSONIAN,Y,MEDIUM,70,,,PO BOX 37012,MRC 1203,,Y,,PO BOX 37012,,,,SMITHSONIAN - NMAH,,,,,,,,,,,,,,,,,
,ATS,20151,CHANTILLY,VA,1611,,US,UDVAR-HAZY CENTER,,2026-01-11 13:14:11,20151,CHANTILLY,READY,VA,,NATIONAL AIR & SPACE MUSEUM,Y,HIGH,80,,,UDVAR-HAZY CENTER,14390 AIR & SPACE MUSEUM PARKWAY,,Y,,14390 AIR & SPACE MUSEUM PKWY,,,,NATIONAL AIR AND SPACE MUSEUM - VA,,,,,,,,,,,,,,,,,
,ATS,20772,UPPER MARLBORO,MD,1612,,US,,,2026-01-11 13:14:13,20772,UPPER MARLBORO,READY,MD,,SNW CONTROLS,Y,HIGH,80,,,8229 GREY EAGLE DRIVE,,,Y,,8229 GREY EAGLE DR,,,,SNW CONTROLS,,,,,,,,,,,,,,,,,
,ATS,21244,BALTIMORE,MD,1613,,US,7111 SECURITY BLVD,,NaT,21244,BALTIMORE,REVIEW,MD,,SOCIAL SECURITY ADMINISTRATION,Y,MEDIUM,100,,,1ST FLOOR-REAR ENTRANCE,7111 SECURITY BOULEVARD,,Y,,1ST FL-REAR ENTRANCE,,,,SOCIAL SECURITY ADMINISTRATION,,,,,,,,,,,,,,,,,
,ATS,20008,WASHINGTON,DC,1614,,US,,,2026-01-11 13:14:18,20008,WASHINGTON,READY,DC,,SOCIETY OF THE CINCINNATI,Y,HIGH,80,,,"2118 MASSACHUSETTS AVE, NW",,,Y,,2118 MASSACHUSETTS AVE NW,,,,SOCIETY OF THE CINCINNATI,,,,,,,,,,,,,,,,,
,ATS,20431,WASHINGTON,DC,1615,,US,,,2026-01-11 13:14:20,20431,WASHINGTON,READY,DC,,SODEXO,Y,HIGH,80,,,"700 19TH STREET, NW",,,Y,,700 19TH ST NW,,,,SODEXO,,,,,,,,,,,,,,,,,
,ATS,36695,MOBILE,AL,1616,,US,,,2026-01-11 13:14:22,36695,MOBILE,READY,AL,,SOMERBY OF MOBILE,Y,HIGH,80,,,901 SOMERBY DRIVE,,,Y,,901 SOMERBY DR,,,,SOMERBY OF MOBILE,,,,,,,,,,,,,,,,,
,ATS,,,,1617,,US,,,NaT,,,INVALID,,,SOMERSET COUNTY PUBLIC SCHOOLS,Y,LOW,20,,,,,,Y,,,,,,SOMERSET COUNTY PUBLIC SCHOOLS,,,,,,,,,,,,,,,,,
,ATS,07645,MOTVALE,NJ,1618,,US,,,NaT,07645,MOTVALE,REVIEW,NJ,,SOURCEBLUE LLC,Y,MEDIUM,100,,,3 PARAGON DRIVE,EMAIL INVOICES,,Y,,3 PARAGON DR,,,,"SOURCEBLUE, LLC",,,,,,,,,,,,,,,,,
,ATS,20754,DUNKIRK,MD,1619,,US,,,NaT,20754,DUNKIRK,REVIEW,MD,,SOURCE MAINTENANCE PRODUCTS,Y,MEDIUM,100,,,9715 SMITH WAY,,,Y,,9715 SMITH WAY,,,,SOURCE MAINTENANCE PRODUCTS,,,,,,,,,,,,,,,,,
,ATS,21795,WILLIAMSPORT,MD,1620,,US,,,NaT,21795,WILLIAMSPORT,REVIEW,MD,,SOUTH ATLANTIC CONTROLS INC,Y,MEDIUM,100,,,10226 GOVERNOR LANE BLVD,,,Y,,10226 GOVERNOR LN BLVD,,,,"SOUTH ATLANTIC CONTROLS, INC.",,,,,,,,,,,,,,,,,
,ATS,21773,MYERSVILLE,MD,1621,,US,,,2026-01-11 13:14:32,21773,MYERSVILLE,READY,MD,,SOUTH MOUNTAIN MECHANICAL,Y,HIGH,80,,,10248 ROLLINGRIDGE COURT,,,Y,,10248 ROLLINGRIDGE CT,,,,SOUTH MOUNTAIN MECHANICAL,,,,,,,,,,,,,,,,,
,ATS,22611,BERRYVILLE,VA,1622,,US,,,2026-01-11 13:14:34,22611,BERRYVILLE,READY,VA,,SOUTHERN AIR TEMP,Y,HIGH,80,,,514 JACK ENDERS BLVD,,,Y,,514 JACK ENDERS BLVD,,,,SOUTHERN AIR TEMP,,,,,,,,,,,,,,,,,
,ATS,22182,VIENNA,VA,1623,,US,STE #600,,NaT,22182,VIENNA,REVIEW,VA,,SOUTHERN MANAGEMENT CORPORATION,Y,MEDIUM,100,,,SOUTHERN MANAGEMENT CORP,"1950 OLD GALLOWS RD, SUITE 600",,Y,,1950 OLD GALLOWS RD,,,,VA - SOUTHERN MANAGEMENT CORPORATION,,,,,,,,,,,,,,,,,
,ATS,20657,LUSBY,MD,1624,,US,,,2026-01-11 13:14:38,20657,LUSBY,READY,MD,,SOUTHERN MARYLAND REFRIGERATION INC,Y,HIGH,80,,,10575 OLD MILL RD,,,Y,,10575 OLD MILL RD,,,,"SOUTHERN MARYLAND REFRIGERATION, INC",,,,,,,,,,,,,,,,,
,ATS,21230,BALTIMORE,MD,1625,,US,,,2026-01-11 13:14:40,21230,BALTIMORE,READY,MD,,SOUTHERN MECHANICAL,Y,HIGH,80,,,2607 ANNAPOLIS ROAD,,,Y,,2607 ANNAPOLIS RD,,,,SOUTHERN MECHANICAL,,,,,,,,,,,,,,,,,
,ATS,21227,HALETHORPE,MD,1626,,US,STE #C,,2026-01-11 13:14:42,21227,HALETHORPE,READY,MD,,SOUTHERN MANAGEMENT CORPORATION,Y,HIGH,80,,,SOUTHERN MANAGEMENT CORP,1520 CATON CENTER DRIVE STE C,,Y,,1520 CATON CT DR,,,,MD- SOUTHERN MANAGEMENT CORPORATION,,,,,,,,,,,,,,,,,
,ATS,22182,VIENNA,VA,1627,,US,STE #600,,NaT,22182,VIENNA,REVIEW,VA,,SOUTHERN MANAGEMENT CORPORATION,Y,MEDIUM,100,,,SOUTHERN MANAGEMENT CORP,"1950 OLD GALLOWS RD, SUITE 600",,Y,,1950 OLD GALLOWS RD,,,,VA - SOUTHERN MANAGEMENT CORPORATION,,,,,,,,,,,,,,,,,
,ATS,22601,WINCHESTER,VA,1628,,US,,,2026-01-11 13:14:50,22601,WINCHESTER,READY,VA,,SOUTHERN REFRIGERATION,Y,HIGH,80,,,1175 SOUTH LOUDOUN STREET,,,Y,,1175 S LOUDOUN ST,,,,SOUTHERN REFRIGERATION,,,,,,,,,,,,,,,,,
,ATS,20166,DULLES,VA,1629,,US,SUTIE 110,,2026-01-11 13:14:52,20166,DULLES,READY,VA,,SOUTHLAND INDUSTRIES,Y,HIGH,80,,,21000 ATLANTIC BOULEVARD,SUTIE 110,,Y,,21000 ATLANTIC BLVD,,,,SOUTHLAND INDUSTRIES -email,,,,,,,,,,,,,,,,,
,ATS,22030,FAIRFAX,VA,1630,,US,,,2026-01-11 13:14:54,22030,FAIRFAX,READY,VA,,SOVEREIGN GRACE CHURCH,Y,HIGH,80,,,5200 OX ROAD,,,Y,,5200 OX RD,,,,SOVEREIGN GRACE CHURCH,,,,,,,,,,,,,,,,,
,ATS,21219,SPARROWS POINT,MD,1631,,US,,,2026-01-11 13:14:58,21219,Sparrows Point,READY,MD,,SPEARS MECHANICAL,Y,HIGH,80,,,7200 North Point Road,,,Y,,7200 N POINT RD,,,,SPEARS MECHANICAL - email,,,,,,,,,,,,,,,,,
,ATS,94085,SUNNYVALE,CA,1632,,US,,,2026-01-11 13:15:00,94085,SUNNYVALE,READY,CA,,SPECIALTY A/C PRODUCTS INC,Y,HIGH,80,,,310 SOQUEL WAY,,,Y,,310 SOQUEL WAY,,,,"SPECIALTY A/C PRODUCTS, INC.",,,,,,,,,,,,,,,,,
,ATS,20001,WAHSINGTON,DC,1633,,US,,,NaT,20001,WAHSINGTON,REVIEW,DC,,SPECIALTY CONSTRUCTION MANAGEMENT INC,Y,MEDIUM,100,,,1314 8TH STREET NW,,,Y,,1314 8TH ST NW,,,,SPECIALTY CONSTRUCTION MANAGEMENT INC,,,,,,,,,,,,,,,,,
,ATS,21114,CROFTON,MD,1634,,US,,,NaT,21114,CROFTON,REVIEW,MD,,SPECIFIED ELECTRICAL SYSTEMS LLC,Y,MEDIUM,70,,,PO BOX 4105,EMAIL INVOICES,,Y,,PO BOX 4105,,,,"SPECIFIED ELECTRICAL SYSTEMS, LLC",,,,,,,,,,,,,,,,,
,ATS,35758,MADISON,AL,1635,,US,,,2026-01-11 13:15:04,35758,MADISON,READY,AL,,SPECTRUM SOLUTIONS INC,Y,HIGH,80,,,114 CASTLE DRIVE,EMAIL INVOICE,,Y,,114 CASTLE DR,,,,"SPECTRUM SOLUTIONS, INC.",,,,,,,,,,,,,,,,,
,ATS,21403,ANNAPOLIS,MD,1636,,US,,,2026-01-11 13:15:06,21403,ANNAPOLIS,READY,MD,,SPILLANE ELECTRICAL SERVICES INC,Y,HIGH,80,,,EMAIL INVOICES,117 GARDNER DRIVE,,Y,,117 GARDNER DR,,,,SPILLANE ELECTRICAL SERVICES INC,,,,,,,,,,,,,,,,,
,ATS,22191,WOODBRIDGE,VA,1637,,US,,,2026-01-11 13:15:08,22191,WOODBRIDGE,READY,VA,,SPRINGFIELD CONSTRUCTION,Y,HIGH,80,,,2314 W. LONGVIEW DRIVE,,,Y,,2314 W LONGVIEW DR,,,,SPRINGFIELD CONSTRUCTION,,,,,,,,,,,,,,,,,
,ATS,19904,DOVER,DE,1638,,US,,,NaT,19904,DOVER,REVIEW,DE,,SQUARE ONE ELECTRIC SERVICE COMPANY,Y,MEDIUM,100,,,347 FORK BRANCH ROAD,,,Y,,347 FORK BRANCH RD,,,,SQUARE ONE ELECTRIC SERVICE COMPANY,,,,,,,,,,,,,,,,,
,ATS,21235-0047,BALTIMORE,MD,1639,,US,OFFICE OF FINANCE,,NaT,21235-0047,BALTIMORE,REVIEW,MD,,SOCIAL SECURITY ADMINISTRATION,Y,MEDIUM,70,,,OFFICE OF FINANCE,PO BOX 47,,Y,,PO BOX 47,,,,SOCIAL SECURITY ADMINISTRATION,,,,,,,,,,,,,,,,,
,ATS,21229-5201,BALTIMORE,MD,1640,,US,,,2026-01-11 13:15:14,21229-5201,BALTIMORE,READY,MD,,ST AGNES HEALTHCARE INC,Y,HIGH,80,,,900 CATON AVE,,,Y,,900 CATON AVE,,,,"ST AGNES HEALTHCARE, INC",,,,,,,,,,,,,,,,,
,ATS,21227,BALTIMORE,MD,1641,,US,,,2026-01-11 13:15:16,21227,BALTIMORE,READY,MD,,ST ELIZABETH NURSING HOME,Y,HIGH,80,,,3320 BENSON AVE,,,Y,,3320 BENSON AVE,,,,ST. ELIZABETH NURSING HOME,,,,,,,,,,,,,,,,,
,ATS,21702,FREDERICK,MD,1642,,US,,,2026-01-11 13:15:18,21702,FREDERICK,READY,MD,,ST JOHN REGIONAL CATHOLIC SCHOOL,Y,HIGH,80,,,8414 OPOSSUMTOWN PIKE,,,Y,,8414 OPOSSUMTOWN PIKE,,,,ST JOHN REGIONAL CATHOLIC SCHOOL,,,,,,,,,,,,,,,,,
,ATS,21401,ANNAPOLIS,MD,1643,,US,ST JOHNS COLLEGE C/O BLDGS & GROUNDS,,2026-01-11 13:15:20,21401,ANNAPOLIS,READY,MD,,ST JOHN'S COLLEGE,Y,HIGH,80,,,ST. JOHNS COLLEGE C/O BUILDINGS & GROUNDS,60 COLLEGE AVENUE,,Y,,60 COLLEGE AVE,,,,ST. JOHN'S COLLEGE - EMAIL,,,,,,,,,,,,,,,,,
,ATS,97228,PORTLAND,OR,1644,,US,UOM- ST JOSEPH,,NaT,97228,PORTLAND,REVIEW,OR,,UNIVERSITY OF MARYLAND ST JOSEPH MED,Y,MEDIUM,70,,,UOM- ST. JOSEPH -email INV,PO BOX 6545,,Y,,PO BOX 6545,,,,UNIVERSITY OF MARYLAND ST. JOSEPH MED,,,,,,,,,,,,,,,,,
,ATS,20686,ST MARY'S CITY,MD,1645,,US,,,NaT,20686,ST MARY'S CITY,REVIEW,MD,,ST MARY'S COLLEGE OF MARYLAND,Y,MEDIUM,100,,,ACCOUNTS PAYABLE-EMAIL/MAIL,18952 EAST FISHER ROAD,,Y,,18952 E FISHER RD,,,,ST MARY'S COLLEGE OF MARYLAND,,,,,,,,,,,,,,,,,
,ATS,22207,ARLINGTON,VA,1646,,US,,,2026-01-11 13:15:25,22207,ARLINGTON,READY,VA,,ST MARY'S EPISCOPAL CHURCH,Y,HIGH,80,,,2609 NORTH GLEBE ROAD,,,Y,,2609 N GLEBE RD,,,,ST. MARY'S EPISCOPAL CHURCH,,,,,,,,,,,,,,,,,
,ATS,10523,ELMSFORD,NY,1647,,US,,,NaT,10523,ELMSFORD,REVIEW,NY,,ST MARY'S HOSPITAL,Y,MEDIUM,70,,,PO BOX 518,EMAIL INVOICE,,Y,,PO BOX 518,,,,ST. MARY'S HOSPITAL,,,,,,,,,,,,,,,,,
,ATS,21022-1491,BROOKLANDVILLE,MD,1648,,US,,,2026-01-11 13:15:28,21022-1491,BROOKLANDVILLE,READY,MD,,ST PAUL SCHOOL FOR GIRLS,Y,HIGH,80,,,11232 FALLS ROAD,,,Y,,11232 FALLS RD,,,,ST PAUL SCHOOL FOR GIRLS,,,,,,,,,,,,,,,,,
,ATS,20006,WASHINGTON,DC,1649,,US,,,2026-01-11 13:15:30,20006,WASHINGTON,READY,DC,,ST REGIS,Y,HIGH,80,,,923 16TH ST NW,,,Y,,923 16TH ST NW,,,,ST REGIS,,,,,,,,,,,,,,,,,
,ATS,22203,ARLINGTON,VA,1650,,US,,,2026-01-11 13:15:32,22203,ARLINGTON,READY,VA,,ST GEORGE'S CHURCH,Y,HIGH,80,,,915 N. OAKLAND STREET,,,Y,,915 N OAKLAND ST,,,,ST. GEORGE'S CHURCH - ARLINGTON,,,,,,,,,,,,,,,,,
,ATS,80290,DENVER,CO,1651,,US,STE 1750,,2026-01-11 13:15:34,80290,DENVER,READY,CO,,STACK INFRASTRUCTURE INC,Y,HIGH,80,,,"1700 BROADWAY, STE 1750",EMAIL INVOICES,,Y,,1700 BRDWAY,,,,"STACK INFRASTRUCTURE, INC.",,,,,,,,,,,,,,,,,
,ATS,21050,FOREST HILL,MD,1652,,US,,,2026-01-11 13:15:36,21050,FOREST HILL,READY,MD,,STAMPER ELECTRIC INC,Y,HIGH,80,,,1379 W JARRETTSVILLE ROAD,,,Y,,1379 W JARRETTSVILLE RD,,,,"STAMPER ELECTRIC, INC",,,,,,,,,,,,,,,,,
,ATS,33614,TAMPA,FL,1653,,US,,,NaT,33614,TAMPA,REVIEW,FL,,STAN WEAVER & CO INC,Y,MEDIUM,100,,,460 NORTH CORTEX AVENUE,,,Y,,460 N CORTEX AVE,,,,STAN WEAVER & CO INC,,,,,,,,,,,,,,,,,
,ATS,02780,TAUNTON,MA,1654,,US,,,2026-01-11 13:15:40,02780,TAUNTON,READY,MA,,STAR PRINTING,Y,HIGH,80,,,10 MOZZONE BLVD.,,,Y,,10 MOZZONE BLVD,,,,STAR PRINTING,,,,,,,,,,,,,,,,,
,ATS,27429,GREENSBORO,NC,1655,,US,,,NaT,27429,GREENSBORO,REVIEW,NC,,STARR ELECTRIC COMPANY INC,Y,MEDIUM,70,,,P.O. BOX 9298,,,Y,,PO BOX 9298,,,,STARR ELECTRIC COMPANY INC.,,,,,,,,,,,,,,,,,
,ATS,29415-5008,CHARLESTON,SC,1656,,US,GLOBAL FINS SVCS(RM/GFS/ADO/FM,,NaT,29415-5008,CHARLESTON,REVIEW,SC,,STATE DEPARTMENT,Y,MEDIUM,70,,,GLOBAL FINS SVCS(RM/GFS/ADO/FM,PO BOX 150008,,Y,,PO BOX 150008,,,,STATE DEPARTMENT,,,,,,,,,,,,,,,,,
,ATS,21701,FREDERICK,MD,1657,,US,,,2026-01-11 13:15:42,21701,FREDERICK,READY,MD,,STATE FARM INSURANCE,Y,HIGH,80,,,1 STATE FARM DRIVE,,,Y,,1 STATE FARM DR,,,,STATE FARM INSURANCE,,,,,,,,,,,,,,,,,
,ATS,21221,BALTIMORE,MD,1658,,US,STE #B,,2026-01-11 13:15:44,21221,BALTIMORE,READY,MD,,STATE MECHANICAL,Y,HIGH,80,,,3 NASHUA COURT,SUITE B,,Y,,3 NASHUA CT,,,,STATE MECHANICAL,,,,,,,,,,,,,,,,,
,ATS,21202,BALTIIMORE,MD,1659,,US,DIVISION OF PRE-TRIAL A/P,,NaT,21202,BALTIIMORE,REVIEW,MD,,STATE OF MARYLAND,Y,MEDIUM,100,,,DIVISION OF PRE-TRIAL A/P,531 E. MADISON ST. FINANCE,,Y,,531 E MADISON ST FINANCE,,,,STATE OF MARYLAND,,,,,,,,,,,,,,,,,
,ATS,21801,SALISBURY,MD,1660,,US,,,2026-01-11 13:15:48,21801,SALISBURY,READY,MD,,STATE OF MARYLAND,Y,HIGH,80,,,108 E. MAIN STREET,,,Y,,108 E MAIN ST,,,,STATE OF MARYLAND WICOMICO,,,,,,,,,,,,,,,,,
,ATS,21209,BALTIMORE,MD,1661,,US,,,NaT,21209,BALTIMORE,REVIEW,MD,,STATEWIDE CONTRACTING SERVICES INC,Y,MEDIUM,100,,,1511 SERPENINE RD,,,Y,,1511 SERPENINE RD,,,,"STATEWIDE CONTRACTING SERVICES, INC.",,,,,,,,,,,,,,,,,
,ATS,20785,LANHAM,MD,1662,,US,,,2026-01-11 13:15:53,20785,LANHAM,READY,MD,,STEAMFITTERS LOCAL 602,Y,HIGH,80,,,8509 ARDWICK ARDMORE ROAD,,,Y,,8509 ARDWICK ARDMORE RD,,,,STEAMFITTERS LOCAL 602,,,,,,,,,,,,,,,,,
,ATS,21061,GLEN BURNIE,MD,1663,,US,,,2026-01-11 13:15:55,21061,GLEN BURNIE,READY,MD,,STEEL SECURITY CORPORATION,Y,HIGH,80,,,1463 BRADEN LOOP,,,Y,,1463 BRADEN LOOP,,,,STEEL SECURITY CORPORATION,,,,,,,,,,,,,,,,,
,ATS,21771,MOUNT AIRY,MD,1664,,US,,,NaT,21771,MOUNT AIRY,REVIEW,MD,,STEVEN F BOYKO ASSOCIATES INC,Y,MEDIUM,100,,,2587 VANCE DR,,,Y,,2587 VANCE DR,,,,"STEVEN F. BOYKO ASSOCIATES, INC",,,,,,,,,,,,,,,,,
,ATS,20877,GAITHERSBURG,MD,1665,,US,,,2026-01-11 13:16:07,20877,GAITHERSBURG,READY,MD,,STEWART CONTRACTING,Y,HIGH,80,,,204 WASHINGTON GROVE LANE,,,Y,,204 WASHINGTON GROVE LN,,,,STEWART CONTRACTING,,,,,,,,,,,,,,,,,
,ATS,63102,ST LOUIS,MO,1666,,US,,,2026-01-11 13:16:10,63102,ST. LOUIS,READY,MO,,STIFEL NICOLAUS & COMPANY INC,Y,HIGH,80,,,501 N. BROADWAY ST,,,Y,,501 N BRDWAY ST,,,,"STIFEL, NICOLAUS & COMPANY, INC",,,,,,,,,,,,,,,,,
,ATS,21133,RANDALLSTOWN,MD,1667,,US,,,2026-01-11 13:16:12,21133,RANDALLSTOWN,READY,MD,,STOKIT SUPPLY COMPANY INC,Y,HIGH,80,,,9714 MARRIOTTSVILLE RD,,,Y,,9714 MARRIOTTSVILLE RD,,,,"STOKIT SUPPLY COMPANY, INC.",,,,,,,,,,,,,,,,,
,ATS,21220,MIDDLE RIVER,MD,1668,,US,,,2026-01-11 13:16:14,21220,MIDDLE RIVER,READY,MD,,STONE SERVICES,Y,HIGH,80,,,1120 MIDDLE RIVER RD,,,Y,,1120 MIDDLE RIVER RD,,,,STONE SERVICES,,,,,,,,,,,,,,,,,
,ATS,20814,BETHESDA,MD,1669,,US,STE #700,,2026-01-11 13:16:16,20814,BETHESDA,READY,MD,,STONEBRIDGECARRAS LLC,Y,HIGH,80,,,,7373 WISCONSIN AVE SUITE 700,,Y,,7373 WISCONSIN AVE,,,,"STONEBRIDGECARRAS, LLC -email",,,,,,,,,,,,,,,,,
,ATS,20772,UPPER MARLBORO,MD,1670,,US,,,2026-01-11 13:16:18,20772,UPPER MARLBORO,READY,MD,,STRATEGIC POWER INC,Y,HIGH,80,,,10708 MARY CARROLL CT,EMAIL INVOICE,,Y,,10708 MARY CARROLL CT,,,,STRATEGIC POWER INC,,,,,,,,,,,,,,,,,
,ATS,21701,FREDERICK,MD,1671,,US,,,2026-01-11 13:16:20,21701,FREDERICK,READY,MD,,STULZ AIR TECHNOLOGY SYSTEMS,Y,HIGH,80,,,1572 TILCO DRIVE,EMAIL,,Y,,1572 TILCO DR,,,,STULZ AIR TECHNOLOGY SYSTEMS,,,,,,,,,,,,,,,,,
,ATS,20607,ACCOKEEK,MD,1672,,US,,,2026-01-11 13:16:22,20607,ACCOKEEK,READY,MD,,SUCCESS DESIGN & CONSTRUCTION,Y,HIGH,80,,,709 MANNING ROAD EAST,,,Y,,709 MANNING RD E,,,,SUCCESS DESIGN & CONSTRUCTION,,,,,,,,,,,,,,,,,
,ATS,21236,NORTH CHESTERFIELD,VA,1673,,US,,,2026-01-11 13:16:24,21236,NORTH CHESTERFIELD,READY,VA,,SUPER RADIATOR COILS,Y,HIGH,80,,,451 SOUTHLAKE BOULEVARD,,,Y,,451 SLAKE BLVD,,,,SUPER RADIATOR COILS,,,,,,,,,,,,,,,,,
,ATS,20705,BELTSVILLE,MD,1674,,US,,,2026-01-11 13:16:26,20705,BELTSVILLE,READY,MD,,SUPERIOR MECHANICAL SERVICES,Y,HIGH,80,,,6655 MID CITIES AVENUE,,,Y,,6655 MID CITIES AVE,,,,SUPERIOR MECHANICAL SERVICES,,,,,,,,,,,,,,,,,
,ATS,20850,ROCKVILLE,MD,1675,,US,,,NaT,20850,ROCKVILLE,REVIEW,MD,,SUPERNUS PHARMACEUTICALS INC,Y,MEDIUM,100,,,9715 KEY WEST AVE,,,Y,,9715 KEY W AVE,,,,"SUPERNUS PHARMACEUTICALS, INC.",,,,,,,,,,,,,,,,,
,ATS,21784,SYKESVILLE,MD,1676,,US,,,NaT,21784,SYKESVILLE,REVIEW,MD,,SUPPLIES & SERVICES INTERNATIONAL INC,Y,MEDIUM,100,,,5356 WENDY ROAD,EMAIL INVOICES,,Y,,5356 WENDY RD,,,,SUPPLIES & SERVICES INTERNATIONAL INC.,,,,,,,,,,,,,,,,,
,ATS,21084,JARRETTSVILLE,MD,1677,,US,,,NaT,21084,JARRETTSVILLE,REVIEW,MD,,SUPREME MECHANICAL SERVICES,Y,MEDIUM,70,,,P.O. BOX 157,,,Y,,PO BOX 157,,,,SUPREME MECHANICAL SERVICES,,,,,,,,,,,,,,,,,
,ATS,20817,BETHESDA,MD,1678,,US,STE #100,,2026-01-11 13:16:32,20817,BETHESDA,READY,MD,,SURGCENTER OF THE POTOMAC LLC,Y,HIGH,80,,,"6500 ROCK SPRING DRIVE, STE 100",EMAIL INVOICES,,Y,,6500 ROCK SPRING DR,,,,"SURGCENTER OF THE POTOMAC, LLC",,,,,,,,,,,,,,,,,
,ATS,19947,GEORGETOWN,DE,1679,,US,,,NaT,19947,GEORGETOWN,REVIEW,DE,,SUSSEX COUNTY GOVERNMENT,Y,MEDIUM,70,,,P.O. BOX 587,2 THE CIRCLE,,Y,,PO BOX 587,2 THE CIR,,,SUSSEX COUNTY GOVERNMENT,,,,,,,,,,,,,,,,,
,ATS,21093,TIMONIUM,MD,1680,,US,,,2026-01-11 13:16:34,21093,TIMONIUM,READY,MD,,SWEET AIR TECHNOLOGIES,Y,HIGH,80,,,326 QUAKER RIDGE ROAD,,,Y,,326 QUAKER RIDGE RD,,,,SWEET AIR TECHNOLOGIES,,,,,,,,,,,,,,,,,
,ATS,22701,CULPEPER,VA,1681,,US,ACCOUNTS PAYABLE DEPARTMENT,,NaT,22701,CULPEPER,REVIEW,VA,,SWIFT,Y,MEDIUM,70,,,ACCOUNTS PAYABLE DEPARTMENT,PO BOX 2005,,Y,,PO BOX 2005,,,,SWIFT,,,,,,,,,,,,,,,,,
,ATS,21027-0537,CHASE,MD,1682,,US,,,NaT,21027-0537,CHASE,REVIEW,MD,,SYNERGY MECHANICAL SOLUTIONS,Y,MEDIUM,70,,,PO BOX 537,,,Y,,PO BOX 537,,,,SYNERGY MECHANICAL SOLUTIONS,,,,,,,,,,,,,,,,,
,ATS,45069,WEST CHESTER,OH,1683,,US,,,2026-01-11 13:16:36,45069,WEST CHESTER,READY,OH,,SYSTECON INC,Y,HIGH,80,,,6121 SCHUMACHER PARK DRIVE,,,Y,,6121 SCHUMACHER PARK DR,,,,"SYSTECON, INC",,,,,,,,,,,,,,,,,
,ATS,45069,WEST CHESTER,OH,1684,,US,,,2026-01-11 13:16:38,45069,WEST CHESTER,READY,OH,,SYSTECON INC,Y,HIGH,80,,,6121 SCHUMACHER PARK DRIVE,,,Y,,6121 SCHUMACHER PARK DR,,,,"SYSTECON, INC",,,,,,,,,,,,,,,,,
,ATS,20879,GAITHERSBURG,MD,1685,,US,,,NaT,20879,GAITHERSBURG,REVIEW,MD,,SYSTEMS 4 INC,Y,MEDIUM,100,,,18942 BONANZA WAY,EMAIL,,Y,,18942 BONANZA WAY,,,,"SYSTEMS 4, INC",,,,,,,,,,,,,,,,,
,ATS,21227,BALTIMORE,MD,1686,,US,,,2026-01-11 13:16:42,21227,BALTIMORE,READY,MD,,T&D PLUMBING & HEATING,Y,HIGH,80,,,1628 SULPHUR SPRING ROAD,,,Y,,1628 SULPHUR SPRING RD,,,,T&D PLUMBING & HEATING,,,,,,,,,,,,,,,,,
,ATS,21289-3103,BALTIMORE,MD,1687,,US,014-3103/JLL PROPERTY ADMINISTATOR,,NaT,21289-3103,BALTIMORE,REVIEW,MD,,T ROWE PRICE / JONES LANG LASALLE,Y,MEDIUM,70,,,ATTN: PROPERTY ADMINISTATOR,014-3103/JLL     P.O.BOX 89000,,Y,,PO BOX 89000,,,,T. ROWE PRICE /  JONES LANG LASALLE,,,,,,,,,,,,,,,,,
,ATS,00216,SITTSVILLE,ON,1688,,CA,DBA TAMCO,,NaT,K2S 1E6,STITTSVILLE,REVIEW,ON,,TA MORRISON,Y,MEDIUM,100,,,DBA TAMCO,27 IBER ROAD,,Y,,27 IBER RD,,,,T.A. MORRISON,,,,,,,,,,,,,,,,,
,ATS,20735,CLINTON,MD,1689,,US,,,NaT,20735,CLINTON,REVIEW,MD,,TJ HOLT ELECTRIC,Y,MEDIUM,100,,,8505 SUMTER LANE,,,Y,,8505 SUMTER LN,,,,T.J. HOLT ELECTRIC,,,,,,,,,,,,,,,,,
,ATS,21045,COLUMBIA,MD,1690,,US,STE #300,,NaT,21045,COLUMBIA,REVIEW,MD,,SCHNEIDER ELECTRIC BUILD CRITICAL SYS,Y,MEDIUM,100,,,8989 HERMANN DRIVE,SUITE 300,,Y,,8989 HERMANN DR,,,,SCHNEIDER ELECTRIC BUILD. CRITICAL SYS,,,,,,,,,,,,,,,,,
,ATS,21207,GWYNN OAK,MD,1691,,US,,,2026-01-11 13:16:50,21207,GWYNN OAK,READY,MD,,TAG DISTRIBUTION & SUPPLY LLC,Y,HIGH,80,,,6710 FOX MEADOW ROAD,,,Y,,6710 FOX MEADOW RD,,,,TAG DISTRIBUTION & SUPPLY LLC,,,,,,,,,,,,,,,,,
,ATS,21117,OWINGS MILLS,MD,1692,,US,STE #300,,2026-01-11 13:16:52,21117,OWINGS MILLS,READY,MD,,TAI SPECIALTY CONSTRUCTION INC,Y,HIGH,80,,,600 RED BROOK BLVD,SUITE 300 - EMAIL INVOICES,,Y,,600 RED BROOK BLVD,,,,TAI SPECIALTY CONSTRUCTION INC,,,,,,,,,,,,,,,,,
,ATS,00216,SITTSVILLE,ON,1693,,CA,,,NaT,K2S 1E6,ONTARIO,REVIEW,,,TAMCO,Y,MEDIUM,100,,,27 IBER ROAD,SITTSVILLE (OTTAWA),,Y,,27 IBER RD,,,,TAMCO,,,,,,,,,,,,,,,,,
,ATS,21801,SALISBURY,MD,1694,,US,,,2026-01-11 13:16:57,21801,SALISBURY,READY,MD,,TAPMANS REFRIGERATION,Y,HIGH,80,,,2231 NORTHWOOD DR,,,Y,,2231 NWOOD DR,,,,TAPMANS REFRIGERATION,,,,,,,,,,,,,,,,,
,ATS,21784,SYKESVILLE,MD,1695,,US,,,NaT,21784,SYKESVILLE,REVIEW,MD,,TARGET ELECTRIC INC,Y,MEDIUM,70,,,PO BOX 1427,,,Y,,PO BOX 1427,,,,"TARGET ELECTRIC, INC",,,,,,,,,,,,,,,,,
,ATS,21227,BALTIMORE,MD,1696,,US,,,2026-01-11 13:16:59,21227,BALTIMORE,READY,MD,,TATE ENGINEERING SYSTEMS INC,Y,HIGH,80,,,3921 VERO ROAD,EMAIL INVOICE,,Y,,3921 VERO RD,,,,"TATE ENGINEERING SYSTEMS, INC.",,,,,,,,,,,,,,,,,
,ATS,99503,ANCHORAGE,AK,1697,,US,STE 400,,2026-01-11 13:17:01,99503,ANCHORAGE,READY,AK,,TATITILEK TECHNOLOGIES INC,Y,HIGH,80,,,"561 E. 36TH AVE., STE 400",,,Y,,561 E 36TH AVE,,,,"TATITILEK TECHNOLOGIES, INC.",,,,,,,,,,,,,,,,,
,ATS,21227,BALTIMORE,MD,1698,,US,,,2026-01-11 13:17:05,21227,BALTIMORE,READY,MD,,TEAM SERVICE CORPORATION,Y,HIGH,80,,,1401 ANGELA AVENUE,,,Y,,1401 ANGELA AVE,,,,TEAM SERVICE CORPORATION,,,,,,,,,,,,,,,,,
,ATS,21046,COLUMBIA,MD,1699,,US,STE #104,,NaT,21046,COLUMBIA,REVIEW,MD,,TECH SITE SERVICES LLC,Y,MEDIUM,100,,,"7226 LEE DEFOREST DRIVE,",SUITE 104,,Y,,7226 LEE DEFOREST DR,,,,"TECH SITE SERVICES, LLC",,,,,,,,,,,,,,,,,
,ATS,20745,OXON HILL,MD,1700,,US,STE #201,,2026-01-11 13:17:09,20745,OXON HILL,READY,MD,,TECHNOLOGY SERVICE GROUP LLC,Y,HIGH,80,,,"147 WATERFRONT STREET, SUITE 201",EMAIL INVOICE,,Y,,147 WATERFRONT ST,,,,"TECHNOLOGY SERVICE GROUP, LLC",,,,,,,,,,,,,,,,,
,ATS,22202,ARLINGTON,VA,1701,,US,,,2026-01-11 13:17:11,22202,ARLINGTON,READY,VA,,TECHNOLOGY SERVICES CORPORATION,Y,HIGH,80,,,251 18TH STREET SOUTH,,,Y,,251 18TH ST S,,,,TECHNOLOGY SERVICES CORPORATION,,,,,,,,,,,,,,,,,
,ATS,22030,FAIRFAX,VA,1702,,US,,,2026-01-11 13:17:13,22030,FAIRFAX,READY,VA,,TEEL CONSTRUCTION INC,Y,HIGH,80,,,3920 UNIVERSITY DRIVE,,,Y,,3920 UNIVERSITY DR,,,,"TEEL CONSTRUCTION, INC",,,,,,,,,,,,,,,,,
,ATS,21219,SPARROWS POINT,MD,1703,,US,STE #100,,2026-01-11 13:17:15,21219,SPARROWS POINT,READY,MD,,TEGELER CONSTRUCTION & SUPPLY,Y,HIGH,80,,,"1900 FINISHING MILL RD., SUITE 100",,,Y,,1900 FINISHING MILL RD,,,,TEGELER CONSTRUCTION & SUPPLY,,,,,,,,,,,,,,,,,
,ATS,19940,DELMAR,DE,1704,,US,,,NaT,19940,DELMAR,REVIEW,DE,,ENVIROTROLS GROUP INC,Y,MEDIUM,70,,,PO BOX 467,EMAIL INVOICE,,Y,,PO BOX 467,,,,"ENVIROTROLS GROUP, INC",,,,,,,,,,,,,,,,,
,ATS,21754,IJAMSVILLE,MD,1705,,US,,,NaT,21754,IJAMSVILLE,REVIEW,MD,,TELECORE,Y,MEDIUM,100,,,10500 WHISKEY ROAD,EMAIL INVOICE,,Y,,10500 WHISKEY RD,,,,TELECORE,,,,,,,,,,,,,,,,,
,ATS,20781,HYATTSVILLE,MD,1706,,US,STE #D,,NaT,20781,HYATTSVILLE,REVIEW,MD,,TELRR JOINT VENTURE LLC,Y,MEDIUM,100,,,5550 TUXEDO ROAD,SUITE D - EMAIL,,Y,,5550 TUXEDO RD,,,,"TELRR JOINT VENTURE, LLC",,,,,,,,,,,,,,,,,
,ATS,21117,OWINGS MILLS,MD,1707,,US,,,2026-01-11 13:17:21,21117,OWINGS MILLS,READY,MD,,TEMP AIR COMPANY INC,Y,HIGH,80,,,51 GWYNNS MILL CT,,,Y,,51 GWYNNS MILL CT,,,,"TEMP AIR COMPANY, INC. - email",,,,,,,,,,,,,,,,,
,ATS,08873,SOMERSET,NJ,1708,,US,STE #320,,2026-01-11 13:17:22,08873,SOMERSET,READY,NJ,,TERUMO MEDICAL CORPORATION,Y,HIGH,80,,,EMAIL INVOICE,265 DAVIDSON AVE  SUITE 320,,Y,,265 DAVIDSON AVE,,,,TERUMO MEDICAL CORPORATION,,,,,,,,,,,,,,,,,
,ATS,22201,ARLINGTON,VA,1709,,US,STE #400,,2026-01-11 13:17:25,22201,ARLINGTON,READY,VA,,TETRA TECH,Y,HIGH,80,,,2200 WILSON BLVD.,SUITE 400,,Y,,2200 WILSON BLVD,,,,TETRA TECH,,,,,,,,,,,,,,,,,
,ATS,75267,DALLAS,TX,1710,,US,,,NaT,75267,DALLAS,REVIEW,TX,,TEXAS AIR SYSTEMS,Y,MEDIUM,70,,,PO BOX 675315,,,Y,,PO BOX 675315,,,,TEXAS AIR SYSTEMS,,,,,,,,,,,,,,,,,
,ATS,21030,HUNT VALLEY,MD,1711,,US,,,NaT,21030,HUNT VALLEY,REVIEW,MD,,TEXTRON SYSTEMS,Y,MEDIUM,100,,,124 INDUSTRY LANE,,,Y,,124 INDUSTRY LN,,,,TEXTRON SYSTEMS,,,,,,,,,,,,,,,,,
,ATS,99501,ANCHORAGE,AK,1712,,US,STE #9B,,2026-01-11 13:17:30,99501,ANCHORAGE,READY,AK,,TEYA TECHNOLOGIES LLC,Y,HIGH,80,,,101 E. 9TH AVE,SUITE 9B - EMAIL,,Y,,101 E 9TH AVE,,,,"TEYA TECHNOLOGIES, LLC",,,,,,,,,,,,,,,,,
,ATS,21221,BALTIMORE,MD,1713,,US,,,2026-01-11 13:17:32,21221,BALTIMORE,READY,MD,,TFC AUTOMATION,Y,HIGH,80,,,806 RACE ROAD,,,Y,,806 RACE RD,,,,TFC AUTOMATION,,,,,,,,,,,,,,,,,
,ATS,21093,TIMONIUM,MD,1714,,US,,,2026-01-11 13:17:34,21093,TIMONIUM,READY,MD,,TFC EQUIPMENT INC,Y,HIGH,80,,,2211 OLD BOSLEY ROAD,,,Y,,2211 OLD BOSLEY RD,,,,"TFC EQUIPMENT, INC.",,,,,,,,,,,,,,,,,
,ATS,17363,STEWARTSTOWN,PA,1715,,US,,,NaT,17363,STEWARTSTOWN,REVIEW,PA,,THARCO INC,Y,MEDIUM,70,,,P.O. BOX 759,105 BERKSHIRE LANE,,Y,,PO BOX 759,105 BERKSHIRE LN,,,"THARCO, INC.",,,,,,,,,,,,,,,,,
,ATS,21211,BALTIMORE,MD,1716,,US,STE #201,,2026-01-11 13:17:36,21211,BALTIMORE,READY,MD,,USE ADVANCED INDOOR RESOUR,Y,HIGH,80,,,2801 SISSON STREET,SUITE 201,,Y,,2801 SISSON ST,,,,DO NOT USE - USE ADVANCED INDOOR RESOUR,,,,,,,,,,,,,,,,,
,ATS,20005,WASHINGTON,DC,1717,,US,STE #300 N,,2026-01-11 13:17:38,20005,WASHINGTON,READY,DC,,THE AKRIDGE COMPANY,Y,HIGH,80,,,601 13TH STREET NW,SUITE 300 NORTH,,Y,,601 13TH ST NW,,,,THE AKRIDGE COMPANY,,,,,,,,,,,,,,,,,
,ATS,14606,ROCHESTER,NY,1718,,US,,,2026-01-11 13:17:40,14606,ROCHESTER,READY,NY,,THE BELL COMPANY,Y,HIGH,80,,,1340 LEXINGTON AVE,,,Y,,1340 LEXINGTON AVE,,,,THE BELL COMPANY,,,,,,,,,,,,,,,,,
,ATS,21209,BALTIMORE,MD,1719,,US,,,2026-01-11 13:17:44,21209,BALTIMORE,READY,MD,,THE DEXTER COMPANY,Y,HIGH,80,,,5717 FALLS ROAD,,,Y,,5717 FALLS RD,,,,THE DEXTER COMPANY,,,,,,,,,,,,,,,,,
,ATS,37203,NASHVILLLE,TN,1720,,US,,,NaT,37203,NASHVILLLE,REVIEW,TN,,HCA CORPORATE OFFICE,Y,MEDIUM,100,,,ONE PARK PLAZA,,,Y,,ONE PARK PLAZA,,,,HCA CORPORATE OFFICE,,,,,,,,,,,,,,,,,
,ATS,20817,BETHESDA,MD,1721,,US,,,2026-01-11 13:17:48,20817,BETHESDA,READY,MD,,THE HOLTON ARMS SCHOOL,Y,HIGH,80,,,7303 RIVER ROAD,,,Y,,7303 RIVER RD,,,,THE HOLTON ARMS SCHOOL,,,,,,,,,,,,,,,,,
,ATS,21158,WESTMINSTER,MD,1722,,US,,,2026-01-11 13:17:50,21158,WESTMINSTER,READY,MD,,THE JORDON COMPANY,Y,HIGH,80,,,214 LINGANORE COURT,,,Y,,214 LINGANORE CT,,,,THE JORDON COMPANY,,,,,,,,,,,,,,,,,
,ATS,20566-0001,WASHINGTON,DC,1723,,US,,,2026-01-11 13:17:52,20566-0001,WASHINGTON,READY,DC,,THE KENNEDY CENTER,Y,HIGH,80,,,"2700 F STREET, NW",EMAIL INVOICES,,Y,,2700 F ST NW,,,,THE KENNEDY CENTER,,,,,,,,,,,,,,,,,
,ATS,20774,UPPER MARLBORO,MD,1724,,US,STE #B,,2026-01-11 13:17:54,20774,UPPER MARLBORO,READY,MD,,THE SEVERN GROUP,Y,HIGH,80,,,375 PRINCE GEORGE'S BLVD,SUITE B - EMAIL,,Y,,375 PRINCE GEORGE'S BLVD,,,,THE SEVERN GROUP,,,,,,,,,,,,,,,,,
,ATS,21093-9969,TIMONIUM,MD,1725,,US,STE 400,,2026-01-11 13:17:56,21093-9969,TIMONIUM,READY,MD,,THE TRANE COMPANY,Y,HIGH,80,,,"9603 DEERECO ROAD, STE 400",,,Y,,9603 DEERECO RD,,,,THE TRANE COMPANY,,,,,,,,,,,,,,,,,
,ATS,19348,KENNETT SQUARE,PA,1726,,US,,,2026-01-11 13:17:59,19348,KENNETT SQUARE,READY,PA,,THE TRI-M GROUP LLC,Y,HIGH,80,,,204 GALE LANE,,,Y,,204 GALE LN,,,,THE TRI-M GROUP LLC,,,,,,,,,,,,,,,,,
,ATS,18101,ALLENTOWN,PA,1727,,US,STE #1100,,2026-01-11 13:18:01,18101,ALLENTOWN,READY,PA,,TUSTIN MECHANICAL SERVICES,Y,HIGH,80,,,"645 HAMILTON ST., STE 1100",EMAIL INVOICES,,Y,,645 HAMILTON ST,,,,TUSTIN MECHANICAL SERVICES,,,,,,,,,,,,,,,,,
,ATS,20006,WASHINGTON,DC,1728,,US,,,2026-01-11 13:18:03,20006,WASHINGTON,READY,DC,,THE WHITE HOUSE HISTORICAL ASSOCIATION,Y,HIGH,80,,,1610 H STREET NW,,,Y,,1610 H ST NW,,,,THE WHITE HOUSE HISTORICAL ASSOCIATION,,,,,,,,,,,,,,,,,
,ATS,21771,MT AIRY,MD,1729,,US,,,NaT,21771,MT AIRY,REVIEW,MD,,THERMAL DEVICES,Y,MEDIUM,70,,,1702 BACK ACRE CIRCLE,PO BOX 560 - EMAIL INVOICES,,Y,,PO BOX 560,1702 BACK ACRE CIR,,,THERMAL DEVICES,,,,,,,,,,,,,,,,,
,ATS,21037,EDGEWATER,MD,1730,,US,,,2026-01-11 13:18:05,21037,EDGEWATER,READY,MD,,THERMOCLINE INC,Y,HIGH,80,,,17 POPLAR POINT RD,,,Y,,17 POPLAR POINT RD,,,,"THERMOCLINE, INC",,,,,,,,,,,,,,,,,
,ATS,60126,ELMHURST,IL,1731,,US,UNIT #1,,2026-01-11 13:18:07,60126,ELMHURST,READY,IL,,THERMOSYSTEMS INC,Y,HIGH,80,,,960 INDUSTRIAL DRIVE,UNIT #1,,Y,,960 INDUSTRIAL DR,,,,"THERMOSYSTEMS, INC.",,,,,,,,,,,,,,,,,
,ATS,33684,TAMPA,FL,1732,,US,,,NaT,33684,TAMPA,REVIEW,FL,,THERMOTECH ENTERPRISE INC,Y,MEDIUM,70,,,PO Box 15698,,,Y,,PO BOX 15698,,,,"THERMOTECH ENTERPRISE, INC",,,,,,,,,,,,,,,,,
,ATS,34677,OLDSMAR,FL,1733,,US,,,NaT,34677,OLDSMAR,REVIEW,FL,,THERMOTECH ENTERPRISE,Y,MEDIUM,70,,,281 DOUGLAS ROAD E,PO BOX 1607,,Y,,PO BOX 1607,281 DOUGLAS RD E,,,THERMOTECH ENTERPRISE,,,,,,,,,,,,,,,,,
,ATS,20886,MONTGOMERY,MD,1734,,US,,,2026-01-11 13:18:09,20886,MONTGOMERY,READY,MD,,THOMAS CHOICE GARDENS,Y,HIGH,80,,,19401 BRASSIE PLACE,,,Y,,19401 BRASSIE PL,,,,THOMAS CHOICE GARDENS,,,,,,,,,,,,,,,,,
,ATS,20910,SILVER SPRING,MD,1735,,US,,,2026-01-11 13:18:11,20910,SILVER SPRING,READY,MD,,THOMAS E CLARK,Y,HIGH,80,,,2412 LINDEN LANE,,,Y,,2412 LINDEN LN,,,,THOMAS E. CLARK,,,,,,,,,,,,,,,,,
,ATS,20774,UPPER MARLBORO,MD,1736,,US,CENTRAL DISTRIBUTION CTR,,2026-01-11 13:18:13,20774,UPPER MARLBORO,READY,MD,,THOMAS SOMERVILLE CO,Y,HIGH,80,,,CENTRAL DISTRIBUTION CTR,16155 TRADE ZONE AVENUE,,Y,,16155 TRADE ZONE AVE,,,,THOMAS SOMERVILLE CO.,,,,,,,,,,,,,,,,,
,ATS,20794,JESSUP,MD,1737,,US,,,NaT,20794,JESSUP,REVIEW,MD,,THORLABS QUANTUM ELECTRONICS,Y,MEDIUM,100,,,10335 GUILFORD ROAD,,,Y,,10335 GUILFORD RD,,,,THORLABS QUANTUM ELECTRONICS,,,,,,,,,,,,,,,,,
,ATS,20850,ROCKVILLE,MD,1738,,US,STE #204,,2026-01-11 13:18:17,20850,ROCKVILLE,READY,MD,,THORNTON SERVICES,Y,HIGH,80,,,,"2401 RESEARCH BLVD, STE 204",,Y,,2401 RESEARCH BLVD,,,,THORNTON SERVICES,,,,,,,,,,,,,,,,,
,ATS,20774-8733,UPPER MARLBORO,MD,1739,,US,,,2026-01-11 13:18:24,20774-8733,UPPER MARLBORO,READY,MD,,THOS SOMERVILLE CO,Y,HIGH,80,,,16155 TRADE ZONE AVENUE,,,Y,,16155 TRADE ZONE AVE,,,,THOS SOMERVILLE CO,,,,,,,,,,,,,,,,,
,ATS,21617,CENTREVILLE,MD,1740,,US,,,NaT,21617,CENTREVILLE,REVIEW,MD,,THREE GENERATIONS REFRIGERATION,Y,MEDIUM,100,,,1367 SPANIARD NECK ROAD,EMAIL & MAIL INVOICE,,Y,,1367 SPANIARD NECK RD,,,,THREE GENERATIONS REFRIGERATION,,,,,,,,,,,,,,,,,
,ATS,21017,BELCAMP,MD,1741,,US,,,2026-01-11 13:18:27,21017,BELCAMP,READY,MD,,TIC GUMS INC,Y,HIGH,80,,,4609 RICHLYNN DRIVE,,,Y,,4609 RICHLYNN DR,,,,"TIC GUMS, INC.",,,,,,,,,,,,,,,,,
,ATS,21075,ELKRIDGE,MD,1742,,US,STE #A,,2026-01-11 13:18:29,21075,ELKRIDGE,READY,MD,,TIDEWATER INC,Y,HIGH,80,,,EMAIL INVOICE,"6625 SELNICK DRIVE, SUITE A",,Y,,6625 SELNICK DR,,,,"TIDEWATER, INC",,,,,,,,,,,,,,,,,
,ATS,20006,WASHINGTON,DC,1743,,US,1750 H ST NW,,NaT,20006,WASHINGTON,REVIEW,DC,,TISHMAN SPEYER,Y,MEDIUM,100,,,1747/1775 Pennsylvania Ave,1750 H ST NW,,Y,,1747/1775 PENNSYLVANIA AVE,,,,TISHMAN SPEYER,,,,,,,,,,,,,,,,,
,ATS,20111,MANASSAS PARK,VA,1744,,US,,,2026-01-11 13:18:33,20111,MANASSAS PARK,READY,VA,,TITAN MECHANICAL,Y,HIGH,80,,,"9104 MANASSAS DRIVE, UNIT T",EMAIL INVOICES,,Y,,9104 MANASSAS DR UNIT T,,,,TITAN MECHANICAL,,,,,,,,,,,,,,,,,
,ATS,21239,BALTIMORE,MD,1745,,US,,,2026-01-11 13:18:35,21239,BALTIMORE,READY,MD,,TKR HOME REPAIRS,Y,HIGH,80,,,1258 CEDARCROFT ROAD,,,Y,,1258 CEDARCROFT RD,,,,TKR HOME REPAIRS,,,,,,,,,,,,,,,,,
,ATS,21401,ANNAPOLIS,MD,1746,,US,STE #300,,2026-01-11 13:18:37,21401,ANNAPOLIS,READY,MD,,TLC LASER EYE CENTER -ANNAPOLIS,Y,HIGH,80,,,2002 MEDICAL PARKWAY,SUITE 300,,Y,,2002 MEDICAL PKWY,,,,TLC LASER EYE CENTER -ANNAPOLIS,,,,,,,,,,,,,,,,,
,ATS,21040,EDGEWOOD,MD,1747,,US,STE #201,,2026-01-11 13:18:39,21040,EDGEWOOD,READY,MD,,T & M CONSTRUCTION INC,Y,HIGH,80,,,1304 BUSINESS CENTER WAY,SUITE 201,,Y,,1304 BUSINESS CT WAY,,,,"T AND M CONSTRUCTION, INC",,,,,,,,,,,,,,,,,
,ATS,00915,POINT-CLAIRE,QC,1748,,CA,,,NaT,H9R 1E5,POINT-CLAIRE,REVIEW,QC,,TMI CLIMATE SOLUTIONS,Y,MEDIUM,100,,,ACCOUNTS PAYABLE,"117, BOUL.HYMUS",,Y,,117 BOULHYMUS,,,,TMI CLIMATE SOLUTIONS CANADA -email,,,,,,,,,,,,,,,,,
,ATS,48442,HOLLY,MI,1749,,US,,,NaT,48442,HOLLY,REVIEW,MI,,TMI CUSTOM AIR SYSTEMS,Y,MEDIUM,100,,,ACCOUNTS PAYABLE,200 QUALITY WAY - EMAIL,,Y,,200 QUALITY WAY,,,,TMI,,,,,,,,,,,,,,,,,
,ATS,48442,HOLLY,MI,1750,,US,,,NaT,48442,HOLLY,REVIEW,MI,,TMI CUSTOM AIR SYSTEMS,Y,MEDIUM,100,,,ACCOUNTS PAYABLE,200 QUALITY WAY,,Y,,200 QUALITY WAY,,,,TMI CUSTOM AIR SYSTEMS,,,,,,,,,,,,,,,,,
,ATS,80239,DENVER,CO,1751,,US,,,2026-01-11 13:18:50,80239,DENVER,READY,CO,,TOLIN MECHANICAL SYSTEMS CO,Y,HIGH,80,,,12005 E 45TH AVENUE,,,Y,,12005 E 45TH AVE,,,,TOLIN MECHANICAL SYSTEMS CO,,,,,,,,,,,,,,,,,
,ATS,22701,CULPEPER,VA,1752,,US,,,2026-01-11 13:18:52,22701,CULPEPER,READY,VA,,THOMAS HALNON,Y,HIGH,80,,,16396 NORMAN ROAD,,,Y,,16396 NORMAN RD,,,,THOMAS HALNON,,,,,,,,,,,,,,,,,
,ATS,07701,RED BANK,NJ,1753,,US,,,2026-01-11 13:18:54,07701,RED BANK,READY,NJ,,TORCON INC,Y,HIGH,80,,,328 NEWMAN SPRINGS ROAD,,,Y,,328 NEWMAN SPRINGS RD,,,,"TORCON, INC",,,,,,,,,,,,,,,,,
,ATS,21211,BALTIMORE,MD,1754,,US,,,2026-01-11 13:18:56,21211,BALTIMORE,READY,MD,,TOTAL BUILDING SERVICES INC,Y,HIGH,80,,,3618 HICKORY AVENUE,,,Y,,3618 HICKORY AVE,,,,"TOTAL BUILDING SERVICES, INC.",,,,,,,,,,,,,,,,,
,ATS,07724,EATONTOWN,NJ,1755,,US,,,2026-01-11 13:18:58,07724,EATONTOWN,READY,NJ,,TOTAL COMFORT HVAC,Y,HIGH,80,,,246 INDUSTRIAL WAY WEST,,,Y,,246 INDUSTRIAL WAY W,,,,TOTAL COMFORT HVAC,,,,,,,,,,,,,,,,,
,ATS,21154,STREET,MD,1756,,US,,,NaT,21154,STREET,REVIEW,MD,,TOTAL ENERGY CONCEPTS,Y,MEDIUM,100,,,2620 DUBLIN ROAD,,,Y,,2620 DUBLIN RD,,,,TOTAL ENERGY CONCEPTS,,,,,,,,,,,,,,,,,
,ATS,22408,FREDERICKSBURG,VA,1757,,US,,,2026-01-11 13:19:03,22408,FREDERICKSBURG,READY,VA,,TOTAL MECHANICAL SOLUTIONS,Y,HIGH,80,,,10908 COURTHOUSE ROAD,,,Y,,10908 CTHOUSE RD,,,,TOTAL MECHANICAL SOLUTIONS,,,,,,,,,,,,,,,,,
,ATS,21234,PARKVILLE,MD,1758,,US,,,2026-01-11 13:19:05,21234,PARKVILLE,READY,MD,,TOWSON MECHANICAL,Y,HIGH,80,,,8651 OAKLEIGH ROAD,EMAIL INVOICE,,Y,,8651 OAKLEIGH RD,,,,TOWSON MECHANICAL,,,,,,,,,,,,,,,,,
,ATS,21252,TOWSON,MD,1759,,US,,,2026-01-11 13:19:07,21252,TOWSON,READY,MD,,TOWSON U FACILITIES MGMT,Y,HIGH,80,,,ATTN: ACCOUNTS PAYABLE,8000 YORK ROAD - EMAIL,,Y,,8000 YORK RD,,,,TOWSON U. FACILITIES MGMT.,,,,,,,,,,,,,,,,,
,ATS,93117-3021,SANTA BARBARA,CA,1760,,US,,,2026-01-11 13:19:09,93117-3021,SANTA BARBARA,READY,CA,,TOYON CORPORATION,Y,HIGH,80,,,6800 CORTONA DRIVE,,,Y,,6800 CORTONA DR,,,,TOYON CORPORATION,,,,,,,,,,,,,,,,,
,ATS,22122,NEWINGTON,VA,1761,,US,,,NaT,22122,NEWINGTON,REVIEW,VA,,TRADEMASTERS SERVICES CORP,Y,MEDIUM,70,,,ACCOUNTS PAYABLE - EMAIL,PO BOX 516,,Y,,PO BOX 516,,,,TRADEMASTERS SERVICES CORP,,,,,,,,,,,,,,,,,
,ATS,28036,DAVIDSON,NC,1762,,US,C/O INGERSOLL RAND,,NaT,28036,DAVIDSON,REVIEW,NC,,TRANE BUSINESS SYSTEM,Y,MEDIUM,70,,,C/O INGERSOLL RAND,PO BOX 2380,,Y,,PO BOX 2380,,,,TRANE BUSINESS SYSTEM- email,,,,,,,,,,,,,,,,,
,ATS,,,,1763,,US,,,NaT,,,INVALID,,,TRANE PERSONNEL,Y,LOW,20,,,,,,Y,,,,,,TRANE PERSONNEL,,,,,,,,,,,,,,,,,
,ATS,21209,BALTIMORE,MD,1764,,US,STE #1100,,2026-01-11 13:19:13,21209,BALTIMORE,READY,MD,,MT WASHINGTON CAMPUS SOUTH BUSINESS,Y,HIGH,80,,,5801 SMITH AVENUE,SUITE 1100 - email,,Y,,5801 SMITH AVE,,,,MT WASHINGTON CAMPUS SOUTH BUSINESS,,,,,,,,,,,,,,,,,
,ATS,21209,BALTIMORE,MD,1765,,US,STE #100,,2026-01-11 13:19:15,21209,BALTIMORE,READY,MD,,TRANSWESTERN MT WASHINGTON,Y,HIGH,80,,,5801 SMITH AVE,SUITE 100,,Y,,5801 SMITH AVE,,,,TRANSWESTERN MT WASHINGTON,,,,,,,,,,,,,,,,,
,ATS,22407,FREDERICKSBURG,VA,1766,,US,,,2026-01-11 13:19:17,22407,FREDERICKSBURG,READY,VA,,TRAVIS HUGHES,Y,HIGH,80,,,8608 LAROQUE RUN DRIVE,,,Y,,8608 LAROQUE RUN DR,,,,TRAVIS HUGHES,,,,,,,,,,,,,,,,,
,ATS,20781,HYATTSVILLE,MD,1767,,US,,,2026-01-11 13:19:19,20781,HYATTSVILLE,READY,MD,,TRI-STATE MECHANICAL SERVICES,Y,HIGH,80,,,45503 BUCHANAN STREET,,,Y,,45503 BUCHANAN ST,,,,TRI-STATE MECHANICAL SERVICES,,,,,,,,,,,,,,,,,
,ATS,19428,WEST CONSHOHOCKEN,PA,1768,,US,UNION HILL INDUSTRIAL PARK,,2026-01-11 13:19:22,19428,WEST CONSHOHOCKEN,READY,PA,,TRI-STATE HVAC EQUIPMENT,Y,HIGH,80,,,UNION HILL INDUSTRIAL PARK,ONE RESOURCE DRIVE,,Y,,1 RESOURCE DR,,,,TRI-STATE HVAC EQUIPMENT,,,,,,,,,,,,,,,,,
,ATS,21701,FREDERICK,MD,1769,,US,,,2026-01-11 13:19:25,21701,FREDERICK,READY,MD,,TRI-STATE HOME SERVICES,Y,HIGH,80,,,82A Wormans Mill Ct,,,Y,,82A WORMANS MILL CT,,,,TRI-STATE HOME SERVICES,,,,,,,,,,,,,,,,,
,ATS,21230,BALTIMORE,MD,1770,,US,,,2026-01-11 13:19:27,21230,BALTIMORE,READY,MD,,TRIGEN BALTIMORE ENERGY GROUP,Y,HIGH,80,,,1400 RIDGELY STREET,,,Y,,1400 RIDGELY ST,,,,TRIGEN BALTIMORE ENERGY GROUP,,,,,,,,,,,,,,,,,
,ATS,22044,FALLS CHURCH,VA,1771,,US,STE #100,,NaT,22044,FALLS CHURCH,REVIEW,VA,,TRIMARK CORPORATION,Y,MEDIUM,100,,,"6231 LEESBURG PIKE, SUITE 100",EMAIL INVOICES,,Y,,6231 LEESBURG PIKE,,,,TRIMARK CORPORATION,,,,,,,,,,,,,,,,,
,ATS,22044,FALLS CHURCH,VA,1772,,US,,,NaT,22044,FALLS CHURCH,REVIEW,VA,,TRIMARK MECHANICAL,Y,MEDIUM,100,,,6231 LEESBURG PIKE #100,,,Y,,6231 LEESBURG PIKE #100,,,,TRIMARK MECHANICAL,,,,,,,,,,,,,,,,,
,ATS,21237,BALTIIMORE,MD,1773,,US,,,NaT,21237,BALTIIMORE,REVIEW,MD,,TRINMAR MECHANICAL SERVICES INC,Y,MEDIUM,100,,,1030 Batavia Farm Road,,,Y,,1030 BATAVIA FARM RD,,,,"TRINMAR MECHANICAL SERVICES, INC.",,,,,,,,,,,,,,,,,
,ATS,20121,CENTREVILLE,VA,1774,,US,,,2026-01-11 13:19:37,20121,CENTREVILLE,READY,VA,,TRISTAR MECHANICAL,Y,HIGH,80,,,14401 PICKET OAKS ROAD,,,Y,,14401 PICKET OAKS RD,,,,TRISTAR MECHANICAL,,,,,,,,,,,,,,,,,
,ATS,21740,HAGERSTOWN,MD,1775,,US,STE #5,,2026-01-11 13:19:40,21740,HAGERSTOWN,READY,MD,,TRISTATE ELECTRONIC MANUFACTURING INC,Y,HIGH,80,,,"91 WESTERN MARYLAND PARKWAY, SUITE 5",EMAIL INVOICE,,Y,,91 WERN MARYLAND PKWY,,,,"TRISTATE ELECTRONIC MANUFACTURING, INC.",,,,,,,,,,,,,,,,,
,ATS,27284,KERNERSVILLE,NC,1776,,US,,,2026-01-11 13:19:42,27284,KERNERSVILLE,READY,NC,,TRS-SESCO,Y,HIGH,80,,,721-A PARK CENTRE DRIVE,,,Y,,721-A PARK CT DR,,,,TRS-SESCO,,,,,,,,,,,,,,,,,
,ATS,22312,ALEXANDRIA,VA,1777,,US,,,NaT,22312,ALEXANDRIA,REVIEW,VA,,TRULAND SERVICE,Y,MEDIUM,100,,,5701-J GENERAL WASHINGTON DR,,,Y,,5701-J GENERAL WASHINGTON DR,,,,TRULAND SERVICE,,,,,,,,,,,,,,,,,
,ATS,20874,GERMANTOWN,MD,1778,,US,,,NaT,20874,GERMANTOWN,REVIEW,MD,,TRULAND SYSTEMS,Y,MEDIUM,100,,,15800 DARNESTOWN RD,,,Y,,15800 DARNESTOWN RD,,,,TRULAND SYSTEMS,,,,,,,,,,,,,,,,,
,ATS,19970,OCEAN VIEW,DE,1779,,US,,,NaT,19970,OCEAN VIEW,REVIEW,DE,,TTR CONSULTING/ENGINEERING,Y,MEDIUM,70,,,P.O. BOX 425,,,Y,,PO BOX 425,,,,TTR CONSULTING/ENGINEERING,,,,,,,,,,,,,,,,,
,ATS,15136,MCKEES ROCKS,PA,1780,,US,,,2026-01-11 13:19:48,15136,MCKEES ROCKS,READY,PA,,TUDI MECHANICAL SYSTEMS INC,Y,HIGH,80,,,343 MUNSON AVENUE,,,Y,,343 MUNSON AVE,,,,"TUDI MECHANICAL SYSTEMS, INC.",,,,,,,,,,,,,,,,,
,ATS,20794,JESSUP,MD,1781,,US,,,2026-01-11 13:19:50,20794,JESSUP,READY,MD,,TURF EQUIPMENT & SUPPLY COMPANY,Y,HIGH,80,,,8015 DORSEY RUN ROAD,,,Y,,8015 DORSEY RUN RD,,,,TURF EQUIPMENT & SUPPLY COMPANY,,,,,,,,,,,,,,,,,
,ATS,21042,ELLICOTT CITY,MD,1782,,US,,,2026-01-11 13:19:52,21042,ELLICOTT CITY,READY,MD,,TURF VALLEY RESORT,Y,HIGH,80,,,ACCOUNTS PAYABLE,2700 TURF VALLEY ROAD,,Y,,2700 TURF VALLEY RD,,,,TURF VALLEY RESORT,,,,,,,,,,,,,,,,,
,ATS,22209,ALRINGTON,VA,1783,,US,,,NaT,22209,ALRINGTON,REVIEW,VA,,TURNBERRY TOWER,Y,MEDIUM,100,,,1881 NORTH NASH STREET,,,Y,,1881 N NASH ST,,,,TURNBERRY TOWER,,,,,,,,,,,,,,,,,
,ATS,20190,RESTON,VA,1784,,US,,,2026-01-11 13:19:56,20190,RESTON,READY,VA,,TURNER CONSTRUCTION COMPANY,Y,HIGH,80,,,11413 ISAAC NEWTON SQUARE,,,Y,,11413 ISAAC NEWTON SQUARE,,,,TURNER CONSTRUCTION COMPANY,,,,,,,,,,,,,,,,,
,ATS,07645,MONTVALE,NJ,1785,,US,,,2026-01-11 13:19:58,07645,MONTVALE,READY,NJ,,TURNER LOGISTICS LLC,Y,HIGH,80,,,3 PARAGON DRIVE,,,Y,,3 PARAGON DR,,,,"TURNER LOGISTICS, LLC",,,,,,,,,,,,,,,,,
,ATS,22554,STAFFORD,VA,1786,,US,,,2026-01-11 13:20:00,22554,STAFFORD,READY,VA,,TWBCO LLC,Y,HIGH,80,,,1758 BROOKE ROAD,EMAIL INVOICES,,Y,,1758 BROOKE RD,,,,"TWBCO, LLC",,,,,,,,,,,,,,,,,
,ATS,21754,IJAMSVILLE,MD,1787,,US,STE #2,,2026-01-11 13:20:02,21754,IJAMSVILLE,READY,MD,,TYLER MECHANICAL CONTRACTING INC,Y,HIGH,80,,,10087 TYLER PLACE,SUITE 2,,Y,,10087 TYLER PL,,,,"TYLER MECHANICAL CONTRACTING, INC",,,,,,,,,,,,,,,,,
,ATS,21754,IJAMSVILLE,MD,1788,,US,,,2026-01-11 13:20:04,21754,IJAMSVILLE,READY,MD,,TYLER SERVICE SOLUTIONS,Y,HIGH,80,,,10087 TYLER PLACE #2,EMAIL INVOICES,,Y,,10087 TYLER PL #2,,,,TYLER SERVICE SOLUTIONS,,,,,,,,,,,,,,,,,
,ATS,64111,KANSAS CITY,MO,1789,,US,,,2026-01-11 13:20:06,64111,KANSAS CITY,READY,MO,,US ENGINEERING INNOVATIONS LLC,Y,HIGH,80,,,3433 ROANOKE ROAD,EMAIL INVOICES,,Y,,3433 ROANOKE RD,,,,"U.S. ENGINEERING INNOVATIONS, LLC",,,,,,,,,,,,,,,,,
,ATS,45342,MIAMISBURG,OH,1790,,US,,,2026-01-11 13:20:08,45342,MIAMISBURG,READY,OH,,ULLIMAN SCHUTTE CONSTRUCTION,Y,HIGH,80,,,9111 SPRINGBORO PIKE,,,Y,,9111 SPRINGBORO PIKE,,,,ULLIMAN SCHUTTE CONSTRUCTION,,,,,,,,,,,,,,,,,
,ATS,21201,BALTIMORE,MD,1791,,US,,,2026-01-11 13:20:10,21201,BALTIMORE,READY,MD,,UNIVERSITY OF MARYLAND,Y,HIGH,80,,,622 WEST FAYETTE STREET,,,Y,,622 W FAYETTE ST,,,,UNIVERSITY OF MARYLAND-BALTIMORE,,,,,,,,,,,,,,,,,
,ATS,21250,BALTIMORE,MD,1792,,US,ADMIN BLDGSTE #300 A/P DEPT,,2026-01-11 13:20:12,21250,BALTIMORE,READY,MD,,UMBC,Y,HIGH,80,,,ADMIN BLDG SUITE 300,1000 HILLTOP CIRCLE - EMAIL,,Y,,1000 HILLTOP CIR,,,,UMBC A/P DEPT,,,,,,,,,,,,,,,,,
,ATS,21250,BALTIMORE,MD,1793,,US,ADMIN BLDGSTE #300 A/P DEPT,,2026-01-11 13:20:14,21250,BALTIMORE,READY,MD,,UMBC,Y,HIGH,80,,,ADMIN BLDG SUITE 300,1000 HILLTOP CIRCLE - EMAIL,,Y,,1000 HILLTOP CIR,,,,UMBC A/P DEPT,,,,,,,,,,,,,,,,,
,ATS,21250,BALTIIMORE,MD,1794,,US,STE #300 ADMIN BULDG,,NaT,21250,BALTIIMORE,REVIEW,MD,,DO NOT USE,Y,MEDIUM,100,,,ADMIN BULDG SUITE 300,1000 HILLTOP CIRCLE,,Y,,1000 HILLTOP CIR,,,,DO NOT USE,,,,,,,,,,,,,,,,,
,ATS,20742,COLLEGE PARK,MD,1795,,US,UMCP ACCOUNTS PAYABLE,,NaT,20742,COLLEGE PARK,REVIEW,MD,,UNIVERSITY OF MARYLAND,Y,MEDIUM,100,,,UMCP ACCOUNTS PAYABLE - EMAIL INVOICE,"4300 TERRAPIN TRAIL, CHESAPEAKE BLDG, RM 3101",,Y,,4300 TERRAPIN TRAIL CHESAPEAKE BLDG RM 3101,,,,UNIVERSITY OF MARYLAND COLLEGE PARK,,,,,,,,,,,,,,,,,
,ATS,20742,COLLEGE PARK,MD,1796,,US,LOGISTICS WAREHOUSE,,NaT,20742,COLLEGE PARK,REVIEW,MD,,UMCP,Y,LOW,100,,,LOGISTICS WAREHOUSE,"GREEN HOUSE ROAD, BUILDING 012",,Y,,GREEN HOUSE RD BLDG 012,,,,UMCP,,,,,,,,,,,,,,,,,
,ATS,97228,PORTLAND,OR,1797,,US,UMMS,,NaT,97228,PORTLAND,REVIEW,OR,,UNIVERSITY OF MD MEDICAL SYSTEMS,Y,MEDIUM,70,,,UMMS -email invoice,PO BOX 6545,,Y,,PO BOX 6545,,,,"UNIVERSITY OF MD, MEDICAL SYSTEMS",,,,,,,,,,,,,,,,,
,ATS,25401,MARTINSBURG,WV,1798,,US,,,2026-01-11 13:20:25,25401,MARTINSBURG,READY,WV,,UNDERWOOD ENERGY,Y,HIGH,80,,,333 E JOHN ST.,,,Y,,333 E JOHN ST,,,,UNDERWOOD ENERGY,,,,,,,,,,,,,,,,,
,ATS,22183,VIENNA,VA,1799,,US,,,NaT,22183,VIENNA,REVIEW,VA,,UNICON EQUIPMENT SALES,Y,MEDIUM,70,,,P.O. BOX 877,,,Y,,PO BOX 877,,,,UNICON EQUIPMENT SALES,,,,,,,,,,,,,,,,,
,ATS,22183,VIENNA,VA,1800,,US,,,NaT,22183,VIENNA,REVIEW,VA,,UNION EQUIPMENT SALES,Y,MEDIUM,70,,,P.O. BOX 877,,,Y,,PO BOX 877,,,,UNION EQUIPMENT SALES,,,,,,,,,,,,,,,,,
,ATS,21921,ELKTON,MD,1801,,US,,,2026-01-11 13:20:27,21921,ELKTON,READY,MD,,UNION HOSPITAL OF CECIL COUNTY,Y,HIGH,80,,,106 BOW STREET,,,Y,,106 BOW ST,,,,UNION HOSPITAL OF CECIL COUNTY,,,,,,,,,,,,,,,,,
,ATS,21236,BALTIMORE,MD,1802,,US,,,NaT,21236,BALTIMORE,REVIEW,MD,,UNION MEMORIAL HOSPITAL,Y,MEDIUM,70,,,PO BOX 44250,EMAIL,,Y,,PO BOX 44250,,,,UNION MEMORIAL HOSPITAL,,,,,,,,,,,,,,,,,
,ATS,19720,NEW CASTLE,DE,1803,,US,,,NaT,19720,NEW CASTLE,REVIEW,DE,,UNITED ELECTRIC SUPPLY,Y,MEDIUM,100,,,10 BELLACORE DR,EMAIL INVOICE,,Y,,10 BELLACORE DR,,,,UNITED ELECTRIC SUPPLY,,,,,,,,,,,,,,,,,
,ATS,21114,CROFTON,MD,1804,,US,STE #K,,2026-01-11 13:20:30,21114,CROFTON,READY,MD,,UNITED ENERGY PRODUCTS INC,Y,HIGH,80,,,1610 PROFESSIONAL BLVD,SUITE K,,Y,,1610 PROFESSIONAL BLVD,,,,"UNITED ENERGY PRODUCTS, INC",,,,,,,,,,,,,,,,,
,ATS,26301,CLARKSBURG,WV,1805,,US,,,NaT,26301,CLARKSBURG,REVIEW,WV,,UNITED HOSPITAL CENTER,Y,MEDIUM,70,,,3 HOSPITAL PLAZA,PO BOX 1680,,Y,,PO BOX 1680,3 HOSPITAL PLAZA,,,UNITED HOSPITAL CENTER,,,,,,,,,,,,,,,,,
,ATS,20032,WASHINGTON,DC,1806,,US,,,2026-01-11 13:20:32,20032,WASHINGTON,READY,DC,,UNITED MEDICAL CENTER,Y,HIGH,80,,,1310 SOUTHERN AVE SE,,,Y,,1310 SERN AVE SE,,,,UNITED MEDICAL CENTER,,,,,,,,,,,,,,,,,
,ATS,85282,TEMPE,AZ,1807,,US,,,2026-01-11 13:20:34,85282,TEMPE,READY,AZ,,UNITED METAL PRODUCTS,Y,HIGH,80,,,1920 E. BROADWAY ROAD,,,Y,,1920 E BRDWAY RD,,,,UNITED METAL PRODUCTS,,,,,,,,,,,,,,,,,
,ATS,21237,ROSEDALE,MD,1808,,US,,,2026-01-11 13:20:36,21237,ROSEDALE,READY,MD,,UNITED PRODUCTS DISTRIBUTORS INC,Y,HIGH,80,,,1200 68TH STREET,,,Y,,1200 68TH ST,,,,"UNITED PRODUCTS DISTRIBUTORS, INC",,,,,,,,,,,,,,,,,
,ATS,21704,FREDERICK,MD,1809,,US,,,2026-01-11 13:20:38,21704,FREDERICK,READY,MD,,UNITED REFRIGERATION INC,Y,HIGH,80,,,"260 INTERSTATE CIRCLE, UNIT 4",,,Y,,260 INTERSTATE CIR UNIT 4,,,,"UNITED REFRIGERATION, INC",,,,,,,,,,,,,,,,,
,ATS,22082,MERRIFIELD,VA,1810,,US,,,2026-01-11 13:20:40,22082,MERRIFIELD,READY,VA,,UNITED STATES POSTAL SERVICE,Y,HIGH,80,,,8403 LEE HIGHWAY,,,Y,,8403 LEE HWY,,,,UNITED STATES POSTAL SERVICE,,,,,,,,,,,,,,,,,
,ATS,20616,BRYANS ROAD,MD,1811,,US,,,NaT,20616,BRYANS ROAD,REVIEW,MD,,UNIVERSAL SERVICES PROVIDER LLC,Y,MEDIUM,100,,,1560 CHESTER AVENUE,,,Y,,1560 CHESTER AVE,,,,"UNIVERSAL SERVICES PROVIDER, LLC",,,,,,,,,,,,,,,,,
,ATS,21201,BALTIMORE,MD,1812,,US,,,2026-01-11 13:20:44,21201,BALTIMORE,READY,MD,,UNIVERSITY OF BALTIMORE,Y,HIGH,80,,,1420 N CHARLES ST,,,Y,,1420 N CHARLES ST,,,,UNIVERSITY OF BALTIMORE,,,,,,,,,,,,,,,,,
,ATS,32611-5050,GAINESVILLE,FL,1813,,US,,,NaT,32611-5050,GAINESVILLE,REVIEW,FL,,UNIVERSITY OF FLORIDA,Y,MEDIUM,70,,,245 GALE LEMERAND DRIVE,P.O. BOX 115050 - EMAIL,,Y,,PO BOX 115050,245 GALE LEMERAND DR,,,UNIVERSITY OF FLORIDA,,,,,,,,,,,,,,,,,
,ATS,20742,COLLEGE PARK,MD,1814,,US,FM ACCOUNTING & FINANCIAL,,NaT,20742,COLLEGE PARK,REVIEW,MD,,UNIVERSITY OF MARYLAND,Y,MEDIUM,100,,,FM ACCOUNTING & FINANCIAL,1600 SERVICE BUILDING SUPPORT,,Y,,1600 SERVICE BLDG SUPPORT,,,,UNIVERSITY OF MAYLAND,,,,,,,,,,,,,,,,,
,ATS,21014,BEL AIR,MD,1815,,US,,,2026-01-11 13:20:48,21014,BEL AIR,READY,MD,,UPPER CHESAPEAKE MD CENTER,Y,HIGH,80,,,500 UPPER CHESAPEAKE DR,EMAIL INVOICE,,Y,,500 UPPER CHESAPEAKE DR,,,,UPPER CHESAPEAKE MD CENTER,,,,,,,,,,,,,,,,,
,ATS,20794,JESSUP,MD,1816,,US,,,2026-01-11 13:20:50,20794,JESSUP,READY,MD,,UPPER CRUST BAKERY,Y,HIGH,80,,,7855 RAPPAHANNOCK AVE,,,Y,,7855 RAPPAHANNOCK AVE,,,,UPPER CRUST BAKERY,,,,,,,,,,,,,,,,,
,ATS,30076,ROSWELL,GA,1817,,US,STE 119,,2026-01-11 13:20:52,30076,ROSWELL,READY,GA,,UNITED PARCEL SERVICE,Y,HIGH,80,,,1335 NORTHMEADOW PKWY,STE 119,,Y,,1335 NMEADOW PKWY,,,,UNITED PARCEL SERVICE,,,,,,,,,,,,,,,,,
,ATS,16466-4699,KHARJ SAUDI ARABIA,MD,1818,,US,IMPORTER#3504818,,NaT,16466-4699,"KHARJ, SAUDI ARABIA",REVIEW,MD,,US AIRFORCE (SAUDI ARABIA),Y,MEDIUM,100,,,6955 PRINCE SULTAN AIR BASE,IMPORTER#3504818,,Y,,6955 PRINCE SULTAN AIR BASE,,,,US AIRFORCE (SAUDI ARABIA),,,,,,,,,,,,,,,,,
,ATS,21010-5422,APG-EA,MD,1819,,US,MCHB-CS-LPD USACHPPM,,NaT,21010-5422,APG-EA,REVIEW,MD,,US ARMY ABERDEEN PROVING GROUND,Y,MEDIUM,100,,,USACHPPM,MCHB-CS-LPD/5158 BLACKHAWK RD,,Y,,5158 BLACKHAWK RD,,,,US ARMY ABERDEEN PROVING GROUND,,,,,,,,,,,,,,,,,
,ATS,21105-3013,APG,MD,1820,,US,SFCA-NR-APC-T,,NaT,21105-3013,APG,REVIEW,MD,,US ARMY CONTRACTING AGENCY-APG,Y,MEDIUM,100,,,SFCA-NR-APC-T,4118 SUSQUEHANNA AVE,,Y,,4118 SUSQUEHANNA AVE,,,,US ARMY CONTRACTING AGENCY-APG,,,,,,,,,,,,,,,,,
,ATS,21702,FT DETRICK,MD,1821,,US,,,NaT,21702,FT DETRICK,REVIEW,MD,,USAMRIID US ARMY,Y,MEDIUM,100,,,1425 PORTER STREET,,,Y,,1425 PORTER ST,,,,USAMRIID US ARMY,,,,,,,,,,,,,,,,,
,ATS,20515,WASHINGTON,DC,1822,,US,AOC STOREROOM #HT-42,,2026-01-11 13:21:02,20515,WASHINGTON,REVIEW,DC,,US CAPITOL BUILDING,Y,MEDIUM,75,,,AOC STOREROOM #HT-42 - INV ONLINE,INDEPENDENCE AVE & S. CAPITOL,,Y,,INDEPENDENCE AVE & S CAPITOL,,,,US CAPITOL BUILDING,,,,,,,,,,,,,,,,,
,ATS,20151,CHANTILLY,VA,1823,,US,STE #G,,2026-01-11 13:21:04,20151,CHANTILLY,READY,VA,,US ENGINEERING COMPANY,Y,HIGH,80,,,14120 SULLYFIELD CIRCLE,SUITE G,,Y,,14120 SULLYFIELD CIR,,,,US ENGINEERING COMPANY,,,,,,,,,,,,,,,,,
,ATS,21402,ANNAPOLIS,MD,1824,,US,,,2026-01-11 13:21:06,21402,ANNAPOLIS,READY,MD,,US NAVAL ACADEMY (USNA),Y,HIGH,80,,,121 BLAKE ROAD,,,Y,,121 BLAKE RD,,,,US NAVAL ACADEMY (USNA),,,,,,,,,,,,,,,,,
,ATS,22031,FAIRFAX,VA,1825,,US,STE 300,,2026-01-11 13:21:08,22031,FAIRFAX,READY,VA,,US21 INC,Y,HIGH,80,,,"2721 PROSPERITY AVE., STE 300",EMAIL INVOICES,,Y,,2721 PROSPERITY AVE,,,,US21 INC,,,,,,,,,,,,,,,,,
,ATS,21226,CURTIS BAY,MD,1826,,US,,,NaT,21226,CURTIS BAY,REVIEW,MD,,UNITED STATES COAST GUARD,Y,MEDIUM,100,,,2401 HAWKINS POINT RD,,,Y,,2401 HAWKINS POINT RD,,,,UNITED STATES COAST GUARD,,,,,,,,,,,,,,,,,
,ATS,20705,BELTSVILLE,MD,1827,,US,BARC E BLDG 426,,2026-01-11 13:21:12,20705,BELTSVILLE,READY,MD,,USDA,Y,HIGH,80,,,10300 BALTIMORE AVENUE,BARC EAST BUILDING 426,,Y,,10300 BALTIMORE AVE,,,,USDA,,,,,,,,,,,,,,,,,
,ATS,25430,KEARNEYSVILLE,WV,1828,,US,,,2026-01-11 13:21:14,25430,KEARNEYSVILLE,READY,WV,,USDA COOL & COLD,Y,HIGH,80,,,11876 LEETOWN ROAD,,,Y,,11876 LEETOWN RD,,,,USDA COOL & COLD,,,,,,,,,,,,,,,,,
,ATS,28236,CHARLOTTE,NC,1829,,US,,,NaT,28236,CHARLOTTE,REVIEW,NC,,USGBF NCI LAB LLC,Y,MEDIUM,70,,,P.O. BOX 36205,EMAIL INVOICE,,Y,,PO BOX 36205,,,,"USGBF NCI LAB, LLC",,,,,,,,,,,,,,,,,
,ATS,20024,WASHINGTON,DC,1830,,US,,,NaT,20024,WASHINGTON,REVIEW,DC,,USHMM,Y,MEDIUM,100,,,100 Raoul Wallenberg Pl SW,,,Y,,100 RAOUL WALLENBERG PL SW,,,,USHMM - email,,,,,,,,,,,,,,,,,
,ATS,21157,WESTMINISTER,MD,1831,,US,,,NaT,21157,WESTMINISTER,REVIEW,MD,,UTZ PROPERTIES,Y,MEDIUM,100,,,101 WEST MAIN ST,,,Y,,101 W MAIN ST,,,,UTZ PROPERTIES,,,,,,,,,,,,,,,,,
,ATS,21221,BALTIMORE,MD,1832,,US,,,2026-01-11 13:21:20,21221,BALTIMORE,READY,MD,,V & P INSULATION CO INC,Y,HIGH,80,,,215 SEAMASTER ROAD,,,Y,,215 SEAMASTER RD,,,,V & P INSULATION CO. INC,,,,,,,,,,,,,,,,,
,ATS,20147,ASHBURN,VA,1833,,US,,,2026-01-11 13:21:22,20147,ASHBURN,READY,VA,,VA DATA INC,Y,HIGH,80,,,43881 DEVIN SHAFRON DRIVE,,,Y,,43881 DEVIN SHAFRON DR,,,,VA DATA INC,,,,,,,,,,,,,,,,,
,ATS,21201,BALTIMORE,MD,1834,,US,,,NaT,21201,BALTIMORE,REVIEW,MD,,VA MEDICAL CENTER,Y,MEDIUM,100,,,10 N. GREEN STREET,,,Y,,10 N GREEN ST,,,,VA MEDICAL CENTER,,,,,,,,,,,,,,,,,
,ATS,21218,BALTIIMORE,MD,1835,,US,,,NaT,21218,BALTIIMORE,REVIEW,MD,,VA MEDICAL CTR- LOCH RAVEN,Y,MEDIUM,100,,,EMAIL INVOICE,3900 LOCH RAVEN BLVD BLDG 4,,Y,,3900 LOCH RAVEN BLVD BLDG 4,,,,VA MEDICAL CTR- LOCH RAVEN,,,,,,,,,,,,,,,,,
,ATS,21902,PERRY POINT,MD,1836,,US,TUNGSTEN NUMBER- AAA544240062,,NaT,21902,PERRY POINT,REVIEW,MD,,VA MEDICAL CTR- PERRY POINT,Y,MEDIUM,100,,,101 BOILER HOUSE ROAD,TUNGSTEN NUMBER- AAA544240062,,Y,,101 BOILER HOUSE RD,,,,VA MEDICAL CTR- PERRY POINT,,,,,,,,,,,,,,,,,
,ATS,42240,HOPKINSVILLE,KY,1837,,US,,,2026-01-11 13:21:32,42240,HOPKINSVILLE,READY,KY,,USE ABM GOVERNMENT,Y,HIGH,80,,,101 WALTON WAY,EMAIL INVOICE,,Y,,101 WALTON WAY,,,,USE ABM GOVERNMENT,,,,,,,,,,,,,,,,,
,ATS,22102,MCLEAN,VA,1838,,US,STE #A30,,NaT,22102,MCLEAN,REVIEW,VA,,VALIANT INTERGRATED,Y,MEDIUM,100,,,8260 GREENSBORO DRIVE,SUITE A30,,Y,,8260 GREENSBORO DR,,,,VALIANT INTERGRATED,,,,,,,,,,,,,,,,,
,ATS,20879,GAITHERSBURG,MD,1839,,US,,,NaT,20879,GAITHERSBURG,REVIEW,MD,,VALID ELECTRIC COINC,Y,MEDIUM,100,,,7731 AIRPARK RD,,,Y,,7731 AIRPARK RD,,,,"VALID ELECTRIC CO.,INC.",,,,,,,,,,,,,,,,,
,ATS,21113,ODENTON,MD,1840,,US,STE #A,,2026-01-11 13:21:38,21113,ODENTON,READY,MD,,VARCOMAC ELETRICAL CONSTRUCTION,Y,HIGH,80,,,"1360 BLAIR DRIVE, SUITE A",EMAIL INVOICE,,Y,,1360 BLAIR DR,,,,VARCOMAC ELETRICAL CONSTRUCTION,,,,,,,,,,,,,,,,,
,ATS,,,,1841,,US,,,NaT,,,INVALID,,,VATICA CONTRACTORS,Y,LOW,20,,,,,,Y,,,,,,VATICA CONTRACTORS,,,,,,,,,,,,,,,,,
,ATS,,,,1842,,US,,,NaT,,,INVALID,,,VENCORE SERVICES,Y,LOW,20,,,,,,Y,,,,,,VENCORE SERVICES,,,,,,,,,,,,,,,,,
,ATS,21403,ANNAPOLIS,MD,1843,,US,,,2026-01-11 13:21:43,21403,ANNAPOLIS,READY,MD,,VENICE BULDING INC,Y,HIGH,80,,,1416 CHESAPEAKE AVE,,,Y,,1416 CHESAPEAKE AVE,,,,"VENICE BULDING, INC",,,,,,,,,,,,,,,,,
,ATS,21223,BALTIMORE,MD,1844,,US,,,2026-01-11 13:21:45,212230,BALTIMORE,READY,MD,,VEOLIA ENERGY BALTIMORE CORP,Y,HIGH,80,,,1400 RIDGELY STREET,,,Y,,1400 RIDGELY ST,,,,VEOLIA ENERGY BALTIMORE CORP.,,,,,,,,,,,,,,,,,
,ATS,19103,PHILADELPHIA,PA,1845,,US,PAYMENT CENTER,,NaT,19103,PHILADELPHIA,REVIEW,PA,,VERIZON,Y,MEDIUM,100,,,PAYMENT CENTER,"1717 ARCH ST, 22ND FLR",,Y,,1717 ARCH ST 22ND FLR,,,,VERIZON,,,,,,,,,,,,,,,,,
,ATS,20166,DULLES,VA,1846,,US,,,NaT,20166,DULLES,REVIEW,VA,,VERNON HEATING & AIR,Y,MEDIUM,100,,,42655 TRADE WEST DRIVE,,,Y,,42655 TRADE W DR,,,,VERNON HEATING & AIR,,,,,,,,,,,,,,,,,
,ATS,21228,BALTIMORE,MD,1847,,US,STE #110,,2026-01-11 13:21:53,21228,BALTIMORE,READY,MD,,VETERAN DESIGN & CONSTRUCTION,Y,HIGH,80,,,5523 RESEARCH PARK DRIVE,SUITE 110,,Y,,5523 RESEARCH PARK DR,,,,VETERAN DESIGN & CONSTRUCTION,,,,,,,,,,,,,,,,,
,ATS,21114,CROFTON,MD,1848,,US,,,2026-01-11 13:21:55,21114,CROFTON,READY,MD,,VIGIL CONTRACTING,Y,HIGH,80,,,2406 CROFTON BLVD,,,Y,,2406 CROFTON BLVD,,,,VIGIL CONTRACTING,,,,,,,,,,,,,,,,,
,ATS,22205,ARLINGTON,VA,1849,,US,,,2026-01-11 13:21:57,22205,ARLINGTON,READY,VA,,VIRGINIA HOSPITAL CENTER,Y,HIGH,80,,,1701 N. GEORGE MASON DRIVE,,,Y,,1701 N GEORGE MASON DR,,,,VIRGINIA HOSPITAL CENTER,,,,,,,,,,,,,,,,,
,ATS,22304,ALEXANDRIA,VA,1850,,US,,,2026-01-11 13:21:59,22304,ALEXANDRIA,READY,VA,,VIRGINIA THEOLOGICAL SEMINARY,Y,HIGH,80,,,3737 SEMINARY ROAD,,,Y,,3737 SEMINARY RD,,,,VIRGINIA THEOLOGICAL SEMINARY,,,,,,,,,,,,,,,,,
,ATS,20850,ROCKVILLE,MD,1851,,US,,,2026-01-11 13:22:01,20850,ROCKVILLE,READY,MD,,VITO SERVICES,Y,HIGH,80,,,681 SOUTHLAWN LANE,,,Y,,681 SLAWN LN,,,,VITO SERVICES,,,,,,,,,,,,,,,,,
,ATS,22556,STAFFORD,VA,1852,,US,,,2026-01-11 13:22:03,22556,STAFFORD,READY,VA,,VMDC MECHANICAL SERVICES,Y,HIGH,80,,,214 HARWILL DRIVE,,,Y,,214 HARWILL DR,,,,VMDC MECHANICAL SERVICES,,,,,,,,,,,,,,,,,
,ATS,21009,ABINGDON,MD,1853,,US,C/O FLBSI,,NaT,21009,ABINGDON,REVIEW,MD,,EMCOR GOVERNMENT SERVICES,Y,MEDIUM,70,,,C/O FLBSI,PO BOX 517,,Y,,PO BOX 517,,,,EMCOR GOVERNMENT SERVICES,,,,,,,,,,,,,,,,,
,ATS,20879,GATHERSBURG,MD,1854,,US,,,NaT,20879,GATHERSBURG,REVIEW,MD,,HVAC PRECISION SERVICES INC,Y,MEDIUM,100,,,7610 LINDBERGH DRIVE,,,Y,,7610 LINDBERGH DR,,,,"HVAC PRECISION SERVICES, INC",,,,,,,,,,,,,,,,,
,ATS,20705-1302,BELTSVILLE,MD,1855,,US,,,2026-01-11 13:22:08,20705-1302,BELTSVILLE,READY,MD,,AG PRADA COMPANY,Y,HIGH,80,,,12122 CONWAY ROAD,,,Y,,12122 CONWAY RD,,,,AG PRADA COMPANY,,,,,,,,,,,,,,,,,
,ATS,27402-6256,GREENSBORO,NC,1856,,US,,,NaT,27402-6256,GREENSBORO,REVIEW,NC,,MACK TRUCKS INC,Y,MEDIUM,70,,,PO BOX NC 26256,,,Y,,PO BOX NC 26256,,,,"MACK TRUCKS, INC.",,,,,,,,,,,,,,,,,
,ATS,07653,PARAMUS,NJ,1857,,US,,,NaT,07653,PARAMUS,REVIEW,NJ,,VORNADO/CHARLES E SMITH,Y,MEDIUM,70,,,PO BOX 15,,,Y,,PO BOX 15,,,,VORNADO/CHARLES E. SMITH,,,,,,,,,,,,,,,,,
,ATS,30519,BUFORD,GA,1858,,US,EXTSTE #201,,2026-01-11 13:22:10,30519,BUFORD,READY,GA,,VTS AMERICA INC,Y,HIGH,80,,,3535 GRAVEL SPRINGS RD,EXT STE 201,,Y,,3535 GRAVEL SPRINGS RD,,,,VTS AMERICA INC,,,,,,,,,,,,,,,,,
,ATS,21742,HAGERSTOWN,MD,1859,,US,ZIP #78/MR KEVIN RAYMER,,2026-01-11 13:22:12,21742,HAGERSTOWN,READY,MD,,WALBRIDGE ALDINGER,Y,HIGH,80,,,ZIP #78/MR. KEVIN RAYMER,13302 PENNSYLVANIA AVENUE,,Y,,13302 PENNSYLVANIA AVE,,,,WALBRIDGE ALDINGER,,,,,,,,,,,,,,,,,
,ATS,21237,BALTIMORE,MD,1860,,US,,,NaT,21237,BALTIMORE,REVIEW,MD,,WALDRON OF MARYLAND,Y,MEDIUM,70,,,P.O. BOX 72230,EMAIL INVOICES,,Y,,PO BOX 72230,,,,WALDRON OF MARYLAND,,,,,,,,,,,,,,,,,
,ATS,18045,EASTON,PA,1861,,US,,,NaT,18045,EASTON,REVIEW,PA,,WALLACE SUPPLY LLC,Y,MEDIUM,100,,,2609 DEARBORN ST,,,Y,,2609 DEARBORN ST,,,,WALLACE SUPPLY LLC,,,,,,,,,,,,,,,,,
,ATS,20678,PRINCE FREDERICK,MD,1862,,US,,,2026-01-11 13:22:16,20678,PRINCE FREDERICK,READY,MD,,WALLMARK SERVICE CO LLC,Y,HIGH,80,,,780 MAIN ST,,,Y,,780 MAIN ST,,,,"WALLMARK SERVICE CO, LLC",,,,,,,,,,,,,,,,,
,ATS,23337,WALLOPS ISLAND,VA,1863,,US,,,2026-01-11 13:22:18,23337,WALLOPS ISLAND,READY,VA,,WALLOPS ISLAND BUILDING SUPPLY INC,Y,HIGH,80,,,33413 CHINCOTEAGUE ROAD,EMAIL INVOICE,,Y,,33413 CHINCOTEAGUE RD,,,,"WALLOPS ISLAND BUILDING SUPPLY, INC",,,,,,,,,,,,,,,,,
,ATS,60607,CHICAGO,IL,1864,,US,,,2026-01-11 13:22:20,60607,CHICAGO,READY,IL,,WALSH GILBANE LLC,Y,HIGH,80,,,929 W ADAMS ST.,,,Y,,929 W ADAMS ST,,,,"WALSH GILBANE, LLC",,,,,,,,,,,,,,,,,
,ATS,21202,BALTIMORE,MD,1865,,US,,,2026-01-11 13:22:22,21202,BALTIMORE,READY,MD,,WALT SMITH,Y,HIGH,80,,,320 ST PAUL PLACE,,,Y,,320 ST PAUL PL,,,,WALT SMITH,,,,,,,,,,,,,,,,,
,ATS,21501,CUMBERLAND,MD,1866,,US,,,NaT,21501,CUMBERLAND,REVIEW,MD,,WALTER N YODER & SONS INC,Y,MEDIUM,70,,,P.O. BOX 1337,,,Y,,PO BOX 1337,,,,"WALTER N. YODER & SONS, INC.",,,,,,,,,,,,,,,,,
,ATS,76012,ARLINGTON,TX,1867,,US,,,2026-01-11 13:22:26,76012,ARLINGTON,READY,TX,,DMCA INC,Y,HIGH,80,,,2110 W. DIVISION ST.,,,Y,,2110 W DIVISION ST,,,,"DMCA, INC",,,,,,,,,,,,,,,,,
,ATS,20889,BETHESDA,MD,1868,,US,BUILDING 54,,2026-01-11 13:22:28,20889,BETHESDA,READY,MD,,WALTER REED NATIONAL MED CTR,Y,HIGH,80,,,8901 WISCONSIN AVENUE,BUILDING 54,,Y,,8901 WISCONSIN AVE,,,,WALTER REED NATIONAL MED CTR,,,,,,,,,,,,,,,,,
,ATS,21201,BALTIMORE,MD,1869,,US,,,2026-01-11 13:22:31,21201,BALTIMORE,READY,MD,,THE WALTERS ART MUSEUM,Y,HIGH,80,,,600 N. CHARLES ST.,EMAIL INVOICE,,Y,,600 N CHARLES ST,,,,THE WALTERS ART MUSEUM,,,,,,,,,,,,,,,,,
,ATS,17402,YORK,PA,1870,,US,,,NaT,17402,YORK,REVIEW,PA,,RA WALTON & COMPANY,Y,MEDIUM,70,,,EMAIL INVOICE,PO BOX 20069,,Y,,PO BOX 20069,,,,R.A. WALTON & COMPANY,,,,,,,,,,,,,,,,,
,ATS,21117-0389,OWINGS MILLS,MD,1871,,US,,,NaT,21117-0389,OWINGS MILLS,REVIEW,MD,,WARD-BOLAND ASSOCIATES,Y,MEDIUM,70,,,"105 REDLAND COURT, STE A",P.O. BOX 389,,Y,,PO BOX 389,105 REDLAND CT STE #A,,,WARD-BOLAND ASSOCIATES,,,,,,,,,,,,,,,,,
,ATS,21701,FREDERICK,MD,1872,,US,,,2026-01-11 13:22:33,21701,FREDERICK,READY,MD,,WARNER MECHANICAL,Y,HIGH,80,,,217 MONROE AVENUE,,,Y,,217 MONROE AVE,,,,WARNER MECHANICAL -email,,,,,,,,,,,,,,,,,
,ATS,20016,WASHINGTON,DC,1873,,US,,,2026-01-11 13:22:35,20016,WASHINGTON,READY,DC,,WASHINGTON AQUEDUCT,Y,HIGH,80,,,5900 MACARTHUR BLVD NW,,,Y,,5900 MACARTHUR BLVD NW,,,,WASHINGTON AQUEDUCT,,,,,,,,,,,,,,,,,
,ATS,21044,COLUMBIA,MD,1874,,US,,,2026-01-11 13:22:36,21044,COLUMBIA,READY,MD,,WASHINGTON CAPITAL PARTNERS,Y,HIGH,80,,,5950 SYMPHONY WOODS RD #180,,,Y,,5950 SYMPHONY WOODS RD #180,,,,WASHINGTON CAPITAL PARTNERS,,,,,,,,,,,,,,,,,
,ATS,21740,HAGERSTOWN,MD,1875,,US,,,2026-01-11 13:22:38,21740,HAGERSTOWN,READY,MD,,WASHINGTON CO PUBLIC SCHOOL SYSTEM,Y,HIGH,80,,,820 COMMONWEALTH AVE,,,Y,,820 COMMONWEALTH AVE,,,,WASHINGTON CO PUBLIC SCHOOL SYSTEM,,,,,,,,,,,,,,,,,
,ATS,21740,HAGERSTOWN,MD,1876,,US,,,2026-01-11 13:22:41,21740,Hagerstown,READY,MD,,WASHINGTON COUNTY HOSPITAL,Y,HIGH,80,,,251 East Antietam St.,,,Y,,251 E ANTIETAM ST,,,,Washington County Hospital,,,,,,,,,,,,,,,,,
,ATS,22151,SPRINGFIELD,VA,1877,,US,,,NaT,22151,SPRINGFIELD,REVIEW,VA,,WASHINGTON GAS,Y,MEDIUM,100,,,6801 INDUSTRIAL ROAD,,,Y,,6801 INDUSTRIAL RD,,,,WASHINGTON GAS,,,,,,,,,,,,,,,,,
,ATS,20705,CALVERTON,MD,1878,,US,STE #6,,NaT,20705,CALVERTON,REVIEW,MD,,THE WASHINGTON HOME,Y,MEDIUM,100,,,"4041 POWDER MILL ROAD, SUITE 6",ATTN:  ACCOUNTS PAYABLE,,Y,,4041 POWDER MILL RD,,,,THE WASHINGTON HOME,,,,,,,,,,,,,,,,,
,ATS,21236,BALTIMORE,MD,1879,,US,MEDSTAR HEALTH INC,,NaT,21236,BALTIMORE,REVIEW,MD,,WASHINGTON HOSPITAL CENTER,Y,MEDIUM,70,,,"MEDSTAR HEALTH, INC.",PO BOX 44250,,Y,,PO BOX 44250,,,,WASHINGTON HOSPITAL CENTER -email,,,,,,,,,,,,,,,,,
,ATS,20705,BELTSVILLE,MD,1880,,US,,,2026-01-11 13:23:08,20705,BELTSVILLE,READY,MD,,WASHINGTON REFRIGERATION CO INC,Y,HIGH,80,,,6721 DISTRIBUTION DRIVE,,,Y,,6721 DISTRIBUTION DR,,,,"WASHINGTON REFRIGERATION CO., INC.",,,,,,,,,,,,,,,,,
,ATS,20037,WASHINGTON,DC,1881,,US,,,2026-01-11 13:23:10,20037,WASHINGTON,READY,DC,,WATERGATE HOTEL,Y,HIGH,80,,,2500 VIRGINIA AVE NW,,,Y,,2500 VIRGINIA AVE NW,,,,WATERGATE HOTEL,,,,,,,,,,,,,,,,,
,ATS,10038,NEW YORK,NY,1882,,US,,,NaT,10038,NEW YORK,REVIEW,NY,,WB ENGINEERING & CONSULTING,Y,MEDIUM,100,,,EMAIL INVOICE,"110 WILLIAM ST, 23RD FLOOR",,Y,,110 WILLIAM ST 23RD FL,,,,W.B. ENGINEERING & CONSULTING,,,,,,,,,,,,,,,,,
,ATS,20705,BELTSVILLE,MD,1883,,US,STE #A,,2026-01-11 13:23:14,20705,BELTSVILLE,READY,MD,,WE BOWERS,Y,HIGH,80,,,12401 KILN COURT,SUITE A,,Y,,12401 KILN CT,,,,W.E. BOWERS - email,,,,,,,,,,,,,,,,,
,ATS,22304,ALEXANDRIA,VA,1884,,US,,,2026-01-11 13:23:16,22304,ALEXANDRIA,READY,VA,,WEATHER CONTROL,Y,HIGH,80,,,3905 WHEELER AVENUE,,,Y,,3905 WHEELER AVE,,,,WEATHER CONTROL,,,,,,,,,,,,,,,,,
,ATS,,,,1885,,US,DROP SHIP ORDER,,NaT,,,INVALID,,,WEB ORDERS,Y,LOW,20,,,DROP SHIP ORDER,,,Y,,,,,,WEB ORDERS,,,,,,,,,,,,,,,,,
,ATS,19963,MILFORD,DE,1886,,US,,,2026-01-11 13:23:20,19963,MILFORD,READY,DE,,WEBB ELECTRIC,Y,HIGH,80,,,469 WARNER ROAD,,,Y,,469 WARNER RD,,,,WEBB ELECTRIC,,,,,,,,,,,,,,,,,
,ATS,20842,DICKERSON,MD,1887,,US,,,NaT,20842,DICKERSON,REVIEW,MD,,CORA WEEKS,Y,MEDIUM,100,,,21030 PEACH TREE RD.,,,Y,,21030 PEACH TREE RD,,,,CORA WEEKS,,,,,,,,,,,,,,,,,
,ATS,20774,UPPER MARLBORO,MD,1888,,US,,,2026-01-11 13:23:25,20774,UPPER MARLBORO,READY,MD,,WELCH & RUSHE INC,Y,HIGH,80,,,391 PRINCE GEORGE'S BLVD,,,Y,,391 PRINCE GEORGE'S BLVD,,,,"WELCH & RUSHE, INC - email",,,,,,,,,,,,,,,,,
,ATS,21754,IJAMSVILLE,MD,1889,,US,STE #200,,2026-01-11 13:23:27,21754,IJAMSVILLE,READY,MD,,WELCH & ASSOCIATES INC,Y,HIGH,80,,,2502 URBANA PIKE,SUITE 200,,Y,,2502 URBANA PIKE,,,,WELCH & ASSOCIATES INC,,,,,,,,,,,,,,,,,
,ATS,21236,BALTIMORE,MD,1890,,US,,,2026-01-11 13:23:29,21236,BALTIMORE,READY,MD,,WES GUCKERT,Y,HIGH,80,,,9900 FRANKLIN SQUARE DRIVE,,,Y,,9900 FRANKLIN SQUARE DR,,,,WES GUCKERT,,,,,,,,,,,,,,,,,
,ATS,23112,MIDLOTHIAN,VA,1891,,US,,,NaT,23112,MIDLOTHIAN,REVIEW,VA,,WESCO DISTRIBUTION INC,Y,MEDIUM,100,,,12141 WILFONG COURT,,,Y,,12141 WILFONG CT,,,,WESCO DISTRIBUTION INC,,,,,,,,,,,,,,,,,
,ATS,20166,STERLING,VA,1892,,US,,,NaT,20166,STERLING,REVIEW,VA,,WEST SHEET METAL,Y,MEDIUM,100,,,22611 MARKEY COURT,,,Y,,22611 MARKEY CT,,,,WEST SHEET METAL,,,,,,,,,,,,,,,,,
,ATS,21501-0539,CUMBERLAND,MD,1893,,US,,,NaT,21501-0539,CUMBERLAND,REVIEW,MD,,WESTERN MARYLAND HEALTH SYSTEM,Y,MEDIUM,70,,,ACCOUNTS PAYABLE,P.O. BOX 539,,Y,,PO BOX 539,,,,WESTERN MARYLAND HEALTH SYSTEM,,,,,,,,,,,,,,,,,
,ATS,20005,WASHINGTON,DC,1894,,US,,,2026-01-11 13:23:35,20005,WASHINGTON,READY,DC,,WESTIN HOTEL,Y,HIGH,80,,,"1400 M STREET, NW.",EMAIL INVOICES,,Y,,1400 M ST NW,,,,WESTIN HOTEL,,,,,,,,,,,,,,,,,
,ATS,20852,ROCKVILLE,MD,1895,,US,,,NaT,20852,ROCKVILLE,REVIEW,MD,,WF COLLINS INC,Y,MEDIUM,100,,,4921 WYACONDA RD,,,Y,,4921 WYACONDA RD,,,,WF COLLINS INC.,,,,,,,,,,,,,,,,,
,ATS,15332,FINLEYVILLE,PA,1896,,US,,,NaT,15332,FINLEYVILLE,REVIEW,PA,,WG TOMKO INC,Y,MEDIUM,100,,,EMAIL INVOICE,2559 STATE ROUTE 88,,Y,,2559 STATE ROUTE 88,,,,"W.G. TOMKO, INC",,,,,,,,,,,,,,,,,
,ATS,21704,FREDERICK,MD,1897,,US,S,,2026-01-11 13:23:41,21704,FREDERICK,READY,MD,,WG/WELCH MECHANICAL CONTRACTORS LLC,Y,HIGH,80,,,260 INTERSTATE COURT,EMAIL INVOCIES,,Y,,260 INTERSTATE CT,,,,"W.G./WELCH MECHANICAL CONTRACTORS, LLC",,,,,,,,,,,,,,,,,
,ATS,20024,WASHINGTON,DC,1898,,US,STE #100,,2026-01-11 13:23:43,20024,WASHINGTON,READY,DC,,WHARF HORIZONTAL REIT LLC,Y,HIGH,80,,,"800 MAINE AVE, SW - EMAIL",SUITE 100,,Y,,800 MAINE AVE SW,,,,WHARF HORIZONTAL REIT LLC,,,,,,,,,,,,,,,,,
,ATS,21042,ELLICOTT CITY,MD,1899,,US,,,2026-01-11 13:23:48,21042,ELLICOTT CITY,READY,MD,,WHC TRAVEL BASEBALL,Y,HIGH,80,,,ATTN: PAUL BUCKMASTER,3501 CHAR LIL CT,,Y,,3501 CHAR LIL CT,,,,WHC TRAVEL BASEBALL,,,,,,,,,,,,,,,,,
,ATS,22046,FALLS CHURCH,VA,1900,,US,,,2026-01-11 13:23:50,22046,FALLS CHURCH,READY,VA,,WHITE SAND SECURITY INC,Y,HIGH,80,,,602 DORCHESTER ROAD,,,Y,,602 DORCHESTER RD,,,,"WHITE SAND SECURITY, INC.",,,,,,,,,,,,,,,,,
,ATS,21286,TOWSON,MD,1901,,US,,,2026-01-11 13:23:52,21286,TOWSON,READY,MD,,WHITING-TURNER CONTRACTING COMPANY,Y,HIGH,80,,,300 E. JOPPA RD -email invoice,,,Y,,300 E JOPPA RD,,,,WHITING-TURNER CONTRACTING COMPANY,,,,,,,,,,,,,,,,,
,ATS,21802,SALISBURY,MD,1902,,US,,,NaT,21802,SALISBURY,REVIEW,MD,,WICOMICO CO BOARD OF ED,Y,MEDIUM,70,,,ACCOUNTS PAYABLE,PO 1538 - EMAIL,,Y,,PO BOX 1538,,,,WICOMICO CO. BOARD OF ED.,,,,,,,,,,,,,,,,,
,ATS,21830,HEBRON,MD,1903,,US,,,NaT,21830,HEBRON,REVIEW,MD,,WILFRE CO,Y,MEDIUM,100,,,8161 MEMORY GARDENS LN,,,Y,,8161 MEMORY GARDENS LN,,,,WILFRE CO.,,,,,,,,,,,,,,,,,
,ATS,20004,WASHINGTON,DC,1904,,US,STE #400,,2026-01-11 13:23:58,20004,WASHINGTON,READY,DC,,WILLARD ASSOCIATES LP,Y,HIGH,80,,,"1455 PENNSYLVANIA AVE., NW, SUITE 400",EMAIL INVOICE,,Y,,1455 PENNSYLVANIA AVE NW,,,,"WILLARD ASSOCIATES, LP",,,,,,,,,,,,,,,,,
,ATS,21601,EASTON,MD,1905,,US,,,2026-01-11 13:23:59,21601,EASTON,READY,MD,,WILLOW CONSTRUCTION COMPANY,Y,HIGH,80,,,400 MARYLAND AVE,,,Y,,400 MARYLAND AVE,,,,WILLOW CONSTRUCTION COMPANY,,,,,,,,,,,,,,,,,
,ATS,,,,1906,,US,,,NaT,,,INVALID,,,WISMER RICHARD,Y,LOW,20,,,,,,Y,,,,,,WISMER RICHARD,,,,,,,,,,,,,,,,,
,ATS,18974,WARMINSTER,PA,1907,,US,STE #ONE,,NaT,18974,WARMINSTER,REVIEW,PA,,WISTEX INC,Y,MEDIUM,100,,,1730 STOUT DRIVE,SUITE ONE,,Y,,1730 STOUT DR,,,,"WISTEX, INC.",,,,,,,,,,,,,,,,,
,ATS,18974,WARMINSTER,PA,1908,,US,STE #ONE,,NaT,18974,WARMINSTER,REVIEW,PA,,WISTEX INC,Y,MEDIUM,100,,,"1730 STOUT DRIVE, SUITE ONE",,,Y,,1730 STOUT DR,,,,"WISTEX, INC.",,,,,,,,,,,,,,,,,
,ATS,20164,STERLING,VA,1909,,US,STE ##111,,2026-01-11 13:24:08,20164,STERLING,READY,VA,,WITTMAN MECHANICAL CONTRACTORS INC,Y,HIGH,80,,,22560 GLENN DRIVE SUITE #111,,,Y,,22560 GLENN DR,,,,"WITTMAN MECHANICAL CONTRACTORS, INC",,,,,,,,,,,,,,,,,
,ATS,20090,WASHINGTON,DC,1910,,US,,,NaT,20090,WASHINGTON,REVIEW,DC,,WL GARY COMPANY INC,Y,MEDIUM,70,,,PO BOX 91113,,,Y,,PO BOX 91113,,,,"W.L. GARY COMPANY, INC. -email",,,,,,,,,,,,,,,,,
,ATS,21230,BALTIMORE,MD,1911,,US,STE #100,,2026-01-11 13:24:09,21230,BALTIMORE,READY,MD,,WOHLSEN CONSTRUCTION,Y,HIGH,80,,,"190 WEST OSTEND ST., SUITE 100",,,Y,,190 W OSTEND ST,,,,WOHLSEN CONSTRUCTION,,,,,,,,,,,,,,,,,
,ATS,22182,VIENNA,VA,1912,,US,,,NaT,22182,VIENNA,REVIEW,VA,,WOLF TRAP,Y,MEDIUM,100,,,1551 TRAP RD,,,Y,,1551 TRAP RD,,,,WOLF TRAP,,,,,,,,,,,,,,,,,
,ATS,21804,SALISBURY,MD,1913,,US,,,NaT,21804,SALISBURY,REVIEW,MD,,WOR-WIC COMMUNITY COLLEGE,Y,MEDIUM,100,,,32000 CAMPUS DRIVE,,,Y,,32000 CAMPUS DR,,,,WOR-WIC COMMUNITY COLLEGE,,,,,,,,,,,,,,,,,
,ATS,21841,NEWARK,MD,1914,,US,,,2026-01-11 13:24:15,21841,Newark,READY,MD,,WORCESTER COUNTY BOARD OF EDUCATION,Y,HIGH,80,,,6270 Worcester Highway,,,Y,,6270 WORCESTER HWY,,,,WORCESTER COUNTY BOARD OF EDUCATION,,,,,,,,,,,,,,,,,
,ATS,20910,SILVER SPRING,MD,1915,,US,,,2026-01-11 13:24:16,20910,SILVER SPRING,READY,MD,,WORCH ELECTRIC INC,Y,HIGH,80,,,2230 DISTRIBUTION CIR,EMAIL INVOICE,,Y,,2230 DISTRIBUTION CIR,,,,"WORCH ELECTRIC, INC",,,,,,,,,,,,,,,,,
,ATS,20785,LANDOVER,MD,1916,,US,,,2026-01-11 13:24:18,20785,LANDOVER,READY,MD,,WORLD BANK,Y,HIGH,80,,,3301 PENNSY DRIVE,,,Y,,3301 PENNSY DR,,,,WORLD BANK,,,,,,,,,,,,,,,,,
,ATS,21218,BALTIMORE,MD,1917,,US,,,2026-01-11 13:24:20,21218,BALTIMORE,READY,MD,,WORLD WIDE CORPORATION,Y,HIGH,80,,,2126 AISQUITH STREET,EMAIL INVOICES,,Y,,2126 AISQUITH ST,,,,WORLD WIDE CORPORATION,,,,,,,,,,,,,,,,,
,ATS,19422,BLUE BELL,PA,1918,,US,WES LLC-ACCOUNTS PAYABLE,,NaT,19422,BLUE BELL,REVIEW,PA,,WORLDWIDE ENVIRONMENT SERVICES,Y,MEDIUM,70,,,"WES, LLC.-ACCOUNTS PAYABLE",P.O. BOX 1541,,Y,,PO BOX 1541,,,,WORLDWIDE ENVIRONMENT SERVICES,,,,,,,,,,,,,,,,,
,ATS,18947,PIPERSVILLE,PA,1919,,US,,,NaT,18947,PIPERSVILLE,REVIEW,PA,,WORTH & COMPANY,Y,MEDIUM,100,,,EMAIL INVOICE,6263 KELLERS CHURCH ROAD,,Y,,6263 KELLERS CHURCH RD,,,,WORTH & COMPANY,,,,,,,,,,,,,,,,,
,ATS,22624,CLEAR BROOK,VA,1920,,US,,,NaT,22624,CLEAR BROOK,REVIEW,VA,,WRB CONSTRUCTION LLC,Y,MEDIUM,70,,,P.O. BOX 207,EMAIL INVOICES,,Y,,PO BOX 207,,,,"WRB CONSTRUCTION , LLC",,,,,,,,,,,,,,,,,
,ATS,20774,UPPER MARLBORO,MD,1921,,US,,,NaT,20774,UPPER MARLBORO,REVIEW,MD,,WRIGHT MECHANICAL,Y,MEDIUM,100,,,617 COMMERCE DRIVE,,,Y,,617 COMMERCE DR,,,,WRIGHT MECHANICAL,,,,,,,,,,,,,,,,,
,ATS,20164,STERLING,VA,1922,,US,,,2026-01-11 13:24:25,20164,STERLING,READY,VA,,WRT CORP,Y,HIGH,80,,,104 CARPENTER DR,,,Y,,104 CARPENTER DR,,,,WRT CORP,,,,,,,,,,,,,,,,,
,ATS,21133,RANDALLSTOWN,MD,1923,,US,,,NaT,21133,RANDALLSTOWN,REVIEW,MD,,WW CONTRACTORS INC,Y,MEDIUM,70,,,P.O. BOX 597,,,Y,,PO BOX 597,,,,WW CONTRACTORS INC - email,,,,,,,,,,,,,,,,,
,ATS,55433,COON RAPIDS,MN,1924,,US,STE E,,2026-01-11 13:24:26,55433,COON RAPIDS,READY,MN,,XETEX LLC,Y,HIGH,80,,,"9405 HOLLY STREET NW, STE E",,,Y,,9405 HOLLY ST NW,,,,"XETEX, LLC",,,,,,,,,,,,,,,,,
,ATS,20001,WAHSINGTON,DC,1925,,US,,,NaT,20001,WAHSINGTON,REVIEW,DC,,XNRGY CLIMATE SYSTEMS ULC,Y,MEDIUM,100,,,"925 H ST NW, UNIT 901",,,Y,,925 H ST NW UNIT 901,,,,XNRGY CLIMATE SYSTEMS ULC - email,,,,,,,,,,,,,,,,,
,ATS,17042-0660,LABANON,PA,1926,,US,,,NaT,17042-0660,LABANON,REVIEW,PA,,CED YALE ELECTRIC SUPPLY COMPANY,Y,MEDIUM,70,,,PO BOX 660,,,Y,,PO BOX 660,,,,CED YALE ELECTRIC SUPPLY COMPANY,,,,,,,,,,,,,,,,,
,ATS,32765,OVIEDO,FL,1927,,US,STE #200,,2026-01-11 13:24:29,32765,OVIEDO,READY,FL,,YANG ENTERPRISES INC,Y,HIGH,80,,,1420 ALAFAYA TRAIL,SUITE 200,,Y,,1420 ALAFAYA TRAIL,,,,"YANG ENTERPRISES, INC.",,,,,,,,,,,,,,,,,
,ATS,,,,1928,,US,,,NaT,,,INVALID,,,MIKE YEAGER,Y,LOW,20,,,,,,Y,,,,,,MIKE YEAGER,,,,,,,,,,,,,,,,,
,ATS,21030,COCKEYSVILLE,MD,1929,,US,,,2026-01-11 13:24:32,21030,COCKEYSVILLE,READY,MD,,YEM CORPORATION,Y,HIGH,80,,,18 OLD PADONIA ROAD,,,Y,,18 OLD PADONIA RD,,,,Y.E.M. CORPORATION,,,,,,,,,,,,,,,,,
,ATS,20743,CAPITAL HEIGHTS,MD,1930,,US,STE #100 BLDG C,,NaT,20743,CAPITAL HEIGHTS,REVIEW,MD,,JOHNSON CONTROLS INC,Y,MEDIUM,100,,,1101 HAMPTON PARK BLVD,SUITE 100 BLDG C,,Y,,1101 HAMPTON PARK BLVD,,,,YORK JOHNSON CONTROLS INC.,,,,,,,,,,,,,,,,,
,ATS,21152,SPARKS,MD,1931,,US,,,2026-01-11 13:24:36,21152,SPARKS,READY,MD,,JCI- YORK EQUIPMENT SALES,Y,HIGH,80,,,SALES ATTN: BARB BOUCHER,60 LOVETON CIRCLE,,Y,,60 LOVETON CIR,,,,JCI- YORK EQUIPMENT SALES,,,,,,,,,,,,,,,,,
,ATS,21046,COLUMBIA,MD,1932,,US,SALES DEPARTMENT,,2026-01-11 13:24:37,21046,COLUMBIA,READY,MD,,YORK INTERNATIONAL,Y,HIGH,80,,,9055A GUILFORD ROAD,SALES DEPARTMENT,,Y,,9055A GUILFORD RD,,,,YORK INTERNATIONAL,,,,,,,,,,,,,,,,,
,ATS,21236,WHITE MARSH,MD,1933,,US,,,NaT,21236,WHITE MARSH,REVIEW,MD,,YU CONSULTING LLC,Y,MEDIUM,70,,,PO BOX 454,EMAIL INVOICES,,Y,,PO BOX 454,,,,"YU CONSULTING, LLC",,,,,,,,,,,,,,,,,
,ATS,21244,WINDSOR MILL,MD,1934,,US,,,2026-01-11 13:24:39,21244,WINDSOR MILL,READY,MD,,ZENTECH MANUFACTORING,Y,HIGH,80,,,EMAIL INVOICE,6980 TUDSBURY ROAD,,Y,,6980 TUDSBURY RD,,,,ZENTECH MANUFACTORING,,,,,,,,,,,,,,,,,
,ATS,20187,WARRENTON,VA,1935,,US,,,NaT,20187,WARRENTON,REVIEW,VA,,BILL ZIMMER,Y,MEDIUM,100,,,7477 CEDAR RUN DRIVE,,,Y,,7477 CEDAR RUN DR,,,,BILL ZIMMER,,,,,,,,,,,,,,,,,
,ATS,07054,PARSIPPANY,NJ,1936,,US,,,2026-01-11 13:24:42,07054,PARSIPPANY,READY,NJ,,ZOETIS LLC,Y,HIGH,80,,,10 SYLVAN WAY,EMAIL INVOICES,,Y,,10 SYLVAN WAY,,,,"ZOETIS, LLC",,,,,,,,,,,,,,,,,
,ATS,21157,WESTMINISTER,MD,1937,,US,,,NaT,21157,WESTMINISTER,REVIEW,MD,Y,A QUALITY HEATING & AIR CONDITIONING,,MEDIUM,100,,Y,1824 RIDGE RD,,,,410-751-9533,1824 RIDGE RD,,+14107519533,,A QUALITY HEATING & AIR CONDITIONING,,,,,,,,,Ship To 1,,,,,,,,
,ATS,20166,STERLING,VA,1938,,US,STE 600,,2026-01-11 13:24:46,20166,STERLING,READY,VA,Y,VALIANT INTEGRATED SERVICES,,HIGH,80,,Y,"45180 BUSINESS CT, STE 600",,,,(703) 437-1179,45180 BUSINESS CT,,+17034371179,,VALIANT INTEGRATED SERVICES,,,accountspayable@onevaliant.com; Ann.Gum@onevaliant.com,,,,,,,,,,accountspayable@onevaliant.com,ann.gum@onevaliant.com,,,
,ATS,20748,TEMPLE HILLS,MD,1939,,US,,,2026-01-11 13:24:47,20748,TEMPLE HILLS,READY,MD,Y,ABSOLUTE SUPPLY & SERVICE,,HIGH,80,,Y,4592 BEECH RD,,,,888-559-9693,4592 BEECH RD,,+18885599693,,ABSOLUTE SUPPLY AND SERVICE,,,INVOICE@ABSOLUTE-SAA.COM,,,,,,PAULA HUBBARD,,,,invoice@absolute-saa.com,,,Paula Hubbard,
,ATS,20743,CAPITOL HEIGHTS,MD,1940,,US,,,2026-01-11 13:24:49,20743,CAPITOL HEIGHTS,READY,MD,Y,ADRIAN L MERTON INC,,HIGH,80,,Y,9011 EAST HAMPTON DRIVE,,,,(301) 336-6077,9011 E HAMPTON DR,,+13013366077,,"ADRIAN L. MERTON, INC.",,,fball@almerton.com;TMerton@almerton.com,,,,,,KELLIE BURR,,,,fball@almerton.com,tmerton@almerton.com,,Kellie Burr,
,ATS,91748,CITY OF INDUSTRY,CA,1941,,US,,,2026-01-11 13:24:51,91748,CITY OF INDUSTRY,READY,CA,Y,AIR TREATMENT CORP,,HIGH,80,,Y,957 LAWSON STREET,,,,714-257-9982,957 LAWSON ST,,+17142579982,,AIR TREATMENT CORP,,,AcctsPayable@airtreatment.com,,,,,,Ship To 1,,,,acctspayable@airtreatment.com,,,,
,ATS,20653,LEXINGTON PARK,MD,1942,,US,,,NaT,20653,LEXINGTON PARK,REVIEW,MD,Y,AIRCO SUPPLY,,MEDIUM,100,,Y,22378 A THREE NOTCH ROAD,,,,,22378 A THREE NOTCH RD,,,,AIRCO SUPPLY,,,,,,,,,,,,,,,,,
,ATS,20653,LEXINGTON PARK,MD,1943,,US,,,NaT,20653,LEXINGTON PARK,REVIEW,MD,Y,AIRECO SUPPLY,,MEDIUM,100,,Y,22378 A THREE NOTCH ROAD,,,,,22378 A THREE NOTCH RD,,,,AIRECO SUPPLY - email,,,ap@aireco.com,,,,,,,,,,ap@aireco.com,,,,
,ATS,20639,HUNTINGTOWN,MD,1944,,US,,,NaT,20639,HUNTINGTOWN,REVIEW,MD,Y,ALICE STEELE,,MEDIUM,100,,Y,85 SOUTHVIEW DR,,,,,85 SVIEW DR,,,,ALICE STEELE,,,,,,,,,Ship To 1,,,,,,,,
,ATS,,,,1945,,US,,,NaT,,,INVALID,,Y,AMAZON,,LOW,20,,Y,TO BE DTERMINED,,,,,,,,,AMAZON,,,,,,,,,,,,,,,,,
,ATS,22312,ALEXANDRIA,VA,1946,,US,,,NaT,22312,ALEXANDRIA,REVIEW,VA,Y,AMERICAN BOILER INC,,MEDIUM,100,,Y,5649-M GENERAL WASHINGTON DR.,,,,(703) 941-6792,5649-M GENERAL WASHINGTON DR,,+17039416792,,AMERICAN BOILER INC,,,,,,,,,,,,,,,,,
,ATS,19046,JENKINTOWN,PA,1947,,US,(STEPHANIE),,2026-01-11 13:25:00,19046,JENKINTOWN,READY,PA,Y,AMERICAN FINANCIAL REALTY TRUST,,HIGH,80,,Y,610 OLD YORK ROAD,(STEPHANIE),,,,610 OLD YORK RD,,,,AMERICAN FINANCIAL REALTY TRUST,,,,,,,,,Ship To 1,,,,,,,,
,ATS,20016,WASHINGTON,DC,1948,,US,LOWER LEVEL ASBURY BLDG,,2026-01-11 13:25:02,20016,WASHINGTON,READY,DC,Y,AMERICAN UNIVERSITY,,HIGH,80,,Y,"4400 MASSACHUSETTS AVENUE, NW",LOWER LEVEL ASBURY BUILDING,,,202-885-1047,4400 MASSACHUSETTS AVE NW,,+12028851047,,AMERICAN UNIVERSITY - email invoices,202-885-2303-DARLINE,,accountspayable@american.edu,,,,,,SONDRA,,+12028852303,,accountspayable@american.edu,,,Sondra,
,ATS,21401,ANNAPOLIS,MD,1949,,US,STOREROOM,,2026-01-11 13:25:04,21401,ANNAPOLIS,READY,MD,Y,ANNE ARUNDEL MED CTR,,HIGH,80,,Y,STOREROOM,2001 MEDICAL PARKWAY,,,,2001 MEDICAL PKWY,,,,ANNE ARUNDEL MED CTR - email,,,accountspayable@aahs.org,,,,,,JOSLYNN,,,,accountspayable@aahs.org,,,Joslynn,
,ATS,20166,DULLES,VA,1950,,US,,,NaT,20166,DULLES,REVIEW,VA,Y,OATH INC,,MEDIUM,100,,Y,22110 PACIFIC BOUELVARD,,,,703-265-2108,22110 PACIFIC BOUELVARD,,+17032652108,,"OATH, INC.",,,oathsupport@teamaol.com,,,,,,Ship To 1,,,,oathsupport@teamaol.com,,,,
,ATS,21740,HAGARSTOWN,MD,1951,,US,APPARATUS REPAIR & ENTINEERING,,NaT,21740,HAGARSTOWN,REVIEW,MD,Y,APPARATUS REPAIR & ENGINEERING,,MEDIUM,100,,Y,APPARATUS REPAIR & ENTINEERING,11241 NURSERY ROAD,,,301-739-3804,11241 NURSERY RD,,+13017393804,,APPARATUS REPAIR & ENGINEERING,,,INVOICES@ARE-INC.COM,,,,,,,,,,invoices@are-inc.com,,,,
,ATS,20018,WASHINGTON,DC,1952,,US,,,2026-01-11 13:25:09,20018,WASHINGTON,READY,DC,Y,AQUIL MECHANICAL WORKS,,HIGH,80,,Y,"2419 EVARTS ST, NE",,,,(202) 832-3296,2419 EVARTS ST NE,,+12028323296,,AQUIL MECHANICAL WORKS,,,RASAQUIL@YAHOO.COM,,,,,,RASHAD WATT,,,,rasaquil@yahoo.com,,,Rashad Watt,
,ATS,21223,BALTIMORE,MD,1953,,US,,,2026-01-11 13:25:10,21223,BALTIMORE,READY,MD,Y,ARCTIC REFRIGERATION,,HIGH,80,,Y,1050 SOUTH DUKELAND STREET,,,,410-947-4129,1050 S DUKELAND ST,,+14109474129,,ARCTIC REFRIGERATION,,,JPARCTIC@VERIZON.NET,,,,,,Ship To 1,,,,jparctic@verizon.net,,,,
,ATS,21207,BALTIIMORE,MD,1954,,US,,,NaT,21207,BALTIIMORE,REVIEW,MD,Y,CITY OF BALTIMORE FINANCE DEPARTMENT,,MEDIUM,100,,Y,1 WEST PRATT STREET,,,,410-649-7399,1 W PRATT ST,,+14106497399,,CITY OF BALTIMORE FINANCE DEPARTMENT,410-649-7033 -AP,,CITY-PAYABLES@BALTIMORECITY.GOV,,,,,,Ship To 1,,+14106497033,,city-payables@baltimorecity.gov,,,,
,ATS,21061,GLEN BURNIE,MD,1955,,US,,,2026-01-11 13:25:13,21061,GLEN BURNIE,READY,MD,Y,BALTIMORE WASHINGTON MEDICAL CENTER,,HIGH,80,,Y,301 HOSPITAL DRIVE,,,,410-328-8813,301 HOSPITAL DR,,+14103288813,,BALTIMORE WASHINGTON MEDICAL CENTER,,,UMMSinvoices@onlinecapturecenter.com,,,,,,SHIP TO,,,,ummsinvoices@onlinecapturecenter.com,,,,
,ATS,21202,BALTIMORE,MD,1956,,US,REAR LOADING DOCK,,2026-01-11 13:25:15,21202,BALTIMORE,READY,MD,Y,BALTIMORE CENTRAL BOOKING & INTAKE CTR,,HIGH,80,,Y,300 E. MADISON ST.,REAR LOADING DOCK,,,410-545-8202,300 E MADISON ST,,+14105458202,,BALTIMORE CENTRAL BOOKING & INTAKE CTR,410-209-4172 A/P,,410-209-4270 A/P FAX,,,,,,Ship To 1,,+14102094172,+14102094270,,,,,
,ATS,21117,OWINGS MILLS,MD,1957,,US,NEW TOWN HIGH SCHOOL,,2026-01-11 13:25:17,21117,OWINGS MILLS,READY,MD,Y,BALTIMORE COUNTY PUBLIC SCHOOLS,,HIGH,80,,Y,NEW TOWN HIGH SCHOOL,4931 NEW TOWN BLVD,,,410-887-5875,4931 NEW TOWN BLVD,,+14108875875,,BALTIMORE COUNTY PUBLIC SCHOOLS,,,,,,,,,Ship To 1,,,,,,,,
,ATS,21224,BALTIMORE,MD,1958,,US,,,2026-01-11 13:25:18,21224,BALTIMORE,READY,MD,Y,BERRY PLASTICS,,HIGH,80,,Y,1810 PORTAL STREET,,,,812-424-0128,1810 PORTAL ST,,+18124240128,,BERRY PLASTICS,,,,,,,,,Ship To 1,,,,,,,,
,ATS,21221,BALTIMORE,MD,1959,,US,,,2026-01-11 13:25:20,21221,BALTIMORE,READY,MD,Y,BOST & FILTREX INC,,HIGH,80,,Y,806 RACE RD,,,,614-486-6961,806 RACE RD,,+16144866961,,BOST &  FILTREX INC,614-486-5961,,ACCOUNTSPAYABLE@KETCHUMANDWALTON.COM,,,,,,,,+16144865961,,accountspayable@ketchumandwalton.com,,,,
,ATS,20785,LANDOVER,MD,1960,,US,THE WORLD BANK GROUP,,2026-01-11 13:25:22,20785,LANDOVER,READY,MD,Y,BRANDYWINE REALTY TRUST,,HIGH,80,,Y,THE WORLD BANK GROUP,3301 PENNSY DRIVE,,,,3301 PENNSY DR,,,,BRANDYWINE REALTY TRUST - EMAIL,,,BRANDYWINE@AVIDBILL.COM,,,,,,JOE ROSS,,,,brandywine@avidbill.com,,,Joe Ross,
,ATS,20732,CHESAPEAKE BEACH,MD,1961,,US,,,NaT,20732,CHESAPEAKE BEACH,REVIEW,MD,Y,PAUL BUTZ,,MEDIUM,100,,Y,3236 MEARS BEND STREET,,,,,3236 MEARS BEND ST,,,,PAUL BUTZ,,,,,,,,,Ship To 1,,,,,,,,
,ATS,20678,PRINCE FREDERICK,MD,1962,,US,COURTHOUSE ANNEX,,2026-01-11 13:25:25,20678,PRINCE FREDERICK,READY,MD,Y,CALVERT COUNTY DEPT OF FINANCE & BUDGET,,HIGH,80,,Y,COURTHOUSE ANNEX,176 MAIN STREET,,,410-414-3720,176 MAIN ST,,+14104143720,,CALVERT COUNTY DEPT OF FINANCE & BUDGET,410-535-1600-SHIP,,financeap@calvertcountymd.gov,,,,,,Ship To 1,,+14105351600,,financeap@calvertcountymd.gov,,,,
,ATS,22079,LORTON,VA,1963,,US,INOVA ALEXANDRIA PHARMACY,,NaT,22079,LORTON,REVIEW,VA,Y,ABM BUILDING SRVICES LLC,,MEDIUM,100,,Y,INOVA ALEXANDRIA PHARMACY,7905 HILL PARK COURT,,,703-370-6515-AP,7905 HILL PARK CT,,+17033706515,,"ABM BUILDING SRVICES, LLC WASHINGTON DC",571-483-3161,,kyuan@abm.com,,,,,,Ship To 1,,+15714833161,,kyuan@abm.com,,,,
,ATS,20747,FORESTVILLE,MD,1964,,US,,,2026-01-11 13:25:28,20747,FORESTVILLE,READY,MD,Y,CALVERT MECHANICAL INC,,HIGH,80,,Y,3018 KAVERTON ROAD,,,,(301) 855-2118,3018 KAVERTON RD,,+13018552118,,CALVERT MECHANICAL INC,,,NANCY.THRASHER@CALVERTMECHINC.COM,,,,,,NANCY THRASHER,,,,nancy.thrasher@calvertmechinc.com,,,Nancy Thrasher,
,ATS,22312,ALEXANDRIA,VA,1965,,US,STE #1,,NaT,22312,ALEXANDRIA,REVIEW,VA,Y,ABM GOVERNMENT SERVICES,,MEDIUM,100,,Y,5701 GENERAL WASHINGTON DR,SUITE 1,,,703-370-8674,5701 GENERAL WASHINGTON DR,,+17033708674,,ABM GOVERNMENT SERVICES,,,,,,,,,TOM FOGLEMAN,,,,,,,Tom Fogleman,
,ATS,20004,WASHINGTON,DC,1966,,US,STE #450,,2026-01-11 13:25:31,20004,WASHINGTON,REVIEW,DC,Y,CAMBRIDGE ASSET ADVISORS,,MEDIUM,75,,Y,"901 E STREET, SUITE 450",,,,,901 E ST,,,,CAMBRIDGE ASSET ADVISORS,,,,,,,,,Ship To 1,,,,,,,,
,ATS,20743,CAPITAL HEIGHTS,MD,1967,,US,,,NaT,20743,CAPITAL HEIGHTS,REVIEW,MD,Y,CAPITAL CITY CONTROLS,,MEDIUM,100,,Y,120 WESTHAMPTON AVENUE,,,,,120 WHAMPTON AVE,,,,CAPITAL CITY CONTROLS,651-602-6500 a/p,,speterson@hmcc.com,,,,,,MELISSA DOUMBIA,,+16516026500,,speterson@hmcc.com,,,Melissa Doumbia,
,ATS,21230,BALTIMORE,MD,1968,,US,,,NaT,21230,BALTIMORE,REVIEW,MD,Y,SONEPAR/CAPITAL LIGHTING & SUPPLY,,MEDIUM,100,,Y,600 W HAMBURGER ST,,,,407-916-7467,600 W HAMBURGER ST,,+14079167467,,SONEPAR/CAPITAL LIGHTING & SUPPLY,410-752-4080,,apinvoices@sonepar-us.com,,,,,,Ship To 1,,+14107524080,,apinvoices@sonepar-us.com,,,,
,ATS,21801-2295,SALISBURY,MD,1969,,US,CAPITAL TRISTATE,,2026-01-11 13:25:37,21801-2295,SALISBURY,READY,MD,Y,CAPITALTRISTATE,,HIGH,80,,Y,CAPITAL TRISTATEEMAIL INVOICES,1774 WESTWOOD DRIVE,,,410-546-4230,1774 WWOOD DR,,+14105464230,,CAPITALTRISTATE - SALISBURY,,,CATHY.BURTON@CAPITALTRISTATE.COM,,,,,,,,,,cathy.burton@capitaltristate.com,,,,
,ATS,22015,BURKE,VA,1970,,US,,,2026-01-11 13:25:38,22015,BURKE,READY,VA,Y,CAPITOL CITY SUPPLY CO INC,,HIGH,80,,Y,5795-A BURKE CENTRE PKWY.,,,,703-426-9302,5795-A BURKE CT PKWY,,+17034269302,,"CAPITOL CITY SUPPLY CO., INC.",,,CAPCITY@COX.NET,,,,,,KIM,,,,capcity@cox.net,,,Kim,
,ATS,21227,BALTIMORE,MD,1971,,US,,,2026-01-11 13:25:40,21227,BALTIMORE,READY,MD,Y,CARRIER CORPORATION,,HIGH,80,,Y,3701 COMMERCE DRIVE,,,,860-622-0204,3701 COMMERCE DR,,+18606220204,,CARRIER CORPORATION,,,ANDREA.LAWRENCE@CARRIER.COM; UTCAP.BISDIRSALESINV@CONDUENT.COM,,,,,,Ship To 1,,,,andrea.lawrence@carrier.com,utcap.bisdirsalesinv@conduent.com,,,
,ATS,21227,BALTIMORE,MD,1972,,US,CARRIER COMMERCIAL SERVICE,,2026-01-11 13:25:42,21227,BALTIMORE,READY,MD,Y,CARRIER CORP,,HIGH,80,,Y,Carrier Commercial Service,3701 COMMERCE DRIVE,,,443-568-0260,3701 COMMERCE DR,,+14435680260,,CARRIER CORP. - BALTIMORE,443-790-1964 CELL,,CCS.Field.Inv@carrier.com,,,,,,BARBARA JACOBI,,+14437901964,,ccs.field.inv@carrier.com,,,Barbara Jacobi,
,ATS,21157,WESTMINISTER,MD,1973,,US,BILL ERB,,NaT,21157,WESTMINISTER,REVIEW,MD,Y,CARROLL COUNTY GOVERNMENT,,MEDIUM,100,,Y,BILL ERB,1601 WASHINGTON ROAD,,,,1601 WASHINGTON RD,,,,CARROLL COUNTY GOVERNMENT,,,,,,,,,Ship To 1,,,,,,,,
,ATS,24153,SALEM,VA,1974,,US,,,2026-01-11 13:25:45,24153,SALEM,READY,VA,Y,CARTER MACHINERY CO INC,,HIGH,80,,Y,1330 LYNCHBURG TURNPIKE,,,,540-387-1708,1330 LYNCHBURG TURNPIKE,,+15403871708,,CARTER MACHINERY CO. INC,,,ACCOUNTING_INBOX@CARTERMACHINERY.COM,,,,,,,,,,accounting_inbox@cartermachinery.com,,,,
,ATS,21901,NORTH EAST,MD,1975,,US,,,NaT,21901,NORTH EAST,REVIEW,MD,Y,CECIL COLLEGE,,MEDIUM,100,,Y,ONE SEAHAWK DRIVE,,,,410-287-1026-AP,ONE SEAHAWK DR,,+14102871026,,CECIL COLLEGE,,,CTHOMAS@CECIL.EDU,,,,,,Ship To 1,,,,cthomas@cecil.edu,,,,
,ATS,22724,JEFFERSONTON,VA,1976,,US,,,NaT,22724,JEFFERSONTON,REVIEW,VA,Y,CHAMBERLAIN ENTERPRISE LLC,,MEDIUM,100,,Y,4106 PINEWOOD LANE,,,,,4106 PINEWOOD LN,,,,"CHAMBERLAIN ENTERPRISE, LLC",,,,,,,,,,,,,,,,,
,ATS,20701,ANNAPOLIS JUNCTION,MD,1977,,US,STE #406-7,,NaT,20701,ANNAPOLIS JUNCTION,REVIEW,MD,Y,WOLF CREEK FEDERAL SERVICES,,MEDIUM,100,,Y,10840 GUILFORD RD,SUITE 406-7,,,410-684-2972,10840 GUILFORD RD,,+14106842972,,WOLF CREEK FEDERAL SERVICES,,,WCFS-FTMD-PO@CHUGACHGOV.COM,,,,,,Ship To 1,,,,wcfs-ftmd-po@chugachgov.com,,,,
,ATS,20771,GREENBELT,MD,1978,,US,BLDG 4 RM 135,,2026-01-11 13:25:52,20771,GREENBELT,READY,MD,Y,CHUGACH FEDERAL SOLUTIONS INC,,HIGH,80,,Y,8800 GREENBELT RD,"BLDG 4, RM 135",,,301-286-5363,8800 GREENBELT RD,,+13012865363,,"CHUGACH FEDERAL SOLUTIONS, INC",,,vendor.inv@chugach-ak.com,,,,,,RANDEM YOUNG,,,,vendor.inv@chugach-ak.com,,,Randem Young,
,ATS,20794,JESSUP,MD,1979,,US,(DOUG AUSTIN),,2026-01-11 13:25:53,20794,JESSUP,READY,MD,Y,CLIFTON T PERKINS HOSPITAL CTR,,HIGH,80,,Y,8450 DORSEY RUN ROAD,(DOUG AUSTIN),,,410-724-3049,8450 DORSEY RUN RD,,+14107243049,,CLIFTON T PERKINS HOSPITAL CTR,,,,,,,,,Ship To 1,,,,,,,,
,ATS,73106-2607,OCEAN CITY,OK,1980,,US,,,NaT,73106-2607,OCEAN CITY,REVIEW,OK,Y,CLIMATE CRAFT INC,,MEDIUM,100,,Y,1427 NW 3RD ST,,,,405-415-9231,1427 NW 3RD ST,,+14054159231,,CLIMATE CRAFT INC,,,ACCOUNTSPAYABLE@CLIMATECRAFT.COM,,,,,,Ship To 1,,,,accountspayable@climatecraft.com,,,,
,ATS,21031,HUNT VALLEY,MD,1981,,US,A SIDE AHU-2,,2026-01-11 13:25:57,,HUNT VALLEY,READY,MD,Y,COLLIERS PINKARD,,HIGH,80,,Y,A SIDE AHU-2,11311 MCCORMICK RD,,,410-785-4986,11311 MCCORMICK RD,,+14107854986,,COLLIERS PINKARD,,,,,,,,,Ship To 1,,,,,,,,
,ATS,23228,RICHMOND,VA,1982,,US,,,NaT,23228,RICHMOND,REVIEW,VA,Y,COLONIAL WEBB CONTRACTORS,,MEDIUM,100,,Y,2820 ACKLEY AVENUE,,,,804-200-4331,2820 ACKLEY AVE,,+18042004331,,COLONIAL WEBB CONTRACTORS,,,accountspayable@colonialwebb.com,,,,,,Ship To 1,,,,accountspayable@colonialwebb.com,,,,
,ATS,21202,BALTIMORE,MD,1983,,US,STE #1200,,2026-01-11 13:26:00,21202,BALTIMORE,READY,MD,Y,COLUMBIA PROPERTY TRUST,,HIGH,80,,Y,100 EAST PRATT STREET,SUITE 1200,,,,100 E PRATT ST,,,,COLUMBIA PROPERTY TRUST,,,COLUMBIAPROPERTYTRUST@AVIDBILL.COM,,,,,,,,,,columbiapropertytrust@avidbill.com,,,,
,ATS,20754,BOWIE,MD,1984,,US,STE #C,,NaT,20754,BOWIE,REVIEW,MD,Y,CROCKETT FACILITIES SERVICES,,MEDIUM,100,,Y,4931 TELSA DRIVE,SUITE C,,,,4931 TELSA DR,,,,CROCKETT FACILITIES SERVICES,,,,,,,,,Ship To 1,,,,,,,,
,ATS,22031,FAIRFAX,VA,1985,,US,,,2026-01-11 13:26:03,22031,FAIRFAX,READY,VA,Y,CROPP-METCALFE SERVICES,,HIGH,80,,Y,8421 HILLTOP ROAD,,,,703-698-9158,8421 HILLTOP RD,,+17036989158,,CROPP-METCALFE SERVICES,,,AP@CROPPMETCALFE.COM,,,,,,,,,,ap@croppmetcalfe.com,,,,
,ATS,22135,QUANTICO,VA,1986,,US,DEA TRNG ACAD,,NaT,22135,QUANTICO,REVIEW,VA,Y,DEA - DRUG ENFORCEMENT AGENCY,,MEDIUM,100,,Y,DEA TRNG ACAD,2500 INVESTIGATION PKWAY,,,,2500 INVESTIGATION PKWAY,,,,DEA- DRUG ENFORCEMENT AGENCY-EMAIL,,,INVOICE.TRAINING@USDOJ.GOV,,,,,,LORI LOVE,,,,invoice.training@usdoj.gov,,,Lori Love,
,ATS,20171,HERNDON,VA,1987,,US,DELTEK INC,,2026-01-11 13:26:06,20171,HERNDON,READY,VA,Y,DELTEK INC,,HIGH,80,,Y,DELTEK INC,2291 WOOD OAK DRIVE,,,866-539-5549-AP,2291 WOOD OAK DR,,+18665395549,,DELTEK INC,,,ACCOUNTSPAYABLE@DELTEK.COM,,,,,,,,,,accountspayable@deltek.com,,,,
,ATS,21046,COLUMBIA,MD,1988,,US,#110,,NaT,21046,COLUMBIA,REVIEW,MD,Y,DPR CONSTRUCTION,,MEDIUM,100,,Y,6716 ALEXANDER BELL DR,#110,,,,6716 ALEXANDER BELL DR,,,,DPR CONSTRUCTION,AP - 407-551-8219,,ORLACCOUNTSPAYABLE@DPR.COM,,,,,,,,+14075518219,,orlaccountspayable@dpr.com,,,,
,ATS,08854,PISCATAWAY,NJ,1989,,US,,,2026-01-11 13:26:10,08854,PISCATAWAY,READY,NJ,Y,DUPONT FABROS,,HIGH,80,,Y,101 POSSUMTOWN ROAD,,,,,101 POSSUMTOWN RD,,,,DUPONT FABROS - NJ,,,invoices.1@dupont.com,,,,,,,,,,invoices.1@dupont.com,,,,
,ATS,21613,CAMBRIDGE,MD,1990,,US,,,2026-01-11 13:26:11,21613,CAMBRIDGE,READY,MD,Y,EASTERN SHORE MEDICAL CENTER,,HIGH,80,,Y,5262 WOODS ROAD,,,,410-221-2542,5262 WOODS RD,,+14102212542,,EASTERN SHORE MEDICAL CENTER,,,REDAWSON@DHMB.STAT.MD.US,,,,,,Ship To 1,,,,redawson@dhmb.stat.md.us,,,,
,ATS,21223-0426,BALTIMORE,MD,1991,,US,,,2026-01-11 13:26:13,21223-0426,BALTIMORE,READY,MD,Y,EESCO PUMP & VALVE INC,,HIGH,80,,Y,634 S. BRICE STREET,,,,410-233-8552,634 S BRICE ST,,+14102338552,,"EESCO PUMP & VALVE, INC.",,,EESCO1@AOL.COM,,,,,,SHANNON WOODWARD,,,,eesco1@aol.com,,,Shannon Woodward,
,ATS,21224,BALTIMORE,MD,1992,,US,,,2026-01-11 13:26:15,21224,BALTIMORE,READY,MD,Y,EMERGENT BIOSOLUTIONS,,HIGH,80,,Y,5901 EAST LOMBARD ST,,,,410-246-6199,5901 E LOMBARD ST,,+14102466199,,EMERGENT BIOSOLUTIONS,,,ACCOUNTSPAYABLEEBSI@EBSI.COM,,,,,,,,,,accountspayableebsi@ebsi.com,,,,
,ATS,20636,HOLLYWOOD,MD,1993,,US,STE #SP01,,NaT,20636,HOLLYWOOD,REVIEW,MD,Y,ENGILITY CORPORATION,,MEDIUM,100,,Y,43880 COMMERCE AVENUE,SUITE SP01,,,856-914-1349,43880 COMMERCE AVE,,+18569141349,,ENGILITY CORPORATION,,,,,,,,,,,,,,,,,
,ATS,20777,HIGHLAND,MD,1994,,US,,,NaT,20777,HIGHLAND,REVIEW,MD,Y,ENVIRO-TEK SERVICES,,MEDIUM,70,,Y,PO BOX 159,,,,301-854-0596,PO BOX 159,,+13018540596,,ENVIRO-TEK SERVICES,,,,,,,,,Ship To 1,,,,,,,,
,ATS,21228,CATONSVILLE,MD,1995,,US,CHARLESTON MAIL STOP- 60110340,,2026-01-11 13:26:18,21228,CATONSVILLE,READY,MD,Y,ERICKSON LIVING MANAGEMENT,,HIGH,80,,Y,CHARLESTON MAIL STOP- 60110340,701 MAIDEN CHOICE LANE,,,410-204-7227,701 MAIDEN CHOICE LN,,+14102047227,,ERICKSON LIVING MANAGEMENT,,,apfaxes2@erickson.com,,,,,,Ship To 1,,,,apfaxes2@erickson.com,,,,
,ATS,21228,CATONSVILLE,MD,1996,,US,,,2026-01-11 13:26:20,21228,CATONSVILLE,READY,MD,Y,ERICKSON MARIS GROVE,,HIGH,80,,Y,701 MAIDEN CHOICE LANE,,,,4102047227,701 MAIDEN CHOICE LN,,+14102047227,,ERICKSON MARIS GROVE,,,apfaxes2@erickson.com,,,,,,Ship To 1,,,,apfaxes2@erickson.com,,,,
,ATS,21228,BALTIMORE,MD,1997,,US,,,2026-01-11 13:26:22,21228,BALTIMORE,READY,MD,Y,ERICKSON RETIREMENT COMMUNITIES,,HIGH,80,,Y,ATTN: LARRY ROSS,813 Maiden Choice Lane,,,,813 MAIDEN CHOICE LN,,,,ERICKSON RETIREMENT COMMUNITIES,,,apfaxes2@erickson.com,,,,,,Ship To 1,,,,apfaxes2@erickson.com,,,,
,ATS,21228,BALTIMORE,MD,1998,,US,,,2026-01-11 13:26:24,21228,BALTIMORE,READY,MD,Y,OAK CREST VILLAGE,,HIGH,80,,Y,ATTN: LARRY ROSS,813 Maiden Choice Lane,,,,813 MAIDEN CHOICE LN,,,,OAK CREST VILLAGE,443-677-3128,,apfaxes2@erickson.com,,,,,,Ship To 1,,+14436773128,,apfaxes2@erickson.com,,,,
,ATS,20109,MANASSAS,VA,1999,,US,FH FURR PLUMBING & HEATING,,NaT,20109,MANASSAS,REVIEW,VA,Y,FH FURR PLUMBING HEATING & A/C,,MEDIUM,100,,Y,FH FURR PLUMBING & HEATING,9040 MIKE GARCIA DRIVE,,,,9040 MIKE GARCIA DR,,,,"F.H. FURR PLUMBING, HEATING AND A/C",,,,,,,,,,,,,,,,,
,ATS,21226,BALTIMORE,MD,2000,,US,BUILDG 12,,2026-01-11 13:26:27,21226,BALTIMORE,READY,MD,Y,FACILITY SERVICES MANAGEMENT INC,,HIGH,80,,Y,BUILDG 12,2401 HAWKINS POINT RD,,,931-552-7074,2401 HAWKINS POINT RD,,+19315527074,,"FACILITY SERVICES MANAGEMENT, INC",931-552-7044-AP,,KCLINE@FACSVES.COM,,,,,,Ship To 1,,+19315527044,,kcline@facsves.com,,,,
,ATS,21701,FREDERICK,MD,2001,,US,,,2026-01-11 13:26:29,21701,FREDERICK,READY,MD,Y,FAIRCHILD CONTROLS,,HIGH,80,,Y,540 HIGHLAND STREET,,,,410-833-1626,540 HIGHLAND ST,,+14108331626,,FAIRCHILD CONTROLS,,,,,,,,,Ship To 1,,,,,,,,
,ATS,20151,CHANTILLY,VA,2002,,US,CUB RUN REC CENTER,,2026-01-11 13:26:30,20151,CHANTILLY,READY,VA,Y,FAIRFAX COUNTY PARK AUTHORITY,,HIGH,80,,Y,CUB RUN REC CENTER,4630 STONECROFT BLVD,,,,4630 STONECROFT BLVD,,,,FAIRFAX COUNTY PARK AUTHORITY,,,,,,,,,Ship To 1,,,,,,,,
,ATS,43219,COLUMBUS,OH,2003,,US,,,2026-01-11 13:26:32,43219,COLUMBUS,READY,OH,Y,FCX PERFORMANCE INC,,HIGH,80,,Y,3000 E. 14TH AVENUE,,,,614-234-6054-AP,3000 E 14TH AVE,,+16142346054,,"FCX PERFORMANCE, INC.",410-882-9759,,AP@FCXPERFORMANCE.COM,,,,,,Ship To 1,,+14108829759,,ap@fcxperformance.com,,,,
,ATS,21237,BALTIMORE,MD,2004,,US,,,2026-01-11 13:26:34,21237,BALTIMORE,READY,MD,Y,MEDSTAR HEALTH,,HIGH,80,,Y,9000 FRANKLIN SQUARE DRIVE,,,,,9000 FRANKLIN SQUARE DR,,,,MEDSTAR HEALTH,,,apinvoices@medstar.net,,,,,,accounts payable,,,,apinvoices@medstar.net,,,,
,ATS,21701,FREDERICK,MD,2005,,US,FMH MATERIAL DISTRIBUTION CENT,,2026-01-11 13:26:36,21701,FREDERICK,READY,MD,Y,FREDERICK MEMORIAL HOSPITAL,,HIGH,80,,Y,FMH MATERIAL DISTRIBUTION CENT,605 E. CHURCH STREET,,,,605 E CHURCH ST,,,,FREDERICK MEMORIAL HOSPITAL,240-566-3300,,TMYingling@Frederick.health,,,,,,DIANN MARKWARD,,+12405663300,,tmyingling@frederick.health,,,Diann Markward,
,ATS,21754,IJAMSVILLE,MD,2006,,US,,,NaT,21754,IJAMSVILLE,REVIEW,MD,Y,FREDERICK CO PUBLIC SCHOOLS,,MEDIUM,100,,Y,9840 OLD NATIONAL PIKE,,,,,9840 OLD NATIONAL PIKE,,,,FREDERICK CO. PUBLIC SCHOOLS,301-644-5172-SVC,,accounts.payable@fcps.org,,,,,,Ship To 1,,+13016445172,,accounts.payable@fcps.org,,,,
,ATS,21211,BALTIMORE,MD,2007,,US,,,2026-01-11 13:26:39,21211,BALTIMORE,READY,MD,Y,FSK LAND CORPORATION,,HIGH,80,,Y,3901 KESWICK ROAD,,,,410-735-7960,3901 KESWICK RD,,+14107357960,,FSK LAND CORPORATION,,,JENNIFER.BROMWELL@TRANSWESTERN.NET,,,,,,JENNIFER BROMWELL,,,,jennifer.bromwell@transwestern.net,,,Jennifer Bromwell,
,ATS,21162,WHITE MARSH,MD,2008,,US,,,2026-01-11 13:26:40,21162,White Marsh,READY,MD,Y,GH NITZEL,,HIGH,80,,Y,11300 Pulaski Highway,,,,,11300 PULASKI HWY,,,,GH NITZEL,,,,,,,,,Ship To 1,,,,,,,,
,ATS,20115,MARSHALL,VA,2009,,US,,,2026-01-11 13:26:42,20115,MARSHALL,READY,VA,Y,GREGORY GIBSON,,HIGH,80,,Y,4195 WHITING ROAD,,,,,4195 WHITING RD,,,,GREGORY GIBSON,,,,,,,,,Ship To 1,,,,,,,,
,ATS,22201,ARLINGTON,VA,2010,,US,,,NaT,22201,ARLINGTON,REVIEW,VA,Y,GMUF ARLINGTON CAMPUS LLC,,MEDIUM,100,,Y,3434 NORTH WASHINGTON BLVD,,,,703-351-0744,3434 N WASHINGTON BLVD,,+17033510744,,"GMUF ARLINGTON CAMPUS, LLC",,,ATIMM@LPC.COM,,,,,,ADAM TIMM,,,,atimm@lpc.com,,,Adam Timm,
,ATS,21201,BALTIMORE,MD,2011,,US,UMB BIOPARK,,2026-01-11 13:26:46,21201,BALTIMORE,READY,MD,Y,GRAYBAR ELEC CO INC,,HIGH,80,,Y,UMB BIOPARK,800 W. BALTIMORE ST.,,,410-342-7153,800 W BALTIMORE ST,,+14103427153,,GRAYBAR ELEC. CO. INC.,,,,,,,,,Ship To 1,,,,,,,,
,ATS,21401,ANNAPOLIS,MD,2012,,US,STE A,,NaT,,ANNAPOLIS,REVIEW,MD,Y,GREEN CONTRACTING COMPANY INC,,MEDIUM,100,,Y,C/O GREEN CONTRACTING,,,,410-780-0566,2300 GREENWICH CT,,+14107800566,,"GREEN CONTRACTING COMPANY, INC.",,,ap@greencontracting.com,,,,,,Ship To 1,,,,ap@greencontracting.com,,,,
,ATS,20115,MARSHALL,VA,2013,,US,,,2026-01-11 13:26:49,20115,MARSHALL,READY,VA,Y,GREGORY GIBSON,,HIGH,80,,Y,4195 WHITING ROAD,,,,,4195 WHITING RD,,,,GREGORY GIBSON,,,,,,,,,,,,,,,,,
,ATS,20147,ASHBRUN,VA,2014,,US,,,NaT,20147,ASHBRUN,REVIEW,VA,Y,GRIZZLY VENTURES LLC,,MEDIUM,100,,Y,44480 HASTINGS DRIVE,,,,202-728-0220,44480 HASTINGS DR,,+12027280220,,GRIZZLY VENTURES LLC,,,EPREFFITT@DFT.COM,,,,,,EDDIE PREFFITT,,,,epreffitt@dft.com,,,Eddie Preffitt,
,ATS,20502,WAHSINGTON,DC,2015,,US,C/O REGINALD A SCOTT,,NaT,20502,WAHSINGTON,REVIEW,DC,Y,GSA DC SERVICE CENTER,,MEDIUM,100,,Y,C/O REGINALD A SCOTT,"250 MURRAY LANE, SA",,,202-273-1023,250 MURRAY LN SA,,+12022731023,,GSA DC SERVICE CENTER,,,,,,,,,REGINALD A. SCOTT,,,,,,,Reginald A Scott,
,ATS,21015,BEL AIR,MD,2016,,US,(BOB CAHA),,2026-01-11 13:26:54,21015,BEL  AIR,READY,MD,Y,HARFORD COMMUNITY COLLEGE,,HIGH,80,,Y,401 THOMAS RUN ROAD,(BOB CAHA),,,,401 THOMAS RUN RD,,,,HARFORD COMMUNITY COLLEGE,,,,,,,,,Ship To 1,,,,,,,,
,ATS,20111,MANASSAS,VA,2017,,US,,,2026-01-11 13:26:56,20111,MANASSAS,READY,VA,Y,HARRY ZINT,,HIGH,80,,Y,8009 MILLER DRIVE,,,,,8009 MILLER DR,,,,HARRY ZINT,,,DEVNULL2@EARTHLINK.NET,,,,,,,,,,devnull2@earthlink.net,,,,
,ATS,21040,EDGEWOOD,MD,2018,,US,EDGEWOOD MIDDLE SCHOOL,,2026-01-11 13:26:58,21040,Edgewood,READY,MD,Y,HAVTECH,,HIGH,80,,Y,Edgewood Middle School,2311 Willoughby Road,,,301-497-9610,2311 WILLOUGHBY RD,,+13014979610,,HAVTECH -email invoice,,,accountspayable@havtech.com,,,,,,Ship To 1,,,,accountspayable@havtech.com,,,,
,ATS,21040,EDGEWOOD,MD,2019,,US,EDGEWOOD MIDDLE SCHOOL,,2026-01-11 13:27:00,21040,Edgewood,READY,MD,Y,HAVTECH,,HIGH,80,,Y,Edgewood Middle School,2311 Willoughby Road,,,301-497-9610,2311 WILLOUGHBY RD,,+13014979610,,HAVTECH,,,accountspayable@havtech.com,,,,,,Ship To 1,,,,accountspayable@havtech.com,,,,
,ATS,22401,FREDERICKSBURG,VA,2020,,US,,,2026-01-11 13:27:02,22401,FREDERICKSBURG,READY,VA,Y,HDT EXPEDITIONARY SYSTEM INC,,HIGH,80,,Y,641 PRINCE EDWARD ST,,,,540-371-5069,641 PRINCE EDWARD ST,,+15403715069,,"HDT EXPEDITIONARY SYSTEM, INC.",540-373-1435,,BOBBI.PAINTER@HdTGLOBAL.COM,,,,,,Ship To 1,,+15403731435,,bobbi.painter@hdtglobal.com,,,,
,ATS,27407,GREENSBORO,NC,2021,,US,,,2026-01-11 13:27:04,27407,GREENSBORO,READY,NC,Y,HOFFMAN & HOFFMAN,,HIGH,80,,Y,3816 PATTERSON STREET,,,,336-292-6822,3816 PATTERSON ST,,+13362926822,,HOFFMAN & HOFFMAN,,,,,,,,,,,,,,,,,
,ATS,20171,HERNDON,VA,2022,,US,STE #200,,NaT,20171,HERNDON,REVIEW,VA,Y,HONEYWELL INC,,MEDIUM,100,,Y,13655 DULLES TECHNOLGY DRIVE,SUITE 200,,,703-793-1560,13655 DULLES TECHNOLGY DR,,+17037931560,,"HONEYWELL, INC. - email",,,AccountsPayableACS@Honeywell.com,,,,,,BILL SCHNEIDER,,,,accountspayableacs@honeywell.com,,,Bill Schneider,
,ATS,21230,BALTMORE,MD,2023,,US,STE #100,,NaT,21230,BALTMORE,REVIEW,MD,Y,IDEAL ELECTRICAL SUPPLY CORP,,MEDIUM,100,,Y,2175 W OSTEND ST,SUITE 100,,,202-526-7508,2175 W OSTEND ST,,+12025267508,,"IDEAL ELECTRICAL SUPPLY, CORP.",,,ACCOUNTING@IDEALELECTRIC.COM,,,,,,Ship To 1,,,,accounting@idealelectric.com,,,,
,ATS,22033,FAIFAX,VA,2024,,US,,,NaT,22033,FAIFAX,REVIEW,VA,Y,INOVA HEALTH CARE SERVICES,,LOW,100,,Y,ACCOUT 25012 - ENGINEERING DEPARTMENT,,,,,ACCOUT 25012 - ENGINEERING DEPARTMENT,,,,INOVA HEALTH CARE SERVICES - FAIR OAKS,,,APinvoices@inova.org;IFMD@inova.org,,,,,,,,,,apinvoices@inova.org,ifmd@inova.org,,,
,ATS,20024,WASHINGTON,DC,2025,,US,,,NaT,20024,WASHINGTON,REVIEW,DC,Y,INTERNATIONAL SPY MUSEUM,,MEDIUM,100,,Y,"700 L'ENFANT PLAZA,SW",,,,,700 L'ENFANT PLAZASW,,,,INTERNATIONAL SPY MUSEUM,,,EBRENNAN@SPYMUSEUM.ORG,,,,,,,,,,ebrennan@spymuseum.org,,,,
,ATS,19966-0318,MILLSBORO,DE,2026,,US,,,2026-01-11 13:27:14,19966-0318,MILLSBORO,READY,DE,Y,INTERVET INC,,HIGH,80,,Y,29160 INTERVET LANE,,,,302-934-4244,29160 INTERVET LN,,+13029344244,,"INTERVET, INC.",,,,,,,,,Ship To 1,,,,,,,,
,ATS,19966-0318,MILLSBORO,DE,2027,,US,,,2026-01-11 13:27:16,19966-0318,MILLSBORO,READY,DE,Y,INTERVET FARMS,,HIGH,80,,Y,29160 INTERVET LANE,,,,302-934-4244,29160 INTERVET LN,,+13029344244,,INTERVET FARMS,,,,,,,,,Ship To 1,,,,,,,,
,ATS,21040,EDGEWOOD,MD,2028,,US,,,2026-01-11 13:27:18,21040,EDGEWOOD,REVIEW,MD,Y,J & J MECHANICAL INC,,MEDIUM,75,,Y,#107,,,,410-612-1458,107 EDGEWOOD RD,,+14106121458,,"J & J MECHANICAL, INC.",,,AP@JJMECHANICALHVAC.COM,,,,,,Ship To 1,,,,ap@jjmechanicalhvac.com,,,,
,ATS,20771,GREENBELT,MD,2029,,US,GODDARD SPACE FLIGHT CENTER,,NaT,20771,GREENBELT,REVIEW,MD,Y,QINETIQ NORTH AMERICAN INC,,LOW,100,,Y,CODE 540.5 BLDG 15 RM 106,GODDARD SPACE FLIGHT CENTER,,,202-526-2876,CODE 5405 BLDG 15 RM 106,,+12025262876,,"QINETIQ NORTH AMERICAN, INC",,,,,,,,,LAUREN SUMMERS,,,,,,,Lauren Summers,
,ATS,21050,FOREST HILL,MD,2030,,US,,,NaT,21050,FOREST HILL,REVIEW,MD,Y,21 NEWPORT DR STE A,,LOW,100,,Y,MECHANCIAL CONTRACTORS,"21 NEWPORT DR., STE. A",,,410-893-4202,MECHANCIAL CONTRACTORS,,+14108934202,,JAMES A. QUICK-MECHANICAL CONTRACTORS,,,SARAHE@JAMESQUICK.COM,,,,,,Ship To 1,,,,sarahe@jamesquick.com,,,,
,ATS,21202,BALTIMORE,MD,2031,,US,5TH FL,,2026-01-11 13:27:25,,BALTIMORE,READY,MD,Y,JF FISCHER,,HIGH,80,,Y,320 ST PAUL STREET,5TH FLOOR,,,,320 ST PAUL ST,,,,J.F. FISCHER,,,AP@MECHCONT.COM,,,,,,Ship To 1,,,,ap@mechcont.com,,,,
,ATS,21220,BALTIMORE,MD,2032,,US,STE #G,,2026-01-11 13:27:28,21220,BALTIMORE,READY,MD,Y,JNG SUPPLY LLC,,HIGH,80,,Y,"10004 PULASKI HIGHWAY,",SUITE G,,,,10004 PULASKI HWY,,,,"JNG SUPPLY, LLC",,,NFORRESTER@JNGSUPPLY.COM,,,,,,,,,,nforrester@jngsupply.com,,,,
,ATS,20755-6000,FORT GEORGE G MEADE,MD,2033,,US,C/O MD PROCUREMENT OFFICE,,NaT,20755-6000,FORT GEORGE G. MEADE,REVIEW,MD,Y,JOHN J KIRLIN,,MEDIUM,100,,Y,C/O MD PROCUREMENT OFFICE,9800 SAVAGE RD,,,,9800 SAVAGE RD,,,,JOHN J. KIRLIN,,,,,,,,,Ship To 1,,,,,,,,
,ATS,21218,BALTIMORE,MD,2034,,US,,,NaT,21218,BALTIMORE,REVIEW,MD,Y,JOHNS HOPKINS ENTERPRISE,,MEDIUM,70,,Y,JH A/P SHARED SERVICE CENTER,P.O. BOX #33499,,,443-997-5630,PO BOX 33499,,+14439975630,,JOHNS HOPKINS ENTERPRISE - email INV,443-997-5600-PURCHA,,INVOICES@JH.EDU; FDC_AP_Invoices@jhmi.edu,,,,,,Ship To 1,,+14439975600,,invoices@jh.edu,fdc_ap_invoices@jhmi.edu,,,
,ATS,21001,ABERDEEN,MD,2035,,US,RECIEVING TIME 8-3,,NaT,,,REVIEW,,Y,JOHNSON CONTROLS INC,,MEDIUM,100,,Y,PER PO,RECIEVING TIME 8-3,,,240-683-7660,16300 LIMESTONE RD,,+12406837660,,JOHNSON CONTROLS ABERDEEN -email,,,be-jcfs-ap@jci.com,,,,,,Ship To 1,,,,be-jcfs-ap@jci.com,,,,
,ATS,21401,ANNAPOLIS,MD,2036,,US,JOHNSTONE SUPPLY,,2026-01-11 13:27:37,21401,ANNAPOLIS,READY,MD,Y,JBTW LLC,,HIGH,80,,Y,JOHNSTONE SUPPLY-ANNAPOLIS,1805 VIRGINIA AVENUE,,,610-258-9332,1805 VIRGINIA AVE,,+16102589332,,"JBTW, LLC",,,,,,,,,Ship To 1,,,,,,,,
,ATS,21401,ANNAPOLIS,MD,2037,,US,,,2026-01-11 13:27:39,21401,ANNAPOLIS,READY,MD,Y,JBTW LLC,,HIGH,80,,Y,1805 VIRGINIA AVE,,,,610-258-9332-AP,1805 VIRGINIA AVE,,+16102589332,,"JBTW, LLC",610-258-5651-AP,,HELEN.THORNTON@JOHNSTONESUPPLY.COM,,,,,,Ship To 1,,+16102585651,,helen.thornton@johnstonesupply.com,,,,
,ATS,21204,TOWSON,MD,2038,,US,STE #290,,2026-01-11 13:27:41,21204,TOWSON,READY,MD,Y,JONES LANG LASALLE,,HIGH,80,,Y,1 WEST PENNSYLVANIA AVE,SUITE 290,,,410-345-3650,1 W PENNSYLVANIA AVE,,+14103453650,,JONES LANG LASALLE - EMAIL,,,8887481938@onlinecapturecenter.com; JLLUSA.CSINVOICES@AM.JLL.COM,,,,,,Ship To 1,,,,8887481938@onlinecapturecenter.com,jllusa.csinvoices@am.jll.com,,,
,ATS,22202,ARLINGTON,VA,2039,,US,STE #100,,NaT,22202,ARLINGTON,REVIEW,VA,Y,USGBF POTOMAC YARD 1&2 LLC,,MEDIUM,100,,Y,2733 S. CRYSTAK DRIVE,SUITE 100,,,703-413-8058,2733 S CRYSTAK DR,,+17034138058,,"USGBF POTOMAC YARD 1&2, LLC",,,DANIELLE.WILLS@AM.JILL.COM,,,,,,DANIELLE WILLS,,,,danielle.wills@am.jill.com,,,Danielle Wills,
,ATS,21050,FOREST HILL,MD,2040,,US,,,2026-01-11 13:27:45,21050,FOREST HILL,READY,MD,Y,JZ SYSTEMS LLC,,HIGH,80,,Y,108A INDUSTRY LANE,,,,,108A INDUSTRY LN,,,,"JZ SYSTEMS, LLC",,,CHENSLEY@JZSYSTEMSLLC.COM,,,,,,CHERYL HENSLEY,,,,chensley@jzsystemsllc.com,,,Cheryl Hensley,
,ATS,21161,WHITE HALL,MD,2041,,US,,,NaT,21161,WHITE HALL,REVIEW,MD,Y,K SUPPLY LLC,,MEDIUM,100,,Y,4448 ROSE COURT,,,,(410) 692-0948,4448 ROSE CT,,+14106920948,,"K SUPPLY, LLC",,,KSFOWLER@KSUPPLY.US,,,,,,,,,,ksfowler@ksupply.us,,,,
,ATS,35806,HUNTSVILLE,AL,2042,,US,,,2026-01-11 13:27:49,35806,HUNTSVILLE,READY,AL,Y,KBR WYLE SERVICES LLC,,HIGH,80,,Y,345 BOB HEATH DRIVE,,,,,345 BOB HEATH DR,,,,KBR WYLE SERVICES LLC,,,res.APinvCP@kbr.com;AP_Invoice_CP_Chennai@kbr.com;,,,,,,RICHARD GRAVES,,,,res.apinvcp@kbr.com,ap_invoice_cp_chennai@kbr.com,,Richard Graves,
,ATS,21207,BALTIMOER,MD,2043,,US,,,NaT,21207,BALTIMOER,REVIEW,MD,Y,JAMES LAWRENCE KERNAN HOSPITAL INC,,MEDIUM,100,,Y,2200 KERNAN DRIVE,,,,410-448-6734,2200 KERNAN DR,,+14104486734,,"JAMES LAWRENCE KERNAN HOSPITAL, INC.",410-448-6827 - OFFIC,,UMMSinvoices@onlinecapturecenter.com,,,,,,SHIP TO,,+14104486827,,ummsinvoices@onlinecapturecenter.com,,,,
,ATS,15024,CHESWICK,PA,2044,,US,,,2026-01-11 13:27:53,15024,CHESWICK,READY,PA,Y,RC KILLIGREW CO,,HIGH,80,,Y,1108 PITTSBURGH STREET,,,,,1108 PITTSBURGH ST,,,,R.C. Killigrew Co.,,,,,,,,,Ship To 1,,,,,,,,
,ATS,20373,WAHSINGTON,DC,2045,,US,,,NaT,20373,WAHSINGTON,REVIEW,DC,Y,ICE/JV,,MEDIUM,100,,Y,2743 DEFENSE BLVD SW,,,,202-610-0851,2743 DEFENSE BLVD SW,,+12026100851,,ICE/JV,,,REASTHAM@LBBASSOCIATES.COM,,,,,,,,,,reastham@lbbassociates.com,,,,
,ATS,21244,BALTIMROE,MD,2046,,US,,,NaT,21244,BALTIMROE,REVIEW,MD,Y,LB&B ASSOCIATES,,MEDIUM,100,,Y,7500 SECURITY BLVD,,,,410-786-9918,7500 SECURITY BLVD,,+14107869918,,LB&B ASSOCIATES,,,MICHAELJ.WILLIAMS@GSA.GOV,,,,,,Ship To 1,,,,michaelj.williams@gsa.gov,,,,
,ATS,00791,HUMACAO,PR,2047,,US,LEE TECH/ ANGELA SANTIAGO,,NaT,00791,HUMACAO,REVIEW,PR,Y,MICROSOFT/LEE TECHNOLOGIES,,MEDIUM,100,,Y,LEE TECH/ ANGELA SANTIAGO,473 CARR #3,,,787-285-8664,473 CARR #3,,+17872858664,,MICROSOFT/LEE TECHNOLOGIES,,,,,,,,,,,,,,,,,
,ATS,21701,FREDERICK,MD,2048,,US,FNLCR,,NaT,21701,FREDERICK,REVIEW,MD,Y,LEIDOS BIOMEDICAL RESEARCH,,LOW,100,,Y,FNLCR,"BUILDING 1050, BOYLES STREET",,,(301) 846-7081,BUILDING 1050 BOYLES ST,,+13018467081,,LEIDOS BIOMEDICAL RESEARCH,,,LEIDOSBIOMED@INVOICES.CORCENTRIC.COM; APGOODSPO@LEIDOS.COM,,,,,,KATHY HOFFMAN,,,,leidosbiomed@invoices.corcentric.com,apgoodspo@leidos.com,,Kathy Hoffman,
,ATS,22066,GREAT FALLS,VA,2049,,US,,,2026-01-11 13:28:04,22066,GREAT FALLS,READY,VA,Y,LINDA THOMPSON,,HIGH,80,,Y,964 WALKER ROAD,,,,,964 WALKER RD,,,,LINDA THOMPSON,,,,,,,,,,,,,,,,,
,ATS,21120,PARKTON,MD,2050,,US,STE #B LOWER LEVEL,,2026-01-11 13:28:06,21120,PARKTON,READY,MD,Y,LINK DISTRIBUTORS LLC,,HIGH,80,,Y,17010 YORK ROAD,SUITE B LOWER LEVEL,,,443-238-5977,17010 YORK RD,,+14432385977,,"LINK DISTRIBUTORS, LLC",,,JHEIM11@COMCST.COM,,,,,,JAMIE HEIM,,,,jheim11@comcst.com,,,Jamie Heim,
,ATS,21742,HAGERSTOWN,MD,2051,,US,,,NaT,21742,HAGERSTOWN,REVIEW,MD,Y,MACK TRUCKS INC,,MEDIUM,100,,Y,13302 PENNSYLVANIA AVENUE,,,,336-393-2074,13302 PENNSYLVANIA AVE,,+13363932074,,"MACK TRUCKS, INC.",,,FUNCTION.CURRENTAPINVOICE@VOLVO.COM,,,,,,,,,,function.currentapinvoice@volvo.com,,,,
,ATS,21131-2019,PHOENIX,MD,2052,,US,,,NaT,21131-2019,PHOENIX,REVIEW,MD,Y,MALSTROM ELECTRIC INC,,MEDIUM,100,,Y,13815 JARRETTSVILLE PIKE,,,,,13815 JARRETTSVILLE PIKE,,,,"MALSTROM ELECTRIC, INC.",,,SHANNON@MALSTROMELECTRIC.COM,,,,,,Ship To 1,,,,shannon@malstromelectric.com,,,,
,ATS,21201,BALTIMROE,MD,2053,,US,STE #2305,,NaT,21201,BALTIMROE,REVIEW,MD,Y,AREZ 16B ASSOCIATES LIMITED PARTNERSHIP,,MEDIUM,100,,Y,36 S CHARLES ST,SUITE 2305,,,410-244-0736,36 S CHARLES ST,,+14102440736,,AREZ 16B ASSOCIATES LIMITED PARTNERSHIP,,,RGAMBINO@MANEKIN.COM,,,,,,Ship To 1,,,,rgambino@manekin.com,,,,
,ATS,21093,LUTHERVILLE,MD,2054,,US,,,2026-01-11 13:29:08,21093,LUTHERVILLE,READY,MD,Y,MANNA SUPPLY INC,,HIGH,80,,Y,1519 YORK RD,,,,610-222-4776,1519 YORK RD,,+16102224776,,MANNA SUPPLY INC. - email,,,billing@mannasupply.com,,,,,,Ship To 1,,,,billing@mannasupply.com,,,,
,ATS,21223,BALTIMORE,MD,2055,,US,,,2026-01-11 13:29:10,21223,BALTIMORE,READY,MD,Y,MARYLAND FORENSIC MEDICAL CENTER,,HIGH,80,,Y,900 W BALTIMORE ST,,,,,900 W BALTIMORE ST,,,,MARYLAND FORENSIC MEDICAL CENTER,,,DBURKE@OCMEND.ORG,,,,,,,,,,dburke@ocmend.org,,,,
,ATS,21201,BALTIMORE,MD,2056,,US,,,2026-01-11 13:29:12,21201,BALTIMORE,READY,MD,Y,UMMC MIDTOWN CAMPUS,,HIGH,80,,Y,827 LINDEN AVENUE,,,,410-328-8013,827 LINDEN AVE,,+14103288013,,UMMC MIDTOWN CAMPUS,,,UMMSinvoices@onlinecapturecenter.com,,,,,,SHIP TO,,,,ummsinvoices@onlinecapturecenter.com,,,,
,ATS,21224,BALTIIMORE,MD,2057,,US,,,NaT,21224,BALTIIMORE,REVIEW,MD,Y,MARYLAND MECHANICAL SYSTEMS INC,,MEDIUM,100,,Y,300 S. HAVEN ST.,,,,410-563-1611,300 S HAVEN ST,,+14105631611,,"MARYLAND MECHANICAL SYSTEMS, INC.",,,accounting@MARYMEC.COM;badams@marymec.com,,,,,,Ship To 1,,,,accounting@marymec.com,badams@marymec.com,,,
,ATS,21031,HUNT VALLEY,MD,2058,,US,,,2026-01-11 13:29:15,21031,HUNT VALLEY,READY,MD,Y,MBR CONSTRUCTION SERVICES,,HIGH,80,,Y,10931 McCORMICK RD,,,,,10931 MCCORMICK RD,,,,MBR CONSTRUCTION SERVICES,410-785-3525,,,,,,,,Ship To 1,,+14107853525,,,,,,
,ATS,20110,MANASSAS,VA,2059,,US,MC DEAN/MICRON,,2026-01-11 13:29:17,20110,MANASSAS,READY,VA,Y,M C DEAN BUILDING INTELLEGENCE,,HIGH,80,,Y,10100 NOKESVILLE RD,M.C. DEAN/MICRON,,,,10100 NOKESVILLE RD,,,,M. C. DEAN BUILDING INTELLEGENCE,,,AP_POD@MCDEAN.COM,,,,,,,,,,ap_pod@mcdean.com,,,,
,ATS,20007,WASHINGTON,DC,2060,,US,STE #305,,2026-01-11 13:29:19,20007,WASHINGTON,READY,DC,Y,MCCLOSKEY MECHANICAL CONTRACTORS,,HIGH,80,,Y,4400 MACARTHUR BLVD NW,SUITE 305,,,202-698-0501,4400 MACARTHUR BLVD NW,,+12026980501,,MCCLOSKEY MECHANICAL CONTRACTORS,856-784-5080 - ap,,AP@MCCLOSKEYMECHANICAL.COM,,,,,,,,+18567845080,,ap@mccloskeymechanical.com,,,,
,ATS,21157,WESTMINISTER,MD,2061,,US,,,NaT,21157,WESTMINISTER,REVIEW,MD,Y,MCDANIEL COLLEGE,,MEDIUM,100,,Y,192 PENNSYLVANIA AVENUE,,,,410-857-2449-AP,192 PENNSYLVANIA AVE,,+14108572449,,MCDANIEL COLLEGE,410-857-2737-AP,,SHELLER@MCDANIEL.EDU,,,,,,Ship To 1,,+14108572737,,sheller@mcdaniel.edu,,,,
,ATS,20794,JESSUP,MD,2062,,US,,,2026-01-11 13:29:22,20794,JESSUP,READY,MD,Y,MECCO INC,,HIGH,80,,Y,10545 GUILFORD ROAD #105,,,,301-953-7667,10545 GUILFORD RD #105,,+13019537667,,"MECCO, INC - email",,,ap@meccollc.com,,,,,,Heather Gallagher,,,,ap@meccollc.com,,,Heather Gallagher,
,ATS,21202,BALTIMORE,MD,2063,,US,,,2026-01-11 13:29:24,21202,BALTIMORE,READY,MD,Y,MERCY MEDICAL CENTER,,HIGH,80,,Y,301 ST. PAUL PLACE,,,,,301 ST PAUL PL,,,,MERCY MEDICAL CENTER,410-332-9841 AP,,,,,,,,Ship To 1,,+14103329841,,,,,,
,ATS,21740,HAGERSTOWN,MD,2064,,US,,,NaT,21740,HAGERSTOWN,REVIEW,MD,Y,MERITUS MEDICAL CENTER,,MEDIUM,100,,Y,105 ENTERPRISE LANE,,,,,105 ENTERPRISE LN,,,,MERITUS MEDICAL CENTER,,,AP@MERITUSHEALTH.COM,,,,,,INGRID RETHERFORD,,,,ap@meritushealth.com,,,Ingrid Retherford,
,ATS,21704,FREDERICK,MD,2065,,US,STE #D,,2026-01-11 13:29:28,21704,FREDERICK,READY,MD,Y,METLFAB INC,,HIGH,80,,Y,7340 EXECUTIVE WAY,SUITE D,,,,7340 EXECUTIVE WAY,,,,"METLFAB, INC.",,,,,,,,,Ship To 1,,,,,,,,
,ATS,20180,LOVETTSVILLE,VA,2066,,US,,,NaT,20180,LOVETTSVILLE,REVIEW,VA,Y,MIDATLANTIC MECHANICAL LLC,,MEDIUM,100,,Y,38419 STEVENS ROAD,,,,540-822-5811,38419 STEVENS RD,,+15408225811,,"MIDATLANTIC MECHANICAL, LLC",,,HRADFORD@MAMECHANICAL.COM,,,,,,,,,,hradford@mamechanical.com,,,,
,ATS,20832,OLNEY,MD,2067,,US,MEDSTAR MONTGOMERY MEDICAL CTR,,2026-01-11 13:29:31,20832,OLNEY,READY,MD,Y,SODEXO RISK MANAGEMENT DEPARTMENT,,HIGH,80,,Y,MEDSTAR MONTGOMERY MEDICAL CTR,18101 PRINCE PHILIP DRIVE,,,,18101 PRINCE PHILIP DR,,,,SODEXO RISK MANAGEMENT DEPARTMENT,,,ACCOUNTSPAYABLE@MEDSTAR.NET,,,,,,BURNIDETT KEETON,,,,accountspayable@medstar.net,,,Burnidett Keeton,
,ATS,21224,BALTIMORE,MD,2068,,US,,,2026-01-11 13:29:33,21224,BALTIMORE,READY,MD,Y,MONUMENTAL SUPPLY CO INC,,HIGH,80,,Y,1025 S. HAVEN STREET,,,,(443) 923-4912,1025 S HAVEN ST,,+14439234912,,"MONUMENTAL SUPPLY CO., INC.",,,DCASON@MONUMENTALSUPPLY.COM,,,,,,DENISE CASON,,,,dcason@monumentalsupply.com,,,Denise Cason,
,ATS,21152,SPARKS GLENCOE,MD,2069,,US,,,2026-01-11 13:29:35,21152,SPARKS GLENCOE,READY,MD,Y,MOTION INDUSTRIES,,HIGH,80,,Y,39 LOVETON CIRCLE,,,,,39 LOVETON CIR,,,,MOTION INDUSTRIES,,,,,,,,,,,,,,,,,
,ATS,21202-3194,BALTIIMORE,MD,2070,,US,STE #800 NATIONAL AQUARIUM IN BALTIMORE,,NaT,21202-3194,BALTIIMORE,REVIEW,MD,Y,NATIONAL AQUARIUM,,MEDIUM,100,,Y,NATIONAL AQUARIUM IN BALTIMORE,111 MARKET STREET-SUITE 800,,,,111 MARKET ST,,,,NATIONAL AQUARIUM,,,,,,,,,Ship To 1,,,,,,,,
,ATS,21202,BALTIMORE,MD,2071,,US,GREEN ST,,2026-01-11 13:29:39,,BALTIMORE,READY,MD,Y,NATIVE SONS LTD,,HIGH,80,,Y,GREEN STREET,,,,443-200-2918,1201 GREENMOUNT AVE,,+14432002918,,"NATIVE SONS, LTD.",,,KATIET@NATIVESONS.ORG,,,,,,Ship To 1,,,,katiet@nativesons.org,,,,
,ATS,21220,BALTIMORE,MD,2072,,US,,,2026-01-11 13:29:41,21220,BALTIMORE,READY,MD,Y,NORTH AMERICAN ELECTRIC INC,,HIGH,80,,Y,474 CHESAPEAKE PARK PLAZA,,,,(410) 780-0559,474 CHESAPEAKE PARK PLAZA,,+14107800559,,"NORTH AMERICAN ELECTRIC, INC.",,,DDIX@NORTHAMERICANELECTRICAL.COM,,,,,,,,,,ddix@northamericanelectrical.com,,,,
,ATS,21133,RANDALLSTOWN,MD,2073,,US,NHC CENTRAL DISTRIBUTION,,2026-01-11 13:29:42,21133,RANDALLSTOWN,READY,MD,Y,NORTHWEST HOSPITAL,,HIGH,80,,Y,NHC CENTRAL DISTRIBUTION,5401 OLD COURT ROAD,,,410-521-2911,5401 OLD CT RD,,+14105212911,,NORTHWEST HOSPITAL,,,apinvoice@lifebridgehealth.org,,,,,,TERRY REEVES,,,,apinvoice@lifebridgehealth.org,,,Terry Reeves,
,ATS,20192,RESTON,VA,2074,,US,USGS,,2026-01-11 13:29:44,20192,RESTON,READY,VA,Y,NVE-CBS,,HIGH,80,,Y,USGS,12201 SUNRISE VALLEY DRIVE,,,,12201 SUNRISE VALLEY DR,,,,NVE-CBS,,,jmacomber@usgs.gov,,,,,,,,,,jmacomber@usgs.gov,,,,
,ATS,30353-6864,ATLANTA,GA,2075,,US,,,NaT,30353-6864,ATLANTA,REVIEW,GA,Y,PPG ARCHITECHTURAL FINISHES,,MEDIUM,70,,Y,P O BOX 536864,,,,,PO BOX 536864,,,,PPG ARCHITECHTURAL FINISHES,,,,,,,,,Ship To 1,,,,,,,,
,ATS,20879,GAITHERSBURG,MD,2076,,US,,,NaT,20879,GAITHERSBURG,REVIEW,MD,Y,PRESIDENTIAL HEATING & AIR,,MEDIUM,100,,Y,8000 CESSNA AVENUE,,,,,8000 CESSNA AVE,,,,PRESIDENTIAL HEATING & AIR,,,cnixon@presidentialheat.com,,,,,,,,,,cnixon@presidentialheat.com,,,,
,ATS,21740,HAGERSTOWN,MD,2077,,US,,,NaT,21740,HAGERSTOWN,REVIEW,MD,Y,QUEEN CITY ELECTRIC/GILL-SIMPSON INC,,MEDIUM,100,,Y,9449 EARLEY DRIVE,,,,240-420-8509,9449 EARLEY DR,,+12404208509,,"QUEEN CITY ELECTRIC/GILL-SIMPSON, INC",,,,,,,,,Ship To 1,,,,,,,,
,ATS,20710,BLADENSBURG,MD,2078,,US,,,2026-01-11 13:29:53,20710,BLADENSBURG,READY,MD,Y,R & R MECHANICAL,,HIGH,80,,Y,4419 BALTIMORE AV,,,,,4419 BALTIMORE AV,,,,R & R MECHANICAL,301-927-0040 - SVC,,krice@rrmechanical.com,,,,,,KATHLINE,,+13019270040,,krice@rrmechanical.com,,,Kathline,
,ATS,21234,PARKVILLE,MD,2079,,US,,,2026-01-11 13:29:55,21234,PARKVILLE,READY,MD,Y,RAINVILLE INC,,HIGH,80,,Y,7715 OLD HARFORD,,,,410-665-9716,7715 OLD HARFORD,,+14106659716,,RAINVILLE INC,,,REGINAM@RAINVILLE-INC.COM,,,,,,Ship To 1,,,,reginam@rainville-inc.com,,,,
,ATS,20024,WASHINGTON,DC,2080,,US,,,2026-01-11 13:29:58,20024,WASHINGTON,READY,DC,Y,PARCEL 49C LTD PARTNERSHIP,,HIGH,80,,Y,445 12TH STREET SW,,,,,445 12TH ST SW,,,,PARCEL 49C LTD PARTNERSHIP,,,mle@republicpropertiescorp.com,,,,,,MINH LE,,,,mle@republicpropertiescorp.com,,,Minh Le,
,ATS,22601,WINCHESTER,VA,2081,,US,,,2026-01-11 13:30:00,22601,WINCHESTER,READY,VA,Y,RESIDENTIAL & COMMERCIAL SERVICES INC,,HIGH,80,,Y,620 PENNSYLVANIA AVE,,,,540-665-2012,620 PENNSYLVANIA AVE,,+15406652012,,RESIDENTIAL & COMMERCIAL SERVICES INC.,,,RCSSERVICE@VERIZON.NET,,,,,,LINDSEY BROWIL,,,,rcsservice@verizon.net,,,Lindsey Browil,
,ATS,20912,TAKOMA PARK,MD,2082,,US,,,2026-01-11 13:30:02,20912,TAKOMA PARK,READY,MD,Y,RJ WASHINGTON COMPANY INC,,HIGH,80,,Y,6323 New Hampshire ave,,,,301-388-0238,6323 NEW HAMPSHIRE AVE,,+13013880238,,"RJ WASHINGTON COMPANY, INC.",202-210-6765,,rjwashingtonco@yahoo.com,,,,,,,,+12022106765,,rjwashingtonco@yahoo.com,,,,
,ATS,20814,BETHEDSA,MD,2083,,US,JIM LITTLEJOHN,,NaT,20814,Bethedsa,REVIEW,MD,Y,REALTY MANAGEMENT COMPANY,,MEDIUM,100,,Y,"3 BETHESDA METRO CENTER,STE600",JIM LITTLEJOHN,,,,3 BETHESDA METRO CTSTE600,,,,REALTY MANAGEMENT COMPANY,,,,,,,,,Ship To 1,,,,,,,,
,ATS,21090,LINTHICUM,MD,2084,,US,,,2026-01-11 13:30:05,21090,LINTHICUM,READY,MD,Y,ROMMEL CONSTRUCTION LLC,,HIGH,80,,Y,601 Nursery Rd,,,,410-561-1047,601 NURSERY RD,,+14105611047,,"ROMMEL CONSTRUCTION, LLC",,,LSAKAGE@LHCRANSTON.COM,,,,,,Ship To 1,,,,lsakage@lhcranston.com,,,,
,ATS,20678,PRINCE FREDERICK,MD,2085,,US,,,2026-01-11 13:30:07,20678,PRINCE FREDERICK,READY,MD,Y,ROYSTON LLC,,HIGH,80,,Y,5540 KETCH ROAD,,,,(410) 414-5448,5540 KETCH RD,,+14104145448,,"ROYSTON, LLC",,,TAMMIE.SHERIFF@ROYSTONLLC.COM,,,,,,TAMMIE SHERIFF,,,,tammie.sheriff@roystonllc.com,,,Tammie Sheriff,
,ATS,21701,FREDERICK,MD,2086,,US,,,2026-01-11 13:30:10,21701,FREDERICK,READY,MD,Y,USE WARNER MECHANICAL,,HIGH,80,,Y,217 MONROE AVENUE,,,,301-662-0897,217 MONROE AVE,,+13016620897,,USE WARNER MECHANICAL,,,accountspayable@rwwinc.com,,,,,,Ship To 1,,,,accountspayable@rwwinc.com,,,,
,ATS,21074,HAMPSTEAD,MD,2087,,US,,,NaT,21074,HAMPSTEAD,REVIEW,MD,Y,S & S CONTROL SYSTEMS INC,,MEDIUM,100,,Y,1662 CAPE HORN RD,,,,410-864-8861,1662 CAPE HORN RD,,+14108648861,,"S & S CONTROL SYSTEMS, INC.",,,ACCOUNTING@SSCONTROLSYS.COM,,,,,,Ship To 1,,,,accounting@sscontrolsys.com,,,,
,ATS,21804,SALISBURY,MD,2088,,US,ATTN: CENTAL RECEIVING,,2026-01-11 13:30:14,21804,SALISBURY,READY,MD,Y,SALISBURY UNIVERSITY,,HIGH,80,,Y,ATTN: CENTAL RECEIVING,119 BATEMAN STREET,,,,119 BATEMAN ST,,,,SALISBURY UNIVERSITY,,,ACCOUNTSPAYABLE@salisbury.edu,,,,,,,,,,accountspayable@salisbury.edu,,,,
,ATS,21740,HAGERSTOWN,MD,2089,,US,MACK TRUCK,,2026-01-11 13:30:16,21740,HAGERSTOWN,READY,MD,Y,SCOTT ELECTRIC,,HIGH,80,,Y,MACK TRUCK,13302 PENNSYLVANIA AVE,,,724-834-6380,13302 PENNSYLVANIA AVE,,+17248346380,,SCOTT ELECTRIC,,,,,,,,,Ship To 1,,,,,,,,
,ATS,22314,ALEXANDRIA,VA,2090,,US,,,2026-01-11 13:30:18,22314,ALEXANDRIA,READY,VA,Y,SDAC FACILITY SERVICES,,HIGH,80,,Y,1775 DUKE ST,,,,,1775 DUKE ST,,,,SDAC FACILITY SERVICES,,,AP@SDAC8A.COM,,,,,,,,,,ap@sdac8a.com,,,,
,ATS,20705,BELTSVILLE,MD,2091,,US,RA20-WASH DC SERVICE,,2026-01-11 13:30:20,20705,BELTSVILLE,READY,MD,Y,SIEMENS INDUSTRY INC,,HIGH,80,,Y,RA20-WASH DC SERVICE,6435 VIRGINIA MANOR ROAD,,,,6435 VIRGINIA MANOR RD,,,,"SIEMENS INDUSTRY, INC - Siemens web",,,lisa.boyle@siemens.com,,,,,,Lisa,,,,lisa.boyle@siemens.com,,,Lisa,
,ATS,20771,GREENBELT,MD,2092,,US,BLDG 15 RM 106 CODE 5405,,2026-01-11 13:30:22,20771,GREENBELT,READY,MD,Y,SIERRA LOBO INC,,HIGH,80,,Y,BLDG 15 RM 106 CODE 540.5,8800 GREENBELT ROAD,,,(301) 286-7068,8800 GREENBELT RD,,+13012867068,,"SIERRA LOBO, INC. - email",,,ETISAP@SIERRALOBO.COM,,,,,,SHERRY SULLIVAN,,,,etisap@sierralobo.com,,,Sherry Sullivan,
,ATS,21215,BALTIMORE,MD,2093,,US,,,NaT,21215,BALTIMORE,REVIEW,MD,Y,SINAI HOSPITAL CENTER-LIFEBRIDGE,,MEDIUM,100,,Y,2401 W. BELVDERE AVE,,,,410-601-5012,2401 W BELVDERE AVE,,+14106015012,,SINAI HOSPITAL CENTER-LIFEBRIDGE,,,lbhpcc@lifebridgehealth.org; apinvoice@lifebridgehealth.org,,,,,,Ship To 1,,,,lbhpcc@lifebridgehealth.org,apinvoice@lifebridgehealth.org,,,
,ATS,20166,DULLES,VA,2094,,US,,,2026-01-11 13:30:26,20166,DULLES,READY,VA,Y,SIR PROPERTIES TRUST,,HIGH,80,,Y,EMAIL INVOICE,45101 WARP DRIVE,,,,45101 WARP DR,,,,SIR PROPERTIES TRUST - EMAIL,,,kbarta@lpc.com,,,,,,,,,,kbarta@lpc.com,,,,
,ATS,21226,CURTIS BAY,MD,2095,,US,SKOOKUM CONTRACT SERVICES,,NaT,21226,CURTIS BAY,REVIEW,MD,Y,SKOOKUM EDUCATIONAL PROGRAM,,MEDIUM,100,,Y,SKOOKUM CONTRACT SERVICES,2401 HAWKINS POINT ROAD,,,,2401 HAWKINS POINT RD,,,,SKOOKUM EDUCATIONAL PROGRAM,4105531820 (c),,chris.heaton@skookum.org,,,,,,sheryl hood,,+14105531820,,chris.heaton@skookum.org,,,Sheryl Hood,
,ATS,20024,WASHINGTON,DC,2096,,US,AMERICAN HISTORY,,2026-01-11 13:30:32,20024,WASHINGTON,REVIEW,DC,Y,SMITHSONIAN,,MEDIUM,75,,Y,"4TH & INDEPENDENCE AVE,SW",AMERICAN HISTORY,,,,4TH & INDEPENDENCE AVE SW,,,,SMITHSONIAN,,,DZIADASZEKD@SI.EDU,,,,,,,,,,dziadaszekd@si.edu,,,,
,ATS,20024,WASHINGTON,DC,2097,,US,AMERICAN HISTORY,,2026-01-11 13:30:35,20024,WASHINGTON,REVIEW,DC,Y,SMITHSONIAN,,MEDIUM,75,,Y,"4TH & INDEPENDENCE AVE,SW",AMERICAN HISTORY,,,,4TH & INDEPENDENCE AVE SW,,,,SMITHSONIAN,,,,,,,,,,,,,,,,,
,ATS,20560,WASHINGTON,DC,2098,,US,NATIONAL MUSEUM OF AMERICAN HISTORY,,NaT,20560,WASHINGTON,REVIEW,DC,Y,SMITHSONIAN,,MEDIUM,100,,Y,NATIONAL MUSEUM OF AMERICAN HI,12THST & CONSTITUTION AVE NW,,,,12THST & CONSTITUTION AVE NW,,,,SMITHSONIAN - NMAH,,,,,,,,,,,,,,,,,
,ATS,35758,MADISON,AL,2099,,US,,,2026-01-11 13:30:39,35758,MADISON,READY,AL,Y,SPECTRUM SOLUTIONS INC,,HIGH,80,,Y,114 CASTLE DRIVE,EMAIL INVOICE,,,,114 CASTLE DR,,,,"SPECTRUM SOLUTIONS, INC.",256-783-2224 - AP,,MSELF@SPECTRUMSI.COM,,,,,,MATT SELF,,+12567832224,,mself@spectrumsi.com,,,Matt Self,
,ATS,21702,FREDERICK,MD,2100,,US,JIM ULLMER,,2026-01-11 13:30:41,21702,FREDERICK,READY,MD,Y,ST JOHN REGIONAL CATHOLIC SCHOOL,,HIGH,80,,Y,JIM ULLMER,8414 OPOSSUMTOWN PIKE,,,301-695-7505,8414 OPOSSUMTOWN PIKE,,+13016957505,,ST JOHN REGIONAL CATHOLIC SCHOOL,,,NMOTHERWAY@SJRCS.ORG,,,,,,Ship To 1,,,,nmotherway@sjrcs.org,,,,
,ATS,21204,TOWSON,MD,2101,,US,ST JOSEPH MED,,2026-01-11 13:30:43,21204,TOWSON,REVIEW,MD,Y,,,MEDIUM,71.67,,Y,7601 OSLER DRIVE,,,,410-328-8813,7601 OSLER DR,,+14103288813,,UNIVERSITY OF MARYLAND ST. JOSEPH MED,,,UMMSINVOICES@ONLINECAPTURECENTER.COM,,,,,,SHIP TO,,,,ummsinvoices@onlinecapturecenter.com,,,,
,ATS,21202,BALTIIMORE,MD,2102,,US,LIONELL JENKINS,,NaT,21202,BALTIIMORE,REVIEW,MD,Y,STATE OF MARYLAND,,MEDIUM,100,,Y,LIONELL JENKINS,300 E. MADISON ST.,,,,300 E MADISON ST,,,,STATE OF MARYLAND,,,,,,,,,Ship To 1,,,,,,,,
,ATS,21030,COCKEYSVILLE,MD,2103,,US,,,NaT,21030,COCKEYSVILLE,REVIEW,MD,Y,STIFEL NICOLAUS & COMPANY INC,,MEDIUM,100,,Y,46 SPRING HILL FARM CT,,,,,46 SPRING HILL FARM CT,,,,"STIFEL, NICOLAUS & COMPANY, INC",,,,,,,,,,,,,,,,,
,ATS,20814,BETHESDA,MD,2104,,US,BETHESDA OFFICE OWNER LLC,,2026-01-11 13:30:49,20814,BETHESDA,READY,MD,Y,STONEBRIDGECARRAS LLC,,HIGH,80,,Y,"BETHESDA OFFICE OWNER, LLC",7500 OLD GEORGETOWN ROAD,,,301-913-9615,7500 OLD GEORGETOWN RD,,+13019139615,,"STONEBRIDGECARRAS, LLC -email",,,payables@stonebridge.us.com,,,,,,Michelle Laframboise,,,,payables@stonebridge.us.com,,,Michelle Laframboise,
,ATS,21046,COLUMBIA,MD,2105,,US,NELB-AHU MOTOR REPLACEMENT,,NaT,21046,Columbia,REVIEW,MD,Y,SCHNEIDER ELECTRIC BUILD CRITICAL SYS,,MEDIUM,100,,Y,NELB-AHU MOTOR REPLACEMENT,9730 PATUXENT WOODS DRIVE,,,410-381-7654,9730 PATUXENT WOODS DR,,+14103817654,,SCHNEIDER ELECTRIC BUILD. CRITICAL SYS,,,cherri.clark@SCHNEIDERELECTRIC-CRITICAL.com,,,,,,Ship To 1,,,,cherri.clark@schneiderelectric-critical.com,,,,
,ATS,21784,SYKESVILLE,MD,2106,,US,,,NaT,21784,SYKESVILLE,REVIEW,MD,Y,TARGET ELECTRIC INC,,MEDIUM,100,,Y,5931 BARTHOLOW ROAD,,,,410-549-6744,5931 BARTHOLOW RD,,+14105496744,,"TARGET ELECTRIC, INC",,,,,,,,,Ship To 1,,,,,,,,
,ATS,21227,BALTIMORE,MD,2107,,US,SUITES L&M,,2026-01-11 13:30:55,21227,BALTIMORE,READY,MD,Y,THARCO INC,,HIGH,80,,Y,1510 CATON DRIVE,SUITES L&M,,,(410) 247-2314,1510 CATON DR,,+14102472314,,"THARCO, INC.",,,,,,,,,,,,,,,,,
,ATS,21093-9969,TIMONIUM,MD,2108,,US,STE 400,,2026-01-11 13:30:58,21093-9969,TIMONIUM,READY,MD,Y,THE TRANE COMPANY,,HIGH,80,,Y,"9603 DEERECO ROAD, STE 400",,,,,9603 DEERECO RD,,,,THE TRANE COMPANY,,,,,,,,,Ship To 1,,,,,,,,
,ATS,20774,UPPER MARLBORO,MD,2109,,US,CENTRAL DISTRIBUTION CTR,,2026-01-11 13:31:00,20774,UPPER MARLBORO,READY,MD,Y,THOMAS SOMERVILLE CO,,HIGH,80,,Y,CENTRAL DISTRIBUTION CTR,16155 TRADE ZONE AVENUE,,,,16155 TRADE ZONE AVE,,,,THOMAS SOMERVILLE CO.,,,,,,,,,Ship To 1,,,,,,,,
,ATS,17403,YORK,PA,2110,,US,,,2026-01-11 13:31:02,17403,YORK,READY,PA,Y,THOS SOMERVILLE CO,,HIGH,80,,Y,320 N GEORGE STREET,,,,,320 N GEORGE ST,,,,THOS SOMERVILLE CO,,,,,,,,,Ship To 1,,,,,,,,
,ATS,48442,HOLLY,MI,2111,,US,,,NaT,48442,HOLLY,REVIEW,MI,Y,TMI CLIMATE SOLUTIONS,,MEDIUM,100,,Y,ACCOUNTS PAYABLE,200 QUALITY WAY,,,514-426-8646,200 QUALITY WAY,,+15144268646,,TMI CLIMATE SOLUTIONS CANADA -email,,,MTLPAYABLES@TMICLIMATESOLUTIONS.COM,,,,,,Ship To 1,,,,mtlpayables@tmiclimatesolutions.com,,,,
,ATS,48442,HOLLY,MI,2112,,US,,,NaT,48442,HOLLY,REVIEW,MI,Y,TMI CLIMATE SOLUTIONS,,MEDIUM,100,,Y,ACCOUNTS PAYABLE,200 QUALITY WAY,,,810-694-5804,200 QUALITY WAY,,+18106945804,,TMI,,,JBIRCHMEIER@TMICLIMATESOLUTIONS,,,,,,Ship To 1,,,,jbirchmeier@tmiclimatesolutions,,,,
,ATS,22079,LORTON,VA,2113,,US,,,2026-01-11 13:31:08,22079,LORTON,READY,VA,Y,TRADEMASTERS SERVICES CORP,,HIGH,80,,Y,7208 LOCKPORT PLACE,,,,,7208 LOCKPORT PL,,,,TRADEMASTERS SERVICES CORP,,,AP@TRADEMASTERS.COM,,,,,,AMANDA DEEN,,,,ap@trademasters.com,,,Amanda Deen,
,ATS,21093,TIMONIUM,MD,2114,,US,,,NaT,21093,TIMONIUM,REVIEW,MD,Y,TRANE BUSINESS SYSTEM,,LOW,100,,Y,SUITE 400,,,,,SUITE 400,,,,TRANE BUSINESS SYSTEM- email,,,irap.invoice@irco.com; TTAP.INVOICE@TRANETECHNOLOGIES.COM,,,,,,Ship To 1,,,,irap.invoice@irco.com,ttap.invoice@tranetechnologies.com,,,
,ATS,21250,BALTIMORE,MD,2115,,US,UMBC RITA ROSSI COLWELL CENTER A/P DEPT,,NaT,21250,BALTIMORE,REVIEW,MD,Y,UMBC,,MEDIUM,100,,Y,UMBC RITA ROSSI COLWELL CENTER,710 EAST PRATT CIRCLE,,,410-455-1068,710 E PRATT CIR,,+14104551068,,UMBC A/P DEPT,410-455-1712,,CCPayables@umbc.edu,,,,,,PEGGY-AP,,+14104551712,,ccpayables@umbc.edu,,,Peggy,
,ATS,21250,BALTIMORE,MD,2116,,US,WAREHOUSE B ATTN: JOE KLEIN,,NaT,21250,BALTIMORE,REVIEW,MD,Y,DO NOT USE,,MEDIUM,100,,Y,1000 HILLTOOP CIRCLE,"WAREHOUSE B, ATTN: JOE KLEIN",,,,1000 HILLTOOP CIR,,,,DO NOT USE,,,,,,,,,Ship To 1,,,,,,,,
,ATS,21201,BALTIMORE,MD,2117,,US,,,NaT,21201,BALTIMORE,REVIEW,MD,Y,UNIVERSITY OF MD MEDICAL SYSTEMS,,MEDIUM,100,,Y,22 SOUTH GREEN STREET,,,,410-328-8813,22 S GREEN ST,,+14103288813,,"UNIVERSITY OF MD, MEDICAL SYSTEMS",410-448-6786 HENRY,,UMMSinvoices@onlinecapturecenter.com; Karen.Bryant@umm.edu,,,,,,Ship To 1,,+14104486786,,ummsinvoices@onlinecapturecenter.com,karen.bryant@umm.edu,,,
,ATS,22182,VIENNA,VA,2118,,US,,,NaT,22182,VIENNA,REVIEW,VA,Y,UNICON EQUIPMENT SALES,,MEDIUM,100,,Y,8702 WESTWOOD FOREST LANE,,,,(866) 669-7562,8702 WWOOD FOREST LN,,+18666697562,,UNICON EQUIPMENT SALES,,,INVOICE.UES@GMAIL.COM,,,,,,PAIGE LEMONS,,,,invoice.ues@gmail.com,,,Paige Lemons,
,ATS,22182,VIENNA,VA,2119,,US,,,NaT,22182,VIENNA,REVIEW,VA,Y,UNION EQUIPMENT SALES,,MEDIUM,100,,Y,8702 WESTWOOD FOREST LANE,,,,(866) 669-7562,8702 WWOOD FOREST LN,,+18666697562,,UNION EQUIPMENT SALES,,,INVOICE.UES@GMAIL.COM,,,,,,PAIGE LEMONS,,,,invoice.ues@gmail.com,,,Paige Lemons,
,ATS,21218-2895,BALTIMORE,MD,2120,,US,,,2026-01-11 13:31:24,21218-2895,BALTIMORE,READY,MD,Y,UNION MEMORIAL HOSPITAL,,HIGH,80,,Y,201 E UNIVERSITY PARKWAY,,,,410-933-2357,201 E UNIVERSITY PKWY,,+14109332357,,UNION MEMORIAL HOSPITAL,,,apinvoices@medstar.net,,,,,,Ship To 1,,,,apinvoices@medstar.net,,,,
,ATS,20794,JESSUP,MD,2121,,US,JESSUP,,2026-01-11 13:31:26,20794,JESSUP,READY,MD,Y,UNITED ELECTRIC SUPPLY,,HIGH,80,,Y,8100 DORSEY RUN RD,JESSUP,,,(410) 799-7203,8100 DORSEY RUN RD,,+14107997203,,UNITED ELECTRIC SUPPLY,,,ap@unitedelectric.com,,,,,,,,,,ap@unitedelectric.com,,,,
,ATS,21010-5422,APG-EA,MD,2122,,US,,,NaT,21010-5422,APG-EA,REVIEW,MD,Y,US ARMY ABERDEEN PROVING GROUND,,LOW,100,,Y,"BLDG. E5165, BLACKHAWK ROAD",,,,410-436-4535,BLDG E5165 BLACKHAWK RD,,+14104364535,,US ARMY ABERDEEN PROVING GROUND,,,,,,,,,Ship To 1,,,,,,,,
,ATS,28236,CHARLOTTE,NC,2123,,US,AFFINIUS CAPITAL BPCC CODE: 854300,,NaT,28236,CHARLOTTE,REVIEW,NC,Y,USGBF NCI LAB LLC,,MEDIUM,70,,Y,AFFINIUS CAPITAL BPCC CODE: 854300,P.O. BOX 36205,,,301-545-5109,PO BOX 36205,,+13015455109,,"USGBF NCI LAB, LLC",,,AFFINIUSCAPITAL@AVIDBILL.COM; JDRIVERA@JBGSMITH.COM,,,,,,JOSUE RIVERA,,,,affiniuscapital@avidbill.com,jdrivera@jbgsmith.com,,Josue Rivera,
,ATS,21114,CROFTON,MD,2124,,US,,,2026-01-11 13:31:30,21114,CROFTON,READY,MD,Y,VIGIL CONTRACTING,,HIGH,80,,Y,2406 CROFTON BLVD,,,,410-451-9514,2406 CROFTON BLVD,,+14104519514,,VIGIL CONTRACTING,,,,,,,,,Ship To 1,,,,,,,,
,ATS,20037,WAHSINGTON,DC,2125,,US,STE #C-100,,NaT,20037,WAHSINGTON,REVIEW,DC,Y,VORNADO/CHARLES E SMITH,,MEDIUM,100,,Y,"2101 L STREET, NW, SUITE C-100",,,,202-347-8044,2101 L ST NW,,+12023478044,,VORNADO/CHARLES E. SMITH,202-223-0972,,,,,,,,PAULA CRAWFORD,,+12022230972,,,,,Paula Crawford,
,ATS,21502,CUMBERLAND,MD,2126,,US,,,NaT,21502,CUMBERLAND,REVIEW,MD,Y,WALTER N YODER & SONS INC,,MEDIUM,100,,Y,16200 MCMULLEN HIGHWAY SW,,,,,16200 MCMULLEN HWY SW,,,,"WALTER N. YODER & SONS, INC.",,,,,,,,,,,,,,,,,
,ATS,20010,WAHSINGTON,DC,2127,,US,,,NaT,20010,WAHSINGTON,REVIEW,DC,Y,WASHINGTON HOSPITAL CENTER,,MEDIUM,100,,Y,"110 IRVING STREET, NW",,,,410-933-2357,110 IRVING ST NW,,+14109332357,,WASHINGTON HOSPITAL CENTER -email,410-933-2376,,apinvoices@medstar.net,,,,,,Ship To 1,,+14109332376,,apinvoices@medstar.net,,,,
,ATS,20852,ROCKVILLE,MD,2128,,US,STE #1050,,2026-01-11 13:31:38,20852,ROCKVILLE,READY,MD,Y,WB ENGINEERING & CONSULTING,,HIGH,80,,Y,1101 WOOTTON PARKWAY,SUITE 1050,,,301-279-6319,1101 WOOTTON PKWY,,+13012796319,,W.B. ENGINEERING & CONSULTING,,,JFEASTER@WBENGINEERING.COM,,,,,,JOHN FEASTER,,,,jfeaster@wbengineering.com,,,John Feaster,
,ATS,20842,DICKERSON,MD,2129,,US,,,NaT,20842,DICKERSON,REVIEW,MD,Y,CORA WEEKS,,MEDIUM,100,,Y,21030 PEACH TREE RD.,,,,,21030 PEACH TREE RD,,,,CORA WEEKS,,,,,,,,,Ship To 1,,,,,,,,
,ATS,21502,CUMBERLAND,MD,2130,,US,,,2026-01-11 13:31:41,21502,CUMBERLAND,READY,MD,Y,WESTERN MARYLAND HEALTH SYSTEM,,HIGH,80,,Y,12500 WILLOWBROOK ROAD,,,,,12500 WILLOWBROOK RD,,,,WESTERN MARYLAND HEALTH SYSTEM,240-964-8179,,,,,,,,,,+12409648179,,,,,,
,ATS,21227,ARBUTUS,MD,2131,,US,STE #1214,,2026-01-11 13:31:45,21227,ARBUTUS,READY,MD,Y,WG TOMKO INC,,HIGH,80,,Y,3730 COMMERCE DRIVE,SUITE 1214,,,724-348-2000,3730 COMMERCE DR,,+17243482000,,"W.G. TOMKO, INC",,,apvendorinvoices@wgtomko.com,,,,,,,,,,apvendorinvoices@wgtomko.com,,,,
,ATS,18974,WARMINSTER,PA,2132,,US,STE #ONE,,NaT,18974,WARMINSTER,REVIEW,PA,Y,WISTEX INC,,MEDIUM,100,,Y,1730 STOUT DRIVE,SUITE ONE,,,215-328-9081,1730 STOUT DR,,+12153289081,,"WISTEX, INC.",,,CHRISTINA@SWC-WISTEX.COM,,,,,,Ship To 1,,,,christina@swc-wistex.com,,,,
,ATS,20166,DULLES,VA,2133,,US,,,2026-01-11 13:31:49,20166,Dulles,READY,VA,Y,OATH INC,,HIGH,80,,Y,22110 Pacific Blvd,,,,703-265-2108,22110 PACIFIC BLVD,,+17032652108,,"OATH, INC.",,,oathsupport@teamaol.com,,,,,,Ship To 1,,,,oathsupport@teamaol.com,,,,
,ATS,20109,MANASSAS,VA,2134,,US,,,NaT,20109,MANASSAS,REVIEW,VA,Y,ARCTIC REFRIGERATION,,MEDIUM,100,,Y,13000 LIVINGSTON RD,,,,410-947-4129,13000 LIVINGSTON RD,,+14109474129,,ARCTIC REFRIGERATION,,,JPARCTIC@VERIZON.NET,,,,,,Ship To 1,,,,jparctic@verizon.net,,,,
,ATS,21244,BALTIMROE,MD,2135,,US,,,NaT,21244,BALTIMROE,REVIEW,MD,Y,CARRIER CORPORATION,,MEDIUM,100,,Y,7200 Rutherford Road,,,,860-622-0204,7200 RUTHERFORD RD,,+18606220204,,CARRIER CORPORATION,,,ANDREA.LAWRENCE@CARRIER.COM; UTCAP.BISDIRSALESINV@CONDUENT.COM,,,,,,Ship To 1,,,,andrea.lawrence@carrier.com,utcap.bisdirsalesinv@conduent.com,,,
,ATS,23060,GLEN ALLEN,VA,2136,,US,STE #M,,NaT,23060,GLEN ALLEN,REVIEW,VA,Y,DPR CONSTRUCTION,,MEDIUM,100,,Y,550 COX ROAD,SUITE M,,,,550 COX RD,,,,DPR CONSTRUCTION,AP - 407-551-8219,,ORLACCOUNTSPAYABLE@DPR.COM,,,,,,,,+14075518219,,orlaccountspayable@dpr.com,,,,
,ATS,07753,TINTON FALLS,NJ,2137,,US,SEABROOK MAIL STOP - 60410320,,2026-01-11 13:31:57,07753,TINTON FALLS,READY,NJ,Y,ERICKSON LIVING MANAGEMENT,,HIGH,80,,Y,SEABROOK MAIL STOP - 60410320,3000 ESSEX ROAD,,,410-204-7227,3000 ESSEX RD,,+14102047227,,ERICKSON LIVING MANAGEMENT,,,apfaxes2@erickson.com,,,,,,Ship To 1,,,,apfaxes2@erickson.com,,,,
,ATS,01960,PEABODY,MA,2138,,US,TE # 522-126-755,,2026-01-11 13:31:59,01960,PEABODY,READY,MA,Y,ERICKSON RETIREMENT COMMUNITIES,,HIGH,80,,Y,100 BROOKSBY VILLAGE DRIVE,TE # 522-126-755,,,,100 BROOKSBY VILLAGE DR,,,,ERICKSON RETIREMENT COMMUNITIES,,,apfaxes2@erickson.com,,,,,,Ship To 1,,,,apfaxes2@erickson.com,,,,
,ATS,01960,PEABODY,MA,2139,,US,TE # 522-126-755,,2026-01-11 13:32:01,01960,PEABODY,READY,MA,Y,OAK CREST VILLAGE,,HIGH,80,,Y,100 BROOKSBY VILLAGE DRIVE,TE # 522-126-755,,,,100 BROOKSBY VILLAGE DR,,,,OAK CREST VILLAGE,443-677-3128,,apfaxes2@erickson.com,,,,,,Ship To 1,,+14436773128,,apfaxes2@erickson.com,,,,
,ATS,21702,FREDERICK,MD,2140,,US,,,2026-01-11 13:32:03,21702,FREDERICK,READY,MD,Y,FREDERICK CO PUBLIC SCHOOLS,,HIGH,80,,Y,7446 HAYWARD RD,,,,,7446 HAYWARD RD,,,,FREDERICK CO. PUBLIC SCHOOLS,301-644-5172-SVC,,accounts.payable@fcps.org,,,,,,Ship To 1,,+13016445172,,accounts.payable@fcps.org,,,,
,ATS,21014,BEL AIR,MD,2141,,US,,,2026-01-11 13:32:05,21014,BEL AIR,READY,MD,Y,HAVTECH,,HIGH,80,,Y,85 PATTERSON MILL ROAD,,,,301-497-9610,85 PATTERSON MILL RD,,+13014979610,,HAVTECH -email invoice,,,accountspayable@havtech.com,,,,,,Ship To 1,,,,accountspayable@havtech.com,,,,
,ATS,21014,BEL AIR,MD,2142,,US,,,2026-01-11 13:32:13,21014,BEL AIR,READY,MD,Y,HAVTECH,,HIGH,80,,Y,85 PATTERSON MILL ROAD,,,,301-497-9610,85 PATTERSON MILL RD,,+13014979610,,HAVTECH,,,accountspayable@havtech.com,,,,,,Ship To 1,,,,accountspayable@havtech.com,,,,
,ATS,21231,BALTIMORE,MD,2143,,US,RM B105,,2026-01-11 13:32:15,21231,BALTIMORE,READY,MD,Y,JOHNS HOPKINS ENTERPRISE,,HIGH,80,,Y,ATTN: CHERYL ROBINSON,RM B105 1780 E. FAYETTE ST,,,443-997-5630,1780 E FAYETTE ST,,+14439975630,,JOHNS HOPKINS ENTERPRISE - email INV,443-997-5600-PURCHA,,INVOICES@JH.EDU; FDC_AP_Invoices@jhmi.edu,,,,,,Ship To 1,,+14439975600,,invoices@jh.edu,fdc_ap_invoices@jhmi.edu,,,
,ATS,21010,GUNPOWDER,MD,2144,,US,410-306-6228,,NaT,21010,GUNPOWDER,REVIEW,MD,Y,JOHNSON CONTROLS INC,,MEDIUM,100,,Y,"32ND STREET, E5185",410-306-6228,,,240-683-7660,32ND ST E5185,,+12406837660,,JOHNSON CONTROLS ABERDEEN -email,,,be-jcfs-ap@jci.com,,,,,,Ship To 1,,,,be-jcfs-ap@jci.com,,,,
,ATS,18045,EASTON,PA,2145,,US,,,NaT,18045,EASTON,REVIEW,PA,Y,JBTW LLC,,MEDIUM,100,,Y,2609 DEARBORN ST,,,,610-258-9332-AP,2609 DEARBORN ST,,+16102589332,,"JBTW, LLC",610-258-5651-AP,,HELEN.THORNTON@JOHNSTONESUPPLY.COM,,,,,,Ship To 1,,+16102585651,,helen.thornton@johnstonesupply.com,,,,
,ATS,21204,TOWSON,MD,2146,,US,STE #290,,NaT,21204,TOWSON,REVIEW,MD,Y,JONES LANG LASALLE,,MEDIUM,100,,Y,1 WEST PENNSYLVANIA AVE,SUITE 290,,,410-345-3650,1 W PENNSYLVANIA AVE,,+14103453650,,JONES LANG LASALLE - EMAIL,,,8887481938@onlinecapturecenter.com; JLLUSA.CSINVOICES@AM.JLL.COM,,,,,,Ship To 1,,,,8887481938@onlinecapturecenter.com,jllusa.csinvoices@am.jll.com,,,
,ATS,21740,HAGERSTOWN,MD,2147,,US,,,NaT,21740,HAGERSTOWN,REVIEW,MD,Y,MERITUS MEDICAL CENTER,,MEDIUM,100,,Y,105 ENTERPRISE LANE,,,,,105 ENTERPRISE LN,,,,MERITUS MEDICAL CENTER,,,AP@MERITUSHEALTH.COM,,,,,,INGRID RETHERFORD,,,,ap@meritushealth.com,,,Ingrid Retherford,
,ATS,20109,MANASSAS,VA,2148,,US,,,NaT,20109,MANASSAS,REVIEW,VA,Y,MOTION INDUSTRIES,,MEDIUM,100,,Y,7433 GATEWAY COURT,,,,,7433 GATEWAY CT,,,,MOTION INDUSTRIES,,,,,,,,,,,,,,,,,
,ATS,21702,FREDERICK,MD,2149,,US,C/O RW WARNER,,NaT,,FREDERICK,REVIEW,MD,Y,USE WARNER MECHANICAL,,MEDIUM,100,,Y,C/O R.W. WARNER,8414 OPPOSUMTOWN PIKE,,,301-662-0897,8414 OPPOSUMTOWN PIKE,,+13016620897,,USE WARNER MECHANICAL,,,accountspayable@rwwinc.com,,,,,,Ship To 1,,,,accountspayable@rwwinc.com,,,,
,ATS,21801,SALISBURY,MD,2150,,US,,,2026-01-11 13:32:48,21801,SALISBURY,READY,MD,Y,SALISBURY UNIVERSITY,,HIGH,80,,Y,ACTUAL ADDRESS,1101 CAMDEN AVE,,,,1101 CAMDEN AVE,,,,SALISBURY UNIVERSITY,,,ACCOUNTSPAYABLE@salisbury.edu,,,,,,,,,,accountspayable@salisbury.edu,,,,
,ATS,20814,BETHESDA,MD,2151,,US,STE #700 AVOCET TOWER INCESTORS LLC,,2026-01-11 13:32:50,20814,BETHESDA,READY,MD,Y,STONEBRIDGECARRAS LLC,,HIGH,80,,Y,"AVOCET TOWER INCESTORS, LLC",7373 WISCONSIN AVE SUITE 700,,,301-913-9615,7373 WISCONSIN AVE,,+13019139615,,"STONEBRIDGECARRAS, LLC -email",,,payables@stonebridge.us.com,,,,,,Michelle Laframboise,,,,payables@stonebridge.us.com,,,Michelle Laframboise,
,ATS,20151,CHANTILLY,VA,2152,,US,,,2026-01-11 13:32:56,20151,CHANTILLY,READY,VA,Y,THOS SOMERVILLE CO,,HIGH,80,,Y,14700 WILLARD ROAD,,,,,14700 WILLARD RD,,,,THOS SOMERVILLE CO,,,,,,,,,Ship To 1,,,,,,,,
,ATS,48442,HOLLY,MI,2153,,US,,,NaT,48442,HOLLY,REVIEW,MI,Y,TMI CLIMATE SOLUTIONS,,MEDIUM,100,,Y,200 QUALITY WAY,,,,514-426-8646,200 QUALITY WAY,,+15144268646,,TMI CLIMATE SOLUTIONS CANADA -email,,,MTLPAYABLES@TMICLIMATESOLUTIONS.COM,,,,,,Ship To 1,,,,mtlpayables@tmiclimatesolutions.com,,,,
,ATS,48442,HOLLY,MI,2154,,US,,,NaT,48442,HOLLY,REVIEW,MI,Y,TMI,,MEDIUM,100,,Y,200 QUALITY WAY,,,,810-694-5804,200 QUALITY WAY,,+18106945804,,TMI,,,JBIRCHMEIER@TMICLIMATESOLUTIONS,,,,,,Ship To 1,,,,jbirchmeier@tmiclimatesolutions,,,,
,ATS,22079,LORTON,VA,2155,,US,,,2026-01-11 13:33:08,22079,LORTON,READY,VA,Y,TRADEMASTERS SERVICES CORP,,HIGH,80,,Y,7208 LOCKPORT PLACE,,,,,7208 LOCKPORT PL,,,,TRADEMASTERS SERVICES CORP,,,AP@TRADEMASTERS.COM,,,,,,AMANDA DEEN,,,,ap@trademasters.com,,,Amanda Deen,
,ATS,20601,WALDORF,MD,2156,,US,WALDORF,,2026-01-11 13:33:10,20601,WALDORF,READY,MD,Y,UNITED ELECTRIC SUPPLY,,HIGH,80,,Y,12045 TRADE ZONE COURT,WALDORF,,,(410) 799-7203,12045 TRADE ZONE CT,,+14107997203,,UNITED ELECTRIC SUPPLY,,,ap@unitedelectric.com,,,,,,,,,,ap@unitedelectric.com,,,,
,ATS,44306,AKRON,OH,2157,,US,,,2026-01-11 13:33:11,44306,AKRON,READY,OH,Y,HICKOK AE LLC,,HIGH,80,,Y,735 GLASER PARKWAY,,,,330-794-8841,735 GLASER PKWY,,+13307948841,,HICKOK AE LLC,,,ap@airenterprises.com,,,,,,CINDY FEDERAN-AP,,,,ap@airenterprises.com,,,Cindy Federan,
,ATS,22150,SPRINGFIELD,MD,2158,,US,GREENSPRING-MAIL STOP-60510340,,NaT,22150,SPRINGFIELD,REVIEW,MD,Y,ERICKSON LIVING MANAGEMENT,,MEDIUM,100,,Y,GREENSPRING-MAIL STOP-60510340,7410 SPRING VALLY DR.,,,410-204-7227,7410 SPRING VALLY DR,,+14102047227,,ERICKSON LIVING MANAGEMENT,,,apfaxes2@erickson.com,,,,,,Ship To 1,,,,apfaxes2@erickson.com,,,,
,ATS,21228,CATONSVILLE,MD,2159,,US,TE # 31087175,,2026-01-11 13:33:15,21228,CATONSVILLE,READY,MD,Y,ERICKSON RETIREMENT COMMUNITIES,,HIGH,80,,Y,715 MAIDEN CHOICE LANE,TE # 31087175,,,,715 MAIDEN CHOICE LN,,,,ERICKSON RETIREMENT COMMUNITIES,,,apfaxes2@erickson.com,,,,,,Ship To 1,,,,apfaxes2@erickson.com,,,,
,ATS,21228,CATONSVILLE,MD,2160,,US,TE # 31087175,,2026-01-11 13:33:17,21228,CATONSVILLE,READY,MD,Y,OAK CREST VILLAGE,,HIGH,80,,Y,715 MAIDEN CHOICE LANE,TE # 31087175,,,,715 MAIDEN CHOICE LN,,,,OAK CREST VILLAGE,443-677-3128,,apfaxes2@erickson.com,,,,,,Ship To 1,,+14436773128,,apfaxes2@erickson.com,,,,
,ATS,19603,READING,PA,2161,,US,,,NaT,19603,READING,REVIEW,PA,Y,JBTW LLC,,MEDIUM,100,,Y,2300N 5TH ST HWY,,,,610-258-9332-AP,2300N 5TH ST HWY,,+16102589332,,"JBTW, LLC",610-258-5651-AP,,HELEN.THORNTON@JOHNSTONESUPPLY.COM,,,,,,Ship To 1,,+16102585651,,helen.thornton@johnstonesupply.com,,,,
,ATS,22602,WINCHESTER,VA,2162,,US,,,NaT,22602,WINCHESTER,REVIEW,VA,Y,MOTION INDUSTRIES,,MEDIUM,100,,Y,"244 AIRPORT RD., UNIT 3",,,,,244 AIRPORT RD UNIT 3,,,,MOTION INDUSTRIES,,,,,,,,,,,,,,,,,
,ATS,21230,BALTIMORE,MD,2163,,US,BALTIMORE,,2026-01-11 13:33:24,21230,BALTIMORE,READY,MD,Y,UNITED ELECTRIC SUPPLY,,HIGH,80,,Y,3031 Washington Blvd,BALTIMORE,,,(410) 799-7203,3031 WASHINGTON BLVD,,+14107997203,,UNITED ELECTRIC SUPPLY,,,ap@unitedelectric.com,,,,,,,,,,ap@unitedelectric.com,,,,
,ATS,01960,PEABODY,MD,2164,,US,BROOKSBY -MAIL STOP -62510340,,NaT,01960,PEABODY,REVIEW,MD,Y,ERICKSON LIVING MANAGEMENT,,MEDIUM,100,,Y,BROOKSBY -MAIL STOP -62510340,100 BROOKSBY VILLAGE DR.,,,410-204-7227,100 BROOKSBY VILLAGE DR,,+14102047227,,ERICKSON LIVING MANAGEMENT,,,apfaxes2@erickson.com,,,,,,Ship To 1,,,,apfaxes2@erickson.com,,,,
,ATS,07444,POMPTON PLAINS,NJ,2165,,US,TE # EO-522-184-915/000,,NaT,07444,POMPTON PLAINS,REVIEW,NJ,Y,ERICKSON RETIREMENT COMMUNITIES,,MEDIUM,100,,Y,1 CEDAR CREST DRIVE,TE # EO-522-184-915/000,,,,1 CEDAR CREST DR,,,,ERICKSON RETIREMENT COMMUNITIES,,,apfaxes2@erickson.com,,,,,,Ship To 1,,,,apfaxes2@erickson.com,,,,
,ATS,07444,POMPTON PLAINS,NJ,2166,,US,TE # EO-522-184-915/000,,NaT,07444,POMPTON PLAINS,REVIEW,NJ,Y,OAK CREST VILLAGE,,MEDIUM,100,,Y,1 CEDAR CREST DRIVE,TE # EO-522-184-915/000,,,,1 CEDAR CREST DR,,,,OAK CREST VILLAGE,443-677-3128,,apfaxes2@erickson.com,,,,,,Ship To 1,,+14436773128,,apfaxes2@erickson.com,,,,
,ATS,19403,NORRISTOWN,PA,2167,,US,,,NaT,19403,NORRISTOWN,REVIEW,PA,Y,JBTW LLC,,MEDIUM,100,,Y,2578 INDUSTRY LANE,,,,610-258-9332-AP,2578 INDUSTRY LN,,+16102589332,,"JBTW, LLC",610-258-5651-AP,,HELEN.THORNTON@JOHNSTONESUPPLY.COM,,,,,,Ship To 1,,+16102585651,,helen.thornton@johnstonesupply.com,,,,
,ATS,20705,BELTSVILLE,MD,2168,,US,BELTSVILLE,,2026-01-11 13:33:42,20705,BELTSVILLE,READY,MD,Y,UNITED ELECTRIC SUPPLY,,HIGH,80,,Y,11710 Baltimore Ave,BELTSVILLE,,,(410) 799-7203,11710 BALTIMORE AVE,,+14107997203,,UNITED ELECTRIC SUPPLY,,,ap@unitedelectric.com,,,,,,,,,,ap@unitedelectric.com,,,,
,ATS,20904,SILVER SPRING,MD,2169,,US,RIDERWOOD- MAIL STOP-60610340,,NaT,20904,SILVER SPRING,REVIEW,MD,Y,ERICKSON LIVING MANAGEMENT,,MEDIUM,100,,Y,RIDERWOOD- MAIL STOP-60610340,3120 GRACEFIELD RD,,,410-204-7227,3120 GRACEFIELD RD,,+14102047227,,ERICKSON LIVING MANAGEMENT,,,apfaxes2@erickson.com,,,,,,Ship To 1,,,,apfaxes2@erickson.com,,,,
,ATS,77077,HOUSTON,TX,2170,,US,TE # 10304986838,,NaT,77077,HOUSTON,REVIEW,TX,Y,ERICKSON RETIREMENT COMMUNITIES,,MEDIUM,100,,Y,147003 EAGLE VISTA DRIVE,TE # 10304986838,,,,147003 EAGLE VISTA DR,,,,ERICKSON RETIREMENT COMMUNITIES,,,apfaxes2@erickson.com,,,,,,Ship To 1,,,,apfaxes2@erickson.com,,,,
,ATS,77077,HOUSTON,TX,2171,,US,TE # 10304986838,,NaT,77077,HOUSTON,REVIEW,TX,Y,OAK CREST VILLAGE,,MEDIUM,100,,Y,147003 EAGLE VISTA DRIVE,TE # 10304986838,,,,147003 EAGLE VISTA DR,,,,OAK CREST VILLAGE,443-677-3128,,apfaxes2@erickson.com,,,,,,Ship To 1,,+14436773128,,apfaxes2@erickson.com,,,,
,ATS,18915,COLMAR,PA,2172,,US,,,2026-01-11 13:33:50,18915,COLMAR,READY,PA,Y,JBTW LLC,,HIGH,80,,Y,1000 BETHLEHEM PIKE,,,,610-258-9332-AP,1000 BETHLEHEM PIKE,,+16102589332,,"JBTW, LLC",610-258-5651-AP,,HELEN.THORNTON@JOHNSTONESUPPLY.COM,,,,,,Ship To 1,,+16102585651,,helen.thornton@johnstonesupply.com,,,,
,ATS,02043,HINGHAM,MA,2173,,US,LINDENPONDS-MAILSTOP-616110340,,2026-01-11 13:33:56,02043,HINGHAM,READY,MA,Y,ERICKSON LIVING MANAGEMENT,,HIGH,80,,Y,LINDENPONDS-MAILSTOP-616110340,300 LINDEN PONDS WAY,,,410-204-7227,300 LINDEN PONDS WAY,,+14102047227,,ERICKSON LIVING MANAGEMENT,,,apfaxes2@erickson.com,,,,,,Ship To 1,,,,apfaxes2@erickson.com,,,,
,ATS,48377,NOVI,MI,2174,,US,TE # 52-2291271,,2026-01-11 13:33:58,48377,NOVI,READY,MI,Y,ERICKSON RETIREMENT COMMUNITIES,,HIGH,80,,Y,41000 13 MILE ROAD,TE # 52-2291271,,,,41000 13 MILE RD,,,,ERICKSON RETIREMENT COMMUNITIES,,,apfaxes2@erickson.com,,,,,,Ship To 1,,,,apfaxes2@erickson.com,,,,
,ATS,48377,NOVI,MI,2175,,US,TE # 52-2291271,,2026-01-11 13:34:00,48377,NOVI,READY,MI,Y,OAK CREST VILLAGE,,HIGH,80,,Y,41000 13 MILE ROAD,TE # 52-2291271,,,,41000 13 MILE RD,,,,OAK CREST VILLAGE,443-677-3128,,apfaxes2@erickson.com,,,,,,Ship To 1,,+14436773128,,apfaxes2@erickson.com,,,,
