Opco,Bill-to,zip_ora,city_ora,Ship to's,state_ora,row_number,PartyNumber,country_ora,address2_ora,address3_ora,validated_at,zip_original,FaxNumber_ora,city_original,record_status,AddressBill-to,AddressShip-to,state_original,PaymentTerm_ora,entity_name_ora,PhoneNumber1_ora,PhoneNumber2_ora,confidence_level,confidence_score,EmailAddress1_ora,EmailAddress2_ora,TaxIdentifier_ora,address1_original,address2_original,ContactPerson1_ora,ContactPerson2_ora,FaxNumber_original,SITE1_address1_ora,SITE2_address1_ora,entity_name_original,PhoneNumber1_original,PhoneNumber2_original,EmailAddress1_original,EmailAddress2_original,TaxIdentifier_original,ContactPerson1_original,ContactPerson2_original
Airetech,Y,72113,MAUMELLE,Y,AR,2,1001,US,,,2026-01-09 04:27:26,AR,,,READY,,,MAUMELLE,NET 30,10 FITNESS INC,+15013522314,,HIGH,80,minnie.mouse@gmail.com,,,211 HIDDEN VALLEY LOOP,,Eric Buckner,Dora The Explorer,,211 HIDDEN VALLEY LOOP,,10 FITNESS INC,72113,,MINNIE.MOUSE@GMAIL.COM,,,ERIC BUCKNER,DORA THE EXPLORER
Airetech,Y,72221,LITTLE ROCK,Y,AR,3,1002,US,,,NaT,AR,,,READY,,,LITTLE ROCK,NET 30,10 FITNESS INC,,,MEDIUM,70,,,,10 FITNESS OF UNIVERSITY,PO BOX 22917,Eric Buckner,,,PO BOX 22917,10 FITNESS OF UNIVERSITY,10 FITNESS INC LITTLE ROCK,72221,,,,,ERIC BUCKNER,
Airetech,Y,72143,SEARCY,,AR,4,1003,US,,,2026-01-09 04:27:27,AR,,,READY,,,SEARCY,NET 30,10 FITNESS INC,+15012314391,,HIGH,80,,,,2205 W BEEBE CAPPS EXPY,,Matthew Bittle,,,2205 W BEEBE CAPPS EXPY,,10 FITNESS SEARCY,72143,,,,,MATTHEW BITTLE,
Airetech,Y,72201,LITTLE ROCK,Y,AR,5,1004,US,,,2026-01-09 04:27:29,AR,+15016888450,,READY,,,LITTLE ROCK,NET 30,STEPHENS INC,+15016888400,,HIGH,80,,,,111 CENTER STREET,SUITE 1220,Barbara Dorsey,,501-688-8450,111 CENTER ST,,111 CENTER STREET LTD  STEPHENS INC,72201,,,,,BARBARA DORSEY,
Airetech,Y,72501,BATESVILLE,,AR,6,1005,US,STE 201,,2026-01-09 04:27:31,AR,+18705698142,,READY,,,BATESVILLE,NET 30,PLAZA LLC,+18705698141,,HIGH,80,,,,1141 EAST MAIN,SUITE 201,Sarah Mitchum Morgan,,870-569-8142,1141 E MAIN PLAZA BLDG,,1141 PLAZA LLC DBA 1141 PLAZA BLDG,72501,,,,,SARAH MITCHUM MORGAN,
Airetech,Y,74013,BROKEN ARROW,Y,OK,7,1006,US,,,NaT,OK,,,READY,,,BROKEN ARROW,NET 30,1ST ARTIC AIR,+19185573727,,MEDIUM,70,,,,PO BOX 93,,Autumn Hoffer,,,PO BOX 93,,1ST ARTIC AIR,74013,,,,,AUTUMN HOFFER,
Airetech,Y,71861,TAYLOR,Y,AR,8,1007,US,,,NaT,AR,,,READY,,,TAYLOR,NET 30,3D CONTRACTING CORP,+18592071,,MEDIUM,70,,,,PO BOX 360,,,,,PO BOX 360,,3D CONTRACTING CORP,71861,,,,,,
Airetech,Y,72762,SPRINGDALE,,AR,9,1008,US,,,2026-01-09 04:27:32,AR,,,READY,,,SPRINGDALE,NET 30,3M ELECTRIC LLC,+14798770166,,HIGH,80,,,,8953 GREENBRIAR ESTATES ROAD,,Renetta Hampton,,,8953 GREENBRIAR ESTATES RD,,3M ELECTRIC LLC,72762,,,,,RENETTA HAMPTON,
Airetech,Y,74021,COLLINSVILLE,Y,OK,10,1009,US,,,2026-01-09 04:27:34,OK,,,READY,,,COLLINSVILLE,NET 30,3RD GENERATION HEAT & AIR,+19182611903,,HIGH,80,,,EXM-10088483-,17070 N 113TH E AVE,,Rebecca Wells,,,17070 N 113TH E AVE,,3RD GENERATION HEAT AND AIR,74021,,,,EXM-10088483-,REBECCA WELLS,
Airetech,Y,71762,SMACKOVER,Y,AR,11,1010,US,,,NaT,AR,,,READY,,,SMACKOVER,NET 30,4 R MARKETING,+18707253333,,HIGH,100,,,,711 OUCHITA ROAD 72,,John Seymour,,,711 OUCHITA RD 72,,4 R MARKETING,71762,,,,,JOHN SEYMOUR,
Airetech,Y,72150,SHERIDAN,,AR,12,1011,US,,,NaT,AR,+18709428373,,READY,,,SHERIDAN,NET 30,A PLUS BUILDERS INC,+18705560408,,MEDIUM,70,,,,PO BOX 55,,Mike Henry,,870-942-8373,PO BOX 55,,A PLUS BUILDERS INC,72150,,,,,MIKE HENRY,
Airetech,Y,72543,HEBER SPRINGS,,AR,13,1012,US,,,NaT,AR,+15013622820,,READY,,,HEBER SPRINGS,NET 30,A1 HEATING & AIR,+15013622888,,HIGH,100,,,,906 HIGHWAY 25 B NORTH,,Larry Edge,,501-362-2820,906 HWY 25 B N,,A1 HEATING AND AIR HEBER SPRINGS,72543,,,,,LARRY EDGE,
Airetech,Y,73702,ENID,,OK,14,1013,US,,,NaT,OK,,,READY,,,ENID,NET 30,A1 PLUMBING & HEATING,+15802348348,,MEDIUM,70,,,,PO BOX 269,,Rocky Mcfarland,,,PO BOX 269,,A1 PLUMBING AND HEATING,73702,,,,,ROCKY MCFARLAND,
Airetech,Y,74112,TULSA,Y,OK,15,1014,US,,,2026-01-09 04:27:39,OK,+19188357595,,READY,,,TULSA,NET 30,A1 SHEET METAL INC,+19188356200,,HIGH,80,,,122734,5909 EAST 15TH STREET,,,,918-835-7595,5909 E 15TH ST,,A1 SHEET METAL INC,74112,,,,122734,,
Airetech,Y,72701,FAYETTEVILLE,,AR,16,1015,US,,,2026-01-09 04:27:42,AR,,,READY,,,FAYETTEVILLE,NET 30,AAF FLANDERS,,,HIGH,80,,,,2355 S ARMSTRONG AVE,,Irene Fernandez,,,2355 S ARMSTRONG AVE,,AAF FLANDERS,72701,,,,,IRENE FERNANDEZ,
Airetech,Y,75602,LONGVIEW,,TX,17,1016,US,,,2026-01-09 04:27:43,TX,+19032364463,,READY,,,LONGVIEW,NET 30,AAON COIL PRODUCTS INC,+19032364403,,HIGH,80,,,,203 GUM SPRINGS ROAD,,Accounts Payable,,903-236-4463,203 GUM SPRINGS RD,,AAON COIL PRODUCTS INC,75602,,,,,ACCOUNTS PAYABLE,
Airetech,Y,74101-3067,TULSA,N,OK,18,1017,US,,,NaT,OK,,,READY,,,TULSA,NET 30,AAON INC,+19185832266,,HIGH,100,,,OK,2425 S YUKON AVE,,Cindi Hutton,,000-000-0000,2425 S YUKON AVE,,AAON INC,741013067,,,,OK,Cindi Hutton,
Airetech,Y,27675,RALEIGH,Y,NC,19,1018,US,,,NaT,NC,,,READY,,,RALEIGH,NET 30,ABB,,,MEDIUM,70,,,,PO BOX 90273,,,,,PO BOX 90273,,ABB,27675,,,,,,
Airetech,Y,74159,TULSA,,OK,20,1019,US,,,NaT,OK,+19183558821,,READY,,,TULSA,NET 30,ABC AIR CONDITIONING,+19186278745,,MEDIUM,70,,,,PO BOX 4243,,Terry Bell,,918-355-8821,PO BOX 4243,,ABC AIR CONDITIONING,74159,,,,,TERRY BELL,
Airetech,Y,71913,HOT SPRINGS,,AR,21,1020,US,,,NaT,AR,,,READY,,,HOT SPRINGS,NET 30,ABC SERVICES,+15019840987,,HIGH,100,,,,110 NEWBY LANE,,Brian,,,110 NEWBY LN,,ABC SERVICES,71913,,,,,BRIAN,
Airetech,Y,72718,CAVE SPRINGS,Y,AR,22,1021,US,,,2026-01-09 04:27:48,AR,+14799579417,,READY,,,"CAVE SPRINGS,",NET 30,ABSOLUTE HEAT & AIR,+14795311964,,HIGH,80,info@ahahvac.com,,71465649-001,INFO@AHAHVAC.COM *PAYS WITH CC,1083 EAST LOWELL,Rhonda Francis,,479-957-9417,1083 E LOWELL,,ABSOLUTE HEAT AND AIR,72718,,info@ahahvac.com,,71465649-001,RHONDA FRANCIS,
Airetech,Y,72047,ENOLA,N,AR,23,1022,US,,,2026-01-09 04:27:49,AR,+15018492154,,READY,,,ENOLA,NET 30,ABSOLUTE SHEET METAL,+15018494007,,HIGH,80,,,63212074-SLS,277 MT VERNON ROAD,,David Loyd,,501-849-2154,277 MT VERNON RD,,ABSOLUTE SHEET METAL,72047,,,,63212074-SLS,DAVID LOYD,
Airetech,Y,72764,SPRINGDALE,,AR,24,1023,US,,,2026-01-09 04:27:51,AR,,,READY,,,SPRINGDALE,NET 30,AC PROPERTIES,,,HIGH,80,,,,3241 W HUNTSVILLE AVE,,Jessica Maldonado,,,3241 W HUNTSVILLE AVE,,AC PROPERTIES,72764,,,,,JESSICA MALDONADO,
Airetech,Y,72770,TONTITOWN,Y,AR,25,1024,US,,,NaT,AR,,,READY,,,TONTITOWN,NET 30,AC SERVICES & MECHANICAL LLC,+15016801338,,MEDIUM,70,,,77465243-SLS,PO BOX 1389,,,,,PO BOX 1389,,AC SERVICES AND MECHANICAL LLC,72770,,,,77465243-SLS,,
Airetech,Y,72114,NORTH LITTLE ROCK,Y,AR,26,1025,US,,,2026-01-09 04:27:53,AR,+15017962742,,READY,,,NORTH LITTLE ROCK,NET 30,AC SPECIALTIES,+15013721788,,HIGH,80,acsi@a-cspecialties.com,,,ACSI@A-CSPECIALTIES.COM,2201 LINCOLN AVENUE,Brenda,,501-796-2742,2201 LINCOLN AVE,,AC SPECIALTIES,72114,,acsi@a-cspecialties.com,,,BRENDA,
Airetech,Y,00275,DRUMMONDVILLE,,QC,27,1026,CA,,,NaT,QC,,,READY,,,DRUMMONDVILLE,NET 30,ACCORD FINANCIAL ANNEXAIR,+18194753302,,HIGH,100,payable@annexair.com,,,EMAIL PAYABLE@ANNEXAIR.COM,CARL ST LAURENT1125 BERGERON,Nancy,Carl St Laurent,,1125 RUE BERGERON,,ACCORD FINANCIAL ANNEXAIR,J2C 7V5,,PAYABLE@ANNEXAIR.COM,,,NANCY,CARL ST LAURENT
Airetech,Y,74041,KIEFER,,OK,28,1027,US,,,NaT,OK,+19183213697,,READY,,,KIEFER,NET 30,ACCU AIR,+19182300022,,MEDIUM,70,,,,PO BOX 468,,,,918-321-3697,PO BOX 468,,ACCU AIR,74041,,,,,,
Airetech,Y,38118,MEMPHIS,,TN,29,1028,US,,,2026-01-09 04:27:56,TN,,,READY,,,MEMPHIS,NET 30,ACCURATE AIR CO INC,+19013723050,,HIGH,80,,,,4180 PILOT DRIVE,,Brenda Kilpatrick,,,4180 PILOT DR,,ACCURATE AIR CO INC,38118,,,,,BRENDA KILPATRICK,
Airetech,Y,,,N,,30,1029,US,,,NaT,,,,REVIEW,,,,NET 30,ACCUREX COMMISSION,,,LOW,20,,,EXEMPT COMM,,,,,,,,ACCUREX COMMISSION,,,,,EXEMPT COMM,,
Airetech,Y,53288,MILWAUKEE,,WI,31,1030,US,,,NaT,WI,,,READY,,,MILWAUKEE,NET 30,ACCUREX LLC,,,HIGH,100,,,,BIN 145,,,,,BIN 145,,ACCUREX LLC,53288,,,,,,
Airetech,Y,74066,SAPULPA,,OK,32,1031,US,,,2026-01-09 04:28:02,OK,,,READY,,,SAPULPA,NET 30,ACE AIR SAPULPA OK,,,HIGH,80,,,,705 N 9TH STREET,,,,,705 N 9TH ST,,ACE AIR SAPULPA OK,74066,,,,,,
Airetech,Y,72774,WEST FORK,Y,AR,33,1032,US,,,NaT,AR,,,READY,,,WEST FORK,NET 30,ACE REFRIGERATION,+14798393912,,MEDIUM,70,,,00267867-SLS,PO BOX 741,,Anthony Allen,,,PO BOX 741,,ACE REFRIGERATION,72774,,,,00267867-SLS,ANTHONY ALLEN,
Airetech,Y,72118,NORTH LITTLE ROCK,N,AR,34,1033,US,,,2026-01-09 04:28:03,AR,+15015682226,,READY,,,NORTH LITTLE ROCK,NET 30,ACE TECHNOLOGIES,+15015682233,,HIGH,80,,,210189-60-001,7631 NORTHSHORE PLACE,,Bill,,501-568-2226,7631 NSHORE PL,,ACE TECHNOLOGIES,72118,,,,210189-60-001,BILL,
Airetech,Y,72118,NORTH LITTLE ROCK,N,AR,35,1034,US,,,2026-01-09 04:28:05,AR,,,READY,,,NORTH LITTLE ROCK,NET 30,ACE TECHNOLOGIES INS RENT,,,HIGH,80,,,210189-60-001,7631 NORTHSHORE PLACE,,,,,7631 NSHORE PL,,ACE TECHNOLOGIES INS RENT,72118,,,,210189-60-001,,
Airetech,Y,74014,BROKEN ARROW,,OK,36,1035,US,,,2026-01-09 04:28:06,OK,,,READY,,,BROKEN ARROW,NET 30,ACG MECHANICAL,+19188131528,,HIGH,80,,,,24301 E 96TH STREET SOUTH,,Lee Dameron,,,24301 E 96TH ST S,,ACG MECHANICAL,74014,,,,,LEE DAMERON,
Airetech,Y,74402,MUSKOGEE,,OK,37,1036,US,,,NaT,OK,+19186840541,,READY,,,MUSKOGEE,NET 30,ACME ENGINEERING & MFG CORP,+19186827791,,MEDIUM,70,,,,PO BOX 978,,,,918-684-0541,PO BOX 978,,ACME ENGINEERING AND MFG CORP,74402,,,,,,
Airetech,Y,32401,PANAMA CITY,,FL,38,1037,US,,,2026-01-09 04:28:08,FL,,,READY,,,PANAMA CITY,NET 30,ACRO CONSTRUCTION,+19042192146,,HIGH,80,,,,1700 W 11TH STREET,,Alan Cooper,,,1700 W 11TH ST,,ACRO CONSTRUCTION,32401,,,,,ALAN COOPER,
Airetech,Y,72019,BENTON,Y,AR,39,1038,US,,,2026-01-09 04:28:09,AR,+15016158051,,READY,,,BENTON,NET 30,ACTION ELECTRICAL SERVICES LLC,+15012316204,,HIGH,80,,,,1707 YORKSHIRE DRIVE,,Jackson Moseley,,501-615-8051,1707 YORKSHIRE DR,,ACTION ELECTRICAL SERVICES LLC,72019,,,,,JACKSON MOSELEY,
Airetech,Y,74467,WAGONER,,OK,40,1039,US,,,2026-01-09 04:28:11,OK,+19184850307,,READY,,,WAGONER,NET 30,ACTION HEATING & COOLING LLC,+19184850306,,HIGH,80,,,,415 WEST CHEROKEE,,Nichole,,918-485-0307,415 W CHEROKEE,,ACTION HEATING AND COOLING LLC,74467,,,,,NICHOLE,
Airetech,Y,72923,BARLING,Y,AR,41,1040,US,,,NaT,AR,+14794525931,,READY,,,BARLING,NET 30,ACTION INC,+14794525723,,MEDIUM,70,apclerk@action-mechanical.com,,,APCLERK@ACTION-MECHANICAL.COM,PO BOX 23069,Carla,,479-452-5931,PO BOX 23069,,ACTION INC,72923,,apclerk@action-mechanical.com,,,CARLA,
Airetech,Y,74464,TAHLEQUAH,N,OK,42,1041,US,,,2026-01-09 04:28:13,OK,+19184564903,,READY,,,TAHLEQUAH,NET 30,ADAMS AIR HEAT & REFRIGERATION,+19184561429,,HIGH,80,,,467467,13775 HIGHWAY 62,,,,918-456-4903,13775 HWY 62,,ADAMS AIR HEAT AND REFRIGERATION,74464,,,,467467,,
Airetech,Y,72855,PARIS,,AR,43,1042,US,,,NaT,AR,+14799633045,,READY,,,PARIS,NET 30,ADAMS PLUMBING & ELECTRIC CO INC,+14799633255,,MEDIUM,70,,,,206 WEST MAIN,PO BOX 388,Stephen Adams,,479-963-3045,PO BOX 388,206 W MAIN,ADAMS PLUMBING AND ELECTRIC CO INC,72855,,,,,STEPHEN ADAMS,
Airetech,Y,30107,BALL GROUND,,GA,44,1043,US,,,NaT,GA,,,READY,,,BALL GROUND,NET 30,ADVANCED RETAIL SOLUTIONS,+18557323676,,HIGH,100,,,,1431 AIRPORT DRIVE,,,,,1431 AIRPORT DR,,ADVANCED RETAIL SOLUTIONS,30107,,,,,,
Airetech,Y,72762,SPRINGDALE,Y,AR,45,1044,US,,,2026-01-09 04:28:17,,,,READY,,,,NET 30,ADVANTAGE AIR & SERVICE,+14793618647,,HIGH,80,,,122763-05-001,228 S 40TH STREET,SPRINGDALE AR,Nicole Gray,,,228 S 40TH ST,,ADVANTAGE AIR & SERVICE,72762,,,,122763-05-001,NICOLE GRAY,
Airetech,Y,72114,NORTH LITTLE ROCK,N,AR,46,1045,US,,,2026-01-09 04:28:18,AR,+15017583583,,READY,,,NORTH LITTLE ROCK,NET 30,ADVANTAGE SERVICE,+15017582404,,HIGH,80,,,032687-60-001,1797 CYPRESS ST,,,,501-758-3583,1797 CYPRESS ST,,ADVANTAGE SERVICE,72114,,,,032687-60-001,,
Airetech,Y,74146,TULSA,N,OK,47,1046,US,,,2026-01-09 04:28:20,OK,+19182545412,,READY,,,TULSA,NET 30,AETHER DBS LLC,+19182506601,,HIGH,80,ap@aetherdbs.com,,OK,EMAIL: AP@AETHERDBS.COM,10810 E 45TH STREET #202,,,918-254-5412,10810 E 45TH ST #202,,AETHER DBS LLC,74146,,ap@aetherdbs.com,,OK,,
Airetech,Y,74012,BROKEN ARROW,N,OK,48,1047,US,,,2026-01-09 04:28:22,OK,+19182589276,,READY,,,BROKEN ARROW,NET 30,AIR ASSURANCE,+19182582665,,HIGH,80,,,894927,1301 SW EXPRESSWAY DR,,Accounts Payable,,918-258-9276,1301 SW EXPRESSWAY DR,,AIR ASSURANCE,74012,,,,894927,ACCOUNTS PAYABLE,
Airetech,Y,74012,BROKEN ARROW,Y,OK,49,1048,US,,,2026-01-09 04:28:24,OK,,,READY,,,BROKEN ARROW,NET 30,AIR CLEANING TECHNOLOGIES,+19182518000,,HIGH,80,,,987611136,1300 WEST DETROIT,,Accounts Payables,,,1300 W DETROIT,,AIR CLEANING TECHNOLOGIES,74012,,,,987611136,ACCOUNTS PAYABLES,
Airetech,Y,74107,TULSA,Y,OK,90,1089,US,,,2026-01-09 04:29:24,OK,,,READY,,,TULSA,NET 30,ALLIED REFRIGERATION,+19185827121,,HIGH,80,,,66367,1525 W 36TH PL,,,,,1525 W 36TH PL,,ALLIED REFRIGERATION,74107,,,,66367,,
Airetech,Y,74037,JENKS,Y,OK,50,1049,US,,,2026-01-09 04:28:26,OK,+19182999491,,READY,,,JENKS,NET 30,AIR COMFORT INC,+19182999401,,HIGH,80,,,730739626,,517 WEST H STREET,Debby/Cathy/Wanda,,918-299-9491,517 W H ST,,AIR COMFORT INC,74037,,,,730739626,DEBBY/CATHY/WANDA,
Airetech,Y,38133,BARTLETT,Y,TN,51,1050,US,STE 110,,2026-01-09 04:28:27,TN,+19013827940,,READY,,,BARTLETT,NET 30,AIR COMPONENTS INC,+19013821884,,HIGH,80,,,11391276001,3150 STAGE POST DR,SUITE 110,,,901-382-7940,3150 STAGE POST DR,,AIR COMPONENTS INC,38133,,,,11391276001,,
Airetech,Y,38133,BARTLETT,Y,TN,52,1051,US,STE 110,,2026-01-09 04:28:29,TN,,,READY,,,BARTLETT,NET 30,AIR COMPONENTS INC COMMISSION,+19013821884,,HIGH,80,,,EXEMPT COMM,3150 STAGE POST DR,SUITE 110,,,,3150 STAGE POST DR,,AIR COMPONENTS INC COMMISSION,38133,,,,EXEMPT COMM,,
Airetech,Y,71909,HOT SPRINGS VILLAGE,,AR,53,1052,US,,,NaT,AR,,,READY,,,HOT SPRINGS VILLAGE,NET 30,AIR CONTROL LLC,+15019841183,,HIGH,100,,,,4 ALMENARA LANE,,Cheri Wheeler,,,4 ALMENARA LN,,AIR CONTROL LLC,71909,,,,,CHERI WHEELER,
Airetech,Y,74107,TULSA,,OK,54,1053,US,,,2026-01-09 04:28:32,OK,,,READY,,,TULSA,NET 30,AIR DUCT INC,+19184451196,,HIGH,80,,,,4434 SOUTH JACKSON,,Shirley,,,4434 S JACKSON,,AIR DUCT INC,74107,,,,,SHIRLEY,
Airetech,Y,74145,TULSA,Y,OK,55,1054,US,STE 7102,,2026-01-09 04:28:34,OK,,,READY,,,"TULSA,",NET 30,AIR MASTERS INC OK,+19182997287,,HIGH,80,contact@airmastersinc.net,,,CONTACT@AIRMASTERSINC.NET,7101 E 38TH ST SUITE 7102,,,,7101 E 38TH ST,,AIR MASTERS INC OK,74145,,contact@airmastersinc.net,,,,
Airetech,Y,72917,FORT SMITH,N,AR,56,1055,US,,,NaT,,+14796465457,,READY,,,AIRPRO.GUYMON@GMAIL.COM,NET 30,AIR PRO HEATING & AIR COND INC,+14796469699,,MEDIUM,40,airpro.guymon@gmail.com,,,PO BOX 11527,PO BOX 11527,Leisa Walker,,479-646-5457,PO BOX 11527,,AIR PRO HEATING AND AIR COND INC,72917,,AIRPRO.GUYMON@GMAIL.COM,,,LEISA WALKER,
Airetech,Y,73401,ARDMORE,N,OK,57,1056,US,,,NaT,OK,,,READY,,,ARDMORE,NET 30,AIR SOLUTIONS,+15802229283,,HIGH,100,,,,704 AKRON DR,,Eric Burkhart,,,704 AKRON DR,,AIR SOLUTIONS,73401,,,,,ERIC BURKHART,
Airetech,Y,74008,BIXBY,,OK,58,1057,US,,,2026-01-09 04:28:37,OK,,,READY,,,BIXBY,NET 30,AIR TECH SERVICES,+19188557741,,HIGH,80,,,,14869 S 68TH E AVENUE,,Larry,,,14869 S 68TH E AVE,,AIR TECH SERVICES,74008,,,,,LARRY,
Airetech,Y,72764,SPRINGDALE,N,AR,59,1058,US,,,2026-01-09 04:28:39,AR,,,READY,,,SPRINGDALE,NET 30,AIR TEMP MECNANICAL,+14793618153,,HIGH,80,,,12198187-001,1215-B ESI DRIVE,,,,,1215-B ESI DR,,AIR TEMP MECNANICAL,72764,,,,12198187-001,,
Airetech,Y,72765,SPRINGDALE,N,AR,60,1059,US,,,NaT,AR,+14799274265,,READY,,,SPRINGDALE,NET 30,AIR WORKS INC,+14797517411,,MEDIUM,70,,,039822-72-002,PO BOX 1760,,Dale Boatright,,479-927-4265,PO BOX 1760,,AIR WORKS INC,72765,,,,039822-72-002,DALE BOATRIGHT,
Airetech,Y,74146,TULSA,Y,OK,61,1060,US,,,2026-01-09 04:28:40,OK,+19182506693,,READY,,,TULSA,NET 30,AIRCO SERVICE,+19182525666,,HIGH,80,,,,,11331 E 58TH STREET,Accounts Payables,,918-250-6693,11331 E 58TH ST,,AIRCO SERVICE                    OK,74146,,,,,ACCOUNTS PAYABLES,
Airetech,Y,72227,LITTLE ROCK,,AR,62,1061,US,STE 109,,2026-01-09 04:28:42,AR,+15013764493,,READY,,,LITTLE ROCK,NET 30,AIRCON EXPERTS INC,+15013767154,,HIGH,80,,,,2724 FOXCROFT ROAD,SUITE #109,Jim Monk,,501-376-4493,2724 FOXCROFT RD,,AIRCON EXPERTS INC,72227,,,,,JIM MONK,
Airetech,Y,75503,TEXARKANA,,TX,63,1062,US,STE B,,2026-01-09 04:28:44,TX,+19037921015,,READY,,,TEXARKANA,NET 30,AIRE ONE SERVICES I INC,+19037920977,,HIGH,80,,,,4507 WILLOW BEND STREET,SUITE B,Patty Whitehead,,903-792-1015,4507 WILLOW BEND ST,,AIRE ONE SERVICES I INC,75503,,,,,PATTY WHITEHEAD,
Airetech,Y,72118,NORTH LITTLE ROCK,Y,AR,64,1063,US,,,2026-01-09 04:28:45,AR,,,READY,,,NORTH LITTLE ROCK,NET 30,AIRETECH PROPERTIES,,,HIGH,80,,,,***NOT FOR INTERNAL BILLING***,7636 NORTHSHORE PLACE,Jessica Maldonado,,,7636 NSHORE PL,,AIRETECH PROPERTIES,72118,,,,,JESSICA MALDONADO,
Airetech,Y,71901,HOT SPRINGS,N,AR,65,1064,US,,,2026-01-09 04:28:47,AR,+15016253170,,READY,,,HOT SPRINGS,NET 30,AIRFX INC,+15016253900,,HIGH,80,,,69814076-SLS,340 PARK AVE,,Cynia Morgan,,501-625-3170,340 PARK AVE,,AIRFX INC,71901,,,,69814076-SLS,CYNIA MORGAN,
Airetech,Y,72712,BENTONVILLE,,AR,66,1065,US,,,2026-01-09 04:28:49,AR,,,READY,,,BENTONVILLE,NET 30,AIRMEN HVAC,+14799250961,,HIGH,80,,,,14051 MARIANO ROAD,,Scott Wood,,,14051 MARIANO RD,,AIRMEN HVAC,72712,,,,,SCOTT WOOD,
Airetech,Y,74074,STILLWATER,Y,OK,67,1066,US,,,2026-01-09 04:28:50,OK,,,READY,,,STILLWATER,NET 30,AIRO HEATING & COOLING,+14053773910,,HIGH,80,ap@airohvac.com,,,AP@AIROHVAC.COM,3518 S BOOMER ROAD,Jeremy Day,,,3518 S BOOMER RD,,AIRO HEATING AND COOLING,74074,,ap@airohvac.com,,,JEREMY DAY,
Airetech,Y,70835,BATON ROUGE,,LA,68,1067,US,,,NaT,LA,+12252756555,,READY,,,BATON ROUGE,NET 30,AIRSIDE EQUIPMENT INC,+12252756930,,MEDIUM,70,,,,PO BOX 40014,,Anita Graves,,225-275-6555,PO BOX 40014,,AIRSIDE EQUIPMENT INC,70835,,,,,ANITA GRAVES,
Airetech,Y,72712,BENTONVILLE,N,AR,69,1068,US,,,NaT,AR,+14794195894,,READY,,,"BENTONVILLE,",NET 30,AIRTECH HEATING & AIR COND,+14795828788,,HIGH,100,ap@airtechnwa.com,,74164915-SLS,AP@AIRTECHNWA.COM,"12912 GRANT PLACE, STE 100",Jake Knoedl,,479-419-5894,12912 GRANT PL STE 100,,AIRTECH HEATING AND AIR COND,72712,,ap@airtechnwa.com,,74164915-SLS,JAKE KNOEDL,
Airetech,Y,72701,FAYETTEVILLE,N,AR,70,1069,US,,,2026-01-09 04:28:55,AR,+14799359503,,READY,,,FAYETTEVILLE,NET 30,AIRTECH ORSBURNE INC,+14795828788,,HIGH,80,,,266713-72-001,2210 S SCHOOL AVE,,Nicholas Fischer,,479-935-9503,2210 S SCHOOL AVE,,AIRTECH ORSBURNE INC DBA,72701,,,,266713-72-001,NICHOLAS FISCHER,
Airetech,Y,,,N,,71,1070,US,,,NaT,,,,REVIEW,,,,NET 30,AIRXCHANGE COMMISSION,,,LOW,20,,,EXEMPT COMM,,,,,,,,AIRXCHANGE COMMISSION,,,,,EXEMPT COMM,,
Airetech,Y,72145,SEARCY,,AR,72,1071,US,,,NaT,AR,+15012687913,,READY,,,SEARCY,NET 30,AK INDUSTRIAL CONTRACTORS INC,+15012687827,,MEDIUM,70,,,,PO BOX 1444,,Myra Spence,,501-268-7913,PO BOX 1444,,AK INDUSTRIAL CONTRACTORS INC,72145,,,,,MYRA SPENCE,
Airetech,Y,72223,LITTLE ROCK,,AR,73,1072,US,,,NaT,AR,,,READY,,,LITTLE ROCK,NET 30,ALAN BENNETT BENNETT'S AT FERNCLIFF,+15019441946,,HIGH,100,,,,1720 FERNCLIFF ROAD,,Alan Bennett,,,1720 FERNCLIFF RD,,ALAN BENNETT BENNETT'S AT FERNCLIFF,72223,,,,,ALAN BENNETT,
Airetech,Y,71753,MAGNOLIA,N,AR,74,1073,US,,,NaT,AR,,,READY,,,MAGNOLIA,NET 30,ALBEMARLE,+18702356133,,HIGH,100,tracy.rabb@albemarle.com,,150976-80-001,TRACY.RABB@ALBEMARLE.COM,2270 HWY 79 SOUTH,Tracy Rabb,,,2270 HWY 79 S,,ALBEMARLE,71753,,tracy.rabb@albemarle.com,,150976-80-001,TRACY RABB,
Airetech,Y,,ROYCE CITY,,TX,75,1074,US,,,NaT,TX,+19726369980,,READY,,,ROYCE CITY,NET 30,ALCATEX INC,+19722260047,,HIGH,75,,,,669 FM 1138,,Shelley Wagner,,972-636-9980,669 FM 1138,,ALCATEX INC,,,,,,SHELLEY WAGNER,
Airetech,Y,72113,NORTH LITTLE ROCK,,AR,76,1075,US,,,2026-01-09 04:29:03,AR,,,READY,,,NORTH LITTLE ROCK,NET 30,ALESSI KEYES,,,HIGH,80,,,,10623 MAUMELLE BLVD,,,,,10623 MAUMELLE BLVD,,ALESSI KEYES,72113,,,,,,
Airetech,Y,75024,PLANO,,TX,77,1076,US,STE 100,,2026-01-09 04:29:05,TX,+19726083703,,READY,,,PLANO,NET 30,ALGIERE CONSTRUCTION SERVICES INC,+19726181100,,HIGH,80,,,,7704 SAN JACINTO PLACE,SUITE 100,Alicia Grills,,972-608-3703,7704 SAN JACINTO PL,,ALGIERE CONSTRUCTION SERVICES INC,75024,,,,,ALICIA GRILLS,
Airetech,Y,72601,HARRISON,N,AR,78,1077,US,,,NaT,AR,+18707410341,,READY,,,HARRISON,NET 30,ALL AMERICAN REFRIGERATION,+18707412653,,HIGH,100,debi.aarhc@gmail.com,,12014085-SLS,DEBI.AARHC@GMAIL.COM,112 W COMMERCIAL AVENUE,Debi Monday,,870-741-0341,112 W COMMERCIAL AVE,,ALL AMERICAN REFRIGERATION,72601,,debi.aarhc@gmail.com,,12014085-SLS,debi monday,
Airetech,Y,72135,ROLAND,,AR,91,1090,US,,,NaT,AR,,,READY,,,ROLAND,NET 30,ALOTIAN CLUB,,,HIGH,100,,,,101 ALOTIAN DRIVE,,Pat,,,101 ALOTIAN DR,,ALOTIAN CLUB,72135,,,,,PAT,
Airetech,Y,72118,NORTH LITTLE ROCK,Y,AR,79,1078,US,,,NaT,AR,+15018513293,,READY,,,NORTH LITTLE ROCK,NET 30,ALL CITY MECHANICAL INV,+15018513236,,HIGH,100,,,168351-60-001,15524 CLINTON ROAD,,,,501-851-3293,15524 CLINTON RD,,ALL CITY MECHANICAL INV,72118,,,,168351-60-001,,
Airetech,Y,35804,HUNTSVILLE,,AL,80,1079,US,,,NaT,AL,,,READY,,,HUNTSVILLE,NET 30,ALL COMFORT HEAT & AIR,,,MEDIUM,70,,,,PO BOX 18817,,,,,PO BOX 18817,,ALL COMFORT HEAT AND AIR,35804,,,,,,
Airetech,Y,74462,STIGLER,,OK,81,1080,US,,,NaT,OK,,,READY,,,STIGLER,NET 30,ALL POINTS CONSTRUCTION,,,HIGH,100,kevinbprentice@gmail.com,,,EMAIL:KEVINBPRENTICE@GMAIL.COM,345 YELLOW ROCK ROAD,Kevin Prentice,,,345 YELLOW ROCK RD,,ALL POINTS CONSTRUCTION,74462,,kevinbprentice@gmail.com,,,KEVIN PRENTICE,
Airetech,Y,74112,TULSA,,OK,82,1081,US,,,2026-01-09 04:29:13,OK,,,READY,,,TULSA,NET 30,ALL PRO SERVICE,+19189334477,,HIGH,80,,,,1180 S 79TH E AVENUE,,Shawn Wright,,,1180 S 79TH E AVE,,ALL PRO SERVICE,74112,,,,,SHAWN WRIGHT,
Airetech,Y,75021,DENISON,,TX,83,1082,US,,,NaT,TX,,,READY,,,DENISON,NET 30,ALL SEASON CO,+19038219014,,HIGH,100,,,,5085 W HWY 84,,Jeremey,,,5085 W HWY 84,,ALL SEASON CO,75021,,,,,JEREMEY,
Airetech,Y,72076,JACKSONVILLE,,AR,84,1083,US,,,NaT,AR,,,READY,,,JACKSONVILLE,NET 30,ALL SEASONS HEATING & COOLING,+15015175099,,HIGH,100,,,,46 NORTH VALLEY DRIVE,,Mike,,,46 N VALLEY DR,,ALL SEASONS HEATING AND COOLING,72076,,,,,MIKE,
Airetech,Y,72756,ROGERS,Y,AR,85,1084,US,,,2026-01-09 04:29:18,AR,,,READY,,,ROGERS,NET 30,ALL WEATHER AIR SERVICE,+14796361369,,HIGH,80,,,,12020 GREENBRIAR LANE,,Brian,,,12020 GREENBRIAR LN,,ALL WEATHER AIR SERVICE,72756,,,,,BRIAN,
Airetech,Y,71901,HOT SPRINGS,,AR,86,1085,US,,,2026-01-09 04:29:20,AR,+15012628192,,READY,,,HOT SPRINGS,NET 30,ALLIANCE RUBBER,+15012628117,,HIGH,80,,,,210 CARPENTER DAM ROAD,,Kathleen Stoddard,,501-262-8192,210 CARPENTER DAM RD,,ALLIANCE RUBBER,71901,,,,,KATHLEEN STODDARD,
Airetech,Y,72113,MAUMELLE,N,AR,87,1086,US,,,NaT,AR,+15012214356,,READY,,,"MAUMELLE,",NET 30,ALLIANCE TECHNOLOGIES INC,+15012214343,,MEDIUM,70,lakita@alliancear.com,,,LAKITA@ALLIANCEAR.COM,PO BOX 13467,Dorothy Hill,,501-221-4356,PO BOX 13467,,ALLIANCE TECHNOLOGIES INC,72113,,lakita@alliancear.com,,,DOROTHY HILL,
Airetech,Y,72770,TONTITOWN,Y,AR,88,1087,US,,,NaT,AR,+14794195894,,READY,,,TONTITOWN,NET 30,ALLIED PLUMBING HEATING & AIR,+14794195608,,MEDIUM,70,,,69365248-001,PO BOX 564,,Heather,,479-419-5894,PO BOX 564,,ALLIED PLUMBING HEATING AND AIR,72770,,,,69365248-001,HEATHER,
Airetech,Y,74112,TULSA,,OK,89,1088,US,,,2026-01-09 04:29:22,OK,+191874486,,READY,,,TULSA,NET 30,ALLIED PLUMBING SERVICE,+19187441000,,HIGH,80,jamie@headrickinc.com,,,EMAIL JAMIE@HEADRICKINC.COM,1407 S HARVARD AVE,Jamie Headrick,,918--74-4-86,1407 S HARVARD AVE,,ALLIED PLUMBING SERVICE,74112,,jamie@headrickinc.com,,,JAMIE HEADRICK,
Airetech,Y,74123,TULSA,,OK,108,1107,US,,,2026-01-09 04:29:46,OK,,,READY,,,TULSA,NET 30,APEX PLUMBING,,,HIGH,80,,,,1111 E ARCHER,,,,,1111 E ARCHER,,APEX PLUMBING,74123,,,,,,
Airetech,Y,72206,LITTLE ROCK,,AR,92,1091,US,,,NaT,AR,,,READY,,,LITTLE ROCK,NET 30,ALUCHEM OF LITTLE ROCK LLC,+15014869106,,HIGH,100,,,,10500 ARCH STREET PICK,,Randy Mauzy,,,10500 ARCH ST PICK,,ALUCHEM OF LITTLE ROCK LLC,72206,,,,,RANDY MAUZY,
Airetech,Y,72766,SPRINGDALE,N,AR,93,1092,US,,,NaT,AR,+14798720423,,READY,,,SPRINGDALE,NET 30,AMERICAN AC MECHANICAL,+14798720361,,MEDIUM,70,invoices@aamcinc.com,,240842-72-001,EMAIL:INVOICES@AAMCINC.COM,PO BOX 6145,Accounts Payable,,479-872-0423,PO BOX 6145,,AMERICAN AC MECHANICAL,72766,,invoices@aamcinc.com,,240842-72-001,ACCOUNTS PAYABLE,
Airetech,Y,74012,BROKEN ARROW,,OK,94,1093,US,,,2026-01-09 04:29:29,OK,,,READY,,,BROKEN ARROW,NET 30,AMERICAN AIR CONDITIONING,+19182584535,,HIGH,80,,,818793,601 NORTH WALNUT,,Susan Hickson,,,601 N WALNUT,,AMERICAN AIR CONDITIONING TULSA,74012,,,,818793,SUSAN HICKSON,
Airetech,Y,75261,DFW AIRPORT,N,TX,95,1094,US,,,NaT,TX,,,READY,,,DFW AIRPORT,NET 30,AMERICAN AIRLINES,+19182543932,,HIGH,100,ipayables.invoice@aa.com,,STS-10189271-,EMAIL:ipayables.invoice@aa.com,4151 AMON CARTER BLVD,Accounts Payable,,,4151 AMON CARTER BLVD,,AMERICAN AIRLINES,75261,,ipayables.invoice@aa.com,,STS-10189271-,ACCOUNTS PAYABLE,
Airetech,Y,72956,VAN BUREN,,AR,96,1095,US,,,2026-01-09 04:29:32,AR,,,READY,,,VAN BUREN,NET 30,AMERICAN ENERGY GUARD,+14794744604,,HIGH,80,,,,1810 S 28TH STREET,,,,,1810 S 28TH ST,,AMERICAN ENERGY GUARD,72956,,,,,,
Airetech,Y,72032,CONWAY,,AR,392,1398,US,,,2026-01-09 04:35:46,AR,,,READY,,,CONWAY,NET 30,DEAN HOOVER,+15013542526,,HIGH,80,,,,4730 BAY HILL,,,,,4730 BAY HILL,,DEAN HOOVER,72032,,,,,,
Airetech,Y,72113,NORTH LITTLE ROCK,,AR,97,1096,US,,,2026-01-09 04:29:33,AR,,,READY,,,NORTH LITTLE ROCK,NET 30,AMERICAN FIRE PROTECTION GROUP,+15017570354,,HIGH,80,,,,11121 RICHARDSON DR,,Jeremy Rickards,,,11121 RICHARDSON DR,,AMERICAN FIRE PROTECTION GROUP,72113,,,,,JEREMY RICKARDS,
Airetech,Y,72033,CONWAY,N,AR,98,1097,US,,,NaT,AR,+15013299119,,READY,,,CONWAY,NET 30,AMERICAN HVAC,+15018374716,,MEDIUM,70,,,224631-23-001,PO BOX 725,,Gary Kerr,,501-329-9119,PO BOX 725,,AMERICAN HVAC,72033,,,,224631-23-001,GARY KERR,
Airetech,Y,74158-1000,TULSA,,OK,99,1098,US,,,NaT,OK,,,READY,,,TULSA,NET 30,AMERICSTAR FENDING PROD,+19188350898,,MEDIUM,70,,,122276,PO BOX 581000,,,,,PO BOX 581000,,AMERICSTAR FENDING PROD,74158-1000,,,,122276,,
Airetech,Y,72756,ROGERS,N,AR,100,1099,US,,,2026-01-09 04:29:35,AR,+15016365604,,READY,,,ROGERS,NET 30,AMO ELECTRIC,+15016364190,,HIGH,80,,,238208-78-003,2214 SOUTH 8TH,,,,501-636-5604,2214 S 8TH,,AMO ELECTRIC,72756,,,,238208-78-003,,
Airetech,Y,72906,FORT SMITH,,AR,101,1100,US,,,NaT,AR,,,READY,,,FORT SMITH,NET 30,AMP CONTROL INC,,,MEDIUM,70,,,,PO BOX 6059,,,,,PO BOX 6059,,AMP CONTROL INC,72906,,,,,,
Airetech,Y,72202,LITTLE ROCK,,AR,102,1101,US,,,2026-01-09 04:29:37,AR,+15013244111,,READY,,,LITTLE ROCK,NET 30,AMR CONSTRUCTION LLC,+15013243111,,HIGH,80,,,,1711 E 14TH STREET,,Manly Roberts,,501-324-4111,1711 E 14TH ST,,AMR CONSTRUCTION LLC,72202,,,,,MANLY ROBERTS,
Airetech,Y,74101,TULSA,,OK,103,1102,US,,,2026-01-09 04:29:39,OK,+19187437600,,READY,,,TULSA,NET 30,AMSCO SUPPLY,+19187439100,,HIGH,80,ap@amscosupply.net,,,AP@AMSCOSUPPLY.NET,2021 S LEWIS AVE #400,Marilynn Tibbs,,918-743-7600,2021 S LEWIS AVE #400,,AMSCO SUPPLY,74101,,ap@amscosupply.net,,,MARILYNN TIBBS,
Airetech,Y,72764,SPRINGDALE,Y,AR,104,1103,US,,,NaT,AR,+14797516607,,READY,,,SPRINGDALE,NET 30,ANDERSON HA,+14797516210,,HIGH,100,accountspayable@andersonair.co,,045878-72-001,ACCOUNTSPAYABLE@ANDERSONAIR.CO,3422 WEST MCRAY AVENUE,,,479-751-6607,3422 W MCRAY AVE,,ANDERSON HA SPRINGDALE,72764,,accountspayable@andersonair.co,,045878-72-001,,
Airetech,Y,74145,TULSA,Y,OK,105,1104,US,,,2026-01-09 04:29:42,OK,+19186639837,,READY,,,TULSA,NET 30,ANDERSON MECHANICAL,+19186272683,,HIGH,80,,,,7902 E 40TH STREET,,Linda Mccormick,,918-663-9837,7902 E 40TH ST,,ANDERSON MECHANICAL OK,74145,,,,,LINDA MCCORMICK,
Airetech,Y,71731-1877,EL DORADO,N,AR,106,1105,US,,,NaT,AR,+18708630809,,READY,,,EL DORADO,NET 30,ANTHONY FOREST PRODUCTS COMPANY,+18708623414,,MEDIUM,70,,,040114-70-001,PO BOX 1877,,,,870-863-0809,PO BOX 1877,,ANTHONY FOREST PRODUCTS COMPANY,71731-1877,,,,040114-70-001,,
Airetech,Y,72160,STUTTGART,N,AR,107,1106,US,,,2026-01-09 04:29:44,AR,+18706738505,,READY,,,STUTTGART,NET 30,AP FABRICATIONS LLC,+18706738504,,HIGH,80,,,00296432-SLS,801 EAST 2ND STREET,,Jessica Sowell,,870-673-8505,801 E 2ND ST,,AP FABRICATIONS LLC,72160,,,,00296432-SLS,JESSICA SOWELL,
Airetech,Y,72210,LITTLE ROCK,,AR,109,1108,US,,,NaT,AR,,,READY,,,LITTLE ROCK,NET 30,APPLETREE CONSTRUCTION,+15019510218,,HIGH,100,,,,1313 HOLLAND LAND,,Gordon Pendergraft,,,1313 HOLLAND LAND,,APPLETREE CONSTRUCTION,72210,,,,,GORDON PENDERGRAFT,
Airetech,Y,74145,TULSA,,OK,110,1109,US,STE 202,,2026-01-09 04:29:51,OK,+19187942993,,READY,,,TULSA,NET 30,APPLIED EQUIPMENT SALES INC,+19186932542,,HIGH,80,,,STS-10012580-,5401 S SHERIDAN ROAD,SUITE 202,Kelly Coday,,918-794-2993,5401 S SHERIDAN RD,,APPLIED EQUIPMENT SALES INC,74145,,,,STS-10012580-,KELLY CODAY,
Airetech,Y,44101,CLEVELAND,Y,OH,111,1110,US,ID #21641346,,NaT,OH,+14405723330,,READY,,,CLEVELAND,NET 30,APPLIED INDUSTRIAL TECHNOLOGIES,+12164264550,,MEDIUM,70,,,019267-78-001,PO BOX 93018,ID#21641346,,,440-572-3330,PO BOX 93018,,APPLIED INDUSTRIAL TECHNOLOGIES,44101,,,,019267-78-001,,
Airetech,Y,72203,LITTLE ROCK,N,AR,112,1111,US,,,NaT,AR,+15015628874,,READY,,,LITTLE ROCK,NET 30,APPLIED SUPPLY INC,+15015626180,,MEDIUM,70,,,037161-78-001,PO BOX 1366,,Tammy Romero,,501-562-8874,PO BOX 1366,,APPLIED SUPPLY INC,72203,,,,037161-78-001,TAMMY ROMERO,
Airetech,Y,72201,LITTLE ROCK,,AR,113,1112,US,5TH FL - BIG MAC,,2026-01-09 04:29:53,AR,,,READY,,,LITTLE ROCK,NET 30,AR BUREAU OF LEGISLATIVE RESEARCH,+1501683022,,HIGH,80,,,,1 CAPITOL MALL,5TH FLOOR - BIG MAC,Lawrence Loe,,,1 CAPITOL MALL,,AR BUREAU OF LEGISLATIVE RESEARCH,72201,,,,,LAWRENCE LOE,
Airetech,Y,74363,QUAPAW,,OK,422,1428,US,,,NaT,OK,,,READY,,,QUAPAW,NET 30,DOWNSTREAM CASINO,,,MEDIUM,70,,,,PO BOX 765,,Diana Reeves,,,PO BOX 765,,DOWNSTREAM CASINO,74363,,,,,DIANA REEVES,
Airetech,Y,72765,SPRINGDALE,N,AR,114,1113,US,,,NaT,AR,+14798720889,,READY,,,SPRINGDALE,NET 30,ARACREBS 1 DBA AR AC & REFRIG,+14796367490,,MEDIUM,70,,,82935324-SLS,PO BOX 1670,,,,479-872-0889,PO BOX 1670,,ARACREBS 1 DBA AR AC AND REFRIG,72765,,,,82935324-SLS,,
Airetech,Y,74147,TULSA,N,OK,115,1114,US,,,NaT,OK,,,READY,,,TULSA,NET 30,ARCTIC REFRIGERATION,+19185930860,,MEDIUM,70,jasone@arokla.com,,,JASONE@AROKLA.COM,PO BOX 970626,Jason Ervin,,,PO BOX 970626,,ARCTIC REFRIGERATION,74147,,jasone@arokla.com,,,JASON ERVIN,
Airetech,Y,,,N,,116,1115,US,,,NaT,,,,REVIEW,,,,,ARIZON COMPANIES COMMISSION,,,LOW,20,,,EXEMPT COMM,,,,,,,,ARIZON COMPANIES COMMISSION,,,,,EXEMPT COMM,,
Airetech,Y,72765,SPRINGDALE,,AR,117,1116,US,,,NaT,AR,+14798720889,,READY,,,SPRINGDALE,NET 30,ARKANSAS AIR COND & REFRIG,+14798720881,,MEDIUM,70,,,,PO BOX 1670,,,,479-872-0889,PO BOX 1670,,ARKANSAS AIR COND AND REFRIG,72765,,,,,,
Airetech,Y,72078,JACKSONVILLE,Y,AR,118,1117,US,,,NaT,AR,,,READY,,,JACKSONVILLE,NET 30,ARKANSAS AIR FLOW INC,+15018351973,,MEDIUM,70,,,,PO BOX 8066,,Kelly,,,PO BOX 8066,,ARKANSAS AIR FLOW INC,72078,,,,,KELLY,
Airetech,Y,23005,ASHLAND,,VA,119,1118,US,,,NaT,VA,,,READY,,,ASHLAND,NET 30,ARKANSAS AUTOMATIC SPRINKLER,+18044592220,,HIGH,100,,,,10343-B KING ACRES ROAD,,,,,10343-B KING ACRES RD,,ARKANSAS AUTOMATIC SPRINKLER,23005,,,,,,
Airetech,Y,72201,LITTLE ROCK,,AR,120,1119,US,STE 101N,,2026-01-09 04:29:58,AR,,,READY,,,LITTLE ROCK,NET 30,ARKANSAS BUILDING AUTHORITY,+16825558,,HIGH,80,,,,501 WOODLANE,SUITE 101N,,,,501 WOODLANE,,ARKANSAS BUILDING AUTHORITY,72201,,,,,,
Airetech,Y,72202,LITTLE ROCK,N,AR,121,1120,US,,,2026-01-09 04:29:59,AR,,,READY,,,LITTLE ROCK,NET 30,ARKANSAS CHILDRENS HOSPITAL,+15013202564,,HIGH,80,accountspayable-ach@archildren,,070041-84-001,ACCOUNTSPAYABLE-ACH@ARCHILDREN,#1 CHILDREN'S WAY,,,,1 CHILDREN'S WAY,,ARKANSAS CHILDRENS HOSPITAL,72202,,accountspayable-ach@archildren,,070041-84-001,,
Airetech,Y,72916,FORT SMITH,Y,AR,122,1121,US,,,NaT,,+14793082266,,READY,,,,NET 30,ARKANSAS COLLEGES OF HEALTH EDU,+14793082243,,MEDIUM,70,,,,PO BOX 10366,FORT SMITH AR,Cathy Mancuso,,479-308-2266,PO BOX 10366,,ARKANSAS COLLEGES OF HEALTH EDU,72916,,,,,CATHY MANCUSO,
Airetech,Y,71611,PINE BLUFF,,AR,123,1122,US,,,NaT,AR,+18708508488,,READY,,,PINE BLUFF,NET 30,ARKANSAS DEPT OF CORRECTION,+18708508511,,MEDIUM,70,,,,PO BOX 6408,,,,870-850-8488,PO BOX 6408,,ARKANSAS DEPT OF CORRECTION,71611,,,,,,
Airetech,Y,72205,LITTLE ROCK,,AR,124,1123,US,SLOT 28,,2026-01-09 04:30:01,AR,+15012804535,,READY,,,LITTLE ROCK,NET 30,ARKANSAS DEPT OF HEALTH,+15012804550,,HIGH,80,,,,4815 W MARKHAM,SLOT 28,,,501-280-4535,4815 W MARKHAM,,ARKANSAS DEPT OF HEALTH,72205,,,,,,
Airetech,Y,72209,LITTLE ROCK,,AR,135,1134,US,,,2026-01-09 04:30:14,AR,,,READY,,,LITTLE ROCK,NET 30,ARMATURE SERVICE COMPANY,,,HIGH,80,,,,4620 WEST 61ST STREET,,Edwin Hairston,,,4620 W 61ST ST,,ARMATURE SERVICE COMPANY,72209,,,,,EDWIN HAIRSTON,
Airetech,Y,72201,LITTLE ROCK,,AR,125,1124,US,ROOM 4A-900,,2026-01-09 04:30:03,AR,,,READY,,,LITTLE ROCK,NET 30,ARKANSAS DEPT OF PARKS & TOURISM,+15016821169,,HIGH,80,,,,1 CAPITOL MALL,ACCOUNTS PAYABLE ROOM 4A-900,,,,1 CAPITOL MALL,,ARKANSAS DEPT OF PARKS AND TOURISM,72201,,,,,,
Airetech,Y,72201,LITTLE ROCK,N,AR,126,1125,US,STE 230C,,2026-01-09 04:30:04,AR,,,READY,,,LITTLE ROCK,NET 30,ARKANSAS DEPT OF VETERAN AFFAIRS,,,HIGH,80,,,00070160-002,501 WOODLANE DR,SUITE 230C,,,,501 WOODLANE DR,,ARKANSAS DEPT OF VETERAN AFFAIRS,72201,,,,00070160-002,,
Airetech,Y,72118,NORTH LITTLE ROCK,N,AR,127,1126,US,,,2026-01-09 04:30:06,AR,+15018345837,,READY,,,"NORTH LITTLE ROCK,",NET 30,ARKANSAS FILTER,+15018356387,,HIGH,80,,,00005332-SLS,3809 MACARTHUR DRIVE,,,,501-834-5837,3809 MACARTHUR DR,,ARKANSAS FILTER,72118,,,,00005332-SLS,,
Airetech,Y,72202,LITTLE ROCK,,AR,128,1127,US,STE 111,,2026-01-09 04:30:07,AR,,,READY,,,LITTLE ROCK,NET 30,ARKANSAS FITNESS & ATHLETICS LLC,+15014252463,,HIGH,80,,,,2400 CANTRELL ROAD,SUITE 111,Jim Eckhart,,,2400 CANTRELL RD,,ARKANSAS FITNESS & ATHLETICS LLC,72202,,,,,JIM ECKHART,
Airetech,Y,72801,RUSSELLVILLE,N,AR,129,1128,US,,,2026-01-09 04:30:09,AR,+14794980288,,READY,,,RUSSELLVILLE,NET 30,ARKANSAS RIVER VALLEY HEATING & A,+14799644004,,HIGH,80,,,46-3592742,707 E 4TH STREET,,Tony Resinger,,479-498-0288,707 E 4TH ST,,ARKANSAS RIVER VALLEY HEATING AND A,72801,,,,46-3592742,TONY RESINGER,
Airetech,Y,72135,ROLAND,,AR,712,1719,US,,,NaT,AR,,,READY,,,ROLAND,NET 30,JOE GRANT,,,HIGH,100,,,,11409 BARRETT ROAD,,Joe Grant,,,11409 BARRETT RD,,JOE GRANT,72135,,,,,JOE GRANT,
Airetech,Y,72467,STATE UNIVERSITY,,AR,130,1129,US,ASU - JONESBORO,,NaT,AR,+18709723834,,READY,,,STATE UNIVERSITY,NET 30,ARKANSAS STATE UNIV JONESBORO,+18709722028,,MEDIUM,70,,,,PO BOX 850,ASU - JONESBORO,,,870-972-3834,PO BOX 850,,ARKANSAS STATE UNIV JONESBORO,72467,,,,,,
Airetech,Y,72012,BEEBE,,AR,131,1130,US,,,NaT,AR,,,READY,,,BEEBE,NET 30,ARKANSAS STATE UNIVERISTY BEEBE,+15018824524,,MEDIUM,70,pjbrackett@asub.edu,,,EMAIL:PJBRACKETT@ASUB.EDU,PO BOX 1000,Pat Brackett,,,PO BOX 1000,,ARKANSAS STATE UNIVERISTY BEEBE,72012,,pjbrackett@asub.edu,,,PAT BRACKETT,
Airetech,Y,72118,NORTH LITTLE ROCK,,AR,132,1131,US,,,2026-01-09 04:30:10,AR,+15017488173,,READY,,,NORTH LITTLE ROCK,NET 30,ARKANSAS SURGICAL HOSPITAL,+15017488074,,HIGH,80,,,,5201 NORTHSHORE DRIVE,,,,501-748-8173,5201 NSHORE DR,,ARKANSAS SURGICAL HOSPITAL,72118,,,,,,
Airetech,Y,72801,RUSSELLVILLE,,AR,133,1132,US,ROOM 302,,2026-01-09 04:30:12,AR,,,READY,,,RUSSELLVILLE,NET 30,ARKANSAS TECH UNIVERSITY,+15019680269,,HIGH,80,,,,1505 N BOULDER AVE,ROOM 302,Accounts Payable,,,1505 N BOULDER AVE,,ARKANSAS TECH UNIVERSITY,72801,,,,,ACCOUNTS PAYABLE,
Airetech,Y,72943,MAGAZINE,N,AR,134,1133,US,,,NaT,AR,+14799696105,,READY,,,MAGAZINE,NET 30,ARKLAHOMA INDUSTRIAL REFRIG INC,+14799696108,,MEDIUM,70,,,298079-42-001,PO BOX 189,,Michael Smith,,479-969-6105,PO BOX 189,,ARKLAHOMA INDUSTRIAL REFRIG INC,72943,,,,298079-42-001,MICHAEL SMITH,
Airetech,Y,74364,ROSE,,OK,719,1726,US,,,NaT,OK,,,READY,,,ROSE,NET 30,JOHN RATCHFORD,+19186981988,,HIGH,100,,,,2888 E 548 ROAD,,,,,2888 E 548 RD,,JOHN RATCHFORD,74364,,,,,,
Airetech,Y,72701,FAYETTEVILLE,Y,AR,136,1135,US,,,2026-01-09 04:30:15,AR,+14794446630,,READY,,,"FAYETTEVILLE,",NET 30,ARMI CONTRACTORS,+14794436506,,HIGH,80,,,286567-72-001,2575 S ARMSTRONG AVE,,,,479-444-6630,2575 S ARMSTRONG AVE,,ARMI CONTRACTORS,72701,,,,286567-72-001,,
Airetech,Y,72764,SPRINGDALE,Y,AR,137,1136,US,,,2026-01-09 04:30:17,AR,,,READY,,,"SPRINGDALE,",NET 30,ARMOR HEATING & AIR,+14793724134,,HIGH,80,invoices@armorheatingandair.com,,54964909-001,INVOICES@ARMORHEATINGANDAIR.CO,2114 DIME DRIVE,Cristy,,,2114 DIME DR,,ARMOR HEATING AND AIR,72764,,invoices@armorheatingandair.com,,54964909-001,CRISTY,
Airetech,Y,72118,NORTH LITTLE ROCK,N,AR,138,1137,US,,,NaT,AR,,,READY,,,NORTH LITTLE ROCK,NET 30,ARNOLD & BLEVINS,+15017586565,,HIGH,100,invoicing@arnoldblevins.com,,,INVOICING@ARNOLDBLEVINS.COM,3716 HARROLD STREET,,,,3716 HARROLD ST,,ARNOLD AND BLEVINS,72118,,invoicing@arnoldblevins.com,,,,
Airetech,Y,72761,SILOAM SPRINGS,,AR,139,1138,US,,,2026-01-09 04:30:20,AR,,,READY,,,SILOAM SPRINGS,NET 30,ARNOLD SHEET METAL,+14799570640,,HIGH,80,,,,708 W TULSA STREET,,Rod Arnold,,,708 W TULSA ST,,ARNOLD SHEET METAL,72761,,,,,ROD ARNOLD,
Airetech,Y,74116,TULSA,,OK,140,1139,US,STE 101,,NaT,OK,+19184375742,,READY,,,TULSA,NET 30,ASHERS COMMERCIL REFG,+19184375130,,HIGH,100,,,OK,10901 E MARSHALL,SUITE 101,Doilene Asher/Cliff,,918-437-5742,10901 E MARSHALL,,ASHERS COMMERCIL REFG,74116,,,,OK,DOILENE ASHER/CLIFF,
Airetech,Y,72131,QUITMAN,,AR,738,1745,US,,,NaT,AR,,,READY,,,QUITMAN,NET 30,KELLY MCLAUGHLIN,,,HIGH,100,,,,44 ASHBERRY LANE,,,,,44 ASHBERRY LN,,KELLY MCLAUGHLIN,72131,,,,,,
Airetech,Y,66215,LENEXA,,KS,141,1140,US,,,2026-01-09 04:30:24,KS,,,READY,,,LENEXA,NET 30,ASSOCIATED AIR PRODUCTS INC,+19138945600,,HIGH,80,,,,14900 W 107TH STREET,,,,,14900 W 107TH ST,,ASSOCIATED AIR PRODUCTS INC,66215,,,,,,
Airetech,Y,74346,JAY,,OK,142,1141,US,,,NaT,OK,+19182080103,,READY,,,JAY,NET 30,AST STORAGE,+19182080100,,MEDIUM,70,,,STS-14276907-,1082 E MONROE AVENUE,PO BOX 329,John Farris,,918-208-0103,PO BOX 329,1082 E MONROE AVE,AST STORAGE,74346,,,,STS-14276907-,JOHN FARRIS,
Airetech,Y,71405,BALL,N,LA,143,1142,US,,,2026-01-09 04:30:26,LA,+14797831252,,READY,,,"BALL,",NET 30,ATCHLEY HEATING & COOLING LLC,+14797851111,,HIGH,80,ap@southernairnow.com,,54413584-SLS,AP@SOUTHERNAIRNOW.COM,6110 MONROE HWY,Accounts Payable,,479-783-1252,6110 MONROE HWY,,ATCHLEY HEATING AND COOLING LLC,71405,,ap@southernairnow.com,,54413584-SLS,ACCOUNTS PAYABLE,
Airetech,Y,72901,FORT SMITH,N,AR,144,1143,US,,,2026-01-09 04:30:27,AR,+14797831252,,READY,,,FORT SMITH,NET 30,ATCHLEY MECHANICAL INC,+14792420444,,HIGH,80,,,72213142-SLS,**USE CUST 1142**,3100 WHEELER AVE,Jennifer Atchley,,479-783-1252,3100 WHEELER AVE,,*ATCHLEY MECHANICAL INC -DO NOT USE,72901,,,,72213142-SLS,JENNIFER ATCHLEY,
Airetech,Y,72114,NORTH LITTLE ROCK,,AR,145,1144,US,,,2026-01-09 04:30:29,AR,,,READY,,,NORTH LITTLE ROCK,NET 30,ATT CITY AIR INC,+18184820880,,HIGH,80,,,,220 FORT ROOTS DRIVE,,John,,,220 FORT ROOTS DR,,ATT CITY AIR INC,72114,,,,,JOHN,
Airetech,Y,72758,ROGERS,N,AR,1435,2448,US,,,2026-01-09 05:00:17,AR,,,READY,,,"ROGERS,",,TIM GEARY,+14794648006 X10,,HIGH,80,,,,108 CHAMPIONS BLVD,,,,,108 CHAMPIONS BLVD,,TIM GEARY,72758,,,,,,
Airetech,Y,74147,TULSA,,OK,146,1145,US,,,NaT,OK,,,READY,,,TULSA,NET 30,AUTOMATED BUILDING SYS,+19186225124,,MEDIUM,70,,,STS-10064650-,PO BOX 472166,,Jan,,,PO BOX 472166,,AUTOMATED BUILDING SYS,74147,,,,STS-10064650-,JAN,
Airetech,Y,74955,SALLISAW,,OK,147,1146,US,,,NaT,OK,,,READY,,,SALLISAW,NET 30,AVIAGEN HATCHERY,+19187750495,,HIGH,100,,,,500 E HOUSER BLVD,,Bobbi Wilson,,,500 E HOUSER BLVD,,AVIAGEN HATCHERY,74955,,,,,BOBBI WILSON,
Airetech,Y,72033,CONWAY,,AR,148,1147,US,,,NaT,AR,,,READY,,,CONWAY,NET 30,AXIOM CORPORATION,,,MEDIUM,70,,,,PO BOX 2000,,,,,PO BOX 2000,,AXIOM CORPORATION,72033,,,,,,
Airetech,Y,74345,GROVE,Y,OK,149,1148,US,,,NaT,OK,+19187862406,,READY,,,GROVE,NET 30,B & B HEAT & AIR,+19187862434,,MEDIUM,70,,,10171455-03,PO BOX 457616,,Account Payable,,918-786-2406,PO BOX 457616,,B AND B HEAT AND AIR GROVE OK,74345,,,,10171455-03,ACCOUNT PAYABLE,
Airetech,Y,71646,HAMBURG,,AR,150,1149,US,,,NaT,AR,+18708534732,,READY,,,HAMBURG,NET 30,B & G MECHANICAL,+18709401419,,MEDIUM,70,,,,PO BOX 389,,Kirby Bonds,,870-853-4732,PO BOX 389,,B AND G MECHANICAL,71646,,,,,KIRBY BONDS,
Airetech,Y,72901,FORT SMITH,,AR,151,1150,US,,,2026-01-09 04:30:32,AR,+14794789746,,READY,,,FORT SMITH,NET 30,B & J HEATING & AIR,+14796460284,,HIGH,80,,,227457-65-001,401 S 9TH STREET,,,,479-478-9746,401 S 9TH ST,,B AND J HEATING AND AIR,72901,,,,227457-65-001,,
Airetech,Y,29608,GREENVILLE,,SC,152,1151,US,,,NaT,SC,+18642928646,,READY,,,GREENVILLE,NET 30,B & K SERVICES INC,+18642449122,,MEDIUM,70,,,,PO BOX 3647,,Accounts Payable,,864-292-8646,PO BOX 3647,,B AND K SERVICES INC,29608,,,,,ACCOUNTS PAYABLE,
Airetech,Y,72703,FAYETTEVILLE,,AR,153,1152,US,,,2026-01-09 04:30:34,AR,+14795714901,,READY,,,FAYETTEVILLE,NET 30,B & T ARKANSAS HOTELS I LLC,+14795714900,,HIGH,80,megan.hueso@marriott.com,,,MEGAN.HUESO@MARRIOTT.COM,600 EAST VAN ASCHE DRIVE,Megan Hueso,,479-571-4901,600 E VAN ASCHE DR,,B AND T ARKANSAS HOTELS I LLC,72703,,megan.hueso@marriott.com,,,MEGAN HUESO,
Airetech,Y,72002,ALEXANDER,N,AR,154,1153,US,,,NaT,AR,,,READY,,,"ALEXANDER,",NET 30,BAIN HEAT & AIR,+15015905351,,HIGH,100,bainheatandair@gmail.com,,77016779-SLS,BAINHEATANDAIR@GMAIL.COM,2106 AVILLA VINCINTAGE RD,Chris Bain,,,2106 AVILLA VINCINTAGE RD,,BAIN HEAT & AIR   CC CUSTOMER,72002,,bainheatandair@gmail.com,,77016779-SLS,CHRIS BAIN,
Airetech,Y,72802,RUSSELLVILLE,N,AR,155,1154,US,,,2026-01-09 04:30:37,AR,,,READY,,,RUSSELLVILLE,NET 30,BAKER REFRIGERATION SYSTEMS INC,+14799677303,,HIGH,80,,,009645-58-01,3931 N ARKANSAS AVENUE,,Jessica-Accounts Pay,,,3931 N ARKANSAS AVE,,BAKER REFRIGERATION SYSTEMS INC,72802,,,,009645-58-01,JESSICA-Accounts Pay,
Airetech,Y,74012,BROKEN ARROW,,OK,156,1155,US,,,NaT,OK,+19182867662,,READY,,,BROKEN ARROW,NET 30,BAKERS MECHANICAL SERVICE INC,+19187244011,,HIGH,70,,,,2608 WEST KENOSHA BOX 242,,Larry Baker,,918-286-7662,2608 W KENOSHA BOX 242,,BAKERS MECHANICAL SERVICE INC,74012,,,,,LARRY BAKER,
Airetech,Y,71655,MONTICELLO,,AR,157,1156,US,,,2026-01-09 04:30:39,AR,+18703671414,,READY,,,MONTICELLO,NET 30,BAKERS WHOLESALE SUPPLY,+18703678676,,HIGH,80,,,214879-22-001,112 SOUTH EDWARDS STREET,,,,870-367-1414,112 S EDWARDS ST,,BAKERS WHOLESALE SUPPLY,71655,,,,214879-22-001,,
Airetech,Y,72203,LITTLE ROCK,Y,AR,158,1157,US,,,NaT,AR,,,READY,,,LITTLE ROCK,NET 30,BALDWIN SHELL,+15013748677,,MEDIUM,70,,,,PO BOX 1750,,Ap,,,PO BOX 1750,,BALDWIN SHELL,72203,,,,,AP,
Airetech,Y,74063,SAND SPRINGS,N,OK,159,1158,US,,,2026-01-09 04:30:41,OK,,,READY,,,SAND SPRINGS,NET 30,BAMA CO CROSSLAND HEAVY CONT,,,HIGH,80,,,,185 KERSHNER,,,,,185 KERSHNER,,BAMA CO CROSSLAND HEAVY CONT,74063,,,,,,
Airetech,Y,74117,TULSA,,OK,160,1159,US,,,2026-01-09 04:30:42,OK,,,READY,,,TULSA,NET 30,BAMA CORPORATION,+19183612493,,HIGH,80,,,,5377 E 66TH ST N,,Chuck Rooney,,,5377 E 66TH ST N,,BAMA CORPORATION,74117,,,,,CHUCK ROONEY,
Airetech,Y,72215,LITTLE ROCK,,AR,161,1160,US,C/O ACCOUNTS PAYABLE,,NaT,AR,+15012021222,,READY,,,LITTLE ROCK,NET 30,BAPTIST HEALTH,+15012022112,,MEDIUM,70,,,85486570-SLS,PO BOX 8516,C/O ACCOUNTS PAYABLE,,,501-202-1222,PO BOX 8516,,BAPTIST HEALTH,72215,,,,85486570-SLS,,
Airetech,Y,72901,FORT SMITH,N,AR,162,1161,US,DBA BAPTIST HEALTH - FT SMITH,,NaT,AR,+14797097472,,READY,,,FORT SMITH,NET 30,BAPTIST HEALTH REGIONAL HOSPITALS,+14794415632,,HIGH,100,,,85486570-SLS,1001 TOWSON AVE / ACCTS PAYABL,DBA BAPTIST HEALTH - FT SMITH,Accounts Payable,,479-709-7472,1001 TOWSON AVE / ACCTS PAYABL,,BAPTIST HEALTH REGIONAL HOSPITALS,72901,,,,85486570-SLS,ACCOUNTS PAYABLE,
Airetech,Y,72117,NORTH LITTLE ROCK,,AR,163,1162,US,,,2026-01-09 04:30:45,AR,,,READY,,,N. LITTLE ROCK,NET 30,BAPTIST SPRINGHILL,,,HIGH,80,,,,3333 SPRINGHILL DRIVE,,,,,3333 SPRINGHILL DR,,BAPTIST SPRINGHILL,72117,,,,,,
Airetech,Y,73521,ALTUS,,OK,164,1163,US,,,2026-01-09 04:30:48,OK,,,READY,,,ALTUS,NET 30,BAR S FOODS,,,HIGH,80,,,L1320001280,500 S BAR S BLVD,,Benjamin Watkins,,,500 S BAR S BLVD,,BAR S FOODS,73521,,,,L1320001280,BENJAMIN WATKINS,
Airetech,Y,74031,FOYIL,,OK,165,1164,US,,,NaT,OK,+19183414984,,READY,,,FOYIL,NET 30,BARBEES HEAT & AIR,+19183414983,,MEDIUM,70,,,,PO BOX 370,,Kathy Barbee,,918-341-4984,PO BOX 370,,BARBEES HEAT AND AIR,74031,,,,,KATHY BARBEE,
Airetech,Y,44193-0814,CLEVELAND,Y,OH,166,1165,US,,,NaT,OH,,,READY,,,CLEVELAND,NET 30,BARD MANUFACTURING CO INC,+14196361194,,MEDIUM,70,invoices@bardhvac.com,,,EMAIL: INVOICES@BARDHVAC.COM,PO BOX 73293-N,,,,PO BOX 73293-N,,"BARD MANUFACTURING, CO INC",44193-0814,,invoices@bardhvac.com,,,,
Airetech,Y,72207,LITTLE ROCK,,AR,167,1166,US,,,2026-01-09 04:30:50,AR,,,READY,,,LITTLE ROCK,NET 30,BARNETT RESIDENCE,,,HIGH,80,,,,2420 COUNTRY CLUB LANE,,,,,2420 COUNTRY CLUB LN,,BARNETT RESIDENCE,72207,,,,,,
Airetech,Y,74003,BARTLESVILLE,,OK,168,1167,US,,,NaT,OK,+19183386543,,READY,,,BARTLESVILLE,NET 30,BARTLESVILLE PUBLIC SCHOOL DISTRICT,+19183368600,,MEDIUM,70,,,OK,PO BOX 1357,,Teresa Butcher,,918-338-6543,PO BOX 1357,,BARTLESVILLE PUBLIC SCHOOL DISTRICT,74003,,,,OK,TERESA BUTCHER,
Airetech,Y,72501,BATESVILLE,,AR,169,1168,US,,,2026-01-09 04:30:51,AR,+18706980970,,READY,,,BATESVILLE,NET 30,BATESVILLE ELECTRIC,+18706981416,,HIGH,80,,,,789 LAWRENCE ST,,Denise Burnett,,870-698-0970,789 LAWRENCE ST,,BATESVILLE ELECTRIC,72501,,,,,DENISE BURNETT,
Airetech,Y,72202,LITTLE ROCK,Y,AR,170,1169,US,,,2026-01-09 04:30:53,AR,,,READY,,,LITTLE ROCK,NET 30,BATSON BRAVO ENGINEERING,+15016643311,,HIGH,80,cbatson@batson.com,,,EMAIL: cbatson@batson.com,1300 BROOKWOOD DRIVE,,,,1300 BROOKWOOD DR,,BATSON BRAVO ENGINEERING,72202,,cbatson@batson.com,,,,
Airetech,Y,74883,WETUMKA,,OK,171,1170,US,,,2026-01-09 04:30:54,OK,,,READY,,,WETUMKA,NET 30,BCOOL REFRIGERATION,+14053807884,,HIGH,80,,,,202 N MAIN ST,,Ben Bachus,,,202 N MAIN ST,,BCOOL REFRIGERATION,74883,,,,,BEN BACHUS,
Airetech,Y,72823,ATKINS,,AR,172,1171,US,,,2026-01-09 04:30:56,AR,+14796411117,,READY,,,ATKINS,NET 30,BEAVERS AIR CONDITIONING & ELEC,+14799707537,,HIGH,80,,,00031840-002,304 NW 16TH STREET,,Horace Beavers,,479-641-1117,304 NW 16TH ST,,BEAVERS AIR CONDITIONING AND ELEC,72823,,,,00031840-002,HORACE BEAVERS,
Airetech,Y,38125,MEMPHIS,,TN,173,1172,US,,,2026-01-09 04:30:58,TN,,,READY,,,MEMPHIS,NET 30,BEDSON REPS,+19016858800,,HIGH,80,sales@bedsonreps.com,,00025144-SLS,SALES@BEDSONREPS.COM,3215 PLAYERS CLUB PARKWAY,Kyle Bennet,,,3215 PLAYERS CLUB PKWY,,BEDSON REPS,38125,,sales@bedsonreps.com,,00025144-SLS,KYLE BENNET,
Airetech,Y,,,N,,1511,2529,US,,,NaT,,,,REVIEW,,,,,COMPOSIT COOLING SOLUTIONS COMMISSI,,,LOW,20,,,COMMISSION,,,,,,,,COMPOSIT COOLING SOLUTIONS COMMISSI,,,,,COMMISSION,,
Airetech,Y,72012,BEEBE,Y,AR,174,1173,US,,,2026-01-09 04:30:59,AR,+15018825465,,READY,,,BEEBE,NET 30,BEEBE PUBLIC SCHOOLS,+15018825465,,HIGH,80,,,,1201 W CENTER STREET,,Kathy Bryant,,501-882-5465,1201 W CENTER ST,,BEEBE PUBLIC SCHOOLS,72012,,,,,KATHY BRYANT,
Airetech,Y,74014,BROKEN ARROW,N,OK,175,1174,US,,,2026-01-09 04:31:01,OK,+19182863503,,READY,,,BROKEN ARROW,NET 30,BEENE SERVICES LLC,+19184519081,,HIGH,80,ap@beene.cc,,,AP@BEENE.CC,11200 S 225TH E AVE,Jonye Lamont,,918-286-3503,11200 S 225TH E AVE,,BEENE SERVICES LLC,74014,,ap@beene.cc,,,JONYE LAMONT,
Airetech,Y,30067-4440,MARIETTA,N,GA,176,1175,US,,,NaT,GA,+17704218521,,READY,,,MARIETTA,NET 30,BEKAERT CORPORATION,+17704218520,,HIGH,100,usakr-ap@bekaert.com,,DP16475780001,USAKR-AP@BEKAERT.COM,1395 SOUTH MARIETTA PKWY 100,,,770-421-8521,1395 S MARIETTA PKWY 100,,BEKAERT CORPORATION,30067-4440,,usakr-ap@bekaert.com,,DP16475780001,,
Airetech,Y,74145,TULSA,,OK,177,1176,US,,,NaT,OK,+19186223852,,READY,,,TULSA,NET 30,BELFOR PROPERTY RESTORATION,+19186227234,,HIGH,100,tulsa.ap@us.belfor.com,,,EMAIL: TULSA.AP@US.BELFOR.COM,7002 EAST 368TH ST,Christine Dudzik,,918-622-3852,7002 E 368TH ST,,BELFOR PROPERTY RESTORATION,74145,,tulsa.ap@us.belfor.com,,,CHRISTINE DUDZIK,
Airetech,Y,72714,BELLA VISTA,,AR,178,1177,US,,,NaT,AR,,,READY,,,BELLA VISTA,NET 30,BELLA VISTA PROPERTY OWNERS,+14798555000,,HIGH,100,,,,98 CLUBHOUSE DR,,,,,98 CLUBHOUSE DR,,BELLA VISTA PROPERTY OWNERS,72714,,,,,,
Airetech,Y,,,N,,1669,2700,US,,,NaT,,,,REVIEW,,,,,NE SERVICE CO,+19183260094,,LOW,20,,,,WILL FARRIS,,Will Farris,,,,,NE SERVICE CO   CC CUSTOMER,,,,,,WILL FARRIS,
Airetech,Y,74501,MCALESTER,,OK,179,1178,US,,,2026-01-09 04:31:08,OK,+19184234466,,READY,,,MCALESTER,NET 30,BEMAC SUPPLY,+19184234194,,HIGH,80,,,369560,836 E CARL ALBERT PARKWAY,,,,918-423-4466,836 E CARL ALBERT PKWY,,BEMAC SUPPLY,74501,,,,369560,,
Airetech,Y,72203,LITTLE ROCK,,AR,180,1179,US,,,NaT,AR,+15013767026,,READY,,,LITTLE ROCK,NET 30,BEMBERG IRON WORKS INC,+15013763358,,MEDIUM,70,,,,PO BOX 1367,,,,501-376-7026,PO BOX 1367,,BEMBERG IRON WORKS INC,72203,,,,,,
Airetech,Y,54957,NEENAH,,WI,181,1180,US,,,NaT,WI,,,READY,,,NEENAH,NET 30,BEMIS COMPANY INC,+19207274100,,HIGH,100,bemisap@bemis.com,,00048893-SLS,EMAIL:BEMISAP@BEMIS.COM,ONE NEENAH CENTER - SUITE 400,,,,ONE NEENAH CENTER - STE 400,,BEMIS COMPANY INC,54957,,bemisap@bemis.com,,00048893-SLS,,
Airetech,Y,72117,NORTH LITTLE ROCK,,AR,182,1181,US,,,NaT,AR,+15019785084,,READY,,,NORTH LITTLE ROCK,NET 30,BEN E KEITH,+15019785000,,HIGH,100,,,,1 BEN E KEITH WAY,,Robert Fourt,,501-978-5084,1 BEN E KEITH WAY,,BEN E KEITH,72117,,,,,ROBERT FOURT,
Airetech,Y,72703,FAYETTEVILLE,,AR,183,1182,US,,,2026-01-09 04:31:13,AR,,,READY,,,FAYETTEVILLE,NET 30,BENCHMARK CONSTRUCTION CO,+14792511316,,HIGH,80,,,,333 WEST POPLAR STREET,,Steve Smith,,,333 W POPLAR ST,,BENCHMARK CONSTRUCTION CO,72703,,,,,STEVE SMITH,
Airetech,Y,72128,PRATTSVILLE,Y,AR,184,1183,US,,,NaT,AR,,,READY,,,PRATTSVILLE,NET 30,BENNINGS HEAT & AIR,+18706994445,,MEDIUM,70,benningsheatingandair@gmail.com,,461627001,BENNINGSHEATINGANDAIR@GMAIL.CO,PO BOX 178,Shannon Culp,,,PO BOX 178,,BENNINGS HEAT AND AIR,72128,,benningsheatingandair@gmail.com,,461627001,SHANNON CULP,
Airetech,Y,72018,BENTON,,AR,185,1184,US,,,NaT,AR,,,READY,,,BENTON,NET 30,BENTON SHEET METAL,+13152831,,MEDIUM,70,,,178986-62-001,PO BOX 310,,,,,PO BOX 310,,BENTON SHEET METAL,72018,,,,178986-62-001,,
Airetech,Y,72712,BENTONVILLE,,AR,186,1185,US,,,2026-01-09 04:31:14,AR,,,READY,,,BENTONVILLE,NET 30,BENTONVILLE PUBLIC SCHOOL,,,HIGH,80,,,,500 TIGER BLVD,,Karen,,,500 TIGER BLVD,,BENTONVILLE PUBLIC SCHOOL,72712,,,,,KAREN,
Airetech,Y,74157,TULSA,,OK,187,1186,US,,,NaT,OK,,,READY,,,TULSA,NET 30,BERNA MECHANICAL,+19185106945,,MEDIUM,70,,,,PO BOX 9293,,David Berna,,,PO BOX 9293,,BERNA MECHANICAL,74157,,,,,DAVID BERNA,
Airetech,Y,70001,METAIRIE,Y,LA,188,1187,US,,,NaT,LA,+15048465244,,READY,,,METAIRIE,NET 30,ENFRA MCC LLC,+15048338291,,HIGH,100,,,,,1 GALLERIA BLVD SUITE 825,Accounts Payable,,504-846-5244,1 GALLERIA BLVD STE 825,,"ENFRA MCC, LLC",70001,,,,,ACCOUNTS PAYABLE,
Airetech,Y,71913,HOT SPRINGS,,AR,189,1188,US,,,NaT,AR,,,READY,,,HOT SPRINGS,NET 30,BERRY GLOBAL,+15017604545,,HIGH,100,,,,106 DELTA PLACE,,Michael Blair,,,106 DELTA PL,,BERRY GLOBAL,71913,,,,,MICHAEL BLAIR,
Airetech,Y,36532,FAIRHOPE,,AL,190,1189,US,,,NaT,AL,+12519903716,,READY,,,FAIRHOPE,NET 30,BES DESIGN BUILD LLC,+12519905778,,MEDIUM,70,,,,PO BOX 2263,,Daryl Turner,,251-990-3716,PO BOX 2263,,BES DESIGN BUILD LLC,36532,,,,,DARYL TURNER,
Airetech,Y,74146,TULSA,,OK,191,1190,US,,,2026-01-09 04:31:20,OK,+19182520197,,READY,,,TULSA,NET 30,BESCO SUPPLY,+19182524585,,HIGH,80,,,27225,12214 E 55TH STREET,,,,918-252-0197,12214 E 55TH ST,,BESCO SUPPLY,74146,,,,27225,,
Airetech,Y,72204,LITTLE ROCK,Y,AR,192,1191,US,,,2026-01-09 04:31:22,AR,,,READY,,,LITTLE ROCK,NET 30,BEST HVAC PART & SUPPLY H17780,+14794242444,,HIGH,80,ap@harrisonenergy.com,,5335-60-001,ap@harrisonenergy.com,"1501 WESTPARK DRIVE, SUITE 9",Tito,,,1501 WPARK DR STE 9,,BEST HVAC PART AND SUPPLY H17780,72204,,ap@harrisonenergy.com,,5335-60-001,TITO,
Airetech,Y,54903-2504,OSHKOSH,,WI,193,1192,US,,,NaT,WI,,,READY,,,OSHKOSH,NET 30,BEST MECHANICAL SERVICES,+19204263005,,MEDIUM,70,,,,PO BOX 2504,,,,,PO BOX 2504,,BEST MECHANICAL SERVICES,54903-2504,,,,,,
Airetech,Y,72143,SEARCY,,AR,194,1193,US,,,2026-01-09 04:31:23,AR,,,READY,,,SEARCY,NET 30,BEST WESTERN SEARCY,+15017735707,,HIGH,80,,,,501 WILLOW ST,,,,,501 WILLOW ST,,BEST WESTERN SEARCY,72143,,,,,,
Airetech,Y,72959,WINSLOW,N,AR,195,1194,US,,,2026-01-09 04:31:25,AR,,,READY,,,WINSLOW,NET 30,BHA FORMERLY BREWERS HEAT & AIR,+14797900059,,HIGH,80,leann.bha@gmail.com,,74761364-SLS,LEANN.BHA@GMAIL.COM,179 S DEVILS DEN ROAD,Zach Brewer,,,179 S DEVILS DEN RD,,BHA FORMERLY BREWERS HEAT AND AIR,72959,,leann.bha@gmail.com,,74761364-SLS,ZACH BREWER,
Airetech,Y,72936,GREENWOOD,,AR,196,1195,US,,,NaT,AR,,,READY,,,GREENWOOD,NET 30,BHG HOLDINGS LLC,+14792857344,,HIGH,100,,,,4517 QUILLMAN ROAD,,Ron Embree,,,4517 QUILLMAN RD,,BHG HOLDINGS LLC,72936,,,,,RON EMBREE,
Airetech,Y,72904,FORT SMITH,,AR,197,1196,US,,,2026-01-09 04:31:28,AR,,,READY,,,FORT SMITH,NET 30,BIEKER ELECTRIC,+14797834641,,HIGH,80,,,,3001 N ALBERT PIKE AVE,,John Moreton,,,3001 N ALBERT PIKE AVE,,BIEKER ELECTRIC,72904,,,,,JOHN MORETON,
Airetech,Y,74429,COWETA,,OK,198,1197,US,,,NaT,OK,,,READY,,,COWETA,NET 30,BILLY CADE,+19185495902,,HIGH,100,,,,23257 E 161ST ST,,Billy Cade,,,23257 E 161ST ST,,BILLY CADE,74429,,,,,BILLY CADE,
Airetech,Y,74008,BIXBY,,OK,199,1198,US,,,2026-01-09 04:31:31,OK,+19183662318,,READY,,,BIXBY,NET 30,BIXBY PUBLIC SCHOOLS,+19183662324,,HIGH,80,,,,109 N ARMSTRONG,,,,918-366-2318,109 N ARMSTRONG,,BIXBY PUBLIC SCHOOLS,74008,,,,,,
Airetech,Y,72901,FORT SMITH,Y,AR,200,1199,US,,,2026-01-09 04:31:33,AR,+14797823113,,READY,,,FORT SMITH,NET 30,BLAYLOCK HEATING & AIR,+14797828940,,HIGH,80,,,011245-65-001,1900 NORTH O STREET,,Accounts Payable,,479-782-3113,1900 N O ST,,BLAYLOCK HEATING AND AIR,72901,,,,011245-65-001,ACCOUNTS PAYABLE,
Airetech,Y,74012,BROKEN ARROW,N,OK,201,1200,US,,,NaT,OK,,,READY,,,BROKEN ARROW,NET 30,BLUE DOME HOTEL CENTER LLC,+19182846255,,HIGH,100,,,,2251 STONE WOOD CIRCLE,,Jeff Hartman,,,2251 STONE WOOD CIR,,BLUE DOME HOTEL CENTER LLC,74012,,,,,JEFF HARTMAN,
Airetech,Y,74012,BROKEN ARROW,N,OK,202,1201,US,,,NaT,OK,+15393672371,,READY,,,BROKEN ARROW,NET 30,ROYAL BLUE HILL HEAT & AIR INC,+19183983757,,MEDIUM,70,,,,"1105 W DETROIT ST, STE D",PO BOX 519,Isom Hill,,5393672371,PO BOX 519,1105 W DETROIT ST STE D,ROYAL BLUE HILL HEAT AND AIR INC,74012,,,,,ISOM HILL,
Airetech,Y,34208,BRADENTON,,FL,203,1202,US,842 62ND ST CIR STE 104,,2026-01-09 04:31:37,FL,,,READY,,,BRADENTON,NET 30,BLUE OCEAN MECHANICAL SERVICES INC,,,HIGH,80,ap@blueoceanmechanical.com,,,AP@BLUEOCEANMECHANICAL.COM,842 62ND STREET CIRCLE STE 104,Kerry Martin Cfo,,,842 62ND ST CIR STE 104,,BLUE OCEAN MECHANICAL SERVICES INC,34208,,ap@blueoceanmechanical.com,,,"KERRY MARTIN, CFO",
Airetech,Y,72756,ROGERS,,AR,204,1203,US,STE 1,,2026-01-09 04:31:39,AR,,,READY,,,ROGERS,NET 30,BNB SYSTEMS,+14792027034,,HIGH,80,,,,1402 W HUDSON ROAD,SUITE 1,Alesha Nichols,,,1402 W HUDSON RD,,BNB SYSTEMS,72756,,,,,ALESHA NICHOLS,
Airetech,Y,72227,LITTLE ROCK,,AR,205,1204,US,,,2026-01-09 04:31:40,AR,,,READY,,,LITTLE ROCK,NET 30,BOB QUINN SHAWN MITTLEDORF,+15014259926,,HIGH,80,,,,1201 LORETTA LANE,,,,,1201 LORETTA LN,,BOB QUINN SHAWN MITTLEDORF,72227,,,,,,
Airetech,Y,72211,LITTLE ROCK,N,AR,206,1205,US,,,NaT,AR,,,READY,,,LITTLE ROCK,NET 30,HAMPTON INN,+15014442138,,HIGH,100,,,,1301 SOUTH SHACKELFORD RD,,Bobby Sharolia,,,1301 S SHACKELFORD RD,,HAMPTON INN WLR  BOBBY SHAROLIA,72211,,,,,BOBBY SHAROLIA,
Airetech,Y,76234,DECATUR,,TX,207,1206,US,,,NaT,TX,,,READY,,,DECATUR,NET 30,BOBBY WOOD & COMPANY,+19403671804,,HIGH,100,,,,526 WILDWOOD DR,,,,,526 WILDWOOD DR,,BOBBY WOOD AND COMPANY,76234,,,,,,
Airetech,Y,74119,TULSA,,OK,208,1207,US,,,2026-01-09 04:31:45,OK,,,READY,,,TULSA,NET 30,BOLLENGER CONSTRUCTION,,,HIGH,80,,,,1800 S BALTIMORE AVE,,David Bollenger,,,1800 S BALTIMORE AVE,,BOLLENGER CONSTRUCTION,74119,,,,,DAVID BOLLENGER,
Airetech,Y,72927,BOONEVILLE,,AR,209,1208,US,,,2026-01-09 04:31:47,AR,,,READY,,,BOONEVILLE,NET 30,BOONEVILLE SCHOOL DISTRICT,+14796756570,,HIGH,80,,,,399 E 8TH ST,,,,,399 E 8TH ST,,BOONEVILLE SCHOOL DISTRICT,72927,,,,,,
Airetech,Y,71671,WARREN,,AR,210,1209,US,,,2026-01-09 04:31:49,AR,+18702264306,,READY,,,WARREN,NET 30,BRADLEY COUNTY MEDICAL CENTER,+18702264355,,HIGH,80,,,070060-84-001,404 S BRADLEY,,Terry Young,,870-226-4306,404 S BRADLEY,,BRADLEY COUNTY MEDICAL CENTER,71671,,,,070060-84-001,TERRY YOUNG,
Airetech,Y,75229,DALLAS,,TX,211,1210,US,,,NaT,TX,+19723956001,,READY,,,DALLAS,NET 30,THE BRANDT COMPANIES LLC,+19723956715,,MEDIUM,70,brandt.ap@brandt.us,,32045410050,EMAIL: BRANDT.AP@BRANDT.US,PO BOX 29559,Yvonne Simpson,,972-395-6001,PO BOX 29559,,BRANDT COMPANIES LLC THE,75229,,brandt.ap@brandt.us,,32045410050,YVONNE SIMPSON,
Airetech,Y,72202,LITTLE ROCK,,AR,212,1211,US,,,2026-01-09 04:31:51,AR,,,READY,,,LITTLE ROCK,NET 30,BRAY SHEET METAL,+15013758229,,HIGH,80,,,,1508 SCOTT STREET,,,,,1508 SCOTT ST,,BRAY SHEET METAL,72202,,,,,,
Airetech,Y,71903,HOT SPRINGS,,AR,213,1212,US,,,NaT,AR,+15014634436,,READY,,,HOT SPRINGS,NET 30,BRENCO SUPPLY INC,+15014634441,,MEDIUM,70,,,63810480-001,PO BOX 22540,,Karen Loyd,,501-463-4436,PO BOX 22540,,BRENCO SUPPLY INC,71903,,,,63810480-001,KAREN LOYD,
Airetech,Y,74012,BROKEN ARROW,,OK,214,1213,US,,,2026-01-09 04:31:52,OK,,,READY,,,BROKEN ARROW,NET 30,BROKEN ARROW ELECTRIC,+19182583581,,HIGH,80,,,1599488000,2350 W VANCOUVER ST,,Gordon Okerstrom,,,2350 W VANCOUVER ST,,BROKEN ARROW ELECTRIC,74012,,,,1599488000,GORDON OKERSTROM,
Airetech,Y,53214,MILWAUKEE,N,WI,215,1214,US,SUBMIT INVOICES TO COUPA PORTA,,2026-01-09 04:31:54,WI,,,READY,,,MILWAUKEE,NET 30,BROOKDALE SENIOR LIVING INC,+19187432700,,HIGH,80,,,,6737 W WASHINGTON ST SUITE 230,SUBMIT INVOICES TO COUPA PORTA,Account Payables,,,6737 W WASHINGTON ST STE 230,,BROOKDALE SENIOR LIVING INC,53214,,,,,ACCOUNT PAYABLES,
Airetech,Y,74015,CATOOSA,,OK,216,1215,US,,,2026-01-09 04:31:56,OK,,,READY,,,CATOOSA,NET 30,BROWN ELECTRIC,,,HIGH,80,,,,27505 E 4TH STREET,,,,,27505 E 4TH ST,,BROWN ELECTRIC,74015,,,,,,
Airetech,Y,43074,SUNBURY,,OH,217,1216,US,,,NaT,OH,+17409655470,,READY,,,SUNBURY,NET 30,BRY AIR COMMISSION,+17409652974,,HIGH,100,,,EXEMPT COMM,10793 STATE ROUTE 37 WEST,,,,740-965-5470,10793 STATE ROUTE 37 W,,BRY AIR COMMISSION,43074,,,,EXEMPT COMM,,
Airetech,Y,72022,BRYANT,Y,AR,218,1217,US,,,2026-01-09 04:31:59,AR,+15018475603,,READY,,,BRYANT,NET 30,BRYANT SCHOOLS,+15018475600,,HIGH,80,,,,200 NW 4TH STREET,,Tracy Smart,,501-847-5603,200 NW 4TH ST,,BRYANT SCHOOLS,72022,,,,,TRACY SMART,
Airetech,Y,72745,LOWELL,,AR,219,1218,US,,,NaT,AR,+14799270526,,READY,,,LOWELL,NET 30,BUD ANDERSON HEATING & COOLING,+14792736944,,MEDIUM,70,,,AR 00130624-S,PO BOX 1279,,Melissa Vines / Doug,,479-927-0526,PO BOX 1279,,BUD ANDERSON HEATING AND COOLING,72745,,,,AR 00130624-S,MELISSA VINES / DOUG,
Airetech,Y,72834,DARDANELLE,,AR,220,1219,US,,,NaT,AR,+14792292729,,READY,,,DARDANELLE,NET 30,BUNTING ELECTRIC INC,+14792292479,,MEDIUM,70,,,125655-75-001,PO BOX 358,,Misty Barnett,,479-229-2729,PO BOX 358,,BUNTING ELECTRIC INC,72834,,,,125655-75-001,MISTY BARNETT,
Airetech,Y,65721,OZARK,,MO,221,1220,US,,,2026-01-09 04:32:01,MO,,,READY,,,OZARK,NET 30,BURMAN COMPANIES,+14175810304,,HIGH,80,,,,3885 N 20TH STREET,,,,,3885 N 20TH ST,,BURMAN COMPANIES,65721,,,,,,
Airetech,Y,65610,BILLINGS,,MO,222,1221,US,,,NaT,MO,,,READY,,,BILLINGS,NET 30,BURNERS PLUS HVAC,+14178305296,,HIGH,100,,,,14060 WEST HAYFIELD LANE,,James Hampton,,,14060 W HAYFIELD LN,,BURNERS PLUS HVAC,65610,,,,,JAMES HAMPTON,
Airetech,Y,48892,WEBBERVILLE,,MI,223,1222,US,,,NaT,MI,,,READY,,,WEBBERVILLE,NET 30,BURNS RETAIL CONSTRUCTION LLC,,,HIGH,100,,,,4945 E FROST,,Phil Burnet,,,4945 E FROST,,BURNS RETAIL CONSTRUCTION LLC,48892,,,,,PHIL BURNET,
Airetech,Y,72127,PLUMERVILLE,Y,AR,224,1223,US,,,NaT,AR,,,READY,,,PLUMERVILLE,NET 30,BURRIS HEAT & AIR INC,+15013544887,,HIGH,100,mgullett@burrisheatandair.com,,73714186-SLS,MGULLETT@BURRISHEATANDAIR.COM,2481 HIGHWAY 64,,,,2481 HWY 64,,BURRIS HEAT AND AIR INC,72127,,mgullett@burrisheatandair.com,,73714186-SLS,,
Airetech,Y,72701,FAYETTEVILLE,,AR,225,1224,US,STE 900,,2026-01-09 04:32:09,AR,,,READY,,,FAYETTEVILLE,NET 30,BURTON WRIGHT MECHANICAL,+14794439331,,HIGH,80,,,,1800 S STIRMAN,SUITE 900,,,,1800 S STIRMAN,,BURTON WRIGHT MECHANICAL,72701,,,,,,
Airetech,Y,72103,MABELVALE,,AR,226,1225,US,,,NaT,AR,,,READY,,,MABELVALE,NET 30,BUTLER HEATING & AIR,+15018473675,,HIGH,100,,,,1000 SABRINA LANE,,,,,1000 SABRINA LN,,BUTLER HEATING AND AIR,72103,,,,,,
Airetech,Y,74857,NEWALLA,,OK,227,1226,US,,,NaT,OK,+14057359143,,READY,,,NEWALLA,NET 30,BUTLER MECHANICAL,+14057359142,,HIGH,100,,,,14900 SE 119TH ST,,,,405-735-9143,14900 SE 119TH ST,,BUTLER MECHANICAL,74857,,,,,,
Airetech,Y,72143,SEARCY,N,AR,228,1227,US,,,2026-01-09 04:32:14,AR,,,READY,,,SEARCY,NET 30,BWC BUILDERS INC,+18702910531,,HIGH,80,dakota.bwc@gmail.com,,,DAKOTA.BWC@GMAIL.COM,2218 HOLMES RD,Amanda Goodrich,,,2218 HOLMES RD,,BWC BUILDERS INC,72143,,dakota.bwc@gmail.com,,,AMANDA GOODRICH,
Airetech,Y,74066,SAPULPA,,OK,229,1228,US,UNIT B,,2026-01-09 04:32:15,OK,,,READY,,,SAPULPA,NET 30,BYERS COMPANY,,,HIGH,80,,,,11842 S 33RD WEST AVENUE,UNIT B,Patrick Day,,,11842 S 33RD W AVE,,BYERS COMPANY,74066,,,,,PATRICK DAY,
Airetech,Y,72764,SPRINGDALE,,AR,230,1229,US,,,2026-01-09 04:32:17,AR,,,READY,,,SPRINGDALE,NET 30,BYN HEAT & AIR,+14792834193,,HIGH,80,,,,1142 BROOKHAVEN COURT,,,,,1142 BROOKHAVEN CT,,BYN HEAT AND AIR,72764,,,,,,
Airetech,Y,74067,SAPULPA,,OK,231,1230,US,,,NaT,OK,,,READY,,,SAPULPA,NET 30,C & D MECHANICAL,+19188518344,,HIGH,70,,,,P O BOX 172,,Chris,,,P O BOX 172,,C AND D MECHANICAL,74067,,,,,CHRIS,
Airetech,Y,72401,JONESBORO,,AR,232,1231,US,,,NaT,AR,+18709720233,,READY,,,JONESBORO,NET 30,C & I ELECTRICAL SUPPLY CO,+18709721392,,MEDIUM,70,,,00223200-SLS,PO BOX 2010,,Brenda,,870-972-0233,PO BOX 2010,,C AND I ELECTRICAL SUPPLY CO,72401,,,,00223200-SLS,BRENDA,
Airetech,Y,74301,VINITA,N,OK,233,1232,US,,,2026-01-09 04:32:19,OK,+19182560546,,READY,,,VINITA,NET 30,C & L HVAC & PLUMBING,+19185289110,,HIGH,80,jann.whitehill@clssupplyhvac.com,,54532875,JANN.WHITEHILL@CLSSUPPLYHVAC.C,335 S WILSON,Jann Whitehill,,9182560546,335 S WILSON,,C AND L HVAC AND PLUMBING,74301,,jann.whitehill@clssupplyhvac.com,,54532875,JANN WHITEHILL,
Airetech,Y,28273,CHARLOTTE,,NC,234,1233,US,,,2026-01-09 04:32:20,NC,,,READY,,,CHARLOTTE,NET 30,C & S MECHANICAL CO,+17045516003,,HIGH,80,,,,4702 STOCKHOLM COURT,,Kenneth Sawyer,,,4702 STOCKHOLM CT,,C AND S MECHANICAL CO,28273,,,,,KENNETH SAWYER,
Airetech,Y,72023,CABOT,,AR,235,1234,US,,,2026-01-09 04:32:22,AR,+15016051500,,READY,,,CABOT,NET 30,CABOT PARKS & RECREATION,,,HIGH,80,,,,508 N LINCOLN,,,,501-605-1500,508 N LINCOLN,,CABOT PARKS AND RECREATION,72023,,,,,,
Airetech,Y,72023,CABOT,Y,AR,236,1235,US,,,2026-01-09 04:32:24,AR,+15019412611,,READY,,,CABOT,NET 30,CABOT SCHOOL DISTRICT,+15018433363,,HIGH,80,,,,602 NORTH LINCOLN STREET,,Denise Or Leann,,501-941-2611,602 N LINCOLN ST,,CABOT SCHOOL DISTRICT,72023,,,,,DENISE OR LEANN,
Airetech,Y,74728,BROKEN BOW,,OK,237,1236,US,,,NaT,OK,,,READY,,,BROKEN BOW,NET 30,CALVARY REFRIGERATION HEATING & A,+15802366717,,HIGH,100,,,STS-10179645-,606 MYRTLEWILD ROAD,,Dawn Or Reo,,,606 MYRTLEWILD RD,,CALVARY REFRIGERATION HEATING AND A,74728,,,,STS-10179645-,DAWN OR REO,
Airetech,Y,,,,,238,1237,US,,,NaT,,,,REVIEW,,,,NET 30,CALVIN GRAVES,+15015297505,,LOW,20,,,,,,Calvin Graves,,,,,CALVIN GRAVES,,,,,,CALVIN GRAVES,
Airetech,Y,72701,FAYETTEVILLE,,AR,239,1238,US,,,NaT,AR,,,READY,,,"FAYETTEVILLE,",NET 30,CAMPBELL ELECTRIC INC,,,HIGH,100,,,,2301 SOUTH SCHOOL STREET,,,,,2301 S SCHOOL ST,,CAMPBELL ELECTRIC INC,72701,,,,,,
Airetech,Y,71913,HOT SPRINGS,,AR,240,1239,US,,,2026-01-09 04:32:30,AR,,,READY,,,HOT SPRINGS,NET 30,CANDLEWOOD SUITES,+15016559895,,HIGH,80,,,,3404 CENTRAL AVENUE,,Mr Khan,,,3404 CENTRAL AVE,,CANDLEWOOD SUITES,71913,,,,,MR. KHAN,
Airetech,Y,74116,TULSA,,OK,241,1240,US,,,2026-01-09 04:32:32,OK,,,READY,,,TULSA,NET 30,CANDOR MECHANICAL LLC,,,HIGH,80,,,,10815 E MARSHALL STREET,,Ryan Baze,,,10815 E MARSHALL ST,,CANDOR MECHANICAL LLC,74116,,,,,RYAN BAZE,
Airetech,Y,72212,LITTLE ROCK,,AR,242,1241,US,ATTN: BRYAN JEFFREY,,2026-01-09 04:32:34,AR,,,READY,,,LITTLE ROCK,NET 30,CANTRELL WEST PROPERTIES LLC,+15019788301,,HIGH,80,,,,"11300 CANTRELL ROAD, SUITE 301",ATTN: BRYAN JEFFREY,Bryan Jeffrey,,,11300 CANTRELL RD STE 301,,CANTRELL WEST PROPERTIES LLC,72212,,,,,BRYAN JEFFREY,
Airetech,Y,72201,LITTLE ROCK,Y,AR,243,1242,US,,,2026-01-09 04:32:35,AR,,,READY,,,LITTLE ROCK,NET 30,CAPITAL HOTEL,,,HIGH,80,,,,111 WEST MARKHAM,,Karen Moser,,,111 W MARKHAM,,CAPITAL HOTEL,72201,,,,,KAREN MOSER,
Airetech,Y,72124,SHERWOOD,,AR,244,1243,US,,,NaT,AR,+15013723864,,READY,,,SHERWOOD,NET 30,CAPITOL SERVICE,+15013721101,,MEDIUM,70,,,045837-60-001,PO BOX 6438,,Shannon,,501-372-3864,PO BOX 6438,,CAPITOL SERVICE,72124,,,,045837-60-001,SHANNON,
Airetech,Y,38002,ARLINGTON,,TN,245,1244,US,,,NaT,TN,+19013860624,,READY,,,ARLINGTON,NET 30,CAPTIVE AIRE,+19013860636,,HIGH,100,,,,7987 CALE FALLS LANE,,,,901-386-0624,7987 CALE FALLS LN,,CAPTIVE AIRE,38002,,,,,,
Airetech,Y,27616,RALEIGH,,NC,246,1245,US,,,2026-01-09 04:32:39,NC,,,READY,,,RALEIGH,NET 30,CAPTIVEAIRE OK,,,HIGH,80,,,,4641 PARAGON PARK,,,,,4641 PARAGON PARK,,CAPTIVEAIRE OK,27616,,,,,,
Airetech,Y,74701,DURANT,,OK,247,1246,US,,,NaT,OK,+15809312301,,READY,,,DURANT,NET 30,CARDINAL FG,+15809312331,,HIGH,100,,,,515 CARDINAL PARKWAY,,Becky Hightower,,580-931-2301,515 CARDINAL PKWY,,CARDINAL FG,74701,,,,,BECKY HIGHTOWER,
Airetech,Y,72761,SILOAM SPRINGS,,AR,248,1247,US,,,NaT,AR,,,READY,,,SILOAM SPRINGS,NET 30,CARL HOLLEY PLUMBING INC,+14795495086,,MEDIUM,70,,,,EMAIL @,PO BOX 1151,Chassity Holley,,,PO BOX 1151,,CARL HOLLEY PLUMBING INC,72761,,,,,CHASSITY HOLLEY,
Airetech,Y,72202,LITTLE ROCK,,AR,249,1248,US,,,2026-01-09 04:32:42,AR,,,READY,,,LITTLE ROCK,NET 30,CARL MILLER JR,,,HIGH,80,,,,1400 S SPRING STREET,,Carl Miller,,,1400 S SPRING ST,,CARL MILLER JR,72202,,,,,CARL MILLER,
Airetech,Y,71913,HOT SPRINGS,,AR,250,1249,US,,,NaT,AR,+15017679912,,READY,,,HOT SPRINGS,NET 30,CARPENTER HEAT & AIR,+15017675197,,MEDIUM,70,,,317527-26-001,PO BOX 2764,,Dusty Cooper,,501-767-9912,PO BOX 2764,,CARPENTER HEAT AND AIR,71913,,,,317527-26-001,DUSTY COOPER,
Airetech,Y,72770,TONTITOWN,,AR,251,1250,US,,,NaT,AR,,,READY,,,TONTITOWN,NET 30,CARRIER BLDG SYS & SRVC TONTITOW,,,HIGH,100,,,,372 AGNES ST,,Monty Nance,,,372 AGNES ST,,CARRIER BLDG  SYS AND SRVC TONTITOW,72770,,,,,MONTY NANCE,
Airetech,Y,72206-2408,LITTLE ROCK,Y,AR,252,1251,US,,,2026-01-09 04:32:46,AR,,,READY,,,LITTLE ROCK,NET 30,CARRIER COMMERCIAL SERVICE,,,HIGH,80,utcap.biscommservinv@conduent.com,,00051547-SLS,UTCAP.BISCOMMSERVINV@CONDUENT.,715 E ROOSEVELT ROAD,,,,715 E ROOSEVELT RD,,CARRIER COMMERCIAL SERVICE,72206-2408,,utcap.biscommservinv@conduent.com,,00051547-SLS,,
Airetech,Y,13761,ENDICOTT,,NY,253,1252,US,,,NaT,NY,,,READY,,,ENDICOTT,NET 30,CARRIER CORP IBM GLOBAL SERVICES,+18888586347,,MEDIUM,70,,,051547-78-002,PO BOX 9007,,Accounts Payable,,,PO BOX 9007,,CARRIER CORP IBM GLOBAL SERVICES,13761,,,,051547-78-002,ACCOUNTS PAYABLE,
Airetech,Y,74147,TULSA,,OK,254,1253,US,,,NaT,OK,,,READY,,,TULSA,NET 30,CARRIER CORPORATION,,,MEDIUM,70,,,57665,PO BOX 470940,,,,,PO BOX 470940,,CARRIER CORPORATION TULSA,74147,,,,57665,,
Airetech,Y,13210,SYRACUSE,Y,NY,255,1254,US,,,2026-01-09 04:32:48,NY,+19189941268,,READY,,,SYRACUSE,NET 30,CARRIER ENTERPRISE LLC,+19038327975,,HIGH,80,,,240261-78-01,EMAIL @,1401 ERIE BOULEVARD EAST STE 2,Chad Cook,,918-994-1268,1401 ERIE BLVD E STE 2,,CARRIER ENTERPRISE LLC SYRACUSE,13210,,,,240261-78-01,CHAD COOK,
Airetech,Y,72913,FORT SMITH,,AR,272,1271,US,,,NaT,AR,+14794528111,,READY,,,FORT SMITH,NET 30,CHAMBERLAIN MECH CONT,+14794522213,,MEDIUM,70,,,,PO BOX 2858,,,,479-452-8111,PO BOX 2858,,CHAMBERLAIN MECH CONT,72913,,,,,,
Airetech,Y,13210,SYRACUSE,,NY,256,1255,US,SOUTH CENTRAL REGION LLC,,2026-01-09 04:32:49,NY,,,READY,,,SYRACUSE,NET 30,CARRIER ENTERPRISE LLC,+18002644806,,HIGH,80,,,240261-78-001,1401 ERIE BLVD EAST SUITE 2,SOUTH CENTRAL REGION LLC,,,,1401 ERIE BLVD E STE 2,,CARRIER ENTERPRISE LR,13210,,,,240261-78-001,,
Airetech,Y,75501,TEXARKANA,N,TX,257,1256,US,,,NaT,TX,,,READY,,,TEXARKANA,NET 30,CARRIER ENTERPRISE LLC,+19038327975,,HIGH,100,hqcen.ap@carrierenterprise.com,,,HQCEN.AP@CARRIERENTERPRISE.COM,1019 N ROBINSON RD,Chad Cook,,,1019 N ROBINSON RD,,CARRIER ENTERPRISE TEXARKANA TX,75501,,hqcen.ap@carrierenterprise.com,,,CHAD COOK,
Airetech,Y,72616,BERRYVILLE,Y,AR,258,1257,US,,,NaT,AR,+18704234815,,READY,,,BERRYVILLE,NET 30,CARROLL ELECTRIC COOP CORP,+18704232161,,MEDIUM,70,towens@carrollecc.com,,,TOWENS@CARROLLECC.COM,PO BOX 4000,Teresa Owens,,870-423-4815,PO BOX 4000,,CARROLL ELECTRIC COOP CORP,72616,,towens@carrollecc.com,,,TERESA OWENS,
Airetech,Y,72118,NORTH LITTLE ROCK,,AR,259,1258,US,,,2026-01-09 04:32:53,AR,+15012051511,,READY,,,NORTH LITTLE ROCK,NET 30,CARSON CONSTRUCTION,+15014835428,,HIGH,80,,,,13203 MACARTHUR DRIVE,,,,501-205-1511,13203 MACARTHUR DR,,CARSON CONSTRUCTION,72118,,,,,,
Airetech,Y,33566,PLANT CITY,,FL,260,1259,US,,,2026-01-09 04:32:55,FL,,,READY,,,PLANT CITY,NET 30,CASE CONTRACTING COMPANY,+18137543477,,HIGH,80,,,,2311 TURKEY CREEK ROAD,,,,,2311 TURKEY CREEK RD,,CASE CONTRACTING COMPANY,33566,,,,,,
Airetech,Y,72117,NORTH LITTLE ROCK,,AR,261,1260,US,,,NaT,AR,,,READY,,,NORTH LITTLE ROCK,NET 30,CBM CONSTRUCTION COMPANY,+15019450829,,MEDIUM,70,creed@cbmconstruction.net,,,CREED@CBMCONSTRUCTION.NET,PO BOX 17016,Cindy Reed,,,PO BOX 17016,,CBM CONSTRUCTION COMPANY,72117,,creed@cbmconstruction.net,,,CINDY REED,
Airetech,Y,72202,LITTLE ROCK,Y,AR,262,1261,US,,,2026-01-09 04:32:57,AR,+15016662280,,READY,,,LITTLE ROCK,NET 30,CDI,+15016664300,,HIGH,80,invoices@cdicon.com,,,EMAIL:INVOICES@CDICON.COM,3000 CANTRELL ROAD,,,501-666-2280,3000 CANTRELL RD,,CDI,72202,,invoices@cdicon.com,,,,
Airetech,Y,72122,PARON,N,AR,263,1262,US,,,NaT,AR,,,READY,,,"PARON,",NET 30,CECIL MOSELEY HEATING & AIR,+15015945448,,MEDIUM,70,,,033785-60-001,PO BOX 64,,Jim Moseley,,,PO BOX 64,,CECIL MOSELEY HEATING AND AIR,72122,,,,033785-60-001,JIM MOSELEY,
Airetech,Y,72209,LITTLE ROCK,N,AR,264,1263,US,,,2026-01-09 04:32:58,AR,+15013725676,,READY,,,"LITTLE ROCK,",NET 30,CED OF LITTLE ROCK,+15013723446,,HIGH,80,ap@cedlr.com,,77-0559191,AP@CEDLR.COM,6621 GEYER SPRINGS ROAD,Paula Wright,,501-372-5676,6621 GEYER SPRINGS RD,,CED OF LITTLE ROCK,72209,,ap@cedlr.com,,77-0559191,PAULA WRIGHT,
Airetech,Y,74145,TULSA,,OK,265,1264,US,,,2026-01-09 04:33:00,OK,+19186221949,,READY,,,TULSA,NET 30,CED TULSA,+19186280080,,HIGH,80,,,,4380 S 91ST E AVENUE,,Shelli Yazon,,918-622-1949,4380 S 91ST E AVE,,CED TULSA,74145,,,,,SHELLI YAZON,
Airetech,Y,72904,FORT SMITH,,AR,295,1300,US,,,2026-01-09 04:33:40,AR,,,READY,,,FORT SMITH,NET 30,CITY OF FORT SMITH,+14797841022,,HIGH,80,,,,3900 KELLEY HIGHWAY,,,,,3900 KELLEY HWY,,CITY OF FORT SMITH,72904,,,,,,
Airetech,Y,72201,LITTLE ROCK,,AR,266,1265,US,STE 230C,,2026-01-09 04:33:01,AR,,,READY,,,LITTLE ROCK,NET 30,CENTRAL AR VETERANS HOME CAVH,,,HIGH,80,,,,501 WOODLANE DR,SUITE 230C,Loma Westmorland,,,501 WOODLANE DR,,CENTRAL AR VETERANS HOME CAVH,72201,,,,,LOMA WESTMORLAND,
Airetech,Y,72653,MOUNTAIN HOME,Y,AR,267,1266,US,,,2026-01-09 04:33:03,AR,+18704252484,,READY,,,MOUNTAIN HOME,NET 30,CENTRAL HEATING COOLING,+18704254717,,HIGH,80,,,007869-03-001,1585 SOUTH COLLEGE STREET,,,,870-425-2484,1585 S COLLEGE ST,,CENTRAL HEATING COOLING,72653,,,,007869-03-001,,
Airetech,Y,72745,LOWELL,,AR,268,1267,US,,,2026-01-09 04:33:04,AR,+14792821830,,READY,,,LOWELL,NET 30,CENTRAL STATES MFG INC,+14797708106,,HIGH,80,ap@csmi.co,,,AP@CSMI.CO     (NOT .COM),302 JANE PLACE,Maryanne Newton,,479-282-1830,302 JANE PL,,CENTRAL STATES MFG INC,72745,,ap@csmi.co,,,MARYANNE NEWTON,
Airetech,Y,74432,EUFAULA,N,OK,269,1268,US,,,NaT,OK,,,READY,,,"EUFAULA,",NET 30,CERTIFIED HEATING & AIR,+19186078853,,MEDIUM,70,,,,PO BOX 742,,Brad Terry,,,PO BOX 742,,CERTIFIED HEATING AND AIR,74432,,,,,BRAD TERRY,
Airetech,Y,72762,SPRINGDALE,,AR,270,1269,US,,,2026-01-09 04:33:06,AR,,,REVIEW,,,SPRINGDALE,NET 30,CHAD DEWEY,+14795318105,,LOW,84,,,,,,Chad Dewey,,,,,CHAD DEWEY,72762,,,,,CHAD DEWEY,
Airetech,Y,74361,PRYOR,,OK,271,1270,US,,,NaT,OK,,,READY,,,PRYOR,NET 30,CHALLENGE QUEST,+19186391676,,HIGH,100,,,,2752 EAST 530 ROAD,,Greg Robinson,,,2752 E 530 RD,,CHALLENGE QUEST,74361,,,,,GREG ROBINSON,
Airetech,Y,72903,FORT SMITH,,AR,273,1272,US,STE 100,,2026-01-09 04:33:09,AR,,,READY,,,FORT SMITH,NET 30,CHARLIE RAEF,+14794528922,,HIGH,80,,,,5704 EUPER LANE,SUITE 100,Charlie Raef,,,5704 EUPER LN,,CHARLIE RAEF,72903,,,,,CHARLIE RAEF,
Airetech,Y,72086,LONOKE,,AR,274,1273,US,,,2026-01-09 04:33:11,AR,,,READY,,,LONOKE,NET 30,CHASE MCMANUS,+15016761288,,HIGH,80,,,,70 MALLARD POINT COVE,,Chase Mcmanus,,,70 MALLARD POINT COVE,,CHASE MCMANUS,72086,,,,,CHASE MCMANUS,
Airetech,Y,72223,LITTLE ROCK,,AR,275,1274,US,,,NaT,AR,+15018216964,,READY,,,LITTLE ROCK,NET 30,CHENAL HEATING & AIR INC,+15018216848,,HIGH,100,tony@chenalheatandair.com,,,tony@chenalheatandair.com,28264 BANDY RD.,Tony,,501-821-6964,28264 BANDY RD,,CHENAL HEATING AND AIR INC,72223,,tony@chenalheatandair.com,,,Tony,
Airetech,Y,74465,TAHLEQUAH,Y,OK,276,1277,US,,,NaT,OK,+19184532051,,READY,,,TAHLEQUAH,NET 30,CHEROKEE NATION ENT DIRECT BILL,+19182073556,,MEDIUM,70,,,OK - EXEMPT,,PO BOX 179,Accounts Payable,,918-453-2051,PO BOX 179,,CHEROKEE NATION ENT   DIRECT BILL,74465,,,,OK - EXEMPT,ACCOUNTS PAYABLE,
Airetech,Y,74015,CATOOSA,N,OK,277,1277B,US,,,2026-01-09 04:33:14,74015,,,READY,,,CATOOSA OK,,CHEROKEE NATION BUSINESS,+19182073556,,HIGH,80,,,OK EXEMPT,777 W CHEROKEE,,Accounts Payable,,,777 W CHEROKEE,,CHEROKEE NATION BUSINESS,,,,,OK EXEMPT,ACCOUNTS PAYABLE,
Airetech,Y,74037,JENKS,,OK,296,1301,US,,,2026-01-09 04:33:41,OK,,,READY,,,JENKS,NET 30,CITY OF JENKS ANIMAL SHELTER,+19182999511,,HIGH,80,,,,211 N ELM STREET,,Fred,,,211 N ELM ST,,CITY OF JENKS ANIMAL SHELTER,74037,,,,,FRED,
Airetech,Y,74501,MCALESTER,,OK,278,1283,US,C/O H & P MECHANICAL,,2026-01-09 04:33:15,OK,,,READY,,,MCALESTER,NET 30,CHICKASAW NATION DEPT OF COMM,,,HIGH,80,,,,2112 N GEORGE NIGH EXPWY,C/O H & P MECHANICAL,H & P Mechanical,,,2112 N GEORGE NIGH EXPWY,,CHICKASAW NATION DEPT OF COMM,74501,,,,,C/O H & P MECHANICAL,
Airetech,Y,30349,ATLANTA,,GA,279,1284,US,,,2026-01-09 04:33:17,GA,,,READY,,,ATLANTA,NET 30,CHICKFILA INC,,,HIGH,80,,,,5200 BUFFINGTON ROAD,,,,,5200 BUFFINGTON RD,,CHICKFILA INC,30349,,,,,,
Airetech,Y,38118,MEMPHIS,,TN,280,1285,US,C/O BERNHARD MCC LLC,,2026-01-09 04:33:19,TN,,,READY,,,MEMPHIS,NET 30,CHOCTAW NATION HEALTH CENTER,,,HIGH,80,,,,3644 CHERRY ROAD,C/O BERNHARD MCC LLC,Bernhard Mcc Llc,,,3644 CHERRY RD,,CHOCTAW NATION HEALTH CENTER,38118,,,,,C/O BERNHARD MCC LLC,
Airetech,Y,74701,DURANT,,OK,281,1286,US,MAIL TO EERN ELECTRIC,,NaT,OK,,,READY,,,DURANT,NET 30,CHOCTAW NATION OF OKLAHOMA,,,HIGH,100,,,,3651 BIG LOTS PARKWAY,MAIL TO EASTERN ELECTRIC,,,,3651 BIG LOTS PKWY,,CHOCTAW NATION OF OK,74701,,,,,,
Airetech,Y,74701,DURANT,,OK,282,1287,US,C/O H & P MECH,,NaT,OK,,,READY,,,DURANT,NET 30,CHOCTAW NATION OF OKLAHOMA,,,HIGH,100,,,,3651 BIG LOTS PARKWAY,C/O H & P MECH,H & P Mech,,,3651 BIG LOTS PKWY,,CHOCTAW NATION OF OKLAHOMA,74701,,,,,C/O H & P MECH,
Airetech,Y,74743,HUGO,,OK,283,1288,US,CONSTRUCTION ADMIN DEPT,,NaT,OK,+19013331977,,READY,,,HUGO,NET 30,CHOCTAW NATION OF OKLAHOMA,+19017973146,,HIGH,100,,,FEI 730717979,104 ED PERRY ROAD,CONSTRUCTION ADMIN. DEPT.,,,901-333-1977,104 ED PERRY RD,,CHOCTAW NATION OF OKLAHOMA,74743,,,,FEI 730717979,,
Airetech,Y,74702-1210,DURANT,N,OK,284,1289,US,,,NaT,OK,+18005226170,,READY,,,DURANT,NET 30,CHOCTAW NATION OF OKLAHOMA,+15809248280,,MEDIUM,70,finap@choctawnation.com,,,FINAP@CHOCTAWNATION.COM,PO DRAWER 1210,,,800-522-6170,PO BOX 1210,,CHOCTAW NATION OF OKLAHOMA DURANT,74702-1210,,finap@choctawnation.com,,,,
Airetech,Y,72022,BRYANT,,AR,285,1290,US,,,2026-01-09 04:33:26,AR,,,READY,,,BRYANT,NET 30,CHRIS CALL,,,HIGH,80,,,,3311 VICKI DRIVE,,Chris Call,,,3311 VICKI DR,,CHRIS CALL,72022,,,,,CHRIS CALL,
Airetech,Y,73108,OKLAHOMA CITY,,OK,286,1291,US,,,NaT,OK,,,READY,,,OKLAHOMA CITY,NET 30,CHRIS FAVRE,+14055931341,,HIGH,100,,,,305 HUDIBERG CIRCLE,,Chris Favre,,,305 HUDIBERG CIR,,CHRIS FAVRE,73108,,,,,CHRIS FAVRE,
Airetech,Y,74955,SALLISAW,,OK,287,1292,US,,,NaT,OK,,,READY,,,SALLISAW,NET 30,CHRISTOPHER ANDERSON,+19187754475,,HIGH,100,,,,114302 S 4629 ROAD,,Chris Anderson,,,114302 S 4629 RD,,CHRISTOPHER ANDERSON,74955,,,,,CHRIS ANDERSON,
Airetech,Y,74147,STIGLER,,OK,288,1293,US,,,2026-01-09 04:33:30,OK,,,READY,,,STIGLER,NET 30,CHRISTOPHER ANDERSON,,,HIGH,80,,,,1310E MAIN ST,,,,,1310E MAIN ST,,CHRISTOPHER ANDERSON,74147,,,,,,
Airetech,Y,72227,LITTLE ROCK,N,AR,289,1294,US,,,2026-01-09 04:33:32,AR,,,READY,,,LITTLE ROCK,NET 30,CIGAR REPUBLIC,+15017667161,,HIGH,80,,,,1315 BRECKENRIDGE DRIVE,,Joe Miller,,,1315 BRECKENRIDGE DR,,CIGAR REPUBLIC,72227,,,,,JOE MILLER,
Airetech,Y,74010,BRISTOW,,OK,290,1295,US,,,NaT,OK,+19183678882,,READY,,,BRISTOW,NET 30,CIRCLE B MECHANICAL,+19183676298,,MEDIUM,70,dsmith@circlebmechanical.com,,78756,DSMITH@CIRCLEBMECHANICAL.COM,PO BOX 868,Debbie Smith,,918-367-8882,PO BOX 868,,CIRCLE B MECHANICAL,74010,,dsmith@circlebmechanical.com,,78756,DEBBIE SMITH,
Airetech,Y,72834,DARDANELLE,,AR,291,1296,US,,,NaT,AR,+14792291777,,READY,,,DARDANELLE,NET 30,CIRCLE P WELDING & FABRICATIONS,+14792648186,,HIGH,100,,,12236020-SLS,10154 SMILEYCREEK LANE,,Wayne Poore,,479-229-1777,10154 SMILEYCREEK LN,,CIRCLE P WELDING AND FABRICATIONS,72834,,,,12236020-SLS,WAYNE POORE,
Airetech,Y,70123,HARAHAN,,LA,292,1297,US,,,NaT,LA,,,READY,,,HARAHAN,NET 30,CIS,+14794398144,,HIGH,100,ap@ci-sales.com,,78587819-SLS,AP@CI-SALES.COM,600 TIME SAVER AVENUE,Craig Berkshire,,,600 TIME SAVER AVE,,CIS,70123,,ap@ci-sales.com,,78587819-SLS,CRAIG BERKSHIRE,
Airetech,Y,72088,FAIRFIELD BAY,,AR,293,1298,US,,,2026-01-09 04:33:37,AR,,,READY,,,FAIRFIELD BAY,NET 30,CITY OF FAIRFIELD BAY,+15012535466,,HIGH,80,,,,109 LAZY OAKS LANE,,Lee Johnson,,,109 LAZY OAKS LN,,CITY OF FAIRFIELD BAY,72088,,,,,LEE JOHNSON,
Airetech,Y,72701,FAYETTEVILLE,,AR,294,1299,US,BUILDING MAINTENANCE,,2026-01-09 04:33:38,AR,,,READY,,,FAYETTEVILLE,NET 30,CITY OF FAYETTEVILLE,+14798414005,,HIGH,80,,,,113 WEST MOUNTAIN STREET,BUILDING MAINTENANCE,,,,113 W MOUNTAIN ST,,CITY OF FAYETTEVILLE,72701,,,,,,
Airetech,Y,72403,JONESBORO,,AR,297,1302,US,,,NaT,AR,,,READY,,,JONESBORO,NET 30,CITY OF JONESBORO,+18709320820,,MEDIUM,70,tshaver@jonesboro.org,,,EMAIL: TSHAVER@JONESBORO.ORG,PO BOX 1845,Teresa Shaver,,,PO BOX 1845,,CITY OF JONESBORO,72403,,tshaver@jonesboro.org,,,TERESA SHAVER,
Airetech,Y,71653,LAKE VILLAGE,,AR,298,1303,US,,,NaT,AR,+18702655817,,READY,,,LAKE VILLAGE,NET 30,CITY OF LAKE VILLAGE,+18702652228,,MEDIUM,70,,,,PO BOX 725,,Amanda Strickland,,870-265-5817,PO BOX 725,,CITY OF LAKE VILLAGE,71653,,,,,AMANDA STRICKLAND,
Airetech,Y,72756,ROGERS,,AR,299,1304,US,,,2026-01-09 04:33:43,AR,+14796211159,,READY,,,ROGERS,NET 30,CITY OF ROGERS PARKS DEPARTMENT,+14796313350,,HIGH,80,,,,315 W OLIVE STREET,,Jodee Sands,,479-621-1159,315 W OLIVE ST,,CITY OF ROGERS PARKS DEPARTMENT,72756,,,,,JODEE SANDS,
Airetech,Y,74103,TULSA,,OK,300,1305,US,STE 875,,2026-01-09 04:33:46,OK,,,READY,,,TULSA,NET 30,CITY OF TULSA,+19185967544,,HIGH,80,,,736005470,175 E. 2ND STREET,SUITE 875,Accounts Payable,,,175 E 2ND ST,,CITY OF TULSA,74103,,,,736005470,ACCOUNTS PAYABLE,
Airetech,Y,74137,TULSA,N,OK,301,1306,US,,,2026-01-09 04:33:47,OK,+19184938150,,READY,,,TULSA,NET 30,CITYPLEX TOWERS,+19184938136,,HIGH,80,receptionist@cityplextowers.co,,,RECEPTIONIST@CITYPLEXTOWERS.CO,"2488 E 81ST STREET, SUITE 188",Cheryl Willis,,918-493-8150,2488 E 81ST ST STE 188,,CITYPLEX TOWERS,74137,,receptionist@cityplextowers.co,,,CHERYL WILLIS,
Airetech,Y,72116,NORTH LITTLE ROCK,,AR,302,1307,US,,,2026-01-09 04:33:49,AR,+15017534244,,READY,,,NORTH LITTLE ROCK,NET 30,CJS ENTERPRISES INC,+15015900014,,HIGH,80,,,,11 EDENWOOD LANE,,Joey Stoll,,501-753-4244,11 EDENWOOD LN,,CJS ENTERPRISES INC,72116,,,,,JOEY STOLL,
Airetech,Y,72764,SPRINGDALE,N,AR,303,1308,US,,,NaT,AR,+14793652802,,READY,,,"SPRINGDALE,",NET 30,CLAYBURN HVAC INC,+14793652801,,HIGH,100,,,60962021-001,,17857 EAST HIGHWAY 412,Chris Bercier,,479-365-2802,17857 E HWY 412,,CLAYBURN HVAC INC,72764,,,,60962021-001,CHRIS BERCIER,
Airetech,Y,72703,FAYETTEVILLE,,AR,304,1309,US,STE 200,,2026-01-09 04:33:53,AR,,,READY,,,FAYETTEVILLE,NET 30,CLEAR ENERGY CONTRACTING LLC,+14796951976,,HIGH,80,,,,438 EAST MILLSAP,SUITE 200,John Mcadams,,,438 E MILLSAP,,CLEAR ENERGY CONTRACTING LLC,72703,,,,,JOHN MCADAMS,
Airetech,Y,71630,ARKANSAS CITY,N,AR,305,1310,US,,,NaT,AR,,,READY,,,ARKANSAS CITY,NET 30,CLEARWATER PAPER,+18707302503,,HIGH,100,,,,5082 HWY 4 NORTH,,Rhonday Findley,,,5082 HWY 4 N,,CLEARWATER PAPER,71630,,,,,RHONDAY FINDLEY,
Airetech,Y,73069,NORMAN,Y,OK,306,1311,US,,,2026-01-09 04:33:56,OK,,,READY,,,NORMAN,NET 30,CLEVELAND COUNTY,+14053660226,,HIGH,80,,,10087218-03,"201 S JONES, SUITE 250",,Earl Cox,,,201 S JONES STE 250,,CLEVELAND COUNTY,73069,,,,10087218-03,EARL COX,
Airetech,Y,55060,OWATONNA,,MN,307,1312,US,,,2026-01-09 04:33:58,MN,+15074511177,,READY,,,OWATONNA,NET 30,CLIMATE BY DESIGN INT COMMISSION,+15074512198,,HIGH,80,,,EXEMPT COMM,2100 PARK DRIVE,,,,507-451-1177,2100 PARK DR,,CLIMATE BY DESIGN INT COMMISSION,55060,,,,EXEMPT COMM,,
Airetech,Y,72078,JACKSONVILLE,,AR,308,1313,US,,,NaT,AR,+15014368199,,READY,,,JACKSONVILLE,NET 30,CLINICAL SPECIALTY INFUSIONS LLC,+15013925160,,MEDIUM,70,,,,PO BOX 5960,,Kerri Taylor,,501-436-8199,PO BOX 5960,,CLINICAL SPECIALTY INFUSIONS LLC,72078,,,,,KERRI TAYLOR,
Airetech,Y,72206,LITTLE ROCK,Y,AR,309,1314,US,,,NaT,AR,,,READY,,,LITTLE ROCK,NET 30,CLINTON AIRPORT,+15015377316,,HIGH,100,,,,2000 DAVE GRUNDFEST DRIVE,,Tanya Wilson,,,2000 DAVE GRUNDFEST DR,,CLINTON AIRPORT,72206,,,,,TANYA WILSON,
Airetech,Y,72031,CLINTON,,AR,310,1315,US,NO CREDIT APP,,2026-01-09 04:34:01,AR,,,READY,,,CLINTON,NET 30,CLINTON FIRST UNITED METHODIST CHC,+19037010744,,HIGH,80,,,,167 JOE BOWLING ROAD,NO CREDIT APP,George Odell,,,167 JOE BOWLING RD,,CLINTON FIRST UNITED METHODIST CHC,72031,,,,,GEORGE ODELL,
Airetech,Y,29073,LEXINGTON,,SC,311,1316,US,,,2026-01-09 04:34:03,SC,,,READY,,,LEXINGTON,NET 30,CMECH,,,HIGH,80,,,,102 BLACKBERRY LANE,,Paul Catoe,,,102 BLACKBERRY LN,,CMech,29073,,,,,PAUL CATOE,
Airetech,Y,74429,COWETA,,OK,312,1318,US,,,2026-01-09 04:34:06,OK,+19182662576,,READY,,,COWETA,NET 30,CO9 AIR CONTROL SYSTEMS INC,+19182662555,,HIGH,80,,,,204 S BROADWAY,,John Mason,,918-266-2576,204 S BROADWAY,,CO9 AIR CONTROL SYSTEMS INC,74429,,,,,JOHN MASON,
Airetech,Y,72761-1030,SILOAM SPRINGS,,AR,313,1319,US,,,NaT,AR,+14795243043,,READY,,,SILOAM SPRINGS,NET 30,COBB VANTRESS HATCHERY,+14795243166,,MEDIUM,70,,,,PO BOX 1030,,Donna,,479-524-3043,PO BOX 1030,,COBB VANTRESS HATCHERY,72761-1030,,,,,DONNA,
Airetech,Y,72703,FAYETTEVILLE,,AR,314,1320,US,,,NaT,AR,,,READY,,,FAYETTEVILLE,NET 30,COENCO INC,+14795750214,,HIGH,100,,,131800-72-001,2476 NORTH HUGHMONT ROAD,,,,,2476 N HUGHMONT RD,,COENCO INC,72703,,,,131800-72-001,,
Airetech,Y,72203,LITTLE ROCK,,AR,315,1321,US,,,NaT,AR,+15013720671,,READY,,,LITTLE ROCK,NET 30,COLLIERS INTERNATIONAL COLLIERS,+15013726161,,MEDIUM,70,,,,PO BOX 3546,,Shelly Keech,,501-372-0671,PO BOX 3546,,COLLIERS INTERNATIONAL COLLIERS AR,72203,,,,,SHELLY KEECH,
Airetech,Y,74169,TULSA,Y,OK,316,1322,US,,,NaT,OK,,,READY,,,TULSA,NET 30,COMFORT CONTROLS,+19185209132,,MEDIUM,70,cliff@comfortcontroltulsa.com,,,CLIFF@COMFORTCONTROLTULSA.COM,PO BOX 691144,Rick Caster,,,PO BOX 691144,,COMFORT CONTROLS,74169,,cliff@comfortcontroltulsa.com,,,RICK CASTER,
Airetech,Y,71022,BRYANT,,AR,317,1323,US,,,2026-01-09 04:34:10,AR,,,READY,,,BRYANT,NET 30,COMFORT INN,+18704034464,,HIGH,80,,,,209 W COMMERCE,,Tejas Rohant,,,209 W COMMERCE,,COMFORT INN,71022,,,,,TEJAS ROHANT,
Airetech,Y,72231,LITTLE ROCK,Y,AR,318,1324,US,,,NaT,AR,+15018345416,,READY,,,LITTLE ROCK,NET 30,COMFORT SYSTEMS USA,+15018343320,,MEDIUM,70,accountspayable@comfortar.com,,00111675-002,ACCOUNTSPAYABLE@COMFORTAR.COM,PO BOX 16620,Dawn,,501-834-5416,PO BOX 16620,,COMFORT SYSTEMS USA AR CONST,72231,,accountspayable@comfortar.com,,00111675-002,DAWN,
Airetech,Y,72401,JONESBORO,,AR,329,1335,US,,,2026-01-09 04:34:25,AR,,,READY,,,JONESBORO,NET 30,CONTROL HEATING & COOLING,+18709353693,,HIGH,80,,,157106-16-001,6000 KRUEGER DRIVE,,,,,6000 KRUEGER DR,,CONTROL HEATING AND COOLING,72401,,,,157106-16-001,,
Airetech,Y,72231,LITTLE ROCK,Y,AR,319,1325,US,,,NaT,AR,+15018345416,,READY,,,LITTLE ROCK,NET 30,COMFORT SYSTEMS USA,+15018343320,,MEDIUM,70,accountspayable@comfortar.com,,111675-60-001,ACCOUNTSPAYABLE@COMFORTAR.COM,PO BOX 16620,Dawn,,501-834-5416,PO BOX 16620,,COMFORT SYSTEMS USA AR SERVICE,72231,,accountspayable@comfortar.com,,111675-60-001,DAWN,
Airetech,Y,72045,EL PASO,,AR,320,1326,US,,,NaT,AR,,,READY,,,EL PASO,NET 30,COMFORT TECH SERVICES,+15017436707,,HIGH,100,,,60217328-001,1550 EL PASO ROAD,,Greg Schneider,,,1550 EL PASO RD,,COMFORT TECH SERVICES,72045,,,,60217328-001,GREG SCHNEIDER,
Airetech,Y,43219,COLUMBUS,,OH,321,1327,US,,,2026-01-09 04:34:13,OH,,,READY,,,COLUMBUS,NET 30,COMFORTROL,+16143370111,,HIGH,80,,,,3135 LAMB AVENUE,,Lon Janezic,,,3135 LAMB AVE,,COMFORTROL,43219,,,,,LON JANEZIC,
Airetech,Y,72209,LITTLE ROCK,N,AR,322,1328,US,,,2026-01-09 04:34:15,AR,,,READY,,,LITTLE ROCK,NET 30,COMMERCIAL AIR LR,+15015626982,,HIGH,80,comairap@comair-inc.com,,032520-60-001,COMAIRAP@COMAIR-INC.COM,9811 I-30,Kelly,,,9811 I-30,,COMMERCIAL AIR LR,72209,,comairap@comair-inc.com,,032520-60-001,KELLY,
Airetech,Y,70123,HARAHAN,,LA,323,1329,US,,,NaT,LA,,,READY,,,HARAHAN,NET 30,COMMERCIAL INDUSTRIAL SALES LLC,+15048180225,,HIGH,100,,,,600 TIME SAVER AVENUE,,Charessa Bell,,,600 TIME SAVER AVE,,COMMERCIAL INDUSTRIAL SALES LLC,70123,,,,,CHARESSA BELL,
Airetech,Y,72015,BENTON,,AR,336,1342,US,,,2026-01-09 04:34:32,AR,+15017760411,,READY,,,BENTON,NET 30,COUNSELING CLINIC INC,+15013154224,,HIGH,80,,,,110 PEARSON ST,,Dewayne Hall,,501-776-0411,110 PEARSON ST,,COUNSELING CLINIC INC,72015,,,,,DEWAYNE HALL,
Airetech,Y,65810,SPRINGFIELD,,MO,324,1330,US,,,2026-01-09 04:34:18,MO,+14178901662,,READY,,,SPRINGFIELD,NET 30,COMMUNITY BLOOD CENTER OT OZARKS,+14172275066,,HIGH,80,,,15833658,220 W PLAINVIEW RD,,Whitney Russell,,417-890-1662,220 W PLAINVIEW RD,,COMMUNITY BLOOD CENTER OT OZARKS,65810,,,,15833658,WHITNEY RUSSELL,
Airetech,Y,74004,BARTLESVILLE,N,OK,325,1331,US,,,2026-01-09 04:34:20,OK,,,REVIEW,,,BARTLESVILLE,NET 30,CONOCOPHILLIPS COMPANY,+19183973164,,LOW,84,,,STS-10150670-,USER ID REINKA,PO BOX 2200,Todd Gallamore,,,,,CONOCOPHILLIPS COMPANY,74004,,,,STS-10150670-,TODD GALLAMORE,
Airetech,Y,74145,TULSA,,OK,326,1332,US,,,2026-01-09 04:34:21,OK,+19186221949,,READY,,,TULSA,NET 30,CONSOLIDATED ELECTRICAL DIST INC OK,+19186280080,,HIGH,80,,,17285120,4380 S 91ST EAST AVENUE,,,,918-622-1949,4380 S 91ST E AVE,,CONSOLIDATED ELECTRICAL DIST INC OK,74145,,,,17285120,,
Airetech,Y,74070,SKIATOOK,,OK,327,1333,US,,,NaT,OK,,,READY,,,SKIATOOK,NET 30,CONSTRUCTION CONSULTING SERVICES,+19183967355,,HIGH,100,,,,14630 N 56TH W AVENUE,,Harold Jimison,,,14630 N 56TH W AVE,,CONSTRUCTION CONSULTING SERVICES,74070,,,,,HAROLD JIMISON,
Airetech,Y,72712,BENTONVILLE,,AR,328,1334,US,,,NaT,AR,,,READY,,,BENTONVILLE,NET 30,CONSUMER TESTING LABS,+14792862300,,MEDIUM,70,nbkacountspayable@ul.com,,,NBKACOUNTSPAYABLE@UL.COM,PO BOX 300,Selena Freeland-Ap,,,PO BOX 300,,CONSUMER TESTING LABS,72712,,nbkacountspayable@ul.com,,,SELENA FREELAND-AP,
Airetech,Y,72079,JEFFERSON,,AR,391,1397,US,,,2026-01-09 04:35:44,AR,,,READY,,,JEFFERSON,NET 30,DCT INC,+18705437069,,HIGH,80,,,,3900 NCTR ROAD,,,,,3900 NCTR RD,,DCT INC,72079,,,,,,
Airetech,Y,72762,SPRINGDALE,,AR,330,1336,US,,,2026-01-09 04:34:27,AR,+18707411023,,READY,,,SPRINGDALE,NET 30,CONWARDS HEATING & COOLING,+18707411014,,HIGH,80,,,122763-05-001,228 A S 40TH ST,,,,870-741-1023,228 A S 40TH ST,,CONWARDS HEATING AND COOLING,72762,,,,122763-05-001,,
Airetech,Y,72034,CONWAY,,AR,331,1337,US,,,2026-01-09 04:34:29,AR,,,READY,,,CONWAY,NET 30,CONWAY BEHAVIORAL HEALTH HOSPITAL,+15012010011,,HIGH,80,,,,2255 STURGIS ROAD,,Donald Forbes,,,2255 STURGIS RD,,CONWAY BEHAVIORAL HEALTH HOSPITAL,72034,,,,,DONALD FORBES,
Airetech,Y,72734,GENTRY,,AR,332,1338,US,,,NaT,AR,+18668244953,,READY,,,GENTRY,NET 30,COOL TEMP AC SERVICE LLC,+14792282469,,MEDIUM,70,,,63812163-SLS,PO BOX 646,,Alan Mitchum,,866-824-4953,PO BOX 646,,COOL TEMP AC SERVICE LLC,72734,,,,63812163-SLS,ALAN MITCHUM,
Airetech,Y,45840,FINDLAY,,OH,333,1339,US,,,2026-01-09 04:34:30,OH,,,READY,,,FINDLAY,NET 30,COOPER TIRE & RUBBER COMPANY,+14194296702,,HIGH,80,,,045763-80-001,701 LIMA AVENUE,,Jim Elseser,,,701 LIMA AVE,,COOPER TIRE AND RUBBER COMPANY,45840,,,,045763-80-001,JIM ELSESER,
Airetech,Y,74157,TULSA,,OK,334,1340,US,,,NaT,OK,,,READY,,,TULSA,NET 30,CORTROL PROCESS SYSTEMS,,,MEDIUM,70,,,73-1058442,PO BOX 9666,,,,,PO BOX 9666,,CORTROL PROCESS SYSTEMS,74157,,,,73-1058442,,
Airetech,Y,71832,DEQUEEN,,AR,335,1341,US,,,NaT,AR,+18706428505,,READY,,,DEQUEEN,NET 30,COSSATOT COMMUNITY COLLEGE,+18705844471,,MEDIUM,70,,,,PO BOX 960,,Accounts Payable,,870-642-8505,PO BOX 960,,COSSATOT COMMUNITY COLLEGE,71832,,,,,ACCOUNTS PAYABLE,
Airetech,Y,72901,FORT SMITH,,AR,337,1343,US,,,2026-01-09 04:34:33,AR,,,READY,,,FORT SMITH,NET 30,COURTYARD MARRIOTT,,,HIGH,80,bill.collins@jqh.com,,,EMAIL: BILL.COLLINS@JQH.COM,900 ROGERS AVE,Bill Collins,,,900 ROGERS AVE,,COURTYARD MARRIOTT FORT SMITH,72901,,bill.collins@jqh.com,,,BILL COLLINS,
Airetech,Y,74447,OKMULGEE,,OK,338,1344,US,,,2026-01-09 04:34:36,OK,,,READY,,,OKMULGEE,NET 30,COVINGTON AIRCRAFT,+19187568320,,HIGH,80,,,182501376,EMAIL @,201 E AIRPORT ROAD,Matthew Ashley,,,201 E AIRPORT RD,,COVINGTON AIRCRAFT,74447,,,,182501376,MATTHEW ASHLEY,
Airetech,Y,74101,TULSA,,OK,339,1345,US,,,NaT,OK,,,READY,,,TULSA,NET 30,COWEN CONSTRUCTION,,,MEDIUM,70,,,,PO BOX 3465,,,,,PO BOX 3465,,COWEN CONSTRUCTION,74101,,,,,,
Airetech,Y,72701,FAYETTEVILLE,,AR,340,1346,US,,,2026-01-09 04:34:37,AR,+14795277001,,READY,,,FAYETTEVILLE,NET 30,CR CRAWFORD CONSTRUCTION LLC,+14792511161,,HIGH,80,,,,1102 S HAPPY HOLLOW ROAD,,,,479-527-7001,1102 S HAPPY HOLLOW RD,,CR CRAWFORD CONSTRUCTION LLC,72701,,,,,,
Airetech,Y,72957,VAN BUREN,,AR,341,1347,US,,,NaT,AR,+14794744874,,READY,,,VAN BUREN,NET 30,CRAWFORD & SEBASTIAN SALES CO LLC,+14794742381,,MEDIUM,70,,,,PO BOX 604,,Todd Young,,479-474-4874,PO BOX 604,,CRAWFORD AND SEBASTIAN SALES CO LLC,72957,,,,,TODD YOUNG,
Airetech,Y,27709,DURHAM,,NC,342,1348,US,,,NaT,NC,,,READY,,,DURHAM,NET 30,CREE INC,+19194075569,,MEDIUM,70,ap@cree.com,,,EMAIL: AP@CREE.COM,PO BOX 110005,,,,PO BOX 110005,,CREE INC,27709,,ap@cree.com,,,,
Airetech,Y,72223,LITTLE ROCK,,AR,343,1349,US,UNIT 103,,2026-01-09 04:34:39,AR,,,READY,,,LITTLE ROCK,NET 30,CRENSHAW SERVICE,+15016806768,,HIGH,80,,,,11610 PLEASANT RIDGE ROAD,UNIT 103,Larry Crenshaw,,,11610 PLEASANT RIDGE RD,,CRENSHAW SERVICE,72223,,,,,LARRY CRENSHAW,
Airetech,Y,72202,LITTLE ROCK,Y,AR,344,1350,US,,,2026-01-09 04:34:41,AR,,,READY,,,LITTLE ROCK,NET 30,CROMWELL ARCHITECTS ENGINEERS,+15013722900,,HIGH,80,,,,1300 E 6TH STREET,,,,,1300 E 6TH ST,,CROMWELL ARCHITECTS ENGINEERS,72202,,,,,,
Airetech,Y,71635,CROSSETT,,AR,345,1351,US,,,NaT,AR,,,READY,,,CROSSETT,NET 30,CROSSETT SERVICE CO LLC,+18703042121,,HIGH,100,,,257986-02-001,106A N ALABAMA STREET,,,,,106A N ALABAMA ST,,CROSSETT SERVICE CO LLC,71635,,,,257986-02-001,,
Airetech,Y,71901,HOT SPRINGS,,AR,346,1352,US,,,2026-01-09 04:34:44,AR,+15012626699,,READY,,,HOT SPRINGS,NET 30,CROSSGATE CHURCH,+15012629779,,HIGH,80,,,,3100 EAST GRAND AVENUE,,Patty Polczynski,,501-262-6699,3100 E GRAND AVE,,CROSSGATE CHURCH,71901,,,,,PATTY POLCZYNSKI,
Airetech,Y,66725,COLUMBUS,,KS,347,1353,US,,,NaT,KS,+16204298957,,READY,,,COLUMBUS,NET 30,CROSSLAND CONSTRUCTION CO,+16204291414,,MEDIUM,70,ap@crossland.com,,,AP@CROSSLAND.COM,PO BOX 45,,,620-429-8957,PO BOX 45,,CROSSLAND CONSTRUCTION CO AR,66725,,ap@crossland.com,,,,
Airetech,Y,66725,COLUMBUS,Y,KS,348,1354,US,,,2026-01-09 04:34:46,KS,,,READY,,,COLUMBUS,NET 30,CROSSLAND CONSTRUCTION,+16204291414,,HIGH,80,,,529572,833 S EAST AVENUE,,,,,833 S E AVE,,CROSSLAND CONSTRUCTION OK,66725,,,,529572,,
Airetech,Y,66725,COLUMBUS,,KS,349,1355,US,,,NaT,KS,,,READY,,,COLUMBUS,NET 30,CROSSLAND HEAVY CONT,+16204291410,,MEDIUM,70,,,,PO BOX 350,,Holly Rhodes,,,PO BOX 350,,CROSSLAND HEAVY CONT,66725,,,,,Holly Rhodes,
Airetech,Y,72712,BENTONVILLE,,AR,350,1356,US,,,2026-01-09 04:34:48,AR,,,READY,,,BENTONVILLE,NET 30,CROSSMAR,+14796196409,,HIGH,80,,,,1500 E CENTRAL AVENUE,,Drake Stobart,,,1500 E CENTRAL AVE,,CROSSMAR,72712,,,,,DRAKE STOBART,
Airetech,Y,72110,MORRILTON,,AR,351,1357,US,,,2026-01-09 04:34:49,AR,+15013546555,,READY,,,MORRILTON,NET 30,CROW CONSTRUCTION & PAVING,+15013546511,,HIGH,80,,,,57 FOSTER DRIVE,,Stephanie Frank,,501-354-6555,57 FOSTER DR,,CROW CONSTRUCTION AND PAVING,72110,,,,,STEPHANIE FRANK,
Airetech,Y,74146,TULSA,Y,OK,352,1358,US,,,2026-01-09 04:34:51,OK,,,READY,,,TULSA,NET 30,CROWL MECHANICAL INC,,,HIGH,80,,,,10324 E 47TH PLACE,,,,,10324 E 47TH PL,,CROWL MECHANICAL INC,74146,,,,,,
Airetech,Y,74128,TULSA,,OK,353,1359,US,,,2026-01-09 04:34:52,OK,+18885982533,,READY,,,TULSA,NET 30,CRS MECHANICAL,+19182580377,,HIGH,80,office@crsmechanical.net,,,EMAIL:OFFICE@CRSMECHANICAL.NET,105 S 109TH EAST PLACE,Garry Miller,,888-598-2533,105 S 109TH E PL,,CRS MECHANICAL,74128,,office@crsmechanical.net,,,GARRY MILLER,
Airetech,Y,72712,BENTONVILLE,,AR,354,1360,US,,,2026-01-09 04:34:54,AR,,,READY,,,BENTONVILLE,NET 30,CRYSTAL BRIDGES,+14794185757,,HIGH,80,,,,EMAIL @,600 MUSEUM WAY,,,,600 MUSEUM WAY,,CRYSTAL BRIDGES,72712,,,,,,
Airetech,Y,74036,INOLA,,OK,355,1361,US,,,NaT,OK,+19185437661,,READY,,,INOLA,NET 30,CSS INC,+19186978783,,MEDIUM,70,,,,PO BOX 639,,Teddy Applegate,,918-543-7661,PO BOX 639,,CSS INC,74036,,,,,TEDDY APPLEGATE,
Airetech,Y,40823,CUMBERLAND,,KY,356,1362,US,,,NaT,KY,,,READY,,,CUMBERLAND,NET 30,CUMBERLAND MINE SERVICE INC,+16065737650,,MEDIUM,70,,,,PO BOX 394,,Charles Garland Iii,,,PO BOX 394,,CUMBERLAND MINE SERVICE INC,40823,,,,,"CHARLES GARLAND, III",
Airetech,Y,72601,HARRISON,Y,AR,357,1363,US,,,NaT,AR,,,READY,,,HARRISON,NET 30,CURTIS HEAT & COOLING,+18707412165,,HIGH,100,,,121800-05-001,510 HWY 62-65 N,,,,,510 HWY 62-65 N,,CURTIS HEAT AND COOLING,72601,,,,121800-05-001,,
Airetech,Y,72015,BENTON,,AR,358,1364,US,,,NaT,AR,,,READY,,,BENTON,NET 30,CURTIS LOWRY,+15012583069,,HIGH,100,,,,1025 BYRD STREET,,Custis Lowry,,,1025 BYRD ST,,CURTIS LOWRY,72015,,,,,CUSTIS LOWRY,
Airetech,Y,72201,LITTLE ROCK,N,AR,359,1365,US,,,2026-01-09 04:35:00,AR,+15045764001,,READY,,,LITTLE ROCK,NET 30,CUSHMAN & WAKEFIELD ENTERGY,+15013775852,,HIGH,80,,,,425 W CAPITOL AVENUE,,Cliff Rhodey,,504-576-4001,425 W CAPITOL AVE,,CUSHMAN AND WAKEFIELD ENTERGY,72201,,,,,CLIFF RHODEY,
Airetech,Y,72532,EVENING SHADE,Y,AR,360,1366,US,,,NaT,AR,+18702663842,,READY,,,EVENING SHADE,NET 30,CUSHMANS CLIMATE CONTROLS INC,+18702663258,,MEDIUM,70,m.johnson@naissllc.com,,320408-67-001,M.JOHNSON@NAISSLLC.COM,PO BOX 238,,,870-266-3842,PO BOX 238,,CUSHMANS CLIMATE CONTROLS INC,72532,,m.johnson@naissllc.com,,320408-67-001,,
Airetech,Y,72556,MELBOURNE,,AR,361,1367,US,,,NaT,AR,,,READY,,,MELBOURNE,NET 30,CUSTOM CAKES,+18708470567,,HIGH,100,,,,41 SOUTH SPRING STREET,,Patricia Bailey,,,41 S SPRING ST,,CUSTOM CAKES,72556,,,,,PATRICIA BAILEY,
Airetech,Y,74012,BROKEN ARROW,,OK,362,1368,US,,,2026-01-09 04:35:03,OK,+19183597221,,READY,,,BROKEN ARROW,NET 30,CUSTOM HEATING & AIR COND,+19183597211,,HIGH,80,,,,901 S 9TH STREET,,Julie/Sam,,918-359-7221,901 S 9TH ST,,CUSTOM HEATING AND AIR COND,74012,,,,,JULIE/SAM,
Airetech,Y,72231,LITTLE ROCK,Y,AR,363,1369,US,,,NaT,AR,+15014904422,,READY,,,LITTLE ROCK,NET 30,CUSTOM METALS,+15014905159,,MEDIUM,70,,,,PO BOX 16390,,Ali Minchew/David Re,,501-490-4422,PO BOX 16390,,CUSTOM METALS,72231,,,,,ALI MINCHEW/DAVID RE,
Airetech,Y,74012,BROKEN ARROW,Y,OK,364,1370,US,,,2026-01-09 04:35:06,OK,+19182583450,,READY,,,BROKEN ARROW,NET 30,CUSTOM SERVICES INC,+19182588686,,HIGH,80,,,,901 S 9TH STREET,,Ap,,918-258-3450,901 S 9TH ST,,CUSTOM SERVICES INC,74012,,,,,AP,
Airetech,Y,72201,LITTLE ROCK,,AR,365,1371,US,STE B-014,,2026-01-09 04:35:08,AR,,,READY,,,LITTLE ROCK,NET 30,CW SERVICES,,,HIGH,80,,,,700 W CAPITOL,SUITE B-014,Tim Norris,,,700 W CAPITOL,,CW SERVICES,72201,,,,,TIM NORRIS,
Airetech,Y,72115,NORTH LITTLE ROCK,,AR,366,1372,US,,,NaT,AR,+15013766834,,READY,,,NORTH LITTLE ROCK,NET 30,CWR CONSTRUCTION,+15013759047,,MEDIUM,70,,,,PO BOX 676,,Melinda Meeks,,501-376-6834,PO BOX 676,,CWR CONSTRUCTION,72115,,,,,MELINDA MEEKS,
Airetech,Y,72904,FORT SMITH,,AR,367,1373,US,,,2026-01-09 04:35:09,AR,,,READY,,,FORT SMITH,NET 30,D & D SERVICES,,,HIGH,80,,,,1401 N 41ST,,Don Grimes,,,1401 N 41ST,,D AND D SERVICES,72904,,,,,DON GRIMES,
Airetech,Y,72315,BLYTHEVILLE,N,AR,368,1374,US,,,NaT,AR,+18707625835,,READY,,,"BLYTHEVILLE,",NET 30,D & L INC,+18707625836,,MEDIUM,70,ap@dlinc.net,,101088-47-001,AP@DLINC.NET,PO BOX 628,Mandy Williams,,870-762-5835,PO BOX 628,,D AND L INC,72315,,ap@dlinc.net,,101088-47-001,MANDY WILLIAMS,
Airetech,Y,72129,PRATTSVILLE,,AR,369,1375,US,,,NaT,AR,,,READY,,,PRATTSVILLE,NET 30,D & S HEATING & AIR,+18706994461,,HIGH,100,,,,2585 HWY 291 N,,,,,2585 HWY 291 N,,D AND S HEATING AND AIR,72129,,,,,,
Airetech,Y,19182-2798,PHILADELPHIA,,PA,370,1376,US,,,NaT,PA,+12127795925,,READY,,,PHILADELPHIA,,DAIKIN AC AMERICAS INC,+19725121943,,MEDIUM,70,,,,PO BOX 822798,,,,212-779-5925,PO BOX 822798,,DAIKIN AC AMERICAS INC,19182-2798,,,,,,
Airetech,Y,60673,CHICAGO,,IL,371,1377,US,,,NaT,IL,,,READY,,,CHICAGO,NET 30,DAIKIN APPLIED,+17635535276,,HIGH,100,,,0025635-76-00,24827 NETWORK PLACE,,Accounts Payable,,,24827 NETWORK PL,,DAIKIN APPLIED,60673,,,,0025635-76-00,ACCOUNTS PAYABLE,
Airetech,Y,,,,,372,1378,US,,,NaT,,,,REVIEW,,,,NET 30,DAIKIN APPLIED MCQUAY COMMISSION,,,LOW,25,,,EXEMPT COMM,MCQUAY COMMISSIONS,,Accounts Payable,,,MCQUAY COMMISSIONS,,DAIKIN APPLIED MCQUAY COMMISSION,,,,,EXEMPT COMM,ACCOUNTS PAYABLE,
Airetech,Y,33331,DAVIE,,FL,373,1379,US,STE 6,,2026-01-09 04:35:16,FL,,,READY,,,DAVIE,NET 30,DAIKIN MCQUAY SOUTH FLORIDA,+19548628500,,HIGH,80,,,,15712 SW 41ST STREET,SUITE 6,,,,15712 SW 41ST ST,,DAIKIN MCQUAY SOUTH FLORIDA,33331,,,,,,
Airetech,Y,38134,MEMPHIS,,TN,374,1380,US,,,NaT,TN,,,READY,,,MEMPHIS,NET 30,DAIKIN SERVICE,+19016542330,,HIGH,100,tmarkle@ewingkessler.com,,,EMAIL:tmarkle@ewingkessler.com,1631 CENTURY CENTER PKWY 103,Laura Kraus,,,1631 CENTURY CENTER PKWY 103,,DAIKIN SERVICE,38134,,tmarkle@ewingkessler.com,,,LAURA KRAUS,
Airetech,Y,74055,OWASSO,,OK,375,1381,US,,,NaT,OK,,,READY,,,OWASSO,NET 30,DALE & LEES SERVICE INC,+19188363089,,HIGH,100,,,STS-10069691-,105 E THIRD STREET,,Usamarilee De Boer,,,105 E THIRD ST,,DALE AND LEES SERVICE INC,74055,,,,STS-10069691-,USAMARILEE DE BOER,
Airetech,Y,71913,HOT SPRINGS,Y,AR,376,1382,US,,,NaT,AR,+15017672099,,READY,,,HOT SPRINGS,NET 30,DANIELL AIR & ELECTRIC INC,+15017674977,,HIGH,100,,,,102B TROOPER ROAD,,Lou Ann,,501-767-2099,102B TROOPER RD,,DANIELL AIR AND ELECTRIC INC,71913,,,,,LOU ANN,
Airetech,Y,71913,HOT SPRINGS,Y,AR,377,1383,US,,,NaT,AR,+15017672099,,READY,,,HOT SPRINGS,NET 30,DANIELL MECHANICAL SERVICES INC,+15017674977,,HIGH,100,,,55860450-SLS,102B TROOPER,,,,501-767-2099,102B TROOPER,,DANIELL MECHANICAL SERVICES INC,71913,,,,55860450-SLS,,
Airetech,Y,72031,CLINTON,,AR,378,1384,US,,,2026-01-09 04:35:25,AR,+15017458180,,READY,,,CLINTON,NET 30,DANNYS SERVICE CO,+15017458188,,HIGH,80,,,267736-71-001,143 ELM STREET,,Kristy Sowell,,501-745-8180,143 ELM ST,,DANNYS SERVICE CO,72031,,,,267736-71-001,KRISTY SOWELL,
Airetech,Y,74055,OWASSO,,OK,379,1385,US,,,NaT,OK,,,READY,,,OWASSO,NET 30,DARIS CONTRACTORS LLC,+19188365700,,MEDIUM,70,,,,PO BOX 897,,Dolores Moorman,,,PO BOX 897,,DARIS CONTRACTORS LLC,74055,,,,,DOLORES MOORMAN,
Airetech,Y,72223,LITTLE ROCK,Y,AR,380,1386,US,,,2026-01-09 04:35:26,AR,+15012249587,,READY,,,LITTLE ROCK,NET 30,DASH HEATING & COOLING,+15012240411,,HIGH,80,,,324171-60-001,12417 CANTRELL ROAD,,Vivian Ext 106,,501-224-9587,12417 CANTRELL RD,,DASH HEATING AND COOLING,72223,,,,324171-60-001,VIVIAN Ext 106,
Airetech,Y,74073,SPERRY,N,OK,381,1387,US,,,2026-01-09 04:35:28,OK,+19184390554,,READY,,,SPERRY,NET 30,DAVCO MECH CONTRACTORS,+19184390540,,HIGH,80,blang@davcomech.com,,FEI731403124,EMAIL: BLANG@DAVCOMECH.COM,4248 E 96TH ST NORTH,Virgil Lang,,918-439-0554,4248 E 96TH ST N,,DAVCO MECH CONTRACTORS,74073,,blang@davcomech.com,,FEI731403124,VIRGIL LANG,
Airetech,Y,74743,HUGO,,OK,382,1388,US,,,NaT,OK,+15803266935,,READY,,,HUGO,NET 30,DAVES AIR,+15803263704,,HIGH,100,,,,2440 TANGLEWOOD LANE,,,,580-326-6935,2440 TANGLEWOOD LN,,DAVES AIR,74743,,,,,,
Airetech,Y,74743,HUGO,,OK,383,1389,US,,,NaT,OK,,,READY,,,HUGO,NET 30,DAVES AIR,+15803263704,,HIGH,100,,,1961852928 -,2440 TANGLEWOOD LANE,,,,,2440 TANGLEWOOD LN,,DAVES AIR,74743,,,,1961852928 -,,
Airetech,Y,74105,TULSA,,OK,384,1390,US,,,2026-01-09 04:35:33,OK,,,READY,,,TULSA,NET 30,DAVID G DUTTON,,,HIGH,80,,,,4124 S VICTOR COURT,,,,,4124 S VICTOR CT,,DAVID G DUTTON,74105,,,,,,
Airetech,Y,46268,INDIANAPOLIS,,IN,385,1391,US,,,2026-01-09 04:35:34,IN,,,READY,,,INDIANAPOLIS,NET 30,DAVID HONEYCUTT,+19186234190,,HIGH,80,,,,5579 W 73RD STREET,,David Honeycutt,,,5579 W 73RD ST,,DAVID HONEYCUTT,46268,,,,,DAVID HONEYCUTT,
Airetech,Y,74107,TULSA,,OK,386,1392,US,,,2026-01-09 04:35:36,OK,,,READY,,,TULSA,NET 30,DAVID ROGERS,,,HIGH,80,,,,6131 W 26TH STREET,,,,,6131 W 26TH ST,,DAVID ROGERS,74107,,,,,,
Airetech,Y,72949,OZARK,,AR,387,1393,US,,,NaT,AR,,,READY,,,OZARK,NET 30,DAVID TOGLIN,+14792092931,,HIGH,100,,,,2923 MISTY LANE,,David Toglin,,,2923 MISTY LN,,DAVID TOGLIN,72949,,,,,DAVID TOGLIN,
Airetech,Y,72113,MAUMELLE,,AR,388,1394,US,,,2026-01-09 04:35:39,AR,+18772552474,,READY,,,MAUMELLE,NET 30,DAVIDS BURGER BRYANT INC,+15017250096,,HIGH,80,,,,102 COUNTRY CLUB PARKWAY,,Courtney Adams,,877-255-2474,102 COUNTRY CLUB PKWY,,DAVIDS BURGER BRYANT INC,72113,,,,,COURTNEY ADAMS,
Airetech,Y,72076,JACKSONVILLE,,AR,389,1395,US,,,NaT,AR,,,READY,,,JACKSONVILLE,NET 30,DAVIS COMFORT LLC,+15017476287,,HIGH,100,,,AR 70717237-S,9507 BATESVILLE PIKE,,Robert Davis,,,9507 BATESVILLE PIKE,,DAVIS COMFORT LLC,72076,,,,AR 70717237-S,ROBERT DAVIS,
Airetech,Y,72601,HARRISON,,AR,390,1396,US,,,2026-01-09 04:35:42,AR,,,READY,,,HARRISON,NET 30,DAVIS CONSTRUCTION,+18707416430,,HIGH,80,,,,212 COY STREET,,,,,212 COY ST,,DAVIS CONSTRUCTION,72601,,,,,,
Airetech,Y,71701,CAMDEN,,AR,393,1399,US,,,2026-01-09 04:35:48,AR,,,READY,,,CAMDEN,NET 30,DEANS HEAT & AC INC,+18708367785,,HIGH,80,,,020236-52-001,1300 CALIFORNIA,,Kathy,,,1300 CALIFORNIA,,DEANS HEAT AND AC INC,71701,,,,020236-52-001,KATHY,
Airetech,Y,00163,OTTAWA,,ON,394,1400,CA,,,NaT,ON,,,READY,,,OTTAWA,NET 30,DEHUMIDIFIED AIR SOLUTIONS,+16137413603,,HIGH,100,,,,EMAIL @,1071 AGES DRIVE,,,,1071 AGES DR,,DEHUMIDIFIED AIR SOLUTIONS,K1G6L3,,,,,,
Airetech,Y,74006,BARTLESVILLE,,OK,395,1401,US,,,2026-01-09 04:35:52,OK,,,READY,,,BARTLESVILLE,NET 30,DELAWARE TRIBE OF INDIANS,,,HIGH,80,,,FEI730948981,5110 TUXEDO BLVD,,,,,5110 TUXEDO BLVD,,DELAWARE TRIBE OF INDIANS,74006,,,,FEI730948981,,
Airetech,Y,72206,LITTLE ROCK,,AR,396,1402,US,,,2026-01-09 04:35:53,AR,+15012170727,,READY,,,LITTLE ROCK,NET 30,DELTA PLASTICS,+15012174009,,HIGH,80,,,,8801 FRAZIER PIKE,,Sue Menth,,501-217-0727,8801 FRAZIER PIKE,,DELTA PLASTICS,72206,,,,,SUE MENTH,
Airetech,Y,72206,LITTLE ROCK,,AR,397,1403,US,,,2026-01-09 04:35:55,AR,,,READY,,,LITTLE ROCK,NET 30,DEMOCRAT PRINTING & LITHOGRAPHY,+15019077972,,HIGH,80,tgarrison@democratprinting.com,,,TGARRISON@DEMOCRATPRINTING.COM,6401 LINDSEY ROAD,Tonya Garrison,,,6401 LINDSEY RD,,DEMOCRAT PRINTING AND LITHOGRAPHY,72206,,tgarrison@democratprinting.com,,,TONYA GARRISON,
Airetech,Y,38133,BARTLETT,N,TN,398,1404,US,,,NaT,TN,,,READY,,,BARTLETT,NET 30,DENNIS ELECTRIC INC,+19013828150,,HIGH,100,,,269885-76-001,7560 BARTLETT CORP DRIVE,,David Greer,,,7560 BARTLETT CORP DR,,DENNIS ELECTRIC INC,38133,,,,269885-76-001,DAVID GREER,
Airetech,Y,38133,BARTLETT,N,TN,399,1405,US,,,NaT,TN,,,READY,,,BARTLETT,NET 30,DENNIS ELECTRIC INC,+19013828150,,HIGH,100,,,269885-76-001,7560 BARTLETT CORP DRIVE,,David Greer,,,7560 BARTLETT CORP DR,,DENNIS ELECTRIC INC - DUPLICATE,38133,,,,269885-76-001,DAVID GREER,
Airetech,Y,,,,,400,1406,US,,,NaT,,,,REVIEW,,,,NET 30,DENNIS MOORE,,,LOW,20,,,,,,Dennis Moore,,,,,DENNIS MOORE,,,,,,DENNIS MOORE,
Airetech,Y,,,N,,401,1407,US,,,NaT,,,,REVIEW,,,,NET 30,DENNIS MOORE,,,LOW,20,,,,,,Dennis Moore,,,,,DENNIS MOORE - DUPLICATE,,,,,,DENNIS MOORE,
Airetech,Y,74401,MUSKOGEE,,OK,402,1408,US,,,2026-01-09 04:36:03,OK,,,READY,,,MUSKOGEE,NET 30,DENSONS HEAT & AIR,+19186875197,,HIGH,80,,,,2030 REEVES STREET,,Devyn,,,2030 REEVES ST,,DENSONS HEAT AND AIR,74401,,,,,DEVYN,
Airetech,Y,72703,FAYETTEVILLE,,AR,403,1409,US,,,2026-01-09 04:36:05,AR,,,READY,,,FAYETTEVILLE,NET 30,DEPT OF VETERAN AFFAIRS MED CTR,,,HIGH,80,,,,1100 N COLLEGE,,Lacy Hankins,,,1100 N COLLEGE,,DEPT OF VETERAN AFFAIRS MED CTR FAY,72703,,,,,LACY HANKINS,
Airetech,Y,72114,NORTH LITTLE ROCK,N,AR,404,1410,US,BUILDING 41,,2026-01-09 04:36:07,AR,,,READY,,,NORTH LITTLE ROCK,NET 30,DEPT OF VETERAN AFFAIRS MED CTR,+15012571136,,HIGH,80,,,TAX LETTER,2200 FORT ROOTS DRIVE,BUILDING 41,Jessica Medlin,,,2200 FORT ROOTS DR,,DEPT OF VETERAN AFFAIRS MED CTR NLR,72114,,,,TAX LETTER,JESSICA MEDLIN,
Airetech,Y,53223,MILWAUKEE,,WI,405,1411,US,,,2026-01-09 04:36:08,WI,,,READY,,,MILWAUKEE,NET 30,DESERT AIRE CORP COMMISSION,+14143577400,,HIGH,80,,,EXEMPT COMM,8300 W SLESKE COURT,,Accounts Payable,,,8300 W SLESKE CT,,DESERT AIRE CORP COMMISSION,53223,,,,EXEMPT COMM,ACCOUNTS PAYABLE,
Airetech,Y,85130,CASA GRANDE,,AZ,406,1412,US,,,NaT,AZ,,,READY,,,CASA GRANDE,NET 30,DESERT SUN HVAC,+15204661489,,MEDIUM,70,,,,PO BOX 12400,,,,,PO BOX 12400,,DESERT SUN HVAC,85130,,,,,,
Airetech,Y,86325,CORNVILLE,,AZ,407,1413,US,,,NaT,AZ,,,READY,,,CORNVILLE,NET 30,DESSICANT ROTORS INTERNATIONAL,+19286392767,,MEDIUM,70,,,,PO BOX 1116,,Mark Clark,,,PO BOX 1116,,DESSICANT ROTORS INTERNATIONAL,86325,,,,,MARK CLARK,
Airetech,Y,72042,DEWITT,,AR,408,1414,US,,,NaT,AR,,,READY,,,DEWITT,NET 30,DEWITT SCHOOL DISTRICT,+18709463576,,MEDIUM,70,,,,PO BOX 700,,,,,PO BOX 700,,DEWITT SCHOOL DISTRICT,72042,,,,,,
Airetech,Y,67202,WICHITA,,KS,409,1415,US,STE 300,,2026-01-09 04:36:10,KS,,,READY,,,WICHITA,NET 30,DIV23 INC,+18336934823,,HIGH,80,,,004-821011096,420 S EMPORIA,SUITE 300,Angela Solomon,,,420 S EMPORIA,,DIV23 INC,67202,,,,004-821011096,ANGELA SOLOMON,
Airetech,Y,72732,GARFIELD,,AR,410,1416,US,,,2026-01-09 04:36:12,AR,,,READY,,,GARFIELD,NET 30,DIVERSIFIED SERVICES,+14793300010,,HIGH,80,,,,16674 INDIAN CREEK ROAD,,Acie Smith,,,16674 INDIAN CREEK RD,,DIVERSIFIED SERVICES NA,72732,,,,,ACIE SMITH,
Airetech,Y,72403,JONESBORO,,AR,411,1417,US,,,NaT,AR,+18709338993,,READY,,,JONESBORO,NET 30,DIXIE CONTRACTORS,+18709322793,,MEDIUM,70,,,,PO BOX 323,,Frank Jowers,,870-933-8993,PO BOX 323,,DIXIE CONTRACTORS,72403,,,,,FRANK JOWERS,
Airetech,Y,76051,GRAPEVINE,,TX,412,1418,US,1225 S MAIN ST STE 300,,2026-01-09 04:36:13,TX,+18175277791,,READY,,,GRAPEVINE,NET 30,DL ROGERS CORP,+18175277820,,HIGH,80,jpiano@dlrogers.com,,,JPIANO@DLROGERS.COM,1225 S MAIN STREET STE 300,Jill Piano,,817-527-7791,1225 S MAIN ST STE 300,,DL ROGERS CORP,76051,,jpiano@dlrogers.com,,,JILL PIANO,
Airetech,Y,71149,SHREVEPORT,,LA,413,1419,US,,,2026-01-09 04:36:15,LA,,,READY,,,SHREVEPORT,NET 30,DMR MECHANICAL LLC,,,HIGH,80,,,,6150 BERT KOUNS INDUSTRIAL LP,,,,,6150 BERT KOUNS INDUSTRIAL LP,,DMR MECHANICAL LLC,71149,,,,,,
Airetech,Y,91773,SAN DIMAS,,CA,414,1420,US,,,2026-01-09 04:36:16,CA,,,READY,,,SAN DIMAS,NET 30,DMS AIR,+16269697700,,HIGH,80,,,,225 S MONTE VISTA AVENUE,,Daniel Montes,,,225 S MONTE VISTA AVE,,DMS AIR,91773,,,,,DANIEL MONTES,
Airetech,Y,71964,PEARCY,Y,AR,415,1421,US,,,NaT,AR,+15017676250,,READY,,,PEARCY,NET 30,DOLLAR SHEET METAL,+15017675066,,HIGH,100,,,,232 ADAM BROWN ROAD,,Beth,,501-767-6250,232 ADAM BROWN RD,,DOLLAR SHEET METAL,71964,,,,,BETH,
Airetech,Y,72143,SEARCY,,AR,416,1422,US,,,NaT,AR,+15013053448,,READY,,,SEARCY,NET 30,DONNIE'S HVAC LLC,+15013053440,,HIGH,100,,,,1114 SOUTH BENTON AVENUE,,Lynn Phares,,501-305-3448,1114 S BENTON AVE,,DONNIE'S HVAC LLC,72143,,,,,LYNN PHARES,
Airetech,Y,73105,OKLAHOMA CITY,Y,OK,417,1423,US,,,NaT,OK,+19186637655,,READY,,,OKLAHOMA CITY,NET 30,DONOHUE COMMERCIAL SERV,+19186635353,,HIGH,100,ap@donohuecommercial.com,,,AP@DONOHUECOMMERCIAL.COM,117 N E 38TH TERRACE,Heather Bussell,,918-663-7655,117 N E 38TH TERRACE,,DONOHUE COMMERCIAL SERV,73105,,ap@donohuecommercial.com,,,HEATHER BUSSELL,
Airetech,Y,35243,BIRMINGHAM,,AL,418,1424,US,,,NaT,AL,+12059512612,,READY,,,BIRMINGHAM,NET 30,DOSTER CONSTRUCTION COMPANY INC,+12054433800,,HIGH,100,,,,2100 INTERNATIONAL PARK DRIVE,,Carol Lennox,,205-951-2612,2100 INTERNATIONAL PARK DR,,DOSTER CONSTRUCTION COMPANY INC,35243,,,,,CAROL LENNOX,
Airetech,Y,72712,BENTONVILLE,N,AR,419,1425,US,,,NaT,AR,,,READY,,,"BENTONVILLE,",NET 30,DOUBLE TREE HOTEL,+14798457770,,HIGH,100,doubletree.accounts@lrar.com,,,doubletree.accounts@lrar.com,301 S E WALTON BLVD,Accounts Payable,,,301 S E WALTON BLVD,,DOUBLE TREE HOTEL BENTONVILLE,72712,,doubletree.accounts@lrar.com,,,ACCOUNTS PAYABLE,
Airetech,Y,72202,LITTLE ROCK,,AR,420,1426,US,,,2026-01-09 04:36:28,AR,,,READY,,,LITTLE ROCK,NET 30,DOUBLETREE HOTEL,+15013724371,,HIGH,80,,,,424 W MARKHAM,,,,,424 W MARKHAM,,DOUBLETREE HOTEL LITTLE ROCK,72202,,,,,,
Airetech,Y,74145,TULSA,,OK,421,1427,US,STE 100,,NaT,OK,+19184390461,,READY,,,TULSA,NET 30,DOWD HEAT & AIR,+19184373721,,HIGH,100,,,,6972 E 38TH STREEET,SUITE 100,Terry Dowd,,918-439-0461,6972 E 38TH STREEET,,DOWD HEAT AND AIR,74145,,,,,TERRY DOWD,
Airetech,Y,74106,TULSA,,OK,423,1429,US,,,2026-01-09 04:36:31,OK,+19182347772,,READY,,,TULSA,NET 30,DS HERRON CO INC,+19182347755,,HIGH,80,accounting@dsherron.com,,69061393-SLS,EMAIL: ACCOUNTING@DSHERRON.COM,1022 E OKLAHOMA STREET,Rob Or Dustin,,918-234-7772,1022 E OKLAHOMA ST,,DS HERRON CO INC,74106,,accounting@dsherron.com,,69061393-SLS,ROB OR DUSTIN,
Airetech,Y,72740,HUNTSVILLE,,AR,424,1430,US,,,2026-01-09 04:36:33,AR,,,READY,,,HUNTSVILLE,NET 30,DUCOMMUN LABARGE,+17382191,,HIGH,80,,,,403 LABARGE AVE,,Charlotte,,,403 LABARGE AVE,,DUCOMMUN LABARGE,72740,,,,,CHARLOTTE,
Airetech,Y,71639,DUMAS,,AR,425,1431,US,,,NaT,AR,,,REVIEW,,,DUMAS,NET 30,DUMAS SCHOOL DISTRICT,+18703824571,,LOW,100,,,,CALLER #8880,,Kelvin Gragg,,,CALLER #8880,,DUMAS SCHOOL DISTRICT,71639,,,,,KELVIN GRAGG,
Airetech,Y,72774,WEST FORK,,AR,426,1432,US,,,NaT,AR,,,READY,,,WEST FORK,NET 30,DUTTON HVAC LLC,+14798562311,,MEDIUM,70,,,78961394-001,PO  BOX 841,,Kathy Dutton,,,PO BOX 841,,DUTTON HVAC LLC,72774,,,,78961394-001,KATHY DUTTON,
Airetech,Y,74145,TULSA,,OK,427,1433,US,,,2026-01-09 04:36:36,OK,+19186636282,,READY,,,TULSA,NET 30,DYNA SERVICE,+19186636200,,HIGH,80,,,74922,5136 S 94TH E AVENUE,,Caroll,,918-663-6282,5136 S 94TH E AVE,,DYNA SERVICE,74145,,,,74922,CAROLL,
Airetech,Y,72018,BENTON,,AR,428,1434,US,,,NaT,AR,+15107769660,,READY,,,BENTON,NET 30,EAGLE ELECTRIC,+15013161236,,MEDIUM,70,alybrand@eaglelectric.com,,234999-62-001,ALYBRAND@EAGLELECTRIC.COM,PO BOX 488,Kaye,,510-776-9660,PO BOX 488,,EAGLE ELECTRIC,72018,,alybrand@eaglelectric.com,,234999-62-001,KAYE,
Airetech,Y,72016,BIGELOW,,AR,429,1435,US,ATTN: ACCOUNTS PAYABLE,,2026-01-09 04:36:38,AR,+15017592667,,READY,,,BIGELOW,NET 30,EAST END SCHOOL DISTRICT BIGELOW,+15017592808,,HIGH,80,,,,114 W PANTHER DR,ATTN: ACCOUNTS PAYABLE,Jacque Kristofik,,501-759-2667,114 W PANTHER DR,,EAST END SCHOOL DISTRICT BIGELOW,72016,,,,,JACQUE KRISTOFIK,
Airetech,Y,72212,LITTLE ROCK,,AR,430,1436,US,,,2026-01-09 04:36:39,AR,+15012273606,,READY,,,LITTLE ROCK,NET 30,EASTER SEALS AR,+15012273600,,HIGH,80,,,070237-84-001,3920 WOODLAND HEIGHTS ROAD,,Tonya Cato,,501-227-3606,3920 WOODLAND HEIGHTS RD,,EASTER SEALS AR,72212,,,,070237-84-001,TONYA CATO,
Airetech,Y,72227,LITTLE ROCK,,AR,431,1437,US,,,NaT,AR,,,READY,,,LITTLE ROCK,NET 30,EAT MY CATFISH,+15017860341,,HIGH,100,eatmycatfishoffice@gmail.com,,,EATMYCATFISHOFFICE@GMAIL.COM,10301 N RODNEY PERHAMA-4,,,,10301 N RODNEY PERHAMA-4,,EAT MY CATFISH,72227,,eatmycatfishoffice@gmail.com,,,,
Airetech,Y,,,N,,432,1438,US,,,NaT,,,,REVIEW,,,,NET 30,EBTRON COMMISSION,,,LOW,20,,,EXEMPT COMM,,,,,,,,EBTRON COMMISSION,,,,,EXEMPT COMM,,
Airetech,Y,72204-2609,LITTLE ROCK,Y,AR,433,1439,US,STE 2,,2026-01-09 04:36:45,AR,,,READY,,,LITTLE ROCK,NET 30,ECO CONSTRUCTION,+15019162460,,HIGH,80,,,,1200 BUSINESS PARK DRIVE,SUITE 2,Patrick Murray,,,1200 BUSINESS PARK DR,,ECO CONSTRUCTION,72204-2609,,,,,PATRICK MURRAY,
Airetech,Y,74055,OWASSO,N,OK,434,1440,US,,,NaT,OK,,,READY,,,"OWASSO,",NET 30,ECT SERVICES,+19186919320,,MEDIUM,70,amandagilliganect@gmail.com,,,AMANDAGILLIGANECT@GMAIL.COM,PO BOX 1702,Ron,,,PO BOX 1702,,ECT SERVICES,74055,,amandagilliganect@gmail.com,,,RON,
Airetech,Y,72205,LITTLE ROCK,,AR,435,1441,US,,,2026-01-09 04:36:46,AR,+15013751391,,READY,,,LITTLE ROCK,NET 30,EDS SUPPLY,+15013759851,,HIGH,80,,,036291-78-001,2611 WEST 7TH STREET,,,,501-375-1391,2611 W 7TH ST,,EDS SUPPLY,72205,,,,036291-78-001,,
Airetech,Y,71730,EL DORADO,,AR,436,1442,US,,,2026-01-09 04:36:48,AR,+18708628671,,READY,,,EL DORADO,NET 30,EDS SUPPLY EL DORADO,+18708630370,,HIGH,80,,,036291-78-001,1327 EAST BLOCK,,,,870-862-8671,1327 E BLOCK,,EDS SUPPLY EL DORADO,71730,,,,036291-78-001,,
Airetech,Y,77365,PORTER,,TX,437,1443,US,,,NaT,TX,,,READY,,,PORTER,NET 30,EDWARD WELBORN MECHANICAL,+19362311546,,MEDIUM,70,,,,PO BOX 2791,,Edward,,,PO BOX 2791,,EDWARD WELBORN MECHANICAL,77365,,,,,EDWARD,
Airetech,Y,72753,PRAIRIE GROVE,,AR,438,1444,US,,,2026-01-09 04:36:50,AR,,,READY,,,PRAIRIE GROVE,NET 30,EDWARDS HEATING & AIR,+14798460185,,HIGH,80,,,,310 S PITTMAN STREET,,Donny,,,310 S PITTMAN ST,,EDWARDS HEATING AND AIR,72753,,,,,DONNY,
Airetech,Y,72113,NORTH LITTLE ROCK,Y,AR,439,1445,US,,,2026-01-09 04:36:51,AR,+15017532936,,READY,,,NORTH LITTLE  ROCK,NET 30,EDWARDS METALS,+15017717444,,HIGH,80,edwardsmetalsinc@gmail.com,,043829-60-001,EDWARDSMETALSINC@GMAIL.COM,8500 COUNTS MASSIE RD,Accounts Payable,,501-753-2936,8500 COUNTS MASSIE RD,,EDWARDS METALS,72113,,edwardsmetalsinc@gmail.com,,043829-60-001,ACCOUNTS PAYABLE,
Airetech,Y,74055,OWASSO,,OK,440,1446,US,,,NaT,OK,,,READY,,,OWASSO,NET 30,EKLUND HEAT & AIR,+19186095665,,MEDIUM,70,,,,PO BOX 2335,,William,,,PO BOX 2335,,EKLUND HEAT AND AIR,74055,,,,,WILLIAM,
Airetech,Y,71730,EL DORADO,Y,AR,441,1447,US,DBA LSB CHEMICAL INC,,NaT,AR,+18708631104,,READY,,,EL DORADO,NET 30,LSB INDUSTRIES INC,+18708631400,,MEDIUM,70,,,114657-80-001,DBA LSB CHEMICAL INC,PO BOX 231,Accounts Payables,,870-863-1104,PO BOX 231,,LSB INDUSTRIES INC,71730,,,,114657-80-001,Accounts Payables,
Airetech,Y,72764,SPRINGDALE,,AR,442,1448,US,,,2026-01-09 04:36:53,AR,,,READY,,,SPRINGDALE,NET 30,ELECTRIC MOTOR CENTER SPG,+14797568041,,HIGH,80,,,AR,804 N JEFFERSON,,Gail,,,804 N JEFFERSON,,ELECTRIC MOTOR CENTER SPG,72764,,,,AR,GAIL,
Airetech,Y,74127,TULSA,Y,OK,443,1449,US,DBA ELEMENTAL AIR & REFRIGERAT,,NaT,OK,,,READY,,,TULSA,NET 30,JEN ENTERPRISES LLC DBA TRIAD SER,+19185083292,,HIGH,100,,,,DBA ELEMENTAL AIR & REFRIGERAT,"402 HEAVY TRAFFIC WAY, BLDG A",Natalie,,,402 HEAVY TRAFFIC WAY BLDG A,,J.E.N ENTERPRISES LLC DBA TRIAD SER,74127,,,,,NATALIE,
Airetech,Y,74014,BROKEN ARROW,,OK,444,1450,US,,,NaT,OK,+19184550465,,READY,,,BROKEN ARROW,NET 30,ELETROPLATING CONSULTANTS INT INC,+19184554411,,HIGH,100,,,STS-10069558-,12940 S 198TH 3 AVE,,Jim Guernsey,,918-455-0465,12940 S 198TH 3 AVE,,ELETROPLATING CONSULTANTS INT INC,74014,,,,STS-10069558-,JIM GUERNSEY,
Airetech,Y,72762,SPRINGDALE,Y,AR,445,1451,US,,,2026-01-09 04:36:58,AR,,,READY,,,SPRINGDALE,NET 30,ELITE BLDG SOLUTIONS,+14797705566,,HIGH,80,julia@ebscommercial.com,,00301541-SLS,JULIA@EBSCOMMERCIAL.COM,446 N 40TH ST,Michelle Patton,,,446 N 40TH ST,,ELITE BLDG SOLUTIONS     SPRINGDALE,72762,,julia@ebscommercial.com,,00301541-SLS,MICHELLE PATTON,
Airetech,Y,74012,BROKEN ARROW,N,OK,446,1452,US,,,2026-01-09 04:37:01,OK,+19182521976,,READY,,,"BROKEN ARROW,",NET 30,ELITE SERVICE,+19182529562,,HIGH,80,jodih@eliteser.com,,,JODIH@ELITESER.COM,400 E JACKSON,Jodi,,918-252-1976,400 E JACKSON,,ELITE SERVICE,74012,,jodih@eliteser.com,,,JODI,
Airetech,Y,72761,SILOAM SPRINGS,,AR,447,1453,US,,,NaT,AR,,,READY,,,SILOAM SPRINGS,NET 30,ELLINGSON CONTRACTING JBZ INC,+16207243330,,MEDIUM,70,joyce@ellingsoncontracting.com,,,JOYCE@ELLINGSONCONTRACTING.COM,PO BOX 7202,Joyce Taylor,,,PO BOX 7202,,ELLINGSON CONTRACTING JBZ INC DBA,72761,,joyce@ellingsoncontracting.com,,,JOYCE TAYLOR,
Airetech,Y,75964-1240,NACOGDOCHES,,TX,448,1454,US,,,NaT,TX,+19367154051,,READY,,,NACOGDOCHES,NET 30,ELLIOTT ELECTRICAL SUPPLY,+19365691184,,MEDIUM,70,,,0215371-29-00,PO  BOX 630610,,Robin Sanchez,,936-715-4051,PO BOX 630610,,ELLIOTT ELECTRICAL SUPPLY,75964-1240,,,,0215371-29-00,ROBIN SANCHEZ,
Airetech,Y,74107,TULSA,,OK,449,1455,US,,,2026-01-09 04:37:03,OK,+19184462411,,READY,,,TULSA,NET 30,EMERGENCY POWER SYSTEMS,+19184460404,,HIGH,80,,,6300,2959 W 21ST STREET,,,,918-446-2411,2959 W 21ST ST,,EMERGENCY POWER SYSTEMS,74107,,,,6300,,
Airetech,Y,73125,OKLAHOMA CITY,,OK,450,1456,US,,,NaT,OK,,,READY,,,OKLAHOMA CITY,NET 30,ENABLE MIDSTREAM,+13186986424,,MEDIUM,70,,,,EMAIL @,PO BOX 258853,Susan Mejia,,,PO BOX 258853,,ENABLE MIDSTREAM,73125,,,,,SUSAN MEJIA,
Airetech,Y,72010,BALD KNOB,,AR,451,1457,US,,,NaT,AR,,,READY,,,BALD KNOB,NET 30,ENBRIDGE,+15012830760,,HIGH,100,,,,299 PUMPING STATION ROAD,,Heath Sanders,,,299 PUMPING STATION RD,,ENBRIDGE,72010,,,,,HEATH SANDERS,
Airetech,Y,73118,OKLAHOMA CITY,N,OK,452,1458,US,,,2026-01-09 04:37:07,OK,+14055257728,,READY,,,OKLAHOMA CITY,NET 30,ENGINEERED EQUIPMENT INC EEI,+14055257722,,HIGH,80,ap@eei-ok.com,,2055979008,EMAIL: ap@eei-ok.com,4601 N SANTA FE AVE,,,405-525-7728,4601 N SANTA FE AVE,,ENGINEERED EQUIPMENT INC EEI,73118,,ap@eei-ok.com,,2055979008,,
Airetech,Y,72033,CONWAY,,AR,453,1459,US,,,NaT,AR,+15013279219,,READY,,,CONWAY,NET 30,ENTEGRITY ENERGY PARTNERS LLC,+15015055800,,MEDIUM,70,,,,PO  BOX 2090,,Julie Carmichael,,501-327-9219,PO BOX 2090,,ENTEGRITY ENERGY PARTNERS LLC,72033,,,,,JULIE CARMICHAEL,
Airetech,Y,70891,BATON ROUGE,,LA,454,1460,US,,,NaT,LA,,,READY,,,BATON ROUGE,NET 30,ENTERGY ARKANSAS INC,+15045764907,,MEDIUM,70,,,,PO  BOX 8111,,Gene Demedicis,,,PO BOX 8111,,ENTERGY ARKANSAS INC,70891,,,,,GENE DEMEDICIS,
Airetech,Y,72104,MALVERN,,AR,455,1461,US,,,NaT,AR,,,READY,,,MALVERN,NET 30,ENTERGY HOT SPRING ENERGY FACILITY,,,HIGH,100,,,,696 BLACK BRANCH ROAD,,Lorren Brent Jenkins,,,696 BLACK BRANCH RD,,ENTERGY HOT SPRING ENERGY FACILITY,72104,,,,,LORREN BRENT JENKINS,
Airetech,Y,43228,COLUMBUS,N,OH,456,1462,US,,,2026-01-09 04:37:10,OH,+16142997653,,READY,,,COLUMBUS,NET 30,ENVIRONMENTAL COMFORT LLC,+16142996464,,HIGH,80,accounting@ecomfortohio.com,,25287334-OHIO,ACCOUNTING@ECOMFORTOHIO.COM,1711 ARLINGATE LANE,Chuck Blythe,,614-299-7653,1711 ARLINGATE LN,,ENVIRONMENTAL COMFORT LLC,43228,,accounting@ecomfortohio.com,,25287334-OHIO,CHUCK BLYTHE,
Airetech,Y,72033,CONWAY,,AR,457,1463,US,,,NaT,AR,+15015132541,,READY,,,CONWAY,NET 30,ENVIRONMENTAL PROCESS SYSTEMS,+15015132540,,MEDIUM,70,,,178804-23-001,PO  BOX 2436,,Dwight Witcher,,501-513-2541,PO BOX 2436,,ENVIRONMENTAL PROCESS SYSTEMS,72033,,,,178804-23-001,DWIGHT WITCHER,
Airetech,Y,72113,MAUMELLE,Y,AR,458,1464,US,,,2026-01-09 04:37:12,AR,,,READY,,,MAUMELLE,NET 30,EPIC MECHANICAL,+15017712500,,HIGH,80,sthomas@epichvac.com,,79560417-sls,STHOMAS@EPICHVAC.COM,8030 COUNTS MASSIE ROAD,Suzie / Cherl,,,8030 COUNTS MASSIE RD,,EPIC MECHANICAL,72113,,sthomas@epichvac.com,,79560417-sls,SUZIE / CHERL,
Airetech,Y,72039,DAMASCUS,,AR,459,1465,US,,,NaT,AR,+15016797283,,READY,,,DAMASCUS,NET 30,ERIC MOIX CONSTRUCTION INC,+15013357164,,MEDIUM,70,,,,EMAIL @,PO BOX 228,Lori Davis,,501-679-7283,PO BOX 228,,ERIC MOIX CONSTRUCTION INC,72039,,,,,LORI DAVIS,
Airetech,Y,,,,AR,460,1466,US,,,2026-01-09 04:37:13,,,,REVIEW,,,AR,NET 30,ERIC PETTY,+18709175234,,LOW,67.33,,,,,,Eric Petty,,,,,ERIC PETTY,,,,,,ERIC PETTY,
Airetech,Y,70065,METAIRIE,,LA,461,1467,US,,,2026-01-09 04:37:15,LA,+15048349377,,READY,,,METAIRIE,NET 30,ERICHSON COMPANY INC,+15048349360,,HIGH,80,kathy@erichson.com,,LAEXEMPT,KATHY@ERICHSON.COM,3008 18TH STREET,Kathy Ibos,,504-834-9377,3008 18TH ST,,ERICHSON COMPANY INC,70065,,kathy@erichson.com,,LAEXEMPT,KATHY IBOS,
Airetech,Y,73118,OKLAHOMA CITY,Y,OK,462,1468,US,,,NaT,OK,+14055282100,,READY,,,OKLAHOMA CITY,NET 30,ES2,+14055284500,,MEDIUM,70,,,,PO BOX 18428,,,,405-528-2100,PO BOX 18428,,ES2,73118,,,,,,
Airetech,Y,72906,NORMAN,N,OK,463,1469,US,,,NaT,OK,+14796480013,,READY,,,NORMAN,NET 30,EVANS ENTERPRISES,+14796481500,,MEDIUM,70,,,010360-65-001,PO BOX 1088,,,,479-648-0013,PO BOX 1088,,EVANS ENTERPRISES,72906,,,,010360-65-001,,
Airetech,Y,74101,TULSA,,OK,464,1470,US,,,NaT,OK,,,READY,,,TULSA,NET 30,EVANS ENTERPRISES,+19185871566,,MEDIUM,70,,,013598-04-001,PO  BOX 1316,,,,,PO BOX 1316,,EVANS ENTERPRISES OK,74101,,,,013598-04-001,,
Airetech,Y,38134,MEMPHIS,,TN,465,1471,US,STE 105,,2026-01-09 04:37:17,TN,+19013808077,,READY,,,MEMPHIS,NET 30,EWING KESSLER,+19016542400,,HIGH,80,,,,1631 CENTURY CENTER PARKWAY,SUITE 105,,,901-380-8077,1631 CENTURY CENTER PKWY,,EWING KESSLER,38134,,,,,,
Airetech,Y,74075,STILLWATER,,OK,466,1472,US,,,2026-01-09 04:37:18,OK,,,READY,,,STILLWATER,NET 30,FAIRFIELD INN & SUITES,+14053726300,,HIGH,80,,,,418 E HALL OF FAME,,Jalena - Gen Mgr,,,418 E HALL OF FAME,,FAIRFIELD INN AND SUITES STILLWATER,74075,,,,,JALENA - GEN MGR,
Airetech,Y,72046,ENGLAND,,AR,467,1473,US,,,NaT,AR,,,READY,,,ENGLAND,NET 30,FALCON INDUSTRIAL SERVICES LLC,+15015165566,,HIGH,100,,,62760018-SLS,2000 DUPREE ROAD,,Jeff Jordan,,,2000 DUPREE RD,,FALCON INDUSTRIAL SERVICES LLC,72046,,,,62760018-SLS,JEFF JORDAN,
Airetech,Y,74114,TULSA,N,OK,468,1474,US,C/O VISION AIR,,2026-01-09 04:37:22,OK,,,READY,,,TULSA,NET 30,FAMILY & CHILDRENS SERVICES,,,HIGH,80,,,,2325 S HARVARD,C/O VISION AIR,,,,2325 S HARVARD,,FAMILY AND CHILDRENS SERVICES,74114,,,,,,
Airetech,Y,72730,FARMINGTON,,AR,469,1475,US,,,2026-01-09 04:37:23,AR,+14792676067,,READY,,,FARMINGTON,NET 30,FARMINGTON PUBLIC SCHOOLS,+14792676017,,HIGH,80,,,,42 S DOUBLE SPRINGS ROAD,,Susan Carnahan,,479-267-6067,42 S DOUBLE SPRINGS RD,,FARMINGTON PUBLIC SCHOOLS,72730,,,,,SUSAN CARNAHAN,
Airetech,Y,74011,BROKEN ARROW,,OK,470,1476,US,,,2026-01-09 04:37:26,OK,,,READY,,,BROKEN ARROW,NET 30,FARMS 51 LLC,+19182323454,,HIGH,80,,,EXM-15329405-,13310 S 121ST E AVENUE,,Jim Dickey,,,13310 S 121ST E AVE,,FARMS 51 LLC,74011,,,,EXM-15329405-,JIM DICKEY,
Airetech,Y,74006,BARTLESVILLE,,OK,471,1477,US,,,2026-01-09 04:37:28,OK,,,READY,,,BARTLESVILLE,NET 30,FARRIS HEAT & AIR,+19184403685,,HIGH,80,,,,3600 MICHIGAN STREET,,Toby Ferris,,,3600 MICHIGAN ST,,FARRIS HEAT AND AIR,74006,,,,,TOBY FERRIS,
Airetech,Y,74006,BARTLESVILLE,,OK,472,1478,US,,,2026-01-09 04:37:30,OK,+19183330431,,READY,,,BARTLESVILLE,NET 30,FARRIS HEAT & AIR CONDITIONING,+19183330376,,HIGH,80,,,,3610 NE MICHIGAN,,Lanie Farris,,918-333-0431,3610 NE MICHIGAN,,FARRIS HEAT AND AIR CONDITIONING,74006,,,,,LANIE FARRIS,
Airetech,Y,72501,BATESVILLE,,AR,473,1479,US,,,2026-01-09 04:37:31,AR,,,READY,,,BATESVILLE,NET 30,FASTENALL,+18706120263,,HIGH,80,,,,3515 HARRISON STREET,,John Ramsey,,,3515 HARRISON ST,,FASTENALL,72501,,,,,JOHN RAMSEY,
Airetech,Y,72033,CONWAY,,AR,474,1480,US,,,NaT,AR,,,READY,,,CONWAY,NET 30,FAULKNER CO FAIR & LIVESTOCK EXPO,+15013295475,,MEDIUM,70,,,,PO BOX 305,,,,,PO BOX 305,,FAULKNER CO FAIR AND LIVESTOCK EXPO,72033,,,,,,
Airetech,Y,72106,MAYFLOWER,Y,AR,475,1481,US,,,2026-01-09 04:37:33,AR,+15014701191,,READY,,,MAYFLOWER,NET 30,FAULKNER PLUMBING & MECHANICAL,+15014701288,,HIGH,80,tlwoodham@faulknerpm.com,,,TLWOODHAM@FAULKNERPM.COM,33 SNUGGS CIRCLE,Tony Or Laurie,,501-470-1191,33 SNUGGS CIR,,FAULKNER PLUMBING AND MECHANICAL,72106,,tlwoodham@faulknerpm.com,,,TONY OR LAURIE,
Airetech,Y,72703,FAYETTEVILLE,Y,AR,476,1482,US,,,NaT,AR,+14795215891,,READY,,,FAYETTEVILLE,NET 30,FAYETTEVILLE MECH CONT,+14795214215,,MEDIUM,70,mthomas@fayettevillemechanical,,,MTHOMAS@FAYETTEVILLEMECHANICAL,PO BOX 8910,Michelle,,479-521-5891,PO BOX 8910,,FAYETTEVILLE MECH CONT,72703,,mthomas@fayettevillemechanical,,,Michelle,
Airetech,Y,,FAYETTEVILLE,N,AR,477,1483,US,,,2026-01-09 04:37:34,,,,REVIEW,,,,NET 30,*DO NOT USE*FAYETTEVILLE MECH CONT,,,LOW,75.67,mthomas@fayettevillemechanical,,,MTHOMAS@FAYETTEVILLEMECHANICAL,"FAYETTEVILLE, AR",Michelle Thomas,,,,,*DO NOT USE*FAYETTEVILLE MECH CONT.,,,mthomas@fayettevillemechanical,,,MICHELLE THOMAS,
Airetech,Y,72701,FAYETTEVILLE,,AR,478,1484,US,,,2026-01-09 04:37:36,AR,,,READY,,,FAYETTEVILLE,NET 30,FAYETTEVILLE PUBLIC LIBRARY,+14798567000,,HIGH,80,,,,401 W MOUNTAIN STREET,,,,,401 W MOUNTAIN ST,,FAYETTEVILLE PUBLIC LIBRARY,72701,,,,,,
Airetech,Y,72702,FAYETTEVILLE,,AR,479,1485,US,,,NaT,AR,,,READY,,,FAYETTEVILLE,NET 30,FAYETTEVILLE PUBLIC SCHOOLS,,,MEDIUM,70,,,,PO BOX 849,,,,,PO BOX 849,,FAYETTEVILLE PUBLIC SCHOOLS,72702,,,,,,
Airetech,Y,72704,FAYETTEVILLE,,AR,480,1486,US,,,2026-01-09 04:37:38,AR,+14794426192,,READY,,,FAYETTEVILLE,NET 30,FAYETTEVILLE YOUTH CNTR INC DWA DWR,+14794429242,,HIGH,80,,,291342-84-001,560 N RUPPLE ROAD,,Judy Abercrombie,,479-442-6192,560 N RUPPLE RD,,FAYETTEVILLE YOUTH CNTR INC DWA DWR,72704,,,,291342-84-001,JUDY ABERCROMBIE,
Airetech,Y,75504,TEXARKANA,,AR,481,1487,US,,,NaT,AR,+18707725677,,READY,,,TEXARKANA,NET 30,FCM PRODUCTS,+18707730138,,MEDIUM,70,,,199739-46-001,PO BOX 521,,,,870-772-5677,PO BOX 521,,FCM PRODUCTS,75504,,,,199739-46-001,,
Airetech,Y,72206,LITTLE ROCK,,AR,482,1488,US,,,NaT,AR,,,READY,,,LITTLE ROCK,NET 30,FEDERAL AVIATION ADMINISTRATION,+15013792980,,HIGH,100,,,,2601 GRUNDFEST JR DRIVE,,Jackson Haynes,,,2601 GRUNDFEST JR DR,,FEDERAL AVIATION ADMINISTRATION,72206,,,,,JACKSON HAYNES,
Airetech,Y,73101,OKLAHOMA CITY,Y,OK,483,1489,US,,,NaT,OK,+14052325438,,READY,,,OKLAHOMA CITY,NET 30,FEDERAL CORPORATION,+14052397301,,MEDIUM,70,ap@federalcorp.com,,121895,ap@federalcorp.com,PO BOX 2600,,,405-232-5438,PO BOX 2600,,FEDERAL CORPORATION,73101,,ap@federalcorp.com,,121895,,
Airetech,Y,72601,HARRISON,,AR,484,1490,US,,,2026-01-09 04:37:41,AR,+18704140220,,READY,,,HARRISON,NET 30,FEDEX FREIGHT INC,+18707045943,,HIGH,80,,,,2200 FORWARD DRIVE,,Steve Duck,,870-414-0220,2200 FORWARD DR,,FEDEX FREIGHT INC,72601,,,,,STEVE DUCK,
Airetech,Y,74361,PRYOR,,OK,485,1491,US,,,2026-01-09 04:37:42,OK,,,REVIEW,,,PRYOR,NET 30,FELL PROPERTIES,,,LOW,84,,,,,,Trudy Fell,,,,,FELL PROPERTIES,74361,,,,,TRUDY FELL,
Airetech,Y,72758,ROGERS,Y,AR,486,1492,US,,,2026-01-09 04:37:44,AR,,,READY,,,ROGERS,NET 30,FELLOWSHIP BIBLE CHURCH,+14796598884,,HIGH,80,payables@fellowshipnwa.org,,,PAYABLES@FELLOWSHIPNWA.ORG,1051 W PLEASANT GROVE ROAD,Ap / Katie,,,1051 W PLEASANT GROVE RD,,FELLOWSHIP BIBLE CHURCH,72758,,payables@fellowshipnwa.org,,,AP / KATIE,
Airetech,Y,23670,HAMPTON,Y,VA,487,1493,US,,,NaT,VA,,,READY,,,HAMPTON,NET 30,FERGUSON ENTERPRISES,+14797827901,,MEDIUM,70,,,122452,P. O. BOX 9406,,,,,PO BOX 9406,,FERGUSON ENTERPRISES,23670,,,,122452,,
Airetech,Y,74120,TULSA,N,OK,488,1495,US,,,2026-01-09 04:37:45,OK,,,READY,,,TULSA,NET 30,FIRST BAPTIST CHURCH,+19185871571,,HIGH,80,,,819532,420 S DETROIT AVE,,Steve Larry,,,420 S DETROIT AVE,,FIRST BAPTIST CHURCH TULSA,74120,,,,819532,STEVE LARRY,
Airetech,Y,74647,NEWKIRK,,OK,489,1496,US,,,NaT,OK,,,READY,,,NEWKIRK,NET 30,FIRST COUNCIL CASINO HOTEL,+14056189303,,HIGH,100,,,FEI-73-114467,12875 N HWY 77,,David Lehman,,,12875 N HWY 77,,FIRST COUNCIL CASINO HOTEL,74647,,,,FEI-73-114467,DAVID LEHMAN,
Airetech,Y,74003,BARTLESVILLE,,OK,490,1497,US,,,2026-01-09 04:37:49,OK,,,READY,,,BARTLESVILLE,NET 30,FIRST PRESBYTERIAN CHURCH,+19183970524,,HIGH,80,,,,505 SE DEWEY AVENUE,,,,,505 SE DEWEY AVE,,FIRST PRESBYTERIAN CHRCH BARTLESVIL,74003,,,,,,
Airetech,Y,74119,TULSA,Y,OK,491,1498,US,,,2026-01-09 04:37:50,OK,,,READY,,,TULSA,NET 30,FIRST PRESBYTERIAN CHURCH,+19185844701,,HIGH,80,,,822279,709 S BOSTON AVE,,Steve Mitchell,,,709 S BOSTON AVE,,FIRST PRESBYTERIAN CHURCH TULSA,74119,,,,822279,STEVE MITCHELL,
Airetech,Y,35603,DECATUR,,AL,492,1499,US,,,2026-01-09 04:37:52,AL,+12563535957,,READY,,,DECATUR,NET 30,FITE BUILDING CO INC,+12563535759,,HIGH,80,tscott@fitebuilding.com,,,TSCOTT@FITEBUILDING.COM,3116 SEXTON ROAD SE STE A,Tanya Scott,,256-353-5957,3116 SEXTON RD SE STE A,,FITE BUILDING CO INC,35603,,tscott@fitebuilding.com,,,TANYA SCOTT,
Airetech,Y,72089,BRYANT,,AR,493,1500,US,,,NaT,AR,+15018474417,,READY,,,BRYANT,NET 30,FITZ SERVICE COMPANY,+15018474416,,MEDIUM,70,,,60511091-001,PO BOX 1072,,,,501-847-4417,PO BOX 1072,,FITZ SERVICE COMPANY,72089,,,,60511091-001,,
Airetech,Y,71106,SHREVEPORT,N,LA,494,1501,US,,,2026-01-09 04:37:54,LA,,,READY,,,SHREVEPORT,NET 30,FITZGERALD CONTRACTORS LLC,+13183222571,,HIGH,80,,,,7103 ST VINCENT AVENUE,,Christopher Fitzgera,,,7103 ST VINCENT AVE,,FITZGERALD CONTRACTORS LLC,71106,,,,,CHRISTOPHER FITZGERA,
Airetech,Y,72761,SILOAM SPRINGS,,AR,495,1502,US,,,2026-01-09 04:37:55,AR,+14795248227,,READY,,,SILOAM SPRINGS,NET 30,FIVE STAR ENERGY,+14795244999,,HIGH,80,,,,17023 CHAMBERS SPRINGS ROAD,,Stacy,,479-524-8227,17023 CHAMBERS SPRINGS RD,,FIVE STAR ENERGY,72761,,,,,STACY,
Airetech,Y,72203,LITTLE ROCK,,AR,496,1503,US,,,NaT,AR,,,READY,,,LITTLE ROCK,NET 30,FLAKE & KELLEY,,,MEDIUM,70,,,,PO BOX 990,,,,,PO BOX 990,,FLAKE AND KELLEY,72203,,,,,,
Airetech,Y,74401,MUSKOGEE,,OK,503,1510,US,,,NaT,OK,,,READY,,,MUSKOGEE,NET 30,FLOCO HEATING & AIR COND LLC,+19184416260,,MEDIUM,70,,,,PO BOX 1837,,Raul Flores,,------------,PO BOX 1837,,FLOCO HEATING AND AIR COND  LLC,74401,,,,,RAUL FLORES,
Airetech,Y,72022,BRYANT,Y,AR,497,1504,US,,,NaT,AR,+15018473598,,READY,,,"BRYANT,",NET 30,FLEMING CONTROLS & POWER SPEC,+15018470375,,MEDIUM,70,krenuard@fleming-controls.com,,,KRENUARD@FLEMING-CONTROLS.COM,PO BOX 881,Accounts Payable,,501-847-3598,PO BOX 881,,FLEMING CONTROLS AND POWER SPEC,72022,,krenuard@fleming-controls.com,,,ACCOUNTS PAYABLE,
Airetech,Y,72089,BRYANT,,AR,498,1505,US,,,NaT,AR,,,READY,,,BRYANT,NET 30,FLEMING ELECTRIC INC,+15018473090,,MEDIUM,70,,,,PO BOX 856,,Deedee,,,PO BOX 856,,FLEMING ELECTRIC INC,72089,,,,,DEEDEE,
Airetech,Y,74114,TULSA,,OK,499,1506,US,,,NaT,OK,,,READY,,,TULSA,NET 30,FLEMINGS STAKEHOUSE,+19186072675,,HIGH,100,,,,1876 UTICA SQUARE,,Gene Mozingo,,,1876 UTICA SQUARE,,FLEMINGS STAKEHOUSE,74114,,,,,GENE MOZINGO,
Airetech,Y,74013,BROKEN ARROW,,OK,500,1507,US,,,NaT,OK,,,READY,,,BROKEN ARROW,NET 30,FLIGHTSAFETY,+19182593494,,MEDIUM,70,,,,PO BOX 160,,Gena Thomas,,,PO BOX 160,,FLIGHTSAFETY,74013,,,,,GENA THOMAS,
Airetech,Y,74120,TULSA,N,OK,501,1508,US,,,NaT,OK,+19185990780,,READY,,,TULSA,NET 30,FLINTCO,+19185878451,,HIGH,100,,,,323 E RECONCILLIATION WAY,,Tracy O'Neill,,918-599-0780,323 E RECONCILLIATION WAY,,FLINTCO,74120,,,,,TRACY O'NEILL,
Airetech,Y,72762,SPRINGDALE,,AR,502,1509,US,,,NaT,AR,+14797504690,,READY,,,SPRINGDALE,NET 30,FLINTCO SPRINGDALE,+14797504565,,HIGH,100,,,,184 E FANTINEL BLVD,,,,479-750-4690,184 E FANTINEL BLVD,,FLINTCO SPRINGDALE,72762,,,,,,
Airetech,Y,72113,MAUMELLE,,AR,504,1511,US,,,NaT,AR,+15016638738,,READY,,,MAUMELLE,NET 30,FLUID SOLUTIONS,+15016638886,,HIGH,100,,,00163792-SLS,6815 DEWAFFLEBAKER DR,,Christine Tomasic,,501-663-8738,6815 DEWAFFLEBAKER DR,,FLUID SOLUTIONS,72113,,,,00163792-SLS,CHRISTINE TOMASIC,
Airetech,Y,74128,TULSA,,OK,505,1512,US,,,2026-01-09 04:38:05,OK,,,READY,,,TULSA,NET 30,FLUID SOLUTIONS,,,HIGH,80,,,,171 S 122ND E AVENUE,,Jay Bridgeman,,,171 S 122ND E AVE,,FLUID SOLUTIONS,74128,,,,,JAY BRIDGEMAN,
Airetech,Y,72209-4356,LITTLE ROCK,,AR,506,1513,US,,,2026-01-09 04:38:07,AR,,,READY,,,LITTLE ROCK,NET 30,FLYNCO INC,,,HIGH,80,,,,7711 DISTRIBUTION DRIVE,,,,,7711 DISTRIBUTION DR,,FLYNCO INC,72209-4356,,,,,,
Airetech,Y,74146,TULSA,,OK,507,1514,US,STE 201,,2026-01-09 04:38:09,OK,,,READY,,,TULSA,NET 30,FLYNT & KALLENBERGER,+19182586890,,HIGH,80,,,,10810 E. 45TH STREET,SUITE 201,Justin Roush,,,10810 E 45TH ST,,FLYNT AND KALLENBERGER,74146,,,,,JUSTIN ROUSH,
Airetech,Y,72701,FAYETTEVILLE,,AR,508,1515,US,,,2026-01-09 04:38:10,AR,,,READY,,,FAYETTEVILLE,NET 30,FM RESOURCES,,,HIGH,80,,,,680 N SAMARA CIRCLE,,Shawn Wilson,,,680 N SAMARA CIR,,FM RESOURCES,72701,,,,,SHAWN WILSON,
Airetech,Y,53158,PLEASANT PRAIRIE,,WI,509,1516,US,,,2026-01-09 04:38:12,WI,+18473481569,,READY,,,PLEASANT PRAIRIE,NET 30,FNA GROUP INC,+18473481567,,HIGH,80,,,,7152 99TH STREET,,Patricia Bogacki,,847-348-1569,7152 99TH ST,,FNA GROUP INC,53158,,,,,PATRICIA BOGACKI,
Airetech,Y,74115-4625,TULSA,Y,OK,510,1517,US,,,2026-01-09 04:38:13,OK,,,READY,,,TULSA,NET 30,FORREST SHOEMAKER AC INC,+19185851239,,HIGH,80,,,,1623 N 71ST E AVENUE,,Norma Clift,,,1623 N 71ST E AVE,,FORREST SHOEMAKER AC INC,74115-4625,,,,,NORMA CLIFT,
Airetech,Y,72902,FORT SMITH,,AR,511,1518,US,,,2026-01-09 04:38:15,AR,,,READY,,,FORT SMITH,NET 30,FORT SMITH PUBLIC SCHOOLS,,,HIGH,80,,,,3205 JENNY LIND,,Accounts Payable,,,3205 JENNY LIND,,FORT SMITH PUBLIC SCHOOLS,72902,,,,,ACCOUNTS PAYABLE,
Airetech,Y,72560-9733,MOUNTAIN VIEW,Y,AR,512,1519,US,,,NaT,AR,+18702693370,,READY,,,MOUNTAIN VIEW,NET 30,FOSTER HEATING & COOLING LLC,+18702693242,,MEDIUM,70,,,59163037-001,PO BOX 1626,,Missy,,870-269-3370,PO BOX 1626,,FOSTER HEATING AND COOLING LLC,72560-9733,,,,59163037-001,MISSY,
Airetech,Y,72762,SPRINGDALE,,AR,513,1520,US,STE B-014,,2026-01-09 04:38:16,AR,,,READY,,,SPRINGDALE,NET 30,FRANKLIN HEATING & AIR,+14792820003,,HIGH,80,,,68918539-SLS,5301 BLEAUX AVENUE,SUITE B-014,Mary Smith,,,5301 BLEAUX AVE,,FRANKLIN HEATING AND AIR,72762,,,,68918539-SLS,MARY SMITH,
Airetech,Y,74104,TULSA,,OK,514,1521,US,,,2026-01-09 04:38:18,OK,,,READY,,,TULSA,NET 30,FRE MECHANICAL,+19182801030,,HIGH,80,,,,1924 EAST 6TH STREET,,Lyle Johnson,,,1924 E 6TH ST,,FRE MECHANICAL,74104,,,,,LYLE JOHNSON,
Airetech,Y,72801,RUSSELLVILLE,,AR,515,1522,US,,,2026-01-09 04:38:20,AR,+14799684843,,READY,,,RUSSELLVILLE,NET 30,FREDDIE ROOD HEATING & COOLING,+14799683131,,HIGH,80,,,,4810 W MAIN STREET,,Mary Jimenez,,479-968-4843,4810 W MAIN ST,,FREDDIE ROOD HEATING AND COOLING,72801,,,,,MARY JIMENEZ,
Airetech,Y,27804,ROCKY MOUNT,,NC,516,1523,US,,,NaT,NC,+12529370015,,READY,,,ROCKY MOUNT,NET 30,FREEDOM INDUSTRIES,+12529840007,,MEDIUM,70,,,,PO BOX 7099,,,,252-937-0015,PO BOX 7099,,FREEDOM INDUSTRIES,27804,,,,,,
Airetech,Y,72032,CONWAY,Y,AR,517,1524,US,,,2026-01-09 04:38:21,AR,+15013272568,,READY,,,CONWAY,NET 30,FREYALDENHOVEN HEATING & COOLING,+15013292951,,HIGH,80,,,007106-23-001,1101 FRONT STREET,,Accounts Payable,,501-327-2568,1101 FRONT ST,,FREYALDENHOVEN HEATING AND COOLING,72032,,,,007106-23-001,ACCOUNTS PAYABLE,
Airetech,Y,72032,CONWAY,N,AR,518,1525,US,,,2026-01-09 04:38:23,AR,+15013272568,,READY,,,CONWAY,NET 30,FREYALDENHOVEN MECHANICAL,+15013292951,,HIGH,80,,,,1101 FRONT STREET,,Brancy,,501-327-2568,1101 FRONT ST,,FREYALDENHOVEN MECHANICAL,72032,,,,,BRANCY,
Airetech,Y,80110,ENGLEWOOD,,CO,519,1526,US,,,2026-01-09 04:38:24,CO,+13038068060,,READY,,,ENGLEWOOD,NET 30,FRONTIER MECH INC,+13038065400,,HIGH,80,,,,2771 W MANSFIELD AVENUE,,,,303-806-8060,2771 W MANSFIELD AVE,,FRONTIER MECH INC,80110,,,,,,
Airetech,Y,46032,CARMEL,,IN,520,1527,US,,,2026-01-09 04:38:26,IN,+13172285810,,READY,,,CARMEL,NET 30,FULLER ENGINEERING CO LLC,+13172285800,,HIGH,80,,,,4135 W 99TH STREET,,Jim Lynch,,317-228-5810,4135 W 99TH ST,,FULLER ENGINEERING CO LLC,46032,,,,,JIM LYNCH,
Airetech,Y,74033,GLENPOOL,,OK,521,1528,US,,,2026-01-09 04:38:27,OK,+18183212253,,READY,,,GLENPOOL,NET 30,FULLER MECHANICAL,+19182713188,,HIGH,80,,,,14855 COURTNEY LANE,,Eugene Fuller,,818-321-2253,14855 CTNEY LN,,FULLER MECHANICAL,74033,,,,,EUGENE FULLER,
Airetech,Y,,,,,522,1529,US,,,NaT,,,,REVIEW,,,,NET 30,GALE RENNER MATTHEWS MANAGEMENT,,,LOW,20,mcservicetech@cox.net,,,MCSERVICETECH@COX.NET,,Gale Renner Matthews,,,,,GALE RENNER MATTHEWS MANAGEMENT,,,mcservicetech@cox.net,,,GALE RENNER MATTHEWS,
Airetech,Y,72217,LITTLE ROCK,,AR,523,1530,US,,,NaT,AR,,,READY,,,LITTLE ROCK,NET 30,GARY HOUSTON ELECTRIC CO,+15013758330,,MEDIUM,70,,,,PO BOX 7525,,Jeannie Morava,,,PO BOX 7525,,GARY HOUSTON ELECTRIC CO,72217,,,,,JEANNIE MORAVA,
Airetech,Y,71639,DUMAS,,AR,524,1531,US,,,2026-01-09 04:38:31,AR,,,READY,,,DUMAS,NET 30,GARYS HEATING COOLING & ELEC,+18703821800,,HIGH,80,,,00264473-SLS,213 N MAIN,,,,,213 N MAIN,,GARYS HEATING COOLING AND ELEC,71639,,,,00264473-SLS,,
Airetech,Y,74110,TULSA,,OK,525,1532,US,,,2026-01-09 04:38:33,OK,,,READY,,,TULSA,NET 30,GAUGE METAL FAB LLC,+19182607007,,HIGH,80,,,,10004 N VICTOR AVENUE,,Mike Carper,,,10004 N VICTOR AVE,,GAUGE METAL FAB LLC,74110,,,,,MIKE CARPER,
Airetech,Y,72758,ROGERS,,AR,526,1533,US,#102,,NaT,AR,,,READY,,,ROGERS,NET 30,GEARY ENGINEERING CO,,,HIGH,100,,,,5502 W WLSH LANE,#102,,,,5502 W WLSH LN,,GEARY ENGINEERING CO,72758,,,,,,
Airetech,Y,72219,LITTLE ROCK,,AR,527,1534,US,,,NaT,AR,+15015656360,,READY,,,LITTLE ROCK,NET 30,GENERAL MECHANICAL CONTR,+15015625511,,MEDIUM,70,,,036716-60-001,PO BOX 190320,,Susie Cross,,501-565-6360,PO BOX 190320,,GENERAL MECHANICAL CONTR,72219,,,,036716-60-001,SUSIE CROSS,
Airetech,Y,77380,THE WOODLANDS,,TX,528,1535,US,,,2026-01-09 04:38:36,TX,,,READY,,,THE WOODLANDS,NET 30,GEO SOUTHERN ENERGY HAMILTON HOUSE,+12813639661,,HIGH,80,mhefer@geosouthernenergy.com,,,MHEFER@GEOSOUTHERNENERGY.COM,1425 LAKE FRONT CIRCLE,Mike Hefer,,,1425 LAKE FRONT CIR,,GEO SOUTHERN ENERGY HAMILTON HOUSE,77380,,mhefer@geosouthernenergy.com,,,MIKE HEFER,
Airetech,Y,72765-2030,SPRINGDALE,,AR,529,1536,US,ATTN: 30095,,NaT,AR,+14799277200,,READY,,,SPRINGDALE,NET 30,GEORGES INC,+14799277000,,MEDIUM,70,,,00037-80-001,PO DRAWER 2030,ATTN: 30095,Brenda,,479-927-7200,PO BOX 2030,,GEORGES INC,727652030,,,,00037-80-001,BRENDA,
Airetech,Y,72757,ROGERS,Y,AR,530,1537,US,,,NaT,AR,,,READY,,,ROGERS,NET 30,GEORGE'S HOMETOWN HEAT & AIR,+14796361470,,MEDIUM,70,,,013385-04-001,PO BOX 1533,,Joe Beaver,,,PO BOX 1533,,GEORGE'S HOMETOWN HEAT AND AIR,72757,,,,013385-04-001,JOE BEAVER,
Airetech,Y,74403,MUSKOGEE,,OK,531,1538,US,,,2026-01-09 04:38:38,OK,,,READY,,,MUSKOGEE,NET 30,GEORGIA PACIFIC,+19186837671,,HIGH,80,gpap-passportcp@acsap-it.com,,235469-80-001,GPAP-PassportCP@acsap-it.com,4901 CHANDLER RD,Purchasing Ext 54202,,,4901 CHANDLER RD,,GEORGIA PACIFIC OK,74403,,gpap-passportcp@acsap-it.com,,235469-80-001,PURCHASING EXT 54202,
Airetech,Y,07998,EL PASO,,TX,532,1539,US,,,NaT,TX,+14047499344,,READY,,,EL PASO,NET 30,GEORGIA PACIFIC PASSPORT,+14046522015,,MEDIUM,70,,,518153,PO BOX 981952,,,,404-749-9344,PO BOX 981952,,GEORGIA PACIFIC PASSPORT CP,7998-1952,,,,518153,,
Airetech,Y,72231,NORTH LITTLE ROCK,Y,AR,533,1540,US,,,NaT,AR,,,READY,,,NORTH LITTLE  ROCK,NET 30,GIBBS SERVICE COMPANY,+15019459382,,MEDIUM,70,,,3445460001,PO BOX 15776,,Eva,,,PO BOX 15776,,GIBBS SERVICE COMPANY,72231,,,,3445460001,EVA,
Airetech,Y,72916,FORT SMITH,,AR,534,1541,US,,,2026-01-09 04:38:39,AR,,,READY,,,FORT SMITH,NET 30,GLATFELTER ADVANCED MATERIALS,,,HIGH,80,will.perry@glatfelter.com,,,WILL.PERRY@GLATFELTER.COM,8201 CHAD COLLEY BLVD,Will Perry,,,8201 CHAD COLLEY BLVD,,GLATFELTER ADVANCED MATERIALS,72916,,will.perry@glatfelter.com,,,WILL PERRY,
Airetech,Y,71730,EL DORADO,Y,AR,535,1542,US,,,2026-01-09 04:38:41,AR,+18708628587,,READY,,,EL DORADO,NET 30,GLENN MECHANICAL CO INC,+18708625901,,HIGH,80,,,,512 WEST HILLSBORO,,Phyllis Lynn Brewer,,870-862-8587,512 W HILLSBORO,,GLENN MECHANICAL CO INC,71730,,,,,PHYLLIS LYNN BREWER,
Airetech,Y,72015,BENTON,N,AR,536,1543,US,,,NaT,AR,,,READY,,,BENTON,NET 30,GLOVER ELECTRIC,+15018603666,,HIGH,100,,,,679 TURTLE CREEK ROAD,,Kevin,,,679 TURTLE CREEK RD,,GLOVER ELECTRIC,72015,,,,,KEVIN,
Airetech,Y,75501,TEXARKANA,N,TX,537,1544,US,STONE HEATING AC AND PLUMBING,,2026-01-09 04:38:44,TX,+19038321976,,READY,,,TEXARKANA,NET 30,GOFF HEATING & AIR INC,+19038386923,,HIGH,80,,,71161743-SLS,STONE HEATING AC AND PLUMBING,5940 WEST 7TH,Annette Perry,,903-832-1976,5940 W 7TH,,GOFF HEATING AND AIR INC,75501,,,,71161743-SLS,ANNETTE PERRY,
Airetech,Y,72118,NORTH LITTLE ROCK,,AR,586,1593,US,,,2026-01-09 04:39:49,AR,,,READY,,,NORTH LITTLE ROCK,NET 30,HARPER SHEET METAL,+15017531656,,HIGH,80,,,,3924 NONA STREET,,,,,3924 NONA ST,,HARPER SHEET METAL,72118,,,,,,
Airetech,Y,37338,GREYSVILLE,,TN,538,1545,US,,,NaT,TN,,,READY,,,GREYSVILLE,NET 30,GOINS HEATING & AIR CONDITIONING,,,HIGH,100,,,,132 PIKEVILLE AVENUE,,Mel Green,,,132 PIKEVILLE AVE,,GOINS HEATING AND AIR CONDITIONING,37338,,,,,MEL GREEN,
Airetech,Y,65802,SPRINGFIELD,Y,MO,539,1546,US,,,2026-01-09 04:38:47,MO,+14178739771,,READY,,,SPRINGFIELD,NET 30,GOLD MECHANCAL INC,+14178739770,,HIGH,80,accountspayable@goldmechanical,,,ACCOUNTSPAYABLE@GOLDMECHANICAL,4735 WEST DIVISION STREET,Gary Glad,,417-873-9771,4735 W DIVISION ST,,GOLD MECHANCAL INC,65802,,accountspayable@goldmechanical,,,GARY GLAD,
Airetech,Y,74133,TULSA,,OK,540,1547,US,STE 153,,2026-01-09 04:38:49,OK,,,READY,,,TULSA,NET 30,GOLDMILL,+19187063938,,HIGH,80,,,,10026 A SOUTH MINGO ROAD,SUITE 153,Trey Thaxton,,,10026 A S MINGO RD,,GOLDMILL,74133,,,,,TREY THAXTON,
Airetech,Y,72205,LITTLE ROCK,,AR,541,1548,US,,,NaT,AR,,,READY,,,"LITTLE ROCK,",NET 30,GOOD SHEPHERD RETIREMENT HOME,,,HIGH,100,,,,2701 ALDERSDGATE ROAD,,,,,2701 ALDERSDGATE RD,,GOOD SHEPHERD RETIREMENT HOME,72205,,,,,,
Airetech,Y,,,,,542,1549,US,,,NaT,,,,REVIEW,,,,,GOODMAN MFG CO COMMISSION,,,LOW,20,,,EXEMPT COMM,,,,,,,,GOODMAN MFG CO COMMISSION,,,,,EXEMPT COMM,,
Airetech,Y,72209-3175,LITTLE ROCK,,AR,543,1550,US,#50,,2026-01-09 04:38:53,AR,+15014925875,,READY,,,LITTLE ROCK,NET 30,GOODWILL INDUSTRIES OF ARKANSAS INC,+15013725100,,HIGH,80,,,,7400 SCOTT HAMILTON DRIVE,#50,Sylvia Murchison,,501-492-5875,7400 SCOTT HAMILTON DR,,GOODWILL INDUSTRIES OF ARKANSAS INC,72209-3175,,,,,SYLVIA MURCHISON,
Airetech,Y,72903,FORT SMITH,,AR,544,1551,US,,,2026-01-09 04:38:55,AR,+14797837555,,READY,,,FORT SMITH,NET 30,GOODWIN & GOODWIN,+14796517321,,HIGH,80,,,,3503 FREE FERRY ROAD,,Bryan Goodwin,,479-783-7555,3503 FREE FERRY RD,,GOODWIN AND GOODWIN,72903,,,,,BRYAN GOODWIN,
Airetech,Y,72764,SPRINGDALE,,AR,545,1552,US,,,2026-01-09 04:38:57,AR,,,READY,,,SPRINGDALE,NET 30,GOODWIN FACILITY SOLUTIONS LLC,+14792874497,,HIGH,80,tcleveland@gfsvet.com,,54365888-SLS,TCLEVELAND@GFSVET.COM,2057 FORD AVENUE,Tasha Cleveland,,,2057 FORD AVE,,GOODWIN FACILITY SOLUTIONS LLC,72764,,tcleveland@gfsvet.com,,54365888-SLS,TASHA CLEVELAND,
Airetech,Y,74361,PRYOR,,OK,546,1553,US,,,2026-01-09 04:38:58,OK,,,READY,,,PRYOR,NET 30,GOOGLE INC,+19185301011,,HIGH,80,,,,4581 WEBB STREET,,Shawn Scates,,,4581 WEBB ST,,GOOGLE INC,74361,,,,,SHAWN SCATES,
Airetech,Y,38116,MEMPHIS,,TN,547,1554,US,,,2026-01-09 04:39:00,TN,,,READY,,,MEMPHIS,NET 30,GORHAM SCHAFFLER,+19013456100,,HIGH,80,,,67868452-SLS,3095 STONEBROOK CIR,,,,,3095 STONEBROOK CIR,,GORHAM SCHAFFLER,38116,,,,67868452-SLS,,
Airetech,Y,,,,,548,1555,US,,,NaT,,,,REVIEW,,,,,GORHAM SCHAFFLER COMMISSION,,,LOW,20,,,EXEMPT COMM,,,,,,,,GORHAM SCHAFFLER COMMISSION,,,,,EXEMPT COMM,,
Airetech,Y,71933,BONNERDALE,,AR,549,1556,US,,,NaT,AR,,,READY,,,BONNERDALE,NET 30,GOSLEE CONSTRUCTION,+15019913120,,HIGH,100,,,,1959 CADDO GAP ROAD,,Julian Goslee,,,1959 CADDO GAP RD,,GOSLEE CONSTRUCTION,71933,,,,,JULIAN GOSLEE,
Airetech,Y,72012,BEEBE,,AR,550,1557,US,,,2026-01-09 04:39:05,AR,+15018823280,,READY,,,BEEBE,NET 30,GRAFF SERVICE COMPANY,+15018823174,,HIGH,80,,,,1400 DEWITT HENRY DRIVE,,,,501-882-3280,1400 DEWITT HENRY DR,,GRAFF SERVICE COMPANY,72012,,,,,,
Airetech,Y,63178,ST. LOUIS,Y,MO,551,1558,US,,,NaT,MO,+13145730090,,READY,,,ST. LOUIS,NET 30,GRAYBAR ELECTRIC COMPANY,+13145732000,,MEDIUM,70,,,0036641-78-00,PO BOX 78099,,,,314-573-0090,PO BOX 78099,,GRAYBAR ELECTRIC COMPANY,63178,,,,0036641-78-00,,
Airetech,Y,72110,MORRILTON,N,AR,552,1559,US,,,NaT,AR,,,READY,,,MORRILTON,NET 30,GREEN BAY PACKAGING,+15013544521,,MEDIUM,70,,,000006-80-001,PO BOX 711,,,,,PO BOX 711,,GREEN BAY PACKAGING,72110,,,,000006-80-001,,
Airetech,Y,72761-5534,SILOAM SPRINGS,,AR,553,1560,US,,,2026-01-09 04:39:06,AR,,,READY,,,SILOAM SPRINGS,NET 30,GREEN SERVICES INC,+14793877453,,HIGH,80,,,,1653 TANGLEWOOD LANE,,,,,1653 TANGLEWOOD LN,,GREEN SERVICES INC,72761-5534,,,,,,
Airetech,Y,53288,MILWAUKEE,N,WI,554,1561,US,,,NaT,WI,,,READY,,,MILWAUKEE,NET 30,GREENHECK COMMISSION,+17153596171,,HIGH,100,,,EXEMPT COMM,BIN 145,,Greenheck Fan Corp,,,BIN 145,,GREENHECK COMMISSION,53288,,,,EXEMPT COMM,GREENHECK FAN CORP,
Airetech,Y,53288,MILWAUKEE,Y,WI,555,1562,US,,,NaT,WI,,,READY,,,MILWAUKEE,NET 30,GREENHECK FAN CORP,,,HIGH,100,debbie.porath@greenheck.com,,,DEBBIE.PORATH@GREENHECK.COM,BIN 145,,,,BIN 145,,GREENHECK FAN CORP,53288,,debbie.porath@greenheck.com,,,,
Airetech,Y,72936,GREENWOOD,,AR,556,1563,US,,,2026-01-09 04:39:16,AR,+14799964143,,READY,,,GREENWOOD,NET 30,GREENWOOD SCHOOL DISTRICT,+14799964142,,HIGH,80,,,,420 N MAIN STREET,,Brenda Risley,,479-996-4143,420 N MAIN ST,,GREENWOOD SCHOOL DISTRICT,72936,,,,,BRENDA RISLEY,
Airetech,Y,72956,VAN BUREN,Y,AR,557,1564,US,,,NaT,BUREN,,,READY,,,VAN,NET 30,GREGORY MECHANICAL,+14794612747,,HIGH,100,,,,555 WEST KIBLER HWY,,Ronnie Gregory,,,555 W KIBLER HWY,,GREGORY MECHANICAL,72956,,,,,RONNIE GREGORY,
Airetech,Y,74402,MUSKOGEE,,OK,558,1565,US,,,NaT,OK,+19186822604,,READY,,,MUSKOGEE,NET 30,GRIFFIN FOOD COMPANY MUSKOGEE,+19186876311,,MEDIUM,70,,,STS10007715-0,PO BOX 1928,111 S CHEROKEE,Kim Perry,,918-682-2604,PO BOX 1928,111 S CHEROKEE,GRIFFIN FOOD COMPANY MUSKOGEE,74402,,,,STS10007715-0,KIM PERRY,
Airetech,Y,73071,NORMAN,,OK,559,1566,US,,,2026-01-09 04:39:19,OK,,,READY,,,NORMAN,NET 30,GRIFFIN MEMORIAL STATE OF OKLAHOMA,+14055736685,,HIGH,80,,,895994 - OK,EMAIL @,900 E MAIN STREET,Janine Mckissick,,,900 E MAIN ST,,GRIFFIN MEMORIAL STATE OF OKLAHOMA,73071,,,,895994 - OK,JANINE MCKISSICK,
Airetech,Y,71913,HOT SPRINGS,,AR,560,1567,US,,,2026-01-09 04:39:21,AR,+15012525814,,READY,,,HOT SPRINGS,NET 30,GRISHAM AIRECARE,+18004353641,,HIGH,80,,,75513930-001,209 BUENA VISTA,,,,501-252-5814,209 BUENA VISTA,,GRISHAM AIRECARE,71913,,,,75513930-001,,
Airetech,Y,65745,SELIGMAN,,MO,579,1586,US,,,NaT,MO,+14796561214,,READY,,,SELIGMAN,NET 30,HANDLEY HEAT & AIR,+14796561207,,MEDIUM,70,,,,PO BOX 311,,Jeff Handley,,479-656-1214,PO BOX 311,,HANDLEY HEAT AND AIR,65745,,,,,JEFF HANDLEY,
Airetech,Y,61201,ROCK ISLAND,,IL,561,1568,US,,,2026-01-09 04:39:23,IL,,,READY,,,ROCK ISLAND,NET 30,GROUP O SUPPLY CHAIN SOLUTIONS,+13097368561,,HIGH,80,indirect.accounting@groupo.com,,12080004-SLS,INDIRECT.ACCOUNTING@GROUPO.COM,2916 78TH AVENUE WEST,Elizabeth Thruman,,,2916 78TH AVE W,,GROUP O SUPPLY CHAIN SOLUTIONS,61201,,indirect.accounting@groupo.com,,12080004-SLS,ELIZABETH THRUMAN,
Airetech,Y,74344,GROVE,,OK,562,1569,US,,,2026-01-09 04:39:24,OK,+19187868046,,READY,,,GROVE,NET 30,GROVE ELECTRIC,,,HIGH,80,,,,29081 S 637 ROAD,,,,918-786-8046,29081 S 637 RD,,GROVE ELECTRIC,74344,,,,,,
Airetech,Y,71914,HOT SPRINGS,N,AR,563,1570,US,,,NaT,AR,+15016231808,,READY,,,HOT SPRINGS,NET 30,GTS INC NEW BILLS TO PASCHAL,+15017603032,,MEDIUM,70,ap@gopaschal.com,,,AP@GOPASCHAL.COM,PO BOX 2624,Micheal Gibson/Joe,,501-623-1808,PO BOX 2624,,GTS INC        NEW BILLS TO PASCHAL,71914,,ap@gopaschal.com,,,MICHEAL GIBSON/JOE,
Airetech,Y,76550,LAMPASAS,,TX,564,1571,US,,,NaT,TX,,,READY,,,LAMPASAS,NET 30,GUYCO INC,,,MEDIUM,70,,,,PO BOX 1030,,Steve Hudson,,,PO BOX 1030,,GUYCO INC,76550,,,,,STEVE HUDSON,
Airetech,Y,74017,CLAREMORE,,OK,565,1572,US,,,NaT,OK,+19187288970,,READY,,,CLAREMORE,NET 30,H & E MECHANICAL LLC,+19184073742,,HIGH,100,,,,17176 S CREEKWOOD COURT,,Eric Baker,,918-728-8970,17176 S CREEKWOOD CT,,H AND E MECHANICAL LLC,74017,,,,,ERIC BAKER,
Airetech,Y,71901,HOT SPRINGS,,AR,566,1573,US,,,NaT,AR,,,READY,,,"HOT SPRINGS,",NET 30,H & H ELECTRIC,+15012623320,,HIGH,100,,,,158 TECHNIC CIRCLE,,,,,158 TECHNIC CIR,,H AND H ELECTRIC,71901,,,,,,
Airetech,Y,72736,GRAVETTE,,AR,567,1574,US,,,NaT,AR,,,READY,,,GRAVETTE,NET 30,H & K HEATING & AIR,+14793661691,,HIGH,100,jeff@hkheatingandair.com,,,jeff@hkheatingandair.com,1201 ROCKYDELL ROAD,,,,1201 ROCKYDELL RD,,H AND K HEATING AND AIR,72736,,jeff@hkheatingandair.com,,,,
Airetech,Y,74501,MCALESTER,Y,OK,568,1575,US,,,2026-01-09 04:39:31,OK,+19184261441,,READY,,,MCALESTER,NET 30,H & P MECHANICAL LLC,+19184262889,,HIGH,80,ap@hpmechanicalcontractors.com,,1861443584,AP@HPMECHANICALCONTRACTORS.COM,2112 N GEORGE NIGH EXPWY,Todd Dalton Gm,,918-426-1441,2112 N GEORGE NIGH EXPWY,,H AND P MECHANICAL LLC,74501,,ap@hpmechanicalcontractors.com,,1861443584,"TODD DALTON, GM",
Airetech,Y,73020,CHOCTAW,,OK,569,1576,US,,,2026-01-09 04:39:33,OK,,,READY,,,CHOCTAW,NET 30,H & S MECHANICAL,,,HIGH,80,,,,15639 SE 29TH,,Billy Holmes,,,15639 SE 29TH,,H AND S MECHANICAL,73020,,,,,BILLY HOLMES,
Airetech,Y,74965,WESTVILLE,,OK,570,1577,US,,,2026-01-09 04:39:34,OK,,,READY,,,WESTVILLE,NET 30,H2 HEAT & AIR,,,HIGH,80,,,,108 W DIVISION STREET,,H2 Heat And Air,,,108 W DIVISION ST,,H2 HEAT AND AIR,74965,,,,,H2 HEAT AND AIR,
Airetech,Y,02284-2912,BOSTON,Y,MA,571,1578,US,,,NaT,MA,+14847089231,,READY,,,BOSTON,NET 30,HAJOCA CORPORATION,+12252954244,,MEDIUM,70,vendorinvoices@hajoca.com,hjccorp-invoices@hjccorp.ca,1234567890,vendorinvoices@hajoca.com,PO BOX 842912,Shannon Reis,,484-708-9231,PO BOX 842912,,HAJOCA CORPORATION,02284-2912,,vendorinvoices@hajoca.com,HJCCORP-INVOICES@HJCCORP.CA,1234567890,SHANNON REIS,
Airetech,Y,,,,,572,1579,US,,,NaT,,,,REVIEW,,,,NET 30,HALL AUTO,,,LOW,20,,,,,,,,,,,HALL AUTO,,,,,,,
Airetech,Y,71107,SHREVEPORT,Y,LA,573,1580,US,,,2026-01-09 04:39:37,LA,+13182207616,,READY,,,"SHREVEPORT,",NET 30,HALLS CONSTRUCTION,+13182209414,,HIGH,80,office@hallsair.com,,,OFFICE@HALLSAIR.COM,1475 FULLERTON ST,Kyle,,3182207616,1475 FULLERTON ST,,HALLS CONSTRUCTION,71107,,office@hallsair.com,,,KYLE,
Airetech,Y,74147,TULSA,N,OK,574,1581,US,,,NaT,OK,,,READY,,,TULSA,NET 30,HAMBRICK FERGUSON,+19186272462,,MEDIUM,70,suzie@hfi-ok.com,,,SUZIE@HFI-OK.COM,PO BOX 470245,Suzie,,,PO BOX 470245,,HAMBRICK FERGUSON,74147,,suzie@hfi-ok.com,,,SUZIE,
Airetech,Y,71744,HAMPTON,N,AR,575,1582,US,,,NaT,AR,+18707983543,,READY,,,HAMPTON,NET 30,HAMPTON HEATING & AIR,+18707983540,,MEDIUM,70,hheatair@sat-co.net,,00031333-SLS,HHEATAIR@SAT-CO.NET,PO BOX 1045,Katie Bradford,,870-798-3543,PO BOX 1045,,HAMPTON HEATING AND AIR,71744,,hheatair@sat-co.net,,00031333-SLS,KATIE BRADFORD,
Airetech,Y,71603,PINE BLUFF,Y,AR,576,1583,US,,,2026-01-09 04:39:39,AR,+18708507454,,READY,,,PINE BLUFF,NET 30,HAMPTON INN & SUITES,+18708507488,,HIGH,80,,,,511 MALLARD LOOP,,Fenil Nagda,,870-850-7454,511 MALLARD LOOP,,HAMPTON INN AND SUITES PINE BLUFF,71603,,,,,FENIL NAGDA,
Airetech,Y,,MUSKOGEE,,OK,577,1584,US,,,2026-01-09 04:39:41,OK,,,READY,,,MUSKOGEE,NET 30,HAMPTON INN MUSKOGEE,+19186822587,,HIGH,71.67,,,,3100 MILITARY BLVD,,,,,3100 MILITARY BLVD,,HAMPTON INN MUSKOGEE,,,,,,,
Airetech,Y,71903,HOT SPRINGS,,AR,578,1585,US,,,NaT,AR,+15015259981,,READY,,,HOT SPRINGS,NET 30,HAMPTON INN,+15015259975,,MEDIUM,70,,,,PO BOX 21178,,Lisa Russell,,501-525-9981,PO BOX 21178,,HAMPTON INN SEARCY,71903,,,,,LISA RUSSELL,
Airetech,Y,72227,LITTLE ROCK,,AR,580,1587,US,,,2026-01-09 04:39:42,AR,,,READY,,,LITTLE ROCK,NET 30,HAPPY DAYS INVESTMENTS LLC,+14794661620,,HIGH,80,,,,8701 EVERGREEN DRIVE,,Adam Day,,,8701 EVERGREEN DR,,HAPPY DAYS INVESTMENTS LLC,72227,,,,,ADAM DAY,
Airetech,Y,74578,WILBURTON,Y,OK,581,1588,US,,,NaT,OK,,,READY,,,WILBURTON,NET 30,HARBER AC & REFRIGERATION,+19184652514,,HIGH,100,,,STS1032508904,1202 W STOVALL RD.,,Crystal Or Destry,,,1202 W STOVALL RD,,HARBER AC AND REFRIGERATION,74578,,,,STS1032508904,CRYSTAL OR DESTRY,
Airetech,Y,72113,MAUMELLE,,AR,582,1589,US,,,NaT,AR,+15017910237,,READY,,,MAUMELLE,NET 30,HARCO CONSTRUCTORS LLC,+15017910055,,MEDIUM,70,,,,PO BOX 13267,,Donna Baltz,,501-791-0237,PO BOX 13267,,HARCO CONSTRUCTORS LLC,72113,,,,,DONNA BALTZ,
Airetech,Y,72149,SEARCY,N,AR,583,1590,US,,,NaT,AR,,,READY,,,SEARCY,NET 30,HARDING UNIVERSITY,,,HIGH,70,,,,BOX 12239,,,,,BOX 12239,,HARDING UNIVERSITY,72149,,,,,,
Airetech,Y,72901,FORT SMITH,,AR,584,1591,US,,,2026-01-09 04:39:46,AR,,,READY,,,FORT SMITH,NET 30,HARNESS ROOFING INC,+14797851829,,HIGH,80,,,,5324 S 31ST STREET,,Laura Perkins,,,5324 S 31ST ST,,HARNESS ROOFING INC.FORT SMITH,72901,,,,,LAURA PERKINS,
Airetech,Y,74131,TULSA,,OK,585,1592,US,,,2026-01-09 04:39:47,OK,,,READY,,,TULSA,NET 30,HARP SERVICE COMPANY,+19184451600,,HIGH,80,,,,5009 WEST 62ND STREET,,Chris Ray/Paul,,,5009 W 62ND ST,,HARP SERVICE COMPANY,74131,,,,,CHRIS RAY/PAUL,
Airetech,Y,72764,SPRINGDALE,,AR,587,1594,US,,,2026-01-09 04:39:50,AR,,,READY,,,SPRINGDALE,NET 30,HARPS STORE,+14797517601,,HIGH,80,,,,918 GUTENSOHN RD,,Joyce,,,918 GUTENSOHN RD,,HARPS STORE,72764,,,,,JOYCE,
Airetech,Y,72119,NORTH LITTLE ROCK,Y,AR,588,1595,US,,,NaT,AR,,,READY,,,NORTH LITTLE  ROCK,NET 30,HARRELL SERVICE,+15013741467,,MEDIUM,70,harrell.service@gmail.com,,204657-60-001,HARRELL.SERVICE@GMAIL.COM,PO BOX 5870,Accounts Payable,,,PO BOX 5870,,HARRELL SERVICE,72119,,harrell.service@gmail.com,,204657-60-001,ACCOUNTS PAYABLE,
Airetech,Y,72758,ROGERS,,AR,589,1596,US,,,2026-01-09 04:39:52,AR,,,READY,,,ROGERS,NET 30,HARRIS BAKING CO,+14796363313,,HIGH,80,,,,2301 S 1ST STREET,,Paul Laird,,,2301 S 1ST ST,,HARRIS BAKING CO,72758,,,,,PAUL LAIRD,
Airetech,Y,72204,LITTLE ROCK,N,AR,590,1597,US,,,2026-01-09 04:39:54,AR,+15016619109,,READY,,,LITTLE ROCK,NET 30,HARRISON ENERGY PARTNERS,+15016610621,,HIGH,80,ap@harrisonenergy.com,,00-5335-60-00,AP@HARRISONENERGY.COM,"1501 WESTPARK DR, SUITE 9",Accounts Payable,,501-661-9109,1501 WPARK DR STE 9,,HARRISON ENERGY PARTNERS,72204,,ap@harrisonenergy.com,,00-5335-60-00,ACCOUNTS PAYABLE,
Airetech,Y,72205,LITTLE ROCK,N,AR,591,1598,US,STE 300,,2026-01-09 04:39:55,AR,+15012232121,,READY,,,LITTLE ROCK,NET 30,HART CONSTRUCTION LLC,+15015934176,,HIGH,80,,,,10411 W MARKHAM,SUITE 300,,,501-223-2121,10411 W MARKHAM,,HART CONSTRUCTION LLC DBA HART CONE,72205,,,,,,
Airetech,Y,74135,TULSA,Y,OK,640,1647,US,,,2026-01-09 04:41:12,OK,,,READY,,,TULSA,NET 30,HOTEL INDIGO,,,HIGH,80,,,,,121 S ELGIN AVE,Juan,,,121 S ELGIN AVE,,HOTEL INDIGO,74135,,,,,Juan,
Airetech,Y,72117,NORTH LITTLE ROCK,Y,AR,592,1599,US,,,NaT,AR,+15019454238,,READY,,,NORTH LITTLE  ROCK,NET 30,HARVEY SHEET METAL,+15019454097,,HIGH,100,hsinorthlittlerock@gmail.com,,,hsinorthlittlerock@gmail.com,7914 HWY 70,Loyd Harvey/Debbie,,501-945-4238,7914 HWY 70,,HARVEY SHEET METAL,72117,,hsinorthlittlerock@gmail.com,,,LOYD HARVEY/DEBBIE,
Airetech,Y,21046,COLUMBIA,,MD,593,1600,US,,,2026-01-09 04:39:59,MD,,,READY,,,COLUMBIA,NET 30,HAVTECH,+13013025514,,HIGH,80,,,,9505 BERGER ROAD,,Matt Kling,,,9505 BERGER RD,,HAVTECH,21046,,,,,MATT KLING,
Airetech,Y,74048,NOWATA,,OK,594,1601,US,,,NaT,OK,+19182732290,,READY,,,NOWATA,NET 30,HAYES AIR COND & HTG INC,+19182732262,,MEDIUM,70,,,,PO BOX 676,606 E CHEROKEE,Jane Hayes,,918-273-2290,PO BOX 676,606 E CHEROKEE,HAYES AIR COND AND HTG INC,74048,,,,,JANE HAYES,
Airetech,Y,74447,OKMULGEE,N,OK,595,1602,US,,,2026-01-09 04:40:00,OK,+19187580472,,READY,,,OKMULGEE,NET 30,HAYNES HEATING & AIR,+19187562622,,HIGH,80,,,,120 EAST 6TH STREET,,Angie,,918-758-0472,120 E 6TH ST,,HAYNES HEATING AND AIR OK,74447,,,,,Angie,
Airetech,Y,74146,TULSA,,OK,596,1603,US,,,NaT,OK,+19187940393,,READY,,,TULSA,NET 30,HCCCO LLC,+19187940392,,HIGH,100,,,,10800 E 51ST,,Billy Perkins,,918-794-0393,10800 E 51ST,,HCCCO LLC,74146,,,,,BILLY PERKINS,
Airetech,Y,72730,FARMINGTON,,AR,597,1604,US,,,2026-01-09 04:40:04,AR,+14799664421,,READY,,,FARMINGTON,NET 30,HEALTHCARE RENOVATIONS INC,+14794668962,,HIGH,80,,,,12899 BETHEL BLACKTOP ROAD,,Gary Kinion,,479-966-4421,12899 BETHEL BLACKTOP RD,,HEALTHCARE RENOVATIONS INC,72730,,,,,GARY KINION,
Airetech,Y,72703,FAYETTEVILLE,,AR,598,1605,US,,,2026-01-09 04:40:05,AR,,,READY,,,FAYETTEVILLE,NET 30,HEALTHSOUTH REHAB HOSPITAL,,,HIGH,80,,,,153 EAST MONTE PAINTER DRIVE,,Adam Walker,,,153 E MONTE PAINTER DR,,HEALTHSOUTH REHAB HOSPITAL FAYETTEV,72703,,,,,ADAM WALKER,
Airetech,Y,74011,BROKEN ARROW,,OK,599,1606,US,,,2026-01-09 04:40:07,OK,,,READY,,,BROKEN ARROW,NET 30,HEAT AIR & HOME REPAIR,+19184096886,,HIGH,80,,,,4104 S ELM AVENUE,,Shawn Brown,,,4104 S ELM AVE,,HEAT AIR AND HOME REPAIR,74011,,,,,SHAWN BROWN,
Airetech,Y,33610,TAMPA,,FL,600,1607,US,,,NaT,FL,,,READY,,,TAMPA,,HEAT PIPE TECH INC COMMISSION,,,HIGH,100,,,EXEMPT COMM,6904 PARKE EAST BLVD,,,,,6904 PARKE E BLVD,,HEAT PIPE TECH INC COMMISSION,33610,,,,EXEMPT COMM,,
Airetech,Y,72104,MALVERN,,AR,601,1608,US,,,NaT,AR,,,READY,,,MALVERN,NET 30,HEATH BELL,+15017652727,,HIGH,100,,,,586 BELL LANE,,Heath Bell,,,586 BELL LN,,HEATH BELL,72104,,,,,HEATH BELL,
Airetech,Y,72543,HEBER SPRINGS,,AR,602,1609,US,,,2026-01-09 04:40:12,AR,,,READY,,,HEBER SPRINGS,NET 30,HEBER SPRINGS SCHOOL DISTRICT,+15013626712,,HIGH,80,,,,800 WEST MOORE STREET,,,,,800 W MOORE ST,,HEBER SPRINGS SCHOOL DISTRICT,72543,,,,,,
Airetech,Y,72342,HELENA,,AR,603,1610,US,,,2026-01-09 04:40:14,AR,,,READY,,,HELENA,NET 30,HELENA WEST HELENA SCHOOL DIST,+18703384425,,HIGH,80,,,,305 VALLEY DRIVE,,Willard Jackson,,,305 VALLEY DR,,HELENA WEST HELENA SCHOOL DIST,72342,,,,,WILLARD JACKSON,
Airetech,Y,74119,TULSA,,OK,604,1611,US,,,2026-01-09 04:40:16,OK,+19185885572,,READY,,,TULSA,NET 30,HELMERICH & PAYNE INT DRILLING CO,+19187425531,,HIGH,80,,,73-0765153,1437 S BOULDER AVENUE,,Courtney Baker,,918-588-5572,1437 S BOULDER AVE,,HELMERICH AND PAYNE INT DRILLING CO,74119,,,,73-0765153,COURTNEY BAKER,
Airetech,Y,66214,LENEXA,,KS,605,1612,US,STE 300,,2026-01-09 04:40:17,KS,,,READY,,,LENEXA,NET 30,HENDERSON ENGINEERS,+14797700021,,HIGH,80,,,,8345 LENEXA DRIVE,SUITE 300,A/P,,,8345 LENEXA DR,,HENDERSON ENGINEERS,66214,,,,,A/P,
Airetech,Y,71923,ARKADELPHIA,,AR,606,1613,US,,,NaT,AR,,,READY,,,ARKADELPHIA,NET 30,HENDERSON STATE UNIVERSITY,,,HIGH,70,,,,HSU BOX 7531,,,,,HSU BOX 7531,,HENDERSON STATE UNIVERSITY,71923,,,,,,
Airetech,Y,72032,CONWAY,,AR,607,1614,US,,,2026-01-09 04:40:19,AR,,,READY,,,CONWAY,NET 30,HENDRIX COLLEGE,+15013296811,,HIGH,80,,,,1600 WASHINGTON AVENUE,,Accounts Payable,,,1600 WASHINGTON AVE,,HENDRIX COLLEGE,72032,,,,,ACCOUNTS PAYABLE,
Airetech,Y,72336,FORREST CITY,,AR,608,1615,US,,,NaT,AR,,,READY,,,FORREST CITY,NET 30,HENRY E PEACOCK ASSOCIATES,+18706330437,,MEDIUM,70,,,,PO BOX 224,,Accounts Payable,,,PO BOX 224,,HENRY E PEACOCK ASSOCIATES,72336,,,,,ACCOUNTS PAYABLE,
Airetech,Y,72211,LITTLE ROCK,,AR,609,1616,US,,,NaT,AR,,,READY,,,LITTLE ROCK,NET 30,HEROES COFFEE,+15015373000,,HIGH,100,,,,1301 SOUTH SHACKELFORD RD,,Brian Harris,,,1301 S SHACKELFORD RD,,HEROES COFFEE,72211,,,,,BRIAN HARRIS,
Airetech,Y,72712,BENTONVILLE,,AR,610,1617,US,,,2026-01-09 04:40:23,AR,,,READY,,,BENTONVILLE,NET 30,HEROES COFFEE,,,HIGH,80,,,,124 SW 8TH ST,,Tim Ferguson,,,124 SW 8TH ST,,HEROES COFFEE,72712,,,,,TIM FERGUSON,
Airetech,Y,74132,TULSA,Y,OK,611,1618,US,,,2026-01-09 04:40:25,OK,+19185082992,,READY,,,TULSA,NET 30,HERRON MECHANICAL,+19185082991,,HIGH,80,,,587616,6544 S 43RD W AVENUE,,,,918-508-2992,6544 S 43RD W AVE,,HERRON MECHANICAL,74132,,,,587616,,
Airetech,Y,38118,MEMPHIS,,TN,612,1619,US,STE 1,,2026-01-09 04:40:27,TN,,,READY,,,MEMPHIS,NET 30,HESCO MID SOUTH,+18004444372,,HIGH,80,,,,3840 VISCOUNT,SUITE 1,,,,3840 VISCOUNT,,HESCO MID SOUTH,38118,,,,,,
Airetech,Y,74401,MUSKOGEE,,OK,613,1620,US,,,2026-01-09 04:40:29,OK,,,READY,,,MUSKOGEE,NET 30,HESS MECHANICAL CONSTRUCTION,+19188409041,,HIGH,80,,,,4541 S 114TH STREET W,,,,,4541 S 114TH ST W,,HESS MECHANICAL CONSTRUCTION,74401,,,,,,
Airetech,Y,72019,BENTON,,AR,614,1621,US,,,2026-01-09 04:40:31,AR,,,READY,,,BENTON,NET 30,HESTCO INC,+15015744821,,HIGH,80,,,,1411 LEAWOOD DRIVE,,,,,1411 LEAWOOD DR,,HESTCO INC,72019,,,,,,
Airetech,Y,79073,PLAINVIEW,,TX,615,1622,US,,,NaT,TX,+18062931103,,READY,,,PLAINVIEW,NET 30,HI PLAINS MILLWRIGHT & SUPPLY INC,+18062934471,,MEDIUM,70,,,,PO BOX 1328,,Jeanna Barnes,,806-293-1103,PO BOX 1328,,HI PLAINS MILLWRIGHT AND SUPPLY INC,79073,,,,,JEANNA BARNES,
Airetech,Y,74070,SKIATOOK,,OK,616,1623,US,,,2026-01-09 04:40:34,OK,,,READY,,,SKIATOOK,NET 30,HIGH PERFORMANCE HVAC,+19187245630,,HIGH,80,,,,425 W CHEROKEE,,Jason Girst,,,425 W CHEROKEE,,HIGH PERFORMANCE HVAC,74070,,,,,JASON GIRST,
Airetech,Y,71602,PINE BLUFF,,AR,617,1624,US,,,2026-01-09 04:40:36,AR,+15014231000,,READY,,,PINE BLUFF,NET 30,HIGHLAND PELLETS LLC,+18702092717,,HIGH,80,,,66515282-SLS,EMAIL @,5601 INDUSTRIAL DRIVE N,Charity Stephens,,501-423-1000,5601 INDUSTRIAL DR N,,HIGHLAND PELLETS LLC,71602,,,,66515282-SLS,CHARITY STEPHENS,
Airetech,Y,72702,FAYETTEVILLE,,AR,618,1625,US,,,NaT,AR,+14178371108,,READY,,,FAYETTEVILLE,NET 30,HILAND DIARY COMPANY,+14178629311,,MEDIUM,70,,,,PO BOX 3478,,,,417-837-1108,PO BOX 3478,,HILAND DIARY COMPANY,72702,,,,,,
Airetech,Y,72114,LITTLE ROCK,,AR,619,1626,US,STE 850,,2026-01-09 04:40:38,AR,,,READY,,,LITTLE ROCK,NET 30,HILBURN LAW FIRM,+15014162729,,HIGH,80,,,,ONE RIVERFRONT PLACE,SUITE 850,Carrold E Ray,,,ONE RIVERFRONT PL,,HILBURN LAW FIRM,72114,,,,,CARROLD E RAY,
Airetech,Y,74014,BROKEN ARROW,,OK,620,1627,US,,,2026-01-09 04:40:40,OK,+19182591702,,READY,,,BROKEN ARROW,NET 30,HILL & COMPANY,+19182588855,,HIGH,80,,,,12345 S 193RD E AVENUE,,Jennifer Foster,,918-259-1702,12345 S 193RD E AVE,,HILL AND COMPANY,74014,,,,,JENNIFER FOSTER,
Airetech,Y,71913,HOT SPRINGS,,AR,621,1628,US,,,2026-01-09 04:40:42,AR,+15015253249,,READY,,,HOT SPRINGS,NET 30,HILL & COX CORPORATION,+15015258273,,HIGH,80,,,,1820-A HIGDON FERRY ROAD,,Sharon Simmons,,501-525-3249,1820-A HIGDON FERRY RD,,HILL AND COX CORPORATION,71913,,,,,SHARON SIMMONS,
Airetech,Y,74450,OKTAHA,,OK,622,1629,US,,,2026-01-09 04:40:44,OK,,,READY,,,OKTAHA,NET 30,HILL GLASS & DOOR LLC,+19186825100,,HIGH,80,,,,12330 OKTAHA RD,,Pete Womack,,,12330 OKTAHA RD,,HILL GLASS AND DOOR LLC,74450,,,,,PETE WOMACK,
Airetech,Y,80246,DENVER,,CO,623,1630,US,,,2026-01-09 04:40:46,CO,,,READY,,,DENVER,NET 30,HILL PLACE APARTMENTS,,,HIGH,80,,,,4100 E MISSISSIPPI AVENUE,,John Jones,,,4100 E MISSISSIPPI AVE,,HILL PLACE APARTMENTS,80246,,,,,JOHN JONES,
Airetech,Y,74119,TULSA,N,OK,624,1631,US,STE 2530,,2026-01-09 04:40:48,OK,+19185846636,,READY,,,TULSA,NET 30,HILLCREST MEDICAL CENTER,+19185797044,,HIGH,80,,,,110 WEST 7TH STREET,SUITE 2530,,,918-584-6636,110 W 7TH ST,,HILLCREST MEDICAL CENTER,74119,,,,,,
Airetech,Y,63043,MARYLAND HEIGHTS,,MO,625,1632,US,,,NaT,MO,+13145137686,,READY,,,MARYLAND HEIGHTS,NET 30,HILLSHIRE BRANDS CO,+18777789288,,MEDIUM,70,,,,PO BOX 2502,,Brookes Britcher Jr,,314-513-7686,PO BOX 2502,,HILLSHIRE BRANDS CO,63043,,,,,BROOKES BRITCHER JR,
Airetech,Y,74135,TULSA,N,OK,626,1633,US,,,2026-01-09 04:40:50,OK,+19188787779,,READY,,,TULSA,NET 30,HILTON GARDEN INN,+19188787777,,HIGH,80,steve.nabilsi@hilton.com,,,STEVE.NABILSI@HILTON.COM,4518 E SKELLY DRIVE,Steve Nabilsi,,9188787779,4518 E SKELLY DR,,HILTON GARDEN INN TULSA  SUNNY INVE,74135,,steve.nabilsi@hilton.com,,,STEVE NABILSI,
Airetech,Y,75944,ETOILE,,TX,627,1634,US,,,NaT,TX,+19368543263,,READY,,,ETOILE,NET 30,HL NELSON CONSTRUCTION INC,+19368542873,,HIGH,100,,,,EMAIL @,664 CR 475,Holly Kirchner,,936-854-3263,664 CR 475,,HL NELSON CONSTRUCTION INC,75944,,,,,HOLLY KIRCHNER,
Airetech,Y,23541,NORFOLK,,VA,628,1635,US,,,NaT,VA,,,READY,,,NORFOLK,NET 30,HOBBS & ASSOCIATES,+17574688800,,MEDIUM,70,,,68164017-001,PO BOX 12909,,Accounts Payable,,,PO BOX 12909,,HOBBS AND ASSOCIATES,23541,,,,68164017-001,ACCOUNTS PAYABLE,
Airetech,Y,72018,BENTON,,AR,629,1636,US,,,NaT,AR,,,READY,,,BENTON,NET 30,HOBBY ELECTRIC INC,+15016209324,,MEDIUM,70,hobbyelectricinc@yahoo.com,,,HOBBYELECTRICINC@YAHOO.COM,PO BOX 1821,Nathan Molsbee,,,PO BOX 1821,,HOBBY ELECTRIC INC,72018,,hobbyelectricinc@yahoo.com,,,NATHAN MOLSBEE,
Airetech,Y,72206,LITTLE ROCK,,AR,630,1637,US,,,2026-01-09 04:40:54,AR,+15014902029,,READY,,,LITTLE ROCK,NET 30,HOLIDAY INN,+15014901000,,HIGH,80,,,,3201 BANKHEAD DRIVE,,Holly Mahoney,,501-490-2029,3201 BANKHEAD DR,,HOLIDAY INN AIRPORT,72206,,,,,HOLLY MAHONEY,
Airetech,Y,74033,GLENPOOL,,OK,631,1638,US,GLENPOOL TULSA S,,2026-01-09 04:40:57,OK,+19184975920,,READY,,,GLENPOOL,NET 30,HOLIDAY INN EXPRESS & SUITES,+19186253433,,HIGH,80,,,,12209 S YUKON AVE,GLENPOOL TULSA SOUTH,Robert Patel,,918-497-5920,12209 S YUKON AVE,,HOLIDAY INN EXP AND STE GLENPOOL TU,74033,,,,,ROBERT PATEL,
Airetech,Y,71730-7803,EL DORADO,,AR,632,1639,US,,,2026-01-09 04:40:59,AR,,,READY,,,EL DORADO,NET 30,HOLIDAY INN EXPRESS,,,HIGH,80,,,,1819 JUNCTION CITY ROAD,,Sanjay Patel,,,1819 JUNCTION CITY RD,,HOLIDAY INN EXPRESS EL DORADO,71730-7803,,,,,SANJAY PATEL,
Airetech,Y,72206,LITTLE ROCK,,AR,633,1640,US,,,2026-01-09 04:41:01,AR,,,READY,,,LITTLE ROCK,NET 30,HOLIDAY INN EXPRESS,+15014901000,,HIGH,80,,,,3201 BANKHEAD DRIVE,,Rick White,,,3201 BANKHEAD DR,,HOLIDAY INN EXPRESS LITTLE ROCK,72206,,,,,RICK WHITE,
Airetech,Y,74133,TULSA,,OK,634,1641,US,,,2026-01-09 04:41:03,OK,,,READY,,,TULSA,NET 30,HOLIDAY INN HOTEL & SUITES,+19189945000,,HIGH,80,,,,10020 E 81ST STREET,,,,,10020 E 81ST ST,,HOLIDAY INN HOTEL AND STE TULSA S,74133,,,,,,
Airetech,Y,74401,MUSKOGEE,Y,OK,635,1642,US,,,2026-01-09 04:41:06,OK,,,READY,,,MUSKOGEE,NET 30,HOLLIFIELD SERVICE CO,+19187813993,,HIGH,80,accounts@hollifieldservice.com,,,ACCOUNTS@HOLLIFIELDSERVICE.COM,1763 N 64TH STREET WEST,John Hollifield,,,1763 N 64TH ST W,,HOLLIFIELD SERVICE CO,74401,,accounts@hollifieldservice.com,,,JOHN HOLLIFIELD,
Airetech,Y,72687,YELLVILLE,,AR,636,1643,US,,,NaT,AR,,,READY,,,YELLVILLE,NET 30,HOLMES HEATING & AC LLC,+18704047805,,MEDIUM,70,,,,PO BOX 189,,Chase Holmes,,,PO BOX 189,,HOLMES HEATING AND AC LLC,72687,,,,,CHASE HOLMES,
Airetech,Y,74960,STILLWELL,Y,OK,637,1644,US,,,NaT,OK,,,READY,,,STILLWELL,NET 30,HOLMES HEATING & COOLING LLC,+19185754107,,HIGH,100,,,,EMAIL @,465907 E 855 ROAD,Troy Holmes,,,465907 E 855 RD,,HOLMES HEATING AND COOLING LLC,74960,,,,,TROY HOLMES,
Airetech,Y,72401,JONESBORO,,AR,638,1645,US,,,2026-01-09 04:41:10,AR,+18709721911,,READY,,,JONESBORO,NET 30,HOME IV SPECIALISTS,+18709721677,,HIGH,80,,,,824 COBB STREET,,Tracy Pollock,,870-972-1911,824 COBB ST,,HOME IV SPECIALISTS,72401,,,,,TRACY POLLOCK,
Airetech,Y,72918,FORT SMITH,,AR,639,1646,US,,,NaT,AR,+14796461971,,READY,,,FORT SMITH,NET 30,HOOKS & ASSOCIATES INC,+14796461915,,MEDIUM,70,,,294487-65-001,PO BOX 180038,,,,479-646-1971,PO BOX 180038,,HOOKS AND ASSOCIATES INC,72918,,,,294487-65-001,,
Airetech,Y,73010,BLANCHARD,,OK,641,1648,US,,,2026-01-09 04:41:14,OK,,,READY,,,BLANCHARD,NET 30,HOWARD CONSTRUCTION,+14054730422,,HIGH,80,,,,901 S SPRING LANE,,Jonathan Howard,,,901 S SPRING LN,,HOWARD CONSTRUCTION,73010,,,,,JONATHAN HOWARD,
Airetech,Y,72433,HOXIE,,AR,642,1649,US,,,2026-01-09 04:41:16,AR,+18708864252,,READY,,,HOXIE,NET 30,HOXIE PUBLIC SCHOOLS,+18708862401,,HIGH,80,,,,602 SW HARTIGAN,,Marsha Jones,,870-886-4252,602 SW HARTIGAN,,HOXIE PUBLIC SCHOOLS,72433,,,,,MARSHA JONES,
Airetech,Y,72758,ROGERS,N,AR,643,1650,US,,,2026-01-09 04:41:19,AR,,,READY,,,"ROGERS,",NET 30,HP ENGINEERS,+14798996370,,HIGH,80,payables@hpengineeringinc.com,,,PAYABLES@HPENGINEERINGINC.COM,5504 W PINNACLE POINTE DR,Bill Hodge,,,5504 W PINNACLE POINTE DR,,HP ENGINEERS,72758,,payables@hpengineeringinc.com,,,BILL HODGE,
Airetech,Y,71730,EL DORAOD,,AR,644,1651,US,,,NaT,AR,,,READY,,,EL DORAOD,NET 30,HUBBELL LIGHTING PRESCOLITE DIV,+18708628181,,HIGH,100,,,,216 MIMS ROAD,,Hansel Wilson,,,216 MIMS RD,,HUBBELL LIGHTING PRESCOLITE DIV,71730,,,,,HANSEL WILSON,
Airetech,Y,30339,ATLANTA,Y,GA,645,1652,US,,,2026-01-09 04:41:23,GA,+15017761366,,READY,,,"ATLANTA,",NET 30,HUBER ENGINEERED MATERIALS,+14789714200,,HIGH,80,,,,EMAIL @ SEE ATTACHMENT,"3100 CUMBERLAND BLVD, STE 600",Kira Mullins,,501-776-1366,3100 CUMBERLAND BLVD STE 600,,HUBER ENGINEERED MATERIALS,30339,,,,,KIRA MULLINS,
Airetech,Y,72076,JACKSONVILLE,,AR,693,1700,US,,,2026-01-09 04:42:46,AR,,,READY,,,JACKSONVILLE,NET 30,JAYS SERVICE COMPANY,+15018359366,,HIGH,80,,,,403 KING PLACE,,,,,403 KING PL,,JAYS SERVICE COMPANY,72076,,,,,,
Airetech,Y,72223,LITTLE ROCK,,AR,646,1653,US,,,NaT,AR,+15012194111,,READY,,,LITTLE ROCK,NET 30,HUFFMAN CONTRACTORS INC,+15017584982,,MEDIUM,70,,,,PO BOX 242840,,Brittney Bearden,,501-219-4111,PO BOX 242840,,HUFFMAN CONTRACTORS INC,72223,,,,,BRITTNEY BEARDEN,
Airetech,Y,74441,HULBERT,,OK,647,1654,US,,,NaT,OK,,,READY,,,HULBERT,NET 30,HULBERT HEAT & AIR,+19185212976,,MEDIUM,70,,,2066456576,10839 HWY 51,PO BOX 690,Jordan Bowlin,,,PO BOX 690,10839 HWY 51,HULBERT HEAT AND AIR,74441,,,,2066456576,JORDAN BOWLIN,
Airetech,Y,75501,TEXARKANA,N,TX,648,1655,US,,,NaT,TX,,,READY,,,"TEXARKANA,",NET 30,PHARMA NOBIS,+19033346200,,HIGH,100,,,,7400 ALUMAX DR,,,,,7400 ALUMAX DR,,PHARMA NOBIS,75501,,,,,,
Airetech,Y,79998-1374,EL PASO,Y,TX,649,1656,US,,,NaT,TX,,,READY,,,EL PASO,NET 30,HUSSMANN SERVICES CORPORATION,+18555539081,,MEDIUM,70,,,00277552-SLS,PO BOX 981374,,,,,PO BOX 981374,,HUSSMANN SERVICES CORPORATION,79998-1374,,,,00277552-SLS,,
Airetech,Y,,,,,650,1657,US,,,NaT,,,,REVIEW,,,,NET 30,HVAC EQUIP SALES COMMISSION,,,LOW,20,,,EXEMPT COMM,COMMISSION ONLY,,Commission Only,,,,,HVAC EQUIP SALES COMMISSION,,,,,EXEMPT COMM,COMMISSION ONLY,
Airetech,Y,74103,TULSA,,OK,651,1658,US,,,2026-01-09 04:41:29,OK,,,READY,,,TULSA,NET 30,HYATT REGENCY,+19185602268,,HIGH,80,,,,EMAIL @,100 EAST 2ND STREET,John Jennings,,,100 E 2ND ST,,HYATT REGENCY TULSA,74103,,,,,JOHN JENNINGS,
Airetech,Y,72114,NORTH LITTLE ROCK,,AR,652,1659,US,,,2026-01-09 04:41:31,AR,+15015010020,,READY,,,NORTH LITTLE  ROCK,NET 30,HYDCO INC,+15013710255,,HIGH,80,,,,208 NORTH BEECH STREET,,Betty Lou Norwood,,501-501-0020,208 N BEECH ST,,HYDCO INC,72114,,,,,BETTY LOU NORWOOD,
Airetech,Y,73105,OKLAHOMA CITY,,OK,653,1660,US,,,2026-01-09 04:41:33,OK,+14055287869,,READY,,,OKLAHOMA CITY,NET 30,HYDRONIC SYSTEMS INC,+14055287867,,HIGH,80,,,1823186944,200 NE 39TH TERRACE,,,,405-528-7869,200 NE 39TH TERRACE,,HYDRONIC SYSTEMS INC,73105,,,,1823186944,,
Airetech,Y,71635,CROSSETT,,AR,654,1661,US,,,NaT,AR,+18703644165,,READY,,,CROSSETT,NET 30,IDEAL CONSTRUCTION CO,+18703644185,,HIGH,100,,,,803 W FIRST AVENUE HWY 82,,Dennis Chapman,,870-364-4165,803 W FIRST AVE HWY 82,,IDEAL CONSTRUCTION CO,71635,,,,,DENNIS CHAPMAN,
Airetech,Y,72120,SHERWOOD,N,AR,655,1662,US,,,2026-01-09 04:41:37,AR,,,READY,,,SHERWOOD,NET 30,IHP INDUSTRIAL INC,+15018355794,,HIGH,80,ap-nlr@ihpindustrial.com,,,AP-NLR@IHPINDUSTRIAL.COM,3201 E KIEHL AVE,,,,3201 E KIEHL AVE,,IHP INDUSTRIAL INC,72120,,ap-nlr@ihpindustrial.com,,,,
Airetech,Y,74403,MUSKOGEE,,OK,656,1663,US,,,2026-01-09 04:41:39,OK,,,READY,,,MUSKOGEE,NET 30,INDIAN CAPITAL TECHNOLOGY CENTER,+19185770064,,HIGH,80,,,,2403 N 41ST STREET EAST,,Don Ballew,,,2403 N 41ST ST E,,INDIAN CAPITAL TECHNOLOGY CENTER,74403,,,,,DON BALLEW,
Airetech,Y,74011,BROKEN ARROW,,OK,657,1664,US,,,2026-01-09 04:41:41,OK,,,READY,,,BROKEN ARROW,NET 30,INDIAN SPRINGS ELECTRIC SERVICE,,,HIGH,80,,,,15225 E 129TH STREET,,,,,15225 E 129TH ST,,INDIAN SPRINGS ELECTRIC SERVICE,74011,,,,,,
Airetech,Y,74146,TULSA,,OK,658,1665,US,,,2026-01-09 04:41:43,OK,,,READY,,,TULSA,NET 30,INDUSTRIAL EQUIPMENT COMPANY,+19183923846,,HIGH,80,,,,10404 E 55TH PLACE,,Curtis Rector,,,10404 E 55TH PL,,INDUSTRIAL EQUIPMENT COMPANY,74146,,,,,CURTIS RECTOR,
Airetech,Y,71280,STERLINGTON,,LA,659,1666,US,,,2026-01-09 04:41:45,LA,+13186650487,,READY,,,STERLINGTON,NET 30,INDUSTRIAL ROOFING & CONST LLC,+13186650483,,HIGH,80,,,,1128 HWY 2,,Lendsey Anderson,,318-665-0487,1128 HWY 2,,INDUSTRIAL ROOFING AND CONST LLC,71280,,,,,LENDSEY ANDERSON,
Airetech,Y,74116,TULSA,N,OK,660,1667,US,,,NaT,OK,+19185873237,,READY,,,"TULSA,",NET 30,INDUSTRIAL STRUCTURES INC,+19185873234,,HIGH,100,lynn.wallis@isitulsa.com,,155394,LYNN.WALLIS@ISITULSA.COM,1931 N 170TH E AVE,Lynn Wallis,,918-587-3237,1931 N 170TH E AVE,,INDUSTRIAL STRUCTURES INC,74116,,lynn.wallis@isitulsa.com,,155394,LYNN WALLIS,
Airetech,Y,74429,COWETA,,OK,661,1668,US,,,NaT,OK,+19184866391,,READY,,,COWETA,NET 30,INGLE HEAT & AIR,+19184866426,,MEDIUM,70,,,,PO BOX 33,,Chuck Ingle,,918-486-6391,PO BOX 33,,INGLE HEAT AND AIR,74429,,,,,CHUCK INGLE,
Airetech,Y,74132,TULSA,,OK,662,1669,US,STE B,,2026-01-09 04:41:50,OK,,,READY,,,TULSA,NET 30,INNOVATIVE AIR PROS,,,HIGH,80,,,,8448 S PEORIA,SUITE B,Cody Dampf,,,8448 S PEORIA,,INNOVATIVE AIR PROS,74132,,,,,CODY DAMPF,
Airetech,Y,72117,NORTH LITTLE ROCK,,AR,663,1670,US,,,2026-01-09 04:41:52,AR,,,READY,,,NORTH LITTLE ROCK,NET 30,INNOVATIVE POWER SOLUTIONS,+15014928332,,HIGH,80,,,,4101 RICHARDS ROAD,,Lynn Russell,,,4101 RICHARDS RD,,INNOVATIVE POWER SOLUTIONS,72117,,,,,LYNN RUSSELL,
Airetech,Y,72756,ROGERS,,AR,664,1671,US,,,2026-01-09 04:41:55,AR,,,READY,,,ROGERS,NET 30,INSITE CONSTRUCTION INC,+14793724718,,HIGH,80,,,,214 S 2ND STREET,,Edward Brya,,,214 S 2ND ST,,INSITE CONSTRUCTION INC,72756,,,,,EDWARD BRYA,
Airetech,Y,71902,HOT SPRINGS,,AR,665,1672,US,,,NaT,AR,+15012624847,,READY,,,HOT SPRINGS,NET 30,INSTRUMENT & SUPPLY INC,+15013215533,,MEDIUM,70,,,02966-26-001,PO BOX 1679,,Kirby Habighorst,,501-262-4847,PO BOX 1679,,INSTRUMENT AND SUPPLY INC,71902,,,,02966-26-001,KIRBY HABIGHORST,
Airetech,Y,74344,GROVE,,OK,666,1673,US,,,2026-01-09 04:41:57,OK,,,READY,,,GROVE,NET 30,INTEGRIS GROVE HOSPITAL,+19189617825,,HIGH,80,,,,1001 E 18TH STREET,,Brian Estep,,,1001 E 18TH ST,,INTEGRIS GROVE HOSPITAL,74344,,,,,BRIAN ESTEP,
Airetech,Y,74145,TULSA,,OK,667,1674,US,,,NaT,OK,,,READY,,,TULSA,NET 30,INTEGRITEEX SCREEN WORKS,,,HIGH,100,,,,6580 E S KELLY DRIVE,,,,,6580 E S KELLY DR,,INTEGRITEEX SCREEN WORKS,74145,,,,,,
Airetech,Y,72176,WARD,,AR,668,1675,US,,,NaT,AR,,,READY,,,WARD,NET 30,INTEK CONSTRUCTION CORP,+15019160027,,HIGH,100,,,,9442 HWY 38,,,,,9442 HWY 38,,INTEK CONSTRUCTION CORP,72176,,,,,,
Airetech,Y,73128,OKLAHOMA CITY,,OK,669,1676,US,,,NaT,OK,,,READY,,,OKLAHOMA CITY,NET 30,INTERNATIONAL ENVIRON COMMISSION,+14056055035,,HIGH,100,,,EXEMPT COMM,5000 W I-40 SERVICE,,,,,5000 W I-40 SERVICE,,INTERNATIONAL ENVIRON COMMISSION,73128,,,,EXEMPT COMM,,
Airetech,Y,97228-5383,PORTLAND,N,OR,670,1677,US,,,NaT,OR,,,READY,,,PORTLAND,NET 30,INTERNATIONAL PAPER,,,MEDIUM,70,apinvoices@ipaper.com,,STS-10012791-,APINVOICES@IPAPER.COM,PO BOX 5383,,,,PO BOX 5383,,INTERNATIONAL PAPER,97228-5383,,apinvoices@ipaper.com,,STS-10012791-,,
Airetech,Y,45150,MILFORD,,OH,671,1678,US,SHARED SERVICES,,NaT,OH,,,READY,,,MILFORD,NET 30,INTERNATIONAL PAPER VALLIANT,+18774472737,,MEDIUM,70,,,,PO BOX 813,SHARED SERVICES,Robin Abbott,,,PO BOX 813,,INTERNATIONAL PAPER VALLIANT,45150,,,,,ROBIN ABBOTT,
Airetech,Y,74117,TULSA,,OK,672,1679,US,,,2026-01-09 04:42:06,OK,,,READY,,,TULSA,NET 30,ISS FACILITY SERVICES,+19182747744,,HIGH,80,,,,7572 N LAKEWOOD AVENUE,,,,,7572 N LAKEWOOD AVE,,ISS FACILITY SERVICES,74117,,,,,,
Airetech,Y,54942,GREENVILLE,N,WI,673,1680,US,,,NaT,WI,,,READY,,,GREENVILLE,NET 30,IVI NORTH INC,+19186821172,,HIGH,100,,,858508,W 6395 SPECIALTY DR,,Angela Wilhite,,,W 6395 SPECIALTY DR,,IVI NORTH INC,54942,,,,858508,ANGELA WILHITE,
Airetech,Y,72764,SPRINGDALE,,AR,674,1681,US,,,2026-01-09 04:42:11,AR,,,READY,,,SPRINGDALE,NET 30,J & B SUPPLY CO,+14796494915,,HIGH,80,,,038657-78-001,788 W MORRIS AVENUE,,Warren Thompson,,,788 W MORRIS AVE,,J AND B SUPPLY CO SPRINGDALE,72764,,,,038657-78-001,WARREN THOMPSON,
Airetech,Y,72917,FORT SMITH,,AR,675,1682,US,,,NaT,AR,+15016494911,,READY,,,FORT SMITH,NET 30,J & B SUPPLY CO,+14796494915,,HIGH,100,,,038657-78-001,4915 SOUTH ZERO,,,,501-649-4911,4915 S ZERO,,J AND B SUPPLY FT SMITH,72917,,,,038657-78-001,,
Airetech,Y,72117,SHERWOOD,,AR,676,1683,US,,,2026-01-09 04:42:15,AR,,,READY,,,SHERWOOD,NET 30,J & B SUPPLY CO,+14796494915,,HIGH,80,,,038657-78-001,7430 LANDERS ROAD,,Jimmy Greenhaw,,,7430 LANDERS RD,,J AND B SUPPLY SHERWOOD,72117,,,,038657-78-001,JIMMY GREENHAW,
Airetech,Y,74066,SAPULPA,,OK,677,1684,US,,,NaT,OK,+19182277216,,READY,,,SAPULPA,NET 30,J & G STEEL CORPORATION,+19182273131,,MEDIUM,70,,,STS-10089536-,PO BOX 1208,,Michelle Mauldin,,918-227-7216,PO BOX 1208,,J AND G STEEL CORPORATION,74066,,,,STS-10089536-,MICHELLE MAULDIN,
Airetech,Y,72901,FORT SMITH,,AR,678,1685,US,,,2026-01-09 04:42:17,AR,+14796484055,,READY,,,FORT SMITH,NET 30,J & K HEATING & AIR VENTILATION,+14796483219,,HIGH,80,chrisw@theoneair.net,,017078-65-001,EMAIL: CHRISW@THEONEAIR.NET,5517 WHEELER AVENUE,Chris Whitney,,479-648-4055,5517 WHEELER AVE,,J AND K HEATING AND AIR VENTILATION,72901,,chrisw@theoneair.net,,017078-65-001,CHRIS WHITNEY,
Airetech,Y,72209,LITTLE ROCK,N,AR,679,1686,US,,,2026-01-09 04:42:19,AR,+15015621152,,READY,,,"LITTLE ROCK,",NET 30,JACK TYLER ENGINEERING INC,+15015624273,,HIGH,80,accounting@jteng.com,,00219924-SLS,ACCOUNTING@JTENG.COM,6301  S UNIVERSITY AVE,Charlotte Gilbert,,501-562-1152,6301 S UNIVERSITY AVE,,JACK TYLER ENGINEERING INC,72209,,accounting@jteng.com,,00219924-SLS,CHARLOTTE GILBERT,
Airetech,Y,72078,JACKSONVILLE,,AR,680,1687,US,,,NaT,AR,+15019829928,,READY,,,JACKSONVILLE,NET 30,JACKSONVILLE HEATING & AIR,+15019827217,,MEDIUM,70,,,,PO BOX 186,,Jason Hunter,,501-982-9928,PO BOX 186,,JACKSONVILLE HEATING AND AIR,72078,,,,,JASON HUNTER,
Airetech,Y,72202,LITTLE ROCK,N,AR,681,1688,US,,,2026-01-09 04:42:21,AR,+15018214919,,READY,,,LITTLE ROCK,NET 30,JACO SALES,+15018213900,,HIGH,80,office@jacosales.com,,00036293-SLS,OFFICE@JACOSALES.COM,401 COLLINS STREET,,,5018214919,401 COLLINS ST,,JACO SALES,72202,,office@jacosales.com,,00036293-SLS,,
Airetech,Y,,,,,682,1689,US,,,NaT,,,,REVIEW,,,,NET 30,JACOB HILL,,,LOW,20,,,,,,Jacob Hill,,,,,JACOB HILL,,,,,,JACOB HILL,
Airetech,Y,72701,FAYETTEVILLE,,AR,683,1690,US,,,2026-01-09 04:42:25,AR,,,READY,,,FAYETTEVILLE,NET 30,JACOBS ENGINEERING GROUP INC,+14794433292,,HIGH,80,,,,1400 N FOX HUNTER ROAD,,Troy Ashby,,,1400 N FOX HUNTER RD,,JACOBS ENGINEERING GROUP INC,72701,,,,,TROY ASHBY,
Airetech,Y,74137,TULSA,,OK,684,1691,US,,,2026-01-09 04:42:27,OK,,,READY,,,TULSA,NET 30,JAMES BURLESON,+19188124777,,HIGH,80,,,,6206 E 105TH STREET,,James Burleson,,,6206 E 105TH ST,,JAMES BURLESON,74137,,,,,JAMES BURLESON,
Airetech,Y,74145,OWASSO,,OK,685,1692,US,,,2026-01-09 04:42:29,OK,,,READY,,,OWASSO,NET 30,JAMES CARTER,,,HIGH,80,,,,7915 N 160TH E AVENUE,,James Carter,,,7915 N 160TH E AVE,,JAMES CARTER,74145,,,,,JAMES CARTER,
Airetech,Y,72712,BENTONVILLE,N,AR,686,1693,US,,,2026-01-09 04:42:31,AR,,,READY,,,BENTONVILLE,NET 30,JAMES JACKSON,+14794457471,,HIGH,80,,,,804 NE J STREET,,,,,804 NE J ST,,JAMES JACKSON,72712,,,,,,
Airetech,Y,65714,NIXA,,MO,687,1694,US,,,2026-01-09 04:42:33,MO,+14177080342,,READY,,,NIXA,NET 30,JAMES RIVER MECHANICAL & ELEC,+14177257633,,HIGH,80,,,,1208 B EAGLECREST,,Kelly Cook,,417-708-0342,1208 B EAGLECREST,,JAMES RIVER MECHANICAL AND ELEC,65714,,,,,KELLY COOK,
Airetech,Y,36104,MONTGOMERY,,AL,688,1695,US,,,2026-01-09 04:42:35,AL,+13342708815,,READY,,,MONTGOMERY,NET 30,JARRETT CONSTRUCTION COMPANY,+13342650200,,HIGH,80,,,,923 SOUTH PERRY STREET,,Nikki Sweeney,,334-270-8815,923 S PERRY ST,,JARRETT CONSTRUCTION COMPANY,36104,,,,,NIKKI SWEENEY,
Airetech,Y,71602,PINE BLUFF,,AR,689,1696,US,,,2026-01-09 04:42:38,AR,,,READY,,,PINE BLUFF,NET 30,JARROD & JOHNATHAN,+18702475900,,HIGH,80,,,0050183-76-00,5515 JEFFERSON PARKWAY,,Jarrod & Johnathan,,,5515 JEFFERSON PKWY,,JARROD AND JOHNATHAN,71602,,,,0050183-76-00,JARROD & JOHNATHAN,
Airetech,Y,74012,BROKEN ARROW,,OK,690,1697,US,,,2026-01-09 04:42:40,OK,,,READY,,,BROKEN ARROW,NET 30,JASON MARTIN,+19182307217,,HIGH,80,,,,4605 N POPLAR AVENUE,,Jason Martin,,,4605 N POPLAR AVE,,JASON MARTIN,74012,,,,,JASON MARTIN,
Airetech,Y,74107,TULSA,,OK,691,1698,US,,,2026-01-09 04:42:42,OK,,,READY,,,TULSA,NET 30,JATASCO IN,+19186274381,,HIGH,80,,,STA-10196241-,3702 S ELWOOD AVENUE,,Keith Barefoot,,,3702 S ELWOOD AVE,,JATASCO IN,74107,,,,STA-10196241-,KEITH BAREFOOT,
Airetech,Y,72959,WINSLOW,,AR,692,1699,US,,,2026-01-09 04:42:44,AR,,,READY,,,WINSLOW,NET 30,JAY JOHNSON,,,HIGH,80,,,,18053 FERRY ROAD,,Jay Johnson,,,18053 FERRY RD,,JAY JOHNSON,72959,,,,,JAY JOHNSON,
Airetech,Y,19046,JENKINTOWN,,PA,694,1701,US,2ND FL,,2026-01-09 04:42:48,PA,+12158848436,,READY,,,JENKINTOWN,NET 30,JD MATTHEWS ASSOCIATES LLC,+12158841400,,HIGH,80,,,,469 JOHNSON STREET,2ND FLOOR,Diane Fram,,215-884-8436,469 JOHNSON ST,,JD MATTHEWS ASSOCIATES LLC,19046,,,,,DIANE FRAM,
Airetech,Y,74145,MCALESTER,,OK,695,1702,US,,,NaT,OK,,,READY,,,MCALESTER,NET 30,JD THOMAS LLC,+19184242740,,MEDIUM,70,,,,PO BOX 1101,,Jeremy Thomas,,,PO BOX 1101,,JD THOMAS LLC,74145,,,,,JEREMY THOMAS,
Airetech,Y,72727,ELKINS,,AR,696,1703,US,,,2026-01-09 04:42:50,AR,,,READY,,,ELKINS,NET 30,JDS AIR COND HEATING & SOLAR,+14796433979,,HIGH,80,,,,1508 ASPEN CIRCLE,,Jason Daniels /Windy,,,1508 ASPEN CIR,,JDS AIR COND HEATING AND SOLAR,72727,,,,,JASON DANIELS /WINDY,
Airetech,Y,71913,HOT SPRINGS,N,AR,697,1704,US,,,2026-01-09 04:42:52,AR,,,READY,,,"HOT SPRINGS,",NET 30,JEB CONSTRUCTION,+18703104507,,HIGH,80,,,,106 SAN CARLOS COVE,,Mike Busch/Jeremy,,,106 SAN CARLOS COVE,,JEB CONSTRUCTION,71913,,,,,MIKE BUSCH/JEREMY,
Airetech,Y,72704,FAYETTEVILLE,,AR,698,1705,US,,,2026-01-09 04:42:54,AR,,,READY,,,FAYETTEVILLE,NET 30,JEFF MONTGOMERY,+14794420667,,HIGH,80,,,,16143 VINEY GROVE ROAD,,Jeff Montgomery,,,16143 VINEY GROVE RD,,JEFF MONTGOMERY,72704,,,,,JEFF MONTGOMERY,
Airetech,Y,71603,PINE BLUFF,,AR,699,1706,US,,,2026-01-09 04:42:56,AR,+18705417832,,READY,,,PINE BLUFF,NET 30,JEFFERSON REGIONAL MEDICAL CTR,+18705417820,,HIGH,80,,,070029-84-001,1600 W 40TH AVENUE,,Accounts Payable,,870-541-7832,1600 W 40TH AVE,,JEFFERSON REGIONAL MEDICAL CTR,71603,,,,070029-84-001,ACCOUNTS PAYABLE,
Airetech,Y,72032,CONWAY,,AR,700,1707,US,,,2026-01-09 04:42:58,AR,,,READY,,,CONWAY,NET 30,JENCORP CONTRACTORS INC,+15014722708,,HIGH,80,,,,6 CEDAR HILL ROAD,,Jennifer Day A/P,,,6 CEDAR HILL RD,,JENCORP CONTRACTORS INC,72032,,,,,JENNIFER DAY A/P,
Airetech,Y,74066,SAPULPA,,OK,701,1708,US,,,NaT,OK,,,READY,,,SAPULPA,NET 30,JENI JANES LLC,+19188127095,,HIGH,100,,,,10417 S 194TH W AVENUE,,Howard Vernon,,,10417 S 194TH W AVE,,JENI JANES LLC,74066,,,,,HOWARD VERNON,
Airetech,Y,74432,EUFAULA,,OK,702,1709,US,,,NaT,OK,,,READY,,,EUFAULA,NET 30,JEREMY RICHMOND,,,HIGH,100,,,,114960 S 4227 ROAD,,Jeremy Richmond,,,114960 S 4227 RD,,JEREMY RICHMOND,74432,,,,,JEREMY RICHMOND,
Airetech,Y,,,,,703,1710,US,,,NaT,,,,REVIEW,,,,NET 30,JERRY BOWERS,,,LOW,20,,,,,,,,,,,JERRY  BOWERS,,,,,,,
Airetech,Y,72202,LITTLE ROCK,,AR,704,1711,US,,,NaT,AR,,,READY,,,LITTLE ROCK,NET 30,JERRY BURR,+15013462877,,HIGH,100,,,,1707 MAGNOLIA AVE,,Jerry Burr,,,1707 MAGNOLIA AVE,,JERRY BURR,72202,,,,,JERRY BURR,
Airetech,Y,74429,COWETA,,OK,705,1712,US,,,2026-01-09 04:43:09,OK,,,READY,,,COWETA,NET 30,JESSE CANNON,+19187064095,,HIGH,80,,,,27668 E 113TH STREET,,Jesse Cannon,,,27668 E 113TH ST,,JESSE CANNON,74429,,,,,JESSE CANNON,
Airetech,Y,42001,PADUCAH,N,KY,706,1713,US,,,2026-01-09 04:43:11,KY,,,READY,,,PADUCAH,NET 30,JETTS SPECIALTY CONTRACTING,+12705640215,,HIGH,80,,,,913 PARK AVENUE,,Rachel Jett,,,913 PARK AVE,,JETTS SPECIALTY CONTRACTING,42001,,,,,RACHEL JETT,
Airetech,Y,72654,MOUNTAIN HOME,,AR,707,1714,US,,,NaT,AR,,,READY,,,MOUNTAIN HOME,NET 30,JIM BROWN COMPANY,,,MEDIUM,70,,,007804-03-001,PO BOX 2218,,Accounts Payable,,,PO BOX 2218,,JIM BROWN COMPANY,72654,,,,007804-03-001,ACCOUNTS PAYABLE,
Airetech,Y,74429,COWETA,,OK,708,1715,US,,,2026-01-09 04:43:13,OK,,,READY,,,COWETA,NET 30,JIM KEIM,+19187203088,,HIGH,80,,,,14062 S 353RD EAST AVEnue,,Jim Keim,,,14062 S 353RD E AVE,,JIM KEIM,74429,,,,,JIM KEIM,
Airetech,Y,72650,MARSHALL,,AR,709,1716,US,,,2026-01-09 04:43:15,AR,,,READY,,,MARSHALL,NET 30,JIMMY D HARNESS,+18702211019,,HIGH,80,,,,206 FACTORY ROAD,,,,,206 FACTORY RD,,JIMMY D HARNESS,72650,,,,,,
Airetech,Y,67333,CANEY,Y,KS,710,1717,US,,,2026-01-09 04:43:17,KS,,,READY,,,CANEY,NET 30,JLL,+16203130818,,HIGH,80,,,,210 E 11TH AVENUE,,Jason Artherton,,,210 E 11TH AVE,,JLL,67333,,,,,JASON ARTHERTON,
Airetech,Y,72901,FORT SMITH,,AR,711,1718,US,,,NaT,AR,,,READY,,,FORT SMITH,NET 30,JM SUPPLY INC,+14797836220,,MEDIUM,70,,,168970-78-001,PO BOX 1543,,Joey Miller,,,PO BOX 1543,,JM SUPPLY INC,72901,,,,168970-78-001,JOEY MILLER,
Airetech,Y,72201-3522,LITTLE ROCK,,AR,713,1720,US,STE 2000,,2026-01-09 04:43:21,AR,,,READY,,,LITTLE ROCK,NET 30,JOE HURST,+15013701590,,HIGH,80,,,,400 WEST CAPITOL AVENUE,SUITE 2000,Joe Hurst,,,400 W CAPITOL AVE,,JOE HURST,72201-3522,,,,,JOE HURST,
Airetech,Y,72116,NORTH LITTLE ROCK,,AR,714,1721,US,,,2026-01-09 04:43:22,AR,,,READY,,,NORTH LITTLE ROCK,NET 30,JOE NGUYEN,+15019521467,,HIGH,80,,,,5209 RANDOLPH ROAD,,Joe V Nguyen,,,5209 RANDOLPH RD,,JOE NGUYEN,72116,,,,,JOE V NGUYEN,
Airetech,Y,,LITTLE ROCK,,AR,715,1722,US,,,2026-01-09 04:43:24,AR,,,REVIEW,,,LITTLE ROCK,NET 30,JOHN FUNKHOUSER,,,LOW,75.67,,,,,,John Funkhouser,,,,,JOHN FUNKHOUSER,,,,,,JOHN FUNKHOUSER,
Airetech,Y,74014,BROKEN ARROW,,OK,716,1723,US,,,2026-01-09 04:43:26,OK,,,READY,,,BROKEN ARROW,NET 30,JOHN GRIM REFRIGERATION,+19186931975,,HIGH,80,grimref@aol.com,,,GRIMREF@AOL.COM,24301 E 96TH STREET S,John Grim,,,24301 E 96TH ST S,,JOHN GRIM REFRIGERATION,74014,,grimref@aol.com,,,JOHN GRIM,
Airetech,Y,30085,TUCKER,,GA,717,1724,US,,,NaT,GA,+17709394082,,READY,,,TUCKER,NET 30,JOHN PAYNE CO,+17709392442,,MEDIUM,70,,,,PO BOX 348,,Lynn Madden,,770-939-4082,PO BOX 348,,JOHN PAYNE CO,30085,,,,,LYNN MADDEN,
Airetech,Y,72207-2500,LITTLE ROCK,,AR,718,1725,US,,,2026-01-09 04:43:28,AR,,,READY,,,LITTLE ROCK,NET 30,JOHN PRINCE COMPANY,+15016665488,,HIGH,80,receptionist@johnprinceco.com,,0052409-60-00,RECEPTIONIST@JOHNPRINCECO.COM,7509 CANTRELL ROAD STE 201,Ladonna,,,7509 CANTRELL RD STE 201,,JOHN PRINCE COMPANY,72207-2500,,receptionist@johnprinceco.com,,0052409-60-00,LADONNA,
Airetech,Y,67201-2980,WICHITA,,KS,720,1727,US,,,NaT,KS,+13168288190,,READY,,,WICHITA,NET 30,JOHN ZINK COMPANY,+19186656600,,MEDIUM,70,,,501013,PO BOX 2980,,Bob Labass,,316-828-8190,PO BOX 2980,,JOHN ZINK COMPANY,67201-2980,,,,501013,BOB LABASS,
Airetech,Y,72830,CLARKSVILLE,,AR,721,1728,US,,,2026-01-09 04:43:32,AR,,,READY,,,CLARKSVILLE,NET 30,JOHNSON CO REGIONAL MEDICAL CTR,,,HIGH,80,,,300924-84-001,1100 EAST POPLAR STREET,,,,,1100 E POPLAR ST,,JOHNSON CO REGIONAL MEDICAL. CTR,72830,,,,300924-84-001,,
Airetech,Y,,,,,722,1729,US,,,NaT,,,,REVIEW,,,,NET 60,JOHNSON CONTROLS COMMISSION,,,LOW,20,,,EXEMPT COMM,,,,,,,,JOHNSON CONTROLS COMMISSION,,,,,EXEMPT COMM,,
Airetech,Y,53201,MILWAUKEE,Y,WI,723,1730,US,,,NaT,WI,,,READY,,,MILWAUKEE,NET 60,JOHNSON CONTROLS INC,+18003822804,,MEDIUM,70,,,OK-952434688,PO BOX 2012,,Accounts Pay A-33,,,PO BOX 2012,,JOHNSON CONTROLS INC,53201,,,,OK-952434688,ACCOUNTS PAY A-33,
Airetech,Y,75380,DALLAS,N,TX,724,1731,US,,,NaT,TX,+15018129600,,READY,,,DALLAS,NET 30,JOHNSON EQUIPMENT COMPANY,+19726619822,,MEDIUM,70,,,4850160001,PO BOX 802009,,,,501-812-9600,PO BOX 802009,,JOHNSON EQUIPMENT COMPANY,75380,,,,4850160001,,
Airetech,Y,72701,FAYETTEVILLE,Y,AR,725,1732,US,,,NaT,AR,+14794447572,,READY,,,FAYETTEVILLE,NET 30,JOHNSON MECHANICAL,+14794425287,,HIGH,100,ed@johnsonmech.com,,,ED@JOHNSONMECH.COM,"10019 N CAMPBELL ROAD, STE 102",Ed Or Shelly,,479-444-7572,10019 N CAMPBELL RD STE 102,,JOHNSON MECHANICAL,72701,,ed@johnsonmech.com,,,ED OR SHELLY,
Airetech,Y,65802,SPRINGFIELD,,MO,726,1733,US,,,2026-01-09 04:43:38,MO,+14178668780,,READY,,,SPRINGFIELD,NET 30,JOHNSTON INTEGRATION TECH AVIATION,+14178664141,,HIGH,80,,,963887104,3121 E CAIRO STREET,,Lori Bourke,,417-866-8780,3121 E CAIRO ST,,JOHNSTON INTEGRATION TECH AVIATION,65802,,,,963887104,LORI BOURKE,
Airetech,Y,65801,SPRINGFIELD,,MO,727,1734,US,,,NaT,MO,+14178626776,,READY,,,SPRINGFIELD,NET 30,JOHNSTONE SUPPLY SPRINGFIELD MO,+14797503550,,MEDIUM,70,,,43-0832288,PO BOX 1477,,Tom Vlastuin,,417-862-6776,PO BOX 1477,,JOHNSTONE SUPPLY SPRINGFIELD MO,65801,,,,43-0832288,TOM VLASTUIN,
Airetech,Y,74902,POCOLA,,OK,728,1735,US,,,2026-01-09 04:43:40,OK,+19184366263,,READY,,,POCOLA,NET 30,JONES HEAT & AIR,+19184366262,,HIGH,80,,,69362725-SLS,103-3 SOUTH POCOLA BLVD,,Mark Jones,,918-436-6263,103-3 S POCOLA BLVD,,JONES HEAT AND AIR,74902,,,,69362725-SLS,MARK JONES,
Airetech,Y,72015,BENTON,Y,AR,729,1736,US,,,NaT,AR,,,READY,,,BENTON,NET 30,JONES HEATING & AIR,+15017783324,,HIGH,100,,,035395-62-001,19133 I-30 E,,Randy,,,19133 I-30 E,,JONES HEATING AND AIR,72015,,,,035395-62-001,RANDY,
Airetech,Y,72223,LITTLE ROCK,,AR,730,1737,US,,,2026-01-09 04:43:44,AR,,,READY,,,LITTLE ROCK,NET 30,JOSH JONES,+15015511210,,HIGH,80,,,,18 CHATEL DRIVE,,Josh Jones,,,18 CHATEL DR,,JOSH JONES,72223,,,,,JOSH JONES,
Airetech,Y,78154,SCHERTZ,,TX,731,1738,US,,,2026-01-09 04:43:46,TX,,,READY,,,SCHERTZ,NET 30,JSR INC,+12106537772,,HIGH,80,,,,8835 GREAVES LANE,,Rita Jordan,,,8835 GREAVES LN,,JSR INC,78154,,,,,RITA JORDAN,
Airetech,Y,74115,TULSA,Y,OK,732,1739,US,,,2026-01-09 04:43:48,OK,+19188347055,,READY,,,TULSA,NET 30,KMS,+19188347000,,HIGH,80,ap@kms-intl.com,,,EMAIL INV: AP@KMS-INTL.COM,5004 E ARCHER,Accounts Payable,,918-834-7055,5004 E ARCHER,,KMS,74115,,email inv: ap@kms-intl.com,,,ACCOUNTS PAYABLE,
Airetech,Y,74301,VINITA,,OK,733,1740,US,,,NaT,OK,+19182567741,,READY,,,VINITA,NET 30,KAMO POWER,+19182565551,,MEDIUM,70,,,10091790-03,PO BOX 577,,,,918-256-7741,PO BOX 577,,KAMO POWER,74301,,,,10091790-03,,
Airetech,Y,74103,TULSA,,OK,734,1741,US,STE 2400,,2026-01-09 04:43:51,OK,+19185872941,,READY,,,TULSA,NET 30,KANBAR PROPERTIES,+19185813300,,HIGH,80,,,,15 E 5TH,SUITE 2400,,,918-587-2941,15 E 5TH,,KANBAR PROPERTIES,74103,,,,,,
Airetech,Y,72653,MT HOME,,AR,735,1742,US,,,NaT,AR,+18704244404,,READY,,,MT HOME,NET 30,KASINGER MECHANICAL,+18704250744,,HIGH,100,,,325959-03-001,216 DODD STREET,,,,870-424-4404,216 DODD ST,,KASINGER MECHANICAL,72653,,,,325959-03-001,,
Airetech,Y,74014,BROKEN ARROW,N,OK,736,1743,US,,,NaT,OK,+19185055789,,READY,,,"BROKEN ARROW,",NET 30,KBC CONSTRUCTION INC,+19185055753,,HIGH,100,sramsey@kbc-construction.com,,46-1782714,SRAMSEY@KBC-CONSTRUCTION.COM,35941 E 71ST,Samantha Ramsey,,918-505-5789,35941 E 71ST,,KBC CONSTRUCTION INC,74014,,sramsey@kbc-construction.com,,46-1782714,SAMANTHA RAMSEY,
Airetech,Y,72802,RUSSELLVILLE,,AR,737,1744,US,,,2026-01-09 04:43:57,AR,+14794989305,,READY,,,RUSSELLVILLE,NET 30,KBM INDUSTRIAL SERVICES INC,+147949893,,HIGH,80,,,,3415 E 6TH STREET,,Ruth Weatherford,,479-498-9305,3415 E 6TH ST,,KBM INDUSTRIAL SERVICES INC,72802,,,,,RUTH WEATHERFORD,
Airetech,Y,74015-3017,CATOOSA,,OK,739,1746,US,,,NaT,OK,,,READY,,,CATOOSA,NET 30,KELVION INC THERMAL SOLUTIONS,+19182669268,,HIGH,100,,,,5202 WEST CHANNEL ROAD,,Doug Branam,,,5202 W CHANNEL RD,,KELVION INC THERMAL SOLUTIONS,74015-3017,,,,,DOUG BRANAM,
Airetech,Y,15650,LATROBE,,PA,740,1747,US,,,NaT,PA,,,READY,,,LATROBE,NET 30,KENNAMETAL INC,+17245395000,,MEDIUM,70,,,,PO BOX 231,,,,,PO BOX 231,,KENNAMETAL INC,15650,,,,,,
Airetech,Y,72120,SHERWOOD,Y,AR,741,1748,US,,,2026-01-09 04:44:03,AR,+15018345863,,READY,,,SHERWOOD,NET 30,KENNEDY AIR CONDITIONING,+15018342665,,HIGH,80,invoicing@kennedyac.com,,051595-60-001,INVOICING@KENNEDYAC.COM,8412 HIGHWAY 107,,,501-834-5863,8412 HWY 107,,KENNEDY AIR CONDITIONING,72120,,invoicing@kennedyac.com,,051595-60-001,,
Airetech,Y,73134,OKLAHOMA CITY,N,OK,742,1749,US,,,NaT,OK,,,READY,,,"OKLAHOMA CITY,",NET 30,KENNETH ALLEN SERVICES,+19185195208,,HIGH,100,joemelott@gmail.com,,,JOEMELOTT@GMAIL.COM,13600 N PENN AVE,Joe Melott,,,13600 N PENN AVE,,KENNETH ALLEN SERVICES,73134,,joemelott@gmail.com,,,JOE MELOTT,
Airetech,Y,53140,KENOSHA,,WI,743,1750,US,,,2026-01-09 04:44:07,WI,,,READY,,,KENOSHA,NET 30,KENOSHA HEATING & COOLING,+12626526900,,HIGH,80,,,,4421 SHERIDAN ROAD,,Anna Tonyan,,,4421 SHERIDAN RD,,KENOSHA HEATING AND COOLING,53140,,,,,ANNA TONYAN,
Airetech,Y,72118,NORTH LITTLE ROCK,,AR,744,1751,US,,,2026-01-09 04:44:10,AR,,,REVIEW,,,NORTH LITTLE ROCK,NET 30,KEVIN BURNETT,,,LOW,84,,,,,,Kevin Burnett,,,,,KEVIN BURNETT,72118,,,,,KEVIN BURNETT,
Airetech,Y,74055,OWASSO,,OK,745,1752,US,,,2026-01-09 04:44:12,OK,,,READY,,,OWASSO,NET 30,KEVIN TRANTHAM,+19187600794,,HIGH,80,,,,14752 E 97TH ST N,,Kevin Trantham,,,14752 E 97TH ST N,,KEVIN TRANTHAM,74055,,,,,KEVIN TRANTHAM,
Airetech,Y,72704,FAYETTEVILLE,N,AR,746,1753,US,,,2026-01-09 04:44:14,AR,+14797566516,,READY,,,FAYETTEVILLE,NET 30,KIMBEL PURCHASING COMPANY LLC,+14797561099,,HIGH,80,,,57066648-001,EMAIL @,1936 N SHILOH DRIVE,Ken/Richard,,479-756-6516,1936 N SHILOH DR,,KIMBEL PURCHASING COMPANY LLC,72704,,,,57066648-001,KEN/RICHARD,
Airetech,Y,37950-9099,KNOXVILLE,N,TN,747,1754,US,,,NaT,TN,+19209694488,,READY,,,KNOXVILLE,NET 30,KIMBERLY CLARK CORP,,,MEDIUM,70,,,,@PORTAL UPLOAD,PO BOX 59099,,,920-969-4488,PO BOX 59099,,KIMBERLY CLARK CORP,37950-9099,,@portal upload,,,,
Airetech,Y,72211,LITTLE ROCK,,AR,748,1755,US,,,2026-01-09 04:44:16,AR,+15012251028,,READY,,,LITTLE ROCK,NET 30,KINCO INC,+15012257606,,HIGH,80,,,,12600 LAWSON ROAD,,,,501-225-1028,12600 LAWSON RD,,KINCO INC,72211,,,,,,
Airetech,Y,72757,ROGERS,,AR,749,1756,US,,,NaT,AR,,,READY,,,ROGERS,NET 30,KINTY JONES HEATING & COOLING,+14798997415,,MEDIUM,70,,,63211428-SLS,PO BOX 725,,Kinty Jones,,,PO BOX 725,,KINTY JONES HEATING AND COOLING,72757,,,,63211428-SLS,KINTY JONES,
Airetech,Y,72802,RUSSELLVILLE,,AR,750,1757,US,,,2026-01-09 04:44:18,AR,,,READY,,,RUSSELLVILLE,NET 30,KIRBY SPECIALTIES,+14799685416,,HIGH,80,,,,2401 E 16TH,,Sharon Guthrie,,,2401 E 16TH,,KIRBY SPECIALTIES,72802,,,,,SHARON GUTHRIE,
Airetech,Y,74135,TULSA,,OK,751,1758,US,,,2026-01-09 04:44:20,OK,,,READY,,,TULSA,NET 30,KIRK HAYS,+19186401709,,HIGH,80,,,,3426 E 59TH STREET,,Kirk Hays,,,3426 E 59TH ST,,KIRK HAYS,74135,,,,,KIRK HAYS,
Airetech,Y,,MEMPHIS,,TN,752,1759,US,,,NaT,TN,+19012761841,,READY,,,MEMPHIS,NET 30,KNIGHT & WILSON,+19012746978,,MEDIUM,40,,,,PO BOX 40406,,Susan Dual,,901-276-1841,PO BOX 40406,,KNIGHT AND WILSON,,,,,,SUSAN DUAL,
Airetech,Y,71913,HOT SPRINGS,,AR,753,1760,US,,,2026-01-09 04:44:22,AR,,,READY,,,HOT SPRINGS,NET 30,KNOX AC HEATING INC,+15015250749,,HIGH,80,,,00208744-SLS,EMAIL @,3137 ALBERT PIKE ROAD,,,,3137 ALBERT PIKE RD,,KNOX AC HEATING INC,71913,,,,00208744-SLS,,
Airetech,Y,72110,MORRILTON,N,AR,754,1761,US,,,NaT,AR,,,READY,,,MORRILTON,NET 30,KOONTZ ELECTRIC,+15013749212,,MEDIUM,70,ap@koontzelectric.com,,,AP@KOONTZELECTRIC.COM,PO BOX 501,,,,PO BOX 501,,KOONTZ ELECTRIC,72110,,ap@koontzelectric.com,,,,
Airetech,Y,72032,CONWAY,,AR,755,1762,US,,,2026-01-09 04:44:24,AR,,,READY,,,CONWAY,NET 30,KORDSMEIER ELECTRIC,+15013293673,,HIGH,80,,,029974-23-001,118 HARKRIDER,,,,,118 HARKRIDER,,KORDSMEIER ELECTRIC,72032,,,,029974-23-001,,
Airetech,Y,72712,BENTONVILLE,,AR,756,1763,US,,,NaT,AR,+14798552003,,READY,,,BENTONVILLE,NET 30,KRAMER & CO MECHANICAL,+14798556161,,HIGH,100,,,,12451 W HIGHWAY 72,,Jennifer Kelso,,479-855-2003,12451 W HWY 72,,KRAMER AND CO MECHANICAL,72712,,,,,JENNIFER KELSO,
Airetech,Y,75569,NASH,,TX,757,1764,US,,,2026-01-09 04:44:28,TX,+19037013065,,READY,,,NASH,NET 30,KRAUSE SERVICE CO,+19038313912,,HIGH,80,,,,200 INDUSTRIAL BLVD,,Chris Krause,,903-701-3065,200 INDUSTRIAL BLVD,,KRAUSE SERVICE CO,75569,,,,,CHRIS KRAUSE,
Airetech,Y,72117,NORTH LITTLE ROCK,,AR,758,1765,US,,,2026-01-09 04:44:30,AR,+15016640117,,READY,,,NORTH LITTLE ROCK,NET 30,KREBS BROS RESTAURANT SUPPLY CO INC,+15016645233,,HIGH,80,,,132355-60-001,4217 EAST 43RD STREET,,Ruth Wilson,,501-664-0117,4217 E 43RD ST,,KREBS BROS RESTAURANT SUPPLY CO INC,72117,,,,132355-60-001,RUTH WILSON,
Airetech,Y,,,,,759,1766,US,,,NaT,,,,REVIEW,,,,NET 30,KRIS KNIGHT,,,LOW,20,,,,,,,,,,,KRIS KNIGHT,,,,,,,
Airetech,Y,71292,WEST MONROE,,LA,760,1767,US,,,2026-01-09 04:44:34,LA,+13183880333,,READY,,,WEST MONROE,NET 30,LA CONSTRUCTION GROUP LLC,+13184504163,,HIGH,80,,,,EMAIL @,1700 JONESBORO ROAD,Kathy Thacker,,318-388-0333,1700 JONESBORO RD,,LA CONSTRUCTION GROUP LLC,71292,,,,,KATHY THACKER,
Airetech,Y,74112,TULSA,N,OK,761,1768,US,,,NaT,OK,,,READY,,,TULSA,NET 30,LA KING,+19185829931,,HIGH,100,accounting@laking.com,,1056546816,ACCOUNTING@LAKING.COM,6917 E 12 ST,Jacci Snider,,,6917 E 12 ST,,LA KING,74112,,accounting@laking.com,,1056546816,JACCI SNIDER,
Airetech,Y,72201,LITTLE ROCK,,AR,762,1769,US,,,2026-01-09 04:44:38,AR,,,READY,,,LITTLE ROCK,NET 30,LA QUINTA INN & SUITES,+18177147006,,HIGH,80,,,,617 S BROADWAY,,Bill Mckenzie,,,617 S BROADWAY,,LA QUINTA,72201,,,,,BILL MCKENZIE,
Airetech,Y,74704,STILLWATER,,OK,763,1770,US,,,2026-01-09 04:44:40,OK,,,READY,,,STILLWATER,NET 30,LA QUINTA INN & SUITES,+19186251102,,HIGH,80,,,,5285 WEST 6TH AVENUE,,Mukesh,,,5285 W 6TH AVE,,LA QUINTA INN & SUITES OK,74704,,,,,MUKESH,
Airetech,Y,75038,IRVING,,TX,764,1771,US,,,2026-01-09 04:44:42,TX,,,READY,,,IRVING,NET 30,LA QUINTA INN & SUITES,+12144926600,,HIGH,80,,,,909 HIDDEN RIDGE,SUITE 600,Keith Cline,,,909 HIDDEN RIDGE,STE 600,LA QUINTA INN AND SUITES 2010 LR,75038,,,,,KEITH CLINE,
Airetech,Y,74017,CLAREMORE,Y,OK,765,1772,US,,,2026-01-09 04:44:45,OK,+19189651878,,READY,,,CLAREMORE,NET 30,LA QUINTA INN & SUITES,+19189651877,,HIGH,80,,,1852645376,774 S LYNN RIGGS BLVD,,Kt Or Ketan Patel,,918-965-1878,774 S LYNN RIGGS BLVD,,LA QUNITA INN AND SUITES CLAREMORE,74017,,,,1852645376,KT OR KETAN PATEL,
Airetech,Y,72581,TUMBLING SHOALS,,AR,766,1773,US,,,NaT,AR,,,READY,,,TUMBLING SHOALS,NET 30,LACY HEAT & AIR,+15013623023,,MEDIUM,70,,,71-0577602,PO BOX 116,,,,,PO BOX 116,,LACY HEAT AND AIR,72581,,,,71-0577602,,
Airetech,Y,74538,COLGATE,Y,OK,767,1774,US,,,NaT,OK,+15809272651,,READY,,,COLGATE,NET 30,LAMBERT MECHANICAL INC,+15809273355,,MEDIUM,70,,,1489534976,PO BOX 367,,,,580-927-2651,PO BOX 367,,LAMBERT MECHANICAL INC,74538,,,,1489534976,,
Airetech,Y,46321,MUNSTER,N,IN,768,1775,US,,,2026-01-09 04:44:47,IN,,,READY,,,MUNSTER,NET 30,LAND OFROST,+15012682473,,HIGH,80,apmunster@landofrost.com,,DIRECT PAY,APMUNSTER@LANDOFROST.COM,10109 COLUMBIA AVENUE,Ben Castro/Jan,,,10109 COLUMBIA AVE,,LAND OFROST,46321,,apmunster@landofrost.com,,DIRECT PAY,BEN CASTRO/JAN,
Airetech,Y,74015,CATOOSA,,OK,769,1776,US,,,2026-01-09 04:44:51,OK,,,READY,,,CATOOSA,NET 30,LA QUINTA INN & SUITES,+19187394600,,HIGH,80,,,,2009 S CHEROKEE STREET,,Bobby Young,,,2009 S CHEROKEE ST,,LAQUINTA INN AND SUITES CATOOSA,74015,,,,,BOBBY YOUNG,
Airetech,Y,72761,SILOAM SPRINGS,,AR,770,1777,US,,,2026-01-09 04:44:53,AR,,,READY,,,SILOAM SPRINGS,NET 30,LARKIN MECHANICAL COMPANY,+14795246102,,HIGH,80,,,193069-04-001,507 EAST MAIN,,,,,507 E MAIN,,LARKIN MECHANICAL COMPANY,72761,,,,193069-04-001,,
Airetech,Y,72118,NORTH LITTLE ROCK,,AR,771,1778,US,,,NaT,AR,,,READY,,,NORTH LITTLE ROCK,NET 30,LARRY MCKINNEY,,,HIGH,100,,,,10900 MUSCADINE LANE,,Larry Mckinney,,,10900 MUSCADINE LN,,LARRY MCKINNEY,72118,,,,,LARRY MCKINNEY,
Airetech,Y,74115,TULSA,,OK,772,1779,US,,,2026-01-09 04:44:57,OK,+18004880719,,READY,,,TULSA,NET 30,LAYCO ELECTRIC,+19187968000,,HIGH,80,,,STS-10145505-,1827 N 75TH E AVENUE,,Tamara Tucker,,800-488-0719,1827 N 75TH E AVE,,LAYCO ELECTRIC,74115,,,,STS-10145505-,TAMARA TUCKER,
Airetech,Y,74012,BROKEN ARROW,,OK,773,1780,US,FLYNT AND KALLENNBERGER,,2026-01-09 04:44:59,OK,,,READY,,,BROKEN ARROW,NET 30,LEANNA REYNOLDS,+19182586890,,HIGH,80,,,,FLYNT AND KALLENNBERGER,1800 S ELM PLACE STE 200,,,,1800 S ELM PL STE 200,,LEANNA REYNOLDS,74012,,,,,,
Airetech,Y,74145,TULSA,,OK,774,1781,US,,,2026-01-09 04:45:01,OK,,,READY,,,TULSA,NET 30,LEE STICE,+19182647445,,HIGH,80,,,,8253 E 34TH STREET,,Lee Stice,,,8253 E 34TH ST,,LEE STICE,74145,,,,,LEE STICE,
Airetech,Y,75080,RICHARDSON,Y,TX,775,1782,US,,,2026-01-09 04:45:03,TX,,,READY,,,RICHARDSON,NET 30,LENNOX INDUSTRIES,+19724975000,,HIGH,80,,,212971,2100 LAKE PARK BLVD,,,,,2100 LAKE PARK BLVD,,LENNOX INDUSTRIES,75080,,,,212971,,
Airetech,Y,74110,TULSA,,OK,776,1783,US,,,2026-01-09 04:45:05,OK,,,READY,,,TULSA,NET 30,LEONS HEAT & AIR SERVICE,,,HIGH,80,,,,2631 E ADMIRAL PLACE,,,,,2631 E ADMIRAL PL,,LEONS HEAT & AIR SERVICE,74110,,,,,,
Airetech,Y,74361,PRYOR,,OK,777,1784,US,,,2026-01-09 04:45:07,OK,,,READY,,,PRYOR,NET 30,LIFE FELLOWSHIP CHURCH,,,HIGH,80,,,,905 SE 29TH STREET,,,,,905 SE 29TH ST,,LIFE FELLOWSHIP CHURCH,74361,,,,,,
Airetech,Y,74115,TULSA,Y,OK,778,1785,US,,,2026-01-09 04:45:09,OK,,,READY,,,TULSA,NET 30,LITTLE LIGHT HOUSE,,,HIGH,80,ekozma@epsisgeo.com,,EXM-10022226-,EMAIL: EKOZMA@EPSISGEO.COM,5004 E ARCHER,Elaine @ K & M,,,5004 E ARCHER,,LITTLE LIGHT HOUSE,74115,,ekozma@epsisgeo.com,,EXM-10022226-,ELAINE @ K & M,
Airetech,Y,72223,LITTLE ROCK,,AR,779,1786,US,,,2026-01-09 04:45:11,AR,,,READY,,,LITTLE ROCK,NET 30,LITTLE ROCK CHRISTIAN ACADEMY,+15048689822,,HIGH,80,,,,19010 CANTRELL ROAD,,Eric Schmidt,,,19010 CANTRELL RD,,LITTLE ROCK CHRISTIAN ACADEMY,72223,,,,,ERIC SCHMIDT,
Airetech,Y,72203,LITTLE ROCK,,AR,780,1787,US,,,NaT,AR,+15013725239,,READY,,,LITTLE ROCK,NET 30,LITTLE ROCK CONVENTION & VIS BUR,+15013703211,,MEDIUM,70,,,,PO BOX 1513,,Kristie Johnson,,501-372-5239,PO BOX 1513,,LITTLE ROCK CONVENTION AND VIS BUR,72203,,,,,KRISTIE JOHNSON,
Airetech,Y,72206,LITTLE ROCK,,AR,781,1788,US,,,NaT,AR,+15014900788,,READY,,,LITTLE ROCK,NET 30,LITTLE ROCK SHEET METAL,+15014901028,,HIGH,100,,,,625 WEST DIXON ROAD,,Judy,,501-490-0788,625 W DIXON RD,,LITTLE ROCK SHEET METAL,72206,,,,,JUDY,
Airetech,Y,72203,LITTLE ROCK,,AR,782,1789,US,,,NaT,AR,,,READY,,,LITTLE ROCK,NET 30,LITTLE ROCK TECHNOLOGY PARK,+15016585231,,MEDIUM,70,,,,PO BOX 3836,,Brent Birch,,,PO BOX 3836,,LITTLE ROCK TECHNOLOGY PARK,72203,,,,,BRENT BIRCH,
Airetech,Y,72204,LITTLE ROCK,Y,AR,783,1790,US,,,2026-01-09 04:45:16,AR,+15016881409,,READY,,,LITTLE ROCK,NET 30,LITTLE ROCK WATER RECLAMATION AUTH,+15013762903,,HIGH,80,,,,11 CLEARWATER DRIVE,,Karlah Shumate,,501-688-1409,11 CLEARWATER DR,,LITTLE ROCK WATER RECLAMATION AUTH,72204,,,,,KARLAH SHUMATE,
Airetech,Y,71043-1130,BRYANT,,AR,784,1791,US,,,2026-01-09 04:45:18,AR,,,READY,,,BRYANT,NET 30,LIVECO CONSTRUCTION,+15012299361,,HIGH,80,,,,2615 N PRICKETT ROAD,,Jarrod Hart,,,2615 N PRICKETT RD,,LIVECO CONSTRUCTION,71043-1130,,,,,JARROD HART,
Airetech,Y,73160,MOORE,N,OK,785,1792,US,,,2026-01-09 04:45:21,OK,,,READY,,,MOORE,NET 30,LMI MECHANICAL,+14052550553,,HIGH,80,,,,221 S TURNER,,,,,221 S TURNER,,LMI MECHANICAL,73160,,,,,,
Airetech,Y,71854,TEXARKANA,,AR,786,1793,US,,,2026-01-09 04:45:23,AR,,,READY,,,TEXARKANA,NET 30,LOGAN ELECTRIC CO INC,+18707721332,,HIGH,80,,,022641-46-001,208 EAST BROAD STREET,,Rusty,,,208 E BROAD ST,,LOGAN ELECTRIC CO INC,71854,,,,022641-46-001,RUSTY,
Airetech,Y,74112,TULSA,N,OK,787,1794,US,,,NaT,OK,,,READY,,,TULSA,NET 30,LOGIC HVAC,+19189866077,,HIGH,100,office2@tulsalogic.com,,,OFFICE2@TULSALOGIC.COM,1112 SO YALE AVENUE,Drew Cole,,,1112 SO YALE AVE,,LOGIC HVAC,74112,,office2@tulsalogic.com,,,DREW COLE,
Airetech,Y,72086,LONOKE,Y,AR,788,1795,US,,,NaT,AR,+15010000000,,READY,,,LONOKE,NET 30,LONOKE SERVICE COMPANY LLC,+15012662855,,MEDIUM,70,,,12234293-001,PO BOX 503,,Russell Ivy,,501-000-0000,PO BOX 503,,LONOKE SERVICE COMPANY LLC,72086,,,,12234293-001,RUSSELL IVY,
Airetech,Y,72117,NORTH LITTLE ROCK,,AR,789,1796,US,,,2026-01-09 04:45:28,AR,,,READY,,,NORTH LITTLE ROCK,NET 30,LOREAL,+15019450811,,HIGH,80,,,,11500 MAYBELLINE ROAD,,Matt Burns,,,11500 MAYBELLINE RD,,LOREAL,72117,,,,,MATT BURNS,
Airetech,Y,72143,SEARCY,,AR,790,1797,US,,,2026-01-09 04:45:30,AR,+15013652680,,READY,,,SEARCY,NET 30,LOUIS COOPER HEATING & AIR LLC,+15013053972,,HIGH,80,,,,1235 FULLER LANE,,Jamie Cooper,,501-365-2680,1235 FULLER LN,,LOUIS COOPER HEATING AND AIR LLC,72143,,,,,JAMIE COOPER,
Airetech,Y,72076,JACKSONVILLE,N,AR,791,1798,US,,,2026-01-09 04:45:32,AR,,,READY,,,JACKSONVILLE,NET 30,LRAFB,,,HIGH,80,,,need cert,103 ARKANSAS BLVD,,,,,103 ARKANSAS BLVD,,LRAFB,72076,,,,need cert,,
Airetech,Y,73702,ENID,Y,OK,792,1799,US,,,NaT,OK,+15802339488,,READY,,,ENID,NET 30,LUCKINBILL,+15802332026,,MEDIUM,70,,,,PO BOX 186,,Toni,,580-233-9488,PO BOX 186,,LUCKINBILL,73702,,,,,TONI,
Airetech,Y,72396,WYNNE,,AR,793,1800,US,,,2026-01-09 04:45:34,AR,,,READY,,,WYNNE,NET 30,LW HEATING & AIR INC,+18703629223,,HIGH,80,,,60361558-001,215 9TH STREET,,Lonnie Winfrey,,,215 9TH ST,,LW HEATING AND AIR INC,72396,,,,60361558-001,LONNIE WINFREY,
Airetech,Y,72501,BATESVILLE,,AR,794,1801,US,,,2026-01-09 04:45:35,AR,,,READY,,,BATESVILLE,NET 30,LYON COLLEGE,,,HIGH,80,,,,2300 HIGHLAND DRIVE,,,,,2300 HIGHLAND DR,,LYON COLLEGE,72501,,,,,,
Airetech,Y,37027,BRENTWOOD,Y,TN,795,1802,US,STE 200,,2026-01-09 04:45:37,TN,+16153995350,,READY,,,BRENTWOOD,NET 30,M & A SUPPLY CO INC,+16153995324,,HIGH,80,,,162487-21-001,7000 EXECUTIVE CENTER DR,SUITE 200,,,615-399-5350,7000 EXECUTIVE CENTER DR,,M AND A SUPPLY CO INC,37027,,,,162487-21-001,,
Airetech,Y,72209,LITTLE ROCK,Y,AR,796,1803,US,,,NaT,AR,,,READY,,,LITTLE ROCK,NET 30,M & I HEATING & AIR COMPANY,+15014102431,,HIGH,100,yc.miheatingair@gmail.com,,,YC.MIHEATINGAIR@GMAIL.COM,7323 MABLEVALE CUTOFF ROAD,Miguel Ornelas,,,7323 MABLEVALE CUTOFF RD,,M AND I HEATING AND AIR COMPANY,72209,,yc.miheatingair@gmail.com,,,MIGUEL ORNELAS,
Airetech,Y,92408,SAN BERNADINO,,CA,797,1804,US,,,NaT,CA,+19094944138,,READY,,,SAN BERNADINO,,MACROAIR,+18666683247,,HIGH,100,,,,794 S ALLEN STREET,,Rhonda Vigneux,,909-494-4138,794 S ALLEN ST,,MACROAIR,92408,,,,,RHONDA VIGNEUX,
Airetech,Y,74131,TULSA,,OK,798,1805,US,,,NaT,OK,+19182248830,,READY,,,TULSA,NET 30,MADISON INDUSTRIES,+19182246990,,HIGH,100,,,852738048,8500 NEW SAPULPA ROAD,,Devin(Ok) Pam(Ga),,918-224-8830,8500 NEW SAPULPA RD,,MADISON INDUSTRIES,74131,,,,852738048,DEVIN(OK) PAM(GA),
Airetech,Y,74121-2186,TULSA,,OK,799,1806,US,MD 32-AP,,NaT,OK,,,READY,,,TULSA,NET 30,MAGELLAN PIPELINE HOLDINGS LP,+19185747378,,MEDIUM,70,,,,PO BOX 22186,MD 32-AP,Accounts Payable,,,PO BOX 22186,,MAGELLAN PIPELINE HOLDINGS LP,74121-2186,,,,,ACCOUNTS PAYABLE,
Airetech,Y,71753,MAGNOLIA,N,AR,800,1807,US,,,NaT,AR,,,READY,,,MAGNOLIA,NET 30,MAGNOLIA SURGERY CENTER,+18702355665,,HIGH,100,,,,25 COLUMBIA ROAD 47,,Debbie Cloud,,,25 COLUMBIA RD 47,,MAGNOLIA SURGERY CENTER,71753,,,,,DEBBIE CLOUD,
Airetech,Y,72956,VAN BUREN,,AR,801,1808,US,,,NaT,AR,+14794745760,,READY,,,VAN BUREN,NET 30,MALONE MECHANICAL,+14794748094,,HIGH,100,,,,2221 OLIVER SPRINGS WAY,,Judy,,479-474-5760,2221 OLIVER SPRINGS WAY,,MALONE MECHANICAL,72956,,,,,JUDY,
Airetech,Y,72762,SPRINGDALE,,AR,802,1809,US,,,2026-01-09 04:45:52,AR,,,READY,,,SPRINGDALE,NET 30,MANCIA PROPERTIES,,,HIGH,80,,,,2021-A W SUNSET AVE,,David Mancia,,,2021-A W SUNSET AVE,,MANCIA PROPERTIES,72762,,,,,DAVID MANCIA,
Airetech,Y,74146,TULSA,Y,OK,803,1810,US,,,2026-01-09 04:45:54,OK,+19185924334,,READY,,,TULSA,NET 30,MANHATTAN CONSTRUCTION CO,+19185836900,,HIGH,80,,,,5601 S 122ND E AVENUE,,,,918-592-4334,5601 S 122ND E AVE,,MANHATTAN CONSTRUCTION CO,74146,,,,,,
Airetech,Y,77056-2723,HOUSTON,,TX,804,1811,US,,,2026-01-09 04:45:56,TX,,,READY,,,HOUSTON,NET 30,MARATHON OIL CORPORATION,+17136296600,,HIGH,80,,,STS-101848906,5555 SAN FELIPE STREET,,Jessica Frazier,,,5555 SAN FELIPE ST,,MARATHON OIL CORPORATION,77056-2723,,,,STS-101848906,JESSICA FRAZIER,
Airetech,Y,72206,LITTLE ROCK,,AR,805,1812,US,,,NaT,AR,,,READY,,,LITTLE ROCK,NET 30,MARK GLAZE,+15013792945,,HIGH,100,,,,2601 GRUNDFEST DR,,Mark Glaze,,,2601 GRUNDFEST DR,,MARK GLAZE,72206,,,,,MARK GLAZE,
Airetech,Y,74145,TULSA,,OK,806,1813,US,,,2026-01-09 04:46:00,OK,,,READY,,,TULSA,NET 30,MARK JAMESON,+19182375702,,HIGH,80,,,,7636 EAST 46TH PLACE,,,,,7636 E 46TH PL,,MARK JAMESON,74145,,,,,,
Airetech,Y,72758,ROGERS,,AR,807,1814,US,,,NaT,AR,,,READY,,,ROGERS,NET 30,MARK KILGORE HIGHLANDS,,,HIGH,100,,,,8 W DOVER STREET,,Mark Kilgore,,,8 W DOVER ST,,MARK KILGORE HIGHLANDS,72758,,,,,MARK KILGORE,
Airetech,Y,72018,BENTON,Y,AR,808,1815,US,,,NaT,AR,,,READY,,,BENTON,NET 30,MARK ROGERS INC,+15016800223,,MEDIUM,70,,,12192031-SLS,PO BOX 1542,,Mark Rogers,,,PO BOX 1542,,MARK ROGERS INC,72018,,,,12192031-SLS,MARK ROGERS,
Airetech,Y,74019,CLAREMORE,,OK,809,1816,US,,,2026-01-09 04:46:05,OK,,,READY,,,CLAREMORE,NET 30,MARK WATOWICH,,,HIGH,80,,,,21435 S 4200 ROAD,,Mark Watowich,,,21435 S 4200 RD,,MARK WATOWICH,74019,,,,,MARK WATOWICH,
Airetech,Y,72012,BEEBE,,AR,810,1817,US,,,2026-01-09 04:46:07,AR,,,READY,,,BEEBE,NET 30,MARKS MAINTENANCE SOLUTIONS,+15012882686,,HIGH,80,,,,100 LAKE COURT,,Mark Morrisey,,,100 LAKE CT,,MARKS MAINTENANCE SOLUTIONS,72012,,,,,MARK MORRISEY,
Airetech,Y,72012,BEEBE,,AR,811,1818,US,,,2026-01-09 04:46:09,AR,,,READY,,,BEEBE,NET 30,MARKS MAINTENANCE SOLUTIONS,+15012882686,,HIGH,80,,,,100 LAKE COURT,,Mark Morrisey,,,100 LAKE CT,,MARKS MAINTENANCE SOLUTIONS,72012,,,,,MARK MORRISEY,
Airetech,Y,72201,LITTLE ROCK,,AR,812,1819,US,,,2026-01-09 04:46:11,AR,+15013998061,,READY,,,LITTLE ROCK,NET 30,MARRIOTT,+15013998068,,HIGH,80,,,,3 STATEHOUSE PLAZA,,Donny Dodson,,501-399-8061,3 STATEHOUSE PLAZA,,MARRIOTT LITTLE ROCK,72201,,,,,DONNY DODSON,
Airetech,Y,74136,TULSA,,OK,813,1820,US,,,2026-01-09 04:46:13,OK,,,READY,,,TULSA,NET 30,MARRIOTT SOUTHERN HILLS,+19185233541,,HIGH,80,,,,1902 E 71ST STREET,,Marcus Sheik,,,1902 E 71ST ST,,MARRIOTT SOUTHERN HILLS,74136,,,,,MARCUS SHEIK,
Airetech,Y,74169,TULSA,,OK,814,1821,US,,,NaT,OK,,,READY,,,TULSA,NET 30,MARRS ELECTRIC,+19186888694,,MEDIUM,70,,,,PO BOX 690296,,Chris Howerton,,,PO BOX 690296,,MARRS ELECTRIC,74169,,,,,CHRIS HOWERTON,
Airetech,Y,50158,MARSHALLTOWN,,IA,815,1822,US,,,NaT,IA,+16417534789,,READY,,,MARSHALLTOWN,NET 30,MARSHALLTOWN COMPANY,+16417535999,,MEDIUM,70,acctpay@marshalltown.com,,0104756-62-00,ACCTPAY@MARSHALLTOWN.COM,PO BOX 738,,,641-753-4789,PO BOX 738,,MARSHALLTOWN COMPANY,50158,,acctpay@marshalltown.com,,0104756-62-00,,
Airetech,Y,,,,,816,1823,US,,,NaT,,,,REVIEW,,,,NET 30,MARVIN BARHAM,+15015516231,,LOW,20,,,,,,,,,,,MARVIN BARHAM,,,,,,,
Airetech,Y,71635,CROSSETT,,AR,817,1824,US,,,2026-01-09 04:46:17,AR,+18703644647,,READY,,,CROSSETT,NET 30,MASTER TECHICIANS & MECHANICALS,+18703643388,,HIGH,80,,,,505 HANCOCK ROAD,,Valerie Martin,,870-364-4647,505 HANCOCK RD,,MASTER TECHICIANS AND MECHANICALS,71635,,,,,VALERIE MARTIN,
Airetech,Y,74362,PRYOR,N,OK,818,1825,US,,,NaT,OK,,,READY,,,PRYOR,NET 30,MASTERS HEATING & COOLING,+19188242300,,MEDIUM,70,mastersheatcool@att.net,,,EMAIL:MASTERSHEATCOOL@ATT.NET,PO BOX 1592,Dot,,,PO BOX 1592,,MASTERS HEATING AND COOLING,74362,,mastersheatcool@att.net,,,DOT,
Airetech,Y,72765-1366,SPRINGDALE,Y,AR,819,1826,US,,,NaT,AR,+15017514089,,READY,,,SPRINGDALE,NET 30,MATHEWS MANAGEMENT CO,+15017519617,,MEDIUM,70,,,,PO BOX 1366,,Donna Jones,,501-751-4089,PO BOX 1366,,MATHEWS MANAGEMENT CO,727651366,,,,,DONNA JONES,
Airetech,Y,72766,SPRINGDALE,,AR,820,1827,US,,,NaT,AR,+14797500953,,READY,,,SPRINGDALE,NET 30,MATHIAS PROPERTIES INC,+14797509100,,MEDIUM,70,,,,PO BOX 6485,,Becky Crumley,,479-750-0953,PO BOX 6485,,MATHIAS PROPERTIES INC,72766,,,,,BECKY CRUMLEY,
Airetech,Y,72033,CONWAY,N,AR,821,1828,US,,,NaT,AR,+15013296023,,READY,,,CONWAY,NET 30,MATHIS SHEET METAL,+15013295874,,MEDIUM,70,hhamilton@trustmathis.com,,152029-23-001,HHAMILTON@TRUSTMATHIS.COM,PO BOX 446,Howard Hamilton,,501-329-6023,PO BOX 446,,MATHIS SHEET METAL,72033,,hhamilton@trustmathis.com,,152029-23-001,HOWARD HAMILTON,
Airetech,Y,74015,CATOOSA,,OK,822,1829,US,,,NaT,OK,,,READY,,,CATOOSA,NET 30,MATRIX SERVICE,+19183796104,,HIGH,100,,,,1105 WEST MAIN PARKWAY,,David Dunaway,,,1105 W MAIN PKWY,,MATRIX SERVICE,74015,,,,,DAVID DUNAWAY,
Airetech,Y,72113,MAUMELLE,,AR,823,1830,US,,,2026-01-09 04:46:21,AR,,,READY,,,MAUMELLE,NET 30,MAUMELLE COUNTRY CLUB,+15018511033,,HIGH,80,,,,100 CLUB MANOR DRIVE,,,,,100 CLUB MANOR DR,,MAUMELLE COUNTRY CLUB,72113,,,,,,
Airetech,Y,72113,MAUMELLE,,AR,824,1831,US,,,2026-01-09 04:46:23,AR,,,READY,,,MAUMELLE,NET 30,MAUMELLE FIRE DEPARTMENT,+15013536041,,HIGH,80,,,,1100 EDGEWOOD,,Greg Ezell,,,1100 EDGEWOOD,,MAUMELLE FIRE DEPARTMENT,72113,,,,,GREG EZELL,
Airetech,Y,72113,MAUMELLE,,AR,825,1832,US,,,2026-01-09 04:46:25,AR,,,READY,,,MAUMELLE,NET 30,MAUMELLE GYM & CHEER,+15017535437,,HIGH,80,connie@mgckids.com,,,CONNIE@MGCKIDS.COM,9300 COUNTS MASSIE ROAD,Connie Raley,,,9300 COUNTS MASSIE RD,,MAUMELLE GYM AND CHEER,72113,,connie@mgckids.com,,,CONNIE RALEY,
Airetech,Y,72117,NORTH LITTLE ROCK,,AR,826,1833,US,,,2026-01-09 04:46:27,AR,,,READY,,,NORTH LITTLE ROCK,NET 30,MAVERICK TRUCKING,+15019554336,,HIGH,80,,,,13301 VALENTINE ROAD,,,,,13301 VALENTINE RD,,MAVERICK TRUCKING,72117,,,,,,
Airetech,Y,74010,BRISTOW,,OK,827,1834,US,,,2026-01-09 04:46:29,OK,,,READY,,,BRISTOW,NET 30,MAYBERRY ENTERPRISES LLC,+19183676066,,HIGH,80,,,,710 INDUSTRIAL ROAD,,Wes Mayberry,,,710 INDUSTRIAL RD,,MAYBERRY ENTERPRISES LLC,74010,,,,,WES MAYBERRY,
Airetech,Y,72762,SPRINGDALE,,AR,828,1835,US,,,NaT,AR,,,READY,,,SPRINGDALE,NET 30,MAYES PLUMBING & HEATING,,,HIGH,100,,,00021528-SLS,3730 SOUTH CARLEY ROAD,,,,,3730 S CARLEY RD,,MAYES PLUMBING AND HEATING,72762,,,,00021528-SLS,,
Airetech,Y,72765,SPRINGDALE,N,AR,829,1836,US,,,NaT,AR,+14797512753,,READY,,,SPRINGDALE,NET 30,MAYO INC,+14797514819,,MEDIUM,70,,,029041-72-001,PO BOX 365,,Ed Middleton,,479-751-2753,PO BOX 365,,MAYO INC,72765,,,,029041-72-001,ED MIDDLETON,
Airetech,Y,74501,MCALESTER,,OK,830,1837,US,,,NaT,OK,,,READY,,,MCALESTER,NET 30,MCALESTER AMMO PLANT,+19184207177,,HIGH,100,,,516467 - OK,1 C-TREE ROAD BLDG 14A,,,,,1 C-TREE RD BLDG 14A,,MCALESTER AMMO PLANT,74501,,,,516467 - OK,,
Airetech,Y,74501,MCALESTER,,OK,831,1838,US,,,2026-01-09 04:46:36,OK,,,READY,,,MCALESTER,NET 30,MCALESTER MECHANICAL,+19184296602,,HIGH,80,bobbyoxford@hotmail.com,,,BOBBYOXFORD@HOTMAIL.COM,204 W SENECA AVENUE,Bobby Oxford,,,204 W SENECA AVE,,MCALESTER MECHANICAL,74501,,bobbyoxford@hotmail.com,,,BOBBY OXFORD,
Airetech,Y,74501,MCALESTER,,OK,832,1839,US,GERI-PSHYCH PROJ C/O OCE MECH,,2026-01-09 04:46:37,OK,,,READY,,,MCALESTER,NET 30,MCALESTER REG HLTH CNTR AUTH,,,HIGH,80,,,,1 CLARK BASS BLVD,GERI-PSHYCH PROJ C/O OCE MECH,Rmorrell@Oceuscom,,,1 CLARK BASS BLVD,,MCALESTER REG HLTH CNTR AUTH,74501,,,,,RMORRELL@OCE.US.COM,
Airetech,Y,74501,MCALESTER,,OK,833,1840,US,C/O MCINTOSH,,2026-01-09 04:46:39,OK,,,READY,,,MCALESTER,NET 30,MCALESTER REGIONAL HEALTH CENTER,+19182701414,,HIGH,80,,,,1 CLARK BASS BLVD,C/O MCINTOSH,Mcintosh,,,1 CLARK BASS BLVD,,MCALESTER REGIONAL HEALTH CENTER,74501,,,,,MCINTOSH,
Airetech,Y,74502,MCALESTER,N,OK,834,1841,US,,,NaT,OK,+19184218609,,READY,,,MCALESTER,NET 30,MCALESTER REGIONAL HEALTH CTR,+19184218098,,MEDIUM,70,,,,PO BOX 1228,,,,918-421-8609,PO BOX 1228,,MCALESTER REGIONAL HEALTH CTR,74502,,,,,,
Airetech,Y,74017,CLAREMORE,,OK,835,1842,US,,,NaT,OK,,,READY,,,CLAREMORE,NET 30,MCBAR SERVICES LLC,+19186375798,,HIGH,100,,,,11915 SOUTH 4185 ROAD,,Randall Barbee,,,11915 S 4185 RD,,MCBAR SERVICES LLC,74017,,,,,RANDALL BARBEE,
Airetech,Y,74012,BROKEN ARROW,N,OK,836,1843,US,,,2026-01-09 04:46:44,OK,+19186196761,,READY,,,BROKEN ARROW,NET 30,MCBRI MECHANICAL,+19185766874,,HIGH,80,,,,810  E JACKSON PLACE,,Mike Moon,,918-619-6761,810 E JACKSON PL,,MCBRI MECHANICAL,74012,,,,,MIKE MOON,
Airetech,Y,38118,MEMPHIS,N,TN,837,1844,US,,,2026-01-09 04:46:47,TN,,,READY,,,MEMPHIS,NET 30,MCC MECHANICAL MEMPHIS,+19013331970,,HIGH,80,vendorinvoices@bernhard.com,,,VENDORINVOICES@BERNHARD.COM,3644 CHERRY ROAD,,,,3644 CHERRY RD,,MCC MECHANICAL MEMPHIS,38118,,vendorinvoices@bernhard.com,,,,
Airetech,Y,08012,BLACKWOOD,,NJ,838,1845,US,,,NaT,NJ,+18567848283,,READY,,,BLACKWOOD,NET 30,MCCLOSKEY MECHANICAL,+18567845080,,HIGH,100,,,,445 LOWER LANDING RD,,Matt Pierce,,856-784-8283,445 LOWER LANDING RD,,MCCLOSKEY MECHANICAL,8012,,,,,MATT PIERCE,
Airetech,Y,72764,SPRINGDALE,,AR,839,1846,US,,,2026-01-09 04:46:51,AR,,,READY,,,SPRINGDALE,NET 30,MCDONALDS,,,HIGH,80,,,,1468A E. MOUNTAIN ROAD,,Gale Renner,,,1468A E MOUNTAIN RD,,MCDONALDS,72764,,,,,GALE RENNER,
Airetech,Y,72089,BRYANT,Y,AR,840,1847,US,,,NaT,AR,+15019436800,,READY,,,BRYANT,NET 30,MCGINTY MECHANICAL,+15018476800,,MEDIUM,70,invoice@brmcginty.com,,022868-62-001,EMAIL: invoice@brmcginty.com,PO BOX 483,Shelly Lewis-Cntrllr,,501-943-6800,PO BOX 483,,MCGINTY MECHANICAL,72089,,invoice@brmcginty.com,,022868-62-001,SHELLY LEWIS-CNTRLLR,
Airetech,Y,71913,HOT SPRINGS,Y,AR,841,1848,US,,,2026-01-09 04:46:53,AR,,,READY,,,HOT SPRINGS,NET 30,MCGREW HEATING & AIR SERVICES,+15017621019,,HIGH,80,,,,507 HOBSON AVENUE,,Cole Jeffers,,,507 HOBSON AVE,,MCGREW HEATING AND AIR SERVICES,71913,,,,,COLE JEFFERS,
Airetech,Y,74147,TULSA,N,OK,842,1849,US,,,NaT,OK,+19182701444,,READY,,,TULSA,NET 30,MCINTOSH SERVICE LLC,+19182701414,,MEDIUM,70,apinvoices@mcintoshok.com,,,EM:APINVOICES@MCINTOSHOK.COM,PO BOX 472208,Sally,,918-270-1444,PO BOX 472208,,MCINTOSH SERVICE LLC,74147,,em:apinvoices@mcintoshok.com,,,SALLY,
Airetech,Y,37315,COLLEGEDALE,Y,TN,843,1850,US,ATTN: ACCOUNTS PAYABLE,,NaT,TN,,,READY,,,COLLEGEDALE,NET 30,MCKEE FOODS CORPORATION,+14232387111,,MEDIUM,70,,,161019-80-001,PO BOX 750,ATTN: ACCOUNTS PAYABLE,,,,PO BOX 750,,MCKEE FOODS CORPORATION,37315,,,,161019-80-001,,
Airetech,Y,74066,TULSA,,OK,844,1851,US,,,NaT,OK,,,READY,,,TULSA,NET 30,MCKINNEY HEAT & AIR,+19186275784,,HIGH,100,,,,1008 S OVERLOOK DRIVE,,,,,1008 S OVERLOOK DR,,MCKINNEY HEAT AND AIR,74066,,,,,,
Airetech,Y,72543,HEBER SPRINGS,,AR,845,1852,US,,,NaT,AR,+15012680136,,READY,,,HEBER SPRINGS,NET 30,MCM INC,+15018271453,,HIGH,100,,,,2481 RIVERBEND,,Malcom Mclain,,501-268-0136,2481 RIVERBEND,,MCM INC,72543,,,,,MALCOM MCLAIN,
Airetech,Y,72160,STUTTGART,,AR,846,1853,US,,,2026-01-09 04:47:00,AR,,,READY,,,STUTTGART,NET 30,MCNAY TOOL & EQUIP SALES & SVC,+18706733003,,HIGH,80,,,,2105 B SOUTH MAIN STREET,,Michael J Mcnay,,,2105 B S MAIN ST,,MCNAY TOOL AND EQUIP SALES AND SVC,72160,,,,,MICHAEL J. MCNAY,
Airetech,Y,68127,OMAHA,N,NE,847,1854,US,,,2026-01-09 04:47:02,NE,+14023395560,,READY,,,OMAHA,NET 30,MCNEIL INDUSTRIAL,+14023395544,,HIGH,80,jpauley@mcneil-ind.com,,257650-76-001,JPAULEY@MCNEIL-IND.COM,8425 MADISON STREET,Robert Davis,,402-339-5560,8425 MADISON ST,,MCNEIL INDUSTRIAL,68127,,jpauley@mcneil-ind.com,,257650-76-001,ROBERT DAVIS,
Airetech,Y,72730,FARMINGTON,,AR,848,1855,US,,,NaT,AR,+14798466601,,READY,,,FARMINGTON,NET 30,MDM MECHANICAL LLC,+14796847667,,MEDIUM,70,,,,PO BOX 1885,,,,479-846-6601,PO BOX 1885,,MDM MECHANICAL LLC,72730,,,,,,
Airetech,Y,74012,BROKEN ARROW,Y,OK,849,1856,US,,,2026-01-09 04:47:04,OK,+19182514130,,READY,,,BROKEN ARROW,NET 30,MECHANICAL AIR SYST OKLAHOMA,+19182514123,,HIGH,80,coveykn@masi-ba.com,,662267,COVEYKN@MASI-BA.COM,1705 WEST DETROIT,Karen,,918-251-4130,1705 W DETROIT,,MECHANICAL AIR SYST OKLAHOMA,74012,,coveykn@masi-ba.com,,662267,KAREN,
Airetech,Y,71133,SHREVEPORT,,LA,850,1857,US,,,NaT,LA,+13185500526,,READY,,,SHREVEPORT,NET 30,MECHANICAL CONCEPTS LLC LA,+13185500525,,MEDIUM,70,,,5569725-001-4,PO BOX 3570,,,,318-550-0526,PO BOX 3570,,MECHANICAL CONCEPTS LLC LA,71133,,,,5569725-001-4,,
Airetech,Y,74008-0754,BIXBY,Y,OK,851,1858,US,,,NaT,OK,+19183223919,,READY,,,BIXBY,NET 45,MECHANICAL SOLUTIONS HVAC SERV,+19188550058,,MEDIUM,70,,,,PO BOX 754,,Mitch Stasiuk,,918-322-3919,PO BOX 754,,MECHANICAL SOLUTIONS HVAC SERV,74008-0754,,,,,MITCH STASIUK,
Airetech,Y,71291,WEST MONROE,,LA,852,1859,US,,,NaT,LA,,,READY,,,WEST MONROE,NET 30,MECHANICAL SYSTEM & SERV,+13183885801,,HIGH,100,,,,464 INDUSTRIAL PARKWAY,,Rene,,,464 INDUSTRIAL PKWY,,MECHANICAL SYSTEM & SERV,71291,,,,,RENE,
Airetech,Y,30815,HEPHZIBAH,,GA,853,1860,US,,,NaT,GA,+17065929882,,READY,,,HEPHZIBAH,NET 30,MECHANICAL TRADES INC,+17065924029,,MEDIUM,70,,,,PO BOX 1639,2462 PATTERSON BRIDGE ROAD,Teresa Mcleod,,706-592-9882,PO BOX 1639,2462 PATTERSON BRIDGE RD,MECHANICAL TRADES INC,30815,,,,,TERESA MCLEOD,
Airetech,Y,74105,TULSA,,OK,854,1861,US,,,2026-01-09 04:47:09,OK,,,READY,,,TULSA,NET 30,MECHANICAL1 LLC,+19183811771,,HIGH,80,,,,1005 E 53RD STREET,,Jimmy Moore,,,1005 E 53RD ST,,MECHANICAL1 LLC,74105,,,,,JIMMY MOORE,
Airetech,Y,14580,WEBSTER,,NY,855,1862,US,,,NaT,NY,+15858729172,,READY,,,WEBSTER,NET 30,MECHTECH,+15858726681,,MEDIUM,70,,,,PO BOX 686,,,,585-872-9172,PO BOX 686,,MECHTECH,14580,,,,,,
Airetech,Y,71730,EL DORADO,Y,AR,856,1863,US,,,2026-01-09 04:47:11,AR,+18708640106,,READY,,,EL DORADO,NET 30,SOUTH ARKANSAS REGIONAL HOSPITAL,+18708632638,,HIGH,80,,,92-3616260,700 WEST GROVE,,,,870-864-0106,700 W GROVE,,SOUTH ARKANSAS REGIONAL HOSPITAL,71730,,,,92-3616260,,
Airetech,Y,46278,INDIANAPOLIS,N,IN,857,1864,US,,,2026-01-09 04:47:14,IN,,,READY,,,INDIANAPOLIS,NET 30,MEDXCEL MEDICAL FACILITIES MGMT,+19186258997,,HIGH,80,invoices@medxcel.com,,,INVOICES@MEDXCEL.COM,"7702 WOODLAND DR, SUITE 200",Jessie Barnes,,,7702 WOODLAND DR STE 200,,MEDXCEL MEDICAL FACILITIES MGMT,46278,,invoices@medxcel.com,,,JESSIE BARNES,
Airetech,Y,72761,SILOAM SPRINGS,,AR,858,1865,US,,,NaT,AR,,,READY,,,SILOAM SPRINGS,NET 30,MEEKER HEATING & AIR CONDITIONING,+14794271110,,MEDIUM,70,,,68610063,PO BOX 947,,,,,PO BOX 947,,MEEKER HEATING AND AIR CONDITIONING,72761,,,,68610063,,
Airetech,Y,74362,PRYOR,,OK,859,1866,US,,,NaT,OK,,,READY,,,PRYOR,NET 30,MELTON AIR CONDITIONING,+19188250461,,MEDIUM,70,,,240538,PO BOX 38,,,,,PO BOX 38,,MELTON AIR CONDITIONING,74362,,,,240538,,
Airetech,Y,74116,TULSA,,OK,860,1867,US,,,2026-01-09 04:47:16,OK,,,READY,,,TULSA,NET 30,MELTON TRUCK LINES,+19182709454,,HIGH,80,,,,808 N 161ST E AVENUE,,Tamie Barnard,,,808 N 161ST E AVE,,MELTON TRUCK LINES,74116,,,,,TAMIE BARNARD,
Airetech,Y,38177,MEMPHIS,,TN,861,1868,US,,,NaT,TN,+19017632476,,READY,,,MEMPHIS,NET 30,MEMPHIS COOLING TOWERS LLC,+19018204423,,MEDIUM,70,,,278238-76-001,PO BOX 771767,,,,901-763-2476,PO BOX 771767,,MEMPHIS COOLING TOWERS LLC,38177,,,,278238-76-001,,
Airetech,Y,71953,MENA,,AR,862,1869,US,,,NaT,AR,+14793941583,,READY,,,MENA,NET 30,MENA STEEL BUILDINGS INC,+14793942162,,MEDIUM,70,,,,PO BOX 1386,,Pamela Cost,,479-394-1583,PO BOX 1386,,MENA STEEL BUILDINGS INC,71953,,,,,PAMELA COST,
Airetech,Y,72917,FORT SMITH,N,AR,863,1870,US,,,2026-01-09 04:47:18,AR,,,READY,,,FORT SMITH,NET 30,MERCY HOSPITAL OF SCOTT COUNTY,+14796374135,,HIGH,80,,,070011-84-001,7301 ROGERS AVENUE,,,,,7301 ROGERS AVE,,MERCY HOSPITAL OF SCOTT COUNTY,72917,,,,070011-84-001,,
Airetech,Y,74136,TULSA,,OK,864,1871,US,,,2026-01-09 04:47:20,OK,,,READY,,,TULSA,NET 30,METRO CHRISTIAN ACADEMY,+19186884676,,HIGH,80,,,556073,6363 S TRENTON,,,,,6363 S TRENTON,,METRO CHRISTIAN ACADEMY,74136,,,,556073,,
Airetech,Y,60173,SCHAUMBURG,N,IL,865,1872,US,STE 304,,2026-01-09 04:47:22,IL,+18478821058,,READY,,,SCHAUMBURG,NET 30,METRO TECH SERVICE LLC,+18008867667,,HIGH,80,,,,1827 WALDEN OFFICE SQUARE,SUITE 304,Rob/Nina,,847-882-1058,1827 WALDEN OFFICE SQUARE,,METRO TECH SERVICE LLC,60173,,,,,ROB/NINA,
Airetech,Y,74066,SAPULPA,,OK,866,1873,US,,,2026-01-09 04:47:24,OK,+19182279613,,READY,,,SAPULPA,NET 30,MGM MECHANICAL,+19182274947,,HIGH,80,,,,6619 S 153RD W AVENUE,,Mike Cardill,,918-227-9613,6619 S 153RD W AVE,,MGM MECHANICAL,74066,,,,,MIKE CARDILL,
Airetech,Y,,,,,867,1874,US,,,NaT,,,,REVIEW,,,,NET 30,MICHAEL & REBECCA WEAVER,,,LOW,20,,,,,,,,,,,MICHAEL AND REBECCA WEAVER,,,,,,,
Airetech,Y,72007,AUSTIN,,AR,868,1875,US,,,NaT,AR,,,READY,,,AUSTIN,NET 30,MICHAEL KEE ELECTRIC INC,+15012866136,,MEDIUM,70,,,,PO BOX 189,,Anita Kee,,,PO BOX 189,,MICHAEL KEE ELECTRIC INC,72007,,,,,ANITA KEE,
Airetech,Y,72019,BENTON,,AR,869,1876,US,,,2026-01-09 04:47:27,AR,,,READY,,,BENTON,NET 30,MICHAEL SANDERS,+15019444451,,HIGH,80,,,,3051 MT MCGREGOR,,Michael Sanders,,,3051 MT MCGREGOR,,MICHAEL SANDERS,72019,,,,,MICHAEL SANDERS,
Airetech,Y,72117,NORTH LITTLE ROCK,,AR,870,1877,US,BUILDING UJ-1,,2026-01-09 04:47:29,AR,,,READY,,,NORTH LITTLE ROCK,NET 30,MICHELLE WEBER WITH GROUP O,+13097368662,,HIGH,80,,,,9201 FAULKNER LAKE ROAD,BUILDING UJ-1,Michelle Weber,,,9201 FAULKNER LAKE RD,,MICHELLE WEBER WITH GROUP O,72117,,,,,MICHELLE WEBER,
Airetech,Y,39060-0113,CLINTON,,MS,871,1878,US,,,NaT,MS,,,READY,,,CLINTON,NET 30,MID SOUTH SALES INV 03 73,,,MEDIUM,70,,,,PO BOX 113,,V Thompson,,,PO BOX 113,,MID SOUTH SALES INV 03 73,39060-0113,,,,,V THOMPSON,
Airetech,Y,72206,LITTLE ROCK,N,AR,872,1879,US,,,NaT,AR,,,READY,,,LITTLE ROCK,NET 30,MID STATE HEATING & COOLING,,,HIGH,100,,,61867857-SLS,4901 GUYSE ROAD,*CASH CUSTOMER*,Robert Clark,,,4901 GUYSE RD,,MID STATE HEATING AND COOLING,72206,,,,61867857-SLS,ROBERT CLARK,
Airetech,Y,72015,BENTON,,AR,873,1880,US,,,NaT,AR,,,READY,,,"BENTON,",NET 30,MIDDLEBROOKS HEAT & AIR,+15017784646,,HIGH,100,,,00150497-62-0,718 SOUTHEAST STREET,,,,,718 SEAST ST,,MIDDLEBROOKS HEAT AND AIR,72015,,,,00150497-62-0,,
Airetech,Y,72089,BRYANT,Y,AR,874,1881,US,,,NaT,AR,+15018478379,,READY,,,BRYANT,NET 30,MIDDLETON INC,+15018470371,,MEDIUM,70,,,124799-62-001,PO BOX 506,,Sherri,,501-847-8379,PO BOX 506,,MIDDLETON INC,72089,,,,124799-62-001,SHERRI,
Airetech,Y,72727,ELKINS,N,AR,875,1882,US,,,2026-01-09 04:47:36,AR,+14792966014,,READY,,,"ELKINS,",NET 30,MIDLAND INDUSTRIAL,+14792966091,,HIGH,80,ap@midlandllc.com,,,AP@MIDLANDLLC.COM,110 N CENTER ST,Misty/Bailey,,4792966014,110 N CENTER ST,,MIDLAND INDUSTRIAL,72727,,ap@midlandllc.com,,,MISTY/BAILEY,
Airetech,Y,71730,EL DORADO,N,AR,876,1883,US,,,2026-01-09 04:47:38,AR,+18708626893,,READY,,,EL DORADO,NET 30,MID SOUTH HEAT & AIR,+18708628493,,HIGH,80,,,,706 SOUTH TIMBERLANE,,Accounts Payable,,870-862-6893,706 S TIMBERLANE,,MID SOUTH HEAT AND AIR,71730,,,,,ACCOUNTS PAYABLE,
Airetech,Y,72902,FORT SMITH,Y,AR,877,1884,US,,,NaT,AR,+19186264001,,READY,,,FORT SMITH,NET 30,MIDWEST AUTOMATION,+19186264000,,MEDIUM,70,,,269853-76-001,PO BOX 2582,,Hilary Johnson,,918-626-4001,PO BOX 2582,,MIDWEST AUTOMATION,72902,,,,269853-76-001,HILARY JOHNSON,
Airetech,Y,74012,BROKEN ARROW,,OK,878,1885,US,,,2026-01-09 04:47:40,OK,,,READY,,,BROKEN ARROW,NET 30,MIDWEST ROOFING,+19182515777,,HIGH,80,,,,709 S 11TH STREET,,Jason Laforest,,,709 S 11TH ST,,MIDWEST ROOFING,74012,,,,,JASON LAFOREST,
Airetech,Y,74105,TULSA,,OK,879,1886,US,,,2026-01-09 04:47:42,OK,,,READY,,,TULSA,NET 30,MIKE BUTLER,+19182939294,,HIGH,80,,,,2843 E 32ND STREET,,Mike & Teresa Butler,,,2843 E 32ND ST,,MIKE BUTLER,74105,,,,,MIKE & TERESA BUTLER,
Airetech,Y,72117,NORTH LITTLE ROCK,,AR,880,1887,US,,,2026-01-09 04:47:44,AR,+15015373443,,READY,,,NORTH LITTLE  ROCK,NET 30,MIKE GOWEN MECHANICAL,+15015373444,,HIGH,80,,,,220 GRANT PARK CIRCLE,,,,501-537-3443,220 GRANT PARK CIR,,MIKE GOWEN MECHANICAL,72117,,,,,,
Airetech,Y,72949,OZARK,,AR,881,1888,US,,,NaT,AR,,,READY,,,OZARK,NET 30,MIKE ISAACS,,,MEDIUM,70,,,,PO BOX 674,,,,,PO BOX 674,,MIKE ISAACS,72949,,,,,,
Airetech,Y,72601,HARRISON,,AR,882,1889,US,,,NaT,AR,,,READY,,,HARRISON,NET 30,MILAM REFRIGERATION,+18707412595,,HIGH,100,,,264409-05-001,5107 HWY 392 W,,,,,5107 HWY 392 W,,MILAM REFRIGERATION,72601,,,,264409-05-001,,
Airetech,Y,72762,SPRINGDALE,,AR,883,1890,US,,,2026-01-09 04:47:49,AR,+14797514841,,READY,,,SPRINGDALE,NET 30,MILESTONE CONSTRUCTION COMPANY LLC,+14797513560,,HIGH,80,,,,2002 S 48TH STREET,,Sam Hollis - Pres,,479-751-4841,2002 S 48TH ST,,MILESTONE CONSTRUCTION COMPANY LLC,72762,,,,,SAM HOLLIS - PRES,
Airetech,Y,38134,MEMPHIS,,TN,884,1891,US,,,2026-01-09 04:47:51,TN,+19013735155,,READY,,,MEMPHIS,NET 30,MILLS WILSON GEORGE INC,+19013735100,,HIGH,80,,,,1847 VANDERHORN,,Rita Strawn,,901-373-5155,1847 VANDERHORN,,MILLS WILSON GEORGE INC,38134,,,,,RITA STRAWN,
Airetech,Y,,,,,885,1892,US,,,NaT,,,,REVIEW,,,,,MINE SAFETY APPLIANCE COMMISSION,,,LOW,20,,,EXEMPT COMM,,,,,,,,MINE SAFETY APPLIANCE COMMISSION,,,,,EXEMPT COMM,,
Airetech,Y,64801,JOPLIN,N,MO,886,1893,US,,,2026-01-09 04:47:55,MO,+14176232204,,READY,,,JOPLIN,NET 30,MITCHELL MILL SYSTEMS,+14176232224,,HIGH,80,,,MO-20861079,EMAIL @,927 SCHIFFERDECKER AVENUE,Penny Bird,,417-623-2204,927 SCHIFFERDECKER AVE,,MITCHELL MILL SYSTEMS,64801,,,,MO-20861079,PENNY BIRD,
Airetech,Y,71639,DUMAS,Y,AR,887,1894,US,,,NaT,AR,+18703826464,,READY,,,DUMAS,NET 30,MIZELL HEATING & AIR INC,+18703825250,,MEDIUM,70,melody.mhahvac@gmail.com,,,MELODY.MHAHVAC@GMAIL.COM,PO BOX 417,Dale/Melody,,870-382-6464,PO BOX 417,,MIZELL HEATING AND AIR INC DUMAS,71639,,melody.mhahvac@gmail.com,,,DALE/MELODY,
Airetech,Y,74128,TULSA,,OK,888,1895,US,,,2026-01-09 04:47:57,OK,+19182939358,,READY,,,TULSA,NET 30,ML JONES LLC,+19187427011,,HIGH,80,,,,8 S 111TH EAST AVENUE,,Todd Fugman,,918-293-9358,8 S 111TH E AVE,,ML JONES LLC,74128,,,,,TODD FUGMAN,
Airetech,Y,64145,KANSAS CITY,,MO,889,1896,US,,,2026-01-09 04:47:59,MO,,,READY,,,KANSAS CITY,NET 30,MMC CONTRACTORS NATIONAL INC,+18169415300,,HIGH,80,,,,13800 WYANDOTTE STREET,,Mark Grothaus,,,13800 WYANDOTTE ST,,MMC CONTRACTORS NATIONAL INC,64145,,,,,MARK GROTHAUS,
Airetech,Y,,,,,890,1897,US,,,NaT,,,,REVIEW,,,,,MODINE COMMISSION,,,LOW,20,,,EXEMPT COMM,,,,,,,,MODINE COMMISSION,,,,,EXEMPT COMM,,
Airetech,Y,74344,GROVE,,OK,891,1898,US,,,2026-01-09 04:48:03,OK,,,READY,,,GROVE,NET 30,MONTE RUTHERFORD INTEGRIS HEALTH,+19188595533,,HIGH,80,adam.rush@integrisok.com,,,ADAM.RUSH@INTEGRISOK.COM,1001 E 18TH STREET,,,,1001 E 18TH ST,,MONTE RUTHERFORD INTEGRIS HEALTH,74344,,adam.rush@integrisok.com,,,,
Airetech,Y,71655,MONTICELLO,,AR,892,1899,US,,,2026-01-09 04:48:05,AR,+18703671531,,READY,,,MONTICELLO,NET 30,MONTICELLO SCHOOL DISTRICT,+18703674000,,HIGH,80,,,,935 SCOGIN DRIVE,,Karen Bayless,,870-367-1531,935 SCOGIN DR,,MONTICELLO SCHOOL DISTRICT,71655,,,,,KAREN BAYLESS,
Airetech,Y,72019,BENTON,,AR,893,1900,US,,,NaT,AR,+15013160052,,READY,,,BENTON,NET 30,MOREHART HEATING & AIR INC,+15019518582,,HIGH,100,,,,3813 QUAIL LANE,,Tonya Tourtillotte,,501-316-0052,3813 QUAIL LN,,MOREHART HEATING AND AIR INC,72019,,,,,TONYA TOURTILLOTTE,
Airetech,Y,72762,SPRINGDALE,N,AR,894,1901,US,,,2026-01-09 04:48:09,AR,,,READY,,,SPRINGDALE,NET 30,MORRISON BUILDERS,+14794350853,,HIGH,80,dwayne@morrisonbuildersinc.com,,,Dwayne@morrisonbuildersinc.com,1036 BILTMORE,Steve Morrison,,,1036 BILTMORE,,MORRISON BUILDERS,72762,,dwayne@morrisonbuildersinc.com,,,STEVE MORRISON,
Airetech,Y,72762,SPRINGDALE,N,AR,895,1902,US,,,2026-01-09 04:48:11,AR,,,READY,,,SPRINGDALE,NET 30,MORRISON BUILDERS,+14794350853,,HIGH,80,dwayne@morrisonbuildersinc.com,,,Dwayne@morrisonbuildersinc.com,1036 BILTMORE,Steve Morrison,,,1036 BILTMORE,,*DO NOT USE - DUP*MORRISON BUILDERS,72762,,dwayne@morrisonbuildersinc.com,,,STEVE MORRISON,
Airetech,Y,72745,LOWELL,Y,AR,896,1903,US,,,NaT,AR,,,READY,,,"LOWELL,",NET 30,AIRCO SERVICES OF NWA,+14794377259,,HIGH,100,nwaacct@aircoservice.com,,80685727-SLS,NWAACCT@AIRCOSERVICE.COM,411 N GOAD SPRINGS STE104,Ashley Thomas,,,411 N GOAD SPRINGS STE104,,AIRCO SERVICES OF NWA,72745,,nwaacct@aircoservice.com,,80685727-SLS,ASHLEY THOMAS,
Airetech,Y,72122,PARON,Y,AR,897,1904,US,,,NaT,AR,+18008587075,,READY,,,PARON,NET 30,MOSELEY HVAC,+15014255296,,MEDIUM,70,,,58861576-001,PO BOX 180,,,,800-858-7075,PO BOX 180,,MOSELEY HVAC,72122,,,,58861576-001,,
Airetech,Y,35201,BIRMINGHAM,N,AL,898,1905,US,,,NaT,AL,,,READY,,,BIRMINGHAM,NET 30,MOTION IND SPRINGDALE,,,MEDIUM,70,,,043104-78-014,PO BOX 1655,,,,,PO BOX 1655,,MOTION IND SPRINGDALE,35201,,,,043104-78-014,,
Airetech,Y,35201-1477,BIRMINGHAM,N,AL,899,1906,US,,,NaT,AL,+18709726761,,READY,,,BIRMINGHAM,NET 30,MOTION INDUSTRIES,+14799683422,,MEDIUM,70,ap.corporate@motion.com,,043104-78-014,AP.CORPORATE@MOTION.COM,PO BOX 1655,,,870-972-6761,PO BOX 1655,,MOTION INDUSTRIES,35201-1477,,ap.corporate@motion.com,,043104-78-014,,
Airetech,Y,72701,FAYETTEVILLE,Y,AR,900,1907,US,,,2026-01-09 04:48:18,AR,+14795219022,,READY,,,FAYETTEVILLE,NET 30,MOUNTAIN MECHANICAL,+14795214886,,HIGH,80,,,,903 SOUTH SCHOOL,,Becky,,479-521-9022,903 S SCHOOL,,MOUNTAIN MECHANICAL,72701,,,,,BECKY,
Airetech,Y,74146,TULSA,,OK,901,1908,US,,,2026-01-09 04:48:20,OK,,,READY,,,TULSA,NET 30,MSC INDUSTRIAL SUPPLY,,,HIGH,80,,,1406353408,11022 E 51ST,,Kerrie Miller,,,11022 E 51ST,,MSC INDUSTRIAL SUPPLY,74146,,,,1406353408,KERRIE MILLER,
Airetech,Y,72616,BERRYVILLE,,AR,902,1909,US,,,2026-01-09 04:48:22,AR,,,READY,,,BERRYVILLE,NET 30,MSSE MID STATES SPECIALTY EGGS,+18709296125,,HIGH,80,,,,1302 PRIMROSE DRIVE,,Ted Hostetler,,,1302 PRIMROSE DR,,MSSE MID STATES SPECIALTY EGGS,72616,,,,,TED HOSTETLER,
Airetech,Y,72113,NORTH LITTLE ROCK,,AR,903,1910,US,,,2026-01-09 04:48:24,AR,+15017711303,,READY,,,NORTH LITTLE ROCK,NET 30,MULHEARN WILSON CONSTRUCTORS,+15017711300,,HIGH,80,,,,7507 COUNTS MASSIE,,,,501-771-1303,7507 COUNTS MASSIE,,MULHEARN WILSON CONSTRUCTORS,72113,,,,,,
Airetech,Y,74012,BROKEN ARROW,,OK,904,1911,US,,,2026-01-09 04:48:26,OK,+19188301518,,READY,,,BROKEN ARROW,NET 30,MULLIN SERVICES,+19182586636,,HIGH,80,,,,118 SOUTH ELM PLACE,,Brent,,918-830-1518,118 S ELM PL,,MULLIN SERVICES,74012,,,,,BRENT,
Airetech,Y,72765,SPRINGDALE,Y,AR,905,1912,US,,,NaT,AR,+14799274265,,READY,,,SPRINGDALE,NET 30,MULTICRAFT CONT INC,+14799274228,,MEDIUM,70,ap@multi-craft.net,,039822-72-002,EMAIL: ap@multi-craft.net,PO BOX 1760,Chalon Collins,,479-927-4265,PO BOX 1760,,MULTICRAFT CONT INC,72765,,ap@multi-craft.net,,039822-72-002,CHALON COLLINS,
Airetech,Y,65803,SPRINGFIELD,,MO,906,1913,US,,,NaT,MO,+14178696931,,READY,,,SPRINGFIELD,NET 30,MULTICRAFT CONTRACTORS INC MO,+14178696791,,HIGH,100,,,,2810 NORTH LECOMPTE ROAD,,Levi Wilson,,417-869-6931,2810 N LECOMPTE RD,,MULTICRAFT CONTRACTORS INC MO,65803,,,,,LEVI WILSON,
Airetech,Y,73460,TISHOMINGO,,OK,907,1914,US,,,2026-01-09 04:48:31,OK,,,READY,,,TISHOMINGO,NET 30,MURRAY STATE COLLEGE,+15803877213,,HIGH,80,,,,ONE MURRAY CAMPUS,,Derinda Kennedy,,,ONE MURRAY CAMPUS,,MURRAY STATE COLLEGE,73460,,,,,DERINDA KENNEDY,
Airetech,Y,74447,OKMULGEE,,OK,908,1915,US,C/O OCE MECH,,2026-01-09 04:48:33,OK,,,READY,,,OKMULGEE,NET 30,MUSCOGEE CREEK NATION,,,HIGH,80,,,,2951 N WOOD DR,C/O OCE MECH,,,,2951 N WOOD DR,,MUSCOGEE CREEK NAT,74447,,,,,,
Airetech,Y,74447,OKMULGEE,Y,OK,909,1916,US,,,2026-01-09 04:48:35,OK,,,READY,,,OKMULGEE,NET 30,MUSCOGEE CREEK NATION,,,HIGH,80,,,,2951 N WOOD DRIVE,,,,,2951 N WOOD DR,,MUSCOGEE CREEK NATION,74447,,,,,,
Airetech,Y,74447,OKMULGEE,,OK,910,1917,US,C/O OMNI MECH,,NaT,OK,,,READY,,,OKMULGEE,NET 30,MUSCOGEE CREEK NATION,,,HIGH,70,,,,FIN DEPT BOX 400,C/O OMNI MECH,,,,FIN DEPT BOX 400,,MUSCOGEE CREEK NATION DEPT OF HLTH,74447,,,,,,
Airetech,Y,74170,TULSA,N,OK,911,1918,US,,,NaT,OK,,,READY,,,TULSA,NET 30,MUSKOGEE CREEK NATION CASINO,+19182998518,,MEDIUM,70,,,,PO BOX 700833,,Katie Hicks,,,PO BOX 700833,,MUSKOGEE CREEK NATION CASINO,74170,,,,,KATIE HICKS,
Airetech,Y,72033,CONWAY,Y,AR,912,1919,US,,,NaT,AR,+15013278227,,READY,,,CONWAY,NET 30,NABCO,+15013271337,,MEDIUM,70,,,,PO BOX 1547,,Keith,,501-327-8227,PO BOX 1547,,NABCO,72033,,,,,Keith,
Airetech,Y,72032,CONWAY,Y,AR,913,1920,US,,,NaT,AR,,,READY,,,CONWAY,NET 30,NABCO SERVICE,+15013271337,,MEDIUM,70,,,120013-23-001,PO BOX 1547,,Tivia,,,PO BOX 1547,,NABCO SERVICE,72032,,,,120013-23-001,TIVIA,
Airetech,Y,72033,CONWAY,,AR,914,1921,US,,,NaT,AR,,,READY,,,CONWAY,NET 30,NABHOLZ CONSTRUCTION,+15013277781,,MEDIUM,70,,,,PO BOX 2090,,,,,PO BOX 2090,,NABHOLZ CONSTRUCTION CONWAY,72033,,,,,,
Airetech,Y,72205,LITTLE ROCK,,AR,915,1922,US,,,2026-01-09 04:48:37,AR,,,READY,,,LITTLE ROCK,NET 30,NABHOLZ CONSTRUCTION,+15012175500,,HIGH,80,,,,1718 ALDERSGATE,,,,,1718 ALDERSGATE,,NABHOLZ CONSTRUCTION LR,72205,,,,,,
Airetech,Y,72756,ROGERS,Y,AR,916,1923,US,,,NaT,AR,+14792467280,,READY,,,ROGERS,NET 30,NABHOLZ CONSTRUCTION,+14796597905,,HIGH,100,apmidwest@nabholz.com,,,EMAIL:apmidwest@nabholz.com,307 W STRIBLING ROAD,,,479-246-7280,307 W STRIBLING RD,,NABHOLZ CONSTRUCTION ROGERS,72756,,apmidwest@nabholz.com,,,,
Airetech,Y,74146,TULSA,,OK,917,1924,US,,,2026-01-09 04:48:42,OK,,,READY,,,TULSA,NET 30,NABHOLZ CONSTRUCTION,+19182317362,,HIGH,80,,,,10319 E 54TH STREET,,Deanna Bowman,,,10319 E 54TH ST,,NABHOLZ TULSA,74146,,,,,DEANNA BOWMAN,
Airetech,Y,72160,STUTTGART,,AR,918,1925,US,,,2026-01-09 04:48:44,AR,,,READY,,,STUTTGART,NET 30,NALL SERVICE INC,+18706738481,,HIGH,80,,,219980-01-001,619 S MAIN,,Michael Nall,,,619 S MAIN,,NALL SERVICE INC,72160,,,,219980-01-001,MICHAEL NALL,
Airetech,Y,87102,ALBUQUERQUE,,NM,919,1926,US,,,2026-01-09 04:48:46,NM,+15052437626,,READY,,,ALBUQUERQUE,NET 30,NATIONAL HEATING & VENTILATING CO,+15052425828,,HIGH,80,,,,818 IRON SE,,Cheryl Swain,,505-243-7626,818 IRON SE,,NATIONAL HEATING AND VENTILATING CO,87102,,,,,CHERYL SWAIN,
Airetech,Y,72204,LITTLE ROCK,Y,AR,920,1927,US,,,2026-01-09 04:48:48,AR,+15015652122,,READY,,,"LITTLE ROCK,",NET 30,NATIONAL HVAC,+15015657600,,HIGH,80,,,152265-60-001,,7501 KANIS ROAD,Phyllis,,501-565-2122,7501 KANIS RD,,NATIONAL HVAC,72204,,,,152265-60-001,PHYLLIS,
Airetech,Y,33020,HOLLYWOOD,,FL,921,1928,US,STE 207,,2026-01-09 04:48:51,FL,,,READY,,,HOLLYWOOD,DUE ON RECEIPT,NATIONAL REHAB CO LLC,+19549291171,,HIGH,80,,,,2700 N 29TH AVE,SUITE 207,Jane Kogan,,,2700 N 29TH AVE,,NATIONAL REHAB CO LLC,33020,,,,,JANE KOGAN,
Airetech,Y,28098,LOWELL,,NC,922,1929,US,,,NaT,NC,+17048799175,,READY,,,LOWELL,NET 30,NATIVE AIR INC,+17048240380,,MEDIUM,70,,,,PO BOX 911,,Desiree Reyes,,704-879-9175,PO BOX 911,,NATIVE AIR INC,28098,,,,,DESIREE REYES,
Airetech,Y,33773,LARGO,N,FL,923,1930,US,,,2026-01-09 04:48:53,FL,+17275354900,,READY,,,"LARGO,",NET 30,NCA CONSULTANTS GROUP,+17275300078,,HIGH,80,,,,"6510 125TH AVE N, STE 1001",,Colleen Decker,,727-535-4900,6510 125TH AVE N STE 1001,,NCA CONSULTANTS GROUP,33773,,,,,COLLEEN DECKER,
Airetech,Y,72079,JEFFERSON,,AR,924,1931,US,,,2026-01-09 04:48:55,AR,,,READY,,,JEFFERSON,NET 30,NCTR,,,HIGH,80,,,53-0196965 AR,3900 NCTR ROAD,,,,,3900 NCTR RD,,NCTR,72079,,,,53-0196965 AR,,
Airetech,Y,48007-5805,TROY,N,MI,925,1932,US,,,NaT,MI,,,READY,,,TROY,NET 30,NESTLE GERBER USA,,,MEDIUM,70,angela.davis@us.nestle.com,,000019-80-001,ANGELA.DAVIS@US.NESTLE.COM,PO BOX 5805,Angela Davis,,,PO BOX 5805,,NESTLE GERBER USA,48007-5805,,angela.davis@us.nestle.com,,000019-80-001,ANGELA DAVIS,
Airetech,Y,74338,COLCORD,,OK,926,1933,US,,,NaT,OK,+19184225644,,READY,,,COLCORD,NET 30,NEW LIFE RANCH,+19184225506,,HIGH,100,,,10038802-03,160 NEW LIFE RANCH DRIVE,,Connie Jaquees,,918-422-5644,160 NEW LIFE RANCH DR,,NEW LIFE RANCH,74338,,,,10038802-03,CONNIE JAQUEES,
Airetech,Y,60639,CHICAGO,,IL,927,1934,US,,,NaT,IL,,,READY,,,CHICAGO,NET 30,NEWLYWEDS FOODS,+18006217521,,MEDIUM,70,apinvoices@newlywedsfoods.com,,118207-80-001,APINVOICES@NEWLYWEDSFOODS.COM,PO BOX 39357,,,,PO BOX 39357,,NEWLYWEDS FOODS,60639,,apinvoices@newlywedsfoods.com,,118207-80-001,,
Airetech,Y,44125,CLEVELAND,,OH,934,1941,US,UNIT A,,NaT,OH,,,READY,,,CLEVELAND,NET 30,NORTEC COMMISSION,,,HIGH,100,,,EXEMPT COMM,9545 MIDWEST AVE,UNIT A,,,,9545 MIDWEST AVE,,NORTEC COMMISSION,44125,,,,EXEMPT COMM,,
Airetech,Y,72112,NEWPORT,,AR,928,1935,US,,,2026-01-09 04:48:59,AR,+18705231388,,READY,,,NEWPORT,NET 30,NEWPORT SPECIAL SCHOOL DISTRICT,+18705231311,,HIGH,80,,,,406 WILKERSON DRIVE,,Lynnette Beard,,870-523-1388,406 WILKERSON DR,,NEWPORT SPECIAL SCHOOL DISTRICT,72112,,,,,LYNNETTE BEARD,
Airetech,Y,72719,CENTERTON,,AR,929,1936,US,,,2026-01-09 04:49:01,AR,,,READY,,,CENTERTON,NET 30,NEWSONG CHURCH ASSEMBLY OF GOD,+14792246860,,HIGH,80,,,,119 N C STREET,,Gary Swanson,,,119 N C ST,,NEWSONG CHURCH ASSEMBLY OF GOD,72719,,,,,GARY SWANSON,
Airetech,Y,71603,PINE BLUFF,,AR,930,1937,US,,,2026-01-09 04:49:03,AR,+18705340555,,READY,,,PINE BLUFF,NET 30,NICHOLSONS HEAT & AIR,+18705345476,,HIGH,80,,,,3012 S MIDLAND DRIVE,,Trisha,,870-534-0555,3012 S MIDLAND DR,,NICHOLSONS HEAT AND AIR,71603,,,,,TRISHA,
Airetech,Y,02370,ROCKLAND,Y,MA,931,1938,US,,,2026-01-09 04:49:05,MA,+17818717449,,READY,,,ROCKLAND,NET 30,NOBLE SUPPLY & LOGISTICS,+17818711911,,HIGH,80,,,58111338-SLS,302 WEYMOUTH STREET,,Accounts Payable,,781-871-7449,302 WEYMOUTH ST,,NOBLE SUPPLY AND LOGISTICS,2370,,,,58111338-SLS,ACCOUNTS PAYABLE,
Airetech,Y,74101-3365,TULSA,Y,OK,932,1939,US,,,NaT,OK,+19182346755,,READY,,,TULSA,NET 30,NORDAM,+19182346724,,MEDIUM,70,,,104798,PO BOX 3365,,Ap,,918-234-6755,PO BOX 3365,,NORDAM,74101-3365,,,,104798,AP,
Airetech,Y,71730,EL DORADO,,AR,933,1940,US,,,2026-01-09 04:49:09,AR,+18708634201,,READY,,,EL DORADO,NET 30,NORRIS MECHANICAL,+18708634200,,HIGH,80,,,012615-70-001,2400 LORENE,,,,870-863-4201,2400 LORENE,,NORRIS MECHANICAL,71730,,,,012615-70-001,,
Airetech,Y,00010,ST-LEONARD-D'ASTON,,QC,935,1942,CA,,,NaT,QC,,,READY,,,ST-LEONARD-D'ASTON,NET 30,NORTEK AIR SOLUTIONS CANADA,+18193992175,,HIGH,100,,,,200 RUE CARTER,,,,,200 RUE CARTER,,NORTEK AIR SOLUTIONS CANADA,JOC 1MO,,,,,,
Airetech,Y,72601,HARRISON,,AR,936,1943,US,,,2026-01-09 04:49:16,AR,,,READY,,,HARRISON,NET 30,NORTH ARKANSAS REG MEDICAL CENTER,+18704144000,,HIGH,80,,,070012-84-001,620 N MAIN,,Accounts Payable,,,620 N MAIN,,NORTH ARKANSAS REG MEDICAL CENTER,72601,,,,070012-84-001,ACCOUNTS PAYABLE,
Airetech,Y,72114-2332,NORTH LITTLE ROCK,Y,AR,937,1944,US,,,2026-01-09 04:49:18,AR,,,READY,,,NORTH LITTLE ROCK,NET 30,NORTH LITTLE ROCK SCHOOL DISTRICT,,,HIGH,80,,,,2500 N POPLAR STREET,,Accounts Payable,,,2500 N POPLAR ST,,NORTH LITTLE ROCK SCHOOL DISTRICT,72114-2332,,,,,ACCOUNTS PAYABLE,
Airetech,Y,74362,PRYOR,,OK,938,1945,US,,,NaT,OK,+19188253176,,READY,,,PRYOR,NET 30,NORTHEAST TECHNOLOGY CENTER,+1918825704,,MEDIUM,70,,,568633,PO BOX 487,,,,918-825-3176,PO BOX 487,,NORTHEAST TECHNOLOGY CENTER,74362,,,,568633,,
Airetech,Y,74465,TAHLEQUAH,,OK,939,1946,US,,,NaT,OK,,,READY,,,TAHLEQUAH,NET 30,NORTHEASTERN HEALTH SYSTEM,+19189317540,,MEDIUM,70,,,STS-10092141-,PO BOX 1008,,Accounts Payable,,,PO BOX 1008,,NORTHEASTERN HEALTH SYSTEM,74465,,,,STS-10092141-,ACCOUNTS PAYABLE,
Airetech,Y,74464,TAHLEQUAH,Y,OK,940,1947,US,,,2026-01-09 04:49:20,OK,+19184582196,,READY,,,TAHLEQUAH,NET 30,NORTHEASTERN STATE UNIVERSITY,+19184445511,,HIGH,80,,,L1665465088,601 N GRAND AVENUE,,,,918-458-2196,601 N GRAND AVE,,NORTHEASTERN STATE UNIVERSITY,74464,,,,L1665465088,,
Airetech,Y,72118,NORTH LITTLE ROCK,,AR,941,1948,US,,,2026-01-09 04:49:22,AR,+15017531795,,READY,,,NORTH LITTLE ROCK,NET 30,NORTHSIDE HEAT & AIR,+15017532662,,HIGH,80,,,00034262-SLS,1616 SPLAWN DRIVE,,,,501-753-1795,1616 SPLAWN DR,,NORTHSIDE HEAT AND AIR,72118,,,,00034262-SLS,,
Airetech,Y,72757,ROGERS,Y,AR,942,1949,US,,,NaT,AR,+14796310037,,READY,,,ROGERS,NET 30,NORTHWEST ARK SHEET METAL,+14796364500,,MEDIUM,70,ap@nwasm.net,,,ap@nwasm.net,PO BOX 1660,Ap,,479-631-0037,PO BOX 1660,,NORTHWEST ARK SHEET METAL,72757,,ap@nwasm.net,,,AP,
Airetech,Y,72712,BENTONVILLE,,AR,943,1950,US,,,2026-01-09 04:49:24,AR,,,READY,,,BENTONVILLE,NET 30,NORTHWEST ARKANSAS HEAD START,+14796367317,,HIGH,80,,,,2109 SE J STREET,,Julia Wade,,,2109 SE J ST,,NORTHWEST ARKANSAS HEAD START,72712,,,,,JULIA WADE,
Airetech,Y,72118,NORTH LITTLE ROCK,Y,AR,944,1951,US,,,2026-01-09 04:49:26,AR,,,READY,,,NORTH LITTLE ROCK,NET 30,NORTHWEST CONTROLS INSUR & RENT,,,HIGH,80,documents@nwcontrols.com,,,DOCUMENTS@NWCONTROLS.COM,7631 NORTHSHORE PLACE,Patricia,,,7631 NSHORE PL,,NORTHWEST CONTROLS INSUR AND RENT,72118,,documents@nwcontrols.com,,,PATRICIA,
Airetech,Y,72221,NORTH LITTLE ROCK,Y,AR,945,1952,US,,,2026-01-09 04:49:28,AR,,,READY,,,NORTH LITTLE ROCK,NET 30,NORTHWEST CONTROLS SYSTEM,,,HIGH,80,ap@nwcontrols.com,,041091-72-001,AP@NWCONTROLS.COM,7631 NORTHSHORE PLACE,Accounts Receiveable,,,7631 NSHORE PL,,NORTHWEST CONTROLS SYSTEM,72221,,ap@nwcontrols.com,,041091-72-001,ACCOUNTS RECEIVEABLE,
Airetech,Y,72206,LITTLE ROCK,,AR,946,1953,US,,,NaT,AR,+15014901198,,READY,,,LITTLE ROCK,NET 30,NOVUS ARKANSAS LLC,+15014922207,,HIGH,100,,,,7920 SLOAN DRIVE,,John Farmer,,501-490-1198,7920 SLOAN DR,,NOVUS ARKANSAS LLC,72206,,,,,JOHN FARMER,
Airetech,Y,72761,SILOAM SPRINGS,,AR,947,1954,US,,,NaT,AR,,,READY,,,SILOAM SPRINGS,NET 30,NWA RESTAURANT SERVICE,,,MEDIUM,70,,,,PO BOX 1108,,Kenneth Williamson,,,PO BOX 1108,,NWA RESTAURANT SERVICE,72761,,,,,KENNETH WILLIAMSON,
Airetech,Y,71902,HOT SPRINGS,N,AR,948,1955,US,ATTN: ACCOUNTS PAYABLE,,NaT,AR,,,READY,,,HOT SPRINGS,NET 30,OAKLAWN JOCKEY CLUB,,,MEDIUM,70,,,,PO BOX  699,ATTN: ACCOUNTS PAYABLE,,,,PO BOX 699,,OAKLAWN JOCKEY CLUB,71902,,,,,,
Airetech,Y,74012,BROKEN ARROW,Y,OK,949,1956,US,,,2026-01-09 04:49:33,OK,+19183177127,,READY,,,BROKEN ARROW,NET 30,OCE MECHANICAL,+19183177105,,HIGH,80,ap@ocem.us.com,,,ap@ocem.us.com,3837 WEST VANCOUVER ST,Sandra Berg,,918-317-7127,3837 W VANCOUVER ST,,OCE MECHANICAL,74012,,ap@ocem.us.com,,,SANDRA BERG,
Airetech,Y,76109,FORT WORTH,,TX,950,1957,US,,,NaT,TX,,,READY,,,FORT WORTH,NET 30,OCONNER CONSTRUCTION GROUP,+18175597151,,HIGH,100,,,,4100 INTERNAL PRKWY,,Randy,,,4100 INTERNAL PRKWY,,OCONNER CONSTRUCTION GROUP,76109,,,,,RANDY,
Airetech,Y,72762,SPRINGDALE,N,AR,951,1958,US,,,2026-01-09 04:49:38,AR,+14793618947,,READY,,,SPRINGDALE,NET 30,OELKE CONSTRUCTION,+14793618960,,HIGH,80,ap@oelkeconstruction.org,,,EMAIL:AP@OELKECONSTRUCTION.ORG,13243 PUPPY CREEK ROAD STE 600,Nick Oelke,,479-361-8947,13243 PUPPY CREEK RD STE 600,,OELKE CONSTRUCTION,72762,,ap@oelkeconstruction.org,,,NICK OELKE,
Airetech,Y,74960,STILLWELL,N,OK,952,1959,US,RT 2 BOX 1570,,NaT,OK,,,READY,,,STILLWELL,NET 30,OGDEN HEAT & AIR OK,+19186964476,,MEDIUM,70,,,,RT 2 BOX 1570,PO BOX 882,Jerry D Ogden,,,PO BOX 882,,OGDEN HEAT & AIR OK,74960,,,,,JERRY D OGDEN,
Airetech,Y,74012,BROKEN ARROW,,OK,953,1960,US,,,2026-01-09 04:49:39,OK,+19183177490,,READY,,,BROKEN ARROW,NET 30,OIL CAPITAL ELECTRIC,+19183173255,,HIGH,80,,,,3837 W VANCOUVER STREET,,Ruth Morrel,,918-317-7490,3837 W VANCOUVER ST,,OIL CAPITAL ELECTRIC,74012,,,,,RUTH MORREL,
Airetech,Y,74116-1513,TULSA,,OK,954,1961,US,,,2026-01-09 04:49:41,OK,+19188362854,,READY,,,TULSA,NET 30,OIL CAPITOL SHEET METAL,+19188369441,,HIGH,80,,,,1807 N 105TH E AVENUE,,Lura/Sharon Edwards,,918-836-2854,1807 N 105TH E AVE,,OIL CAPITOL SHEET METAL,74116-1513,,,,,LURA/SHARON EDWARDS,
Airetech,Y,74804,SHAWNEE,,OK,955,1962,US,,,NaT,OK,,,READY,,,SHAWNEE,NET 30,OKLAHOMA BAPTIST UNIVERSITY,+14058782018,,HIGH,70,ap@okbu.edu,,564934,ap@okbu.edu,CAMPUS BOX 61207,Gale Snider,,,CAMPUS BOX 61207,,OKLAHOMA BAPTIST UNIVERSITY,74804,,ap@okbu.edu,,564934,GALE SNIDER,
Airetech,Y,74131,TULSA,N,OK,956,1963,US,,,NaT,OK,+19185859769,,READY,,,TULSA,NET 30,OKLAHOMA CHILLER CORPORATION,+19185859766,,HIGH,100,ap@okchiller.com,,835084,EMAIL: AP@OKCHILLER.COM,8813 STATE HWY 66,Ap@Okchillercom,,918-585-9769,8813 STATE HWY 66,,OKLAHOMA CHILLER CORPORATION,74131,,ap@okchiller.com,,835084,AP@OKCHILLER.COM,
Airetech,Y,74146,TULSA,,OK,957,1964,US,STE X,,2026-01-09 04:49:46,OK,+19185124703,,READY,,,TULSA,NET 30,OKLAHOMA MECHANICAL SOLUTIONS LLC,+19189604006,,HIGH,80,,,,10404 EAST 55TH PLACE,SUITE X,Ashley (Ap),,918-512-4703,10404 E 55TH PL,,OKLAHOMA MECHANICAL SOLUTIONS LLC,74146,,,,,ASHLEY (AP),
Airetech,Y,74403,MUSKOGEE,,OK,958,1965,US,,,2026-01-09 04:49:47,OK,+19187818300,,READY,,,MUSKOGEE,NET 30,OKLAHOMA SCHOOL FOR THE BLIND,+19187818200,,HIGH,80,,,OK STATE GOV,3300 GIBSON STREET,,Tonya Givens,,918-781-8300,3300 GIBSON ST,,OKLAHOMA SCHOOL FOR THE BLIND,74403,,,,OK STATE GOV,TONYA GIVENS,
Airetech,Y,74106,TULSA,,OK,959,1966,US,,,2026-01-09 04:49:50,OK,,,READY,,,TULSA,NET 30,OKLAHOMA STATE UNIV TULSA,,,HIGH,80,,,,700 N GREENWOOD AVENUE,,,,,700 N GREENWOOD AVE,,OKLAHOMA STATE UNIV TULSA,74106,,,,,,
Airetech,Y,72124,SHERWOOD,,AR,960,1967,US,,,NaT,AR,,,READY,,,SHERWOOD,NET 30,OLDRIDGE HEAT & AIR,,,MEDIUM,70,,,,PO BOX 6514,616 SHERWOOD AVENUE,,,,PO BOX 6514,616 SHERWOOD AVE,OLDRIDGE HEAT AND AIR,72124,,,,,,
Airetech,Y,74134,TULSA,Y,OK,961,1968,US,,,2026-01-09 04:49:53,OK,+19184590997,,READY,,,TULSA,NET 30,OMNI MECHANICAL LLC,+19182505590,,HIGH,80,ap@omnimechanical.net,,,EMAIL:ap@omnimechanical.net,5918 S 129TH E AVENUE,Terri Ridge,,918-459-0997,5918 S 129TH E AVE,,OMNI MECHANICAL LLC,74134,,ap@omnimechanical.net,,,TERRI RIDGE,
Airetech,Y,72118,NORTH LITTLE ROCK,,AR,962,1969,US,,,2026-01-09 04:49:55,AR,,,READY,,,NORTH LITTLE ROCK,NET 30,ONE CALL SERVICE,+15019445776,,HIGH,80,,,,3924 GLENMERE,,,,,3924 GLENMERE,,ONE CALL SERVICE,72118,,,,,,
Airetech,Y,72601,HARRISON,,AR,963,1970,US,,,NaT,AR,,,READY,,,HARRISON,NET 30,ONEALS ELECTRIC,+18703657755,,HIGH,100,,,,2700 BAUGHMAN CUTOFF,,Accounts Payable,,,2700 BAUGHMAN CUTOFF,,ONEALS ELECTRIC,72601,,,,,ACCOUNTS PAYABLE,
Airetech,Y,,SPRINGDALE,,AR,964,1971,US,,,2026-01-09 04:49:59,AR,,,REVIEW,,,SPRINGDALE,NET 30,ONYX COFFEE LAB,,,LOW,75.67,billing@onyxcoffeelab.com,,,BILLING@ONYXCOFFEELAB.COM,,Patti,,,,,ONYX COFFEE LAB,,,billing@onyxcoffeelab.com,,,PATTI,
Airetech,Y,64105,KANSAS CITY,,MO,965,1972,US,STE 4000,,2026-01-09 04:50:02,MO,,,READY,,,KANSAS CITY,NET 30,ORIZON AEROSTRUCTURES,+18167887812,,HIGH,80,,,,1200 MAIN STREET,SUITE 4000,Travis Richter,,,1200 MAIN ST,,ORIZON AEROSTRUCTURES,64105,,,,,TRAVIS RICHTER,
Airetech,Y,74056,PAWHUSKA,,OK,966,1973,US,,,2026-01-09 04:50:04,OK,+19182875501,,READY,,,PAWHUSKA,NET 30,OSAGE NATION,+19182875354,,HIGH,80,,,73-1509406,1071 GRANDVIEW AVENUE,,Amanda Fenton,,918-287-5501,1071 GRANDVIEW AVE,,OSAGE NATION,74056,,,,73-1509406,AMANDA FENTON,
Airetech,Y,74127,TULSA,Y,OK,967,1975,US,,,2026-01-09 04:50:06,OK,+19186997788,,READY,,,TULSA,NET 30,OSAGE NATION DBA OSAGE CASINOS,+19186997753,,HIGH,80,ap@osagecasinos.com,,NEEDED,EMAIL: AP@OSAGECASINOS.COM,1211 W 36TH STREET NORTH,Attention: A/P,,918-699-7788,1211 W 36TH ST N,,OSAGE NATION DBA OSAGE CASINOS,74127,,ap@osagecasinos.com,,NEEDED,ATTENTION: A/P,
Airetech,Y,72757,ROGERS,,AR,974,1982,US,,,NaT,AR,,,READY,,,ROGERS,NET 30,OZARK MOUNTAIN POULTRY,,,MEDIUM,70,,,,PO BOX 2440,,Tony Eddington,,,PO BOX 2440,,OZARK MOUNTAIN POULTRY,72757,,,,,TONY EDDINGTON,
Airetech,Y,74012,BROKEN ARROW,Y,OK,968,1976,US,,,2026-01-09 04:50:08,OK,,,READY,,,BROKEN ARROW,NET 30,OSBORN EQUIPMENT SALES INC,+19182501975,,HIGH,80,,,270940,2100 NORTH YELLOWOOD AVENUE,,Derick Diffee,,,2100 N YELLOWOOD AVE,,OSBORN EQUIPMENT SALES INC,74012,,,,270940,DERICK DIFFEE,
Airetech,Y,74058,PAWNEE,,OK,969,1977,US,,,2026-01-09 04:50:10,OK,,,READY,,,PAWNEE,NET 30,OSBORN HEAT & AIR LLC,+19187622159,,HIGH,80,,,20-284-2041,1001 9TH STREET,,Jared Scott,,,1001 9TH ST,,OSBORN HEAT AND AIR LLC,74058,,,,20-284-2041,JARED SCOTT,
Airetech,Y,71929,BISMARCK,,AR,970,1978,US,,,NaT,AR,,,READY,,,BISMARCK,NET 30,OSBORN HEATING & AIR,+13186695005,,HIGH,100,,,,6215 HIGHWAY 84,,Pearcy Osborn,,,6215 HWY 84,,OSBORN HEATING AND AIR,71929,,,,,PEARCY OSBORN,
Airetech,Y,74447,OKMULGEE,Y,OK,971,1979,US,,,2026-01-09 04:50:15,OK,,,READY,,,OKMULGEE,NET 30,OSU AT OKMULGEE,+19182935266,,HIGH,80,,,,1801 E 4TH STREET,,,,,1801 E 4TH ST,,OSU AT OKMULGEE,74447,,,,,,
Airetech,Y,72142,SCOTT,,AR,972,1980,US,,,NaT,AR,+15019611577,,READY,,,SCOTT,NET 30,OTT SERVICE,+15019619211,,MEDIUM,70,,,229845-60-001,PO BOX 155,,,,501-961-1577,PO BOX 155,,OTT SERVICE,72142,,,,229845-60-001,,
Airetech,Y,72702,FAYETTEVILLE,N,AR,973,1981,US,,,NaT,AR,+14795212945,,READY,,,"FAYETTEVILLE,",NET 30,OZARKSGO,+14795212900,,MEDIUM,70,invoices@ozarksecc.com,,,INVOICES@OZARKSECC.COM,PO BOX 848,Tina Pense,,4795212945,PO BOX 848,,OZARKSGO,72702,,invoices@ozarksecc.com,,,TINA PENSE,
Airetech,Y,72601,HARRISON,N,AR,975,1983,US,,,NaT,AR,+18707431774,,READY,,,HARRISON,NET 30,OZARK REFRIGERATION,+18707417900,,MEDIUM,70,ozark@ozarkrefrigeration.com,,55264814-001,OZARK@OZARKREFRIGERATION.COM,PO BOX 1897,Accounts Payable,,870-743-1774,PO BOX 1897,,OZARK REFRIGERATION,72601,,ozark@ozarkrefrigeration.com,,55264814-001,ACCOUNTS PAYABLE,
Airetech,Y,74447,OKMULGEE,,OK,976,1984,US,,,2026-01-09 04:50:17,OK,,,READY,,,OKMULGEE,NET 30,PACCAR WINCH,+19189324765,,HIGH,80,,,,1204 W 20TH STREET,,Carl,,,1204 W 20TH ST,,PACCAR WINCH,74447,,,,,CARL,
Airetech,Y,72761,SILOAM SPRINGS,N,AR,977,1985,US,,,NaT,AR,+14797180505,,READY,,,"SILOAM SPRINGS,",NET 30,PALMER HVAC INC,+14793181319,,HIGH,100,,,325159-72-001,19183 HIGHWAY 16,,,,479-718-0505,19183 HWY 16,,PALMER HVAC INC SILOAM SPRINGS,72761,,,,325159-72-001,,
Airetech,Y,74146,TULSA,,OK,978,1986,US,STE 220,,2026-01-09 04:50:21,OK,+19186651902,,READY,,,TULSA,NET 30,PARADIGM REALTY ADVISOR,+19186651900,,HIGH,80,,,,4500 S GARNETT,SUITE 220,Cheryl Zumwalde,,918-665-1902,4500 S GARNETT,,PARADIGM REALTY ADVISOR,74146,,,,,CHERYL ZUMWALDE,
Airetech,Y,72756,ROGERS,,AR,979,1987,US,,,2026-01-09 04:50:23,AR,,,READY,,,ROGERS,NET 30,PARKERS GUN RANGE,+14796360763,,HIGH,80,,,,1906 TOWN WEST DRIVE,,Ken Parker,,,1906 TOWN W DR,,PARKERS GUN RANGE,72756,,,,,KEN PARKER,
Airetech,Y,20878,GAITHERSBURG,,MD,980,1988,US,,,2026-01-09 04:50:24,MD,+12403063401,,READY,,,GAITHERSBURG,NET 30,PARKLAWN ASSOICIATES INC,+12403063000,,HIGH,80,,,,30 WEST WATKINS MILL ROAD,,,,240-306-3401,30 W WATKINS MILL RD,,PARKLAWN ASSOICIATES INC,20878,,,,,,
Airetech,Y,72765,SPRINGDALE,N,AR,981,1989,US,,,NaT,AR,,,READY,,,SPRINGDALE,NET 30,PASCHAL HEATING & AC,+14797510195,,MEDIUM,70,ap@paschalcorp.com,,,EMAIL: AP@PASCHALCORP.COM,PO BOX 2015,,,,PO BOX 2015,,PASCHAL HEATING AND AC,72765,,ap@paschalcorp.com,,,,
Airetech,Y,73020,CHOCTAW,,OK,982,1990,US,,,NaT,OK,,,READY,,,CHOCTAW,NET 30,PATRICK ELECTRIC,+14058234306,,HIGH,100,,,,4700 S XXX ROAD,,Patrick Bridges,,,4700 S XXX RD,,PATRICK ELECTRIC,73020,,,,,PATRICK BRIDGES,
Airetech,Y,74063,SAND SPRINGS,,OK,983,1991,US,,,NaT,OK,,,READY,,,SAND SPRINGS,NET 30,PATTON AIR CONDITIONING,,,MEDIUM,70,,,,PO BOX 396,,,,,PO BOX 396,,PATTON AIR CONDITIONING,74063,,,,,,
Airetech,Y,71801,HOPE,,AR,984,1992,US,,,NaT,AR,,,READY,,,HOPE,NET 30,PAUL CHAMBLESS,+18707033426,,HIGH,100,,,,3260 HWY 73 E,,Paul Chambless,,,3260 HWY 73 E,,PAUL CHAMBLESS,71801,,,,,PAUL CHAMBLESS,
Airetech,Y,72142,SCOTT,,AR,985,1993,US,,,NaT,AR,,,READY,,,SCOTT,NET 30,PAUL STRINGFELLOW,+15013520565,,HIGH,100,,,,13317 OLD RIVER DRIVE,,Paul Stringfellow,,,13317 OLD RIVER DR,,PAUL STRINGFELLOW,72142,,,,,PAUL STRINGFELLOW,
Airetech,Y,72227,LITTLE ROCK,,AR,986,1994,US,STE 100,,2026-01-09 04:50:32,AR,,,READY,,,LITTLE ROCK,NET 30,PAVILLION WOODS PARTNERS,+15016647866,,HIGH,80,,,,2300 ANDOVER COURT,SUITE 100,,,,2300 ANDOVER CT,,PAVILLION WOODS PARTNERS,72227,,,,,,
Airetech,Y,74058,PAWNEE,,OK,987,1995,US,,,2026-01-09 04:50:33,OK,,,READY,,,PAWNEE,NET 30,PAWNEE HEALTH CENTER,,,HIGH,80,,,,1201 HERITAGE CIRCLE,,,,,1201 HERITAGE CIR,,PAWNEE HEALTH CENTER,74058,,,,,,
Airetech,Y,72751,PEA RIDGE,Y,AR,988,1996,US,,,NaT,AR,+14794518235,,READY,,,PEA RIDGE,NET 30,PEA RIDGE SCHOOL,+14794518181,,HIGH,100,,,,781 WEST PICKENS,,Patty Curtis,,479-451-8235,781 W PICKENS,,PEA RIDGE SCHOOL,72751,,,,,PATTY CURTIS,
Airetech,Y,46280,INDIANAPOLIS,,IN,989,1997,US,STE 200,,2026-01-09 04:50:37,IN,+13177131751,,READY,,,INDIANAPOLIS,NET 30,PERFORMANCE SERVICES INC,+13177131750,,HIGH,80,,,,4670 HAVEN POINT BLVD,SUITE 200,April Mcginnis,,317-713-1751,4670 HAVEN POINT BLVD,,PERFORMANCE SERVICES INC.,46280,,,,,April McGinnis,
Airetech,Y,72414,BLACK OAK,,AR,990,1998,US,,,NaT,AR,,,READY,,,BLACK OAK,NET 30,PERFORMANCE UNLIMITED,+18702778875,,HIGH,100,,,,1982 COUNTY ROAD 831,,Rob Hensley,,,1982 COUNTY RD 831,,PERFORMANCE UNLIMITED,72414,,,,,ROB HENSLEY,
Airetech,Y,72906,FORT SMITH,,AR,991,1999,US,,,NaT,AR,+18663945193,,READY,,,FORT SMITH,NET 30,PETERSON CHEMICALS,+14796481966,,MEDIUM,70,,,259537-65-001,PO BOX 6776,,Jamie Jones,,866-394-5193,PO BOX 6776,,PETERSON CHEMICALS,72906,,,,259537-65-001,JAMIE JONES,
Airetech,Y,72201,LITTLE ROCK,Y,AR,992,2000,US,,,2026-01-09 04:50:40,AR,+15013741802,,READY,,,LITTLE ROCK,NET 30,PETIT & PETIT ENGINEERS INC,+15013743721,,HIGH,80,,,,201 EAST MARKHAM,,,,501-374-1802,201 E MARKHAM,,PETIT AND PETIT ENGINEERS INC,72201,,,,,,
Airetech,Y,74005,BARTLESVILLE,,OK,993,2001,US,,,NaT,OK,,,READY,,,BARTLESVILLE,NET 30,PHILLIPS 66 COMPANY,+19189777909,,MEDIUM,70,,,230771,PO BOX 9000,,Johnny Porter,,,PO BOX 9000,,PHILLIPS 66 BARTLESVILLE OK,74005,,,,230771,JOHNNY PORTER,
Airetech,Y,74003,BARTLESVILLE,N,OK,994,2002,US,,,NaT,OK,,,READY,,,BARTLESVILLE,NET 30,PHILLIPS 66 COMPANY,+19187799698,,HIGH,100,p66-us-ipay-invoices@p66.com,,STS-10150670-,P66-US-IPAY-INVOICES@P66.COM,411 S. KELLER AVE,,,,411 S KELLER AVE,,PHILLIPS 66 COMPANY,74003,,p66-us-ipay-invoices@p66.com,,STS-10150670-,,
Airetech,Y,74116,TULSA,,OK,995,2003,US,,,2026-01-09 04:50:44,OK,,,READY,,,TULSA,NET 30,PHILLIPS THEOLOGICAL SEMINARY,+19182706415,,HIGH,80,,,,901 NORTH MINGO ROAD,,Bill Sebeni,,,901 N MINGO RD,,PHILLIPS THEOLOGICAL SEMINARY,74116,,,,,BILL SEBENI,
Airetech,Y,74103,TULSA,,OK,996,2004,US,,,2026-01-09 04:50:45,OK,,,READY,,,TULSA,NET 30,PHILTOWER,+19185840331,,HIGH,80,,,,427 S BOSTON #915,,James Hawkins,,,427 S BOSTON #915,,PHILTOWER,74103,,,,,JAMES HAWKINS,
Airetech,Y,72118,NORTH LITTLE ROCK,,AR,997,2005,US,,,2026-01-09 04:50:47,AR,,,REVIEW,,,NORTH LITTLE ROCK,NET 30,PHOEBE STEPHENS,+15019204747,,LOW,84,,,,,,Phoebe Stephens,,,,,PHOEBE STEPHENS,72118,,,,,PHOEBE STEPHENS,
Airetech,Y,74107,TULSA,,OK,998,2006,US,,,2026-01-09 04:50:48,OK,,,READY,,,TULSA,NET 30,PHOS ELECTRIC,+19187470100,,HIGH,80,,,,4245 S JACKSON AVENUE,,Josh Davis,,,4245 S JACKSON AVE,,PHOS ELECTRIC,74107,,,,,JOSH DAVIS,
Airetech,Y,72701,FAYETTEVILLE,,AR,999,2007,US,,,NaT,AR,,,READY,,,FAYETTEVILLE,NET 30,PICK IT CONSTRUCTION,+14799735109,,HIGH,100,office@pickitconstruction.com,,,OFFICE@PICKITCONSTRUCTION.COM,10024 N CAMPBELL ROAD,Bill Pickett,,,10024 N CAMPBELL RD,,PICK IT CONSTRUCTION,72701,,office@pickitconstruction.com,,,BILL PICKETT,
Airetech,Y,29202,COLUMBIA,,SC,1000,2008,US,,,NaT,SC,,,READY,,,COLUMBIA,NET 30,PIERCE & CATOE MECHANICAL,+18033591333,,HIGH,70,,,,P O BOX 2763,,Shannon,,,P O BOX 2763,,PIERCE AND CATOE MECHANICAL,29202,,,,,SHANNON,
Airetech,Y,72106,MAYFLOWER,,AR,1001,2009,US,,,NaT,AR,,,READY,,,MAYFLOWER,NET 30,PIERCE BROTHERS CONST,+15014701341,,MEDIUM,70,,,162487-23-001,PO BOX 394,#166 HIGHWAY 89 NORTH,Accounts Payable,,,PO BOX 394,166 HWY 89 N,PIERCE BROTHERS CONST,72106,,,,162487-23-001,ACCOUNTS PAYABLE,
Airetech,Y,71602-9500,PINE BLUFF,Y,AR,1002,2010,US,FINANCE AND ACCTING OFFICER,,NaT,AR,,,READY,,,PINE BLUFF,NET 30,PINE BLUFF ARSENAL,+18705403418,,HIGH,100,,,071-0236795,10020 KABRICH CIRCLE,FINANCE AND ACCTING OFFICER,Gary Gavin - Dpw,,,10020 KABRICH CIR,,PINE BLUFF ARSENAL,716029500,,,,071-0236795,GARY GAVIN - DPW,
Airetech,Y,71611,PINE BLUFF,N,AR,1003,2011,US,,,NaT,AR,,,READY,,,PINE BLUFF,NET 30,PINE BLUFF HEAT & AIR,+18705363998,,MEDIUM,70,,,042193-35-001,PO BOX 7214,,Tina,,000-000-0000,PO BOX 7214,,PINE BLUFF HEAT AND AIR,71611,,,,042193-35-001,TINA,
Airetech,Y,72959,WINSLOW,,AR,1010,2018,US,,,NaT,AR,,,READY,,,WINSLOW,NET 30,POOLES REFRIGERATION,+14797908246,,HIGH,100,,,83912162-SLS,15410 WINN CREEK ROAD,,,,,15410 WINN CREEK RD,,POOLES REFRIGERATION,72959,,,,83912162-SLS,,
Airetech,Y,08003-3620,CHERRY HILL,N,NJ,1004,2012,US,,,2026-01-09 04:50:53,NJ,,,READY,,,CHERRY HILL,NET 30,PINNACLE FOODS GROUP LLC,,,HIGH,80,,,,EMAIL @,121 WOODCREST ROAD,Kevin/Robert,,,121 WOODCREST RD,,PINNACLE FOODS GROUP LLC,08003-3620,,,,,KEVIN/ROBERT,
Airetech,Y,74145,TULSA,Y,OK,1005,2013,US,,,2026-01-09 04:50:55,OK,+19118935342,,READY,,,TULSA,NET 30,PLATINUM MECHANICAL LLC,+19189353424,,HIGH,80,accounting@platinummech.com,,00257804-SLS,ACCOUNTING@PLATINUMMECH.COM,8199 EAST 46TH STREET,Ap,,911-893-5342,8199 E 46TH ST,,PLATINUM MECHANICAL LLC TULSA,74145,,accounting@platinummech.com,,00257804-SLS,AP,
Airetech,Y,72150,SHERIDAN,,AR,1006,2014,US,STE 400,,2026-01-09 04:50:56,AR,,,READY,,,SHERIDAN,NET 30,PLATINUM ROOFING JEREMY APPLING,+18704842501,,HIGH,80,,,,104 CHURCH STREET,SUITE 400,Jeremy Appling,,,104 CHURCH ST,,PLATINUM ROOFING JEREMY APPLING,72150,,,,,JEREMY APPLING,
Airetech,Y,72370,OSCEOLA,,AR,1007,2015,US,,,NaT,AR,+18705635052,,READY,,,OSCEOLA,NET 30,PLUM POINT SERVICES COMPANY LLC,+18705635042,,MEDIUM,70,,,,PO BOX 567,,Tina Moody,,870-563-5052,PO BOX 567,,PLUM POINT SERVICES COMPANY LLC,72370,,,,,TINA MOODY,
Airetech,Y,74601,PONCA CITY,N,OK,1008,2016,US,,,NaT,OK,+15807625651,,READY,,,PONCA CITY,NET 30,PONCA TRIBE OF OKLAHOMA,+15807628104,,HIGH,100,,,L0618401856,,20 WHITE EAGLE DRIVE,,,580-762-5651,20 WHITE EAGLE DR,,PONCA TRIBE OF OKLAHOMA,74601,,,,L0618401856,,
Airetech,Y,,,,,1009,2017,US,,,NaT,,,,REVIEW,,,,NET 30,POOL PAK COMMISSION,,,LOW,20,,,EXEMPT COMM,,,,,,,,POOL PAK COMMISSION,,,,,EXEMPT COMM,,
Airetech,Y,72206,LITTLE ROCK,,AR,1011,2019,US,,,NaT,AR,,,READY,,,LITTLE ROCK,NET 30,POROCEL,+15015195173,,HIGH,100,,,295136-60-001,10300 ARCH STREET PIKE,,James Pumphrey,,,10300 ARCH ST PIKE,,POROCEL,72206,,,,295136-60-001,JAMES PUMPHREY,
Airetech,Y,72118,NORTH LITTLE ROCK,N,AR,1012,2020,US,,,2026-01-09 04:51:05,AR,+18667479439,,READY,,,NORTH LITTLE ROCK,NET 30,USE ACCT 2021 - POWERS MSC,+15013745420,,HIGH,80,ap@powersar.com,,,AP@POWERSAR.COM,5440 NORTHSHORE DRIVE,,,866-747-9439,5440 NSHORE DR,,USE ACCT 2021 - POWERS MSC,72118,,ap@powersar.com,,,,
Airetech,Y,72118,NORTH LITTLE ROCK,N,AR,1013,2021,US,,,2026-01-09 04:51:07,AR,+18772747127,,READY,,,NORTH LITTLE ROCK,NET 30,POWERS OF ARKANSAS,+15013745420,,HIGH,80,apsales@powersar.com,,045836-60-001,APSALES@POWERSAR.COM,5440 NORTHSHORE DRIVE,Accounts Payable,,877-274-7127,5440 NSHORE DR,,POWERS OF ARKANSAS,72118,,apsales@powersar.com,,045836-60-001,ACCOUNTS PAYABLE,
Airetech,Y,,,,,1014,2022,US,,,NaT,,,,REVIEW,,,,NET 30,POWERS OF ARKANSAS COMMISSION,,,LOW,20,,,EXEMPT COMM,,,,,,,,POWERS OF ARKANSAS COMMISSION,,,,,EXEMPT COMM,,
Airetech,Y,72501,BATESVILLE,Y,AR,1015,2023,US,STE 500,,2026-01-09 04:51:10,AR,,,READY,,,BATESVILLE,NET 30,PRECISE HEATING AIR & ELEC INC,+18706981734,,HIGH,80,,,74166455-SLS,3250 HARRISON STREET,SUITE 500,Michael Arnold,,,3250 HARRISON ST,,PRECISE HEATING AIR AND ELEC INC,72501,,,,74166455-SLS,MICHAEL ARNOLD,
Airetech,Y,,,,,1034,2042,US,,,NaT,,,,REVIEW,,,,NET 30,PYRAMID BUILDING,,,LOW,20,ron@rockequity.com,,,RON@ROCKEQUITY.COM,,,,,,,PYRAMID BUILDING,,,ron@rockequity.com,,,,
Airetech,Y,74464,TAHLEQUAH,Y,OK,1016,2024,US,,,NaT,OK,,,READY,,,TAHLEQUAH,NET 30,DWAYNE S DBA SOLENBERG ENTERPRISES,+19185067729,,HIGH,100,,,,626 STONEBROOK DR,,Dwayn Solenberg,,,626 STONEBROOK DR,,DWAYNE S DBA SOLENBERG ENTERPRISES,74464,,,,,DWAYN SOLENBERG,
Airetech,Y,72002,ALEXANDER,,AR,1017,2025,US,,,NaT,AR,,,READY,,,ALEXANDER,NET 30,PRECISION SERVICE GREG WHITE,+15015809301,,HIGH,100,,,,10045 RHINESTONE DRIVE,,Greg White,,,10045 RHINESTONE DR,,PRECISION SERVICE GREG WHITE,72002,,,,,GREG WHITE,
Airetech,Y,95688,VACAVILLE,,CA,1018,2026,US,,,2026-01-09 04:51:15,CA,+17073592287,,READY,,,VACAVILLE,NET 30,PRE-INSULATED METAL TECH INC,+17073592280,,HIGH,80,,,83085308-001,929 ALDRIDGE ROAD,,Natalia Rizzatti,,707-359-2287,929 ALDRIDGE RD,,PRE-INSULATED METAL TECH INC,95688,,,,83085308-001,NATALIA RIZZATTI,
Airetech,Y,72120,SHERWOOD,,AR,1019,2027,US,,,2026-01-09 04:51:17,AR,,,READY,,,SHERWOOD,NET 30,PREMIER REFRIGERATION & HVAC,+15015901626,,HIGH,80,,,,5704 WOODRIDGE LANE,,,,,5704 WOODRIDGE LN,,PREMIER REFRIGERATION AND HVAC,72120,,,,,,
Airetech,Y,74130,TULSA,Y,OK,1020,2028,US,,,2026-01-09 04:51:18,OK,,,READY,,,TULSA,NET 30,PREMIERFLOW LLC,+19183466312,,HIGH,80,,,STS-14692012-,6023 N YORKTOWN AVE,,Brynda Bolte,,,6023 N YORKTOWN AVE,,PREMIERFLOW LLC,74130,,,,STS-14692012-,BRYNDA BOLTE,
Airetech,Y,72205,LITTLE ROCK,,AR,1021,2029,US,,,2026-01-09 04:51:20,AR,,,READY,,,LITTLE ROCK,NET 30,PRESBYTERIAN VILLAGE,+15012251615,,HIGH,80,,,,510 BROOKSIDE DR.,,Accounts Payable,,,510 BROOKSIDE DR,,PRESBYTERIAN VILLAGE,72205,,,,,ACCOUNTS PAYABLE,
Airetech,Y,30024,SUWANEE,,GA,1022,2030,US,,,NaT,GA,+17706236404,,READY,,,SUWANEE,,PRICE INDUSTRIES INC,+17706238050,,HIGH,100,,,,2975 SHAWNEE RIDGE COURT,,Jeff Rogers,,770-623-6404,2975 SHAWNEE RIDGE CT,,PRICE INDUSTRIES INC.,30024,,,,,JEFF ROGERS,
Airetech,Y,74344,GROVE,,OK,1023,2031,US,,,NaT,OK,+19187864234,,READY,,,GROVE,NET 30,PRIDE PLATING INC,+19187866111,,HIGH,100,,,STS-10010499-,2900 E HWY 10,,,,918-786-4234,2900 E HWY 10,,PRIDE PLATING INC,74344,,,,STS-10010499-,,
Airetech,Y,72956,VAN BUREN,,AR,1024,2032,US,,,2026-01-09 04:51:25,AR,,,READY,,,VAN BUREN,NET 30,PRIME MEDICAL IMAGING,,,HIGH,80,,,,320 SOUTH 9TH,,John Elmore,,,320 S 9TH,,PRIME MEDICAL IMAGING,72956,,,,,JOHN ELMORE,
Airetech,Y,71852,NASHVILLE,Y,AR,1025,2033,US,,,NaT,AR,+18708459843,,READY,,,NASHVILLE,NET 30,JE GROTE COMPANY,+18708459849,,MEDIUM,70,,,5606059-SLS,,PO BOX 907,Tabitha Miller,,870-845-9843,PO BOX 907,,JE GROTE COMPANY DBA PROFAB CUSTOM,71852,,,,5606059-SLS,TABITHA MILLER,
Airetech,Y,77202,EDMOND,N,OK,1026,2034,US,,,NaT,OK,+14052850253,,READY,,,EDMOND,NET 30,PRO TECH MECHANICAL INC,+14053062919,,MEDIUM,70,,,STS-101448870,PO BOX 31263,,Cory Lovelace,,405-285-0253,PO BOX 31263,,PRO TECH MECHANICAL INC,77202,,,,STS-101448870,CORY LOVELACE,
Airetech,Y,72762,SPRINGDALE,N,AR,1027,2035,US,,,2026-01-09 04:51:27,AR,+14797512886,,READY,,,SPRINGDALE,NET 30,PROFESSIONAL AIR SYSTEMS,+14798712114,,HIGH,80,,,251887-72-001,3285 WEST HUNTSVILLE AVENUE,,Tony Knight,,479-751-2886,3285 W HUNTSVILLE AVE,,PROFESSIONAL AIR SYSTEMS,72762,,,,251887-72-001,TONY KNIGHT,
Airetech,Y,72206,LITTLE ROCK,,AR,1028,2036,US,,,NaT,AR,,,READY,,,LITTLE ROCK,NET 30,PROGRESSIVE CONSTRUCTORS,+15012901424,,HIGH,100,,,,9000 CONSTRUCTION PLACE,,,,,9000 CONSTRUCTION PL,,PROGRESSIVE CONSTRUCTORS,72206,,,,,,
Airetech,Y,72206,LITTLE ROCK,,AR,1029,2037,US,,,2026-01-09 04:51:31,AR,+15014900022,,READY,,,LITTLE ROCK,NET 30,PROSPECT STEEL COMPANY,+15014902300,,HIGH,80,,,,8900 FOURCHE DAM PIKE,,,,501-490-0022,8900 FOURCHE DAM PIKE,,PROSPECT STEEL COMPANY,72206,,,,,,
Airetech,Y,72201,LITTLE ROCK,Y,AR,1030,2038,US,,,2026-01-09 04:51:33,AR,,,READY,,,LITTLE ROCK,NET 30,PULASKI COUNTY GENERAL SERVICES,+15014541881,,HIGH,80,,,,103 S ARCH STREET,,,,,103 S ARCH ST,,PULASKI COUNTY GENERAL SERVICES,72201,,,,,,
Airetech,Y,72209,LITTLE ROCK,,AR,1031,2039,US,,,2026-01-09 04:51:34,AR,,,READY,,,LITTLE ROCK,NET 30,PURVIS INDUSTRIES,,,HIGH,80,,,221314-76-001,8911 I-30,,,,,8911 I-30,,PURVIS IND LITTLE ROCK,72209,,,,221314-76-001,,
Airetech,Y,72209,LITTLE ROCK,,AR,1032,2040,US,,,2026-01-09 04:51:36,AR,,,READY,,,LITTLE ROCK,NET 30,PURVIS INDUSTRIES,+15019459425,,HIGH,80,,,,8911 I-30,,,,,8911 I-30,,PURVIS INDUSTRIES,72209,,,,,,
Airetech,Y,71730,EL DORADO,,AR,1033,2041,US,,,NaT,AR,+18708637368,,READY,,,EL DORADO,NET 30,PUSKAS MACHINE SHOP INC,+18708637932,,MEDIUM,70,,,185266-70-001,PO BOX 10128,,Dawn Smith,,870-863-7368,PO BOX 10128,,PUSKAS MACHINE SHOP INC,71730,,,,185266-70-001,DAWN SMITH,
Airetech,Y,74146,TULSA,,OK,1035,2043,US,STE 700,,2026-01-09 04:51:39,OK,+12627879377,,READY,,,TULSA,NET 30,QPS ENGINEERING LLC,+19188587749,,HIGH,80,,,,4500 S. GARNETT ROAD,SUITE 700,Andrea / Laura,,262-787-9377,4500 S GARNETT RD,,QPS ENGINEERING LLC,74146,,,,,ANDREA / LAURA,
Airetech,Y,71901,HOT SPRINGS,,AR,1036,2044,US,,,2026-01-09 04:51:41,AR,,,READY,,,HOT SPRINGS,NET 30,QUALITY AIR CARE,+15018025685,,HIGH,80,,,,1005 E GRAND AVENUE,,Curtis Black,,,1005 E GRAND AVE,,QUALITY AIR CARE,71901,,,,,CURTIS BLACK,
Airetech,Y,31204,MACON,,GA,1037,2045,US,,,2026-01-09 04:51:43,GA,+14787427409,,READY,,,MACON,NET 30,QUALITY HEATING & AIR MACON GA,+14787425703,,HIGH,80,,,,3955 NAPIER AVENUE,,Accounts Payable,,478-742-7409,3955 NAPIER AVE,,QUALITY HEATING AND AIR MACON GA,31204,,,,,ACCOUNTS PAYABLE,
Airetech,Y,74112,TULSA,,OK,1038,2046,US,,,2026-01-09 04:51:45,OK,,,READY,,,TULSA,NET 30,QUICK PLUMBING,+19187446066,,HIGH,80,,,,2025 S LAKEWOOD AVENUE,,Mary,,,2025 S LAKEWOOD AVE,,QUICK PLUMBING,74112,,,,,MARY,
Airetech,Y,72203,LITTLE ROCK,N,AR,1039,2047,US,,,NaT,AR,,,READY,,,LITTLE ROCK,NET 30,R & E SUPPLY LR,+15013746373,,MEDIUM,70,accpay@resupplyco.com,,036656-60-001,EMAIL:ACCPAY@RESUPPLYCO.COM,PO BOX 1720,Accounts Payable,,,PO BOX 1720,,R AND E SUPPLY LR,72203,,accpay@resupplyco.com,,036656-60-001,ACCOUNTS PAYABLE,
Airetech,Y,72916,FORT SMITH,,AR,1040,2048,US,,,NaT,AR,+14792226995,,READY,,,FORT SMITH,NET 30,R & R WELDING & FABRICATION,+14792226302,,HIGH,100,,,,800 HWY 271,,Justin Reed,,479-222-6995,800 HWY 271,,R AND R WELDING AND FABRICATION,72916,,,,,JUSTIN REED,
Airetech,Y,71901,HOT SPRINGS,,AR,1041,2049,US,,,2026-01-09 04:51:48,AR,,,READY,,,HOT SPRINGS,NET 30,RADIUS AEROSPACE HOT SPRINGS,+15013219325,,HIGH,80,rahs-acct@radiusaerospace.com,,,RAHS-ACCT@RADIUSAEROSPACE.COM,1923 CENTRAL AVENUE,Stephanie Webb,,,1923 CENTRAL AVE,,RADIUS AEROSPACE HOT SPRINGS,71901,,rahs-acct@radiusaerospace.com,,,STEPHANIE WEBB,
Airetech,Y,74361-4510,PRYOR,,OK,1042,2050,US,,,NaT,OK,,,READY,,,PRYOR,NET 30,RAE CORPORATION COMMISSION,,,HIGH,100,,,EXEMPT COMM,4492 HUNT ST,,,,,4492 HUNT ST,,RAE CORPORATION COMMISSION,74361-4510,,,,EXEMPT COMM,,
Airetech,Y,,,,,1043,2051,US,,,NaT,,,,REVIEW,,,,NET 30,RALPH BROWN,+15015963282,,LOW,20,,,,,,,,,,,RALPH BROWN,,,,,,,
Airetech,Y,74117,TULSA,,OK,1044,2052,US,,,2026-01-09 04:51:53,OK,,,READY,,,TULSA,NET 30,RAMEY INDUSTRIES,+19186076226,,HIGH,80,,,,EMAIL @,4707 N MINGO ROAD,Kevin Mcnally,,,4707 N MINGO RD,,RAMEY INDUSTRIES,74117,,,,,KEVIN MCNALLY,
Airetech,Y,74146,TULSA,N,OK,1045,2053,US,STE A,,2026-01-09 04:51:55,OK,,,READY,,,TULSA,NET 30,RAMSEY SYSTEM SERVICES,+19182310561,,HIGH,80,,,,10001 E 44TH PL,SUITE A,Randy Ramsey,,,10001 E 44TH PL,,RAMSEY SYSTEM SERVICES,74146,,,,,RANDY RAMSEY,
Airetech,Y,72401,JONESBORO,,AR,1046,2054,US,,,2026-01-09 04:51:56,AR,,,READY,,,JONESBORO,NET 30,RAMSONS INC,+18709351210,,HIGH,80,,,,3111 DAN AVENUE,,Scott Mcdaniel,,,3111 DAN AVE,,RAMSONS INC,72401,,,,,SCOTT MCDANIEL,
Airetech,Y,46278,INDIANAPOLIS,,IN,1047,2055,US,,,2026-01-09 04:51:58,IN,,,READY,,,INDIANAPOLIS,NET 30,RANDY SIMS MED X,+19189140659,,HIGH,80,,,,7702 WOODLAND DRIVE,,Randy Sims,,,7702 WOODLAND DR,,RANDY SIMS MED X,46278,,,,,RANDY SIMS,
Airetech,Y,72700,FAYETTEVILLE,,AR,1048,2056,US,,,2026-01-09 04:52:00,AR,,,READY,,,FAYETTEVILLE,NET 30,RANDY WRIGHT HOME,+14798796717,,HIGH,80,,,,15958 HAZEL VALLEY ROAD,,Randy Wright,,,15958 HAZEL VALLEY RD,,RANDY WRIGHT HOME,727001,,,,,RANDY WRIGHT,
Airetech,Y,74008,BIXBY,,OK,1049,2057,US,,,NaT,OK,,,READY,,,BIXBY,NET 30,RAPER MECHANICAL,+19183668373,,MEDIUM,70,,,,PO BOX 755,,Don Raper/Marilyn,,,PO BOX 755,,RAPER MECHANICAL,74008,,,,,DON RAPER/MARILYN,
Airetech,Y,49321,COMSTOCK PARK,,MI,1050,2058,US,,,NaT,MI,,,READY,,,COMSTOCK PARK,NET 30,RAPID ENGINEERING COMMISSION,,,HIGH,100,,,EXEMPT COMM,1100 SEVEN MILE ROAD NW,,,,,1100 SEVEN MILE RD NW,,RAPID ENGINEERING COMMISSION,49321,,,,EXEMPT COMM,,
Airetech,Y,72099,LRAFB,,AR,1051,2059,US,,,NaT,AR,,,READY,,,LRAFB,NET 30,RAZORBACK INN,,,HIGH,100,,,,1024 CANNON DRIVE,,,,,1024 CANNON DR,,RAZORBACK INN LRAFB,72099,,,,,,
Airetech,Y,73118,OKLAHOMA CITY,,OK,1052,2060,US,,,2026-01-09 04:52:05,OK,+14059432489,,READY,,,OKLAHOMA CITY,NET 30,RB AKINS COMPANY,+14059476502,,HIGH,80,,,STS-10085690-,4425 N SANTA FE,,,,405-943-2489,4425 N SANTA FE,,RB AKINS COMPANY,73118,,,,STS-10085690-,,
Airetech,Y,72116,NORTH LITTLE ROCK,,AR,1053,2061,US,STE B,,NaT,AR,+15019045554,,READY,,,NORTH LITTLE ROCK,NET 30,RBD HOLDINGS LLC,+15019045555,,HIGH,100,,,,3001 JFK BLVD,SUITE B,Fran Stucks,,501-904-5554,3001 JFK BLVD,,RBD HOLDINGS LLC,72116,,,,,FRAN STUCKS,
Airetech,Y,74017-3387,CLAREMORE,,OK,1054,2062,US,,,2026-01-09 04:52:09,OK,+19182831119,,READY,,,CLAREMORE,NET 30,READING MIDWEST DIST LLC,+19182832999,,HIGH,80,,,150534,2800 N LYNN RIGGS BLVD,,,,918-283-1119,2800 N LYNN RIGGS BLVD,,READING MIDWEST DIST LLC,74017-3387,,,,150534,,
Airetech,Y,74137,TULSA,,OK,1055,2063,US,STE B #249,,2026-01-09 04:52:10,OK,,,READY,,,TULSA,NET 30,READY SERVICES,+19187063743,,HIGH,80,,,,9521 RIVERSIDE PKWY,SUITE B #249,Gary French,,,9521 RIVERSIDE PKWY,,READY SERVICES,74137,,,,,GARY FRENCH,
Airetech,Y,92614,IRVINE,N,CA,1056,2064,US,,,2026-01-09 04:52:12,CA,,,READY,,,IRVINE,NET 30,REAGENT WORLD INC,+19492218997,,HIGH,80,,,,2100 MAIN ST SUITE 106,,Ron Tash / Lucy Deng,,,2100 MAIN ST STE 106,,REAGENT WORLD INC,92614,,,,,RON TASH / LUCY DENG,
Airetech,Y,72745-1893,LOWELL,,AR,1057,2065,US,,,NaT,AR,,,READY,,,LOWELL,NET 30,RED LINE CONTRACTORS,+14794194100,,MEDIUM,70,,,,PO BOX 1893,123 DOUBLE SPRINGS,James Hunter,,,PO BOX 1893,123 DOUBLE SPRINGS,RED LINE CONTRACTORS,72745-1893,,,,,JAMES HUNTER,
Airetech,Y,71801,HOPE,,AR,1058,2066,US,,,2026-01-09 04:52:14,AR,,,READY,,,HOPE,NET 30,RED RIVER HEATING & AIR LLC,+18707778666,,HIGH,80,,,253785-29-001,1714 N HAZEL STREET,,Rebecca Mckamie,,,1714 N HAZEL ST,,RED RIVER HEATING AND AIR LLC,71801,,,,253785-29-001,REBECCA MCKAMIE,
Airetech,Y,64850,NEOSHO,,MO,1059,2067,US,,,NaT,MO,,,READY,,,NEOSHO,NET 30,RED STONE CONSTRUCTION SERVICES,+19185500602,,HIGH,100,,,,7059 ROSEBAY DRIVE,,Jason Dunnam,,,7059 ROSEBAY DR,,RED STONE CONSTRUCTION SERVICES,64850,,,,,JASON DUNNAM,
Airetech,Y,74107,TULSA,,OK,1060,2068,US,C/O H AND E MECHANICAL,,2026-01-09 04:52:17,OK,,,READY,,,TULSA,NET 30,REGIONAL METRO UTILITY AUTH (RMUA),,,HIGH,80,,,,2317 SOUTH JACKSON AVE,C/O H AND E MECHANICAL,H & E Mechanical,,,2317 S JACKSON AVE,,REGIONAL METRO UTILITY AUTH (RMUA),74107,,,,,C/O H & E MECHANICAL,
Airetech,Y,74301,VINITA,,OK,1061,2069,US,,,NaT,OK,,,READY,,,VINITA,NET 30,REI ELECTRIC ROBBINS ENTERPRISES,+19186386223,,HIGH,100,,,,35469 S 4465 ROAD,,George Robbins,,,35469 S 4465 RD,,REI ELECTRIC ROBBINS ENTERPRISES,74301,,,,,GEORGE ROBBINS,
Airetech,Y,75569,NASH,N,TX,1062,2070,US,,,2026-01-09 04:52:20,TX,+19032231754,,READY,,,NASH,NET 30,RELIANCE MECHANICAL CONTRACTORS,+19032230946,,HIGH,80,ap@reliancemechanical.com,,,AP@RELIANCEMECHANICAL.COM,1001 ALUMAX DRIVE,Annette Ashley,,903-223-1754,1001 ALUMAX DR,,RELIANCE MECHANICAL CONTRACTORS,75569,,ap@reliancemechanical.com,,,ANNETTE ASHLEY,
Airetech,Y,27025,MADISON,Y,NC,1063,2071,US,,,NaT,NC,,,READY,,,MADISON,NET 30,REMINGTON ARMS CO LLC,+13365488685,,MEDIUM,70,,,54669657-SLS,PO BOX 700,,Cory Jones,,,PO BOX 700,,REMINGTON ARMS CO LLC,27025,,,,54669657-SLS,CORY JONES,
Airetech,Y,74136,TULSA,,OK,1064,2072,US,,,2026-01-09 04:52:22,OK,,,READY,,,TULSA,NET 30,RENAISSANCE CONSTRUCTION,+19183442787,,HIGH,80,,,,7134 S YALE,,Barry,,,7134 S YALE,,RENAISSANCE CONSTRUCTION,74136,,,,,BARRY,
Airetech,Y,38701,GREENVILLE,,MS,1065,2073,US,,,2026-01-09 04:52:24,MS,+16623323519,,READY,,,GREENVILLE,NET 30,RETZER RESOURCES,+16623357138,,HIGH,80,,,,1215 SOUTH MAIN STREET,,Terri Murrell,,662-332-3519,1215 S MAIN ST,,RETZER RESOURCES,38701,,,,,TERRI MURRELL,
Airetech,Y,72403,JONESBORO,Y,AR,1066,2074,US,,,NaT,AR,,,READY,,,JONESBORO,NET 30,RGB MECHANICAL CONTRACTOR,+18709728360,,MEDIUM,70,brittany.ryan@rgbmechanical.co,,021408-16-001,BRITTANY.RYAN@RGBMECHANICAL.CO,PO BOX 1927,Nicole,,,PO BOX 1927,,RGB MECHANICAL CONTRACTOR,72403,,brittany.ryan@rgbmechanical.co,,021408-16-001,NICOLE,
Airetech,Y,72401,JONESBORO,Y,AR,1067,2075,US,,,NaT,AR,+18709337492,,READY,,,JONESBORO,NET 30,RGB SERVICES,+18709728360,,MEDIUM,70,,,76410246-SLS,,PO BOX 1927,Darlene Downs,,870-933-7492,PO BOX 1927,,RGB SERVICES,72401,,,,76410246-SLS,DARLENE DOWNS,
Airetech,Y,72160,STUTTGART,,AR,1068,2076,US,,,NaT,AR,,,READY,,,STUTTGART,NET 30,RICELAND FOODS,+18706735500,,MEDIUM,70,,,00030901-SLS,PO BOX 927,,,,,PO BOX 927,,RICELAND FOODS,72160,,,,00030901-SLS,,
Airetech,Y,72212,LITTLE ROCK,,AR,1069,2077,US,,,2026-01-09 04:52:25,AR,,,READY,,,LITTLE ROCK,NET 30,RICHARD ESTELITA,+15012259700,,HIGH,80,,,,3700 NORTH RODNEY PARHAM ROAD,,Mr Richard Estelita,,,3700 N RODNEY PARHAM RD,,RICHARD ESTELITA,72212,,,,,MR. RICHARD ESTELITA,
Airetech,Y,72542,HARDY,,AR,1070,2078,US,,,NaT,AR,,,READY,,,HARDY,NET 30,RICHARDS HEATING COOLING,+18708563853,,HIGH,100,,,169265-37-001,2830 HWY 62-412,,Judy,,,2830 HWY 62-412,,RICHARDS HEATING COOLING,72542,,,,169265-37-001,JUDY,
Airetech,Y,74135,TULSA,Y,OK,1071,2079,US,#375,,2026-01-09 04:52:29,OK,,,READY,,,TULSA,NET 30,RIGHT TEMP HEATING & AC LLC,+19187982184,,HIGH,80,,,,3701-A SOUTH HARVARD AVENUE,#375,,,,3701-A S HARVARD AVE,,RIGHT TEMP HEATING AND AC LLC,74135,,,,,,
Airetech,Y,72002,ALEXANDER,,AR,1072,2080,US,,,NaT,AR,+15016828801,,READY,,,ALEXANDER,NET 30,RITE OF PASSAGE AJATC,+15016826796,,HIGH,100,,,,1501 WOODY DRIVE,,Mark Benning,,501-682-8801,1501 WOODY DR,,RITE OF PASSAGE AJATC,72002,,,,,MARK BENNING,
Airetech,Y,72078,JACKSONVILLE,Y,AR,1073,2081,US,,,NaT,AR,+15017536707,,READY,,,"JACKSONVILLE,",NET 30,RIVER CITY MECHANICAL INC,+15017536700,,MEDIUM,70,,,,PO BOX 8049,,Accounts Payable,,501-753-6707,PO BOX 8049,,RIVER CITY MECHANICAL INC,72078,,,,,ACCOUNTS PAYABLE,
Airetech,Y,71294,WEST MONROE,Y,LA,1074,2082,US,,,NaT,LA,+13183961949,,READY,,,WEST MONROE,NET 30,RIVER CITY METAL & MACHINE INC,+13183960244,,MEDIUM,70,ap@rcmm-inc.com,,need,EMAIL: AP@RCMM-INC.COM,PO BOX 2299,,,318-396-1949,PO BOX 2299,,RIVER CITY METAL AND MACHINE INC,71294,,ap@rcmm-inc.com,,need,,
Airetech,Y,71294,WEST MONROE,Y,LA,1075,2083,US,,,NaT,LA,+13183961949,,READY,,,WEST MONROE,NET 30,RIVER CITY SHEET METAL INC,+13183960244,,MEDIUM,70,ap@rcmm-inc.com,,,AP@RCMM-INC.COM,PO BOX 2299,,,318-396-1949,PO BOX 2299,,RIVER CITY SHEET METAL INC,71294,,ap@rcmm-inc.com,,,,
Airetech,Y,72916,FORT SMITH,Y,AR,1093,2101,US,,,2026-01-09 04:52:54,AR,,,READY,,,FORT SMITH,NET 30,ROWE SHEET METAL WORKS,+14797834953,,HIGH,80,,,,7425 TERRY STREET,,Tina/Malinda,,,7425 TERRY ST,,ROWE SHEET METAL WORKS,72916,,,,,TINA/MALINDA,
Airetech,Y,74114,TULSA,,OK,1076,2084,US,,,2026-01-09 04:52:33,OK,,,READY,,,TULSA,NET 30,RIVER PARKS AUTHORITY,+19182999401,,HIGH,80,,,0188095-11,TULSA'S GATHERING PLACE LLC,"2424 E 21ST ST, STE 300",Air Comfort,,,2424 E 21ST ST STE 300,,RIVER PARKS AUTHORITY,74114,,,,0188095-11,C/O AIR COMFORT,
Airetech,Y,72801,RUSSELLVILLE,,AR,1077,2085,US,,,2026-01-09 04:52:34,AR,+14799682538,,READY,,,RUSSELLVILLE,NET 30,RIVER VALLEY THERAPY & SPORTS MED,+14799682525,,HIGH,80,,,,2100 WEST MAIN,,Kevin Rogers,,479-968-2538,2100 W MAIN,,RIVER VALLEY THERAPY AND SPORTS MED,72801,,,,,KEVIN ROGERS,
Airetech,Y,74114,MUSKOGEE,,OK,1078,2086,US,,,2026-01-09 04:52:36,OK,,,READY,,,MUSKOGEE,NET 30,RIVER VIEW FARMS,+19186160868,,HIGH,80,,,SEE NOTES,3501 N 74TH STREET WEST,,Earl Brashear,,,3501 N 74TH ST W,,RIVER VIEW FARMS,74114,,,,SEE NOTES,EARL BRASHEAR,
Airetech,Y,72040,DES ARC,Y,AR,1079,2087,US,,,NaT,AR,+15012561247,,READY,,,DES ARC,NET 30,RIVERBEND MECHANICAL,+15015162312,,HIGH,100,office.riverbendmech@gmail.com,,291272-59-001,OFFICE.RIVERBENDMECH@GMAIL.COM,2009 HWY 38 WEST,,,501-256-1247,2009 HWY 38 W,,RIVERBEND MECHANICAL,72040,,office.riverbendmech@gmail.com,,291272-59-001,,
Airetech,Y,72958,WALDRON,,AR,1080,2088,US,,,2026-01-09 04:52:39,AR,,,READY,,,WALDRON,NET 30,RJ SYSTEMS,+14796376125,,HIGH,80,,,,1221 ELM STREET,,Roy Franklin,,,1221 ELM ST,,RJ SYSTEMS,72958,,,,,ROY FRANKLIN,
Airetech,Y,72765,SPRINGDALE,,AR,1168,2176,US,,,NaT,AR,,,READY,,,SPRINGDALE,NET 30,SPRINGDALE WATER UTILITY,+14797515751,,MEDIUM,70,,,,PO BOX 769,,Tim Hawkins,,,PO BOX 769,,SPRINGDALE WATER UTILITY,72765,,,,,TIM HAWKINS,
Airetech,Y,72145,SEARCY,N,AR,1081,2089,US,,,NaT,AR,+15012797136,,READY,,,SEARCY,NET 30,ROBERSONS HEAT & AIR,+15012793705,,MEDIUM,70,,,269540-73-001,PO BOX 2026,,James Roberson,,501-279-7136,PO BOX 2026,,ROBERSONS HEAT AND AIR,72145,,,,269540-73-001,JAMES ROBERSON,
Airetech,Y,72736,GRAVETTE,,AR,1082,2090,US,,,2026-01-09 04:52:41,AR,,,READY,,,GRAVETTE,NET 30,ROBERT HUTCHINGS,+14799032345,,HIGH,80,,,,14490 BETHLEHEM ROAD,CC CUSTOMER,Robert Hutchings,,,14490 BETHLEHEM RD,,ROBERT HUTCHINGS,72736,,,,,ROBERT HUTCHINGS,
Airetech,Y,,,,,1083,2091,US,,,NaT,,,,REVIEW,,,,NET 30,ROBERT IRBY,+13186692204,,LOW,20,,,,,,Robert Irby,,,,,ROBERT IRBY,,,,,,ROBERT IRBY,
Airetech,Y,35209,BIRMINGHAM,,AL,1084,2092,US,,,NaT,AL,,,READY,,,BIRMINGHAM,NET 30,ROBINS & MORTON,+12054398644,,HIGH,100,,,,400 SHADES CREEK PARKWAY,,Jesse Golden,,,400 SHADES CREEK PKWY,,ROBINS AND MORTON,35209,,,,,JESSE GOLDEN,
Airetech,Y,74146,TULSA,,OK,1085,2093,US,,,2026-01-09 04:52:46,OK,+19186275263,,READY,,,TULSA,NET 30,ROBISON AIR,+19186275262,,HIGH,80,,,,5401 S 101ST E AVENUE,,Kim Downing,,918-627-5263,5401 S 101ST E AVE,,ROBISON AIR,74146,,,,,KIM DOWNING,
Airetech,Y,53082,SHEBOYGAN,N,WI,1086,2094,US,,,2026-01-09 04:52:47,WI,,,READY,,,"SHEBOYGAN,",NET 30,ROCKLINE INDUSTRIES,+19204523004,,HIGH,80,arkansasapinvoice@rockline...,,00105731-SLS,ARKANSASAPINVOICE@ROCKLINE...,4343 SOUTH TAYLOR DR,Laurette Lammers,,,4343 S TAYLOR DR,,DUP -ROCKLINE INDUSTRIES** USE 2094,53082,,arkansasapinvoice@rockline...,,00105731-SLS,LAURETTE LAMMERS,
Airetech,Y,74017,CLAREMORE,,OK,1087,2095,US,,,2026-01-09 04:52:49,OK,+19189234432,,READY,,,CLAREMORE,NET 30,ROGERS COUNTY CLERK,+19189234427,,HIGH,80,,,EXM-10067204-,200 S LYNN RIGGS,,Marilynn Gibson,,918-923-4432,200 S LYNN RIGGS,,ROGERS COUNTY CLERK,74017,,,,EXM-10067204-,MARILYNN GIBSON,
Airetech,Y,74017,CLAREMORE,N,OK,1088,2096,US,,,2026-01-09 04:52:50,OK,+19183437817,,REVIEW,,,CLAREMORE,NET 30,ROGERS STATE UNIVERSITY,+19183437777,,LOW,84,accountspayable@rsu.edu,,659575,ACCOUNTSPAYABLE@RSU.EDU,,A/P,,918-343-7817,,,ROGERS STATE UNIVERSITY,74017,,accountspayable@rsu.edu,,659575,A/P,
Airetech,Y,74940,HOWE,Y,OK,1089,2097,US,,,NaT,OK,,,READY,,,HOWE,NET 30,RONS DISCOUNT LUMBER,+19186587029,,MEDIUM,70,,,,PO BOX 233,,Randy Jones,,,PO BOX 233,,RONS DISCOUNT LUMBER,74940,,,,,RANDY JONES,
Airetech,Y,74301,VINITA,,OK,1090,2098,US,,,2026-01-09 04:52:52,OK,,,READY,,,VINITA,NET 30,RONS HEAT & AIR,+19182568660,,HIGH,80,,,,408 E ILLINOIS AVENUE,,Melissa,,,408 E ILLINOIS AVE,,RONS HEAT AND AIR,74301,,,,,MELISSA,
Airetech,Y,74152,TULSA,N,OK,1091,2099,US,,,NaT,OK,,,READY,,,TULSA,NET 30,ROSS GROUP,+19182347675,,MEDIUM,70,ap@withrossgroup.com,,,AP@WITHROSSGROUP.COM,PO BOX 690960,,,,PO BOX 690960,,ROSS GROUP,74152,,ap@withrossgroup.com,,,,
Airetech,Y,72222-7108,LITTLE ROCK,,AR,1092,2100,US,,,NaT,AR,+15014555580,,READY,,,LITTLE ROCK,NET 30,ROSS SPARKS BUILDERS,+15014551311,,MEDIUM,70,,,,PO BOX 17108,,Kyle,,501-455-5580,PO BOX 17108,,ROSS SPARKS BUILDERS,72222-7108,,,,,KYLE,
Airetech,Y,74429,COWETA,Y,OK,1094,2102,US,,,2026-01-09 04:52:55,OK,,,READY,,,COWETA,NET 30,ROYS FRIED CHICKEN,+19182307305,,HIGH,80,,,STS1005117306,29266 E 141st St S,,Ben Cole,,,29266 E 141ST ST S,,ROYS FRIED CHICKEN,74429,,,,STS1005117306,BEN COLE,
Airetech,Y,72032,CONWAY,,AR,1095,2103,US,STE 101,,2026-01-09 04:52:57,AR,+15013270648,,READY,,,CONWAY,NET 30,RUSSAW HEAT & AIR,+15013278808,,HIGH,80,,,285618-23-001,2645 DONAGHEY,SUITE 101,Deann Peterson,,501-327-0648,2645 DONAGHEY,,RUSSAW HEAT AND AIR,72032,,,,285618-23-001,DEANN PETERSON,
Airetech,Y,72205,LITTLE ROCK,,AR,1096,2104,US,,,NaT,AR,,,READY,,,LITTLE ROCK,NET 30,RUSSELL LEMAY,+12253200,,HIGH,100,,,,8600 CUNNINGHAM LAKEROAD,,,,,8600 CUNNINGHAM LAKEROAD,,RUSSELL LEMAY,72205,,,,,,
Airetech,Y,71601,PINE BLUFF,,AR,1097,2105,US,,,2026-01-09 04:53:00,AR,,,READY,,,PINE BLUFF,NET 30,RUSTON INDUSTRIAL SUPPLIES,+18705341177,,HIGH,80,,,,510 COMMERCE ROAD,,Jesse Canseco,,,510 COMMERCE RD,,RUSTON INDUSTRIAL SUPPLIES,71601,,,,,JESSE CANSECO,
Airetech,Y,74135,TULSA,,OK,1098,2106,US,,,2026-01-09 04:53:02,OK,,,READY,,,TULSA,NET 30,RYAN DUNKERSON,,,HIGH,80,,,,6306 E 58TH STREET,,,,,6306 E 58TH ST,,RYAN DUNKERSON,74135,,,,,,
Airetech,Y,74502,MCALESTER,N,OK,1099,2107,US,,,NaT,OK,,,READY,,,MCALESTER,NET 30,SADLER REFRIGERATION LLC,+19184238759,,MEDIUM,70,,,STS-14651028-,EMAIL @,PO BOX 208,Jim Sadler,,,PO BOX 208,,SADLER REFRIGERATION LLC,74502,,,,STS-14651028-,JIM SADLER,
Airetech,Y,74170-7004,TULSA,,OK,1100,2108,US,,,NaT,OK,+19184941890,,READY,,,TULSA,NET 30,SAINT FRANCIS HEALTH SYSTEM,+19184947327,,MEDIUM,70,,,,PO BOX 707004,ATTN: ACCTS PAYABLE/SUSAN,Suzanne Or Dustin,,918-494-1890,PO BOX 707004,,SAINT FRANCIS HEALTH SYSTEM,74170-7004,,,,,SUZANNE OR DUSTIN,
Airetech,Y,74401,MUSKOGEE,,OK,1101,2109,US,,,2026-01-09 04:53:04,OK,,,READY,,,MUSKOGEE,NET 30,SAINT FRANCIS HOSPITAL MUSKOGEE,+19186825501,,HIGH,80,,,,300 ROCKEFELLER DRIVE,,,,,300 ROCKEFELLER DR,,SAINT FRANCIS HOSPITAL MUSKOGEE,74401,,,,,,
Airetech,Y,72015,BENTON,,AR,1102,2110,US,,,2026-01-09 04:53:06,AR,,,READY,,,BENTON,NET 30,SALINE COUNTY COURTHOUSE,+15017767510,,HIGH,80,,,,200 N MAIN,,,,,200 N MAIN,,SALINE COUNTY COURTHOUSE,72015,,,,,,
Airetech,Y,72015,BENTON,,AR,1103,2111,US,,,2026-01-09 04:53:07,AR,,,READY,,,BENTON,NET 30,SALINE MEMORIAL HOSPITAL,,,HIGH,80,,,,#1 MEDICAL PARK DRIVE,,,,,1 MEDICAL PARK DR,,SALINE MEMORIAL HOSPITAL,72015,,,,,,
Airetech,Y,74011,BROKEN ARROW,,OK,1104,2112,US,,,NaT,OK,,,READY,,,BROKEN ARROW,NET 30,SALMON SERVICE CO,+19186072905,,HIGH,100,,,,13004 S 127TH E AVENUE,,David Salmon,,,13004 S 127TH E AVE,,SALMON SERVICE CO,74011,,,,,DAVID SALMON,
Airetech,Y,74101,TULSA,,OK,1105,2113,US,,,NaT,OK,,,READY,,,TULSA,NET 30,SALVATION ARMY BROKEN ARROW,+19186718573,,HIGH,70,,,,P O BOX 397,,Daniel,,,P O BOX 397,,SALVATION ARMY BROKEN ARROW,74101,,,,,DANIEL,
Airetech,Y,71902,HOT SPRINGS,Y,AR,1106,2114,US,,,NaT,AR,+15013180934,,READY,,,HOT SPRINGS,NET 30,SANDERS SUPPLY HOT SPRINGS,+15013219995,,MEDIUM,70,aatterberry@sanderssupply.net,,046311-78-001,AATTERBERRY@SANDERSSUPPLY.NET,PO BOX 1545,Accounts Payable,,501-318-0934,PO BOX 1545,,SANDERS SUPPLY HOT SPRINGS,71902,,aatterberry@sanderssupply.net,,046311-78-001,ACCOUNTS PAYABLE,
Airetech,Y,64802,JOPLIN,,MO,1107,2115,US,,,NaT,MO,+14176243544,,READY,,,JOPLIN,NET 30,SATTERLEE MECHANICAL CONTRACT CORP,+14176243660,,MEDIUM,70,hailey@sattcorp.net,,,HAILEY@SATTCORP.NET,PO BOX 400,Hailey Vinson,,417-624-3544,PO BOX 400,,SATTERLEE MECHANICAL CONTRACT CORP,64802,,hailey@sattcorp.net,,,HAILEY VINSON,
Airetech,Y,27291,LEESBURG,,NC,1108,2116,US,,,NaT,NC,,,READY,,,LEESBURG,NET 30,SAVANNAH WOODWORKING,,,HIGH,100,,,,6343 NC HIGHWAY 119 N,,,,,6343 NC HWY 119 N,,SAVANNAH WOODWORKING,27291,,,,,,
Airetech,Y,72205,LITTLE ROCK,,AR,1109,2117,US,,,2026-01-09 04:53:12,AR,+15013122805,,READY,,,LITTLE ROCK,NET 30,SCA PHARMACEUTICALS,+15013122800,,HIGH,80,,,,8821 KNOEDL COURT,,,,501-312-2805,8821 KNOEDL CT,,SCA PHARMACEUTICALS,72205,,,,,,
Airetech,Y,72223,LITTLE ROCK,,AR,1110,2118,US,STE 220,,2026-01-09 04:53:14,AR,+15012246934,,READY,,,LITTLE ROCK,NET 30,SCM ARCHITECTS PLLC,+15012243055,,HIGH,80,,,,1400 KIRK ROAD,SUITE 220,Brad Place,,501-224-6934,1400 KIRK RD,,SCM ARCHITECTS PLLC,72223,,,,,BRAD PLACE,
Airetech,Y,72958,WALDRON,,AR,1111,2119,US,,,NaT,AR,,,READY,,,WALDRON,NET 30,SCOTT COUNTY DETENTION CENTER,,,HIGH,70,,,,100 W 1ST BOX 13,,,,,100 W 1ST BOX 13,,SCOTT COUNTY DETENTION CENTER,72958,,,,,,
Airetech,Y,71613,PINE BLUFF,Y,AR,1112,2120,US,,,NaT,AR,+18705365648,,READY,,,PINE BLUFF,NET 30,SCOTT SYSTEMS INC,+18705369449,,MEDIUM,70,angela@scottsysinc.com,,,EMAIL: ANGELA@SCOTTSYSINC.COM,PO BOX 2466,Janet - Joe Scott,,870-536-5648,PO BOX 2466,,SCOTT SYSTEMS INC,71613,,angela@scottsysinc.com,,,JANET - JOE SCOTT,
Airetech,Y,72114,NORTH LITTLE ROCK,,AR,1113,2121,US,,,2026-01-09 04:53:16,AR,,,READY,,,NORTH LITTLE ROCK,NET 30,SEAL CORPORATION,+15013767325,,HIGH,80,,,,705 MAIN STREET,,Joel Gates,,,705 MAIN ST,,SEAL CORPORATION,72114,,,,,JOEL GATES,
Airetech,Y,72756,ROGERS,,AR,1114,2122,US,,,NaT,AR,,,READY,,,ROGERS,NET 30,SEALED AIR,,,HIGH,100,,,,4 BEAKART DRIVE,,Rex Baker,,,4 BEAKART DR,,SEALED AIR,72756,,,,,REX BAKER,
Airetech,Y,71857,PRESCOTT,,AR,1115,2123,US,,,NaT,AR,,,READY,,,PRESCOTT,NET 30,SEAN CLARK,,,HIGH,100,,,,131 NEVADA-1,,Sean Clark,,,131 NEVADA-1,,SEAN CLARK,71857,,,,,SEAN CLARK,
Airetech,Y,65201,COLUMBIA,,MO,1116,2124,US,,,2026-01-09 04:53:22,MO,,,READY,,,COLUMBIA,,SEMCO INC COMMISSION,,,HIGH,80,,,EXEMPT COMM,1800 E POINTE DR,,,,,1800 E POINTE DR,,SEMCO INC COMMISSION,65201,,,,EXEMPT COMM,,
Airetech,Y,72118,NORTH LITTLE ROCK,,AR,1117,2125,US,,,2026-01-09 04:53:25,AR,+15019045548,,READY,,,NORTH LITTLE ROCK,NET 30,SERVICE PRO HEATING & COOLING LLC,+15019045547,,HIGH,80,,,74013851-SLS,1800 W 37TH STREET,,Rebecca Synder,,501-904-5548,1800 W 37TH ST,,SERVICE PRO HEATING AND COOLING LLC,72118,,,,74013851-SLS,REBECCA SYNDER,
Airetech,Y,72150,SHERIDAN,N,AR,1118,2126,US,,,NaT,AR,+18709421833,,READY,,,SHERIDAN,NET 30,SERVICE SOLUTIONS LLC,+18709425023,,MEDIUM,70,nbuchanan@servicesolutionsusa.,,12020063-SLS,NBUCHANAN@SERVICESOLUTIONSUSA.,PO BOX 265,Theresa Buchanan,,870-942-1833,PO BOX 265,,SERVICE SOLUTIONS LLC,72150,,nbuchanan@servicesolutionsusa.,,12020063-SLS,THERESA BUCHANAN,
Airetech,Y,74146,TULSA,,OK,1119,2127,US,,,2026-01-09 04:53:26,OK,,,READY,,,TULSA,NET 30,SEWELL MECHANICAL,+19186644764,,HIGH,80,,,,4813 S 101ST EAST AVENUE,,Accounts Payable,,,4813 S 101ST E AVE,,SEWELL MECHANICAL,74146,,,,,ACCOUNTS PAYABLE,
Airetech,Y,71923,ARKADELPHIA,,AR,1120,2128,US,,,NaT,AR,+17044942250,,READY,,,ARKADELPHIA,NET 30,SGL COMPOSITIES INC,+17045935186,,HIGH,100,apark@sglcarbon.com,,,APARK@SGLCARBON.COM,201 TECHNOLOGY DRIVE,Michael Esposito,,704-494-2250,201 TECHNOLOGY DR,,SGL COMPOSITIES INC,71923,,apark@sglcarbon.com,,,MICHAEL ESPOSITO,
Airetech,Y,94550,LIVERMORE,,CA,1121,2129,US,,,2026-01-09 04:53:29,CA,,,READY,,,LIVERMORE,NET 30,SHAMES CONSTRUCTION,+19256063000,,HIGH,80,,,,5826 BRISA STREET,,George Valles,,,5826 BRISA ST,,SHAMES CONSTRUCTION,94550,,,,,GEORGE VALLES,
Airetech,Y,68507,LINCOLN,,NE,1122,2130,US,,,2026-01-09 04:53:31,NE,,,READY,,,LINCOLN,NET 30,SHANAHAN MECHANICAL & ELECTRICAL,+14024304844,,HIGH,80,,,,5045 RUSSELL CIRCLE,,,,,5045 RUSSELL CIR,,SHANAHAN MECHANICAL AND ELECTRICAL,68507,,,,,,
Airetech,Y,72764,SPRINGDALE,,AR,1123,2131,US,,,2026-01-09 04:53:33,AR,,,READY,,,SPRINGDALE,NET 30,SHANE CAPPS,+14794220141,,HIGH,80,,,,2984 WATERCREST STREET,,Shane Capps,,,2984 WATERCREST ST,,SHANE CAPPS,72764,,,,,SHANE CAPPS,
Airetech,Y,,,,,1124,2132,US,,,NaT,,,,REVIEW,,,,NET 30,SHANE RIDER,,,LOW,20,,,,,,,,,,,SHANE RIDER,,,,,,,
Airetech,Y,74331,AFTON,N,OK,1125,2133,US,,,NaT,OK,+19182578402,,READY,,,AFTON,NET 30,*SHANGRI LA VISTA TOWERS HOMEOWNERS,+19182578577,,HIGH,100,,,,57200 E HWY 125,,Dee Burt,,918-257-8402,57200 E HWY 125,,*SHANGRI LA VISTA TOWERS HOMEOWNERS,74331,,,,,DEE BURT,
Airetech,Y,72223,LITTLE ROCK,,AR,1126,2134,US,,,NaT,AR,,,READY,,,LITTLE ROCK,NET 30,SHARILYN GASAWAY,+15019510289,,HIGH,100,,,,2 SELLETTE COURT,,Sharilyn Gasaway,,,2 SELLETTE CT,,SHARILYN GASAWAY,72223,,,,,SHARILYN GASAWAY,
Airetech,Y,74055,OWASSO,,OK,1127,2135,US,,,NaT,OK,,,READY,,,OWASSO,NET 30,SHARP HEATING & AIR,+19186391294,,HIGH,100,,,,9210 N 163 E AVENUE,,,,,9210 N 163 E AVE,,SHARP HEATING AND AIR,74055,,,,,,
Airetech,Y,44193,CLEVELAND,N,OH,1128,2136,US,,,NaT,OH,,,READY,,,CLEVELAND,NET 30,SHEARERS FOODS LLC,+18705233500,,MEDIUM,70,apadvantage.snx@pnc.com,,78586235-001,APADVANTAGE.SNX@PNC.COM,PO BOX 932919,Fritz Kohmann (Cfo),,,PO BOX 932919,,SHEARERS FOODS LLC,44193,,apadvantage.snx@pnc.com,,78586235-001,FRITZ KOHMANN (CFO),
Airetech,Y,72703,FAYETTEVILLE,N,AR,1129,2137,US,,,2026-01-09 04:53:43,AR,+14794447151,,READY,,,FAYETTEVILLE,NET 30,SHEET METAL WORKS,+14794447374,,HIGH,80,tom-mcmullen@sbcglobal.net,,270145-72-001,TOM-MCMULLEN@SBCGLOBAL.NET,1839 BIRCH AVENUE,Accounts Payable,,479-444-7151,1839 BIRCH AVE,,SHEET METAL WORKS,72703,,tom-mcmullen@sbcglobal.net,,270145-72-001,ACCOUNTS PAYABLE,
Airetech,Y,72150,SHERIDAN,,AR,1130,2138,US,,,NaT,AR,,,READY,,,SHERIDAN,NET 30,SHEPHERD BUILDERS INC,+15016814573,,HIGH,100,,,,682 GRANT 805,,Robert Shephard,,,682 GRANT 805,,SHEPHERD BUILDERS INC,72150,,,,,ROBERT SHEPHARD,
Airetech,Y,72223,LITTLE ROCK,Y,AR,1131,2139,US,,,2026-01-09 04:53:46,AR,+15018681116,,READY,,,LITTLE ROCK,NET 30,SHIELDS & ASSOCIATES INC,+15018681313,,HIGH,80,,,,116 CHALLAIN DRIVE,,Ben Shields,,501-868-1116,116 CHALLAIN DR,,SHIELDS AND ASSOCIATES INC,72223,,,,,BEN SHIELDS,
Airetech,Y,74133,TULSA,,OK,1132,2140,US,,,2026-01-09 04:53:48,OK,,,READY,,,TULSA,NET 30,SIEGIS SAUSAGE FACTORY,+19186946760,,HIGH,80,,,,8104 S SHERIDAN ROAD,,Raymond Bayer,,,8104 S SHERIDAN RD,,SIEGIS SAUSAGE FACTORY,74133,,,,,RAYMOND BAYER,
Airetech,Y,97208,PORTLAND,,OR,1133,2141,US,,,NaT,OR,,,READY,,,PORTLAND,NET 30,SIEMENS,+19184764806,,MEDIUM,70,,,,PO BOX 4356,,Jennifer Taylor,,,PO BOX 4356,,SIEMENS,97208,,,,,JENNIFER TAYLOR,
Airetech,Y,30144,KENNESAW,,GA,1134,2142,US,STE 100,,2026-01-09 04:53:49,GA,+17704992479,,READY,,,KENNESAW,NET 30,SIGNAL POINT SYSTEMS INC,+17704990439,,HIGH,80,,,,1270 SHILOH ROAD,SUITE 100,Angie Ivory,,770-499-2479,1270 SHILOH RD,,SIGNAL POINT SYSTEMS INC,30144,,,,,ANGIE IVORY,
Airetech,Y,72761,SILOAM SPRINGS,,AR,1135,2143,US,,,NaT,AR,+14795493176,,READY,,,SILOAM SPRINGS,NET 30,SILOAM SPRINGS HEATING & AC,+14795242047,,MEDIUM,70,,,00183227-SLS,PO BOX 994,,,,479-549-3176,PO BOX 994,,SILOAM SPRINGS HEATING AND AC,72761,,,,00183227-SLS,,
Airetech,Y,72761,SILOAM SPRINGS,,AR,1136,2144,US,,,2026-01-09 04:53:51,AR,,,READY,,,SILOAM SPRINGS,NET 30,SILOAM SPRINGS MEMORIAL HOSPITAL,+14792153177,,HIGH,80,,,,603 N PROGRESS AVE,,Wyane Bollman,,,603 N PROGRESS AVE,,SILOAM SPRINGS MEMORIAL HOSPITAL,72761,,,,,WYANE BOLLMAN,
Airetech,Y,72956,VAN BUREN,,AR,1137,2145,US,,,2026-01-09 04:53:53,AR,+14794101875,,READY,,,VAN BUREN,NET 30,SIMMONS FOOD INC VAN BUREN,+14794103035,,HIGH,80,,,286833-80-001,#5 MAIN STREET,,Monica Yeager,,479-410-1875,5 MAIN ST,,SIMMONS FOOD INC VAN BUREN,72956,,,,286833-80-001,MONICA YEAGER,
Airetech,Y,72722,DECATUR,,AR,1138,2146,US,,,2026-01-09 04:53:54,AR,+14792152773,,READY,,,DECATUR,NET 30,SIMMONS PREPARED FOODS DECATUR,+14765218151,,HIGH,80,luke.wright@simfoods.com,,286833-80-001,luke.wright@simfoods.com,250 S MAIN ST,,,479-215-2773,250 S MAIN ST,,SIMMONS PREPARED FOODS DECATUR,72722,,luke.wright@simfoods.com,,286833-80-001,,
Airetech,Y,72761,SILOAM SPRINGS,Y,AR,1139,2147,US,N HICO,,NaT,AR,,,READY,,,SILOAM SPRINGS,NET 30,SIMMONS PREPARED FOODS SILOAM SPGS,,,MEDIUM,70,ss2-ap@simfoods.com,,286833-80-001,SS2-AP@SIMFOODS.COM,PO BOX 430601 N HICO,Megan Johnson,,,PO BOX 430601,,SIMMONS PREPARED FOODS SILOAM SPGS,72761,,ss2-ap@simfoods.com,,286833-80-001,MEGAN JOHNSON,
Airetech,Y,64836,CARTHAGE,,MO,1140,2148,US,,,2026-01-09 04:53:56,MO,+14173585690,,READY,,,CARTHAGE,NET 30,SIMPSON SHEET METAL INC,+14173585592,,HIGH,80,ssmbooks@yahoo.com,,,SSMBOOKS@YAHOO.COM,2305 MISSOURI AVENUE,Tena Province,,417-358-5690,2305 MISSOURI AVE,,SIMPSON SHEET METAL INC,64836,,ssmbooks@yahoo.com,,,TENA PROVINCE,
Airetech,Y,74070,SKIATOOK,,OK,1141,2149,US,,,2026-01-09 04:53:57,OK,,,READY,,,SKIATOOK,NET 30,SKIATOOK PUBLIC SCHOOL,,,HIGH,80,,,,355 SOUTH OSAGE,,,,,355 S OSAGE,,SKIATOOK PUBLIC SCHOOL,74070,,,,,,
Airetech,Y,74401,MUSKOGEE,Y,OK,1142,2150,US,,,2026-01-09 04:53:59,OK,+19189122119,,READY,,,MUSKOGEE,NET 30,SLIGAR MECHANICAL LLC,+19183518081,,HIGH,80,,,,5024 DENISON STREET,,Amy Maxwell,,918-912-2119,5024 DENISON ST,,SLIGAR MECHANICAL LLC,74401,,,,,AMY MAXWELL,
Airetech,Y,38088,CORDOVA,,TN,1143,2151,US,,,NaT,TN,+19012133994,,READY,,,CORDOVA,NET 30,SMITH DOYLE CONTRACTORS INC,+19012133993,,MEDIUM,70,,,,PO BOX 1645,,Jason Roberts,,901-213-3994,PO BOX 1645,,SMITH DOYLE CONTRACTORS INC,38088,,,,,JASON ROBERTS,
Airetech,Y,72221,LITTLE ROCK,,AR,1144,2152,US,,,NaT,AR,,,READY,,,LITTLE ROCK,NET 30,SNELL NORTHCUTT ELECTRIC,+15012242832,,MEDIUM,70,,,,PO BOX 24601,,,,,PO BOX 24601,,SNELL NORTHCUTT ELECTRIC,72221,,,,,,
Airetech,Y,74145,TULSA,,OK,1145,2153,US,,,2026-01-09 04:54:01,OK,,,READY,,,TULSA,NET 30,SODER MECHANICAL INC,+19186631614,,HIGH,80,,,,9526-A EAST 54TH STREET,,,,,9526-A E 54TH ST,,SODER MECHANICAL INC,74145,,,,,,
Airetech,Y,74171,TULSA,,OK,1146,2154,US,,,2026-01-09 04:54:03,OK,+19184956193,,READY,,,TULSA,NET 30,SODEXO AT ORAL ROBERTS UNIVERSITY,+19184956873,,HIGH,80,,,,7777 S LEWIS,,Deeann Adlung,,918-495-6193,7777 S LEWIS,,SODEXO AT ORAL ROBERTS UNIVERSITY,74171,,,,,DEEANN ADLUNG,
Airetech,Y,71743-9363,GURDON,Y,AR,1147,2155,US,,,NaT,AR,,,READY,,,GURDON,NET 30,SOLUTIONS MECHANICAL LLC,+15018829414,,HIGH,100,jameswalker018@hotmail.com,,,JAMESWALKER018@HOTMAIL.COM,202 PURIFOY ROAD,Accounts Payable,,,202 PURIFOY RD,,SOLUTIONS MECHANICAL LLC,71743-9363,,jameswalker018@hotmail.com,,,ACCOUNTS PAYABLE,
Airetech,Y,72019,BENTON,,AR,1148,2156,US,,,NaT,AR,,,READY,,,BENTON,NET 30,SONIC DRIVE IN OF HWY 5,+15012499391,,HIGH,100,,,,1815 HWY 5 N,,Josh Harmon,,,1815 HWY 5 N,,SONIC DRIVE IN OF HWY 5,72019,,,,,JOSH HARMON,
Airetech,Y,72201,LITTLE ROCK,,AR,1149,2157,US,,,NaT,AR,,,READY,,,LITTLE ROCK,NET 30,SONNY WILLIAMS STEAKROOM,+15014138259,,HIGH,100,,,,EMAIL @,500 PRESIDENT CLINTON AVE 200,Jimmy Young,,,500 PRESIDENT CLINTON AVE 200,,SONNY WILLIAMS STEAKROOM,72201,,,,,JIMMY YOUNG,
Airetech,Y,74080,TALALA,,OK,1150,2158,US,,,NaT,OK,,,READY,,,TALALA,NET 30,SOONER QUALITY SERVICES,+19188456148,,HIGH,100,,,,6755 E 335 ROAD,,Michael Evans,,,6755 E 335 RD,,SOONER QUALITY SERVICES,74080,,,,,MICHAEL EVANS,
Airetech,Y,71754,MAGNOLIA,,AR,1151,2159,US,,,NaT,AR,+18702344210,,READY,,,MAGNOLIA,NET 30,SOUTH ARK SALES & SERVICE,+18702345290,,MEDIUM,70,,,00106868-SLS,PO BOX 265,,,,870-234-4210,PO BOX 265,,SOUTH ARK SALES AND SERVICE,71754,,,,00106868-SLS,,
Airetech,Y,74080,TALALA,Y,OK,1152,2160,US,,,NaT,OK,,,READY,,,TALALA,NET 30,SOUTH WIND HEAT & AIR,+19188456148,,HIGH,100,southwindhvac@yahoo.com,,,SOUTHWINDHVAC@YAHOO.COM,6755 E. 335 ROAD,Michael Evans,,,6755 E 335 RD,,SOUTH WIND HEAT AND AIR,74080,,southwindhvac@yahoo.com,,,MICHAEL EVANS,
Airetech,Y,74701,DURANT,,OK,1153,2161,US,,,NaT,OK,+15807457480,,READY,,,DURANT,NET 30,SOUTHEASTERN OK STATE UNIV,+15807452839,,HIGH,100,,,OK,"1405 N 4TH, PMB 4217",,Accounts Payable,,580-745-7480,1405 N 4TH PMB 4217,,SOUTHEASTERN OK STATE UNIV,74701,,,,OK,ACCOUNTS PAYABLE,
Airetech,Y,38261,UNION CITY,,TN,1154,2162,US,,,NaT,TN,,,READY,,,UNION CITY,NET 30,SOUTHERN AUTOMOTIVE & IND EQUIP,,,HIGH,100,,,,524 STOVER ROAD,,,,,524 STOVER RD,,SOUTHERN AUTOMOTIVE AND IND EQUIP,38261,,,,,,
Airetech,Y,74170,TULSA,,OK,1155,2163,US,,,NaT,OK,+19184815250,,READY,,,TULSA,NET 30,SOUTHERN HILLS COUNTRY CLUB,+19184923351,,MEDIUM,70,,,,PO BOX 702298,,Veronica Hensley,,918-481-5250,PO BOX 702298,,SOUTHERN HILLS COUNTRY CLUB,74170,,,,,VERONICA HENSLEY,
Airetech,Y,42103,BOWLING GREEN,,KY,1156,2164,US,,,NaT,KY,+12707814262,,READY,,,BOWLING GREEN,NET 30,SOUTHERN KY AFFORDABLE HEAT & AIR,+12708462665,,HIGH,100,,,,410 GOSS PARRISH DRIVE,,Alex Hammer,,270-781-4262,410 GOSS PARRISH DR,,SOUTHERN KY AFFORDABLE HEAT AND AIR,42103,,,,,ALEX HAMMER,
Airetech,Y,72032,CONWAY,N,AR,1157,2165,US,HARKRIDER,,NaT,AR,+15013272136,,READY,,,CONWAY,NET 30,SOUTHERN PIPE & SUPPLY,+15013279300,,MEDIUM,70,,,025112-78-007,EMAIL @,PO BOX 13092135 HARKRIDER,,,501-327-2136,PO BOX 13092135,,SOUTHERN PIPE AND SUPPLY,72032,,,,025112-78-007,,
Airetech,Y,71307-4405,ALEXANDRIA,,LA,1158,2166,US,,,2026-01-09 04:54:20,LA,,,READY,,,ALEXANDRIA,NET 30,SOUTHERN PIPE & SUPPLY,,,HIGH,80,,,,3012 BROADWAY AVENUE,,Eric Roberts,,,3012 BROADWAY AVE,,SOUTHERN PIPE AND SUPPLY ALEXANDRIA,71307-4405,,,,,ERIC ROBERTS,
Airetech,Y,74150,TULSA,,OK,1159,2167,US,,,NaT,OK,+19185842501,,READY,,,TULSA,NET 30,SOUTHERN SHEET METAL OK,+19185843371,,MEDIUM,70,,,447393,PO BOX 50008,,Dee Or Mike Tidwell,,918-584-2501,PO BOX 50008,,SOUTHERN SHEET METAL OK,74150,,,,447393,DEE OR MIKE TIDWELL,
Airetech,Y,72501,BATESVILLE,,AR,1160,2168,US,,,NaT,AR,+18702513316,,READY,,,BATESVILLE,NET 30,SOUTHSIDE SCHOOL DISTRICT NO3,+18702512341,,HIGH,100,,,,70 SCOTT DRIVE,,Lou Gunther,,870-251-3316,70 SCOTT DR,,SOUTHSIDE SCHOOL DISTRICT NO.3,72501,,,,,LOU GUNTHER,
Airetech,Y,72223,LITTLE ROCK,,AR,1161,2169,US,,,2026-01-09 04:54:23,AR,,,READY,,,LITTLE ROCK,NET 30,SOUTHWEST POWER POOL,+15016881647,,HIGH,80,,,,201 WORTHEN DRIVE,,Becky Doolittle,,,201 WORTHEN DR,,SOUTHWEST POWER POOL,72223,,,,,BECKY DOOLITTLE,
Airetech,Y,72112,NEWPORT,,AR,1162,2170,US,,,NaT,AR,+18705235608,,READY,,,NEWPORT,NET 30,SOUTHWEST STEEL PROCESSING,+18705238791,,HIGH,100,hsiddons@park-ohio.com,,71164704-SLS,HSIDDONS@PARK-OHIO.COM,4900 LIGHTHOUSE DRIVE,Hunter Siddons,,870-523-5608,4900 LIGHTHOUSE DR,,SOUTHWEST STEEL PROCESSING,72112,,hsiddons@park-ohio.com,,71164704-SLS,HUNTER SIDDONS,
Airetech,Y,74014,BROKEN ARROW,,OK,1187,2195,US,,,2026-01-09 04:54:51,OK,,,READY,,,BROKEN ARROW,NET 30,STERLING DICKSON,,,HIGH,80,,,,2617 E GALVESTON PLACE,,,,,2617 E GALVESTON PL,,STERLING DICKSON,74014,,,,,,
Airetech,Y,78269,SAN ANTONIO,N,TX,1163,2171,US,,,NaT,TX,+16147166543,,READY,,,SAN ANTONIO,NET 30,SOUTHWESTERN ELECTRIC POWER CO,+16147166797,,MEDIUM,70,invoice@aep.com,,162396-80-001,EMAIL: INVOICE@AEP.COM,PO BOX 696016,David Kose Amer Elec,,614-716-6543,PO BOX 696016,,SOUTHWESTERN ELECTRIC POWER CO,78269,,invoice@aep.com,,162396-80-001,DAVID KOSE AMER ELEC,
Airetech,Y,74107,TULSA,Y,OK,1164,2172,US,,,2026-01-09 04:54:26,OK,+19186635498,,READY,,,TULSA,NET 30,SPECIFIC SYSTEMS LLC,+19186639321,,HIGH,80,accounts.payable@specificsyste,,162747182,ACCOUNTS.PAYABLE@SPECIFICSYSTE,439 W 41ST ST,Jack Johnson,,918-663-5498,439 W 41ST ST,,SPECIFIC SYSTEMS LLC,74107,,accounts.payable@specificsyste,,162747182,JACK JOHNSON,
Airetech,Y,37830,OAK RIDGE,,TN,1165,2173,US,,,2026-01-09 04:54:28,TN,+18654810290,,READY,,,OAK RIDGE,NET 30,SPECPRO ENVIRONMENTAL SERVICES LLC,+18654817837,,HIGH,80,,,,1006 FLOYD CULLER COURT,,Katie Nash,,865-481-0290,1006 FLOYD CULLER CT,,SPECPRO ENVIRONMENTAL SERVICES LLC,37830,,,,,KATIE NASH,
Airetech,Y,74147,TULSA,,OK,1166,2174,US,,,NaT,OK,,,READY,,,TULSA,NET 30,SPRAY EQUIPMENT OF OKLAHOMA,+19186634436,,MEDIUM,70,,,,PO BOX 470703,,Brenda Vender,,,PO BOX 470703,,SPRAY EQUIPMENT OF OKLAHOMA,74147,,,,,BRENDA VENDER,
Airetech,Y,72765-0008,SPRINGDALE,,AR,1167,2175,US,,,NaT,AR,+14797508813,,READY,,,SPRINGDALE,NET 30,SPRINGDALE SCHOOL SYSTEM,+14797508804,,MEDIUM,70,,,,PO BOX 8,804 W JOHNSON AVENUE,,,479-750-8813,PO BOX 8,804 W JOHNSON AVE,SPRINGDALE SCHOOL SYSTEM,72765-0008,,,,,,
Airetech,Y,72762,SPRINGDALE,N,AR,1169,2177,US,,,NaT,AR,+14797513765,,READY,,,SPRINGDALE,NET 30,SPRINGDALE WINNELSON COMPANY,+14797511181,,MEDIUM,70,,,046044-65-001,PO BOX 6607,,Ted George,,479-751-3765,PO BOX 6607,,SPRINGDALE WINNELSON COMPANY,72762,,,,046044-65-001,TED GEORGE,
Airetech,Y,65803,SPRINGFIELD,Y,MO,1170,2178,US,,,2026-01-09 04:54:30,MO,+14178321404,,READY,,,SPRINGFIELD,NET 30,SPRINGFIELD MECHANICAL SERVICES INC,+14178320100,,HIGH,80,,,75815568-SLS,2960 N EASTGATE AVE,,Accounts Payables,,417-832-1404,2960 N EGATE AVE,,SPRINGFIELD MECHANICAL SERVICES INC,65803,,,,75815568-SLS,ACCOUNTS PAYABLES,
Airetech,Y,72086,LONOKE,,AR,1171,2179,US,,,NaT,AR,,,READY,,,LONOKE,NET 30,SPRINGHILL SUITES,+15016069433,,MEDIUM,70,,,,PO BOX 740,,Bobby Sharolia,,,PO BOX 740,,SPRINGHILL SUITES,72086,,,,,BOBBY SHAROLIA,
Airetech,Y,72010,BALB KNOB,,AR,1172,2180,US,,,NaT,AR,+15017240078,,READY,,,BALB KNOB,NET 30,SS & L HEAT & AIR LLC,+15017244874,,MEDIUM,70,,,,PO BOX 212,,Lynn Solida,,501-724-0078,PO BOX 212,,SS AND L HEAT AND AIR LLC,72010,,,,,LYNN SOLIDA,
Airetech,Y,72901,FORT SMITH,,AR,1173,2181,US,,,NaT,AR,+14796461263,,READY,,,FORT SMITH,NET 30,SSI INC,+14796462901,,HIGH,100,,,,2817 SOUTH YUMA,,,,479-646-1263,2817 S YUMA,,SSI INC,72901,,,,,,
Airetech,Y,71701,CAMDEN,,AR,1174,2182,US,,,NaT,AR,,,READY,,,CAMDEN,NET 30,ST JOHNS EPISCOPAL CHURCH,+18708362658,,HIGH,100,,,,117 HARRISON STREET,,Christy Glaze,,,117 HARRISON ST,,ST JOHNS EPISCOPAL CHURCH CAMDEN,71701,,,,,CHRISTY GLAZE,
Airetech,Y,72801,RUSSELLVILLE,,AR,1175,2183,US,,,2026-01-09 04:54:36,AR,,,READY,,,RUSSELLVILLE,NET 30,ST MARYS REG MED CNTR RUSSELLVILLE,+14799649269,,HIGH,80,,,,1808 WEST MAIN STREET,,Craig Neal,,,1808 W MAIN ST,,ST MARYS REG MED CNTR RUSSELLVILLE,72801,,,,,CRAIG NEAL,
Airetech,Y,80163-6000,LITTLETON,,CO,1176,2184,US,C/O CATHOLIC HEALTH INITIATIVE,,NaT,CO,,,READY,,,LITTLETON,NET 30,ST VINCENT INFIRMARY,+15016303000,,MEDIUM,70,,,,PO BOX 636000,C/O CATHOLIC HEALTH INITIATIVE,Attn Accts Payable,,,PO BOX 636000,,ST VINCENT INFIRMARY,80163-6000,,,,,ATTN ACCTS PAYABLE,
Airetech,Y,74011,BROKEN ARROW,,OK,1177,2185,US,,,2026-01-09 04:54:37,OK,,,READY,,,BROKEN ARROW,NET 30,ST JOHN MEDICAL SAPULPA,+19182244280,,HIGH,80,,,,4104 ELM AVE,,Bryan Coffey,,,4104 ELM AVE,,ST. JOHN MEDICAL SAPULPA,74011,,,,,BRYAN COFFEY,
Airetech,Y,72136,ROMANCE,,AR,1178,2186,US,,,NaT,AR,,,READY,,,ROMANCE,NET 30,STACYS TEMPTECH,+15018271455,,HIGH,100,,,221196-73-001,135 STACY ROAD,,Accounts Payable,,,135 STACY RD,,STACYS TEMPTECH,72136,,,,221196-73-001,ACCOUNTS PAYABLE,
Airetech,Y,72209,LITTLE ROCK,,AR,1179,2187,US,,,NaT,AR,,,READY,,,LITTLE ROCK,NET 30,STALEY INC,,,HIGH,100,,,,3400 J E DAVIS DRIVE,,,,,3400 J E DAVIS DR,,STALEY INC,72209,,,,,,
Airetech,Y,72119,NORTH LITTLE ROCK,,AR,1180,2188,US,,,NaT,AR,+15013726982,,READY,,,NORTH LITTLE ROCK,NET 30,STAR BOLT INC,+15013727127,,MEDIUM,70,,,,PO BOX 9480,,Nick Edgar,,501-372-6982,PO BOX 9480,,STAR BOLT INC,72119,,,,,NICK EDGAR,
Airetech,Y,72764,SPRINGDALE,,AR,1181,2189,US,,,NaT,AR,,,READY,,,SPRINGDALE,NET 30,STAR MECHANICAL SUPPLY,+14797562055,,HIGH,100,,,031513-78-002,122 WEST RANDALL ROAD,,,,,122 W RANDALL RD,,STAR MECHANICAL SUPPLY,72764,,,,031513-78-002,,
Airetech,Y,72201,LITTLE ROCK,N,AR,1182,2190,US,,,2026-01-09 04:54:44,AR,+15016825589,,READY,,,LITTLE ROCK,NET 30,STATE OF AR DFA DIV OF BLDG AUTH,+15016825208,,HIGH,80,,,,501 WOODLANE STE 101N,,Teresa Case,,501-682-5589,501 WOODLANE STE 101N,,STATE OF AR DFA DIV OF BLDG AUTH,72201,,,,,TERESA CASE,
Airetech,Y,72203,LITTLE ROCK,,AR,1183,2191,US,,,NaT,AR,,,READY,,,LITTLE ROCK,NET 30,STATE OF ARKANSAS,+15015801246,,MEDIUM,70,,,,PO BOX 2485,,Dfa Admin Services,,,PO BOX 2485,,STATE OF ARKANSAS,72203,,,,,DFA ADMIN SERVICES,
Airetech,Y,73111,OKLAHOMA CITY,,OK,1184,2192,US,,,2026-01-09 04:54:46,OK,,,READY,,,OKLAHOMA CITY,NET 30,STATE OF OKLAHOMA,,,HIGH,80,,,,3515 MILITARY CIRCLE,,,,,3515 MILITARY CIR,,STATE OF OKLAHOMA,73111,,,,,,
Airetech,Y,72023,CABOT,N,AR,1185,2193,US,,,2026-01-09 04:54:48,AR,+15016051157,,READY,,,CABOT,NET 30,STEDFAST HEAT & AIR,+15018434860,,HIGH,80,,,,2111 NORTH 2ND STREET,,,,501-605-1157,2111 N 2ND ST,,STEDFAST HEAT AND AIR,72023,,,,,,
Airetech,Y,77380,THE WOODLANDS,N,TX,1186,2194,US,,,NaT,TX,,,READY,,,"THE WOODLANDS,",NET 30,STEAMPLANT CONDO,+12813639161,,HIGH,100,,,,1425 LAKEFRONT CIR,,Emily Stephenson,,,1425 LAKEFRONT CIR,,STEAMPLANT CONDO,77380,,,,,EMILY STEPHENSON,
Airetech,Y,74134,TULSA,,OK,1188,2196,US,C/O OMNI MECHANICAL,,2026-01-09 04:54:52,OK,,,READY,,,TULSA,NET 30,STILLWATER MEDICAL CENTER,,,HIGH,80,,,,5918 S 129TH E AVENUE,C/O OMNI MECHANICAL,,,,5918 S 129TH E AVE,,STILLWATER MED CENTER,74134,,,,,,
Airetech,Y,74074,STILLWATER,,OK,1189,2197,US,,,NaT,OK,,,READY,,,STILLWATER,NET 30,STILLWATER MEDICAL CENTER,,,MEDIUM,70,,,,PO BOX 2408,,Brian Bales,,,PO BOX 2408,,STILLWATER MEDICAL CENTER,74074,,,,,BRIAN BALES,
Airetech,Y,74145,TULSA,,OK,1190,2198,US,C/O PLATINUM MEHCANICAL LLC,,2026-01-09 04:54:54,OK,,,READY,,,TULSA,NET 30,STILLWATER MEDICAL CENTER,+19189353424,,HIGH,80,,,,8199 EAST 46TH STREET,"C/O PLATINUM MEHCANICAL, LLC",,,,8199 E 46TH ST,,STILLWATER MEDICAL CNTR AUTHORITY,74145,,,,,,
Airetech,Y,74960,STILWELL,Y,OK,1191,2199,US,,,NaT,OK,,,READY,,,STILWELL,NET 30,STILWELL MEMORIAL HOSPITAL,+19186963101,,MEDIUM,70,,,,USE 2604,PO BOX 272,Tammy Paden,,,PO BOX 272,,DO NOT USE *STILWELL MEMORIAL HOSP,74960,,,,,TAMMY PADEN,
Airetech,Y,72653,MOUNTAIN HOME,,AR,1192,2200,US,,,2026-01-09 04:54:56,AR,,,READY,,,MOUNTAIN HOME,NET 30,STONE CREEK RANCH,,,HIGH,80,,,,626 CIRCLE B LANE,,Arvell Bass,,,626 CIR B LN,,STONE CREEK RANCH,72653,,,,,ARVELL BASS,
Airetech,Y,74560,PITTSBURG,N,OK,1193,2201,US,,,NaT,OK,+19184326313,,READY,,,"PITTSBURG,",NET 30,STONE ELECTRIC HEAT & AIR,+19184326312,,MEDIUM,70,,,,PO BOX 1,,Accounts Payable,,918-432-6313,PO BOX 1,,STONE ELECTRIC HEAT AND AIR,74560,,,,,ACCOUNTS PAYABLE,
Airetech,Y,72117,NORTH LITTLE ROCK,,AR,1194,2202,US,,,2026-01-09 04:54:57,AR,,,READY,,,NORTH LITTLE ROCK,NET 30,STOREROOM SOLUTIONS LOREAL,+15019558907,,HIGH,80,,,,11500 MAYBELLINE ROAD,,Nick Tourville,,,11500 MAYBELLINE RD,,STOREROOM SOLUTIONS LOREAL,72117,,,,,NICK TOURVILLE,
Airetech,Y,32794,MAITLAND,,FL,1195,2203,US,,,NaT,FL,+15015623743,,READY,,,MAITLAND,NET 30,STUART C IRBY,,,MEDIUM,70,,,00030891-SLS,PO BOX 945650,,,,501-562-3743,PO BOX 945650,,STUART C IRBY,32794,,,,00030891-SLS,,
Airetech,Y,74010,BRISTOW,Y,OK,1196,2204,US,,,2026-01-09 04:54:59,OK,,,READY,,,BRISTOW,NET 30,STULZ,+15804717702,,HIGH,80,,,,700 W 7TH,,Jason Poulin,,,700 W 7TH,,STULZ,74010,,,,,JASON POULIN,
Airetech,Y,21704,FREDERICK,N,MD,1197,2205,US,,,2026-01-09 04:55:00,MD,,,READY,,,FREDERICK,NET 30,STULZ,+18885291266,,HIGH,80,,,,1572 TILCO DR,,,,,1572 TILCO DR,,STULZ,21704,,,,,,
Airetech,Y,,,Y,,1198,2206,US,,,NaT,,,,REVIEW,,,,,STULZ COMMISSION,,,LOW,20,,,EXEMPT COMM,,,,,,,,STULZ COMMISSION,,,,,EXEMPT COMM,,
Airetech,Y,72865,SUBIACO,,AR,1199,2207,US,,,2026-01-09 04:55:03,AR,,,READY,,,SUBIACO,NET 30,SUBIACO ACADEMY,+14797394465,,HIGH,80,,,,405 N SUBIACO,,,,,405 N SUBIACO,,SUBIACO ACADEMY,72865,,,,,,
Airetech,Y,72022,BRYANT,,AR,1200,2208,US,,,2026-01-09 04:55:05,AR,+15018479383,,READY,,,BRYANT,NET 30,SUMMERWOOD PARTNERS,+15018477964,,HIGH,80,,,,1511 NORTH REYNOLDS ROAD,,Tj Holmes/Bobby,,501-847-9383,1511 N REYNOLDS RD,,SUMMERWOOD PARTNERS,72022,,,,,TJ HOLMES/BOBBY,
Airetech,Y,72757,ROGERS,N,AR,1201,2209,US,,,NaT,AR,+14792344456,,READY,,,ROGERS,NET 30,SUMMIT HEATING & AIR LLC,+14792344600,,MEDIUM,70,,,00318567-002,PO BOX 605,,Christy Bolden,,479-234-4456,PO BOX 605,,SUMMIT HEATING AND AIR LLC,72757,,,,00318567-002,CHRISTY BOLDEN,
Airetech,Y,72027,CENTER RIDGE,Y,AR,1202,2210,US,,,2026-01-09 04:55:07,AR,,,READY,,,CENTER RIDGE,NET 30,SUPERIOR HEATING & AIR,+15019770055,,HIGH,80,,,12078335,10 CATHOLIC POINT RD,,Robert Petry,,,10 CATHOLIC POINT RD,,SUPERIOR HEATING AND AIR,72027,,,,12078335,ROBERT PETRY,
Airetech,Y,48033,SOUTHFIELD,,MI,1203,2211,US,,,2026-01-09 04:55:09,MI,,,READY,,,SOUTHFIELD,NET 30,SUPERIOR INDUSTRIES INTERNATIONAL,+18187814973,,HIGH,80,accountspayable@supind.com,,176851-80-001,ACCOUNTSPAYABLE@SUPIND.COM,26600 TELEGRAPH ROAD STE 400,,,,26600 TELEGRAPH RD STE 400,,SUPERIOR INDUSTRIES INTERNATIONAL,48033,,accountspayable@supind.com,,176851-80-001,,
Airetech,Y,74110,TULSA,,OK,1204,2212,US,,,2026-01-09 04:55:10,OK,,,READY,,,TULSA,NET 30,SUPERIOR REFRIG HEATING & AIR,+19189542235,,HIGH,80,,,,3216 E ADMIRAL PLACE,,Justin Lopez,,,3216 E ADMIRAL PL,,SUPERIOR REFRIG HEATING AND AIR,74110,,,,,JUSTIN LOPEZ,
Airetech,Y,72223,LITTLE ROCK,,AR,1205,2213,US,,,2026-01-09 04:55:12,AR,,,READY,,,LITTLE ROCK,NET 30,SURI ORTHODONTICS,+15019446671,,HIGH,80,,,,36 RAHLING CIRCLE,,Ajay Suri,,,36 RAHLING CIR,,SURI ORTHODONTICS,72223,,,,,AJAY SURI,
Airetech,Y,74012,BROKEN ARROW,,OK,1206,2214,US,,,2026-01-09 04:55:14,OK,,,READY,,,BROKEN ARROW,NET 30,SWIFT HEAT & AIR,+19183732190,,HIGH,80,,,,603 S ELM,,Ryan Baze,,,603 S ELM,,SWIFT HEAT AND AIR,74012,,,,,RYAN BAZE,
Airetech,Y,18801,MONTROSE,N,PA,1207,2215,US,,,NaT,PA,+15702783182,,READY,,,"MONTROSE,",NET 30,SYNOVOS,+15702784040,,HIGH,100,einvoicing@synovos.com,,298132-60-001,EMAIL:EINVOICING@SYNOVOS.COM,16888 STATE ROUTE 706,,,570-278-3182,16888 STATE ROUTE 706,,SYNOVOS,18801,,einvoicing@synovos.com,,298132-60-001,,
Airetech,Y,71613,PINE BLUFF,,AR,1208,2216,US,,,NaT,AR,+18705341988,,READY,,,PINE BLUFF,NET 30,T & N ELECTRIC COMPANY INC,+18705348161,,MEDIUM,70,,,00019444-SLS,PO BOX 2438,,Karen Ford,,870-534-1988,PO BOX 2438,,T AND N ELECTRIC COMPANY INC,71613,,,,00019444-SLS,KAREN FORD,
Airetech,Y,74361,PRYOR,,OK,1209,2217,US,,,2026-01-09 04:55:17,OK,,,READY,,,PRYOR,NET 30,TACK DESIGNS,,,HIGH,80,,,,381 SYCAMORE LANE,,Todd Fannin,,,381 SYCAMORE LN,,TACK DESIGNS,74361,,,,,TODD FANNIN,
Airetech,Y,74465,TAHLEQUAH,,OK,1210,2218,US,,,NaT,OK,,,READY,,,TAHLEQUAH,NET 30,TAHLEQUAH CITY HOSPITAL,+19184532122,,MEDIUM,70,,,73-6045246,1400 E DOWNING,PO BOX 1008,Kimi Teehee,,,PO BOX 1008,1400 E DOWNING,TAHLEQUAH CITY HOSPITAL,74465,,,,73-6045246,KIMI TEEHEE,
Airetech,Y,72703,FAYETTEVILLE,,AR,1211,2219,US,,,NaT,AR,,,READY,,,FAYETTEVILLE,NET 30,TANGO PRESS,+14794386900,,MEDIUM,70,,,,PO BOX 9895,,Steve Toth,,,PO BOX 9895,,TANGO PRESS,72703,,,,,STEVE TOTH,
Airetech,Y,71836,FOREMAN,,AR,1212,2220,US,,,NaT,AR,+18705427900,,READY,,,FOREMAN,NET 30,TANNER SHEET METAL,+18705427901,,MEDIUM,70,,,006831-41-001,PO BOX 532,,Melinda Tanner,,870-542-7900,PO BOX 532,,TANNER SHEET METAL,71836,,,,006831-41-001,MELINDA TANNER,
Airetech,Y,64843,GOODMAN,N,MO,1213,2221,US,,,NaT,MO,+14178455592,,READY,,,GOODMAN,NET 30,TARSCO BOLTED TANK INC,+14178455588,,HIGH,100,tarscoboltedap@tfwarren.com,,,TARSCOBOLTEDAP@TFWARREN.COM,5897 STATE HWY 59,Accounts Payable,,417-845-5592,5897 STATE HWY 59,,TARSCO BOLTED TANK INC,64843,,tarscoboltedap@tfwarren.com,,,ACCOUNTS PAYABLE,
Airetech,Y,72002,ALEXANDER,,AR,1214,2222,US,,,NaT,AR,+15018470192,,READY,,,ALEXANDER,NET 30,TAYLOR HEAT & AIR,+15018475035,,HIGH,100,,,173090-62-001,15318 WHIPPLE DRIVE,,Accounts Payable,,501-847-0192,15318 WHIPPLE DR,,TAYLOR HEAT AND AIR,72002,,,,173090-62-001,ACCOUNTS PAYABLE,
Airetech,Y,75644,GILMER,N,TX,1215,2223,US,,,NaT,TX,,,READY,,,GILMER,NET 30,TDR CONTRACTING,+19038435543,,MEDIUM,70,,,,PO BOX 1003,,Gina,,,PO BOX 1003,,TDR CONTRACTING,75644,,,,,GINA,
Airetech,Y,74146,TULSA,,OK,1216,2224,US,STE 100,,2026-01-09 04:55:23,OK,,,READY,,,TULSA,NET 30,TEMPERATURE CONTROL SYSTEM,+19184599839,,HIGH,80,,,920657920,11363 E 60TH PLACE,SUITE 100,Stafford Thomas,,,11363 E 60TH PL,,TEMPERATURE CONTROL SYSTEM,74146,,,,920657920,STAFFORD THOMAS,
Airetech,Y,71854,TEXARKANA,,AR,1217,2225,US,,,2026-01-09 04:55:25,AR,+18707722047,,READY,,,TEXARKANA,NET 30,TEXARKANA ARKANSAS SCHOOL DISTRICT,+18707723371,,HIGH,80,,,,3512 GRAND AVENUE,,Javis Teer,,870-772-2047,3512 GRAND AVE,,TEXARKANA ARKANSAS SCHOOL DISTRICT,71854,,,,,JAVIS TEER,
Airetech,Y,74701,DURANT,,OK,1218,2226,US,,,2026-01-09 04:55:26,OK,,,READY,,,DURANT,NET 30,TEXOMA MAINTENANCE & REFRIG,+15809206029,,HIGH,80,,,,367 SILO ROAD,,Teddy Clements,,,367 SILO RD,,TEXOMA MAINTENANCE AND REFRIG,74701,,,,,TEDDY CLEMENTS,
Airetech,Y,74730,CALERA,N,OK,1219,2227,US,,,NaT,OK,+15809319386,,READY,,,"CALERA,",NET 30,TEXOMA MILLWRIGHT & WELDING,+15809319368,,MEDIUM,70,tmwarap@yahoo.com,,877961216,TMWARAP@YAHOO.COM,PO BOX 216,Relita Cayta,,580-931-9386,PO BOX 216,,TEXOMA MILLWRIGHT AND WELDING,74730,,tmwarap@yahoo.com,,877961216,RELITA CAYTA,
Airetech,Y,74037,JENKS,,OK,1220,2228,US,,,NaT,OK,+19182981461,,READY,,,JENKS,NET 30,THE CIGAR BOX LLC,+19186719058,,MEDIUM,70,,,,PO BOX 1425,,Kim Hurt,,918-298-1461,PO BOX 1425,,THE CIGAR BOX LLC,74037,,,,,KIM HURT,
Airetech,Y,72765,SPRINGDALE,,AR,1221,2229,US,,,2026-01-09 04:55:28,AR,,,READY,,,SPRINGDALE,NET 30,THE JONES TRUST,+14793721080,,HIGH,80,,,,922 EAST EMMA,,Randy Southwood,,no -fax- #,922 E EMMA,,THE JONES TRUST,72765,,,,,RANDY SOUTHWOOD,
Airetech,Y,74133,TULSA,,OK,1222,2230,US,,,2026-01-09 04:55:30,OK,,,READY,,,TULSA,NET 30,THE PARKE ASSISTED LIVING,+19182491262,,HIGH,80,,,,7821 E 76TH STREET,,Scott,,,7821 E 76TH ST,,THE PARKE ASSISTED LIVING,74133,,,,,SCOTT,
Airetech,Y,72203,LITTLE ROCK,,AR,1223,2231,US,,,NaT,AR,+15013773464,,READY,,,LITTLE ROCK,NET 30,THE STEPHENS GROUP LLC,+15013200555,,MEDIUM,70,,,,PO BOX 3407,,Janet Hubbard,,501-377-3464,PO BOX 3407,,THE STEPHENS GROUP LLC,72203,,,,,JANET HUBBARD,
Airetech,Y,72032,CONWAY,,AR,1224,2232,US,,,2026-01-09 04:55:31,AR,+15013273972,,READY,,,CONWAY,NET 30,THE TYLER GROUP,+15013291400,,HIGH,80,mesha@tylergroup.net,,,MESHA@TYLERGROUP.NET,240 SKYLINE DRIVE STE 3000,Mesha Duncan,,501-327-3972,240 SKYLINE DR STE 3000,,THE TYLER GROUP,72032,,mesha@tylergroup.net,,,MESHA DUNCAN,
Airetech,Y,66502,MANHATTAN,,KS,1225,2233,US,,,2026-01-09 04:55:33,KS,,,READY,,,MANHATTAN,NET 30,THERMAL COMFORT AIR INC,+17855372436,,HIGH,80,,,,705-A PECAN CIRCLE,,Shane Good,,,705-A PECAN CIR,,THERMAL COMFORT AIR INC,66502,,,,,SHANE GOOD,
Airetech,Y,64086,LEE'S SUMMIT,,MO,1226,2234,US,,,2026-01-09 04:55:35,MO,+18166076236,,READY,,,LEE'S SUMMIT,NET 30,THERMAL COMPONENTS COMPANY,+18166076200,,HIGH,80,,,,1260 NW MAIN STREET,,Jon Wylde,,816-607-6236,1260 NW MAIN ST,,THERMAL COMPONENTS COMPANY,64086,,,,,JON WYLDE,
Airetech,Y,63005,CHESTERFIELD,,MO,1227,2235,US,,,2026-01-09 04:55:36,MO,+16365327318,,READY,,,CHESTERFIELD,NET 30,THERMAL MECHANICALS INC,+16365321110,,HIGH,80,,,,715 GODDARD AVENUE,,,,636-532-7318,715 GODDARD AVE,,THERMAL MECHANICALS INC,63005,,,,,,
Airetech,Y,74354,MIAMI,,OK,1228,2236,US,,,2026-01-09 04:55:39,OK,,,READY,,,MIAMI,NET 30,THERMOFISHER,+19183371600,,HIGH,80,,,,520 N MAIN STREET,,Troy Thorpe,,,520 N MAIN ST,,THERMOFISHER,74354,,,,,TROY THORPE,
Airetech,Y,74132,TULSA,,OK,1229,2237,US,,,NaT,OK,,,READY,,,TULSA,NET 30,THIRD GENERATION ELECTRIC,,,HIGH,100,,,,8620 S 33 W AVENUE,,Sean,,,8620 S 33 W AVE,,THIRD GENERATION ELECTRIC,74132,,,,,SEAN,
Airetech,Y,72204,LITTLE ROCK,,AR,1230,2238,US,,,2026-01-09 04:55:43,AR,,,READY,,,LITTLE ROCK,NET 30,THOMPSON AIR INC,+15019020856,,HIGH,80,,,,7824 STANDISH ROAD,,Lee Thompson,,,7824 STANDISH RD,,THOMPSON AIR INC,72204,,,,,LEE THOMPSON,
Airetech,Y,72103,MABELVALE,,AR,1231,2239,US,,,2026-01-09 04:55:45,AR,,,READY,,,MABELVALE,NET 30,THOMPSON ELECTRIC,,,HIGH,80,,,,10715 TRAIN STATION DRIVE,,,,,10715 TRAIN STATION DR,,THOMPSON ELECTRIC,72103,,,,,,
Airetech,Y,72070,HOUSTON,Y,AR,1232,2240,US,C/O LANCE THOMPSON,,NaT,AR,,,READY,,,"HOUSTON,",NET 30,THOMPSON HVAC,+15019026862,,HIGH,100,,,,1094 HWY 300,C/O LANCE THOMPSON,Lance Thompson,,,1094 HWY 300,,THOMPSON HVAC,72070,,,,,LANCE THOMPSON,
Airetech,Y,72129,PRATTSVILLE,N,AR,1233,2241,US,,,2026-01-09 04:55:48,AR,,,READY,,,PRATTSVILLE,NET 30,THREE D SERVICE,+15016906650,,HIGH,80,,,271756-27-001,412 N 4TH STREET,,Dub Henderson,,,412 N 4TH ST,,THREE D SERVICE,72129,,,,271756-27-001,DUB HENDERSON,
Airetech,Y,72802,RUSSELLVILLE,N,AR,1234,2242,US,(FORMERLY TIM HOTTINGER CONST),,NaT,AR,+14798909551,,READY,,,RUSSELLVILLE,NET 30,T & E CONSTRUCTION CO INC,+14799707152,,HIGH,100,,,,(FORMERLY TIM HOTTINGER CONST),3530 CROW MOUNTAIN ROAD,Tim Hottinger,,479-890-9551,3530 CROW MOUNTAIN RD,,T AND E CONSTRUCTION CO INC,72802,,,,,TIM HOTTINGER,
Airetech,Y,72543,HEBER SPRINGS,,AR,1235,2243,US,,,NaT,AR,,,READY,,,HEBER SPRINGS,NET 30,TIMELESS TREASURES FLEA MARKET,+15014254330,,HIGH,100,,,,1284 HEBER SPRINGS ROAD SOUTH,,Mark Young,,,1284 HEBER SPRINGS RD S,,TIMELESS TREASURES FLEA MARKET,72543,,,,,MARK YOUNG,
Airetech,Y,74055,BARTLESVILLE,Y,OK,1236,2244,US,,,2026-01-09 04:55:53,OK,,,READY,,,BARTLESVILLE,NET 30,TIMMONS SHEET METAL,+19184404563,,HIGH,80,,,361926,406 W HENSLEY BLVD,PO BOX DRAWER T,Dave Hazelwood,,,406 W HENSLEY BLVD,,TIMMONS SHEET METAL,74055,,,,361926,DAVE HAZELWOOD,
Airetech,Y,72957,VAN BUREN,N,AR,1237,2245,US,,,NaT,AR,,,READY,,,VAN BUREN,NET 30,TL SERVICES,+14794747222,,MEDIUM,70,tls.invoices@tlservices.com,,00135377-SLS,TLS.INVOICES@TLSERVICES.COM,PO BOX 1696,Terry Looper,,,PO BOX 1696,,TL SERVICES,72957,,tls.invoices@tlservices.com,,00135377-SLS,TERRY LOOPER,
Airetech,Y,72225-1758,LITTLE ROCK,,AR,1238,2246,US,,,NaT,AR,+15016638888,,READY,,,LITTLE ROCK,NET 30,TME,+15016666776,,MEDIUM,70,,,,PO BOX 251758,,Usa,,501-663-8888,PO BOX 251758,,TME,72225-1758,,,,,USA,
Airetech,Y,,,,,1239,2247,US,,,NaT,,,,REVIEW,,,,,TMI CLIMATE SOLUTIONS COMMISSION,,,LOW,20,,,EXEMPT COMM,,,,,,,,TMI CLIMATE SOLUTIONS COMMISSION,,,,,EXEMPT COMM,,
Airetech,Y,72703,FAYETTEVILLE,,AR,1240,2248,US,,,2026-01-09 04:55:56,AR,+14792519402,,READY,,,FAYETTEVILLE,NET 30,TMM SERVICES LLC,+14794227274,,HIGH,80,,,,125 W SUNBRIDGE DRIVE,,Rob Crisp,,479-251-9402,125 W SUNBRIDGE DR,,TMM SERVICES LLC,72703,,,,,ROB CRISP,
Airetech,Y,75504,TEXARKANA,N,AR,1241,2249,US,,,NaT,AR,+18702161081,,READY,,,TEXARKANA,NET 30,TMSI,+18702161100,,MEDIUM,70,officetmsi@aol.com,,171295-46-001,OFFICETMSI@AOL.COM,PO BOX 90,,,870-216-1081,PO BOX 90,,TMSI,75504,,officetmsi@aol.com,,171295-46-001,,
Airetech,Y,74107,TULSA,,OK,1242,2250,US,C/O H AND E MECHANICAL,,2026-01-09 04:55:58,OK,+13372504576,,READY,,,TULSA,NET 30,TMUA,+19186363096,,HIGH,80,,,,2317 S JACKSON AVENUE,C/O H AND E MECHANICAL,H&E Mechanical,,337-250-4576,2317 S JACKSON AVE,,TMUA,74107,,,,,H&E MECHANICAL,
Airetech,Y,74145,TULSA,,OK,1243,2251,US,C/O PLATINUM MECHANICAL,,2026-01-09 04:55:59,OK,,,READY,,,TULSA,NET 30,TMUA,+19189353424,,HIGH,80,,,,7457 EAST 46TH PLACE,C/O PLATINUM MECHANICAL,,,,7457 E 46TH PL,,TMUA,74145,,,,,,
Airetech,Y,72949,OZARK,Y,AR,1244,2252,US,,,NaT,AR,,,READY,,,OZARK,NET 30,TOKAI CARBON GE LLC,+14794684401,,HIGH,100,,,62317105-SLS,3931 CARBON PLANT ROAD,,Debbie Stephenson,,,3931 CARBON PLANT RD,,TOKAI CARBON GE LLC,72949,,,,62317105-SLS,DEBBIE STEPHENSON,
Airetech,Y,38133,MEMPHIS,,TN,1245,2253,US,STE 102,,2026-01-09 04:56:02,TN,,,READY,,,MEMPHIS,NET 30,TOM BARROW COMPANY,+19013671606,,HIGH,80,,,,3837 APPLING WAY,SUITE 102,,,,3837 APPLING WAY,,TOM BARROW COMPANY,38133,,,,,,
Airetech,Y,74012,BROKEN ARROW,N,OK,1246,2254,US,,,NaT,OK,,,READY,,,BROKEN ARROW,NET 30,TOM HUNDLEY HEATING & COOLING,+19189514754,,HIGH,100,info@tomhundleyhvac.com,,,INFO@TOMHUNDLEYHVAC.COM,2132 W ALBANDY ST,,,,2132 W ALBANDY ST,,TOM HUNDLEY HEATING AND COOLING,74012,,info@tomhundleyhvac.com,,,,
Airetech,Y,74653,TONKAWA,,OK,1247,2255,US,,,NaT,OK,,,READY,,,TONKAWA,NET 30,TONKWA TRIBE OF OKLAHOMA,+15806287030,,HIGH,100,,,,1 RUSH BUFFALO,,Theresa Mills,,,1 RUSH BUFFALO,,TONKWA TRIBE OF OKLAHOMA,74653,,,,,THERESA MILLS,
Airetech,Y,75569,NASH,,AR,1248,2256,US,,,NaT,AR,+19038314378,,READY,,,NASH,NET 30,TOTAL GENERAL CONTRACTING LLC,+19033348747,,MEDIUM,70,,,,PO BOX 129,,Traci Hackleman,,903-831-4378,PO BOX 129,,TOTAL GENERAL CONTRACTING LLC,75569,,,,,TRACI HACKLEMAN,
Airetech,Y,72018-2468,BENTON,Y,AR,1249,2257,US,,,NaT,AR,+15017941052,,READY,,,BENTON,NET 30,TOTAL REFRIGERATION SERVICE INC,+15017941052,,MEDIUM,70,,,00262258-62-0,PO BOX 2468,3524 ALCOA ROAD,Jor Or Tonya Seljan,,501-794-1052,PO BOX 2468,3524 ALCOA RD,TOTAL REFRIGERATION SERVICE INC,72018-2468,,,,00262258-62-0,JOR OR TONYA SELJAN,
Airetech,Y,74014,BROKEN ARROW,,OK,1250,2258,US,,,NaT,OK,,,READY,,,BROKEN ARROW,NET 30,TRA MECH,+19182546575,,HIGH,100,,,,21194 E 112 PLACE SOUTH,,,,,21194 E 112 PL S,,TRA MECH,74014,,,,,,
Airetech,Y,72204,LITTLE ROCK,N,AR,1251,2259,US,,,2026-01-09 04:56:09,AR,,,READY,,,LITTLE ROCK,NET 30,TRANE AR,+15016610621,,HIGH,80,,,00562138-SLS,EMAIL @,1501 WESTPARK DRIVE STE 9,Attn: Tracy Fort,,,1501 WPARK DR STE 9,,TRANE AR,72204,,,,00562138-SLS,ATTN: TRACY FORT,
Airetech,Y,20878,GAITHERSBURG,N,MD,1252,2260,US,,,2026-01-09 04:56:11,MD,,,READY,,,GAITHERSBURG,NET 30,TRANE BOLAND MD,,,HIGH,80,boland-invoices@boland.com,,,BOLAND-INVOICES@BOLAND.COM,30 WEST WATKINS MILL RD,Diane Speakes,,,30 W WATKINS MILL RD,,TRANE BOLAND MD,20878,,boland-invoices@boland.com,,,DIANE SPEAKES,
Airetech,Y,48641-1849,MIDLAND,N,MI,1253,2261,US,,,NaT,MI,,,READY,,,MIDLAND,NET 60,TRANE BUSINESS SERVICES,,,MEDIUM,70,ttap.invoice@tranetechnologies,,,ttap.invoice@tranetechnologies,PO BOX 1849,Ingersoll Rand,,,PO BOX 1849,,TRANE BUSINESS SERVICES,48641-1849,,ttap.invoice@tranetechnologies,,,INGERSOLL RAND,
Airetech,Y,28036-9721,DAVIDSON,Y,NC,1254,2262,US,,,NaT,NC,+14796487499,,READY,,,DAVIDSON,Net 75,TRANE CUSTOM INGERSOLL RAND,+14796482104,,MEDIUM,70,,,062138-80-001,PO BOX 2380,,,,479-648-7499,PO BOX 2380,,TRANE CUSTOM INGERSOLL RAND,28036-9721,,,,062138-80-001,,
Airetech,Y,72221,TEXARKANA,,TX,1255,2263,US,,,2026-01-09 04:56:12,TX,+19038280523,,READY,,,TEXARKANA,NET 30,TRANE HVAC PARTS & SUPPLIES,+19038380521,,HIGH,80,,,5335-60-001,3101 WEST 7TH ST,,,,903-828-0523,3101 W 7TH ST,,TRANE HVAC PARTS AND SUPPLIES TX,72221,,,,5335-60-001,,
Airetech,Y,74012,BROKEN ARROW,,OK,1256,2264,US,,,2026-01-09 04:56:14,OK,,,READY,,,BROKEN ARROW,NET 30,TRANE OK,+19182505522,,HIGH,80,,,7868,2201 N WILLOW,,,,,2201 N WILLOW,,TRANE OK,74012,,,,7868,,
Airetech,Y,72204,LITTLE ROCK,Y,AR,1257,2265,US,UNIT 1-0,,2026-01-09 04:56:15,AR,,,READY,,,LITTLE ROCK,NET 30,TRANE US INC LR,+15018176994,,HIGH,80,,,00562138-SLS,10303 COLONEL GLENN ROAD,UNIT 1-0,Jackie Welch,,,10303 COLONEL GLENN RD,,TRANE US INC LR,72204,,,,00562138-SLS,JACKIE WELCH,
Airetech,Y,74120,TULSA,,OK,1258,2266,US,,,2026-01-09 04:56:18,OK,+19187432725,,READY,,,TULSA,NET 30,TRI ARCH,+19187432724,,HIGH,80,,,,618 E 3RD,,,,918-743-2725,618 E 3RD,,TRI ARCH,74120,,,,,,
Airetech,Y,71953,MENA,,AR,1259,2267,US,,,NaT,AR,,,READY,,,MENA,NET 30,TRI COUNTY SERVICES,+18705821841,,HIGH,100,,,,198 POLK 625,,Steve Ritchie,,,198 POLK 625,,TRI COUNTY SERVICES,71953,,,,,STEVE RITCHIE,
Airetech,Y,72830,CLARKSVILLE,,AR,1260,2268,US,,,NaT,AR,,,READY,,,CLARKSVILLE,NET 30,TRI SYSTEMS INC,+14797543010,,MEDIUM,70,,,,PO BOX 1053,,,,,PO BOX 1053,,TRI SYSTEMS INC,72830,,,,,,
Airetech,Y,77020,HOUSTON,,TX,1261,2269,US,,,2026-01-09 04:56:21,TX,+17136726975,,READY,,,HOUSTON,NET 30,TRIPLEX INC,+17136729911,,HIGH,80,,,019249-78-002,1122 KRESS ST,,,,713-672-6975,1122 KRESS ST,,TRIPLEX INC,77020,,,,019249-78-002,,
Airetech,Y,71854,TEXARKANA,,AR,1262,2270,US,,,NaT,AR,+18707732199,,READY,,,TEXARKANA,NET 30,TRISTATE INDUSTRIAL CONTRACTORS INC,+18707725705,,HIGH,100,,,194124-46-001,1301 L E GILLILAND ROAD,,Ted Landrum,,870-773-2199,1301 L E GILLILAND RD,,TRISTATE INDUSTRIAL CONTRACTORS INC,71854,,,,194124-46-001,TED LANDRUM,
Airetech,Y,71913,HOT SPRINGS,,AR,1263,2271,US,,,NaT,AR,,,READY,,,HOT SPRINGS,NET 30,TRIUMPH AIRBORNE STRUCTURES,+15015209713,,HIGH,100,tashs-apdesk@triumphgroup.com,,,TASHS-APDESK@TRIUMPHGROUP.COM,115 CENTENNIAL DRIVE,,,,115 CENTENNIAL DR,,TRIUMPH AIRBORNE STRUCTURES,71913,,tashs-apdesk@triumphgroup.com,,,,
Airetech,Y,71901,HOT SPRINGS,,AR,1264,2272,US,,,2026-01-09 04:56:28,AR,+15013180594,,READY,,,HOT SPRINGS,NET 30,TRIUMPH FABRICATIONS,+15016224379,,HIGH,80,,,,1923 CENTRAL AVE,,Betty Ham,,501-318-0594,1923 CENTRAL AVE,,TRIUMPH FABRICATIONS,71901,,,,,BETTY HAM,
Airetech,Y,74106,TULSA,,OK,1265,2273,US,,,2026-01-09 04:56:29,OK,+19187709349,,READY,,,TULSA,NET 30,TRUE BLUE HEATING & COOLING LLC,+19183414240,,HIGH,80,accounting@trueblueac.com,,,ACCOUNTING@TRUEBLUEAC.COM,1039 N OWASSO AVENUE,Samantha Sharp,,918-770-9349,1039 N OWASSO AVE,,TRUE BLUE HEATING AND COOLING LLC,74106,,accounting@trueblueac.com,,,SAMANTHA SHARP,
Airetech,Y,72018-1560,BENTON,N,AR,1266,2274,US,,,NaT,AR,+15017788877,,READY,,,BENTON,NET 30,TSI TECHNICAL SERVICES & INST,+15017786220,,MEDIUM,70,,,27783062001,PO BOX 1560,,Jimmy Hogue,,501-778-8877,PO BOX 1560,,TSI     TECHNICAL SERVICES AND INST,72018-1560,,,,27783062001,JIMMY HOGUE,
Airetech,Y,55164,ST PAUL,,MN,1267,2275,US,,,NaT,MN,,,READY,,,ST PAUL,NET 30,TSI COMMISSION,,,MEDIUM,70,,,EXEMPT COMM,PO BOX 64394,,,,,PO BOX 64394,,TSI COMMISSION,55164,,,,EXEMPT COMM,,
Airetech,Y,74104,TULSA,Y,OK,1268,2276,US,,,2026-01-09 04:56:31,OK,,,READY,,,TULSA,NET 30,TULSA AIR SPECIALISTS INC,+19185923409,,HIGH,80,,,,703 S WHEELING AVE,,Accounts Payable,,,703 S WHEELING AVE,,TULSA AIR SPECIALISTS INC,74104,,,,,ACCOUNTS PAYABLE,
Airetech,Y,74146,TULSA,Y,OK,1269,2277,US,,,2026-01-09 04:56:32,OK,,,READY,,,TULSA,NET 30,TULSA CANCER INSTITUTE,+19182693842,,HIGH,80,,,,12697 EAST 51ST STREET SOUTH,,John Hancock,,,12697 E 51ST ST S,,TULSA CANCER INSTITUTE,74146,,,,,JOHN HANCOCK,
Airetech,Y,72913-3649,FORT SMITH,Y,AR,1291,2300,US,,,NaT,AR,,,READY,,,FORT SMITH,NET 30,UNIVERSITY OF ARKANSAS,+14792060972,,MEDIUM,70,,,,PO BOX 3649,,Accounts Payable,,,PO BOX 3649,,UNIVERSITY OF ARKANSAS FT SMITH,72913-3649,,,,,ACCOUNTS PAYABLE,
Airetech,Y,74134,TULSA,,OK,1270,2278,US,,,2026-01-09 04:56:34,OK,+19185954121,,READY,,,TULSA,NET 30,TULSA CITY COUNTY HEALTH DEPT,+19185954426,,HIGH,80,,,857561,5051 S 129TH EAST AVENUE,,Vincent Butler,,918-595-4121,5051 S 129TH E AVE,,TULSA CITY COUNTY HEALTH DEPT,74134,,,,857561,VINCENT BUTLER,
Airetech,Y,74119-2011,TULSA,Y,OK,1271,2279,US,,,2026-01-09 04:56:36,OK,+19185957921,,READY,,,TULSA,NET 30,TULSA COMMUNITY COLLEGE,+19185957888,,HIGH,80,,,594047,909 S BOSTON AVE,,,,918-595-7921,909 S BOSTON AVE,,TULSA COMMUNITY COLLEGE,74119-2011,,,,594047,,
Airetech,Y,74159,TULSA,,OK,1272,2281,US,,,NaT,OK,+19187448725,,READY,,,TULSA,NET 30,TULSA COUNTY PUBLIC FACILITIES AUTH,+19187441113,,HIGH,70,,,,P O BOX 4735,,Suzie Coats,,918-744-8725,P O BOX 4735,,TULSA COUNTY PUBLIC FACILITIES AUTH,74159,,,,,SUZIE COATS,
Airetech,Y,74103,TULSA,N,OK,1273,2282,US,,,2026-01-09 04:56:39,OK,+19185965615,,READY,,,"TULSA,",NET 30,TULSA COUNTY SHERIFFS OFFICE,+19185965644,,HIGH,80,,,LETTERONFILE,500 S DENVER,,Dennis Semler,,918-596-5615,500 S DENVER,,TULSA COUNTY SHERIFFS OFFICE,74103,,,,LETTERONFILE,DENNIS SEMLER,
Airetech,Y,74132,TULSA,Y,OK,1274,2283,US,,,2026-01-09 04:56:40,OK,,,READY,,,TULSA,NET 30,TULSA HILLS CHURCH OF THE NAZARENE,+19184451793,,HIGH,80,,,,840 W 81ST STREET,,Jim Thornton,,,840 W 81ST ST,,TULSA HILLS CHURCH OF THE NAZARENE,74132,,,,,JIM THORNTON,
Airetech,Y,71655,MONTICELLO,,AR,1292,2301,US,,,NaT,AR,,,READY,,,MONTICELLO,NET 30,UNIVERSITY OF ARKANSAS,+18704601018,,HIGH,100,,,,135 FOREST PARK DRIVE,,Kenny H/Tracy M,,,135 FOREST PARK DR,,UNIVERSITY OF ARKANSAS MONTICELLO,71655,,,,,KENNY H/TRACY M,
Airetech,Y,72762,SPRINGDALE,Y,AR,1275,2284,US,AR07693,,NaT,AR,+14792907956,,READY,,,SPRINGDALE,NET 30,TYSON FOODS,+18006433410,,MEDIUM,70,,,000047-80-001,PO BOX 2020,AR07693,Fran 4792906160,,479-290-7956,PO BOX 2020,,TYSON FOODS SPRINGDALE,72762,,,,000047-80-001,FRAN  4792906160,
Airetech,Y,72204,LITTLE ROCK,,AR,1276,2285,US,,,2026-01-09 04:56:42,AR,+15015698425,,READY,,,LITTLE ROCK,NET 30,U OF A COOPERATIVE,+15015693144,,HIGH,80,facilities-invoices@ualr.edu,,,FACILITIES-INVOICES@UALR.EDU,2801 SOUTH UNIVERSITY,,,501-569-8425,2801 S UNIVERSITY,,U OF A COOPERATIVE,72204,,facilities-invoices@ualr.edu,,,,
Airetech,Y,72745,FAYETTEVILLE,Y,AR,1277,2286,US,,,2026-01-09 04:56:44,AR,,,READY,,,FAYETTEVILLE,NET 30,U OF A TECHNOLOGY DEV FOUNDATION,+14795757298,,HIGH,80,,,,535 W RESEARCH CENTER BLVD,,Bruce Wooldridge,,,535 W RESEARCH CENTER BLVD,,U OF A TECHNOLOGY DEV FOUNDATION,72745,,,,,BRUCE WOOLDRIDGE,
Airetech,Y,72118,NORTH LITTLE ROCK,,AR,1278,2287,US,,,2026-01-09 04:56:45,AR,,,READY,,,NORTH LITTLE ROCK,NET 30,UA PULASKI TECHNICAL COLLEGE,+15018122366,,HIGH,80,,,,3000 W SCENIC DRIVE,ATTN: ACCOUNTS PAYABLE,,,,3000 W SCENIC DR,,UA PULASKI TECHNICAL COLLEGE,72118,,,,,,
Airetech,Y,72503,BATESVILLE,,AR,1279,2288,US,,,NaT,AR,+18706122075,,READY,,,BATESVILLE,NET 30,UACCB,+18706122007,,MEDIUM,70,,,,PO BOX 3350,,Kim Mclendon,,870-612-2075,PO BOX 3350,,UACCB,72503,,,,,KIM MCLENDON,
Airetech,Y,72110,MORRILTON,,AR,1280,2289,US,,,2026-01-09 04:56:47,AR,,,READY,,,MORRILTON,NET 30,UACCM,+15013542465,,HIGH,80,,,,1537 UNIVERSITY BLVD,,,,,1537 UNIVERSITY BLVD,,UACCM,72110,,,,,,
Airetech,Y,72204-1099,LITTLE ROCK,Y,AR,1281,2290,US,,,2026-01-09 04:56:48,AR,+15015698425,,READY,,,LITTLE ROCK,NET 30,UALR FINANCIAL SERVICES,+15015693144,,HIGH,80,facilities-invoices@ualr.edu,,,FACILITIES-INVOICES@UALR.EDU,2801 S. UNIVERSITY AVENUE,Ualr -Fac Mgmt,,501-569-8425,2801 S UNIVERSITY AVE,,UALR FINANCIAL SERVICES,72204-1099,,facilities-invoices@ualr.edu,,,UALR  -FAC MGMT,
Airetech,Y,28752,MARION,,NC,1282,2291,US,,,NaT,NC,+18287389636,,READY,,,MARION,NET 30,UNIMIN CORPORATION,+18287389636,,HIGH,100,,,,115 WILLOW CREEK DRIVE,,Donnie Boone,,828-738-9636,115 WILLOW CREEK DR,,UNIMIN CORPORATION,28752,,,,,DONNIE BOONE,
Airetech,Y,74133,TULSA,,OK,1283,2292,US,,,2026-01-09 04:56:54,OK,,,READY,,,TULSA,NET 30,UNION BASEBALL BOOSTER CLUB,+19188096641,,HIGH,80,,,,10026 A MINGO ROAD,,Brad Mueller,,,10026 A MINGO RD,,UNION BASEBALL BOOSTER CLUB,74133,,,,,BRAD MUELLER,
Airetech,Y,74146,TULSA,Y,OK,1284,2293,US,,,2026-01-09 04:56:55,OK,,,READY,,,TULSA,NET 30,UNION PINES SURGERY,+19187422502,,HIGH,80,,,,EMAIL,4808 S 109TH E AVENUE,Kim Lowery,,,4808 S 109TH E AVE,,UNION PINES SURGERY,74146,,,,,KIM LOWERY,
Airetech,Y,50317,DES MOINES,,IA,1285,2294,US,STE 3,,2026-01-09 04:56:57,IA,,,READY,,,DES MOINES,NET 30,UNITED HEATING & AC,+15159670518,,HIGH,80,,,,4905 HUBBELL AVENUE,SUITE 3,Stacy Stephens,,,4905 HUBBELL AVE,,UNITED HEATING AND AC,50317,,,,,STACY STEPHENS,
Airetech,Y,74955,SALLISAW,,OK,1299,2308,US,,,NaT,OK,,,READY,,,SALLISAW,NET 30,USACE,+19187754475,,HIGH,100,,,405/521-4316,114302 S 4629 ROAD,,Chris Anderson,,,114302 S 4629 RD,,USACE,74955,,,,405/521-4316,CHRIS ANDERSON,
Airetech,Y,19154-2197,PHILADELPHIA,,PA,1286,2295,US,,,2026-01-09 04:56:59,PA,,,READY,,,PHILADELPHIA,NET 30,UNITED REFRIGERATION INC,+12156989100,,HIGH,80,,,0219660-76-00,11401 ROOSEVELT BLVD,,Tina Binder,,,11401 ROOSEVELT BLVD,,UNITED REFRIGERATION INC,19154-2197,,,,0219660-76-00,TINA BINDER,
Airetech,Y,72143,SEARCY,,AR,1287,2296,US,,,2026-01-09 04:57:00,AR,+15013804649,,READY,,,SEARCY,NET 30,UNITY HEALTH HARRIS MEDICAL CENTER,+15012686121,,HIGH,80,,,070255-84-001,3214 EAST RACE AVENUE,,A/P,,501-380-4649,3214 E RACE AVE,,UNITY HEALTH HARRIS MEDICAL CENTER,72143,,,,070255-84-001,A/P,
Airetech,Y,72205,LITTLE ROCK,N,AR,1288,2297,US,SLOT 545,,2026-01-09 04:57:02,AR,,,READY,,,LITTLE ROCK,NET 30,UNIVERSITY OF ARK MED SCIENCE,+15016867000,,HIGH,80,,,070136-84-001,4301 WEST MARKHAM STREET,ACCOUNTS PAYABLE-SLOT 545,Sherry L/Anita R,,,4301 W MARKHAM ST,,UNIVERSITY OF ARK MED SCIENCE,72205,,,,070136-84-001,SHERRY L/ANITA R,
Airetech,Y,72160,STUTTGART,,AR,1289,2298,US,,,NaT,AR,,,READY,,,STUTTGART,NET 30,UNIVERSITY OF ARK RICE RESEARCH,+18706598022,,HIGH,100,,,,2900 HWY 130E,ATTN: SUZANNE PATTERSON,Suzanne Patterson,,,2900 HWY 130E,,UNIVERSITY OF ARK RICE RESEARCH,72160,,,,,SUZANNE PATTERSON,
Airetech,Y,72701,FAYETTEVILLE,N,AR,1290,2299,US,,,NaT,AR,,,READY,,,FAYETTEVILLE,NET 30,UNIVERSITY OF ARKANSAS,+14795752551,,HIGH,100,acctpay@uark.edu,,,ACCTPAY@UARK.EDU,321 ADMINISTRATION BLDG,Accounts Payable,,,321 ADMINISTRATION BLDG,,UNIVERSITY OF ARKANSAS,72701,,acctpay@uark.edu,,,ACCOUNTS PAYABLE,
Airetech,Y,72035,CONWAY,Y,AR,1293,2302,US,,,2026-01-09 04:57:09,AR,+15014505020,,READY,,,CONWAY,NET 30,UNIVERSITY OF CENTRAL ARK,+15014503173,,HIGH,80,kstowe@uca.edu,,,KSTOWE@UCA.EDU,201 DONAGHEY,A/P -Wingo Hall 113,,501-450-5020,201 DONAGHEY,,UNIVERSITY OF CENTRAL ARK,72035,,kstowe@uca.edu,,,A/P -WINGO HALL 113,
Airetech,Y,74104,TULSA,N,OK,1294,2303,US,,,NaT,OK,,,READY,,,TULSA,NET 30,UNIVERSITY OF TULSA,+19186312665,,HIGH,100,,,UNIV EXEMPT,800 SOUTH TUCKER DRIVE,,Michael Bolien,,,800 S TUCKER DR,,UNIVERSITY OF TULSA,74104,,,,UNIV EXEMPT,MICHAEL BOLIEN,
Airetech,Y,74104,TULSA,,OK,1295,2304,US,,,2026-01-09 04:57:13,OK,,,READY,,,TULSA,NET 30,UNIVERSITY OF TULSA,,,HIGH,80,,,,600 S COLLEGE,,,,,600 S COLLEGE,,UNIVERSITY OF TULSA,74104,,,,,,
Airetech,Y,72703,FAYETTEVILLE,N,AR,1296,2305,US,,,2026-01-09 04:57:15,AR,,,READY,,,FAYETTEVILLE,NET 30,UPCHURCH ELECTRICAL SUPPLY CO,+14795212823,,HIGH,80,,,015618-72-001,2355 N GREGG STREET,,Doug Caughman,,,2355 N GREGG ST,,UPCHURCH ELECTRICAL SUPPLY CO,72703,,,,015618-72-001,DOUG CAUGHMAN,
Airetech,Y,72703,FAYETTEVILLE,N,AR,1297,2306,US,,,2026-01-09 04:57:16,AR,,,READY,,,FAYETTEVILLE,NET 30,UPCHURCH ELECTRICAL SUPPLY CO,+147952128,,HIGH,80,,,00015618-SLS,2355 N GREGG STREET,,Jeff Doty,,,2355 N GREGG ST,,*USE 2305* UPCHURCH ELEC SUPPLY,72703,,,,00015618-SLS,JEFF DOTY,
Airetech,Y,72033,CONWAY,,AR,1298,2307,US,,,NaT,AR,,,READY,,,CONWAY,NET 30,US COMPOUNDING,+18007183588,,MEDIUM,70,,,,PO BOX 2709,,Sara Parsley,,,PO BOX 2709,,US COMPOUNDING,72033,,,,,SARA PARSLEY,
Airetech,Y,72703,FAYETTEVILLE,,AR,1300,2309,US,,,2026-01-09 04:57:20,AR,,,READY,,,FAYETTEVILLE,NET 30,VA HOSPITAL,,,HIGH,80,,,,1100 NORTH COLLEGE AVENUE,ATTN: ACCOUNTS PAYABLE,,,,1100 N COLLEGE AVE,,VA HOSPITAL,72703,,,,,,
Airetech,Y,74401,MUSKOGEE,,OK,1301,2310,US,,,2026-01-09 04:57:21,OK,+19185773852,,READY,,,MUSKOGEE,NET 30,VA MED CENTER MUSKOGEE,+19185773835,,HIGH,80,,,730766778,1011 HONOR HEIGHTS DRIVE,,Janice Lloyd,,918-577-3852,1011 HONOR HEIGHTS DR,,VA MED. CENTER MUSKOGEE,74401,,,,730766778,JANICE LLOYD,
Airetech,Y,72114,NORTH LITTLE ROCK,Y,AR,1302,2311,US,BUILDING 41,,2026-01-09 04:57:23,AR,,,READY,,,NORTH LITTLE ROCK,NET 30,VA NLR,+15013706672,,HIGH,80,,,71-0744870,2200 FORT ROOTS DRIVE,BUILDING 41,Accounts Payable,,,2200 FORT ROOTS DR,,VA NLR,72114,,,,71-0744870,ACCOUNTS PAYABLE,
Airetech,Y,71753,MAGNOLIA,,AR,1303,2312,US,,,NaT,AR,,,READY,,,MAGNOLIA,NET 30,VALLEN DISTRIBUTION,+18702356085,,HIGH,100,,,,2270 HWY 79 S,,Mark Crisp,,,2270 HWY 79 S,,VALLEN DISTRIBUTION,71753,,,,,MARK CRISP,
Airetech,Y,72811,RUSSELLVILLE,,AR,1304,2313,US,,,NaT,AR,+14792195225,,READY,,,RUSSELLVILLE,NET 30,VALLEY INDUSTRIAL SERVICES INC,+14798579099,,MEDIUM,70,,,,PO BOX 1398,,Melanie Butler,,479-219-5225,PO BOX 1398,,VALLEY INDUSTRIAL SERVICES INC,72811,,,,,MELANIE BUTLER,
Airetech,Y,72811,RUSSELLVILLE,,AR,1305,2314,US,,,NaT,AR,+14799684575,,READY,,,RUSSELLVILLE,NET 30,VEI GENERAL CONTRACTORS,+14799685060,,MEDIUM,70,,,,PO BOX 1032,,Teresa,,479-968-4575,PO BOX 1032,,VEI GENERAL CONTRACTORS,72811,,,,,TERESA,
Airetech,Y,74110,TULSA,Y,OK,1306,2315,US,,,2026-01-09 04:57:26,OK,,,READY,,,TULSA,NET 30,VENTAIRE LLC,+19186221191,,HIGH,80,,,10152042-06,909 N WHEELING AVENUE,,Suzanne Estep,,,909 N WHEELING AVE,,VENTAIRE LLC,74110,,,,10152042-06,SUZANNE ESTEP,
Airetech,Y,72701,FAYETTEVILLE,,AR,1307,2316,US,STE 201,,2026-01-09 04:57:28,AR,,,READY,,,FAYETTEVILLE,NET 30,VEP LLC,+15012405930,,HIGH,80,,,,15 SOUTH BLOCK,SUITE 201,Tim Spainhour,,,15 S BLOCK,,VEP LLC,72701,,,,,TIM SPAINHOUR,
Airetech,Y,74015,CATOOSA,,OK,1308,2317,US,,,NaT,OK,,,READY,,,CATOOSA,NET 30,VERSUM MATERIALS,+19183797146,,HIGH,100,,,,1115 W KEYSTONE AVENUE,,Jesse Berger,,,1115 W KEYSTONE AVE,,VERSUM MATERIALS,74015,,,,,JESSE BERGER,
Airetech,Y,74119,TULSA,,OK,1309,2318,US,STE 101,,2026-01-09 04:57:31,OK,,,READY,,,TULSA,NET 30,VETERAN PROPERTIES,+19187701045,,HIGH,80,,,,1717 S BOULDER,SUITE 101,,,,1717 S BOULDER,,VETERAN PROPERTIES,74119,,,,,,
Airetech,Y,72022,BRYANT,,AR,1310,2319,US,,,2026-01-09 04:57:33,AR,+15015516360,,READY,,,BRYANT,NET 30,VFD GROUP LLC,+15018473090,,HIGH,80,,,,212 MCCLANAHAN DRIVE,,Amanda Atchley,,501-551-6360,212 MCCLANAHAN DR,,VFD GROUP LLC,72022,,,,,AMANDA ATCHLEY,
Airetech,Y,71964,PEARCY,Y,AR,1311,2320,US,,,NaT,AR,,,READY,,,PEARCY,NET 30,VINING AIR,,,HIGH,100,,,,100 SUNDANCE TRAIL,,,,,100 SUNDANCE TRAIL,,VINING AIR,71964,,,,,,
Airetech,Y,72811,RUSSELLVILLE,,AR,1312,2321,US,,,NaT,AR,+14799681297,,READY,,,RUSSELLVILLE,NET 30,VINSON ELECTRIC SUPPLY INC,+14799681296,,MEDIUM,70,,,033739-58-001,PO BOX 1103,,Dana Tilley,,479-968-1297,PO BOX 1103,,VINSON ELECTRIC SUPPLY INC,72811,,,,033739-58-001,DANA TILLEY,
Airetech,Y,72118,NORTH LITTLE ROCK,,AR,1313,2322,US,,,2026-01-09 04:57:36,AR,,,READY,,,NORTH LITTLE ROCK,NET 30,VIRGIL IRVIN,,,HIGH,80,,,,7631 NORTHSHORE PLACE,,Accounts Payable,,,7631 NSHORE PL,,VIRGIL IRVIN,72118,,,,,ACCOUNTS PAYABLE,
Airetech,Y,74116,TULSA,Y,OK,1314,2323,US,,,2026-01-09 04:57:37,OK,,,READY,,,TULSA,NET 30,VISION AIR SERVICES,+19188620070,,HIGH,80,accounting@tulsa-hvac,,,ACCOUNTING@TULSA-HVAC,10755 EAST ADMIRAL PLACE,Adam Fitzgerald,,,10755 E ADMIRAL PL,,VISION AIR SERVICES,74116,,accounting@tulsa-hvac,,,ADAM FITZGERALD,
Airetech,Y,74331,AFTON,,OK,1315,2324,US,,,NaT,OK,,,READY,,,AFTON,NET 30,VISTA TOWERS,+19188480602,,HIGH,100,,,,57200 E HWY 125,,,,,57200 E HWY 125,,VISTA TOWERS,74331,,,,,,
Airetech,Y,72231,LITTLE ROCK,Y,AR,1316,2325,US,,,NaT,AR,+15019456828,,READY,,,LITTLE ROCK,NET 30,VOEGELE MECHANICAL,+15019456951,,MEDIUM,70,marge@voegelemci.com,,,MARGE@VOEGELEMCI.COM,PO BOX 15485,Jeff/Marge,,501-945-6828,PO BOX 15485,,VOEGELE MECHANICAL,72231,,marge@voegelemci.com,,,JEFF/MARGE,
Airetech,Y,74820,ADA,,OK,1317,2326,US,,,NaT,OK,,,READY,,,ADA,NET 30,VOGT SHEET METAL,+15803322454,,HIGH,100,,,,10140 STATE HWY 99N,,Sheldon,,,10140 STATE HWY 99N,,VOGT SHEET METAL,74820,,,,,SHELDON,
Airetech,Y,72703,FAYETTEVILLE,,AR,1318,2327,US,,,NaT,AR,,,READY,,,FAYETTEVILLE,NET 30,VOLD VISION,+14794428653,,MEDIUM,70,,,,PO BOX 9780,,Abra Pumphrey,,,PO BOX 9780,,VOLD VISION,72703,,,,,ABRA PUMPHREY,
Airetech,Y,,,,,1319,2328,US,,,NaT,,,,REVIEW,,,,NET 30,VYRON CORPORATION COMMISSION,,,LOW,20,,,EXEMPT COMM,,,,,,,,VYRON CORPORATION COMMISSION,,,,,EXEMPT COMM,,
Airetech,Y,72205,LITTLE ROCK,,AR,1320,2329,US,,,2026-01-09 04:57:45,AR,+15013728048,,READY,,,LITTLE ROCK,NET 30,W H GRANT & ASSOCIATES INC,+15013726927,,HIGH,80,,,,1922 WEST 2ND STREET,,,,501-372-8048,1922 W 2ND ST,,W H GRANT AND ASSOCIATES INC,72205,,,,,,
Airetech,Y,33909,CAPE CORAL,,FL,1321,2330,US,UNIT 10,,2026-01-09 04:57:47,FL,+12394582449,,READY,,,CAPE CORAL,NET 30,W J BACHMAN,+12392420584,,HIGH,80,,,,901 E INDUSTRIAL CIRCLE,UNIT 10,,,239-458-2449,901 E INDUSTRIAL CIR,,W J BACHMAN,33909,,,,,,
Airetech,Y,72201,LITTLE ROCK,N,AR,1322,2331,US,,,2026-01-09 04:57:48,AR,,,READY,,,LITTLE ROCK,NET 30,WADE COMPANY,+15013751181,,HIGH,80,,,020659-60-001,708 GARLAND STREET,,Steve Titus,,,708 GARLAND ST,,WADE COMPANY,72201,,,,020659-60-001,STEVE TITUS,
Airetech,Y,72120,SHERWOOD,,AR,1323,2332,US,,,2026-01-09 04:57:50,AR,,,READY,,,SHERWOOD,NET 30,WAGNER CONSTRUCTION SERVICES LLC,+15018331040,,HIGH,80,,,,930 E KIEHL AVENUE,,Rodney Wagner,,,930 E KIEHL AVE,,WAGNER CONSTRUCTION SERVICES LLC,72120,,,,,RODNEY WAGNER,
Airetech,Y,64116,N. KANSAS CITY,N,MO,1324,2333,US,,,2026-01-09 04:57:51,MO,,,READY,,,N. KANSAS CITY,NET 30,WALDINGER,+18164217699,,HIGH,80,,,,1800 LEVEE ROAD,,Nancee Jones,,,1800 LEVEE RD,,WALDINGER,64116,,,,,NANCEE JONES,
Airetech,Y,67005,ARKANSAS CITY,,KS,1325,2334,US,DBA MECHANICAL INNOVATIONS,,2026-01-09 04:57:53,KS,+16204425614,,READY,,,ARKANSAS CITY,NET 30,WALDORF RILEY HEATING & COOLING,+16204425610,,HIGH,80,,,,1705 N SUMMIT,DBA MECHANICAL INNOVATIONS,Christina Womack,,620-442-5614,1705 N SUMMIT,,WALDORF RILEY HEATING AND COOLING,67005,,,,,CHRISTINA WOMACK,
Airetech,Y,72716,BENTONVILLE,Y,AR,1326,2335,US,,,2026-01-09 04:57:55,AR,,,READY,,,BENTONVILLE,NET 30,WALMART STORES INC,,,HIGH,80,,,,805 MOBERLY,,,,,805 MOBERLY,,WALMART,72716,,,,,,
Airetech,Y,72716,BENTONVILLE,N,AR,1327,2336,US,,,2026-01-09 04:57:56,AR,,,READY,,,BENTONVILLE,NET 30,WALMART STORES INC,+14792738013,,HIGH,80,,,,301 SE J STREET,,,,,301 SE J ST,,WALMART,72716,,,,,,
Airetech,Y,25504,BARBOURSVILLE,N,WV,1328,2337,US,,,2026-01-09 04:57:58,WV,,,READY,,,BARBOURSVILLE,DUE ON RECEIPT,WALMART STORES INC,+13048944363,,HIGH,80,,,,25 NICHOLS DRIVE,ATTN: MICK WILLIAMSON,Mick Williamson,,,25 NICHOLS DR,,WALMART 5296,25504,,,,,MICK WILLIAMSON,
Airetech,Y,29728,PAGELAND,N,SC,1329,2338,US,,,NaT,SC,+18436729060,,READY,,,PAGELAND,NET 30,WALMART STORES INC,+18436723000,,HIGH,100,,,,160 DOVE SUTTON ROAD,,,,843-672-9060,160 DOVE SUTTON RD,,WALMART DC 6073,29728,,,,,,
Airetech,Y,04240,LEWISTON,N,ME,1330,2339,US,,,2026-01-09 04:58:01,ME,,,READY,,,LEWISTON,NET 30,WALMART STORES INC,,,HIGH,80,7014dcinv@wal-mart.com,,,7014DCINV@WAL-MART.COM,31 ALFRED PLOURDE PARKWAY,Vern-Skye Boulette,,,31 ALFRED PLOURDE PKWY,,WALMART DC 7014,4240,,7014DCINV@WAL-MART.COM,,,VERN-SKYE BOULETTE,
Airetech,Y,72143,SEARCY,Y,AR,1331,2340,US,,,2026-01-09 04:58:03,AR,,,READY,,,SEARCY,NET 30,WALMART STORES INC,+15012792024,,HIGH,80,,,,405 BOOTH ROAD,,,,,405 BOOTH RD,,WALMART DISTRIBUTION CENTER,72143,,,,,,
Airetech,Y,72712,BENTONVILLE,Y,AR,1332,2341,US,,,NaT,AR,,,READY,,,BENTONVILLE,NET 30,WALMART STORES INC,+14792738404,,MEDIUM,70,,,DIRECT PAY,PO BOX 8040,,,,,PO BOX 8040,,WALMART STORES INC,72712,,,,DIRECT PAY,,
Airetech,Y,72701,FAYETTEVILLE,,AR,1333,2342,US,,,2026-01-09 04:58:04,AR,+14794420426,,READY,,,FAYETTEVILLE,NET 30,WARDEN CONTRACTING INC,+14796841807,,HIGH,80,,,,3784 EAST SPYGLASS HILL DRIVE,,Steve Warden,,479-442-0426,3784 E SPYGLASS HILL DR,,WARDEN CONTRACTING INC,72701,,,,,STEVE WARDEN,
Airetech,Y,74170,TULSA,,OK,1334,2343,US,,,NaT,OK,+19186453741,,READY,,,TULSA,NET 30,WAREHOUSE MARKET,+19187496621,,MEDIUM,70,,,,PO BOX 702280,,Ben Mercer,,918-645-3741,PO BOX 702280,,WAREHOUSE MARKET,74170,,,,,BEN MERCER,
Airetech,Y,74429,COWETA,,OK,1335,2344,US,,,2026-01-09 04:58:06,OK,,,READY,,,COWETA,NET 30,WARFEATHER CONSTRUCTION LLC,+19187402087,,HIGH,80,,,,10250 S 287TH EAST AVENUE,,Adam Oglesbee,,,10250 S 287TH E AVE,,WARFEATHER CONSTRUCTION LLC,74429,,,,,ADAM OGLESBEE,
Airetech,Y,74147-0372,TULSA,Y,OK,1336,2345,US,,,NaT,OK,,,READY,,,TULSA,NET 30,WARREN PROFESSIONAL BLDG CORP,+19184928100,,MEDIUM,70,accounting@wpbctulsa.com,,,ACCOUNTING@WPBCTULSA.COM,PO BOX 470372,Josie Geus,,,PO BOX 470372,,WARREN PROFESSIONAL BLDG CORP,74147-0372,,accounting@wpbctulsa.com,,,JOSIE GEUS,
Airetech,Y,72701,FAYETTEVILLE,,AR,1337,2346,US,STE 530,,2026-01-09 04:58:09,AR,+14794441648,,READY,,,FAYETTEVILLE,NET 30,WASHINGTON COUNTY COURTHOUSE,+14794441707,,HIGH,80,,,,280 N COLLEGE,SUITE 530,,,479-444-1648,280 N COLLEGE,,WASHINGTON COUNTY COURTHOUSE,72701,,,,,,
Airetech,Y,74003,BARTLESVILLE,,OK,1338,2347,US,,,2026-01-09 04:58:10,OK,+19183363213,,READY,,,BARTLESVILLE,NET 30,WATTERS HEATING & AIR SERVICE,+19183370584,,HIGH,80,,,,711 SW FRANK PHILLIPS BLVD,,Amey Watters,,918-336-3213,711 SW FRANK PHILLIPS BLVD,,WATTERS HEATING AND AIR SERVICE,74003,,,,,AMEY WATTERS,
Airetech,Y,74033,GLENPOOL,,OK,1339,2348,US,,,NaT,OK,,,READY,,,GLENPOOL,NET 30,WATTS COMPANY,+19185144524,,MEDIUM,70,adamholley@thewattsco.com,,,adamholley@thewattsco.com,PO BOX 251,Cody Watts,,,PO BOX 251,,WATTS COMPANY,74033,,adamholley@thewattsco.com,,,CODY WATTS,
Airetech,Y,72076,JACKSONVILLE,,AR,1340,2349,US,,,2026-01-09 04:58:12,AR,,,READY,,,JACKSONVILLE,NET 30,WATTS HOME IMPROVEMENTS,+15014256471,,HIGH,80,,,,209 N SPRING,,Robert Watts,,,209 N SPRING,,WATTS HOME IMPROVEMENTS,72076,,,,,ROBERT WATTS,
Airetech,Y,72390,WEST HELENA,,AR,1363,2372,US,,,NaT,AR,,,READY,,,WEST HELENA,NET 30,WOOTENS HEATING & COOLING,,,MEDIUM,70,,,,PO BOX 2016,,,,,PO BOX 2016,,WOOTENS HEATING AND COOLING,72390,,,,,,
Airetech,Y,74063,SAND SPRINGS,,OK,1341,2350,US,,,2026-01-09 04:58:14,OK,,,READY,,,SAND SPRINGS,NET 30,WEBCO INDUSTRIES INC,+19182411000,,HIGH,80,webco_ap@webcotube.com,,,EMAIL: WEBCO_AP@WEBCOTUBE.COM,9101 WEST 21ST STREET,Andrew Knox,,,9101 W 21ST ST,,WEBCO INDUSTRIES INC,74063,,webco_ap@webcotube.com,,,ANDREW KNOX,
Airetech,Y,72076,JACKSONVILLE,,AR,1342,2351,US,,,2026-01-09 04:58:16,AR,,,READY,,,JACKSONVILLE,NET 30,WECO AUTOMOTIVE LIFTS & EQUIP,+15015544460,,HIGH,80,,,,1200 HICKMAN STREET,,Joseph Fritts,,,1200 HICKMAN ST,,WECO AUTOMOTIVE LIFTS AND EQUIP,72076,,,,,JOSEPH FRITTS,
Airetech,Y,74127,TULSA,N,OK,1343,2352,US,,,2026-01-09 04:58:17,OK,+19184281620,,READY,,,TULSA,NET 30,WEDLAKE FABRICATING INC,+19184281641,,HIGH,80,ap@wedlake.net,,65554,AP@WEDLAKE.NET,3989 N OSAGE DRIVE,,,918-428-1620,3989 N OSAGE DR,,WEDLAKE FABRICATING INC,74127,,ap@wedlake.net,,65554,,
Airetech,Y,72143,SEARCY,N,AR,1344,2353,US,,,NaT,AR,,,READY,,,"SEARCY,",NET 30,WEIR ELECTRIC INC,+15012781726,,HIGH,100,bbweir57@gmail.com,,,BBWEIR57@GMAIL.COM,245 RAYBURN ROAD,Billy Weir,,,245 RAYBURN RD,,WEIR ELECTRIC INC,72143,,bbweir57@gmail.com,,,BILLY WEIR,
Airetech,Y,74012,BROKEN ARROW,,OK,1345,2354,US,,,2026-01-09 04:58:20,OK,+19182515397,,READY,,,BROKEN ARROW,NET 30,WERCO MANUFACTURING,+19182516880,,HIGH,80,,,155372,415 E HOUSTON STREET,,Nicole Brockman,,918-251-5397,415 E HOUSTON ST,,WERCO MANUFACTURING,74012,,,,155372,NICOLE BROCKMAN,
Airetech,Y,72219-2320,LITTLE ROCK,,AR,1346,2355,US,,,NaT,AR,+15012355639,,READY,,,LITTLE ROCK,NET 30,WESCO DISTRIBUTION INC,+14797502188,,MEDIUM,70,,,,PO BOX 192320,,,,501-235-5639,PO BOX 192320,,WESCO DISTRIBUTION INC,72219-2320,,,,,,
Airetech,Y,72764,SPRINGDALE,,AR,1347,2356,US,,,2026-01-09 04:58:22,AR,,,READY,,,SPRINGDALE,NET 30,WEST ARK ELECTRIC INC,,,HIGH,80,,,039815-72-001,705 N OLD MISSOURI RD,,,,,705 N OLD MISSOURI RD,,WEST ARK ELECTRIC INC,72764,,,,039815-72-001,,
Airetech,Y,71913,HOT SPRINGS,Y,AR,1348,2357,US,,,2026-01-09 04:58:24,AR,+15017672083,,READY,,,HOT SPRINGS,NET 30,WEST SHORES RETIREMENT,+15017671200,,HIGH,80,,,,2607 ALBERT PIKE ROAD,,Joanna,,501-767-2083,2607 ALBERT PIKE RD,,WEST SHORES RETIREMENT,71913,,,,,JOANNA,
Airetech,Y,72802,RUSSELLVILLE,,AR,1349,2358,US,,,NaT,AR,+14799679226,,READY,,,RUSSELLVILLE,NET 30,WESTERN MILLWRIGHT SERVICES INC,+14799686852,,HIGH,100,,,,96 CHEROKEE LOOP LANE,,Carol Western,,479-967-9226,96 CHEROKEE LOOP LN,,WESTERN MILLWRIGHT SERVICES INC,72802,,,,,CAROL WESTERN,
Airetech,Y,72211,LITTLE ROCK,,AR,1350,2359,US,,,NaT,AR,,,READY,,,LITTLE ROCK,NET 30,WHISENVEST REALTY,+15016879400,,HIGH,100,,,,1701 CENTERVIEW DRIVE,,,,,1701 CENTERVIEW DR,,WHISENVEST REALTY,72211,,,,,,
Airetech,Y,72081,JUDSONIA,,AR,1351,2360,US,,,NaT,AR,,,READY,,,JUDSONIA,NET 30,WHITE COUNTY CENTRAL SCHOOL,+15017293992,,HIGH,100,,,,3259 HIGHWAY 157,,Sheila Whitlow,,,3259 HWY 157,,WHITE COUNTY CENTRAL SCHOOL,72081,,,,,SHEILA WHITLOW,
Airetech,Y,72501,BATESVILLE,,AR,1352,2361,US,,,2026-01-09 04:58:30,AR,,,READY,,,BATESVILLE,NET 30,WHITE RIVER MEDICAL CENTER,+18706138093,,HIGH,80,,,070028-84-001,1710 HARRISON,,Bobby Littleton,,,1710 HARRISON,,WHITE RIVER MEDICAL CENTER,72501,,,,070028-84-001,BOBBY LITTLETON,
Airetech,Y,71913,HOT SPRINGS,Y,AR,1353,2362,US,,,NaT,AR,+15017605566,,READY,,,HOT SPRINGS,NET 30,WHOLESALE ELEC SUPPLY CO,+15017605551,,HIGH,100,,,0024893-SLS,132 CRACKER BOX LANE,,,,501-760-5566,132 CRACKER BOX LN,,WHOLESALE ELEC SUPPLY CO,71913,,,,0024893-SLS,,
Airetech,Y,75504,TEXARKANA,Y,TX,1354,2363,US,,,NaT,TX,+14794195144,,READY,,,TEXARKANA,NET 30,WHOLESALE ELECTRIC SUPPLY LOWELL,+14794195434,,MEDIUM,70,,,00024893-SLS,PO BOX 1258,,,,479-419-5144,PO BOX 1258,,WHOLESALE ELECTRIC SUPPLY LOWELL,75504,,,,00024893-SLS,,
Airetech,Y,75501,TEXARKANA,N,TX,1355,2364,US,,,NaT,TX,+15013760311,,READY,,,"TEXARKANA,",NET 30,WHOLESALE ELECTRIC SUPPLY,+15013725154,,MEDIUM,70,ap@netwes.com,,0024893-SLS,EMAIL: AP@NETWES.COM,PO BOX 1258,Randy Tankersley,,501-376-0311,PO BOX 1258,,WHOLESALE ELECTRIC SUPPLY LR,75501,,ap@netwes.com,,0024893-SLS,RANDY TANKERSLEY,
Airetech,Y,75504,TEXARKANA,N,TX,1356,2365,US,,,NaT,TX,+19037922720,,READY,,,TEXARKANA,NET 30,WHOLESALE ELECTRIC SUPPLY,+19037943404,,MEDIUM,70,,,2489378015,PO BOX 1258,,,,903-792-2720,PO BOX 1258,,WHOLESALE ELECTRIC SUPPLY TX,75504,,,,2489378015,,
Airetech,Y,74014,BROKEN ARROW,,OK,1376,2385,US,,,2026-01-09 04:58:54,OK,,,READY,,,BROKEN ARROW,NET 30,ZEECO INC,+182588551,,HIGH,80,,,,22151 EAST 91ST STREET,,,,,22151 E 91ST ST,,ZEECO INC,74014,,,,,,
Airetech,Y,74121,TULSA,,OK,1357,2366,US,MAIL DROP 44-AP,,NaT,OK,+19189256039,,READY,,,TULSA,NET 30,WILLIAMS HEADQUARTERS,+19185737575,,MEDIUM,70,,,,PO BOX 21218,MAIL DROP 44-AP,,,918-925-6039,PO BOX 21218,,WILLIAMS HEADQUARTERS,74121,,,,,,
Airetech,Y,72403,JONESBORO,Y,AR,1358,2367,US,,,NaT,AR,,,READY,,,JONESBORO,NET 30,WILLIAMS MECHANICAL SERVICE,+18702039832,,MEDIUM,70,,,31977716001,PO BOX 17038,,Brooke - A/R,,,PO BOX 17038,,WILLIAMS MECHANICAL SERVICE,72403,,,,31977716001,BROOKE - A/R,
Airetech,Y,72712,BENTONVILLE,,AR,1359,2368,US,,,2026-01-09 04:58:33,AR,,,READY,,,BENTONVILLE,NET 30,WILLOUGHBY USED AUTO & EQUIP,+14794510000,,HIGH,80,,,,14814 JACK CRABTREE ROAD,,Burt,,,14814 JACK CRABTREE RD,,WILLOUGHBY USED AUTO AND EQUIP,72712,,,,,BURT,
Airetech,Y,72765,SPRINGDALE,,AR,1360,2369,US,,,NaT,AR,+14797572916,,READY,,,SPRINGDALE,NET 30,WILLOW CREEK WOMENS HOSP,+14797574094,,MEDIUM,70,,,,PO BOX 2045,,Judy Hudson,,479-757-2916,PO BOX 2045,,WILLOW CREEK WOMENS HOSP,72765,,,,,JUDY HUDSON,
Airetech,Y,72957,VAN BUREN,Y,AR,1361,2370,US,,,NaT,AR,,,READY,,,VAN BUREN,NET 30,WILSONS HEAT & AIR,+14794748789,,MEDIUM,70,,,141317-17-001,"715 KERR ST PVT, 72956",PO BOX 364,Accounts Payable,,,PO BOX 364,715 KERR ST PVT 72956,WILSONS HEAT AND AIR,72957,,,,141317-17-001,ACCOUNTS PAYABLE,
Airetech,Y,72501,BATESVILLE,,AR,1362,2371,US,,,2026-01-09 04:58:35,AR,+18706981857,,READY,,,BATESVILLE,NET 30,WOODLAWN HEIGHTS,+18707937195,,HIGH,80,,,00070067-SLS,2800 NEELEY STREET,,Sarena Adcox,,870-698-1857,2800 NEELEY ST,,WOODLAWN HEIGHTS,72501,,,,00070067-SLS,SARENA ADCOX,
Airetech,Y,74120,TULSA,,OK,1364,2373,US,,,2026-01-09 04:58:37,OK,+19185844723,,READY,,,TULSA,NET 30,WORTMAN CENTRAL AIR,+19185844721,,HIGH,80,,,,1612 E 6TH STREET,,Peggy Huckabee Sam,,918-584-4723,1612 E 6TH ST,,WORTMAN CENTRAL AIR,74120,,,,,"PEGGY HUCKABEE, SAM",
Airetech,Y,74119,TULSA,,OK,1365,2374,US,WALLACE WOZENCRAFT,,2026-01-09 04:58:39,OK,+19186646100,,READY,,,TULSA,NET 30,WOZENCRAFT & ASSOCIATES,+19185824813,,HIGH,80,,,,1619 S BOSTON AVENUE,WALLACE WOZENCRAFT,Rebecca Land,,918-664-6100,1619 S BOSTON AVE,,WOZENCRAFT AND ASSOCIATES,74119,,,,,REBECCA LAND,
Airetech,Y,74103,TULSA,,OK,1366,2375,US,STE 800,,2026-01-09 04:58:41,OK,,,READY,,,TULSA,NET 30,WRIGHT BUILDING,+19186951886,,HIGH,80,,,,115 W 3RD STREET,SUITE 800,,,,115 W 3RD ST,,WRIGHT BUILDING,74103,,,,,,
Airetech,Y,74962,VIAN,N,OK,1367,2376,US,,,NaT,OK,,,READY,,,VIAN,NET 30,WRIGHTS ELECTRIC HTG & AIR INC,+19187735303,,MEDIUM,70,jackie@haveitdonewright.com,,,JACKIE@HAVEITDONEWRIGHT.COM,PO BOX 436,Jackie Wright-Brake,,,PO BOX 436,,WRIGHTS ELECTRIC HTG AND AIR INC,74962,,jackie@haveitdonewright.com,,,JACKIE WRIGHT-BRAKE,
Airetech,Y,60045-5201,LAKE FOREST,,IL,1368,2377,US,,,NaT,IL,+18476473163,,READY,,,LAKE FOREST,NET 30,WW GRAINGER INC,+18475351000,,HIGH,100,,,,100 GRAINGER PARKWAY,,,,847-647-3163,100 GRAINGER PKWY,,WW GRAINGER INC,60045-5201,,,,,,
Airetech,Y,74370,WYANDOTTE,,OK,1369,2378,US,,,2026-01-09 04:58:45,OK,,,READY,,,WYANDOTTE,NET 30,WYANDOTTE WELLNESS CENTER,+19185416793,,HIGH,80,,,,1 TURTLE DRIVE,,Dannie,,,1 TURTLE DR,,WYANDOTTE WELLNESS CENTER,74370,,,,,DANNIE,
Airetech,Y,72802-8452,RUSSELLVILLE,N,AR,1370,2379,US,,,2026-01-09 04:58:46,AR,+14792801925,,READY,,,RUSSELLVILLE,NET 30,YATES HEATING & AIR COND,+14792801924,,HIGH,80,,,311339-75-001,1605 S ELMIRA AVENUE,,,,479-280-1925,1605 S ELMIRA AVE,,YATES HEATING AND AIR COND,72802-8452,,,,311339-75-001,,
Airetech,Y,74103,TULSA,,OK,1371,2380,US,STE 200,,2026-01-09 04:58:49,OK,,,READY,,,TULSA,NET 30,YMCA OF GREATER TULSA,+19187283912,,HIGH,80,,,894927,420 S MAIN ST,SUITE 200,Lynn Squires,,,420 S MAIN ST,,YMCA OF GREATER TULSA,74103,,,,894927,LYNN SQUIRES,
Airetech,Y,53201,MILWAUKEE,,WI,1372,2381,US,,,NaT,WI,,,READY,,,MILWAUKEE,NET 30,YORK INTERNATIONAL US BRANCHES WI,+18003822804,,MEDIUM,70,,,3020376001,PO BOX 2147,,,,,PO BOX 2147,,YORK INTERNATIONAL US BRANCHES WI,53201,,,,3020376001,,
Airetech,Y,44511,YOUNGSTOWN,N,OH,1373,2382,US,,,NaT,OH,+13307887513,,READY,,,YOUNGSTOWN,NET 30,YORK MAHONING MECH CONT INC,+13307887011,,MEDIUM,70,,,,PO BOX 3077,,,,330-788-7513,PO BOX 3077,,YORK MAHONING MECH CONT INC,44511,,,,,,
Airetech,Y,74956,SHADY POINT,Y,OK,1374,2383,US,,,NaT,OK,+19186470459,,READY,,,SHADY POINT,NET 30,YOUNG HEATING & AIR,+19186472495,,HIGH,100,,,515974,26386 US HWY 59,,Accounts Payable,,918-647-0459,26386 US HWY 59,,YOUNG HEATING AND AIR,74956,,,,515974,ACCOUNTS PAYABLE,
Airetech,Y,74401-2218,MUSKOGEE,,OK,1375,2384,US,,,2026-01-09 04:58:52,OK,,,READY,,,MUSKOGEE,NET 30,YOUNG SHEET METAL INC,+19186821172,,HIGH,80,,,,2601 WEST SHAWNEE STREET,,,,,2601 W SHAWNEE ST,,YOUNG SHEET METAL INC,74401-2218,,,,,,
Airetech,Y,11572,OCEANSIDE,,NY,1377,2386,US,STE 100,,2026-01-09 04:58:55,NY,,,READY,,,OCEANSIDE,NET 30,ZELKA HVAC,,,HIGH,80,,,,3520 HARGALE ROAD,SUITE 100,Bob,,,3520 HARGALE RD,,ZELKA HVAC,11572,,,,,BOB,
Airetech,Y,72936,FORT SMITH,,AR,1378,2387,US,,,NaT,AR,+14796460850,,READY,,,FORT SMITH,NET 30,ZERO MOUNTAIN INC,+14796467757,,MEDIUM,70,,,,PO BOX 6209,,Toni Bell,,479-646-0850,PO BOX 6209,,ZERO MOUNTAIN INC,72936,,,,,TONI BELL,
Airetech,Y,65583,WAYNESVILLE,,MO,1379,2388,US,,,2026-01-09 04:58:57,MO,+15737745311,,READY,,,WAYNESVILLE,NET 30,ZIESON CONSTRUCTION CO LLC,+15737745310,,HIGH,80,,,,22750 SPRUCE ROAD,,,,573-774-5311,22750 SPRUCE RD,,ZIESON CONSTRUCTION CO LLC,65583,,,,,,
Airetech,Y,72023,CABOT,N,AR,1380,2389,US,,,2026-01-09 04:58:58,AR,,,READY,,,"CABOT,",,ALLFAM BOWLING & ENTERTAINMENT,+15019418681,,HIGH,80,,,,2350 LAKEWOOD DRIVE,,,,,2350 LAKEWOOD DR,,ALLFAM BOWLING AND ENTERTAINMENT,72023,,,,,,
Airetech,Y,73106,OKLAHOMA CITY,N,OK,1381,2390,US,,,2026-01-09 04:59:01,OK,,,READY,,,"OKLAHOMA CITY,",,CLIMACOOL CORPORATION,+14058153012,,HIGH,80,,,STS10084427,15 S VIRGINIA,,Judy,,,15 S VIRGINIA,,CLIMACOOL CORPORATION,73106,,,,STS10084427,JUDY,
Airetech,Y,54656,SPARTA,N,WI,1382,2391,US,,,NaT,WI,,,READY,,,"SPARTA,",,MULTISTACK,+16083662400,,MEDIUM,70,,,,1065 MAPLE AVE,PO BOX 510,,,,PO BOX 510,1065 MAPLE AVE,MULTISTACK,54656,,,,,,
Airetech,Y,72223,LITTLE ROCK,N,AR,1383,2392,US,,,2026-01-09 04:59:02,AR,,,READY,,,"LITTLE ROCK,",,SILVER DEVELOPMENT,,,HIGH,80,,,,1 CHENAL VILLAGE CIRCLE,,,,,1 CHENAL VILLAGE CIR,,SILVER DEVELOPMENT,72223,,,,,,
Airetech,Y,71968,ROYAL,N,AR,1384,2393,US,,,2026-01-09 04:59:04,71968,,,READY,,,"ROYAL, AR",,WINDOW MART,+18039449508,,HIGH,80,,,,5760 ALBERT PIKE ROAD,,,,,5760 ALBERT PIKE RD,,WINDOW MART,71968,,,,,,
Airetech,Y,72207,LITTLE ROCK,N,AR,1385,2394,US,,,2026-01-09 04:59:05,AR,,,READY,,,"LITTLE ROCK,",,CASA MANANA RESTAURANT,+15019445146,,HIGH,80,,,,6820 CANTRELL ROAD,,,,,6820 CANTRELL RD,,CASA MANANA RESTAURANT,72207,,,,,,
Airetech,Y,72118,NORTH LITTLE ROCK,N,AR,1386,2395,US,,,NaT,AR,,,READY,,,"NORTH LITTLE ROCK,",,DIAMOND STATE HEAT & AIR,+15018038108,,HIGH,100,angie@diamondstatehvac.com,,78214899-SLS,ANGIE@DIAMONDSTATEHVAC.COM,7706 FOREST ROAD,Angie Mears,,,7706 FOREST RD,,DIAMOND STATE HEAT AND AIR,72118,,angie@diamondstatehvac.com,,78214899-SLS,ANGIE MEARS,
Airetech,Y,71635,CROSSETT,N,AR,1387,2396,US,,,NaT,AR,+18703647612,,READY,,,"CROSSETT,",,ARKANSAS OREGON PNEUMATICS,+18703642129,,MEDIUM,70,,,045882-02-001,PO BOX 578,,Jan Kennedy,,8703647612,PO BOX 578,,ARKANSAS OREGON PNEUMATICS,71635,,,,045882-02-001,JAN KENNEDY,
Airetech,Y,46143,GREENWOOD,N,IN,1388,2397,US,,,NaT,IN,,,READY,,,"GREENWOOD,",,COMMERCIAL FACILITIES MANAGEMENT,+15016238513,,HIGH,100,,,0005791740-IN,1785 GOLDEN FIELD DRIVE,,Tony Allen,,,1785 GOLDEN FIELD DR,,COMMERCIAL FACILITIES MANAGEMENT,46143,,,,0005791740-IN,TONY ALLEN,
Airetech,Y,72143,SEARCY,N,AR,1389,2398,US,,,NaT,AR,+15017241340,,READY,,,"SEARCY,",,MASON HEATING & AIR CONDITIONING,+15013050188,,HIGH,100,masonheatandair@outlook.com,,00245589-SLS,MASONHEATANDAIR@OUTLOOK.COM,"1560 W BEEBE CAPPS, STE C127",Ladonna Mason,,5017241340,1560 W BEEBE CAPPS STE C127,,MASON HEATING AND AIR CONDITIONING,72143,,masonheatandair@outlook.com,,00245589-SLS,LADONNA MASON,
Airetech,Y,72046,ENGLAND,N,AR,1390,2399,US,,,NaT,AR,+15018420664,,READY,,,"ENGLAND,",,LMT CONSTRUCTORS LLC,+15018420661,,MEDIUM,70,,,,PO BOX 46,,Nan Adams,,5018420664,PO BOX 46,,LMT CONSTRUCTORS LLC,72046,,,,,NAN ADAMS,
Airetech,Y,74128,TULSA,N,OK,1391,2400,US,,,2026-01-09 04:59:12,OK,+19182343811,,READY,,,"TULSA,",,*USE 2099* THE ROSS GROUP,+19182347675,,HIGH,80,,,,6 SOUTH 109TH E PLACE,,Jerry,,9182343811,6 S 109TH E PL,,*USE 2099* THE ROSS GROUP,74128,,,,,JERRY,
Airetech,Y,78840,DEL RIO,N,TX,1392,2401,US,,,NaT,TX,+18302168407,,READY,,,"DEL RIO,",,AIR SOLUTIONS COOLING HEATING & E,+18307750057,,HIGH,100,airsolutionsinvoice@gmail.com,,,AIRSOLUTIONSINVOICE@GMAIL.COM,2210 EAST US HIGHTWAY 90,Barbara Huerta,,8302168407,2210 E US HIGHTWAY 90,,AIR SOLUTIONS COOLING HEATING AND E,78840,,airsolutionsinvoice@gmail.com,,,BARBARA HUERTA,
Airetech,Y,72712,BENTONVILLE,N,AR,1393,2402,US,,,2026-01-09 04:59:16,AR,,,READY,,,"BENTONVILLE,",,SOUTHWEST 4 & A LLC,+19288144191,,HIGH,80,,,,700 SE 5TH STREET #1,,Arlita Sanders,,,700 SE 5TH ST #1,,SOUTHWEST 4 AND A LLC,72712,,,,,ARLITA SANDERS,
Airetech,Y,72756,ROGERS,N,AR,1394,2403,US,,,2026-01-09 04:59:18,AR,,,READY,,,"ROGERS,",,TOWN & COUNTRY PLUMBING INC,,,HIGH,80,,,,126 KELLEY DRIVE,,,,,126 KELLEY DR,,TOWN AND COUNTRY PLUMBING INC,72756,,,,,,
Airetech,Y,72023,CABOT,N,AR,1395,2404,US,,,NaT,AR,+15018432505,,READY,,,"CABOT,",,GEO ENERGY SOLUTIONS,+15018432407,,HIGH,100,,,00255366-SLS,210 GP MURRELL DRIVE,,Sandra/Kevin,,5018432505,210 GP MURRELL DR,,GEO ENERGY SOLUTIONS,72023,,,,00255366-SLS,SANDRA/KEVIN,
Airetech,Y,65802,SPRINGFIELD,N,MO,1396,2405,US,,,2026-01-09 04:59:21,MO,,,READY,,,"SPRINGFIELD,",,REW MATERIALS,+14178936568,,HIGH,80,,,123456789,1315 W CHESTNUT EXPY,,Phillip Edwards,,,1315 W CHESTNUT EXPY,,REW MATERIALS,65802,,,,123456789,PHILLIP EDWARDS,
Airetech,Y,72745,FAYETTEVILLE,Y,AR,1397,2406,US,,,2026-01-09 04:59:23,AR,+14795755717,,READY,,,"FAYETTEVILLE,",,UNIVERSITY OF ARK TECHNOLOGY DEVELO,+14795757298,,HIGH,80,,,,535 W RESEARCH CENTER BLVD,,Bruce Wooldridge,,4795755717,535 W RESEARCH CENTER BLVD,,UNIVERSITY OF ARK TECHNOLOGY DEVELO,72745,,,,,BRUCE WOOLDRIDGE,
Airetech,Y,74965,WESTVILLE,N,OK,1398,2407,US,,,2026-01-09 04:59:24,OK,,,REVIEW,,,"WESTVILLE,",,TEAGUE HEATING AIR & REFRIGERATIO,+19185750004,,LOW,84,teagueha@gmail.com,,STS1558446204,TEAGUEHA@GMAIL.COM,,Wes Teague,,,,,TEAGUE HEATING AIR AND REFRIGERATIO,74965,,teagueha@gmail.com,,STS1558446204,WES TEAGUE,
Airetech,Y,65802,SPRINGFIELD,N,MO,1399,2408,US,,,2026-01-09 04:59:26,MO,,,READY,,,"SPRINGFIELD,",,HOFFMAN SUPPLY COMPANY,+14797503550,,HIGH,80,,,123456789,501 NORTH BELCREST,,,,,501 N BELCREST,,HOFFMAN SUPPLY COMPANY,65802,,,,123456789,,
Airetech,Y,72764,SPRINGDALE,N,AR,1400,2409,US,,,2026-01-09 04:59:28,AR,,,READY,,,"SPRINGDALE,",,JONES CENTER FOR THE FAMILIES,+14797568090,,HIGH,80,,,,922 E EMMA AVE,,Randy Southwood,,,922 E EMMA AVE,,JONES CENTER FOR THE FAMILIES,72764,,,,,RANDY SOUTHWOOD,
Airetech,Y,72756,ROGERS,N,AR,1401,2410,US,,,2026-01-09 04:59:29,AR,,,READY,,,"ROGERS,",,TY KING,,,HIGH,80,,,,1421 RUSTIC DRIVE,,Ty King,,,1421 RUSTIC DR,,TY KING,72756,,,,,TY KING,
Airetech,Y,74338,COLCORD,N,OK,1402,2411,US,,,NaT,OK,,,READY,,,"COLCORD,",,WILLIAM R FARRIS,,,HIGH,100,,,,19712 COUNTRY ROAD 480,,William Farris,,,19712 COUNTRY RD 480,,WILLIAM R FARRIS,74338,,,,,WILLIAM FARRIS,
Airetech,Y,74103,TULSA,N,OK,1403,2412,US,,,2026-01-09 04:59:34,OK,,,READY,,,"TULSA,",,WIGGINS PROPERTIES LLC,+19188996055,,HIGH,80,,,,507 S MAIN STREET STE 402,,,,,507 S MAIN ST STE 402,,WIGGINS PROPERTIES LLC,74103,,,,,,
Airetech,Y,74008,BIXBY,N,OK,1404,2413,US,,,NaT,OK,+19182701599,,READY,,,"BIXBY,",,THE RIVERSIDE GROUP,+19182701501,,HIGH,100,invoicews@rvsginc.com,,,INVOICEWS@RVSGINC.COM,13238 S PEONA AVE,Bre Blackwell,,9182701599,13238 S PEONA AVE,,THE RIVERSIDE GROUP,74008,,invoicews@rvsginc.com,,,BRE BLACKWELL,
Airetech,Y,74127,TULSA,Y,OK,1405,2414,US,,,2026-01-09 04:59:37,OK,,,READY,,,"TULSA,",,OSAGE SKIATOOK CASINO,,,HIGH,80,lblevins@aircomfortok.com,,731509406,LBLEVINS@AIRCOMFORTOK.COM,1211 W 36TH ST NORTH,Air Comfort,,,1211 W 36TH ST N,,OSAGE SKIATOOK CASINO,74127,,lblevins@aircomfortok.com,,731509406,C/O AIR COMFORT,
Airetech,Y,73737,FAIRVIEW,N,OK,1406,2416,US,,,2026-01-09 04:59:39,OK,,,READY,,,"FAIRVIEW,",,EWBANK TESTING,+14058268156,,HIGH,80,,,,115 WOODCREEK DRIVE,,Garen Ewbank,,,115 WOODCREEK DR,,EWBANK TESTING,73737,,,,,GAREN EWBANK,
Airetech,Y,74370,WYANDOTTE,N,OK,1407,2417,US,,,NaT,OK,+19185332944,,READY,,,"WYANDOTTE,",,WYANDOTTE NATION,+19186786316,,HIGH,100,,,10071729-06,64700 E HWY 60,,Lisa Ramirez,,9185332944,64700 E HWY 60,,WYANDOTTE NATION,74370,,,,10071729-06,LISA RAMIREZ,
Airetech,Y,74401,MUSKOGEE,N,OK,1408,2418,US,,,NaT,OK,+19186828342,,READY,,,"MUSKOGEE,",,HIX AIR CONDITIONING,+19186828238,,HIGH,100,cindy@hixair.com,,,CINDY@HIXAIR.COM,907 TALLADEGA,Cindy,,9186828342,907 TALLADEGA,,HIX AIR CONDITIONING,74401,,cindy@hixair.com,,,CINDY,
Airetech,Y,74021,COLLINSVILLE,N,OK,1409,2419,US,,,NaT,OK,,,READY,,,"COLLINSVILLE,",,BINDAS MECHANICAL SOLUTIONS,+19187281606,,MEDIUM,70,sherri@bindasmechanical.com,,,SHERRI@BINDASMECHANICAL.COM,PO BOX 577,Sherri Bindas,,,PO BOX 577,,BINDAS MECHANICAL SOLUTIONS,74021,,sherri@bindasmechanical.com,,,SHERRI BINDAS,
Airetech,Y,74745,IDABEL,N,OK,1410,2420,US,,,NaT,OK,,,READY,,,"IDABEL,",,MARSHALL BRACKEN,+19035206600,,HIGH,100,bracken.marshall@gmail.com,,,BRACKEN.MARSHALL@GMAIL.COM,76 WOODLAND LANE,Marshall Bracken,,,76 WOODLAND LN,,MARSHALL BRACKEN,74745,,bracken.marshall@gmail.com,,,MARSHALL BRACKEN,
Airetech,Y,,,N,,1417,2427,US,,,NaT,,,,REVIEW,,,,,DEHUMIDIFIED AIR SOLUTIONS COMMISSI,,,LOW,20,,,1234567890,,,,,,,,DEHUMIDIFIED AIR SOLUTIONS COMMISSI,,,,,1234567890,,
Airetech,Y,72212,LITTLE ROCK,N,AR,1411,2421,US,,,2026-01-09 04:59:46,AR,+15015622308,,READY,,,"LITTLE ROCK,",,SCOTT SERVICE COMPANY,+15019936705,,HIGH,80,,,3229560001,4112 STONEVIEW COURT,,Barbara - Payables,,5015622308,4112 STONEVIEW CT,,SCOTT SERVICE COMPANY,72212,,,,3229560001,BARBARA - PAYABLES,
Airetech,Y,71833,DIERKS,N,AR,1412,2422,US,,,NaT,AR,+18702865601,,READY,,,"DIERKS,",,MAINSTREAM AC,+18708458785,,HIGH,100,,,,1827 HWY 369 N,,John Maines,,8702865601,1827 HWY 369 N,,MAINSTREAM AC,71833,,,,,JOHN MAINES,
Airetech,Y,74003,BARTLESVILLE,N,OK,1413,2423,US,,,2026-01-09 04:59:49,OK,,,READY,,,"BARTLESVILLE,",,C L SUPPLY,+18003336370,,HIGH,80,,,,201 NE DEBELL,,Clay Or Tyler,,,201 NE DEBELL,,C L SUPPLY,74003,,,,,CLAY OR TYLER,
Airetech,Y,72802,RUSSELLVILLE,N,AR,1414,2424,US,,,NaT,AR,,,READY,,,"RUSSELLVILLE,",,ENTERGY OPERATIONS INC,+15018584682,,HIGH,100,accountspayableinvoices@enterg,,,ACCOUNTSPAYABLEINVOICES@ENTERG,1448 SR 333,Lisa,,,1448 SR 333,,ENTERGY OPERATIONS INC,72802,,accountspayableinvoices@enterg,,,LISA,
Airetech,Y,72758,ROGERS,Y,AR,1415,2425,US,,,2026-01-09 04:59:52,AR,+14793383386,,READY,,,"ROGERS,",,MERCY HOSPITAL NW ARKANSAS,+14793382819,,HIGH,80,,,070011-84-001,2710 RIFE MEDICAL LANE,,Accounts Payables,,4793383386,2710 RIFE MEDICAL LN,,MERCY HOSPITAL NW ARKANSAS,72758,,,,070011-84-001,Accounts Payables,
Airetech,Y,,,N,,1416,2426,US,,,NaT,,,,REVIEW,,,,,MESTEK INC COMMISSION ONLY,,,LOW,20,,,1234567890,,,,,,,,MESTEK INC COMMISSION ONLY,,,,,1234567890,,
Airetech,Y,74146,TULSA,N,OK,1418,2428,US,,,2026-01-09 04:59:57,OK,+19185154338,,READY,,,"TULSA,",,EDA FKI ENGINEERS,+19182586890,,HIGH,80,mosborn@eda-fki-engineers.com,,,MOSBORN@EDA-FKI-ENGINEERS.COM,"10810 E 45TH STREET, SUITE 201",Mindi Osborn,,9185154338,10810 E 45TH ST STE 201,,EDA FKI ENGINEERS,74146,,mosborn@eda-fki-engineers.com,,,MINDI OSBORN,
Airetech,Y,74015,CATOOSA,N,OK,1419,2430,US,,,NaT,OK,,,READY,,,"CATOOSA,",,CATOOSA SMALL ANIMAL HOSPITAL,+19182664090,,MEDIUM,70,,,,1901 N HIGHWAY 66,PO BOX 1559,Dr Steve Weir,,,PO BOX 1559,1901 N HWY 66,CATOOSA SMALL ANIMAL HOSPITAL,74015,,,,,DR STEVE WEIR,
Airetech,Y,74019,CLAREMORE,N,OK,1420,2431,US,,,NaT,OK,,,READY,,,"CLAREMORE,",,RESCUE HEAT & AIR,+19189466681,,HIGH,100,,,,22177 SOUTH 4150 ROAD,,,,,22177 S 4150 RD,,RESCUE HEAT AND AIR,74019,,,,,,
Airetech,Y,75150,MESQUITE,N,TX,1421,2432,US,,,2026-01-09 05:00:00,TX,+12142429783,,READY,,,"MESQUITE,",,ACTION RETAIL CONSTRUCTION SERVICES,+12149897841 #227,,HIGH,80,,,,4320 ACTION DRIVE,,Buddy Johnson,,2142429783,4320 ACTION DR,,ACTION RETAIL CONSTRUCTION SERVICES,75150,,,,,BUDDY JOHNSON,
Airetech,Y,,,N,,1422,2433,US,,,NaT,,,,REVIEW,,,,,JASON BARNARD,,,LOW,20,jason.barnard@nwcontrols.com,,,JASON.BARNARD@NWCONTROLS.COM,,,,,,,JASON BARNARD,,,jason.barnard@nwcontrols.com,,,,
Airetech,Y,74116,TULSA,N,OK,1423,2434,US,,,2026-01-09 05:00:03,OK,,,READY,,,"TULSA,",,TEXOMA TRACTOR,+19186880678,,HIGH,80,,,,1555 N 105TH E AVE,,Michael Evans,,,1555 N 105TH E AVE,,TEXOMA TRACTOR,74116,,,,,MICHAEL EVANS,
Airetech,Y,32246-3826,JACKSONVILLE,Y,FL,1424,2435,US,,,2026-01-09 05:00:04,FL,,,READY,,,"JACKSONVILLE,",,APPLIED MECHANICAL EQUIPMENT,+19046428701,,HIGH,80,,,2680119578885,11455 SAINTS ROAD,,Karen Raffaelly,,,11455 SAINTS RD,,APPLIED MECHANICAL EQUIPMENT,32246-3826,,,,2680119578885,KAREN RAFFAELLY,
Airetech,Y,72761,SILOAM SPRINGS,N,AR,1425,2436,US,,,NaT,AR,+14795244242,,READY,,,"SILOAM SPRINGS,",,VAN ASCHE INDUSTRIAL SUPPLY INC,+14795243271,,MEDIUM,70,mlarkin@vanasche.com,,121782-04-001,MLARKIN@VANASCHE.COM,PO BOX 1240,,,4795244242,PO BOX 1240,,VAN ASCHE INDUSTRIAL SUPPLY INC,72761,,mlarkin@vanasche.com,,121782-04-001,,
Airetech,Y,74107,TULSA,N,OK,1426,2437,US,,,2026-01-09 05:00:06,OK,,,READY,,,"TULSA,",,GEM AIR,+19184468359,,HIGH,80,,,,6221 59TH ST W,,Jim Snyder,,,6221 59TH ST W,,GEM AIR,74107,,,,,JIM SNYDER,
Airetech,Y,67226,WICHITA,Y,KS,1427,2438,US,,,2026-01-09 05:00:08,KS,,,READY,,,"WICHITA,",,JORBAN-RISCOE ASSOCIATES INC,+13162022300,,HIGH,80,accountspayable@jorban-riscoe.,,,ACCOUNTSPAYABLE@JORBAN-RISCOE.,COM - 11023 E 28TH STREET,Michele Dincecco,,,11023 E 28TH ST,,JORBAN-RISCOE ASSOCIATES INC,67226,,accountspayable@jorban-riscoe.,,,MICHELE DINCECCO,
Airetech,Y,74010,BRISTOW,N,OK,1428,2440,US,,,NaT,OK,,,READY,,,"BRISTOW,",,PRIME CONSTRUCTION CONTRACTING,+19186379405,,HIGH,100,rknight.pcc@gmail.com,,,RKNIGHT.PCC@GMAIL.COM,32905 W 191ST STREET,Rick Knight,,,32905 W 191ST ST,,PRIME CONSTRUCTION CONTRACTING,74010,,rknight.pcc@gmail.com,,,RICK KNIGHT,
Airetech,Y,73118,OKLAHOMA CITY,N,OK,1429,2441,US,,,2026-01-09 05:00:11,OK,+14058583173,,READY,,,"OKLAHOMA CITY,",,MIDFIRST BANK,+14057677017,,HIGH,80,laura.devarenne-laub@midfirst.,,,LAURA.DEVARENNE-LAUB@MIDFIRST.,625 NW GRAND BOULEVARD,Laura Devarenne-Laub,,4058583173,625 NW GRAND BLVD,,MIDFIRST BANK,73118,,laura.devarenne-laub@midfirst.,,,LAURA DEVARENNE-LAUB,
Airetech,Y,73031,DIBBLE,N,OK,1430,2442,US,,,NaT,OK,,,READY,,,"DIBBLE,",,J2 CONSTRUCTION LLC,+14053120605,,MEDIUM,70,,,,PO BOX 128,,Amyj2C@Gmailcom,,,PO BOX 128,,J2 CONSTRUCTION LLC,73031,,,,,AMYJ2C@GMAIL.COM,
Airetech,Y,72089,BRYANT,N,AR,1431,2443,US,,,NaT,AR,,,READY,,,"BRYANT,",,SUMMIT PROPERTIES,+15015296504,,MEDIUM,70,jeff.summitprops@att.net,,,JEFF.SUMMITPROPS@ATT.NET,PO GOX 891,Jeff Mitchell,,,PO BOX 891,,SUMMIT PROPERTIES,72089,,jeff.summitprops@att.net,,,JEFF MITCHELL,
Airetech,Y,79998-2192,EL PASO,N,TX,1432,2445,US,,,NaT,TX,,,READY,,,"EL PASO,",,CONAGRA,+14022407666,,MEDIUM,70,poinvoice@conagra.com,,DIRECT PAY,POINVOICE@CONAGRA.COM,PO BOX 982192,Ap,,,PO BOX 982192,,CONAGRA,79998-2192,,poinvoice@conagra.com,,DIRECT PAY,AP,
Airetech,Y,07372,NORMAN,N,OK,1433,2446,US,,,2026-01-09 05:00:13,OK,,,READY,,,"NORMAN,",,JET COMMERCIAL,,,HIGH,80,,,,5800 WEST MAIN STREET,,,,,5800 W MAIN ST,,JET COMMERCIAL,7372,,,,,,
Airetech,Y,74012,BROKEN ARROW,N,OK,1434,2447,US,,,2026-01-09 05:00:14,,,,READY,,,,,TRANE SERVICE,,,HIGH,80,,,,2002 WILLOW,"BROKEN ARROW, OK",,,,2002 WILLOW,,TRANE SERVICE,74012,,,,,,
Airetech,Y,72858,POTTSVILLE,N,AR,1436,2449,US,,,2026-01-09 05:00:18,AR,,,READY,,,"POTTSVILLE,",,SMOOTH RUNNIN HEAT & AIR,+14792649380,,HIGH,80,smooth.runnin02@gmail.com,,,SMOOTH.RUNNIN02@GMAIL.COM,68C LANE,,,,68C LN,,SMOOTH RUNNIN HEAT AND AIR,72858,,smooth.runnin02@gmail.com,,,,
Airetech,Y,45401,DAYTON,N,OH,1437,2450,US,,,NaT,OH,,,READY,,,"DAYTON,",,LITTLE ROCK WINNELSON,+18663513493,,MEDIUM,70,,,046045-60-001,PO BOX 1127,,Ap Cust Support,,,PO BOX 1127,,LITTLE ROCK WINNELSON,45401,,,,046045-60-001,AP CUST SUPPORT,
Airetech,Y,74110,TULSA,N,OK,1438,2451,US,,,2026-01-09 05:00:20,OK,,,READY,,,"TULSA,",,OMICRON LAND DEVELOPMENT,+14059487700,,HIGH,80,apinvoices@davenportloftstulsa,,,APINVOICES@DAVENPORTLOFTSTULSA,909 NORTH WHEELING AVE,Brandi,,,909 N WHEELING AVE,,OMICRON LAND DEVELOPMENT,74110,,apinvoices@davenportloftstulsa,,,BRANDI,
Airetech,Y,73018,CHICKASHA,N,OK,1439,2452,US,,,2026-01-09 05:00:21,OK,,,READY,,,"CHICKASHA,",,CMSWILLOWBROOK,+14052241554,,HIGH,80,ap@cmswillowbrook.com,,10064838-03,AP@CMSWILLOWBROOK.COM,3108 S 9TH STREET,Ap,,,3108 S 9TH ST,,CMSWILLOWBROOK,73018,,ap@cmswillowbrook.com,,10064838-03,AP,
Airetech,Y,71901,HOT SPRINGS,N,AR,1440,2453,US,,,2026-01-09 05:00:23,AR,+18887748128,,READY,,,"HOT SPRINGS,",,GARLAND COUNTY SHERIFF'S OFFICE,+15016517810,,HIGH,80,hcrawford@garlandcounty.org,,,HCRAWFORD@GARLANDCOUNTY.ORG,525 OUACHITA AVE,Heather Crawford,,888-774-8128,525 OUACHITA AVE,,GARLAND COUNTY SHERIFF'S OFFICE,71901,,hcrawford@garlandcounty.org,,,HEATHER CRAWFORD,
Airetech,Y,72118,NORTH LITTLE ROCK,N,AR,1441,2454,US,,,2026-01-09 05:00:25,AR,+15017538350,,READY,,,"NORTH LITTLE ROCK,",,WOODBURY-BEACH COMPANY,+15017538323,,HIGH,80,ap@woodburybeach.com,,017227-60-001,AP@WOODBURYBEACH.COM,6329 CRYSTAL HILL ROAD,Glenys Dawkins,,501-753-8350,6329 CRYSTAL HILL RD,,WOODBURY-BEACH COMPANY,72118,,ap@woodburybeach.com,,017227-60-001,GLENYS DAWKINS,
Airetech,Y,73110,MIDWEST CITY,N,OK,1442,2455,US,,,2026-01-09 05:00:27,OK,,,READY,,,"MIDWEST CITY,",,CLIMATE CARE HEAT & AIR,,,HIGH,80,,,,1200 JET DRIVE,,,,,1200 JET DR,,CLIMATE CARE HEAT AND AIR,73110,,,,,,
Airetech,Y,74117,TULSA,N,OK,1443,2456,US,,,2026-01-09 05:00:29,OK,,,READY,,,"TULSA,",,RAMSEY INDUSTRIES,+19184382760,,HIGH,80,,,,4707 N MINGO ROAD,,,,,4707 N MINGO RD,,RAMSEY INDUSTRIES,74117,,,,,,
Airetech,Y,73114,OKLAHOMA CITY,N,OK,1444,2457,US,,,2026-01-09 05:00:31,OK,,,READY,,,"OKLAHOMA CITY,",,SAFETY TECH INC,+14059005708,,HIGH,80,,,,801-B NORTHWEST 122ND ST,,,,,801-B NWEST 122ND ST,,SAFETY TECH INC,73114,,,,,,
Airetech,Y,72732,GARFIELD,Y,AR,1445,2458,US,,,NaT,AR,,,READY,,,"GARFIELD,",,KESTERS HEATING & AIR,+14796332663,,HIGH,100,kevin.kester@yahoo.com,,60060920-002,KEVIN.KESTER@YAHOO.COM,15650 JAMES CT,Kevin Kester,,,15650 JAMES CT,,KESTERS HEATING AND AIR,72732,,kevin.kester@yahoo.com,,60060920-002,KEVIN KESTER,
Airetech,Y,,,N,,1446,2459,US,,,NaT,,,,REVIEW,,,,,COURTNEY MICHAEL,+15016908365,,LOW,20,cmichael@powersar.com,,,CMICHAEL@POWERSAR.COM,,,,,,,COURTNEY MICHAEL,,,cmichael@powersar.com,,,,
Airetech,Y,72730,FARMINGTON,N,AR,1447,2460,US,,,2026-01-09 05:00:37,,,,READY,,,,,JAMES JACOBS,,,HIGH,80,,,,11368 SPRING MOUNTAIN DRIVE,"FARMINGTON, AR",,,,11368 SPRING MOUNTAIN DR,,JAMES JACOBS,72730,,,,,,
Airetech,Y,74055,TULSA,N,OK,1448,2461,US,,,2026-01-09 05:00:38,OK,,,READY,,,"TULSA,",,EASTHAM MECHANICAL INC,+19182722380,,HIGH,80,,,,6020 N 140TH EAST AVENUE,,Dennis Eastham,,,6020 N 140TH E AVE,,EASTHAM MECHANICAL INC,74055,,,,,DENNIS EASTHAM,
Airetech,Y,74465,TAHLEQUAH,Y,OK,1449,2462,US,,,NaT,OK,,,READY,,,"TAHLEQUAH,",,CHEROKEE NATION,+19182074937,,MEDIUM,70,ap@cherokee.org,,NEED CERT,AP@CHEROKEE.ORG,PO BOX 948,,,,PO BOX 948,,CHEROKEE NATION,74465,,ap@cherokee.org,,NEED CERT,,
Airetech,Y,77447,HOCKLEY,Y,TX,1450,2463,US,,,NaT,TX,,,READY,,,"HOCKLEY,",,AMERICAN HVAC INC DBA AMERICAN SERV,+14094438816,,HIGH,100,stephanie.premierdining@gmail.,,20-398558,STEPHANIE.PREMIERDINING@GMAIL.,25654 KIMBRO RD,Stephanie Garcia,,,25654 KIMBRO RD,,AMERICAN HVAC INC DBA AMERICAN SERV,77447,,stephanie.premierdining@gmail.,,20-398558,STEPHANIE GARCIA,
Airetech,Y,72923,BARLING,N,AR,1451,2464,US,,,NaT,,,,READY,,,,,TREMBLE LOCK & DAM,+14799267831,,HIGH,100,,,,2200 LOCK AND DAM ROAD,"BARLING, AR",Keith Lofton,,,2200 LOCK AND DAM RD,,TREMBLE LOCK AND DAM,72923,,,,,KEITH LOFTON,
Airetech,Y,74008,BIXBY,N,OK,1452,2465,US,,,2026-01-09 05:00:44,OK,,,READY,,,"BIXBY,",,SAVILLE ROW LLC,,,HIGH,80,,,,7399 E 124TH ST S,,,,,7399 E 124TH ST S,,SAVILLE ROW LLC,74008,,,,,,
Airetech,Y,71901,HOT SPRINGS,N,AR,1453,2466,US,,,2026-01-09 05:00:46,,,,READY,,,,,AAA HEATING & AIR,+15012629000,,HIGH,80,,,,210 KANSAS ST,"HOT SPRINGS, AR",,,,210 KANSAS ST,,AAA HEATING AND AIR,71901,,,,,,
Airetech,Y,72206,LITTLE ROCK,N,AR,1454,2467,US,,,NaT,AR,+15018975224,,READY,,,"LITTLE ROCK,",,AECC OSWALD GENERATING STATION,+15018975212,,HIGH,100,,,,17400 HWY 365 S,,,,5018975224,17400 HWY 365 S,,AECC OSWALD GENERATING STATION,72206,,,,,,
Airetech,Y,35758,MADISON,N,AL,1455,2468,US,,,NaT,AL,,,READY,,,"MADISON,",,KEYSTONE FOODS,+12569641084,,MEDIUM,70,acctapalb@keystonefoods.com,,,ACCTAPALB@KEYSTONEFOODS.COM,PO BOX 1729,,,,PO BOX 1729,,KEYSTONE FOODS,35758,,acctapalb@keystonefoods.com,,,,
Airetech,Y,72114,NORTH LITTLE ROCK,N,AR,1456,2469,US,,,2026-01-09 05:00:50,AR,+15019451948,,READY,,,"NORTH LITTLE ROCK,",,DANIEL LABEL PRINTING INC,+15019451349,,HIGH,80,sharonk@daniellabel.com,,,SHARONK@DANIELLABEL.COM,3125 EAST WASHINGTON,Sharon Keown,,5019451948,3125 E WASHINGTON,,DANIEL LABEL PRINTING INC,72114,,sharonk@daniellabel.com,,,SHARON KEOWN,
Airetech,Y,67209,WICHITA,N,KS,1457,2470,US,,,2026-01-09 05:00:53,KS,+13162624848,,READY,,,"WICHITA,",,CM3 MECHANICAL CONTRACTOR,+13162621230,,HIGH,80,,,,1831 S ANNA,,Josh Livengood,,3162624848,1831 S ANNA,,CM3 MECHANICAL CONTRACTOR,67209,,,,,JOSH LIVENGOOD,
Airetech,Y,74135,TULSA,N,OK,1464,2478,US,,,2026-01-09 05:01:01,OK,,,READY,,,"TULSA,",,PRECISION ENGINEERING,+19187493000,,HIGH,80,,,,5800 E SKELLY DRIVE #1100,,Jeff Jaafar,,,5800 E SKELLY DR #1100,,PRECISION ENGINEERING,74135,,,,,JEFF JAAFAR,
Airetech,Y,72403,JONESBORO,N,AR,1458,2471,US,,,NaT,AR,+18709720628,,READY,,,"JONESBORO,",,DELTA MEDICAL CANNABIS COMPANY LLC,+18702197252,,MEDIUM,70,bfinley@dmccar.com,,54818340-001,BFINLEY@DMCCAR.COM,PO BOX 1733,Billy Finley,,8709720628,PO BOX 1733,,DELTA MEDICAL CANNABIS COMPANY LLC,72403,,bfinley@dmccar.com,,54818340-001,BILLY FINLEY,
Airetech,Y,73942,GUYMON,N,OK,1459,2472,US,,,NaT,OK,,,READY,,,"GUYMON,",,AIRPRO HEATING & COOLING LLC,+15803384328,,MEDIUM,70,airpro.guymon@gmail.com,,284794880,AIRPRO.GUYMON@GMAIL.COM,PO BOX 815,Soila Medina,,,PO BOX 815,,AIRPRO HEATING AND COOLING LLC,73942,,airpro.guymon@gmail.com,,284794880,SOILA MEDINA,
Airetech,Y,72118,NORTH LITTLE ROCK,N,AR,1460,2473,US,,,NaT,AR,,,READY,,,"NORTH LITTLE ROCK,",,KETCHER & COMPANY,+15013725216,,MEDIUM,70,,,,PO BOX 5271,,,,,PO BOX 5271,,KETCHER AND COMPANY,72118,,,,,,
Airetech,Y,74134,TULSA,N,OK,1461,2474,US,,,2026-01-09 05:00:55,OK,,,READY,,,"TULSA,",,QUIKTRIP,+19186157500,,HIGH,80,sdaccounting@quiktrip.com,,,SDACCOUNTING@QUIKTRIP.COM,4705 S 129TH E AVE,Amy,,,4705 S 129TH E AVE,,QUIKTRIP,74134,,sdaccounting@quiktrip.com,,,AMY,
Airetech,Y,72773,WESLEY,N,AR,1462,2475,US,,,NaT,AR,,,READY,,,"WESLEY,",,JONATHAN COUCH,,,HIGH,100,,,,534 MADDISON 7875,,,,,534 MADDISON 7875,,JONATHAN COUCH,72773,,,,,,
Airetech,Y,72002,ALEXANDER,N,AR,1463,2477,US,,,NaT,AR,,,READY,,,"ALEXANDER,",,JOEY SPORHER,+15013037657,,HIGH,100,,,,2800 AVILLA VINCINTAGE ROAD,,Joey Sporher,,,2800 AVILLA VINCINTAGE RD,,JOEY SPORHER,72002,,,,,JOEY SPORHER,
Airetech,Y,72756,ROGERS,N,AR,1465,2480,US,,,2026-01-09 05:01:04,AR,,,READY,,,"ROGERS,",,MAYER ELECTRIC SUPPLY CO INC,+14799368123,,HIGH,80,,,,1224 W HUDSON ROAD,,,,,1224 W HUDSON RD,,MAYER ELECTRIC SUPPLY CO INC,72756,,,,,,
Airetech,Y,72704,FAYTETTEVILLE,Y,AR,1466,2481,US,,,NaT,AR,,,READY,,,"FAYTETTEVILLE,",,HYDRONIC SYSTEMS SOLUTIONS,+14796441236,,HIGH,100,,,54819143-SLS,3157 W DRAKESTONE ST,,Mitch Gwin,,,3157 W DRAKESTONE ST,,HYDRONIC SYSTEMS SOLUTIONS,72704,,,,54819143-SLS,MITCH GWIN,
Airetech,Y,72064,CLARENDEN,N,AR,1467,2482,US,,,NaT,AR,+18707475555,,READY,,,"CLARENDEN,",,MID DELTA HEALTH SYSTEMS INC,+18707473381,,HIGH,100,,,,245 MADISON ST,,Gail Collins,,8707475555,245 MADISON ST,,MID DELTA HEALTH SYSTEMS INC,72064,,,,,GAIL COLLINS,
Airetech,Y,71603,PINE BLUFF,Y,AR,1468,2483,US,,,NaT,AR,,,READY,,,"PINE BLUFF,",,T & D SERVICES LLC,+18702090658,,HIGH,100,,,54371580-SLS,9220 HENDERSON ROAD,,Debra Burchfield,,,9220 HENDERSON RD,,T AND D SERVICES LLC,71603,,,,54371580-SLS,DEBRA BURCHFIELD,
Airetech,Y,72756,ROGERS,N,AR,1469,2484,US,,,2026-01-09 05:01:12,AR,,,READY,,,"ROGERS,",,BWRPWA,+14796447901,,HIGH,80,steve.davis@bwrpwa.com,,,STEVE.DAVIS@BWRPWA.COM,15531 WOODS LODGE ROAD,Steve Davis,,,15531 WOODS LODGE RD,,BWRPWA,72756,,steve.davis@bwrpwa.com,,,STEVE DAVIS,
Airetech,Y,74037,JENKS,N,OK,1470,2485,US,,,2026-01-09 05:01:14,OK,,,READY,,,"JENKS,",,LOKOL FARMS,+19186944700,,HIGH,80,leelamho@gmail.com,,,LEELAMHO@GMAIL.COM,1407 W 114TH,Lee Lamho,,,1407 W 114TH,,LOKOL FARMS,74037,,leelamho@gmail.com,,,LEE LAMHO,
Airetech,Y,72653,MOUNTAIN HOME,N,AR,1471,2486,US,,,2026-01-09 05:01:15,AR,+18705081657,,READY,,,"MOUNTAIN HOME,",,BAXTER REGIONAL MEDICAL CENTER,+18705081540,,HIGH,80,tracer@baxterregional.org,,070006-84-001,TRACER@BAXTERREGIONAL.ORG,624 HOSPITAL DRIVE,,,8705081657,624 HOSPITAL DR,,BAXTER REGIONAL MEDICAL CENTER,72653,,tracer@baxterregional.org,,070006-84-001,,
Airetech,Y,72089-0293,BRYANT,Y,AR,1472,2487,US,,,NaT,AR,,,READY,,,"BRYANT,",,SHANE SMITH - CC ONLY,+15018373304,,MEDIUM,70,,,,PO BOX 293,,,,,PO BOX 293,,SHANE SMITH - CC ONLY,72089-0293,,,,,,
Airetech,Y,72069,CLARENDEN,N,AR,1473,2488,US,,,NaT,AR,+18707475555,,READY,,,"CLARENDEN,",,MID DELTA HEALTH SYSTEMS INC,+18707473381,,HIGH,100,gcollins@mid-delta.org,,,GCOLLINS@MID-DELTA.ORG,245 MADISON ST,Gail Collins,,8707475555,245 MADISON ST,,MID DELTA HEALTH SYSTEMS INC,72069,,gcollins@mid-delta.org,,,GAIL COLLINS,
Airetech,Y,72119,N LITTLE ROCK,N,AR,1474,2489,US,,,NaT,AR,+15013720949,,READY,,,"N LITTLE ROCK,",,KETCHER & CO INC,+15013725216,,MEDIUM,70,cecelia@ketcherandco.com,,,CECELIA@KETCHERANDCO.COM,PO BOX 5271,Cecelia,,5013720949,PO BOX 5271,,KETCHER AND CO INC,72119,,cecelia@ketcherandco.com,,,CECELIA,
Airetech,Y,,,Y,,1475,2490,US,,,NaT,,,,REVIEW,,,,,JON DAVIS,,,LOW,20,,,,,,,,,,,JON DAVIS,,,,,,,
Airetech,Y,74063,SAND SPRINGS,Y,OK,1476,2491,US,,,2026-01-09 05:01:22,OK,,,READY,,,"SAND SPRINGS,",,TOTAL COMFORT SOLUTIONS LLC,+19186290615,,HIGH,80,,,,3316 BERMUDA DRIVE,,Troy Zickefoose,,,3316 BERMUDA DR,,TOTAL COMFORT SOLUTIONS LLC,74063,,,,,TROY ZICKEFOOSE,
Airetech,Y,20794,JESSUP,N,MD,1477,2492,US,,,2026-01-09 05:01:24,MD,,,READY,,,"JESSUP,",,BAC JESSUP,+14107996442,,HIGH,80,bacap@baltimoreaircoil.com,,NEED CERT,BACAP@BALTIMOREAIRCOIL.COM,7600 DORSEY RUN ROAD,Sarah Smith,,,7600 DORSEY RUN RD,,BAC JESSUP,20794,,bacap@baltimoreaircoil.com,,NEED CERT,SARAH SMITH,
Airetech,Y,72058,GREENBRIER,N,AR,1478,2493,US,,,NaT,AR,,,READY,,,"GREENBRIER,",,WRIGHTSPEC LLC,,,HIGH,100,,,,339 HIGHWAY 25 N,,,,,339 HWY 25 N,,WRIGHTSPEC LLC,72058,,,,,,
Airetech,Y,74014,BROKEN ARROW,N,OK,1479,2494,US,,,NaT,OK,,,READY,,,"BROKEN ARROW,",,BG COMMERCIAL SERVICES,,,HIGH,100,,,,25040 WHIPPERWILL LN,,,,,25040 WHIPPERWILL LN,,BG COMMERCIAL SERVICES,74014,,,,,,
Airetech,Y,74008,BIXBY,N,OK,1480,2495,US,,,NaT,OK,,,READY,,,"BIXBY,",,CAMPBELLS HEATING & AIR CONDITION,,,HIGH,100,,,,14060 S PEORIA AVE #114,,,,,14060 S PEORIA AVE #114,,CAMPBELLS HEATING AND AIR CONDITION,74008,,,,,,
Airetech,Y,72150,SHERIDAN,N,AR,1481,2496,US,,,2026-01-09 05:01:34,AR,+18709424838,,READY,,,"SHERIDAN,",,SHERIDAN SCHOOL DISTRICT 37,+18709423135,,HIGH,80,purchasing@sheridanschools.org,,,PURCHASING@SHERIDANSCHOOLS.ORG,400 N ROCK ST,Missy Smead,,8709424838,400 N ROCK ST,,SHERIDAN SCHOOL DISTRICT 37,72150,,purchasing@sheridanschools.org,,,MISSY SMEAD,
Airetech,Y,73135,OKLAHOMA CITY,Y,OK,1482,2497,US,,,2026-01-09 05:01:36,OK,+18556247687,,READY,,,"OKLAHOMA CITY,",,MID CONTINENT GROUP LLC,+18556247687,,HIGH,80,invoices@mid-congroup.com,,,INVOICES@MID-CONGROUP.COM,3604 SE 59TH STREET,Bandy Johnstone,,8556247687,3604 SE 59TH ST,,MID CONTINENT GROUP LLC,73135,,invoices@mid-congroup.com,,,BANDY JOHNSTONE,
Airetech,Y,39601,BROOKHAVEN,N,MS,1483,2498,US,,,2026-01-09 05:01:38,MS,+16018353690,,READY,,,"BROOKHAVEN,",,WALMART DC 6011,+16018353600,,HIGH,80,6011dcinv@wal-mart.com,,,6011DCINV@WAL-MART.COM,2200 E MANUFACTURERS BLVD,,,6018353690,2200 E MANUFACTURERS BLVD,,WALMART DC 6011,39601,,6011dcinv@wal-mart.com,,,,
Airetech,Y,72104,MALVERN,N,AR,1484,2499,US,,,2026-01-09 05:01:40,AR,,,READY,,,"MALVERN,",,REYNOLDS CONSUMER PRODUCTS,+15014676422,,HIGH,80,,,,CREDIT CARD CUSTOMER,1333 HIGHWAY 270,James Isenhour,,,1333 HWY 270,,REYNOLDS CONSUMER PRODUCTS,72104,,,,,JAMES ISENHOUR,
Airetech,Y,74120,TULSA,N,OK,1485,2500,US,,,2026-01-09 05:01:42,OK,,,READY,,,"TULSA,",,INDIAN HEALTH CARE RESOURCE CENTER,+19185881900,,HIGH,80,dhurley@ihcrc.org,,10065631-03,DHURLEY@IHCRC.ORG,550 S PEORIA,,,,550 S PEORIA,,INDIAN HEALTH CARE RESOURCE CENTER,74120,,dhurley@ihcrc.org,,10065631-03,,
Airetech,Y,72746,LOWELL,N,AR,1486,2501,US,,,NaT,AR,,,READY,,,"LOWELL,",,PRO HEATING & COOLING LLC,+14794199595,,MEDIUM,70,,,,PO BOX 2113,,Ronny And Carrie,,,PO BOX 2113,,PRO HEATING AND COOLING LLC,72746,,,,,RONNY AND CARRIE,
Airetech,Y,32771,SANFORD,N,FL,1487,2502,US,,,NaT,FL,,,READY,,,"SANFORD,",,DHR MECHANICAL,+14074483801,,HIGH,100,,,OUT OF ST-FL,390 HICKMAN DRIVE,,,,,390 HICKMAN DR,,DHR MECHANICAL,32771,,,,OUT OF ST-FL,,
Airetech,Y,72712,BENTONVILLE,Y,AR,1493,2508,US,,,2026-01-09 05:01:53,AR,,,READY,,,"BENTONVILLE,",,WALMART FASHION DC 7842,,,HIGH,80,,,,SUPPLIER 522220,5800 SW AIRPORT BLVD,,,,5800 SW AIRPORT BLVD,,WALMART FASHION DC 7842,72712,,,,,,
Airetech,Y,72543,HEBER SPRINGS,N,AR,1488,2503,US,,,2026-01-09 05:01:46,AR,+15012414066,,READY,,,"HEBER SPRINGS,",,AVCOR CONSTRUCTION LLC,+15012414066,,HIGH,80,admin@avcor-usa.com,,,ADMIN@AVCOR-USA.COM,213 WEST MAIN STREET,Jackie Wengerd,,5012414066,213 W MAIN ST,,AVCOR CONSTRUCTION LLC,72543,,admin@avcor-usa.com,,,JACKIE WENGERD,
Airetech,Y,72834,DARDANELLE,N,AR,1489,2504,US,,,NaT,AR,,,READY,,,"DARDANELLE,",,AIRTECH HEATING & COOLING LLC,+14792299033,,MEDIUM,70,airtech@centurytel.net,,269654-75-001,PO BOX 428,AIRTECH@CENTURYTEL.NET,Nick Madison,,,PO BOX 428,,AIRTECH HEATING AND COOLING LLC,72834,,AIRTECH@CENTURYTEL.NET,,269654-75-001,NICK MADISON,
Airetech,Y,74114,TULSA,N,OK,1490,2505,US,,,NaT,OK,+19185920984,,READY,,,"TULSA,",,UTICA PLACE LLC,+19188541414,,HIGH,100,invoices@bostonavenue.com,,,INVOICES@BOSTONAVENUE.COM,2100 S UTICA PENTHOUSE,Adrian Phillips,,9185920984,2100 S UTICA PENTHOUSE,,UTICA PLACE LLC,74114,,invoices@bostonavenue.com,,,ADRIAN PHILLIPS,
Airetech,Y,37027,BRENTWOOD,N,TN,1491,2506,US,,,2026-01-09 05:01:51,TN,,,READY,,,"BRENTWOOD,",,CORECIVIC,+17347714987,,HIGH,80,,,,5501 VIRGINIA WAY STE 110,,Kelly Smalley,,,5501 VIRGINIA WAY STE 110,,CORECIVIC,37027,,,,,KELLY SMALLEY,
Airetech,Y,35253,BIRMINGHAM,N,AL,1492,2507,US,,,NaT,AL,,,READY,,,"BIRMINGHAM,",,BL HARBERT INTERNATIONAL,+12058022800,,MEDIUM,70,,,LETTER ONFILE,PO BOX 531390,,,,,PO BOX 531390,,BL HARBERT INTERNATIONAL,35253,,,,LETTER ONFILE,,
Airetech,Y,74338,COLCORD,N,OK,1500,2517,US,,,NaT,OK,,,READY,,,"COLCORD,",,LISA SALLY,+14795308759,,HIGH,100,,,,56223 COUNTY ROAD 660,,,,,56223 COUNTY RD 660,,LISA SALLY,74338,,,,,,
Airetech,Y,72022,BRYANT,Y,AR,1494,2509,US,,,2026-01-09 05:01:55,AR,,,READY,,,"BRYANT,",,ABMSCO LLC,,,HIGH,80,abmsco@yahoo.com,,,ABMSCO@YAHOO.COM,5223 CHARLES CT,Shane Smith,,,5223 CHARLES CT,,ABMSCO LLC,72022,,abmsco@yahoo.com,,,SHANE SMITH,
Airetech,Y,74429,COWETA,Y,OK,1495,2510,US,,,NaT,OK,+19185136894,,READY,,,"COWETA,",,MASON ENTERPRISES GROUP LLC,+19182663606,,MEDIUM,70,bryan.mason@masonentgroup.com,,,BRYAN.MASON@MASONENTGROUP.COM,PO BOX 492,Bryan Mason,,9185136894,PO BOX 492,,MASON ENTERPRISES GROUP LLC,74429,,bryan.mason@masonentgroup.com,,,BRYAN MASON,
Airetech,Y,71837,FOUKE,Y,AR,1496,2512,US,,,NaT,AR,+18706536167,,READY,,,"FOUKE,",,ELITE MECHANICAL SERVICES LLC,+19034901844,,HIGH,100,,,,206 BURGESS ST,,Christina Tucker,,8706536167,206 BURGESS ST,,ELITE MECHANICAL SERVICES LLC,71837,,,,,CHRISTINA TUCKER,
Airetech,Y,48071,MADISON HEIGHTS,N,MI,1497,2513,US,,,2026-01-09 05:01:59,MI,,,READY,,,"MADISON HEIGHTS,",,GALCO INDUSTRIAL ELECT COMMISSION,,,HIGH,80,,,COMM ONLY,26010 PINEHURST DRIVE,,,,,26010 PINEHURST DR,,GALCO INDUSTRIAL ELECT COMMISSION,48071,,,,COMM ONLY,,
Airetech,Y,74848,HOLDENVILLE,N,OK,1498,2514,US,,,NaT,OK,,,READY,,,"HOLDENVILLE,",,BURDENS HVAC LLC,+19186521252,,HIGH,100,,,,3510 REDBUD DRIVE,,,,,3510 REDBUD DR,,BURDENS HVAC LLC,74848,,,,,,
Airetech,Y,,,N,,1499,2516,US,,,NaT,,,,REVIEW,,,,,PLANT ELECTRIC,+15019330291,,LOW,20,fredplantjrelectric@gmail.com,,,FREDPLANTJRELECTRIC@GMAIL.COM,,Fred Plant Jr,,,,,PLANT ELECTRIC,,,fredplantjrelectric@gmail.com,,,FRED PLANT JR,
Airetech,Y,72764,SPRINGDALE,N,AR,1501,2519,US,,,2026-01-09 05:02:07,AR,+14799276383,,READY,,,SPRINGDALE,,NOW DIAGNOSTICS INC,+14799664530,,HIGH,80,accounting@nowdx.com,,,ACCOUNTING@NOWDX.COM,1200 STEWART PLACE,Cathy Lyon,,4799276383,1200 STEWART PL,,NOW DIAGNOSTICS INC,72764,,accounting@nowdx.com,,,CATHY LYON,
Airetech,Y,74135,TULSA,N,OK,1502,2520,US,,,2026-01-09 05:02:09,OK,,,READY,,,"TULSA,",,UNIVERSITY OF OKLAHOMA SCHUSTERMAN,,,HIGH,80,,,OK SCHOOL,4502 E 41ST STREET,,Danny Wilson,,,4502 E 41ST ST,,UNIVERSITY OF OKLAHOMA SCHUSTERMAN,74135,,,,OK SCHOOL,DANNY WILSON,
Airetech,Y,72764,SPRINGDALE,N,AR,1503,2521,US,,,2026-01-09 05:02:11,AR,,,READY,,,"SPRINGDALE,",,A & J CONSTRUCTION MANAGEMENT LLC,+14792251313,,HIGH,80,neema@bldg-solutions.com,,,NEEMA@BLDG-SOLUTIONS.COM,1503 W EMMA AVE,Neema Fallon,,,1503 W EMMA AVE,,A & J CONSTRUCTION MANAGEMENT LLC,72764,,neema@bldg-solutions.com,,,NEEMA FALLON,
Airetech,Y,65775,WEST PLAINS,N,MO,1504,2522,US,,,NaT,MO,,,READY,,,"WEST PLAINS,",,DQ GRILL & CHILL,+14172939611,,HIGH,100,ronshrable9611@gmail.com,,17-580099-MO,RONSHRABLE9611@GMAIL.COM,1665 S US 63,Ron Shrable,,,1665 S US 63,,DQ GRILL AND CHILL,65775,,ronshrable9611@gmail.com,,17-580099-MO,RON SHRABLE,
Airetech,Y,07004,FAIRFIELD,N,NJ,1505,2523,US,,,2026-01-09 05:02:15,NJ,,,READY,,,"FAIRFIELD,",,SAIC,,,HIGH,80,ap-invoices@saic.com,,56312710-SLS,AP-INVOICES@SAIC.COM,155 PASSAIC AVENUE,,,,155 PASSAIC AVE,,SAIC,7004,,AP-INVOICES@SAIC.COM,,56312710-SLS,,
Airetech,Y,72703,FAYETTEVILLE,N,AR,1506,2524,US,,,NaT,AR,,,READY,,,"FAYETTEVILLE,",,CMC MECHANICAL,+14796508161,,MEDIUM,70,cmcmechanical2016@gmail.com,,58566810-SLS,CMCMECHANICAL2016@GMAIL.COM,PO BOX 10583,Chris Campbell,,,PO BOX 10583,,CMC MECHANICAL,72703,,cmcmechanical2016@gmail.com,,58566810-SLS,CHRIS CAMPBELL,
Airetech,Y,28036-9721,DAVIDSON,N,NC,1507,2525,US,,,NaT,NC,,,READY,,,"DAVIDSON,",,TRANE DAVIDSON NC,+18003928539,,MEDIUM,70,ttap.invoice@tranetechnologies,,00562138-SLS,TTAP.INVOICE@TRANETECHNOLOGIES,PO BOX 2380,,,,PO BOX 2380,,TRANE DAVIDSON NC,28036-9721,,ttap.invoice@tranetechnologies,,00562138-SLS,,
Airetech,Y,74159,TULSA,N,OK,1508,2526,US,,,NaT,OK,+19187322880,,READY,,,"TULSA,",,BAMA COMPANIES,+19187322510,,MEDIUM,70,bamaap@bama.com,,STS1005162807,BAMAAP@BAMA.COM,PO BOX 4829,Linda Martin,,9187322880,PO BOX 4829,,BAMA COMPANIES,74159,,bamaap@bama.com,,STS1005162807,LINDA MARTIN,
Airetech,Y,74146,TULSA,Y,OK,1509,2527,US,,,2026-01-09 05:02:20,OK,,,READY,,,"TULSA,",,MAIN STREET MECHANICAL,+19187286778,,HIGH,80,mainstmech@gmail.com,,,MAINSTMECH@GMAIL.COM,4732 S MINGO ROAD,,,,4732 S MINGO RD,,MAIN STREET MECHANICAL,74146,,mainstmech@gmail.com,,,,
Airetech,Y,71654,MCGEHEE,N,AR,1510,2528,US,,,NaT,AR,,,READY,,,"MCGEHEE,",,BARHAM HEATING & AIR CONDITIONING,+18702228537,,HIGH,100,dbarham13@yahoo.com,,318210-22-001,DBARHAM13@YAHOO.COM,1604 OLD TILLER HWY,David Barham,,,1604 OLD TILLER HWY,,BARHAM HEATING AND AIR CONDITIONING,71654,,dbarham13@yahoo.com,,318210-22-001,DAVID BARHAM,
Airetech,Y,72065,HENSLEY,N,AR,1512,2530,US,,,NaT,AR,,,READY,,,"HENSLEY,",,BENNETTS REFRIGERATION,,,HIGH,100,shawn@bennettsrefrigeration.co,,,SHAWN@BENNETTSREFRIGERATION.CO,20786 ARCH ST,Shawn,,,20786 ARCH ST,,BENNETTS REFRIGERATION,72065,,shawn@bennettsrefrigeration.co,,,SHAWN,
Airetech,Y,72223,LITTLE ROCK,N,AR,1513,2531,US,,,NaT,,,,READY,,,,,HM SMITH,+15017722775,,HIGH,100,,,,3633 GARRISON ROAD,"LITTLE ROCK, AR",,,,3633 GARRISON RD,,HM SMITH,72223,,,,,,
Airetech,Y,74003,BARTLESVILLE,N,OK,1514,2532,US,,,NaT,OK,,,READY,,,"BARTLESVILLE,",,CENTRAL PLAINS MECHANICAL,,,HIGH,100,cpmowasso@yahoo.com,,,CPMOWASSO@YAHOO.COM,72 MAUDIC LANE,Cpmowasso@Yahoocom,,,72 MAUDIC LN,,CENTRAL PLAINS MECHANICAL,74003,,cpmowasso@yahoo.com,,,CPMOWASSO@YAHOO.COM,
Airetech,Y,60139,GLENDALE HEIGHTS,N,IL,1515,2533,US,,,2026-01-09 05:02:32,IL,,,READY,,,"GLENDALE HEIGHTS,",,CLIMATE PROS LLC,+16308938511,,HIGH,80,invoice@climatepros.com,,100239010,INVOICE@CLIMATEPROS.COM,55 N BRANDON DR,Lisa Anderson,,,55 N BRANDON DR,,CLIMATE PROS LLC,60139,,invoice@climatepros.com,,100239010,LISA ANDERSON,
Airetech,Y,,,N,,1516,2534,US,,,NaT,,,,REVIEW,,,,,MENSCH FITNESS - DO NOT USE,+14796508161,,LOW,20,,,,CHRIS CAMPBELL,,Chris Campbell,,,,,MENSCH FITNESS - DO NOT USE,,,,,,CHRIS CAMPBELL,
Airetech,Y,75220,DALLAS,N,TX,1517,2535,US,,,2026-01-09 05:02:36,TX,+19723718118,,READY,,,"DALLAS,",,NATIONAL WHOLESALE SUPPLY INC,+19723317770,,HIGH,80,ap@nationalwholesale.biz,,STS1496492904,AP@NATIONALWHOLESALE.BIZ,1972 CALIFORNIA CROSSING,,,972-371-8118,1972 CALIFORNIA CROSSING,,NATIONAL WHOLESALE SUPPLY INC,75220,,ap@nationalwholesale.biz,,STS1496492904,,
Airetech,Y,74701,DURANT,N,OK,1518,2536,US,,,NaT,OK,,,READY,,,"DURANT,",,SG ECHO LLC,+15803804708,,HIGH,100,accounting@echodcl.com,,85-2885690,ACCOUNTING@ECHODCL.COM,2917 BIG LOTS PARKWAY,Rose Carver,,,2917 BIG LOTS PKWY,,SG ECHO LLC,74701,,accounting@echodcl.com,,85-2885690,ROSE CARVER,
Airetech,Y,71731,EL DORADO,N,AR,1519,2537,US,,,NaT,AR,,,READY,,,"EL DORADO,",,QUALITY ELECTRIC,+18708629958,,MEDIUM,70,cliff.harbour@yahoo.com,,008370-70-001,CLIFF.HARBOUR@YAHOO.COM,PO BOX 207,Cliff Harbour,,,PO BOX 207,,QUALITY ELECTRIC,71731,,cliff.harbour@yahoo.com,,008370-70-001,CLIFF HARBOUR,
Airetech,Y,72703,FAYETTEVILLE,N,AR,1520,2538,US,,,2026-01-09 05:02:41,,,,READY,,,,,CHRISTIAN GUNN-SCHINKER,+14793012828,,HIGH,80,,,,"3900 NORTH FRONT ST, SUITE 103","FAYETTEVILLE, AR",Christian Gunn-Schin,,,3900 N FRONT ST STE 103,,CHRISTIAN GUNN-SCHINKER,72703,,,,,CHRISTIAN GUNN-SCHIN,
Airetech,Y,84799,SAINT GEORGE,N,UT,1521,2540,US,,,NaT,UT,,,READY,,,"SAINT GEORGE,",,PARKWAY CONSTRUCTION,,,HIGH,100,tpalmer@pkwycon.com,,,TPALMER@PKWYCON.COM,1630 E 2450 F UNIT 102,T Palmer,,,1630 E 2450 F UNIT 102,,PARKWAY CONSTRUCTION,847990,,tpalmer@pkwycon.com,,,T PALMER,
Airetech,Y,34951,FORT PIERCE,Y,FL,1522,2541,US,,,NaT,FL,+15613482363,,READY,,,"FORT PIERCE,",,VENERGY GROUP LLC,+17724680053,,HIGH,100,ap@venergygroup.com,,6680158371692,AP@VENERGYGROUP.COM,3130 SEMINOLE ROAD,Ap,,561-348-2363,3130 SEMINOLE RD,,VENERGY GROUP LLC,34951,,ap@venergygroup.com,,6680158371692,AP,
Airetech,Y,34711,CLAREMONT,N,FL,1523,2542,US,,,NaT,FL,,,READY,,,"CLAREMONT,",,KALOS HEAT & AIR,+13522437088,,HIGH,100,,,FL EXEMPT,236 HATERAS AVE,,,,,236 HATERAS AVE,,KALOS HEAT AND AIR,34711,,,,FL EXEMPT,,
Airetech,Y,74080,TALALA,N,OK,1524,2543,US,,,NaT,OK,,,READY,,,"TALALA,",,ROGERS COUNTY HEATING & AIR,+19186299732,,HIGH,100,,,,3903 S 4120 ROAD,,,,,3903 S 4120 RD,,ROGERS COUNTY HEATING AND AIR,74080,,,,,,
Airetech,Y,72110,MORRILTON,N,AR,1525,2545,US,,,2026-01-09 05:02:51,AR,,,READY,,,"MORRILTON,",,BRENTS & SONS HEAT & AIR INC,+15013544642,,HIGH,80,billing@brentsandsons.com,,,BILLING@BRENTSANDSONS.COM,807 N SAINT JOSEPH ST,Shelley,,,807 N SAINT JOSEPH ST,,BRENTS AND SONS HEAT AND AIR INC,72110,,billing@brentsandsons.com,,,SHELLEY,
Airetech,Y,71901,HOT SPRINGS,N,AR,1526,2546,US,,,2026-01-09 05:02:54,,,,READY,,,,,DAVE BRAUGHTON PLUMBING,+15016272772,,HIGH,80,,,,307 SHADY HILLS,"HOT SPRINGS, AR",,,,307 SHADY HILLS,,DAVE BRAUGHTON PLUMBING,71901,,,,,,
Airetech,Y,71913,HOT SPRINGS,N,AR,1527,2547,US,,,NaT,AR,,,READY,,,"HOT SPRINGS,",,HOTEL HALE ZEST ENTERPRISE LLC DBA,+15012761409,,HIGH,100,pmccabe@levihospital.com,,77017687-SLS,PMCCABE@LEVIHOSPITAL.COM,144 MYRICK COURT,Pat Mccabe,,,144 MYRICK CT,,HOTEL HALE  ZEST ENTERPRISE LLC DBA,71913,,pmccabe@levihospital.com,,77017687-SLS,PAT MCCABE,
Airetech,Y,71957,MOUNT IDA,N,AR,1533,2553,US,,,NaT,AR,+18708673987,,READY,,,"MOUNT IDA,",,BOBS FOOD CITY,+18708673551,,MEDIUM,70,rex@bobsfoodcity.com,,,REX@BOBSFOODCITY.COM,PO BOX 88,Rex Cooper,,8708673987,PO BOX 88,,BOBS FOOD CITY,71957,,rex@bobsfoodcity.com,,,REX COOPER,
Airetech,Y,74017,CLAREMORE,N,OK,1528,2548,US,,,2026-01-09 05:02:58,OK,+19183426217,,READY,,,"CLAREMORE,",,USPHS CLAREMORE INDIAN HOPSITAL,+19183426483,,HIGH,80,charles.lewis@ihs.gov,,599888,CHARLES.LEWIS@IHS.GOV,101 S MOORE AVE,Charles S Lewis,,9183426217,101 S MOORE AVE,,USPHS CLAREMORE INDIAN HOPSITAL,74017,,charles.lewis@ihs.gov,,599888,CHARLES S LEWIS,
Airetech,Y,74436,HASKELL,Y,OK,1529,2549,US,,,NaT,OK,,,READY,,,HASKELL,,DIAMOND INDUSTRIAL SERVICES LLC,+19188091505,,HIGH,100,chadc@diamondia.net,,,CHADC@DIAMONDIA.NET,21171 WEST 35TH STREET NORTH,Chad Cochran,,,21171 W 35TH ST N,,DIAMOND INDUSTRIAL SERVICES LLC,74436,,chadc@diamondia.net,,,CHAD COCHRAN,
Airetech,Y,72022,BRYANT,Y,AR,1530,2550,US,,,2026-01-09 05:03:02,AR,,,READY,,,"BRYANT,",,ARKANSAS SERVICE ONE HVAC INC,+15019431700,,HIGH,80,ap@asohvac.com,,69667736-001,AP@ASOHVAC.COM,3015 CORPORATE CENTER DRIVE,Tonya Emmerling,,,3015 CORPORATE CENTER DR,,ARKANSAS SERVICE ONE HVAC INC,72022,,ap@asohvac.com,,69667736-001,TONYA EMMERLING,
Airetech,Y,71923,ARKADELPHIA,N,AR,1531,2551,US,,,2026-01-09 05:03:04,AR,,,READY,,,"ARKADELPHIA,",,GOZA CONSTRUCTION LLC,+18704031283,,HIGH,80,mgoza@rocketmail.com,,,MGOZA@ROCKETMAIL.COM,919 N 15TH ST,Paul Goza,,,919 N 15TH ST,,GOZA CONSTRUCTION LLC,71923,,mgoza@rocketmail.com,,,PAUL GOZA,
Airetech,Y,39041,BOLTON,N,MS,1532,2552,US,,,NaT,MS,+16018662299,,READY,,,"BOLTON,",,METRO MECHANICAL INC,+16018669050,,MEDIUM,70,ap@metromechanical.net,,,AP@METROMECHANICAL.NET,PO BOX 368,Allison Wilson,,6018662299,PO BOX 368,,METRO MECHANICAL INC,39041,,ap@metromechanical.net,,,ALLISON WILSON,
Airetech,Y,72927,GREENWOOD,N,AR,1534,2554,US,,,NaT,AR,,,READY,,,"GREENWOOD,",,ENVIRONMENTAL TECHNICAL SERVICES,+14796502961,,MEDIUM,70,mike@ets-tab.com,,,MIKE@ETS-TAB.COM,PO BOX 277,Mike Cox,,,PO BOX 277,,ENVIRONMENTAL TECHNICAL SERVICES,72927,,mike@ets-tab.com,,,MIKE COX,
Airetech,Y,72019,BENTON,N,AR,1535,2555,US,,,NaT,,,,READY,,,,,ADVANCED SYSTEMS HVAC,+15015748590,,HIGH,100,,,,6228 STEEL BRIDGE ROAD,"BENTON, AR",Mark,,,6228 STEEL BRIDGE RD,,ADVANCED SYSTEMS HVAC,72019,,,,,MARK,
Airetech,Y,72129,PRATTSVILLE,Y,AR,1536,2556,US,,,NaT,AR,+15018882399,,READY,,,"PRATTSVILLE,",,ARKANSAS REFRIGERATION COMPANY,+15018882397,,MEDIUM,70,,,034267-60-001,,PO BOX 144,,,5018882399,PO BOX 144,,ARKANSAS REFRIGERATION COMPANY,72129,,,,034267-60-001,,
Airetech,Y,72099,LITTLE ROCK AFB,Y,AR,1537,2557,US,,,NaT,,,,READY,,,,,19 CES LRAFB,+15019873271,,HIGH,100,,,71-0276799,530 THOMAS AVE - LRAFB,"LITTLE ROCK AFB, AR",John Gahr,,,530 THOMAS AVE - LRAFB,,19 CES LRAFB,72099,,,,71-0276799,JOHN GAHR,
Airetech,Y,71902,HOT SPRINGS,Y,AR,1538,2558,US,,,NaT,AR,,,READY,,,"HOT SPRINGS,",,CITY OF HOT SPRINGS,+15013216895,,MEDIUM,70,acctpayable@cityhs.net,,,ACCTPAYABLE@CITYHS.NET,PO BOX 6300,Kevin Loy,,,PO BOX 6300,,CITY OF HOT SPRINGS,71902,,acctpayable@cityhs.net,,,KEVIN LOY,
Airetech,Y,72396,WYNNE,Y,AR,1539,2559,US,,,2026-01-09 05:03:10,AR,,,READY,,,"WYNNE,",,LAB MECHANICAL SOLUTIONS,+18703629223,,HIGH,80,lonniewinfrey@yahoo.com,,,LONNIEWINFREY@YAHOO.COM,215 9TH ST WEST,Lonnie Winfrey,,,215 9TH ST W,,LAB MECHANICAL SOLUTIONS    CC CUST,72396,,LONNIEWINFREY@YAHOO.COM,,,LONNIE WINFREY,
Airetech,Y,74344,GROVE,N,OK,1540,2560,US,,,2026-01-09 05:03:12,OK,+19187913323,,READY,,,"GROVE,",,TRITON DESIGN BUILDERS LLC,+19187913322,,HIGH,80,trenner@tritondb.com,,,TRENNER@TRITONDB.COM,29100 S 637 ROAD,Tammy Renner,,9187913323,29100 S 637 RD,,TRITON DESIGN BUILDERS LLC,74344,,trenner@tritondb.com,,,TAMMY RENNER,
Airetech,Y,71613,PINE BLUFF,N,AR,1541,2561,US,,,NaT,AR,,,READY,,,"PINE BLUFF,",,D & J STEEL INC,+18705362986,,MEDIUM,70,akittler@cablelynx.com,,,AKITTLER@CABLELYNX.COM,PO BOX 1466,Amber Kittler,,,PO BOX 1466,,D AND J STEEL INC,71613,,akittler@cablelynx.com,,,AMBER KITTLER,
Airetech,Y,72715,BELLA VISTA,N,AR,1542,2562,US,,,2026-01-09 05:03:14,,,,READY,,,,,EDDIE TUCKER,+14793068051,,HIGH,80,,,,10 GRIMSAY DR,"BELLA VISTA, AR",,,,10 GRIMSAY DR,,EDDIE TUCKER,72715,,,,,,
Airetech,Y,74148,TULSA,N,OK,1543,2563,US,,,NaT,OK,,,READY,,,"TULSA,",,TULSA HOUSING AUTHORITY,+19185815720,,MEDIUM,70,anh.nguyen@tulsahousing.org,,EXM1009684506,ANH.NGUYEN@TULSAHOUSING.ORG,PO BOX 6369,Anh Nguyen,,,PO BOX 6369,,TULSA HOUSING AUTHORITY,74148,,anh.nguyen@tulsahousing.org,,EXM1009684506,ANH NGUYEN,
Airetech,Y,72713,BENTONVILLE,N,AR,1544,2564,US,,,2026-01-09 05:03:16,,+14792051001,,READY,,,,,NORTHWEST ARKANSAS NATIONAL AIRPORT,+14792051000,,HIGH,80,,,312527-84--00,"ONE AIRPORT BLVD, SUITE 100","BENTONVILLE, AR",,,4792051001,ONE AIRPORT BLVD STE 100,,NORTHWEST ARKANSAS NATIONAL AIRPORT,72713,,,,312527-84--00,,
Airetech,Y,74115,TULSA,N,OK,1567,2588,US,,,2026-01-09 05:03:58,OK,,,READY,,,"TULSA,",,MISSION ELECTRIC,,,HIGH,80,,,,1220 N CANTON AVE,,,,,1220 N CANTON AVE,,MISSION ELECTRIC,74115,,,,,,
Airetech,Y,74114,TULSA,N,OK,1545,2565,US,,,2026-01-09 05:03:19,OK,,,READY,,,"TULSA,",,CHURCH OF CHRIST 29TH & YALE,+19187061227,,HIGH,80,dv.curtis@cox.net,,,DV.CURTIS@COX.NET,2901 S YALE,Don Curtis,,,2901 S YALE,,CHURCH OF CHRIST   29TH AND YALE,74114,,dv.curtis@cox.net,,,DON CURTIS,
Airetech,Y,72756,ROGERS,N,AR,1546,2567,US,,,2026-01-09 05:03:22,AR,,,READY,,,"ROGERS,",,THE HEAT & AIR TEAM LLC,+14796337586,,HIGH,80,office@theheatandairteam.com,,84060954-SLS,OFFICE@THEHEATANDAIRTEAM.COM,"555 N 13TH STREET, UNIT B",Tiffany Liljenberg,,,555 N 13TH ST UNIT B,,THE HEAT AND AIR TEAM LLC,72756,,office@theheatandairteam.com,,84060954-SLS,TIFFANY LILJENBERG,
Airetech,Y,72853,OLA,N,AR,1547,2568,US,,,NaT,AR,+18332723125,,READY,,,"OLA,",,TWO RIVERS SCHOOL DISTRICT,+18332728773,,HIGH,100,accountspayable@trgators.org,,,ACCOUNTSPAYABLE@TRGATORS.ORG,17727 E STATE HWY 28,Nicky Kinder,,8332723125,17727 E STATE HWY 28,,TWO RIVERS SCHOOL DISTRICT,72853,,accountspayable@trgators.org,,,NICKY KINDER,
Airetech,Y,72260,LITTLE ROCK,N,AR,1548,2569,US,,,NaT,,+15014552643,,READY,,,,,CAPITAL MATERIAL HANDLING,+15014070600,,MEDIUM,70,,,00244387-SLS,PO BOX 30370,"LITTLE ROCK, AR",Bill Torrey,,5014552643,PO BOX 30370,,CAPITAL MATERIAL HANDLING,72260,,,,00244387-SLS,BILL TORREY,
Airetech,Y,74955,SALLISAW,N,OK,1549,2570,US,,,NaT,,,,READY,,,,,US ARMY CORP OF ENGINEERS,+19187759791,,HIGH,100,,,,114302 S 4629 ROAD,"SALLISAW, OK",,,,114302 S 4629 RD,,US ARMY CORP OF ENGINEERS,74955,,,,,,
Airetech,Y,,,N,,1550,2571,US,,,NaT,,,,REVIEW,,,,,TRAVIS REESE,+19702610525,,LOW,20,ap@tagmultifamily.com,,,AP@TAGMULTIFAMILY.COM,,Travis Reese,,,,,TRAVIS REESE,,,ap@tagmultifamily.com,,,TRAVIS REESE,
Airetech,Y,72202,LITTLE ROCK,N,AR,1551,2572,US,,,2026-01-09 05:03:30,AR,+15016619546,,READY,,,"LITTLE ROCK,",,EAST HARDING INC,+15016611646,,HIGH,80,,,,EMAIL - SEE COMMENTS,2230 COTTONDALE LANE,Hamoudi J/Shawn C,,5016619546,2230 COTTONDALE LN,,EAST HARDING INC,72202,,,,,HAMOUDI J/SHAWN C,
Airetech,Y,74402,MUSKOGEE,N,OK,1552,2573,US,,,NaT,OK,+19186873249,,READY,,,"MUSKOGEE,",,MUSKOGEE HOUSING AUTHORITY,+19189105502,,MEDIUM,70,linda.doughty@muskogeehousing.,,730799856,LINDA.DOUGHTY@MUSKOGEEHOUSING.,PO BOX 1471,Linda Doughty,,9186873249,PO BOX 1471,,MUSKOGEE HOUSING AUTHORITY,74402,,linda.doughty@muskogeehousing.,,730799856,LINDA DOUGHTY,
Airetech,Y,74134,TULSA,N,OK,1553,2574,US,,,2026-01-09 05:03:32,OK,,,READY,,,"TULSA,",,AIRSTAR LLC,+19183137767,,HIGH,80,,,,CREDIT CARD CUSTOMER,5848 S 129TH EAST AVE,,,,5848 S 129TH E AVE,,AIRSTAR LLC,74134,,,,,,
Airetech,Y,71730,EL DORADO,Y,AR,1554,2575,US,,,NaT,AR,,,READY,,,"EL DORADO,",,LBP LLC,+18708624715,,HIGH,100,,,,5211 N SMITH STREET,,Karla Long,,,5211 N SMITH ST,,LBP LLC,71730,,,,,KARLA LONG,
Airetech,Y,80701,FORT MORGAN,N,CO,1555,2576,US,,,NaT,CO,+19708678539,,READY,,,"FORT MORGAN,",,SCHMEECKLE BROS CONSTRUCTION CO,+19708676664,,HIGH,100,janet@schmeecklebros.com,,TX18411143227,JANET@SCHMEECKLEBROS.COM,17168 N FRONTAGE ROAD,Janet Eisenach,,9708678539,17168 N FRONTAGE RD,,SCHMEECKLE BROS CONSTRUCTION CO,80701,,janet@schmeecklebros.com,,TX18411143227,JANET EISENACH,
Airetech,Y,74014,BROKEN ARROW,N,OK,1556,2577,US,,,2026-01-09 05:03:39,OK,+19183645506,,READY,,,"BROKEN ARROW,",,BRONZE OAK LLC,+19183645505,,HIGH,80,jparks@bronzeoakgc.com,,,JPARKS@BRONZEOAKGC.COM,15800 S 193RD E AVE,Jeanne Parks,,9183645506,15800 S 193RD E AVE,,BRONZE OAK LLC,74014,,jparks@bronzeoakgc.com,,,JEANNE PARKS,
Airetech,Y,74120,TULSA,N,OK,1557,2578,US,,,2026-01-09 05:03:41,,+19185618711,,READY,,,,,NAMEPLATES INC,+19185842651,,HIGH,80,,,sts1001580706,325 S QUINCY,"TULSA, OK",,,9185618711,325 S QUINCY,,NAMEPLATES INC,74120,,,,sts1001580706,,
Airetech,Y,74133,TULSA,N,OK,1558,2579,US,,,2026-01-09 05:03:44,OK,+19184595890,,READY,,,"TULSA,",,AQUATIC CENTRE OF TULSA,+19182541988,,HIGH,80,gina@millerswimschool.com,,,GINA@MILLERSWIMSCHOOL.COM,6415 S MINGO,Gina,,9184595890,6415 S MINGO,,AQUATIC CENTRE OF TULSA,74133,,gina@millerswimschool.com,,,GINA,
Airetech,Y,72143,SEARCY,N,AR,1559,2580,US,,,2026-01-09 05:03:46,AR,+15013804649,,READY,,,"SEARCY,",,UNITY HEALTH WHITE COUNTY MED CNTR,+15012686121,,HIGH,80,ap@unity-health.org,,71-0772737,AP@UNITY-HEALTH.ORG,3214 EAST RACE AVE,Luke Morris,,5013804649,3214 E RACE AVE,,UNITY HEALTH WHITE COUNTY MED CNTR,72143,,ap@unity-health.org,,71-0772737,LUKE MORRIS,
Airetech,Y,74601,PONCA CITY,Y,OK,1560,2581,US,,,NaT,OK,,,READY,,,PONCA CITY,,KUHN MECHANICAL INC,+15803089339,,MEDIUM,70,apinvoicing@kuhnmechanical.com,,,APINVOICING@KUHNMECHANICAL.COM,PO BOX 1022,Lacy / Jeni,,,PO BOX 1022,,KUHN MECHANICAL INC,74601,,apinvoicing@kuhnmechanical.com,,,LACY / JENI,
Airetech,Y,74361,PRYOR,N,OK,1561,2582,US,,,NaT,OK,+17704825792,,READY,,,"PRYOR,",,BATCHELOR & KIMBELL INC,+17704822000,,HIGH,100,accountspayable@bkimechanical.,,,ACCOUNTSPAYABLE@BKIMECHANICAL.,"3130 MAIN ST, SUITE L",Gary Moberg,,7704825792,3130 MAIN ST STE L,,BATCHELOR AND KIMBELL INC,74361,,accountspayable@bkimechanical.,,,GARY MOBERG,
Airetech,Y,73129,OKLAHOMA CITY,N,OK,1562,2583,US,,,2026-01-09 05:03:50,,,,READY,,,,,STREETS LLC,+14056326664,,HIGH,80,,,,100 SE 25TH ST,"OKLAHOMA CITY, OK",,,,100 SE 25TH ST,,STREETS LLC,73129,,,,,,
Airetech,Y,72956,VAN BUREN,Y,AR,1563,2584,US,,,2026-01-09 05:03:51,AR,+14794715533,,READY,,,"VAN BUREN,",,MIDSOUTH STEAM BOILER & ENGINEERI,+14794711468,,HIGH,80,ap@midsouthboiler.com,,043381-17-001,AP@MIDSOUTHBOILER.COM,3805 POINTER TRAIL EAST,Valerie Wisely,,4794715533,3805 POINTER TRAIL E,,MIDSOUTH STEAM BOILER AND ENGINEERI,72956,,ap@midsouthboiler.com,,043381-17-001,VALERIE WISELY,
Airetech,Y,72203,LITTLE ROCK,N,AR,1564,2585,US,,,NaT,,+15013196823,,READY,,,,,DEPT OF TRANFORMATION & SHARED SV,+15016832220,,MEDIUM,70,,,,PO BOX 3522,"LITTLE ROCK, AR",Sharon L Gaines,,5013196823,PO BOX 3522,,DEPT OF TRANFORMATION AND SHARED SV,72203,,,,,SHARON L GAINES,
Airetech,Y,,,N,,1565,2586,US,,,NaT,,,,REVIEW,,,,,BALTIMORE AIRCOIL CO - COMMISSION,,,LOW,20,,,COMMISSION,,,,,,,,BALTIMORE AIRCOIL CO - COMMISSION,,,,,COMMISSION,,
Airetech,Y,72701,FAYETTEVILLE,N,AR,1566,2587,US,,,2026-01-09 05:03:56,AR,,,READY,,,"FAYETTEVILLE,",,COMMERCIAL PROPERTY SOLUTIONS,,,HIGH,80,,,12124167-SLS,"1 E CENTER ST, STE 320B",,,,,1 E CENTER ST STE 320B,,COMMERCIAL PROPERTY SOLUTIONS,72701,,,,12124167-SLS,,
Airetech,Y,74120,TULSA,N,OK,1568,2589,US,,,NaT,,,,READY,,,,,JACK MCGLUMPHY,+19185833101,,HIGH,100,,,NEED CERT,1624 EAST 34D ST,"TULSA, OK",Jack Mcglumphy,,,1624 E 34D ST,,JACK MCGLUMPHY,74120,,,,NEED CERT,JACK MCGLUMPHY,
Airetech,Y,72756,ROGERS,N,AR,1569,2590,US,,,NaT,,,,READY,,,,,ALL STAR COOLING LLC,,,HIGH,100,,,72964818-SLS,11806 PLANK ROAD,"ROGERS, AR",Mundo Harbaugh,,,11806 PLANK RD,,ALL STAR COOLING LLC,72756,,,,72964818-SLS,MUNDO HARBAUGH,
Airetech,Y,38133,BARTLETT,N,TN,1570,2591,US,,,2026-01-09 05:04:04,TN,+15012030707,,READY,,,"BARTLETT,",,WAGNER GENERAL CONTRACTORS INC,+15012030704,,HIGH,80,amanda@wagnergeneral.com,,,AMANDA@WAGNERGENERAL.COM,7540 BARTLETT CORPORATE DRIVE,Amanda Burnsed,,5012030707,7540 BARTLETT CORPORATE DR,,WAGNER GENERAL CONTRACTORS INC,38133,,amanda@wagnergeneral.com,,,AMANDA BURNSED,
Airetech,Y,73105,OKLAHOMA CITY,N,OK,1571,2592,US,,,2026-01-09 05:04:06,OK,+14055283359,,READY,,,"OKLAHOMA CITY,",,HARRISON ORR AIR CONDITIONING LLC,+14055283333,,HIGH,80,apinvoices@harrisonorr.com,,,APINVOICES@HARRISONORR.COM,4100 N WALNUT AVE,Courtney Seaquist,,4055283359,4100 N WALNUT AVE,,HARRISON ORR AIR CONDITIONING LLC,73105,,apinvoices@harrisonorr.com,,,COURTNEY SEAQUIST,
Airetech,Y,71901,HOT SPRINGS,Y,AR,1572,2594,US,,,NaT,AR,+15012625551,,READY,,,"HOT SPRINGS,",,GIGERICH ELECTRICAL INC,+15012625550,,HIGH,100,,,,,4669 MALVERN ROAD,Accounts Payables,,5012625551,4669 MALVERN RD,,GIGERICH ELECTRICAL INC,71901,,,,,Accounts Payables,
Airetech,Y,74432,EUFAULA,N,OK,1573,2595,US,,,NaT,,,,READY,,,,,RIPS HEAT & AIR,+19189950376,,HIGH,100,,,,119062 S 4130 ROAD,"EUFAULA, OK",Shane Rippy,,,119062 S 4130 RD,,RIPS HEAT AND AIR,74432,,,,,SHANE RIPPY,
Airetech,Y,94710,BERKELEY,N,CA,1574,2596,US,,,2026-01-09 05:04:12,CA,+15108455595,,READY,,,"BERKELEY,",,TECHNICAL SAFETY SERVICES LLC,+15108455591,,HIGH,80,tss-ap@techsafety.com,,,TSS-AP@TECHSAFETY.COM,620 HEARST AVE,,,5108455595,620 HEARST AVE,,TECHNICAL SAFETY SERVICES LLC,94710,,tss-ap@techsafety.com,,,,
Airetech,Y,72761,SILOAM SPRINGS,N,AR,1575,2598,US,,,NaT,AR,,,READY,,,"SILOAM SPRINGS,",,AAA FIRE SAFETY,+14792381926,,MEDIUM,70,susan.aaafiresafety@hotmail.co,,,SUSAN.AAAFIRESAFETY@HOTMAIL.CO,PO BOX 447,Susan Campbell,,,PO BOX 447,,AAA FIRE SAFETY,72761,,susan.aaafiresafety@hotmail.co,,,SUSAN CAMPBELL,
Airetech,Y,74501,MCALESTER,N,OK,1576,2599,US,,,NaT,,,,READY,,,,,REDNECK RESERVE,,,HIGH,100,,,EXM1053353803,419 SEVEN DEVILS ROAD,"MCALESTER, OK",Cody Myers,,,419 SEVEN DEVILS RD,,REDNECK RESERVE,74501,,,,EXM1053353803,CODY MYERS,
Airetech,Y,74601-1179,PONCA CITY,N,OK,1577,2600,US,,,2026-01-09 05:04:17,,,,READY,,,,,LOG10 LLC,,,HIGH,80,,,,2402 SYKES BLVD,"PONCA CITY, OK",,,,2402 SYKES BLVD,,LOG10 LLC,74601-1179,,,,,,
Airetech,Y,74116,TULSA,N,OK,1578,2601,US,,,2026-01-09 05:04:19,OK,,,READY,,,"TULSA,",,CENTRAL PLAINS CEMENT COMPANY,+19364020125,,HIGH,80,layne@premier-indsvc.com,,,LAYNE@PREMIER-INDSVC.COM,2609 N 145TH EAST AVE,Layne,,,2609 N 145TH E AVE,,CENTRAL PLAINS CEMENT COMPANY,74116,,layne@premier-indsvc.com,,,LAYNE,
Airetech,Y,72099,LRAFB,N,AR,1579,2602,US,1090 ARNOLD DR,,NaT,AR,,,READY,,,"LRAFB,",,FACILITY SERVICE MANAGEMENT INC,+15019871600,,HIGH,100,,,,19TH MEDICAL CLINIC,1090 ARNOLD DRIVE,,,,19TH MEDICAL CLINIC,,FACILITY SERVICE MANAGEMENT INC,72099,,,,,,
Airetech,Y,72823,ATKINS,N,AR,1580,2603,US,,,2026-01-09 05:04:23,AR,,,READY,,,"ATKINS,",,MAYS MECHANICAL SERVICES,+14793757378,,HIGH,80,amber.may@maysmechanical.org,,,AMBER.MAY@MAYSMECHANICAL.ORG,715 TWIN DIKES ROAD,Amber May,,,715 TWIN DIKES RD,,MAYS MECHANICAL SERVICES,72823,,amber.may@maysmechanical.org,,,AMBER MAY,
Airetech,Y,74960,STILLWELL,N,OK,1581,2604,US,,,NaT,OK,,,READY,,,"STILLWELL,",,STILLWELL MEMORIAL HOSPITAL,+19186963101,,HIGH,100,,,,1401 W LOCUST,,Johnny Bolin,,,1401 W LOCUST,,STILLWELL MEMORIAL HOSPITAL,74960,,,,,JOHNNY BOLIN,
Airetech,Y,65808,SPRINGFIELD,N,MO,1582,2605,US,,,NaT,MO,,,READY,,,"SPRINGFIELD,",,BAIRD REFRIGERATION CO INC,+14177532835,,MEDIUM,70,,,13655477-MO,PO BOX 4897,,"P ""Brian"" Weaver",,,PO BOX 4897,,BAIRD REFRIGERATION CO INC,65808,,,,13655477-MO,"P ""BRIAN"" WEAVER",
Airetech,Y,48311,STERLING HEIGHTS,Y,MI,1583,2606,US,,,NaT,MI,,,READY,,,"STERLING HEIGHTS,",,IBT INDUSTRIAL SOLUTIONS,+19136773151,,MEDIUM,70,,,00050183-SLS,PO BOX 8001,,Thomas Walter,,,PO BOX 8001,,IBT INDUSTRIAL SOLUTIONS,48311,,,,00050183-SLS,THOMAS WALTER,
Airetech,Y,74119,TULSA,Y,OK,1584,2607,US,,,NaT,OK,,,READY,,,"TULSA,",,4590 E 29TH LLC,+17012125992,,HIGH,100,edriscoll@esdcengineering.com,,,EDRISCOLL@ESDCENGINEERING.COM,"624 S BOXTON AVE, STE 600",Eric Driscoll,,,624 S BOXTON AVE STE 600,,4590 E 29TH LLC,74119,,edriscoll@esdcengineering.com,,,ERIC DRISCOLL,
Airetech,Y,36420,ANDALUSIA,N,AL,1585,2608,US,,,NaT,AL,,,READY,,,"ANDALUSIA,",,WRIGHT BROS LLC,+13344271944,,MEDIUM,70,ap@wbconstruction.us,,,AP@WBCONSTRUCTION.US,POST OFFICE DRAWER 1086,Renona Little,,,PO BOX 1086,,WRIGHT BROS LLC,36420,,ap@wbconstruction.us,,,RENONA LITTLE,
Airetech,Y,72335,FORREST CITY,N,AR,1586,2609,US,,,NaT,AR,,,READY,,,"FORREST CITY,",,CUMMINGS HEATING COOLING WHOLESALE,,,HIGH,100,cwi@cummingswholesale.com,,317371-68-001,CWI@CUMMINGSWHOLESALE.COM,4860 N WASHINTON ST,Dustin Hendrick,,,4860 N WASHINTON ST,,CUMMINGS HEATING COOLING WHOLESALE,72335,,cwi@cummingswholesale.com,,317371-68-001,DUSTIN HENDRICK,
Airetech,Y,72756,ROGERS,N,AR,1587,2610,US,,,2026-01-09 05:04:31,AR,,,READY,,,"ROGERS,",,CITY OF ROGERS ADULT WELLNESS CNTR,+14796313337,,HIGH,80,,,,2001 WEST PERSIMMON ST,,,,,2001 W PERSIMMON ST,,CITY OF ROGERS ADULT WELLNESS CNTR,72756,,,,,,
Airetech,Y,72712,BENTONVILLE,N,AR,1588,2611,US,,,2026-01-09 05:04:33,AR,,,READY,,,"BENTONVILLE,",,GREG SCHLUTERMAN,,,HIGH,80,,,,1705 S WALTON BLVD,,Greg,,,1705 S WALTON BLVD,,GREG SCHLUTERMAN,72712,,,,,GREG,
Airetech,Y,72033,CONWAY,N,AR,1589,2612,US,,,NaT,AR,+15014506089,,READY,,,"CONWAY,",,CONWAY CORPORATION,+15014506000,,MEDIUM,70,accountspayable@conwaycorp.com,,,ACCOUNTSPAYABLE@CONWAYCORP.COM,PO BOX 99,Laura Frizzell,,5014506089,PO BOX 99,,CONWAY CORPORATION,72033,,accountspayable@conwaycorp.com,,,LAURA FRIZZELL,
Airetech,Y,91825,AFTON,N,OK,1753,2790,US,,,NaT,,,,READY,,,,,SHANGRI LA RESORT LLC,+19182284928,,HIGH,100,,,,31000 S HWY 125,"AFTON, OK",Marty Johnson,,,31000 S HWY 125,,SHANGRI LA RESORT LLC,9182574204,,,,,MARTY JOHNSON,
Airetech,Y,39157,RIDGEMAND,N,MS,1590,2613,US,,,NaT,MS,+16019566212,,READY,,,"RIDGEMAND,",,WARD MECHANICAL EQUIPMENT INC,+16019563002,,HIGH,100,,,045-12552-3,210 MARKETRIDGE DRIVE,,,,6019566212,210 MARKETRIDGE DR,,WARD MECHANICAL EQUIPMENT INC,39157,,,,045-12552-3,,
Airetech,Y,72503,BATESVILLE,Y,AR,1591,2614,US,,,NaT,AR,+18706981880,,READY,,,"BATESVILLE,",,LACROIX PRECISION OPTICS INC,+18706981881,,MEDIUM,70,ap@lacroixoptics.com,,00116703-SLS,AP@LACROIXOPTICS.COM,PO BOX 2556,Becerly Sorrell,,8706981880,PO BOX 2556,,LACROIX PRECISION OPTICS INC,72503,,ap@lacroixoptics.com,,00116703-SLS,BECERLY SORRELL,
Airetech,Y,,BRAGGS,N,OK,1592,2615,US,,,NaT,OK,,,READY,,,"BRAGGS,",,CAMP GRUBER,,,HIGH,75,monica.c.wilson8.nfg@mail.mil,,025 MILT DEPT,MONICA.C.WILSON8.NFG@MAIL.MIL,6000 HWY 10,,,,6000 HWY 10,,CAMP GRUBER,,,monica.c.wilson8.nfg@mail.mil,,025 MILT DEPT,,
Airetech,Y,,SPRINGDALE,N,AR,1593,2616,US,,,2026-01-09 05:04:39,AR,,,READY,,,"SPRINGDALE,",,ELIAS ROSALES,+14797998548,,HIGH,71.67,,,,4070 BUTTERFLY AVE,,,,,4070 BUTTERFLY AVE,,ELIAS ROSALES,,,,,,,
Airetech,Y,71701,CAMDEN,N,AR,1594,2617,US,,,2026-01-09 05:04:41,AR,+18708362538,,READY,,,"CAMDEN,",,S & S ELECTRIC,+18708365615,,HIGH,80,rdspeer@sbcglobal.net,,,RDSPEER@SBCGLOBAL.NET,586 E WASHINGTON,Roy Speet,,8708362538,586 E WASHINGTON,,S AND S ELECTRIC,71701,,rdspeer@sbcglobal.net,,,ROY SPEET,
Airetech,Y,74146,TULSA,N,OK,1617,2642,US,,,2026-01-09 05:05:22,OK,,,READY,,,"TULSA,",,BLACK ROCK BUILDERS,+19182715071,,HIGH,80,,,,CC CUSTOMER,"4717 S MINGO RD, STE H",Ann Smith,,,4717 S MINGO RD STE H,,BLACK ROCK BUILDERS,74146,,,,,ANN SMITH,
Airetech,Y,72113,NORTH LITTLE ROCK,N,AR,1595,2618,US,,,2026-01-09 05:04:43,AR,+15017581626,,READY,,,"NORTH LITTLE ROCK,",,TFC LLC,+15017533607,,HIGH,80,jabrams@tru-fab.com,,292758-60-001,JABRAMS@TRU-FAB.COM,9320 MAUMELLE BLVD,Janet Abrams,,5017581626,9320 MAUMELLE BLVD,,TFC LLC,72113,,jabrams@tru-fab.com,,292758-60-001,JANET ABRAMS,
Airetech,Y,,,N,,1596,2619,US,,,NaT,,,,REVIEW,,,,,OKLAHOMA TAX COMMISSION,,,LOW,20,,,N/A,PREPAID TAX RETURNS/REFUNDS,,,,,,,OKLAHOMA TAX COMMISSION,,,,,N/A,,
Airetech,Y,38116,MEMPHIS,N,TN,1597,2620,US,,,2026-01-09 05:04:47,TN,+19013961781,,READY,,,"MEMPHIS,",,ETAIROS HVAC JV,+19013456100,,HIGH,80,,,54530235-SLS,3095 STONEBROOK CIRCLE,,Tracy Lacomb,,9013961781,3095 STONEBROOK CIR,,ETAIROS HVAC JV,38116,,,,54530235-SLS,TRACY LACOMB,
Airetech,Y,72762,SPRINGDALE,N,AR,1598,2621,US,,,2026-01-09 05:04:49,AR,,,READY,,,"SPRINGDALE,",,AJS RESTAURANT SERVICE BY ATECH,+14794194888,,HIGH,80,,,,DUE UPON RECEIPT,228 S 40TH STREET,,,,228 S 40TH ST,,AJS RESTAURANT SERVICE BY ATECH,72762,,,,,,
Airetech,Y,74103,TULSA,N,OK,1599,2623,US,,,2026-01-09 05:04:51,OK,,,READY,,,"TULSA,",,ARTS & HUMANITIES COUNCIL OF TULSA,+19185843333,,HIGH,80,bmoody@ahhatulsa.org,,STS1009176805,BMOODY@AHHATULSA.ORG,101 E ARCHER,Brenda Moody,,,101 E ARCHER,,ARTS AND HUMANITIES COUNCIL OF TULS,74103,,bmoody@ahhatulsa.org,,STS1009176805,BRENDA MOODY,
Airetech,Y,,,N,,1640,2668,US,,,NaT,,,,REVIEW,,,,,CONDAIR COMMISSION,,,LOW,20,,,COMMSSIONS,,,,,,,,CONDAIR COMMISSION,,,,,COMMSSIONS,,
Airetech,Y,72701,FAYETTEVILLE,N,AR,1600,2624,US,,,2026-01-09 05:04:53,AR,+14796951324,,READY,,,"FAYETTEVILLE,",,AXIS ELECTRIC LLC,+14794422947,,HIGH,80,aei@axis-electric.com,,,AEI@AXIS-ELECTRIC.COM,1020 SOUTH SCHOOL AVE,Jeanett Gonzalez,,4796951324,1020 S SCHOOL AVE,,AXIS ELECTRIC LLC,72701,,aei@axis-electric.com,,,JEANETT GONZALEZ,
Airetech,Y,,,N,,1601,2625,US,,,NaT,,,,REVIEW,,,,,AR DEPT OF FIN & ADMIN,,,LOW,20,,,,PREPAID TAX RETURNS/REFUNDS,,,,,,,AR DEPT OF FIN AND ADMIN,,,,,,,
Airetech,Y,73117,OKC,N,OK,1602,2627,US,,,NaT,OK,,,READY,,,"OKC,",,OKC HOUSING AUTHORITY,,,HIGH,100,kwilkerson@ochanet.org,,,KWILKERSON@OCHANET.ORG,1700 NE 4TH,,,,1700 NE 4TH,,OKC HOUSING AUTHORITY,73117,,kwilkerson@ochanet.org,,,,
Airetech,Y,77275,HOUSTON,N,TX,1603,2628,US,,,NaT,TX,,,READY,,,"HOUSTON,",,INTEGRATED NETWORK SOLUTIONS INC,+14094438816,,MEDIUM,70,stephanie@insi-net.com,,76-0550769,STEPHANIE@INSI-NET.COM,PO BOX 750492,Stephanie,,,PO BOX 750492,,INTEGRATED NETWORK SOLUTIONS INC,77275,,stephanie@insi-net.com,,76-0550769,STEPHANIE,
Airetech,Y,74361,PRYOR,N,OK,1604,2629,US,,,NaT,OK,,,READY,,,"PRYOR,",,XPO LOGISTICS,+19187032519,,HIGH,100,,,,CREDIT CARD CUST,2400 MAIN MAIT ST,,,,2400 MAIN MAIT ST,,XPO LOGISTICS,74361,,,,,,
Airetech,Y,72120,SHERWOOD,N,AR,1605,2630,US,,,2026-01-09 05:05:02,AR,,,READY,,,"SHERWOOD,",,BENET MAINTENANCE,,,HIGH,80,benetmaintenance@gmail.com,,,BENETMAINTENANCE@GMAIL.COM,2793 E MARYLAND AVE,,,,2793 E MARYLAND AVE,,BENET MAINTENANCE,72120,,benetmaintenance@gmail.com,,,,
Airetech,Y,54903,OSHKOSH,N,WI,1606,2631,US,,,NaT,WI,+19202353419,,READY,,,"OSHKOSH,",,C R MEYER & SONS COMPANY,+19202353350,,MEDIUM,70,accountspayableinvoices@crmeye,,,ACCOUNTSPAYABLEINVOICES@CRMEYE,PO BOX 2157,Becky Van Ravenstein,,9202353419,PO BOX 2157,,C R MEYER AND SONS COMPANY,54903,,accountspayableinvoices@crmeye,,,BECKY VAN RAVENSTEIN,
Airetech,Y,72117,NORTH LITTLE ROCK,N,AR,1607,2632,US,,,2026-01-09 05:05:04,,,,READY,,,,,SOMERSET SENIOR LIVING AT PREMIER,,,HIGH,80,,,,3600 RICHARDS ROAD,"NORTH LITTLE ROCK, AR",,,,3600 RICHARDS RD,,SOMERSET SENIOR LIVING AT PREMIER,72117,,,,,,
Airetech,Y,70645,HACKBERRY,N,LA,1608,2633,US,,,NaT,,,,READY,,,,,HARRY PFAFFMANN,,,HIGH,100,,,,101 COPPER ANN LANE,"HACKBERRY, LA",,,,101 COPPER ANN LN,,HARRY PFAFFMANN,70645,,,,,,
Airetech,Y,,,N,,1609,2634,US,,,NaT,,,,REVIEW,,,,,AERCO,,,LOW,25,,,,CO-OP FUNDS,,,,,CO-OP FUNDS,,AERCO,,,,,,,
Airetech,Y,72501,BATESVILLE,N,AR,1610,2635,US,,,2026-01-09 05:05:09,AR,,,READY,,,"BATESVILLE,",,JJ GLOBAL LLC,+12015602209,,HIGH,80,jj7global@gmail.com,,,JJ7GLOBAL@GMAIL.COM,1130 WHITE DRIVE,Jesse Grewal,,,1130 WHITE DR,DBA HOLIDAY INN EX,JJ GLOBAL LLC DBA HOLIDAY INN EX,72501,,jj7global@gmail.com,,,JESSE GREWAL,
Airetech,Y,72212,LITTLE ROCK,N,AR,1611,2636,US,,,NaT,AR,+15014042411,,READY,,,"LITTLE ROCK,",,JOHNSONDANFORTH INC,+15014044811,,HIGH,100,christina@johnsondanforth.com,,01-0558523,CHRISTINA@JOHNSONDANFORTH.COM,"2200 N RODNEY PARHAM, STE 210",Christina Danforth,,5014042411,2200 N RODNEY PARHAM STE 210,,JOHNSONDANFORTH INC,72212,,christina@johnsondanforth.com,,01-0558523,CHRISTINA DANFORTH,
Airetech,Y,74006,BARTLESVILLE,N,OK,1612,2637,US,,,2026-01-09 05:05:14,OK,+19183335900,,READY,,,"BARTLESVILLE,",,FAIRFIELD INN & SUITES,+19183312100,,HIGH,80,bbush@midashospitality.com,,,BBUSH@MIDASHOSPITALITY.COM,2107 SE WASHINGTON BLVD,Brittany Bush,,9183335900,2107 SE WASHINGTON BLVD,,FAIRFIELD INN AND SUITES  BARTLESVI,74006,,bbush@midashospitality.com,,,BRITTANY BUSH,
Airetech,Y,71763,SPARKMAN,N,AR,1613,2638,US,,,2026-01-09 05:05:15,AR,,,READY,,,"SPARKMAN,",,SEALE CONSTRUCTION,+18706792300,,HIGH,80,,,,CC CUSTOMER,1255 AR-7,Rhonda,,,1255 AR-7,,SEALE CONSTRUCTION,71763,,,,,RHONDA,
Airetech,Y,72762,SPRINGDALE,N,AR,1614,2639,US,,,2026-01-09 05:05:17,AR,,,READY,,,"SPRINGDALE,",,TOWNE PLACE SUITES FAYETTEVILLE,+14793664400,,HIGH,80,darrel.donohew@aimhosp.com,,,DARREL.DONOHEW@AIMHOSP.COM,5437 SOUTH 48TH STREET,Darrel Donohew,,,5437 S 48TH ST,,TOWNE PLACE SUITES FAYETTEVILLE,72762,,darrel.donohew@aimhosp.com,,,DARREL DONOHEW,
Airetech,Y,74120,TULSA,N,OK,1615,2640,US,111 S ELGIN AVE,,NaT,OK,+19185742269,,READY,,,"TULSA,",,OPTIMA REAL ESTATE SERVICES,+19185742335,,HIGH,100,,,,624 BOSTON TIC,111 S ELGIN AVE,Victoria Hughes,,9185742269,624 BOSTON TIC,,OPTIMA REAL ESTATE SERVICES,74120,,,,,VICTORIA HUGHES,
Airetech,Y,74041,KIEFER,N,OK,1616,2641,US,,,NaT,OK,,,READY,,,"KIEFER,",,TUCKER MECHANICAL,+19188309519,,MEDIUM,70,mtucker@tuckermechanical.com,,,MTUCKER@TUCKERMECHANICAL.COM,PO BOX 156,Michon Tucker,,,PO BOX 156,,TUCKER MECHANICAL,74041,,mtucker@tuckermechanical.com,,,MICHON TUCKER,
Airetech,Y,33308,FT LAUDERDALE,N,FL,1618,2643,US,,,NaT,FL,+12145763801,,READY,,,"FT LAUDERDALE,",,LENNOX NATIONAL ACCOUNT SERVICES,+19545375544,,HIGH,100,accountspayable@lennoxnas.com,,TX17607742396,ACCOUNTSPAYABLE@LENNOXNAS.COM,3511 NE 22 AVE,,,2145763801,3511 NE 22 AVE,,LENNOX NATIONAL ACCOUNT SERVICES,33308,,accountspayable@lennoxnas.com,,TX17607742396,,
Airetech,Y,72114,NORTH LITTLE ROCK,N,AR,1619,2644,US,,,2026-01-09 05:05:26,AR,,,READY,,,"NORTH LITTLE ROCK,",,CAMPBELL SHEET METAL,+15013724761,,HIGH,80,campbell-larry@sbcglobal.net,,,CAMPBELL-LARRY@SBCGLOBAL.NET,1207 E 5TH STREET,Larry Campbell,,,1207 E 5TH ST,,CAMPBELL SHEET METAL        CC CUST,72114,,campbell-larry@sbcglobal.net,,,LARRY CAMPBELL,
Airetech,Y,72114,NORTH LITTLE ROCK,N,AR,1620,2645,US,,,NaT,,+15019759282,,READY,,,,,SIMMONS BANK ARENA,+15013405660,,HIGH,100,,,,ONE SIMMONS BANK ARENA DR,"NORTH LITTLE ROCK, AR",Tammie Quick,,5019759282,ONE SIMMONS BANK ARENA DR,,SIMMONS BANK ARENA,72114,,,,,TAMMIE QUICK,
Airetech,Y,74464,TAHLEQUAH,N,OK,1621,2647,US,,,2026-01-09 05:05:31,OK,,,READY,,,"TAHLEQUAH,",,ZENITH CONSTRUCTION,+19189317114,,HIGH,80,,,,CC CUSTOMER,15893 HWY 51,,,,15893 HWY 51,,ZENITH CONSTRUCTION,74464,,,,,,
Airetech,Y,72033,CONWAY,N,AR,1622,2648,US,,,NaT,AR,,,READY,,,"CONWAY,",,WILLS CONSTRUCTION,+15015145573,,MEDIUM,70,dwillscpa@gmail.com,,,DWILLSCPA@GMAIL.COM,PO BOX 306,Dana Wills,,,PO BOX 306,,WILLS CONSTRUCTION,72033,,dwillscpa@gmail.com,,,DANA WILLS,
Airetech,Y,71601,PINE BLUFF,N,AR,1623,2649,US,,,NaT,AR,,,READY,,,"PINE BLUFF,",,SARACEN CASINO RESORT,+18706869001,,HIGH,100,saracenap@saracenresort.com,,,SARACENAP@SARACENRESORT.COM,1 SARACEN RESORT DRIVE,,,,1 SARACEN RESORT DR,,SARACEN CASINO RESORT,71601,,saracenap@saracenresort.com,,,,
Airetech,Y,71901,HOT SPRINGS,N,AR,1624,2650,US,,,2026-01-09 05:05:35,AR,,,READY,,,"HOT SPRINGS,",,THE WATERS HOTEL,+15013210001,,HIGH,80,,,,CC CUSTOMER,340 CENTRAL AVE,,,,340 CENTRAL AVE,,THE WATERS HOTEL,71901,,,,,,
Airetech,Y,72206,LITTLE ROCK,N,AR,1625,2651,US,,,NaT,,,,READY,,,,,AR AIR SOL PLUS DBA SMART COMFORT,+15017727385,,HIGH,100,,,,3111 BRACY ROAD,"LITTLE ROCK, AR",,,,3111 BRACY RD,,AR AIR SOL PLUS DBA SMART COMFORT,72206,,,,,,
Airetech,Y,55414,MINNEAPOLIS,N,MN,1626,2653,US,,,2026-01-09 05:05:39,MN,,,READY,,,"MINNEAPOLIS,",,SOUTH COAST BAKING,+17154262090,,HIGH,80,scb.ap@risebakingcompany.com,,,SCB.AP@RISEBAKINGCOMPANY.COM,769 KASOTA AVE SE,Mandy Johnson,,,769 KASOTA AVE SE,,SOUTH COAST BAKING,55414,,scb.ap@risebakingcompany.com,,,MANDY JOHNSON,
Airetech,Y,74429,COWETA,N,OK,1627,2654,US,,,2026-01-09 05:05:41,OK,,,READY,,,"COWETA,",,CUSTOM CHILLER MECHANICAL SERVICES,+19186403445,,HIGH,80,tpatrick@customchillerok.com,,,TPATRICK@CUSTOMCHILLEROK.COM,27188 EAST 151ST STREET,Tom Patrick,,,27188 E 151ST ST,,CUSTOM CHILLER MECHANICAL SERVICES,74429,,tpatrick@customchillerok.com,,,TOM PATRICK,
Airetech,Y,74135,TULSA,N,OK,1641,2669,US,,,NaT,,,,READY,,,,,KEVIN TOEWSOMER,+19186911244,,HIGH,100,,,,3623 S SANDUSHYT AVE,"TULSA, OK",Kevin Toews,,,3623 S SANDUSHYT AVE,,KEVIN TOEWS     CC CUSTOMER,74135,,,,,KEVIN TOEWS,
Airetech,Y,74147,TULSA,N,OK,1628,2655,US,,,NaT,OK,,,READY,,,"TULSA,",,INTEGRITY MECHANICAL SYSTEMS LLC,+19182100742,,MEDIUM,70,apinvoices@integrity-mech.com,,,APINVOICES@INTEGRITY-MECH.COM,PO BOX 471434,David Pittser,,,PO BOX 471434,,INTEGRITY MECHANICAL SYSTEMS LLC,74147,,apinvoices@integrity-mech.com,,,DAVID PITTSER,
Airetech,Y,72758,ROGERS,N,AR,1629,2656,US,,,2026-01-09 05:05:43,,+14799860324,,READY,,,,,WIL SHAR STEEL ERECTORS,+14799860311,,HIGH,80,,,,325 S 45TH ST,"ROGERS, AR",Carter Mcleod,,4799860324,325 S 45TH ST,,WIL SHAR STEEL ERECTORS,72758,,,,,CARTER MCLEOD,
Airetech,Y,72704,,N,,1630,2657,US,,,2026-01-09 05:05:44,,,,REVIEW,,,,,PHILLIP PRUIT,,,LOW,67.33,,,,CC CUSTOMER ONLY,,,,,,,PHILLIP PRUIT,72704,,,,,,
Airetech,Y,74078-1030,STILLWATER,Y,OK,1631,2658,US,,,NaT,OK,,,READY,,,"STILLWATER,",,OKLAHOMA STATE UNIV STILLWATER,,,HIGH,100,,,10471402-09,409 WHITEHURST HALL,,,,,409 WHITEHURST HALL,,OKLAHOMA STATE UNIV STILLWATER,74078-1030,,,,10471402-09,,
Airetech,Y,74361,PRYOR,N,OK,1632,2659,US,,,2026-01-09 05:05:49,OK,,,READY,,,"PRYOR,",,GXO LOGISTICS,+19187032519,,HIGH,80,,,,CC CUSTOMER,7171 US 69,Brent Gower,,,7171 US 69,,GXO LOGISTICS,74361,,,,,BRENT GOWER,
Airetech,Y,72202,BRYANT,N,AR,1633,2660,US,,,2026-01-09 05:05:51,AR,+15018474772,,READY,,,"BRYANT,",,MOSER CONSTRUCTION LLC,+15018474777,,HIGH,80,scolclasure@mosercconstruction,,,SCOLCLASURE@MOSERCCONSTRUCTION,4411 MILLBROOK DRIVE,Sheila Colclasure,,5018474772,4411 MILLBROOK DR,,MOSER CONSTRUCTION LLC,72202,,scolclasure@mosercconstruction,,,SHEILA COLCLASURE,
Airetech,Y,74451,PARK HILL,N,OK,1634,2661,US,,,NaT,OK,,,READY,,,"PARK HILL,",,AIR SPECIALTIES HVAC LLC,+19188220782,,HIGH,100,airspecialtieshvac@gmail.com,,,AIRSPECIALTIESHVAC@GMAIL.COM,29156 S BIG HOLLOW ROAD,Missy Wheeler,,,29156 S BIG HOLLOW RD,,AIR SPECIALTIES HVAC LLC,74451,,airspecialtieshvac@gmail.com,,,MISSY WHEELER,
Airetech,Y,74115,TULSA,N,OK,1635,2662,US,,,2026-01-09 05:05:55,OK,,,READY,,,"TULSA,",,TULSAIR BEECHCRAFT INC,,,HIGH,80,,,,CC CUSTOMER,3707 N SHERIDAN ROAD,,,,3707 N SHERIDAN RD,,TULSAIR BEECHCRAFT INC,74115,,,,,,
Airetech,Y,74108,TULSA,N,OK,1636,2663,US,,,2026-01-09 05:05:57,OK,,,READY,,,"TULSA,",,BULLDOG MECHANICAL,+19186941246,,HIGH,80,matt@bulldogtulsa.com,,,MATT@BULLDOGTULSA.COM,145 S 145TH E AVE,Matt Wood,,,145 S 145TH E AVE,,BULLDOG MECHANICAL,74108,,matt@bulldogtulsa.com,,,MATT WOOD,
Airetech,Y,71957,MOUNT IDA,N,AR,1637,2664,US,,,NaT,AR,,,READY,,,"MOUNT IDA,",,RUSS REFRIGERATION,+15016274041,,HIGH,100,russrefrigeration@yahoo.com,,63213946-SLS,RUSSREFRIGERATION@YAHOO.COM,5459 HWY 270 E,Keith Gettys,,,5459 HWY 270 E,,RUSS REFRIGERATION     CC CUSTOMER,71957,,russrefrigeration@yahoo.com,,63213946-SLS,KEITH GETTYS,
Airetech,Y,72501,BATESVILLE,Y,AR,1638,2665,US,,,2026-01-09 05:06:02,AR,,,READY,,,"BATESVILLE,",,WADES HEAT AIR & ELECTRICAL,+18707934051,,HIGH,80,,,64119729-SLS,CC CUSTOMER,2850 HARRISON STREET,,,,2850 HARRISON ST,,WADES HEAT AIR AND ELECTRICAL,72501,,,,64119729-SLS,,
Airetech,Y,,,N,,1639,2667,US,,,NaT,,,,REVIEW,,,,,BRYAN KNUPPOMER,+15013290214,,LOW,20,,,,,,,,,,,BRYAN KNUPP      CC CUSTOMER,,,,,,,
Airetech,Y,73402,ARDMORE,N,OK,1642,2670,US,,,NaT,OK,,,READY,,,"ARDMORE,",,CALDWELL MECH SERVICE LLC,+15804902453,,MEDIUM,70,gary-caldwell@att.net,,,GARY-CALDWELL@ATT.NET,PO BOX 1405,Gary Caldwell,,,PO BOX 1405,,CALDWELL MECH SERVICE LLC,73402,,gary-caldwell@att.net,,,GARY CALDWELL,
Airetech,Y,38302,JACKSON,N,TN,1643,2671,US,,,NaT,TN,+17314101618,,READY,,,"JACKSON,",,S M LAWRENCE CO,+17314230112,,MEDIUM,70,admin@smlawrence.com,,,ADMIN@SMLAWRENCE.COM,PO BOX 638,Rena Bushart,,7314101618,PO BOX 638,,S M LAWRENCE CO,38302,,admin@smlawrence.com,,,RENA BUSHART,
Airetech,Y,72021,BRINKLEY,N,AR,1644,2672,US,,,NaT,AR,,,READY,,,"BRINKLEY,",,BASKINS HVAC,+18703195277,,MEDIUM,70,tlike@baskinshvac.com,,54829747-SLS,TLIKE@BASKINSHVAC.COM,PO BOX 724,Terri Like,,,PO BOX 724,,BASKINS HVAC,72021,,tlike@baskinshvac.com,,54829747-SLS,TERRI LIKE,
Airetech,Y,74132,TULSA,N,OK,1645,2673,US,,,2026-01-09 05:06:09,74132,,,READY,,,"TULSA, OK",,EPPERLEY CONSTRUCTION SERVICES LLC,+19187404887,,HIGH,80,tim.epperley@ecscompany.net,,STS1458125406,TIM.EPPERLEY@ECSCOMPANY.NET,7331 S OLYMPIA AVE #386,Tim Epperley,,,7331 S OLYMPIA AVE #386,,EPPERLEY CONSTRUCTION SERVICES LLC,74132,,TIM.EPPERLEY@ECSCOMPANY.NET,,STS1458125406,TIM EPPERLEY,
Airetech,Y,72023,CABOT,N,AR,1646,2674,US,,,NaT,AR,,,READY,,,"CABOT,",,JOE LOOMIS,+15014425110,,HIGH,100,joseph@comfortar.com,,,JOSEPH@COMFORTAR.COM,1391 W MOUNTAIN SPRINGS ROAD,,,,1391 W MOUNTAIN SPRINGS RD,,JOE LOOMIS,72023,,joseph@comfortar.com,,,,
Airetech,Y,68508,LINCOLN,N,NE,1647,2675,US,,,2026-01-09 05:06:13,NE,,,READY,,,"LINCOLN,",,CLARK & ENERSEN,+14024779291,,HIGH,80,hadley.stolte@clarkenersen.com,,,HADLEY.STOLTE@CLARKENERSEN.COM,"1010 LINCOLN MALL, STE 200",Hadley Stolte,,,1010 LINCOLN MALL STE 200,,CLARK AND ENERSEN    CC CUST,68508,,hadley.stolte@clarkenersen.com,,,HADLEY STOLTE,
Airetech,Y,72015,BENTON,Y,AR,1648,2676,US,,,NaT,AR,+15017789696,,READY,,,"BENTON,",,CONTROL SYSTEMS & EQUIPMENT INC,+15017789662,,HIGH,100,jenifer.griffe@cseinc.com,,144334-78-001,JENIFER.GRIFFE@CSEINC.COM,20241 I-30 SOUTH,Jenifer Griffe,,5017789696,20241 I-30 S,,CONTROL SYSTEMS AND EQUIPMENT INC,72015,,jenifer.griffe@cseinc.com,,144334-78-001,JENIFER GRIFFE,
Airetech,Y,71602,WHITE HALL,N,AR,1649,2677,US,,,2026-01-09 05:06:18,AR,,,READY,,,"WHITE HALL,",,HOLIDAY INN,+18703770954,,HIGH,80,iagwhitehall@gmail.com,,,IAGWHITEHALL@GMAIL.COM,7800 SHERIDAN ROAD,Umesh Patel,,,7800 SHERIDAN RD,,BAD DEBT -WHITE  HALL HOLIDAY INN,71602,,iagwhitehall@gmail.com,,,UMESH PATEL,
Airetech,Y,28365,MOUNT OLIVE,N,NC,1650,2678,US,,,NaT,,,,READY,,,,,BUTTERBALL LLC,,,MEDIUM,70,,,,PO BOX 589,"MOUNT OLIVE, NC",,,,PO BOX 589,,BUTTERBALL LLC,28365,,,,,,
Airetech,Y,33020,HOLLYWOOD,N,FL,1651,2679,US,,,2026-01-09 05:06:20,FL,+19549291066,,READY,,,"HOLLYWOOD,",,H & M GROUP LLC,+19549291171,,HIGH,80,mekogan@nationalcabinetllc.com,,,MEKOGAN@NATIONALCABINETLLC.COM,"2700 N 29TH AVE, STE 207",,,9549291066,2700 N 29TH AVE STE 207,,H AND M GROUP LLC,33020,,mekogan@nationalcabinetllc.com,,,,
Airetech,Y,74118,TULSA,N,OK,1652,2680,US,,,2026-01-09 05:06:22,OK,,,READY,,,"TULSA,",,ASAP HEATING & AIR INC,+19182861035,,HIGH,80,acctg@asapheatandair.com,,,ACCTG@ASAPHEATANDAIR.COM,10514 E LATIMER ST,Amanda Dunig,,,10514 E LATIMER ST,,ASAP HEATING AND AIR INC,74118,,acctg@asapheatandair.com,,,AMANDA DUNIG,
Airetech,Y,72758,ROGERS,N,AR,1653,2681,US,,,2026-01-09 05:06:24,AR,,,READY,,,"ROGERS,",,BOTTOMLINE MECHANICAL,+14799360764,,HIGH,80,,,,CC/PREPAY CUSTOMER,"1400 W WALNUT ST, STE 111",Carlos Meja,,,1400 W WALNUT ST STE 111,,BOTTOMLINE MECHANICAL,72758,,,,,CARLOS MEJA,
Airetech,Y,61603,PEORIA,N,IL,1654,2682,US,,,2026-01-09 05:06:26,IL,+13096768981,,READY,,,"PEORIA,",,CATERPILLER,+13096765553,,HIGH,80,,,00293500-SLS,C/O PHD SERVICES,519 ABINGTON STREET,Elizabeth Hellge,,3096768981,519 ABINGTON ST,,CATERPILLER,61603,,,,00293500-SLS,ELIZABETH HELLGE,
Airetech,Y,72704,FAYETTEVILLE,N,AR,1655,2683,US,,,2026-01-09 05:06:28,AR,,,READY,,,"FAYETTEVILLE,",,BRANDON CAMPBELL,,,HIGH,80,brandon.w.campbell@tyson.com,,,BRANDON.W.CAMPBELL@TYSON.COM,7110 W JOHN GARRISON ROAD,Brandon Campbell,,,7110 W JOHN GARRISON RD,,BRANDON CAMPBELL     CASH CUSTOMER,72704,,brandon.w.campbell@tyson.com,,,BRANDON CAMPBELL,
Airetech,Y,27511,CARY,N,NC,1656,2684,US,,,NaT,NC,,,READY,,,"CARY,",,APOGEE CONSULTING GROUP PA,+13174424329,,HIGH,100,accounting@acg-pa.com,,,ACCOUNTING@ACG-PA.COM,1151 KILDAIRE FARM ROAD STE120,,,,1151 KILDAIRE FARM RD STE120,,APOGEE CONSULTING GROUP PA,27511,,accounting@acg-pa.com,,,,
Airetech,Y,72811,RUSSELLVILLE,N,AR,1657,2685,US,,,NaT,AR,+18887484850,,READY,,,"RUSSELLVILLE,",,ROYS HEATING & COOLING,+14798579099,,MEDIUM,70,roysheatingandair@yahoo.com,,59611699-SLS,ROYSHEATINGANDAIR@YAHOO.COM,PO BOX 1398,Melanie Butler,,8887484850,PO BOX 1398,,ROYS HEATING AND COOLING,72811,,roysheatingandair@yahoo.com,,59611699-SLS,MELANIE BUTLER,
Airetech,Y,,,N,,1658,2688,US,,,NaT,,,,REVIEW,,,,,HP DESIGN GROUP INC COMMISSION,,,LOW,20,,,COMMISSION,,,,,,,,HP DESIGN GROUP INC   COMMISSION,,,,,COMMISSION,,
Airetech,Y,74447,OKMULGEE,N,OK,1659,2689,US,,,2026-01-09 05:06:35,OK,,,READY,,,"OKMULGEE,",,C & W SERVICES,+14692228903,,HIGH,80,ross.laprade@cwservices.com,,,ROSS.LAPRADE@CWSERVICES.COM,1200 W 20TH ST,Ross Laprade,,,1200 W 20TH ST,,C AND W SERVICES    CASH OR CC ONLY,74447,,ross.laprade@cwservices.com,,,ROSS LAPRADE,
Airetech,Y,55378,SAVAGE,N,MN,1660,2690,US,,,2026-01-09 05:06:37,MN,,,READY,,,"SAVAGE,",,RNR CONSTRUCTION,+14023064526,,HIGH,80,,,,CC CUSTOMER,14370 SALEM AVE,Ryan Rad,,,14370 SALEM AVE,,RNR CONSTRUCTION,55378,,,,,RYAN RAD,
Airetech,Y,72762,SPRINGDALE,N,AR,1661,2691,US,,,NaT,AR,,,READY,,,"SPRINGDALE,",,SHOCK SQUAD,+14793013539,,HIGH,100,carter@shocksquadnwa.com,,,CARTER@SHOCKSQUADNWA.COM,1010 BULLDOG LANE,Carter Fast,,,1010 BULLDOG LN,,SHOCK SQUAD       CC CUSTOMER,72762,,carter@shocksquadnwa.com,,,CARTER FAST,
Airetech,Y,,,N,,1668,2699,US,,,NaT,,,,REVIEW,,,,,CAMBRIDGE AIR SOLUITIONS COMM ONLY,,,LOW,20,,,COMMISSION,,,,,,,,CAMBRIDGE AIR SOLUITIONS COMM ONLY,,,,,COMMISSION,,
Airetech,Y,72788,ROGERS,N,AR,1662,2692,US,,,2026-01-09 05:06:41,AR,,,READY,,,"ROGERS,",,R SQUARED PLUMBING & DRAIN LLC,+14793378657,,HIGH,80,ap@rsquaredplumbing.com,,,AP@RSQUAREDPLUMBING.COM,670 W NURSERY ROAD,Krystyna Gotburg,,,670 W NURSERY RD,,R SQUARED PLUMBING AND DRAIN LLC,72788,,ap@rsquaredplumbing.com,,,KRYSTYNA GOTBURG,
Airetech,Y,72019,BENTON,N,AR,1663,2693,US,,,2026-01-09 05:06:43,AR,,,READY,,,"BENTON,",,CCC CONSTRUCTION COMPANY,+15018043228,,HIGH,80,,,,CC CUSTOMER,3828 SALEM ROAD,Jeff Cobrun,,,3828 SALEM RD,,CCC CONSTRUCTION COMPANY,72019,,,,,JEFF COBRUN,
Airetech,Y,74048,NOWATA,N,OK,1664,2695,US,,,2026-01-09 05:06:46,,,,READY,,,,,THREE FEATHERS PIPING SPECIALTIES,+19183271545,,HIGH,80,,,,229 N ELM ST,"NOWATA, OK",Joseph Brackett,,,229 N ELM ST,,THREE FEATHERS PIPING SPECIALTIES,74048,,,,,JOSEPH BRACKETT,
Airetech,Y,64138,RAYTOWN,N,MO,1665,2696,US,,,2026-01-09 05:06:47,MO,,,READY,,,"RAYTOWN,",,PRIORITY ONE HVAC,+16609244078,,HIGH,80,,,,CC CUSTOMER,8819 E 80TH TERRACE,,,,8819 E 80TH TERRACE,,PRIORITY ONE HVAC,64138,,,,,,
Airetech,Y,74015,CATOOSA,N,OK,1666,2697,US,,,NaT,OK,,,READY,,,"CATOOSA,",,JAG SERVICES,+19188509406,,HIGH,100,goodnight_justin@yahoo.com,,,GOODNIGHT_JUSTIN@YAHOO.COM,27183 E 21ST STREET,,,,27183 E 21ST ST,,JAG SERVICES     CC CUSTOMER,74015,,goodnight_justin@yahoo.com,,,,
Airetech,Y,07276,SPRINGDALE,Y,AR,1667,2698,US,,,2026-01-09 05:06:52,AR,,,READY,,,"SPRINGDALE,",,BOX MAKER,+14794181485,,HIGH,80,dang@boxmaker.com,,,DANG@BOXMAKER.COM,1000 S 48TH ST,,,,1000 S 48TH ST,,BOX MAKER          CC CUSTOMER,7276,,DANG@BOXMAKER.COM,,,,
Airetech,Y,72204,LITTLE ROCK,Y,AR,1670,2701,US,,,2026-01-09 05:06:57,,,,READY,,,,,SOUTHERN PIPE & SUPPLY LR,,,HIGH,80,,,025112-78-007,"4217 S SHACKLEFORD RD, STE 5A","LITTLE ROCK, AR",,,,4217 S SHACKLEFORD RD STE 5A,,SOUTHERN PIPE AND SUPPLY      LR,72204,,,,025112-78-007,,
Airetech,Y,72712,BENTONVILLE,Y,AR,1671,2702,US,,,2026-01-09 05:06:59,AR,,,READY,,,"BENTONVILLE,",,BENTONVILLE PARK & REC DEPT,,,HIGH,80,,,,,1000 SW 14TH ST,,,,1000 SW 14TH ST,,BENTONVILLE PARK AND REC DEPT,72712,,,,,,
Airetech,Y,72916,FORT SMITH,N,AR,1672,2703,US,,,2026-01-09 05:07:01,AR,,,READY,,,"FORT SMITH,",,NCI,+12394648445,,HIGH,80,kevin@nicosiallc.com,,,KEVIN@NICOSIALLC.COM,5950 COMMERCE ROAD,Kevin,,,5950 COMMERCE RD,,NCI       CC CUST,72916,,kevin@nicosiallc.com,,,KEVIN,
Airetech,Y,72401,JONESBORO,N,AR,1673,2704,US,,,2026-01-09 05:07:03,AR,,,READY,,,"JONESBORO,",,CWC MECHANICAL LLC,+18709309186,,HIGH,80,buffy@cwcmechanical.com,,56310564-001,BUFFY@CWCMECHANICAL.COM,2700 NESTLE ROAD,Buffy C/Melissa B,,,2700 NESTLE RD,,CWC MECHANICAL LLC,72401,,buffy@cwcmechanical.com,,56310564-001,BUFFY C/MELISSA B,
Airetech,Y,74105,TULSA,N,OK,1674,2705,US,,,2026-01-09 05:07:05,,,,READY,,,,,CHURCHILLS CIGAR LOUNGE,+19188522435,,HIGH,80,,,,3334 S PEORIA,"TULSA, OK",Angela Holloway - Gm,,,3334 S PEORIA,,CHURCHILLS CIGAR LOUNGE   CC CUST,74105,,,,,ANGELA HOLLOWAY - GM,
Airetech,Y,,,N,,1675,2707,US,,,NaT,,,,REVIEW,,,,,COMFORTZONE,,,LOW,20,comfortzone1147@gmail.com,,,COMFORTZONE1147@GMAIL.COM,,Christian Caceres,,,,,COMFORTZONE        CC CUST ONLY,,,comfortzone1147@gmail.com,,,CHRISTIAN CACERES,
Airetech,Y,72644-0020,LEAD HILL,N,AR,1676,2708,US,,,NaT,AR,,,READY,,,"LEAD HILL,",,LEAD HILL SCHOOL DISTRICT,+18704365250 #2,,MEDIUM,70,sbailey@leadhillschool.net,,,SBAILEY@LEADHILLSCHOOL.NET,PO BOX 20,Spring Bailey,,,PO BOX 20,,LEAD HILL SCHOOL DISTRICT,72644-0020,,sbailey@leadhillschool.net,,,SPRING BAILEY,
Airetech,Y,72749,MORROW,Y,AR,1677,2709,US,,,NaT,AR,+18888441669,,READY,,,"MORROW,",,TEEN CHALLENGE ADVENTURE RANCH,+18882896818,,MEDIUM,70,roblynnc@teenchallengeranch.co,,7011984001,ROBLYNNC@TEENCHALLENGERANCH.CO,PO BOX 20,Bobby,,8888441669,PO BOX 20,,TEEN CHALLENGE ADVENTURE RANCH,72749,,roblynnc@teenchallengeranch.co,,7011984001,BOBBY,
Airetech,Y,72118,NORTH LITTLE ROCK,N,AR,1678,2710,US,,,2026-01-09 05:07:09,AR,,,READY,,,"NORTH LITTLE ROCK,",,POWERS OF OKLAHOMA,+18772747127,,HIGH,80,ap@powers-hvac.com,,,AP@POWERS-HVAC.COM,5440 NORTHSHORE DR,Kristin Boone,,,5440 NSHORE DR,,POWERS OF OKLAHOMA,72118,,ap@powers-hvac.com,,,KRISTIN BOONE,
Airetech,Y,74015,CATOSSA,N,OK,1679,2711,US,,,NaT,,+19182661903,,READY,,,,,RACEWAY ELECTRIC INC,+19185195256,,HIGH,100,,,,119 N CHEROKEE ST,"CATOSSA, OK",Kreg Bynum,,9182661903,119 N CHEROKEE ST,,RACEWAY ELECTRIC INC       CC CUST,74015,,,,,KREG BYNUM,
Airetech,Y,75063,IRVING,Y,TX,1680,2712,US,,,2026-01-09 05:07:13,TX,+19725704207,,READY,,,"IRVING,",,TEXAS AIR SYSTEMS LLC,+19725704700,,HIGH,80,,,69514648-SLS,8081 ROYAL RIDGE PARKWAY,,Jeri Davis,,9725704207,8081 ROYAL RIDGE PKWY,,TEXAS AIR SYSTEMS LLC,75063,,,,69514648-SLS,JERI DAVIS,
Airetech,Y,67201,WICHITA,N,KS,1681,2713,US,,,NaT,KS,,,READY,,,"WICHITA,",,CENTRAL MECHANICAL WICHITA LLC,+13162677676,,MEDIUM,70,accountspayable@cenmech.com,,731509406,ACCOUNTSPAYABLE@CENMECH.COM,PO BOX 47343,Chad Carpenter,,,PO BOX 47343,,CENTRAL MECHANICAL WICHITA LLC,67201,,accountspayable@cenmech.com,,731509406,CHAD CARPENTER,
Airetech,Y,,,N,,1682,2714,US,,,NaT,,,,REVIEW,,,,,MATT NARANJOOMER,+19099224309,,LOW,20,matt@3n1electric.com,,,MATT@3N1ELECTRIC.COM,,Matt Naranjo,,,,,MATT NARANJO        CC CUSTOMER,,,matt@3n1electric.com,,,MATT NARANJO,
Airetech,Y,77571,LA PORTE,N,TX,1683,2715,US,,,2026-01-09 05:07:16,,,,READY,,,,,HAYDENS ARMADILLO AIR,+18322129491,,HIGH,80,,,,10810 BIRCH DR,"LA PORTE, TX",Edward Hayden,,,10810 BIRCH DR,,HAYDENS ARMADILLO AIR    CC CUST,77571,,,,,EDWARD HAYDEN,
Airetech,Y,64870,WEBB CITY,N,MO,1684,2716,US,,,NaT,MO,+14176246966,,READY,,,"WEBB CITY,",,BILLS ELECTRIC INC,+14176246660,,MEDIUM,70,dlawson@beijoplin.com,,,DLAWSON@BEIJOPLIN.COM,PO BOX 707,Donna Lawson,,4176246966,PO BOX 707,,BILLS ELECTRIC INC,64870,,dlawson@beijoplin.com,,,DONNA LAWSON,
Airetech,Y,73179,OKLAHOMA CITY,N,OK,1685,2717,US,,,2026-01-09 05:07:18,OK,,,READY,,,"OKLAHOMA CITY,",,CLIMATEMASTER INC,+14057456000,,HIGH,80,gwestman@climatemaster.com,,LAB/MAT REIMB,GWESTMAN@CLIMATEMASTER.COM,7300 SW 44TH ST,,,,7300 SW 44TH ST,,CLIMATEMASTER INC,73179,,gwestman@climatemaster.com,,LAB/MAT REIMB,,
Airetech,Y,72501,BATESVILLE,Y,AR,1686,2718,US,,,2026-01-09 05:07:21,AR,,,READY,,,"BATESVILLE,",,RELIANT SERVICE COMPANY,+14792095378,,HIGH,80,reliantservicecompany@gmail.co,,62768555-SLS,RELIANTSERVICECOMPANY@GMAIL.CO,34 RIVERWOOD DRIVE,David Clark,,,34 RIVERWOOD DR,,RELIANT SERVICE COMPANY,72501,,reliantservicecompany@gmail.co,,62768555-SLS,DAVID CLARK,
Airetech,Y,64078,PECULIAR,N,MO,1687,2719,US,,,NaT,,,,READY,,,,,F & G MECHANICALOMER,+18165921253,,HIGH,100,,,,11701 E 25TH,"PECULIAR, MO",John Boykin,,,11701 E 25TH,,F AND G MECHANICAL      CC CUSTOMER,64078,,,,,JOHN BOYKIN,
Airetech,Y,53225,MILWAUKEE,N,WI,1688,2720,US,,,2026-01-09 05:07:25,WI,,,READY,,,"MILWAUKEE,",,ACCURATE TEMPERATURE CONTROL INC,+14146177620,,HIGH,80,atcmilw@gmail.com,,4560005358490,ATCMILW@GMAIL.COM,12125 W SILVER SPRING ROAD,Eric Anderson,,,12125 W SILVER SPRING RD,,ACCURATE TEMPERATURE CONTROL INC,53225,,atcmilw@gmail.com,,4560005358490,ERIC ANDERSON,
Airetech,Y,74103,TULSA,N,OK,1689,2721,US,,,2026-01-09 05:07:27,OK,,,READY,,,"TULSA,",,TULSA CITY COUNTY LIBRARY,+19185497376,,HIGH,80,finance.department@tulsalibrar,,73-1155440,FINANCE.DEPARTMENT@TULSALIBRAR,400 CIVIC CENTER,Karen Palmer,,,400 CIVIC CENTER,,TULSA CITY COUNTY LIBRARY,74103,,finance.department@tulsalibrar,,73-1155440,KAREN PALMER,
Airetech,Y,72209,LITTLE ROCK,N,AR,1690,2722,US,,,2026-01-09 05:07:29,AR,,,READY,,,"LITTLE ROCK,",,MAC MECHANICAL CO,+15015633333,,HIGH,80,billing@mac-mechanical.com,,65618067-SLS,BILLING@MAC-MECHANICAL.COM,3100 W 68TH STREET,Natasha Mcelderry,,,3100 W 68TH ST,,MAC MECHANICAL CO,72209,,billing@mac-mechanical.com,,65618067-SLS,NATASHA MCELDERRY,
Airetech,Y,53202,MILWAUKEE,Y,WI,1691,2723,US,,,2026-01-09 05:07:32,WI,,,READY,,,"MILWAUKEE,",,JOHNSON CONTROLS INC WI,+14704322166,,HIGH,80,crystal.l.meek@jci.com,,,CRYSTAL.L.MEEK@JCI.COM,507 E MICHIGAN ST,Bianca Patterson,,,507 E MICHIGAN ST,,JOHNSON CONTROLS INC  WI,53202,,crystal.l.meek@jci.com,,,BIANCA PATTERSON,
Airetech,Y,72756,ROGERS,N,AR,1692,2724,US,,,2026-01-09 05:07:35,AR,+14796210318,,READY,,,"ROGERS,",,BENCHMARK GROUP INC,+14796365004,,HIGH,80,apbill@teamofchoice.com,,,APBILL@TEAMOFCHOICE.COM,1805 N 2ND STREET,Megan Thomas,,4796210318,1805 N 2ND ST,,BENCHMARK GROUP INC,72756,,apbill@teamofchoice.com,,,MEGAN THOMAS,
Airetech,Y,,,N,,1693,2725,US,,,NaT,,,,REVIEW,,,,,CARLOS RODRIGUES,+19186375580,,LOW,20,jrodriguez114@cox.net,,,JRODRIGUEZ114@COX.NET,,Carlos Rodriguez,,,,,CARLOS RODRIGUES   CC CUST,,,jrodriguez114@cox.net,,,CARLOS RODRIGUEZ,
Airetech,Y,62230,BREESE,N,IL,1694,2726,US,,,2026-01-09 05:07:38,IL,,,READY,,,"BREESE,",,POETTKER CONSTRUCTION COMPANY,+16185267213,,HIGH,80,ap@poettkerconstruction.com,,,AP@POETTKERCONSTRUCTION.COM,400 S GERMANTOWN ROAD,Alicia/Hannah,,,400 S GERMANTOWN RD,,POETTKER CONSTRUCTION COMPANY,62230,,ap@poettkerconstruction.com,,,ALICIA/HANNAH,
Airetech,Y,74344,GROVE,N,OK,1695,2727,US,,,NaT,OK,+19188017517,,READY,,,"GROVE,",,EUBANKS OUTDOOR POWER,+19188017515,,HIGH,100,candy@eubanksequipment.com,,,CANDY@EUBANKSEQUIPMENT.COM,25390 US HWY 59,Candy Vail,,9188017517,25390 US HWY 59,,EUBANKS OUTDOOR POWER,74344,,candy@eubanksequipment.com,,,CANDY VAIL,
Airetech,Y,72204,LITTLE ROCK,N,AR,1696,2728,US,,,2026-01-09 05:07:42,AR,,,READY,,,"LITTLE ROCK,",,ARKANSAS DEPT OF TRANSPORTATION,+15015692000,,HIGH,80,facilities.management@ardot.go,,,FACILITIES.MANAGEMENT@ARDOT.GO,10324 I-30,,,,10324 I-30,,ARKANSAS DEPT OF TRANSPORTATION,72204,,facilities.management@ardot.go,,,,
Airetech,Y,72653,MOUNTAIN HOME,N,AR,1697,2729,US,,,NaT,AR,,,READY,,,"MOUNTAIN HOME,",,CORNERSTONE SOUNDWORKS,,,HIGH,100,stevemk_44@yahoo.com,,00203688-SLS,STEVEMK_44@YAHOO.COM,1182 COUNTY ROAD 636,Steve,,,1182 COUNTY RD 636,,CORNERSTONE SOUNDWORKS   CC CUST,72653,,stevemk_44@yahoo.com,,00203688-SLS,STEVE,
Airetech,Y,74037,JENKS,N,OK,1698,2730,US,,,2026-01-09 05:07:46,OK,,,READY,,,"JENKS,",,JENKS PUBLIC SCHOOL,+19182994415,,HIGH,80,finance@jenksps.org,,856600,FINANCE@JENKSPS.ORG,205 EAST B STREET,Carla,,,205 E B ST,,JENKS PUBLIC SCHOOL,74037,,finance@jenksps.org,,856600,CARLA,
Airetech,Y,72129,PRATTSVILLE,N,AR,1699,2731,US,,,NaT,AR,+18706994746,,READY,,,"PRATTSVILLE,",,HD HEATING & COOLING,+18704843215,,MEDIUM,70,dcarter76@windstream.net,,59317912-SLS,DCARTER76@WINDSTREAM.NET,PO BOX 171,Daniel Carter,,8706994746,PO BOX 171,,HD HEATING AND COOLING,72129,,dcarter76@windstream.net,,59317912-SLS,DANIEL CARTER,
Airetech,Y,06002,BLOOMFIELD,N,CT,1700,2732,US,,,2026-01-09 05:07:48,,,,READY,,,,,KAMAN INDUSTRIAL TECHNOLOGIES,+18606875000,,HIGH,80,,,00227043-SLS,1 VISION WAY,"BLOOMFIELD, CT",Mike Collins,,,1 VISION WAY,,KAMAN INDUSTRIAL TECHNOLOGIES,6002,,,,00227043-SLS,MIKE COLLINS,
Airetech,Y,72205,LITTLE ROCK,N,AR,1701,2733,US,,,2026-01-09 05:07:51,AR,+15016833677,,READY,,,"LITTLE ROCK,",,ARKANSAS STATE HOSPITAL,+15016869000,,HIGH,80,,,00070203-SLS,EMAIL - SEE COMMENTS,305 S PALM STREET,Cedric Patterson,,5016833677,305 S PALM ST,,ARKANSAS STATE HOSPITAL,72205,,,,00070203-SLS,CEDRIC PATTERSON,
Airetech,Y,63043,MARYLAND HEIGHTS,N,MO,1702,2734,US,,,2026-01-09 05:07:53,MO,+13148786029,,READY,,,"MARYLAND HEIGHTS,",,BLACKMORE & GLUNT INC,+13148784313,,HIGH,80,accountspayable@b-g.com,,10825185-MO,ACCOUNTSPAYABLE@B-G.COM,12 KIMLER DRIVE,Jamie Crawford,,3148786029,12 KIMLER DR,,BLACKMORE AND GLUNT INC,63043,,accountspayable@b-g.com,,10825185-MO,JAMIE CRAWFORD,
Airetech,Y,72740,HUNTSVILLE,N,AR,1703,2735,US,,,NaT,,,,READY,,,,,CHANAS CORNEROMER,+14794096019,,HIGH,100,,,,7807 CLIFTY HIGHWAY,"HUNTSVILLE, AR",,,,7807 CLIFTY HWY,,CHANAS CORNER     CC CUSTOMER,72740,,,,,,
Airetech,Y,72616,BERRYVILLE,N,AR,1704,2736,US,,,NaT,AR,,,READY,,,"BERRYVILLE,",,TRULOVE DIRT WORKS LLC,+18704234709,,MEDIUM,70,acctspay@trulovedirtworks.com,,,ACCTSPAY@TRULOVEDIRTWORKS.COM,PO BOX 152,Rebecca Skags,,,PO BOX 152,,TRULOVE DIRT WORKS LLC,72616,,acctspay@trulovedirtworks.com,,,REBECCA SKAGS,
Airetech,Y,71602,WHITE HALL,N,AR,1705,2737,US,C/O WAYNE,,NaT,AR,,,READY,,,"WHITE HALL,",,NATURAL STATE MEDICINALS,+18703296344,,HIGH,100,juanita.hill@naturalstatemeds.,,,JUANITA.HILL@NATURALSTATEMEDS.,C/O WAYNE-4225 GRAVEL PIT ROAD,Juanita Hill,,,4225 GRAVEL PIT RD,,NATURAL STATE MEDICINALS,71602,,juanita.hill@naturalstatemeds.,,,JUANITA HILL,
Airetech,Y,74021-6497,COLLINSVILLE,N,OK,1706,2738,US,,,NaT,OK,,,READY,,,"COLLINSVILLE,",,GREEN THUMB PHARMS,,,HIGH,100,gtpharms@gmail.com,,15793692-03,GTPHARMS@GMAIL.COM,40954 N 3990 RD,,,,40954 N 3990 RD,,GREEN THUMB PHARMS,74021-6497,,gtpharms@gmail.com,,15793692-03,,
Airetech,Y,48446,LAPEER,N,MI,1707,2739,US,,,NaT,MI,+18102458752,,READY,,,"LAPEER,",,WARREN SYSTEMS INC,+18102458751,,HIGH,100,tanya@warrensystemsinc.com,,,TANYA@WARRENSYSTEMSINC.COM,3038 ESSEX DR,Tanya Dusette,,8102458752,3038 ESSEX DR,,WARREN SYSTEMS INC,48446,,tanya@warrensystemsinc.com,,,TANYA DUSETTE,
Airetech,Y,72223,LITTLE ROCK,Y,AR,1708,2740,US,,,2026-01-09 05:08:03,,,,READY,,,,,CHENAL VILLAGEOMER,+15014485557,,HIGH,80,,,,1 CHENAL VILLAGE CIRCLE,"LITTLE ROCK, AR",,,,1 CHENAL VILLAGE CIR,,CHENAL VILLAGE        CC CUSTOMER,72223,,,,,,
Airetech,Y,74728,BROKEN BOW,Y,OK,1709,2741,US,,,2026-01-09 05:08:05,OK,+15805842393,,READY,,,"BROKEN BOW,",,SOUTHERN COMFORT HEATING & AIR,+12144505427,,HIGH,80,accounting@socoheatair.com,,,ACCOUNTING@SOCOHEATAIR.COM,5359 S PARK DRIVE,Joe Williams,,5805842393,5359 S PARK DR,,SOUTHERN COMFORT HEATING AND AIR,74728,,accounting@socoheatair.com,,,JOE WILLIAMS,
Airetech,Y,92821,BREA,N,CA,1710,2742,US,,,NaT,CA,,,READY,,,"BREA,",,COOLSYS COMMERCIAL & INDUSTRIAL,+17145109690,,HIGH,100,serviceap@coolsys.com,,,SERVICEAP@COOLSYS.COM,145 S STATE COLLEGE BLVD ST200,Denise Guel,,,145 S STATE COLLEGE BLVD ST200,,COOLSYS COMMERCIAL AND INDUSTRIAL,92821,,serviceap@coolsys.com,,,DENISE GUEL,
Airetech,Y,57107,SIOUX FALLS,N,SD,1711,2743,US,SIOUX FALLS SD,,2026-01-09 05:08:09,,,,READY,,,,,CLIMATE SYSTEMS INC,+16053342164,,HIGH,80,,,,3005 W RUSSELL STREET,"SIOUX FALLS, SD",,,,3005 W RUSSELL ST,,CLIMATE SYSTEMS INC      CC CUST,57107,,,,,,
Airetech,Y,72632,EUREKA SPRINGS,N,AR,1712,2746,US,,,2026-01-09 05:08:21,AR,,,READY,,,"EUREKA SPRINGS,",,EUREKA SPRINGS HOSPITAL COMMISSION,+14792537400,,HIGH,80,,,,EMAIL - SEE COMMENTS,24 NORRIS ST,Savanna Hutson,,,24 NORRIS ST,,EUREKA SPRINGS HOSPITAL COMMISSION,72632,,,,,SAVANNA HUTSON,
Airetech,Y,74354,MIAMI,N,OK,1713,2747,US,,,2026-01-09 05:08:23,OK,+19185423127,,READY,,,"MIAMI,",,NORTHEASTER OKLAHOMA A & M COLLEGE,+19185406218,,HIGH,80,accountspayable@neo.edu,,EXM1435292602,ACCOUNTSPAYABLE@NEO.EDU,200 I ST NE,Crystal Baker,,9185423127,200 I ST NE,,NORTHEASTER OKLAHOMA A AND M COLLEG,74354,,accountspayable@neo.edu,,EXM1435292602,CRYSTAL BAKER,
Airetech,Y,72704,FAYETTEVILLE,N,AR,1714,2748,US,,,2026-01-09 05:08:25,AR,,,READY,,,"FAYETTEVILLE,",,YELLOWSTONE HEAT & AIR,+14798793016,,HIGH,80,jakedavenport207@gmail.com,,,JAKEDAVENPORT207@GMAIL.COM,1856 N SALEM ROAD,Jake Davenport,,,1856 N SALEM RD,,YELLOWSTONE HEAT AND AIR    CC CUST,72704,,jakedavenport207@gmail.com,,,JAKE DAVENPORT,
Airetech,Y,72221,LITTLE ROCK,Y,AR,1715,2749,US,,,NaT,AR,+15017711060,,READY,,,"LITTLE ROCK,",,ADVANCED ELECTRICAL SUPPLY & DIST,+15017711030,,MEDIUM,70,,,54542768-SLS,EMAIL: SEE NOTES,PO BOX 22868,Angela Everett,,5017711060,PO BOX 22868,,ADVANCED ELECTRICAL SUPPLY AND DIST,72221,,,,54542768-SLS,ANGELA EVERETT,
Airetech,Y,74105,TULSA,Y,OK,1716,2750,US,,,2026-01-09 05:08:27,OK,+15036753827,,READY,,,"TULSA,",,THE GROVE AT MIDTOWN,+15036753925,,HIGH,80,,,,,5211 S LEWIS AVE,Tiffany Heckman,,5036753827,5211 S LEWIS AVE,,THE GROVE AT MIDTOWN,74105,,,,,TIFFANY HECKMAN,
Airetech,Y,72120,SHERWOOD,Y,AR,1717,2751,US,,,2026-01-09 05:08:29,AR,,,READY,,,"SHERWOOD,",,SEATON HEAT N AIR,+15018342610,,HIGH,80,seatonhna@gmail.com,,,SEATONHNA@GMAIL.COM,2000 LANTRIP ROAD,Jessica Smith,,,2000 LANTRIP RD,,SEATON HEAT N AIR,72120,,seatonhna@gmail.com,,,JESSICA SMITH,
Airetech,Y,64111,KANSAS CITY,Y,MO,1718,2752,US,,,2026-01-09 05:08:31,MO,,,READY,,,"KANSAS CITY,",,US ENGINEERING CONSTRUCTION,+18167536969,,HIGH,80,apinvoices@usengineering.com,,54429112-SLS,APINVOICES@USENGINEERING.COM,3433 ROANOKE ROAD,Kelli Amick,,,3433 ROANOKE RD,,US ENGINEERING CONSTRUCTION,64111,,apinvoices@usengineering.com,,54429112-SLS,KELLI AMICK,
Airetech,Y,72212,LITTLE ROCK,N,AR,1719,2753,US,,,2026-01-09 05:08:33,,,,READY,,,,,GARRETT LILE,+15016589026,,HIGH,80,,,,50 ROCKY VALLEY COVE,"LITTLE ROCK, AR",Garret Lile,,,50 ROCKY VALLEY COVE,,GARRETT LILE,72212,,,,,GARRET LILE,
Airetech,Y,74105,TULSA,N,OK,1720,2754,US,,,2026-01-09 05:08:35,OK,,,READY,,,"TULSA,",,TRIMEP LLC,+19185684127,,HIGH,80,cody@trimep.co,,,CODY@TRIMEP.CO,5272 S LEWIS AVE #271,Cody Reed,,,5272 S LEWIS AVE #271,,TRIMEP LLC,74105,,cody@trimep.co,,,CODY REED,
Airetech,Y,72032,CONWAY,N,AR,1795,2836,US,,,NaT,,,,READY,,,,,GARY KEYMER,,,HIGH,100,,,,48 HAYS HILL,"CONWAY, AR",Gary Keymer,,,48 HAYS HILL,,GARY KEYMER     PAY DUE AT DELIVERY,72032,,,,,GARY KEYMER,
Airetech,Y,19034,HORSHAM,N,PA,1721,2755,US,BUILDING ONE 2ND FL,,2026-01-09 05:08:37,PA,+12152832227,,READY,,,"HORSHAM,",,SOFIDEL AMERICA CORP,+12152833890,,HIGH,80,,,STS1404717606,300 WELSH ROAD,"BUILDING ONE, 2ND FLOOR",,,2152832227,300 WELSH RD,,SOFIDEL AMERICA CORP,19034,,,,STS1404717606,,
Airetech,Y,72703,FAYETTEVILLE,N,AR,1722,2756,US,,,2026-01-09 05:08:39,,,,READY,,,,,DR ANTHONY HUI,+14794420144,,HIGH,80,,,,390 E LONGVIEW ST,"FAYETTEVILLE, AR",,,,390 E LONGVIEW ST,,DR ANTHONY HUI,72703,,,,,,
Airetech,Y,,,N,,1723,2757,US,,,NaT,,,,REVIEW,,,,,JUSTIN GORDON,,,LOW,20,,,,,,,,,,,JUSTIN GORDON,,,,,,,
Airetech,Y,72315,BLYTHEVILLE,N,AR,1724,2758,US,,,NaT,AR,,,READY,,,"BLYTHEVILLE,",,SOUTHERN AIR REPAIR & SERVICE INC,,,HIGH,100,,,83912163-SLS,CC CUSTOMER,2034 E HWY 18,,,,2034 E HWY 18,,SOUTHERN AIR REPAIR AND SERVICE INC,72315,,,,83912163-SLS,,
Airetech,Y,72355,LEXA,N,AR,1725,2759,US,,,NaT,AR,,,READY,,,"LEXA,",,RAYS HEATING & COOLING LLC,+18709951543,,HIGH,100,strays626@gmail.com cc cust,,47-4839916,STRAYS626@GMAIL.COM   CC CUST,436 PHILLIPS ROAD 273,Terry Ray,,,436 PHILLIPS RD 273,,RAYS HEATING AND COOLING LLC,72355,,strays626@gmail.com cc cust,,47-4839916,TERRY RAY,
Airetech,Y,17202,CHAMBERSBURG,N,PA,1726,2760,US,,,NaT,PA,,,READY,,,"CHAMBERSBURG,",,TY CONSTRUCTION COMPANY INC,+17172633885,,HIGH,100,ekonefsky@tycorporate.com,,,EKONEFSKY@TYCORPORATE.COM,40 KRINER ROAD,Eileen Knoefsky,,,40 KRINER RD,,TY CONSTRUCTION COMPANY INC,17202,,ekonefsky@tycorporate.com,,,EILEEN KNOEFSKY,
Airetech,Y,72701,FAYETTEVILLE,N,AR,1727,2761,US,,,2026-01-09 05:08:49,AR,,,READY,,,"FAYETTEVILLE,",,STEELWORX INDUSTRIAL GROUP,+14794194558,,HIGH,80,accounting@steelworxig.com,,54669269-SLS,ACCOUNTING@STEELWORXIG.COM,1860 E PUMP STATION ROAD,Jenica Phillips,,,1860 E PUMP STATION RD,,STEELWORX INDUSTRIAL GROUP,72701,,accounting@steelworxig.com,,54669269-SLS,JENICA PHILLIPS,
Airetech,Y,74135,TULSA,N,OK,1728,2762,US,,,2026-01-09 05:08:51,OK,,,READY,,,"TULSA,",,TRINITY WOODS INC,+19183466680,,HIGH,80,twestlake@trinitywoodstulsa.co,,,TWESTLAKE@TRINITYWOODSTULSA.CO,4134 E 31ST,Ty Westlake,,,4134 E 31ST,,TRINITY WOODS INC,74135,,twestlake@trinitywoodstulsa.co,,,TY WESTLAKE,
Airetech,Y,,,N,,1729,2763,US,,,NaT,,,,REVIEW,,,,,RICKE BOYLE,+15104706144,,LOW,20,rickeboyle@gmail.com,,,RICKEBOYLE@GMAIL.COM,,,,,,,RICKE BOYLE         CC CUST,,,rickeboyle@gmail.com,,,,
Airetech,Y,72119,NORTH LITTLE ROCK,N,AR,1730,2764,US,,,NaT,AR,,,READY,,,"NORTH LITTLE ROCK,",,HARRELL MECHANICAL,,,MEDIUM,70,krystie-hmc@sbcglobal.net,,,KRYSTIE-HMC@SBCGLOBAL.NET,PO BOX 5870,,,,PO BOX 5870,,HARRELL MECHANICAL,72119,,krystie-hmc@sbcglobal.net,,,,
Airetech,Y,72802,RUSSELLVILLE,N,AR,1731,2765,US,,,NaT,AR,,,READY,,,"RUSSELLVILLE,",,BAKER REFRIGERATION & AC,+14798901062,,HIGH,100,timbaker3250@yahoo.com,,18608858001,TIMBAKER3250@YAHOO.COM,402 DAY LANE,Tim Baker,,,402 DAY LN,,BAKER REFRIGERATION AND AC  CC CUST,72802,,timbaker3250@yahoo.com,,18608858001,TIM BAKER,
Airetech,Y,74401,MUSKOGEE,N,OK,1732,2766,US,,,2026-01-09 05:08:57,,+19186836704,,READY,,,,,FAIRFIELD INN & SUITES,+19186836700,,HIGH,80,,,,1650 N 32ND STREET,"MUSKOGEE, OK",Brant,,9186836704,1650 N 32ND ST,,FAIRFIELD INN AND SUITES MUSKOGEE,74401,,,,,BRANT,
Airetech,Y,70009,METARIE,N,LA,1733,2767,US,,,NaT,LA,+15048375445,,READY,,,"METARIE,",,NEW & ASSOCIATES LLC,+15048332700,,MEDIUM,70,janetsaia@newandassociates.com,,4301677-001W,JANETSAIA@NEWANDASSOCIATES.COM,PO BOX 6335,Janet Saia,,5048375445,PO BOX 6335,,NEW AND ASSOCIATES LLC,70009,,janetsaia@newandassociates.com,,4301677-001W,JANET SAIA,
Airetech,Y,,,N,,1734,2768,US,,,NaT,,,,REVIEW,,,,,ABOVE AIR TECHNOLOGIES,,,LOW,20,pbell@aboveair.com,,WARRANTY,PBELL@ABOVEAIR.COM,,,,,,,ABOVE AIR TECHNOLOGIES,,,pbell@aboveair.com,,WARRANTY,,
Airetech,Y,72223,LITTLE ROCK,Y,AR,1735,2770,US,,,NaT,AR,,,READY,,,"LITTLE ROCK,",,YATES MAINTENANCE LLC,+15019408930,,HIGH,100,yatesmaintenance@gmail.com,,,YATESMAINTENANCE@GMAIL.COM,6900 MORGAN CEMETERY RD,Misty Yates,,,6900 MORGAN CEMETERY RD,,YATES MAINTENANCE LLC,72223,,yatesmaintenance@gmail.com,,,MISTY YATES,
Airetech,Y,72207,LITTLE ROCK,N,AR,1736,2771,US,,,NaT,AR,,,READY,,,"LITTLE ROCK,",,MAX GOOD PREPAY ACCT,+15014133597,,HIGH,100,max@2goodengineering.com,,,MAX@2GOODENGINEERING.COM,7025 ROCKWOOD DRIVE,Max Good,,,7025 ROCKWOOD DR,,MAX GOOD                PREPAY ACCT,72207,,max@2goodengineering.com,,,MAX GOOD,
Airetech,Y,72143,SEARCY,N,AR,1737,2772,US,,,2026-01-09 05:09:05,,+15012687337,,READY,,,,,MCKENNEY SUPPLY INC,+15012688422,,HIGH,80,,,034965-73-001,106 E PLEASURE AVE,"SEARCY, AR",Marie Jones,,5012687337,106 E PLEASURE AVE,,MCKENNEY SUPPLY INC,72143,,,,034965-73-001,MARIE JONES,
Airetech,Y,72770,TONTITOWN,N,AR,1738,2773,US,,,2026-01-09 05:09:08,,,,READY,,,,,DOUG KIRBY CASH CUST,+14793611516,,HIGH,80,,,,675 LAURA LN,"TONTITOWN, AR",Doug,,,675 LAURA LN,,DOUG KIRBY             CASH CUST,72770,,,,,DOUG,
Airetech,Y,74137,TULSA,N,OK,1739,2774,US,,,NaT,,,,READY,,,,,RIVER SPIRIT CASINO,+19184979633,,HIGH,100,,,73-1230912,8330 RIVERSIDEPARKWAY,"TULSA, OK",,,,8330 RIVERSIDEPARKWAY,,RIVER SPIRIT CASINO    CC CUST,74137,,,,73-1230912,,
Airetech,Y,33619,TAMPA,N,FL,1740,2775,US,,,NaT,,+18139024156,,READY,,,,,D & M HOLDING COMPANY,+18135632750,,HIGH,100,,,54547116-SLS,"207 KELSEY LANE, SUITE K","TAMPA, FL",Leann Arnold,,8139024156,207 KELSEY LN STE K,,D AND M HOLDING COMPANY,33619,,,,54547116-SLS,LEANN ARNOLD,
Airetech,Y,71006,BENTON,N,LA,1741,2776,US,,,NaT,LA,,,READY,,,"BENTON,",,KAYBRO CONSTRUCTION,+13185189121,,HIGH,100,sladehood@yahoo.com,,,SLADEHOOD@YAHOO.COM,567 LINTON ROAD,Slade Hood,,,567 LINTON RD,,KAYBRO CONSTRUCTION,71006,,sladehood@yahoo.com,,,SLADE HOOD,
Airetech,Y,74145,TULSA,N,OK,1742,2778,US,,,NaT,OK,,,READY,,,"TULSA,",,JACOB PALMER,+19184970098,,HIGH,100,specair918@gmail.com,,,SPECAIR918@GMAIL.COM,4724 S 70 E AVE,Jacob Palmer,,,4724 S 70 E AVE,,JACOB PALMER       CC CUST,74145,,specair918@gmail.com,,,JACOB PALMER,
Airetech,Y,30144,KENNESAW,N,GA,1743,2779,US,,,2026-01-09 05:09:18,GA,,,READY,,,"KENNESAW,",,BUILDRITE CONSTRUCTION CORP,+17708222361,,HIGH,80,,,,EMAIL: SEE NOTES,"600 CHASTAIN ROAD, STE 326",Jeff Turner,,,600 CHASTAIN RD STE 326,,BUILDRITE CONSTRUCTION CORP,30144,,,,,JEFF TURNER,
Airetech,Y,73108,OKLAHOMA CITY,N,OK,1744,2780,US,,,2026-01-09 05:09:20,OK,+14059499469,,READY,,,"OKLAHOMA CITY,",,BAKERY ENGINEERING SERVICES,+14059499459,,HIGH,80,bakeng@sbcglobal.net,,STS1003564205,BAKENG@SBCGLOBAL.NET,1316-A CORNELL PARKWAY,Linda Suggs,,4059499469,1316-A CORNELL PKWY,,BAKERY ENGINEERING SERVICES,73108,,bakeng@sbcglobal.net,,STS1003564205,LINDA SUGGS,
Airetech,Y,75455,MT PLEASANT,N,TX,1745,2782,US,,,2026-01-09 05:09:22,TX,+19035722146,,READY,,,"MT PLEASANT,",,WOOD AIR CONDITIONING INC,+19035720771,,HIGH,80,shawn@woodac.com,,,SHAWN@WOODAC.COM,1164 US HWY 67 EAST,Shawn,,9035722146,1164 US HWY 67 E,,WOOD AIR CONDITIONING INC   CC CUST,75455,,shawn@woodac.com,,,SHAWN,
Airetech,Y,52002,DUBUQUE,N,IA,1746,2783,US,,,2026-01-09 05:09:24,IA,,,READY,,,"DUBUQUE,",,DUCTSOX CORP,+15635885317,,HIGH,80,mweis@ductsox.com,,LABOR REIMB,MWEIS@DUCTSOX.COM,4343 CHAVENELLE RD,Mary Weis,,,4343 CHAVENELLE RD,,DUCTSOX CORP,52002,,mweis@ductsox.com,,LABOR REIMB,MARY WEIS,
Airetech,Y,74037,JENKS,N,OK,1747,2784,US,,,NaT,OK,+19182992601,,READY,,,"JENKS,",,L & L CONSTRUCTION INC,+19182992600,,MEDIUM,70,hank@landlconstruction.com,,890361,HANK@LANDLCONSTRUCTION.COM,PO BOX 36,Hank Johnson,,9182992601,PO BOX 36,,L AND L CONSTRUCTION INC,74037,,hank@landlconstruction.com,,890361,HANK JOHNSON,
Airetech,Y,74133,TULSA,Y,OK,1748,2785,US,,,2026-01-09 05:09:26,OK,+19182520337,,READY,,,"TULSA,",,RENAISSANCE TULSA HOTEL,+19183072600,,HIGH,80,suzanne.holcomb@atriumhosptial,,,SUZANNE.HOLCOMB@ATRIUMHOSPTIAL,6808 S 107TH E AVE,Suzanne Holcomb,,9182520337,6808 S 107TH E AVE,,RENAISSANCE TULSA HOTEL,74133,,suzanne.holcomb@atriumhosptial,,,SUZANNE HOLCOMB,
Airetech,Y,74021,COLLINSVILLE,N,OK,1749,2786,US,,,NaT,OK,,,READY,,,"COLLINSVILLE,",,B & B SHEET METAL HEAT & AIR,+19183711335,,MEDIUM,70,bbshtmtlhvac@aol.com,,,BBSHTMTLHVAC@AOL.COM,PO BOX 273,Brenda Wilson,,,PO BOX 273,,B AND B SHEET METAL HEAT AND AIR,74021,,bbshtmtlhvac@aol.com,,,BRENDA WILSON,
Airetech,Y,72335,FORREST CITY,N,AR,1750,2787,US,,,2026-01-09 05:09:28,AR,+18702610134,,READY,,,"FORREST CITY,",,FORREST CITY MEDICAL CENTER,+18702610000,,HIGH,80,sodom@qhcus.com,,,SODOM@QHCUS.COM,1601 NEWCASTLE ROAD,Sandy Odom,,8702610134,1601 NEWCASTLE RD,,FORREST CITY MEDICAL CENTER,72335,,sodom@qhcus.com,,,SANDY ODOM,
Airetech,Y,72764,SPRINGDALE,N,AR,1751,2788,US,,,2026-01-09 05:09:29,AR,,,READY,,,"SPRINGDALE,",,TWC SERVICESOMER,+14797179670,,HIGH,80,apinvoicesspringdale@twcservic,,71012974SLS,APINVOICESSPRINGDALE@TWCSERVIC,2886 NORTH LOWELL ROAD,Michael Jean,,,2886 N LOWELL RD,,TWC SERVICES       CC CUSTOMER,72764,,apinvoicesspringdale@twcservic,,71012974SLS,MICHAEL JEAN,
Airetech,Y,71913,HOT SPRINGS,N,AR,1752,2789,US,,,NaT,,,,READY,,,,,RECO ELECTRICOMER,,,HIGH,100,,,,189 LAKE FOREST SHORES DR,"HOT SPRINGS, AR",,,,189 LAKE FOREST SHORES DR,,RECO ELECTRIC     CC CUSTOMER,71913,,,,,,
Airetech,Y,72336,FORREST CITY,N,AR,1754,2791,US,,,NaT,AR,+18706333673,,READY,,,"FORREST CITY,",,STORE SERVICES INC,+18706333636,,MEDIUM,70,joe@storeservicesinc.com,,,JOE@STORESERVICESINC.COM,PO BOX 448 / 1535 NEWCASTLE RD,Joe Thompson,,8706333673,PO BOX 448,1535 NEWCASTLE R,STORE SERVICES INC,72336,,joe@storeservicesinc.com,,,JOE THOMPSON,
Airetech,Y,73018,CHICKASHA,N,OK,1755,2792,US,,,2026-01-09 05:09:36,OK,,,READY,,,"CHICKASHA,",,DEHART AIR CONDITIOING & ELECTRON,+14052240184,,HIGH,80,dsmith@dehartair.com,,STS1003979205,DSMITH@DEHARTAIR.COM,1201 SOUTH 4TH STREET,Dana Smith,,,1201 S 4TH ST,,DEHART AIR CONDITIOING AND ELECTRON,73018,,dsmith@dehartair.com,,STS1003979205,DANA SMITH,
Airetech,Y,72335,FORREST CITY,N,AR,1756,2793,US,,,2026-01-09 05:09:37,AR,+18706333673,,READY,,,"FORREST CITY,",,SSI CONTRACTING INC,+18706633636,,HIGH,80,accounting@storeservicesinc.co,,32392068001,ACCOUNTING@STORESERVICESINC.CO,1535 NEWCASTLE ROAD,Alex Christianson,,8706333673,1535 NEWCASTLE RD,,SSI CONTRACTING INC,72335,,accounting@storeservicesinc.co,,32392068001,ALEX CHRISTIANSON,
Airetech,Y,72201,LITTLE ROCK,N,AR,1757,2794,US,,,2026-01-09 05:09:40,,,,READY,,,,,POLK STANLEY WILCOX ARCHITECTS LTD,+15013780878,,HIGH,80,,,,801 S SPRING ST,"LITTLE ROCK, AR",,,,801 S SPRING ST,,POLK STANLEY WILCOX ARCHITECTS LTD,72201,,,,,,
Airetech,Y,75006,CARROLTON,Y,TX,1758,2795,US,STE 100,,NaT,TX,,,READY,,,CARROLTON,,INTERCOOL USA,+14796895050,,HIGH,100,,,,1313 VALWOOD PARKWAY,SUITE 100,Account Payable,,,1313 VALWOOD PKWY,,INTERCOOL USA,75006,,,,,ACCOUNT PAYABLE,
Airetech,Y,,,N,,1759,2796,US,,,NaT,,,,REVIEW,,,,,FORREST CITY MECHANICAL,+18706309467,,LOW,20,jbarnett01@qhcus.com,,,JBARNETT01@QHCUS.COM,,Joey Barnett,,,,,FORREST CITY MECHANICAL   CC CUST,,,jbarnett01@qhcus.com,,,JOEY BARNETT,
Airetech,Y,72217,LITTLE ROCK,Y,AR,1760,2797,US,,,NaT,AR,+15016630269,,READY,,,"LITTLE ROCK,",,CLINE CONSTRUCTION GROUP LLC,+15016630265,,MEDIUM,70,invoices@clineconstructiongrou,,,INVOICES@CLINECONSTRUCTIONGROU,PO BOX 7740,Karen Cline,,5016630269,PO BOX 7740,,CLINE CONSTRUCTION GROUP  LLC,72217,,invoices@clineconstructiongrou,,,KAREN CLINE,
Airetech,Y,72855,PARIS,N,AR,1761,2798,US,,,NaT,AR,,,READY,,,"PARIS,",,BIG RIVER ROLLER MANUFACTURING,+14792024515,,HIGH,100,,,,---ONE TIME PURCHASE----,260 AIRPORT INDUSTRIAL ROAD,,,,260 AIRPORT INDUSTRIAL RD,,BIG RIVER ROLLER MANUFACTURING,72855,,,,,,
Airetech,Y,72764,SPRINGDALE,N,AR,1762,2799,US,,,2026-01-09 05:09:48,AR,,,READY,,,"SPRINGDALE,",,ROCKLINE INDUSTRIES,,,HIGH,80,arkansasapinvoice@rocklineind.,,00105731-SLS,ARKANSASAPINVOICE@ROCKLINEIND.,1583 EAST MOUNTAIN ROAD,,,,1583 E MOUNTAIN RD,,ROCKLINE INDUSTRIES,72764,,arkansasapinvoice@rocklineind.,,00105731-SLS,,
Airetech,Y,72227,LITTLE ROCK,Y,AR,1763,2800,US,,,2026-01-09 05:09:50,AR,,,READY,,,"LITTLE ROCK,",,INSIGHT ENGINEERING PLLC,+15012373077,,HIGH,80,kkoch@insightpllc.com,,,KKOCH@INSIGHTPLLC.COM,1818 N TAYLOR STREET #237,Kim Koch,,,1818 N TAYLOR ST #237,,INSIGHT ENGINEERING PLLC,72227,,kkoch@insightpllc.com,,,KIM KOCH,
Airetech,Y,72120,SHERWOOD,N,AR,1764,2802,US,,,2026-01-09 05:09:52,,,,READY,,,,,BILL LEA SERVICESOMER,+15018341655,,HIGH,80,,,12232025-SLS,1106 W KIEHL AVE,"SHERWOOD, AR",Deana Lea,,,1106 W KIEHL AVE,,BILL LEA SERVICES     CC CUSTOMER,72120,,,,12232025-SLS,DEANA LEA,
Airetech,Y,72145,SEARCY,N,AR,1765,2803,US,,,NaT,AR,,,READY,,,"SEARCY,",,INGRAMS PLUMBIN SERVICE CO,+15012903316,,MEDIUM,70,ryan@ingramsplumbingco.com,,,RYAN@INGRAMSPLUMBINGCO.COM,PO BOX 901,Ryan Ingram,,,PO BOX 901,,INGRAMS PLUMBIN SERVICE CO,72145,,ryan@ingramsplumbingco.com,,,RYAN INGRAM,
Airetech,Y,66215,LENEXA,N,KS,1766,2804,US,,,2026-01-09 05:09:54,KS,+19133964699,,READY,,,"LENEXA,",,MCQUEENY GROUP INC,+19133964700,,HIGH,80,clundquist@mcqueenygroup.com,,0322647-SLS,CLUNDQUIST@MCQUEENYGROUP.COM,13605 W 109TH STREET,Chris Lundquist,,9133964699,13605 W 109TH ST,,MCQUEENY GROUP INC,66215,,clundquist@mcqueenygroup.com,,0322647-SLS,CHRIS LUNDQUIST,
Airetech,Y,74010,BRISTOW,N,OK,1767,2806,US,,,NaT,OK,,,READY,,,"BRISTOW,",,B & B HEAT & AIR,,,HIGH,100,mred1@att.net,,,MRED1@ATT.NET,136 E 11TH ST,,,,136 E 11TH ST,,B AND B HEAT AND AIR      CC CUST,74010,,mred1@att.net,,,,
Airetech,Y,74115,TULSA,Y,OK,1768,2808,US,,,2026-01-09 05:09:58,OK,,,READY,,,"TULSA,",,AZUL MECHANICAL SERVICE LLC,+19187046167,,HIGH,80,jr.azul.hvac@gmail.com,,,JR.AZUL.HVAC@GMAIL.COM,828 N HUDSON AVE,Juan Rodriguez,,,828 N HUDSON AVE,,AZUL MECHANICAL SERVICE LLC,74115,,jr.azul.hvac@gmail.com,,,JUAN RODRIGUEZ,
Airetech,Y,71913,HOT SPRINGS,N,AR,1769,2809,US,,,2026-01-09 05:10:00,,,,READY,,,,,WALTER WOODWARD MANAGEMENT LLC,+15016816220,,HIGH,80,,,,110 JOHN DUNCAN ROAD,"HOT SPRINGS, AR",Walter Woodward,,,110 JOHN DUNCAN RD,,WALTER WOODWARD MANAGEMENT LLC,71913,,,,,WALTER WOODWARD,
Airetech,Y,74301,VINITA,N,OK,1770,2810,US,,,NaT,,,,READY,,,,,THOMAS STRAIGIS,+19187827073,,HIGH,100,,,,37171 S 4450 ROAD,"VINITA, OK",Thomas Straigis,,,37171 S 4450 RD,,THOMAS STRAIGIS,74301,,,,,THOMAS STRAIGIS,
Airetech,Y,71457,NATCHITOCHES,N,LA,1771,2811,US,,,2026-01-09 05:10:04,LA,,,READY,,,"NATCHITOCHES,",,JD MECHANICAL EQUIPMENT LLC,+13185218039,,HIGH,80,invoices@jdmech.com,,2379641002400,INVOICES@JDMECH.COM,112 TOULINE STREET,Mike Wolff,,,112 TOULINE ST,,JD MECHANICAL EQUIPMENT LLC,71457,,invoices@jdmech.com,,2379641002400,MIKE WOLFF,
Airetech,Y,74145,TULSA,Y,OK,1772,2812,US,,,2026-01-09 05:10:06,OK,+19187942993,,READY,,,"TULSA,",,APPLIED MECHANICAL SERVICES LLC,+19187942992,,HIGH,80,summercoday@kw.com,,,SUMMERCODAY@KW.COM,9410 E 51ST STREET,Summer Coday,,9187942993,9410 E 51ST ST,,APPLIED MECHANICAL SERVICES LLC,74145,,summercoday@kw.com,,,SUMMER CODAY,
Airetech,Y,72019,BENTON,N,AR,1773,2813,US,,,2026-01-09 05:10:08,,,,READY,,,,,MICHAEL SANDERSOMER,,,HIGH,80,,,,3051 MOUNT MCGREGOR,"BENTON, AR",,,,3051 MOUNT MCGREGOR,,MICHAEL SANDERS    CC CUSTOMER,72019,,,,,,
Airetech,Y,74010,BRISTOW,N,OK,1774,2814,US,,,NaT,OK,,,READY,,,"BRISTOW,",,B & E HEATING & AIR,,,MEDIUM,70,,,,PREPAY CUSTOMER,PO BOX 444,,,,PO BOX 444,,B AND E HEATING AND AIR,74010,,,,,,
Airetech,Y,72002,ALEXANDER,N,AR,1775,2815,US,,,NaT,,,,READY,,,,,APEX COMFORT SOLUTIONS INC,+15013268427,,HIGH,100,,,68920498-SLS,15440 BIG RIDGE ROAD,"ALEXANDER, AR",Shelly Stovall,,,15440 BIG RIDGE RD,,APEX COMFORT SOLUTIONS INC,72002,,,,68920498-SLS,SHELLY STOVALL,
Airetech,Y,72316,BLYTHEVILLE,N,AR,1776,2816,US,,,NaT,AR,+18707630513,,READY,,,"BLYTHEVILLE,",,MCEC FIBER INC,+18707634563,,MEDIUM,70,apgroup@mceci.com,,,APGROUP@MCECI.COM,PO BOX 7,Jessica Scott,,8707630513,PO BOX 7,,MCEC FIBER INC,72316,,apgroup@mceci.com,,,JESSICA SCOTT,
Airetech,Y,49022,BENTON HARBOR,N,MI,1777,2817,US,,,2026-01-09 05:10:14,MI,,,READY,,,"BENTON HARBOR,",,WHIRLPOOL CORPORATION,,,HIGH,80,apinvoice@whirlpool.com,,STS1010165908,APINVOICE@WHIRLPOOL.COM/ATN:AP,2000 N M-63,Avendors@Whirlpoolc,,,2000 N M-63,,WHIRLPOOL CORPORATION,49022,,apinvoice@whirlpool.com/atn:ap,,STS1010165908,AVENDORS@WHIRLPOOL.C,
Airetech,Y,72858,POTTSVILLE,N,AR,1778,2818,US,,,NaT,AR,,,READY,,,"POTTSVILLE,",,WREN INDUSTRIES LLC,+14792195550,,HIGH,100,ap@wrenind.com,,62017667-001,AP@WRENIND.COM,5157 US HWY 64 E,Reba Smith,,,5157 US HWY 64 E,,WREN INDUSTRIES LLC,72858,,ap@wrenind.com,,62017667-001,REBA SMITH,
Airetech,Y,65897,SPRINGDIELD,N,MO,1779,2819,US,,,NaT,MO,+14178364800,,READY,,,"SPRINGDIELD,",,MISSOURI STATE UNIVERSITY,+14178364779,,HIGH,100,gayleanderson@missouristate.ed,,10291541-MO,GAYLEANDERSON@MISSOURISTATE.ED,901 S NATIONAL AVENUE,Gayle Anderson,,4178364800,901 S NATIONAL AVE,,MISSOURI STATE UNIVERSITY   CC CUST,65897,,gayleanderson@missouristate.ed,,10291541-MO,GAYLE ANDERSON,
Airetech,Y,74076,STILLWATER,N,OK,1780,2820,US,,,NaT,OK,+14055332483,,READY,,,"STILLWATER,",,ADVANTAGE PLUMBING HEATING & COOL,+14055332483,,MEDIUM,70,accounting@youneedadvantage.co,,,ACCOUNTING@YOUNEEDADVANTAGE.CO,PO BOX 196,Ap,,4055332483,PO BOX 196,,ADVANTAGE PLUMBING HEATING AND COOL,74076,,accounting@youneedadvantage.co,,,AP,
Airetech,Y,74047,MOUNDS,N,OK,1781,2821,US,,,NaT,OK,+19187428844,,READY,,,"MOUNDS,",,HANDYMAN SAM,+19189464671,,HIGH,100,lightn7770@aol.com,,,LIGHTN7770@AOL.COM,13875 CHANDLER RD,Sam Cox,,9187428844,13875 CHANDLER RD,,HANDYMAN SAM,74047,,lightn7770@aol.com,,,SAM COX,
Airetech,Y,72015,BENTON,Y,AR,1782,2822,US,,,2026-01-09 05:10:22,AR,,,READY,,,"BENTON,",,ADVANCED INDUSTRIAL REFRIGERATION,+15014137333,,HIGH,80,accounting@theaircorp.com,,54825909-001,ACCOUNTING@THEAIRCORP.COM,6720 ALCOA RD STE 2,Shelby Robinson,,,6720 ALCOA RD STE 2,,ADVANCED INDUSTRIAL REFRIGERATION,72015,,accounting@theaircorp.com,,54825909-001,SHELBY ROBINSON,
Airetech,Y,72901,FT SMITH,Y,AR,1783,2823,US,,,2026-01-09 05:10:24,AR,,,READY,,,"FT SMITH,",,ELITE BUILDING SOLUTIONS FT SMITH,+14796468349,,HIGH,80,shawna@ebscommercial.com,,72215580-SLS,SHAWNA@EBSCOMMERCIAL.COM,3615 WHEELER AVE,Lindsey,,,3615 WHEELER AVE,,ELITE BUILDING SOLUTIONS   FT SMITH,72901,,shawna@ebscommercial.com,,72215580-SLS,LINDSEY,
Airetech,Y,72033,CONWAY,N,AR,1784,2824,US,,,NaT,AR,+15013292466,,READY,,,"CONWAY,",,FOUR SEASONS SERVICE CO INC,+15013298329,,MEDIUM,70,cleanburn@conwaycorp.net,,140213-23-001,CLEANBURN@CONWAYCORP.NET,PO BOX 912,Nancy Burnett,,5013292466,PO BOX 912,,FOUR SEASONS SERVICE CO INC,72033,,cleanburn@conwaycorp.net,,140213-23-001,NANCY BURNETT,
Airetech,Y,74063,SAND SPRINGS,N,OK,1785,2825,US,,,2026-01-09 05:10:26,,,,READY,,,,,DARRELL WEST PREPAY CUSTOMER,+19186941463,,HIGH,80,,,,823 N MCKINLEY AVE,"SAND SPRINGS, OK",Darrell West,,,823 N MCKINLEY AVE,,DARRELL WEST      PREPAY CUSTOMER,74063,,,,,DARRELL WEST,
Airetech,Y,37040,CLARKSVILLE,N,TN,1786,2827,US,,,2026-01-09 05:10:28,TN,,,READY,,,"CLARKSVILLE,",,FACILITY SERVICES MANAGEMENT INC,+19315527044,,HIGH,80,payables@facilityservices.inc.,,,PAYABLES@FACILITYSERVICES.INC.,1021 PROGRESS DRIVE,Vicki Doron,,,1021 PROGRESS DR,,FACILITY SERVICES MANAGEMENT INC,37040,,payables@facilityservices.inc.,,,VICKI DORON,
Airetech,Y,71667,STAR CITY,N,AR,1787,2828,US,,,NaT,AR,+18706286251,,READY,,,"STAR CITY,",,NEXTWIRE LLC,+18706284201,,MEDIUM,70,apay@next-wire.com,,,APAY@NEXT-WIRE.COM,PO BOX 159,Katie Hawkins,,8706286251,PO BOX 159,,NEXTWIRE LLC,71667,,apay@next-wire.com,,,KATIE HAWKINS,
Airetech,Y,71901,HOT SPRINGS NATIONAL PARK,N,AR,1788,2829,US,,,NaT,AR,,,READY,,,"HOT SPRINGS NATIONAL PARK,",,SQZBXOMER ONLY,+15012628757,,HIGH,100,pizza@sqzbx.com,,,PIZZA@SQZBX.COM,238 OUACHITA AVE,Zachary Smith,,,238 OUACHITA AVE,,SQZBX     CC CUSTOMER ONLY,71901,,pizza@sqzbx.com,,,ZACHARY SMITH,
Airetech,Y,72903,FORT SMITH,N,AR,1789,2830,US,,,2026-01-09 05:10:31,AR,+14797828571,,READY,,,"FORT SMITH,",,FORT SMITH PUBLIC LIBRARY,+14797830229,,HIGH,80,jgoodson@fortsmithlibrary.org,,,JGOODSON@FORTSMITHLIBRARY.ORG,3201 ROGERS AVE,Jennifer Goodson,,4797828571,3201 ROGERS AVE,,FORT SMITH PUBLIC LIBRARY,72903,,jgoodson@fortsmithlibrary.org,,,JENNIFER GOODSON,
Airetech,Y,72124,SHERWOOD,Y,AR,1790,2831,US,,,NaT,AR,,,READY,,,"SHERWOOD,",,IT WELLS GENERAL CONTRACTORS LLC,+15013522011,,MEDIUM,70,itwellsgc@gmail.com,,,ITWELLSGC@GMAIL.COM,PO BOX 6723,Isaiah Wells Jr,,,PO BOX 6723,,IT WELLS GENERAL CONTRACTORS LLC,72124,,itwellsgc@gmail.com,,,ISAIAH WELLS JR,
Airetech,Y,71913,HOT SPRINGS,N,AR,1791,2832,US,,,NaT,AR,,,READY,,,"HOT SPRINGS,",,FISH NEST FAMILY RESTAURANT,+12143959083,,HIGH,100,mmorse74@msn.com,,,MMORSE74@MSN.COM,355 KYLER TER,Mike Morse,,,355 KYLER TER,,FISH NEST FAMILY RESTAURANT,71913,,mmorse74@msn.com,,,MIKE MORSE,
Airetech,Y,72023,CABOT,N,AR,1792,2833,US,,,NaT,AR,,,READY,,,"CABOT,",,CHRIS BAXTEROMER,+15014166996,,MEDIUM,70,cdb0177@hotmail.com,,,CDB0177@HOTMAIL.COM,PO BOX 165,Chris Baxter,,,PO BOX 165,,CHRIS BAXTER    CC CUSTOMER,72023,,cdb0177@hotmail.com,,,CHRIS BAXTER,
Airetech,Y,46236,INDIANAPOLIS,Y,IN,1793,2834,US,,,2026-01-09 05:10:34,IN,,,READY,,,"INDIANAPOLIS,",,MEDICAL STRUCTURES LLC,+13179089313,,HIGH,80,accounting@medicalstructures.c,,,ACCOUNTING@MEDICALSTRUCTURES.C,8559 BLUEFIN CIRCLE,Rachel Goodburn,,,8559 BLUEFIN CIR,,MEDICAL STRUCTURES LLC,46236,,accounting@medicalstructures.c,,,RACHEL GOODBURN,
Airetech,Y,74012,BROKEN ARROW,N,OK,1794,2835,US,,,2026-01-09 05:10:37,OK,,,READY,,,"BROKEN ARROW,",,LIFE CHIROPRACTIC ONLY,+19185577931,,HIGH,80,drddc@cox.net,,,DRDDC@COX.NET,920 S ELM PL,Darrick Davis,,,920 S ELM PL,,LIFE CHIROPRACTIC   CC CUST ONLY,74012,,drddc@cox.net,,,DARRICK DAVIS,
Airetech,Y,72113,MAUMELLE,N,AR,1796,2837,US,,,2026-01-09 05:10:41,AR,,,READY,,,"MAUMELLE,",,PLASTIC INGENUITYOMER,,,HIGH,80,nmellenthin@plasticingenuity.c,,,NMELLENTHIN@PLASTICINGENUITY.C,105 CHAMPS BLVD,Nick,,,105 CHAMPS BLVD,,PLASTIC INGENUITY       CC CUSTOMER,72113,,nmellenthin@plasticingenuity.c,,,NICK,
Airetech,Y,,,N,,1797,2838,US,,,NaT,,,,REVIEW,,,,,DARRICK DAVISOMER,+19185577931,,LOW,20,,,,,,Darrick Davis,,,,,DARRICK DAVIS  CC CUSTOMER,,,,,,DARRICK DAVIS,
Airetech,Y,36078,LOVELAND,Y,CO,1798,2839,US,,,NaT,CO,,,READY,,,"LOVELAND,",,ACE MECHANICALOMER,,,HIGH,100,jonathan.scarborough@aesmech.c,,,JONATHAN.SCARBOROUGH@AESMECH.C,1200 E EISHENHOWER BLVD,Jonathan,,,1200 E EISHENHOWER BLVD,,ACE MECHANICAL    CC CUSTOMER,36078,,jonathan.scarborough@aesmech.c,,,JONATHAN,
Airetech,Y,74114,TULSA,N,OK,1799,2840,US,,,2026-01-09 05:10:47,OK,,,READY,,,"TULSA,",,PEPM GROUP LLC,,,HIGH,80,yzhang@pepmgroup.com,,,YZHANG@PEPMGROUP.COM,"2121 S COLUMBIA AVE, STE 600",Yi Zhang,,,2121 S COLUMBIA AVE STE 600,,PEPM GROUP LLC,74114,,yzhang@pepmgroup.com,,,YI ZHANG,
Airetech,Y,68648,FAYETTEVILLE,Y,AR,1800,2841,US,,,2026-01-09 05:10:48,AR,,,READY,,,"FAYETTEVILLE,",,ORANGE THEORY FITNESS,+14795958709,,HIGH,80,,,,,"100 E JOYCE BLVD, SUITE 8",Accounts Payables,,,100 E JOYCE BLVD STE 8,,ORANGE THEORY FITNESS,68648,,,,,ACCOUNTS PAYABLES,
Airetech,Y,65808-0386,SPRINGFIELD,N,MO,1801,2842,US,,,NaT,,,,READY,,,,,ACCOUNTS PAYABLE SHARED SERVICES,,,MEDIUM,70,,,,PO BOX 10386,"SPRINGFIELD, MO",Mercy Hlth Ft Smith,,,PO BOX 10386,,ACCOUNTS PAYABLE SHARED SERVICES,65808-0386,,,,,MERCY HLTH FT SMITH,
Airetech,Y,60517,WOODRIDGE,N,IL,1802,2843,US,,,2026-01-09 05:10:50,IL,+16307548906,,READY,,,"WOODRIDGE,",,CHICAGO CHAIN LLC,+16307548900,,HIGH,80,tschwarz@chicagochain.com,,,TSCHWARZ@CHICAGOCHAIN.COM,2401 INTERNATIONALE PARKWAY,Tom Schwarz,,6307548906,2401 INTERNATIONALE PKWY,,CHICAGO CHAIN LLC,60517,,tschwarz@chicagochain.com,,,TOM SCHWARZ,
Airetech,Y,72756,ROGERS,N,AR,1803,2845,US,,,2026-01-09 05:10:52,,,,READY,,,,,NAPOLIS OF ROGERS INC,+14798992251,,HIGH,80,,,,"4408 W WALNUT ST, STE 5","ROGERS, AR",,,,4408 W WALNUT ST STE 5,,NAPOLIS OF ROGERS INC,72756,,,,,,
Airetech,Y,72764,FAYETTEVILLE,N,AR,1804,2846,US,,,2026-01-09 05:10:53,AR,+1479270457,,READY,,,"FAYETTEVILLE,",,CROSSOVER VETERINARY CLINIC,+14797507474,,HIGH,80,cvcvets@gmail.com,,,CVCVETS@GMAIL.COM,3033 HEARTHSTONE DRIVE,Lauryl Hynes,,479270457,3033 HEARTHSTONE DR,,CROSSOVER VETERINARY CLINIC,72764,,cvcvets@gmail.com,,,LAURYL HYNES,
Airetech,Y,72204,LITTLE ROCK,N,AR,1805,2847,US,,,2026-01-09 05:10:55,AR,,,READY,,,"LITTLE ROCK,",,DAVE GRUNDFEST CO,+15015682324,,HIGH,80,ritaf@grundfesst.com,,,RITAF@GRUNDFESST.COM,1221 WESTPARK DR,Rita Flynn,,,1221 WPARK DR,,DAVE GRUNDFEST CO,72204,,ritaf@grundfesst.com,,,RITA FLYNN,
Airetech,Y,72201,LITTLE ROCK,N,AR,1806,2848,US,,,2026-01-09 05:10:56,AR,+15013766699,,READY,,,"LITTLE ROCK,",,MOSES TUCKER & MULBERRY FLATS,+15013766555,,HIGH,80,,,,CC CUSTOMER,"200 RIVER MARKET AVE, STE 501",,,5013766699,200 RIVER MARKET AVE STE 501,,MOSES TUCKER AND MULBERRY FLATS,72201,,,,,,
Airetech,Y,74728,BROKEN BOW,N,OK,1807,2849,US,,,2026-01-09 05:10:58,OK,,,READY,,,"BROKEN BOW,",,SOONER ELITE LLC,,,HIGH,80,,,,,110 INDIAN HILLS DR,,,,110 INDIAN HILLS DR,,SOONER ELITE LLC    PREPAY CUST,74728,,,,,,
Airetech,Y,,PARAGOULD,N,AR,1808,2850,US,,,2026-01-09 05:10:59,AR,,,READY,,,"PARAGOULD,",,STEVES ELECTRIC,+18702400205,,HIGH,71.67,harrell@steveselectricllc.com,,,HARRELL@STEVESELECTRICLLC.COM,809 LINWOOD DR,Harrell,,,809 LINWOOD DR,,STEVES ELECTRIC,,,harrell@steveselectricllc.com,,,HARRELL,
Airetech,Y,72653,MOUNTAIN HOME,N,AR,1809,2851,US,,,NaT,AR,+18707015206,,READY,,,"MOUNTAIN HOME,",,MECHANICAL PLANT SERVICES INC,+18707015193,,HIGH,100,robin@mechanicalplantservices.,,,ROBIN@MECHANICALPLANTSERVICES.,5000 HWY 62 W,Robin Silvers,,8707015206,5000 HWY 62 W,,MECHANICAL PLANT SERVICES INC,72653,,robin@mechanicalplantservices.,,,ROBIN SILVERS,
Airetech,Y,,,N,,1810,2852,US,,,NaT,,,,REVIEW,,,,,DASSAULT FALCON JETOMER,+15019126658,,LOW,20,carlton.young@dassaultfalconje,,,CARLTON.YOUNG@DASSAULTFALCONJE,,Carlton Young,,,,,DASSAULT FALCON JET    CC CUSTOMER,,,carlton.young@dassaultfalconje,,,CARLTON YOUNG,
Airetech,Y,72032,CONWAY,N,AR,1811,2853,US,,,NaT,,,,READY,,,,,TAYLORS MADE CAFE,+15017666107,,HIGH,100,,,,283 HWY 365,"CONWAY, AR",Shane Taylor,,,283 HWY 365,,TAYLORS MADE CAFE,72032,,,,,SHANE TAYLOR,
Airetech,Y,72903,FORT SMITH,N,AR,1833,2879,US,,,2026-01-09 05:11:37,AR,,,READY,,,"FORT SMITH,",,JUANS HEATING & AIROMER,+14798317081,,HIGH,80,juanm7028@gmail.com,,,JUANM7028@GMAIL.COM,1718 N 44TH STREET,,,,1718 N 44TH ST,,JUANS HEATING AND AIR   CC CUSTOMER,72903,,juanm7028@gmail.com,,,,
Airetech,Y,80206,DENVER,N,CO,1812,2854,US,,,2026-01-09 05:11:06,CO,,,READY,,,"DENVER,",,EISENGINEERING INC,+17193383200,,HIGH,80,ap@eisengineering.com,,,AP@EISENGINEERING.COM,700 N COLORADO BLVD STE 123,Greg Eisenbeis,,,700 N COLORADO BLVD STE 123,,EISENGINEERING INC,80206,,ap@eisengineering.com,,,GREG EISENBEIS,
Airetech,Y,72714,BELLA VISTA,N,AR,1813,2855,US,,,2026-01-09 05:11:08,AR,,,READY,,,"BELLA VISTA,",,THE MAINTENANCE COMPANY,+14798552300,,HIGH,80,tmc@thevrinc.net,,,TMC@THEVRINC.NET,414 PINION DR,Charlotte,,,414 PINION DR,,THE MAINTENANCE COMPANY  CC CUST,72714,,tmc@thevrinc.net,,,CHARLOTTE,
Airetech,Y,72143,SEARCY,N,AR,1814,2856,US,,,2026-01-09 05:11:09,AR,,,READY,,,"SEARCY,",,SEARCY SHEET METAL,+15012812108,,HIGH,80,mm_counts@sbcglobal.net,,,MM_COUNTS@SBCGLOBAL.NET,182 BAILEY ST,,,,182 BAILEY ST,,SEARCY SHEET METAL,72143,,mm_counts@sbcglobal.net,,,,
Airetech,Y,72753,PRAIRIE GROVE,N,AR,1815,2857,US,,,NaT,AR,+14798570033,,READY,,,PRAIRIE GROVE,,PRESTIGE HEATING & COOLING LLC,+14798464101,,MEDIUM,70,,,54415809-SLS,CC CUSTOMER,PO BOX 13,Michele Segan,,4798570033 CELL,PO BOX 13,,PRESTIGE HEATING AND COOLING LLC,72753,,,,54415809-SLS,MICHELE SEGAN,
Airetech,Y,74120,TULSA,N,OK,1816,2858,US,,,2026-01-09 05:11:12,OK,,,READY,,,"TULSA,",,MACS ELECTRICOMER,+19185833101,,HIGH,80,webmail@macselectricsupply.com,,STS10110624-0,WEBMAIL@MACSELECTRICSUPPLY.COM,1624 EAST 3RD STREET,Jack Mcglumphy,,,1624 E 3RD ST,,MACS ELECTRIC   CC CUSTOMER,74120,,webmail@macselectricsupply.com,,STS10110624-0,JACK MCGLUMPHY,
Airetech,Y,39272,BYRAM,N,MS,1817,2859,US,,,NaT,MS,+16013730459,,READY,,,"BYRAM,",,STAR SERVICE OF LITTLE ROCK,+16013737392,,MEDIUM,70,lilathompson@starservicese.com,,,LILATHOMPSON@STARSERVICESE.COM,PO BOX 720339,Lila Thompson,,6013730459,PO BOX 720339,,STAR SERVICE OF LITTLE ROCK,39272,,lilathompson@starservicese.com,,,LILA THOMPSON,
Airetech,Y,71753,MAGNOLIA,N,AR,1818,2860,US,,,NaT,AR,,,READY,,,"MAGNOLIA,",,SOUTHERN ARKANSAS UNIVERSITY,+18702355059,,HIGH,100,pfaustin@saumag.edu,,,PFAUSTIN@SAUMAG.EDU,"100 EAST UNIVERSITY, MSC 9403",Phyllis Austin,,,100 E UNIVERSITY MSC 9403,,SOUTHERN ARKANSAS UNIVERSITY,71753,,pfaustin@saumag.edu,,,PHYLLIS AUSTIN,
Airetech,Y,74456,PRESTON,N,OK,1819,2861,US,,,NaT,OK,,,READY,,,"PRESTON,",,RUSSELL HEAT & AIR LLC,+19188515192,,MEDIUM,70,russell.services@yahoo.com,,,RUSSELL.SERVICES@YAHOO.COM,PO BOX 55,Ronya Waterman,,,PO BOX 55,,RUSSELL HEAT AND AIR LLC   CC CUST,74456,,russell.services@yahoo.com,,,RONYA WATERMAN,
Airetech,Y,71730,EL DORADO,N,AR,1820,2862,US,,,2026-01-09 05:11:15,AR,,,READY,,,"EL DORADO,",,SOUTH ARKANSAS COMMUNITY COLLEGE,,,HIGH,80,,,,CC CUSTOMER,334 WEST HILLSBORO ST,,,,334 W HILLSBORO ST,,SOUTH ARKANSAS COMMUNITY COLLEGE,71730,,,,,,
Airetech,Y,55117,ST PAUL,N,MN,1821,2866,US,,,NaT,MN,+16517749695,,READY,,,"ST PAUL,",,LS BLACK CONSTRUCTORS INC,+16517748445,,HIGH,100,ap@lsblack.com,,,AP@LSBLACK.COM,"1959 SLOAN PLACE, STE 220",Tammy Nelson,,6517749695,1959 SLOAN PL STE 220,,LS BLACK CONSTRUCTORS INC,55117,,ap@lsblack.com,,,TAMMY NELSON,
Airetech,Y,72143,SEARCY,N,AR,1822,2867,US,,,NaT,AR,+15012791562,,READY,,,"SEARCY,",,HART CONSTRUCTION LLC,+15013806306,,HIGH,100,accounting@hartconllc.com,,,ACCOUNTING@HARTCONLLC.COM,"1560 W BEEBE CAPPS, STE C102",Mandy Davis,,5012791562,1560 W BEEBE CAPPS STE C102,,HART CONSTRUCTION LLC,72143,,accounting@hartconllc.com,,,MANDY DAVIS,
Airetech,Y,72751,ELKINS,N,AR,1823,2868,US,,,NaT,AR,,,READY,,,"ELKINS,",,PEI,+14792131043,,HIGH,100,jws71@outlook.com,,54867935-SLS,JWS71@OUTLOOK.COM,153 MADISON 5190,Jerry Stephenson,,,153 MADISON 5190,,PEI,72751,,jws71@outlook.com,,54867935-SLS,JERRY STEPHENSON,
Airetech,Y,72774,WEST FORK,N,AR,1824,2869,US,,,NaT,AR,,,READY,,,"WEST FORK,",,AIR SPECIALISTS LLCOMER,,,HIGH,100,krusej1278@gmail.com,,54685817-SLS,KRUSEJ1278@GMAIL.COM,15702 MALICO MOUNTAIN RD,,,,15702 MALICO MOUNTAIN RD,,AIR SPECIALISTS LLC   CC CUSTOMER,72774,,krusej1278@gmail.com,,54685817-SLS,,
Airetech,Y,72758,ROGERS,N,AR,1825,2870,US,,,2026-01-09 05:11:25,,,,READY,,,,,SAGE PARTNERS,+14798453000,,HIGH,80,,,,5100 W JB HUNT DRIVE,"ROGERS, AR",Sidney Roach,,,5100 W JB HUNT DR,,SAGE PARTNERS,72758,,,,,SIDNEY ROACH,
Airetech,Y,72703,FAYETTEVILLE,N,AR,1826,2871,US,,,NaT,AR,+14797500097,,READY,,,"FAYETTEVILLE,",,HYDRO WORKS INC,+14797500012,,MEDIUM,70,,,236916-72-001,CC CUSTOMER,PO BOX 8464,Brad Schuman,,4797500097,PO BOX 8464,,HYDRO WORKS INC,72703,,,,236916-72-001,BRAD SCHUMAN,
Airetech,Y,,,N,,1827,2873,US,,,NaT,,,,REVIEW,,,,,BRYAN COSSEYOMER,+14794660794,,LOW,20,,,,,,Bryan Cossey,,,,,BRYAN COSSEY    CC CUSTOMER,,,,,,BRYAN COSSEY,
Airetech,Y,72712,BENTONVILLE,N,AR,1828,2874,US,,,2026-01-09 05:11:28,AR,+19375317289,,READY,,,"BENTONVILLE,",,BENTONVILLE WINLECTRIC,+18006774380 #3,,HIGH,80,apcentral@winwholesale.com,,00272506-SLS,APCENTRAL@WINWHOLESALE.COM,3100 SW MUNICIPAL DR. STE 5,Leann Barnes,,9375317289,3100 SW MUNICIPAL DR STE 5,,BENTONVILLE WINLECTRIC,72712,,apcentral@winwholesale.com,,00272506-SLS,LEANN BARNES,
Airetech,Y,73128,OKLAHOMA CITY,N,OK,1829,2875,US,,,2026-01-09 05:11:30,OK,,,READY,,,"OKLAHOMA CITY,",,INSULATED CONCRETE FORMS & MORE,+14054706955,,HIGH,80,daniel.k@icfandmore.info,,,DANIEL.K@ICFANDMORE.INFO,200-A SOUTH EAGLE LANE,Daniel Keeslar,,,200-A S EAGLE LN,,INSULATED CONCRETE FORMS AND MORE,73128,,daniel.k@icfandmore.info,,,DANIEL KEESLAR,
Airetech,Y,72022-6239,BRYANT,N,AR,1830,2876,US,,,NaT,,,,READY,,,,,EVERETTE BUICK GMCOMER,+15015100387,,HIGH,100,,,,21099 INTERSTATE 30,"BRYANT, AR",,,,21099 INTERSTATE 30,,EVERETTE BUICK GMC   CC CUSTOMER,72022-6239,,,,,,
Airetech,Y,64106,KANSAS CITY,N,MO,1831,2877,US,,,2026-01-09 05:11:33,MO,+18166599114,,READY,,,"KANSAS CITY,",,BCCM CONSTRUCTION GROUP INC,+18166599115,,HIGH,80,accounting@bccmconstruction.co,,,ACCOUNTING@BCCMCONSTRUCTION.CO,"100 E 7TH ST, STE 201",,,8166599114,100 E 7TH ST STE 201,,BCCM CONSTRUCTION GROUP INC,64106,,accounting@bccmconstruction.co,,,,
Airetech,Y,29730,ROCK HILL,N,SC,1832,2878,US,STE 350,,2026-01-09 05:11:35,SC,,,READY,,,"ROCK HILL,",,ARAUCO NORTH AMERICAN INC,+15013376629,,HIGH,80,,,,300 TECHNOLOGY CENTER WAY,SUITE 350,,,,300 TECHNOLOGY CENTER WAY,,ARAUCO NORTH AMERICAN INC  CC CUST,29730,,,,,,
Airetech,Y,67042,EL DORADO,N,KS,1834,2880,US,,,2026-01-09 05:11:38,KS,+13163200097,,READY,,,"EL DORADO,",,CD & H INC,+13163207187,,HIGH,80,accountspayable@cdh-inc.com,,,ACCOUNTSPAYABLE@CDH-INC.COM,2510 W 6TH AVE,Jodi Watkins,,3163200097,2510 W 6TH AVE,,CD AND H INC,67042,,accountspayable@cdh-inc.com,,,JODI WATKINS,
Airetech,Y,49443-0425,MUSKEGON,N,MI,1835,2881,US,,,NaT,MI,+12317734655,,READY,,,"MUSKEGON,",,SAF HOLLAND,+12317733271,,MEDIUM,70,accounts.payable@safholland.co,,,ACCOUNTS.PAYABLE@SAFHOLLAND.CO,PO BOX 425,,,2317734655,PO BOX 425,,SAF HOLLAND,49443-0425,,accounts.payable@safholland.co,,,,
Airetech,Y,64862,SARCOXIE,N,MO,1836,2882,US,,,2026-01-09 05:11:40,MO,+14175480360,,READY,,,"SARCOXIE,",,S & L REFRIGERATION,+14172141115,,HIGH,80,lisa@slrefrigeration717.com,,,LISA@SLREFRIGERATION717.COM,5002 BLACKBERRY RD,Lisa Pfitzner,,4175480360,5002 BLACKBERRY RD,,S AND L REFRIGERATION,64862,,lisa@slrefrigeration717.com,,,LISA PFITZNER,
Airetech,Y,72764,SPRINGDALE,N,AR,1837,2883,US,,,2026-01-09 05:11:42,,,,READY,,,,,BAKLUND HEAT & AIR,,,HIGH,80,,,68315352-SLS,4198 E HEWITT SPRINGS RD,"SPRINGDALE, AR",,,,4198 E HEWITT SPRINGS RD,,BAKLUND HEAT AND AIR   PREPAY CUST,72764,,,,68315352-SLS,,
Airetech,Y,72222,LITTLE ROCK,Y,AR,1838,2884,US,,,NaT,AR,+15018683104,,READY,,,"LITTLE ROCK,",,CLARK CONTRACTORS LLC,+15018683133,,MEDIUM,70,ap@clarkcontractors.net,,,AP@CLARKCONTRACTORS.NET,PO BOX 17361,Johnna Dyer,,5018683104,PO BOX 17361,,CLARK CONTRACTORS LLC,72222,,ap@clarkcontractors.net,,,JOHNNA DYER,
Airetech,Y,,,N,,1839,2885,US,,,NaT,,,,REVIEW,,,,,MONARCH INVESTMENTSOMER,+19016265460,,LOW,20,mbrandon@monarchinvestment.com,,,MBRANDON@MONARCHINVESTMENT.COM,,Mike Brandon,,,,,MONARCH INVESTMENTS   CC CUSTOMER,,,mbrandon@monarchinvestment.com,,,MIKE BRANDON,
Airetech,Y,72760,SPRINGDALE,N,AR,1840,2886,US,,,NaT,AR,,,READY,,,"SPRINGDALE,",,PHIPPS HEATING & AIR,,,MEDIUM,70,chris.phippshvac@yahoo.com,,,CHRIS.PHIPPSHVAC@YAHOO.COM,PO BOX 6876,,,,PO BOX 6876,,PHIPPS HEATING AND AIR  CC CUST,72760,,chris.phippshvac@yahoo.com,,,,
Airetech,Y,,,N,,1841,2887,US,,,NaT,,,,REVIEW,,,,,COMFORT CONCEPTSOMER,+15016053462,,LOW,20,,,,,,,,,,,COMFORT CONCEPTS  CC CUSTOMER,,,,,,,
Airetech,Y,71754,MAGNOLIA,N,AR,1842,2888,US,,,NaT,AR,,,READY,,,"MAGNOLIA,",,PETERSON HEAT & AIR,+18702346423,,MEDIUM,70,whitney@petersonheatair.com,,00022999SLS,WHITNEY@PETERSONHEATAIR.COM,PO BOX 1196,Whitney Peterson,,,PO BOX 1196,,PETERSON HEAT AND AIR,71754,,whitney@petersonheatair.com,,00022999SLS,WHITNEY PETERSON,
Airetech,Y,,,N,,1843,2889,US,,,NaT,,,,REVIEW,,,,,JIM DOLANOMER,+14056233368,,LOW,20,,,,,,,,,,,JIM DOLAN   CC CUSTOMER,,,,,,,
Airetech,Y,72114,N LITTLE ROCK,N,AR,1844,2890,US,,,2026-01-09 05:11:49,AR,,,READY,,,"N LITTLE ROCK,",,ARKANSAS MUNICIPAL LEAGUE,+15013743484,,HIGH,80,emilam@arml.org,,,EMILAM@ARML.ORG,301 W 2ND STREET,Cindy Frizzell,,,301 W 2ND ST,,ARKANSAS MUNICIPAL LEAGUE,72114,,emilam@arml.org,,,CINDY FRIZZELL,
Airetech,Y,73013,EDMOND,N,OK,1845,2891,US,,,2026-01-09 05:11:50,OK,,,READY,,,"EDMOND,",,INTEGRATED HVAC LLC,+14057244822,,HIGH,80,bills.integratedhvac@gmail.com,,,BILLS.INTEGRATEDHVAC@GMAIL.COM,650 INDUSTRIAL BLVD,Brooke,,,650 INDUSTRIAL BLVD,,INTEGRATED HVAC LLC,73013,,bills.integratedhvac@gmail.com,,,BROOKE,
Airetech,Y,72135,ROLAND,N,AR,1846,2892,US,,,NaT,AR,,,READY,,,"ROLAND,",,BRADFORD MORRIS CONST,+15014165888,,HIGH,100,kristi@bradfordmorrisllc.com,,,KRISTI@BRADFORDMORRISLLC.COM,13812 COMBEE LANE,Kristi Bradford,,,13812 COMBEE LN,,BRADFORD MORRIS CONST,72135,,kristi@bradfordmorrisllc.com,,,KRISTI BRADFORD,
Airetech,Y,74119,TULSA,N,OK,1847,2894,US,,,2026-01-09 05:11:54,OK,+19185822819,,READY,,,"TULSA,",,PHILLIPS + GOMEZ INC,+19185840102,,HIGH,80,loftin@phillipsgomez.com,,,LOFTIN@PHILLIPSGOMEZ.COM,"15 W 6TH STREET, STE 2510",Tom Loftin,,9185822819,15 W 6TH ST STE 2510,,PHILLIPS + GOMEZ INC,74119,,loftin@phillipsgomez.com,,,TOM LOFTIN,
Airetech,Y,72770,TONTITOWN,N,AR,1848,2896,US,,,NaT,,,,READY,,,,,L & L METAL FABRICATION,,,MEDIUM,70,,,101778-72-001,PO BOX 546,"TONTITOWN, AR",,,,PO BOX 546,,L AND L METAL FABRICATION  CC CUST,72770,,,,101778-72-001,,
Airetech,Y,73125,OKLAHOMA CITY,N,OK,1849,2897,US,,,2026-01-09 05:11:56,,,,READY,,,,,USPSOMER,,,HIGH,80,,,541245,4025 W RENO AVE,"OKLAHOMA CITY, OK",James Dolan,,,4025 W RENO AVE,,USPS    CC CUSTOMER,73125,,,,541245,JAMES DOLAN,
Airetech,Y,72018,BENTON,N,AR,1850,2898,US,,,NaT,AR,,,READY,,,"BENTON,",,DUNAWAY CONSTRUCTION SERVICES,+15014540672,,MEDIUM,70,,,,,PO BOX 1318,John Dunaway,,,PO BOX 1318,,DUNAWAY CONSTRUCTION SERVICES,72018,,,,,JOHN DUNAWAY,
Airetech,Y,74044,MANNFORD,N,OK,1851,2900,US,,,NaT,OK,+19188657793,,READY,,,"MANNFORD,",,ADVANCE BOILER REPAIR & SERVICE,+19188657762,,HIGH,100,accounting@advance-boiler.com,,STS1006218605,ACCOUNTING@ADVANCE-BOILER.COM,36168 W HWY 51,Laura Reed,,9188657793,36168 W HWY 51,,ADVANCE BOILER REPAIR AND SERVICE,74044,,accounting@advance-boiler.com,,STS1006218605,LAURA REED,
Airetech,Y,72120,SHERWOOD,N,AR,1852,2901,US,,,2026-01-09 05:11:59,AR,,,READY,,,"SHERWOOD,",,SPAN CONSTRUCTION & DEVELOPMENT,+15018645672,,HIGH,80,jitendrapatel@spanhospitality.,,,JITENDRAPATEL@SPANHOSPITALITY.,6733 AUSTIN BAY COURT,Jitendra Patel,,,6733 AUSTIN BAY CT,,SPAN CONSTRUCTION AND DEVELOPMENT,72120,,jitendrapatel@spanhospitality.,,,JITENDRA PATEL,
Airetech,Y,65625,CASSVILLE,N,MO,1853,2902,US,,,NaT,MO,,,READY,,,"CASSVILLE,",,ARNING COMPANIES,+14178473131,,MEDIUM,70,rbarrientos@arningco.com,,177606,RBARRIENTOS@ARNINGCO.COM,PO BOX F,Ramon Barrientos,,,PO BOX F,,ARNING COMPANIES,65625,,rbarrientos@arningco.com,,177606,RAMON BARRIENTOS,
Airetech,Y,,,N,,1854,2903,US,,,NaT,,,,REVIEW,,,,,RITEHITE / DUCTSOX COMMISSION,,,LOW,20,,,COMMISSION,,,,,,,,RITEHITE / DUCTSOX  COMMISSION,,,,,COMMISSION,,
Airetech,Y,74063,SAND SPRINGS,N,OK,1855,2905,US,,,2026-01-09 05:12:03,,,,READY,,,,,HERMAN FAIRCHILDOMER,+19189951938,,HIGH,80,,,,917 W 4TH ST,"SAND SPRINGS, OK",,,,917 W 4TH ST,,HERMAN FAIRCHILD  CC CUSTOMER,74063,,,,,,
Airetech,Y,77388,SPRING,N,TX,1902,2954,US,,,NaT,,,,READY,,,,,ERI CHANASOMER,,,HIGH,100,,,,19707 SAGGING OAK,"SPRING, TX",,,,19707 SAGGING OAK,,ERI CHANAS    CC CUSTOMER,77388,,,,,,
Airetech,Y,67202,WICHITA,N,KS,1856,2906,US,,,2026-01-09 05:12:04,,,,READY,,,,,PROFESSIONAL ENGINEERING CONSULTANT,+13162061353,,HIGH,80,,,,303 S TOPEKA,"WICHITA, KS",,,,303 S TOPEKA,,PROFESSIONAL ENGINEERING CONSULTANT,67202,,,,,,
Airetech,Y,74860,PADEN,Y,OK,1857,2907,US,,,NaT,OK,,,READY,,,"PADEN,",,CIRCLE K STEEL BUILDING CONST LLC,+14059324664,,HIGH,100,samantha@circleksteel.com,,STS1016203005,SAMANTHA@CIRCLEKSTEEL.COM,359071 US HWY 62,Samantha Dueck,,,359071 US HWY 62,,CIRCLE K STEEL BUILDING CONST LLC,74860,,samantha@circleksteel.com,,STS1016203005,SAMANTHA DUECK,
Airetech,Y,72921,ALMA,N,AR,1858,2908,US,,,NaT,AR,,,READY,,,"ALMA,",,SPARTAN GENERAL CONTRACTORS,+14798069026,,MEDIUM,70,jason.spartangc@gmail.com,,,JASON.SPARTANGC@GMAIL.COM,PO BOX 1325,Jason Parker,,,PO BOX 1325,,SPARTAN GENERAL CONTRACTORS,72921,,jason.spartangc@gmail.com,,,JASON PARKER,
Airetech,Y,37204,NASHVILLE,N,TN,1859,2909,US,,,2026-01-09 05:12:07,TN,+16152541152,,READY,,,"NASHVILLE,",,JJP MECHANICAL REPS LLC,+16152514555,,HIGH,80,acct@jjpmechreps.com,,66968817-SLS,ACCT@JJPMECHREPS.COM,"2969 ARMORY DRIVE, STE 400A",,,6152541152,2969 ARMORY DR STE 400A,,JJP MECHANICAL REPS LLC,37204,,acct@jjpmechreps.com,,66968817-SLS,,
Airetech,Y,74017,CLAREMORE,Y,OK,1860,2910,US,,,NaT,OK,,,READY,,,"CLAREMORE,",,THOMPSON MECHANICAL,+19188093053,,HIGH,100,jefferyd.thompson@att.net,,,JEFFERYD.THOMPSON@ATT.NET,14594 E 370 RD,Jeffery Thompson,,,14594 E 370 RD,,THOMPSON MECHANICAL,74017,,jefferyd.thompson@att.net,,,JEFFERY THOMPSON,
Airetech,Y,74021,COLLINSVILLE,N,OK,1861,2911,US,,,2026-01-09 05:12:11,OK,,,READY,,,"COLLINSVILLE,",,VICTORY ENERGY OPERATIONS LLC,+19182740023,,HIGH,80,ap@victoryenergy.com,,STS1016007606,AP@VICTORYENERGY.COM,10701 E 126TH ST N,,,,10701 E 126TH ST N,,VICTORY ENERGY OPERATIONS LLC,74021,,ap@victoryenergy.com,,STS1016007606,,
Airetech,Y,74015,CATOOSA,N,OK,1862,2912,US,,,2026-01-09 05:12:12,OK,+19187393620,,READY,,,"CATOOSA,",,TRISTAR GLASS INC,+19187393611,,HIGH,80,ap@tristarglass.com,,STS1006239909,AP@TRISTARGLASS.COM,1120 MAIN PARKWAY,Karen Kelley,,9187393620,1120 MAIN PKWY,,TRISTAR GLASS INC,74015,,ap@tristarglass.com,,STS1006239909,KAREN KELLEY,
Airetech,Y,74147,TULSA,N,OK,1863,2913,US,,,NaT,OK,+19188356046,,READY,,,"TULSA,",,YORK PLUMBING & MECHANICAL INC,+19188333200,,MEDIUM,70,ap@yorkplumbingtulsa.com,,,AP@YORKPLUMBINGTULSA.COM,PO BOX 471886,Ap,,9188356046,PO BOX 471886,,YORK PLUMBING AND MECHANICAL INC,74147,,ap@yorkplumbingtulsa.com,,,AP,
Airetech,Y,73154,OKLAHOMA CITY,Y,OK,1864,2914,US,,,NaT,OK,+14055250214,,READY,,,"OKLAHOMA CITY,",,JACKSON MECHANICAL SERVICE INC,+14055253788,,MEDIUM,70,ap@jmsokc.com,,,AP@JMSOKC.COM,PO BOX 18824,Catherine Or Carson,,4055250214,PO BOX 18824,,JACKSON MECHANICAL SERVICE INC,73154,,ap@jmsokc.com,,,CATHERINE OR CARSON,
Airetech,Y,92110,SAN DIEGO,N,CA,1865,2915,US,,,2026-01-09 05:12:14,CA,,,READY,,,"SAN DIEGO,",,SASD TULSA PARTNERS LLC,+16192204161,,HIGH,80,accounting@sasdenterprises.com,,,ACCOUNTING@SASDENTERPRISES.COM,"1094 CUDAHY PLACE, STE 318",,,,1094 CUDAHY PL STE 318,,SASD TULSA PARTNERS LLC,92110,,accounting@sasdenterprises.com,,,,
Airetech,Y,74501,MCALESTER,N,OK,1866,2916,US,,,2026-01-09 05:12:16,OK,,,READY,,,"MCALESTER,",,DIAMOND ELECTRIC INC,+19184291234,,HIGH,80,diamond_electric_918@yahoo.com,,,DIAMOND_ELECTRIC_918@YAHOO.COM,2001 N 16TH,Phyllis Russell,,,2001 N 16TH,,DIAMOND ELECTRIC INC    PREPAY CUST,74501,,diamond_electric_918@yahoo.com,,,PHYLLIS RUSSELL,
Airetech,Y,66111,KANSAS CITY,N,KS,1867,2917,US,,,2026-01-09 05:12:17,,,,READY,,,,,DAIRY FARMERS OF AMERICA,+14172966220,,HIGH,80,,,,1405 N 98TH STREET,"KANSAS CITY, KS",Brandon Jennings,,,1405 N 98TH ST,,DAIRY FARMERS OF AMERICA,66111,,,,,BRANDON JENNINGS,
Airetech,Y,71958,MURFREESBORO,N,AR,1868,2918,US,,,2026-01-09 05:12:19,AR,,,READY,,,"MURFREESBORO,",,DIAMOND CITY REFRIGERATION INC,+18702855155,,HIGH,80,,,,CC CUSTOMER,512 3RD AVE,Scott Lewis,,,512 3RD AVE,,DIAMOND CITY REFRIGERATION INC,71958,,,,,SCOTT LEWIS,
Airetech,Y,72802,RUSSELLVILLE,N,AR,1869,2919,US,,,NaT,AR,,,READY,,,"RUSSELLVILLE,",,PRECISION HEATING & AIR,+14792230835,,HIGH,100,precisionairar@yahoo.com,,78514305-SLS,PRECISIONAIRAR@YAHOO.COM,8415 ST 105 NORTH,Jeremy,,,8415 ST 105 N,,PRECISION HEATING AND AIR,72802,,precisionairar@yahoo.com,,78514305-SLS,JEREMY,
Airetech,Y,74133,TULSA,N,OK,1870,2920,US,,,2026-01-09 05:12:23,OK,+19185283456,,READY,,,"TULSA,",,LEE ENTERPRISES,+19185283407,,HIGH,80,gstockton@leeworksok.com,,,GSTOCKTON@LEEWORKSOK.COM,10010 S MEMORIAL DR,Grace Stockton,,9185283456,10010 S MEMORIAL DR,,LEE ENTERPRISES,74133,,gstockton@leeworksok.com,,,GRACE STOCKTON,
Airetech,Y,72167,TRASKWOOD,Y,AR,1871,2921,US,,,NaT,AR,,,READY,,,"TRASKWOOD,",,NATURAL STATE MECHANICAL LLC,+15016070877,,HIGH,100,naturalstatemechanical@gmail.c,,54415124-SLS,NATURALSTATEMECHANICAL@GMAIL.C,318 WALTERS TRAIL,Sammy Smith,,,318 WALTERS TRAIL,,NATURAL STATE MECHANICAL LLC,72167,,naturalstatemechanical@gmail.c,,54415124-SLS,SAMMY SMITH,
Airetech,Y,38118,MEMPHIS,Y,TN,1872,2922,US,,,NaT,TN,,,READY,,,"MEMPHIS,",,BRYCE CORPORATION,+19013694400,,MEDIUM,70,cowens@brycecorp.com,,00215448-SLS,COWENS@BRYCECORP.COM,POBOX 18338,Corlis Owens,,,PO BOX 18338,,BRYCE CORPORATION,38118,,cowens@brycecorp.com,,00215448-SLS,CORLIS OWENS,
Airetech,Y,32904,MELBOURNE,N,FL,1873,2923,US,,,2026-01-09 05:12:26,FL,,,READY,,,"MELBOURNE,",,CMS NEXTECH,+13214730408,,HIGH,80,ap@cmsnextech.com,,77615082-SLS,AP@CMSNEXTECH.COM,1045 S JOHN RODES BLVD,Nicole Bell,,,1045 S JOHN RODES BLVD,,CMS NEXTECH,32904,,ap@cmsnextech.com,,77615082-SLS,NICOLE BELL,
Airetech,Y,72058,GREENBRIER,N,AR,1874,2924,US,,,NaT,AR,+15016793779,,READY,,,"GREENBRIER,",,NBMC INC,+15016796000,,MEDIUM,70,ap@nbmcinc.net,,,AP@NBMCINC.NET,PO BOX 300,Bonnie Mcneil,,5016793779,PO BOX 300,,NBMC INC,72058,,ap@nbmcinc.net,,,BONNIE MCNEIL,
Airetech,Y,55420,BLOOMINGTON,N,MN,1875,2925,US,,,2026-01-09 05:12:28,,,,READY,,,,,ABB CO WILLIAMS & ASSOCIATES,,,HIGH,80,,,,405 EAST 78TH STREET,"BLOOMINGTON, MN",,,,405 E 78TH ST,,ABB CO WILLIAMS AND ASSOCIATES,55420,,,,,,
Airetech,Y,72560,MOUNTAIN VIEW,N,AR,1876,2926,US,,,2026-01-09 05:12:30,AR,,,READY,,,"MOUNTAIN VIEW,",,SYLAMORE RANGER DISTRICT USDA,+18702693228,,HIGH,80,janet.fendley@usda.gov,,GOV LETTER,JANET.FENDLEY@USDA.GOV,1001 E MAIN ST,Janet Fendley,,,1001 E MAIN ST,,SYLAMORE RANGER DISTRICT       USDA,72560,,janet.fendley@usda.gov,,GOV LETTER,JANET FENDLEY,
Airetech,Y,74426,CHECOTAH,N,OK,1877,2927,US,,,2026-01-09 05:12:31,OK,,,READY,,,"CHECOTAH,",,ROY RAMSEY PREPAY ONLY,+19186178554,,HIGH,80,roydramsey@msn.com,,,ROYDRAMSEY@MSN.COM,820 WEST AUDD AVE,,,,820 W AUDD AVE,,ROY RAMSEY     PREPAY ONLY,74426,,roydramsey@msn.com,,,,
Airetech,Y,72716,BENTONVILLE,N,AR,1878,2928,US,,,NaT,AR,,,READY,,,"BENTONVILLE,",,WALMART PRINT SOLUTIONS,+14792776190,,HIGH,100,wps8605@walmart.com,,DIRECT PAY,WPS8605@WALMART.COM,4501 SW RAINBOW FARM ROAD,Supplier # 522220,,,4501 SW RAINBOW FARM RD,,WALMART PRINT SOLUTIONS,72716,,wps8605@walmart.com,,DIRECT PAY,SUPPLIER # 522220,
Airetech,Y,72764,SPRINGDALE,N,AR,1879,2930,US,UNIT B,,2026-01-09 05:12:35,AR,,,READY,,,"SPRINGDALE,",,UNLIMITED HEAT & AIR,+14792258809,,HIGH,80,,,,2818 ADRIAN AVE,UNIT B,,,,2818 ADRIAN AVE,,UNLIMITED HEAT AND AIR  CC CUST,72764,,,,,,
Airetech,Y,,,N,,1880,2931,US,,,NaT,,,,REVIEW,,,,,HAJOCA CORPORATION CANADA,,,LOW,20,invoices@hjccorp.ca,,1234567890,INVOICES@HJCCORP.CA,,,,,,,HAJOCA CORPORATION   CANADA,,,invoices@hjccorp.ca,,1234567890,,
Airetech,Y,74112,TULSA,N,OK,1881,2932,US,,,2026-01-09 05:12:38,OK,,,READY,,,"TULSA,",,WRIGHTS HEAT AIR & REFRIGERATION,+19186199005,,HIGH,80,wrightsheatair@gmail.com,,,WRIGHTSHEATAIR@GMAIL.COM,1180 S 79TH E AVE,Sara Wright,,,1180 S 79TH E AVE,,WRIGHTS HEAT AIR AND REFRIGERATION,74112,,wrightsheatair@gmail.com,,,SARA WRIGHT,
Airetech,Y,72058,GREENBRIER,N,AR,1882,2933,US,,,NaT,,,,READY,,,,,H4 FIREWORKS,+15019001501,,HIGH,100,,,,9 BECKY LANE,"GREENBRIER, AR",Crockett Hackett,,,9 BECKY LN,,H4 FIREWORKS,72058,,,,,CROCKETT HACKETT,
Airetech,Y,50801,CRESTON,Y,IA,1883,2934,US,,,NaT,IA,+16417828156,,READY,,,"CRESTON,",,R E LEWIS REFRIGERATION INC,+16417828183,,MEDIUM,70,accounting@relewisinc.com,,191344-76-001,ACCOUNTING@RELEWISINC.COM,PO BOX 92,Alishia Tucker,,6417828156,PO BOX 92,,R E LEWIS REFRIGERATION INC,50801,,accounting@relewisinc.com,,191344-76-001,ALISHIA TUCKER,
Airetech,Y,74146,TULSA,N,OK,1884,2935,US,,,2026-01-09 05:12:41,OK,,,READY,,,"TULSA,",,ARTIC REFRIGERATIONOMER,+19188593086,,HIGH,80,jasone@arokla.com,,,JASONE@AROKLA.COM,5616 S 122ND E AVE,Jason Ervin,,,5616 S 122ND E AVE,,ARTIC REFRIGERATION     CC CUSTOMER,74146,,jasone@arokla.com,,,JASON ERVIN,
Airetech,Y,,,N,,1885,2936,US,,,NaT,,,,REVIEW,,,,,AARON REECE,,,LOW,20,aaron.reece@nwcontrols.com,,,AARON.REECE@NWCONTROLS.COM,,,,,,,AARON REECE,,,aaron.reece@nwcontrols.com,,,,
Airetech,Y,72764,SPRINGDALE,N,AR,1886,2937,US,,,2026-01-09 05:12:45,,,,READY,,,,,STURDIVANTS,+14797512178,,HIGH,80,,,,101 BUTTERFIELD COACH ROAD,"SPRINGDALE, AR",,,,101 BUTTERFIELD COACH RD,,STURDIVANTS,72764,,,,,,
Airetech,Y,72712,BENTONVILLE,Y,AR,1887,2938,US,,,2026-01-09 05:12:47,AR,,,READY,,,"BENTONVILLE,",,BEST WESTERN PLUS CASTLEROCK INN,,,HIGH,80,tsloan.bwcr@gmail.com,,,TSLOAN.BWCR@GMAIL.COM,501 SE WALTON BLVD,Darry Note,,,501 SE WALTON BLVD,,BEST WESTERN PLUS CASTLEROCK INN,72712,,tsloan.bwcr@gmail.com,,,DARRY NOTE,
Airetech,Y,72046,ENGLAND,N,AR,1888,2939,US,,,NaT,AR,,,READY,,,"ENGLAND,",,CITY OF ENGLAND,+15018423911,,MEDIUM,70,ccastleberry@cityofengland.org,,,CCASTLEBERRY@CITYOFENGLAND.ORG,PO BOX 249,Christina Peebles,,,PO BOX 249,,CITY OF ENGLAND,72046,,ccastleberry@cityofengland.org,,,CHRISTINA PEEBLES,
Airetech,Y,72209,LITTLE ROCK,N,AR,1889,2940,US,,,2026-01-09 05:12:48,AR,,,READY,,,"LITTLE ROCK,",,ARKANSAS ELECTRIC COOP,+15015702200,,HIGH,80,ccacctpay@aecc.com,,,CCACCTPAY@AECC.COM,1 COOPERATIVE WAY,Michelle Wolford,,,1 COOPERATIVE WAY,,ARKANSAS ELECTRIC COOP,72209,,ccacctpay@aecc.com,,,MICHELLE WOLFORD,
Airetech,Y,72632,EUREKA SPRINGS,N,AR,1890,2941,US,,,2026-01-09 05:12:50,AR,,,READY,,,"EUREKA SPRINGS,",,EUREKA SPRINGS SCHOOL DISTRICT,+14792535999 #4,,HIGH,80,ap@es.k12.ar.us,,,AP@ES.K12.AR.US,147 GREENWOOD HOLLOW ROAD,Karen Halper,,,147 GREENWOOD HOLLOW RD,,EUREKA SPRINGS SCHOOL DISTRICT,72632,,ap@es.k12.ar.us,,,KAREN HALPER,
Airetech,Y,74037,JENKS,N,OK,1891,2942,US,,,2026-01-09 05:12:52,OK,,,READY,,,"JENKS,",,SCUBA SAVVY,+19185186236,,HIGH,80,chadwich@scubasavvy.com,,,CHADWICH@SCUBASAVVY.COM,107 E MAIN ST,Chadwich Bailey,,,107 E MAIN ST,,SCUBA SAVVY,74037,,chadwich@scubasavvy.com,,,CHADWICH BAILEY,
Airetech,Y,72401,JONESBORO,N,AR,1892,2943,US,,,2026-01-09 05:12:53,AR,,,READY,,,"JONESBORO,",,MEDICAL ARTS INTERNIST LLC,+18709190587,,HIGH,80,rporter@sbrmc.org,,,RPORTER@SBRMC.ORG,300 CARSON ST,Revel D Porter,,,300 CARSON ST,,MEDICAL ARTS INTERNIST LLC,72401,,rporter@sbrmc.org,,,REVEL D PORTER,
Airetech,Y,72114,NORTH LITTLE ROCK,N,AR,1893,2944,US,,,2026-01-09 05:12:55,AR,,,READY,,,"NORTH LITTLE ROCK,",,NORTH LITTLE ROCK SCHOOLS,,,HIGH,80,,,,FOOD SERVICE DEPARTMENT,2400 N POPLAR STREET,,,,2400 N POPLAR ST,,NORTH LITTLE ROCK SCHOOLS,72114,,,,,,
Airetech,Y,74462,STIGLER,N,OK,1894,2945,US,,,NaT,,,,READY,,,,,BATES INSTRUMENTATION,+19189678119,,HIGH,100,,,1064468480,508 E CONFEDERATE,"STIGLER, OK",,,,508 E CONFEDERATE,,BATES INSTRUMENTATION   PREPAY CUST,74462,,,,1064468480,,
Airetech,Y,71903,HOT SPRINGS,N,AR,1895,2947,US,,,NaT,AR,+15015259981,,READY,,,"HOT SPRINGS,",,SHINN SHINN II LLC,+15015259975,,MEDIUM,70,,,,EXPRESS LAKE COLUMBIA,PO BOX 21178,Terri Rhodes,,5015259981,PO BOX 21178,DBA HOLIDAY INN,SHINN SHINN II LLC DBA HOLIDAY INN,71903,,,,,TERRI RHODES,
Airetech,Y,74012,BROKEN ARROW,Y,OK,1896,2948,US,,,2026-01-09 05:12:58,OK,,,READY,,,"BROKEN ARROW,",,SPRADLIN SERVICE CO,+19189552665,,HIGH,80,spradlinserviceco@yahoo.com,,,SPRADLINSERVICECO@YAHOO.COM,610 N MAIN,Justin Spradlin,,,610 N MAIN,,SPRADLIN SERVICE CO,74012,,spradlinserviceco@yahoo.com,,,JUSTIN SPRADLIN,
Airetech,Y,72031,CLINTON,N,AR,1944,2998,US,,,2026-01-09 05:14:07,AR,,,READY,,,"CLINTON,",,JM TIMBER & TOURISM,+15012538159,,HIGH,80,,,,CC CUSTOMER,527 FAYES FOREST ROAD,,,,527 FAYES FOREST RD,,JM TIMBER AND TOURISM,72031,,,,,,
Airetech,Y,74076,STILLWATER,N,OK,1897,2949,US,,,NaT,OK,+14053728907,,READY,,,"STILLWATER,",,B & L HEATING & AIR CONDITION,+14053728140,,MEDIUM,70,dawn@blhvac.com,,1676378112,DAWN@BLHVAC.COM,PO BOX 1741,Dawn Carr,,4053728907,PO BOX 1741,,B AND L HEATING AND AIR CONDITION,74076,,dawn@blhvac.com,,1676378112,DAWN CARR,
Airetech,Y,35233,BIRMINGHAM,N,AL,1898,2950,US,,,2026-01-09 05:13:00,AL,,,READY,,,"BIRMINGHAM,",,BRASFIELD & GORRIE LLC,+12057141936,,HIGH,80,ap@brasfieldgorrie.com,,,AP@BRASFIELDGORRIE.COM,3021 7TH AVENUE SOUTH,Ap,,,3021 7TH AVE S,,BRASFIELD AND GORRIE LLC,35233,,ap@brasfieldgorrie.com,,,AP,
Airetech,Y,74107,TULSA,N,OK,1899,2951,US,,,2026-01-09 05:13:02,OK,+19185877594,,READY,,,"TULSA,",,CHEMTRADE REFINERY SERVICES INC,+19185877613,,HIGH,80,ahughes@chemtradelogistics.com,,,AHUGHES@CHEMTRADELOGISTICS.COM,5201 WEST 21ST ST,Anne Hughes,,9185877594,5201 W 21ST ST,,CHEMTRADE REFINERY SERVICES INC,74107,,ahughes@chemtradelogistics.com,,,ANNE HUGHES,
Airetech,Y,72113,MAUMELLE,N,AR,1900,2952,US,,,2026-01-09 05:13:04,AR,,,READY,,,"MAUMELLE,",NET 30,HARLLENS HVACR SERVICE,+15018375637,,HIGH,80,joe.dixon@sbcglobal.net,,72067961-SLS,JOE.DIXON@SBCGLOBAL.NET,2 OAK FOREST DRIVE,Joe Dixon,,,2 OAK FOREST DR,,HARLLENS HVACR SERVICE,72113,,joe.dixon@sbcglobal.net,,72067961-SLS,JOE DIXON,
Airetech,Y,74066,SAPULPA,N,OK,1901,2953,US,,,2026-01-09 05:13:05,OK,,,READY,,,"SAPULPA,",,DC BASS & SONS CONSTRUCTION CO,+19182241000,,HIGH,80,jodi.dcbass@gmail.com,,,JODI.DCBASS@GMAIL.COM,205 E HOBSON AVE,Jodi Ward,,,205 E HOBSON AVE,,DC BASS AND SONS CONSTRUCTION CO,74066,,jodi.dcbass@gmail.com,,,JODI WARD,
Airetech,Y,73071,NORMAN,N,OK,1903,2955,US,,,NaT,OK,,,READY,,,"NORMAN,",,A1 ELECTRIC HEAT & AIR,+14053605545,,HIGH,100,anthonys@a-1heatair.com,,,ANTHONYS@A-1HEATAIR.COM,17600 S SOONER RD,Anthony,,,17600 S SOONER RD,,A1 ELECTRIC HEAT AND AIR,73071,,anthonys@a-1heatair.com,,,ANTHONY,
Airetech,Y,72756,ROGERS,N,AR,1904,2957,US,,,2026-01-09 05:13:11,AR,,,READY,,,"ROGERS,",,ROGERS PUBLIC SCHOOLS,,,HIGH,80,teri.mason@rpsar.net,,,TERI.MASON@RPSAR.NET,500 W WALNUT,Teri Mason,,,500 W WALNUT,,ROGERS PUBLIC SCHOOLS,72756,,teri.mason@rpsar.net,,,TERI MASON,
Airetech,Y,74021,COLLINSVILLE,N,OK,1905,2958,US,,,2026-01-09 05:13:13,OK,,,READY,,,"COLLINSVILLE,",,OVERHOLT HEATING & AIR INC,+19183712118,,HIGH,80,overholtpayables@yahoo.com,,,OVERHOLTPAYABLES@YAHOO.COM,602 W BROADWAY ST,,,,602 W BROADWAY ST,,OVERHOLT HEATING & AIR INC  CC CUST,74021,,overholtpayables@yahoo.com,,,,
Airetech,Y,71846-9656,LOCKESBURG,N,AR,1906,2959,US,,,NaT,AR,,,READY,,,"LOCKESBURG,",,JACKSON INDUSTRIAL INC,+18709250160,,HIGH,100,kyle@jackson-industrial.com,,62765794-SLS,KYLE@JACKSON-INDUSTRIAL.COM,3014 HIGHWAY 71,,,,3014 HWY 71,,JACKSON INDUSTRIAL INC,71846-9656,,kyle@jackson-industrial.com,,62765794-SLS,,
Airetech,Y,72127,PLUMERVILLE,N,AR,1907,2960,US,,,NaT,AR,,,READY,,,"PLUMERVILLE,",,GREEN BAY PACKAGING PINECREST,+15013544627,,MEDIUM,70,,,000006-80-001,LUMBER DIVISION  (EMAIL),PO BOX 37,John Shute,,,PO BOX 37,,GREEN BAY PACKAGING PINECREST,72127,,,,000006-80-001,JOHN SHUTE,
Airetech,Y,72714,BELLA VISTA,N,AR,1908,2961,US,,,2026-01-09 05:13:17,AR,,,READY,,,"BELLA VISTA,",,COBARE PLUMBING,+14795311787,,HIGH,80,cbareenterprises@gmail.com,,,CBAREENTERPRISES@GMAIL.COM,7 CHARITCHER LANE,Ted Bedford,,,7 CHARITCHER LN,,COBARE PLUMBING,72714,,cbareenterprises@gmail.com,,,TED BEDFORD,
Airetech,Y,74135,TULSA,N,OK,1909,2963,US,,,2026-01-09 05:13:19,OK,,,READY,,,"TULSA,",,LIFE SENIOR SERVICES INC,+19186649000,,HIGH,80,finance@lifeseniorservices.org,,10016659-03,FINANCE@LIFESENIORSERVICES.ORG,"5330 E 31ST STREET, STE 800",Sally Riley,,,5330 E 31ST ST STE 800,,LIFE SENIOR SERVICES INC,74135,,finance@lifeseniorservices.org,,10016659-03,SALLY RILEY,
Airetech,Y,,,N,,1910,2964,US,,,NaT,,,,REVIEW,,,,,JAMES PARKEROMER,+19189353424,,LOW,20,,,,,,,,,,,JAMES PARKER   CC CUSTOMER,,,,,,,
Airetech,Y,,,N,,1911,2965,US,,,NaT,,,,REVIEW,,,,,BILLY BEATTYOMER,+19189469209,,LOW,20,,,,,,,,,,,BILLY BEATTY    CC CUSTOMER,,,,,,,
Airetech,Y,72209,LITTLE ROCK,N,AR,1912,2966,US,,,2026-01-09 05:13:23,AR,+15013532351,,READY,,,"LITTLE ROCK,",,DUPLICATE - M & I HEATING & AIR,+15012464936,,HIGH,80,yc.miheatingair@gmail.com,,,YC.MIHEATINGAIR@GMAIL.COM,7323 MABELVALE CUT OFF ROAD,Yesenia Castanor,,5013532351,7323 MABELVALE CUT OFF RD,,DUPLICATE - M AND I HEATING AND AIR,72209,,yc.miheatingair@gmail.com,,,YESENIA CASTANOR,
Airetech,Y,72730,FARMINGTON,N,AR,1913,2967,US,,,NaT,AR,,,READY,,,"FARMINGTON,",,AIRPROOMER,,,MEDIUM,70,joey@airpronea.com,,,JOEY@AIRPRONEA.COM,PO BOX 1148,,,,PO BOX 1148,,AIRPRO    CC CUSTOMER,72730,,joey@airpronea.com,,,,
Airetech,Y,72937,HACKETT,Y,AR,1914,2968,US,,,NaT,AR,,,READY,,,"HACKETT,",,J+H AUTOMATION SOLUTIONS,+14796388398 #10,,MEDIUM,70,,,00259851-SLS,PO BOX 410,100 N MAIN STREET,Debbie Johnson,,,PO BOX 410,100 N MAIN ST,J+H AUTOMATION SOLUTIONS   PREPAY,72937,,,,00259851-SLS,DEBBIE JOHNSON,
Airetech,Y,63146,ST LOUIS,N,MO,1915,2969,US,,,2026-01-09 05:13:25,MO,+16362298416,,READY,,,"ST LOUIS,",,NATIONAL DESIGN BUILD SERVICES LLC,+16362298400,,HIGH,80,accounting@nationaldbs.com,,,ACCOUNTING@NATIONALDBS.COM,11840 BORMAN DRIVE,Rebecca Manetz,,6362298416,11840 BORMAN DR,,NATIONAL DESIGN BUILD SERVICES LLC,63146,,accounting@nationaldbs.com,,,REBECCA MANETZ,
Airetech,Y,72764,SPRINGDALE,Y,AR,1916,2970,US,,,NaT,AR,,,READY,,,"SPRINGDALE,",,TEMPERATURE PRO,+14793400979,,HIGH,100,naidu.mortha@temperaturepro.co,,,NAIDU.MORTHA@TEMPERATUREPRO.CO,"1900 S PLEASANT ST, SUITE #B",Naidu Mortha,,,1900 S PLEASANT ST STE #B,,TEMPERATURE PRO,72764,,naidu.mortha@temperaturepro.co,,,NAIDU MORTHA,
Airetech,Y,60143,ITASCA,Y,IL,1917,2971,US,,,2026-01-09 05:13:29,IL,+16305194110,,READY,,,"ITASCA,",,ROGERS HOSPITALITY LLC,+16305193205,,HIGH,80,mansi@helixhotels.com,,,MANSI@HELIXHOTELS.COM,1101 N PROSPECT AVE,Mansi Shah,,6305194110,1101 N PROSPECT AVE,,ROGERS HOSPITALITY LLC,60143,,mansi@helixhotels.com,,,MANSI SHAH,
Airetech,Y,37129,MURFREESBORO,N,TN,1918,2972,US,,,2026-01-09 05:13:31,TN,,,READY,,,"MURFREESBORO,",,COMMERCIAL RESTORATION CO,+16154744195,,HIGH,80,m.whitaker@crcmail.com,,,M.WHITAKER@CRCMAIL.COM,1168 PARK AVENUE,Mark Whitaker,,,1168 PARK AVE,,COMMERCIAL RESTORATION CO  CC CUST,37129,,m.whitaker@crcmail.com,,,MARK WHITAKER,
Airetech,Y,74021,COLLINSVILLE,Y,OK,1919,2973,US,,,2026-01-09 05:13:32,OK,+19186024208,,READY,,,"COLLINSVILLE,",,ANYTIME SEPTIC INC,+19182725144,,HIGH,80,anytime.okap@gmail.com,,STS1017608211,ANYTIME.OKAP@GMAIL.COM,15609 N 137TH E AVE,Rhiannon Edwards,,9186024208,15609 N 137TH E AVE,,ANYTIME SEPTIC INC,74021,,anytime.okap@gmail.com,,STS1017608211,RHIANNON EDWARDS,
Airetech,Y,72207,LITTLE ROCK,N,AR,1920,2974,US,,,2026-01-09 05:13:34,AR,,,READY,,,"LITTLE ROCK,",,FALLON LEE,+15017660333,,HIGH,80,falee@insightpllc.com,,,FALEE@INSIGHTPLLC.COM,6804 HAWTHORNE RD,Fallon Lee,,,6804 HAWTHORNE RD,,FALLON LEE     PREPAY CUST,72207,,falee@insightpllc.com,,,FALLON LEE,
Airetech,Y,72764,SPRINGDALE,N,AR,1921,2975,US,,,NaT,AR,,,READY,,,"SPRINGDALE,",,UNLIMITED HEATING & AIR,+14792258809,,HIGH,100,crawfordkelly47@gmail.com,,,CRAWFORDKELLY47@GMAIL.COM,2818 ADRIAN AVE UNIT #B,Kelly Crawford,,,2818 ADRIAN AVE UNIT #B,,UNLIMITED HEATING AND AIR,72764,,crawfordkelly47@gmail.com,,,KELLY CRAWFORD,
Airetech,Y,74010,BRISTOW,Y,OK,1922,2976,US,,,NaT,OK,,,READY,,,"BRISTOW,",,JC MECHANICAL,+19182643739,,HIGH,100,jcmechanicalok@gmail.com,,,JCMECHANICALOK@GMAIL.COM,35547 DAVIS ROAD,Colby Wilson,,,35547 DAVIS RD,,JC MECHANICAL,74010,,jcmechanicalok@gmail.com,,,COLBY WILSON,
Airetech,Y,74037,JENKS,N,OK,1923,2977,US,,,2026-01-09 05:13:39,OK,,,READY,,,"JENKS,",,BEHCOMER,+15804717702,,HIGH,80,jpoulin@behc.com,,,JPOULIN@BEHC.COM,512 N FRANKLIN SUITE 100,Jason Poulin,,,512 N FRANKLIN STE 100,,BEHC    CC CUSTOMER,74037,,jpoulin@behc.com,,,JASON POULIN,
Airetech,Y,,LITTLE ROCK,N,AR,1924,2978,US,,,2026-01-09 05:13:41,AR,,,READY,,,"LITTLE ROCK,",,GENESIS DATACON,+14796335086,,HIGH,71.67,spelletier@genesisdatacon.com,,,SPELLETIER@GENESISDATACON.COM,13008 LAWSON ROAD,Scott Telletier,,,13008 LAWSON RD,,GENESIS DATACON   CC CUST,,,spelletier@genesisdatacon.com,,,SCOTT TELLETIER,
Airetech,Y,72719,CENTERTON,N,AR,1925,2979,US,,,NaT,AR,,,READY,,,"CENTERTON,",,STOUDT HVAC NEED APPLICATION,+14793668828,,MEDIUM,70,chad.stoudt@gmail.com,,,CHAD.STOUDT@GMAIL.COM,PO BOX 122,Chad Stoudt,,,PO BOX 122,,STOUDT HVAC     NEED APPLICATION,72719,,chad.stoudt@gmail.com,,,CHAD STOUDT,
Airetech,Y,19118,PHILADELPHIA,N,PA,1926,2980,US,,,2026-01-09 05:13:42,PA,,,READY,,,"PHILADELPHIA,",,EB OREILLY HVAC DESIGN CONSTRUCTION,+12152428100 #108,,HIGH,80,jtague@eboreilly.com,,,JTAGUE@EBOREILLY.COM,23 W HIGHLAND AVE,Jeanne Tague,,,23 W HIGHLAND AVE,,EB OREILLY HVAC DESIGN CONSTRUCTION,19118,,jtague@eboreilly.com,,,JEANNE TAGUE,
Airetech,Y,65721,OZARK,N,MO,1927,2981,US,,,NaT,MO,,,READY,,,"OZARK,",,C2 BUILDERS LLC,+14174251632,,MEDIUM,70,jessica@c2builders.net,,,JESSICA@C2BUILDERS.NET,PO BOX 443,Jessica Clements,,,PO BOX 443,,C2 BUILDERS LLC,65721,,jessica@c2builders.net,,,JESSICA CLEMENTS,
Airetech,Y,74014,BROKEN ARROW,N,OK,1928,2982,US,,,NaT,OK,,,READY,,,"BROKEN ARROW,",,MG HEAT & AIR LLC,+19182327426,,HIGH,100,gonzalezmario918@yahoo.com,,,GONZALEZMARIO918@YAHOO.COM,6531 S 275TH E AVE,,,,6531 S 275TH E AVE,,MG HEAT AND AIR LLC    CC CUST,74014,,gonzalezmario918@yahoo.com,,,,
Airetech,Y,,,N,,1929,2983,US,,,NaT,,,,REVIEW,,,,,RAMOS MECHANICAL SOLUTIONS,+15012577676,,LOW,20,ramosmechanicalsolutions@yahoo,,,RAMOSMECHANICALSOLUTIONS@YAHOO,,Andres Ramos Jr,,,,,RAMOS MECHANICAL SOLUTIONS  CC CUST,,,ramosmechanicalsolutions@yahoo,,,ANDRES RAMOS JR,
Airetech,Y,,,N,,1930,2984,US,,,NaT,,,,REVIEW,,,,,PATRICK DUCHENEOMER,+14793403083,,LOW,20,patrick.duchene@hilton.com,,,PATRICK.DUCHENE@HILTON.COM,,,,,,,PATRICK DUCHENE     CC CUSTOMER,,,patrick.duchene@hilton.com,,,,
Airetech,Y,75504,TEXARKANA,N,TX,1931,2985,US,,,NaT,TX,+18707720654,,READY,,,"TEXARKANA,",,RBIS LLC,+19037013110,,MEDIUM,70,bk.rbis@gmail.com,,,BK.RBIS@GMAIL.COM,PO BOX 1364,Billy Kruck,,8707720654,PO BOX 1364,,RBIS LLC,75504,,bk.rbis@gmail.com,,,BILLY KRUCK,
Airetech,Y,72032,CONWAY,N,AR,1932,2986,US,,,NaT,AR,,,READY,,,"CONWAY,",,MID STATE SEWER & DRAIN LLC,+15015152404,,HIGH,100,msbrooks0217@gmail.com,,,MSBROOKS0217@GMAIL.COM,254 HWY 286 EAST,Mike Brooks,,,254 HWY 286 E,,MID STATE SEWER AND DRAIN LLC,72032,,msbrooks0217@gmail.com,,,MIKE BROOKS,
Airetech,Y,72761,SILOAM SPRINGS,N,AR,1933,2987,US,,,NaT,AR,+14795246699,,READY,,,"SILOAM SPRINGS,",,BROADWAY CONTRACTING,+14795491806,,HIGH,100,helpdesk@broadwaynwa.com,,,HELPDESK@BROADWAYNWA.COM,17848 HIDDEN MEADOWS DRIVE,Rashelle Ames,,4795246699,17848 HIDDEN MEADOWS DR,,BROADWAY CONTRACTING,72761,,helpdesk@broadwaynwa.com,,,RASHELLE AMES,
Airetech,Y,73514,,Y,,1966,3021,US,,,NaT,,,,REVIEW,,,,NET 30,STONE CONCEPTS,+18707618282,,LOW,25,,,64865528-SLS,,,Marty Hesch,,,,,STONE CONCEPTS     CC CUST,73514,,,,64865528-SLS,MARTY HESCH,
Airetech,Y,72802,RUSSELLVILLE,Y,AR,1934,2988,US,,,NaT,AR,+14799683191,,READY,,,"RUSSELLVILLE,",,EWI,+14799685432,,HIGH,100,mhenderson@ewiconstructors.com,,,MHENDERSON@EWICONSTRUCTORS.COM,1400 S KNOXVILLE VE,Mischelle Henderson,,4799683191,1400 S KNOXVILLE VE,,EWI,72802,,mhenderson@ewiconstructors.com,,,MISCHELLE HENDERSON,
Airetech,Y,72113-9998,MAUMELLE,N,AR,1935,2989,US,,,2026-01-09 05:13:56,AR,,,READY,,,"MAUMELLE,",,US POST OFFICE - MAUMELLE,+15019445330,,HIGH,80,,,NEED CERT,501 COMMERCE DRIVE,,,,,501 COMMERCE DR,,US POST OFFICE - MAUMELLE   CC CUST,72113-9998,,,,NEED CERT,,
Airetech,Y,74017,TULSA,N,OK,1936,2990,US,,,2026-01-09 05:13:58,OK,,,READY,,,"TULSA,",,PRICE FAMILY PROPERTIES,+19185813300,,HIGH,80,ap@pfptulsa.com,,,AP@PFPTULSA.COM,"15 E 5TH STREET, STE 400",Latonya Murphy,,,15 E 5TH ST STE 400,,PRICE FAMILY PROPERTIES,74017,,ap@pfptulsa.com,,,LATONYA MURPHY,
Airetech,Y,74146,TULSA,Y,OK,1937,2991,US,,,2026-01-09 05:13:59,OK,+19186641675,,READY,,,"TULSA,",,BOONE & BOONE SALES,+19186649756,,HIGH,80,angieg@2boonesales.com,,STS1002065705,ANGIEG@2BOONESALES.COM,5484 S 103RD E AVE,Angie Gomez,,9186641675,5484 S 103RD E AVE,,BOONE AND BOONE SALES,74146,,angieg@2boonesales.com,,STS1002065705,ANGIE GOMEZ,
Airetech,Y,,,N,,1938,2992,US,,,NaT,,,,REVIEW,,,,,VMC CONSTRUCTION,+14795309391,,LOW,20,,,,VICTOR CORTIZ,,Victor Cortiz,,,,,VMC CONSTRUCTION   CASH CUST,,,,,,VICTOR CORTIZ,
Airetech,Y,,,Y,,1967,3022,US,,,NaT,,,,REVIEW,,,,NET 30,PVI A WATTS BRAND COMMISSION,,,LOW,20,,,COMMISSION,COMMISSION ONLY CUSTOMER,,,,,,,PVI A WATTS BRAND   COMMISSION,,,,,COMMISSION,,
Airetech,Y,75021,DENISON,N,TX,1939,2993,US,,,NaT,TX,+19034631870,,READY,,,"DENISON,",,PIAZZA CONSTRUCTION LLC,+19034632384,,MEDIUM,70,stephanie@piazza-construction.,,,STEPHANIE@PIAZZA-CONSTRUCTION.,PO BOX 521,Stephanie Mckinstry,,9034631870,PO BOX 521,,PIAZZA CONSTRUCTION LLC,75021,,stephanie@piazza-construction.,,,STEPHANIE MCKINSTRY,
Airetech,Y,75303,DALLAS,N,TX,1940,2994,US,,,NaT,TX,,,READY,,,"DALLAS,",,CITY ELECTRIC SUPPLY CO,+15122497426,,MEDIUM,70,cespayables@cityelectricsupply,,66367493-SLS,CESPAYABLES@CITYELECTRICSUPPLY,PO BOX 131811,,,,PO BOX 131811,,CITY ELECTRIC SUPPLY CO,75303,,cespayables@cityelectricsupply,,66367493-SLS,,
Airetech,Y,72764,SPRINGDALE,Y,AR,1941,2995,US,,,2026-01-09 05:14:02,AR,,,READY,,,"SPRINGDALE,",,KINDER HEATING & AIR,+14797561740,,HIGH,80,ap@kinderheatingandair.com,,72964525-SLS,AP@KINDERHEATINGANDAIR.COM,1312 BOB WHITE AVE,Ap,,,1312 BOB WHITE AVE,,KINDER HEATING AND AIR,72764,,ap@kinderheatingandair.com,,72964525-SLS,AP,
Airetech,Y,74107,TULSA,N,OK,1942,2996,US,,,2026-01-09 05:14:04,74107,,,READY,,,"TULSA, OK",,STEPHEN HALCOMB,,,HIGH,80,,,,,5739 S 81ST W AVE,,,,5739 S 81ST W AVE,,STEPHEN HALCOMB,,,,,,,
Airetech,Y,72712,BENTONVILLE,N,AR,1943,2997,US,,,2026-01-09 05:14:06,AR,,,READY,,,"BENTONVILLE,",,WINSUPPLY BENTONVILLE STORE 213,+14792737564,,HIGH,80,tjstevents1@winsupplyinc.com,,00243369-SLS,TJSTEVENTS1@WINSUPPLYINC.COM,406 SW 28TH ST,,,,406 SW 28TH ST,,WINSUPPLY BENTONVILLE STORE 213,72712,,tjstevents1@winsupplyinc.com,,00243369-SLS,,
Airetech,Y,71701,CAMDEN,Y,AR,1945,2999,US,,,2026-01-09 05:14:09,AR,,,READY,,,"CAMDEN,",,SOUTHERN HVACOMER,+18705740744,,HIGH,80,jody.tillery@gmail.com,,,JODY.TILLERY@GMAIL.COM,210 OUACHITA 212,Jody Tillery,,,210 OUACHITA 212,,SOUTHERN HVAC   CC CUSTOMER,71701,,jody.tillery@gmail.com,,,JODY TILLERY,
Airetech,Y,72756,ROGERS,Y,AR,1946,3000,US,,,2026-01-09 05:14:10,,,,READY,,,,,PAUL BREWER,+14794098201,,HIGH,80,,,,8088 POLLOCK ROAD,"ROGERS, AR",Paul Brewer,,,8088 POLLOCK RD,,PAUL BREWER,72756,,,,,PAUL BREWER,
Airetech,Y,72104,MALVERN,Y,AR,1947,3001,US,,,NaT,AR,,,READY,,,"MALVERN,",NET 30,MHA MAY HEAT & AIR LLC,+1501 815 3718,,HIGH,100,travismay.mha@gmail.com,,,TRAVISMAY.MHA@GMAIL.COM,364 CANON LN,Mandy May,,,364 CANON LN,,MHA MAY HEAT AND AIR LLC,72104,,travismay.mha@gmail.com,,,MANDY MAY,
Airetech,Y,71902,HOT SPRINGS,Y,AR,1948,3002,US,,,NaT,AR,+15012094204,,READY,,,"HOT SPRINGS,",NET 30,R A WILSON ENTERPRISES,+15017624899,,MEDIUM,70,kdavis@wilent.net,,,KDAVIS@WILENT.NET,PO BOX 6480,Kirsten Davis,,5012094204,PO BOX 6480,,R A WILSON ENTERPRISES,71902,,kdavis@wilent.net,,,KIRSTEN DAVIS,
Airetech,Y,74053,OOLOGAH,N,OK,1949,3003,US,,,NaT,OK,,,READY,,,"OOLOGAH,",NET 30,COMFORT CONNECTION HEATING & COOL,+19184047649,,HIGH,100,contact@comfortconnectionok.co,,,CONTACT@COMFORTCONNECTIONOK.CO,2931 RABBS DRIVE,Jennifer Lazzerini,,,2931 RABBS DR,,COMFORT CONNECTION HEATING AND COOL,74053,,contact@comfortconnectionok.co,,,JENNIFER LAZZERINI,
Airetech,Y,,,Y,,1973,3028,US,,,NaT,,,,REVIEW,,,,NET 30,AIR TEC INC,+14793410333,,LOW,20,,,,JEFF KOLLER,,Jeff Koller,,,,,AIR TEC INC,,,,,,JEFF KOLLER,
Airetech,Y,30022,ALPHARETTA,Y,GA,1950,3004,US,,,2026-01-09 05:14:15,GA,,,READY,,,"ALPHARETTA,",NET 30,LG ELECTRONICS,,,HIGH,80,greg.temple@lge.com,,WTY BILLINGS,GREG.TEMPLE@LGE.COM,4300 NORTH POINT PKWY,Greg Temple,,,4300 N POINT PKWY,,LG ELECTRONICS,30022,,greg.temple@lge.com,,WTY BILLINGS,GREG TEMPLE,
Airetech,Y,72758,ROGERS,N,AR,1951,3006,US,,,NaT,AR,,,READY,,,"ROGERS,",NET 30,PRO GLAS INC,+14793816989,,HIGH,100,ed@proglasinc.com,,,ED@PROGLASINC.COM,3207 SOLD WIRE RD,Ed Smith,,,3207 SOLD WIRE RD,,PRO GLAS INC,72758,,ed@proglasinc.com,,,ED SMITH,
Airetech,Y,74132,TULSA,Y,OK,1952,3007,US,,,2026-01-09 05:14:20,OK,,,READY,,,"TULSA,",,AIR AROUND THE CLOCK,+19183924337,,HIGH,80,sara@callairaroundtheclock.com,,,SARA@CALLAIRAROUNDTHECLOCK.COM,6216 S 41ST W AVE,Sara Snyder,,,6216 S 41ST W AVE,,AIR AROUND THE CLOCK,74132,,sara@callairaroundtheclock.com,,,SARA SNYDER,
Airetech,Y,72916,FT SMITH,Y,AR,1953,3008,US,,,2026-01-09 05:14:22,AR,,,READY,,,"FT SMITH,",,HSA ENGINEERING CONSULTING SERVICES,+14794528922,,HIGH,80,pwatson@hsaconsultants.com,,,PWATSON@HSACONSULTANTS.COM,7405 ELLIS STREET,Piper Watson,,,7405 ELLIS ST,,HSA ENGINEERING CONSULTING SERVICES,72916,,pwatson@hsaconsultants.com,,,PIPER WATSON,
Airetech,Y,85212,MESA,N,AZ,1954,3009,US,,,2026-01-09 05:14:23,AZ,,,READY,,,"MESA,",NET 30,NORTHWIND MECHANICAL LLC,+14806332665,,HIGH,80,accounting@northwindmechanical,,,ACCOUNTING@NORTHWINDMECHANICAL,"7931 E PECOS RD, STE 132",Toni Silvas,,,7931 E PECOS RD STE 132,,NORTHWIND MECHANICAL LLC,85212,,accounting@northwindmechanical,,,TONI SILVAS,
Airetech,Y,72058,GREENBRIER,Y,AR,1955,3010,US,,,2026-01-09 05:14:25,AR,+15012553520,,READY,,,"GREENBRIER,",NET 30,SUPERTECH HEAT & AIR OF CONWAY,+15013278808,,HIGH,80,peg@supertechheatandair.com,,90885375-SLS,PEG@SUPERTECHHEATANDAIR.COM,11 LANDON LANE,Sam,,5012553520,11 LANDON LN,,SUPERTECH HEAT AND AIR OF CONWAY,72058,,peg@supertechheatandair.com,,90885375-SLS,SAM,
Airetech,Y,71909,HOT SPRINGS,Y,AR,1956,3011,US,,,NaT,AR,,,READY,,,"HOT SPRINGS,",NET 30,THE MOUNTAIN VALLEY SPRING WATER,+15015202174,,HIGH,100,ap@mountainvalleyspring.com,,00304460-SLS,AP@MOUNTAINVALLEYSPRING.COM,283 MOUNTAIN VALLEY WATER PLAC,Accts Pay Dept,,,283 MOUNTAIN VALLEY WATER PLAC,,THE MOUNTAIN VALLEY SPRING WATER,71909,,ap@mountainvalleyspring.com,,00304460-SLS,ACCTS PAY DEPT,
Airetech,Y,,,N,,1957,3012,US,,,NaT,,,,REVIEW,,,,,MARLON BURROUGHSOMER,+19187248050,,LOW,20,,,EXM1269399303,,,,,,,,MARLON BURROUGHS  CC CUSTOMER,,,,,EXM1269399303,,
Airetech,Y,72106,MAYFLOWER,N,AR,1958,3013,US,,,NaT,,,,READY,,,,NET 30,BROCK ACOMER,+15014287559,,HIGH,100,,,,145 MCDERMOTT TRAIL,"MAYFLOWER, AR",Trenton Brock,,,145 MCDERMOTT TRAIL,,BROCK AC       CC CUSTOMER,72106,,,,,TRENTON BROCK,
Airetech,Y,72712,BENTONVILLE,N,AR,1959,3014,US,,,2026-01-09 05:14:32,,,,READY,,,,NET 30,HOME 2 SUITES BENTONVILLE,+14792782525,,HIGH,80,,,,3100 SE POINTE AVE,"BENTONVILLE,AR",,,,3100 SE POINTE AVE,,HOME 2 SUITES BENTONVILLE,72712,,,,,,
Airetech,Y,72211,LITTLE,N,AR,1995,3050,US,,,2026-01-09 05:15:22,,,,READY,,,,,MATT DOCKERY,,,HIGH,80,,,,8 TREFNY CT,LITTLE ROCK AR,,,,8 TREFNY CT,,MATT DOCKERY,72211,,,,,,
Airetech,Y,72764,SPRINGDALE,Y,AR,1960,3015,US,,,NaT,AR,,,READY,,,"SPRINGDALE,",NET 30,NEAL HEFNER CONSTRUCTION INC,+14797565602,,HIGH,100,billing@nealhefner.com,,,BILLING@NEALHEFNER.COM,"2308 TURNER STREET, SUITE #1",Lynn Reed,,,2308 TURNER ST STE #1,,NEAL HEFNER CONSTRUCTION INC,72764,,billing@nealhefner.com,,,LYNN REED,
Airetech,Y,72019,BENTON,N,AR,1961,3016,US,,,NaT,AR,,,READY,,,"BENTON,",NET 30,ARKANSAS HVAC RESCUE,+15013046592,,HIGH,100,arhvacrescue@gmail.com,,,ARHVACRESCUE@GMAIL.COM,4621 STILLHOUSE ROAD,Justin Wilson,,,4621 STILLHOUSE RD,,ARKANSAS HVAC RESCUE,72019,,arhvacrescue@gmail.com,,,JUSTIN WILSON,
Airetech,Y,72712,BENTONVILLE,N,AR,1962,3017,US,,,2026-01-09 05:14:39,AR,,,READY,,,"BENTONVILLE,",NET 30,TRAILSIDE PARTNERS LLC,+18704889848,,HIGH,80,invoices@newelldevelopment.com,,,INVOICES@NEWELLDEVELOPMENT.COM,"209 SE 6TH ST, STE 102",Theresa,,,209 SE 6TH ST STE 102,,TRAILSIDE PARTNERS LLC,72712,,invoices@newelldevelopment.com,,,THERESA,
Airetech,Y,,,N,,1963,3018,US,,,NaT,,,,REVIEW,,,,NET 30,LUDWIG INCORPORATED,+18705623609,,LOW,20,,,,,,Mark Ludwig,,,,,LUDWIG INCORPORATED   CC CUST,,,,,,MARK LUDWIG,
Airetech,Y,,,N,,1964,3019,US,,,NaT,,,,REVIEW,,,,NET 30,BRANDON CANTRELL,,,LOW,20,,,,,,,,,,,BRANDON CANTRELL    CC CUST,,,,,,,
Airetech,Y,72948,NATURAL DAM,N,AR,1965,3020,US,,,NaT,AR,,,READY,,,"NATURAL DAM,",NET 30,RICK MOONEY,+14798067722,,HIGH,100,,,,16421 LIBERTY HILL ROAD,,Rick Mooney,,,16421 LIBERTY HILL RD,,RICK MOONEY,72948,,,,,RICK MOONEY,
Airetech,Y,71846,LOCKESBURG,Y,AR,1968,3023,US,,,2026-01-09 05:14:49,,,,READY,,,"LOCKESBURG,AR",NET 30,CARVER HEAT & AIR,+18702892033,,HIGH,80,rick@jimmycarvershvac.com,,,RICK@JIMMYCARVERSHVAC.COM,104 WEST SPRUCE,Rick,,,104 W SPRUCE,,CARVER HEAT AND AIR     CC CUSTOMER,71846,,rick@jimmycarvershvac.com,,,RICK,
Airetech,Y,72296,WYNNE,Y,AR,1969,3024,US,,,2026-01-09 05:14:50,AR,+18702382081,,READY,,,"WYNNE,",NET 30,MOHR INC DBA MOHR AIR CONDITIONING,+18702383372,,HIGH,80,rita.long@mohrac.com,,00287070-SLS,RITA.LONG@MOHRAC.COM,251 E UNION AVE,Bob Mohr,,8702382081,251 E UNION AVE,,MOHR INC DBA MOHR AIR CONDITIONING,72296,,rita.long@mohrac.com,,00287070-SLS,BOB MOHR,
Airetech,Y,74055,OWASSO,N,OK,1970,3025,US,,,NaT,OK,,,READY,,,"OWASSO,",NET 30,TRAILS END PLUMBING SERVICES,+19186096797,,MEDIUM,70,trailsendplumbing@cox.net,,,TRAILSENDPLUMBING@COX.NET,PO BOX 1145,Ashley Francis,,,PO BOX 1145,,TRAILS END PLUMBING SERVICES,74055,,trailsendplumbing@cox.net,,,ASHLEY FRANCIS,
Airetech,Y,72301,WEST MEMPHIS,N,AR,1971,3026,US,,,2026-01-09 05:14:52,AR,+18707336719,,READY,,,"WEST MEMPHIS,",NET 30,ARKANSAS STATE UNIVERSITY MID SOUTH,+18707336712,,HIGH,80,accountspayable@asumidsouth.ed,,,ACCOUNTSPAYABLE@ASUMIDSOUTH.ED,2000 W BROADWAY,Casondra Edwards,,8707336719,2000 W BROADWAY,,ARKANSAS STATE UNIVERSITY MID SOUTH,72301,,accountspayable@asumidsouth.ed,,,CASONDRA EDWARDS,
Airetech,Y,72204,LITTLE ROCK,N,AR,1972,3027,US,,,NaT,,+15016151099,,READY,,,,NET 30,CITY OF FAITHOMER,+15016151090,,HIGH,100,,,,1400 SOUTH GARFIELD DRIVE,"LITTLE ROCK, AR",Allen Winkler,,5016151099,1400 S GARFIELD DR,,CITY OF FAITH     CC CUSTOMER,72204,,,,,ALLEN WINKLER,
Airetech,Y,72957,VAN BUREN,N,AR,1974,3029,US,,,NaT,AR,,,READY,,,"VAN BUREN,",NET 30,ARKANSAS VALLEY TWA INC,+14794613148,,MEDIUM,70,brian@arkvalleytwa.com,,,BRIAN@ARKVALLEYTWA.COM,PO BOX 1666,Brian Taylor,,,PO BOX 1666,,ARKANSAS VALLEY TWA INC,72957,,brian@arkvalleytwa.com,,,BRIAN TAYLOR,
Airetech,Y,72916,FT SMITH,N,AR,1975,3030,US,,,2026-01-09 05:14:57,AR,,,READY,,,"FT SMITH,",,PREMIER HEATING & AIR LLC,+14794201538,,HIGH,80,sarah@premierhvac.org,,81136470-SLS,SARAH@PREMIERHVAC.ORG,7600 FORT CHAFFEE BLVD,Sarah Koren,,,7600 FORT CHAFFEE BLVD,,PREMIER HEATING AND AIR LLC,72916,,sarah@premierhvac.org,,81136470-SLS,SARAH KOREN,
Airetech,Y,72217,LITTLE ROCK,N,AR,1976,3031,US,,,NaT,AR,+15016641579,,READY,,,"LITTLE ROCK,",NET 30,THE COUNTRY CLUB OF LITTLE ROCK,+15016641531,,MEDIUM,70,joy.gray@cclr1902.org,,,JOY.GRAY@CCLR1902.ORG,PO BOX 7568,Joy Gray,,5016641579,PO BOX 7568,,THE COUNTRY CLUB OF LITTLE ROCK,72217,,joy.gray@cclr1902.org,,,JOY GRAY,
Airetech,Y,72033,CONWAY,N,AR,1977,3032,US,,,NaT,AR,+15015055238,,READY,,,"CONWAY,",NET 30,NABHOLZ CONSTRUCTION JONESBORO,+15015055800,,MEDIUM,70,ap@nabholz.com,,,AP@NABHOLZ.COM,PO BOX 2090,Linda B/Julie C,,5015055238,PO BOX 2090,,NABHOLZ CONSTRUCTION JONESBORO,72033,,ap@nabholz.com,,,LINDA B/JULIE C,
Airetech,Y,75244,DALLAS,Y,TX,1978,3033,US,,,2026-01-09 05:14:59,TX,,,READY,,,"DALLAS,",NET 30,UTILITY SYSTEMS SOLUTIONS INC,+12145042975,,HIGH,80,accounting@us2inc.com,,730766778,ACCOUNTING@US2INC.COM,14330 MIDWAY RD SUITE 200,Phil Breden,,,14330 MIDWAY RD STE 200,,UTILITY SYSTEMS SOLUTIONS INC,75244,,accounting@us2inc.com,,730766778,PHIL BREDEN,
Airetech,Y,73703,ENID,Y,OK,1979,3034,US,,,2026-01-09 05:15:00,OK,,,READY,,,"ENID,",NET 30,QUIGLEY HEAT & AC,+15805411667,,HIGH,80,quigley764@gmail.com,,,QUIGLEY764@GMAIL.COM,5701 N GARLAND ROAD,,,,5701 N GARLAND RD,,QUIGLEY HEAT AND AC,73703,,quigley764@gmail.com,,,,
Airetech,Y,72762,TONTITOWN,Y,AR,1980,3035,US,,,2026-01-09 05:15:02,AR,+14799666059,,READY,,,"TONTITOWN,",NET 30,HARRISON PLUMBING LLC,+14792007922,,HIGH,80,info.harrisonplumbingllc@gmail,,,INFO.HARRISONPLUMBINGLLC@GMAIL,1396 STEELE ROAD,,,4799666059-ALT,1396 STEELE RD,,HARRISON PLUMBING LLC,72762,,info.harrisonplumbingllc@gmail,,,,
Airetech,Y,72231,N LITTLE ROCK,N,AR,1981,3036,US,,,2026-01-09 05:15:04,,,,READY,,,,NET 30,USPS,+15019556315,,HIGH,80,,,,4700 E MCCAIN BLVD,"N LITTLE ROCK, AR",,,,4700 E MCCAIN BLVD,,USPS,72231,,,,,,
Airetech,Y,,,N,,1982,3037,US,,,NaT,,,,REVIEW,,,,NET 30,BRANDON BURKES,+18708200109,,LOW,20,brandon.burks@airetechcorp.com,,,brandon.burks@airetechcorp.com,,,,,,,BRANDON BURKES,,,brandon.burks@airetechcorp.com,,,,
Airetech,Y,,,Y,,1983,3038,US,,,NaT,,,,REVIEW,,,,NET 30,ROBERT ALLEN ELECTRIC,+15014571875,,LOW,20,,,,KENNY TYGERT,,Kenny Tygert,,,,,ROBERT ALLEN ELECTRIC,,,,,,KENNY TYGERT,
Airetech,Y,72701,FAYETTEVILLE,Y,AR,1984,3039,US,,,2026-01-09 05:15:08,AR,,,READY,,,"FAYETTEVILLE,",NET 30,BUTTERFIELD TRAIL VILLAGE,,,HIGH,80,btvinvoice@btvillage.org,,,BTVINVOICE@BTVILLAGE.ORG,1923 JOYCE BLVD,John Washington,,,1923 JOYCE BLVD,,BUTTERFIELD TRAIL VILLAGE,72701,,btvinvoice@btvillage.org,,,JOHN WASHINGTON,
Airetech,Y,71601,PINE BLUFF,Y,AR,1985,3040,US,,,2026-01-09 05:15:10,AR,,,READY,,,"PINE BLUFF,",NET 30,PINE BLUFF AQUATICS CENTER,+18708507620,,HIGH,80,lfore@cityofpinebluff-ar.gov,,,LFORE@CITYOFPINEBLUFF-AR.GOV,400 E 11TH AVE,Larissa Fore,,,400 E 11TH AVE,,PINE BLUFF AQUATICS CENTER,71601,,lfore@cityofpinebluff-ar.gov,,,LARISSA FORE,
Airetech,Y,30237,JONESBORO,Y,GA,1986,3041,US,,,NaT,GA,,,READY,,,"JONESBORO,",NET 30,L & H SHEET METAL COMPANY,+17704778206,,MEDIUM,70,kdavenport@lhsmetal.com,,,KDAVENPORT@LHSMETAL.COM,PO BOX 1269,Kristi Davenport,,,PO BOX 1269,,L AND H SHEET METAL COMPANY,30237,,kdavenport@lhsmetal.com,,,KRISTI DAVENPORT,
Airetech,Y,53177,STURTEVANT,Y,WI,1987,3042,US,,,2026-01-09 05:15:12,WI,,,READY,,,"STURTEVANT,",NET 30,HORIZON RETAIL CONSTRUCTION INC,+12626386000,,HIGH,80,ap@horizonretail.com,,,AP@HORIZONRETAIL.COM,9999 E EXPLORATION CT,Accounts Payable,,,9999 E EXPLORATION CT,,HORIZON RETAIL CONSTRUCTION INC,53177,,ap@horizonretail.com,,,ACCOUNTS PAYABLE,
Airetech,Y,72032,CONWAY,Y,AR,1988,3043,US,,,2026-01-09 05:15:13,AR,,,READY,,,"CONWAY,",NET 30,WESTROCK BEVERAGE COMPANY LLC,+15019751514,,HIGH,80,apinvoices@westrockcoffee.com,,55150322-SLS,APINVOICES@WESTROCKCOFFEE.COM,480 EXCHANGE AVE,,,,480 EXCHANGE AVE,,WESTROCK BEVERAGE COMPANY LLC,72032,,apinvoices@westrockcoffee.com,,55150322-SLS,,
Airetech,Y,72956,VAN BUREN,Y,AR,1989,3044,US,,,NaT,AR,,,READY,,,"VAN BUREN,",NET 30,PRO GASKET SOLUTIONS,+14798060236,,HIGH,100,jacob@progasketsolutions.com,,,JACOB@PROGASKETSOLUTIONS.COM,1526 CONSTRUCTION WAY,Jacob Scott-Sales Mg,,,1526 CONSTRUCTION WAY,,PRO GASKET SOLUTIONS,72956,,jacob@progasketsolutions.com,,,JACOB SCOTT-SALES MG,
Airetech,Y,72023,CABOT,Y,AR,1990,3045,US,,,NaT,AR,,,READY,,,"CABOT,",NET 30,KNIGHTS SERVICE CO,+15015800326,,HIGH,100,bak61459@yahoo.com,,,BAK61459@YAHOO.COM,2016 S SECOND STREET,Brian Knight,,,2016 S SECOND ST,,KNIGHTS SERVICE CO,72023,,bak61459@yahoo.com,,,BRIAN KNIGHT,
Airetech,Y,72703,FAYETTEVILLE,Y,AR,1991,3046,US,,,NaT,AR,,,READY,,,"FAYETTEVILLE,",NET 30,BOEN KEMP CONSTRUCTION LLC,+14792496325,,MEDIUM,70,invoices@boenkempconstruction.,,,INVOICES@BOENKEMPCONSTRUCTION.,PO BOX 9718,Melanie Fleeman,,,PO BOX 9718,,BOEN KEMP CONSTRUCTION LLC,72703,,invoices@boenkempconstruction.,,,MELANIE FLEEMAN,
Airetech,Y,74037,JENKS,Y,OK,1992,3047,US,,,2026-01-09 05:15:19,OK,,,READY,,,"JENKS,",,NATIVE MECHANICAL SERVICE LLC,+19186293678,,HIGH,80,jeff@nativemechanical.net,,,JEFF@NATIVEMECHANICAL.NET,9410 S ELWOOD AVE STE 103,Jeffrey Uzzel,,,9410 S ELWOOD AVE STE 103,,NATIVE MECHANICAL SERVICE LLC,74037,,jeff@nativemechanical.net,,,JEFFREY UZZEL,
Airetech,Y,74013,BROKEN ARROW,Y,OK,1993,3048,US,,,NaT,OK,+19189435134,,READY,,,"BROKEN ARROW,",NET 30,FREEDOM PLUMBING HEAT & AIR COND,+19183690466,,MEDIUM,70,logan@freeedomplumbinghvac.com,,,LOGAN@FREEEDOMPLUMBINGHVAC.COM,PO BOX 3562,Logan Or Terry,,9189435134,PO BOX 3562,,FREEDOM PLUMBING HEAT AND AIR COND,74013,,logan@freeedomplumbinghvac.com,,,LOGAN OR TERRY,
Airetech,Y,75501,TEXARKANA,Y,TX,1994,3049,US,,,NaT,TX,+19038386843,,READY,,,"TEXARKANA,",NET 30,ALTECH INC,+19038327096,,HIGH,100,alisha@altechinc.org,,,ALISHA@ALTECHINC.ORG,8530 W NEW BOSTON RD,Alisha Delacambre,,9038386843,8530 W NEW BOSTON RD,,ALTECH INC,75501,,alisha@altechinc.org,,,ALISHA DELACAMBRE,
Airetech,Y,72223,LITTLE,N,AR,1996,3051,US,,,2026-01-09 05:15:24,,,,READY,,,,NET 30,BENET MAINTENANCEOMER,+15014706081,,HIGH,80,,,,25 CLERVAUX DR,LITTLE ROCK AR,Andy Benet,,,25 CLERVAUX DR,,BENET MAINTENANCE CC CUSTOMER,72223,,,,,ANDY BENET,
Airetech,Y,,,N,,1997,3052,US,,,NaT,,,,REVIEW,,,,NET 30,BRIAN MURRAY,+19186716119,,LOW,20,,,,,,,,,,,BRIAN MURRAY,,,,,,,
Airetech,Y,,,Y,,1998,3054,US,,,NaT,,,,REVIEW,,,,NET 30,JLL JONES LANG LASALE,+19183502734,,LOW,20,sean.tafoya@jll.com,,,SEAN.TAFOYA@JLL.COM,,Sean Tafoya,,,,,JLL JONES LANG LASALE,,,sean.tafoya@jll.com,,,SEAN TAFOYA,
Airetech,Y,71600,MOUNTAIN HOME,Y,AR,1999,3055,US,,,2026-01-09 05:15:29,AR,,,READY,,,"MOUNTAIN HOME,",,BAXTER COUNTY GOVERNMENT,+18704252755,,HIGH,80,trish.beck@baxtercountyar.gov,,,TRISH.BECK@BAXTERCOUNTYAR.GOV,1 E 7TH STREET,Trish Beck,,,1 E 7TH ST,,BAXTER COUNTY GOVERNMENT,71600,,trish.beck@baxtercountyar.gov,,,TRISH BECK,
Airetech,Y,,,Y,,2000,3056,US,,,NaT,,,,REVIEW,,,,,MASON MERCER COMMISSION,,,LOW,20,,,COMMISSION,,,,,,,,MASON MERCER COMMISSION,,,,,COMMISSION,,
Airetech,Y,71802,HOPE,Y,AR,2001,3057,US,,,NaT,AR,+18707774161,,READY,,,"HOPE,",,SOUTH ARK ELECTRIC LLC,+18707774535,,MEDIUM,70,ap@southarkelectric.com,,,AP@SOUTHARKELECTRIC.COM,P.O. BOX 558,Carrie Nivens,,8707774161,PO BOX 558,,SOUTH ARK ELECTRIC LLC,71802,,ap@southarkelectric.com,,,CARRIE NIVENS,
Airetech,Y,72342,HELENA,Y,AR,2002,3058,US,,,NaT,AR,,,READY,,,"HELENA,",NET 30,PHILLIPS COMMUNITY COLLEGE U OF A,,,MEDIUM,70,accountspayable@pccua.edu,,,ACCOUNTSPAYABLE@PCCUA.EDU,PO BOX 785,,,,PO BOX 785,,PHILLIPS COMMUNITY COLLEGE   U OF A,72342,,accountspayable@pccua.edu,,,,
Airetech,Y,72616,BERRYVILLE,Y,AR,2003,3059,US,,,2026-01-09 05:15:33,AR,,,READY,,,"BERRYVILLE,",NET 30,MID STATES SPECIALTY EGGS LLC,+18709296125,,HIGH,80,accountingbv@msseggs.com,,,ACCOUNTINGBV@MSSEGGS.COM,1302 PRIMROSE DR,Rudy Hostetler,,,1302 PRIMROSE DR,,MID STATES SPECIALTY EGGS LLC,72616,,accountingbv@msseggs.com,,,RUDY HOSTETLER,
Airetech,Y,72023,CABOT,Y,AR,2004,3060,US,,,NaT,ARKANSAS,,,READY,,,"CABOT,",NET 30,A4 SERVICES LLC,+15012864181,,HIGH,100,marsha.swofford@a4servicesgrou,,,MARSHA.SWOFFORD@A4SERVICESGROU,15540 HWY 5,Marsha Swofford,,,15540 HWY 5,,"A4 SERVICES, LLC",72023,,MARSHA.SWOFFORD@A4SERVICESGROU,,,MARSHA SWOFFORD,
Airetech,Y,65202,COLUMBIA,Y,MO,2005,3062,US,,,NaT,MO,+14794195309,,READY,,,"COLUMBIA,",,QUESTEC SERVICE,+14797172924,,HIGH,100,ap.arkansas@questec.us,,61118134-SLS,AP.ARKANSAS@QUESTEC.US,1390 E BOONE INDUSTRIAL STE260,,,4794195309,1390 E BOONE INDUSTRIAL STE260,,QUESTEC SERVICE,65202,,ap.arkansas@questec.us,,61118134-SLS,,
Airetech,Y,74055,OWASSO,Y,OK,2006,3063,US,,,2026-01-09 05:15:39,OK,,,READY,,,"OWASSO,",NET 30,PERFECT CONDITIONS HVAC,+19185199135,,HIGH,80,lonfully@perfectconditionshvac,,,LONFULLY@PERFECTCONDITIONSHVAC,14603 E 113TH ST N,Lonniel Fullylove,,,14603 E 113TH ST N,,PERFECT CONDITIONS HVAC,74055,,lonfully@perfectconditionshvac,,,LONNIEL FULLYLOVE,
Airetech,Y,74571,TALIHINA,Y,OK,2007,3064,US,,,NaT,,,,READY,,,,NET 30,BRETT'S ELECTRICAL SERVICE & HVAC,+19184130691,,HIGH,100,,,,51699 OLD US HWY 271,"TALIHINA, OK",Brett Burns,,,51699 OLD US HWY 271,,BRETT'S ELECTRICAL SERVICE AND HVAC,74571,,,,,BRETT BURNS,
Airetech,Y,74362,PRYOR,Y,OK,2008,3065,US,,,NaT,OK,+19188253938,,READY,,,"PRYOR,",,PRYOR PUBLIC SCHOOLS,+19188253945,,MEDIUM,70,harbisonr@pryorschools.org,,661460,HARBISONR@PRYORSCHOOLS.ORG,P.O. BOX 548,Robin Harbison,,9188253938,PO BOX 548,,PRYOR PUBLIC SCHOOLS,74362,,harbisonr@pryorschools.org,,661460,ROBIN HARBISON,
Airetech,Y,,,Y,,2009,3066,US,,,NaT,,,,REVIEW,,,,NET 30,JONAH BAKER,+19186502418,,LOW,20,baker.electric@yahoo.com,,,BAKER.ELECTRIC@YAHOO.COM,,,,,,,JONAH BAKER,,,baker.electric@yahoo.com,,,,
Airetech,Y,72210,LITTLE ROCK,Y,AR,2010,3067,US,,,NaT,,,,READY,,,,NET 30,DONNY HEAD,+15016902135,,HIGH,100,,,,19913 WOODLAND ACRES RD,"LITTLE ROCK, AR",Donny Head,,,19913 WOODLAND ACRES RD,,DONNY HEAD,72210,,,,,DONNY HEAD,
Airetech,Y,65202,COLUMBIA,Y,MO,2011,3068,US,,,NaT,MO,,,READY,,,"COLUMBIA,",NET 30,CODES - COLUMBIA,+15733978412,,HIGH,100,accountspayable.columbia@codes,,,ACCOUNTSPAYABLE.COLUMBIA@CODES,6815 STEPHENS STATION ROAD,Taylor Jacobson,,,6815 STEPHENS STATION RD,,CODES - COLUMBIA,65202,,accountspayable.columbia@codes,,,TAYLOR JACOBSON,
Airetech,Y,72762,SPRINGDALE,Y,AR,2012,3069,US,,,2026-01-09 05:15:49,,,,READY,,,,NET 30,WESCHE COMPANY,+14797510020,,HIGH,80,,,177214-72-001,228-E SOUTH 40TH STREET,"SPRINGDALE, AR",Christy Mcconnell,,,228-E S 40TH ST,,WESCHE COMPANY,72762,,,,177214-72-001,CHRISTY MCCONNELL,
Airetech,Y,71753,MAGNOLIA,Y,AR,2013,3070,US,,,NaT,AR,,,READY,,,"MAGNOLIA,",NET 30,MAGNOLIA REGIONAL MEDICAL CENTER,+18702353000,,MEDIUM,70,accountingdept@magnoliarmc.org,,54526818-001,ACCOUNTINGDEPT@MAGNOLIARMC.ORG,PO BOX 629,Margaret Mcadams,,,PO BOX 629,,MAGNOLIA REGIONAL MEDICAL CENTER,71753,,accountingdept@magnoliarmc.org,,54526818-001,MARGARET MCADAMS,
Airetech,Y,72914,FORT SMITH,Y,AR,2014,3071,US,,,NaT,AR,+14797828305,,READY,,,FORT SMITH,NET 30,AIR COMPRESSOR EQUIPMENT COMPANY,+14797836181,,MEDIUM,70,,,00045918-SLS,DBA PRE VALVE INC,PO BOX 4248,Sandra Jones,,479-782-8305,PO BOX 4248,,AIR COMPRESSOR EQUIPMENT COMPANY,72914,,,,00045918-SLS,SANDRA JONES,
Airetech,Y,72023,CABOT,Y,AR,2015,3072,US,,,2026-01-09 05:15:51,AR,,,READY,,,"CABOT,",NET 30,CARTER'S MECHANICAL,+18702086570,,HIGH,80,corycartersmechanical@gmail.co,,54729911-SLS,CORYCARTERSMECHANICAL@GMAIL.CO,22 EMMA DRIVE,Cory Carter,,,22 EMMA DR,,CARTER'S MECHANICAL,72023,,corycartersmechanical@gmail.co,,54729911-SLS,CORY CARTER,
Airetech,Y,33607,TAMPA,Y,FL,2016,3073,US,,,2026-01-09 05:15:53,,,,READY,,,,NET 30,SLADE ROSS INC,+18134947938,,HIGH,80,,,,5024 W NASSAU STREET,"TAMPA, FL",Justin Bartlett,,,5024 W NASSAU ST,,SLADE ROSS INC,33607,,,,,JUSTIN BARTLETT,
Airetech,Y,72712,BENTONVILLE,Y,AR,2017,3074,US,,,NaT,AR,,,READY,,,"BENTONVILLE,",NET 30,BUILT WELL CONSTRUCTION,+14797875820,,MEDIUM,70,choate@built-well.net,,,CHOATE@BUILT-WELL.NET,PO BOX 1216,Brian Dunnaway,,,PO BOX 1216,,BUILT WELL CONSTRUCTION,72712,,choate@built-well.net,,,BRIAN DUNNAWAY,
Airetech,Y,74101,TULSA,Y,OK,2018,3075,US,,,NaT,OK,,,READY,,,"TULSA,",NET 30,ADJUVANTS UNLIMITED,+19185831155,,MEDIUM,70,apinvoices@au-iou.com,,,APINVOICES@AU-IOU.COM,PO BOX 3066,Leslie Jackson,,,PO BOX 3066,,ADJUVANTS UNLIMITED,74101,,apinvoices@au-iou.com,,,LESLIE JACKSON,
Airetech,Y,,,N,,2019,3076,US,,,NaT,,,,REVIEW,,,,NET 30,DANIEL MINTON,+14798710048,,LOW,20,,,,,,Daniel Minton,,,,,DANIEL MINTON,,,,,,DANIEL MINTON,
Airetech,Y,72702,FAYETTEVILLE,Y,AR,2020,3077,US,,,NaT,AR,,,READY,,,"Fayetteville,",NET 30,DK DESIGNOMER,+14793206588,,MEDIUM,70,,,00305311-SLS,PO Box: 1423,,Cooper Arnold,,,PO BOX 1423,,DK DESIGN CC CUSTOMER,72702,,,,00305311-SLS,COOPER ARNOLD,
Airetech,Y,71960,NORMAN,Y,AR,2021,3078,US,,,NaT,AR,,,READY,,,Norman,NET 30,CG ROXANNEOMER,+18703342306,,MEDIUM,70,,,,3346 Hwy 8 West,POB 548,,,,PO BOX 548,3346 HWY 8 W,CG ROXANNE CC CUSTOMER,71960,,,,,,
Airetech,Y,72916,BONANZA,Y,AR,2022,3079,US,,,NaT,AR,,,READY,,,BONANZA,NET 30,DAKOTA HIGHLEY'S HEATING & AIR LL,+14794962575,,HIGH,100,,,54703350,718 S HWY 45,,Dakota Highley,,,718 S HWY 45,,DAKOTA HIGHLEY'S HEATING AND AIR LL,72916,,,,54703350,DAKOTA HIGHLEY,
Airetech,Y,66103,KANSAS CITY,Y,KS,2023,3080,US,,,2026-01-09 05:15:59,KS,,,READY,,,"KANSAS CITY,",NET 30,SPEC BUILDING MATERIALS,+14793618988,,HIGH,80,c.noe@speccorp.com,,6288076001,C.NOE@SPECCORP.COM,2840 ROE LN,Chris Noe,,,2840 ROE LN,,SPEC BUILDING MATERIALS,66103,,c.noe@speccorp.com,,6288076001,CHRIS NOE,
Airetech,Y,72903,FORT SMITH,Y,AR,2024,3081,US,,,2026-01-09 05:16:01,AR,,,READY,,,"FORT SMITH,",NET 30,RHEEM MANUFACTURING,+14797392120,,HIGH,80,bill.raggio@rheem.com,,,BILL.RAGGIO@RHEEM.COM,5600 OLD GREENWOOD RD,Bill Raggio,,,5600 OLD GREENWOOD RD,,RHEEM MANUFACTURING,72903,,bill.raggio@rheem.com,,,BILL RAGGIO,
Airetech,Y,74133,TULSA,Y,OK,2025,3082,US,,,2026-01-09 05:16:04,OK,,,READY,,,"TULSA,",,918 UNLIMITED HVAC,+19189511751,,HIGH,80,918unlimitedhvac@gmail.com,,,918UNLIMITEDHVAC@GMAIL.COM,1720 SOUTH MEMORIAL DRIVE,Yizen Shwiyat,,,1720 S MEMORIAL DR,,918 UNLIMITED HVAC,74133,,918unlimitedhvac@gmail.com,,,YIZEN SHWIYAT,
Airetech,Y,72205,LITTLE ROCK,Y,AR,2026,3083,US,,,2026-01-09 05:16:06,AR,,,READY,,,"LITTLE ROCK,",NET 30,ST VINCENT INFIRMARY,+15016804661,,HIGH,80,mark.francis@commonspirit.org,,070044-84-001,MARK.FRANCIS@COMMONSPIRIT.ORG,2 ST. VINCENT CIRCLE,Mark Francis,,,2 ST VINCENT CIR,,ST. VINCENT INFIRMARY,72205,,mark.francis@commonspirit.org,,070044-84-001,MARK FRANCIS,
Airetech,Y,72205,LITTLE ROCK,Y,AR,2027,3084,US,,,2026-01-09 05:16:08,AR,,,READY,,,"LITTLE ROCK,",NET 30,ARKANSAS SCHOOL FOR THE BLIND,+15016033522,,HIGH,80,jamie.priester@ade.arkansas.go,,070111-84-001,JAMIE.PRIESTER@ADE.ARKANSAS.GO,2606 WEST MARKHAM ST,Jamie Priester,,,2606 W MARKHAM ST,,ARKANSAS SCHOOL FOR THE BLIND,72205,,jamie.priester@ade.arkansas.go,,070111-84-001,JAMIE PRIESTER,
Airetech,Y,72501,BATESVILLE,Y,AR,2028,3085,US,,,2026-01-09 05:16:10,AR,,,READY,,,"BATESVILLE,",NET 30,FUTUREFUEL CHEMICAL COMPANY,+18706985337,,HIGH,80,dustinsanders@ffcmail.com,,,DUSTINSANDERS@FFCMAIL.COM,2800 GAP ROAD,Dustin Sanders,,,2800 GAP RD,,FUTUREFUEL CHEMICAL COMPANY,72501,,dustinsanders@ffcmail.com,,,DUSTIN SANDERS,
Airetech,Y,61615,PEORIA,Y,IL,2029,3086,US,,,2026-01-09 05:16:12,IL,,,READY,,,"PEORIA,",NET 30,ADVANCED TECHNOLOGY SERVICES,+18477256456,,HIGH,80,dyanezf@advancedtech.com,,302901-05-001,DYANEZF@ADVANCEDTECH.COM,8201 N UNIVERSITY,Daniel Yanez,,,8201 N UNIVERSITY,,ADVANCED TECHNOLOGY SERVICES,61615,,dyanezf@advancedtech.com,,302901-05-001,DANIEL YANEZ,
Airetech,Y,72046,ENGLAND,Y,AR,2030,3087,US,,,2026-01-09 05:16:14,,,,READY,,,,NET 30,GERNERS ELECTRIC,+15012852481,,HIGH,80,,,,1100 NORTHEAST 1ST STREET,"ENGLAND, AR",Gerner Electric,,,1100 NEAST 1ST ST,,GERNERS ELECTRIC,72046,,,,,GERNER ELECTRIC,
Airetech,Y,72701,FAYETTEVILLE,Y,AR,2031,3088,US,,,2026-01-09 05:16:17,AR,,,READY,,,"FAYETTEVILLE,",NET 30,WHITE RIVER HARDWOODS,+14794426986,,HIGH,80,rgross@whiteriver.com,,045957-72-001,RGROSS@WHITERIVER.COM,1197 S HAPPY HOLLOW RD,Randy Gross,,,1197 S HAPPY HOLLOW RD,,WHITE RIVER HARDWOODS,72701,,rgross@whiteriver.com,,045957-72-001,RANDY GROSS,
Airetech,Y,72765,SPRINGDALE,Y,AR,2032,3089,US,,,2026-01-09 05:16:19,AR,,,READY,,,"SPRINGDALE,",NET 30,KAWNEER COMPANY INC,+19187506359,,HIGH,80,,,00045854-LS,SEE NOTE,600 KAWNEER DRIVE,Traci Clark,,,600 KAWNEER DR,,KAWNEER COMPANY INC,72765,,,,00045854-LS,TRACI CLARK,
Airetech,Y,74939,HODGEN,Y,OK,2033,3091,US,,,NaT,,,,READY,,,,NET 30,JIM E HAMILTON CORRECTIONAL CENTER,+19186537831,,HIGH,100,,,736017987,53468 MINERAL SPRING RD,HODGEN OK,Scott Harriell,,,53468 MINERAL SPRING RD,,JIM E HAMILTON CORRECTIONAL CENTER,74939,,,,736017987,SCOTT HARRIELL,
Airetech,Y,,,Y,,2060,3118,US,,,NaT,,,,REVIEW,,,,NET 30,CHRIS HANLEY,+19188533159,,LOW,20,,,,,,,,,,,CHRIS HANLEY,,,,,,,
Airetech,Y,71801,HOPE,Y,AR,2034,3092,US,,,2026-01-09 05:16:24,AR,,,READY,,,HOPE,NET 30,JOHN CALDWELL,+18703973002,,HIGH,80,sharoncaldwell@me.com,,,SHARONCALDWELL@ME.COM,101 SOUTH MAIN STREET,John Caldwell,,,101 S MAIN ST,,JOHN CALDWELL,71801,,sharoncaldwell@me.com,,,JOHN CALDWELL,
Airetech,Y,72701,FAYETTEVILLE,Y,AR,2035,3093,US,STE 300,,2026-01-09 05:16:26,AR,,,READY,,,FAYETTEVILLE,NET 30,ARTP ENTERPRISE CENTER SPE LLC,,,HIGH,80,,,,535 W RESEARCH CENTER BLVD,SUITE 300,,,,535 W RESEARCH CENTER BLVD,,ARTP ENTERPRISE CENTER SPE LLC,72701,,,,,,
Airetech,Y,74429,COWETA,Y,OK,2036,3094,US,,,NaT,OK,,,READY,,,COWETA,NET 30,ALL AIR CONDITIONING & HEATING,+19184866464,,HIGH,100,all.air@windstream.net,,,ALL.AIR@WINDSTREAM.NET,18506 HIGHWAY 51B,Todd Borszich,,,18506 HWY 51B,,ALL AIR CONDITIONING AND HEATING,74429,,all.air@windstream.net,,,TODD BORSZICH,
Airetech,Y,74014,BROKEN ARROW,Y,OK,2037,3095,US,,,NaT,OK,,,READY,,,BROKEN ARROW,NET 30,BLUE BELL CREAMERIES,+19182585100,,HIGH,100,faith.garman@bluebell.com,,10248039-08,FAITH.GARMAN@BLUEBELL.COM,8201 E HWY 51,Faith Garman,,,8201 E HWY 51,,BLUE BELL CREAMERIES,74014,,faith.garman@bluebell.com,,10248039-08,FAITH GARMAN,
Airetech,Y,72206,LITTLE ROCK,Y,AR,2038,3096,US,,,2026-01-09 05:16:34,AR,,,READY,,,LITTLE ROCK,,SKIPPY,+15012101330,,HIGH,80,krharrison@hormel.com,,,KRHARRISON@HORMEL.COM,8201 FRAZIER PIKE,Kamryn Harrison,,,8201 FRAZIER PIKE,,SKIPPY,72206,,krharrison@hormel.com,,,KAMRYN HARRISON,
Airetech,Y,74133,TULSA,Y,OK,2039,3097,US,,,2026-01-09 05:16:36,OK,,,READY,,,TULSA,NET 30,THOMPSON CONSTRUCTION INC,+19184961000,,HIGH,80,invoices@tciok.com,,,INVOICES@TCIOK.COM,9856 E 82ND,Vickie Calvert,,,9856 E 82ND,,THOMPSON CONSTRUCTION INC,74133,,invoices@tciok.com,,,VICKIE CALVERT,
Airetech,Y,74115,TULSA,Y,OK,2040,3098,US,,,2026-01-09 05:16:38,OK,,,READY,,,TULSA,NET 30,TULSA AIRPORTS IMPROVEMENT TRUST,+19188385000,,HIGH,80,invoices@tulsaairports.com,,10166789-02,INVOICES@TULSAAIRPORTS.COM,7777 AIRPORT DR STE A211,Angela Gulley,,,7777 AIRPORT DR STE A211,,TULSA AIRPORTS IMPROVEMENT TRUST,74115,,invoices@tulsaairports.com,,10166789-02,ANGELA GULLEY,
Airetech,Y,74601,PONCA CITY,Y,OK,2041,3099,US,,,2026-01-09 05:16:40,OK,,,READY,,,PONCA CITY,NET 30,RICK SCOTT CONSTRUCTION,+15807627027,,HIGH,80,,,,4303 N PLEASANT VIEW RD,,Kristi Anderson,,,4303 N PLEASANT VIEW RD,,RICK SCOTT CONSTRUCTION,74601,,,,,KRISTI ANDERSON,
Airetech,Y,74132,TULSA,Y,OK,2042,3100,US,,,2026-01-09 05:16:42,OK,,,READY,,,TULSA,NET 30,HOLLY MECHANICAL SERVICE,+19186508963,,HIGH,80,hollymechanical@gmail.com,,,HOLLYMECHANICAL@GMAIL.COM,8448 S PEORIA AVE  SUITE H,Michael Holly,,,8448 S PEORIA AVE STE H,,HOLLY MECHANICAL SERVICE,74132,,hollymechanical@gmail.com,,,MICHAEL HOLLY,
Airetech,Y,71901,HOT SPRINGS,Y,AR,2043,3101,US,,,NaT,AR,,,READY,,,HOT SPRINGS,NET 30,US VANADIUM BENTON LLC,+15012621270,,HIGH,100,ap@usvanadium.com,,,AP@USVANADIUM.COM,4285 MALVERN ROAD,Mark Smith,,,4285 MALVERN RD,,US VANADIUM BENTON LLC,71901,,ap@usvanadium.com,,,MARK SMITH,
Airetech,Y,72223,LITTLE ROCK,Y,AR,2044,3102,US,,,2026-01-09 05:16:46,AR,,,READY,,,LITTLE ROCK,NET 30,CRAIN AUTOMOTIVE,+14694002303,,HIGH,80,hanksandusky@crainteam.net,,,HANKSANDUSKY@CRAINTEAM.NET,1 CHENAL VILLAGE CIRCLE,Hank Sandusky,,,1 CHENAL VILLAGE CIR,,CRAIN AUTOMOTIVE,72223,,hanksandusky@crainteam.net,,,HANK SANDUSKY,
Airetech,Y,72774,WEST,Y,AR,2045,3103,US,,,2026-01-09 05:16:48,,,,READY,,,,NET 30,GENE KORDSMEIER,+14798714550,,HIGH,80,,,,13405 DURANGO RD,WEST FORK AR,Gene Kordsmeier,,,13405 DURANGO RD,,GENE KORDSMEIER,72774,,,,,GENE KORDSMEIER,
Airetech,Y,77380,THE WOODLANDS,Y,TX,2046,3104,US,,,NaT,TX,,,READY,,,THE WOODLANDS,,ET ENVIRONMENTAL CORPORATION,+18329950515,,HIGH,100,cmccormick@etenv.com,,,CMCCORMICK@ETENV.COM,200 VALLEYWOOD DR STE A500,Chantel Mccormick,,,200 VALLEYWOOD DR STE A500,,ET ENVIRONMENTAL CORPORATION,77380,,cmccormick@etenv.com,,,CHANTEL MCCORMICK,
Airetech,Y,,,Y,,2047,3105,US,,,NaT,,,,REVIEW,,,,,MATT BUTLER,+19188050983,,LOW,20,wmbutler15@gmail.com,,,WMBUTLER15@GMAIL.COM,,Matt Butler,,,,,MATT BUTLER,,,wmbutler15@gmail.com,,,MATT BUTLER,
Airetech,Y,74037,JENKS,Y,OK,2048,3106,US,,,2026-01-09 05:16:55,OK,,,READY,,,JENKS,UPON RECEIPT,KBI CONSTRUCTION,+19182980600,,HIGH,80,accounting@kbisolutions.com,,,ACCOUNTING@KBISOLUTIONS.COM,1999 N BIRCH STREET,Debbie Sittler,,,1999 N BIRCH ST,,KBI CONSTRUCTION,74037,,accounting@kbisolutions.com,,,DEBBIE SITTLER,
Airetech,Y,,,Y,,2125,3186,US,,,NaT,,,,REVIEW,,,,NET 30,JUAN CARLOS LEON,+15016471314,,LOW,20,,,,,,Juan Carlos Leon,,000-000-0000,,,JUAN CARLOS LEON,,,,,,JUAN CARLOS LEON,
Airetech,Y,74354,MIAMI,Y,OK,2049,3107,US,,,NaT,OK,+19185427160,,READY,,,MIAMI,,BUFFALO RUN CASINO & RESORT,+19185427140,,HIGH,100,accounting@buffalorun.com,,FEI 731178175,ACCOUNTING@BUFFALORUN.COM,1000 BUFFALO RUN BLVD,Linda Hausman,,918-542-7160,1000 BUFFALO RUN BLVD,,BUFFALO RUN CASINO AND RESORT,74354,,accounting@buffalorun.com,,FEI 731178175,LINDA HAUSMAN,
Airetech,Y,72712,BENTONVILLE,Y,AR,2050,3108,US,,,2026-01-09 05:16:59,AR,,,READY,,,BENTONVILLE,NET 30,ONECON,+14792121893,,HIGH,80,jackson@one-con.com,,,JACKSON@ONE-CON.COM,2401 SE C STREET,Jackson Bird,,,2401 SE C ST,,ONECON,72712,,jackson@one-con.com,,,JACKSON BIRD,
Airetech,Y,72212,LITTLE ROCK,Y,AR,2051,3109,US,,,2026-01-09 05:17:01,AR,,,READY,,,LITTLE ROCK,NET 30,ROBERT TANNER,+15012282200,,HIGH,80,rtanner48@gmail.com,,,RTANNER48@GMAIL.COM,3010 PAINTED VALLEY DRIVE,Robert Tanner,,,3010 PAINTED VALLEY DR,,ROBERT TANNER,72212,,rtanner48@gmail.com,,,ROBERT TANNER,
Airetech,Y,72018,BENTON,Y,AR,2052,3110,US,,,NaT,,,,READY,,,,,NORTHSIDE HEATING & COOLING,+15017787144,,MEDIUM,70,,,148621-62-001,PO BOX 1236,BENTON AR,Daniel Nalley,,,PO BOX 1236,,NORTHSIDE HEATING AND COOLING,72018,,,,148621-62-001,DANIEL NALLEY,
Airetech,Y,72032,CONWAY,Y,AR,2053,3111,US,,,NaT,AR,+15013293999,,READY,,,CONWAY,NET 30,WINSUPPLY CONWAY AR CO,+15013297172,,HIGH,100,apcentral@winsupplyinc.com,,00154958-SLS,APCENTRAL@WINSUPPLYINC.COM,555 COMMERCE AVE,Tammy Rivas,,501-329-3999,555 COMMERCE AVE,,WINSUPPLY CONWAY AR CO,72032,,apcentral@winsupplyinc.com,,00154958-SLS,TAMMY RIVAS,
Airetech,Y,71730,EL DORADO,Y,AR,2054,3112,US,,,2026-01-09 05:17:06,AR,,,READY,,,EL DORADO,NET 30,SYSTEMS PLANT SERVICES,+18708621315,,HIGH,80,apinvoices@tsg.bz,,00049846-SLS,APINVOICES@TSG.BZ,214 NORTH WASHINGTON SUITE 700,Jennifer Suchomelly,,,214 N WASHINGTON STE 700,,SYSTEMS PLANT SERVICES,71730,,apinvoices@tsg.bz,,00049846-SLS,JENNIFER SUCHOMELLY,
Airetech,Y,74135,TULSA,Y,OK,2055,3113,US,,,2026-01-09 05:17:09,OK,,,READY,,,TULSA,NET 30,BOK FINANCIAL OPERATIONS CENTER,+19188533159,,HIGH,80,chanley@bokf.com,,,CHANLEY@BOKF.COM,6242 E 41ST STREET,Chris Hanley,,,6242 E 41ST ST,,BOK FINANCIAL OPERATIONS CENTER,74135,,chanley@bokf.com,,,CHRIS HANLEY,
Airetech,Y,,,N,,2056,3114,US,,,NaT,,,,REVIEW,,,,NET 30,JAY LOCKRIDGE,,,LOW,20,,,,,,,,,,,JAY LOCKRIDGE,,,,,,,
Airetech,Y,85345,PEORIA,N,AZ,2057,3115,US,,,2026-01-09 05:17:13,,,,READY,,,,,VIC'S REFRIGERATION,,,HIGH,80,,,,8139 N 83RD AVE,PEORIA AZ,,,,8139 N 83RD AVE,,VIC'S REFRIGERATION,85345,,,,,,
Airetech,Y,,,N,,2058,3116,US,,,NaT,,,,REVIEW,,,,,DANLEY ELECTRICAL SERVICES,+19188293230,,LOW,20,,,,CC CUSTOMER,,Chris Danley,,,,,DANLEY ELECTRICAL SERVICES,,,,,,CHRIS DANLEY,
Airetech,Y,74145,TULSA,Y,OK,2059,3117,US,,,2026-01-09 05:17:17,,,,READY,,,,NET 30,ALERT PLUMBING HEAT & AIR,+19186945865,,HIGH,80,,,,3975 S. SHERIDAN RD,TULSA OK,Rodney Earnest,,,3975 S SHERIDAN RD,,ALERT PLUMBING HEAT AND AIR,74145,,,,,RODNEY EARNEST,
Airetech,Y,07004,FAIRFIELD,Y,NJ,2061,3119,US,,,NaT,,,,READY,,,,,WELKER / CLIMCO MECHANICAL,+15014142573,,HIGH,100,,,,26 LAW DRIVE SECTION E,FAIRFIELD NJ 07004,Accounts Payables,,,26 LAW DR SECTION E,,WELKER / CLIMCO MECHANICAL,66007,,,,,ACCOUNTS PAYABLES,
Airetech,Y,,,Y,,2062,3120,US,,,NaT,,,,REVIEW,,,,NET 30,ANISH HOTEL GROUP,+19182319373,,LOW,20,anish@anishhotels.com,,,ANISH@ANISHHOTELS.COM,,Anish Patel,,,,,ANISH HOTEL GROUP,,,anish@anishhotels.com,,,ANISH PATEL,
Airetech,Y,,BIXBY,N,OK,2063,3121,US,,,2026-01-09 05:17:25,OK,,,READY,,,BIXBY,NET 30,JJL,+12146084582,,HIGH,75.67,,,,DEANGELO ANDERSON,,Deangelo Anderson,,,74008 UNITED STATES,,JJL,,,,,,DEANGELO ANDERSON,
Airetech,Y,72745,LOWELL,Y,AR,2064,3123,US,,,NaT,AR,,,READY,,,LOWELL,NET 30,CRITERION ENERGY LLC,+14792836198,,MEDIUM,70,criterioninvoices@yahoo.com,,55412546-SLS,CRITERIONINVOICES@YAHOO.COM,PO BOX 2162,Peter Thrush,,,PO BOX 2162,,CRITERION ENERGY LLC,72745,,criterioninvoices@yahoo.com,,55412546-SLS,PETER THRUSH,
Airetech,Y,72002,ALEXANDER,Y,AR,2065,3124,US,,,NaT,AR,,,READY,,,ALEXANDER,30,EPIC TECHNICIANS HVAC LLC,+15019045028,,HIGH,100,,,70868719-001,6115 STARGATE COVE,,Marian Hunter,,,6115 STARGATE COVE,,EPIC TECHNICIANS HVAC LLC,72002,,,,70868719-001,MARIAN HUNTER,
Airetech,Y,73145,OKLAHOMA CITY,Y,OK,2066,3125,US,,,2026-01-09 05:17:29,OK,,,READY,,,"OKLAHOMA CITY,",,HONEYWELL,+14058205486,,HIGH,80,,,19768,3001 STAFF DRIVE,,Kimberlee Judy,,,3001 STAFF DR,,HONEYWELL,73145,,,,19768,KIMBERLEE JUDY,
Airetech,Y,30047,LILBURN,Y,GA,2067,3126,US,,,NaT,,,,READY,,,,NET 30,SEA HORSE DEFENSE SUPPLY LLC,+16784673246,,HIGH,100,,,308614185,4536 BIG ORANGE PASS SW,LILBURN GA,Tuza,,,4536 BIG ORANGE PASS SW,,SEA HORSE DEFENSE SUPPLY LLC,30047,,,,308614185,TUZA,
Airetech,Y,72203,LITTLE ROCK,Y,AR,2068,3127,US,,,NaT,,,,READY,,,,NET 30,8114 CANTRELL LLC,+15013726161,,MEDIUM,70,,,,PO BOX 3546,LITTLE ROCK AR 72203,Teresa Kreis,,,PO BOX 3546,,8114 CANTRELL LLC C/O COLLIERS AR,,,,,,TERESA KREIS,
Airetech,Y,72602,HARRISON,Y,AR,2069,3128,US,,,NaT,AR,,,READY,,,HARRISON,NET 30,CITY OF HARRISON HARRISON FIRE DPT,+18703659031,,MEDIUM,70,tketchum@harrisonar.gov,,,TKETCHUM@HARRISONAR.GOV,PO BOX 1715,Dc Thanh Ketchum,,,PO BOX 1715,,CITY OF HARRISON  HARRISON FIRE DPT,72602,,tketchum@harrisonar.gov,,,D.C. THANH KETCHUM,
Airetech,Y,74108,TULSA,Y,OK,2070,3129,US,,,2026-01-09 05:17:33,OK,,,READY,,,TULSA,NET 30,CROSSLAND CONSTRUCTION COMPANY,+19189784438,,HIGH,80,tcruz@crossland.com,,,TCRUZ@CROSSLAND.COM,420 S 145TH E AVE SUITE K,Tony Cruz,,,420 S 145TH E AVE STE K,,CROSSLAND CONSTRUCTION COMPANY,74108,,tcruz@crossland.com,,,TONY CRUZ,
Airetech,Y,68138,OMAHA,Y,NE,2071,3130,US,,,2026-01-09 05:17:35,NE,+14025920065,,READY,,,OMAHA,NET 30,MECHANICAL SALES MIDWEST INC,+14025379247,,HIGH,80,apinvoice@mechsales.com,,54840907-SLS,APINVOICE@MECHSALES.COM,7222 S 142ND STREET,Kristi Trinkle,,402-592-0065,7222 S 142ND ST,,MECHANICAL SALES MIDWEST INC,68138,,apinvoice@mechsales.com,,54840907-SLS,KRISTI TRINKLE,
Airetech,Y,74135,TULSA,Y,OK,2072,3131,US,,,2026-01-09 05:17:37,OK,,,READY,,,TULSA,NET 30,BERT'S MECHANICAL INC,+19189387099,,HIGH,80,ted@bertsmechanical.com,,,TED@BERTSMECHANICAL.COM,3701 A S HARVARD AVE #324,Ted Lanye,,,3701 A S HARVARD AVE #324,,BERT'S MECHANICAL INC,74135,,ted@bertsmechanical.com,,,TED LANYE,
Airetech,Y,65802,SPRINGFIELD,Y,MO,2073,3132,US,,,2026-01-09 05:17:40,,,,READY,,,,NET 30,FIELDS MECHANICAL SYSTEMS INC,+14178819650,,HIGH,80,,,19348495,1964 E CHESTNUT EXPRESSWAY,SPRINGFIELD MO,Dorina Macsek,,,1964 E CHESTNUT EXPRESSWAY,,FIELDS MECHANICAL SYSTEMS INC,65802,,,,19348495,DORINA MACSEK,
Airetech,Y,74116,TULSA,Y,OK,2074,3133,US,,,2026-01-09 05:17:43,OK,,,READY,,,TULSA,NET 30,NIXON POWER,+19189606006,,HIGH,80,ahackett@nixonpower.com,,,AHACKETT@NIXONPOWER.COM,1111 N 105TH E AVE,Andy Hackett,,,1111 N 105TH E AVE,,NIXON POWER,74116,,ahackett@nixonpower.com,,,ANDY HACKETT,
Airetech,Y,72035,CONWAY,Y,AR,2075,3134,US,PHYSICAL PLANT WHS - J DAVIS,,2026-01-09 05:17:46,AR,,,READY,,,CONWAY,NET 30,UNIVERSITY OF CENTRAL ARKANSAS,+15014503610,,HIGH,80,,,,PHYSICAL PLANT WHS - J DAVIS,201 DONAGHEY,Andy Anderson,,,201 DONAGHEY,,UNIVERSITY OF CENTRAL ARKANSAS,72035,,,,,ANDY ANDERSON,
Airetech,Y,72113,NORTH LITTLE ROCK,Y,AR,2076,3135,US,,,2026-01-09 05:17:48,,,,READY,,,,NET 30,KEET O'GARY CONSTRUCTION LLC,+15018123343,,HIGH,80,,,,7324 COCK OF THE WALK LANE,NORTH LITTLE ROCK AR,Connie O'Gary,,,7324 COCK OF THE WALK LN,,"KEET O'GARY CONSTRUCTION, LLC",72113,,,,,CONNIE O'GARY,
Airetech,Y,74137,TULSA,Y,OK,2077,3136,US,,,2026-01-09 05:17:50,,,,READY,,,,NET 30,PINNACLE HEAT & AIR,+19184815380,,HIGH,80,,,,8801 S YALE AVE SUITE 550,TULSA OK,Jacquelyn Crawford,,,8801 S YALE AVE STE 550,,PINNACLE HEAT & AIR,74137,,,,,JACQUELYN CRAWFORD,
Airetech,Y,74132,TULSA,Y,OK,2078,3137,US,,,2026-01-09 05:17:52,OK,+19188352288,,READY,,,TULSA,NET 30,FRONTIER REFRIGERATION LLC,+19188353279,,HIGH,80,ap@frontierrefrigeration.com,,,AP@FRONTIERREFRIGERATION.COM,6510 S 39TH W AVE,Tommy Ganem,,918-835-2288,6510 S 39TH W AVE,,FRONTIER REFRIGERATION LLC,74132,,ap@frontierrefrigeration.com,,,TOMMY GANEM,
Airetech,Y,72207,LITTLE ROCK,Y,AR,2079,3138,US,,,2026-01-09 05:17:54,AR,+15012141451,,READY,,,LITTLE ROCK,UPON RECEIPT,LROCK RX,+15012141444,,HIGH,80,mcole@lrockrx.com,,,MCOLE@LROCKRX.COM,7321 CANTRELL ROAD,Mike Cole,,501-214-1451,7321 CANTRELL RD,,LROCK RX,72207,,mcole@lrockrx.com,,,MIKE COLE,
Airetech,Y,74010,BRISTOW,Y,OK,2080,3139,US,,,NaT,OK,,,READY,,,BRISTOW,NET 30,GRAVITAS SERVICES LLC,+19187712396,,HIGH,100,ap@gravitasok.com,,,AP@GRAVITASOK.COM,45626 W HIGHWAY 16,Aspen Perry,,,45626 W HWY 16,,GRAVITAS SERVICES LLC,74010,,ap@gravitasok.com,,,ASPEN PERRY,
Airetech,Y,72917,FORT,Y,AR,2081,3140,US,,,NaT,,+14797858927,,READY,,,,,ABF FREIGHT SYSTEM INC,+14797858700,,MEDIUM,70,,,,PO BOX 10048,FORT SMITH AR,Daniel Goines,,479-785-8927,PO BOX 10048,,ABF FREIGHT SYSTEM INC,72917,,,,,DANIEL GOINES,
Airetech,Y,,,Y,,2178,3239,US,,,NaT,,,,REVIEW,,,,NET 30,TAD HANKINS,+15015391742,,LOW,20,tad@comfortar.com,,,TAD@COMFORTAR.COM,,Tad Hankins,,,,,TAD HANKINS,,,tad@comfortar.com,,,TAD HANKINS,
Airetech,Y,72740,HUNTSVILLE,Y,AR,2082,3141,US,,,NaT,AR,,,READY,,,HUNTSVILLE,NET 30,TRINITY AIR CONDITIONING & REFRIG,+14793251075,,MEDIUM,70,jmftrinityairoffice@gmail.com,,,JMFTRINITYAIROFFICE@GMAIL.COM,PO BOX G,Chris Fryar Sr,,,PO BOX G,,TRINITY AIR CONDITIONING & REFRIG,72740,,jmftrinityairoffice@gmail.com,,,CHRIS FRYAR SR.,
Airetech,Y,32403,PANAMA CITY,Y,FL,2083,3142,US,TYNDALL AFB,,NaT,FL,,,READY,,,PANAMA CITY,NET 30,4K / ACC CONSTRUCTION,+18002924704,,HIGH,100,,,,400 FUELS AVENUE,TYNDALL AFB,Denise Reed,,,400 FUELS AVE,,4K / ACC CONSTRUCTION,32403,,,,,DENISE REED,
Airetech,Y,72205,LITTLE ROCK,Y,AR,2084,3143,US,,,2026-01-09 05:18:01,AR,+15016822722,,READY,,,LITTLE ROCK,NET 30,ARKANSAS SCHOOL FOR THE DEAF,+15012468180,,HIGH,80,deana.hilpert@ade.arkansas.gov,,070112-84-001,DEANA.HILPERT@ADE.ARKANSAS.GOV,2400 WEST MARKHAM ST,Deana Hilpert,,501-682-2722,2400 W MARKHAM ST,,ARKANSAS SCHOOL FOR THE DEAF,72205,,deana.hilpert@ade.arkansas.gov,,070112-84-001,DEANA HILPERT,
Airetech,Y,72202,LITTLE ROCK,Y,AR,2085,3144,US,STE 210,,2026-01-09 05:18:04,AR,,,READY,,,LITTLE ROCK,NET 30,BUFFALO BUILDERS LLC,+15013010311,,HIGH,80,,,,100 RIVER BLUFF DRIVE,SUITE 210,Kayla Mayes,,,100 RIVER BLUFF DR,,BUFFALO BUILDERS LLC,72202,,,,,KAYLA MAYES,
Airetech,Y,74103,TULSA,Y,OK,2086,3145,US,,,2026-01-09 05:18:07,OK,,,READY,,,TULSA,,BEDROCK CONSTRUCTION LLC,+19182691818,,HIGH,80,,,,CC CUSTOMER,405 N MAIN ST UNIT 6E,Simon Pollack,,,405 N MAIN ST UNIT 6E,,BEDROCK CONSTRUCTION LLC,74103,,,,,SIMON POLLACK,
Airetech,Y,74146,TULSA,Y,OK,2087,3146,US,,,2026-01-09 05:18:09,,,,READY,,,,,MCA DRYWALL LLC,,,HIGH,80,,,,4337 S 102ND EAST AVE,TULSA OK,Alberto Macario,,,4337 S 102ND E AVE,,MCA DRYWALL LLC,74146,,,,,ALBERTO MACARIO,
Airetech,Y,72118,NLR,Y,AR,2088,3147,US,,,NaT,,,,READY,,,,NET 30,SANDERS SERVICES,+15015997178,,HIGH,100,,,,4721 HILLARD RD,NLR AR,Mason,,,4721 HILLARD RD,,SANDERS SERVICES,72118,,,,,MASON,
Airetech,Y,72764,SPRINGDALE,Y,AR,2089,3148,US,,,2026-01-09 05:18:13,,,,READY,,,,,HI-TECH AC SERVICES LLC,+14795211610,,HIGH,80,,,54526583-SLS,1533 E EMMA AVE,SPRINGDALE AR,John Ball,,,1533 E EMMA AVE,,HI-TECH AC SERVICES LLC,72764,,,,54526583-SLS,JOHN BALL,
Airetech,Y,72901,FORT SMITH,N,AR,2090,3149,US,,,2026-01-09 05:18:15,,,,REVIEW,,,,NET 30,4200 JENNY LIND LLC,+14794146989,,LOW,84,,,,FORT SMITH AR,,Marc,,,,,4200 JENNY LIND LLC,72901,,,,,MARC,
Airetech,Y,73104-3603,OKLAHOMA CITY,Y,OK,2091,3150,US,,,2026-01-09 05:18:17,OK,+14052259250,,READY,,,"OKLAHOMA CITY,",,OKLAHOMA STATE REGENTS FOR HIGHER,+14052259444,,HIGH,80,,,14382446-02,DBA ONENET,"655 RESEARCH PARKWAY, STE 200",Norma Mccann,,405-225-9250,655 RESEARCH PKWY STE 200,,OKLAHOMA STATE REGENTS FOR HIGHER,73104-3603,,,,14382446-02,NORMA MCCANN,
Airetech,Y,76140,FORT,Y,TX,2092,3151,US,,,NaT,,+18172931797,,READY,,,,NET 30,WILLIAMS AIR CONDITIONING & HEATING,+18172931838,,MEDIUM,70,,,,PO BOX 40563,FORT WORTH TX,Joann,,817-293-1797,PO BOX 40563,,WILLIAMS AIR CONDITIONING & HEATING,76140,,,,,JOANN,
Airetech,Y,11209,BROOKLYN,Y,NY,2093,3152,US,,,2026-01-09 05:18:19,NY,,,READY,,,BROOKLYN,NET 30,NJ GENERAL CONTRACTING INC,+17187488520,,HIGH,80,njconstruct@aol.com,,,NJCONSTRUCT@AOL.COM,88 76TH STREET,Nick Pantazis,,,88 76TH ST,,NJ GENERAL CONTRACTING INC,11209,,njconstruct@aol.com,,,NICK PANTAZIS,
Airetech,Y,72762,SPRINGDALE,Y,AR,2094,3153,US,,,2026-01-09 05:18:21,AR,,,READY,,,"SPRINGDALE,",NET 30,SSI INCORPORATED OF NW ARKANSAS,+14793615857,,HIGH,80,accounting@ssiofnwa.com,,,ACCOUNTING@SSIOFNWA.COM,400 JEAN MARY AVE,Mae Walsh,,,400 JEAN MARY AVE,,SSI INCORPORATED OF NW ARKANSAS,72762,,accounting@ssiofnwa.com,,,MAE WALSH,
Airetech,Y,74017,CLAREMORE,Y,OK,2095,3154,US,,,NaT,OK,,,READY,,,"CLAREMORE,",NET 30,EFFICIENT ENERGY SOLUTIONS LLC,+19183132631,,MEDIUM,70,kimberlyeeshvac@gmail.com,,,KIMBERLYEESHVAC@GMAIL.COM,PO BOX 554,Kimberly Shugart,,,PO BOX 554,,"EFFICIENT ENERGY SOLUTIONS, LLC",74017,,kimberlyeeshvac@gmail.com,,,KIMBERLY SHUGART,
Airetech,Y,72201,LITTLE ROCK,Y,AR,2096,3155,US,,,2026-01-09 05:18:23,,,,READY,,,,,LITTLE ROCK SCHOOL DISTRICT,+15014471000,,HIGH,80,,,,810 W MARKHAM,"LITTLE ROCK, AR",Travis Woods,,,810 W MARKHAM,,LITTLE ROCK SCHOOL DISTRICT,72201,,,,,TRAVIS WOODS,
Airetech,Y,71744,HAMPTON,Y,AR,2097,3156,US,,,NaT,AR,,,READY,,,"HAMPTON,",NET 30,ICOR CONSTRUCTION LLC,+18707983966,,HIGH,100,lisa@icorconstruction.com,,81810115-001,LISA@ICORCONSTRUCTION.COM,918 SOUTH LEE STREET,Lisa Welch,,,918 S LEE ST,,"ICOR CONSTRUCTION, LLC",71744,,lisa@icorconstruction.com,,81810115-001,LISA WELCH,
Airetech,Y,74464,TAHLEQUAH,Y,OK,2098,3157,US,,,2026-01-09 05:18:27,OK,,,READY,,,"TAHLEQUAH,",,WELLING SERVICE COMPANY LLC,+19189317298,,HIGH,80,will@wellingservice.com,,10158134-05,WILL@WELLINGSERVICE.COM,1013 S COLLEGE AVE,Will Peterson,,,1013 S COLLEGE AVE,,WELLING SERVICE COMPANY LLC,74464,,will@wellingservice.com,,10158134-05,WILL PETERSON,
Airetech,Y,72202,LITTLE ROCK,Y,AR,2099,3158,US,,,2026-01-09 05:18:30,AR,,,READY,,,"LITTLE ROCK,",NET 30,LLI DEVELOPMENT,+15012039350,,HIGH,80,contact@llidevelopment.com,,,CONTACT@LLIDEVELOPMENT.COM,2121 W 16TH STREET,Lydia Page,,,2121 W 16TH ST,,LLI DEVELOPMENT,72202,,contact@llidevelopment.com,,,LYDIA PAGE,
Airetech,Y,,,N,,2100,3159,US,,,NaT,,,,REVIEW,,,,,BERNER COMMISSION,,,LOW,20,,,COMMISSION,,,,,,,,BERNER COMMISSION,,,,,COMMISSION,,
Airetech,Y,72113,MAUMELLE,Y,AR,2101,3161,US,,,2026-01-09 05:18:33,,+15018039742,,READY,,,,NET 30,ACADEMICS PLUS CHARTER SCHOOLS INC,+15018039730,,HIGH,80,,,,600 EDGEWOOD DRIVE,MAUMELLE AR,Kim Martin,,501-803-9742,600 EDGEWOOD DR,,ACADEMICS PLUS CHARTER SCHOOLS INC,72113,,,,,KIM MARTIN,
Airetech,Y,39056,CLINTON,Y,MS,2102,3162,US,,,2026-01-09 05:18:35,MS,,,READY,,,CLINTON,NET 30,MCINTIRE MANAGEMENT GROUP,+16013170340,,HIGH,80,andy@mmgonline.net,,,ANDY@MMGONLINE.NET,1331 CYNTHIA RD,Andy Brown,,,1331 CYNTHIA RD,,MCINTIRE MANAGEMENT GROUP,39056,,andy@mmgonline.net,,,ANDY BROWN,
Airetech,Y,,,Y,,2103,3163,US,,,NaT,,,,REVIEW,,,,NET 30,SCOTT ZEMKE,+14794096126,,LOW,20,scott.zemke@nwcontrols.com,,,SCOTT.ZEMKE@NWCONTROLS.COM,,Scott Zemke,,,,,SCOTT ZEMKE,,,scott.zemke@nwcontrols.com,,,SCOTT ZEMKE,
Airetech,Y,74074,STILLWATER,Y,OK,2104,3164,US,,,2026-01-09 05:18:40,,,,READY,,,,NET 30,STARKS PRO MECHANICAL,+14053727300,,HIGH,80,,,,213 S MAIN ST,"STILLWATER, OK",,,000-000-000,213 S MAIN ST,,STARKS PRO MECHANICAL,74074,,,,,,
Airetech,Y,72113,NORTH LITTLE ROCK,Y,AR,2105,3165,US,,,2026-01-09 05:18:42,AR,,,READY,,,"NORTH LITTLE ROCK,",NET 30,AIRCO SERVICE - CENTRAL ARKANSAS,+15012610683,,HIGH,80,ccampbell@aircoservice.com,,80685727-SLS,CCAMPBELL@AIRCOSERVICE.COM,9300 MAUMELLE BLVD,Cory Campbell,,,9300 MAUMELLE BLVD,,AIRCO SERVICE - CENTRAL ARKANSAS,72113,,ccampbell@aircoservice.com,,80685727-SLS,CORY CAMPBELL,
Airetech,Y,72104,MALVERN,Y,AR,2106,3166,US,,,NaT,AR,,,READY,,,"MALVERN,",NET 30,CITY OF MALVERN,+15013327613,,HIGH,100,kpierce@malvernar.gov,,,KPIERCE@MALVERNAR.GOV,120 W THIRD ST,Kim Pierce,,,120 W THIRD ST,,CITY OF MALVERN,72104,,kpierce@malvernar.gov,,,KIM PIERCE,
Airetech,Y,72764,SPRINGDALE,Y,AR,2107,3167,US,,,2026-01-09 05:18:47,AR,,,READY,,,"SPRINGDALE,",NET 30,SUSAN'S RESTAURANT,+14797511445,,HIGH,80,susansrestaurant@hotmail.com,,,SUSANSRESTAURANT@HOTMAIL.COM,1440 W SUNSET,,,,1440 W SUNSET,,SUSAN'S RESTAURANT,72764,,susansrestaurant@hotmail.com,,,,
Airetech,Y,72601,HARRISON,Y,AR,2108,3168,US,,,2026-01-09 05:18:49,AR,,,READY,,,"HARRISON,",NET 30,MAPLE ESPLANADE,+18702045226,,HIGH,80,telangdon@gmail.com,,,TELANGDON@GMAIL.COM,1400 OLD BERGMAN RD,,,,1400 OLD BERGMAN RD,,MAPLE ESPLANADE,72601,,telangdon@gmail.com,,,,
Airetech,Y,74114,TULSA,Y,OK,2109,3169,US,,,2026-01-09 05:18:51,OK,,,READY,,,"TULSA,",NET 30,AARON COFFRON,+19543698242,,HIGH,80,aaron.coffron@gmail.com,,,AARON.COFFRON@GMAIL.COM,5342 E 28TH ST,Aaron Coffron,,,5342 E 28TH ST,,AARON COFFRON,74114,,aaron.coffron@gmail.com,,,AARON COFFRON,
Airetech,Y,72736,GRAVETTE,Y,AR,2110,3170,US,,,2026-01-09 05:18:53,AR,,,READY,,,"GRAVETTE,",NET 30,BETHEL REPAIR CO,+14797873821,,HIGH,80,bethelco44@gmail.com,,,BETHELCO44@GMAIL.COM,18463 BETHEL RD,Cody Robinson,,,18463 BETHEL RD,,BETHEL REPAIR CO,72736,,bethelco44@gmail.com,,,CODY ROBINSON,
Airetech,Y,74006,BARTLESVILLE,Y,OK,2111,3171,US,,,2026-01-09 05:18:55,,,,READY,,,,,EARNEST HEAT & AIR,+19183353057,,HIGH,80,,,,709 NE WASHINGTON BLVD,"BARTLESVILLE, OK",Kevin Jefferies,,,709 NE WASHINGTON BLVD,,EARNEST HEAT AND AIR,74006,,,,,KEVIN JEFFERIES,
Airetech,Y,72033,CONWAY,Y,AR,2112,3172,US,,,NaT,AR,,,READY,,,"CONWAY,",NET 30,ALFA MGMT CO,+15014727615,,MEDIUM,70,jacastro1086@gmail.com,,,JACASTRO1086@GMAIL.COM,PO BOX 941,Jose Castro,,,PO BOX 941,,ALFA MGMT CO,72033,,jacastro1086@gmail.com,,,JOSE CASTRO,
Airetech,Y,72076,JACKSONVILLE,Y,AR,2113,3173,US,,,NaT,,,,READY,,,,,FIVE STAR AIRBAGS,+15017791255,,HIGH,100,,,,2201 NORTH REDMOND RD,"JACKSONVILLE, AR",Bryan Glaze,,,2201 N REDMOND RD,,FIVE STAR AIRBAGS,72076,,,,,BRYAN GLAZE,
Airetech,Y,74136,TULSA,Y,OK,2114,3174,US,,,2026-01-09 05:19:01,OK,,,READY,,,TULSA,NET 30,GCM NWA LLC,+19182360182,,HIGH,80,lshadid@gcmwealth.com,,,LSHADID@GCMWEALTH.COM,7304 S YALE AVE,Lynell Shadid,,,7304 S YALE AVE,,GCM NWA LLC,74136,,lshadid@gcmwealth.com,,,LYNELL SHADID,
Airetech,Y,74571,TALIHINA,Y,OK,2115,3175,US,,,NaT,OK,,,READY,,,TALIHINA,NET 30,S2O CONTRACTING LLC,+19184706914,,HIGH,100,jessica@s2ollc.com,,16056625-04,JESSICA@S2OLLC.COM,6200 SE 230TH RD,Jessica Shaw,,,6200 SE 230TH RD,,S2O CONTRACTING LLC,74571,,jessica@s2ollc.com,,16056625-04,JESSICA SHAW,
Airetech,Y,72745,LOWELL,Y,AR,2116,3176,US,,,NaT,AR,,,READY,,,LOWELL,NET 30,ASSEFF ENTERPRISES,+14793185362,,MEDIUM,70,michaelhancox01@gmail.com,,,MICHAELHANCOX01@GMAIL.COM,PO BOX 2276,Michael Hancox,,,PO BOX 2276,,ASSEFF ENTERPRISES,72745,,michaelhancox01@gmail.com,,,MICHAEL HANCOX,
Airetech,Y,23462,VIRGINIA BEACH,Y,VA,2117,3177,US,,,2026-01-09 05:19:05,VA,,,READY,,,VIRGINIA BEACH,NET 30,CMM SHEET METAL & HVAC,+17573007421,,HIGH,80,claudiam@cmmsheetmetalac.com,,,CLAUDIAM@CMMSHEETMETALAC.COM,5821 ARROWHEAD DR SUITE 102,Claudia Morales,,,5821 ARROWHEAD DR STE 102,,CMM SHEET METAL AND HVAC,23462,,claudiam@cmmsheetmetalac.com,,,CLAUDIA MORALES,
Airetech,Y,74354,MIAMI,Y,OK,2118,3178,US,,,2026-01-09 05:19:07,OK,,,READY,,,MIAMI,NET 30,HK ELECTRIC,+19185335251,,HIGH,80,hkelectric@live.com,,,HKELECTRIC@LIVE.COM,510 E CENTRAL AVE,,,,510 E CENTRAL AVE,,HK ELECTRIC,74354,,hkelectric@live.com,,,,
Airetech,Y,71902,HOT SPRINGS,Y,AR,2119,3179,US,,,NaT,AR,,,READY,,,HOT SPRINGS,NET 30,FALK SUPPLY COMPANY,+15013211231,,MEDIUM,70,apelt@falksupply.com,,0016312-78,APELT@FALKSUPPLY.COM,PO BOX 1329,Angela Pelt,,,PO BOX 1329,,FALK SUPPLY COMPANY,71902,,apelt@falksupply.com,,0016312-78,ANGELA PELT,
Airetech,Y,72204,LITTLE ROCK,Y,AR,2120,3180,US,,,2026-01-09 05:19:09,AR,,,READY,,,LITTLE ROCK,NET 30,U OF A DIVISION OF AGRICULTURE,+18706730121,,HIGH,80,accountspayable@uada.edu,,,ACCOUNTSPAYABLE@UADA.EDU,2301 S UNIVERSITY AVE,Meg Haney,,,2301 S UNIVERSITY AVE,,U OF A DIVISION OF AGRICULTURE,72204,,accountspayable@uada.edu,,,MEG HANEY,
Airetech,Y,74145-1119,TULSA,Y,OK,2121,3181,US,,,2026-01-09 05:19:12,OK,,,READY,,,TULSA,NET 30,COMMUNITY HIGHER ED INSTITUTE,+19186100027,,HIGH,80,thorn@communitycarecollege.edu,,14363111-08,THORN@COMMUNITYCARECOLLEGE.EDU,4242 S SHERIDAN,,,,4242 S SHERIDAN,,COMMUNITY HIGHER ED INSTITUTE,74145-1119,,thorn@communitycarecollege.edu,,14363111-08,,
Airetech,Y,72745,LOWELL,Y,AR,2122,3182,US,,,2026-01-09 05:19:14,AR,,,READY,,,LOWELL,NET 30,TRIPHARMA INC,+14797876020,,HIGH,80,levi@naturalsolutionlabs.com,,267526-78,LEVI@NATURALSOLUTIONLABS.COM,114 HARRISON AVE,John Lykins,,,114 HARRISON AVE,,TRIPHARMA INC,72745,,levi@naturalsolutionlabs.com,,267526-78,JOHN LYKINS,
Airetech,Y,74119,TULSA,N,OK,2123,3184,US,,,2026-01-09 05:19:16,,,,READY,,,,NET 30,TULSA COUNTY,+19185965714,,HIGH,80,,,,218 W 6TH ST,TULSA OK,,,,218 W 6TH ST,,TULSA COUNTY,74119,,,,,,
Airetech,Y,71901,HOT SPRINGS,Y,AR,2124,3185,US,,,2026-01-09 05:19:19,AR,,,READY,,,HOT SPRINGS,NET 30,PRAETZEL CULINARY ARTS,+15015968800,,HIGH,80,generalmanager@vault723.net,,,GENERALMANAGER@VAULT723.NET,723 CENTRAL AVE,,,,723 CENTRAL AVE,,PRAETZEL CULINARY ARTS,71901,,generalmanager@vault723.net,,,,
Airetech,Y,72401,JONESBORO,Y,AR,2126,3187,US,,,NaT,,+18709339952,,READY,,,,NET 30,NIGHTINGALE MECHANICAL LLC,+18709331200,,HIGH,100,,,76864028-SLS,781 COUNTY RD 905,JONESBORO AR,Rosalind Highfill,,870-933-9952,781 COUNTY RD 905,,NIGHTINGALE MECHANICAL LLC,72401,,,,76864028-SLS,ROSALIND HIGHFILL,
Airetech,Y,72002,ALEXANDER,Y,AR,2127,3188,US,,,NaT,AR,,,READY,,,ALEXANDER,NET 30,NATHAN BARGER,+15014089765,,HIGH,100,,,,DBA BARGER MECHANICAL INC,1144 JENNIFER LN,Nathan Barger,,,1144 JENNIFER LN,,NATHAN BARGER,72002,,,,,NATHAN BARGER,
Airetech,Y,72210,LITTLE ROCK,Y,AR,2128,3189,US,,,2026-01-09 05:19:27,AR,,,READY,,,LITTLE ROCK,NET 30,CECI'S ON WHEELS,+15013526353,,HIGH,80,mcdowellcece@yahoo.com,,,MCDOWELLCECE@YAHOO.COM,3301 FAIR PARK BLVD,Cece Mcdowell,,,3301 FAIR PARK BLVD,,CECI'S ON WHEELS,72210,,mcdowellcece@yahoo.com,,,CECE MCDOWELL,
Airetech,Y,72143,SEARCY,Y,AR,2129,3190,US,,,2026-01-09 05:19:29,AR,,,READY,,,SEARCY,NET 30,DELK CONSTRUCTION,+15012814400,,HIGH,80,edelk@delkconstruction.com,,,EDELK@DELKCONSTRUCTION.COM,111 W BOOTH RD,Eric Delk,,,111 W BOOTH RD,,DELK CONSTRUCTION,72143,,edelk@delkconstruction.com,,,ERIC DELK,
Airetech,Y,25314,CHARLESTON,Y,WV,2130,3191,US,,,2026-01-09 05:19:32,WV,,,READY,,,"CHARLESTON,",NET 30,MICHAEL SCOTT CONTRACTOR,+13045528288,,HIGH,80,sshamblen@gmail.com,,,SSHAMBLEN@GMAIL.COM,824 CEDAR RD,Michael Shamblen,,,824 CEDAR RD,,MICHAEL SCOTT CONTRACTOR,25314,,sshamblen@gmail.com,,,MICHAEL SHAMBLEN,
Airetech,Y,74637,FAIRFAX,Y,OK,2131,3192,US,,,2026-01-09 05:19:34,,,,READY,,,,NET 30,AVEM HEALTH PARTNERS,+19186374294,,HIGH,80,,,,40 HOSPITAL ROAD,"FAIRFAX, OK",Ryan Madison,,,40 HOSPITAL RD,,AVEM HEALTH PARTNERS,74637,,,,,RYAN MADISON,
Airetech,Y,72823,ATKINS,Y,AR,2132,3193,US,,,2026-01-09 05:19:36,AR,,,READY,,,ATKINS,NET 30,ATKINS FIRST BAPTIST CHURCH,+15015811821,,HIGH,80,n.hickman94@gmail.com,,2012,N.HICKMAN94@GMAIL.COM,201 N CHURCH ST,Nathan Hickman,,,201 N CHURCH ST,,ATKINS FIRST BAPTIST CHURCH,72823,,n.hickman94@gmail.com,,2012,NATHAN HICKMAN,
Airetech,Y,72104,MALVERN,Y,AR,2133,3194,US,,,NaT,AR,,,READY,,,MALVERN,NET 30,TRACY PARKER,+15018130107,,HIGH,100,tracy.parker@airetechcorp.com,,,TRACY.PARKER@AIRETECHCORP.COM,12684 HIGHWAY 9,Tracy Parker,,,12684 HWY 9,,TRACY PARKER,72104,,tracy.parker@airetechcorp.com,,,TRACY PARKER,
Airetech,Y,60609,CHICAGO,Y,IL,2134,3195,US,,,2026-01-09 05:19:40,ILLINOIS,,,READY,,,CHICAGO,PAYMODE-X,SCHULZE & BURCH BISCUIT COMPANY,+17739276622,,HIGH,80,,,,PAYMODE-X,1133 WEST 35TH STREET,Judy Stephens,,,1133 W 35TH ST,,SCHULZE AND BURCH BISCUIT COMPANY,60609,,,,,JUDY STEPHENS,
Airetech,Y,74464,TAHLEQUAH,Y,OK,2135,3196,US,,,2026-01-09 05:19:42,OK,,,READY,,,TAHLEQUAH,NET 30,FASTENAL COMPANY,+19184310877,,HIGH,80,oktah@stores.fastenal.com,,,OKTAH@STORES.FASTENAL.COM,1590 ECHOTA AVE,Ben Bantista,,,1590 ECHOTA AVE,,FASTENAL COMPANY,74464,,oktah@stores.fastenal.com,,,BEN BANTISTA,
Airetech,Y,72143,SEARCY,N,AR,2184,3245,US,,,NaT,,,,READY,,,,NET 30,CHOICE SUPPLY INC,+15012682100,,HIGH,100,,,,3734 HWY 367 S,SEARCY AR,,,,3734 HWY 367 S,,CHOICE SUPPLY INC,72143,,,,,,
Airetech,Y,74133,TULSA,Y,OK,2136,3197,US,,,2026-01-09 05:19:45,OK,,,READY,,,TULSA,NET 30,BVB & C INC,+19182895650,,HIGH,80,ben@bvbcinc.com,,,BEN@BVBCINC.COM,8165 S MINGO RD STE 200,Ben Beeler,,,8165 S MINGO RD STE 200,,BVB & C INC,74133,,ben@bvbcinc.com,,,BEN BEELER,
Airetech,Y,71953,MENA,Y,AR,2137,3198,US,,,2026-01-09 05:19:46,AR,,,READY,,,MENA,NET 30,ALESHIRE ELECTRIC INC,+14792432053,,HIGH,80,bo@aleshireelectric.com,,,BO@ALESHIREELECTRIC.COM,1003 MENA STREET,Bo James,,,1003 MENA ST,,ALESHIRE ELECTRIC INC,71953,,bo@aleshireelectric.com,,,BO JAMES,
Airetech,Y,74063,SAND,Y,OK,2138,3199,US,,,NaT,,,,READY,,,,NET 30,BOZONE TECHNOLOGIES LLC,+19185196891,,HIGH,100,,,,188 JUANITA DR,SAND SPRINGS OK,Kenny Bozone,,000-000-000,188 JUANITA DR,,BOZONE TECHNOLOGIES LLC,74063,,,,,KENNY BOZONE,
Airetech,Y,74112,TULSA,Y,OK,2139,3200,US,,,2026-01-09 05:19:51,OK,,,READY,,,TULSA,NET 30,HEATWAVE SUPPLY,+19183014623,,HIGH,80,laray@heatwavesupply.com,,,LARAY@HEATWAVESUPPLY.COM,6529 EAST 14TH STREET,Laray Mulliniks,,,6529 E 14TH ST,,HEATWAVE SUPPLY,74112,,laray@heatwavesupply.com,,,LARAY MULLINIKS,
Airetech,Y,72616,BERRYVILLE,Y,AR,2140,3201,US,,,2026-01-09 05:19:53,AR,,,READY,,,BERRYVILLE,NET 30,INTERPACK,,,HIGH,80,morgan@interpackinc.com,,,MORGAN@INTERPACKINC.COM,1102 INDUSTRIAL DR,Morgan,,,1102 INDUSTRIAL DR,,INTERPACK,72616,,morgan@interpackinc.com,,,MORGAN,
Airetech,Y,72032,CONWAY,Y,AR,2232,3293,US,,,NaT,,,,READY,,,,NET 30,STEVENSON HEAT & AIR,+15015813651,,HIGH,100,,,,28 STEVENS RD,CONWAY AR,Chris Robinson,,,28 STEVENS RD,,STEVENSON HEAT AND AIR,72032,,,,,CHRIS ROBINSON,
Airetech,Y,72762,SPRINGDALE,Y,AR,2141,3202,US,,,NaT,AR,,,READY,,,SPRINGDALE,,SARGENT CONTRACTING,+14792030015,,HIGH,100,accounting@usesargent.com,,,ACCOUNTING@USESARGENT.COM,886 N BARRINGTON RD,Account Payables,,,886 N BARRINGTON RD,,SARGENT CONTRACTING,72762,,accounting@usesargent.com,,,ACCOUNT PAYABLES,
Airetech,Y,72727,ELKINS,Y,AR,2142,3203,US,,,NaT,AR,+14798398387,,READY,,,ELKINS,NET 30,DUNN RITE MILLWRIGHT SERVICES LLC,+14797994824,,MEDIUM,70,ruthmogden@yahoo.com,,63061584-SLS,RUTHMOGDEN@YAHOO.COM,PO BOX 20,Ruth Ogden,,479-839-8387,PO BOX 20,,DUNN RITE MILLWRIGHT SERVICES LLC,72727,,ruthmogden@yahoo.com,,63061584-SLS,RUTH OGDEN,
Airetech,Y,72802,RUSSELLVILLE,Y,AR,2143,3204,US,,,2026-01-09 05:19:58,AR,,,READY,,,RUSSELLVILLE,NET 30,CONSTRUCTION RESOURCES GROUP INC,+14799685416,,HIGH,80,lauren@constrg.com,,,LAUREN@CONSTRG.COM,2401 EAST 16TH STREET,Lauren Tripp,,,2401 E 16TH ST,,CONSTRUCTION RESOURCES GROUP INC,72802,,lauren@constrg.com,,,LAUREN TRIPP,
Airetech,Y,72601,HARRISON,Y,AR,2144,3205,US,,,2026-01-09 05:20:00,,,,READY,,,,NET 30,CHAD INMAN,+14793875375,,HIGH,80,,,,7695 HILLTOP ROAD,HARRISON AR,Chad Inman,,000-000-0000,7695 HILLTOP RD,,CHAD INMAN,72601,,,,,CHAD INMAN,
Airetech,Y,74015,CATOOSA,Y,OK,2145,3206,US,,,2026-01-09 05:20:02,,,,READY,,,,NET 30,RC APPLIANCE,+19185230037,,HIGH,80,,,,26620 E ADMIRAL PL,CATOOSA OK,Samual Ruiz Castro,,,26620 E ADMIRAL PL,,RC APPLIANCE,74015,,,,,SAMUAL RUIZ CASTRO,
Airetech,Y,74037,JENKS,Y,OK,2146,3207,US,,,NaT,OK,,,READY,,,JENKS,NET 30,HARRIS UNITED LLC,+14793532916,,MEDIUM,70,invoices@harrisunited.com,,,INVOICES@HARRISUNITED.COM,PO BOX 240,Tricia Baca,,,PO BOX 240,,HARRIS UNITED LLC,74037,,invoices@harrisunited.com,,,TRICIA BACA,
Airetech,Y,72823,ATKINS,Y,AR,2147,3208,US,,,NaT,AR,,,READY,,,ATKINS,NET 30,TRI COOL SERVICES LLC,+14792809427,,HIGH,100,matt@tri-cool.com,,55016138-001,MATT@TRI-COOL.COM,1700 SW 7TH STREET,Matt Pruitt,,,1700 SW 7TH ST,,TRI COOL SERVICES LLC,72823,,matt@tri-cool.com,,55016138-001,MATT PRUITT,
Airetech,Y,,,Y,,2148,3209,US,,,NaT,,,,REVIEW,,,,NET 30,MCCURRY LLC,+15019122175,,LOW,20,dmccurry@middletoninc.com,,,DMCCURRY@MIDDLETONINC.COM,,Drew Mccurry,,,,,MCCURRY LLC,,,dmccurry@middletoninc.com,,,DREW MCCURRY,
Airetech,Y,74115,TULSA,Y,OK,2149,3210,US,,,2026-01-09 05:20:08,OK,,,READY,,,TULSA,NET 30,KMS C/O SENECA CAYUGA TRIBE OK OKLA,+19188347000,,HIGH,80,ap@kmshvac.com,,731015881,AP@KMSHVAC.COM,5004 E ARCHER ST,Tracy Christian,,,5004 E ARCHER ST,,KMS C/O SENECA CAYUGA TRIBE OK OKLA,74115,,ap@kmshvac.com,,731015881,TRACY CHRISTIAN,
Airetech,Y,74115,TULSA,N,OK,2150,3211,US,,,2026-01-09 05:20:10,OK,,,READY,,,TULSA,NET 30,KMS C/O MIAMI TRIBE OF OKLAHOMA,+19188347000,,HIGH,80,ap@kmshvac.com,,731029083,AP@KMSHVAC.COM,5004 E ARCHER ST,Tracy Christian,,,5004 E ARCHER ST,,KMS C/O MIAMI TRIBE OF OKLAHOMA,74115,,ap@kmshvac.com,,731029083,TRACY CHRISTIAN,
Airetech,Y,72758,ROGERS,Y,AR,2151,3212,US,,,2026-01-09 05:20:12,AR,,,READY,,,ROGERS,,JEREME SHAUN PENNY,+14792208007,,HIGH,80,,,55903151-001,DBA PENNY AIR SOLUTIONS LLC,6306 S 49TH STREET,Shaun Penny,,,6306 S 49TH ST,,JEREME SHAUN PENNY,72758,,,,55903151-001,SHAUN PENNY,
Airetech,Y,72117,NORTH LITTLE ROCK,Y,AR,2152,3213,US,,,2026-01-09 05:20:14,AR,,,READY,,,NORTH LITTLE ROCK,NET 30,SKMM HOLDINGS LLC,+15013763338,,HIGH,80,,,,DBA CORKYS FOOTWEAR INC,10500 MAYBELLINE RD STE A,Brad Ashford,,,10500 MAYBELLINE RD STE A,,SKMM HOLDINGS LLC,72117,,,,,BRAD ASHFORD,
Airetech,Y,55987,WINONA,Y,MN,2153,3214,US,,,2026-01-09 05:20:16,,,,READY,,,,NET 30,FASTENAL COMPANY PURCHASING,+15014902658,,HIGH,80,,,54884769SLS,2001 THEURER BLVD,WINONA MN,,,,2001 THEURER BLVD,,FASTENAL COMPANY PURCHASING,55987,,,,54884769SLS,,
Airetech,Y,71913,HOT SPRINGS,Y,AR,2154,3215,US,,,2026-01-09 05:20:19,AR,,,READY,,,HOT SPRINGS,NET 30,MID AMERICA SCIENCE MUSEUM,+15013593673,,HIGH,80,joshg@midamericamuseum.org,,,JOSHG@MIDAMERICAMUSEUM.ORG,500 MID AMERICA BLVD,Josh Glenn,,,500 MID AMERICA BLVD,,MID AMERICA SCIENCE MUSEUM,71913,,joshg@midamericamuseum.org,,,JOSH GLENN,
Airetech,Y,19380,WEST CHESTER,Y,PA,2155,3216,US,,,2026-01-09 05:20:21,PA,,,READY,,,WEST CHESTER,NET 30,ENERGY TRANSFER SOLUTIONS LLC,+16104440333,,HIGH,80,accounting@etshvac.com,,,ACCOUNTING@ETSHVAC.COM,1220 WARD AVE STE 300,Daniel Burkhart,,,1220 WARD AVE STE 300,,ENERGY TRANSFER SOLUTIONS LLC,19380,,accounting@etshvac.com,,,DANIEL BURKHART,
Airetech,Y,72204,LITTLE ROCK,Y,AR,2156,3217,US,,,2026-01-09 05:20:23,AR,,,READY,,,LITTLE ROCK,NET 30,MURRAY CONTRACTORS LLC,+15019162461,,HIGH,80,krista@murraycontractors.com,,,KRISTA@MURRAYCONTRACTORS.COM,2 REMINGTON COVE,Krista Brandt,,,2 REMINGTON COVE,,MURRAY CONTRACTORS LLC,72204,,krista@murraycontractors.com,,,KRISTA BRANDT,
Airetech,Y,72205,LITTLE ROCK,Y,AR,2157,3218,US,,,2026-01-09 05:20:25,AR,,,READY,,,LITTLE ROCK,NET 30,CARTI CANCER CENTER,+15019063000,,HIGH,80,brian.troutman@carti.com,,00070135-002,BRIAN.TROUTMAN@CARTI.COM,8901 CARTI WAY,Brian Troutman,,,8901 CARTI WAY,,CARTI CANCER CENTER,72205,,brian.troutman@carti.com,,00070135-002,BRIAN TROUTMAN,
Airetech,Y,72209,LITTLE ROCK,Y,AR,2158,3219,US,,,2026-01-09 05:20:26,AR,,,READY,,,LITTLE ROCK,NET 30,DEPARTMENT OF PUBLIC SAFETY FISCAL,+15016188182,,HIGH,80,dps.purchasing@arkansas.gov,,,DPS.PURCHASING@ARKANSAS.GOV,#1 STATE POLICE PLAZA DRIVE,Jennifer Stallings,,,1 STATE POLICE PLAZA DR,,DEPARTMENT OF PUBLIC SAFETY FISCAL,72209,,dps.purchasing@arkansas.gov,,,JENNIFER STALLINGS,
Airetech,Y,72223,LITTLE ROCK,Y,AR,2159,3220,US,,,NaT,AR,,,READY,,,LITTLE ROCK,NET 30,BROWN ENGINEERS LLC,+15014480100,,HIGH,100,nmcneill@brownengineers.net,,,NMCNEILL@BROWNENGINEERS.NET,17200 CHENAL PKWY STE 300 P324,Nick Mcneill,,,17200 CHENAL PKWY STE 300 P324,,BROWN ENGINEERS LLC,72223,,nmcneill@brownengineers.net,,,NICK MCNEILL,
Airetech,Y,73020,CHOCTAW,Y,OK,2160,3221,US,,,NaT,OK,,,READY,,,CHOCTAW,NET 30,CHURCHILL HOMES LLC,+14055700089,,HIGH,100,,,,COREY CHURCHILL,9800 JUSTIN CT,Corey Churchill,,,9800 JUSTIN CT,,"CHURCHILL HOMES, LLC",73020,,,,,COREY CHURCHILL,
Airetech,Y,74107,TULSA,Y,OK,2161,3222,US,OSU CENTER FOR HEALTH SCIENCES,,2026-01-09 05:20:33,OK,,,READY,,,TULSA,NET 30,OKLAHOMA STATE UNIVERSITY - TULSA,+19185615882,,HIGH,80,,,10471402-09,OSU CENTER FOR HEALTH SCIENCES,1111 W 17TH STREET,Christina Barnaby,,,1111 W 17TH ST,,OKLAHOMA STATE UNIVERSITY - TULSA,74107,,,,10471402-09,CHRISTINA BARNABY,
Airetech,Y,62040,GRANITE CITY,Y,IL,2162,3223,US,,,2026-01-09 05:20:35,IL,,,READY,,,GRANITE CITY,NET 30,ICON MECHANICAL,+16184520429,,HIGH,80,ap@iconmech.com,,,AP@ICONMECH.COM,1616 CLEVELAND BLVD,Starla Reed,,,1616 CLEVELAND BLVD,,ICON MECHANICAL,62040,,ap@iconmech.com,,,STARLA REED,
Airetech,Y,74133,TULSA,Y,OK,2163,3224,US,,,2026-01-09 05:20:37,OK,,,READY,,,TULSA,NET 30,MEMORIAL HEALTH GROUP,+19188085629,,HIGH,80,mdyer5629@gmail.com,,,MDYER5629@GMAIL.COM,8131 S MEMORIAL DR SUITE 100,Matthew Dyer,,,8131 S MEMORIAL DR STE 100,,MEMORIAL HEALTH GROUP,74133,,mdyer5629@gmail.com,,,MATTHEW DYER,
Airetech,Y,62863,MOUNT CARMEL,Y,IL,2164,3225,US,,,NaT,IL,,,READY,,,MOUNT CARMEL,NET 30,DAVE GOODSON,+16182623325,,HIGH,100,goodson.dave2@gmail.com,,,GOODSON.DAVE2@GMAIL.COM,7261 WABASH 17 AVE,Dave Goodson,,,7261 WABASH 17 AVE,,DAVE GOODSON,62863,,goodson.dave2@gmail.com,,,DAVE GOODSON,
Airetech,Y,72223,LITTLE,N,AR,2165,3226,US,,,2026-01-09 05:20:43,,,,READY,,,,NET 30,FELLOWSHIP BIBLE CHURCH,+15012247171,,HIGH,80,,,,1401 KIRK ROAD,LITTLE ROCK AR,Sean Triplett,,,1401 KIRK RD,,FELLOWSHIP BIBLE CHURCH,72223,,,,,SEAN TRIPLETT,
Airetech,Y,38261,UNION CITY,N,TN,2166,3227,US,4009 GREENFIELD DR,,NaT,38261,,,READY,,,UNION CITY TN,NET 30,WILLIAMS COUNTY SAUSAGE,+17318864576,,HIGH,100,,,,5132 OLD TRY HICKMAN RD,4009 GREENFIELD DR,Harley Dake,,,5132 OLD TRY HICKMAN RD,,WILLIAMS COUNTY SAUSAGE,,,,,,HARLEY DAKE,
Airetech,Y,72712,BENTONVILLE,Y,AR,2167,3228,US,,,2026-01-09 05:20:47,,,,READY,,,,NET 30,PELOTON MAIN,,,HIGH,80,,,,215 NW A STREET,BENTONVILLE AR,,,,215 NW A ST,,PELOTON MAIN,72712,,,,,,
Airetech,Y,72034,CONWAY,Y,AR,2168,3229,US,,,2026-01-09 05:20:49,,+15015135459,,READY,,,,NET 30,CONWAY REGIONAL MEDICAL CENTER INC,+15015135456,,HIGH,80,,,,2302 COLLEGE AVENUE,CONWAY AR,Connie Mundy,,501-513-5459,2302 COLLEGE AVE,,CONWAY REGIONAL MEDICAL CENTER INC,72034,,,,,CONNIE MUNDY,
Airetech,Y,,,Y,,2169,3230,US,,,NaT,,,,REVIEW,,,,NET 30,OSBORNE HEATING & AIR CONDITIONING,+19184408703,,LOW,20,slocom66@hotmail.com,,,SLOCOM66@HOTMAIL.COM,,Tony Osborne Sr,,,,,OSBORNE HEATING & AIR CONDITIONING,,,slocom66@hotmail.com,,,TONY OSBORNE SR,
Airetech,Y,74429,COWETA,N,OK,2170,3231,US,,,NaT,,,,READY,,,,NET 30,RED EAGLE JV,+19188782839,,HIGH,100,,,,29627 E STATE HWY 51,COWETA OK,,,,29627 E STATE HWY 51,,RED EAGLE JV,74429,,,,,,
Airetech,Y,72223,LITTLE ROCK,Y,AR,2171,3232,US,,,2026-01-09 05:20:54,AR,,,READY,,,LITTLE ROCK,NET 30,PRATER SERVICE COMPANY LLC,+15018309699,,HIGH,80,praterllc@gmail.com,,,PRATERLLC@GMAIL.COM,2021 CANTRELL RD,Zach Prater,,,2021 CANTRELL RD,,PRATER SERVICE COMPANY LLC,72223,,praterllc@gmail.com,,,ZACH PRATER,
Airetech,Y,37210,NASHVILLE,Y,TN,2172,3233,US,,,2026-01-09 05:20:56,TN,,,READY,,,NASHVILLE,NET 30,LIBERTY HVAC & ENERGY SERVICES LLC,+16152428003,,HIGH,80,libertyap@ascprop.com,,,LIBERTYAP@ASCPROP.COM,1060 ACORN DRIVE,Missy Surgener,,,1060 ACORN DR,,LIBERTY HVAC & ENERGY SERVICES LLC,37210,,libertyap@ascprop.com,,,MISSY SURGENER,
Airetech,Y,74745,IDABEL,Y,OK,2173,3234,US,,,2026-01-09 05:20:58,,,,READY,,,,NET 30,JOES HEATING & AIR,+15803064197,,HIGH,80,,,,804 N LINCOLN,IDABEL OK,Joe Johnson,,,804 N LINCOLN,,JOES HEATING AND AIR,74745,,,,,JOE JOHNSON,
Airetech,Y,71667,STAR,Y,AR,2174,3235,US,,,NaT,,,,READY,,,,NET 30,STAR CITY SCHOOL DISTRICT,+18664463647,,HIGH,100,,,,400 EAST ARKANSAS ST,STAR CITY AR,Janice Maroney,,,400 E ARKANSAS ST,,STAR CITY SCHOOL DISTRICT,71667,,,,,JANICE MARONEY,
Airetech,Y,72201,LITTLE ROCK,Y,AR,2175,3236,US,CITY HALL,,2026-01-09 05:21:03,AR,,,READY,,,LITTLE ROCK,NET 30,CITY OF LITTLE ROCK AR,+15013714551,,HIGH,80,,,,CITY HALL,500 W MARKHAM STREET,Nancy Warfield,,,500 W MARKHAM ST,,CITY OF LITTLE ROCK AR,72201,,,,,NANCY WARFIELD,
Airetech,Y,72719,CENTERTON,Y,AR,2176,3237,US,DBA STOUTS HEAT AND AIR,,2026-01-09 05:21:05,AR,,,READY,,,CENTERTON,NET 30,RICHARD STOUT,+14795442517,,HIGH,80,,,,DBA STOUTS HEAT AND AIR,194 E 1ST STREET,Richard Stout,,,194 E 1ST ST,,RICHARD STOUT,72719,,,,,RICHARD STOUT,
Airetech,Y,74080,TALALA,Y,OK,2177,3238,US,,,NaT,OK,+19182754509,,READY,,,TALALA,NET 30,MID AMERICA FEEDS,+19182754292,,MEDIUM,70,along@totelcsi.com,,,ALONG@TOTELCSI.COM,PO BOX 11,Alan Long,,918-275-4509,PO BOX 11,,MID AMERICA FEEDS,74080,,along@totelcsi.com,,,ALAN LONG,
Airetech,Y,72204,LITTLE,Y,AR,2179,3240,US,,,2026-01-09 05:21:08,,,,READY,,,,,LITTLE ROCK CONSTRUCTION,+15012312679,,HIGH,80,,,,7507 COLONEL GLENN RD,LITTLE ROCK AR,Grant Bowman,,,7507 COLONEL GLENN RD,,LITTLE ROCK CONSTRUCTION,72204,,,,,GRANT BOWMAN,
Airetech,Y,72501,BATESVILLE,Y,AR,2180,3241,US,,,NaT,AR,,,READY,,,BATESVILLE,NET 30,TIP TOP BUILDERS INC,+18702910531,,HIGH,100,tiptopbuildersinc@gmail.com,,,TIPTOPBUILDERSINC@GMAIL.COM,470 BETHESDA ROAD,Amanda Goodrich,,,470 BETHESDA RD,,TIP TOP BUILDERS INC,72501,,tiptopbuildersinc@gmail.com,,,AMANDA GOODRICH,
Airetech,Y,38583,SPARTA,Y,TN,2181,3242,US,,,NaT,,,,READY,,,,NET 30,INDUSTRIAL AIR PURIFICATION INC,+19313720050,,HIGH,100,,,55179887-SLS,580 TECHNOLOGY DRIVE,SPARTA TN,Brian Voss,,,580 TECHNOLOGY DR,,INDUSTRIAL AIR PURIFICATION INC,38583,,,,55179887-SLS,BRIAN VOSS,
Airetech,Y,72812,RUSSELLVILLE,Y,AR,2182,3243,US,,,NaT,72812,,,READY,,,RUSSELLVILLE AR,NET 30,PHOENIX INNOVATIONS,+14792199110,,MEDIUM,70,invoices@phoenix314.com,,54528625-SLS,invoices@phoenix314.com,PO BOX 11055,Karen Gonzalez,,,PO BOX 11055,,PHOENIX INNOVATIONS,,,invoices@phoenix314.com,,54528625-SLS,KAREN GONZALEZ,
Airetech,Y,64801,JOPLIN,Y,MO,2183,3244,US,,,2026-01-09 05:21:15,MO,,,READY,,,JOPLIN,NET 30,ENERGY CONSERVATION SUPPLY INC,+14177812300,,HIGH,80,leslie@ecsboiler.com,,11693142,LESLIE@ECSBOILER.COM,3740 E 20TH STREET,Leslie Henning,,,3740 E 20TH ST,,ENERGY CONSERVATION SUPPLY INC,64801,,leslie@ecsboiler.com,,11693142,LESLIE HENNING,
Airetech,Y,30553,LAVONIA,Y,GA,2185,3246,US,,,NaT,GA,,,READY,,,LAVONIA,1%10 NET30,PRO-LECTRIC INDUSTRIAL CONTRACTORS,+17063567056,,MEDIUM,70,ap@prolectric.com,,,AP@PROLECTRIC.COM,PO BOX 458,Heather Welborn,,,PO BOX 458,,PRO-LECTRIC INDUSTRIAL CONTRACTORS,30553,,ap@prolectric.com,,,HEATHER WELBORN,
Airetech,Y,71852,NASHVILLE,Y,AR,2186,3247,US,,,2026-01-09 05:21:19,AR,,,READY,,,NASHVILLE,NET 30,HOWARD MEMORIAL HOSPITAL,+18708458032,,HIGH,80,accounting@howardmemorial.com,,00070027-SLS,ACCOUNTING@HOWARDMEMORIAL.COM,130 MEDICAL CIRCLE,Rosario Mckinney,,,130 MEDICAL CIR,,HOWARD MEMORIAL HOSPITAL,71852,,accounting@howardmemorial.com,,00070027-SLS,ROSARIO MCKINNEY,
Airetech,Y,72206,LITTLE ROCK,Y,AR,2187,3248,US,,,NaT,AR,,,READY,,,LITTLE ROCK,NET 30,BK ELECTRICAL CONTRACTORS,+15018470200,,HIGH,100,savana@bk-elec.com,,,SAVANA@BK-ELEC.COM,14801 PANATELA PARKWAY,Savana Wilson,,,14801 PANATELA PKWY,,BK ELECTRICAL CONTRACTORS,72206,,savana@bk-elec.com,,,SAVANA WILSON,
Airetech,Y,74014,BROKEN,N,OK,2188,3249,US,,,2026-01-09 05:21:23,,,,READY,,,,1%10 NET30,POLAR JACK,+19186714434,,HIGH,80,,,,3400 E HOUSTON ST,BROKEN ARROW OK,Zac Cox,,,3400 E HOUSTON ST,,POLAR JACK,74014,,,,,ZAC COX,
Airetech,Y,72203,LITTLE ROCK,N,AR,2189,3250,US,,,2026-01-09 05:21:26,,,,READY,,,,,THE ROOT CAFE,+15019448500,,HIGH,80,,,,1500 S MAIN ST,LITTLE ROCK AR,Jack Sundell,,,1500 S MAIN ST,,THE ROOT CAFE,,,,,,JACK SUNDELL,
Airetech,Y,,,Y,,2190,3251,US,,,NaT,,,,REVIEW,,,,NET 30,FIRST COMMUNITY BANK,+18708346298,,LOW,20,,,,,,Tj Palese,,,,,FIRST COMMUNITY BANK,,,,,,T.J. PALESE,
Airetech,Y,71270,RUSTON,Y,LA,2191,3252,US,,,2026-01-09 05:21:30,,,,READY,,,,NET 30,CONCEPT INDUSTRIAL SYSTEMS LLC,+13182433344,,HIGH,80,,,5969639001400,107 NORTH TRENTON,RUSTON LA,Sunny Moon,,,107 N TRENTON,,CONCEPT INDUSTRIAL SYSTEMS LLC,71270,,,,5969639001400,SUNNY MOON,
Airetech,Y,72034,CONWAY,Y,AR,2192,3253,US,,,NaT,,,,READY,,,,NET 30,CORCO CONSTRUCTION LLC,+15018689222,,HIGH,100,,,,4939 HWY 64 W,"CONWAY, AR",Amy Love,,,4939 HWY 64 W,,CORCO CONSTRUCTION LLC,72034,,,,,AMY LOVE,
Airetech,Y,72718,CAVE SPRINGS,Y,AR,2193,3254,US,DBA HBC,,NaT,AR,,,READY,,,CAVE SPRINGS,NET 30,HB CONSTRUCTION,+14793666895,,HIGH,100,,,,DBA HBC,1419 ALLEN'S MILL WAY,Jeremy Hooe,,,1419 ALLEN'S MILL WAY,,HB CONSTRUCTION,72718,,,,,JEREMY HOOE,
Airetech,Y,72904,FORT SMITH,Y,AR,2194,3255,US,,,2026-01-09 05:21:36,,,,READY,,,,NET 30,OK FOODS INC,,,HIGH,80,,,113175-80-001,4601 NORTH 6TH ST,FORT SMITH AR 72904,,,,4601 N 6TH ST,,OK FOODS INC,,,,,113175-80-001,,
Airetech,Y,72823,ATKINS,Y,AR,2195,3256,US,,,NaT,AR,,,READY,,,ATKINS,NET 30,H & W BOILER & WELDING SERVICE INC,+14796412317,,MEDIUM,70,ap@hwboiler.com,,312272-58-001,AP@HWBOILER.COM,PO BOX 56,Lindsey Wilson,,,PO BOX 56,,H & W BOILER & WELDING SERVICE INC,72823,,ap@hwboiler.com,,312272-58-001,LINDSEY WILSON,
Airetech,Y,72727,ELKINS,Y,AR,2196,3257,US,,,2026-01-09 05:21:38,AR,,,READY,,,ELKINS,NET 30,SENTINEL SERVICES LLC,+14799355236,,HIGH,80,greg@sentinelservices.net,,,GREG@SENTINELSERVICES.NET,2073 N CENTER ST STE E,Greg Diaville,,,2073 N CENTER ST STE E,,SENTINEL SERVICES LLC,72727,,greg@sentinelservices.net,,,GREG DIAVILLE,
Airetech,Y,72137,TULSA,Y,OK,2197,3258,US,,,2026-01-09 05:21:40,OK,,,READY,,,TULSA,NET 30,TULSA PROCEDURE SUITES,+19188085629,,HIGH,80,mdyer@memorialpain.com,,,MDYER@MEMORIALPAIN.COM,2508 E 81ST #6,Matt Dyer,,,2508 E 81ST #6,,TULSA PROCEDURE SUITES,72137,,mdyer@memorialpain.com,,,MATT DYER,
Airetech,Y,74017,CLAREMORE,Y,OK,2198,3259,US,,,2026-01-09 05:21:42,,,,READY,,,,NET 30,RIGHT PICK MECHANICAL,+19188921746,,HIGH,80,,,,20303 S 4170 ROAD,CLAREMORE OK,Chris Pickerel,,,20303 S 4170 RD,,RIGHT PICK MECHANICAL,74017,,,,,CHRIS PICKEREL,
Airetech,Y,38305,JACKSON,Y,TN,2199,3260,US,,,2026-01-09 05:21:44,TN,+18007581345,,READY,,,JACKSON,NET 30,H&M INDUSTRIAL SERVICES,+17316603231,,HIGH,80,aallen@hmcompany.com,,,AALLEN@@HMCOMPANY.COM,50 SECURITY DRIVE,Ashley Allen,,800-758-1345,50 SECURITY DR,,H&M INDUSTRIAL SERVICES,38305,,AALLEN@HMCOMPANY.COM,,,ASHLEY ALLEN,
Airetech,Y,72034,CONWAY,Y,AR,2200,3261,US,,,2026-01-09 05:21:46,AR,,,READY,,,CONWAY,,MASSEY MECHANICAL LLC,+15013149757,,HIGH,80,haleigh@masseymech.com,,,HALEIGH@MASSEYMECH.COM,325 HUBBARD RD,Haleigh Massey,,,325 HUBBARD RD,,MASSEY MECHANICAL LLC,72034,,haleigh@masseymech.com,,,HALEIGH MASSEY,
Airetech,Y,72087,LONSDALE,Y,AR,2201,3262,US,,,NaT,,,,READY,,,,NET 30,LIN CON LLC,+15015741462,,HIGH,100,,,56182136001,2062 STICKLEY LANE,LONSDALE AR 72087,Brad Hogue,,,2062 STICKLEY LN,,LIN CON LLC,,,,,56182136001,BRAD HOGUE,
Airetech,Y,67357,PARSONS,Y,KS,2202,3263,US,,,2026-01-09 05:21:50,KS,+16204233999,,READY,,,PARSONS,NET 30,TANK CONNECTION LLC,+16204233010,,HIGH,80,accounting@tankconnection.com,,,ACCOUNTING@TANKCONNECTION.COM,3609 N 16TH,Chelli Smith,,620-423-3999,3609 N 16TH,,TANK CONNECTION LLC,67357,,accounting@tankconnection.com,,,CHELLI SMITH,
Airetech,Y,15264-0136,PITTSBURGH,Y,PA,2203,3264,US,C/O CIBC BANK USA,,NaT,PA,,,READY,,,PITTSBURGH,NET 30,DEHUMIDIFIED AIR SOLUTIONS INC,+16137413603,,MEDIUM,70,,,,C/O CIBC BANK USA,PO BOX 640136,Winni Wu/ Susan Chu,,,PO BOX 640136,,DEHUMIDIFIED AIR SOLUTIONS INC,15264-0136,,,,,WINNI WU/ SUSAN CHU,
Airetech,Y,65301,SEDALIA,Y,MO,2204,3265,US,,,NaT,MO,,,READY,,,SEDALIA,,LINCOLN HEATING COOLING & REFRIG,+16602876270,,HIGH,100,lincolnhvacr@gmail.com,,,LINCOLNHVACR@GMAIL.COM,22980 HIGHWAY B,Lincoln Hester,,,22980 HWY B,,LINCOLN HEATING COOLING & REFRIG,65301,,lincolnhvacr@gmail.com,,,LINCOLN HESTER,
Airetech,Y,15376,WEST ALEXANDER,Y,PA,2205,3266,US,,,2026-01-09 05:21:54,PA,,,READY,,,WEST ALEXANDER,,EXPAND ENERGY,+14798470988,,HIGH,80,kieran.scott@expandenergy.com,,,KIERAN.SCOTT@EXPANDENERGY.COM,39 GREAVES RD,Kieran Scott,,,39 GREAVES RD,,EXPAND ENERGY,15376,,kieran.scott@expandenergy.com,,,KIERAN SCOTT,
Airetech,Y,33418,PALM,N,FL,2206,3267,US,,,2026-01-09 05:21:56,,,,READY,,,,NET 30,CARRIER CORPORATION,,,HIGH,80,,,,13995 PASTEUR BLVD,PALM BEACH GARDENS FL,,,,13995 PASTEUR BLVD,,CARRIER CORPORATION,33418,,,,,,
Airetech,Y,44667,ORRVILLE,Y,OH,2207,3268,US,,,2026-01-09 05:21:58,OH,,,READY,,,ORRVILLE,NET 30,HOSTESS BRANDS INC,+18708073841,,HIGH,80,us.apinvoices@jmsmucker.com,,,US.APINVOICES@JMSMUCKER.COM,1 STRAWBERRY LANE,Chad Hughes,,,1 STRAWBERRY LN,,HOSTESS BRANDS INC,44667,,us.apinvoices@jmsmucker.com,,,CHAD HUGHES,
Airetech,Y,74044,MANNFORD,Y,OK,2208,3269,US,,,NaT,OK,,,READY,,,MANNFORD,NET 30,A PLUS SERVICE INC,+19188654594,,MEDIUM,70,aplusmannford@aol.com,,,APLUSMANNFORD@AOL.COM,PO BOX 521,Alicia Hightower,,,PO BOX 521,,A PLUS SERVICE INC,74044,,aplusmannford@aol.com,,,ALICIA HIGHTOWER,
Airetech,Y,72216,LITTLE ROCK,Y,AR,2209,3270,US,,,NaT,AR,,,READY,,,LITTLE ROCK,NET 30,PULASKI COUNTY SPECIAL SCHOOL DIST,+15012342000,,MEDIUM,70,sallison727@pcssd.org,,,SALLISON727@PCSSD.ORG,PO BOX 8601,Shelia Allison,,,PO BOX 8601,,PULASKI COUNTY SPECIAL SCHOOL DIST,72216,,sallison727@pcssd.org,,,SHELIA ALLISON,
Airetech,Y,55485,MINNEAPOLIS,N,MN,2210,3271,US,,,NaT,MN,,,READY,,,MINNEAPOLIS,NET 30,CRYSTAL DISTRIBUTION INC,+17633917790,,MEDIUM,70,,,NEED,PO BOX 856152,,,,,PO BOX 856152,,CRYSTAL DISTRIBUTION INC,55485,,,,NEED,,
Airetech,Y,72762,SPRINGDALE,Y,AR,2211,3272,US,,,2026-01-09 05:22:00,AR,,,READY,,,SPRINGDALE,NET 30,MARTY HOWARD,+14795307859,,HIGH,80,marty.howard@nwcontrols.com,,,MARTY.HOWARD@NWCONTROLS.COM,3241 W HUNTSVILLE AVE,Marty Howard,,,3241 W HUNTSVILLE AVE,,MARTY HOWARD,72762,,marty.howard@nwcontrols.com,,,MARTY HOWARD,
Airetech,Y,64856,PINEVILLE,Y,MO,2212,3273,US,,,NaT,,,,READY,,,,NET 30,YOUR HEATING & AIR GUY,+14798764347,,HIGH,100,,,78360977-001,1485 GOFF RIDGE ROAD,PINEVILLE MO,David,,,1485 GOFF RIDGE RD,,YOUR HEATING AND AIR GUY,64856,,,,78360977-001,DAVID,
Airetech,Y,72143,SEARCY,Y,AR,2213,3274,US,,,NaT,AR,,,READY,,,SEARCY,NET 30,SEARCY HEAT & AIR INC,+15018271995,,HIGH,100,searcyheat1@yahoo.com,,327104-73,SEARCYHEAT1@YAHOO.COM,117 CIRCLE M ROAD,Ben Graul,,,117 CIR M RD,,SEARCY HEAT AND AIR INC,72143,,searcyheat1@yahoo.com,,327104-73,BEN GRAUL,
Airetech,Y,72715,BELLA VISTA,Y,AR,2214,3275,US,,,2026-01-09 05:22:07,AR,,,READY,,,BELLA VISTA,,BENTON COUNTY QUAIL,+14796333798,,HIGH,80,kpsulli@swbell.net,,,KPSULLI@SWBELL.NET,2 CINDY LN,Kevin Sullivan,,,2 CINDY LN,,BENTON COUNTY QUAIL,72715,,kpsulli@swbell.net,,,KEVIN SULLIVAN,
Airetech,Y,72103,MABELVALE,Y,AR,2215,3276,US,,,NaT,AR,,,READY,,,MABELVALE,,PETE BUTLER ELECTRIC INC,+15016800548,,MEDIUM,70,pbutlerelectric@gmail.com,,12234133-001,PBUTLERELECTRIC@GMAIL.COM,PO BOX 167,Pete Butler,,,PO BOX 167,,PETE BUTLER ELECTRIC INC,72103,,pbutlerelectric@gmail.com,,12234133-001,PETE BUTLER,
Airetech,Y,74421,BEGGS,Y,OK,2216,3277,US,,,NaT,OK,,,READY,,,BEGGS,NET 30,CODAY CONTRACTING LLC,+19184084350,,MEDIUM,70,office@codaycontracting.com,,,OFFICE@CODAYCONTRACTING.COM,PO BOX 275,Kaycee Coday,,,PO BOX 275,,CODAY CONTRACTING LLC,74421,,office@codaycontracting.com,,,KAYCEE CODAY,
Airetech,Y,74403,MUSKOGEE,Y,OK,2217,3278,US,,,2026-01-09 05:22:09,OK,,,READY,,,MUSKOGEE,,APEX MECHANICAL INC,+19188166044,,HIGH,80,gregw@apexmco.com,,,GREGW@APEXMCO.COM,2936 S YORK #5,Greg Winter,,,2936 S YORK #5,,APEX MECHANICAL INC,74403,,gregw@apexmco.com,,,GREG WINTER,
Airetech,Y,74501,MCALESTER,Y,OK,2218,3279,US,DBA PITTSBURG COUNTY HLTH DEPT,,2026-01-09 05:22:11,OK,,,READY,,,MCALESTER,NET 30,OKLAHOMA STATE DEPARTMENT OF HEALTH,+19184231267,,HIGH,80,,,FEI 736006407,DBA PITTSBURG COUNTY HLTH DEPT,1400 E COLLEGE AVENUE,Tammy Joslin,,,1400 E COLLEGE AVE,,OKLAHOMA STATE DEPARTMENT OF HEALTH,74501,,,,FEI 736006407,TAMMY JOSLIN,
Airetech,Y,72601,HARRISON,N,AR,2219,3280,US,,,NaT,,,,READY,,,,,HAMPTON INN,+15097712752,,HIGH,100,,,,121 HWY 43 E,HARRISON AR,,,,121 HWY 43 E,,HAMPTON INN HARRISON,72601,,,,,,
Airetech,Y,38060,OAKLAND,Y,TN,2220,3281,US,,,2026-01-09 05:22:15,TN,,,READY,,,OAKLAND,,RING CONTAINER TECHNOLOGIES LLC,+19014656333,,HIGH,80,apinfo@ringcontainer.com,,,APINFO@RINGCONTAINER.COM,1 INDUSTRIAL PARK RD,Ciara Williams,,,1 INDUSTRIAL PARK RD,,RING CONTAINER TECHNOLOGIES LLC,38060,,apinfo@ringcontainer.com,,,CIARA WILLIAMS,
Airetech,Y,72205,LITTLE ROCK,Y,AR,2221,3282,US,,,NaT,AR,+15016645675,,READY,,,LITTLE ROCK,,WOODBURY TECHNICAL SERVICES LLC,+15014545678,,HIGH,100,chrishayes0912@hotmail.com,,73416978-SLS,CHRISHAYES0912@HOTMAIL.COM,"300 S RODNEY PARHAM S 1,PMB176",Chris Hayes,,501-664-5675,300 S RODNEY PARHAM S 1PMB176,,WOODBURY TECHNICAL SERVICES LLC,72205,,chrishayes0912@hotmail.com,,73416978-SLS,CHRIS HAYES,
Airetech,Y,72718,CAVE SPRINGS,Y,AR,2222,3283,US,,,2026-01-09 05:22:19,AR,,,READY,,,CAVE SPRINGS,,HB CONSTRUCTION LLC,+14793662025,,HIGH,80,terri@hbconstr.com,,56218155-SLS,TERRI@HBCONSTR.COM,1419 ALLENS MILL WAY,Terri Hooe,,,1419 ALLENS MILL WAY,,HB CONSTRUCTION LLC,72718,,terri@hbconstr.com,,56218155-SLS,TERRI HOOE,
Airetech,Y,71837,FOUKE,Y,AR,2223,3284,US,,,NaT,AR,,,READY,,,FOUKE,NET 30,BWG MECHANICAL,+19034901887,,HIGH,100,brian@bwgmechanical.com,,56213781-001,BRIAN@BWGMECHANICAL.COM,373 MC 41,Brian Stout,,,373 MC 41,,BWG MECHANICAL,71837,,brian@bwgmechanical.com,,56213781-001,BRIAN STOUT,
Airetech,Y,72712,BENTONVILLE,Y,AR,2224,3285,US,,,NaT,,,,READY,,,,NET 30,CHURCH OF JESUS CHRIST,+19562210365,,HIGH,100,,,,1105 MCCOLLUM RD,BENTONVILLE AR,Grant Jenkins,,,1105 MCCOLLUM RD,,CHURCH OF JESUS CHRIST,72712,,,,,GRANT JENKINS,
Airetech,Y,72616,BERRYVILLE,Y,AR,2225,3286,US,,,2026-01-09 05:22:25,AR,,,READY,,,BERRYVILLE,,OSAGE CREEK CULTIVATION,+18707544378,,HIGH,80,d@osagecreekllc.com,,,D@OSAGECREEKLLC.COM,850 CLARK RD,D Martin,,,850 CLARK RD,,OSAGE CREEK CULTIVATION,72616,,d@osagecreekllc.com,,,D MARTIN,
Airetech,Y,72736,GRAVETTE,Y,AR,2226,3287,US,DBA AIR OF THE OZARKS,,2026-01-09 05:22:27,AR,,,READY,,,GRAVETTE,NET 30,ZINK CONSTRUCTION SERVICES LLC,+14797952018,,HIGH,80,,,,DBA AIR OF THE OZARKS,9922 LITTLE SPAVINAW RD,Adam Smith,,,9922 LITTLE SPAVINAW RD,,ZINK CONSTRUCTION SERVICES LLC,72736,,,,,ADAM SMITH,
Airetech,Y,72120,SHERWOOD,Y,AR,2227,3288,US,,,2026-01-09 05:22:29,AR,,,READY,,,SHERWOOD,NET 30,AIRBOSS LLC,+15019025772,,HIGH,80,roger@airbosshvac.us,,56084237001,ROGER@AIRBOSSHVAC.US,8 YAQUI PLACE,Roger Tucker,,,8 YAQUI PL,,AIRBOSS LLC,72120,,roger@airbosshvac.us,,56084237001,ROGER TUCKER,
Airetech,Y,72116,NORTH LITTLE ROCK,Y,AR,2228,3289,US,,,NaT,AR,+15017583223,,READY,,,NORTH LITTLE ROCK,NET 30,ARKANSAS INDUSTRIAL MACHINERY INC,+15017582745,,HIGH,100,ap@aimcompanies.com,,038326-60-001,AP@AIMCOMPANIES.COM,3804 N NONA STREET,Tammy Potter,,501-758-3223,3804 N NONA ST,,ARKANSAS INDUSTRIAL MACHINERY INC,72116,,ap@aimcompanies.com,,038326-60-001,TAMMY POTTER,
Airetech,Y,71903-2690,HOT SPRINGS,Y,AR,2229,3290,US,,,NaT,AR,,,READY,,,HOT SPRINGS,,ROADSIDE PROPERTIES LLC,+15017083032,,MEDIUM,70,roadsideproperties@outlook.com,,,ROADSIDEPROPERTIES@OUTLOOK.COM,PO BOX 22690,Josef Joe France,,000-000-0000,PO BOX 22690,,ROADSIDE PROPERTIES LLC,71903-2690,,roadsideproperties@outlook.com,,,JOSEF JOE FRANCE,
Airetech,Y,72751,PEA RIDGE,Y,AR,2230,3291,US,DBA LEGACY TESTING,,2026-01-09 05:22:33,AR,,,READY,,,PEA RIDGE,NET 30,JEFFERY D HILL,+14794227861,,HIGH,80,,,,DBA LEGACY TESTING,2775 PECK ROAD,Jeff Hill,,,2775 PECK RD,,JEFFERY D HILL,72751,,,,,JEFF HILL,
Airetech,Y,64854,PINEVILLE,Y,MO,2231,3292,US,,,NaT,,,,READY,,,,NET 30,JUSTIN BROCK,,,HIGH,100,,,,219 VALLEY VIEW CT,PINEVILLE MO,Justin Brock,,,219 VALLEY VIEW CT,,JUSTIN BROCK,64854,,,,,JUSTIN BROCK,
Airetech,Y,75501,TEXARKANA,Y,TX,2233,3294,US,,,2026-01-09 05:22:40,TX,,,READY,,,TEXARKANA,NET 30,CENTRAL AIR CONDITIONING & PLUMBING,+19038321212,,HIGH,80,kim@central-air.com,,710510348,KIM@CENTRAL-AIR.COM,450 S KINGS HWY,Kim,,,450 S KINGS HWY,,CENTRAL AIR CONDITIONING & PLUMBING,75501,,kim@central-air.com,,710510348,KIM,
Airetech,Y,74012,BROKEN ARROW,Y,OK,2234,3295,US,DBA AMETEK PETROLAB,,2026-01-09 05:22:42,OK,+19184597175,,READY,,,BROKEN ARROW,NET 30,AMETEK CHANDLER ENGINEERING,+19184597129,,HIGH,80,,,10089381-05,DBA AMETEK PETROLAB,2001 N INDIANWOOD AVENUE,Jeremy Brown,,918-459-7175,2001 N INDIANWOOD AVE,,AMETEK CHANDLER ENGINEERING,74012,,,,10089381-05,JEREMY BROWN,
Airetech,Y,72701,FAYETTEVILLE,Y,AR,2235,3296,US,,,NaT,AR,,,READY,,,FAYETTEVILLE,NET 30,BENTONVILLE HOUSING LLC,+14794398650,,HIGH,100,accounting@specializedreg.com,,,ACCOUNTING@SPECIALIZEDREG.COM,417 W MLK BLVD STE 230,Beverly White,,,417 W MLK BLVD STE 230,,BENTONVILLE HOUSING LLC,72701,,accounting@specializedreg.com,,,BEVERLY WHITE,
Airetech,Y,72315,BLYTHEVILLE,Y,AR,2236,3297,US,,,NaT,AR,,,READY,,,BLYTHEVILLE,NET 30,ARKANSAS NORTHEASTERN COLLEGE,+18707621020,,MEDIUM,70,accountspayable@smail.anc.edu,,,ACCOUNTSPAYABLE@SMAIL.ANC.EDU,PO BOX 1109,Tina Moody,,,PO BOX 1109,,ARKANSAS NORTHEASTERN COLLEGE,72315,,accountspayable@smail.anc.edu,,,TINA MOODY,
Airetech,Y,72901,FORT SMITH,N,AR,2237,3298,US,,,NaT,,,,READY,,,,NET 30,REXEL USA,+14792896253,,HIGH,100,,,84585951-SLS,2800 SOUTH ZERO ST,FORT SMITH AR,,,,2800 S ZERO ST,,REXEL USA,72901,,,,84585951-SLS,,
Airetech,Y,72018,BENTON,Y,AR,2238,3299,US,,,NaT,AR,,,READY,,,BENTON,NET 30,GOLDEN STANDARD CONSTRUCTION,,,MEDIUM,70,admin@gsc26.net,,,ADMIN@GSC26.NET,PO BOX 109,Skye Tedder,,,PO BOX 109,,GOLDEN STANDARD CONSTRUCTION,72018,,admin@gsc26.net,,,SKYE TEDDER,
Airetech,Y,72450,PARAGOULD,Y,AR,2239,3300,US,,,2026-01-09 05:22:48,,,,READY,,,,NET 30,EDGAR ELECTRIC,+18704500616,,HIGH,80,,,,2300 N 12TH AVE,PARAGOULD AR,Shane Ballard,,,2300 N 12TH AVE,,EDGAR ELECTRIC,72450,,,,,SHANE BALLARD,
Airetech,Y,74014,BROKEN ARROW,Y,OK,2240,3301,US,,,NaT,OK,,,READY,,,BROKEN ARROW,NET 30,MG HEAT & AIR LLC,+19182327426,,HIGH,100,gonzalezmario918@yahoo.com,,,GONZALEZMARIO918@YAHOO.COM,6531 S 275TH E AVE,Mario Gonzalez,,,6531 S 275TH E AVE,,MG HEAT AND AIR LLC,74014,,gonzalezmario918@yahoo.com,,,MARIO GONZALEZ,
Airetech,Y,71602,PINE BLUFF,Y,AR,2241,3302,US,,,2026-01-09 05:22:52,AR,+18702471622,,READY,,,PINE BLUFF,NET 30,KISWIRE PINE BLUFF INC,+18702472444,,HIGH,80,ricky.hayes@kiswirepb.com,,00127184-SLS,DAVID.HARRIS@KISWIREPB.COM,5100 INDUSTRIAL DRIVE SOUTH,David Harris,Christie Hoffman,870-247-1622,5100 INDUSTRIAL DR S,,KISWIRE PINE BLUFF INC,71602,,ricky.hayes@kiswirepb.com,,00127184-SLS,DAVID HARRIS,CHRISTIE HOFFMAN
Airetech,Y,74401,MUSKOGEE,Y,OK,2242,3303,US,,,2026-01-09 05:22:54,OK,,,READY,,,MUSKOGEE,NET 30,M ROSS INC,+19186851601,,HIGH,80,jan.mrossinc@outlook.com,,,JAN.MROSSINC@OUTLOOK.COM,3441 WEST 46TH STREET SOUTH,Jan Ross,,,3441 W 46TH ST S,,M ROSS INC,74401,,jan.mrossinc@outlook.com,,,JAN ROSS,
Airetech,Y,08501,ALLENTOWN,Y,NJ,2243,3304,US,,,NaT,JERSEY,,,READY,,,ALLENTOWN NEW,NET 30,ALLENTOWN LLC,+16092597951,,HIGH,100,invoices@allentowninc.com,,,INVOICES@ALLENTOWNINC.COM,165 ROUTE 526,Mark Lecher,,,165 ROUTE 526,,ALLENTOWN LLC,8501,,INVOICES@ALLENTOWNINC.COM,,,MARK LECHER,
Airetech,Y,56258,MARSHALL,Y,MN,2244,3305,US,DBA SCHWANS COMPANY,,2026-01-09 05:22:59,MN,,,READY,,,MARSHALL,NET 30,SFC GLOBAL SUPPLY CHAIN INC,+15075378214,,HIGH,80,,,SCU-10021010,DBA SCHWANS COMPANY,115 WEST COLLEGE DRIVE,Keith Hoffbeck,,,115 W COLLEGE DR,,SFC GLOBAL SUPPLY CHAIN INC,56258,,,,SCU-10021010,KEITH HOFFBECK,
Airetech,Y,77060,HOUSTON,Y,TX,2245,3306,US,STE 1100,,2026-01-09 05:23:01,TX,,,READY,,,HOUSTON,NET 30,PELLUCERE TECHNOLIGIES INC,+18337808800,,HIGH,80,,,,363 N SAM HOUSTON PKWY E,SUITE 1100,Jennifer Rowland,,,363 N SAM HOUSTON PKWY E,,PELLUCERE TECHNOLIGIES INC,77060,,,,,JENNIFER ROWLAND,
Airetech,Y,72730,FARMINGTON,Y,AR,2246,3307,US,,,2026-01-09 05:23:03,AR,,,READY,,,FARMINGTON,NET 30,SUPER COOL HEATING & AIR LLC,+14798465600,,HIGH,80,supcool.inv@gmail.com,,78885697-001,SUPCOOL.INV@GMAIL.COM,12898 S ERVAN BEEKS RD,Allison,,,12898 S ERVAN BEEKS RD,,SUPER COOL HEATING AND AIR LLC,72730,,supcool.inv@gmail.com,,78885697-001,ALLISON,
Airetech,Y,72833,DANVILLE,Y,AR,2247,3308,US,,,NaT,AR,+14794956299,,READY,,,DANVILLE,NET 30,CHAMBERS MEMORIAL HOSPITAL,+14794956285,,MEDIUM,70,ap@chambershospital.com,,00070054-002,AP@CHAMBERSHOSPITAL.COM,PO BOX 639,Kayla Walker,,479-495-6299,PO BOX 639,,CHAMBERS MEMORIAL HOSPITAL,72833,,ap@chambershospital.com,,00070054-002,KAYLA WALKER,
Airetech,Y,74066,SAPULPA,Y,OK,2248,3309,US,,,2026-01-09 05:23:05,OK,,,READY,,,SAPULPA,NET 30,PATRIOT MECHANICAL CONTRACTOR LLC,+19185128355,,HIGH,80,billing@patriotmech.net,,,BILLING@PATRIOTMECH.NET,1001 N 9TH ST SUITE C,Leanna Blevins,,,1001 N 9TH ST STE C,,PATRIOT MECHANICAL CONTRACTOR LLC,74066,,billing@patriotmech.net,,,LEANNA BLEVINS,
Airetech,Y,75019,COPPELL,Y,TX,2249,3310,US,DBA ALEXA SPRINGS INC,,NaT,TX,,,READY,,,COPPELL,NET 30,TST IMPRESO INC,+14696132550,,MEDIUM,70,,,00118390-SLS,DBA ALEXA SPRINGS INC,PO BOX 506,Doreen Halligan,,,PO BOX 506,,TST IMPRESO INC,75019,,,,00118390-SLS,DOREEN HALLIGAN,
Airetech,Y,80934-6729,COLORADO SPRINGS,Y,CO,2250,3311,US,,,NaT,CO,,,READY,,,COLORADO SPRINGS,NET 30,COBB MECHANICAL CONTRACTORS,+17194718958,,MEDIUM,70,apinvoices@cobbmechanical.com,,,APINVOICES@COBBMECHANICAL.COM,PO BOX 6729,Tom Cobb,,,PO BOX 6729,,COBB MECHANICAL CONTRACTORS,80934-6729,,apinvoices@cobbmechanical.com,,,TOM COBB,
Airetech,Y,,,Y,,2251,3312,US,,,NaT,,,,REVIEW,,,,NET 30,KERRIE LE,+14178600459,,LOW,20,kerrie@reecenichols.com,,,KERRIE@REECENICHOLS.COM,,Kerrie Le,,,,,KERRIE LE,,,kerrie@reecenichols.com,,,KERRIE LE,
Airetech,Y,74055,OWASSO,Y,OK,2252,3313,US,,,NaT,OK,,,READY,,,OWASSO,NET 30,FUEL MECHANICAL LLC,+19189912324,,MEDIUM,70,fuelmechanicalok@gmail.com,,,FUELMECHANICALOK@GMAIL.COM,PO BOX 2079,Daniel Perez,,,PO BOX 2079,,FUEL MECHANICAL LLC,74055,,fuelmechanicalok@gmail.com,,,DANIEL PEREZ,
Airetech,Y,,,N,,2253,3314,US,,,NaT,,,,REVIEW,,,,,KIRTI MODI,,,LOW,20,,,,CC CUTOMER,,,,,,,KIRTI MODI,,,,,,,
Airetech,Y,72703,FAYETTEVILLE,Y,AR,2254,3315,US,,,2026-01-09 05:23:11,,+14794433642,,READY,,,,NET 30,HTP CONSTRUCTION,+14793058895,,HIGH,80,,,,68 W JOYCE BLVD,FAYETTEVILLE AR,Scott Hill,,479-443-3642,68 W JOYCE BLVD,,HTP CONSTRUCTION,72703,,,,,SCOTT HILL,
Airetech,Y,72631,EUREKA SPRINGS,Y,AR,2255,3316,US,,,NaT,AR,,,READY,,,EUREKA SPRINGS,NET 30,ADKINS REFRIGERATION,+14792539776,,HIGH,100,adkinsref@gmail.com,,,ADKINSREF@GMAIL.COM,5579 AR-23 NORTH,Danny Beeson,,,5579 AR-23 N,,ADKINS REFRIGERATION,72631,,adkinsref@gmail.com,,,DANNY BEESON,
Airetech,Y,74146,TULSA,Y,OK,2256,3317,US,,,2026-01-09 05:23:15,OK,,,READY,,,TULSA,NET 30,BDI USA,+18448542611,,HIGH,80,jmguzman@bdiworldwide.com,,,JMGUZMAN@BDIWORLDWIDE.COM,5634 S 122ND E AVE STE A,John Guzman,,,5634 S 122ND E AVE STE A,,BDI USA,74146,,jmguzman@bdiworldwide.com,,,JOHN GUZMAN,
Airetech,Y,72058,GREENBRIER,Y,AR,2257,3318,US,,,NaT,AR,,,READY,,,GREENBRIER,NET 30,STEEP CREEK LLC,+15012912282,,MEDIUM,70,office@steepcreekllc.com,,,OFFICE@STEEPCREEKLLC.COM,PO BOX 1089,Hannah Griffin,,,PO BOX 1089,,STEEP CREEK LLC,72058,,office@steepcreekllc.com,,,HANNAH GRIFFIN,
Airetech,Y,28202,CHARLOTTE,N,NC,2258,3319,US,,,2026-01-09 05:23:17,28202,,,READY,,,CHARLOTTE NC,NET 30,HONEYWELL INTERNATIONAL INC,+18777222390,,HIGH,80,,,,EMAIL,300 SOUTH TRYON ST,,,,300 S TRYON ST,,HONEYWELL INTERNATIONAL INC,,,,,,,
Airetech,Y,53022,GERMANTOWN,N,WI,2295,3358,US,,,2026-01-09 05:24:16,,+12629467401,,READY,,,,NET 30,DESERT AIRE,+12629467400,,HIGH,80,,,,N120 W18485 FREISTADT RD,GERMANTOWN WI,,,262-946-7401,N120 W18485 FREISTADT RD,,DESERT AIRE,53022,,,,,,
Airetech,Y,72086,LONOKE,Y,AR,2259,3320,US,DBA REMINGTON,,NaT,AR,,,READY,,,LONOKE,NET 30,AMMUNITION OPERATIONS LLC,+15016764282,,HIGH,100,,,54669657,DBA REMINGTON,2592 ARKANSAS HWY 15N,Beth Nichols,,,2592 ARKANSAS HWY 15N,,AMMUNITION OPERATIONS LLC,72086,,,,54669657,BETH NICHOLS,
Airetech,Y,71611,PINE,N,AR,2260,3321,US,,,NaT,,,,READY,,,,NET 30,CENTRAL MOLONEY LLC,+18705345332,,MEDIUM,70,,,15048680002,PO BOX 6608,PINE BLUFF AR,Susan Moak,,,PO BOX 6608,,CENTRAL MOLONEY LLC,71611,,,,15048680002,SUSAN MOAK,
Airetech,Y,74132,TULSA,Y,OK,2261,3322,US,,,NaT,OK,,,READY,,,TULSA,,TROY PICKENS,+12144993634,,HIGH,100,troy@0907@gmail.com,,10451674-03,TROY@0907@GMAIL.COM,2101 W 101 STREET,Troy Pickens,,,2101 W 101 ST,,TROY PICKENS,74132,,troy@0907@gmail.com,,10451674-03,TROY PICKENS,
Airetech,Y,46278,INDIANAPOLIS,Y,IN,2262,3323,US,,,2026-01-09 05:23:24,IN,,,READY,,,INDIANAPOLIS,NET 30,FINK & COMPANY INC,+13176391551,,HIGH,80,adriane@finkandcompany.com,,30007936,ADRIANE@FINKANDCOMPANY.COM,5652 W 74TH ST,Adriane Fink,,,5652 W 74TH ST,,FINK AND COMPANY INC,46278,,adriane@finkandcompany.com,,30007936,ADRIANE FINK,
Airetech,Y,72635,GASSVILLE,N,AR,2263,3324,US,,,NaT,,,,READY,,,,NET 30,JUSTIN FEW,+18704218202,,HIGH,100,,,,36 FEW LANE,GASSVILLE AR,,,,36 FEW LN,,JUSTIN FEW,72635,,,,,,
Airetech,Y,85615,HEREFORD,Y,AZ,2264,3325,US,,,NaT,AZ,,,READY,,,HEREFORD,NET 30,RONCO ENTERPRISE LLC,+19185415520,,HIGH,100,roncoenterprise@gmail.com,,,RONCOENTERPRISE@GMAIL.COM,5998 S RANCH RD,Kathy,,,5998 S RANCH RD,,RONCO ENTERPRISE LLC,85615,,roncoenterprise@gmail.com,,,KATHY,
Airetech,Y,70809,BATON ROUGE,Y,LA,2265,3326,US,DBA MOORE SUPPLY COMPANY,,NaT,LA,,,READY,,,BATON ROUGE,NET 30,HAJOCA CORPORATION,+16106491430,,HIGH,100,,,,DBA MOORE SUPPLY COMPANY,10705 RIEGER RD STE 200,Chad Cook,,,10705 RIEGER RD STE 200,,HAJOCA CORPORATION,70809,,,,,CHAD COOK,
Airetech,Y,74131-3823,TULSA,Y,OK,2266,3327,US,,,NaT,OK,,,READY,,,TULSA,,SAGEBRUSH PIPELINE EQUIPMENT CO,+19185515600,,HIGH,100,kasey.wagnon@sagebrushpl.com,,10085574-05,kasey.wagnon@sagebrushpl.com,8101 STATE HIGHWAY 66,Kasey Wagnon,,,8101 STATE HWY 66,,SAGEBRUSH PIPELINE EQUIPMENT CO,74131-3823,,kasey.wagnon@sagebrushpl.com,,10085574-05,KASEY WAGNON,
Airetech,Y,30115,CANTON,Y,GA,2267,3328,US,,,NaT,GA,,,READY,,,CANTON,NET 30,PLACE SERVICES INC,+16788804777,,HIGH,100,invoices@psi.works,,,INVOICES@PSI.WORKS,201 GATEWAY DRIVE,Marty Marankie,,,201 GATEWAY DR,,PLACE SERVICES INC,30115,,invoices@psi.works,,,MARTY MARANKIE,
Airetech,Y,75104,CEDAR HILL,Y,TX,2268,3329,US,,,2026-01-09 05:23:36,TX,+19724099949,,READY,,,CEDAR HILL,NET 30,MJB WOOD GROUP LLC,+19724010005,,HIGH,80,,,,1585 HIGH MEADOWS WAY,,Travis Wood,,972-409-9949,1585 HIGH MEADOWS WAY,,MJB WOOD GROUP LLC,75104,,,,,TRAVIS WOOD,
Airetech,Y,74136,TULSA,Y,OK,2269,3330,US,,,2026-01-09 05:23:38,OK,,,READY,,,TULSA,NET 30,EVANS MECHANICAL,+19185502385,,HIGH,80,tiffany@evansmechanicalok.com,,,TIFFANY@EVANSMECHANICALOK.COM,8092 S YALE AVE #110,Tiffany Hemmert,,,8092 S YALE AVE #110,,EVANS MECHANICAL,74136,,tiffany@evansmechanicalok.com,,,TIFFANY HEMMERT,
Airetech,Y,72173,VILONIA,Y,AR,2270,3331,US,,,NaT,AR,,,READY,,,VILONIA,NET 30,SOUTHERN BREEZE HVAC,+15015054015,,HIGH,100,sscahvac@yahoo.com,,,SSCAHVAC@YAHOO.COM,136 BROWN RD,Holley Nichols,,,136 BROWN RD,,SOUTHERN BREEZE HVAC,72173,,sscahvac@yahoo.com,,,HOLLEY NICHOLS,
Airetech,Y,72117,NORTH,Y,AR,2271,3332,US,,,NaT,,+15019781822,,READY,,,,NET 30,ARKANSAS DERMATOLOGY,+15015370416,,HIGH,100,,,,4261 STOCKON DRIVE STE 200,NORTH LITTLE ROCK AR,Megan Finney,,501-978-1822,4261 STOCKON DR STE 200,,ARKANSAS DERMATOLOGY,72117,,,,,MEGAN FINNEY,
Airetech,Y,84104,SALT LAKE CITY,Y,UT,2272,3333,US,,,NaT,UT,+18014124196,,READY,,,SALT LAKE CITY,NET 30,COMFORT SYSTEMS USA INTERMOUNTAIN,+18019076700,,HIGH,100,intermountain.ap@csusai.com,,,INTERMOUNTAIN.AP@CSUSAI.COM,2035 S MILESTONE DR,Alayne Timpson,,801-412-4196,2035 S MILESTONE DR,,COMFORT SYSTEMS USA INTERMOUNTAIN,84104,,intermountain.ap@csusai.com,,,ALAYNE TIMPSON,
Airetech,Y,72076,JACKSONVILLE,Y,AR,2273,3334,US,,,NaT,AR,,,READY,,,JACKSONVILLE,NET 30,ALL WEATHER HEATING & AIR LLC,+15012476380,,HIGH,100,allweatherair@comcast.net,,,ALLWEATHERAIR@COMCAST.NET,114 VAUN DRIVE,Antonio Rayfus,,,114 VAUN DR,,ALL WEATHER HEATING AND AIR LLC,72076,,allweatherair@comcast.net,,,ANTONIO RAYFUS,
Airetech,Y,,,Y,,2274,3335,US,,,NaT,,,,REVIEW,,,,NET 30,RED 5 CONSTRUCTION,+14795860299,,LOW,20,asteele@red5co.com,,,ASTEELE@RED5CO.COM,,Ashley Steele,,000-000-0000,,,RED 5 CONSTRUCTION,,,asteele@red5co.com,,,ASHLEY STEELE,
Airetech,Y,72758,ROGERS,Y,AR,2275,3336,US,,,2026-01-09 05:23:50,AR,,,READY,,,ROGERS,,PENNY AIR SOLUTIONS LLC,+14792208007,,HIGH,80,shaun.pasdoc@dext.cc,,55903151-SLS,SHAUN.PASDOC@DEXT.CC,6306 S 49TH STREET,Shaun Penny,,,6306 S 49TH ST,,PENNY AIR SOLUTIONS LLC,72758,,shaun.pasdoc@dext.cc,,55903151-SLS,SHAUN PENNY,
Airetech,Y,72417,BROOKLAND,Y,AR,2276,3337,US,,,2026-01-09 05:23:52,AR,,,READY,,,BROOKLAND,,BROOKLAND PUBLIC SCHOOLS,+18709322080,,HIGH,80,,,,200 WEST SCHOOL STREET,,Heather Huffmaster,,,200 W SCHOOL ST,,BROOKLAND PUBLIC SCHOOLS,72417,,,,,HEATHER HUFFMASTER,
Airetech,Y,72521,CAVE CITY,Y,AR,2277,3338,US,,,NaT,AR,,,READY,,,CAVE CITY,NET 30,UNIFIRST CORPORATION,+18702835361,,MEDIUM,70,candice_stout@unifirst.com,,,CANDICE_STOUT@UNIFIRST.COM,PO BOX 550,Candice Stout,,,PO BOX 550,,UNIFIRST CORPORATION,72521,,candice_stout@unifirst.com,,,CANDICE STOUT,
Airetech,Y,72113,NORTH,Y,AR,2278,3339,US,,,2026-01-09 05:23:53,,,,READY,,,,NET 30,WESTROCK COFFEE ROASTING LLC,+15019751514,,HIGH,80,,,,30 COLLINS INDUSTRIAL PLACE,NORTH LITTLE ROCK AR,Beverly Hughes,,,30 COLLINS INDUSTRIAL PL,,WESTROCK COFFEE ROASTING LLC,72113,,,,,BEVERLY HUGHES,
Airetech,Y,72117,NORTH LITTLE ROCK,Y,AR,2279,3340,US,,,2026-01-09 05:23:55,AR,,,READY,,,NORTH LITTLE ROCK,,INNOVATIVE POWER SOLUTIONS LLC,+15018519990,,HIGH,80,accounting@innpower.com,,,ACCOUNTING@INNPOWER.COM,4101 RICHARDS RD,Joanna White,,,4101 RICHARDS RD,,INNOVATIVE POWER SOLUTIONS LLC,72117,,accounting@innpower.com,,,JOANNA WHITE,
Airetech,Y,64108,KANSAS CITY,Y,MO,2280,3341,US,,,2026-01-09 05:23:57,MO,,,READY,,,KANSAS CITY,NET 30,CENTRIC,+18168076146,,HIGH,80,jerad.marrs@centric.build,,,JERAD.MARRS@CENTRIC.BUILD,520 W PENNWAY STREET,Jerad Marrs,,000-000-0000,520 W PENNWAY ST,,CENTRIC,64108,,jerad.marrs@centric.build,,,JERAD MARRS,
Airetech,Y,60162,HILLSIDE,Y,IL,2281,3342,US,,,NaT,IL,+17085404556,,READY,,,HILLSIDE,NET 30,MIDWEST APPLIED SOLUTIONS INC,+17085404555,,HIGH,100,,,3735-3950,30 N WOLF ROAD FIRST FLOOR,,Deb Craggs,,708-540-4556,30 N WOLF RD FIRST FL,,MIDWEST APPLIED SOLUTIONS INC,60162,,,,3735-3950,DEB CRAGGS,
Airetech,Y,97071,WOODBURN,Y,OR,2282,3343,US,DBA BRUCEPAC,,NaT,OR,,,READY,,,WOODBURN,,BRUCE PACKING COMPANY INC,+15038743000,,MEDIUM,70,,,STS-14593141,DBA BRUCEPAC,PO BOX 588,Kimber Jones,,,PO BOX 588,,BRUCE PACKING COMPANY INC,97071,,,,STS-14593141,KIMBER JONES,
Airetech,Y,74105,TULSA,Y,OK,2283,3344,US,,,2026-01-09 05:24:01,OK,,,READY,,,TULSA,NET 30,ASCEND COMMERCIAL BUILDERS,+19182604755,,HIGH,80,kyle@ascendok.com,,,KYLE@ASCENDOK.COM,4870 S LEWIS AVE SUITE 120,Kyle Jackson,,,4870 S LEWIS AVE STE 120,,ASCEND COMMERCIAL BUILDERS,74105,,kyle@ascendok.com,,,KYLE JACKSON,
Airetech,Y,23150,SANDSTON,Y,VA,2284,3345,US,DBA PROCESS DESGIN AND SERVICE,,NaT,VA,,,READY,,,SANDSTON,NET 30,CHICKAHOMINY BUSINESS DEVELOPMENT,+18045193276,,HIGH,100,,,51085,DBA PROCESS DESGIN AND SERVICE,6713 THICKET PLACE,Greg Barlage,,,6713 THICKET PL,,CHICKAHOMINY BUSINESS DEVELOPMENT,23150,,,,51085,GREG BARLAGE,
Airetech,Y,71943,GLENWOOD,Y,AR,2285,3346,US,,,NaT,AR,,,READY,,,GLENWOOD,NET 30,BLACKMON OIL COMPANY INC,+18703562131,,MEDIUM,70,accounting@blackmonoil.com,,,ACCOUNTING@BLACKMONOIL.COM,PO BOX 469,Carolyn Forga,,,PO BOX 469,,BLACKMON OIL COMPANY INC,71943,,accounting@blackmonoil.com,,,CAROLYN FORGA,
Airetech,Y,72202,LITTLE ROCK,Y,AR,2286,3347,US,DBA CAMP BOW WOW BENTON-BRYANT,,2026-01-09 05:24:04,AR,,,READY,,,LITTLE ROCK,,BLACK DOG MANAGEMENT LLC,+15013175324,,HIGH,80,,,,DBA CAMP BOW WOW BENTON-BRYANT,1 ALLIED SUITE 2220,Leah Lile,,,1 ALLIED STE 2220,,BLACK DOG MANAGEMENT LLC,72202,,,,,LEAH LILE,
Airetech,Y,72203,LITTLE ROCK,Y,AR,2287,3349,US,,,NaT,AR,,,READY,,,LITTLE ROCK,NET 30,GARDENS OF SOMERSET LLC,+13183728348,,MEDIUM,70,ahughes@mahc.net,,,AHUGHES@MAHC.NET,PO BOX 3457,Arlene Hughes,,,PO BOX 3457,,"GARDENS OF SOMERSET, LLC",72203,,ahughes@mahc.net,,,ARLENE HUGHES,
Airetech,Y,72116,NORTH LITTLE ROCK,Y,AR,2288,3350,US,,,2026-01-09 05:24:05,AR,+15017534046,,READY,,,NORTH LITTLE ROCK,NET 30,T ALVIN EANES BUILDING COMPANY INC,+15017583979,,HIGH,80,seanes4@comcast.net,,,SEANES4@COMCAST.NET,5 SHADY VALLEY CT,Susan Eanes,,501-753-4046,5 SHADY VALLEY CT,,T ALVIN EANES BUILDING COMPANY INC,72116,,seanes4@comcast.net,,,SUSAN EANES,
Airetech,Y,74133,TULSA,Y,OK,2289,3351,US,DBA DUVALL PLUMBING CO,,2026-01-09 05:24:08,OK,,,READY,,,TULSA,,HOMETOWN SERVICES INC,+19189910123,,HIGH,80,,,,DBA DUVALL PLUMBING CO,11059 S MEMORIAL DRIVE,Jenna Fogg,,,11059 S MEMORIAL DR,,HOMETOWN SERVICES INC,74133,,,,,JENNA FOGG,
Airetech,Y,92408,SAN BERNARDINO,N,CA,2290,3352,US,,,2026-01-09 05:24:09,CA,,,READY,,,SAN BERNARDINO,NET 30,HAYDEN INDUSTRIAL LLC,+19517362614,,HIGH,80,,,15954460-05,625 E CARNEGIE SUITE 105,,Stephen Le,,,625 E CARNEGIE STE 105,,HAYDEN INDUSTRIAL LLC,92408,,,,15954460-05,STEPHEN LE,
Airetech,Y,71902,HOT SPRINGS,Y,AR,2291,3353,US,,,NaT,AR,+15012094202,,READY,,,HOT SPRINGS,NET 30,WILSON ENTERPRISES INC,+15015026112,,MEDIUM,70,,,,PO BOX 6480,,Jordan Bradbury,,501-209-4202,PO BOX 6480,,WILSON ENTERPRISES INC,71902,,,,,JORDAN BRADBURY,
Airetech,Y,72120,SHERWOOD,Y,AR,2292,3355,US,,,2026-01-09 05:24:11,AR,,,READY,,,SHERWOOD,NET 30,APEX CONTRACTORS OF ARKANSAS LLC,+15018354151,,HIGH,80,shelby@apexcontractorsllc.net,,,SHELBY@APEXCONTRACTORSLLC.NET,150 BROCKINGTON RD,Shelby Neuhofel,,,150 BROCKINGTON RD,,APEX CONTRACTORS OF ARKANSAS LLC,72120,,shelby@apexcontractorsllc.net,,,SHELBY NEUHOFEL,
Airetech,Y,72209,LITTLE ROCK,Y,AR,2293,3356,US,DBA ARKANSAS DOOR SALES,,NaT,AR,,,READY,,,LITTLE ROCK,NET 30,GRIDLEY HOLDINGS LLC,+15019162660,,HIGH,100,,,,DBA ARKANSAS DOOR SALES,8716 INTERSTATE 30,Brad Gridley,,,8716 INTERSTATE 30,,GRIDLEY HOLDINGS LLC,72209,,,,,BRAD GRIDLEY,
Airetech,Y,74344,GROVE,Y,OK,2294,3357,US,,,2026-01-09 05:24:15,OK,,,READY,,,GROVE,NET 30,JACOBS MANUFACTURING CORP,+19187876606,,HIGH,80,steph@jacobsmfgcorp.com,,,STEPH@JACOBSMFGCORP.COM,499 INDUSTRIAL RD,Michael Jacobs,,,499 INDUSTRIAL RD,,JACOBS MANUFACTURING CORP,74344,,steph@jacobsmfgcorp.com,,,MICHAEL JACOBS,
Airetech,Y,73072,NORMAN,Y,OK,2296,3359,US,,,NaT,,,,READY,,,,NET 30,AIR PRODUCTS SUPPLY CORPORATION,+14052880233,,HIGH,100,,,,651 W ADKNIS HILL ROAD,NORMAN OK,Barbara Madden,,,651 W ADKNIS HILL RD,,AIR PRODUCTS SUPPLY CORPORATION,73072,,,,,BARBARA MADDEN,
Airetech,Y,72019,BENTON,Y,AR,2297,3360,US,DOUG MAYS,,NaT,AR,,,READY,,,BENTON,NET 30,S&G HEATING & COOLING LLC,,,HIGH,100,,,,DOUG MAYS,4002 FAIRPLAY ROAD,Doug Mays,,,4002 FAIRPLAY RD,,S&G HEATING AND COOLING LLC,72019,,,,,DOUG MAYS,
Airetech,Y,72223,LITTLE ROCK,Y,AR,2298,3361,US,,,NaT,AR,,,READY,,,LITTLE ROCK,NET 30,SWEDE CONSTRUCTION INC,+15015293822,,HIGH,100,grant@swedeconstruction.com,,,GRANT@SWEDECONSTRUCTION.COM,17915 AGEE LANE,Grant Swede,,,17915 AGEE LN,,SWEDE CONSTRUCTION INC,72223,,grant@swedeconstruction.com,,,GRANT SWEDE,
Airetech,Y,66725,COLUMBUS,N,KS,2299,BAMA-SLIGA,US,CONTACT# 195408-195410,,NaT,KS,,,READY,,,"COLUMBUS,",,BAMA,,,MEDIUM,70,,,NEED LETTER,CONTACT# 195408-195410,PO BOX 350,Sligar Mechanica,,,PO BOX 350,,BAMA,66725,,,,NEED LETTER,C/O SLIGAR MECHANICA,
Airetech,Y,74015,CATOOSA,N,OK,2300,CNB-VISAIR,US,ATTN: CORPORATE CONST DEPT,,2026-01-09 05:24:24,OK,,,READY,,,"CATOOSA,",,CHEROKEE NATION BUSINESSES LLC,,,HIGH,80,,,CHEROKEE NAT,ATTN: CORPORATE CONST DEPT,777 WEST CHEROKEE ST,Vision Air/Lawson,,,777 W CHEROKEE ST,,CHEROKEE NATION BUSINESSES LLC,74015,,,,CHEROKEE NAT,VISION AIR/LAWSON,
Airetech,Y,74015,CATOOSA,N,OK,2301,CNE-ALLENS,US,,,2026-01-09 05:24:25,OK,,,READY,,,CATOOSA,NET 30,CHEROKEE NATION ENTERTAINMENT,+14178637600,,HIGH,80,,,CNE,777 WEST CHEROKEE STREET,,Allen'S Mech,,,777 W CHEROKEE ST,,CHEROKEE NATION ENTERTAINMENT,74015,,,,CNE,C/O ALLEN'S MECH,
Airetech,Y,65109,JEFFERSON CITY,N,MO,2302,CNE-BUTZER,US,C/O HAROLD G BUTZER INC,,2026-01-09 05:24:27,MO,+15736351199,,READY,,,JEFFERSON CITY,NET 30,CHEROKEE NAT ENT LLC,+15736364115,,HIGH,80,,,CNE,721 WICKER LANE,C/O HAROLD G BUTZER INC,Lisa Temmen,,573-635-1199,721 WICKER LN,,CHEROKEE NAT ENT LLC,65109,,,,CNE,LISA TEMMEN,
Airetech,Y,74015,CATOOSA,Y,OK,2303,CNE-MANHAT,US,,,2026-01-09 05:24:28,OK,,,READY,,,CATOOSA,NET 30,CHEROKEE NATION ENTERTAINMENT,+19183177103,,HIGH,80,,,CNE,777 WEST CHEROKEE STREET,,Manhattan Const,,,777 W CHEROKEE ST,,CHEROKEE NATION ENTERTAINMENT,74015,,,,CNE,C/O MANHATTAN CONST,
Airetech,Y,74147,TULSA,N,OK,2304,CNE-MCINTO,US,C/O MCINTOSH SERVICES,,NaT,OK,,,READY,,,TULSA,NET 30,CHEROKEE NATION ENTERTAINMENT,,,MEDIUM,70,,,CNE,PO BOX 472208,C/O MCINTOSH SERVICES,,,,PO BOX 472208,,CHEROKEE NATION ENTERTAINMENT,74147,,,,CNE,,
Airetech,Y,74015,CATOOSA,N,OK,2305,CNE-OCE,US,,,2026-01-09 05:24:30,OK,,,READY,,,CATOOSA,NET 30,CHEROKEE NATION ENTERTAINMENT,+19183177105,,HIGH,80,,,CNE,777 WEST CHEROKEE STREET,,Oce Mechanical,,,777 W CHEROKEE ST,,CHEROKEE NATION ENTERTAINMENT,74015,,,,CNE,C/O OCE MECHANICAL,
Airetech,Y,74015,CATOOSA,N,OK,2306,CNE-PLATIN,US,,,2026-01-09 05:24:31,OK,,,READY,,,CATOOSA,NET 30,CHEROKEE NATION ENTERTAINMENT,,,HIGH,80,,,CNE,777 WEST CHEROKEE STREET,,Platinum Mech,,,777 W CHEROKEE ST,,CHEROKEE NATION ENTERTAINMENT,74015,,,,CNE,C/O PLATINUM MECH,
Airetech,Y,74701,DURANT,N,OK,2307,CNH-MCC,US,,,NaT,OK,,,READY,,,DURANT,NET 30,CNHSA,+14793250348,,HIGH,100,,,TRIBE EXEMPT,3313 A CHOWTAW ROAD,,Mcc Mech Llc,,,3313 A CHOWTAW RD,,CNHSA,74701,,,,TRIBE EXEMPT,C/O MCC MECH LLC,
Airetech,Y,74465,TAHLEQUAH,N,OK,2308,CN-MCINTOS,US,,,NaT,OK,,,READY,,,TAHLEQUAH,NET 30,CHEROKEE NATION,,,MEDIUM,70,,,CN,PO BOX 948,,Mcintosh,,,PO BOX 948,,CHEROKEE NATION,74465,,,,CN,MCINTOSH,
Airetech,Y,74701,DURANT,N,OK,2309,CNO-MCINTO,US,C/O MCINTOSH SERVICES,,NaT,OK,,,READY,,,"DURANT,",,CHOCTAW NATION OF OKLAHOMA,,,HIGH,100,,,NEED LETTER,3651 BIG LOTS PARKWAY,C/O MCINTOSH SERVICES,Mcintosh,,,3651 BIG LOTS PKWY,,CHOCTAW NATION OF OKLAHOMA,74701,,,,NEED LETTER,C/O MCINTOSH,
Airetech,Y,74015-3235,CATOOSA,Y,OK,2310,CNPM-TULAI,US,ATTN: CORP CONST DEPAR,,2026-01-09 05:24:36,OK,,,READY,,,"CATOOSA,",,CHEROKEE NATION PROPERTY MANAGEMENT,,,HIGH,80,,,CNE,ATTN: CORP CONST DEPAR,777 WEST CHEROKEE ST,Tul Air,,,777 W CHEROKEE ST,,CHEROKEE NATION PROPERTY MANAGEMENT,74015-3235,,,,CNE,TUL AIR,
Airetech,Y,74182,TULSA,N,OK,2311,FCS-MCINTO,US,,,2026-01-09 05:24:38,,,,READY,,,,,FAMILY & CHILDRENS SVCS INC,,,HIGH,80,,,895871,650 SOUTH PEORIA,"TULSA, OK",Melissa Folwell,,,650 S PEORIA,,FAMILY AND CHILDRENS SVCS INC,74182,,,,895871,MELISSA FOLWELL,
Airetech,Y,66502,MANHATTAN,N,KS,2312,KPWA-KUHNM,US,,,2026-01-09 05:24:39,KS,,,READY,,,"MANHATTAN,",,KETCHUM PUBLIC WORKS AUTHORITY,+16204419339,,HIGH,80,office@kuhnmechanical.com,,LETTERON62023,OFFICE@KUHNMECHANICAL.COM,2616 TUTTLE CREEK BLVD,Lacy,,,2616 TUTTLE CREEK BLVD,,KETCHUM PUBLIC WORKS AUTHORITY,66502,,office@kuhnmechanical.com,,LETTERON62023,LACY @ KUHN MECH,
Airetech,Y,,,Y,,2313,MISC,US,,,NaT,,,,REVIEW,,,,,***DO NOT DELETE***,,,LOW,20,,,,,,,,,,,***DO NOT DELETE***,,,,,,,
Airetech,Y,74127,TULSA,N,OK,2314,OSAGE-CMW,US,,,2026-01-09 05:24:43,,+13162677684,,READY,,,,,OSAGE NATION,+13162677676,,HIGH,80,,,OSAGE NATION,955 W 36TH ST N,"TULSA, OK",Central Mech Wichita,,3162677684,955 W 36TH ST N,,OSAGE NATION,74127,,,,OSAGE NATION,CENTRAL MECH WICHITA,
Airetech,Y,74124,TULSA,N,OK,2315,OSAGE-PLAT,US,,,2026-01-09 05:24:45,OK,,,READY,,,TULSA,NET 30,OSAGE NATION,,,HIGH,80,,,,955 W 36TH STREET N,,Teressa Snapp,,,955 W 36TH ST N,,OSAGE NATION,74124,,,,,TERESSA SNAPP,
Airetech,Y,74011,BROKEN ARROW,N,OK,2316,RMUA-PLATI,US,,,2026-01-09 05:24:47,OK,,,READY,,,"BROKEN ARROW,",,RMUA,+19188221635,,HIGH,80,,,,11601 S GARNETT ROAD,,Platinum Mech,,,11601 S GARNETT RD,,RMUA,74011,,,,,C/O PLATINUM MECH,
Airetech,Y,74134,TULSA,N,OK,2317,TCPFA-OMNI,US,,,2026-01-09 05:24:48,,,,READY,,,,,TULSA COUNTY PUBLIC FACILITIES AUTH,,,HIGH,80,,,NEED PERMIT,5918 S 129TH E AVE,"TULSA, OK",Omni Mech Ap,,,5918 S 129TH E AVE,,TULSA COUNTY PUBLIC FACILITIES AUTH,74134,,,,NEED PERMIT,OMNI MECH AP,
Airetech,Y,74114,TULSA,N,OK,2318,TCPFA-PLAT,US,C/O PLATINUM MECHANICAL,,2026-01-09 05:24:50,OK,,,READY,,,TULSA,NET 30,TULSA COUNTY PUBLIC FACILITIES AUTH,,,HIGH,80,,,,4145 E 21ST STREET,C/O PLATINUM MECHANICAL,Platinum Mechanical,,,4145 E 21ST ST,,TULSA COUNTY PUBLIC FACILITIES AUTH,74114,,,,,PLATINUM MECHANICAL,
Airetech,Y,74103,TULSA,N,OK,2319,TMUA-MCINT,US,,,2026-01-09 05:24:52,,,,READY,,,,,TMUA,,,HIGH,80,,,TMUA-LETTER,"175 E 2ND STREET, SUITE 1400","TULSA, OK",Mcintosh,,,175 E 2ND ST STE 1400,,TMUA,74103,,,,TMUA-LETTER,C/O MCINTOSH,
Airetech,Y,,,Y,,2320,U999,US,,,NaT,,,,REVIEW,,,,,UNASSIGNED,,,LOW,20,,,,,,,,,,,UNASSIGNED,,,,,,,
