Due Date,Trx Date,Po Number,Payment Term,Invoice Amount,Customer Address,Salesperson Name,Transaction Type,Trx Number/ Cross Ref,Sales credit percentage,Customer Name (Only Bill to/ No Ship To)
Due Date,Date,P. O. #,Terms,Open Balance,Name Address,,Type,Num,,Name
2026-03-08 00:00:00,2026-02-06 00:00:00,Microsoft EAT12,Net 30,5066.89,"Attn: Austin Koerner PO Box 410 Schofield, WI 54476",House Account,Invoice,245224,1,Greenheck Fan Corporation
2026-03-28 00:00:00,2026-02-26 00:00:00,Microsoft EAT12,Net 30,10439,"Attn: Austin Koerner PO Box 410 Schofield, WI 54476",House Account,Invoice,246070,1,Greenheck Fan Corporation
2026-02-28 00:00:00,2026-01-29 00:00:00,690185,Net 30,197.9,"PO Box 47983 Seattle, WA 98146 USA",House Account,Invoice,244299,1,"MacDonald-Miller Facility Solutions, Inc.:MAC-Special Projects"
2026-02-28 00:00:00,2026-01-29 00:00:00,690185,Net 30,55.28,"PO Box 47983 Seattle, WA 98146 USA",House Account,Invoice,244299-1,1,"MacDonald-Miller Facility Solutions, Inc.:MAC-Special Projects"
2026-02-28 00:00:00,2026-01-29 00:00:00,690185,Net 30,81.34,"PO Box 47983 Seattle, WA 98146 USA",House Account,Invoice,244299-2,1,"MacDonald-Miller Facility Solutions, Inc.:MAC-Special Projects"
2026-02-28 00:00:00,2026-01-29 00:00:00,25-484,Net 30,123.65,"430 SW 153rd St Burien, WA 98166 USA",House Account,Invoice,244776-1,1,Enviromech:Enviromech - Special Projects
2026-02-28 00:00:00,2026-01-29 00:00:00,25-484,Net 30,77.46,"430 SW 153rd St Burien, WA 98166 USA",House Account,Invoice,244776,1,Enviromech:Enviromech - Special Projects
2026-02-28 00:00:00,2026-01-29 00:00:00,670505,Net 30,90.35,"PO Box 47983 Seattle, WA 98146 USA",House Account,Invoice,244706,1,"MacDonald-Miller Facility Solutions, Inc.:MAC-Special Projects"
2026-02-28 00:00:00,2026-01-29 00:00:00,670145,Net 30,430.48,"PO Box 47983 Seattle, WA 98146 USA",House Account,Invoice,244704,1,"MacDonald-Miller Facility Solutions, Inc.:MAC-Special Projects"
2026-02-28 00:00:00,2026-01-29 00:00:00,689703,Net 30,602.8,"PO Box 47983 Seattle, WA 98146 USA",House Account,Invoice,244625,1,"MacDonald-Miller Facility Solutions, Inc.:MAC-Special Projects"
2026-02-28 00:00:00,2026-01-29 00:00:00,305597,Net 30,32.12,"1420 Maple Ave SW Renton, WA 98057 USA",House Account,Invoice,244382,1,Vital Mechanical Service:Vit-Vital Mechanical Special Projects
2026-02-28 00:00:00,2026-01-29 00:00:00,305597,Net 30,217.36,"1420 Maple Ave SW Renton, WA 98057 USA",House Account,Invoice,244382-1,1,Vital Mechanical Service:Vit-Vital Mechanical Special Projects
2026-03-11 00:00:00,2026-02-09 00:00:00,Car Wash,Net 30,1896,"4426 221st Place NE Redmond, WA 98053 USA",House Account,Invoice,245163,1,Perfect Climate:Perfect Climate GOF
2026-02-28 00:00:00,2026-01-29 00:00:00,60940726,Net 30,99,"C/o Dorse & Company 5000 1st Ave S Seattle, WA 98134",House Account,Invoice,244695,1,Acco Engineered Systems (401856):ACC-ACCO Small Projects (401856)
2026-02-28 00:00:00,2026-01-29 00:00:00,Klee Lofts,Net 30,240.06,"PO Box 760 Sumner, WA 98390 USA",House Account,Invoice,244666,1,Farrington Air Quality Services
2026-02-28 00:00:00,2026-01-29 00:00:00,689898,Net 30,264,"PO Box 47983 Seattle, WA 98146 USA",House Account,Invoice,244624,1,"MacDonald-Miller Facility Solutions, Inc.:MAC-Special Projects"
2026-02-28 00:00:00,2026-01-29 00:00:00,706608,Net 30,57.49,"19430 68Th Ave S Suite B Kent, WA 98032",House Account,Invoice,244637,1,Key Mechanical - WA:Key-Small Projects
2026-02-28 00:00:00,2026-01-29 00:00:00,690477,Net 30,402,"PO Box 47983 Seattle, WA 98146 USA",House Account,Invoice,244721,1,"MacDonald-Miller Facility Solutions, Inc.:MAC-Special Projects"
2026-02-28 00:00:00,2026-01-29 00:00:00,706544,Net 30,1160,"19430 68Th Ave S Suite B Kent, WA 98032",House Account,Invoice,244636,1,Key Mechanical - WA:Key-Small Projects
2026-02-28 00:00:00,2026-01-29 00:00:00,689555,Net 30,736,"PO Box 47983 Seattle, WA 98146 USA",House Account,Invoice,244592,1,"MacDonald-Miller Facility Solutions, Inc.:MAC-Special Projects"
2026-02-28 00:00:00,2026-01-29 00:00:00,2333-2720,Net 30,1255.8,"2428 King George Boulevard Surrey, BC V4P 1H5 CANADA",House Account,Invoice,244738,1,Ocean Park Mechanical Inc:OCE-1200 Stewart
2026-02-28 00:00:00,2026-01-29 00:00:00,25-696-RM,Net 30,280,"430 SW 153rd St Burien, WA 98166 USA",House Account,Invoice,244581,1,Enviromech:Enviromech - Special Projects
2026-02-28 00:00:00,2026-01-29 00:00:00,689813,Net 30,1630,"PO Box 47983 Seattle, WA 98146 USA",House Account,Invoice,244755,1,"MacDonald-Miller Facility Solutions, Inc.:MAC-Special Projects"
2026-02-28 00:00:00,2026-01-29 00:00:00,680993,Net 30,4375,"PO Box 47983 Seattle, WA 98146 USA",House Account,Invoice,243065,1,"MacDonald-Miller Facility Solutions, Inc.:MAC-Special Projects"
2026-03-01 00:00:00,2026-01-30 00:00:00,26029194,Net 30,422,"PO Box 24406 Seattle, WA 98124 USA",House Account,Invoice,244759,1,McKinstry Company:McK-Special Projects
2026-03-12 00:00:00,2026-02-10 00:00:00,PO034177,Net 30,1701,"1221 2nd Ave N Kent, WA 98032 USA",House Account,Invoice,242275,1,Hermanson Company:HER-616 Battery
2026-03-01 00:00:00,2026-01-30 00:00:00,690624,Net 30,32.74,"PO Box 47983 Seattle, WA 98146 USA",House Account,Invoice,244553,1,"MacDonald-Miller Facility Solutions, Inc.:MAC-Special Projects"
2026-03-12 00:00:00,2026-02-10 00:00:00,030-006,Net 30,465,"22129 NE 114th Redmond, WA 98053 USA",House Account,Invoice,244895-1,1,AMS:AMS-Village at 47th
2026-03-01 00:00:00,2026-01-30 00:00:00,690628,Net 30,157.6,"PO Box 47983 Seattle, WA 98146 USA",House Account,Invoice,244760,1,"MacDonald-Miller Facility Solutions, Inc.:MAC-Special Projects"
2026-03-12 00:00:00,2026-02-10 00:00:00,Alloy,Net 30,1109.13,"PO Box 1455 Monroe, WA 98272 USA",House Account,Invoice,245063,1,Precise Heating & Cooling LLC:PRE-Precise Heating & Cooling
2026-03-12 00:00:00,2026-02-10 00:00:00,PO038503,Net 30,557.52,"Hermanson Company 1221 2nd Ave N Kent, WA 98032",House Account,Invoice,245111,1,Hermanson Company:HER-Small Projects
2026-03-01 00:00:00,2026-01-30 00:00:00,685283,Net 30,243.91,"PO Box 47983 Seattle, WA 98146 USA",House Account,Invoice,243743,1,"MacDonald-Miller Facility Solutions, Inc.:MAC-Special Projects"
2026-03-12 00:00:00,2026-02-10 00:00:00,1B4047.010525,Net 30,9043.36,"PO Box 249 Auburn, WA 98071-0249 USA",House Account,Invoice,245058,1,Auburn Mechanical Inc:AUB-Pritchard Rehabilitation
2026-03-01 00:00:00,2026-01-30 00:00:00,Good Samaritan Kitchen,Net 30,19.86,"PO Box 47983 Seattle, WA 98146 USA",House Account,Invoice,244230,1,"MacDonald-Miller Facility Solutions, Inc.:MAC-Special Projects"
2026-03-01 00:00:00,2026-01-30 00:00:00,26026068,Net 30,3086.66,"PO Box 24406 Seattle, WA 98124 USA",House Account,Invoice,244598,1,McKinstry Company:McK-Special Projects
2026-03-01 00:00:00,2026-01-30 00:00:00,Klee Lofts,Net 30,120,"PO Box 760 Sumner, WA 98390 USA",House Account,Invoice,244857,1,Farrington Air Quality Services
2026-03-01 00:00:00,2026-01-30 00:00:00,25357078,Net 30,1580.46,"PO Box 24406 Seattle, WA 98124 USA",House Account,Invoice,244794,1,McKinstry Company:MCK-Block 38 TI
2026-03-01 00:00:00,2026-01-30 00:00:00,687845,Net 30,17.04,"PO Box 47983 Seattle, WA 98146 USA",House Account,Invoice,244379,1,"MacDonald-Miller Facility Solutions, Inc.:MAC-Special Projects"
2026-03-01 00:00:00,2026-01-30 00:00:00,689895,Net 30,160,"PO Box 47983 Seattle, WA 98146 USA",House Account,Invoice,244627,1,"MacDonald-Miller Facility Solutions, Inc.:MAC-Special Projects"
2026-03-01 00:00:00,2026-01-30 00:00:00,26014163,Net 30,901,"PO Box 24406 Seattle, WA 98124 USA",House Account,Invoice,244139-1,1,McKinstry Company:McK-Special Projects
2026-03-01 00:00:00,2026-01-30 00:00:00,101650-22974,Net 30,1984.83,"9322 14th Ave South Seattle, WA 98108 USA",House Account,Invoice,244565,1,Rainier Metal Works:Rainier Metal Works-Special Projects
2026-03-01 00:00:00,2026-01-30 00:00:00,690214,Net 30,1639.1,"PO Box 47983 Seattle, WA 98146 USA",House Account,Invoice,244769,1,"MacDonald-Miller Facility Solutions, Inc.:MAC-SpaceX"
2026-03-01 00:00:00,2026-01-30 00:00:00,690343,Net 30,168,"PO Box 47983 Seattle, WA 98146 USA",House Account,Invoice,244782,1,"MacDonald-Miller Facility Solutions, Inc.:MAC-Special Projects"
2026-03-01 00:00:00,2026-01-30 00:00:00,690046,Net 30,4790,"PO Box 47983 Seattle, WA 98146 USA",House Account,Invoice,244748,1,"MacDonald-Miller Facility Solutions, Inc.:MAC-Special Projects"
2026-03-01 00:00:00,2026-01-30 00:00:00,707064,Net 30,101.53,"19430 68Th Ave S Suite B Kent, WA 98032",House Account,Invoice,244817,1,Key Mechanical - WA
2026-03-01 00:00:00,2026-01-30 00:00:00,25-641,Net 30,188.4,"430 SW 153rd St Burien, WA 98166 USA",House Account,Invoice,244709,1,Enviromech:Enviromech - Special Projects
2026-03-13 00:00:00,2026-02-11 00:00:00,26123,Net 30,398,"8947 Select Court SE Tumwater, WA 98501 USA",House Account,Invoice,245009,1,Olympia Sheet Metal:OSM-Small Projects
2026-03-01 00:00:00,2026-01-30 00:00:00,690459,Net 30,85.08,"PO Box 47983 Seattle, WA 98146 USA",House Account,Invoice,244825-1,1,"MacDonald-Miller Facility Solutions, Inc.:MAC-Special Projects"
2026-03-01 00:00:00,2026-01-30 00:00:00,690459,Net 30,80.14,"PO Box 47983 Seattle, WA 98146 USA",House Account,Invoice,244825,1,"MacDonald-Miller Facility Solutions, Inc.:MAC-Special Projects"
2026-03-01 00:00:00,2026-01-30 00:00:00,26029102,Net 30,151.27,"PO Box 24406 Seattle, WA 98124 USA",House Account,Invoice,244741,1,McKinstry Company:McK-Special Projects
2026-03-13 00:00:00,2026-02-11 00:00:00,63910,Net 30,71.85,"PO Box 886 Burlington, WA 98233 USA",House Account,Invoice,245353,1,DK Systems:DK -Special Projects
2026-03-01 00:00:00,2026-01-30 00:00:00,305598,Net 30,492,"1420 Maple Ave SW Renton, WA 98057 USA",House Account,Invoice,244821,1,Vital Mechanical Service:Vit-Vital Mechanical Special Projects
2026-03-01 00:00:00,2026-01-30 00:00:00,25357078,Net 30,140,"PO Box 24406 Seattle, WA 98124 USA",House Account,Invoice,244752,1,McKinstry Company:MCK-Block 38 TI
2026-03-01 00:00:00,2026-01-30 00:00:00,690606,Net 30,48.16,"PO Box 47983 Seattle, WA 98146 USA",House Account,Invoice,244859,1,"MacDonald-Miller Facility Solutions, Inc.:MAC-Special Projects"
2026-03-01 00:00:00,2026-01-30 00:00:00,690143,Net 30,3915.56,"PO Box 47983 Seattle, WA 98146 USA",House Account,Invoice,243618,1,"MacDonald-Miller Facility Solutions, Inc.:MAC-SpaceX"
2026-03-01 00:00:00,2026-01-30 00:00:00,690143,Net 30,1083.3,"PO Box 47983 Seattle, WA 98146 USA",House Account,Invoice,243618-1,1,"MacDonald-Miller Facility Solutions, Inc.:MAC-SpaceX"
2026-03-01 00:00:00,2026-01-30 00:00:00,690143,Net 30,194.25,"PO Box 47983 Seattle, WA 98146 USA",House Account,Invoice,243618-2,1,"MacDonald-Miller Facility Solutions, Inc.:MAC-SpaceX"
2026-03-01 00:00:00,2026-01-30 00:00:00,690143,Net 30,180,"PO Box 47983 Seattle, WA 98146 USA",House Account,Invoice,243618-3,1,"MacDonald-Miller Facility Solutions, Inc.:MAC-SpaceX"
2026-03-01 00:00:00,2026-01-30 00:00:00,687417,Net 30,332,"PO Box 47983 Seattle, WA 98146 USA",House Account,Invoice,244324,1,"MacDonald-Miller Facility Solutions, Inc.:MAC-Special Projects"
2026-03-04 00:00:00,2026-02-02 00:00:00,26023148,Net 30,17,"PO Box 24406 Seattle, WA 98124 USA",House Account,Invoice,244522,1,McKinstry Company:MCK-SEA06 Arbor Blocks
2026-03-04 00:00:00,2026-02-02 00:00:00,689862,Net 30,4300,"PO Box 47983 Seattle, WA 98146 USA",House Account,Invoice,244684,1,"MacDonald-Miller Facility Solutions, Inc.:MAC-Special Projects"
2026-03-04 00:00:00,2026-02-02 00:00:00,26023024,Net 30,2610,"PO Box 24406 Seattle, WA 98124 USA",House Account,Invoice,244325,1,McKinstry Company:McK-Special Projects
2026-03-04 00:00:00,2026-02-02 00:00:00,689478,Net 30,2054.97,"PO Box 47983 Seattle, WA 98146 USA",House Account,Invoice,244749,1,"MacDonald-Miller Facility Solutions, Inc.:MAC-Special Projects"
2026-03-04 00:00:00,2026-02-02 00:00:00,2201,Net 30,700,"2428 King George Hwy  Suite102 Surrey, BC V4P 1H5 CANADA",House Account,Invoice,244236-1,1,Ocean Park Mechanical Inc:OCE-Seattle House Apartments
2026-03-13 00:00:00,2026-02-11 00:00:00,25460.0051,Net 30,1218.15,"PO BOX 2038 Longview, WA 98632 USA",House Account,Invoice,244500,1,"JH Kelly, LLC:JHK-Crossroads Bible Church"
2026-03-13 00:00:00,2026-02-11 00:00:00,12482,Net 30,623.22,"PO Box 3387 Lacey, WA 98509-3387 USA",House Account,Invoice,245116,1,Capital Heating & Cooling:CAP-Gig Harbor Fire & Medic
2026-03-05 00:00:00,2026-02-03 00:00:00,2201,Net 30,750,"2428 King George Hwy  Suite102 Surrey, BC V4P 1H5 CANADA",House Account,Invoice,244236-2,1,Ocean Park Mechanical Inc:OCE-Seattle House Apartments
2026-03-05 00:00:00,2026-02-03 00:00:00,26008166,Net 30,3015,"PO Box 24406 Seattle, WA 98124 USA",House Account,Invoice,243876,1,McKinstry Company:McK-Special Projects
2026-03-06 00:00:00,2026-02-04 00:00:00,25-583-MT,Net 30,1150,"430 SW 153rd St Burien, WA 98166 USA",House Account,Invoice,244881,1,Enviromech:Enviromech - Special Projects
2026-03-06 00:00:00,2026-02-04 00:00:00,691371,Net 30,880,"PO Box 47983 Seattle, WA 98146 USA",House Account,Invoice,245029,1,"MacDonald-Miller Facility Solutions, Inc.:MAC-Special Projects"
2026-03-06 00:00:00,2026-02-04 00:00:00,25350183,Net 30,4450,"PO Box 24406 Seattle, WA 98124 USA",,Invoice,243191,,McKinstry Company:McK-Special Projects
2026-03-06 00:00:00,2026-02-04 00:00:00,54353-9862,Net 30,72,"1400 Airport Way S, Suite 202 Seattle, WA 98134",House Account,Invoice,245008,1,United Systems Mechanical Inc:USM-Small Projects
2026-03-06 00:00:00,2026-02-04 00:00:00,po038288  16-25-29733,Net 30,66.04,"1221 2nd Ave N Kent, WA 98032 USA",House Account,Invoice,244927-1,1,Hermanson Company:HER-Microsoft
2026-03-06 00:00:00,2026-02-04 00:00:00,po038288  16-25-29733,Net 30,978.18,"1221 2nd Ave N Kent, WA 98032 USA",House Account,Invoice,244927,1,Hermanson Company:HER-Microsoft
2026-03-06 00:00:00,2026-02-04 00:00:00,690848,Net 30,156.88,"PO Box 47983 Seattle, WA 98146 USA",House Account,Invoice,244914,1,"MacDonald-Miller Facility Solutions, Inc.:MAC-Special Projects"
2026-03-13 00:00:00,2026-02-11 00:00:00,26035048,Net 30,171.67,"PO Box 24406 Seattle, WA 98124 USA",House Account,Invoice,244983-1,1,McKinstry Company:MCK-Artise TI
2026-03-14 00:00:00,2026-02-12 00:00:00,10720,Net 30,333.84,"1916 220th St SE, Suite M101 Bothell, WA 98021 USA",House Account,Invoice,245292,1,"Pacific Air Control, Inc:PAC-Special Projects"
2026-03-06 00:00:00,2026-02-04 00:00:00,60940673,Net 30,18.42,"C/o Dorse & Company 5000 1st Ave S Seattle, WA 98134",House Account,Invoice,244899,1,Acco Engineered Systems (401856):ACC-ACCO Small Projects (401856)
2026-03-06 00:00:00,2026-02-04 00:00:00,60940776,Net 30,55.18,"C/o Dorse & Company 5000 1st Ave S Seattle, WA 98134",House Account,Invoice,244900,1,Acco Engineered Systems (401856):ACC-ACCO Small Projects (401856)
2026-03-06 00:00:00,2026-02-04 00:00:00,25357078,Net 30,948.06,"PO Box 24406 Seattle, WA 98124 USA",House Account,Invoice,245036,1,McKinstry Company:MCK-Block 38 TI
2026-03-06 00:00:00,2026-02-04 00:00:00,43844-1585-0203,Net 30,1019.12,"PO Box 84046 Seattle, WA 98124 USA",House Account,Invoice,245006,1,PSF Mechanical:PSF-Small Projects
2026-03-06 00:00:00,2026-02-04 00:00:00,691111,Net 30,564.92,"PO Box 47983 Seattle, WA 98146 USA",House Account,Invoice,244986,1,"MacDonald-Miller Facility Solutions, Inc.:MAC-Special Projects"
2026-03-06 00:00:00,2026-02-04 00:00:00,691112,Net 30,91.93,"PO Box 47983 Seattle, WA 98146 USA",House Account,Invoice,244985,1,"MacDonald-Miller Facility Solutions, Inc.:MAC-Special Projects"
2026-03-14 00:00:00,2026-02-12 00:00:00,Death & CO,Net 30,159.66,"PO Box 3205 Kirkland, WA 98033 USA",House Account,Invoice,245291,1,CFM Heating & Cooling Inc:CFM Heating & Cooling GOF
2026-03-06 00:00:00,2026-02-04 00:00:00,690809,Net 30,363.82,"PO Box 47983 Seattle, WA 98146 USA",House Account,Invoice,244896,1,"MacDonald-Miller Facility Solutions, Inc.:MAC-Special Projects"
2026-03-06 00:00:00,2026-02-04 00:00:00,25357078,Net 30,1530.2,"PO Box 24406 Seattle, WA 98124 USA",House Account,Invoice,244835,1,McKinstry Company:MCK-Block 38 TI
2026-03-06 00:00:00,2026-02-04 00:00:00,690986,Net 30,300,"PO Box 47983 Seattle, WA 98146 USA",House Account,Invoice,244594,1,"MacDonald-Miller Facility Solutions, Inc.:MAC-Special Projects"
2026-03-06 00:00:00,2026-02-04 00:00:00,26023131,Net 30,528,"PO Box 24406 Seattle, WA 98124 USA",House Account,Invoice,244316-2,1,McKinstry Company:McK-Special Projects
2026-03-06 00:00:00,2026-02-04 00:00:00,26023131,Net 30,3877.9,"PO Box 24406 Seattle, WA 98124 USA",House Account,Invoice,244316-1,1,McKinstry Company:McK-Special Projects
2026-03-06 00:00:00,2026-02-04 00:00:00,4563M4,Net 30,525.14,"3602 South Pine Street Tacoma, WA 98409 USA",House Account,Invoice,244757,1,Air Systems Engineering Inc:ASE-Old Growth
2026-03-15 00:00:00,2026-02-13 00:00:00,2-6417-25106C,Net 30,249,"PO Box 348 Entiat, WA 98822 USA",House Account,Invoice,244922,1,North Cascades Heating & A/C:NOR-Wenatchee Fire Station #17
2026-03-06 00:00:00,2026-02-04 00:00:00,54352-9934,Net 30,176.98,"1400 Airport Way S, Suite 202 Seattle, WA 98134",House Account,Invoice,245005,1,United Systems Mechanical Inc:USM-Small Projects
2026-03-06 00:00:00,2026-02-04 00:00:00,26034094,Net 30,74.24,"PO Box 24406 Seattle, WA 98124 USA",House Account,Invoice,244930,1,McKinstry Company:McK-Special Projects
2026-03-06 00:00:00,2026-02-04 00:00:00,26034069,Net 30,89.94,"PO Box 24406 Seattle, WA 98124 USA",House Account,Invoice,244968,1,McKinstry Company:McK-Special Projects
2026-03-06 00:00:00,2026-02-04 00:00:00,10675,Net 30,254.86,"1916 220th St SE, Suite M101 Bothell, WA 98021 USA",House Account,Invoice,244997,1,"Pacific Air Control, Inc:Pacific Air Control, Inc. GOF"
2026-03-06 00:00:00,2026-02-04 00:00:00,26034055,Net 30,254.54,"PO Box 24406 Seattle, WA 98124 USA",House Account,Invoice,244975,1,McKinstry Company:McK-Special Projects
2026-03-06 00:00:00,2026-02-04 00:00:00,691047,Net 30,352.41,"PO Box 47983 Seattle, WA 98146 USA",House Account,Invoice,244897,1,"MacDonald-Miller Facility Solutions, Inc.:MAC-Special Projects"
2026-03-06 00:00:00,2026-02-04 00:00:00,24347107,Net 30,43.5,"PO Box 24406 Seattle, WA 98124 USA",House Account,Invoice,244967,1,McKinstry Company:MCK-Project Tetris
2026-03-07 00:00:00,2026-02-05 00:00:00,26013110,Net 30,5235,"PO Box 24406 Seattle, WA 98124 USA",House Account,Invoice,244248,1,McKinstry Company:McK-Special Projects
2026-03-07 00:00:00,2026-02-05 00:00:00,26029028,Net 30,1425,"PO Box 24406 Seattle, WA 98124 USA",House Account,Invoice,244840,1,McKinstry Company:McK-Special Projects
2026-03-07 00:00:00,2026-02-05 00:00:00,691387,Net 30,1061.31,"PO Box 47983 Seattle, WA 98146 USA",House Account,Invoice,245051,1,"MacDonald-Miller Facility Solutions, Inc.:MAC-Special Projects"
2026-03-07 00:00:00,2026-02-05 00:00:00,26035058,Net 30,72,"PO Box 24406 Seattle, WA 98124 USA",House Account,Invoice,244999-1,1,McKinstry Company:McK-Special Projects
2026-03-07 00:00:00,2026-02-05 00:00:00,26035058,Net 30,42.01,"PO Box 24406 Seattle, WA 98124 USA",House Account,Invoice,244999,1,McKinstry Company:McK-Special Projects
2026-03-07 00:00:00,2026-02-05 00:00:00,26035071,Net 30,464.32,"PO Box 24406 Seattle, WA 98124 USA",House Account,Invoice,245022,1,McKinstry Company:McK-Special Projects
2026-03-07 00:00:00,2026-02-05 00:00:00,26035063,Net 30,464.32,"PO Box 24406 Seattle, WA 98124 USA",House Account,Invoice,245014,1,McKinstry Company:McK-Special Projects
2026-03-07 00:00:00,2026-02-05 00:00:00,DSHS,Net 30,176.1,"PO Box 760 Sumner, WA 98390 USA",House Account,Invoice,245037,1,Farrington Air Quality Services
2026-03-08 00:00:00,2026-02-06 00:00:00,260636,Net 30,226.5,"7202 NE 175Th St Kenmore, WA 98028 USA",House Account,Invoice,244966,1,GB Systems:GB-Special Projects
2026-03-08 00:00:00,2026-02-06 00:00:00,26013110,Net 30,2140,"PO Box 24406 Seattle, WA 98124 USA",House Account,Invoice,244248-1,1,McKinstry Company:McK-Special Projects
2026-03-08 00:00:00,2026-02-06 00:00:00,691728,Net 30,450,"PO Box 47983 Seattle, WA 98146 USA",House Account,Invoice,245150,1,"MacDonald-Miller Facility Solutions, Inc.:MAC-Special Projects"
2026-03-08 00:00:00,2026-02-06 00:00:00,687257,Net 30,20006.43,"PO Box 47983 Seattle, WA 98146 USA",House Account,Invoice,244200,1,"MacDonald-Miller Facility Solutions, Inc.:MAC-Special Projects"
2026-03-08 00:00:00,2026-02-06 00:00:00,2603083287,Net 30,40,"PO Box 24406 Seattle, WA 98124 USA",House Account,Invoice,245183,1,McKinstry Company:McK-Special Projects
2026-03-11 00:00:00,2026-02-09 00:00:00,26009119,Net 30,430.02,"PO Box 24406 Seattle, WA 98124 USA",House Account,Invoice,243926,1,McKinstry Company:McK-Special Projects
2026-03-12 00:00:00,2026-02-10 00:00:00,BMM1343,Net 30,100.44,"9227 Blue Mountain Lane SW, Ste A Tumwater, WA 98512 USA",House Account,Invoice,245236,1,Blue Mountain Mechanical Inc:BLU-Special Projects
2026-03-12 00:00:00,2026-02-10 00:00:00,25-641,Net 30,57.6,"430 SW 153rd St Burien, WA 98166 USA",House Account,Invoice,245013-1,1,Enviromech:Enviromech - Special Projects
2026-03-12 00:00:00,2026-02-10 00:00:00,25-641,Net 30,997.5,"430 SW 153rd St Burien, WA 98166 USA",House Account,Invoice,245013,1,Enviromech:Enviromech - Special Projects
2026-03-12 00:00:00,2026-02-10 00:00:00,2201-2720,Net 30,92,"2428 King George Hwy  Suite102 Surrey, BC V4P 1H5 CANADA",House Account,Invoice,245144-1,1,Ocean Park Mechanical Inc:OCE-Seattle House Apartments
2026-03-18 00:00:00,2026-02-16 00:00:00,Polaris at Totem Lake,Net 30,113.32,"22129 NE 114th Redmond, WA 98053 USA",House Account,Invoice,245333,1,AMS:AMS-Polaris at Totem Lake
2026-03-12 00:00:00,2026-02-10 00:00:00,2201-2720,Net 30,1778.96,"2428 King George Hwy  Suite102 Surrey, BC V4P 1H5 CANADA",House Account,Invoice,245144,1,Ocean Park Mechanical Inc:OCE-Seattle House Apartments
2026-03-18 00:00:00,2026-02-16 00:00:00,3016,Net 30,424.97,"PO Box 2327 Buckley, WA 98321 USA",House Account,Invoice,244714,1,Trimble Mechanical:TBM-Lake Wilderness Community Clubhouse
2026-03-12 00:00:00,2026-02-10 00:00:00,10698,Net 30,299.47,"1916 220th St SE, Suite M101 Bothell, WA 98021 USA",House Account,Invoice,245127,1,"Pacific Air Control, Inc:Pacific Air Control, Inc. GOF"
2026-03-12 00:00:00,2026-02-10 00:00:00,26035144,Net 30,271.17,"PO Box 24406 Seattle, WA 98124 USA",House Account,Invoice,245070,1,McKinstry Company:McK-Special Projects
2026-03-12 00:00:00,2026-02-10 00:00:00,60940751,Net 30,13.64,"C/o Dorse & Company 5000 1st Ave S Seattle, WA 98134",House Account,Invoice,245135,1,Acco Engineered Systems (401856):ACC-ACCO Small Projects (401856)
2026-03-12 00:00:00,2026-02-10 00:00:00,3070,Net 30,227.27,"PO Box 2327 Buckley, WA 98321 USA",House Account,Invoice,245118,1,Trimble Mechanical:TBM-Special Projects
2026-03-12 00:00:00,2026-02-10 00:00:00,691851,Net 30,234.23,"PO Box 47983 Seattle, WA 98146 USA",,Invoice,245195,,"MacDonald-Miller Facility Solutions, Inc.:MAC-Special Projects"
2026-03-18 00:00:00,2026-02-16 00:00:00,A250608502,Net 30,335,"5108 D Street NW Auburn, WA 98001 USA",House Account,Invoice,242365-1,1,"Emerald Aire, Inc.:EME-Big3"
2026-03-12 00:00:00,2026-02-10 00:00:00,691770,Net 30,23.84,"PO Box 47983 Seattle, WA 98146 USA",House Account,Invoice,245172-1,1,"MacDonald-Miller Facility Solutions, Inc.:MAC-Special Projects"
2026-03-12 00:00:00,2026-02-10 00:00:00,691770,Net 30,114.16,"PO Box 47983 Seattle, WA 98146 USA",House Account,Invoice,245172,1,"MacDonald-Miller Facility Solutions, Inc.:MAC-Special Projects"
2026-03-12 00:00:00,2026-02-10 00:00:00,305709,Net 30,320.85,"1420 Maple Ave SW Renton, WA 98057 USA",House Account,Invoice,245175,1,Vital Mechanical Service:Vit-Vital Mechanical Special Projects
2026-03-12 00:00:00,2026-02-10 00:00:00,25357078,Net 30,174.72,"PO Box 24406 Seattle, WA 98124 USA",House Account,Invoice,245130,1,McKinstry Company:MCK-Block 38 TI
2026-03-12 00:00:00,2026-02-10 00:00:00,691862,Net 30,786.53,"PO Box 47983 Seattle, WA 98146 USA",House Account,Invoice,245200,1,"MacDonald-Miller Facility Solutions, Inc.:MAC-Special Projects"
2026-03-12 00:00:00,2026-02-10 00:00:00,25357078,Net 30,1141.16,"PO Box 24406 Seattle, WA 98124 USA",House Account,Invoice,244753,1,McKinstry Company:MCK-Block 38 TI
2026-03-12 00:00:00,2026-02-10 00:00:00,43778-1165-0206,Net 30,173.05,"PO Box 84046 Seattle, WA 98124 USA",House Account,Invoice,245199,1,PSF Mechanical:PSF-Small Projects
2026-03-12 00:00:00,2026-02-10 00:00:00,101670-23020,Net 30,597.14,"9322 14th Ave South Seattle, WA 98108 USA",House Account,Invoice,245139,1,Rainier Metal Works:Rainier Metal Works-Special Projects
2026-03-12 00:00:00,2026-02-10 00:00:00,43880-1165-0204,Net 30,497.14,"PO Box 84046 Seattle, WA 98124 USA",House Account,Invoice,245092,1,PSF Mechanical:PSF-Small Projects
2026-03-12 00:00:00,2026-02-10 00:00:00,2245-2720,Net 30,1673.7,"2428 King George Hwy  Suite102 Surrey, BC V4P 1H5 CANADA",House Account,Invoice,245094,1,Ocean Park Mechanical Inc:OCE-Yesler Block South Tower
2026-03-12 00:00:00,2026-02-10 00:00:00,691526,Net 30,2083.29,"PO Box 47983 Seattle, WA 98146 USA",House Account,Invoice,245033,1,"MacDonald-Miller Facility Solutions, Inc.:MAC-SpaceX"
2026-03-12 00:00:00,2026-02-10 00:00:00,,Net 30,-135.1,"2223 202nd St S W Lynnwood, WA 98036 USA",House Account,Credit Memo,245327,1,Uptown Mechanical:Uptown - Special Projects
2026-03-13 00:00:00,2026-02-11 00:00:00,689539,Net 30,1630,"PO Box 47983 Seattle, WA 98146 USA",House Account,Invoice,244751,1,"MacDonald-Miller Facility Solutions, Inc.:MAC-Special Projects"
2026-03-13 00:00:00,2026-02-11 00:00:00,692380,Net 30,972.15,"PO Box 47983 Seattle, WA 98146 USA",House Account,Invoice,245309,1,"MacDonald-Miller Facility Solutions, Inc.:MAC-Special Projects"
2026-03-13 00:00:00,2026-02-11 00:00:00,689170,Net 30,139.7,"PO Box 47983 Seattle, WA 98146 USA",House Account,Invoice,244512,1,"MacDonald-Miller Facility Solutions, Inc.:MAC-Special Projects"
2026-03-13 00:00:00,2026-02-11 00:00:00,2201-2725,Net 30,70.95,"2428 King George Hwy  Suite102 Surrey, BC V4P 1H5 CANADA",House Account,Invoice,244526,1,Ocean Park Mechanical Inc:OCE-Seattle House Apartments
2026-03-13 00:00:00,2026-02-11 00:00:00,26013110,Net 30,1225,"PO Box 24406 Seattle, WA 98124 USA",House Account,Invoice,244248-2,1,McKinstry Company:McK-Special Projects
2026-03-13 00:00:00,2026-02-11 00:00:00,25357078,Net 30,190,"PO Box 24406 Seattle, WA 98124 USA",House Account,Invoice,244783,1,McKinstry Company:MCK-Block 38 TI
2026-03-18 00:00:00,2026-02-16 00:00:00,10000528-J1907,Net 30,329.99,"4600 S 134th Place Tukwila, WA 98168-3241 USA",House Account,Invoice,245549,1,Holaday-Parks Inc:HOL-small projects
2026-03-14 00:00:00,2026-02-12 00:00:00,692126,Net 30,32.28,"PO Box 47983 Seattle, WA 98146 USA",House Account,Invoice,245263-1,1,"MacDonald-Miller Facility Solutions, Inc.:MAC-Special Projects"
2026-03-14 00:00:00,2026-02-12 00:00:00,692126,Net 30,152.46,"PO Box 47983 Seattle, WA 98146 USA",House Account,Invoice,245263,1,"MacDonald-Miller Facility Solutions, Inc.:MAC-Special Projects"
2026-03-20 00:00:00,2026-02-18 00:00:00,26036155,Net 30,935,"PO Box 24406 Seattle, WA 98124 USA",House Account,Invoice,245023,1,McKinstry Company:MCK-Path TI
2026-03-20 00:00:00,2026-02-18 00:00:00,PO034178,Net 30,1701,"1221 2nd Ave N Kent, WA 98032 USA",House Account,Invoice,242276,1,Hermanson Company:HER-616 Battery
2026-03-14 00:00:00,2026-02-12 00:00:00,691867,Net 30,302.42,"PO Box 47983 Seattle, WA 98146 USA",House Account,Invoice,245203,1,"MacDonald-Miller Facility Solutions, Inc.:MAC-Special Projects"
2026-03-14 00:00:00,2026-02-12 00:00:00,26040093,Net 30,935.92,"PO Box 24406 Seattle, WA 98124 USA",House Account,Invoice,245237,1,McKinstry Company:McK-Special Projects
2026-03-21 00:00:00,2026-02-19 00:00:00,3276,Net 30,114,"PO Box 2327 Buckley, WA 98321 USA",House Account,Invoice,245738,1,Trimble Mechanical:TBM-Willamette Building
2026-03-21 00:00:00,2026-02-19 00:00:00,2-6599-25082C,Net 30,969.39,"PO Box 348 Entiat, WA 98822 USA",House Account,Invoice,245683,1,North Cascades Heating & A/C:NOR-CVCH Admin Bldg
2026-03-14 00:00:00,2026-02-12 00:00:00,Tukwila 1,Net 30,9.62,"35420 Military Rd S Auburn, WA 98001 USA",House Account,Invoice,245330-1,1,Diamond Construction Services LLC:Diamond Construction - Special Project
2026-03-26 00:00:00,2026-02-24 00:00:00,2-6628-25106C,Net 30,164.07,"PO Box 348 Entiat, WA 98822 USA",House Account,Invoice,245962,1,North Cascades Heating & A/C:NOR-Special Projects
2026-03-14 00:00:00,2026-02-12 00:00:00,Tukwila 1,Net 30,29.56,"35420 Military Rd S Auburn, WA 98001 USA",House Account,Invoice,245330,1,Diamond Construction Services LLC:Diamond Construction - Special Project
2026-03-14 00:00:00,2026-02-12 00:00:00,EAGS,Net 30,74.1,"309 S Cloverdale St, Suite D43 Seattle, WA 98108 USA",House Account,Invoice,245300,1,Zip Mechanical
2026-03-14 00:00:00,2026-02-12 00:00:00,3230,Net 30,147,"PO Box 2327 Buckley, WA 98321 USA",House Account,Invoice,245238-1,1,Trimble Mechanical:TBM-Special Projects
2026-03-14 00:00:00,2026-02-12 00:00:00,3230,Net 30,339.89,"PO Box 2327 Buckley, WA 98321 USA",House Account,Invoice,245238,1,Trimble Mechanical:TBM-Special Projects
2026-03-14 00:00:00,2026-02-12 00:00:00,26020200,Net 30,4200,"PO Box 24406 Seattle, WA 98124 USA",House Account,Invoice,244396-1,1,McKinstry Company:McK-Special Projects
2026-03-14 00:00:00,2026-02-12 00:00:00,25357078,Net 30,160,"PO Box 24406 Seattle, WA 98124 USA",House Account,Invoice,244853,1,McKinstry Company:MCK-Block 38 TI
2026-03-14 00:00:00,2026-02-12 00:00:00,25-696-RM,Net 30,125,"430 SW 153rd St Burien, WA 98166 USA",House Account,Invoice,244581-1,1,Enviromech:Enviromech - Special Projects
2026-03-14 00:00:00,2026-02-12 00:00:00,20375,Net 30,575,"2428 King George Hwy  Suite102 Surrey, BC V4P 1H5 CANADA",House Account,Invoice,245370,1,Ocean Park Mechanical Inc:OCE-Special Projects
2026-03-14 00:00:00,2026-02-12 00:00:00,691020,Net 30,850,"PO Box 47983 Seattle, WA 98146 USA",House Account,Invoice,245047,1,"MacDonald-Miller Facility Solutions, Inc.:MAC-Special Projects"
2026-03-15 00:00:00,2026-02-13 00:00:00,25357078,Net 30,682.5,"PO Box 24406 Seattle, WA 98124 USA",House Account,Invoice,245239,1,McKinstry Company:MCK-Block 38 TI
2026-03-26 00:00:00,2026-02-24 00:00:00,12301,Net 30,67.85,"PO Box 3387 Lacey, WA 98509-3387 USA",House Account,Invoice,245663,1,Capital Heating & Cooling:CAP-JBLM UEPH Barracks
2026-03-15 00:00:00,2026-02-13 00:00:00,10698,Net 30,-282.48,"1916 220th St SE, Suite M101 Bothell, WA 98021 USA",House Account,Credit Memo,245514,1,"Pacific Air Control, Inc:Pacific Air Control, Inc. GOF"
2026-03-15 00:00:00,2026-02-13 00:00:00,691980,Net 30,320,"PO Box 47983 Seattle, WA 98146 USA",House Account,Invoice,245354,1,"MacDonald-Miller Facility Solutions, Inc.:MAC-Special Projects"
2026-03-15 00:00:00,2026-02-13 00:00:00,Mary Ruth Manor,Net 30,105,"309 S Cloverdale St, Suite D43 Seattle, WA 98108 USA",House Account,Invoice,240443,1,Zip Mechanical
2026-03-15 00:00:00,2026-02-13 00:00:00,2201,Net 30,3845,"2428 King George Hwy  Suite102 Surrey, BC V4P 1H5 CANADA",House Account,Invoice,244737,1,Ocean Park Mechanical Inc:OCE-Seattle House Apartments
2026-03-18 00:00:00,2026-02-16 00:00:00,687257,Net 30,18.66,"PO Box 47983 Seattle, WA 98146 USA",House Account,Invoice,245530,1,"MacDonald-Miller Facility Solutions, Inc.:MAC-Special Projects"
2026-03-18 00:00:00,2026-02-16 00:00:00,682748,Net 30,75,"PO Box 47983 Seattle, WA 98146 USA",House Account,Invoice,243332,1,"MacDonald-Miller Facility Solutions, Inc.:MAC-Special Projects"
2026-03-18 00:00:00,2026-02-16 00:00:00,Mary Ruth Manor,Net 30,435,"309 S Cloverdale St, Suite D43 Seattle, WA 98108 USA",House Account,Invoice,240443-1,1,Zip Mechanical
2026-03-18 00:00:00,2026-02-16 00:00:00,692491,Net 30,1755,"PO Box 47983 Seattle, WA 98146 USA",House Account,Invoice,245216,1,"MacDonald-Miller Facility Solutions, Inc.:MAC-Special Projects"
2026-03-18 00:00:00,2026-02-16 00:00:00,687583,Net 30,698.5,"PO Box 47983 Seattle, WA 98146 USA",House Account,Invoice,244255,1,"MacDonald-Miller Facility Solutions, Inc.:MAC-Special Projects"
2026-03-26 00:00:00,2026-02-24 00:00:00,63980,Net 30,80,"PO Box 886 Burlington, WA 98233 USA",House Account,Invoice,245642-1,1,DK Systems:DK-Lummi Nation Early Learning Center
2026-03-18 00:00:00,2026-02-16 00:00:00,691980,Net 30,430,"PO Box 47983 Seattle, WA 98146 USA",House Account,Invoice,245354-1,1,"MacDonald-Miller Facility Solutions, Inc.:MAC-Special Projects"
2026-03-18 00:00:00,2026-02-16 00:00:00,687722,Net 30,1075,"PO Box 47983 Seattle, WA 98146 USA",House Account,Invoice,244579,1,"MacDonald-Miller Facility Solutions, Inc.:MAC-Special Projects"
2026-03-18 00:00:00,2026-02-16 00:00:00,54394-9926,Net 30,870,"1400 Airport Way S, Suite 202 Seattle, WA 98134",House Account,Invoice,245459,1,United Systems Mechanical Inc:USM-Small Projects
2026-03-19 00:00:00,2026-02-17 00:00:00,10762,Net 30,428,"1916 220th St SE, Suite M101 Bothell, WA 98021 USA",House Account,Invoice,245399,1,"Pacific Air Control, Inc:Pacific Air Control, Inc. GOF"
2026-03-19 00:00:00,2026-02-17 00:00:00,693523,Net 30,200,"PO Box 47983 Seattle, WA 98146 USA",House Account,Invoice,245579,1,"MacDonald-Miller Facility Solutions, Inc.:MAC-Special Projects"
2026-03-19 00:00:00,2026-02-17 00:00:00,26041121,Net 30,2885,"PO Box 24406 Seattle, WA 98124 USA",House Account,Invoice,245505,1,McKinstry Company:McK-Special Projects
2026-03-20 00:00:00,2026-02-18 00:00:00,w044276,Net 30,46,"837 Evergreen Street Lynden, WA 98264 USA",House Account,Invoice,245557,1,"Lynden Sheet Metal, Inc:Lyn-Special Projects"
2026-03-26 00:00:00,2026-02-24 00:00:00,Brown GRDs,Net 30,122,"2711 S Fifth Ave Union Gap, WA 98903 USA",House Account,Invoice,245852,1,"T & M Of WA, Inc.:T&M-Brown & Brown TI Ephrata"
2026-03-20 00:00:00,2026-02-18 00:00:00,2333-2720,Net 30,1775.09,"2428 King George Boulevard Surrey, BC V4P 1H5 CANADA",House Account,Invoice,245302,1,Ocean Park Mechanical Inc:OCE-1200 Stewart
2026-03-26 00:00:00,2026-02-24 00:00:00,63993,Net 30,272,"PO Box 886 Burlington, WA 98233 USA",House Account,Invoice,245651,1,DK Systems:DK -Special Projects
2026-03-20 00:00:00,2026-02-18 00:00:00,Kent bldg. Exhaust,Net 30,730.65,"2223 202nd St S W Lynnwood, WA 98036 USA",House Account,Invoice,241323-1,1,Uptown Mechanical:Uptown - Special Projects
2026-03-20 00:00:00,2026-02-18 00:00:00,Kent bldg. Exhaust,Net 30,1820,"2223 202nd St S W Lynnwood, WA 98036 USA",House Account,Invoice,241323,1,Uptown Mechanical:Uptown - Special Projects
2026-03-20 00:00:00,2026-02-18 00:00:00,692506,Net 30,319.51,"PO Box 47983 Seattle, WA 98146 USA",House Account,Invoice,245360,1,"MacDonald-Miller Facility Solutions, Inc.:MAC-Special Projects"
2026-03-20 00:00:00,2026-02-18 00:00:00,691690,Net 30,3392,"PO Box 47983 Seattle, WA 98146 USA",House Account,Invoice,245093,1,"MacDonald-Miller Facility Solutions, Inc.:MAC-Special Projects"
2026-03-26 00:00:00,2026-02-24 00:00:00,Chrry Street,Net 30,108.95,"PO Box 3205 Kirkland, WA 98033 USA",House Account,Invoice,245769,1,CFM Heating & Cooling Inc:CFM Heating & Cooling GOF
2026-03-26 00:00:00,2026-02-24 00:00:00,25683.0008,Net 30,242.6,"PO BOX 2038 Longview, WA 98632 USA",House Account,Invoice,245766,1,"JH Kelly, LLC:JHK-Special Projects"
2026-03-20 00:00:00,2026-02-18 00:00:00,692829,Net 30,395.96,"PO Box 47983 Seattle, WA 98146 USA",House Account,Invoice,245412,1,"MacDonald-Miller Facility Solutions, Inc.:MAC-Special Projects"
2026-03-20 00:00:00,2026-02-18 00:00:00,692815,Net 30,288,"PO Box 47983 Seattle, WA 98146 USA",House Account,Invoice,245404,1,"MacDonald-Miller Facility Solutions, Inc.:MAC-Special Projects"
2026-03-26 00:00:00,2026-02-24 00:00:00,PO034160,Net 30,4598.86,"1221 2nd Ave N Kent, WA 98032 USA",House Account,Invoice,241576-1,1,Hermanson Company:HER-616 Battery
2026-03-20 00:00:00,2026-02-18 00:00:00,692053,Net 30,10610,"PO Box 47983 Seattle, WA 98146 USA",House Account,Invoice,245255,1,"MacDonald-Miller Facility Solutions, Inc.:MAC-Special Projects"
2026-03-26 00:00:00,2026-02-24 00:00:00,PO034179,Net 30,1701,"1221 2nd Ave N Kent, WA 98032 USA",House Account,Invoice,242279,1,Hermanson Company:HER-616 Battery
2026-03-20 00:00:00,2026-02-18 00:00:00,692636,Net 30,752.59,"PO Box 47983 Seattle, WA 98146 USA",House Account,Invoice,245391,1,"MacDonald-Miller Facility Solutions, Inc.:MAC-Special Projects"
2026-03-20 00:00:00,2026-02-18 00:00:00,26044088,Net 30,147.12,"PO Box 24406 Seattle, WA 98124 USA",House Account,Invoice,245506,1,McKinstry Company:McK-Special Projects
2026-03-20 00:00:00,2026-02-18 00:00:00,693132,Net 30,26.13,"PO Box 47983 Seattle, WA 98146 USA",House Account,Invoice,245511-1,1,"MacDonald-Miller Facility Solutions, Inc.:MAC-Special Projects"
2026-03-20 00:00:00,2026-02-18 00:00:00,693132,Net 30,758.43,"PO Box 47983 Seattle, WA 98146 USA",House Account,Invoice,245511,1,"MacDonald-Miller Facility Solutions, Inc.:MAC-Special Projects"
2026-03-20 00:00:00,2026-02-18 00:00:00,43876-1585-0213,Net 30,69.83,"PO Box 84046 Seattle, WA 98124 USA",House Account,Invoice,245494,1,PSF Mechanical:PSF-Small Projects
2026-03-20 00:00:00,2026-02-18 00:00:00,2201-2720,Net 30,426.79,"2428 King George Hwy  Suite102 Surrey, BC V4P 1H5 CANADA",House Account,Invoice,245480,1,Ocean Park Mechanical Inc:OCE-Seattle House Apartments
2026-03-20 00:00:00,2026-02-18 00:00:00,3070,Net 30,570,"PO Box 2327 Buckley, WA 98321 USA",House Account,Invoice,245484,1,Trimble Mechanical:TBM-Special Projects
2026-03-20 00:00:00,2026-02-18 00:00:00,305831,Net 30,372.4,"1420 Maple Ave SW Renton, WA 98057 USA",House Account,Invoice,245474,1,Vital Mechanical Service:Vit-Vital Mechanical Special Projects
2026-03-20 00:00:00,2026-02-18 00:00:00,SJB V-516,Net 30,219.75,"1801 E Valley Hwy Kent, WA 98032 USA",House Account,Invoice,245472,1,Vet First Mechanical:VET-Small Projects
2026-03-20 00:00:00,2026-02-18 00:00:00,SJB-514,Net 30,1302,"1801 E Valley Hwy Kent, WA 98032 USA",House Account,Invoice,245407,1,Vet First Mechanical:VET-Small Projects
2026-03-20 00:00:00,2026-02-18 00:00:00,693861,Net 30,500.95,"PO Box 47983 Seattle, WA 98146 USA",House Account,Invoice,245527,1,"MacDonald-Miller Facility Solutions, Inc.:MAC-SpaceX"
2026-03-20 00:00:00,2026-02-18 00:00:00,693341,Net 30,921.98,"PO Box 47983 Seattle, WA 98146 USA",House Account,Invoice,245561,1,"MacDonald-Miller Facility Solutions, Inc.:MAC-Special Projects"
2026-03-20 00:00:00,2026-02-18 00:00:00,693341,Net 30,132.66,"PO Box 47983 Seattle, WA 98146 USA",House Account,Invoice,245561-1,1,"MacDonald-Miller Facility Solutions, Inc.:MAC-Special Projects"
2026-03-26 00:00:00,2026-02-24 00:00:00,2520,Net 30,3208.8,"1223 Valentine Ave SE Pacific, WA 98047 USA",House Account,Invoice,245787,1,Delta Technology Corporation:Delta Technology GOF
2026-03-20 00:00:00,2026-02-18 00:00:00,693380,Net 30,1357.18,"PO Box 47983 Seattle, WA 98146 USA",House Account,Invoice,245563,1,"MacDonald-Miller Facility Solutions, Inc.:MAC-1201 3rd Avenue"
2026-03-20 00:00:00,2026-02-18 00:00:00,2333-2725,Net 30,2578.98,"2428 King George Boulevard Surrey, BC V4P 1H5 CANADA",House Account,Invoice,245509,1,Ocean Park Mechanical Inc:OCE-1200 Stewart
2026-03-20 00:00:00,2026-02-18 00:00:00,25357078,Net 30,2169.94,"PO Box 24406 Seattle, WA 98124 USA",House Account,Invoice,245501,1,McKinstry Company:MCK-Block 38 TI
2026-03-20 00:00:00,2026-02-18 00:00:00,101688-23077,Net 30,55.6,"9322 14th Ave South Seattle, WA 98108 USA",House Account,Invoice,245517,1,Rainier Metal Works:Rainier Metal Works-Special Projects
2026-04-25 00:00:00,2026-02-24 00:00:00,KOZ Wetmore,Net 60,4000,"3615 W Mukilteo Blvd Everett, WA 98203 USA",,Invoice,244349,,Steele Mechanical:STM-KOZ Wetmore Everett
2026-03-20 00:00:00,2026-02-18 00:00:00,101684-23050,Net 30,619.05,"9322 14th Ave South Seattle, WA 98108 USA",House Account,Invoice,245405,1,Rainier Metal Works:Rainier Metal Works-Special Projects
2026-03-20 00:00:00,2026-02-18 00:00:00,639122,Net 30,2680,"PO Box 47983 Seattle, WA 98146 USA",House Account,Invoice,245502,1,"MacDonald-Miller Facility Solutions, Inc.:MAC-Special Projects"
2026-03-20 00:00:00,2026-02-18 00:00:00,26043002,Net 30,417.09,"PO Box 24406 Seattle, WA 98124 USA",House Account,Invoice,245395,1,McKinstry Company:MCK-SEA06 Arbor Blocks
2026-03-20 00:00:00,2026-02-18 00:00:00,693017,Net 30,132,"PO Box 47983 Seattle, WA 98146 USA",House Account,Invoice,245437-1,1,"MacDonald-Miller Facility Solutions, Inc.:MAC-Special Projects"
2026-03-20 00:00:00,2026-02-18 00:00:00,693017,Net 30,1623,"PO Box 47983 Seattle, WA 98146 USA",House Account,Invoice,245437,1,"MacDonald-Miller Facility Solutions, Inc.:MAC-Special Projects"
2026-03-21 00:00:00,2026-02-19 00:00:00,25357078,Net 30,770.24,"PO Box 24406 Seattle, WA 98124 USA",House Account,Invoice,245377,1,McKinstry Company:MCK-Block 38 TI
2026-03-26 00:00:00,2026-02-24 00:00:00,022-015,Net 30,115,"22129 NE 114th ST Bellevue, WA 98053 USA",,Invoice,242339-1,,AMS:AMS-WORP
2026-03-21 00:00:00,2026-02-19 00:00:00,25357078,Net 30,452.32,"PO Box 24406 Seattle, WA 98124 USA",House Account,Invoice,245130-1,1,McKinstry Company:MCK-Block 38 TI
2026-03-21 00:00:00,2026-02-19 00:00:00,25357078,Net 30,169.62,"PO Box 24406 Seattle, WA 98124 USA",House Account,Invoice,244794-1,1,McKinstry Company:MCK-Block 38 TI
2026-03-27 00:00:00,2026-02-25 00:00:00,Mosaic Apartments,Net 30,655.2,"3615 W Mukilteo Blvd Everett, WA 98203 USA",,Invoice,245785,,Steele Mechanical
2026-03-21 00:00:00,2026-02-19 00:00:00,25357078,Net 30,452.32,"PO Box 24406 Seattle, WA 98124 USA",House Account,Invoice,244835-1,1,McKinstry Company:MCK-Block 38 TI
2026-03-21 00:00:00,2026-02-19 00:00:00,101680-23041,Net 30,1203.77,"9322 14th Ave South Seattle, WA 98108 USA",House Account,Invoice,245321,1,Rainier Metal Works:Rainier Metal Works-Special Projects
2026-03-21 00:00:00,2026-02-19 00:00:00,305766,Net 30,384.93,"1420 Maple Ave SW Renton, WA 98057 USA",House Account,Invoice,245337,1,Vital Mechanical Service:Vit-Vital Mechanical Special Projects
2026-03-21 00:00:00,2026-02-19 00:00:00,692236,Net 30,1803.36,"PO Box 47983 Seattle, WA 98146 USA",,Invoice,245295,,"MacDonald-Miller Facility Solutions, Inc.:MAC-Special Projects"
2026-03-21 00:00:00,2026-02-19 00:00:00,26047070,Net 30,828,"PO Box 24406 Seattle, WA 98124 USA",House Account,Invoice,245290,1,McKinstry Company:McK-Special Projects
2026-03-22 00:00:00,2026-02-20 00:00:00,690143,Net 30,-1389.79,"PO Box 47983 Seattle, WA 98146 USA",House Account,Credit Memo,245794,1,"MacDonald-Miller Facility Solutions, Inc.:MAC-SpaceX"
2026-03-22 00:00:00,2026-02-20 00:00:00,694447,Net 30,1438,"PO Box 47983 Seattle, WA 98146 USA",House Account,Invoice,244906,1,"MacDonald-Miller Facility Solutions, Inc.:MAC-SpaceX"
2026-03-27 00:00:00,2026-02-25 00:00:00,Mosaic Apartments,Net 30,13.19,"3615 W Mukilteo Blvd Everett, WA 98203 USA",,Invoice,245785-1,,Steele Mechanical
2026-03-22 00:00:00,2026-02-20 00:00:00,694447,Net 30,188.35,"PO Box 47983 Seattle, WA 98146 USA",House Account,Invoice,244906-1,1,"MacDonald-Miller Facility Solutions, Inc.:MAC-SpaceX"
2026-03-22 00:00:00,2026-02-20 00:00:00,694447,Net 30,207,"PO Box 47983 Seattle, WA 98146 USA",House Account,Invoice,244906-2,1,"MacDonald-Miller Facility Solutions, Inc.:MAC-SpaceX"
2026-03-22 00:00:00,2026-02-20 00:00:00,694447,Net 30,122,"PO Box 47983 Seattle, WA 98146 USA",House Account,Invoice,244906-3,1,"MacDonald-Miller Facility Solutions, Inc.:MAC-SpaceX"
2026-03-22 00:00:00,2026-02-20 00:00:00,694447,Net 30,154.42,"PO Box 47983 Seattle, WA 98146 USA",House Account,Invoice,244906-4,1,"MacDonald-Miller Facility Solutions, Inc.:MAC-SpaceX"
2026-03-22 00:00:00,2026-02-20 00:00:00,694447,Net 30,99,"PO Box 47983 Seattle, WA 98146 USA",House Account,Invoice,244906-5,1,"MacDonald-Miller Facility Solutions, Inc.:MAC-SpaceX"
2026-03-22 00:00:00,2026-02-20 00:00:00,694447,Net 30,79.42,"PO Box 47983 Seattle, WA 98146 USA",House Account,Invoice,244906-6,1,"MacDonald-Miller Facility Solutions, Inc.:MAC-SpaceX"
2026-03-22 00:00:00,2026-02-20 00:00:00,693863,Net 30,168.94,"PO Box 47983 Seattle, WA 98146 USA",House Account,Invoice,245261,1,"MacDonald-Miller Facility Solutions, Inc.:MAC-SpaceX"
2026-03-22 00:00:00,2026-02-20 00:00:00,693506,Net 30,117.45,"PO Box 47983 Seattle, WA 98146 USA",House Account,Invoice,245567,1,"MacDonald-Miller Facility Solutions, Inc.:MAC-Special Projects"
2026-03-22 00:00:00,2026-02-20 00:00:00,693506,Net 30,76.07,"PO Box 47983 Seattle, WA 98146 USA",House Account,Invoice,245567-1,1,"MacDonald-Miller Facility Solutions, Inc.:MAC-Special Projects"
2026-03-22 00:00:00,2026-02-20 00:00:00,693410,Net 30,442.87,"PO Box 47983 Seattle, WA 98146 USA",House Account,Invoice,245571,1,"MacDonald-Miller Facility Solutions, Inc.:MAC-Special Projects"
2026-03-22 00:00:00,2026-02-20 00:00:00,693397,Net 30,500.36,"PO Box 47983 Seattle, WA 98146 USA",House Account,Invoice,245566,1,"MacDonald-Miller Facility Solutions, Inc.:MAC-Special Projects"
2026-03-22 00:00:00,2026-02-20 00:00:00,693257,Net 30,188.44,"PO Box 47983 Seattle, WA 98146 USA",House Account,Invoice,245545,1,"MacDonald-Miller Facility Solutions, Inc.:MAC-Special Projects"
2026-03-22 00:00:00,2026-02-20 00:00:00,693272,Net 30,86.2,"PO Box 47983 Seattle, WA 98146 USA",House Account,Invoice,245551,1,"MacDonald-Miller Facility Solutions, Inc.:MAC-Special Projects"
2026-03-22 00:00:00,2026-02-20 00:00:00,3012,Net 30,342,"PO Box 2327 Buckley, WA 98321 USA",House Account,Invoice,245544,1,Trimble Mechanical:TBM-Special Projects
2026-03-22 00:00:00,2026-02-20 00:00:00,693579,Net 30,80.76,"PO Box 47983 Seattle, WA 98146 USA",House Account,Invoice,245614,1,"MacDonald-Miller Facility Solutions, Inc.:MAC-Special Projects"
2026-03-22 00:00:00,2026-02-20 00:00:00,693720,Net 30,207,"PO Box 47983 Seattle, WA 98146 USA",House Account,Invoice,245632,1,"MacDonald-Miller Facility Solutions, Inc.:MAC-Special Projects"
2026-02-20 00:00:00,2026-02-20 00:00:00,Lowes 0004,Immediate,10.45,"601 South Lake Destiny Drive Suite 200 Maitland, FL 32751 USA",House Account,Invoice,245654,1,Helios HVACR Services LLC
2026-03-27 00:00:00,2026-02-25 00:00:00,po038666,Net 30,55,"Hermanson Company 1221 2nd Ave N Kent, WA 98032",House Account,Invoice,245232-2,1,Hermanson Company:HER-Small Projects
2026-03-28 00:00:00,2026-02-26 00:00:00,Victory Northgate,Net 30,1140,"22129 NE 114th ST Bellevue, WA 98053 USA",House Account,Invoice,245119-1,1,AMS:AMS-Victory Northgate
2026-03-22 00:00:00,2026-02-20 00:00:00,693687,Net 30,313.76,"PO Box 47983 Seattle, WA 98146 USA",House Account,Invoice,245639,1,"MacDonald-Miller Facility Solutions, Inc.:MAC-Special Projects"
2026-03-22 00:00:00,2026-02-20 00:00:00,694060,Net 30,275,"PO Box 47983 Seattle, WA 98146 USA",House Account,Invoice,245701,1,"MacDonald-Miller Facility Solutions, Inc.:MAC-Special Projects"
2026-03-22 00:00:00,2026-02-20 00:00:00,693700,Net 30,79.25,"PO Box 47983 Seattle, WA 98146 USA",House Account,Invoice,245637,1,"MacDonald-Miller Facility Solutions, Inc.:MAC-Special Projects"
2026-03-22 00:00:00,2026-02-20 00:00:00,26048094,Net 30,18.24,"PO Box 24406 Seattle, WA 98124 USA",House Account,Invoice,245621,1,McKinstry Company:McK-Special Projects
2026-03-28 00:00:00,2026-02-26 00:00:00,brown ephrata,Net 30,275,"2711 S Fifth Ave Union Gap, WA 98903 USA",House Account,Invoice,245580,1,"T & M Of WA, Inc.:T&M-Brown & Brown TI Ephrata"
2026-03-22 00:00:00,2026-02-20 00:00:00,254785,Net 30,2330,"C/o Dorse & Company 5000 1st Ave S Seattle, WA 98134",House Account,Invoice,244212,1,Acco Engineered Systems (401856):ACC-ACCO Small Projects (401856)
2026-03-28 00:00:00,2026-02-26 00:00:00,PO23704,Net 30,88,"2203 23rd Ave S Seattle, WA 98144 USA",House Account,Invoice,245952,1,Johnson-Barrow
2026-03-22 00:00:00,2026-02-20 00:00:00,SJB-514,Net 30,199,"1801 E Valley Hwy Kent, WA 98032 USA",House Account,Invoice,245599,1,Vet First Mechanical:VET-Small Projects
2026-03-22 00:00:00,2026-02-20 00:00:00,693072,Net 30,109.24,"PO Box 47983 Seattle, WA 98146 USA",House Account,Invoice,245475,1,"MacDonald-Miller Facility Solutions, Inc.:MAC-Special Projects"
2026-03-22 00:00:00,2026-02-20 00:00:00,w044276,Net 30,300,"837 Evergreen Street Lynden, WA 98264 USA",House Account,Invoice,245557-1,1,"Lynden Sheet Metal, Inc:Lyn-Special Projects"
2026-03-22 00:00:00,2026-02-20 00:00:00,25357078,Net 30,4350,"PO Box 24406 Seattle, WA 98124 USA",House Account,Invoice,245503,1,McKinstry Company:MCK-Block 38 TI
2026-03-22 00:00:00,2026-02-20 00:00:00,692842,Net 30,2900,"PO Box 47983 Seattle, WA 98146 USA",House Account,Invoice,245471,1,"MacDonald-Miller Facility Solutions, Inc.:MAC-Special Projects"
2026-03-22 00:00:00,2026-02-20 00:00:00,25350183,Net 30,8580,"PO Box 24406 Seattle, WA 98124 USA",House Account,Invoice,243191-1,1,McKinstry Company:McK-Special Projects
2026-03-28 00:00:00,2026-02-26 00:00:00,1A4104.010646,Net 30,47770,"PO Box 249 Auburn, WA 98071-0249 USA",House Account,Invoice,245265,1,Auburn Mechanical Inc:AUB-UW Haggett Hall
2026-03-22 00:00:00,2026-02-20 00:00:00,690951,Net 30,16600,"PO Box 47983 Seattle, WA 98146 USA",House Account,Invoice,245128,1,"MacDonald-Miller Facility Solutions, Inc.:MAC-Special Projects"
2026-03-28 00:00:00,2026-02-26 00:00:00,A250401501,Net 30,525,"5108 D Street NW Auburn, WA 98001 USA",House Account,Invoice,245871,1,"Emerald Aire, Inc.:EME-The Foundry @ Totem Lake"
2026-03-29 00:00:00,2026-02-27 00:00:00,118592,Net 30,2247.7,"7010 S 188th St Kent, WA 98032 USA",House Account,Invoice,245526,1,Shinn Mechanical Inc:Shi-Special Projects
2026-03-22 00:00:00,2026-02-20 00:00:00,F1094W-01036,Net 30,1040,"1207 W Columbia Dr Kennewick, WA 99336",House Account,Invoice,245555,1,Apollo Mechanical Contractors:APO-Rainier Beach High School
2026-03-22 00:00:00,2026-02-20 00:00:00,26-001-RM,Net 30,1162,"430 SW 153rd St Burien, WA 98166 USA",House Account,Invoice,245499,1,Enviromech:Enviromech - Special Projects
2026-03-25 00:00:00,2026-02-23 00:00:00,S183686,Net 30,275,"PO Box 84046 Seattle, WA 98124 USA",House Account,Invoice,245673,1,PSF Mechanical:PSF-Small Projects
2026-03-25 00:00:00,2026-02-23 00:00:00,25353124,Net 30,9615,"PO Box 24406 Seattle, WA 98124 USA",House Account,Invoice,243344-2,1,McKinstry Company:MCK-Project Skywalker
2026-03-25 00:00:00,2026-02-23 00:00:00,2333-2720,Net 30,300,"2428 King George Boulevard Surrey, BC V4P 1H5 CANADA",House Account,Invoice,245749,1,Ocean Park Mechanical Inc:OCE-1200 Stewart
2026-03-25 00:00:00,2026-02-23 00:00:00,26044056,Net 30,940,"PO Box 24406 Seattle, WA 98124 USA",House Account,Invoice,245672,1,McKinstry Company:McK-Special Projects
2026-03-26 00:00:00,2026-02-24 00:00:00,305894,Net 30,147,"1420 Maple Ave SW Renton, WA 98057 USA",House Account,Invoice,245680,1,Vital Mechanical Service:Vit-Vital Mechanical Special Projects
2026-03-26 00:00:00,2026-02-24 00:00:00,690046,Net 30,2687.54,"PO Box 47983 Seattle, WA 98146 USA",House Account,Invoice,245799,1,"MacDonald-Miller Facility Solutions, Inc.:MAC-Special Projects"
2026-03-26 00:00:00,2026-02-24 00:00:00,693465,Net 30,75,"PO Box 47983 Seattle, WA 98146 USA",House Account,Invoice,245578,1,"MacDonald-Miller Facility Solutions, Inc.:MAC-Special Projects"
2026-03-26 00:00:00,2026-02-24 00:00:00,264324,Net 30,345,"C/o Dorse & Company 5000 1st Ave S Seattle, WA 98134",House Account,Invoice,244798,1,Acco Engineered Systems (401856):ACC-ACCO Small Projects (401856)
2026-03-29 00:00:00,2026-02-27 00:00:00,A250401501,Net 30,435,"5108 D Street NW Auburn, WA 98001 USA",House Account,Invoice,245866,1,"Emerald Aire, Inc.:EME-The Foundry @ Totem Lake"
2026-03-26 00:00:00,2026-02-24 00:00:00,694522,Net 30,493.02,"PO Box 47983 Seattle, WA 98146 USA",House Account,Invoice,245814,1,"MacDonald-Miller Facility Solutions, Inc.:MAC-Special Projects"
2026-03-26 00:00:00,2026-02-24 00:00:00,694463,Net 30,1607.96,"PO Box 47983 Seattle, WA 98146 USA",House Account,Invoice,245816,1,"MacDonald-Miller Facility Solutions, Inc.:MAC-1201 3rd Avenue"
2026-03-26 00:00:00,2026-02-24 00:00:00,26054051,Net 30,60,"PO Box 24406 Seattle, WA 98124 USA",House Account,Invoice,245859,1,McKinstry Company:McK-Special Projects
2026-03-26 00:00:00,2026-02-24 00:00:00,25357078,Net 30,242,"PO Box 24406 Seattle, WA 98124 USA",House Account,Invoice,244835-2,1,McKinstry Company:MCK-Block 38 TI
2026-03-26 00:00:00,2026-02-24 00:00:00,687417,Net 30,1114,"PO Box 47983 Seattle, WA 98146 USA",House Account,Invoice,244324-1,1,"MacDonald-Miller Facility Solutions, Inc.:MAC-Special Projects"
2026-03-26 00:00:00,2026-02-24 00:00:00,3265,Net 30,1482.03,"PO Box 2327 Buckley, WA 98321 USA",House Account,Invoice,245631,1,Trimble Mechanical:TBM-Special Projects
2026-03-26 00:00:00,2026-02-24 00:00:00,266620,Net 30,469,"888 E. Walnut St (401856) Pasadena, CA 91101 USA",House Account,Invoice,245668,1,Acco Engineered Systems (401856):ACC-SEA139 Redmond East Building 16
2026-03-26 00:00:00,2026-02-24 00:00:00,693953,Net 30,1978.59,"PO Box 47983 Seattle, WA 98146 USA",House Account,Invoice,245643,1,"MacDonald-Miller Facility Solutions, Inc.:MAC-SpaceX"
2026-03-26 00:00:00,2026-02-24 00:00:00,26-001-RM,Net 30,1783,"430 SW 153rd St Burien, WA 98166 USA",House Account,Invoice,245499-1,1,Enviromech:Enviromech - Special Projects
2026-03-26 00:00:00,2026-02-24 00:00:00,693325,Net 30,349,"PO Box 47983 Seattle, WA 98146 USA",House Account,Invoice,244314,1,"MacDonald-Miller Facility Solutions, Inc.:MAC-Special Projects"
2026-03-26 00:00:00,2026-02-24 00:00:00,3012,Net 30,1204.15,"PO Box 2327 Buckley, WA 98321 USA",House Account,Invoice,245694,1,Trimble Mechanical:TBM-Special Projects
2026-03-26 00:00:00,2026-02-24 00:00:00,F1185,Net 30,575.2,"1207 W Columbia Dr Kennewick, WA 99336 USA",House Account,Invoice,245700,1,Apollo Mechanical Contractors:APO-SeaTac Concourse C Expansion
2026-03-26 00:00:00,2026-02-24 00:00:00,26049101,Net 30,98.06,"PO Box 24406 Seattle, WA 98124 USA",House Account,Invoice,245689,1,McKinstry Company:MCK-SEA06 Arbor Blocks
2026-03-26 00:00:00,2026-02-24 00:00:00,25357078,Net 30,772,"PO Box 24406 Seattle, WA 98124 USA",House Account,Invoice,244753-1,1,McKinstry Company:MCK-Block 38 TI
2026-03-26 00:00:00,2026-02-24 00:00:00,25357078,Net 30,488.18,"PO Box 24406 Seattle, WA 98124 USA",House Account,Invoice,245611,1,McKinstry Company:MCK-Block 38 TI
2026-03-26 00:00:00,2026-02-24 00:00:00,183642,Net 30,4070,"PO Box 84046 Seattle, WA 98124 USA",House Account,Invoice,245435,1,PSF Mechanical:PSF-Small Projects
2026-03-26 00:00:00,2026-02-24 00:00:00,694595,Net 30,145,"PO Box 47983 Seattle, WA 98146 USA",House Account,Invoice,245822,1,"MacDonald-Miller Facility Solutions, Inc.:MAC-Special Projects"
2026-03-26 00:00:00,2026-02-24 00:00:00,25-696-RM,Net 30,890,"430 SW 153rd St Burien, WA 98166 USA",House Account,Invoice,244581-2,1,Enviromech:Enviromech - Special Projects
2026-03-26 00:00:00,2026-02-24 00:00:00,695351,Net 30,875,"PO Box 47983 Seattle, WA 98146 USA",House Account,Invoice,245912,1,"MacDonald-Miller Facility Solutions, Inc.:MAC-Special Projects"
2026-03-26 00:00:00,2026-02-24 00:00:00,695388,Net 30,450.01,"PO Box 47983 Seattle, WA 98146 USA",House Account,Invoice,245918,1,"MacDonald-Miller Facility Solutions, Inc.:MAC-Special Projects"
2026-03-27 00:00:00,2026-02-25 00:00:00,305996,Net 30,336.01,"1420 Maple Ave SW Renton, WA 98057 USA",House Account,Invoice,245856,1,Vital Mechanical Service:Vit-Vital Mechanical Special Projects
2026-03-27 00:00:00,2026-02-25 00:00:00,26056061,Net 30,174.3,"PO Box 24406 Seattle, WA 98124 USA",House Account,Invoice,245900,1,McKinstry Company:McK-Special Projects
2026-03-27 00:00:00,2026-02-25 00:00:00,26092,Net 30,116.39,"7202 NE 175Th St Kenmore, WA 98028 USA",House Account,Invoice,245740,1,GB Systems:GB-Special Projects
2026-03-27 00:00:00,2026-02-25 00:00:00,3230,Net 30,409.5,"PO Box 2327 Buckley, WA 98321 USA",House Account,Invoice,245659,1,Trimble Mechanical:TBM-Special Projects
2026-03-27 00:00:00,2026-02-25 00:00:00,3275,Net 30,265.15,"PO Box 2327 Buckley, WA 98321 USA",House Account,Invoice,245732,1,Trimble Mechanical:TBM-Special Projects
2026-03-27 00:00:00,2026-02-25 00:00:00,694125,Net 30,325.58,"PO Box 47983 Seattle, WA 98146 USA",House Account,Invoice,245731,1,"MacDonald-Miller Facility Solutions, Inc.:MAC-Special Projects"
2026-03-27 00:00:00,2026-02-25 00:00:00,Coral Foods,Net 30,158.56,"2223 202nd St S W Lynnwood, WA 98036 USA",House Account,Invoice,245715-1,1,Uptown Mechanical:Uptown - Special Projects
2026-03-27 00:00:00,2026-02-25 00:00:00,Coral Foods,Net 30,600.82,"2223 202nd St S W Lynnwood, WA 98036 USA",House Account,Invoice,245715,1,Uptown Mechanical:Uptown - Special Projects
2026-03-27 00:00:00,2026-02-25 00:00:00,694051,Net 30,79.6,"PO Box 47983 Seattle, WA 98146 USA",House Account,Invoice,245714-1,1,"MacDonald-Miller Facility Solutions, Inc.:MAC-Special Projects"
2026-03-27 00:00:00,2026-02-25 00:00:00,694051,Net 30,23.6,"PO Box 47983 Seattle, WA 98146 USA",House Account,Invoice,245714,1,"MacDonald-Miller Facility Solutions, Inc.:MAC-Special Projects"
2026-03-27 00:00:00,2026-02-25 00:00:00,54394-9926,Net 30,1656.44,"1400 Airport Way S, Suite 202 Seattle, WA 98134",House Account,Invoice,245459-1,1,United Systems Mechanical Inc:USM-Small Projects
2026-03-27 00:00:00,2026-02-25 00:00:00,693889,Net 30,1220,"PO Box 47983 Seattle, WA 98146 USA",House Account,Invoice,245671,1,"MacDonald-Miller Facility Solutions, Inc.:MAC-Special Projects"
2026-03-27 00:00:00,2026-02-25 00:00:00,3265,Net 30,181.34,"PO Box 2327 Buckley, WA 98321 USA",House Account,Invoice,245703,1,Trimble Mechanical:TBM-Special Projects
2026-03-27 00:00:00,2026-02-25 00:00:00,3262,Net 30,440,"PO Box 2327 Buckley, WA 98321 USA",House Account,Invoice,245620,1,Trimble Mechanical:TBM-Special Projects
2026-03-27 00:00:00,2026-02-25 00:00:00,54394-9926,Net 30,700,"1400 Airport Way S, Suite 202 Seattle, WA 98134",House Account,Invoice,245459-2,1,United Systems Mechanical Inc:USM-Small Projects
2026-03-27 00:00:00,2026-02-25 00:00:00,694315,Net 30,618.89,"PO Box 47983 Seattle, WA 98146 USA",,Invoice,245786,,"MacDonald-Miller Facility Solutions, Inc.:MAC-Special Projects"
2026-03-27 00:00:00,2026-02-25 00:00:00,305926,Net 30,133.56,"1420 Maple Ave SW Renton, WA 98057 USA",,Invoice,245776,,Vital Mechanical Service:Vit-Vital Mechanical Special Projects
2026-03-27 00:00:00,2026-02-25 00:00:00,694256,Net 30,106.96,"PO Box 47983 Seattle, WA 98146 USA",House Account,Invoice,245768,1,"MacDonald-Miller Facility Solutions, Inc.:MAC-Special Projects"
2026-03-27 00:00:00,2026-02-25 00:00:00,694301,Net 30,9.88,"PO Box 47983 Seattle, WA 98146 USA",House Account,Invoice,245783,1,"MacDonald-Miller Facility Solutions, Inc.:MAC-Special Projects"
2026-03-27 00:00:00,2026-02-25 00:00:00,694298,Net 30,213.4,"PO Box 47983 Seattle, WA 98146 USA",House Account,Invoice,245782,1,"MacDonald-Miller Facility Solutions, Inc.:MAC-Special Projects"
2026-03-27 00:00:00,2026-02-25 00:00:00,SJB-V509,Net 30,310.8,"1801 E Valley Hwy Kent, WA 98032 USA",,Invoice,245780,,Vet First Mechanical:VET-Small Projects
2026-03-27 00:00:00,2026-02-25 00:00:00,SJB V-516,Net 30,275.49,"1801 E Valley Hwy Kent, WA 98032 USA",House Account,Invoice,245781,1,Vet First Mechanical:VET-Small Projects
2026-03-27 00:00:00,2026-02-25 00:00:00,26055168,Net 30,859.2,"PO Box 24406 Seattle, WA 98124 USA",House Account,Invoice,245848,1,McKinstry Company:McK-Special Projects
2026-03-27 00:00:00,2026-02-25 00:00:00,2604627025,Net 30,34.1,"PO Box 24406 Seattle, WA 98124 USA",House Account,Invoice,245880,1,McKinstry Company:McK-Special Projects
2026-03-27 00:00:00,2026-02-25 00:00:00,101728-230092,Net 30,272.25,"9322 14th Ave South Seattle, WA 98108 USA",House Account,Invoice,245867,1,Rainier Metal Works:Rainier Metal Works-Special Projects
2026-03-27 00:00:00,2026-02-25 00:00:00,3284,Net 30,73.32,"PO Box 2327 Buckley, WA 98321 USA",House Account,Invoice,245873,1,Trimble Mechanical:TBM-Special Projects
2026-03-27 00:00:00,2026-02-25 00:00:00,694519,Net 30,632.49,"PO Box 47983 Seattle, WA 98146 USA",House Account,Invoice,245743,1,"MacDonald-Miller Facility Solutions, Inc.:MAC-Special Projects"
2026-03-27 00:00:00,2026-02-25 00:00:00,692480,Net 30,25.03,"PO Box 47983 Seattle, WA 98146 USA",House Account,Invoice,245335,1,"MacDonald-Miller Facility Solutions, Inc.:MAC-Special Projects"
2026-03-27 00:00:00,2026-02-25 00:00:00,26099,Net 30,16.78,"7202 NE 175Th St Kenmore, WA 98028 USA",House Account,Invoice,245854,1,GB Systems:GB-Special Projects
2026-03-27 00:00:00,2026-02-25 00:00:00,60940811,Net 30,29.3,"C/o Dorse & Company 5000 1st Ave S Seattle, WA 98134",House Account,Invoice,245849,1,Acco Engineered Systems (401856):ACC-ACCO Small Projects (401856)
2026-03-27 00:00:00,2026-02-25 00:00:00,2926-1585-0224,Net 30,308.28,"PO Box 84046 Seattle, WA 98124 USA",House Account,Invoice,245957,1,PSF Mechanical:PSF-Small Projects
2026-03-27 00:00:00,2026-02-25 00:00:00,695655,Net 30,198.38,"PO Box 47983 Seattle, WA 98146 USA",House Account,Invoice,245955,1,"MacDonald-Miller Facility Solutions, Inc.:MAC-Special Projects"
2026-03-27 00:00:00,2026-02-25 00:00:00,Tukwila 1,Net 30,171.86,"35420 Military Rd S Auburn, WA 98001 USA",House Account,Invoice,245946,1,Diamond Construction Services LLC:Diamond Construction - Special Project
2026-03-27 00:00:00,2026-02-25 00:00:00,305968,Net 30,216.83,"1420 Maple Ave SW Renton, WA 98057 USA",House Account,Invoice,245883,1,Vital Mechanical Service:Vit-Vital Mechanical Special Projects
2026-03-27 00:00:00,2026-02-25 00:00:00,305968,Net 30,32.12,"1420 Maple Ave SW Renton, WA 98057 USA",House Account,Invoice,245883-1,1,Vital Mechanical Service:Vit-Vital Mechanical Special Projects
2026-03-27 00:00:00,2026-02-25 00:00:00,695441,Net 30,162.93,"PO Box 47983 Seattle, WA 98146 USA",House Account,Invoice,245903,1,"MacDonald-Miller Facility Solutions, Inc.:MAC-Special Projects"
2026-03-27 00:00:00,2026-02-25 00:00:00,695441,Net 30,21.94,"PO Box 47983 Seattle, WA 98146 USA",House Account,Invoice,245903-1,1,"MacDonald-Miller Facility Solutions, Inc.:MAC-Special Projects"
2026-03-27 00:00:00,2026-02-25 00:00:00,60940745,Net 30,266.85,"C/o Dorse & Company 5000 1st Ave S Seattle, WA 98134",House Account,Invoice,245901,1,Acco Engineered Systems (401856):ACC-ACCO Small Projects (401856)
2026-03-28 00:00:00,2026-02-26 00:00:00,25357078,Net 30,660,"PO Box 24406 Seattle, WA 98124 USA",House Account,Invoice,245922,1,McKinstry Company:MCK-Block 38 TI
2026-03-29 00:00:00,2026-02-27 00:00:00,696278,Net 30,215.81,"PO Box 47983 Seattle, WA 98146 USA",House Account,Invoice,245552,1,"MacDonald-Miller Facility Solutions, Inc.:MAC-Special Projects"
2026-03-29 00:00:00,2026-02-27 00:00:00,694125,Net 30,56,"PO Box 47983 Seattle, WA 98146 USA",House Account,Invoice,245731-1,1,"MacDonald-Miller Facility Solutions, Inc.:MAC-Special Projects"
2026-03-29 00:00:00,2026-02-27 00:00:00,695435,Net 30,71.76,"PO Box 47983 Seattle, WA 98146 USA",House Account,Invoice,245910,1,"MacDonald-Miller Facility Solutions, Inc.:MAC-Special Projects"
2026-03-29 00:00:00,2026-02-27 00:00:00,695854,Net 30,703,"PO Box 47983 Seattle, WA 98146 USA",House Account,Invoice,245999,1,"MacDonald-Miller Facility Solutions, Inc.:MAC-1201 3rd Avenue"
2026-03-29 00:00:00,2026-02-27 00:00:00,306029,Net 30,45.48,"1420 Maple Ave SW Renton, WA 98057 USA",House Account,Invoice,246001-1,1,Vital Mechanical Service:Vit-Vital Mechanical Special Projects
2026-03-29 00:00:00,2026-02-27 00:00:00,306029,Net 30,231.24,"1420 Maple Ave SW Renton, WA 98057 USA",House Account,Invoice,246001,1,Vital Mechanical Service:Vit-Vital Mechanical Special Projects
2026-03-29 00:00:00,2026-02-27 00:00:00,26056136,Net 30,31.86,"PO Box 24406 Seattle, WA 98124 USA",House Account,Invoice,246009,1,McKinstry Company:MCK-SEA06 Arbor Blocks
2026-03-29 00:00:00,2026-02-27 00:00:00,25344120,Net 30,27,"PO Box 24406 Seattle, WA 98124 USA",House Account,Invoice,246107,1,McKinstry Company:McK-Special Projects
2026-03-29 00:00:00,2026-02-27 00:00:00,696186,Net 30,135.4,"PO Box 47983 Seattle, WA 98146 USA",House Account,Invoice,246012,1,"MacDonald-Miller Facility Solutions, Inc.:MAC-Special Projects"
2026-03-29 00:00:00,2026-02-27 00:00:00,696188,Net 30,84.45,"PO Box 47983 Seattle, WA 98146 USA",House Account,Invoice,246095,1,"MacDonald-Miller Facility Solutions, Inc.:MAC-Special Projects"
2026-03-29 00:00:00,2026-02-27 00:00:00,25027075,Net 30,7900,"PO Box 24406 Seattle, WA 98124 USA",House Account,Invoice,246072,1,McKinstry Company:McK-Special Projects
2026-03-29 00:00:00,2026-02-27 00:00:00,696042,Net 30,228,"PO Box 47983 Seattle, WA 98146 USA",House Account,Invoice,246040,1,"MacDonald-Miller Facility Solutions, Inc.:MAC-Special Projects"
2026-03-29 00:00:00,2026-02-27 00:00:00,2333-2720,Net 30,1247.95,"2428 King George Boulevard Surrey, BC V4P 1H5 CANADA",,Invoice,245995,,Ocean Park Mechanical Inc:OCE-1200 Stewart
2026-03-29 00:00:00,2026-02-27 00:00:00,695815,Net 30,1011.33,"PO Box 47983 Seattle, WA 98146 USA",House Account,Invoice,245994,1,"MacDonald-Miller Facility Solutions, Inc.:MAC-Special Projects"
2026-03-29 00:00:00,2026-02-27 00:00:00,26055156,Net 30,933.2,"PO Box 24406 Seattle, WA 98124 USA",House Account,Invoice,245954,1,McKinstry Company:MCK-SEA06 Arbor Blocks
2026-03-29 00:00:00,2026-02-27 00:00:00,25357078,Net 30,743.92,"PO Box 24406 Seattle, WA 98124 USA",House Account,Invoice,245933,1,McKinstry Company:MCK-Block 38 TI
2026-03-29 00:00:00,2026-02-27 00:00:00,694522,Net 30,163.02,"PO Box 47983 Seattle, WA 98146 USA",House Account,Invoice,245814-1,1,"MacDonald-Miller Facility Solutions, Inc.:MAC-Special Projects"
2026-03-29 00:00:00,2026-02-27 00:00:00,54427-9932,Net 30,56.23,"1400 Airport Way S, Suite 202 Seattle, WA 98134",House Account,Invoice,244964,1,United Systems Mechanical Inc:USM-Small Projects
2026-03-29 00:00:00,2026-02-27 00:00:00,54427-9932,Net 30,1204.98,"1400 Airport Way S, Suite 202 Seattle, WA 98134",House Account,Invoice,244964-1,1,United Systems Mechanical Inc:USM-Small Projects
2026-03-29 00:00:00,2026-02-27 00:00:00,54427-9932,Net 30,171.86,"1400 Airport Way S, Suite 202 Seattle, WA 98134",House Account,Invoice,244964-2,1,United Systems Mechanical Inc:USM-Small Projects
2026-03-29 00:00:00,2026-02-27 00:00:00,54426-9908,Net 30,90,"1400 Airport Way S, Suite 202 Seattle, WA 98134",House Account,Invoice,246037,1,United Systems Mechanical Inc:USM-Small Projects
2026-03-29 00:00:00,2026-02-27 00:00:00,54429-9926,Net 30,81.17,"1400 Airport Way S, Suite 202 Seattle, WA 98134",House Account,Invoice,245113,1,United Systems Mechanical Inc:USM-Small Projects
2026-03-29 00:00:00,2026-02-27 00:00:00,54429-9926,Net 30,18.56,"1400 Airport Way S, Suite 202 Seattle, WA 98134",House Account,Invoice,245113-1,1,United Systems Mechanical Inc:USM-Small Projects
2026-03-29 00:00:00,2026-02-27 00:00:00,54429-9926,Net 30,568.7,"1400 Airport Way S, Suite 202 Seattle, WA 98134",House Account,Invoice,245113-2,1,United Systems Mechanical Inc:USM-Small Projects
2026-03-29 00:00:00,2026-02-27 00:00:00,54429-9926,Net 30,57.73,"1400 Airport Way S, Suite 202 Seattle, WA 98134",House Account,Invoice,245113-3,1,United Systems Mechanical Inc:USM-Small Projects
2026-03-29 00:00:00,2026-02-27 00:00:00,54429-9926,Net 30,82.55,"1400 Airport Way S, Suite 202 Seattle, WA 98134",,Invoice,245113-4,,United Systems Mechanical Inc:USM-Small Projects
2026-03-29 00:00:00,2026-02-27 00:00:00,54429-9926,Net 30,227.54,"1400 Airport Way S, Suite 202 Seattle, WA 98134",,Invoice,245113-5,,United Systems Mechanical Inc:USM-Small Projects
2026-03-29 00:00:00,2026-02-27 00:00:00,54430-9862,Net 30,82.47,"1400 Airport Way S, Suite 202 Seattle, WA 98134",House Account,Invoice,245174,1,United Systems Mechanical Inc:USM-Small Projects
2026-03-29 00:00:00,2026-02-27 00:00:00,2201-2725,Net 30,694.14,"2428 King George Hwy  Suite102 Surrey, BC V4P 1H5 CANADA",House Account,Invoice,245937,1,Ocean Park Mechanical Inc:OCE-Seattle House Apartments
2026-03-29 00:00:00,2026-02-27 00:00:00,696052,Net 30,1139,"PO Box 47983 Seattle, WA 98146 USA",House Account,Invoice,246129,1,"MacDonald-Miller Facility Solutions, Inc.:MAC-Special Projects"
2026-03-29 00:00:00,2026-02-27 00:00:00,26058064,Net 30,98.74,"PO Box 24406 Seattle, WA 98124 USA",House Account,Invoice,246172,1,McKinstry Company:McK-Special Projects
2026-03-29 00:00:00,2026-02-27 00:00:00,3300,Net 30,154.1,"PO Box 2327 Buckley, WA 98321 USA",House Account,Invoice,246136,1,Trimble Mechanical:TBM-Special Projects
2026-03-29 00:00:00,2026-02-27 00:00:00,24347107,Net 30,217.8,"PO Box 24406 Seattle, WA 98124 USA",House Account,Invoice,246130,1,McKinstry Company:MCK-Project Tetris
2026-03-29 00:00:00,2026-02-27 00:00:00,26058093,Net 30,78.74,"PO Box 24406 Seattle, WA 98124 USA",House Account,Invoice,246103,1,McKinstry Company:McK-Special Projects
2026-03-29 00:00:00,2026-02-27 00:00:00,25357078,Net 30,512,"PO Box 24406 Seattle, WA 98124 USA",House Account,Invoice,245727-1,1,McKinstry Company:MCK-Block 38 TI
2026-03-29 00:00:00,2026-02-27 00:00:00,25357078,Net 30,1169.02,"PO Box 24406 Seattle, WA 98124 USA",House Account,Invoice,245727,1,McKinstry Company:MCK-Block 38 TI
2026-02-27 00:00:00,2026-02-27 00:00:00,,Immediate,-1708.44,"5000 1st Ave S Seattle, WA 98134",House Account,Credit Memo,246186,1,Counter Sale
2026-03-29 00:00:00,2026-02-27 00:00:00,,Net 30,419.46,"2901 115th Ave NE Bellevue, WA 98004 USA",House Account,Invoice,245982,1,City of Bellevue
2026-03-29 00:00:00,2026-02-27 00:00:00,696155,Net 30,125,"PO Box 47983 Seattle, WA 98146 USA",House Account,Invoice,246071,1,"MacDonald-Miller Facility Solutions, Inc.:MAC-Special Projects"
2026-03-29 00:00:00,2026-02-27 00:00:00,PO 10657,Net 30,3450,"1916 220th St SE, Suite M101 Bothell, WA 98021 USA",House Account,Invoice,244113,1,"Pacific Air Control, Inc:Pacific Air Control, Inc. GOF"
2026-01-29 00:00:00,2025-12-30 00:00:00,183043,Net 30,600,"PO Box 84046 Seattle, WA 98124 USA",House Account,Invoice,242124,1,PSF Mechanical:PSF-Small Projects
2026-01-30 00:00:00,2025-12-31 00:00:00,3082,Net 30,349,"PO Box 2327 Buckley, WA 98321 USA",House Account,Invoice,243169,1,Trimble Mechanical:TBM-Special Projects
2026-01-30 00:00:00,2025-12-31 00:00:00,2333-2720,Net 30,939.12,"2428 King George Boulevard Surrey, BC V4P 1H5 CANADA",House Account,Invoice,243506,1,Ocean Park Mechanical Inc:OCE-1200 Stewart
2026-01-30 00:00:00,2025-12-31 00:00:00,3012,Net 30,33.09,"PO Box 2327 Buckley, WA 98321 USA",House Account,Invoice,243450-1,1,Trimble Mechanical:TBM-Special Projects
2026-01-30 00:00:00,2025-12-31 00:00:00,3012,Net 30,551.27,"PO Box 2327 Buckley, WA 98321 USA",House Account,Invoice,243450,1,Trimble Mechanical:TBM-Special Projects
2026-01-30 00:00:00,2025-12-31 00:00:00,2515-2720,Net 30,14.33,"2428 King George Hwy  Suite102 Surrey, BC V4P 1H5 CANADA",House Account,Invoice,243473,1,Ocean Park Mechanical Inc:OCE-Special Projects
2026-01-30 00:00:00,2025-12-31 00:00:00,2201,Net 30,224.75,"2428 King George Hwy  Suite102 Surrey, BC V4P 1H5 CANADA",House Account,Invoice,243537-1,1,Ocean Park Mechanical Inc:OCE-Seattle House Apartments
2026-01-30 00:00:00,2025-12-31 00:00:00,684420,Net 30,352.54,"PO Box 47983 Seattle, WA 98146 USA",House Account,Invoice,243546,1,"MacDonald-Miller Facility Solutions, Inc.:MAC-Special Projects"
2026-01-30 00:00:00,2025-12-31 00:00:00,2820,Net 30,246.04,"PO Box 2327 Buckley, WA 98321 USA",House Account,Invoice,243594,1,Trimble Mechanical:TBM-Special Projects
2026-01-30 00:00:00,2025-12-31 00:00:00,2772,Net 30,83.3,"PO Box 2327 Buckley, WA 98321 USA",House Account,Invoice,239257,1,Trimble Mechanical:TBM-Special Projects
2026-02-04 00:00:00,2026-01-05 00:00:00,3032,Net 30,12976.18,"PO Box 2327 Buckley, WA 98321 USA",House Account,Invoice,242616,1,Trimble Mechanical:TBM-Special Projects
2026-02-06 00:00:00,2026-01-07 00:00:00,2187,Net 30,49.7,"PO Box 872472 Vancouver, WA 98687 USA",House Account,Invoice,243712,1,Direct Mechanical Contractors:DIR-Habit Burger #547
2026-02-06 00:00:00,2026-01-07 00:00:00,680687,Net 30,650,"PO Box 47983 Seattle, WA 98146 USA",House Account,Invoice,242831-1,1,"MacDonald-Miller Facility Solutions, Inc.:MAC-Special Projects"
2026-02-06 00:00:00,2026-01-07 00:00:00,305156,Net 30,1088.1,"1420 Maple Ave SW Renton, WA 98057 USA",House Account,Invoice,243668,1,Vital Mechanical Service:Vit-Vital Mechanical Special Projects
2026-02-06 00:00:00,2026-01-07 00:00:00,684961,Net 30,184.75,"PO Box 47983 Seattle, WA 98146",House Account,Invoice,243652,1,"MacDonald-Miller Facility Solutions, Inc.:MAC-Swedish Medical Center First Hill"
2026-02-06 00:00:00,2026-01-07 00:00:00,685445,Net 30,629.99,"PO Box 47983 Seattle, WA 98146 USA",House Account,Invoice,243770,1,"MacDonald-Miller Facility Solutions, Inc.:MAC-Special Projects"
2026-02-07 00:00:00,2026-01-08 00:00:00,Crash Champions,Net 30,725,"33530 1st Way S, Suite 102 Federal Way, WA 98003 USA",House Account,Invoice,243700,1,K & D Mechanical Inc:K & D Mechanical GOF
2026-02-07 00:00:00,2026-01-08 00:00:00,685689,Net 30,404.99,"PO Box 47983 Seattle, WA 98146 USA",House Account,Invoice,243832,1,"MacDonald-Miller Facility Solutions, Inc.:MAC-Special Projects"
2026-02-08 00:00:00,2026-01-09 00:00:00,684408,Net 30,250,"PO Box 47983 Seattle, WA 98146 USA",House Account,Invoice,243627,1,"MacDonald-Miller Facility Solutions, Inc.:MAC-Special Projects"
2026-02-08 00:00:00,2026-01-09 00:00:00,3020,Net 30,441,"PO Box 2327 Buckley, WA 98321 USA",House Account,Invoice,243757,1,Trimble Mechanical:TBM-Special Projects
2026-02-08 00:00:00,2026-01-09 00:00:00,2333-2720,Net 30,132,"2428 King George Boulevard Surrey, BC V4P 1H5 CANADA",House Account,Invoice,243738,1,Ocean Park Mechanical Inc:OCE-1200 Stewart
2026-02-08 00:00:00,2026-01-09 00:00:00,683336,Net 30,1965.01,"PO Box 47983 Seattle, WA 98146 USA",House Account,Invoice,243348,1,"MacDonald-Miller Facility Solutions, Inc.:MAC-Special Projects"
2026-02-08 00:00:00,2026-01-09 00:00:00,685514,Net 30,359.71,"PO Box 47983 Seattle, WA 98146 USA",House Account,Invoice,243803,1,"MacDonald-Miller Facility Solutions, Inc.:MAC-Special Projects"
2026-02-08 00:00:00,2026-01-09 00:00:00,685405,Net 30,97.1,"PO Box 47983 Seattle, WA 98146 USA",House Account,Invoice,243740,1,"MacDonald-Miller Facility Solutions, Inc.:MAC-Special Projects"
2026-02-08 00:00:00,2026-01-09 00:00:00,2515-2720,Net 30,91.42,"2428 King George Hwy  Suite102 Surrey, BC V4P 1H5 CANADA",House Account,Invoice,243795-1,1,Ocean Park Mechanical Inc:OCE-Special Projects
2026-02-08 00:00:00,2026-01-09 00:00:00,2515-2720,Net 30,434.28,"2428 King George Hwy  Suite102 Surrey, BC V4P 1H5 CANADA",House Account,Invoice,243795,1,Ocean Park Mechanical Inc:OCE-Special Projects
2026-02-08 00:00:00,2026-01-09 00:00:00,305156,Net 30,410.72,"1420 Maple Ave SW Renton, WA 98057 USA",House Account,Invoice,243668-1,1,Vital Mechanical Service:Vit-Vital Mechanical Special Projects
2026-02-08 00:00:00,2026-01-09 00:00:00,685318,Net 30,873.77,"PO Box 47983 Seattle, WA 98146 USA",House Account,Invoice,243753,1,"MacDonald-Miller Facility Solutions, Inc.:MAC-Special Projects"
2026-02-08 00:00:00,2026-01-09 00:00:00,305111,Net 30,1409.53,"1420 Maple Ave SW Renton, WA 98057 USA",House Account,Invoice,243573,1,Vital Mechanical Service:Vit-Vital Mechanical Special Projects
2026-02-08 00:00:00,2026-01-09 00:00:00,685034,Net 30,2098.79,"PO Box 47983 Seattle, WA 98146 USA",House Account,Invoice,243686,1,"MacDonald-Miller Facility Solutions, Inc.:MAC-Special Projects"
2026-02-08 00:00:00,2026-01-09 00:00:00,684408,Net 30,659,"PO Box 47983 Seattle, WA 98146 USA",House Account,Invoice,243627-1,1,"MacDonald-Miller Facility Solutions, Inc.:MAC-SpaceX"
2026-02-11 00:00:00,2026-01-12 00:00:00,PAWS,Net 30,1050,"PO Box 2327 Buckley, WA 98321 USA",,Invoice,243851,,Trimble Mechanical:TBM-Special Projects
2026-02-11 00:00:00,2026-01-12 00:00:00,685316,Net 30,275,"PO Box 47983 Seattle, WA 98146 USA",House Account,Invoice,243835,1,"MacDonald-Miller Facility Solutions, Inc.:MAC-Special Projects"
2026-02-11 00:00:00,2026-01-12 00:00:00,685719,Net 30,1512,"PO Box 47983 Seattle, WA 98146 USA",House Account,Invoice,243903,1,"MacDonald-Miller Facility Solutions, Inc.:MAC-Special Projects"
2026-02-12 00:00:00,2026-01-13 00:00:00,681994,Net 30,6400,"PO Box 47983 Seattle, WA 98146 USA",House Account,Invoice,239304,1,"MacDonald-Miller Facility Solutions, Inc.:MAC-Special Projects"
2026-02-12 00:00:00,2026-01-13 00:00:00,20193,Net 30,3605,"2428 King George Boulevard Surrey, BC V4P 1H5 CANADA",House Account,Invoice,243786,1,Ocean Park Mechanical Inc:OCE-1200 Stewart
2026-02-12 00:00:00,2026-01-13 00:00:00,26013184,Net 30,252.34,"PO Box 24406 Seattle, WA 98124 USA",House Account,Invoice,243810,1,McKinstry Company:McK-Special Projects
2026-02-12 00:00:00,2026-01-13 00:00:00,3102,Net 30,819.09,"PO Box 2327 Buckley, WA 98321 USA",House Account,Invoice,243782,1,Trimble Mechanical:TBM-Special Projects
2026-02-12 00:00:00,2026-01-13 00:00:00,685520,Net 30,932.47,"PO Box 47983 Seattle, WA 98146 USA",House Account,Invoice,243811,1,"MacDonald-Miller Facility Solutions, Inc.:MAC-Special Projects"
2026-02-12 00:00:00,2026-01-13 00:00:00,685669,Net 30,100.44,"PO Box 47983 Seattle, WA 98146 USA",House Account,Invoice,243264,1,"MacDonald-Miller Facility Solutions, Inc.:MAC-Special Projects"
2026-02-12 00:00:00,2026-01-13 00:00:00,685404,Net 30,372.02,"PO Box 47983 Seattle, WA 98146 USA",House Account,Invoice,243739,1,"MacDonald-Miller Facility Solutions, Inc.:MAC-SpaceX"
2026-02-12 00:00:00,2026-01-13 00:00:00,25027075,Net 30,424.12,"PO Box 24406 Seattle, WA 98124 USA",House Account,Invoice,243907,1,McKinstry Company:McK-Special Projects
2026-02-12 00:00:00,2026-01-13 00:00:00,25027075,Net 30,994,"PO Box 24406 Seattle, WA 98124 USA",House Account,Invoice,243908,1,McKinstry Company:McK-Special Projects
2026-02-12 00:00:00,2026-01-13 00:00:00,3115,Net 30,100.44,"PO Box 2327 Buckley, WA 98321 USA",House Account,Invoice,243616,1,Trimble Mechanical:TBM-Special Projects
2026-02-12 00:00:00,2026-01-13 00:00:00,685855,Net 30,197.64,"PO Box 47983 Seattle, WA 98146 USA",House Account,Invoice,243875,1,"MacDonald-Miller Facility Solutions, Inc.:MAC-Special Projects"
2026-02-15 00:00:00,2026-01-16 00:00:00,686019,Net 30,38.32,"PO Box 47983 Seattle, WA 98146 USA",House Account,Invoice,243912,1,"MacDonald-Miller Facility Solutions, Inc.:MAC-Special Projects"
2026-02-15 00:00:00,2026-01-16 00:00:00,S183419,Net 30,595,"PO Box 84046 Seattle, WA 98124 USA",House Account,Invoice,244032,1,PSF Mechanical:PSF-Small Projects
2026-02-15 00:00:00,2026-01-16 00:00:00,686001,Net 30,247.37,"PO Box 47983 Seattle, WA 98146 USA",House Account,Invoice,243920,1,"MacDonald-Miller Facility Solutions, Inc.:MAC-Special Projects"
2026-02-15 00:00:00,2026-01-16 00:00:00,3154,Net 30,964.52,"PO Box 2327 Buckley, WA 98321 USA",House Account,Invoice,243960,1,Trimble Mechanical:TBM-Special Projects
2026-02-15 00:00:00,2026-01-16 00:00:00,686285,Net 30,203.72,"PO Box 47983 Seattle, WA 98146 USA",House Account,Invoice,243978,1,"MacDonald-Miller Facility Solutions, Inc.:MAC-1201 3rd Avenue"
2026-02-15 00:00:00,2026-01-16 00:00:00,685782,Net 30,230.08,"PO Box 47983 Seattle, WA 98146 USA",House Account,Invoice,243859,1,"MacDonald-Miller Facility Solutions, Inc.:MAC-Special Projects"
2026-02-15 00:00:00,2026-01-16 00:00:00,686662,Net 30,39.78,"PO Box 47983 Seattle, WA 98146 USA",House Account,Invoice,244037,1,"MacDonald-Miller Facility Solutions, Inc.:MAC-Special Projects"
2026-02-15 00:00:00,2026-01-16 00:00:00,Seattle 20,Net 30,29.38,"35420 Military Rd S Auburn, WA 98001 USA",House Account,Invoice,244040,1,Diamond Construction Services LLC:Diamond Construction - Special Project
2026-02-15 00:00:00,2026-01-16 00:00:00,60940744,Net 30,13.22,"C/o Dorse & Company 5000 1st Ave S Seattle, WA 98134",House Account,Invoice,244001,1,Acco Engineered Systems (401856):ACC-ACCO Small Projects (401856)
2026-02-15 00:00:00,2026-01-16 00:00:00,Puyullup 1 Unit Heaters,Net 30,290.18,"35420 Military Rd S Auburn, WA 98001 USA",House Account,Invoice,244145,1,Diamond Construction Services LLC:Diamond Construction - Special Project
2026-03-29 00:00:00,2026-02-27 00:00:00,PO039464,Net 30,1700.5,"Hermanson Company 1221 2nd Ave N Kent, WA 98032",House Account,Invoice,245872,1,Hermanson Company:HER-Small Projects
2026-02-15 00:00:00,2026-01-16 00:00:00,686771,Net 30,511.68,"PO Box 47983 Seattle, WA 98146 USA",House Account,Invoice,244077,1,"MacDonald-Miller Facility Solutions, Inc.:MAC-Special Projects"
2026-02-15 00:00:00,2026-01-16 00:00:00,70870838,Net 30,101,"C/o Dorse & Company 5000 1st Ave S Seattle, WA 98134",House Account,Invoice,244080,1,Acco Engineered Systems (401856):ACC-ACCO Small Projects (401856)
2026-02-15 00:00:00,2026-01-16 00:00:00,2245-2720,Net 30,624,"2428 King George Hwy  Suite102 Surrey, BC V4P 1H5 CANADA",House Account,Invoice,244131,1,Ocean Park Mechanical Inc:OCE-Special Projects
2026-02-15 00:00:00,2026-01-16 00:00:00,686919,Net 30,184.75,"PO Box 47983 Seattle, WA 98146 USA",House Account,Invoice,244108-2,1,"MacDonald-Miller Facility Solutions, Inc.:MAC-Special Projects"
2026-02-15 00:00:00,2026-01-16 00:00:00,686919,Net 30,372.12,"PO Box 47983 Seattle, WA 98146 USA",House Account,Invoice,244108,1,"MacDonald-Miller Facility Solutions, Inc.:MAC-Special Projects"
2026-02-15 00:00:00,2026-01-16 00:00:00,686787,Net 30,964.48,"PO Box 47983 Seattle, WA 98146 USA",House Account,Invoice,244085,1,"MacDonald-Miller Facility Solutions, Inc.:MAC-Special Projects"
2026-02-15 00:00:00,2026-01-16 00:00:00,686662,Net 30,2111.55,"PO Box 47983 Seattle, WA 98146 USA",House Account,Invoice,244037-2,1,"MacDonald-Miller Facility Solutions, Inc.:MAC-Special Projects"
2026-02-15 00:00:00,2026-01-16 00:00:00,686795,Net 30,606.83,"PO Box 47983 Seattle, WA 98146 USA",House Account,Invoice,244087,1,"MacDonald-Miller Facility Solutions, Inc.:MAC-Special Projects"
2026-02-15 00:00:00,2026-01-16 00:00:00,686670,Net 30,180.9,"PO Box 47983 Seattle, WA 98146 USA",House Account,Invoice,244045,1,"MacDonald-Miller Facility Solutions, Inc.:MAC-Special Projects"
2026-02-15 00:00:00,2026-01-16 00:00:00,F1185,Net 30,862.8,"1207 W Columbia Dr Kennewick, WA 99336 USA",House Account,Invoice,244054,1,Apollo Mechanical Contractors:APO-SeaTac Concourse C Expansion
2026-02-15 00:00:00,2026-01-16 00:00:00,686500,Net 30,803.24,"PO Box 47983 Seattle, WA 98146 USA",House Account,Invoice,244011,1,"MacDonald-Miller Facility Solutions, Inc.:MAC-Special Projects"
2026-02-15 00:00:00,2026-01-16 00:00:00,686278,Net 30,108,"PO Box 47983 Seattle, WA 98146 USA",House Account,Invoice,243957,1,"MacDonald-Miller Facility Solutions, Inc.:MAC-Special Projects"
2026-02-15 00:00:00,2026-01-16 00:00:00,686547,Net 30,772,"PO Box 47983 Seattle, WA 98146 USA",House Account,Invoice,243792,1,"MacDonald-Miller Facility Solutions, Inc.:MAC-Special Projects"
2026-02-15 00:00:00,2026-01-16 00:00:00,686020,Net 30,497.5,"PO Box 47983 Seattle, WA 98146 USA",House Account,Invoice,243911,1,"MacDonald-Miller Facility Solutions, Inc.:MAC-Special Projects"
2026-02-16 00:00:00,2026-01-17 00:00:00,2187,Net 30,290,"PO Box 872472 Vancouver, WA 98687 USA",House Account,Invoice,243712-1,1,Direct Mechanical Contractors:DIR-Habit Burger #547
2026-02-16 00:00:00,2026-01-17 00:00:00,2333-20092,Net 30,5700,"2428 King George Boulevard Surrey, BC V4P 1H5 CANADA",House Account,Invoice,243553,1,Ocean Park Mechanical Inc:OCE-1200 Stewart
2026-02-16 00:00:00,2026-01-17 00:00:00,687617,Net 30,929.99,"PO Box 47983 Seattle, WA 98146 USA",House Account,Invoice,244273,1,"MacDonald-Miller Facility Solutions, Inc.:MAC-Special Projects"
2026-02-16 00:00:00,2026-01-17 00:00:00,687617,Net 30,750,"PO Box 47983 Seattle, WA 98146 USA",House Account,Invoice,244277,1,"MacDonald-Miller Facility Solutions, Inc.:MAC-Special Projects"
2026-02-17 00:00:00,2026-01-18 00:00:00,2201,Net 30,645,"2428 King George Hwy  Suite102 Surrey, BC V4P 1H5 CANADA",House Account,Invoice,243628,1,Ocean Park Mechanical Inc:OCE-Seattle House Apartments
2026-02-18 00:00:00,2026-01-19 00:00:00,70870899,Net 30,62.72,"C/o Dorse & Company 5000 1st Ave S Seattle, WA 98134",House Account,Invoice,244162,1,Acco Engineered Systems (401856):ACC-ACCO Small Projects (401856)
2026-02-18 00:00:00,2026-01-19 00:00:00,687071,Net 30,119.87,"PO Box 47983 Seattle, WA 98146 USA",House Account,Invoice,244159,1,"MacDonald-Miller Facility Solutions, Inc.:MAC-Special Projects"
2026-02-18 00:00:00,2026-01-19 00:00:00,687504,Net 30,68,"PO Box 47983 Seattle, WA 98146 USA",House Account,Invoice,244267,1,"MacDonald-Miller Facility Solutions, Inc.:MAC-Special Projects"
2026-02-18 00:00:00,2026-01-19 00:00:00,687503,Net 30,331.84,"PO Box 47983 Seattle, WA 98146 USA",House Account,Invoice,244266,1,"MacDonald-Miller Facility Solutions, Inc.:MAC-Special Projects"
2026-02-18 00:00:00,2026-01-19 00:00:00,2333-2720,Net 30,465.12,"2428 King George Boulevard Surrey, BC V4P 1H5 CANADA",House Account,Invoice,244201,1,Ocean Park Mechanical Inc:OCE-1200 Stewart
2026-02-18 00:00:00,2026-01-19 00:00:00,686012,Net 30,1558.24,"PO Box 47983 Seattle, WA 98146 USA",House Account,Invoice,243966,1,"MacDonald-Miller Facility Solutions, Inc.:MAC-Special Projects"
2026-02-19 00:00:00,2026-01-20 00:00:00,2333-2740,Net 30,840,"2428 King George Boulevard Surrey, BC V4P 1H5 CANADA",House Account,Invoice,244202,1,Ocean Park Mechanical Inc:OCE-1200 Stewart
2026-02-19 00:00:00,2026-01-20 00:00:00,305415,Net 30,737.2,"1420 Maple Ave SW Renton, WA 98057 USA",House Account,Invoice,244347,1,Vital Mechanical Service:Vit-Vital Mechanical Special Projects
2026-02-19 00:00:00,2026-01-20 00:00:00,686330,Net 30,2440.26,"PO Box 47983 Seattle, WA 98146 USA",House Account,Invoice,244023,1,"MacDonald-Miller Facility Solutions, Inc.:MAC-Special Projects"
2026-02-19 00:00:00,2026-01-20 00:00:00,687087,Net 30,1615,"PO Box 47983 Seattle, WA 98146 USA",House Account,Invoice,244250,1,"MacDonald-Miller Facility Solutions, Inc.:MAC-Special Projects"
2026-02-20 00:00:00,2026-01-21 00:00:00,183381,Net 30,500,"PO Box 84046 Seattle, WA 98124 USA",House Account,Invoice,243885,1,PSF Mechanical:PSF-Small Projects
2026-02-20 00:00:00,2026-01-21 00:00:00,60940774,Net 30,60,"C/o Dorse & Company 5000 1st Ave S Seattle, WA 98134",House Account,Invoice,243476,1,Acco Engineered Systems (401856):ACC-ACCO Small Projects (401856)
2026-02-20 00:00:00,2026-01-21 00:00:00,687784,Net 30,575,"PO Box 47983 Seattle, WA 98146 USA",House Account,Invoice,244373,1,"MacDonald-Miller Facility Solutions, Inc.:MAC-Special Projects"
2026-02-20 00:00:00,2026-01-21 00:00:00,687844,Net 30,425,"PO Box 47983 Seattle, WA 98146 USA",House Account,Invoice,244417,1,"MacDonald-Miller Facility Solutions, Inc.:MAC-Special Projects"
2026-02-20 00:00:00,2026-01-21 00:00:00,687549,Net 30,825,"PO Box 47983 Seattle, WA 98146 USA",House Account,Invoice,244307,1,"MacDonald-Miller Facility Solutions, Inc.:MAC-Special Projects"
2026-02-21 00:00:00,2026-01-22 00:00:00,305394,Net 30,294.85,"1420 Maple Ave SW Renton, WA 98057 USA",House Account,Invoice,244254,1,Vital Mechanical Service:Vit-Vital Mechanical Special Projects
2026-02-21 00:00:00,2026-01-22 00:00:00,687341,Net 30,115.4,"PO Box 47983 Seattle, WA 98146 USA",House Account,Invoice,244224,1,"MacDonald-Miller Facility Solutions, Inc.:MAC-Special Projects"
2026-02-21 00:00:00,2026-01-22 00:00:00,687834,Net 30,186.09,"PO Box 47983 Seattle, WA 98146 USA",House Account,Invoice,244406,1,"MacDonald-Miller Facility Solutions, Inc.:MAC-Special Projects"
2026-02-21 00:00:00,2026-01-22 00:00:00,2201-2725,Net 30,159.81,"2428 King George Hwy  Suite102 Surrey, BC V4P 1H5 CANADA",House Account,Invoice,244394,1,Ocean Park Mechanical Inc:OCE-Seattle House Apartments
2026-02-21 00:00:00,2026-01-22 00:00:00,2201,Net 30,46,"2428 King George Hwy  Suite102 Surrey, BC V4P 1H5 CANADA",House Account,Invoice,244236,1,Ocean Park Mechanical Inc:OCE-Seattle House Apartments
2026-02-21 00:00:00,2026-01-22 00:00:00,305423,Net 30,388.65,"1420 Maple Ave SW Renton, WA 98057 USA",House Account,Invoice,244381,1,Vital Mechanical Service:Vit-Vital Mechanical Special Projects
2026-02-21 00:00:00,2026-01-22 00:00:00,687281,Net 30,519.5,"PO Box 47983 Seattle, WA 98146 USA",House Account,Invoice,244215,1,"MacDonald-Miller Facility Solutions, Inc.:MAC-Special Projects"
2026-02-21 00:00:00,2026-01-22 00:00:00,687130,Net 30,1532,"PO Box 47983 Seattle, WA 98146 USA",House Account,Invoice,243570,1,"MacDonald-Miller Facility Solutions, Inc.:MAC-Special Projects"
2026-02-21 00:00:00,2026-01-22 00:00:00,687573,Net 30,313.74,"PO Box 47983 Seattle, WA 98146 USA",House Account,Invoice,244330,1,"MacDonald-Miller Facility Solutions, Inc.:MAC-Special Projects"
2026-02-21 00:00:00,2026-01-22 00:00:00,687665,Net 30,868.07,"PO Box 47983 Seattle, WA 98146 USA",House Account,Invoice,244336,1,"MacDonald-Miller Facility Solutions, Inc.:MAC-SpaceX"
2026-02-21 00:00:00,2026-01-22 00:00:00,2187,Net 30,716.67,"PO Box 872472 Vancouver, WA 98687 USA",House Account,Invoice,243712-2,1,Direct Mechanical Contractors:DIR-Habit Burger #547
2026-02-21 00:00:00,2026-01-22 00:00:00,689134,Net 30,80.6,"PO Box 47983 Seattle, WA 98146 USA",House Account,Invoice,244494,1,"MacDonald-Miller Facility Solutions, Inc.:MAC-Special Projects"
2026-02-21 00:00:00,2026-01-22 00:00:00,686323,Net 30,1785,"PO Box 47983 Seattle, WA 98146 USA",House Account,Invoice,244252,1,"MacDonald-Miller Facility Solutions, Inc.:MAC-Special Projects"
2026-02-21 00:00:00,2026-01-22 00:00:00,687595,Net 30,1095,"PO Box 47983 Seattle, WA 98146 USA",House Account,Invoice,244303,1,"MacDonald-Miller Facility Solutions, Inc.:MAC-SpaceX"
2026-02-22 00:00:00,2026-01-23 00:00:00,25-484-RM,Net 30,7010,"430 SW 153rd St Burien, WA 98166 USA",House Account,Invoice,242458-2,1,Enviromech:Enviromech - Special Projects
2026-02-22 00:00:00,2026-01-23 00:00:00,2201,Net 30,4945,"2428 King George Hwy  Suite102 Surrey, BC V4P 1H5 CANADA",House Account,Invoice,243628-1,1,Ocean Park Mechanical Inc:OCE-Seattle House Apartments
2026-02-22 00:00:00,2026-01-23 00:00:00,688018,Net 30,850,"PO Box 47983 Seattle, WA 98146 USA",House Account,Invoice,244490,1,"MacDonald-Miller Facility Solutions, Inc.:MAC-Special Projects"
2026-02-22 00:00:00,2026-01-23 00:00:00,2025-27,Net 30,31.15,"2100 196th St SW #122 Lynnwood, WA 98036 USA",House Account,Invoice,244548-1,1,DB Solutions:DB Solutions GOF
2026-02-22 00:00:00,2026-01-23 00:00:00,2025-27,Net 30,111.52,"2100 196th St SW #122 Lynnwood, WA 98036 USA",House Account,Invoice,244548,1,DB Solutions:DB Solutions GOF
2026-02-22 00:00:00,2026-01-23 00:00:00,2820,Net 30,172.18,"PO Box 2327 Buckley, WA 98321 USA",House Account,Invoice,244419,1,Trimble Mechanical:TBM-Special Projects
2026-02-22 00:00:00,2026-01-23 00:00:00,688968,Net 30,484.66,"PO Box 47983 Seattle, WA 98146 USA",House Account,Invoice,244458,1,"MacDonald-Miller Facility Solutions, Inc.:MAC-Special Projects"
2026-02-22 00:00:00,2026-01-23 00:00:00,25-641,Net 30,267.3,"430 SW 153rd St Burien, WA 98166 USA",House Account,Invoice,244552,1,Enviromech:Enviromech - Special Projects
2026-02-22 00:00:00,2026-01-23 00:00:00,25-484,Net 30,109,"430 SW 153rd St Burien, WA 98166 USA",House Account,Invoice,242843,1,Enviromech:Enviromech - Special Projects
2026-02-22 00:00:00,2026-01-23 00:00:00,25-484,Net 30,68.74,"430 SW 153rd St Burien, WA 98166 USA",House Account,Invoice,244554,1,Enviromech:Enviromech - Special Projects
2026-02-22 00:00:00,2026-01-23 00:00:00,238651,Net 30,59.79,"C/o Dorse & Company 5000 1st Ave S Seattle, WA 98134",House Account,Invoice,244383,1,Acco Engineered Systems (401856):ACC-ACCO Small Projects (401856)
2026-02-22 00:00:00,2026-01-23 00:00:00,3185,Net 30,120.7,"PO Box 2327 Buckley, WA 98321 USA",House Account,Invoice,244409-1,1,Trimble Mechanical:TBM-Special Projects
2026-02-22 00:00:00,2026-01-23 00:00:00,3185,Net 30,2190,"PO Box 2327 Buckley, WA 98321 USA",,Invoice,244409,,Trimble Mechanical:TBM-Special Projects
2026-02-22 00:00:00,2026-01-23 00:00:00,23655.0284,Net 30,-1482.25,"PO BOX 2038 Longview, WA 98632 USA",House Account,Credit Memo,244602,1,"JH Kelly, LLC:JHK-KC Metro"
2026-02-25 00:00:00,2026-01-26 00:00:00,2187,Net 30,788.33,"PO Box 872472 Vancouver, WA 98687 USA",House Account,Invoice,243712-3,1,Direct Mechanical Contractors:DIR-Habit Burger #547
2026-02-25 00:00:00,2026-01-26 00:00:00,689378,Net 30,425.08,"PO Box 47983 Seattle, WA 98146 USA",,Invoice,244575,,"MacDonald-Miller Facility Solutions, Inc.:MAC-Special Projects"
2026-02-25 00:00:00,2026-01-26 00:00:00,689389,Net 30,87.77,"PO Box 47983 Seattle, WA 98146 USA",,Invoice,244590,,"MacDonald-Miller Facility Solutions, Inc.:MAC-Special Projects"
2026-02-26 00:00:00,2026-01-27 00:00:00,684881,Net 30,874.98,"PO Box 47983 Seattle, WA 98146 USA",House Account,Invoice,243636,1,"MacDonald-Miller Facility Solutions, Inc.:MAC-Special Projects"
2026-03-29 00:00:00,2026-02-27 00:00:00,A250811512,Net 30,6726,"5108 D Street NW Auburn, WA 98001 USA",House Account,Invoice,245884,1,"Emerald Aire, Inc.:EME-Cultivate Apartments"
2026-02-26 00:00:00,2026-01-27 00:00:00,684815,Net 30,1102.56,"PO Box 47983 Seattle, WA 98146 USA",House Account,Invoice,243624,1,"MacDonald-Miller Facility Solutions, Inc.:MAC-Special Projects"
2026-02-26 00:00:00,2026-01-27 00:00:00,686215,Net 30,94.8,"PO Box 47983 Seattle, WA 98146 USA",House Account,Invoice,243494-1,1,"MacDonald-Miller Facility Solutions, Inc.:MAC-Special Projects"
2026-02-26 00:00:00,2026-01-27 00:00:00,686215,Net 30,13.52,"PO Box 47983 Seattle, WA 98146 USA",House Account,Invoice,243494,1,"MacDonald-Miller Facility Solutions, Inc.:MAC-Special Projects"
2026-02-26 00:00:00,2026-01-27 00:00:00,687068,Net 30,59.75,"PO Box 47983 Seattle, WA 98146 USA",House Account,Invoice,243997,1,"MacDonald-Miller Facility Solutions, Inc.:MAC-Special Projects"
2026-02-26 00:00:00,2026-01-27 00:00:00,60940774,Net 30,310,"C/o Dorse & Company 5000 1st Ave S Seattle, WA 98134",House Account,Invoice,243476-1,1,Acco Engineered Systems (401856):ACC-ACCO Small Projects (401856)
2026-02-26 00:00:00,2026-01-27 00:00:00,26-6006,Net 30,243,"2100 196th St SW #122 Lynnwood, WA 98036 USA",House Account,Invoice,244647,1,DB Solutions:DB Solutions GOF
2026-02-26 00:00:00,2026-01-27 00:00:00,25-484,Net 30,712.5,"430 SW 153rd St Burien, WA 98166 USA",House Account,Invoice,244368,1,Enviromech:Enviromech - Special Projects
2026-02-26 00:00:00,2026-01-27 00:00:00,25-484,Net 30,712.5,"430 SW 153rd St Burien, WA 98166 USA",House Account,Invoice,244368-1,1,Enviromech:Enviromech - Special Projects
2026-02-26 00:00:00,2026-01-27 00:00:00,689391,Net 30,196.63,"PO Box 47983 Seattle, WA 98146 USA",House Account,Invoice,244585,1,"MacDonald-Miller Facility Solutions, Inc.:MAC-Special Projects"
2026-01-27 00:00:00,2026-01-27 00:00:00,Paid CC,Immediate,334.97,"5000 1st Ave S Seattle, WA 98134",House Account,Invoice,244562-1,1,Counter Sale
2026-02-27 00:00:00,2026-01-28 00:00:00,305227,Net 30,251.78,"1420 Maple Ave SW Renton, WA 98057 USA",House Account,Invoice,243788,1,Vital Mechanical Service:Vit-Vital Mechanical Special Projects
2026-02-27 00:00:00,2026-01-28 00:00:00,690005,Net 30,106.96,"PO Box 47983 Seattle, WA 98146 USA",House Account,Invoice,243683,1,"MacDonald-Miller Facility Solutions, Inc.:MAC-Special Projects"
2026-02-27 00:00:00,2026-01-28 00:00:00,690006,Net 30,228,"PO Box 47983 Seattle, WA 98146 USA",House Account,Invoice,244337,1,"MacDonald-Miller Facility Solutions, Inc.:MAC-Special Projects"
2026-02-27 00:00:00,2026-01-28 00:00:00,690027,Net 30,75.65,"PO Box 47983 Seattle, WA 98146 USA",House Account,Invoice,244560,1,"MacDonald-Miller Facility Solutions, Inc.:MAC-Special Projects"
2025-12-31 00:00:00,2025-12-01 00:00:00,19866,Net 30,15705,"2428 King George Hwy  Suite102 Surrey, BC V4P 1H5 CANADA",House Account,Invoice,241693,1,Ocean Park Mechanical Inc:OCE-Yesler Block South Tower
2026-01-02 00:00:00,2025-12-03 00:00:00,Puyallup 1,Net 30,234.5,"35420 Military Rd S Auburn, WA 98001 USA",House Account,Invoice,242477,1,Diamond Construction Services LLC:Diamond Construction - Special Project
2026-01-04 00:00:00,2025-12-05 00:00:00,2333-2725,Net 30,1267.91,"2428 King George Boulevard Surrey, BC V4P 1H5 CANADA",House Account,Invoice,242544,1,Ocean Park Mechanical Inc:OCE-1200 Stewart
2026-01-09 00:00:00,2025-12-10 00:00:00,2201-2740,Net 30,1330,"2428 King George Hwy  Suite102 Surrey, BC V4P 1H5 CANADA",House Account,Invoice,242624,1,Ocean Park Mechanical Inc:OCE-Seattle House Apartments
2026-01-11 00:00:00,2025-12-12 00:00:00,2511-2775,Net 30,960,"2428 King George Hwy  Suite102 Surrey, BC V4P 1H5 CANADA",House Account,Invoice,242315,1,Ocean Park Mechanical Inc:OCE-Special Projects
2026-01-15 00:00:00,2025-12-16 00:00:00,SeaTac Concourse C,Net 30,5514.9,"1207 W Columbia Dr Kennewick, WA 99336 USA",House Account,Invoice,242872,1,Apollo Mechanical Contractors:APO-SeaTac Concourse C Expansion
2026-01-16 00:00:00,2025-12-17 00:00:00,2201-2725,Net 30,16.96,"2428 King George Hwy  Suite102 Surrey, BC V4P 1H5 CANADA",House Account,Invoice,242947-1,1,Ocean Park Mechanical Inc:OCE-Seattle House Apartments
2026-01-16 00:00:00,2025-12-17 00:00:00,2201-2725,Net 30,1426.16,"2428 King George Hwy  Suite102 Surrey, BC V4P 1H5 CANADA",House Account,Invoice,242947,1,Ocean Park Mechanical Inc:OCE-Seattle House Apartments
2026-01-16 00:00:00,2025-12-17 00:00:00,2201-2725,Net 30,400.73,"2428 King George Hwy  Suite102 Surrey, BC V4P 1H5 CANADA",House Account,Invoice,243005,1,Ocean Park Mechanical Inc:OCE-Seattle House Apartments
2026-01-16 00:00:00,2025-12-17 00:00:00,2515-2720,Net 30,80,"2428 King George Hwy  Suite102 Surrey, BC V4P 1H5 CANADA",House Account,Invoice,242939-1,1,Ocean Park Mechanical Inc:OCE-Special Projects
2026-01-16 00:00:00,2025-12-17 00:00:00,2515-2720,Net 30,332.31,"2428 King George Hwy  Suite102 Surrey, BC V4P 1H5 CANADA",House Account,Invoice,242939,1,Ocean Park Mechanical Inc:OCE-Special Projects
2026-01-16 00:00:00,2025-12-17 00:00:00,2333-2720,Net 30,1456.2,"2428 King George Boulevard Surrey, BC V4P 1H5 CANADA",House Account,Invoice,242970,1,Ocean Park Mechanical Inc:OCE-1200 Stewart
2026-01-17 00:00:00,2025-12-18 00:00:00,2333-2720,Net 30,411.04,"2428 King George Boulevard Surrey, BC V4P 1H5 CANADA",House Account,Invoice,243072,1,Ocean Park Mechanical Inc:OCE-1200 Stewart
2026-01-17 00:00:00,2025-12-18 00:00:00,2201-2725,Net 30,1644.43,"2428 King George Hwy  Suite102 Surrey, BC V4P 1H5 CANADA",House Account,Invoice,243117,1,Ocean Park Mechanical Inc:OCE-Seattle House Apartments
2026-01-21 00:00:00,2025-12-22 00:00:00,2245-2720,Net 30,93.2,"2428 King George Hwy  Suite102 Surrey, BC V4P 1H5 CANADA",House Account,Invoice,243281,1,Ocean Park Mechanical Inc:OCE-Special Projects
2026-01-21 00:00:00,2025-12-22 00:00:00,2245-2720,Net 30,261.83,"2428 King George Hwy  Suite102 Surrey, BC V4P 1H5 CANADA",House Account,Invoice,243281-1,1,Ocean Park Mechanical Inc:OCE-Special Projects
2026-01-21 00:00:00,2025-12-22 00:00:00,2245-2720,Net 30,1173.92,"2428 King George Hwy  Suite102 Surrey, BC V4P 1H5 CANADA",House Account,Invoice,243281-2,1,Ocean Park Mechanical Inc:OCE-Special Projects
2026-01-21 00:00:00,2025-12-22 00:00:00,2918-1165-1217,Net 30,300.42,"PO Box 84046 Seattle, WA 98124 USA",House Account,Invoice,243235,1,PSF Mechanical:PSF-Small Projects
2026-01-22 00:00:00,2025-12-23 00:00:00,HEK,Net 30,24.08,"35420 Military Rd S Auburn, WA 98001 USA",House Account,Invoice,243393-1,1,Diamond Construction Services LLC:Diamond Construction - Special Project
2026-01-22 00:00:00,2025-12-23 00:00:00,HEK,Net 30,36.69,"35420 Military Rd S Auburn, WA 98001 USA",House Account,Invoice,243393,1,Diamond Construction Services LLC:Diamond Construction - Special Project
2026-01-22 00:00:00,2025-12-23 00:00:00,2333-0181,Net 30,194.22,"2428 King George Boulevard Surrey, BC V4P 1H5 CANADA",,Invoice,243384,,Ocean Park Mechanical Inc:OCE-1200 Stewart
2026-01-22 00:00:00,2025-12-23 00:00:00,2918-1165-1222,Net 30,211.27,"PO Box 84046 Seattle, WA 98124 USA",House Account,Invoice,243361,1,PSF Mechanical:PSF-Small Projects
2026-01-28 00:00:00,2025-12-29 00:00:00,20075,Net 30,1464,"2428 King George Hwy  Suite102 Surrey, BC V4P 1H5 CANADA",House Account,Invoice,243403,1,Ocean Park Mechanical Inc:OCE-Special Projects
2026-01-28 00:00:00,2025-12-29 00:00:00,260756,Net 30,79.76,"C/o Dorse & Company 5000 1st Ave S Seattle, WA 98134",House Account,Invoice,243418-1,1,Acco Engineered Systems (401856):ACC-ACCO Small Projects (401856)
2026-01-28 00:00:00,2025-12-29 00:00:00,Hotel #2,Net 30,336,"1402 Lake Tapps Pkwy SE  #104-120 Auburn, WA 98092 USA",House Account,Invoice,243436,1,"Air 1 Heating, Inc:Air 1 - Special Projects"
2026-01-28 00:00:00,2025-12-29 00:00:00,3083,Net 30,88.61,"PO Box 2327 Buckley, WA 98321 USA",House Account,Invoice,243428,1,Trimble Mechanical:TBM-Special Projects
2023-09-27 00:00:00,2023-09-27 00:00:00,Holiday inn express - Lac,Immediate,3.26,"5000 1st Ave S Seattle, WA 98134",House Account,Invoice,207759,1,Counter Sale
2023-10-05 00:00:00,2023-10-05 00:00:00,Sound Transit,Immediate,0.01,"5000 1st Ave S Seattle, WA 98134",House Account,Invoice,208298,1,Counter Sale
2023-10-11 00:00:00,2023-10-11 00:00:00,,Immediate,0.01,"5000 1st Ave S Seattle, WA 98134",House Account,Invoice,208286,1,Counter Sale
2023-10-11 00:00:00,2023-10-11 00:00:00,,Immediate,0.01,"5000 1st Ave S Seattle, WA 98134",House Account,Invoice,208217,1,Counter Sale
2023-10-24 00:00:00,2023-10-24 00:00:00,239571,Immediate,0.01,"5000 1st Ave S Seattle, WA 98134",House Account,Invoice,207166-1,1,Counter Sale
2024-01-02 00:00:00,2024-01-02 00:00:00,Replace,Immediate,1.06,"5000 1st Ave S Seattle, WA 98134",House Account,Invoice,210737,1,Counter Sale
2025-05-29 00:00:00,2025-04-29 00:00:00,F1185/W-00147,Net 30,1694,"1207 W Columbia Dr Kennewick, WA 99336 USA",House Account,Invoice,231605,1,Apollo Mechanical Contractors:APO-SeaTac Concourse C Expansion
2025-06-19 00:00:00,2025-06-19 00:00:00,,Immediate,0.03,"5000 1st Ave S Seattle, WA 98134",House Account,Invoice,209892,1,Counter Sale
2025-09-03 00:00:00,2025-08-04 00:00:00,25206120,Net 30,550,"PO Box 24406 Seattle, WA 98124 USA",House Account,Invoice,237091,1,McKinstry Company:MCK-Project Borealis
2025-10-23 00:00:00,2025-09-23 00:00:00,ms3r,Net 30,64,"7202 NE 175Th St Kenmore, WA 98028 USA",House Account,Invoice,239531,1,GB Systems:GB-Special Projects
2025-09-30 00:00:00,2025-09-30 00:00:00,Robert Danko,Immediate,93.8,"5000 1st Ave S Seattle, WA 98134",House Account,Invoice,239568,1,Counter Sale
2025-11-10 00:00:00,2025-11-10 00:00:00,Pizza,Immediate,0.01,"5000 1st Ave S Seattle, WA 98134",House Account,Invoice,240855,1,Counter Sale
2026-03-04 00:00:00,2026-02-02 00:00:00,26007070,Net 30,909,"PO Box 24406 Seattle, WA 98124 USA",House Account,Invoice,243805-1,1,McKinstry Company:MCK-Argonne Library HVAC Update
2026-03-05 00:00:00,2026-02-03 00:00:00,1674-40-40,Net 30,13334,"1802 SE 16th St #101 Battle Ground, WA 98604 USA",House Account,Invoice,243866,1,Stewart Mechanical Inc:SWT-Touchmark Memory Care - Assisted Li
2026-03-07 00:00:00,2026-02-05 00:00:00,691471,Net 30,1252,"PO Box 47983 Seattle, WA 98146 USA",House Account,Invoice,245025,1,"MacDonald-Miller Facility Solutions, Inc.:MAC-Special Projects"
2026-03-08 00:00:00,2026-02-06 00:00:00,1674-40-40,Net 30,1584,"1802 SE 16th St #101 Battle Ground, WA 98604 USA",House Account,Invoice,243866-1,1,Stewart Mechanical Inc:SWT-Touchmark Memory Care - Assisted Li
2026-03-08 00:00:00,2026-02-06 00:00:00,26007070,Net 30,1446,"PO Box 24406 Seattle, WA 98124 USA",House Account,Invoice,243805-2,1,McKinstry Company:MCK-Argonne Library HVAC Update
2026-03-14 00:00:00,2026-02-12 00:00:00,TFT002#19,Net 30,231.2,"2627 E Trent Avenue Spokane, WA 99202 USA",House Account,Invoice,245449,1,Mackin & Little
2026-03-19 00:00:00,2026-02-17 00:00:00,1520,Net 30,210,"Battle Ground, WA 98604 USA",House Account,Invoice,245097,1,JRT Mechanical Inc:JRT-Old Apostolic Lutheran Church - Tri
2026-03-20 00:00:00,2026-02-18 00:00:00,690069,Net 30,78,"PO Box 47983 Seattle, WA 98146 USA",House Account,Invoice,244710,1,"MacDonald-Miller Facility Solutions, Inc.:MAC-Special Projects"
2026-03-20 00:00:00,2026-02-18 00:00:00,1520,Net 30,2220,"Battle Ground, WA 98604 USA",House Account,Invoice,245256,1,JRT Mechanical Inc:JRT-Old Apostolic Lutheran Church - Tri
2026-03-22 00:00:00,2026-02-20 00:00:00,BM1354,Net 30,595,"9227 Blue Mountain Lane SW, Ste A Tumwater, WA 98512 USA",House Account,Invoice,244242,1,Blue Mountain Mechanical Inc:BLU-Special Projects
2026-03-28 00:00:00,2026-02-26 00:00:00,1520,Net 30,2085,"Battle Ground, WA 98604 USA",House Account,Invoice,244993,1,JRT Mechanical Inc:JRT-Old Apostolic Lutheran Church - Tri
2026-03-28 00:00:00,2026-02-26 00:00:00,691913,Net 30,268.75,"PO Box 47983 Seattle, WA 98146 USA",House Account,Invoice,245528,1,"MacDonald-Miller Facility Solutions, Inc.:MAC-Special Projects"
2026-03-29 00:00:00,2026-02-27 00:00:00,1520,Net 30,1361,"Battle Ground, WA 98604 USA",House Account,Invoice,245784,1,JRT Mechanical Inc:JRT-Old Apostolic Lutheran Church - Tri
2026-03-29 00:00:00,2026-02-27 00:00:00,691913,Net 30,806.25,"PO Box 47983 Seattle, WA 98146 USA",House Account,Invoice,245528-1,1,"MacDonald-Miller Facility Solutions, Inc.:MAC-Special Projects"
2026-02-05 00:00:00,2026-01-06 00:00:00,214047,Net 30,881,"2016 Fruitvale Blvd Yakima, WA 98902-1220 USA",House Account,Invoice,242091-1,1,MBI Construction Services:MBI-DWORSHAK Dam & Reservoir Fish Hatch
2026-02-20 00:00:00,2026-01-21 00:00:00,1674-40-40,Net 30,197.5,"1802 SE 16th St #101 Battle Ground, WA 98604 USA",House Account,Invoice,242179,1,Stewart Mechanical Inc:SWT-Touchmark Memory Care - Assisted Li
2026-01-21 00:00:00,2025-12-22 00:00:00,DWORSHAK Dam & Reservoir,Net 30,2562,"2016 Fruitvale Blvd Yakima, WA 98902-1220 USA",,Invoice,242090-1,,MBI Construction Services:MBI-DWORSHAK Dam & Reservoir Fish Hatch
2023-09-14 00:00:00,2023-09-14 00:00:00,H07-Colville,Immediate,0.01,"5000 1st Ave S Seattle, WA 98134",,Invoice,207249,,Counter Sale
2026-03-12 00:00:00,2026-02-10 00:00:00,C26-5632,Net 30,350,"5121 S Burlington Way Tacoma, WA 98409 USA",House Account,Invoice,245087,1,Narrows Heating & Air Cond.:NAR-JAX Luxury Salon TI
2026-02-21 00:00:00,2026-01-22 00:00:00,C25-5600,Net 30,180,"5121 S Burlington Way Tacoma, WA 98409 USA",House Account,Invoice,244421,1,Narrows Heating & Air Cond.:NAR-Titus Building Proctor Project
2026-03-30 00:00:00,2026-02-28 00:00:00,BF928870,Net 30,745,"727 S Kenyon St, Ste B Seattle, WA 98108 USA",House Account,Invoice,244920-4,1,"Evergreen Refrigeration, LLC:EVE-Prologis Emerald Gateway Building 3"
2026-03-30 00:00:00,2026-02-28 00:00:00,BF928870,Net 30,340,"727 S Kenyon St, Ste B Seattle, WA 98108 USA",,Invoice,244920-5,,"Evergreen Refrigeration, LLC:EVE-Prologis Emerald Gateway Building 3"
2026-03-30 00:00:00,2026-02-28 00:00:00,BF928870,Net 30,3300,"727 S Kenyon St, Ste B Seattle, WA 98108 USA",House Account,Invoice,244920-6,1,"Evergreen Refrigeration, LLC:EVE-Prologis Emerald Gateway Building 3"
2026-03-30 00:00:00,2026-02-28 00:00:00,BF928870,Net 30,5000,"727 S Kenyon St, Ste B Seattle, WA 98108 USA",House Account,Invoice,244920-7,1,"Evergreen Refrigeration, LLC:EVE-Prologis Emerald Gateway Building 3"
2026-03-30 00:00:00,2026-02-28 00:00:00,BF928547,Net 30,1400,"727 S Kenyon St Seattle, WA 98108 USA",House Account,Invoice,245227,1,"Evergreen Refrigeration, LLC:Evergreen - Special Projects"
2026-03-30 00:00:00,2026-02-28 00:00:00,54347-9897,Net 30,1040,"1400 Airport Way South Suite 202 Seattle, WA 98134",House Account,Invoice,245228-3,1,United Systems Mechanical Inc:USM-Wesley Bradley Park Phase 2
2026-03-30 00:00:00,2026-02-28 00:00:00,BF928870,Net 30,-21035,"727 S Kenyon St, Ste B Seattle, WA 98108 USA",House Account,Credit Memo,246198,1,"Evergreen Refrigeration, LLC:EVE-Prologis Emerald Gateway Building 3"
2026-02-28 00:00:00,2026-01-29 00:00:00,690270,Net 30,303.29,"PO Box 47983 Seattle, WA 98146 USA",House Account,Invoice,244777,1,"MacDonald-Miller Facility Solutions, Inc.:MAC-RSQ Russell"
2026-02-28 00:00:00,2026-01-29 00:00:00,C25-5590,Net 30,21,"5121 S Burlington Way Tacoma, WA 98409 USA",House Account,Invoice,244740,1,Narrows Heating & Air Cond.:NAR-Titus Will
2026-02-28 00:00:00,2026-01-29 00:00:00,1022494-499961,Net 30,79.25,"4600 S 134th Place Tukwila, WA 98168-3241 USA",House Account,Invoice,244659,1,Holaday-Parks Inc:HOL-small projects
2026-02-28 00:00:00,2026-01-29 00:00:00,25259.0058,Net 30,135.36,"PO BOX 2038 Longview, WA 98632 USA",House Account,Invoice,243708,1,"JH Kelly, LLC:JHK-SIHB Thunderbird Treatment Facility"
2026-02-28 00:00:00,2026-01-29 00:00:00,305596,Net 30,132.08,"1420 Maple Ave SW Renton, WA 98057 USA",House Account,Invoice,244385,1,Vital Mechanical Service:Vit-TerraPower
2026-02-28 00:00:00,2026-01-29 00:00:00,SP928851,Net 30,230.16,"727 S Kenyon St Seattle, WA 98108 USA",House Account,Invoice,244682,1,"Evergreen Refrigeration, LLC:Evergreen - Special Projects"
2026-02-28 00:00:00,2026-01-29 00:00:00,SP928852,Net 30,28.8,"727 S Kenyon St Seattle, WA 98108 USA",House Account,Invoice,244689,1,"Evergreen Refrigeration, LLC:Evergreen - Special Projects"
2026-02-28 00:00:00,2026-01-29 00:00:00,PO037971,Net 30,18.61,"Hermanson Company 1221 2nd Ave N Kent, WA 98032",House Account,Invoice,244664-1,1,Hermanson Company:HER-Small Projects
2026-02-28 00:00:00,2026-01-29 00:00:00,PO037971,Net 30,247.66,"Hermanson Company 1221 2nd Ave N Kent, WA 98032",House Account,Invoice,244664,1,Hermanson Company:HER-Small Projects
2026-02-28 00:00:00,2026-01-29 00:00:00,PO037533-1 14-25-27869,Net 30,772,"Hermanson Company 1221 2nd Ave N Kent, WA 98032",House Account,Invoice,244302,1,Hermanson Company:HER-Small Projects
2026-02-28 00:00:00,2026-01-29 00:00:00,25460.0061,Net 30,226.56,"PO BOX 2038 Longview, WA 98632 USA",House Account,Invoice,243821,1,"JH Kelly, LLC:JHK-Crossroads Bible Church"
2026-02-28 00:00:00,2026-01-29 00:00:00,PO034145,Net 30,4598.86,"1221 2nd Ave N Kent, WA 98032 USA",House Account,Invoice,241525,1,Hermanson Company:HER-616 Battery
2026-02-28 00:00:00,2026-01-29 00:00:00,PO037872,Net 30,2234.37,"Hermanson Company 1221 2nd Ave N Kent, WA 98032",House Account,Invoice,244588,1,Hermanson Company:HER-Small Projects
2026-02-28 00:00:00,2026-01-29 00:00:00,PO037872,Net 30,11.79,"Hermanson Company 1221 2nd Ave N Kent, WA 98032",House Account,Invoice,244588-1,1,Hermanson Company:HER-Small Projects
2026-02-28 00:00:00,2026-01-29 00:00:00,1022384-45248,Net 30,300,"4600 S 134th Place Tukwila, WA 98168-3241 USA",House Account,Invoice,244587-1,1,Holaday-Parks Inc:HOL-Seattle Tennis Club
2026-02-28 00:00:00,2026-01-29 00:00:00,FS 11 13,Net 30,1330,"PO Box 3387 Lacey, WA 98509-3387 USA",House Account,Invoice,244126,1,Capital Heating & Cooling:CAP-Fire Station 11 & 13
2026-02-28 00:00:00,2026-01-29 00:00:00,252349,Net 30,1020,"380 Pease Road Burlington, WA 98233 USA",House Account,Invoice,244329,1,Nordic Temperature Control:NTC-Ace Anacortes Greenhouse
2026-02-28 00:00:00,2026-01-29 00:00:00,1057114-09495,Net 30,245,"Attn: Accts Payable PO Box 67 Mukilteo, WA 98275-4255",House Account,Invoice,242736-1,1,University Mechanical Contractors Inc:UMC-Small Projects
2026-02-28 00:00:00,2026-01-29 00:00:00,DSHS,Net 30,380,"PO Box 760 Sumner, WA 98390 USA",House Account,Invoice,244691,1,Farrington Air Quality Services:Far-Farrington Dampers
2026-02-28 00:00:00,2026-01-29 00:00:00,2395-342,Net 30,627.76,"1320 26th Ave NW  #16 Auburn, WA 98001 USA",House Account,Invoice,244530,1,"Crescent Mechanical, Inc:CRE-Fire Station 21"
2026-02-28 00:00:00,2026-01-29 00:00:00,3553-2511-635,Net 30,915,"1223 Valentine Ave SE Pacific, WA 98047 USA",House Account,Invoice,242150,1,Delta Technology Corporation:DEL-Evergreen School South Campus
2026-02-28 00:00:00,2026-01-29 00:00:00,1011171-80161,Net 30,35935,"4600 S 134th Pl Tukwila, WA 98168-3241 USA",House Account,Invoice,244061,1,Holaday-Parks Inc
2026-02-28 00:00:00,2026-01-29 00:00:00,256033,Net 30,9710.38,"888 E. Walnut St (401856) Pasadena, CA 91101 USA",House Account,Invoice,241932-1,1,Acco Engineered Systems (401856):ACC-NE 8th Ground Level 01 Retail Suite
2026-02-28 00:00:00,2026-01-29 00:00:00,676829,Net 30,4315,"PO Box 47983 Seattle, WA 98146 USA",House Account,Invoice,243151,1,"MacDonald-Miller Facility Solutions, Inc.:MAC-UW Elevator Modernization Project"
2026-02-28 00:00:00,2026-01-29 00:00:00,14911,Net 30,3575,"3000 W Illinois St Bellingham, WA 98225 USA",House Account,Invoice,242759-2,1,Blythe Mechanical Inc:BLY-Robin Hall Expansion
2026-03-01 00:00:00,2026-01-30 00:00:00,25259.0063,Net 30,154.56,"PO BOX 2038 Longview, WA 98632 USA",House Account,Invoice,244723,1,"JH Kelly, LLC:JHK-SIHB Thunderbird Treatment Facility"
2026-03-01 00:00:00,2026-01-30 00:00:00,1022611-53867,Net 30,286.88,"4600 S 134th Place Tukwila, WA 98168-3241 USA",House Account,Invoice,244855,1,Holaday-Parks Inc:HOL-small projects
2026-03-01 00:00:00,2026-01-30 00:00:00,26030030,Net 30,222,"PO Box 24406 Seattle, WA 98124 USA",House Account,Invoice,244775,1,McKinstry Company:MCK-Artise TI
2026-03-01 00:00:00,2026-01-30 00:00:00,PO034137,Net 30,3623.42,"1221 2nd Ave N Kent, WA 98032 USA",House Account,Invoice,241523-2,1,Hermanson Company:HER-616 Battery
2026-03-01 00:00:00,2026-01-30 00:00:00,PO038100,Net 30,139.2,"1221 2nd Ave N Kent, WA 98032 USA",House Account,Invoice,244767,1,Hermanson Company:HER-616 Battery
2026-03-01 00:00:00,2026-01-30 00:00:00,1022319-63374,Net 30,54,"4600 S 134th Place Tukwila, WA 98168-3241 USA",House Account,Invoice,244555,1,Holaday-Parks Inc:HOL-small projects
2026-03-01 00:00:00,2026-01-30 00:00:00,PO037854,Net 30,771.23,"Hermanson Company 1221 2nd Ave N Kent, WA 98032",House Account,Invoice,244570,1,Hermanson Company:HER-Small Projects
2026-03-01 00:00:00,2026-01-30 00:00:00,PO038240,Net 30,310.24,"1221 2nd Ave N Kent, WA 98032 USA",House Account,Invoice,244872,1,Hermanson Company:HER-North Basin Restroom and Laundry Re
2026-03-01 00:00:00,2026-01-30 00:00:00,3195,Net 30,52.56,"PO Box 2327 Buckley, WA 98321 USA",House Account,Invoice,244766,1,Trimble Mechanical:TBM-Willamette Building
2026-03-01 00:00:00,2026-01-30 00:00:00,3194,Net 30,31,"PO Box 2327 Buckley, WA 98321 USA",House Account,Invoice,244765,1,Trimble Mechanical:TBM-Kirkland Supportive Housing
2026-03-01 00:00:00,2026-01-30 00:00:00,2509-2720,Net 30,39.36,"2428 King George Hwy  Suite102 Surrey, BC V4P 1H5 CANADA",House Account,Invoice,244805-1,1,Ocean Park Mechanical Inc:OCE-Live Nation TI
2026-03-01 00:00:00,2026-01-30 00:00:00,2509-2720,Net 30,888,"2428 King George Hwy  Suite102 Surrey, BC V4P 1H5 CANADA",House Account,Invoice,244805,1,Ocean Park Mechanical Inc:OCE-Live Nation TI
2026-03-01 00:00:00,2026-01-30 00:00:00,1022619-53867,Net 30,360.55,"4600 S 134th Place Tukwila, WA 98168-3241 USA",House Account,Invoice,244784,1,Holaday-Parks Inc:HOL-small projects
2026-03-01 00:00:00,2026-01-30 00:00:00,jm928910,Net 30,27.96,"727 S Kenyon St Seattle, WA 98108 USA",House Account,Invoice,244873,1,"Evergreen Refrigeration, LLC:Evergreen - Special Projects"
2026-03-01 00:00:00,2026-01-30 00:00:00,BF928363,Net 30,542,"727 S Kenyon St Seattle, WA 98108 USA",House Account,Invoice,243223-1,1,"Evergreen Refrigeration, LLC:Evergreen - Special Projects"
2026-03-01 00:00:00,2026-01-30 00:00:00,jm928901,Net 30,100.44,"727 S Kenyon St Seattle, WA 98108 USA",House Account,Invoice,244758,1,"Evergreen Refrigeration, LLC:Evergreen - Special Projects"
2026-03-04 00:00:00,2026-02-02 00:00:00,60127,Net 30,5055,"8619 17th Ave E Tacoma, WA 98445 USA",House Account,Invoice,240349,1,Code Mechanical Inc
2026-03-04 00:00:00,2026-02-02 00:00:00,Parkshore,Net 30,215,"PO Box 2097 Kirkland, WA 98083 USA",House Account,Invoice,244397,1,"Pacific One Construction, Inc.:PON-Parkshore Juanita Bay"
2026-03-04 00:00:00,2026-02-02 00:00:00,1022319-63374,Net 30,100,"4600 S 134th Place Tukwila, WA 98168-3241 USA",House Account,Invoice,244441-1,1,Holaday-Parks Inc:HOL-small projects
2026-03-04 00:00:00,2026-02-02 00:00:00,22727,Net 30,396.97,"9523 19th Ave E Tacoma, WA 98445 USA",House Account,Invoice,244327,1,TRS Mechanical Inc:TRS-Sumner Operations Facility Phase 3
2026-03-04 00:00:00,2026-02-02 00:00:00,PO037293-1 21-25-28193,Net 30,481,"Hermanson Company 1221 2nd Ave N Kent, WA 98032",House Account,Invoice,244121,1,Hermanson Company:HER-Small Projects
2026-03-04 00:00:00,2026-02-02 00:00:00,1057809-09741,Net 30,5355,"Attn:  Accts Payable 19020 33rd AVE W STE 400 Lynnwood, WA 98036",House Account,Invoice,244545,1,University Mechanical Contractors Inc:UMC-Lynden WWTP Expansion Stage 2
2026-03-04 00:00:00,2026-02-02 00:00:00,30014739,Net 30,450,"1201 W Columbia Dr Kennewick, WA 99336 USA",,Invoice,244916,,Apollo Mechanical Contractors:APO-Seattle Small Projects
2026-03-04 00:00:00,2026-02-02 00:00:00,63655,Net 30,1250,"PO Box 886 Burlington, WA 98233 USA",,Invoice,244692,,DK Systems:DK -Special Projects
2026-03-04 00:00:00,2026-02-02 00:00:00,5948-EB966145S,Net 30,453,"11 Prospect Place Port Angeles, WA 98362 USA",House Account,Invoice,244886,1,C E D - Port Angeles
2026-03-04 00:00:00,2026-02-02 00:00:00,24344140,Net 30,700,"PO Box 24406 Seattle, WA 98124 USA",House Account,Invoice,244648,1,McKinstry Company:MCK-KC Metro Equipment Transit Center
2026-03-04 00:00:00,2026-02-02 00:00:00,252349,Net 30,1785,"380 Pease Road Burlington, WA 98233 USA",House Account,Invoice,244329-1,1,Nordic Temperature Control:NTC-Ace Anacortes Greenhouse
2026-03-04 00:00:00,2026-02-02 00:00:00,Reber Ranch,Net 30,6250,"5526 184th Street E Suite A Puyallup, WA 98375",House Account,Invoice,243773-1,1,Sound Heating And A/C:Sou-Reber Ranch
2026-03-04 00:00:00,2026-02-02 00:00:00,26030030,Net 30,175,"PO Box 24406 Seattle, WA 98124 USA",House Account,Invoice,244775-2,1,McKinstry Company:MCK-Artise TI
2026-03-04 00:00:00,2026-02-02 00:00:00,926843,Net 30,138,"Hermanson Company 1221 2nd Ave N Kent, WA 98032",House Account,Invoice,244507,1,Hermanson Company:HER-Small Projects
2026-03-04 00:00:00,2026-02-02 00:00:00,PO204657,Net 30,3750,"PO Box 27073 Seattle, WA 98165 USA",House Account,Invoice,243220,1,PSR Mechanical Inc:PSR-Carillon Point Bldg 2000
2026-03-04 00:00:00,2026-02-02 00:00:00,1022216-63373,Net 30,1350,"4600 S 134th Place Tukwila, WA 98168-3241 USA",House Account,Invoice,244378,1,Holaday-Parks Inc:HOL-small projects
2026-03-04 00:00:00,2026-02-02 00:00:00,KOZ Wetmore,Net 30,3250,"3615 W Mukilteo Blvd Everett, WA 98203 USA",House Account,Invoice,244391,1,Steele Mechanical:STM-KOZ Wetmore Everett
2026-03-04 00:00:00,2026-02-02 00:00:00,PO037935-1 20-23-24206,Net 30,804,"1221 2nd Ave N Kent, WA 98032 USA",House Account,Invoice,244660,1,Hermanson Company:HER-Tulalip Casino
2026-03-04 00:00:00,2026-02-02 00:00:00,15215,Net 30,550,"3000 W Illinois St Bellingham, WA 98225 USA",House Account,Invoice,244372,1,Blythe Mechanical Inc:BLY-Wilcox Farms
2026-03-04 00:00:00,2026-02-02 00:00:00,2509-2720,Net 30,550,"2428 King George Hwy  Suite102 Surrey, BC V4P 1H5 CANADA",House Account,Invoice,244805-2,1,Ocean Park Mechanical Inc:OCE-Live Nation TI
2026-03-04 00:00:00,2026-02-02 00:00:00,6421523-00,Net 30,150,"26021 Atlantic Ocean Dr Lake Forest, CA 92630 USA",House Account,Invoice,244888,1,RSD Refrigeration Supplies Distributor:RSD-Special Projects
2026-03-04 00:00:00,2026-02-02 00:00:00,26030030,Net 30,210,"PO Box 24406 Seattle, WA 98124 USA",House Account,Invoice,244775-1,1,McKinstry Company:MCK-Artise TI
2026-03-04 00:00:00,2026-02-02 00:00:00,63586,Net 30,1385,"PO Box 886 Burlington, WA 98233 USA",House Account,Invoice,243710,1,DK Systems
2026-03-04 00:00:00,2026-02-02 00:00:00,25259.0064,Net 30,305.75,"PO BOX 2038 Longview, WA 98632 USA",House Account,Invoice,244882,1,"JH Kelly, LLC:JHK-SIHB Thunderbird Treatment Facility"
2026-03-04 00:00:00,2026-02-02 00:00:00,55879  43987,Net 30,325,"PO Box 249 Auburn, WA 98071-0249 USA",House Account,Invoice,244904,1,Auburn Mechanical Inc:AUB-Auburn Mechanical - Small Projects
2026-03-04 00:00:00,2026-02-02 00:00:00,OR8235520,Net 30,150,"645 E Missouri Ave, Suite 205, Phoenix Phoenix, AZ 85012 USA",House Account,Invoice,244918,1,CoolSys Light Commercial Solutions:CoolSys Light - Small Projects
2026-03-04 00:00:00,2026-02-02 00:00:00,1021274-46304,Net 30,13260,"4600 S 134th Place Tukwila, WA 98168-3241 USA",House Account,Invoice,243370,1,Holaday-Parks Inc:HOL-Boeing 2-80 Duct Silencers R1
2026-03-04 00:00:00,2026-02-02 00:00:00,125023-08,Net 30,693.57,"17683 128th Pl NE Woodinville, WA 98072 USA",House Account,Invoice,243976-1,1,Comfort Systems USA NW:CNW-Small Projects
2026-03-04 00:00:00,2026-02-02 00:00:00,,Net 30,-84,"12314 134th Ct NE Redmond, WA 98052 USA",House Account,Credit Memo,244942,1,"Morgan Mechanical, LLC"
2026-03-05 00:00:00,2026-02-03 00:00:00,030-006,Net 30,881,"22129 NE 114th Redmond, WA 98053 USA",House Account,Invoice,244895,1,AMS:AMS-Village at 47th
2026-03-05 00:00:00,2026-02-03 00:00:00,203229,Net 30,650,"2625 Reinhardt LN NE STE F Lacey, WA 98516 USA",House Account,Invoice,244954,1,Elite Mechanical Services:Eli-GH Part
2026-03-05 00:00:00,2026-02-03 00:00:00,30311,Net 30,796,"3302 Cedardale Rd, Ste 300 Mount Vernon, WA 98274 USA",House Account,Invoice,244971,1,Hoover Commercial Refrigeration Inc
2026-03-05 00:00:00,2026-02-03 00:00:00,24344140,Net 30,350,"PO Box 24406 Seattle, WA 98124 USA",House Account,Invoice,244648-1,1,McKinstry Company:MCK-KC Metro Equipment Transit Center
2026-03-05 00:00:00,2026-02-03 00:00:00,BA8235528,Net 30,460,"645 E Missouri Ave, Suite 205, Phoenix Phoenix, AZ 85012 USA",House Account,Invoice,244921,1,CoolSys Light Commercial Solutions:CoolSys Light - Small Projects
2026-03-05 00:00:00,2026-02-03 00:00:00,251402,Net 30,210,"888 E. Walnut St (401856) Pasadena, CA 91101 USA",House Account,Invoice,244846,1,Acco Engineered Systems (401856):ACC-AT&T Seattle 02 - Burien
2026-03-05 00:00:00,2026-02-03 00:00:00,R260057,Net 30,400,"428 North Pekin Road Woodland, WA 98674 USA",House Account,Invoice,244357-1,1,Atlas Mechanical Inc.:ATL-Alexan Shoreline East
2026-03-05 00:00:00,2026-02-03 00:00:00,PO927091,Net 30,100,"Hermanson Company 1221 2nd Ave N Kent, WA 98032",House Account,Invoice,244952,1,Hermanson Company:HER-Small Projects
2026-03-05 00:00:00,2026-02-03 00:00:00,KPO00029773,Net 30,1010,"3436 Airport Dr Bellingham, WA 98226 USA",House Account,Invoice,244811,1,Harris Pacific Northwest LLC:HRG-Harris Pacific NW Small Projects
2026-03-05 00:00:00,2026-02-03 00:00:00,689607,Net 30,1200,"PO Box 47983 Seattle, WA 98146 USA",House Account,Invoice,244754,1,"MacDonald-Miller Facility Solutions, Inc.:MAC-Swedish Medical Center North Tower"
2026-03-29 00:00:00,2026-02-27 00:00:00,Death & Co,Net 30,145.44,"PO Box 3205 Kirkland, WA 98033 USA",House Account,Invoice,246094,1,CFM Heating & Cooling Inc:CFM Heating & Cooling GOF
2026-03-05 00:00:00,2026-02-03 00:00:00,235212,Net 30,9000,"888 E. Walnut St (401856) Pasadena, CA 91101 USA",House Account,Invoice,242220-1,1,Acco Engineered Systems (401856):ACC-Redmond East Building 3 SEA135
2026-03-05 00:00:00,2026-02-03 00:00:00,404858,Net 30,3695,"5210 Lacey Boulevard SE Lacey, WA 98503 USA",House Account,Invoice,243016,1,Sunset Air:SUN-PTOI Housing Project
2026-03-06 00:00:00,2026-02-04 00:00:00,1022319-63374,Net 30,70,"4600 S 134th Place Tukwila, WA 98168-3241 USA",House Account,Invoice,244441-2,1,Holaday-Parks Inc:HOL-small projects
2026-03-06 00:00:00,2026-02-04 00:00:00,1164-303,Net 30,1005,"11119 Valley Ave E Puyallup, WA 98372 USA",House Account,Invoice,244712,1,Phoenix Mechanical Inc:PHO-Pacific Middle School Replacement P
2026-03-06 00:00:00,2026-02-04 00:00:00,125023-23,Net 30,1078,"17683 128th Pl NE Woodinville, WA 98072 USA",House Account,Invoice,245011,1,Comfort Systems USA NW:CNW-Small Projects
2026-03-06 00:00:00,2026-02-04 00:00:00,BurlingtonLongview1926,Net 30,975,"PO Box 519 Brush Prairie, WA 98606 USA",House Account,Invoice,244175,1,"Cowdrey Mechanical Systems LLC:CMS-Burlington - Longview, WA"
2026-03-06 00:00:00,2026-02-04 00:00:00,W043265,Net 30,8450,"837 Evergreen Street Lynden, WA 98264 USA",,Invoice,244461,,"Lynden Sheet Metal, Inc:Lyn-Vineyard Replacement FSDs"
2026-03-06 00:00:00,2026-02-04 00:00:00,676829,Net 30,55600,"PO Box 47983 Seattle, WA 98146 USA",House Account,Invoice,243151-1,1,"MacDonald-Miller Facility Solutions, Inc.:MAC-UW Elevator Modernization Project"
2026-02-04 00:00:00,2026-02-04 00:00:00,832218015,Immediate,420,"6435 Northwest Drive Mississauga, ON L4V1K2 CANADA",,Invoice,243147,,Flynn BEC LP:Fly-Boeing
2026-03-06 00:00:00,2026-02-04 00:00:00,Owens II,Net 30,511,"1425 N Roosevelt Seaside, OR 97138 USA",House Account,Invoice,245084,1,Diamond Heating:DIA-Owens II Astoria
2026-03-06 00:00:00,2026-02-04 00:00:00,BMM1358,Net 30,21.26,"9227 Blue Mountain Lane SW, Ste A Tumwater, WA 98512 USA",House Account,Invoice,245046,1,Blue Mountain Mechanical Inc:BLU-Comcast Aberdeen
2026-03-06 00:00:00,2026-02-04 00:00:00,54336-9914,Net 30,28,"1400 Airport Way South Suite 202 Seattle, WA 98134",House Account,Invoice,244887,1,United Systems Mechanical Inc:USM-Kendall Chevrolet
2026-03-06 00:00:00,2026-02-04 00:00:00,2J4470.000064,Net 30,335.87,"PO Box 249 Auburn, WA 98071-0249 USA",House Account,Invoice,244902,1,Auburn Mechanical Inc:AUB-Auburn Mechanical - Small Projects
2026-03-06 00:00:00,2026-02-04 00:00:00,4393-0-233700-7,Net 30,449.1,"12001 SE 9th Pl, Suite 300 Bellevue, WA 98005 USA",House Account,Invoice,244890,1,Holmberg Company:HOM-Honda of Bellevue TI
2026-03-06 00:00:00,2026-02-04 00:00:00,30859,Net 30,64.73,"12314 134th Ct NE Redmond, WA 98052 USA",House Account,Invoice,244938,1,"Morgan Mechanical, LLC"
2026-03-06 00:00:00,2026-02-04 00:00:00,jm928918,Net 30,36.12,"727 S Kenyon St Seattle, WA 98108 USA",House Account,Invoice,244932,1,"Evergreen Refrigeration, LLC:Evergreen - Special Projects"
2026-03-06 00:00:00,2026-02-04 00:00:00,252349,Net 30,1350,"380 Pease Road Burlington, WA 98233 USA",House Account,Invoice,244329-2,1,Nordic Temperature Control:NTC-Ace Anacortes Greenhouse
2026-03-06 00:00:00,2026-02-04 00:00:00,jm928914,Net 30,1328.12,"727 S Kenyon St Seattle, WA 98108 USA",House Account,Invoice,244903,1,"Evergreen Refrigeration, LLC:Evergreen - Special Projects"
2026-03-06 00:00:00,2026-02-04 00:00:00,JM928915,Net 30,1085.04,"727 S Kenyon St Seattle, WA 98108 USA",House Account,Invoice,244908,1,"Evergreen Refrigeration, LLC:Evergreen - Special Projects"
2026-03-06 00:00:00,2026-02-04 00:00:00,12194,Net 30,287.7,"5108 D St NW Auburn, WA 98001 USA",House Account,Invoice,244909,1,"Emerald Aire, Inc.:Emerald Aire - Special Projects"
2026-03-06 00:00:00,2026-02-04 00:00:00,PO037796,Net 30,807,"Hermanson Company 1221 2nd Ave N Kent, WA 98032",House Account,Invoice,244086,1,Hermanson Company:HER-Small Projects
2026-03-06 00:00:00,2026-02-04 00:00:00,PO038377-1 14-25-27162,Net 30,124.73,"Hermanson Company 1221 2nd Ave N Kent, WA 98032",House Account,Invoice,244990,1,Hermanson Company:HER-Small Projects
2026-03-06 00:00:00,2026-02-04 00:00:00,54282-9891,Net 30,155,"1400 Airport Way South Suite 202 Seattle, WA 98134",House Account,Invoice,243988-5,1,United Systems Mechanical Inc:USM-Tanager Apartments
2026-03-06 00:00:00,2026-02-04 00:00:00,S-21883,Net 30,1350,"18915 142nd AVE NE  #240 Woodinville, WA 98072 USA",House Account,Invoice,244502,1,Premier Mechanical & Electric:Premier Mechanical & Electric GOF
2026-03-06 00:00:00,2026-02-04 00:00:00,1022731-80170,Net 30,776,"4600 S 134th Place Tukwila, WA 98168-3241 USA",House Account,Invoice,244913,1,Holaday-Parks Inc:HOL-UW Broadcast Control Center at HEC
2026-03-06 00:00:00,2026-02-04 00:00:00,1A4104.01-632,Net 30,700.98,"PO Box 249 Auburn, WA 98071-0249 USA",House Account,Invoice,244926,1,Auburn Mechanical Inc:AUB-UW Haggett Hall
2026-03-06 00:00:00,2026-02-04 00:00:00,SHOPK333,Net 30,470.04,"3602 S Pine St Tacoma, WA 98409 USA",House Account,Invoice,244947,1,Air Systems Engineering Inc:ASE-Air Systems - Small Projects
2026-03-06 00:00:00,2026-02-04 00:00:00,PO034153,Net 30,4847.41,"1221 2nd Ave N Kent, WA 98032 USA",House Account,Invoice,241526,1,Hermanson Company:HER-616 Battery
2026-03-06 00:00:00,2026-02-04 00:00:00,PO034176,Net 30,276.46,"1221 2nd Ave N Kent, WA 98032 USA",House Account,Invoice,242274,1,Hermanson Company:HER-616 Battery
2026-03-06 00:00:00,2026-02-04 00:00:00,1022651-90031,Net 30,194,"4600 S 134th Place Tukwila, WA 98168-3241 USA",House Account,Invoice,244862,1,Holaday-Parks Inc:HOL-small projects
2026-03-06 00:00:00,2026-02-04 00:00:00,Victory - Colin,Net 30,261,"22129 NE 114th ST Bellevue, WA 98053 USA",House Account,Invoice,244861,1,AMS:AMS-Victory Northgate
2026-03-06 00:00:00,2026-02-04 00:00:00,26046-SK,Net 30,1255,"7202 NE 175Th St Kenmore, WA 98028 USA",House Account,Invoice,244687,1,GB Systems:GB-South King Co Fire Admin Building Imp
2026-03-06 00:00:00,2026-02-04 00:00:00,sp928832,Net 30,4245,"727 S Kenyon St Seattle, WA 98108 USA",House Account,Invoice,244676,1,"Evergreen Refrigeration, LLC:Evergreen - Special Projects"
2026-03-06 00:00:00,2026-02-04 00:00:00,PO038363,Net 30,284.83,"Hermanson Company 1221 2nd Ave N Kent, WA 98032",House Account,Invoice,244969-1,1,Hermanson Company:HER-Small Projects
2026-03-06 00:00:00,2026-02-04 00:00:00,PO038363,Net 30,336,"Hermanson Company 1221 2nd Ave N Kent, WA 98032",House Account,Invoice,244969,1,Hermanson Company:HER-Small Projects
2026-03-06 00:00:00,2026-02-04 00:00:00,3220,Net 30,293.52,"PO Box 2327 Buckley, WA 98321 USA",House Account,Invoice,244962,1,Trimble Mechanical:TBM-Vashon Community Food Bank
2026-03-06 00:00:00,2026-02-04 00:00:00,Death & CO,Net 30,95.9,"PO Box 3205 Kirkland, WA 98033 USA",House Account,Invoice,244950-1,1,CFM Heating & Cooling Inc:CFM Heating & Cooling GOF
2026-03-06 00:00:00,2026-02-04 00:00:00,Death & CO,Net 30,104.38,"PO Box 3205 Kirkland, WA 98033 USA",House Account,Invoice,244950,1,CFM Heating & Cooling Inc:CFM Heating & Cooling GOF
2026-03-06 00:00:00,2026-02-04 00:00:00,23148-S291,Net 30,1710,"1273 Sunset Ave Bellingham, WA 98226 USA",House Account,Invoice,244405,1,Mt Baker Mechanical Contractors:MTB-Ferndale City Hall
2026-03-06 00:00:00,2026-02-04 00:00:00,PO034148,Net 30,248.55,"1221 2nd Ave N Kent, WA 98032 USA",House Account,Invoice,241524-1,1,Hermanson Company:HER-616 Battery
2026-03-06 00:00:00,2026-02-04 00:00:00,PO034145,Net 30,248.55,"1221 2nd Ave N Kent, WA 98032 USA",House Account,Invoice,241525-1,1,Hermanson Company:HER-616 Battery
2026-03-06 00:00:00,2026-02-04 00:00:00,PO034157,Net 30,248.55,"1221 2nd Ave N Kent, WA 98032 USA",House Account,Invoice,241527,1,Hermanson Company:HER-616 Battery
2026-03-06 00:00:00,2026-02-04 00:00:00,PO034158,Net 30,248.55,"1221 2nd Ave N Kent, WA 98032 USA",House Account,Invoice,241571,1,Hermanson Company:HER-616 Battery
2026-03-06 00:00:00,2026-02-04 00:00:00,PO034160,Net 30,248.55,"1221 2nd Ave N Kent, WA 98032 USA",House Account,Invoice,241576,1,Hermanson Company:HER-616 Battery
2026-03-06 00:00:00,2026-02-04 00:00:00,PO034282,Net 30,248.55,"1221 2nd Ave N Kent, WA 98032 USA",House Account,Invoice,241584,1,Hermanson Company:HER-616 Battery
2026-03-06 00:00:00,2026-02-04 00:00:00,WORP,Net 30,1130,"22129 NE 114th ST Bellevue, WA 98053 USA",House Account,Invoice,241980,1,AMS:AMS-WORP
2026-03-06 00:00:00,2026-02-04 00:00:00,1164-305,Net 30,1100,"11119 Valley Ave E Puyallup, WA 98372 USA",House Account,Invoice,244712-1,1,Phoenix Mechanical Inc:PHO-Pacific Middle School Replacement P
2026-03-29 00:00:00,2026-02-27 00:00:00,PO003743,Net 30,907.88,"Hermanson Company 1221 2nd Ave N Kent, WA 98032",House Account,Invoice,246137,1,Hermanson Company:HER-Small Projects
2026-03-07 00:00:00,2026-02-05 00:00:00,Columbia City Condos,Net 30,770,"309 S Cloverdale St, Suite D43 Seattle, WA 98108 USA",House Account,Invoice,235904-3,1,Zip Mechanical:Zip-Columbia City Condos
2026-03-07 00:00:00,2026-02-05 00:00:00,60317,Net 30,125,"26319 149th St E Buckley, WA 98321 USA",House Account,Invoice,245100,1,Code Mechanical Inc:Code Mechanical Inc - GOF
2026-03-07 00:00:00,2026-02-05 00:00:00,690680,Net 30,168,"PO Box 47983 Seattle, WA 98146 USA",House Account,Invoice,245098,1,"MacDonald-Miller Facility Solutions, Inc.:MAC-Port of Tacoma"
2026-03-07 00:00:00,2026-02-05 00:00:00,R250255,Net 30,9810,"428 North Pekin Road Woodland, WA 98674 USA",House Account,Invoice,243913-1,1,Atlas Mechanical Inc.:ATL-Woodinville Wine Village - Harvest
2026-03-07 00:00:00,2026-02-05 00:00:00,1B4206.000452,Net 30,527,"PO Box 249 Auburn, WA 98071-0249 USA",House Account,Invoice,245012,1,Auburn Mechanical Inc:AUB-Lakeside School
2026-03-07 00:00:00,2026-02-05 00:00:00,East Park,Net 30,308,"PO Box 2097 Kirkland, WA 98083 USA",House Account,Invoice,244901,1,"Pacific One Construction, Inc.:PON-East Park Bldg 1 Bremerton"
2026-03-07 00:00:00,2026-02-05 00:00:00,2509-2720,Net 30,90.96,"2428 King George Hwy  Suite102 Surrey, BC V4P 1H5 CANADA",House Account,Invoice,245091,1,Ocean Park Mechanical Inc:OCE-Live Nation TI
2026-03-07 00:00:00,2026-02-05 00:00:00,2B4354.000038,Net 30,714.68,"PO Box 249 Auburn, WA 98071-0249 USA",House Account,Invoice,245088,1,Auburn Mechanical Inc:AUB-Auburn Mechanical - Small Projects
2026-03-07 00:00:00,2026-02-05 00:00:00,2511-2720,Net 30,148.1,"2428 King George Hwy  Suite102 Surrey, BC V4P 1H5 CANADA",House Account,Invoice,245038,1,Ocean Park Mechanical Inc:OCE-ONNI Level 13 Restaurant
2026-03-07 00:00:00,2026-02-05 00:00:00,C15250649,Net 30,927.84,"145 S State College Blvd Ste 200 Brea, CA 98821",House Account,Invoice,244960,1,CoolSys Commercial & Industrial Solutions
2026-03-07 00:00:00,2026-02-05 00:00:00,PO038281,Net 30,820.3,"Hermanson Company 1221 2nd Ave N Kent, WA 98032",House Account,Invoice,245003,1,Hermanson Company:HER-Small Projects
2026-03-07 00:00:00,2026-02-05 00:00:00,54343-9885,Net 30,-66.9,"1400 Airport Way South Suite 202 Seattle, WA 98134",House Account,Credit Memo,245162,1,United Systems Mechanical Inc:USM-5819 Phinney Avenue North
2026-03-08 00:00:00,2026-02-06 00:00:00,PO034282,Net 30,248.55,"1221 2nd Ave N Kent, WA 98032 USA",House Account,Invoice,245158,1,Hermanson Company:HER-616 Battery
2026-03-08 00:00:00,2026-02-06 00:00:00,M-CO1InandOut,Net 30,155.66,"PO Box 519 Brush Prairie, WA 98606 USA",House Account,Invoice,244556,1,Cowdrey Mechanical Systems LLC:CMS-In N Out Hillsboro
2026-03-08 00:00:00,2026-02-06 00:00:00,C25-5629,Net 30,9480,"5121 S Burlington Way Tacoma, WA 98409 USA",House Account,Invoice,243240-3,1,Narrows Heating & Air Cond.:NAR-Norplex
2026-03-08 00:00:00,2026-02-06 00:00:00,C25-5629,Net 30,34670,"5121 S Burlington Way Tacoma, WA 98409 USA",House Account,Invoice,243240-4,1,Narrows Heating & Air Cond.:NAR-Norplex
2026-03-08 00:00:00,2026-02-06 00:00:00,C25-5629,Net 30,2640,"5121 S Burlington Way Tacoma, WA 98409 USA",House Account,Invoice,243240-2,1,Narrows Heating & Air Cond.:NAR-Norplex
2026-03-08 00:00:00,2026-02-06 00:00:00,322070,Net 30,1075,"PO Box 2708 Ferndale, WA 98248 USA",House Account,Invoice,244815,1,Andgar Mechanical LLC:ANG-Granary Harcourt Building B
2026-03-08 00:00:00,2026-02-06 00:00:00,union gap bank,Net 30,330.19,"2711 S Fifth Ave Union Gap, WA 98903 USA",House Account,Invoice,245134-1,1,"T & M Of WA, Inc.:T&M-Union Gap Bank"
2026-03-08 00:00:00,2026-02-06 00:00:00,1057114-09495,Net 30,2000,"Attn: Accts Payable PO Box 67 Mukilteo, WA 98275-4255",House Account,Invoice,242736-2,1,University Mechanical Contractors Inc:UMC-Small Projects
2026-03-08 00:00:00,2026-02-06 00:00:00,26030055,Net 30,400,PO Box 24406 Project 120170 Bellevue 600 PH 1,House Account,Invoice,244833,1,McKinstry Company:MCK-600 Bellevue
2026-03-08 00:00:00,2026-02-06 00:00:00,45001590007,Net 30,4875,"3436 Airport Drive Bellingham, WA 98226 USA",House Account,Invoice,244880,1,Harris Pacific Northwest LLC:HRG-SJMC AHU 54
2026-03-08 00:00:00,2026-02-06 00:00:00,brown ephrata,Net 30,3650,"2711 S Fifth Ave Union Gap, WA 98903 USA",House Account,Invoice,243206,1,"T & M Of WA, Inc.:T&M-Brown & Brown TI Ephrata"
2026-03-08 00:00:00,2026-02-06 00:00:00,26046-SK,Net 30,680,"7202 NE 175Th St Kenmore, WA 98028 USA",House Account,Invoice,244687-1,1,GB Systems:GB-South King Co Fire Admin Building Imp
2026-03-08 00:00:00,2026-02-06 00:00:00,691836,Net 30,885,"PO Box 47983 Seattle, WA 98146 USA",House Account,Invoice,245132,1,"MacDonald-Miller Facility Solutions, Inc.:MAC-Mac Miller Parts"
2026-03-08 00:00:00,2026-02-06 00:00:00,1021709-46261,Net 30,3920,"4600 S 134th Place Tukwila, WA 98168-3241 USA",House Account,Invoice,243685,1,Holaday-Parks Inc:HOL-Boeing 4-81 Substations 25 & 26
2026-03-08 00:00:00,2026-02-06 00:00:00,OR8236594,Net 30,379.99,"645 E Missouri Ave, Suite 205, Phoenix Phoenix, AZ 85012 USA",House Account,Invoice,245184,1,CoolSys Light Commercial Solutions:CoolSys Light - Small Projects
2026-03-08 00:00:00,2026-02-06 00:00:00,Kendrick Landing,Net 30,625,"5526 184th Street East Suite A Puyallup, WA 98375",House Account,Invoice,244809,1,Sound Heating And A/C:Sou-Lakewood Apartments Kendrick Landing
2026-03-08 00:00:00,2026-02-06 00:00:00,PF Sammamish,Net 30,1330,"22129 NE 114th Redmond, WA 98053 USA",House Account,Invoice,244746,1,AMS:AMS-Planet Fitness Sammamish
2026-03-08 00:00:00,2026-02-06 00:00:00,BF928563,Net 30,820,"727 S Kenyon St, Ste B Seattle, WA 98108 USA",House Account,Invoice,244852,1,"Evergreen Refrigeration, LLC:EVE-Northsound Logistics"
2026-03-08 00:00:00,2026-02-06 00:00:00,PO036948-1,Net 30,60,"1221 2nd Ave N Kent, WA 98032 USA",House Account,Invoice,243887,1,Hermanson Company:HER-North Basin Restroom and Laundry Re
2026-03-08 00:00:00,2026-02-06 00:00:00,PO036948-1,Net 30,190,"1221 2nd Ave N Kent, WA 98032 USA",House Account,Invoice,243887-1,1,Hermanson Company:HER-North Basin Restroom and Laundry Re
2026-03-11 00:00:00,2026-02-09 00:00:00,1022864-45248,Net 30,1045,"4600 S 134th Place Tukwila, WA 98168-3241 USA",House Account,Invoice,245123,1,Holaday-Parks Inc:HOL-Seattle Tennis Club
2026-03-11 00:00:00,2026-02-09 00:00:00,25308142,Net 30,881.76,"PO Box 24406 Seattle, WA 98124 USA",,Invoice,243018-1,,McKinstry Company:MCK-Allen Institute
2026-03-11 00:00:00,2026-02-09 00:00:00,252349,Net 30,475,"380 Pease Road Burlington, WA 98233 USA",House Account,Invoice,244333,1,Nordic Temperature Control:NTC-Ace Anacortes Greenhouse
2026-03-11 00:00:00,2026-02-09 00:00:00,WORP - Bryce - EWH,Net 30,2135,"22129 NE 114th ST Bellevue, WA 98053 USA",House Account,Invoice,243048-1,1,AMS:AMS-WORP
2026-03-11 00:00:00,2026-02-09 00:00:00,3000 Northup,Net 30,12.68,"17683 128th Pl NE Woodinville, WA 98072 USA",House Account,Invoice,244905,1,Comfort Systems USA NW:CNW-Small Projects
2026-03-11 00:00:00,2026-02-09 00:00:00,3016,Net 30,750,"PO Box 2327 Buckley, WA 98321 USA",House Account,Invoice,244700,1,Trimble Mechanical:TBM-Lake Wilderness Community Clubhouse
2026-03-11 00:00:00,2026-02-09 00:00:00,183363,Net 30,6690,"5005 Pacific Highway East, Suite 4 Fife, WA 98424 USA",House Account,Invoice,244398,1,PSF Mechanical:PSF-Sea-Tac Parking Garage Upgrade
2026-03-11 00:00:00,2026-02-09 00:00:00,53901-9897,Net 30,95,"1400 Airport Way South Suite 202 Seattle, WA 98134",House Account,Invoice,245064,1,United Systems Mechanical Inc:USM-Wesley Bradley Park Phase 2
2026-03-11 00:00:00,2026-02-09 00:00:00,23671,Net 30,78,"9523 19th Ave E Tacoma, WA 98445 USA",House Account,Invoice,245244,1,"TRS Mechanical Inc:TRS-Northwest Trek Commissary, Hay Barn"
2026-03-11 00:00:00,2026-02-09 00:00:00,2872904,Net 30,513,"6626 Tacoma Mall Blvd Ste B Tacoma, WA 98409 USA",House Account,Invoice,244894,1,Bargreen Ellingson:Bar-Bottega - 640 Woodlands Lacey WA -
2026-03-12 00:00:00,2026-02-10 00:00:00,1K4233.010346,Net 30,1639,"PO Box 249 Auburn, WA 98071-0249 USA",House Account,Invoice,242978-1,1,Auburn Mechanical Inc:AUB-TPS Lowell Elementary
2026-03-12 00:00:00,2026-02-10 00:00:00,PBPO810784,Net 30,475,"145 S State College Blvd Ste 200 Brea, CA 98821",House Account,Invoice,242889,1,CoolSys Commercial & Industrial Solutions
2026-03-12 00:00:00,2026-02-10 00:00:00,sp928996,Net 30,343.72,"727 S Kenyon St Seattle, WA 98108 USA",House Account,Invoice,245143,1,"Evergreen Refrigeration, LLC:Evergreen - Special Projects"
2026-03-12 00:00:00,2026-02-10 00:00:00,Garlic Crush,Net 30,488.48,"4426 221st Place NE Redmond, WA 98053 USA",House Account,Invoice,245142,1,Perfect Climate:Perfect Climate GOF
2026-03-12 00:00:00,2026-02-10 00:00:00,225-0704,Net 30,471,"5108 D St NW Auburn, WA 98001 USA",House Account,Invoice,245126,1,"Emerald Aire, Inc.:Emerald Aire - Special Projects"
2026-03-12 00:00:00,2026-02-10 00:00:00,Mosaic,Net 30,1679,"3615 W Mukilteo Blvd Everett, WA 98203 USA",House Account,Invoice,245054,1,Steele Mechanical:STM-Mosaic Apartments Everett
2026-03-12 00:00:00,2026-02-10 00:00:00,Death & CO,Net 30,305.58,"PO Box 3205 Kirkland, WA 98033 USA",House Account,Invoice,245099,1,CFM Heating & Cooling Inc:CFM Heating & Cooling GOF
2026-03-12 00:00:00,2026-02-10 00:00:00,691897,Net 30,60,"PO Box 47983 Seattle, WA 98146 USA",House Account,Invoice,245210,1,"MacDonald-Miller Facility Solutions, Inc.:MAC-City of Bellevue Service Center"
2026-03-12 00:00:00,2026-02-10 00:00:00,Tukwila 1,Net 30,346.08,"1425 N Roosevelt Dr Seaside, OR 97138 USA",House Account,Invoice,245205,1,Diamond Heating:Diamond Heating - Special Projects
2026-03-12 00:00:00,2026-02-10 00:00:00,54373-9891,Net 30,80.4,"1400 Airport Way South Suite 202 Seattle, WA 98134",House Account,Invoice,245189,1,United Systems Mechanical Inc:USM-Tanager Apartments
2026-03-12 00:00:00,2026-02-10 00:00:00,Garlic Crush,Net 30,50,"4426 221st Place NE Redmond, WA 98053 USA",House Account,Invoice,245142-1,1,Perfect Climate:Perfect Climate GOF
2026-03-12 00:00:00,2026-02-10 00:00:00,Columbia City Condos,Net 30,465,"309 S Cloverdale St, Suite D43 Seattle, WA 98108 USA",House Account,Invoice,245108,1,Zip Mechanical:Zip-Columbia City Condos
2026-03-12 00:00:00,2026-02-10 00:00:00,PO034157,Net 30,4598.86,"1221 2nd Ave N Kent, WA 98032 USA",House Account,Invoice,241527-1,1,Hermanson Company:HER-616 Battery
2026-03-12 00:00:00,2026-02-10 00:00:00,54357-9897,Net 30,233.28,"1400 Airport Way South Suite 202 Seattle, WA 98134",House Account,Invoice,245039,1,United Systems Mechanical Inc:USM-Wesley Bradley Park Phase 2
2026-03-12 00:00:00,2026-02-10 00:00:00,Bradley Heights,Net 30,550,"1108 8th St Kirkland, WA 98033 USA",House Account,Invoice,245050,1,"Pacific One Construction, Inc.:Pacific One Construction GOF"
2026-03-12 00:00:00,2026-02-10 00:00:00,Zenoti,Net 30,290.48,"PO Box 1455 Monroe, WA 98272 USA",House Account,Invoice,245062,1,Precise Heating & Cooling LLC:PRE-Precise Heating & Cooling
2026-03-12 00:00:00,2026-02-10 00:00:00,union gap bank,Net 30,4147.81,"2711 S Fifth Ave Union Gap, WA 98903 USA",House Account,Invoice,245134,1,"T & M Of WA, Inc.:T&M-Union Gap Bank"
2026-03-13 00:00:00,2026-02-11 00:00:00,224-0704-0901,Net 30,185,"5108 D Street NW Auburn, WA 98001 USA",House Account,Invoice,245149,1,"Emerald Aire, Inc.:EME-4448 California"
2026-03-13 00:00:00,2026-02-11 00:00:00,BF928567,Net 30,160,"727 S Kenyon St Seattle, WA 98108 USA",House Account,Invoice,244827,1,"Evergreen Refrigeration, LLC:Evergreen - Special Projects"
2026-03-13 00:00:00,2026-02-11 00:00:00,KPO00029949,Net 30,1526.22,"3436 Airport Dr Bellingham, WA 98226 USA",House Account,Invoice,245114,1,Harris Pacific Northwest LLC
2026-03-13 00:00:00,2026-02-11 00:00:00,54311-9894,Net 30,1850,"1400 Airport Way South Suite 202 Seattle, WA 98134",House Account,Invoice,244488,1,United Systems Mechanical Inc:USM-SRM Affordable Housing - Seattle
2026-03-13 00:00:00,2026-02-11 00:00:00,BF928557,Net 30,270,"727 S Kenyon St Seattle, WA 98108 USA",House Account,Invoice,244829,1,"Evergreen Refrigeration, LLC:Evergreen - Special Projects"
2026-03-13 00:00:00,2026-02-11 00:00:00,PO000013174,Net 30,1056.46,"PO Box 1745 Gig Harbor, WA 98335 USA",House Account,Invoice,245283,1,Refrigeration Unlimited:Refrigeration Unlimited GOF
2026-03-13 00:00:00,2026-02-11 00:00:00,183338,Net 30,109130,"5005 Pacific Highway East, Suite 4 Fife, WA 98424 USA",House Account,Invoice,243639,1,PSF Mechanical:PSF-The Bravern Bellevue
2026-03-13 00:00:00,2026-02-11 00:00:00,4414M39,Net 30,59.2,"3602 South Pine Street Tacoma, WA 98409 USA",House Account,Invoice,245267,1,Air Systems Engineering Inc:ASE-Valhalla Apartments
2026-03-13 00:00:00,2026-02-11 00:00:00,Sound Insulation Court Ap,Net 30,38130,"3615 W Mukilteo Blvd Everett, WA 98203 USA",House Account,Invoice,244386,1,Steele Mechanical:STM-Port of Seattle Sound Insulation
2026-03-13 00:00:00,2026-02-11 00:00:00,71548491-101,Net 30,3066,"1711 Port Dr Burlington, WA 98233 USA",House Account,Invoice,243809,1,"R & H Mechanical, Inc.:R&H-Special Projects"
2026-03-13 00:00:00,2026-02-11 00:00:00,2872904,Net 30,459,"6626 Tacoma Mall Blvd Ste B Tacoma, WA 98409 USA",House Account,Invoice,244894-1,1,Bargreen Ellingson:Bar-Bottega - 640 Woodlands Lacey WA -
2026-03-13 00:00:00,2026-02-11 00:00:00,R250255,Net 30,3305,"428 North Pekin Road Woodland, WA 98674 USA",House Account,Invoice,243913-2,1,Atlas Mechanical Inc.:ATL-Woodinville Wine Village - Harvest
2026-03-13 00:00:00,2026-02-11 00:00:00,1022813-63373,Net 30,381,"4600 S 134th Place Tukwila, WA 98168 USA",House Account,Invoice,245077,1,Holaday-Parks Inc:Holaday-Parks GOF
2026-03-13 00:00:00,2026-02-11 00:00:00,1-14631-01,Net 30,27,"3602 S Pine St Tacoma, WA 98409 USA",House Account,Invoice,245336,1,Air Systems Engineering Inc:ASE-Air Systems - Small Projects
2026-03-13 00:00:00,2026-02-11 00:00:00,2872904,Net 30,6993,"6626 Tacoma Mall Blvd Ste B Tacoma, WA 98409 USA",House Account,Invoice,244893,1,Bargreen Ellingson:Bar-Bottega - 640 Woodlands Lacey WA -
2026-03-13 00:00:00,2026-02-11 00:00:00,2872458,Net 30,356.43,"6626 Tacoma Mall Blvd Ste B Tacoma, WA 98409 USA",House Account,Invoice,244813,1,Bargreen Ellingson:Bar-Rigo's Vancouver
2026-03-13 00:00:00,2026-02-11 00:00:00,BF928540,Net 30,40000,"727 S Kenyon St, Ste B Seattle, WA 98108 USA",House Account,Invoice,243447-1,1,"Evergreen Refrigeration, LLC:EVE-Kiddie Academy Bridgeport"
2026-03-13 00:00:00,2026-02-11 00:00:00,Cloud Fans,Net 30,331.65,"1150 Fairview Ave N Seattle, WA 98109 USA",House Account,Invoice,245348,1,Silver Cloud Lake Union
2026-03-13 00:00:00,2026-02-11 00:00:00,1164,Net 30,400,"11119 Valley Ave E Puyallup, WA 98372 USA",House Account,Invoice,245028,1,Phoenix Mechanical Inc:PHO-Pacific Middle School Replacement P
2026-03-13 00:00:00,2026-02-11 00:00:00,26035048,Net 30,1693.33,"PO Box 24406 Seattle, WA 98124 USA",House Account,Invoice,244983,1,McKinstry Company:MCK-Artise TI
2026-03-13 00:00:00,2026-02-11 00:00:00,2872458,Net 30,178.21,"6626 Tacoma Mall Blvd Ste B Tacoma, WA 98409 USA",House Account,Invoice,244813-1,1,Bargreen Ellingson:Bar-Rigo's Vancouver
2026-03-13 00:00:00,2026-02-11 00:00:00,26020017,Net 30,4550,PO Box 24406 Project 120170 Bellevue 600 PH 1,House Account,Invoice,244578,1,McKinstry Company:MCK-600 Bellevue
2026-03-13 00:00:00,2026-02-11 00:00:00,1S4198.010004,Net 30,2985,"PO Box 249 Auburn, WA 98071-0249 USA",House Account,Invoice,244600,1,Auburn Mechanical Inc:AUB-ASUW Shell House Renovation
2026-03-13 00:00:00,2026-02-11 00:00:00,BF928563,Net 30,1070,"727 S Kenyon St, Ste B Seattle, WA 98108 USA",House Account,Invoice,244852-2,1,"Evergreen Refrigeration, LLC:EVE-Northsound Logistics"
2026-03-13 00:00:00,2026-02-11 00:00:00,2025-21-01,Net 30,580,"2100 196th St SW #122 Lynnwood, WA 98036 USA",House Account,Invoice,239290-5,1,DB Solutions:DB -Cedar Hills Regional Onsite Relocat
2026-03-13 00:00:00,2026-02-11 00:00:00,53865-9868,Net 30,1170,"1400 Airport Way South Suite 202 Seattle, WA 98134",House Account,Invoice,244982,1,United Systems Mechanical Inc:USM-Trace Apartments
2026-03-13 00:00:00,2026-02-11 00:00:00,BF928870,Net 30,600,"727 S Kenyon St, Ste B Seattle, WA 98108 USA",House Account,Invoice,244920-1,1,"Evergreen Refrigeration, LLC:EVE-Prologis Emerald Gateway Building 3"
2026-03-13 00:00:00,2026-02-11 00:00:00,23517-214053,Net 30,-126.19,"2521 Stevens Drive Richland, WA 99354 USA",House Account,Credit Memo,243935,1,Total Energy Management:TOT-Bridgeport Elementary School Modern
2026-03-14 00:00:00,2026-02-12 00:00:00,54347-9897,Net 30,1091,"1400 Airport Way South Suite 202 Seattle, WA 98134",House Account,Invoice,245228,1,United Systems Mechanical Inc:USM-Wesley Bradley Park Phase 2
2026-03-14 00:00:00,2026-02-12 00:00:00,jm928973,Net 30,5.94,"727 S Kenyon St Seattle, WA 98108 USA",,Invoice,245235,,"Evergreen Refrigeration, LLC:Evergreen - Special Projects"
2026-03-14 00:00:00,2026-02-12 00:00:00,225-0704,Net 30,460,"5108 D St NW Auburn, WA 98001 USA",House Account,Invoice,245126-1,1,"Emerald Aire, Inc.:Emerald Aire - Special Projects"
2026-03-14 00:00:00,2026-02-12 00:00:00,po038666,Net 30,24.17,"Hermanson Company 1221 2nd Ave N Kent, WA 98032",House Account,Invoice,245232,1,Hermanson Company:HER-Small Projects
2026-03-14 00:00:00,2026-02-12 00:00:00,PO038678,Net 30,426,"Hermanson Company 1221 2nd Ave N Kent, WA 98032",House Account,Invoice,245254-1,1,Hermanson Company:HER-Small Projects
2026-03-14 00:00:00,2026-02-12 00:00:00,PO038678,Net 30,74.28,"Hermanson Company 1221 2nd Ave N Kent, WA 98032",House Account,Invoice,245254,1,Hermanson Company:HER-Small Projects
2026-03-14 00:00:00,2026-02-12 00:00:00,54244-9868,Net 30,181.39,"1400 Airport Way South Suite 202 Seattle, WA 98134",House Account,Invoice,245231,1,United Systems Mechanical Inc:USM-Trace Apartments
2026-03-14 00:00:00,2026-02-12 00:00:00,sp929028,Net 30,227.14,"727 S Kenyon St Seattle, WA 98108 USA",House Account,Invoice,245324,1,"Evergreen Refrigeration, LLC:Evergreen - Special Projects"
2026-03-14 00:00:00,2026-02-12 00:00:00,sp929030,Net 30,103.34,"727 S Kenyon St, Ste B Seattle, WA 98108 USA",House Account,Invoice,245332,1,"Evergreen Refrigeration, LLC:EVE-Cam Clark Evergreen Ford"
2026-03-14 00:00:00,2026-02-12 00:00:00,2-6570-26005C,Net 30,712,"PO Box 348 Entiat, WA 98822 USA",House Account,Invoice,245433,1,North Cascades Heating & A/C:NOR-Mansfield SD Modernization Project
2026-03-14 00:00:00,2026-02-12 00:00:00,Polaris,Net 30,586.2,"22129 NE 114th Redmond, WA 98053 USA",House Account,Invoice,243789-1,1,AMS:AMS-Polaris at Totem Lake
2026-03-14 00:00:00,2026-02-12 00:00:00,Planet Fitness Sammamish,Net 30,150,"22129 NE 114th Redmond, WA 98053 USA",House Account,Invoice,244669-2,1,AMS:AMS-Planet Fitness Sammamish
2026-03-14 00:00:00,2026-02-12 00:00:00,Planet Fitness Sammamish,Net 30,1100,"22129 NE 114th Redmond, WA 98053 USA",House Account,Invoice,244669-3,1,AMS:AMS-Planet Fitness Sammamish
2026-03-14 00:00:00,2026-02-12 00:00:00,KOZ Wetmore,Net 30,138000,"3615 W Mukilteo Blvd Everett, WA 98203 USA",House Account,Invoice,244393,1,Steele Mechanical:STM-KOZ Wetmore Everett
2026-03-14 00:00:00,2026-02-12 00:00:00,19615,Net 30,14641.67,"501 Virginia Street Bellingham, WA 98225 USA",House Account,Invoice,237352-1,1,Feller Heating & Air Cond.:Fel-Snohomish Readiness Center Add
2026-03-14 00:00:00,2026-02-12 00:00:00,Microsoft EAT12 Data Cent,Net 30,-15505.89,"12001 SE 9th Pl, Suite 300 Bellevue, WA 98005 USA",House Account,Credit Memo,245397,1,Holmberg Company:HOM-Microsoft EAT12 Data Center
2026-03-14 00:00:00,2026-02-12 00:00:00,3603-2524-630,Net 30,13875,"1223 Valentine Ave SE Pacific, WA 98047 USA",House Account,Invoice,244736,1,Delta Technology Corporation:DEL-Kent SD Admin Bldg A Upgrade
2026-03-14 00:00:00,2026-02-12 00:00:00,1S4285.000197,Net 30,440,"PO Box 249 Auburn, WA 98071-0249 USA",House Account,Invoice,245186,1,Auburn Mechanical Inc:AUB-Auburn Mechanical - Small Projects
2026-03-14 00:00:00,2026-02-12 00:00:00,PO038405-1,Net 30,1866,"Hermanson Company 1221 2nd Ave N Kent, WA 98032",House Account,Invoice,245020,1,Hermanson Company:HER-Small Projects
2026-03-14 00:00:00,2026-02-12 00:00:00,63948,Net 30,407,"PO Box 886 Burlington, WA 98233 USA",House Account,Invoice,245456,1,DK Systems:DK -Special Projects
2026-03-14 00:00:00,2026-02-12 00:00:00,R260057,Net 30,200,"428 North Pekin Road Woodland, WA 98674 USA",House Account,Invoice,244357-3,1,Atlas Mechanical Inc.:ATL-Alexan Shoreline East
2026-03-14 00:00:00,2026-02-12 00:00:00,BF928870,Net 30,21035,"727 S Kenyon St, Ste B Seattle, WA 98108 USA",House Account,Invoice,244920-2,1,"Evergreen Refrigeration, LLC:EVE-Prologis Emerald Gateway Building 3"
2026-03-14 00:00:00,2026-02-12 00:00:00,R260057,Net 30,245,"428 North Pekin Road Woodland, WA 98674 USA",House Account,Invoice,244357-2,1,Atlas Mechanical Inc.:ATL-Alexan Shoreline East
2026-03-14 00:00:00,2026-02-12 00:00:00,235212,Net 30,30235,"888 E. Walnut St (401856) Pasadena, CA 91101 USA",House Account,Invoice,244824,1,Acco Engineered Systems (401856):ACC-Redmond East Building 3 SEA135
2026-03-14 00:00:00,2026-02-12 00:00:00,1448199-00,Net 30,750,"26021 Atlantic Ocean Dr Lake Forest, CA 92630 USA",House Account,Invoice,245374,1,RSD Refrigeration Supplies Distributor:RSD-Special Projects
2026-03-14 00:00:00,2026-02-12 00:00:00,3016,Net 30,2100,"PO Box 2327 Buckley, WA 98321 USA",House Account,Invoice,244713,1,Trimble Mechanical:TBM-Lake Wilderness Community Clubhouse
2026-03-14 00:00:00,2026-02-12 00:00:00,921451,Net 30,-420.95,"Hermanson Company 1221 2nd Ave N Kent, WA 98032",House Account,Credit Memo,237254,1,Hermanson Company:HER-Small Projects
2026-03-15 00:00:00,2026-02-13 00:00:00,2250102,Net 30,82.81,"5108 D Street NW Auburn, WA 98001 USA",House Account,Invoice,245488,1,"Emerald Aire, Inc.:EME-68th & Roosevelt"
2026-03-15 00:00:00,2026-02-13 00:00:00,15393,Net 30,264,"3000 W Illinois St Bellingham, WA 98225 USA",House Account,Invoice,245423-1,1,Blythe Mechanical Inc:BLY-Special Projects
2026-03-15 00:00:00,2026-02-13 00:00:00,9500-1035-237000-1,Net 30,110,"12001 SE 9th Pl, Suite 300 Bellevue, WA 98005 USA",House Account,Invoice,244605,1,Holmberg Company:HOM-Overlook Walk Seattle Waterfront
2026-03-15 00:00:00,2026-02-13 00:00:00,1A4104.010647,Net 30,6058.02,"PO Box 249 Auburn, WA 98071-0249 USA",House Account,Invoice,245233,1,Auburn Mechanical Inc:AUB-UW Haggett Hall
2026-03-15 00:00:00,2026-02-13 00:00:00,Victory Northgate,Net 30,5500,"22129 NE 114th ST Bellevue, WA 98053 USA",House Account,Invoice,245119,1,AMS:AMS-Victory Northgate
2026-03-15 00:00:00,2026-02-13 00:00:00,15393,Net 30,264.8,"3000 W Illinois St Bellingham, WA 98225 USA",House Account,Invoice,245423,1,Blythe Mechanical Inc:BLY-Special Projects
2026-03-15 00:00:00,2026-02-13 00:00:00,Georgetown Music,Net 30,-263.89,"PO Box 3205 Kirkland, WA 98033 USA",House Account,Credit Memo,245516,1,CFM Heating & Cooling Inc:CFM Heating & Cooling GOF
2026-03-15 00:00:00,2026-02-13 00:00:00,63726,Net 30,4105,"PO Box 886 Burlington, WA 98233 USA",House Account,Invoice,244945,1,DK Systems:DK-Pacific Storage Bldgs 1 & 8
2026-03-15 00:00:00,2026-02-13 00:00:00,689495,Net 30,2355,"PO Box 47983 Seattle, WA 98146 USA",,Invoice,244583,,"MacDonald-Miller Facility Solutions, Inc.:MAC-Swedish Medical Center North Tower"
2026-03-15 00:00:00,2026-02-13 00:00:00,30520,Net 30,854.99,"3302 Cedardale Rd, Ste 300 Mount Vernon, WA 98274 USA",,Invoice,245434,,Hoover Commercial Refrigeration Inc
2026-03-15 00:00:00,2026-02-13 00:00:00,1057809-09741,Net 30,3600,"Attn:  Accts Payable 19020 33rd AVE W STE 400 Lynnwood, WA 98036",House Account,Invoice,244544,1,University Mechanical Contractors Inc:UMC-Lynden WWTP Expansion Stage 2
2026-03-15 00:00:00,2026-02-13 00:00:00,Roche fruit,Net 30,8850,"PO Box 3120 2711 S Fifth Ave Union Gap, WA 98903",House Account,Invoice,244810,1,"T & M Of WA, Inc.:T&M-Roche Fruit"
2026-03-15 00:00:00,2026-02-13 00:00:00,4431-237000-2,Net 30,42055,"12001 Southeast 9th Place, Suite 300 Bellevue, WA 98005 USA",House Account,Invoice,243620,1,Holmberg Company:HOM-PCC - 2925 E Madison St
2026-03-15 00:00:00,2026-02-13 00:00:00,KPO00029949,Net 30,973.78,"3436 Airport Dr Bellingham, WA 98226 USA",House Account,Invoice,245114-1,1,Harris Pacific Northwest LLC
2026-03-15 00:00:00,2026-02-13 00:00:00,Madison,Net 30,105,"PO Box 2097 Kirkland, WA 98083 USA",House Account,Invoice,245305,1,"Pacific One Construction, Inc.:PON-2925 E Madison Apt - Seattle"
2026-03-15 00:00:00,2026-02-13 00:00:00,966275,Net 30,125,"11 Prospect Place Port Angeles, WA 98362 USA",House Account,Invoice,245467,1,C E D - Port Angeles
2026-03-15 00:00:00,2026-02-13 00:00:00,3016,Net 30,1750,"PO Box 2327 Buckley, WA 98321 USA",House Account,Invoice,244713-1,1,Trimble Mechanical:TBM-Lake Wilderness Community Clubhouse
2026-03-15 00:00:00,2026-02-13 00:00:00,223-0306-0603,Net 30,1099,"5108 D Street NW Auburn, WA 98001 USA",House Account,Invoice,245436,1,"Emerald Aire, Inc.:EME-228 106th"
2026-03-15 00:00:00,2026-02-13 00:00:00,Lacey Lift Station,Net 30,200,"PO Box 3387 Lacey, WA 98509-3387 USA",House Account,Invoice,245424,1,Capital Heating & Cooling:CAP-Small Projects
2026-03-15 00:00:00,2026-02-13 00:00:00,256033,Net 30,3003.58,"888 E. Walnut St (401856) Pasadena, CA 91101 USA",House Account,Invoice,244407,1,Acco Engineered Systems (401856):ACC-NE 8th Ground Level 01 Retail Suite
2026-03-15 00:00:00,2026-02-13 00:00:00,1st Ave Clubhouse,Net 30,750,"5526 184th Street E Suite A Puyallup, WA 98375",House Account,Invoice,244263,1,Sound Heating And A/C:Sou-1st Avenue Development
2026-03-15 00:00:00,2026-02-13 00:00:00,25460.0051,Net 30,4501.85,"PO BOX 2038 Longview, WA 98632 USA",House Account,Invoice,244500-1,1,"JH Kelly, LLC:JHK-Crossroads Bible Church"
2026-03-15 00:00:00,2026-02-13 00:00:00,PO038339,Net 30,120,"Hermanson Company 1221 2nd Ave N Kent, WA 98032",House Account,Invoice,245001,1,Hermanson Company:HER-Small Projects
2026-03-15 00:00:00,2026-02-13 00:00:00,2525.1,Net 30,105,"27316 NE 10th Ave Ridgefield, WA 98642 USA",House Account,Invoice,245010,1,Columbia Allied Services Inc:COL-Everest Park Restroom Replacement
2026-03-18 00:00:00,2026-02-16 00:00:00,C25-5600,Net 30,3310,"5121 S Burlington Way Tacoma, WA 98409 USA",House Account,Invoice,245274,1,Narrows Heating & Air Cond.:Narrows Heating - Special Projects
2026-03-18 00:00:00,2026-02-16 00:00:00,691722,Net 30,4165,"PO Box 47983 Seattle, WA 98146 USA",House Account,Invoice,245270,1,"MacDonald-Miller Facility Solutions, Inc.:MAC-Swedish Medical Center North Tower"
2026-03-18 00:00:00,2026-02-16 00:00:00,C26-5632,Net 30,385,"5121 S Burlington Way Tacoma, WA 98409 USA",House Account,Invoice,245129,1,Narrows Heating & Air Cond.:NAR-JAX Luxury Salon TI
2026-03-18 00:00:00,2026-02-16 00:00:00,R260198,Net 30,1765,"428 North Pekin Road Woodland, WA 98674 USA",House Account,Invoice,244823,1,Atlas Mechanical Inc.:ATL-5000 12th Ave - Student Housing
2026-03-18 00:00:00,2026-02-16 00:00:00,4496582,Net 30,350,"5233 Auto Center Way Bremerton, WA 98312-3396 USA",House Account,Invoice,245476,1,Platt Electric-Bremerton
2026-03-18 00:00:00,2026-02-16 00:00:00,BM1381,Net 30,16235.6,"9227 Blue Mountain Lane SW, Ste A Tumwater, WA 98512 USA",House Account,Invoice,242546,1,Blue Mountain Mechanical Inc:BLU-JBLM - Building J01214
2026-03-18 00:00:00,2026-02-16 00:00:00,3016,Net 30,2500,"PO Box 2327 Buckley, WA 98321 USA",House Account,Invoice,244928,1,Trimble Mechanical:TBM-Lake Wilderness Community Clubhouse
2026-03-18 00:00:00,2026-02-16 00:00:00,PO038018-1,Net 30,8030,"1221 2nd Ave N Kent, WA 98032 USA",House Account,Invoice,244725,1,Hermanson Company:HER-Boeing 17-06 Two High Speed Spar Mi
2026-03-18 00:00:00,2026-02-16 00:00:00,1S4198.010004,Net 30,5230,"PO Box 249 Auburn, WA 98071-0249 USA",House Account,Invoice,244603,1,Auburn Mechanical Inc:AUB-ASUW Shell House Renovation
2026-03-18 00:00:00,2026-02-16 00:00:00,Swedish North Tower,Net 30,10000,"PO Box 47983 Seattle, WA 98146 USA",House Account,Invoice,244346,1,"MacDonald-Miller Facility Solutions, Inc.:MAC-Swedish Medical Center North Tower"
2026-03-18 00:00:00,2026-02-16 00:00:00,15215,Net 30,10000,"3000 W Illinois St Bellingham, WA 98225 USA",House Account,Invoice,244372-1,1,Blythe Mechanical Inc:BLY-Wilcox Farms
2026-03-18 00:00:00,2026-02-16 00:00:00,205257,Net 30,65,"PO Box 27073 Seattle, WA 98165 USA",House Account,Invoice,244764,1,PSR Mechanical Inc:PSR-Carillon Point Bldg 2000
2026-03-18 00:00:00,2026-02-16 00:00:00,226-002-222-0104,Net 30,900,"5108 D St NW Auburn, WA 98001 USA",House Account,Invoice,245550,1,"Emerald Aire, Inc.:Emerald Aire - Special Projects"
2026-01-13 00:00:00,2025-12-14 00:00:00,022-014,Net 30,550,"22129 NE 114th ST Bellevue, WA 98053 USA",House Account,Invoice,239780-2,1,AMS:AMS-WORP
2026-03-18 00:00:00,2026-02-16 00:00:00,UT8234617,Net 30,460,"645 E Missouri Ave, Suite 205, Phoenix Phoenix, AZ 85012 USA",House Account,Invoice,244681,1,CoolSys Light Commercial Solutions:CoolSys Light - Small Projects
2026-03-19 00:00:00,2026-02-17 00:00:00,Planet Fitness Sammamish,Net 30,1775,"22129 NE 114th Redmond, WA 98053 USA",House Account,Invoice,244669-4,1,AMS:AMS-Planet Fitness Sammamish
2026-03-19 00:00:00,2026-02-17 00:00:00,LM-TSRedmond124,Net 30,496.5,"PO Box 519 Brush Prairie, WA 98606 USA",House Account,Invoice,242688-3,1,Cowdrey Mechanical Systems LLC:CMS-Tractor Supply Redmond
2026-03-19 00:00:00,2026-02-17 00:00:00,13221,Net 30,150,"PO Box 3387 Lacey, WA 98509-3387 USA",House Account,Invoice,245106,1,Capital Heating & Cooling:CAP-Small Projects
2026-03-19 00:00:00,2026-02-17 00:00:00,PF Sammamish,Net 30,615,"22129 NE 114th Redmond, WA 98053 USA",House Account,Invoice,245178,1,AMS:AMS-Planet Fitness Sammamish
2026-03-19 00:00:00,2026-02-17 00:00:00,C25-5600,Net 30,155,"5121 S Burlington Way Tacoma, WA 98409 USA",House Account,Invoice,245193,1,Narrows Heating & Air Cond.:NAR-Titus Building Proctor Project
2026-03-19 00:00:00,2026-02-17 00:00:00,BurlingtonLongview1926,Net 30,2210,"PO Box 519 Brush Prairie, WA 98606 USA",House Account,Invoice,244175-1,1,"Cowdrey Mechanical Systems LLC:CMS-Burlington - Longview, WA"
2026-03-19 00:00:00,2026-02-17 00:00:00,R250255,Net 30,250,"428 North Pekin Road Woodland, WA 98674 USA",House Account,Invoice,243913-3,1,Atlas Mechanical Inc.:ATL-Woodinville Wine Village - Harvest
2026-03-19 00:00:00,2026-02-17 00:00:00,3419533-00,Net 30,2100.01,"26021 Atlantic Ocean Dr Lake Forest, CA 92630 USA",House Account,Invoice,245589,1,RSD Refrigeration Supplies Distributor:RSD-Special Projects
2026-03-19 00:00:00,2026-02-17 00:00:00,4393-237000-8,Net 30,3150,"12001 SE 9th Pl, Suite 300 Bellevue, WA 98005 USA",House Account,Invoice,245027,1,Holmberg Company:HOM-Honda of Bellevue TI
2026-03-19 00:00:00,2026-02-17 00:00:00,OR8238259,Net 30,329.99,"645 E Missouri Ave, Suite 205, Phoenix Phoenix, AZ 85012 USA",House Account,Invoice,245597,1,CoolSys Light Commercial Solutions:CoolSys Light - Small Projects
2026-03-20 00:00:00,2026-02-18 00:00:00,63356,Net 30,468,"PO Box 886 Burlington, WA 98233 USA",House Account,Invoice,245641-1,1,DK Systems:DK-SCFD #4 Fire Station #41
2026-03-20 00:00:00,2026-02-18 00:00:00,4524M17,Net 30,200,"3602 South Pine Street Tacoma, WA 98409 USA",House Account,Invoice,245133,1,Air Systems Engineering Inc:ASE-Savage Warehouse
2026-03-20 00:00:00,2026-02-18 00:00:00,1660-215518,Net 30,1150,"2521 Stevens Drive Richland, WA 99354 USA",House Account,Invoice,241538,1,Total Energy Management:Total Energy Management GOF
2026-03-20 00:00:00,2026-02-18 00:00:00,BMM1371,Net 30,138,"9227 Blue Mountain Lane SW, Ste A Tumwater, WA 98512 USA",House Account,Invoice,245548,1,Blue Mountain Mechanical Inc:BLU-Kia Olympia Wholesale
2026-03-20 00:00:00,2026-02-18 00:00:00,BF928554,Net 30,4040,"727 S Kenyon St Seattle, WA 98108 USA",House Account,Invoice,244257,1,"Evergreen Refrigeration, LLC:Evergreen - Special Projects"
2026-03-20 00:00:00,2026-02-18 00:00:00,63356,Net 30,665.65,"PO Box 886 Burlington, WA 98233 USA",House Account,Invoice,245641,1,DK Systems:DK-SCFD #4 Fire Station #41
2026-03-20 00:00:00,2026-02-18 00:00:00,63980,Net 30,1538.7,"PO Box 886 Burlington, WA 98233 USA",House Account,Invoice,245642,1,DK Systems:DK-Lummi Nation Early Learning Center
2026-03-20 00:00:00,2026-02-18 00:00:00,26042072,Net 30,162,"PO Box 24406 Seattle, WA 98124 USA",House Account,Invoice,245347,1,McKinstry Company:MCK-Artise TI
2026-03-20 00:00:00,2026-02-18 00:00:00,PO038825,Net 30,1218.8,"Hermanson Company 1221 2nd Ave N Kent, WA 98032",House Account,Invoice,245363,1,Hermanson Company:HER-Small Projects
2026-03-20 00:00:00,2026-02-18 00:00:00,12699,Net 30,2500,"PO Box 3387 Lacey, WA 98509-3387 USA",,Invoice,245427,,Capital Heating & Cooling:CAP-EPFR Station 112
2026-03-20 00:00:00,2026-02-18 00:00:00,sp929045,Net 30,171.86,"727 S Kenyon St Seattle, WA 98108 USA",House Account,Invoice,245419,1,"Evergreen Refrigeration, LLC:Evergreen - Special Projects"
2026-03-20 00:00:00,2026-02-18 00:00:00,sp929047,Net 30,171.86,"727 S Kenyon St Seattle, WA 98108 USA",House Account,Invoice,245440,1,"Evergreen Refrigeration, LLC:Evergreen - Special Projects"
2026-03-20 00:00:00,2026-02-18 00:00:00,Columbia City Condos,Net 30,510,"309 S Cloverdale St, Suite D43 Seattle, WA 98108 USA",House Account,Invoice,245443,1,Zip Mechanical:Zip-Columbia City Condos
2026-03-20 00:00:00,2026-02-18 00:00:00,2250102,Net 30,1026,"5108 D Street NW Auburn, WA 98001 USA",House Account,Invoice,245312,1,"Emerald Aire, Inc.:EME-68th & Roosevelt"
2026-03-20 00:00:00,2026-02-18 00:00:00,26035048,Net 30,2007.66,"PO Box 24406 Seattle, WA 98124 USA",House Account,Invoice,244983-2,1,McKinstry Company:MCK-Artise TI
2026-03-20 00:00:00,2026-02-18 00:00:00,1164,Net 30,24845,"11119 Valley Ave E Puyallup, WA 98372 USA",House Account,Invoice,244712-2,1,Phoenix Mechanical Inc:PHO-Pacific Middle School Replacement
2026-03-20 00:00:00,2026-02-18 00:00:00,203181,Net 30,4670,"2625 Reinhardt LN NE STE F Lacey, WA 98516 USA",House Account,Invoice,244518-1,1,Elite Mechanical Services:Eli-Olympic College Bremerton
2026-03-20 00:00:00,2026-02-18 00:00:00,166366-133703,Net 30,550,"Attn: Accts Payable PO Box 67 Mukilteo, WA 98275-4255",House Account,Invoice,245667,1,University Mechanical Contractors Inc:UMC-Small Projects
2026-03-20 00:00:00,2026-02-18 00:00:00,Death & CO,Net 30,139.72,"PO Box 3205 Kirkland, WA 98033 USA",House Account,Invoice,245291-1,1,CFM Heating & Cooling Inc:CFM Heating & Cooling GOF
2026-03-20 00:00:00,2026-02-18 00:00:00,692756,Net 30,15.66,"PO Box 47983 Seattle, WA 98146 USA",House Account,Invoice,245403,1,"MacDonald-Miller Facility Solutions, Inc.:MAC-PSE OTC Puyallup"
2026-03-20 00:00:00,2026-02-18 00:00:00,Lynn Street,Net 30,16.8,"PO Box 2097 Kirkland, WA 98083 USA",House Account,Invoice,245177,1,"Pacific One Construction, Inc.:PON-Lynn Street Apartments"
2026-03-20 00:00:00,2026-02-18 00:00:00,BF928888,Net 30,415,"727 S Kenyon St Seattle, WA 98108 USA",House Account,Invoice,245507,1,"Evergreen Refrigeration, LLC:Evergreen - Special Projects"
2026-03-20 00:00:00,2026-02-18 00:00:00,1K4233.010410,Net 30,275.86,"PO Box 249 Auburn, WA 98071-0249 USA",House Account,Invoice,245439,1,Auburn Mechanical Inc:AUB-TPS Lowell Elementary
2026-03-20 00:00:00,2026-02-18 00:00:00,1K4233.010411,Net 30,837.5,"PO Box 249 Auburn, WA 98071-0249 USA",House Account,Invoice,245428,1,Auburn Mechanical Inc:AUB-TPS Lowell Elementary
2026-03-20 00:00:00,2026-02-18 00:00:00,3419533-00,Net 30,837.68,"26021 Atlantic Ocean Dr Lake Forest, CA 92630 USA",House Account,Invoice,245589B,1,RSD Refrigeration Supplies Distributor:RSD-Special Projects
2026-03-20 00:00:00,2026-02-18 00:00:00,PO039151,Net 30,1605.78,"Hermanson Company 1221 2nd Ave N Kent, WA 98032",House Account,Invoice,245602,1,Hermanson Company:HER-Small Projects
2026-03-20 00:00:00,2026-02-18 00:00:00,1023188-45248,Net 30,320,"4600 S 134th Place Tukwila, WA 98168-3241 USA",,Invoice,245603,,Holaday-Parks Inc:HOL-Seattle Tennis Club
2026-03-20 00:00:00,2026-02-18 00:00:00,1023159-57693,Net 30,164.58,"4600 S 134th Place Tukwila, WA 98168-3241 USA",House Account,Invoice,245558,1,Holaday-Parks Inc:HOL-small projects
2026-03-20 00:00:00,2026-02-18 00:00:00,54372-9891,Net 30,820,"1400 Airport Way South Suite 202 Seattle, WA 98134",House Account,Invoice,245069,1,United Systems Mechanical Inc:USM-Tanager Apartments
2026-03-20 00:00:00,2026-02-18 00:00:00,PO034158,Net 30,4598.86,"1221 2nd Ave N Kent, WA 98032 USA",House Account,Invoice,241571-1,1,Hermanson Company:HER-616 Battery
2026-03-20 00:00:00,2026-02-18 00:00:00,54347-9897,Net 30,1219,"1400 Airport Way South Suite 202 Seattle, WA 98134",House Account,Invoice,245228-1,1,United Systems Mechanical Inc:USM-Wesley Bradley Park Phase 2
2026-03-20 00:00:00,2026-02-18 00:00:00,54391-9897,Net 30,194.58,"1400 Airport Way South Suite 202 Seattle, WA 98134",House Account,Invoice,245498,1,United Systems Mechanical Inc:USM-Wesley Bradley Park Phase 2
2026-03-20 00:00:00,2026-02-18 00:00:00,PO038968 14-25-29543,Net 30,2931.6,"Hermanson Company 1221 2nd Ave N Kent, WA 98032",House Account,Invoice,245478,1,Hermanson Company:HER-Small Projects
2026-03-20 00:00:00,2026-02-18 00:00:00,PO034145,Net 30,3623.42,"1221 2nd Ave N Kent, WA 98032 USA",,Invoice,241525-2,,Hermanson Company:HER-616 Battery
2026-03-21 00:00:00,2026-02-19 00:00:00,13505,Net 30,216,"PO Box 3387 Lacey, WA 98509-3387 USA",,Invoice,245424-1,,Capital Heating & Cooling:CAP-Small Projects
2026-03-21 00:00:00,2026-02-19 00:00:00,2250208001,Net 30,5355,"5108 D Street NW Auburn, WA 98001 USA",House Account,Invoice,245334,1,"Emerald Aire, Inc.:EME-Village At Lake Stevens"
2026-03-21 00:00:00,2026-02-19 00:00:00,2493,Net 30,2259.6,"1223 Valentine Ave SE Pacific, WA 98047 USA",House Account,Invoice,245343,1,Delta Technology Corporation:Delta Technology GOF
2026-03-21 00:00:00,2026-02-19 00:00:00,1G4417.030007,Net 30,10633.5,"PO Box 249 Auburn, WA 98071-0249 USA",House Account,Invoice,245303,1,Auburn Mechanical Inc:AUB-Auburn Mechanical - Small Projects
2026-03-21 00:00:00,2026-02-19 00:00:00,C15251257,Net 30,1252.56,"4102 B Pl NW Auburn, WA 98001 USA",,Invoice,244987,,Universal Refrigeration:Universal Refrig - Special Projects
2026-03-21 00:00:00,2026-02-19 00:00:00,Chick Fil A,Net 30,528.94,"PO Box 3205 Kirkland, WA 98033 USA",House Account,Invoice,245249,1,CFM Heating & Cooling Inc:CFM Heating & Cooling GOF
2026-03-21 00:00:00,2026-02-19 00:00:00,PO038600,Net 30,7260.14,"1221 2nd Ave N Kent, WA 98032 USA",House Account,Invoice,245192,1,Hermanson Company:HER-JPMC RIC
2026-03-21 00:00:00,2026-02-19 00:00:00,2493-2486-635,Net 30,359,"1223 Valentine Ave SE Pacific, WA 98047 USA",House Account,Invoice,244995,1,Delta Technology Corporation:DEL-Oak Heights ES
2026-03-21 00:00:00,2026-02-19 00:00:00,C15251041,Net 30,1212,"4102 B Pl NW Auburn, WA 98001 USA",House Account,Invoice,245148,1,Universal Refrigeration:Universal Refrig - Special Projects
2026-03-21 00:00:00,2026-02-19 00:00:00,3276,Net 30,28,"PO Box 2327 Buckley, WA 98321 USA",House Account,Invoice,245738-1,1,Trimble Mechanical:TBM-Willamette Building
2026-03-21 00:00:00,2026-02-19 00:00:00,54365-9868,Net 30,3240,"1400 Airport Way South Suite 202 Seattle, WA 98134",House Account,Invoice,245420,1,United Systems Mechanical Inc:USM-Trace Apartments
2026-03-21 00:00:00,2026-02-19 00:00:00,54364-9891,Net 30,4590,"1400 Airport Way South Suite 202 Seattle, WA 98134",House Account,Invoice,245418,1,United Systems Mechanical Inc:USM-Tanager Apartments
2026-03-21 00:00:00,2026-02-19 00:00:00,R260365,Net 30,2325,"428 North Pekin Road Woodland, WA 98674 USA",House Account,Invoice,245623,1,Atlas Mechanical Inc.:ATL-5000 12th Ave - Student Housing
2026-03-21 00:00:00,2026-02-19 00:00:00,103421,Net 30,1655,"3000 W Illinois St Bellingham, WA 98225 USA",House Account,Invoice,239125-2,1,Blythe Mechanical Inc:BLY-Mt Baker Power Upgrades
2026-03-21 00:00:00,2026-02-19 00:00:00,Village at 47th MH,Net 30,179.07,"22129 NE 114th Redmond, WA 98053 USA",House Account,Invoice,245180,1,AMS:AMS-Village at 47th
2026-03-21 00:00:00,2026-02-19 00:00:00,689487,Net 30,8445,"PO Box 47983 Seattle, WA 98146 USA",House Account,Invoice,244582,1,"MacDonald-Miller Facility Solutions, Inc.:MAC-Swedish Medical Center North Tower"
2026-03-21 00:00:00,2026-02-19 00:00:00,Trimlite,Net 30,7231.98,"35420 Military Rd So Auburn, WA 98001 USA",House Account,Invoice,245537,1,Diamond Construction Services LLC:DIA-Trimlite
2026-03-21 00:00:00,2026-02-19 00:00:00,Fryar,Net 30,-399,"5121 S Burlington Way Tacoma, WA 98409 USA",House Account,Credit Memo,244661,1,Narrows Heating & Air Cond.:NAR-Fryar Ave Multi Family
2026-03-22 00:00:00,2026-02-20 00:00:00,022-007,Net 30,1800,"22129 NE 114th ST Bellevue, WA 98053 USA",House Account,Invoice,230052-3,1,AMS:AMS-WORP
2026-03-22 00:00:00,2026-02-20 00:00:00,2B4476.000002,Net 30,1735.23,"PO Box 249 Auburn, WA 98071-0249 USA",House Account,Invoice,245574,1,Auburn Mechanical Inc:AUB-Auburn Mechanical - Small Projects
2026-03-22 00:00:00,2026-02-20 00:00:00,26047065,Net 30,1060,"PO Box 24406 Seattle, WA 98124 USA",House Account,Invoice,245546-1,1,McKinstry Company:MCK-Artise TI
2026-03-22 00:00:00,2026-02-20 00:00:00,26047065,Net 30,1716,"PO Box 24406 Seattle, WA 98124 USA",House Account,Invoice,245546,1,McKinstry Company:MCK-Artise TI
2026-03-22 00:00:00,2026-02-20 00:00:00,25460.0088,Net 30,59.02,"PO BOX 2038 Longview, WA 98632 USA",House Account,Invoice,245521,1,"JH Kelly, LLC:JHK-Crossroads Bible Church"
2026-03-22 00:00:00,2026-02-20 00:00:00,SP929049,Net 30,808.3,"727 S Kenyon St Seattle, WA 98108 USA",House Account,Invoice,245542,1,"Evergreen Refrigeration, LLC:Evergreen - Special Projects"
2026-03-22 00:00:00,2026-02-20 00:00:00,2511-2720,Net 30,363,"2428 King George Hwy  Suite102 Surrey, BC V4P 1H5 CANADA",House Account,Invoice,245038-1,1,Ocean Park Mechanical Inc:OCE-ONNI Level 13 Restaurant
2026-03-22 00:00:00,2026-02-20 00:00:00,Bothell Bike Shop,Net 30,633,"1108 8th St Kirkland, WA 98033 USA",House Account,Invoice,245497,1,"Pacific One Construction, Inc.:Pacific One Construction GOF"
2026-03-22 00:00:00,2026-02-20 00:00:00,V-PO000527,Net 30,223.24,"1221 2nd Ave N Kent, WA 98032 USA",House Account,Invoice,244315-1,1,Hermanson Company
2026-03-22 00:00:00,2026-02-20 00:00:00,V-PO000527,Net 30,1344,"1221 2nd Ave N Kent, WA 98032 USA",House Account,Invoice,244315,1,Hermanson Company
2026-03-22 00:00:00,2026-02-20 00:00:00,sp929099,Net 30,219.5,"727 S Kenyon St Seattle, WA 98108 USA",House Account,Invoice,245617,1,"Evergreen Refrigeration, LLC:Evergreen - Special Projects"
2026-03-22 00:00:00,2026-02-20 00:00:00,po039118 16-25-28252,Net 30,1214.04,"Hermanson Company 1221 2nd Ave N Kent, WA 98032",House Account,Invoice,245596,1,Hermanson Company:HER-Small Projects
2026-03-22 00:00:00,2026-02-20 00:00:00,1022875-80161,Net 30,9985,"4600 S 134th Pl Tukwila, WA 98168-3241 USA",House Account,Invoice,245209,1,Holaday-Parks Inc
2026-03-22 00:00:00,2026-02-20 00:00:00,SF8238544,Net 30,179.99,"645 E Missouri Ave, Suite 205, Phoenix Phoenix, AZ 85012 USA",House Account,Invoice,245693,1,CoolSys Light Commercial Solutions:CoolSys Light - Small Projects
2026-03-22 00:00:00,2026-02-20 00:00:00,BF928568,Net 30,500,"727 S Kenyon St, Ste B Seattle, WA 98108 USA",House Account,Invoice,245276,1,"Evergreen Refrigeration, LLC:EVE-Marriott SpringHill Suites Lakewood"
2026-03-22 00:00:00,2026-02-20 00:00:00,124013-10,Net 30,6235,"17683 128th Place NE Woodinville, WA 98072 USA",House Account,Invoice,243915,1,Comfort Systems USA NW:CNW-57th Ballard Apartments
2026-03-22 00:00:00,2026-02-20 00:00:00,124013-10,Net 30,4880,"17683 128th Place NE Woodinville, WA 98072 USA",House Account,Invoice,243909-1,1,Comfort Systems USA NW:CNW-56th Ballard Apartments
2026-03-22 00:00:00,2026-02-20 00:00:00,SP929103,Net 30,643.29,"727 S Kenyon St Seattle, WA 98108 USA",House Account,Invoice,245640,1,"Evergreen Refrigeration, LLC:Evergreen - Special Projects"
2026-03-22 00:00:00,2026-02-20 00:00:00,3573-2517-630,Net 30,550,"1223 Valentine Ave SE Pacific, WA 98047 USA",House Account,Invoice,245416,1,Delta Technology Corporation:DEL-Renton Market & Piazza TI
2026-03-22 00:00:00,2026-02-20 00:00:00,2509-2720,Net 30,138.12,"2428 King George Hwy  Suite102 Surrey, BC V4P 1H5 CANADA",House Account,Invoice,245633,1,Ocean Park Mechanical Inc:OCE-Live Nation TI
2026-03-22 00:00:00,2026-02-20 00:00:00,Parkshore,Net 30,80,"PO Box 2097 Kirkland, WA 98083 USA",House Account,Invoice,245612,1,"Pacific One Construction, Inc.:PON-Parkshore Juanita Bay"
2026-03-22 00:00:00,2026-02-20 00:00:00,Riverside Station,Net 30,54.5,"309 S Cloverdale St, Ste D43 Seattle, WA 98108 USA",House Account,Invoice,245594,1,Zip Mechanical:ZIP-Riverside Station Apartments
2026-03-22 00:00:00,2026-02-20 00:00:00,Riverside Station,Net 30,4968,"309 S Cloverdale St, Ste D43 Seattle, WA 98108 USA",House Account,Invoice,237973-2,1,Zip Mechanical:ZIP-Riverside Station Apartments
2026-03-22 00:00:00,2026-02-20 00:00:00,124013-10,Net 30,22750,"17683 128th Place NE Woodinville, WA 98072 USA",House Account,Invoice,243915-1,1,Comfort Systems USA NW:CNW-57th Ballard Apartments
2026-03-22 00:00:00,2026-02-20 00:00:00,KPO00030195,Net 30,725,"3436 Airport Dr Bellingham, WA 98226 USA",House Account,Invoice,245438,1,Harris Pacific Northwest LLC:HRG-Harris Pacific NW Small Projects
2026-03-22 00:00:00,2026-02-20 00:00:00,26124,Net 30,1115,"8947 Select Court SE Tumwater, WA 98501 USA",House Account,Invoice,245554,1,Olympia Sheet Metal:OSM-Small Projects
2026-03-22 00:00:00,2026-02-20 00:00:00,sp929095,Net 30,200,"727 S Kenyon St Seattle, WA 98108 USA",House Account,Invoice,245675,1,"Evergreen Refrigeration, LLC:Evergreen - Special Projects"
2026-03-22 00:00:00,2026-02-20 00:00:00,11507,Net 30,7084.19,"PO Box 3387 Lacey, WA 98509-3387 USA",House Account,Invoice,243581,1,Capital Heating & Cooling:CAP-JBLM UEPH Barracks
2026-03-22 00:00:00,2026-02-20 00:00:00,PO083176-NQ4463,Net 30,1011.08,"5001 South Zuni Street Littleton, CO 80120 USA",House Account,Invoice,245628NoTx,1,Long Building Technologies
2026-03-22 00:00:00,2026-02-20 00:00:00,1022875-80161,Net 30,4795,"4600 S 134th Pl Tukwila, WA 98168-3241 USA",House Account,Invoice,245220,1,Holaday-Parks Inc
2026-03-22 00:00:00,2026-02-20 00:00:00,1012957-44132,Net 30,900,"4600 S 134th Place Tukwila, WA 98168-3241 USA",House Account,Invoice,244844,1,Holaday-Parks Inc:HOL-Vancouver LDS Temple
2026-03-22 00:00:00,2026-02-20 00:00:00,692974,Net 30,5800,"PO Box 47983 Seattle, WA 98146 USA",House Account,Invoice,245491,1,"MacDonald-Miller Facility Solutions, Inc.:MAC-Swedish Medical Center North Tower"
2026-03-22 00:00:00,2026-02-20 00:00:00,203181,Net 30,1600,"2625 Reinhardt LN NE STE F Lacey, WA 98516 USA",House Account,Invoice,244518-2,1,Elite Mechanical Services:Eli-Olympic College Bremerton
2026-03-22 00:00:00,2026-02-20 00:00:00,53901-9897,Net 30,95,"1400 Airport Way South Suite 202 Seattle, WA 98134",House Account,Invoice,245622,1,United Systems Mechanical Inc:USM-Wesley Bradley Park Phase 2
2026-03-22 00:00:00,2026-02-20 00:00:00,C25-5600,Net 30,885,"5121 S Burlington Way Tacoma, WA 98409 USA",House Account,Invoice,245191,1,Narrows Heating & Air Cond.:NAR-Titus Building Proctor Project
2026-03-22 00:00:00,2026-02-20 00:00:00,C15251041,Net 30,150,"4102 B Pl NW Auburn, WA 98001 USA",House Account,Invoice,245311,1,Universal Refrigeration:Universal Refrig - Special Projects
2026-03-22 00:00:00,2026-02-20 00:00:00,union gap bank,Net 30,1764,"2711 S Fifth Ave Union Gap, WA 98903 USA",House Account,Invoice,245134-2,1,"T & M Of WA, Inc.:T&M-Union Gap Bank"
2026-03-22 00:00:00,2026-02-20 00:00:00,45000970046,Net 30,61470,"3436 Airport Drive Bellingham, WA 98226 USA",House Account,Invoice,243550,1,Harris Pacific Northwest LLC:HRG-Crescent Harbor
2026-03-22 00:00:00,2026-02-20 00:00:00,04523S/M-00031,Net 30,4725,"3602 South Pine Street Tacoma, WA 98409 USA",House Account,Invoice,244984,1,Air Systems Engineering Inc:ASE-Consejo Graham Offices
2026-03-22 00:00:00,2026-02-20 00:00:00,694470,Net 30,225,"PO Box 47983 Seattle, WA 98146 USA",House Account,Invoice,245803,1,"MacDonald-Miller Facility Solutions, Inc.:MAC-Din Tai Fung"
2026-03-22 00:00:00,2026-02-20 00:00:00,24-1334-7-23,Net 30,1360,"2517 Eastlake Ave E  Suite 200 Seattle, WA 98102 USA",House Account,Invoice,245609,1,Custom Mechanical Solutions
2026-03-22 00:00:00,2026-02-20 00:00:00,,Net 30,-40,"9523 19th Ave E Tacoma, WA 98445 USA",House Account,Credit Memo,245619,1,TRS Mechanical Inc:TRS-Morton Elementary School Renovation
2026-03-22 00:00:00,2026-02-20 00:00:00,PO034157,Net 30,-1703.9,"1221 2nd Ave N Kent, WA 98032 USA",House Account,Credit Memo,245821,1,Hermanson Company:HER-616 Battery
2026-03-23 00:00:00,2026-02-21 00:00:00,East Park Bremerton,Net 30,1120,"PO Box 2097 Kirkland, WA 98083 USA",House Account,Invoice,245828,1,"Pacific One Construction, Inc.:PON-East Park Bldg 1 Bremerton"
2026-03-23 00:00:00,2026-02-21 00:00:00,Victory Northgate,Net 30,2050,"22129 NE 114th ST Bellevue, WA 98053 USA",House Account,Invoice,242098-2,1,AMS:AMS-Victory Northgate
2026-03-23 00:00:00,2026-02-21 00:00:00,25353043,Net 30,1420.48,"PO Box 24406 Seattle, WA 98124 USA",House Account,Invoice,243512-2,1,McKinstry Company:MCK-MRJC Detention Center
2026-03-23 00:00:00,2026-02-21 00:00:00,BF928372,Net 30,2180,"727 S Kenyon St Seattle, WA 98108 USA",House Account,Invoice,245831,1,"Evergreen Refrigeration, LLC:Evergreen - Special Projects"
2026-03-23 00:00:00,2026-02-21 00:00:00,East Park Bremerton,Net 30,-1400,"PO Box 2097 Kirkland, WA 98083 USA",House Account,Credit Memo,245827,1,"Pacific One Construction, Inc.:PON-East Park Bldg 1 Bremerton"
2026-03-24 00:00:00,2026-02-22 00:00:00,022-007,Net 30,20,"22129 NE 114th ST Bellevue, WA 98053 USA",House Account,Invoice,230052-2,1,AMS:AMS-WORP
2026-03-25 00:00:00,2026-02-23 00:00:00,KPO00030195,Net 30,3350,"3436 Airport Dr Bellingham, WA 98226 USA",House Account,Invoice,245438-2,1,Harris Pacific Northwest LLC:HRG-Harris Pacific NW Small Projects
2026-03-25 00:00:00,2026-02-23 00:00:00,1022766-90063,Net 30,325,"4600 S 134th Place Tukwila, WA 98168-3241 USA",House Account,Invoice,245075,1,Holaday-Parks Inc:HOL-small projects
2026-03-25 00:00:00,2026-02-23 00:00:00,2402-302,Net 30,7450,"1320 26th Ave NW  #16 Auburn, WA  98001 USA",House Account,Invoice,244009-1,1,"Crescent Mechanical, Inc:CRE-BTC Welding & HVAC Labs (Bates Coll"
2026-03-25 00:00:00,2026-02-23 00:00:00,KPO00030195,Net 30,1925,"3436 Airport Dr Bellingham, WA 98226 USA",House Account,Invoice,245438-1,1,Harris Pacific Northwest LLC:HRG-Harris Pacific NW Small Projects
2026-03-25 00:00:00,2026-02-23 00:00:00,BF928557,Net 30,1760,"727 S Kenyon St Seattle, WA 98108 USA",House Account,Invoice,244829-1,1,"Evergreen Refrigeration, LLC:Evergreen - Special Projects"
2026-03-25 00:00:00,2026-02-23 00:00:00,693735,Net 30,1310,"PO Box 47983 Seattle, WA 98146 USA",House Account,Invoice,245678,1,"MacDonald-Miller Facility Solutions, Inc.:MAC-Swedish Medical Center North Tower"
2026-03-25 00:00:00,2026-02-23 00:00:00,1057809-09741,Net 30,5890,"Attn:  Accts Payable 19020 33rd AVE W STE 400 Lynnwood, WA 98036",House Account,Invoice,244543,1,University Mechanical Contractors Inc:UMC-Lynden WWTP Expansion Stage 2
2026-03-25 00:00:00,2026-02-23 00:00:00,2250704006,Net 30,12245,"5108 D Street NW Auburn, WA 98001 USA",House Account,Invoice,244116,1,"Emerald Aire, Inc.:EME-LIHI 125th - Building 1"
2026-03-25 00:00:00,2026-02-23 00:00:00,C15251041,Net 30,75,"4102 B Pl NW Auburn, WA 98001 USA",House Account,Invoice,245148-1,1,Universal Refrigeration:Universal Refrig - Special Projects
2026-03-25 00:00:00,2026-02-23 00:00:00,BF928563,Net 30,5180,"727 S Kenyon St, Ste B Seattle, WA 98108 USA",House Account,Invoice,244852-3,1,"Evergreen Refrigeration, LLC:EVE-Northsound Logistics"
2026-03-25 00:00:00,2026-02-23 00:00:00,265717,Net 30,650,"888 E. Walnut St (401856) Pasadena, CA 91101 USA",House Account,Invoice,245358,1,Acco Engineered Systems (401856):ACC-SEA143 Redmond East Bldg 2 Phase 2
2026-03-25 00:00:00,2026-02-23 00:00:00,BF928381,Net 30,16095,"727 S Kenyon St, Ste B Seattle, WA 98108 USA",House Account,Invoice,243228-1,1,"Evergreen Refrigeration, LLC:EVE-Cam Clark Evergreen Ford"
2026-03-25 00:00:00,2026-02-23 00:00:00,3016,Net 30,4875,"PO Box 2327 Buckley, WA 98321 USA",House Account,Invoice,244713-2,1,Trimble Mechanical:TBM-Lake Wilderness Community Clubhouse
2026-03-25 00:00:00,2026-02-23 00:00:00,57487340,Net 30,3116,"225 SW 196th Pl Seattle, WA 98166 USA",House Account,Invoice,244275,1,Asa Pacific International
2026-03-25 00:00:00,2026-02-23 00:00:00,3075-80-237000-7,Net 30,2670,"12001 SE 9th Pl, Suite 300 Bellevue, WA 98005 USA",House Account,Invoice,242288,1,Holmberg Company:HOM-Amtrak Maintenance Facilities
2026-03-26 00:00:00,2026-02-24 00:00:00,jm929054,Net 30,425.4,"727 S Kenyon St Seattle, WA 98108 USA",House Account,Invoice,245598,1,"Evergreen Refrigeration, LLC:Evergreen - Special Projects"
2026-03-26 00:00:00,2026-02-24 00:00:00,sp929145,Net 30,100.1,"727 S Kenyon St Seattle, WA 98108 USA",House Account,Invoice,245696,1,"Evergreen Refrigeration, LLC:Evergreen - Special Projects"
2026-03-26 00:00:00,2026-02-24 00:00:00,C15252104,Net 30,59.79,"4102 B Pl NW Auburn, WA 98001 USA",House Account,Invoice,245662,1,Universal Refrigeration:Universal Refrig - Special Projects
2026-03-26 00:00:00,2026-02-24 00:00:00,2S4456.000082,Net 30,663.24,"PO Box 249 Auburn, WA 98071-0249 USA",House Account,Invoice,245690,1,Auburn Mechanical Inc:AUB-Charles Schwab - South Lake WA
2026-03-26 00:00:00,2026-02-24 00:00:00,2250117-0801,Net 30,1617.5,"5108 D St NW Auburn, WA 98001 USA",House Account,Invoice,245687,1,"Emerald Aire, Inc.:Emerald Aire - Special Projects"
2026-03-26 00:00:00,2026-02-24 00:00:00,Mosaic,Net 30,58,"3615 W Mukilteo Blvd Everett, WA 98203 USA",House Account,Invoice,245618,1,Steele Mechanical:STM-Mosaic Apartments Everett
2026-03-26 00:00:00,2026-02-24 00:00:00,13527,Net 30,1670,"PO Box 3387 Lacey, WA 98509-3387 USA",House Account,Invoice,245845,1,Capital Heating & Cooling:CAP-Manzanita Reservoir
2026-03-26 00:00:00,2026-02-24 00:00:00,23784,Net 30,50,"9523 19th Ave E Tacoma, WA 98445 USA",House Account,Invoice,245679,1,TRS Mechanical Inc:TRS-Makah Tribe Health
2026-03-26 00:00:00,2026-02-24 00:00:00,3587-2403-630,Net 30,1030,"1223 Valentine Ave SE Pacific, WA 98047 USA",House Account,Invoice,245646,1,Delta Technology Corporation:DEL-Arlington Operations Center
2026-03-26 00:00:00,2026-02-24 00:00:00,BF928568,Net 30,2488,"727 S Kenyon St, Ste B Seattle, WA 98108 USA",House Account,Invoice,245055,1,"Evergreen Refrigeration, LLC:EVE-Marriott SpringHill Suites Lakewood"
2026-03-26 00:00:00,2026-02-24 00:00:00,2B4476.000005,Net 30,2482.79,"PO Box 249 Auburn, WA 98071-0249 USA",House Account,Invoice,245629,1,Auburn Mechanical Inc:AUB-Auburn Mechanical - Small Projects
2026-03-26 00:00:00,2026-02-24 00:00:00,25460.32.006,Net 30,139.2,"PO BOX 2038 Longview, WA 98632 USA",House Account,Invoice,245733,1,"JH Kelly, LLC:JHK-Crossroads Bible Church"
2026-03-26 00:00:00,2026-02-24 00:00:00,1059603-09241,Net 30,525.4,"Attn:  Accts Payable 19020 33rd AVE W STE 400 Lynnwood, WA 98036",House Account,Invoice,245538,1,University Mechanical Contractors Inc:UMC-Fircrest Rehabilitation Facility
2026-03-26 00:00:00,2026-02-24 00:00:00,025-005,Net 30,690,"22129 NE 114th ST Bellevue, WA 98053 USA",House Account,Invoice,245771,1,AMS:AMS-Victory Northgate
2026-03-26 00:00:00,2026-02-24 00:00:00,PO034153,Net 30,3623.42,"1221 2nd Ave N Kent, WA 98032 USA",House Account,Invoice,241526-1,1,Hermanson Company:HER-616 Battery
2026-03-26 00:00:00,2026-02-24 00:00:00,PO039210,Net 30,567.84,"1221 2nd Ave N Kent, WA 98032 USA",House Account,Invoice,245669,1,Hermanson Company:HER-616 Battery
2026-03-26 00:00:00,2026-02-24 00:00:00,C25-5600,Net 30,942,"5121 S Burlington Way Tacoma, WA 98409 USA",House Account,Invoice,245660,1,Narrows Heating & Air Cond.:Narrows Heating - Special Projects
2026-03-26 00:00:00,2026-02-24 00:00:00,1023244-81123,Net 30,508.14,"4600 S 134th Place Tukwila, WA 98168-3241 USA",House Account,Invoice,245665,1,"Holaday-Parks Inc:HOL-SWA5 - Tukwila, WA (AMZ Warehouse)"
2026-03-26 00:00:00,2026-02-24 00:00:00,56th Ballard Apartments,Net 30,1125,"17683 128th Place NE Woodinville, WA 98072 USA",House Account,Invoice,245610,1,Comfort Systems USA NW:CNW-56th Ballard Apartments
2026-03-26 00:00:00,2026-02-24 00:00:00,KOZ Wetmore,Net 30,8500,"3615 W Mukilteo Blvd Everett, WA 98203 USA",House Account,Invoice,244392,1,Steele Mechanical:STM-KOZ Wetmore Everett
2026-03-26 00:00:00,2026-02-24 00:00:00,WORP,Net 30,434.31,"22129 NE 114th ST Bellevue, WA 98053 USA",House Account,Invoice,245682,1,AMS:AMS-WORP
2026-03-26 00:00:00,2026-02-24 00:00:00,WORP,Net 30,250,"22129 NE 114th ST Bellevue, WA 98053 USA",House Account,Invoice,245682-1,1,AMS:AMS-WORP
2026-03-26 00:00:00,2026-02-24 00:00:00,Wesley Homes Des Moines,Net 30,1000.4,"1400 Airport Way S Suite 202 Seattle, WA 98134",House Account,Invoice,245635,1,United Systems Mechanical Inc:USM-Wesley Homes Des Moines
2026-03-26 00:00:00,2026-02-24 00:00:00,164th Ave Residential - W,Net 30,420,"22129 NE 114th ST Bellevue, WA 98053 USA",House Account,Invoice,237525,1,AMS:AMS-WORP
2026-03-26 00:00:00,2026-02-24 00:00:00,11343,Net 30,800,"PO Box 3387 Lacey, WA 98509-3387 USA",House Account,Invoice,245607,1,Capital Heating & Cooling:CAP-Yelm Water Reclamation Facility Ph2
2026-03-26 00:00:00,2026-02-24 00:00:00,R260335,Net 30,2575,"428 North Pekin Road Woodland, WA 98674 USA",House Account,Invoice,245547,1,Atlas Mechanical Inc.:ATL-Woodinville Wine Village - Harvest
2026-03-26 00:00:00,2026-02-24 00:00:00,PO038663,Net 30,7600,"Hermanson Company 1221 2nd Ave N Kent, WA 98032",House Account,Invoice,245252,1,Hermanson Company:HER-Small Projects
2026-03-26 00:00:00,2026-02-24 00:00:00,Trimlite,Net 30,47800,"35420 Military Rd So Auburn, WA 98001 USA",House Account,Invoice,245537-1,1,Diamond Construction Services LLC:DIA-Trimlite
2026-03-27 00:00:00,2026-02-25 00:00:00,C15251041,Net 30,45,"4102 B Pl NW Auburn, WA 98001 USA",House Account,Invoice,245148-2,1,Universal Refrigeration:Universal Refrig - Special Projects
2026-03-27 00:00:00,2026-02-25 00:00:00,PO038762 15-26-30513,Net 30,807,"1221 2nd Ave N Kent, WA 98032 USA",House Account,Invoice,244856,1,Hermanson Company:HER-Two Union Square
2026-03-27 00:00:00,2026-02-25 00:00:00,Parkshore,Net 30,133.72,"PO Box 2097 Kirkland, WA 98083 USA",House Account,Invoice,245695,1,"Pacific One Construction, Inc.:PON-Parkshore Juanita Bay"
2026-03-27 00:00:00,2026-02-25 00:00:00,25683.0005,Net 30,652.14,"PO BOX 2038 Longview, WA 98632 USA",House Account,Invoice,245692,1,"JH Kelly, LLC:JHK-Special Projects"
2026-03-27 00:00:00,2026-02-25 00:00:00,Death & CO,Net 30,88.5,"PO Box 3205 Kirkland, WA 98033 USA",House Account,Invoice,245291-3,1,CFM Heating & Cooling Inc:CFM Heating & Cooling GOF
2026-03-27 00:00:00,2026-02-25 00:00:00,Death & CO,Net 30,285.66,"PO Box 3205 Kirkland, WA 98033 USA",House Account,Invoice,245291-2,1,CFM Heating & Cooling Inc:CFM Heating & Cooling GOF
2026-03-27 00:00:00,2026-02-25 00:00:00,Death & CO,Net 30,228,"PO Box 3205 Kirkland, WA 98033 USA",House Account,Invoice,245291-4,1,CFM Heating & Cooling Inc:CFM Heating & Cooling GOF
2026-03-27 00:00:00,2026-02-25 00:00:00,Death & CO,Net 30,66.02,"PO Box 3205 Kirkland, WA 98033 USA",House Account,Invoice,245291-5,1,CFM Heating & Cooling Inc:CFM Heating & Cooling GOF
2026-03-27 00:00:00,2026-02-25 00:00:00,2B4476.000007,Net 30,59.28,"PO Box 249 Auburn, WA 98071-0249 USA",House Account,Invoice,245800,1,Auburn Mechanical Inc:AUB-Auburn Mechanical - Small Projects
2026-03-27 00:00:00,2026-02-25 00:00:00,2250602,Net 30,481.2,"5108 D Street NW Auburn, WA 98001 USA",House Account,Invoice,245807,1,"Emerald Aire, Inc.:EME-Rejuvenate Apartments"
2026-03-27 00:00:00,2026-02-25 00:00:00,Riverside Station,Net 30,7452,"309 S Cloverdale St, Ste D43 Seattle, WA 98108 USA",House Account,Invoice,237973-3,1,Zip Mechanical:ZIP-Riverside Station Apartments
2026-03-27 00:00:00,2026-02-25 00:00:00,po038666,Net 30,1055.11,"Hermanson Company 1221 2nd Ave N Kent, WA 98032",House Account,Invoice,245232-1,1,Hermanson Company:HER-Small Projects
2026-03-27 00:00:00,2026-02-25 00:00:00,Cherry Street,Net 30,32,"PO Box 3205 Kirkland, WA 98033 USA",House Account,Invoice,245847,1,CFM Heating & Cooling Inc:CFM Heating & Cooling GOF
2026-03-27 00:00:00,2026-02-25 00:00:00,po039118 16-25-28252,Net 30,194,"Hermanson Company 1221 2nd Ave N Kent, WA 98032",House Account,Invoice,245596-1,1,Hermanson Company:HER-Small Projects
2026-03-27 00:00:00,2026-02-25 00:00:00,PO039513,Net 30,438.16,"Hermanson Company 1221 2nd Ave N Kent, WA 98032",House Account,Invoice,245973,1,Hermanson Company:HER-Small Projects
2026-03-27 00:00:00,2026-02-25 00:00:00,54244-9868,Net 30,55.5,"1400 Airport Way South Suite 202 Seattle, WA 98134",House Account,Invoice,245949-2,1,United Systems Mechanical Inc:USM-Trace Apartments
2026-03-27 00:00:00,2026-02-25 00:00:00,54244-9868,Net 30,347.87,"1400 Airport Way South Suite 202 Seattle, WA 98134",House Account,Invoice,245949,1,United Systems Mechanical Inc:USM-Trace Apartments
2026-03-27 00:00:00,2026-02-25 00:00:00,25105.0007,Net 30,1295.55,"PO BOX 2038 Longview, WA 98632 USA",House Account,Invoice,245915,1,"JH Kelly, LLC:JHK-Special Projects"
2026-03-27 00:00:00,2026-02-25 00:00:00,Federal Way,Net 30,390.54,"1108 8th St Kirkland, WA 98033 USA",House Account,Invoice,245951,1,"Pacific One Construction, Inc.:Pacific One Construction GOF"
2026-03-27 00:00:00,2026-02-25 00:00:00,PO039548,Net 30,282.94,"Hermanson Company 1221 2nd Ave N Kent, WA 98032",House Account,Invoice,245938,1,Hermanson Company:HER-Small Projects
2026-03-27 00:00:00,2026-02-25 00:00:00,Columbia City Condos,Net 30,77,"309 S Cloverdale St, Suite D43 Seattle, WA 98108 USA",House Account,Invoice,245920,1,Zip Mechanical:Zip-Columbia City Condos
2026-03-27 00:00:00,2026-02-25 00:00:00,BF928557,Net 30,-270,"727 S Kenyon St Seattle, WA 98108 USA",House Account,Credit Memo,245836,1,"Evergreen Refrigeration, LLC:Evergreen - Special Projects"
2026-03-28 00:00:00,2026-02-26 00:00:00,04537/M-00039,Net 30,1000,"3602 S Pine St Tacoma, WA 98409 USA",House Account,Invoice,245339,1,Air Systems Engineering Inc:ASE-Air Systems - Small Projects
2026-03-28 00:00:00,2026-02-26 00:00:00,238651,Net 30,2335,"888 E. Walnut St (401856) Pasadena, CA 91101 USA",House Account,Invoice,243239,1,Acco Engineered Systems (401856):ACC-Axis 9 Level 4
2026-03-28 00:00:00,2026-02-26 00:00:00,56379-44310,Net 30,575,"PO Box 249 Auburn, WA 98071-0249 USA",House Account,Invoice,245924,1,Auburn Mechanical Inc:AUB-Auburn Mechanical - Small Projects
2026-03-28 00:00:00,2026-02-26 00:00:00,2872904,Net 30,3306,"6626 Tacoma Mall Blvd Ste B Tacoma, WA 98409 USA",House Account,Invoice,244893-1,1,Bargreen Ellingson:Bar-Bottega - 640 Woodlands Lacey WA -
2026-03-28 00:00:00,2026-02-26 00:00:00,2297-130-25,Net 30,16590,"7509 Grange St W Lakewood, WA 98499 USA",House Account,Invoice,244470-1,1,Five Star Mechanical:Fiv-Grade Road Self Storage
2026-04-27 00:00:00,2026-02-26 00:00:00,KOZ Wetmore,Net 60,4500,"3615 W Mukilteo Blvd Everett, WA 98203 USA",House Account,Invoice,244348,1,Steele Mechanical:STM-KOZ Wetmore Everett
2026-03-28 00:00:00,2026-02-26 00:00:00,13122,Net 30,22580,"PO Box 3387 Lacey, WA 98509-3387 USA",House Account,Invoice,244157-2,1,Capital Heating & Cooling:CAP-Maple Lane Expansion P2
2026-03-28 00:00:00,2026-02-26 00:00:00,15503,Net 30,475,"3000 W Illinois St Bellingham, WA 98225 USA",House Account,Invoice,245988,1,Blythe Mechanical Inc:Blythe - Special Projects
2026-03-28 00:00:00,2026-02-26 00:00:00,12349,Net 30,800,"5108 D St NW Auburn, WA 98001 USA",House Account,Invoice,245967,1,"Emerald Aire, Inc.:Emerald Aire - Special Projects"
2026-03-28 00:00:00,2026-02-26 00:00:00,PO# 166529-133798,Net 30,250,"Attn: Accts Payable PO Box 67 Mukilteo, WA 98275-4255",House Account,Invoice,245944,1,University Mechanical Contractors Inc:UMC-Small Projects
2026-03-28 00:00:00,2026-02-26 00:00:00,Mosaic & VMP,Net 30,300,"3615 W Mukilteo Blvd Everett, WA 98203 USA",House Account,Invoice,246054,1,Steele Mechanical:STM-Special Projects
2026-03-28 00:00:00,2026-02-26 00:00:00,23759,Net 30,805,"9523 19th Ave E Tacoma, WA 98445 USA",House Account,Invoice,245587,1,TRS Mechanical Inc:TRS-Sumner Operations Facility Phase 3
2026-03-28 00:00:00,2026-02-26 00:00:00,23696,Net 30,2358.7,"9523 19th Ave E Tacoma, WA 98445 USA",House Account,Invoice,245317,1,TRS Mechanical Inc:TRS-Special Projects
2026-03-28 00:00:00,2026-02-26 00:00:00,T-154,Net 30,6280,"2100 196th Street SW Suite 123 Lynnwood, WA 98036",House Account,Invoice,245736,1,Pacific Mechanical Systems:PMS-Alderwood Water & Wastewater
2026-03-28 00:00:00,2026-02-26 00:00:00,54347-9897,Net 30,4342,"1400 Airport Way South Suite 202 Seattle, WA 98134",House Account,Invoice,245228-2,1,United Systems Mechanical Inc:USM-Wesley Bradley Park Phase 2
2026-03-28 00:00:00,2026-02-26 00:00:00,Wesley Bradley Park Phase,Net 30,7820,"1400 Airport Way South Suite 202 Seattle, WA 98134",House Account,Invoice,235840,1,United Systems Mechanical Inc:USM-Wesley Bradley Park Phase 2
2026-03-28 00:00:00,2026-02-26 00:00:00,2872904,Net 30,360,"6626 Tacoma Mall Blvd Ste B Tacoma, WA 98409 USA",House Account,Invoice,246077,1,Bargreen Ellingson:Bar-Bottega - 640 Woodlands Lacey WA -
2026-03-28 00:00:00,2026-02-26 00:00:00,322070,Net 30,860,"PO Box 2708 Ferndale, WA 98248 USA",House Account,Invoice,244815-1,1,Andgar Mechanical LLC:ANG-Granary Harcourt Building B
2026-03-28 00:00:00,2026-02-26 00:00:00,693735,Net 30,5190,"PO Box 47983 Seattle, WA 98146 USA",House Account,Invoice,245678-1,1,"MacDonald-Miller Facility Solutions, Inc.:MAC-Swedish Medical Center North Tower"
2026-03-28 00:00:00,2026-02-26 00:00:00,305910,Net 30,370,"1420 Maple Ave SW Renton, WA 98057 USA",House Account,Invoice,245744,1,Vital Mechanical Service:Vit-TerraPower
2026-03-29 00:00:00,2026-02-27 00:00:00,23219.0179,Net 30,427.84,"PO BOX 2038 Longview, WA 98632 USA",House Account,Invoice,246097,1,"JH Kelly, LLC:JHK-Special Projects"
2026-03-29 00:00:00,2026-02-27 00:00:00,25577.0026,Net 30,187,"PO BOX 2038 Longview, WA 98632 USA",House Account,Invoice,246096,1,"JH Kelly, LLC:JHK-Special Projects"
2026-03-29 00:00:00,2026-02-27 00:00:00,PO039710,Net 30,418.12,"Hermanson Company 1221 2nd Ave N Kent, WA 98032",House Account,Invoice,246088,1,Hermanson Company:HER-Small Projects
2026-03-29 00:00:00,2026-02-27 00:00:00,266712,Net 30,42.07,"888 E. Walnut St (401856) Pasadena, CA 91101 USA",House Account,Invoice,245745,1,Acco Engineered Systems (401856):ACC-SEA99
2026-03-29 00:00:00,2026-02-27 00:00:00,60940805,Net 30,45.36,"888 E. Walnut St (401856) Pasadena, CA 91101 USA",House Account,Invoice,246067,1,Acco Engineered Systems (401856):ACC-SEA99
2026-03-29 00:00:00,2026-02-27 00:00:00,266712,Net 30,43.26,"888 E. Walnut St (401856) Pasadena, CA 91101 USA",House Account,Invoice,245905,1,Acco Engineered Systems (401856):ACC-SEA99
2026-03-29 00:00:00,2026-02-27 00:00:00,266712,Net 30,110,"888 E. Walnut St (401856) Pasadena, CA 91101 USA",House Account,Invoice,245905-1,1,Acco Engineered Systems (401856):ACC-SEA99
2026-03-29 00:00:00,2026-02-27 00:00:00,266712,Net 30,145.03,"888 E. Walnut St (401856) Pasadena, CA 91101 USA",House Account,Invoice,245905-2,1,Acco Engineered Systems (401856):ACC-SEA99
2026-03-29 00:00:00,2026-02-27 00:00:00,54423-9891,Net 30,173.55,"1400 Airport Way South Suite 202 Seattle, WA 98134",House Account,Invoice,246081,1,United Systems Mechanical Inc:USM-Tanager Apartments
2026-03-29 00:00:00,2026-02-27 00:00:00,54244-9868,Net 30,62.8,"1400 Airport Way South Suite 202 Seattle, WA 98134",House Account,Invoice,246045,1,United Systems Mechanical Inc:USM-Trace Apartments
2026-03-29 00:00:00,2026-02-27 00:00:00,2J4501.000005,Net 30,1170.61,"PO Box 249 Auburn, WA 98071-0249 USA",House Account,Invoice,246039,1,Auburn Mechanical Inc:AUB-Auburn Mechanical - Small Projects
2026-03-29 00:00:00,2026-02-27 00:00:00,P12049-762366,Net 30,41.18,"16372 177th Ave SE Monroe, WA 98272 USA",House Account,Invoice,246038,1,Johansen Mechanical:Johansen - Special Projects
2026-03-29 00:00:00,2026-02-27 00:00:00,PO039499,Net 30,573.5,"1221 2nd Ave N Kent, WA 98032 USA",,Invoice,245885,,Hermanson Company:HER-616 Battery
2026-03-29 00:00:00,2026-02-27 00:00:00,PO034157,Net 30,3623.42,"1221 2nd Ave N Kent, WA 98032 USA",,Invoice,241527-2,,Hermanson Company:HER-616 Battery
2026-03-29 00:00:00,2026-02-27 00:00:00,04546/M-00014,Net 30,2793,"3602 S Pine St Tacoma, WA 98409 USA",,Invoice,245757,,Air Systems Engineering Inc:ASE-Air Systems - Small Projects
2026-03-29 00:00:00,2026-02-27 00:00:00,2509-2720,Net 30,209.19,"2428 King George Hwy  Suite102 Surrey, BC V4P 1H5 CANADA",House Account,Invoice,246016,1,Ocean Park Mechanical Inc:OCE-Live Nation TI
2026-03-29 00:00:00,2026-02-27 00:00:00,3573-2517-630,Net 30,1200,"1223 Valentine Ave SE Pacific, WA 98047 USA",House Account,Invoice,245989,1,Delta Technology Corporation:DEL-Renton Market & Piazza TI
2026-03-29 00:00:00,2026-02-27 00:00:00,2511-2720,Net 30,425.99,"2428 King George Hwy  Suite102 Surrey, BC V4P 1H5 CANADA",House Account,Invoice,246010,1,Ocean Park Mechanical Inc:OCE-ONNI Level 13 Restaurant
2026-03-29 00:00:00,2026-02-27 00:00:00,Victory Northgate,Net 30,1600,"22129 NE 114th ST Bellevue, WA 98053 USA",,Invoice,245119-2,,AMS:AMS-Victory Northgate
2026-03-29 00:00:00,2026-02-27 00:00:00,64072,Net 30,4781.42,"PO Box 886 Burlington, WA 98233 USA",House Account,Invoice,245977,1,DK Systems:DK -Special Projects
2026-03-29 00:00:00,2026-02-27 00:00:00,1A4104.010666,Net 30,2979.62,"PO Box 249 Auburn, WA 98071-0249 USA",House Account,Invoice,245956,1,Auburn Mechanical Inc:AUB-UW Haggett Hall
2026-03-29 00:00:00,2026-02-27 00:00:00,1G4417.030018,Net 30,2635,"PO Box 249 Auburn, WA 98071-0249 USA",House Account,Invoice,245965,1,Auburn Mechanical Inc:AUB-Auburn Mechanical - Small Projects
2026-03-29 00:00:00,2026-02-27 00:00:00,1K4233.010422,Net 30,90.96,"PO Box 249 Auburn, WA 98071-0249 USA",House Account,Invoice,245966,1,Auburn Mechanical Inc:AUB-TPS Lowell Elementary
2026-03-29 00:00:00,2026-02-27 00:00:00,17704B,Net 30,56,"615 C-1 N Wenatchee Ave Wenatchee, WA 98801 USA",House Account,Invoice,246150,1,The Salcido Connection Inc.:Salcido - Special Projects
2026-03-29 00:00:00,2026-02-27 00:00:00,2648,Net 30,478.92,"PO Box 2327 Buckley, WA 98321 USA",House Account,Invoice,246105,1,Trimble Mechanical:TBM-Premier Storage Maple Valley
2026-03-29 00:00:00,2026-02-27 00:00:00,9500-1035-237000-1,Net 30,-110,"12001 SE 9th Pl, Suite 300 Bellevue, WA 98005 USA",House Account,Credit Memo,246153,1,Holmberg Company:HOM-Overlook Walk Seattle Waterfront
2026-03-29 00:00:00,2026-02-27 00:00:00,54428-9922,Net 30,246.1,"1400 Airport Way S Suite 202 Seattle, WA 98134",House Account,Invoice,245635-1,1,United Systems Mechanical Inc:USM-Wesley Homes Des Moines
2026-03-29 00:00:00,2026-02-27 00:00:00,54428-9922,Net 30,237.33,"1400 Airport Way S Suite 202 Seattle, WA 98134",House Account,Invoice,245635-2,1,United Systems Mechanical Inc:USM-Wesley Homes Des Moines
2026-03-29 00:00:00,2026-02-27 00:00:00,54428-9922,Net 30,24.38,"1400 Airport Way S Suite 202 Seattle, WA 98134",House Account,Invoice,245635-3,1,United Systems Mechanical Inc:USM-Wesley Homes Des Moines
2026-03-29 00:00:00,2026-02-27 00:00:00,PO038602-1 21-25-27284,Net 30,490,"1221 2nd Ave N Kent, WA 98032 USA",House Account,Invoice,245430,1,Hermanson Company:HER-Snoqualmie Valley Health SVH MOB Ph
2026-03-29 00:00:00,2026-02-27 00:00:00,3573-2517-630,Net 30,1945,"1223 Valentine Ave SE Pacific, WA 98047 USA",House Account,Invoice,245352,1,Delta Technology Corporation:DEL-Renton Market & Piazza TI
2026-03-29 00:00:00,2026-02-27 00:00:00,406837,Net 30,818,"5210 Lacey Boulevard SE Lacey, WA 98503 USA",House Account,Invoice,246173,1,Sunset Air:SUN-PTOI Housing Project
2026-03-29 00:00:00,2026-02-27 00:00:00,PO039603 15-25-26895,Net 30,2146.08,"1221 2nd Ave N Kent, WA 98032 USA",House Account,Invoice,245990,1,Hermanson Company:HER-JPMC RIC
2026-03-29 00:00:00,2026-02-27 00:00:00,166390-131913,Net 30,149.8,"Attn: Accts Payable PO Box 67 Mukilteo, WA 98275-4255",House Account,Invoice,246184-1,1,University Mechanical Contractors Inc:UMC-Small Projects
2026-03-29 00:00:00,2026-02-27 00:00:00,166390-131913,Net 30,1118.06,"Attn: Accts Payable PO Box 67 Mukilteo, WA 98275-4255",House Account,Invoice,246184,1,University Mechanical Contractors Inc:UMC-Small Projects
2026-03-29 00:00:00,2026-02-27 00:00:00,205629,Net 30,208.12,"PO Box 27073 Seattle, WA 98165 USA",House Account,Invoice,246156,1,PSR Mechanical Inc:PSR-Small Projects
2026-03-29 00:00:00,2026-02-27 00:00:00,PO039654 15-26-30419,Net 30,807,"1221 2nd Ave N Kent, WA 98032 USA",House Account,Invoice,246138,1,Hermanson Company:HER-Two Union Square
2026-03-29 00:00:00,2026-02-27 00:00:00,2925 Madison,Net 30,484,"PO Box 2097 Kirkland, WA 98083 USA",House Account,Invoice,246135,1,"Pacific One Construction, Inc.:PON-2925 E Madison Apt - Seattle"
2026-03-29 00:00:00,2026-02-27 00:00:00,203344,Net 30,425,"2625 Reinhardt LN NE STE F Lacey, WA 98516 USA",House Account,Invoice,245942,1,Elite Mechanical Services:Eli-GH Part
2026-03-29 00:00:00,2026-02-27 00:00:00,Parkshore,Net 30,66,"PO Box 2097 Kirkland, WA 98083 USA",House Account,Invoice,246133,1,"Pacific One Construction, Inc.:PON-Parkshore Juanita Bay"
2026-03-29 00:00:00,2026-02-27 00:00:00,Inventory Stock,Net 30,7903.5,"3400 Yonkers Rd Ste 110 Raleigh, NC 27604 USA",House Account,Invoice,246187,1,Air Carolinas
2026-03-29 00:00:00,2026-02-27 00:00:00,25460.0098,Net 30,52.4,"PO BOX 2038 Longview, WA 98632 USA",House Account,Invoice,246033,1,"JH Kelly, LLC:JHK-Crossroads Bible Church"
2026-03-29 00:00:00,2026-02-27 00:00:00,54391-9897,Net 30,23.22,"1400 Airport Way South Suite 202 Seattle, WA 98134",House Account,Invoice,245498-1,1,United Systems Mechanical Inc:USM-Wesley Bradley Park Phase 2
2026-03-29 00:00:00,2026-02-27 00:00:00,54420-9897,Net 30,250.24,"1400 Airport Way South Suite 202 Seattle, WA 98134",House Account,Invoice,246003,1,United Systems Mechanical Inc:USM-Wesley Bradley Park Phase 2
2026-03-29 00:00:00,2026-02-27 00:00:00,sp929191,Net 30,9.62,"727 S Kenyon St Seattle, WA 98108 USA",House Account,Invoice,245971,1,"Evergreen Refrigeration, LLC:Evergreen - Special Projects"
2026-03-29 00:00:00,2026-02-27 00:00:00,Snow Peak,Net 30,261.92,"1202 Main Street Sumner, WA 98390 USA",House Account,Invoice,245987-1,1,Tapps Electric
2026-03-29 00:00:00,2026-02-27 00:00:00,Snow Peak,Net 30,79.65,"1202 Main Street Sumner, WA 98390 USA",House Account,Invoice,245987,1,Tapps Electric
2026-03-29 00:00:00,2026-02-27 00:00:00,235212,Net 30,7910,"888 E. Walnut St (401856) Pasadena, CA 91101 USA",House Account,Invoice,244819,1,Acco Engineered Systems (401856):ACC-Redmond East Building 3 SEA135
2026-03-29 00:00:00,2026-02-27 00:00:00,1S4198.010004,Net 30,5130,"PO Box 249 Auburn, WA 98071-0249 USA",House Account,Invoice,244599,1,Auburn Mechanical Inc:AUB-ASUW Shell House Renovation
2026-03-29 00:00:00,2026-02-27 00:00:00,4423-237000-1,Net 30,80.18,"12001 SE 9th Pl, Suite 300 Bellevue, WA 98005 USA",House Account,Invoice,246044,1,Holmberg Company:HOM-Special Projects
2026-03-29 00:00:00,2026-02-27 00:00:00,118631,Net 30,3600,"7010 S 188th St Kent, WA 98032 USA",House Account,Invoice,245993,1,Shinn Mechanical Inc:Shi-Special Projects
2026-03-29 00:00:00,2026-02-27 00:00:00,04538/M-00003,Net 30,880,"3602 S Pine St Tacoma, WA 98409 USA",House Account,Invoice,245590,1,Air Systems Engineering Inc:ASE-Air Systems - Small Projects
2026-03-29 00:00:00,2026-02-27 00:00:00,A250408504,Net 30,275,"5108 D St NW Auburn, WA 98001 USA",House Account,Invoice,245500,1,"Emerald Aire, Inc.:Emerald Aire - Special Projects"
2026-03-29 00:00:00,2026-02-27 00:00:00,A250811509,Net 30,195,"5108 D Street NW Auburn, WA 98001 USA",House Account,Invoice,245508,1,"Emerald Aire, Inc.:EME-Cultivate Apartments"
2026-03-29 00:00:00,2026-02-27 00:00:00,2250502002,Net 30,29265,"5108 D Street NW Auburn, WA 98001 USA",House Account,Invoice,241352,1,"Emerald Aire, Inc.:EME-Riverfront Building C"
2026-03-29 00:00:00,2026-02-27 00:00:00,693457,Net 30,1550,"PO Box 47983 Seattle, WA 98146 USA",House Account,Invoice,245674,1,"MacDonald-Miller Facility Solutions, Inc.:MAC-Swedish Medical Center North Tower"
2026-03-29 00:00:00,2026-02-27 00:00:00,PO025716-1,Net 30,1025.02,"1221 2nd Ave N Kent, WA 98032 USA",House Account,Invoice,235905-12,1,Hermanson Company:HER-616 Battery
2026-03-29 00:00:00,2026-02-27 00:00:00,PO025716-1,Net 30,1025.02,"1221 2nd Ave N Kent, WA 98032 USA",House Account,Invoice,235905-13,1,Hermanson Company:HER-616 Battery
2026-03-29 00:00:00,2026-02-27 00:00:00,71134,Net 30,365,"PO BOX 2038 Longview, WA 98632 USA",House Account,Invoice,245383,1,"JH Kelly, LLC:JHK-Special Projects"
2026-03-29 00:00:00,2026-02-27 00:00:00,PO025716-1,Net 30,1025.02,"1221 2nd Ave N Kent, WA 98032 USA",House Account,Invoice,235905-11,1,Hermanson Company:HER-616 Battery
2026-03-29 00:00:00,2026-02-27 00:00:00,025-012,Net 30,480,"22129 NE 114th ST Bellevue, WA 98053 USA",House Account,Invoice,245717,1,AMS:AMS-Victory Northgate
2026-03-29 00:00:00,2026-02-27 00:00:00,4526M15,Net 30,7605,"3602 South Pine Street Tacoma, WA 98409 USA",House Account,Invoice,245489,1,Air Systems Engineering Inc:ASE-Embassy Suites Roof Equipment Retro
2026-03-29 00:00:00,2026-02-27 00:00:00,3553-2511-635,Net 30,2000,"1223 Valentine Ave SE Pacific, WA 98047 USA",House Account,Invoice,242150-1,1,Delta Technology Corporation:DEL-Evergreen School South Campus
2026-03-29 00:00:00,2026-02-27 00:00:00,BF928567,Net 30,1450,"727 S Kenyon St Seattle, WA 98108 USA",House Account,Invoice,244827-1,1,"Evergreen Refrigeration, LLC:Evergreen - Special Projects"
2026-03-29 00:00:00,2026-02-27 00:00:00,13527,Net 30,675,"PO Box 3387 Lacey, WA 98509-3387 USA",House Account,Invoice,245843,1,Capital Heating & Cooling:CAP-Manzanita Reservoir
2026-03-29 00:00:00,2026-02-27 00:00:00,1011171-80161,Net 30,16015,"4600 S 134th Pl Tukwila, WA 98168-3241 USA",House Account,Invoice,243888,1,Holaday-Parks Inc
2026-03-29 00:00:00,2026-02-27 00:00:00,205679,Net 30,200,"PO Box 27073 Seattle, WA 98165 USA",House Account,Invoice,246144,1,PSR Mechanical Inc:PSR-Small Projects
2026-03-29 00:00:00,2026-02-27 00:00:00,PO205657,Net 30,584,"PO Box 27073 Seattle, WA 98165 USA",House Account,Invoice,246123,1,PSR Mechanical Inc:PSR-Small Projects
2026-01-29 00:00:00,2025-12-30 00:00:00,2025-25-02,Net 30,195,"2100 196th St SW #122 Lynnwood, WA 98036 USA",House Account,Invoice,243137-1,1,DB Solutions:DB-West Seattle Stadium ADA Update
2026-01-29 00:00:00,2025-12-30 00:00:00,LM-TSRedmond124,Net 30,1158.5,"PO Box 519 Brush Prairie, WA 98606 USA",House Account,Invoice,242688-2,1,Cowdrey Mechanical Systems LLC:CMS-Tractor Supply Redmond
2026-01-29 00:00:00,2025-12-30 00:00:00,19615,Net 30,2928.33,"501 Virginia Street Bellingham, WA 98225 USA",House Account,Invoice,237352,1,Feller Heating & Air Cond.:Fel-Snohomish Readiness Center Add
2026-01-30 00:00:00,2025-12-31 00:00:00,2344,Net 30,144,"PO Box 2327 Buckley, WA 98321 USA",House Account,Invoice,243596,1,Trimble Mechanical:TBM-Premier Storage Maple Valley
2026-01-30 00:00:00,2025-12-31 00:00:00,Kendrick Landing,Net 30,118,"5526 184th Street East Suite A Puyallup, WA 98375",House Account,Invoice,243508,1,Sound Heating And A/C:Sou-Lakewood Apartments Kendrick Landing
2026-01-30 00:00:00,2025-12-31 00:00:00,Kittitas,Net 30,240,"5526 184th Street E Suite A Puyallup, WA 98375",House Account,Invoice,243505,1,Sound Heating And A/C:Sou-Kittitas Depot Historic Preservation
2026-01-30 00:00:00,2025-12-31 00:00:00,3108,Net 30,1710.22,"PO Box 2327 Buckley, WA 98321 USA",House Account,Invoice,242989,1,Trimble Mechanical:TBM-Carbonado SD Energy Services
2026-01-30 00:00:00,2025-12-31 00:00:00,2648,Net 30,608.18,"PO Box 2327 Buckley, WA 98321 USA",House Account,Invoice,239281,1,Trimble Mechanical:TBM-Premier Storage Maple Valley
2026-01-30 00:00:00,2025-12-31 00:00:00,LM-12/8/25-PortlandTracto,Net 30,720,"PO Box 519 Brush Prairie, WA 98606 USA",House Account,Invoice,242930,1,Cowdrey Mechanical Systems LLC:CMS-Cowdrey T.S
2026-01-30 00:00:00,2025-12-31 00:00:00,Mud Mountain Pump House,Net 30,1550,"5526 184th Street E Suite A Puyallup, WA 98375",House Account,Invoice,242078-3,1,Sound Heating And A/C:Sou-Mud Mountain Pump House
2026-01-30 00:00:00,2025-12-31 00:00:00,Polaris,Net 30,530.78,"22129 NE 114th Redmond, WA 98053 USA",House Account,Invoice,242513-1,1,AMS:AMS-Polaris at Totem Lake
2026-02-01 00:00:00,2026-01-02 00:00:00,R250028,Net 30,3205,"428 North Pekin Road Woodland, WA 98674 USA",,Invoice,242734,,Atlas Mechanical Inc.:ATL-Woodinville Wine Village - Harvest
2026-02-04 00:00:00,2026-01-05 00:00:00,Owens II,Net 30,2585,"1425 N Roosevelt Seaside, OR 97138 USA",,Invoice,242611-1,,Diamond Heating:DIA-Owens II Astoria
2026-02-04 00:00:00,2026-01-05 00:00:00,26791,Net 30,-657.5,"1222 46th Avenue East Fife, WA 98424 USA",House Account,Credit Memo,243655,1,Hoover Commercial Refrigeration & Mechani:HCR-Fogo de Chao
2026-02-04 00:00:00,2026-01-05 00:00:00,2909,Net 30,182.89,"PO Box 2327 Buckley, WA 98321 USA",House Account,Invoice,243525,1,Trimble Mechanical:TBM-Kirkland Supportive Housing
2026-02-04 00:00:00,2026-01-05 00:00:00,OR8231029,Net 30,450,"645 E Missouri Ave, Suite 205, Phoenix Phoenix, AZ 85012 USA",House Account,Invoice,243645,1,CoolSys Light Commercial Solutions:CoolSys Light - Small Projects
2026-02-05 00:00:00,2026-01-06 00:00:00,49842,Net 30,295,"6146 Portal Way Ferndale, WA 98248-9363 USA",House Account,Invoice,237184-1,1,Smith Mechanical
2026-02-05 00:00:00,2026-01-06 00:00:00,Kendrick,Net 30,250,"5526 184th Street East Suite A Puyallup, WA 98375",House Account,Invoice,243612,1,Sound Heating And A/C:Sou-Lakewood Apartments Kendrick Landing
2026-02-05 00:00:00,2026-01-06 00:00:00,Kendrick,Net 30,119.79,"5526 184th Street East Suite A Puyallup, WA 98375",House Account,Invoice,243649,1,Sound Heating And A/C:Sou-Lakewood Apartments Kendrick Landing
2026-02-06 00:00:00,2026-01-07 00:00:00,,Net 30,27.39,"22129 NE 114th ST Bellevue, WA 98053 USA",House Account,Invoice,243745-2,1,AMS:AMS-Victory Northgate
2026-02-06 00:00:00,2026-01-07 00:00:00,,Net 30,562.54,"22129 NE 114th ST Bellevue, WA 98053 USA",House Account,Invoice,243745,1,AMS:AMS-Victory Northgate
2026-02-06 00:00:00,2026-01-07 00:00:00,R250088,Net 30,102623.5,"428 North Pekin Road Woodland, WA 98674",House Account,Invoice,243071,1,Atlas Mechanical Inc.:ATL-Village Green
2026-02-06 00:00:00,2026-01-07 00:00:00,OR8231417,Net 30,39,"645 E Missouri Ave, Suite 205, Phoenix Phoenix, AZ 85012 USA",House Account,Invoice,243726,1,CoolSys Light Commercial Solutions:CoolSys Light - Small Projects
2026-02-06 00:00:00,2026-01-07 00:00:00,OR8231420,Net 30,39,"645 E Missouri Ave, Suite 205, Phoenix Phoenix, AZ 85012 USA",House Account,Invoice,243742,1,CoolSys Light Commercial Solutions:CoolSys Light - Small Projects
2026-02-06 00:00:00,2026-01-07 00:00:00,2648,Net 30,23.84,"PO Box 2327 Buckley, WA 98321 USA",House Account,Invoice,243642-2,1,Trimble Mechanical:TBM-Premier Storage Maple Valley
2026-02-06 00:00:00,2026-01-07 00:00:00,2648,Net 30,494.41,"PO Box 2327 Buckley, WA 98321 USA",House Account,Invoice,243642,1,Trimble Mechanical:TBM-Premier Storage Maple Valley
2026-02-06 00:00:00,2026-01-07 00:00:00,SP928616,Net 30,28.86,"727 S Kenyon St Seattle, WA 98108 USA",House Account,Invoice,243640,1,"Evergreen Refrigeration, LLC:Evergreen - Special Projects"
2026-02-06 00:00:00,2026-01-07 00:00:00,Sound Insulation M&M,Net 30,45,"3615 W Mukilteo Blvd Everett, WA 98203 USA",House Account,Invoice,242900,1,Steele Mechanical:STM-Port of Seattle Sound Insulation
2026-02-07 00:00:00,2026-01-08 00:00:00,PO030127-3,Net 30,19900,"1221 2nd Ave N Kent, WA 98032 USA",House Account,Invoice,239077-1,1,Hermanson Company:HER-Honouliuli WWTP
2026-02-07 00:00:00,2026-01-08 00:00:00,BF927845,Net 30,2250,"727 S Kenyon St, Ste B Seattle, WA 98108 USA",House Account,Invoice,241610,1,"Evergreen Refrigeration, LLC:EVE-Trader Joes #293 Woodinville"
2026-02-08 00:00:00,2026-01-09 00:00:00,PO036749-1,Net 30,1815,"1221 2nd Ave N Kent, WA 98032 USA",House Account,Invoice,243621,1,Hermanson Company:HER-BECU Neighborhood Financial Center
2026-02-08 00:00:00,2026-01-09 00:00:00,sp928667,Net 30,2163.98,"727 S Kenyon St Seattle, WA 98108 USA",House Account,Invoice,243816,1,"Evergreen Refrigeration, LLC:Evergreen - Special Projects"
2026-02-08 00:00:00,2026-01-09 00:00:00,1157,Net 30,18.06,"11119 Valley Ave E Puyallup, WA 98372 USA",House Account,Invoice,243868,1,Phoenix Mechanical Inc:PHO-Norman Rockwell ES
2026-02-08 00:00:00,2026-01-09 00:00:00,2909,Net 30,35,"PO Box 2327 Buckley, WA 98321 USA",House Account,Invoice,243781,1,Trimble Mechanical:TBM-Kirkland Supportive Housing
2026-02-08 00:00:00,2026-01-09 00:00:00,2509-2720,Net 30,181.92,"2428 King George Hwy  Suite102 Surrey, BC V4P 1H5 CANADA",House Account,Invoice,243812,1,Ocean Park Mechanical Inc:OCE-Live Nation TI
2026-02-08 00:00:00,2026-01-09 00:00:00,Polaris,Net 30,210.2,"22129 NE 114th Redmond, WA 98053 USA",House Account,Invoice,243789,1,AMS:AMS-Polaris at Totem Lake
2026-02-08 00:00:00,2026-01-09 00:00:00,Polaris at Totem Lake,Net 30,111.2,"22129 NE 114th Redmond, WA 98053 USA",House Account,Invoice,243698-1,1,AMS:AMS-Polaris at Totem Lake
2026-02-08 00:00:00,2026-01-09 00:00:00,Polaris at Totem Lake,Net 30,24,"22129 NE 114th Redmond, WA 98053 USA",House Account,Invoice,243698,1,AMS:AMS-Polaris at Totem Lake
2026-02-08 00:00:00,2026-01-09 00:00:00,2511-2775,Net 30,198.6,"2428 King George Hwy  Suite102 Surrey, BC V4P 1H5 CANADA",House Account,Invoice,243776,1,Ocean Park Mechanical Inc:OCE-ONNI Level 13 Restaurant
2026-02-08 00:00:00,2026-01-09 00:00:00,Mosaic apartments,Net 30,430,"3615 W Mukilteo Blvd Everett, WA 98203 USA",House Account,Invoice,243599,1,Steele Mechanical:STM-Mosaic Apartments Everett
2026-02-08 00:00:00,2026-01-09 00:00:00,PO036949,Net 30,21.57,"1221 2nd Ave N Kent, WA 98032 USA",House Account,Invoice,243799-1,1,Hermanson Company:HER-616 Battery
2026-02-08 00:00:00,2026-01-09 00:00:00,PO036949,Net 30,925.3,"1221 2nd Ave N Kent, WA 98032 USA",House Account,Invoice,243799,1,Hermanson Company:HER-616 Battery
2026-02-08 00:00:00,2026-01-09 00:00:00,PO033161,Net 30,3996.12,"1221 2nd Ave N Kent, WA 98032 USA",House Account,Invoice,240836-2,1,Hermanson Company:HER-616 Battery
2026-02-08 00:00:00,2026-01-09 00:00:00,OR8231385,Net 30,556,"645 E Missouri Ave, Suite 205, Phoenix Phoenix, AZ 85012 USA",House Account,Invoice,243724,1,CoolSys Light Commercial Solutions:CoolSys Light - Small Projects
2026-02-08 00:00:00,2026-01-09 00:00:00,PO036930,Net 30,340.96,"Hermanson Company 1221 2nd Ave N Kent, WA 98032",House Account,Invoice,243727,1,Hermanson Company:HER-Small Projects
2026-02-08 00:00:00,2026-01-09 00:00:00,PO036944,Net 30,183.9,"Hermanson Company 1221 2nd Ave N Kent, WA 98032",House Account,Invoice,243759,1,Hermanson Company:HER-Small Projects
2026-02-08 00:00:00,2026-01-09 00:00:00,WORP - Kolter,Net 30,192,"22129 NE 114th ST Bellevue, WA 98053 USA",House Account,Invoice,243561-2,1,AMS:AMS-WORP
2026-02-08 00:00:00,2026-01-09 00:00:00,WORP - Kolter,Net 30,156.72,"22129 NE 114th ST Bellevue, WA 98053 USA",House Account,Invoice,243561-1,1,AMS:AMS-WORP
2026-02-08 00:00:00,2026-01-09 00:00:00,Polaris Totem Lake Blake,Net 30,1350.72,"22129 NE 114th Redmond, WA 98053 USA",House Account,Invoice,243268-1,1,AMS:AMS-Polaris at Totem Lake
2026-02-08 00:00:00,2026-01-09 00:00:00,030-005,Net 30,7800,"22129 NE 114th Redmond, WA 98053 USA",House Account,Invoice,243647,1,AMS:AMS-Village at 47th
2026-02-08 00:00:00,2026-01-09 00:00:00,PO033172,Net 30,1232,"1221 2nd Ave N Kent, WA 98032 USA",House Account,Invoice,240867-1,1,Hermanson Company:HER-616 Battery
2026-02-08 00:00:00,2026-01-09 00:00:00,PO033172,Net 30,3331.66,"1221 2nd Ave N Kent, WA 98032 USA",House Account,Invoice,240867,1,Hermanson Company:HER-616 Battery
2026-02-08 00:00:00,2026-01-09 00:00:00,PO030718,Net 30,1704,"1221 2nd Ave N Kent, WA 98032 USA",House Account,Invoice,239939,1,Hermanson Company:HER-616 Battery
2026-02-08 00:00:00,2026-01-09 00:00:00,PO036989-1,Net 30,3080,"1221 2nd Ave N Kent, WA 98032 USA",House Account,Invoice,243848,1,Hermanson Company:HER-616 Battery
2026-02-08 00:00:00,2026-01-09 00:00:00,Sound Insulation M&M,Net 30,675,"3615 W Mukilteo Blvd Everett, WA 98203 USA",House Account,Invoice,242900-1,1,Steele Mechanical:STM-Port of Seattle Sound Insulation
2026-02-11 00:00:00,2026-01-12 00:00:00,22736,Net 30,1515,"9523 19th Ave E Tacoma, WA 98445 USA",House Account,Invoice,240588-1,1,TRS Mechanical Inc:TRS-Morton Elementary School Renovation
2026-02-11 00:00:00,2026-01-12 00:00:00,Victory Northgate,Net 30,295,"22129 NE 114th ST Bellevue, WA 98053 USA",,Invoice,239427,,AMS:AMS-Victory Northgate
2026-02-11 00:00:00,2026-01-12 00:00:00,244204,Net 30,3300,"888 E. Walnut St (401856) Pasadena, CA 91101 USA",,Invoice,241989,,Acco Engineered Systems (401856):ACC-Lake Washington SD - Eastlake HS
2026-02-11 00:00:00,2026-01-12 00:00:00,3577-2406-630,Net 30,6300,"1223 Valentine Ave SE Pacific, WA 98047 USA",House Account,Invoice,242350,1,Delta Technology Corporation:DEL-Big Picture School Bellevue
2026-02-11 00:00:00,2026-01-12 00:00:00,683073,Net 30,9725,"PO Box 47983 Seattle, WA 98146 USA",House Account,Invoice,243487,1,"MacDonald-Miller Facility Solutions, Inc.:MAC-Swedish Medical Center North Tower"
2026-02-12 00:00:00,2026-01-13 00:00:00,KPO00028604,Net 30,10555,"3436 Airport Drive Bellingham, WA 98226 USA",House Account,Invoice,242711,1,Harris Pacific Northwest LLC:HRG-Cowlitz County Hall of Justice
2026-02-12 00:00:00,2026-01-13 00:00:00,BF928381,Net 30,580,"727 S Kenyon St, Ste B Seattle, WA 98108 USA",House Account,Invoice,243228,1,"Evergreen Refrigeration, LLC:EVE-Cam Clark Evergreen Ford"
2026-02-12 00:00:00,2026-01-13 00:00:00,30622,Net 30,5000,"12314 134th Ct NE Redmond, WA 98052 USA",House Account,Invoice,242088,1,"Morgan Mechanical, LLC"
2026-02-12 00:00:00,2026-01-13 00:00:00,3167,Net 30,650,"PO Box 2327 Buckley, WA 98321 USA",House Account,Invoice,244053,1,Trimble Mechanical:TBM-Vashon Community Food Bank
2026-02-12 00:00:00,2026-01-13 00:00:00,2491,Net 30,1932,"1223 Valentine Ave SE Pacific, WA 98047 USA",House Account,Invoice,243820,1,Delta Technology Corporation:Delta Technology GOF
2026-02-12 00:00:00,2026-01-13 00:00:00,WORP - Kolter,Net 30,250,"22129 NE 114th ST Bellevue, WA 98053 USA",House Account,Invoice,243561,1,AMS:AMS-WORP
2026-02-12 00:00:00,2026-01-13 00:00:00,BF928363,Net 30,153,"727 S Kenyon St Seattle, WA 98108 USA",House Account,Invoice,243223,1,"Evergreen Refrigeration, LLC:Evergreen - Special Projects"
2026-02-12 00:00:00,2026-01-13 00:00:00,BF928200,Net 30,2040,"727 S Kenyon St Seattle, WA 98108 USA",House Account,Invoice,242952,1,"Evergreen Refrigeration, LLC:Evergreen - Special Projects"
2026-02-12 00:00:00,2026-01-13 00:00:00,PO037144,Net 30,321.28,"Hermanson Company 1221 2nd Ave N Kent, WA 98032",House Account,Invoice,243918,1,Hermanson Company:HER-Small Projects
2026-02-12 00:00:00,2026-01-13 00:00:00,2648,Net 30,183.77,"PO Box 2327 Buckley, WA 98321 USA",House Account,Invoice,243906,1,Trimble Mechanical:TBM-Premier Storage Maple Valley
2026-02-12 00:00:00,2026-01-13 00:00:00,sp928678,Net 30,1404.82,"727 S Kenyon St Seattle, WA 98108 USA",House Account,Invoice,243862,1,"Evergreen Refrigeration, LLC:Evergreen - Special Projects"
2026-02-12 00:00:00,2026-01-13 00:00:00,PO037090,Net 30,35.38,"1221 2nd Ave N Kent, WA 98032 USA",House Account,Invoice,243893-1,1,Hermanson Company:HER-HealthPoint Tukwila - Health and We
2026-02-12 00:00:00,2026-01-13 00:00:00,PO037090,Net 30,4945,"1221 2nd Ave N Kent, WA 98032 USA",House Account,Invoice,243893,1,Hermanson Company:HER-HealthPoint Tukwila - Health and We
2026-02-12 00:00:00,2026-01-13 00:00:00,685729,Net 30,6854,"PO Box 47983 Seattle, WA 98146 USA",House Account,Invoice,243973,1,"MacDonald-Miller Facility Solutions, Inc.:MAC-Port of Tacoma"
2026-02-12 00:00:00,2026-01-13 00:00:00,2A4394.000002,Net 30,958.46,"PO Box 249 Auburn, WA 98071-0249 USA",House Account,Invoice,243917,1,Auburn Mechanical Inc:AUB-Bellevue College Building C-Student
2026-02-12 00:00:00,2026-01-13 00:00:00,3577-2406-630,Net 30,13650,"1223 Valentine Ave SE Pacific, WA 98047 USA",House Account,Invoice,242355,1,Delta Technology Corporation:DEL-Big Picture School Bellevue
2026-02-12 00:00:00,2026-01-13 00:00:00,PO036599-2,Net 30,2429,"Hermanson Company 1221 2nd Ave N Kent, WA 98032",House Account,Invoice,243531,1,Hermanson Company:HER-Small Projects
2026-02-12 00:00:00,2026-01-13 00:00:00,S8161JG,Net 30,579.99,"PO Box 11252 Portland, OR 97211 USA",House Account,Invoice,244026,1,TMFS:TMFS - GOF
2026-02-12 00:00:00,2026-01-13 00:00:00,WORP - Bryce - EWH,Net 30,990,"22129 NE 114th ST Bellevue, WA 98053 USA",House Account,Invoice,243048,1,AMS:AMS-WORP
2026-02-13 00:00:00,2026-01-14 00:00:00,PO030127-3,Net 30,5700,"1221 2nd Ave N Kent, WA 98032 USA",House Account,Invoice,239077-2,1,Hermanson Company:HER-Honouliuli WWTP
2026-02-13 00:00:00,2026-01-14 00:00:00,Kittitas,Net 30,130,"5526 184th Street E Suite A Puyallup, WA 98375",House Account,Invoice,243667,1,Sound Heating And A/C:Sou-Kittitas Depot Historic Preservation
2026-02-13 00:00:00,2026-01-14 00:00:00,R250235,Net 30,3325,"428 North Pekin Road Woodland, WA 98674",House Account,Invoice,243785,1,Atlas Mechanical Inc.:ATL-Village Green
2026-02-13 00:00:00,2026-01-14 00:00:00,2352-001,Net 30,554.54,"1642 Navy Yard Highway West Bremerton, WA 98312 USA",House Account,Invoice,244025,1,"Miller Sheetmetal, Inc.:MIL-Granite Falls WWTF"
2026-02-13 00:00:00,2026-01-14 00:00:00,118730,Net 30,235,"1711 Port Dr Burlington, WA 98233 USA",House Account,Invoice,244094,1,"R & H Mechanical, Inc.:R&H-Special Projects"
2026-02-15 00:00:00,2026-01-16 00:00:00,PO037205,Net 30,218,"Hermanson Company 1221 2nd Ave N Kent, WA 98032",House Account,Invoice,243964,1,Hermanson Company:HER-Small Projects
2026-02-15 00:00:00,2026-01-16 00:00:00,2511-2720,Net 30,56.12,"2428 King George Hwy  Suite102 Surrey, BC V4P 1H5 CANADA",House Account,Invoice,244049,1,Ocean Park Mechanical Inc:OCE-ONNI Level 13 Restaurant
2026-02-15 00:00:00,2026-01-16 00:00:00,sp928714,Net 30,206.62,"727 S Kenyon St Seattle, WA 98108 USA",House Account,Invoice,244114,1,"Evergreen Refrigeration, LLC:Evergreen - Special Projects"
2026-02-15 00:00:00,2026-01-16 00:00:00,PO037344,Net 30,693,"Hermanson Company 1221 2nd Ave N Kent, WA 98032",House Account,Invoice,244110,1,Hermanson Company:HER-Small Projects
2026-02-15 00:00:00,2026-01-16 00:00:00,PO037345,Net 30,70.75,"Hermanson Company 1221 2nd Ave N Kent, WA 98032",House Account,Invoice,244112-2,1,Hermanson Company:HER-Small Projects
2026-02-15 00:00:00,2026-01-16 00:00:00,PO037345,Net 30,297.9,"Hermanson Company 1221 2nd Ave N Kent, WA 98032",House Account,Invoice,244112,1,Hermanson Company:HER-Small Projects
2026-02-15 00:00:00,2026-01-16 00:00:00,60940766,Net 30,58.86,"888 E. Walnut St (401856) Pasadena, CA 91101 USA",House Account,Invoice,244079,1,Acco Engineered Systems (401856):ACC-Turner Office
2026-02-15 00:00:00,2026-01-16 00:00:00,jm928652,Net 30,47.91,"727 S Kenyon St Seattle, WA 98108 USA",House Account,Invoice,244041,1,"Evergreen Refrigeration, LLC:Evergreen - Special Projects"
2026-02-15 00:00:00,2026-01-16 00:00:00,PO033214,Net 30,3623.42,"1221 2nd Ave N Kent, WA 98032 USA",House Account,Invoice,240865-2,1,Hermanson Company:HER-616 Battery
2026-02-15 00:00:00,2026-01-16 00:00:00,Polaris Totem Lake Blake,Net 30,137,"22129 NE 114th Redmond, WA 98053 USA",House Account,Invoice,243268-3,1,AMS:AMS-Polaris at Totem Lake
2026-02-15 00:00:00,2026-01-16 00:00:00,PO037205,Net 30,1062.2,"Hermanson Company 1221 2nd Ave N Kent, WA 98032",House Account,Invoice,243964-2,1,Hermanson Company:HER-Small Projects
2026-02-15 00:00:00,2026-01-16 00:00:00,PO034168,Net 30,1704,"1221 2nd Ave N Kent, WA 98032 USA",House Account,Invoice,242270,1,Hermanson Company:HER-616 Battery
2026-02-15 00:00:00,2026-01-16 00:00:00,PO034137,Net 30,4598.86,"1221 2nd Ave N Kent, WA 98032 USA",House Account,Invoice,241523-1,1,Hermanson Company:HER-616 Battery
2026-02-15 00:00:00,2026-01-16 00:00:00,PO036948-1,Net 30,615,"1221 2nd Ave N Kent, WA 98032 USA",House Account,Invoice,243983,1,Hermanson Company:HER-North Basin Restroom and Laundry Re
2026-02-15 00:00:00,2026-01-16 00:00:00,PO036948-1,Net 30,425,"1221 2nd Ave N Kent, WA 98032 USA",House Account,Invoice,243884,1,Hermanson Company:HER-North Basin Restroom and Laundry Re
2026-02-15 00:00:00,2026-01-16 00:00:00,PO036948-1,Net 30,670,"1221 2nd Ave N Kent, WA 98032 USA",House Account,Invoice,243884-1,1,Hermanson Company:HER-North Basin Restroom and Laundry Re
2026-02-16 00:00:00,2026-01-17 00:00:00,OR380896,Net 30,1949.86,"645 E Missouri Ave, Suite 205, Phoenix Phoenix, AZ 85012 USA",House Account,Invoice,243975,1,CoolSys Light Commercial Solutions:CoolSys Light - Small Projects
2026-02-16 00:00:00,2026-01-17 00:00:00,258553,Net 30,56560,"888 E. Walnut St (401856) Pasadena, CA 91101 USA",House Account,Invoice,242818,1,Acco Engineered Systems (401856):ACC-Sound Transit - KSAI Parking
2026-02-16 00:00:00,2026-01-17 00:00:00,BF928540,Net 30,2400,"727 S Kenyon St, Ste B Seattle, WA 98108 USA",House Account,Invoice,243447,1,"Evergreen Refrigeration, LLC:EVE-Kiddie Academy Bridgeport"
2026-02-16 00:00:00,2026-01-17 00:00:00,3573-2517-630,Net 30,4965,"1223 Valentine Ave SE Pacific, WA 98047 USA",House Account,Invoice,243133,1,Delta Technology Corporation:DEL-Renton Market & Piazza TI
2026-02-16 00:00:00,2026-01-17 00:00:00,PO037367,Net 30,250,"Hermanson Company 1221 2nd Ave N Kent, WA 98032",House Account,Invoice,244135,1,Hermanson Company:HER-Small Projects
2026-02-16 00:00:00,2026-01-17 00:00:00,256033,Net 30,14525,"888 E. Walnut St (401856) Pasadena, CA 91101 USA",House Account,Invoice,242452-1,1,Acco Engineered Systems (401856):ACC-NE 8th Ground Level 01 Suite C
2026-02-16 00:00:00,2026-01-17 00:00:00,OR8232918,Net 30,179.99,"645 E Missouri Ave, Suite 205, Phoenix Phoenix, AZ 85012 USA",House Account,Invoice,244091,1,CoolSys Light Commercial Solutions:CoolSys Light - Small Projects
2026-02-16 00:00:00,2026-01-17 00:00:00,1021793-55264,Net 30,70,"4600 S 134th Place Tukwila, WA 98168-3241 USA",House Account,Invoice,243855,1,Holaday-Parks Inc:HOL-small projects
2026-02-16 00:00:00,2026-01-17 00:00:00,1021801-63374,Net 30,261,"4600 S 134th Place Tukwila, WA 98168-3241 USA",House Account,Invoice,243764-1,1,Holaday-Parks Inc:HOL-small projects
2026-02-16 00:00:00,2026-01-17 00:00:00,1157-323,Net 30,12695,"11119 Valley Ave E Puyallup, WA 98372 USA",House Account,Invoice,242336,1,Phoenix Mechanical Inc:PHO-Norman Rockwell ES
2026-02-18 00:00:00,2026-01-19 00:00:00,685719,Net 30,6281,"PO Box 47983 Seattle, WA 98146 USA",,Invoice,243815,,"MacDonald-Miller Facility Solutions, Inc.:MAC-Port of Tacoma"
2026-02-18 00:00:00,2026-01-19 00:00:00,3174,Net 30,216.88,"PO Box 2327 Buckley, WA 98321 USA",House Account,Invoice,244178,1,Trimble Mechanical:TBM-Premier Storage Maple Valley
2026-02-18 00:00:00,2026-01-19 00:00:00,PO037385,Net 30,2815.22,"Hermanson Company 1221 2nd Ave N Kent, WA 98032",House Account,Invoice,244160-1,1,Hermanson Company:HER-Small Projects
2026-02-18 00:00:00,2026-01-19 00:00:00,sp928757,Net 30,20.02,"727 S Kenyon St Seattle, WA 98108 USA",House Account,Invoice,244233,1,"Evergreen Refrigeration, LLC:Evergreen - Special Projects"
2026-02-18 00:00:00,2026-01-19 00:00:00,17704B,Net 30,111,"615 C-1 N Wenatchee Ave Wenatchee, WA 98801 USA",House Account,Invoice,244331,1,The Salcido Connection Inc.:Salcido - Special Projects
2026-02-18 00:00:00,2026-01-19 00:00:00,1022130-55273,Net 30,44,"4600 S 134th Place Tukwila, WA 98168-3241 USA",House Account,Invoice,244183,1,Holaday-Parks Inc:HOL-McKinley Elementary School
2026-02-18 00:00:00,2026-01-19 00:00:00,PO037385,Net 30,328.3,"Hermanson Company 1221 2nd Ave N Kent, WA 98032",House Account,Invoice,244160,1,Hermanson Company:HER-Small Projects
2026-02-18 00:00:00,2026-01-19 00:00:00,PO036948-1,Net 30,2000,"1221 2nd Ave N Kent, WA 98032 USA",House Account,Invoice,243878,1,Hermanson Company:HER-North Basin Restroom and Laundry Re
2026-02-18 00:00:00,2026-01-19 00:00:00,23517-214053,Net 30,126.19,"2521 Stevens Drive Richland, WA 99354 USA",House Account,Invoice,243935,1,Total Energy Management:TOT-Bridgeport Elementary School Modern
2026-02-18 00:00:00,2026-01-19 00:00:00,PO 30761,Net 30,254.99,"12314 134th Ct NE Redmond, WA 98052 USA",House Account,Invoice,244296,1,"Morgan Mechanical, LLC"
2026-02-18 00:00:00,2026-01-19 00:00:00,Reber Ranch,Net 30,900,"5526 184th Street E Suite A Puyallup, WA 98375",House Account,Invoice,243773,1,Sound Heating And A/C:Sou-Reber Ranch
2026-02-18 00:00:00,2026-01-19 00:00:00,686316,Net 30,175,"PO Box 47983 Seattle, WA 98146 USA",House Account,Invoice,244245,1,"MacDonald-Miller Facility Solutions, Inc.:MAC-MHS Auburn Infrastructure Upgrades"
2026-02-18 00:00:00,2026-01-19 00:00:00,R250255,Net 30,250,"428 North Pekin Road Woodland, WA 98674 USA",House Account,Invoice,243913,1,Atlas Mechanical Inc.:ATL-Woodinville Wine Village - Harvest
2026-02-19 00:00:00,2026-01-20 00:00:00,PO036948-1,Net 30,2015,"1221 2nd Ave N Kent, WA 98032 USA",House Account,Invoice,243834,1,Hermanson Company:HER-North Basin Restroom and Laundry Re
2026-02-19 00:00:00,2026-01-20 00:00:00,685555,Net 30,441,"PO Box 47983 Seattle, WA 98146 USA",House Account,Invoice,243790,1,"MacDonald-Miller Facility Solutions, Inc.:MAC-MHS Auburn Infrastructure Upgrades"
2026-02-19 00:00:00,2026-01-20 00:00:00,258553,Net 30,8150,"888 E. Walnut St (401856) Pasadena, CA 91101 USA",House Account,Invoice,243718,1,Acco Engineered Systems (401856):ACC-Sound Transit - KSAI Parking
2026-02-19 00:00:00,2026-01-20 00:00:00,C25-5590,Net 30,668.57,"5121 S Burlington Way Tacoma, WA 98409 USA",House Account,Invoice,243294-2,1,Narrows Heating & Air Cond.:NAR-Titus Will
2026-02-19 00:00:00,2026-01-20 00:00:00,1051490,Net 30,14660,"Attn:  Accts Payable 19020 33rd AVE W STE 400 Lynnwood, WA 98036",House Account,Invoice,243540,1,University Mechanical Contractors Inc:UMC-Fircrest Rehabilitation Facility
2026-02-19 00:00:00,2026-01-20 00:00:00,PO036980-1,Net 30,19655,"c/o MS B34 Dan Composano 206-510-4171 3720 159th Ave NE Redmond, WA 98052",House Account,Invoice,243921,1,Hermanson Company:HER-Microsoft Buildings 34 & 35 LCR Equ
2026-02-19 00:00:00,2026-01-20 00:00:00,3167,Net 30,325,"PO Box 2327 Buckley, WA 98321 USA",House Account,Invoice,244053-1,1,Trimble Mechanical:TBM-Vashon Community Food Bank
2026-02-19 00:00:00,2026-01-20 00:00:00,118668,Net 30,1059,"1711 Port Dr Burlington, WA 98233 USA",House Account,Invoice,241626-2,1,"R & H Mechanical, Inc.:R&H-AEG Vision Renovation"
2026-02-20 00:00:00,2026-01-21 00:00:00,238651,Net 30,225,"888 E. Walnut St (401856) Pasadena, CA 91101 USA",House Account,Invoice,243849,1,Acco Engineered Systems (401856):ACC-Axis 9 Level 10
2026-02-20 00:00:00,2026-01-21 00:00:00,Steve Boak,Net 30,2200,"2428 King George Hwy  Suite102 Surrey, BC V4P 1H5 CAN",,Invoice,244043,,Ocean Park Mechanical Inc:OCE-Fairfield Slater Mixed Use
2026-02-20 00:00:00,2026-01-21 00:00:00,R260096,Net 30,75,"428 North Pekin Road Woodland, WA 98674 USA",House Account,Invoice,244369,1,Atlas Mechanical Inc.:ATL-Small Projects
2026-02-20 00:00:00,2026-01-21 00:00:00,PO037376-1,Net 30,915,"1221 2nd Ave N Kent, WA 98032 USA",House Account,Invoice,244171,1,Hermanson Company:HER-North Basin Restroom and Laundry Re
2026-02-20 00:00:00,2026-01-21 00:00:00,124013-10,Net 30,465,"17683 128th Place NE Woodinville, WA 98072 USA",House Account,Invoice,243909,1,Comfort Systems USA NW:CNW-56th Ballard Apartments
2026-02-20 00:00:00,2026-01-21 00:00:00,LM-12/8/25-PortlandTracto,Net 30,6430,"PO Box 519 Brush Prairie, WA 98606 USA",House Account,Invoice,242930-1,1,Cowdrey Mechanical Systems LLC:CMS-Cowdrey T.S
2026-02-20 00:00:00,2026-01-21 00:00:00,PO036510-1,Net 30,4190,"1221 2nd Ave N Kent, WA 98032 USA",House Account,Invoice,243412,1,Hermanson Company:HER-HealthPoint Tukwila - Health and We
2026-03-23 00:00:00,2026-01-22 00:00:00,KOZ,Net 60,710.8,"3615 W Mukilteo Blvd Everett, WA 98203 USA",House Account,Invoice,244471,1,Steele Mechanical:STM-KOZ Wetmore Everett
2026-02-21 00:00:00,2026-01-22 00:00:00,PO034169,Net 30,1701,"1221 2nd Ave N Kent, WA 98032 USA",House Account,Invoice,242271,1,Hermanson Company:HER-616 Battery
2026-02-21 00:00:00,2026-01-22 00:00:00,PO034148,Net 30,1848.9,"1221 2nd Ave N Kent, WA 98032 USA",House Account,Invoice,241524,1,Hermanson Company:HER-616 Battery
2026-02-21 00:00:00,2026-01-22 00:00:00,PO037441,Net 30,107.52,"1221 2nd Ave N Kent, WA 98032 USA",House Account,Invoice,244244,1,Hermanson Company:HER-616 Battery
2026-02-21 00:00:00,2026-01-22 00:00:00,PO037441,Net 30,106.13,"1221 2nd Ave N Kent, WA 98032 USA",House Account,Invoice,244244-1,1,Hermanson Company:HER-616 Battery
2026-02-21 00:00:00,2026-01-22 00:00:00,PO037552,Net 30,88.97,"Hermanson Company 1221 2nd Ave N Kent, WA 98032",House Account,Invoice,244289,1,Hermanson Company:HER-Small Projects
2026-02-21 00:00:00,2026-01-22 00:00:00,JM928787,Net 30,31.4,"727 S Kenyon St Seattle, WA 98108 USA",House Account,Invoice,244400,1,"Evergreen Refrigeration, LLC:Evergreen - Special Projects"
2026-02-21 00:00:00,2026-01-22 00:00:00,305396,Net 30,355.4,"1420 Maple Ave SW Renton, WA 98057 USA",House Account,Invoice,244271,1,Vital Mechanical Service:Vit-TerraPower
2026-02-21 00:00:00,2026-01-22 00:00:00,687709,Net 30,73,"PO Box 47983 Seattle, WA 98146 USA",House Account,Invoice,244380,1,"MacDonald-Miller Facility Solutions, Inc.:MAC-Swedish Medical Center North Tower"
2026-02-21 00:00:00,2026-01-22 00:00:00,sp928770,Net 30,79.5,"727 S Kenyon St Seattle, WA 98108 USA",House Account,Invoice,244358,1,"Evergreen Refrigeration, LLC:Evergreen - Special Projects"
2026-02-21 00:00:00,2026-01-22 00:00:00,Village Lane Apartments,Net 30,18854.25,"14613 Sherman Drive Northwest Gig Harbor, WA 98332 USA",House Account,Invoice,242790-2,1,Burk Mechanical:BUR-Village Lane Apartments
2026-02-21 00:00:00,2026-01-22 00:00:00,1021801-63374,Net 30,199,"4600 S 134th Place Tukwila, WA 98168-3241 USA",House Account,Invoice,243974-1,1,Holaday-Parks Inc:HOL-small projects
2026-02-21 00:00:00,2026-01-22 00:00:00,PO037619  15-25-30182,Net 30,1355.12,"Hermanson Company 1221 2nd Ave N Kent, WA 98032",House Account,Invoice,244395,1,Hermanson Company:HER-Small Projects
2026-02-21 00:00:00,2026-01-22 00:00:00,PO037584 15-25-29853,Net 30,56,"Hermanson Company 1221 2nd Ave N Kent, WA 98032",House Account,Invoice,244355,1,Hermanson Company:HER-Small Projects
2026-02-21 00:00:00,2026-01-22 00:00:00,PO037516  15-25-29799,Net 30,3071.7,"Hermanson Company 1221 2nd Ave N Kent, WA 98032",House Account,Invoice,244313,1,Hermanson Company:HER-Small Projects
2026-02-21 00:00:00,2026-01-22 00:00:00,687480,Net 30,77.81,"PO Box 47983 Seattle, WA 98146 USA",House Account,Invoice,244243,1,"MacDonald-Miller Facility Solutions, Inc.:MAC-MHS Auburn Infrastructure Upgrades"
2026-02-21 00:00:00,2026-01-22 00:00:00,PO034248-1 20-24-22330,Net 30,2268,"1221 2nd Ave N Kent, WA 98032 USA",House Account,Invoice,241596,1,Hermanson Company:HER-616 Battery
2026-02-21 00:00:00,2026-01-22 00:00:00,R250088,Net 30,2473.5,"428 North Pekin Road Woodland, WA 98674",House Account,Invoice,243071-1,1,Atlas Mechanical Inc.:ATL-Village Green
2026-02-21 00:00:00,2026-01-22 00:00:00,LM-CO1InandOut,Net 30,485,"PO Box 519 Brush Prairie, WA 98606 USA",House Account,Invoice,244184,1,Cowdrey Mechanical Systems LLC:CMS-In N Out Hillsboro
2026-02-21 00:00:00,2026-01-22 00:00:00,11805,Net 30,2992,"5108 D St NW Auburn, WA 98001 USA",,Invoice,244138,,"Emerald Aire, Inc.:Emerald Aire - Special Projects"
2026-02-21 00:00:00,2026-01-22 00:00:00,C25-5629,Net 30,7750,"5121 S Burlington Way Tacoma, WA 98409 USA",,Invoice,243240-1,,Narrows Heating & Air Cond.:NAR-Norplex
2026-02-22 00:00:00,2026-01-23 00:00:00,238651,Net 30,2130,"888 E. Walnut St (401856) Pasadena, CA 91101 USA",House Account,Invoice,243237-1,1,Acco Engineered Systems (401856):ACC-Axis 9 Level 4
2026-02-22 00:00:00,2026-01-23 00:00:00,23411,Net 30,1790,"9523 19th Ave E Tacoma, WA 98445 USA",House Account,Invoice,243945,1,TRS Mechanical Inc:TRS-Special Projects
2026-02-22 00:00:00,2026-01-23 00:00:00,22736,Net 30,1600,"9523 19th Ave E Tacoma, WA 98445 USA",House Account,Invoice,240588-2,1,TRS Mechanical Inc:TRS-Morton Elementary School Renovation
2026-02-22 00:00:00,2026-01-23 00:00:00,203181,Net 30,150,"2625 Reinhardt LN NE STE F Lacey, WA 98516 USA",House Account,Invoice,244518,1,Elite Mechanical Services:Eli-Olympic College Bremerton
2026-02-22 00:00:00,2026-01-23 00:00:00,25460.0013,Net 30,1220,"PO BOX 2038 Longview, WA 98632 USA",House Account,Invoice,242833-3,1,"JH Kelly, LLC:JHK-Crossroads Bible Church"
2026-02-22 00:00:00,2026-01-23 00:00:00,PO037376-1,Net 30,690,"1221 2nd Ave N Kent, WA 98032 USA",House Account,Invoice,244173,1,Hermanson Company:HER-North Basin Restroom and Laundry Re
2026-02-22 00:00:00,2026-01-23 00:00:00,S1000010335,Net 30,454.99,"727 S Kenyon St Seattle, WA 98108 USA",House Account,Invoice,244517,1,"Evergreen Refrigeration, LLC:Evergreen - Special Projects"
2026-02-22 00:00:00,2026-01-23 00:00:00,PO036948-1,Net 30,2045,"1221 2nd Ave N Kent, WA 98032 USA",House Account,Invoice,243882,1,Hermanson Company:HER-North Basin Restroom and Laundry Re
2026-02-22 00:00:00,2026-01-23 00:00:00,2402-302,Net 30,6745,"1320 26th Ave NW  #16 Auburn, WA  98001 USA",House Account,Invoice,244009,1,"Crescent Mechanical, Inc:CRE-BTC Welding & HVAC Labs (Bates Coll"
2026-02-22 00:00:00,2026-01-23 00:00:00,PO033172,Net 30,3623.42,"1221 2nd Ave N Kent, WA 98032 USA",House Account,Invoice,240867-2,1,Hermanson Company:HER-616 Battery
2026-02-22 00:00:00,2026-01-23 00:00:00,PO037744,Net 30,148.62,"Hermanson Company 1221 2nd Ave N Kent, WA 98032",House Account,Invoice,244493,1,Hermanson Company:HER-Small Projects
2026-02-22 00:00:00,2026-01-23 00:00:00,1022319-63374,Net 30,61,"4600 S 134th Place Tukwila, WA 98168-3241 USA",House Account,Invoice,244441,1,Holaday-Parks Inc:HOL-small projects
2026-02-22 00:00:00,2026-01-23 00:00:00,30779,Net 30,384,"12314 134th Ct NE Redmond, WA 98052 USA",House Account,Invoice,244462,1,"Morgan Mechanical, LLC"
2026-02-22 00:00:00,2026-01-23 00:00:00,jm928789,Net 30,626.24,"727 S Kenyon St Seattle, WA 98108 USA",House Account,Invoice,244351,1,"Evergreen Refrigeration, LLC:Evergreen - Special Projects"
2026-02-22 00:00:00,2026-01-23 00:00:00,PO037664,Net 30,101.71,"Hermanson Company 1221 2nd Ave N Kent, WA 98032",House Account,Invoice,244436,1,Hermanson Company:HER-Small Projects
2026-02-22 00:00:00,2026-01-23 00:00:00,PO037752,Net 30,379.16,"Hermanson Company 1221 2nd Ave N Kent, WA 98032",House Account,Invoice,244485,1,Hermanson Company:HER-Small Projects
2026-02-22 00:00:00,2026-01-23 00:00:00,1022351-50032,Net 30,64.92,"4600 S 134th Place Tukwila, WA 98168-3241 USA",House Account,Invoice,244480,1,Holaday-Parks Inc:HOL-small projects
2026-02-25 00:00:00,2026-01-26 00:00:00,252349,Net 30,440,"380 Pease Road Burlington, WA 98233 USA",House Account,Invoice,244332,1,Nordic Temperature Control:NTC-Ace Anacortes Greenhouse
2026-02-25 00:00:00,2026-01-26 00:00:00,2399-308,Net 30,650,"1320 26th Ave NW  #16 Auburn, WA 98001 USA",House Account,Invoice,244513,1,"Crescent Mechanical, Inc:CRE-VRFA Fire Station 36"
2026-02-25 00:00:00,2026-01-26 00:00:00,2604371,Net 30,225,"PO Box 1745 Gig Harbor, WA 98335 USA",House Account,Invoice,244514,1,Refrigeration Unlimited:Refrigeration Unlimited GOF
2026-02-25 00:00:00,2026-01-26 00:00:00,2399-302,Net 30,3320,"1320 26th Ave NW  #16 Auburn, WA 98001 USA",House Account,Invoice,244510,1,"Crescent Mechanical, Inc:CRE-VRFA Fire Station 36"
2026-02-25 00:00:00,2026-01-26 00:00:00,PO10014668,Net 30,485,"PO Box 1745 Gig Harbor, WA 98335 USA",House Account,Invoice,244095,1,Refrigeration Unlimited:Refrigeration Unlimited GOF
2026-02-25 00:00:00,2026-01-26 00:00:00,PO030127-3,Net 30,196495,"1221 2nd Ave N Kent, WA 98032 USA",House Account,Invoice,239077-3,1,Hermanson Company:HER-Honouliuli WWTP
2026-02-25 00:00:00,2026-01-26 00:00:00,3577-2406-630,Net 30,10450,"1223 Valentine Ave SE Pacific, WA 98047 USA",House Account,Invoice,242353,1,Delta Technology Corporation:DEL-Big Picture School Bellevue
2026-02-25 00:00:00,2026-01-26 00:00:00,6343602,Net 30,725.07,"717 South Lander Seattle, WA 98134 USA",House Account,Invoice,244596,1,Thermal Supply:Thermal Supply - Small Projects
2026-02-26 00:00:00,2026-01-27 00:00:00,PO036723 15-25-29853,Net 30,116.6,"Hermanson Company 1221 2nd Ave N Kent, WA 98032",House Account,Invoice,243592,1,Hermanson Company:HER-Small Projects
2026-02-26 00:00:00,2026-01-27 00:00:00,PO036718,Net 30,1190.65,"Hermanson Company 1221 2nd Ave N Kent, WA 98032",House Account,Invoice,243598,1,Hermanson Company:HER-Small Projects
2026-02-26 00:00:00,2026-01-27 00:00:00,PO036718,Net 30,249,"Hermanson Company 1221 2nd Ave N Kent, WA 98032",House Account,Invoice,243598-1,1,Hermanson Company:HER-Small Projects
2026-02-26 00:00:00,2026-01-27 00:00:00,PO033158,Net 30,4192.62,"1221 2nd Ave N Kent, WA 98032 USA",House Account,Invoice,240832-2,1,Hermanson Company:HER-616 Battery
2026-02-26 00:00:00,2026-01-27 00:00:00,8256,Net 30,1435,"1642 Navy Yard Hwy W Bremerton, WA 98312 USA",House Account,Invoice,244431,1,"Miller Sheetmetal, Inc.:MIL-Small Projects"
2026-02-26 00:00:00,2026-01-27 00:00:00,380872-131477,Net 30,4735,"Attn: Accts Payable PO Box 67 Mukilteo, WA 98275-4255",House Account,Invoice,243030,1,University Mechanical Contractors Inc:UMC-Small Projects
2026-02-26 00:00:00,2026-01-27 00:00:00,PO037342-1 15-25-30182,Net 30,3285,"Hermanson Company 1221 2nd Ave N Kent, WA 98032",House Account,Invoice,244284,1,Hermanson Company:HER-Small Projects
2026-02-26 00:00:00,2026-01-27 00:00:00,380872-131477,Net 30,4235,"Attn: Accts Payable PO Box 67 Mukilteo, WA 98275-4255",House Account,Invoice,243030-1,1,University Mechanical Contractors Inc:UMC-Small Projects
2026-02-26 00:00:00,2026-01-27 00:00:00,PO036948-1,Net 30,190,"1221 2nd Ave N Kent, WA 98032 USA",House Account,Invoice,243886,1,Hermanson Company:HER-North Basin Restroom and Laundry Re
2026-02-26 00:00:00,2026-01-27 00:00:00,LM-12/8/25-PortlandTracto,Net 30,510,"PO Box 519 Brush Prairie, WA 98606 USA",House Account,Invoice,244356,1,Cowdrey Mechanical Systems LLC:CMS-Cowdrey T.S
2026-02-26 00:00:00,2026-01-27 00:00:00,1022384-45248,Net 30,80,"4600 S 134th Place Tukwila, WA 98168-3241 USA",House Account,Invoice,244587,1,Holaday-Parks Inc:HOL-Seattle Tennis Club
2026-02-26 00:00:00,2026-01-27 00:00:00,10000451-J1588,Net 30,400,"4600 S 134th Place Tukwila, WA 98168-3241 USA",House Account,Invoice,244696,1,Holaday-Parks Inc:HOL-small projects
2026-02-26 00:00:00,2026-01-27 00:00:00,17704B,Net 30,21,"615 C-1 N Wenatchee Ave Wenatchee, WA 98801 USA",House Account,Invoice,244593,1,The Salcido Connection Inc.:Salcido - Special Projects
2026-02-27 00:00:00,2026-01-28 00:00:00,4406-0-237000-2,Net 30,750,"12001 SE 9th Pl, Suite 300 Bellevue, WA 98005 USA",House Account,Invoice,244220-2,1,Holmberg Company:HOM-NW Native Canoe Center Carving Hous
2026-02-27 00:00:00,2026-01-28 00:00:00,2402-304,Net 30,170,"1320 26th Ave NW  #16 Auburn, WA  98001 USA",House Account,Invoice,244128,1,"Crescent Mechanical, Inc:CRE-BTC Welding & HVAC Labs (Bates Coll"
2026-02-27 00:00:00,2026-01-28 00:00:00,DSHS,Net 30,215,"PO Box 760 Sumner, WA 98390 USA",House Account,Invoice,244569,1,Farrington Air Quality Services:Far-Farrington Dampers
2026-02-27 00:00:00,2026-01-28 00:00:00,R260057,Net 30,490,"428 North Pekin Road Woodland, WA 98674 USA",House Account,Invoice,244357,1,Atlas Mechanical Inc.:ATL-Alexan Shoreline East
2026-02-27 00:00:00,2026-01-28 00:00:00,25293051,Net 30,1012.74,"PO Box 24406 Seattle, WA 98124 USA",House Account,Invoice,244690,1,McKinstry Company:MCK-North Valley Hospital - North Hospi
2026-01-03 00:00:00,2025-12-04 00:00:00,2525,Net 30,250,"27316 NE 10th Ave Ridgefield, WA 98642 USA",House Account,Invoice,242014,1,Columbia Allied Services Inc:COL-Everest Park Restroom Replacement
2026-01-03 00:00:00,2025-12-04 00:00:00,Owens II,Net 30,1400,"1425 N Roosevelt Seaside, OR 97138 USA",House Account,Invoice,241381,1,Diamond Heating:DIA-Owens II Astoria
2026-01-03 00:00:00,2025-12-04 00:00:00,22736,Net 30,7105,"9523 19th Ave E Tacoma, WA 98445 USA",House Account,Invoice,240569-1,1,TRS Mechanical Inc:TRS-Morton Elementary School Renovation
2026-01-04 00:00:00,2025-12-05 00:00:00,2525,Net 30,1150,"27316 NE 10th Ave Ridgefield, WA 98642 USA",House Account,Invoice,242014-1,1,Columbia Allied Services Inc:COL-Everest Park Restroom Replacement
2026-01-07 00:00:00,2025-12-08 00:00:00,WORP,Net 30,174.45,"22129 NE 114th ST Bellevue, WA 98053 USA",House Account,Invoice,242300,1,AMS:AMS-WORP
2026-01-07 00:00:00,2025-12-08 00:00:00,Polaris,Net 30,497,"22129 NE 114th Redmond, WA 98053 USA",House Account,Invoice,242513,1,AMS:AMS-Polaris at Totem Lake
2026-01-07 00:00:00,2025-12-08 00:00:00,Polaris,Net 30,111.77,"22129 NE 114th Redmond, WA 98053 USA",House Account,Invoice,242513-2,1,AMS:AMS-Polaris at Totem Lake
2026-01-07 00:00:00,2025-12-08 00:00:00,LM-CV,Net 30,255.12,"PO Box 519 Brush Prairie, WA 98606 USA",House Account,Invoice,242493-2,1,Cowdrey Mechanical Systems LLC
2026-01-07 00:00:00,2025-12-08 00:00:00,LM-CV,Net 30,39.93,"PO Box 519 Brush Prairie, WA 98606 USA",House Account,Invoice,242493,1,Cowdrey Mechanical Systems LLC
2026-01-08 00:00:00,2025-12-09 00:00:00,29511,Net 30,650,"3302 Cedardale Rd, Ste 300 Mount Vernon, WA 98274 USA",House Account,Invoice,242799,1,Hoover Commercial Refrigeration Inc
2026-01-09 00:00:00,2025-12-10 00:00:00,Owens II,Net 30,1450,"1425 N Roosevelt Seaside, OR 97138 USA",House Account,Invoice,242611,1,Diamond Heating:DIA-Owens II Astoria
2026-01-10 00:00:00,2025-12-11 00:00:00,2333-2720,Net 30,99.16,"2428 King George Hwy  Suite102 Surrey, BC V4P 1H5 CANADA",House Account,Invoice,242866,1,Ocean Park Mechanical Inc:OCE-Live Nation TI
2026-01-10 00:00:00,2025-12-11 00:00:00,2525,Net 30,3200,"27316 NE 10th Ave Ridgefield, WA 98642 USA",House Account,Invoice,242014-3,1,Columbia Allied Services Inc:COL-Everest Park Restroom Replacement
2026-01-10 00:00:00,2025-12-11 00:00:00,2525,Net 30,635,"27316 NE 10th Ave Ridgefield, WA 98642 USA",House Account,Invoice,242014-2,1,Columbia Allied Services Inc:COL-Everest Park Restroom Replacement
2026-01-11 00:00:00,2025-12-12 00:00:00,LM-TSRedmond124,Net 30,350,"PO Box 519 Brush Prairie, WA 98606 USA",House Account,Invoice,242688,1,Cowdrey Mechanical Systems LLC:CMS-Tractor Supply Redmond
2026-01-14 00:00:00,2025-12-15 00:00:00,22736,Net 30,1325,"9523 19th Ave E Tacoma, WA 98445 USA",House Account,Invoice,240588,1,TRS Mechanical Inc:TRS-Morton Elementary School Renovation
2026-01-14 00:00:00,2025-12-15 00:00:00,50047,Net 30,895,"6146 Portal Way Ferndale, WA 98248-9363 USA",House Account,Invoice,240734-1,1,Smith Mechanical
2026-01-14 00:00:00,2025-12-15 00:00:00,LM-TSRedmond124,Net 30,540,"PO Box 519 Brush Prairie, WA 98606 USA",House Account,Invoice,242688-1,1,Cowdrey Mechanical Systems LLC:CMS-Tractor Supply Redmond
2026-01-15 00:00:00,2025-12-16 00:00:00,022-014,Net 30,4500,"22129 NE 114th ST Bellevue, WA 98053 USA",House Account,Invoice,239780-3,1,AMS:AMS-WORP
2026-01-16 00:00:00,2025-12-17 00:00:00,Warrenton Outpost,Net 30,450,"1425 N Roosevelt Dr Seaside, OR 97138 USA",House Account,Invoice,240369,1,Diamond Heating:Diamond Heating - Special Projects
2026-01-16 00:00:00,2025-12-17 00:00:00,2509-2720,Net 30,43.2,"2428 King George Hwy  Suite102 Surrey, BC V4P 1H5 CANADA",House Account,Invoice,242986,1,Ocean Park Mechanical Inc:OCE-Live Nation TI
2026-01-16 00:00:00,2025-12-17 00:00:00,2511-2720,Net 30,188.74,"2428 King George Hwy  Suite102 Surrey, BC V4P 1H5 CANADA",House Account,Invoice,242946,1,Ocean Park Mechanical Inc:OCE-ONNI Level 13 Restaurant
2026-01-16 00:00:00,2025-12-17 00:00:00,R250054,Net 30,3000,"428 North Pekin Road Woodland, WA 98674 USA",House Account,Invoice,242932,1,Atlas Mechanical Inc.:ATL-5000 12th Ave - Student Housing
2026-01-17 00:00:00,2025-12-18 00:00:00,Worp,Net 30,2825,"22129 NE 114th ST Bellevue, WA 98053 USA",House Account,Invoice,242542,1,AMS:AMS-WORP
2026-01-18 00:00:00,2025-12-19 00:00:00,Polaris,Net 30,1565.12,"22129 NE 114th Redmond, WA 98053 USA",House Account,Invoice,242913,1,AMS:AMS-Polaris at Totem Lake
2026-01-21 00:00:00,2025-12-22 00:00:00,Polaris at Totam Lake,Net 30,29.8,"22129 NE 114th Redmond, WA 98053 USA",House Account,Invoice,243142-1,1,AMS:AMS-Polaris at Totem Lake
2026-01-21 00:00:00,2025-12-22 00:00:00,Polaris at Totam Lake,Net 30,200.32,"22129 NE 114th Redmond, WA 98053 USA",House Account,Invoice,243142,1,AMS:AMS-Polaris at Totem Lake
2026-01-21 00:00:00,2025-12-22 00:00:00,2509-0181,Net 30,114.76,"2428 King George Hwy  Suite102 Surrey, BC V4P 1H5 CANADA",House Account,Invoice,243192,1,Ocean Park Mechanical Inc:OCE-Live Nation TI
2026-01-21 00:00:00,2025-12-22 00:00:00,2509-2720,Net 30,125,"2428 King George Hwy  Suite102 Surrey, BC V4P 1H5 CANADA",House Account,Invoice,243193,1,Ocean Park Mechanical Inc:OCE-Live Nation TI
2026-01-21 00:00:00,2025-12-22 00:00:00,2919-1585-1217,Net 30,283.81,"PO Box 84046 Seattle, WA 98124-8446 USA",House Account,Invoice,243200,1,PSF Mechanical:PSF-First Citizens Bank-Bellevue
2026-01-21 00:00:00,2025-12-22 00:00:00,2511-2720,Net 30,210.48,"2428 King George Hwy  Suite102 Surrey, BC V4P 1H5 CANADA",House Account,Invoice,243230,1,Ocean Park Mechanical Inc:OCE-ONNI Level 13 Restaurant
2026-01-21 00:00:00,2025-12-22 00:00:00,Polaris Totem Lake Blake,Net 30,3460.85,"22129 NE 114th Redmond, WA 98053 USA",House Account,Invoice,243268,1,AMS:AMS-Polaris at Totem Lake
2026-01-21 00:00:00,2025-12-22 00:00:00,WORP,Net 30,34.86,"22129 NE 114th ST Bellevue, WA 98053 USA",House Account,Invoice,243297,1,AMS:AMS-WORP
2026-01-21 00:00:00,2025-12-22 00:00:00,022-015,Net 30,720,"22129 NE 114th ST Bellevue, WA 98053 USA",House Account,Invoice,242339,1,AMS:AMS-WORP
2026-01-22 00:00:00,2025-12-23 00:00:00,F1214-220-2000,Net 30,119.83,"1207 W Columbia Dr Kennewick, WA 99336 USA",House Account,Invoice,243378,1,Apollo Mechanical Contractors:APO-Maywood Hills ES
2026-01-22 00:00:00,2025-12-23 00:00:00,Owens II,Net 30,1700,"1425 N Roosevelt Seaside, OR 97138 USA",House Account,Invoice,240456-1,1,Diamond Heating:DIA-Owens II Astoria
2026-01-22 00:00:00,2025-12-23 00:00:00,Mosaic,Net 30,5958,"3615 W Mukilteo Blvd Everett, WA 98203 USA",House Account,Invoice,241125-1,1,Steele Mechanical:STM-Mosaic Apartments Everett
2026-01-26 00:00:00,2025-12-27 00:00:00,Acer House,Net 30,79860,"PO Box 2097 Kirkland, WA 98083 USA",House Account,Invoice,242156,1,"Pacific One Construction, Inc.:PON-Acer House"
2026-01-28 00:00:00,2025-12-29 00:00:00,3075,Net 30,1850,"PO Box 2327 Buckley, WA 98321 USA",House Account,Invoice,241718,1,Trimble Mechanical:TBM-Carbonado SD Energy Services
2026-01-28 00:00:00,2025-12-29 00:00:00,Polaris at Totem Lake,Net 30,195,"22129 NE 114th Redmond, WA 98053 USA",House Account,Invoice,243167,1,AMS:AMS-Polaris at Totem Lake
2026-01-28 00:00:00,2025-12-29 00:00:00,JBLM Ops,Net 30,8492,"5526 184th Street E Puyallup, WA 98375 USA",House Account,Invoice,242317-1,1,Sound Heating And A/C:Sou-JBLM Ops Center
2026-01-28 00:00:00,2025-12-29 00:00:00,2025-25-02,Net 30,600,"2100 196th St SW #122 Lynnwood, WA 98036 USA",House Account,Invoice,243137,1,DB Solutions:DB-West Seattle Stadium ADA Update
2026-01-28 00:00:00,2025-12-29 00:00:00,29721,Net 30,325,"3302 Cedardale Rd, Ste 300 Mount Vernon, WA 98274 USA",House Account,Invoice,243366,1,Hoover Commercial Refrigeration Inc
2025-03-01 00:00:00,2025-01-30 00:00:00,525906,Net 30,2200,"PO Box 47983 Seattle, WA 98146 USA",House Account,Invoice,208736-3,1,"MacDonald-Miller Facility Solutions, Inc.:MAC-Snoqualmie Casino Expansion"
2025-09-10 00:00:00,2025-09-10 00:00:00,Erik Foster,Immediate,758,"5000 1st Ave South Seattle, WA 98134 USA",House Account,Invoice,238396-1,1,Employee Purchase
2025-09-10 00:00:00,2025-09-10 00:00:00,Erik Foster,Immediate,1200,"5000 1st Ave South Seattle, WA 98134 USA",House Account,Invoice,238396,1,Employee Purchase
2025-09-30 00:00:00,2025-09-30 00:00:00,Erik Foster,Immediate,722,"5000 1st Ave South Seattle, WA 98134 USA",House Account,Invoice,238755,1,Employee Purchase
2025-10-31 00:00:00,2025-10-01 00:00:00,04-13500,Net 30,-649,"PO BOX 1528 Bothell, WA 98041 USA",House Account,Credit Memo,239943,1,Alexander Heating
2025-11-05 00:00:00,2025-10-06 00:00:00,NBK Bangor B7450 - Fan Re,Net 30,9035,"1642 Navy Yard Highway West Bremerton, WA 98312 USA",House Account,Invoice,238639,1,"Miller Sheetmetal, Inc.:MIL-NBK Bangor B7450"
2025-11-12 00:00:00,2025-10-13 00:00:00,Gene Jaurez,Net 30,15.57,"2223 202nd St S W Lynnwood, WA 98036-7048 USA",House Account,Invoice,235447,1,Uptown Mechanical:UPT-Gene Juarez West Seattle
2025-11-12 00:00:00,2025-10-13 00:00:00,Gene Jaurez,Net 30,123.5,"2223 202nd St S W Lynnwood, WA 98036-7048 USA",House Account,Invoice,235447-2,1,Uptown Mechanical:UPT-Gene Juarez West Seattle
2025-11-12 00:00:00,2025-10-13 00:00:00,28351,Net 30,915,"3302 Cedardale Rd, Ste 300 Mount Vernon, WA 98274 USA",House Account,Invoice,239698,1,Hoover Commercial Refrigeration Inc
2025-11-15 00:00:00,2025-10-16 00:00:00,C2509195TW,Net 30,1784,"19734 144th Ave NE Woodinville, WA 98072 USA",House Account,Invoice,239907,1,Heattransfer Co:Hea-Heattransfer Small Projects
2025-11-15 00:00:00,2025-10-16 00:00:00,DHABA,Net 30,446,"PO Box 1108 Woodinville, WA 98072 USA",House Account,Invoice,240476,1,"Gasline Mechanical, Inc."
2025-11-28 00:00:00,2025-10-29 00:00:00,1-11055055,Net 30,1691.19,"3460 161st Ave SE Bellevue, WA 98008 USA",House Account,Invoice,240641,1,Prime Electric LLC
2025-11-28 00:00:00,2025-10-29 00:00:00,1-11055873,Net 30,1537.92,"3460 161st Ave SE Bellevue, WA 98008 USA",House Account,Invoice,240681,1,Prime Electric LLC
2025-11-28 00:00:00,2025-10-29 00:00:00,1-11055891,Net 30,1691.19,"3460 161st Ave SE Bellevue, WA 98008 USA",House Account,Invoice,240693,1,Prime Electric LLC
2025-11-28 00:00:00,2025-10-29 00:00:00,1-11055038,Net 30,1601.52,"3460 161st Ave SE Bellevue, WA 98008 USA",House Account,Invoice,240625,1,Prime Electric LLC
2025-11-28 00:00:00,2025-10-29 00:00:00,1-11055875,Net 30,1518.29,"3460 161st Ave SE Bellevue, WA 98008 USA",House Account,Invoice,240682,1,Prime Electric LLC
2025-12-05 00:00:00,2025-11-05 00:00:00,1-11055870,Net 30,990.06,"3460 161st Ave SE Bellevue, WA 98008 USA",House Account,Invoice,240652,1,Prime Electric LLC
2025-12-21 00:00:00,2025-11-21 00:00:00,7-Eleven,Net 30,1641,"1402 Lake Tapps Pkwy SE  #104-120 Auburn, WA 98092 USA",House Account,Invoice,240757,1,"Air 1 Heating, Inc:A1-7-Eleven #42077"
2025-12-25 00:00:00,2025-11-25 00:00:00,C15244422,Net 30,90,"145 S State College Blvd Ste 200 Brea, CA 98821",House Account,Invoice,242215,1,CoolSys Commercial & Industrial Solutions
2026-02-28 00:00:00,2026-01-29 00:00:00,32029,Net 30,7560,"80385 N Hwy 395 Hermiston, OR 97838 USA",House Account,Invoice,243714,1,Bruce Heating & Air Conditioning Inc.:BRU-RWC - Pasco
2026-02-28 00:00:00,2026-01-29 00:00:00,718-1480543A,Net 30,75,"1212 E Front St Fax 509 533 9884 Spokane, WA 99202",House Account,Invoice,244567,1,Johnstone Supply - Spokane
2026-02-28 00:00:00,2026-01-29 00:00:00,31839,Net 30,4027,"80385 N Hwy 395 Hermiston, OR 97838 USA",House Account,Invoice,242960,1,Bruce Heating & Air Conditioning Inc.:BRU-Equipment Share Ground-Up - Wenatch
2026-02-28 00:00:00,2026-01-29 00:00:00,32077,Net 30,723,"80385 N Hwy 395 Hermiston, OR 97838 USA",House Account,Invoice,243890-1,1,Bruce Heating & Air Conditioning Inc.:BRU-LW Oberlin Project Warden
2026-02-28 00:00:00,2026-01-29 00:00:00,ck,Net 30,805.42,"1110 S 6Th St Sunnyside, WA 98944 USA",House Account,Invoice,244791,1,Sunnyside School District #201
2026-02-28 00:00:00,2026-01-29 00:00:00,Cheney 24-164,Net 30,1295,"7820 Franklin St Coeur d' Alene, ID 83815 USA",House Account,Invoice,244651,1,Air Tech:AIR-Airtech Small Projects
2026-02-28 00:00:00,2026-01-29 00:00:00,Missoula FSD/Fans,Net 30,6345,"1807 E. Francis Spokane, WA 99208 USA",House Account,Invoice,244150,1,Air Design:ADE-Affinity at Missoula
2026-02-28 00:00:00,2026-01-29 00:00:00,31969,Net 30,9605,"80385 N Hwy 395 Hermiston, OR 97838 USA",House Account,Invoice,243608,1,Bruce Heating & Air Conditioning Inc.:BRU-D9 Contractors Office and Warehouse
2026-03-01 00:00:00,2026-01-30 00:00:00,32335,Net 30,5650,"80385 N Hwy 395 Hermiston, OR 97838 USA",House Account,Invoice,244571,1,Bruce Heating & Air Conditioning Inc.:BRU-AC Hotel - Kennewick
2026-03-01 00:00:00,2026-01-30 00:00:00,23387-212396,Net 30,7999,"2521 Stevens Drive Richland, WA 99354 USA",House Account,Invoice,239237,1,Total Energy Management:TOT-YVFWC-Yakima Valley Family Workers
2026-03-01 00:00:00,2026-01-30 00:00:00,25311037,Net 30,530,"PO Box 24406 Seattle, WA 98124 USA",House Account,Invoice,244186-1,1,McKinstry Company:MCK-Benton County - Office of Public De
2026-03-04 00:00:00,2026-02-02 00:00:00,Missoula FSD/Fans,Net 30,5075,"1807 E. Francis Spokane, WA 99208 USA",House Account,Invoice,244154,1,Air Design:ADE-Affinity at Missoula
2026-03-04 00:00:00,2026-02-02 00:00:00,25220CNC,Net 30,7731.77,"110 W Lions Way Hayden, ID 83835 USA",House Account,Invoice,244208-1,1,Legacy Heating and Cooling:Leg-Boundary County Justice Building
2026-03-04 00:00:00,2026-02-02 00:00:00,25035CNC,Net 30,481.24,"110 W Lions Way Hayden, ID 83835 USA",House Account,Invoice,239094-1,1,Legacy Heating and Cooling:Leg-Cal Cars New Dealership - CDA
2026-03-04 00:00:00,2026-02-02 00:00:00,RD0010,Net 30,4485,"110 W Lions Way Hayden, ID 83835 USA",House Account,Invoice,243284,1,Legacy Heating and Cooling:Leg-AE Aircraft Services Hangar Buildin
2026-03-04 00:00:00,2026-02-02 00:00:00,32346,Net 30,1351,"80385 N Hwy 395 Hermiston, OR 97838 USA",House Account,Invoice,244615,1,Bruce Heating & Air Conditioning Inc.:BRU-Framatone Warehouse 9
2026-03-04 00:00:00,2026-02-02 00:00:00,32484,Net 30,2651,"80385 N Hwy 395 Hermiston, OR 97838 USA",House Account,Invoice,244923,1,Bruce Heating & Air Conditioning Inc.:BRU-D9 Contractors Office and Warehouse
2026-03-04 00:00:00,2026-02-02 00:00:00,C25-0043-543,Net 30,50580,"PO Box 6526 Spokane, WA 99217 USA",House Account,Invoice,243229,1,Pro Mechanical Services Inc:Pro-Lake Chelan Health EMS & Admin Buil
2026-03-04 00:00:00,2026-02-02 00:00:00,25212CNC,Net 30,964.6,"110 W Lions Way Hayden, ID 83835 USA",House Account,Invoice,243253-1,1,Legacy Heating and Cooling:Leg-Syringa Dental
2026-03-04 00:00:00,2026-02-02 00:00:00,23206-209840,Net 30,1390,"2521 Stevens Drive Richland, WA 99354 USA",House Account,Invoice,237685,1,Total Energy Management:TOT-ICCU - Pasco
2026-03-04 00:00:00,2026-02-02 00:00:00,32238,Net 30,2069.25,"80385 N Hwy 395 Hermiston, OR 97838 USA",House Account,Invoice,244297-2,1,Bruce Heating & Air Conditioning Inc.:BRU-AC Hotel - Kennewick
2026-02-02 00:00:00,2026-02-02 00:00:00,,Immediate,97.8,"904 East Teton Road Athol, ID 83801 USA",House Account,Invoice,243075,1,"Alpine Summit Heating & Cooling:Ash-Tulip Buildings - Hauser, ID"
2026-03-04 00:00:00,2026-02-02 00:00:00,32354,Net 30,200,"80385 N Hwy 395 Hermiston, OR 97838 USA",House Account,Invoice,244589,1,Bruce Heating & Air Conditioning Inc.:BRU-Bruce Heating Small Projects
2026-03-04 00:00:00,2026-02-02 00:00:00,32117,Net 30,1065,"80385 N Hwy 395 Hermiston, OR 97838 USA",House Account,Invoice,243971,1,Bruce Heating & Air Conditioning Inc.:BRU-STCU - Othello
2026-03-05 00:00:00,2026-02-03 00:00:00,26034016,Net 30,52.26,"PO Box 24406 Seattle, WA 98124 USA",House Account,Invoice,244972,1,McKinstry Company:MCK-McKinstry Spokane Small Projects
2026-03-05 00:00:00,2026-02-03 00:00:00,32531,Net 30,3890,"80385 N Hwy 395 Hermiston, OR 97838 USA",House Account,Invoice,244949,1,Bruce Heating & Air Conditioning Inc.:BRU-Bruce Heating Small Projects
2026-03-05 00:00:00,2026-02-03 00:00:00,23939/W-00001,Net 30,2090,"1207 W Columbia Dr Kennewick, WA 99336 USA",House Account,Invoice,243946,1,Apollo Mechanical Contractors:APO-Hermiston School District - Weber F
2026-03-05 00:00:00,2026-02-03 00:00:00,Missoula FSD/Fans,Net 30,1513,"1807 E. Francis Spokane, WA 99208 USA",House Account,Invoice,244176,1,Air Design:ADE-Affinity at Missoula
2026-03-05 00:00:00,2026-02-03 00:00:00,Missoula FSD/Fans,Net 30,1665.48,"1807 E. Francis Spokane, WA 99208 USA",House Account,Invoice,244153,1,Air Design:ADE-Affinity at Missoula
2026-03-05 00:00:00,2026-02-03 00:00:00,31567,Net 30,14085,"80385 N Hwy 395 Hermiston, OR 97838 USA",House Account,Invoice,242642,1,Bruce Heating & Air Conditioning Inc.:BRU-Cargill Friona
2026-03-05 00:00:00,2026-02-03 00:00:00,106267277,Net 30,600,"11 N Auburn St Kennewick, WA 99336 USA",House Account,Invoice,242304,1,Dayco Heating & Air:Day-Our Lady of the Desert Parish
2026-03-06 00:00:00,2026-02-04 00:00:00,CG,Net 30,333,"PO Box 6245 Spokane, WA 99217 USA",House Account,Invoice,244878,1,Steelhead Mechanical:STE-Steelhead Small Projects
2026-03-06 00:00:00,2026-02-04 00:00:00,32346,Net 30,428,"80385 N Hwy 395 Hermiston, OR 97838 USA",House Account,Invoice,244615-1,1,Bruce Heating & Air Conditioning Inc.:BRU-Framatone Warehouse 9
2026-03-06 00:00:00,2026-02-04 00:00:00,Missoula EDH,Net 30,15920,"1807 E. Francis Spokane, WA 99208 USA",House Account,Invoice,244149,1,Air Design:ADE-Affinity at Missoula
2026-03-06 00:00:00,2026-02-04 00:00:00,31612,Net 30,215,"80385 N Hwy 395 Hermiston, OR 97838 USA",House Account,Invoice,245057,1,Bruce Heating & Air Conditioning Inc.:BRU-Cargill Friona
2026-03-06 00:00:00,2026-02-04 00:00:00,182236274-005,Net 30,17400,"1005 Warner Ave Lewiston, ID 83501 USA",House Account,Invoice,239708,1,Mike's Heating:Mik-Idaho Military Division (IMD) Lewis
2026-03-06 00:00:00,2026-02-04 00:00:00,Missoula FSD/Fans,Net 30,25872.52,"1807 E. Francis Spokane, WA 99208 USA",House Account,Invoice,244153-1,1,Air Design:ADE-Affinity at Missoula
2026-03-06 00:00:00,2026-02-04 00:00:00,32039,Net 30,533,"80385 N Hwy 395 Hermiston, OR 97838 USA",House Account,Invoice,243747,1,Bruce Heating & Air Conditioning Inc.:BRU-College Place Public Schools-Field
2026-03-06 00:00:00,2026-02-04 00:00:00,JM00592,Net 30,2720,"110 W Lions Way Hayden, ID 83835 USA",House Account,Invoice,244541,1,Legacy Heating and Cooling:Leg-Inland Imaging Regional Breast Cent
2026-03-06 00:00:00,2026-02-04 00:00:00,020326CLAR,Net 30,171,"150 Marr Street Wenatchee, WA 98801 USA",House Account,Invoice,245015,1,Motor Mart
2026-03-06 00:00:00,2026-02-04 00:00:00,AVBEACON,Net 30,1915,"PO Box 6245 Spokane, WA 99217 USA",House Account,Invoice,244146-2,1,Steelhead Mechanical:STE-Avista Beacon Welding Sohp
2026-03-06 00:00:00,2026-02-04 00:00:00,25229,Net 30,200.34,"110 Lions Way Hayden, ID 83835 USA",House Account,Invoice,245082,1,Legacy Heating and Cooling:Leg-Special Projects
2026-03-06 00:00:00,2026-02-04 00:00:00,620856-086,Net 30,155,"10158 Kinder Moses Lake, WA 98837 USA",House Account,Invoice,239379,1,Basin Refrigeration & Heating:Bas-Microtel Inn and Suites - Ephrata
2026-03-06 00:00:00,2026-02-04 00:00:00,240269,Net 30,6660,"7 South 5th Ave Yakima, WA 98902 USA",House Account,Invoice,243215-1,1,Absolute Comfort Technology:AMY-American Medical Response - Base of
2026-03-06 00:00:00,2026-02-04 00:00:00,Missoula FSD/Fans,Net 30,237,"1807 E. Francis Spokane, WA 99208 USA",House Account,Invoice,244176-1,1,Air Design:ADE-Affinity at Missoula
2026-03-06 00:00:00,2026-02-04 00:00:00,JM00575,Net 30,510,"110 W Lions Way Hayden, ID 83835 USA",House Account,Invoice,244189,1,Legacy Heating and Cooling:Leg-4th and Pines ESF - Spokane Valley
2026-03-06 00:00:00,2026-02-04 00:00:00,32450,Net 30,900,"80385 N Hwy 395 Hermiston, OR 97838 USA",House Account,Invoice,244818,1,Bruce Heating & Air Conditioning Inc.:BRU-Cargill Friona
2026-03-07 00:00:00,2026-02-05 00:00:00,32572,Net 30,1379.99,"80385 N Hwy 395 Hermiston, OR 97838 USA",House Account,Invoice,244546,1,Bruce Heating & Air Conditioning Inc.:BRU-Bruce Heating Small Projects
2026-03-07 00:00:00,2026-02-05 00:00:00,Rock Point,Net 30,167,"PO Box 2527 Spokane, WA 99220 USA",House Account,Invoice,245136,1,Evergreen Heating:EVH-Evergreen Heating Small Projects
2026-03-07 00:00:00,2026-02-05 00:00:00,23474-213549,Net 30,4380,"2521 Stevens Drive Richland, WA 99354 USA",House Account,Invoice,244606,1,Total Energy Management:TOT-HMIS - Eastern Plateau Fire Station
2026-03-07 00:00:00,2026-02-05 00:00:00,25191CNC,Net 30,1490.36,"110 W Lions Way Hayden, ID 83835 USA",House Account,Invoice,244683,1,Legacy Heating and Cooling:Leg-413 and 417 Sandpoint Apartments
2026-03-07 00:00:00,2026-02-05 00:00:00,Missoula FSD/Fans,Net 30,151.89,"1807 E. Francis Spokane, WA 99208 USA",House Account,Invoice,244153-2,1,Air Design:ADE-Affinity at Missoula
2026-03-07 00:00:00,2026-02-05 00:00:00,106267277,Net 30,3010,"11 N Auburn St Kennewick, WA 99336 USA",House Account,Invoice,242305,1,Dayco Heating & Air:Day-Our Lady of the Desert Parish
2026-03-07 00:00:00,2026-02-05 00:00:00,32039,Net 30,1137,"80385 N Hwy 395 Hermiston, OR 97838 USA",House Account,Invoice,243747-1,1,Bruce Heating & Air Conditioning Inc.:BRU-College Place Public Schools-Field
2026-03-08 00:00:00,2026-02-06 00:00:00,32551,Net 30,11100,"80385 N Hwy 395 Hermiston, OR 97838 USA",House Account,Invoice,245021,1,Bruce Heating & Air Conditioning Inc.:BRU-Nespelem Longhouse -Confederated Tr
2026-03-08 00:00:00,2026-02-06 00:00:00,RS00113,Net 30,2295,"110 Lions Way Hayden, ID 83835 USA",House Account,Invoice,243930,1,Legacy Heating and Cooling:Leg-Special Projects
2026-03-08 00:00:00,2026-02-06 00:00:00,32036,Net 30,770,"80385 N Hwy 395 Hermiston, OR 97838 USA",House Account,Invoice,243750,1,Bruce Heating & Air Conditioning Inc.:BRU-College Place Public Schools-Field
2026-03-08 00:00:00,2026-02-06 00:00:00,106267277,Net 30,654.29,"11 N Auburn St Kennewick, WA 99336 USA",House Account,Invoice,243644,1,Dayco Heating & Air:Day-Our Lady of the Desert Parish
2026-03-08 00:00:00,2026-02-06 00:00:00,32113,Net 30,1902,"80385 N Hwy 395 Hermiston, OR 97838 USA",House Account,Invoice,244063,1,Bruce Heating & Air Conditioning Inc.:BRU-Nespelem Longhouse -Confederated Tr
2026-03-08 00:00:00,2026-02-06 00:00:00,C25-0043-543,Net 30,2940,"PO Box 6526 Spokane, WA 99217 USA",House Account,Invoice,244874,1,Pro Mechanical Services Inc:Pro-Lake Chelan Health EMS & Admin Buil
2026-02-06 00:00:00,2026-02-06 00:00:00,,Immediate,205.5,"904 East Teton Road Athol, ID 83801 USA",House Account,Invoice,243076,1,"Alpine Summit Heating & Cooling:Ash-Tulip Buildings - Hauser, ID"
2026-03-08 00:00:00,2026-02-06 00:00:00,32345,Net 30,1158,"80385 N Hwy 395 Hermiston, OR 97838 USA",House Account,Invoice,244617,1,Bruce Heating & Air Conditioning Inc.:BRU-Framatone Warehouse 9
2026-03-08 00:00:00,2026-02-06 00:00:00,106267277,Net 30,214,"11 N Auburn St Kennewick, WA 99336 USA",House Account,Invoice,242301-1,1,Dayco Heating & Air:Day-Our Lady of the Desert Parish
2026-03-08 00:00:00,2026-02-06 00:00:00,23255-210705,Net 30,3211,"2521 Stevens Drive Richland, WA 99354 USA",House Account,Invoice,242501-1,1,Total Energy Management:TOT-Port of Pasco - Tri-Cities Airport
2026-03-08 00:00:00,2026-02-06 00:00:00,31672,Net 30,1356,"80385 N Hwy 395 Hermiston, OR 97838 USA",House Account,Invoice,242961,1,Bruce Heating & Air Conditioning Inc.:BRU-Equipment Share Ground-Up - Wenatch
2026-03-08 00:00:00,2026-02-06 00:00:00,RD0029,Net 30,645,"110 W Lions Way Hayden, ID 83835 USA",House Account,Invoice,244866,1,Legacy Heating and Cooling:Leg-FMC - Fire Station 2 Remodel
2026-03-08 00:00:00,2026-02-06 00:00:00,25220CNC,Net 30,315.88,"110 W Lions Way Hayden, ID 83835 USA",House Account,Invoice,244211-2,1,Legacy Heating and Cooling:Leg-Boundary County Justice Building
2026-03-11 00:00:00,2026-02-09 00:00:00,31446,Net 30,8600,"80385 N Hwy 395 Hermiston, OR 97838 USA",House Account,Invoice,242319,1,Bruce Heating & Air Conditioning Inc.:BRU-Bruce Heating Small Projects
2026-03-11 00:00:00,2026-02-09 00:00:00,106267277,Net 30,490.71,"11 N Auburn St Kennewick, WA 99336 USA",House Account,Invoice,243644-1,1,Dayco Heating & Air:Day-Our Lady of the Desert Parish
2026-03-11 00:00:00,2026-02-09 00:00:00,JM00575,Net 30,1510,"110 W Lions Way Hayden, ID 83835 USA",House Account,Invoice,244192,1,Legacy Heating and Cooling:Leg-4th and Pines ESF - Spokane Valley
2026-03-11 00:00:00,2026-02-09 00:00:00,32347,Net 30,885,"80385 N Hwy 395 Hermiston, OR 97838 USA",House Account,Invoice,244614,1,Bruce Heating & Air Conditioning Inc.:BRU-Framatone Warehouse 9
2026-02-09 00:00:00,2026-02-09 00:00:00,Tulip Buildings - Hauser,Immediate,16.5,"904 East Teton Road Athol, ID 83801 USA",House Account,Invoice,243074,1,"Alpine Summit Heating & Cooling:Ash-Tulip Buildings - Hauser, ID"
2026-03-11 00:00:00,2026-02-09 00:00:00,32542,Net 30,1032,"80385 N Hwy 395 Hermiston, OR 97838 USA",House Account,Invoice,245041,1,Bruce Heating & Air Conditioning Inc.:BRU-Specialty Retailer (Natural Grocers
2026-03-11 00:00:00,2026-02-09 00:00:00,187938128-007,Net 30,7605,"1112 N Nelson St Spokane, WA 99202 USA",House Account,Invoice,244374,1,Sturm Heating & Air Conditioning:STU-Planet Fitness TI Newport Hwy - Spo
2026-03-11 00:00:00,2026-02-09 00:00:00,106267277,Net 30,7195,"11 N Auburn St Kennewick, WA 99336 USA",House Account,Invoice,242301-2,1,Dayco Heating & Air:Day-Our Lady of the Desert Parish
2026-03-11 00:00:00,2026-02-09 00:00:00,Missoula FSD/Fans,Net 30,810.11,"1807 E. Francis Spokane, WA 99208 USA",House Account,Invoice,244153-3,1,Air Design:ADE-Affinity at Missoula
2026-03-11 00:00:00,2026-02-09 00:00:00,23478-213451,Net 30,724,"2521 Stevens Drive Richland, WA 99354 USA",House Account,Invoice,244317,1,Total Energy Management:TOT-D&R Insulation Headquarters - Kenne
2026-03-11 00:00:00,2026-02-09 00:00:00,692079,Net 30,420,"PO Box 47983 Seattle, WA 98146 USA",House Account,Invoice,245034,1,"MacDonald-Miller Facility Solutions, Inc.:MAC-Mac Miller Parts"
2026-03-11 00:00:00,2026-02-09 00:00:00,32597,Net 30,6385,"80385 N Hwy 395 Hermiston, OR 97838 USA",House Account,Invoice,245147,1,Bruce Heating & Air Conditioning Inc.:BRU-AC Hotel - Kennewick
2026-03-12 00:00:00,2026-02-10 00:00:00,26041-007,Net 30,41,"PO Box 24406 Seattle, WA 98124 USA",House Account,Invoice,245293,1,McKinstry Company:MCK-McKinstry Spokane Small Projects
2026-03-12 00:00:00,2026-02-10 00:00:00,25191CNC,Net 30,3031.6,"110 W Lions Way Hayden, ID 83835 USA",House Account,Invoice,244694,1,Legacy Heating and Cooling:Leg-413 and 417 Sandpoint Apartments
2026-03-12 00:00:00,2026-02-10 00:00:00,31868,Net 30,985,"80385 N Hwy 395 Hermiston, OR 97838 USA",House Account,Invoice,243420,1,Bruce Heating & Air Conditioning Inc.:BRU-Bruce Heating Small Projects
2026-03-12 00:00:00,2026-02-10 00:00:00,32115,Net 30,176,"80385 N Hwy 395 Hermiston, OR 97838 USA",House Account,Invoice,243967,1,Bruce Heating & Air Conditioning Inc.:BRU-STCU - Othello
2026-03-12 00:00:00,2026-02-10 00:00:00,JM00596,Net 30,1020,"110 W Lions Way Hayden, ID 83835 USA",House Account,Invoice,245169,1,Legacy Heating and Cooling:Leg-Inland Imaging Regional Breast Cent
2026-03-12 00:00:00,2026-02-10 00:00:00,JM00597,Net 30,330,"110 Lions Way Hayden, ID 83835 USA",House Account,Invoice,245190,1,Legacy Heating and Cooling:Leg-Special Projects
2026-03-12 00:00:00,2026-02-10 00:00:00,188369283-001,Net 30,181,"1112 N Nelson St Spokane, WA 99202 USA",House Account,Invoice,244363-1,1,Sturm Heating & Air Conditioning:STU-AGRI Storage Unit PF - Dept. of Agr
2026-03-13 00:00:00,2026-02-11 00:00:00,1245522,Net 30,2496,"2828 W Irving St Pasco, WA 99301 USA",House Account,Invoice,243443,1,"Campbell & Company, Inc.:Cam-Riverpoint Farms"
2026-03-13 00:00:00,2026-02-11 00:00:00,32336,Net 30,525,"80385 N Hwy 395 Hermiston, OR 97838 USA",House Account,Invoice,244577,1,Bruce Heating & Air Conditioning Inc.:BRU-AC Hotel - Kennewick
2026-03-13 00:00:00,2026-02-11 00:00:00,travis8,Net 30,1796,"PO Box 6245 Spokane, WA 99217 USA",House Account,Invoice,244778,1,Steelhead Mechanical:STE-New Bldg 8 - Brass Foundry
2026-03-13 00:00:00,2026-02-11 00:00:00,SMOB-CO3-2818-6,Net 30,1852,"410 OIE Hwy Grandview, WA 98930 USA",House Account,Invoice,244479-1,1,Kollmar Inc:Kollmar Inc GOF
2026-03-13 00:00:00,2026-02-11 00:00:00,Missoula FSD/Fans,Net 30,1465,"1807 E. Francis Spokane, WA 99208 USA",House Account,Invoice,244151,1,Air Design:ADE-Affinity at Missoula
2026-03-13 00:00:00,2026-02-11 00:00:00,31672,Net 30,1724,"80385 N Hwy 395 Hermiston, OR 97838 USA",House Account,Invoice,242961-1,1,Bruce Heating & Air Conditioning Inc.:BRU-Equipment Share Ground-Up - Wenatch
2026-03-13 00:00:00,2026-02-11 00:00:00,32064,Net 30,2951,"80385 N Hwy 395 Hermiston, OR 97838 USA",House Account,Invoice,243801-1,1,Bruce Heating & Air Conditioning Inc.:BRU-Specialty Retailer (Natural Grocers
2026-03-13 00:00:00,2026-02-11 00:00:00,RD0029,Net 30,2720,"110 W Lions Way Hayden, ID 83835 USA",House Account,Invoice,244870,1,Legacy Heating and Cooling:Leg-FMC - Fire Station 2 Remodel
2026-03-13 00:00:00,2026-02-11 00:00:00,420 Evergreen,Net 30,57.78,"PO Box 2527 Spokane, WA 99220 USA",House Account,Invoice,245382,1,Evergreen Heating:EVH-Evergreen Heating Small Projects
2026-03-13 00:00:00,2026-02-11 00:00:00,Sicilia Warehouse,Net 30,161,"PO Box 2527 Spokane, WA 99220 USA",House Account,Invoice,245138,1,Evergreen Heating:EVH-Evergreen Heating Small Projects
2026-03-13 00:00:00,2026-02-11 00:00:00,JM00594,Net 30,4060,"110 W Lions Way Hayden, ID 83835 USA",House Account,Invoice,245059,1,Legacy Heating and Cooling:Leg-Midway Market - Spokane
2026-03-13 00:00:00,2026-02-11 00:00:00,6642600112,Net 30,1550,"PO Box 40 Post Falls, ID 83854 USA",House Account,Invoice,245319,1,Post Falls School Dist
2026-03-13 00:00:00,2026-02-11 00:00:00,JM00578,Net 30,1925,"110 W Lions Way Hayden, ID 83835 USA",House Account,Invoice,244883,1,Legacy Heating and Cooling:Leg-GU Crimont Hall - Restroom Reno
2026-03-13 00:00:00,2026-02-11 00:00:00,32346,Net 30,1586,"80385 N Hwy 395 Hermiston, OR 97838 USA",House Account,Invoice,244615-2,1,Bruce Heating & Air Conditioning Inc.:BRU-Framatone Warehouse 9
2026-03-13 00:00:00,2026-02-11 00:00:00,1247949,Net 30,1785,"2828 W Irving St Pasco, WA 99301 USA",House Account,Invoice,244996,1,"Campbell & Company, Inc.:Cam-Canyon View Apartments - Kennewick"
2026-03-13 00:00:00,2026-02-11 00:00:00,24313008,Net 30,2668,"PO Box 24406 Seattle, WA 98124 USA",House Account,Invoice,244217,1,McKinstry Company:MCK-Fairchild AFB - ADAL Flight Simulat
2026-03-13 00:00:00,2026-02-11 00:00:00,32119,Net 30,58525,"80385 N Hwy 395 Hermiston, OR 97838 USA",House Account,Invoice,244143-1,1,Bruce Heating & Air Conditioning Inc.:BRU-Wenatchee Riverfront Multi-Family
2026-03-13 00:00:00,2026-02-11 00:00:00,Kalispell - Fans,Net 30,3895,"1807 E. Francis Spokane, WA 99208 USA",House Account,Invoice,244453,1,Air Design:ADE-Affinity - Kalispell
2026-03-13 00:00:00,2026-02-11 00:00:00,32362,Net 30,195,"80385 N Hwy 395 Hermiston, OR 97838 USA",House Account,Invoice,244633,1,Bruce Heating & Air Conditioning Inc.:BRU-CarMax - Richland Store #6181
2026-03-13 00:00:00,2026-02-11 00:00:00,32542,Net 30,2734.29,"80385 N Hwy 395 Hermiston, OR 97838 USA",House Account,Invoice,245041-1,1,Bruce Heating & Air Conditioning Inc.:BRU-Specialty Retailer (Natural Grocers
2026-03-13 00:00:00,2026-02-11 00:00:00,JM00578,Net 30,1310,"110 W Lions Way Hayden, ID 83835 USA",House Account,Invoice,244667,1,Legacy Heating and Cooling:Leg-GU Crimont Hall - Restroom Reno
2026-03-13 00:00:00,2026-02-11 00:00:00,9692,Net 30,1440,"11547 N Warren St Hayden, ID 83835 USA",House Account,Invoice,243536,1,Metalcraft Mechanical:Met-Pinecroft F5 TI
2026-03-13 00:00:00,2026-02-11 00:00:00,31671,Net 30,1000,"80385 N Hwy 395 Hermiston, OR 97838 USA",House Account,Invoice,242962,1,Bruce Heating & Air Conditioning Inc.:BRU-Equipment Share Ground-Up - Wenatch
2026-03-13 00:00:00,2026-02-11 00:00:00,20728,Net 30,1112,"80385 N Hwy 395 Hermiston, OR 97838 USA",House Account,Invoice,245247,1,Bruce Heating & Air Conditioning Inc.:BRU-Bruce Heating Small Projects
2026-03-13 00:00:00,2026-02-11 00:00:00,8295-PO7146,Net 30,629.99,"8227 44th Ave W Suite G Mukilteo, WA 98275",House Account,Invoice,245357,1,Total System Services
2026-03-13 00:00:00,2026-02-11 00:00:00,23939/W-00001,Net 30,763,"1207 W Columbia Dr Kennewick, WA 99336 USA",House Account,Invoice,243947-1,1,Apollo Mechanical Contractors:APO-Hermiston School District - Weber F
2026-03-13 00:00:00,2026-02-11 00:00:00,98565346,Net 30,1234,"662 S Main St Colville, WA 99114 USA",House Account,Invoice,244991,1,Norstar Heating & Cooling:NST-Regal Care - Greenacres
2026-03-13 00:00:00,2026-02-11 00:00:00,S325-W-00002,Net 30,63000,"1207 W Columbia Dr Kennewick, WA 99336 USA",House Account,Invoice,242935,1,Apollo Mechanical Contractors:APO-SIA - New Admin Building - REBID -
2026-03-13 00:00:00,2026-02-11 00:00:00,32113,Net 30,231,"80385 N Hwy 395 Hermiston, OR 97838 USA",House Account,Invoice,244063-1,1,Bruce Heating & Air Conditioning Inc.:BRU-Nespelem Longhouse -Confederated Tr
2026-03-13 00:00:00,2026-02-11 00:00:00,25191CNC,Net 30,8639,"110 W Lions Way Hayden, ID 83835 USA",House Account,Invoice,244678,1,Legacy Heating and Cooling:Leg-413 and 417 Sandpoint Apartments
2026-03-13 00:00:00,2026-02-11 00:00:00,25103CNC,Net 30,2096.68,"110 W Lions Way Hayden, ID 83835 USA",House Account,Invoice,240826-1,1,Legacy Heating and Cooling:Leg-LPOSD - Sandpoint High School CTE B
2026-03-13 00:00:00,2026-02-11 00:00:00,JM00578,Net 30,1000,"110 W Lions Way Hayden, ID 83835 USA",House Account,Invoice,244525,1,Legacy Heating and Cooling:Leg-GU Crimont Hall - Restroom Reno
2026-03-14 00:00:00,2026-02-12 00:00:00,32464,Net 30,1237,"80385 N Hwy 395 Hermiston, OR 97838 USA",House Account,Invoice,245271,1,Bruce Heating & Air Conditioning Inc.:BRU-Holiday Inn Express & Suites - Kenn
2026-03-14 00:00:00,2026-02-12 00:00:00,31671,Net 30,15320,"80385 N Hwy 395 Hermiston, OR 97838 USA",House Account,Invoice,242962-1,1,Bruce Heating & Air Conditioning Inc.:BRU-Equipment Share Ground-Up - Wenatch
2026-03-14 00:00:00,2026-02-12 00:00:00,M2990/W-00016,Net 30,36068,"1207 W Columbia Dr Kennewick, WA 99336 USA",House Account,Invoice,243275-2,1,Apollo Mechanical Contractors:APO-Three Rivers Convention Expansion -
2026-03-14 00:00:00,2026-02-12 00:00:00,25220CNC,Net 30,2188.9,"110 W Lions Way Hayden, ID 83835 USA",House Account,Invoice,244209,1,Legacy Heating and Cooling:Leg-Boundary County Justice Building
2026-03-14 00:00:00,2026-02-12 00:00:00,260013,Net 30,761,"106 West Mead Avenue Yakima, WA 98902 USA",House Account,Invoice,245031,1,Absolute Comfort Technology:AMY-Astria Toppenish Hospital
2026-03-14 00:00:00,2026-02-12 00:00:00,WA2788,Net 30,216,"110 W. Lions Way Hayden, ID 83835 USA",House Account,Invoice,245396,1,Legacy Heating and Cooling
2026-03-14 00:00:00,2026-02-12 00:00:00,620856-086,Net 30,1275,"10158 Kinder Moses Lake, WA 98837 USA",House Account,Invoice,239376,1,Basin Refrigeration & Heating:Bas-Microtel Inn and Suites - Ephrata
2026-03-14 00:00:00,2026-02-12 00:00:00,9692,Net 30,1233,"11547 N Warren St Hayden, ID 83835 USA",House Account,Invoice,243365-1,1,Metalcraft Mechanical:Met-Pinecroft F5 TI
2026-03-14 00:00:00,2026-02-12 00:00:00,C250193,Net 30,21115,"80385 N Hwy 395 Hermiston, OR 97838 USA",House Account,Invoice,243390,1,Bruce Heating & Air Conditioning Inc.:BRU-RWC - Pasco
2026-03-15 00:00:00,2026-02-13 00:00:00,23517-216647,Net 30,157,"2521 Stevens Drive Richland, WA 99354 USA",House Account,Invoice,245463,1,Total Energy Management:TOT-Bridgeport Elementary School Modern
2026-03-15 00:00:00,2026-02-13 00:00:00,Cabinet gorge,Net 30,29,"PO Box 6245 Spokane, WA 99217 USA",House Account,Invoice,245513,1,Steelhead Mechanical
2026-03-15 00:00:00,2026-02-13 00:00:00,Barnes South,Net 30,2020,"PO Box 2527 Spokane, WA 99220 USA",House Account,Invoice,245120,1,Evergreen Heating:EVH-Evergreen Heating Small Projects
2026-03-15 00:00:00,2026-02-13 00:00:00,26015163,Net 30,137440,"PO Box 24406 Seattle, WA 98124 USA",House Account,Invoice,244524,1,McKinstry Company:MCK-Honeywell MET Lab
2026-03-15 00:00:00,2026-02-13 00:00:00,WA2787,Net 30,764,"110 W. Lions Way Hayden, ID 83835 USA",House Account,Invoice,245390,1,Legacy Heating and Cooling
2026-03-15 00:00:00,2026-02-13 00:00:00,23267-216456,Net 30,275,"2521 Stevens Drive Richland, WA 99354 USA",House Account,Invoice,244970,1,Total Energy Management:TOT-Columbia Basin College - Student Ho
2026-03-15 00:00:00,2026-02-13 00:00:00,32115,Net 30,176,"80385 N Hwy 395 Hermiston, OR 97838 USA",House Account,Invoice,243967-1,1,Bruce Heating & Air Conditioning Inc.:BRU-STCU - Othello
2026-03-15 00:00:00,2026-02-13 00:00:00,26008174,Net 30,4128,"PO Box 24406 Seattle, WA 98124 USA",House Account,Invoice,244073,1,McKinstry Company:MCK-Honeywell Electronics WWTP
2026-03-15 00:00:00,2026-02-13 00:00:00,32037,Net 30,5520,"80385 N Hwy 395 Hermiston, OR 97838 USA",House Account,Invoice,243751,1,Bruce Heating & Air Conditioning Inc.:BRU-College Place Public Schools-Field
2026-03-15 00:00:00,2026-02-13 00:00:00,9692,Net 30,20055,"11547 N Warren St Hayden, ID 83835 USA",House Account,Invoice,243535,1,Metalcraft Mechanical:Met-Pinecroft F5 TI
2026-03-15 00:00:00,2026-02-13 00:00:00,26021CR-ID,Net 30,3816,"110 W. Lions Way Hayden, ID 83835 USA",,Invoice,244891,,Legacy Heating and Cooling
2026-03-15 00:00:00,2026-02-13 00:00:00,620856-086,Net 30,891,"10158 Kinder Moses Lake, WA 98837 USA",House Account,Invoice,239377,1,Basin Refrigeration & Heating:Bas-Microtel Inn and Suites - Ephrata
2026-03-15 00:00:00,2026-02-13 00:00:00,32542,Net 30,1093.71,"80385 N Hwy 395 Hermiston, OR 97838 USA",House Account,Invoice,245041-2,1,Bruce Heating & Air Conditioning Inc.:BRU-Specialty Retailer (Natural Grocers
2026-03-15 00:00:00,2026-02-13 00:00:00,32529,Net 30,240,"80385 N Hwy 395 Hermiston, OR 97838 USA",House Account,Invoice,244958,1,Bruce Heating & Air Conditioning Inc.:BRU-Bruce Heating Small Projects
2026-03-15 00:00:00,2026-02-13 00:00:00,25191CNC,Net 30,2522.8,"110 W Lions Way Hayden, ID 83835 USA",House Account,Invoice,244677,1,Legacy Heating and Cooling:Leg-413 and 417 Sandpoint Apartments
2026-03-18 00:00:00,2026-02-16 00:00:00,24-28-B,Net 30,1714,"2627 E. Trent Avenue Spokane, WA 99202 USA",House Account,Invoice,241990-1,1,Mackin & Little:MCL-Wenatchee Valley YMCA
2026-03-18 00:00:00,2026-02-16 00:00:00,32464,Net 30,24668,"80385 N Hwy 395 Hermiston, OR 97838 USA",House Account,Invoice,245271-1,1,Bruce Heating & Air Conditioning Inc.:BRU-Holiday Inn Express & Suites - Kenn
2026-03-18 00:00:00,2026-02-16 00:00:00,3-25059-004,Net 30,480,"4121 W Clearwater Ave, Kennewick, WA 99336 USA",House Account,Invoice,243153,1,Silverline HVAC:SIL-The Helix at Innovation Center Apar
2026-03-18 00:00:00,2026-02-16 00:00:00,32464,Net 30,180,"80385 N Hwy 395 Hermiston, OR 97838 USA",House Account,Invoice,245264,1,Bruce Heating & Air Conditioning Inc.:BRU-Holiday Inn Express & Suites - Kenn
2026-03-18 00:00:00,2026-02-16 00:00:00,620856-086,Net 30,879,"10158 Kinder Moses Lake, WA 98837 USA",House Account,Invoice,239374,1,Basin Refrigeration & Heating:Bas-Microtel Inn and Suites - Ephrata
2026-03-18 00:00:00,2026-02-16 00:00:00,C25-0043-543,Net 30,825,"PO Box 6526 Spokane, WA 99217 USA",House Account,Invoice,244801,1,Pro Mechanical Services Inc:Pro-Lake Chelan Health EMS & Admin Buil
2026-03-18 00:00:00,2026-02-16 00:00:00,649364,Net 30,9072.54,"PO Box 47983 Seattle, WA 98146 USA",House Account,Invoice,243852-1,1,"MacDonald-Miller Facility Solutions, Inc.:MAC-University of Idaho - Wallace Resid"
2026-03-18 00:00:00,2026-02-16 00:00:00,Missoula Louvers/Hoods,Net 30,5010,"1807 E. Francis Spokane, WA 99208 USA",House Account,Invoice,244180,1,Air Design:ADE-Affinity at Missoula
2026-03-18 00:00:00,2026-02-16 00:00:00,VELC,Net 30,437,"PO Box 6245 Spokane, WA 99217 USA",House Account,Invoice,245289,1,Steelhead Mechanical:STE-Valley School District - Valley Ear
2026-03-18 00:00:00,2026-02-16 00:00:00,1249086,Net 30,750,"2828 W Irving St Pasco, WA 99301 USA",House Account,Invoice,245323,1,"Campbell & Company, Inc.:Cam-Esprit De Corps ""The Wash"" Laundry"
2026-03-18 00:00:00,2026-02-16 00:00:00,32550,Net 30,907,"80385 N Hwy 395 Hermiston, OR 97838 USA",House Account,Invoice,245515,1,Bruce Heating & Air Conditioning Inc.:BRU-Bruce Heating Small Projects
2026-03-19 00:00:00,2026-02-17 00:00:00,26008174,Net 30,500,"PO Box 24406 Seattle, WA 98124 USA",House Account,Invoice,244073-1,1,McKinstry Company:MCK-Honeywell Electronics WWTP
2026-02-17 00:00:00,2026-02-17 00:00:00,"Tulip Buildings - Hauser,",Immediate,36.9,"904 East Teton Road Athol, ID 83801 USA",House Account,Invoice,243075-1,1,"Alpine Summit Heating & Cooling:Ash-Tulip Buildings - Hauser, ID"
2026-03-19 00:00:00,2026-02-17 00:00:00,Tulip Bldg 2,Net 30,1593.18,"904 East Teton Road Athol, ID 83801 USA",House Account,Invoice,245483,1,"Alpine Summit Heating & Cooling:Ash-Tulip Buildings - Hauser, ID"
2026-03-19 00:00:00,2026-02-17 00:00:00,SS3231/W-00002,Net 30,1201,"1207 W Columbia Dr Kennewick, WA 99336 USA",House Account,Invoice,245285,1,Apollo Mechanical Contractors:APO-Spokane Felts Field Terminal Remodel
2026-03-19 00:00:00,2026-02-17 00:00:00,PO-2570-003,Net 30,15439,"515 S Dishman Mica Rd Spokane, WA 99206 USA",House Account,Invoice,243034-1,1,Hurliman Heating:HUR-U of I - Food Research Center TI -
2026-03-19 00:00:00,2026-02-17 00:00:00,32344,Net 30,3460,"80385 N Hwy 395 Hermiston, OR 97838 USA",House Account,Invoice,244618,1,Bruce Heating & Air Conditioning Inc.:BRU-Framatone Warehouse 9
2026-03-19 00:00:00,2026-02-17 00:00:00,25220CNC,Net 30,4402.18,"110 W Lions Way Hayden, ID 83835 USA",House Account,Invoice,244211-3,1,Legacy Heating and Cooling:Leg-Boundary County Justice Building
2026-03-20 00:00:00,2026-02-18 00:00:00,106267277,Net 30,1400,"11 N Auburn St Kennewick, WA 99336 USA",House Account,Invoice,242303,1,Dayco Heating & Air:Day-Our Lady of the Desert Parish
2026-03-20 00:00:00,2026-02-18 00:00:00,32118,Net 30,876,"80385 N Hwy 395 Hermiston, OR 97838 USA",House Account,Invoice,243970,1,Bruce Heating & Air Conditioning Inc.:BRU-STCU - Othello
2026-03-20 00:00:00,2026-02-18 00:00:00,26049018,Net 30,895,"PO Box 24406 Seattle, WA 98124 USA",House Account,Invoice,245624,1,McKinstry Company:MCK-McKinstry Spokane Small Projects
2026-03-20 00:00:00,2026-02-18 00:00:00,188369283-001,Net 30,200,"1112 N Nelson St Spokane, WA 99202 USA",House Account,Invoice,244363-2,1,Sturm Heating & Air Conditioning:STU-AGRI Storage Unit PF - Dept. of Agr
2026-03-20 00:00:00,2026-02-18 00:00:00,23387-216356,Net 30,75,"2521 Stevens Drive Richland, WA 99354 USA",House Account,Invoice,244780,1,Total Energy Management:TOT-YVFWC-Yakima Valley Family Workers
2026-03-20 00:00:00,2026-02-18 00:00:00,32838,Net 30,623.28,"PO Box 8929 Moscow, ID 83843 USA",House Account,Invoice,245242,1,"Gropp Heating, Air & Electric:Gro-Moscow City Shop"
2026-03-20 00:00:00,2026-02-18 00:00:00,26037159,Net 30,2992,"PO Box 24406 Seattle, WA 98124 USA",House Account,Invoice,245287,1,McKinstry Company:MCK-McKinstry Spokane Small Projects
2026-03-20 00:00:00,2026-02-18 00:00:00,23517-214053,Net 30,5741,"2521 Stevens Drive Richland, WA 99354 USA",House Account,Invoice,241078-2,1,Total Energy Management:TOT-Bridgeport Elementary School Modern
2026-03-20 00:00:00,2026-02-18 00:00:00,S325-W-00005,Net 30,4060,"1207 W Columbia Dr Kennewick, WA 99336 USA",House Account,Invoice,244466,1,Apollo Mechanical Contractors:APO-SIA - New Admin Building - REBID -
2026-03-21 00:00:00,2026-02-19 00:00:00,26007CNC,Net 30,85.86,"110 Lions Way Hayden, ID 83835 USA",House Account,Invoice,245713,1,Legacy Heating and Cooling:Leg-Special Projects
2026-03-21 00:00:00,2026-02-19 00:00:00,32120,Net 30,60620,"80385 N Hwy 395 Hermiston, OR 97838 USA",House Account,Invoice,244142,1,Bruce Heating & Air Conditioning Inc.:BRU-Wenatchee Riverfront Multi-Family
2026-03-21 00:00:00,2026-02-19 00:00:00,23474-213549,Net 30,3757,"2521 Stevens Drive Richland, WA 99354 USA",House Account,Invoice,243273-2,1,Total Energy Management:TOT-HMIS - Eastern Plateau Fire Station
2026-03-21 00:00:00,2026-02-19 00:00:00,Post St,Net 30,32,"PO Box 6245 Spokane, WA 99217 USA",House Account,Invoice,245767,1,Steelhead Mechanical
2026-03-21 00:00:00,2026-02-19 00:00:00,718-1482279A,Net 30,412.65,"1212 E Front St Fax 509 533 9884 Spokane, WA 99202",,Invoice,245634,,Johnstone Supply - Spokane
2026-03-21 00:00:00,2026-02-19 00:00:00,1249086,Net 30,3850,"2828 W Irving St Pasco, WA 99301 USA",,Invoice,245322,,"Campbell & Company, Inc.:Cam-Esprit De Corps ""The Wash"" Laundry"
2026-03-21 00:00:00,2026-02-19 00:00:00,32461,Net 30,12100,"80385 N Hwy 395 Hermiston, OR 97838 USA",,Invoice,245080,,Bruce Heating & Air Conditioning Inc.:BRU-Holiday Inn Express & Suites - Kenn
2026-03-22 00:00:00,2026-02-20 00:00:00,Travis Brass,Net 30,154,"PO Box 6245 Spokane, WA 99217 USA",House Account,Invoice,245788,1,Steelhead Mechanical
2026-02-20 00:00:00,2026-02-20 00:00:00,LOTG,Immediate,511,"7611 N Market St Spokane, WA 99217 USA",House Account,Invoice,245739,1,HVAC 1
2026-03-22 00:00:00,2026-02-20 00:00:00,JM00578,Net 30,2760,"110 W Lions Way Hayden, ID 83835 USA",House Account,Invoice,244318,1,Legacy Heating and Cooling:Leg-GU Crimont Hall - Restroom Reno
2026-03-22 00:00:00,2026-02-20 00:00:00,23478-213451,Net 30,527,"2521 Stevens Drive Richland, WA 99354 USA",House Account,Invoice,245030,1,Total Energy Management:TOT-D&R Insulation Headquarters - Kenne
2026-03-22 00:00:00,2026-02-20 00:00:00,M3056/W-00007,Net 30,2210,"1201 W Columbia Dr Kennewick, WA 99336 USA",House Account,Invoice,245282,1,Apollo Mechanical Contractors:APO-Apollo Tri-Cities Small Projects
2026-03-22 00:00:00,2026-02-20 00:00:00,9664,Net 30,288.32,"11547 N Warren St Hayden, ID 83835 USA",House Account,Invoice,245251,1,Metalcraft Mechanical:Met-CTE Shop Addition for Bonners Ferry
2026-03-22 00:00:00,2026-02-20 00:00:00,23478-213451,Net 30,473,"2521 Stevens Drive Richland, WA 99354 USA",House Account,Invoice,245030-1,1,Total Energy Management:TOT-D&R Insulation Headquarters - Kenne
2026-03-22 00:00:00,2026-02-20 00:00:00,106747155,Net 30,2800,"11 N Auburn St Kennewick, WA 99336 USA",House Account,Invoice,243376,1,Dayco Heating & Air:DAY-Physical Therapy Clinic - Hermiston
2026-03-22 00:00:00,2026-02-20 00:00:00,SS3231/W-00002,Net 30,1094,"1207 W Columbia Dr Kennewick, WA 99336 USA",House Account,Invoice,245380,1,Apollo Mechanical Contractors:APO-Spokane Felts Field Terminal Remodel
2026-03-22 00:00:00,2026-02-20 00:00:00,23474-213549,Net 30,4885,"2521 Stevens Drive Richland, WA 99354 USA",House Account,Invoice,244606-1,1,Total Energy Management:TOT-HMIS - Eastern Plateau Fire Station
2026-03-22 00:00:00,2026-02-20 00:00:00,23492-216762,Net 30,-101.01,"2521 Stevens Drive Richland, WA 99354 USA",House Account,Credit Memo,245809,1,Total Energy Management:TOT-Benton County Fairground Arena Upgr
2026-03-25 00:00:00,2026-02-23 00:00:00,Konala Gonzaga,Net 30,458.5,"PO Box 2527 Spokane, WA 99220 USA",House Account,Invoice,245626,1,Evergreen Heating:EVH-Evergreen Heating Small Projects
2026-03-25 00:00:00,2026-02-23 00:00:00,1247949,Net 30,783,"2828 W Irving St Pasco, WA 99301 USA",House Account,Invoice,245384,1,"Campbell & Company, Inc.:Cam-Canyon View Apartments - Kennewick"
2026-03-25 00:00:00,2026-02-23 00:00:00,25191CNC,Net 30,2246.14,"110 W Lions Way Hayden, ID 83835 USA",House Account,Invoice,244683-1,1,Legacy Heating and Cooling:Leg-413 and 417 Sandpoint Apartments
2026-03-25 00:00:00,2026-02-23 00:00:00,32484,Net 30,3874,"80385 N Hwy 395 Hermiston, OR 97838 USA",House Account,Invoice,244923-1,1,Bruce Heating & Air Conditioning Inc.:BRU-D9 Contractors Office and Warehouse
2026-03-25 00:00:00,2026-02-23 00:00:00,26042165,Net 30,2197.27,"PO Box 24406 Seattle, WA 98124 USA",House Account,Invoice,245402,1,McKinstry Company:MCK-McKinstry Spokane Small Projects
2026-03-25 00:00:00,2026-02-23 00:00:00,620856-086,Net 30,2436,"10158 Kinder Moses Lake, WA 98837 USA",House Account,Invoice,239377-1,1,Basin Refrigeration & Heating:Bas-Microtel Inn and Suites - Ephrata
2026-03-25 00:00:00,2026-02-23 00:00:00,JM00578,Net 30,1925,"110 W Lions Way Hayden, ID 83835 USA",House Account,Invoice,244883-1,1,Legacy Heating and Cooling:Leg-GU Crimont Hall - Restroom Reno
2026-03-26 00:00:00,2026-02-24 00:00:00,1250371,Net 30,1204,"2828 W Irving St Pasco, WA 99301 USA",House Account,Invoice,245916,1,"Campbell & Company, Inc.:Cam-Esprit De Corps ""The Wash"" Laundry"
2026-02-24 00:00:00,2026-02-24 00:00:00,"Tulip Buildings - Hauser,",Immediate,132.48,"904 East Teton Road Athol, ID 83801 USA",House Account,Invoice,243076-1,1,"Alpine Summit Heating & Cooling:Ash-Tulip Buildings - Hauser, ID"
2026-03-26 00:00:00,2026-02-24 00:00:00,32115,Net 30,6688,"80385 N Hwy 395 Hermiston, OR 97838 USA",House Account,Invoice,243967-2,1,Bruce Heating & Air Conditioning Inc.:BRU-STCU - Othello
2026-03-26 00:00:00,2026-02-24 00:00:00,JM00575,Net 30,11290,"110 W Lions Way Hayden, ID 83835 USA",House Account,Invoice,244591,1,Legacy Heating and Cooling:Leg-4th and Pines ESF - Spokane Valley
2026-03-26 00:00:00,2026-02-24 00:00:00,32871,Net 30,220,"80385 N Hwy 395 Hermiston, OR 97838 USA",House Account,Invoice,245846,1,Bruce Heating & Air Conditioning Inc.:BRU-CarMax - Richland Store #6181
2026-03-26 00:00:00,2026-02-24 00:00:00,32379,Net 30,45125,"80385 N Hwy 395 Hermiston, OR 97838 USA",House Account,Invoice,244973,1,Bruce Heating & Air Conditioning Inc.:BRU-Yakama Nation Legends Casino Expans
2026-03-26 00:00:00,2026-02-24 00:00:00,JM00592,Net 30,32100,"110 W Lions Way Hayden, ID 83835 USA",House Account,Invoice,244539,1,Legacy Heating and Cooling:Leg-Inland Imaging Regional Breast Cent
2026-03-26 00:00:00,2026-02-24 00:00:00,M3056/W-00007,Net 30,4928,"1201 W Columbia Dr Kennewick, WA 99336 USA",House Account,Invoice,245523,1,Apollo Mechanical Contractors:APO-Apollo Tri-Cities Small Projects
2026-03-26 00:00:00,2026-02-24 00:00:00,C25-0011-564,Net 30,1028,"PO Box 6526 Spokane, WA 99217 USA",House Account,Invoice,245792,1,Pro Mechanical Services Inc:Pro-Pro Mechanical Small Projects
2026-03-27 00:00:00,2026-02-25 00:00:00,Konala Gonzaga,Net 30,118,"PO Box 2527 Spokane, WA 99220 USA",House Account,Invoice,245943,1,Evergreen Heating:EVH-Evergreen Heating Small Projects
2026-03-27 00:00:00,2026-02-25 00:00:00,5427,Net 30,22360,"PO Box 3423 Spokane, WA 99220 USA",House Account,Invoice,243437,1,McClintock & Turk:McC-SunOpta Omak Interior Reno
2026-03-28 00:00:00,2026-02-26 00:00:00,32345,Net 30,1617,"80385 N Hwy 395 Hermiston, OR 97838 USA",House Account,Invoice,244617-1,1,Bruce Heating & Air Conditioning Inc.:BRU-Framatone Warehouse 9
2026-03-28 00:00:00,2026-02-26 00:00:00,RD0029,Net 30,1485,"110 W Lions Way Hayden, ID 83835 USA",House Account,Invoice,244867,1,Legacy Heating and Cooling:Leg-FMC - Fire Station 2 Remodel
2026-03-28 00:00:00,2026-02-26 00:00:00,26050130,Net 30,2097.6,"PO Box 24406 Seattle, WA 98124 USA",House Account,Invoice,245735,1,McKinstry Company:MCK-McKinstry Spokane Small Projects
2026-03-28 00:00:00,2026-02-26 00:00:00,23123-208654,Net 30,483.08,"2521 Stevens Drive Richland, WA 99354 USA",House Account,Invoice,245524,1,Total Energy Management:TOT-Century Pipe - Industrial Building
2026-03-28 00:00:00,2026-02-26 00:00:00,1662-216561,Net 30,1648,"2521 Stevens Dr Richland, WA 99354 USA",House Account,Invoice,245284,1,Total Energy Management:TOT-Total Energy Small Projects - 2017
2026-03-28 00:00:00,2026-02-26 00:00:00,SS3231/W-00002,Net 30,370,"1207 W Columbia Dr Kennewick, WA 99336 USA",House Account,Invoice,245286,1,Apollo Mechanical Contractors:APO-Spokane Felts Field Terminal Remodel
2026-03-28 00:00:00,2026-02-26 00:00:00,26042165,Net 30,532.51,"PO Box 24406 Seattle, WA 98124 USA",House Account,Invoice,246062,1,McKinstry Company:MCK-McKinstry Spokane Small Projects
2026-03-28 00:00:00,2026-02-26 00:00:00,32816,Net 30,12295,"80385 N Hwy 395 Hermiston, OR 97838 USA",House Account,Invoice,245670,1,Bruce Heating & Air Conditioning Inc.:BRU-Simplot Rainier
2026-03-28 00:00:00,2026-02-26 00:00:00,189626150-001,Net 30,659,"1112 N Nelson St Spokane, WA 99202 USA",House Account,Invoice,246013,1,Sturm Heating & Air Conditioning:STU-Sturm Small Projects
2026-03-28 00:00:00,2026-02-26 00:00:00,32836,Net 30,970,"80385 N Hwy 395 Hermiston, OR 97838 USA",House Account,Invoice,245721,1,Bruce Heating & Air Conditioning Inc.:BRU-Simplot Rainier
2026-03-28 00:00:00,2026-02-26 00:00:00,Kalispell - Fans,Net 30,9060,"1807 E. Francis Spokane, WA 99208 USA",House Account,Invoice,245477,1,Air Design:ADE-Affinity - Kalispell
2026-03-28 00:00:00,2026-02-26 00:00:00,23517-216652,Net 30,715,"2521 Stevens Drive Richland, WA 99354 USA",House Account,Invoice,245495,1,Total Energy Management:TOT-Bridgeport Elementary School Modern
2026-03-28 00:00:00,2026-02-26 00:00:00,Friedrich Wall Sleeve,Net 30,260,"1807 E. Francis Spokane, WA 99208 USA",House Account,Invoice,243942,1,Air Design:ADE-Clarkston Haven
2026-03-28 00:00:00,2026-02-26 00:00:00,Friedrich WHVT14B33A,Net 30,2505,"1807 E. Francis Spokane, WA 99208 USA",House Account,Invoice,243889,1,Air Design:ADE-Clarkston Haven
2026-03-28 00:00:00,2026-02-26 00:00:00,26051135,Net 30,724,"PO Box 24406 Seattle, WA 98124 USA",House Account,Invoice,245886,1,McKinstry Company:MCK-McKinstry Spokane Small Projects
2026-03-28 00:00:00,2026-02-26 00:00:00,Salon,Net 30,1720,"PO Box 6245 Spokane, WA 99217 USA",House Account,Invoice,245840,1,Steelhead Mechanical:STE-Glamour Salon TI - Millworx
2026-03-29 00:00:00,2026-02-27 00:00:00,PO 43093,Net 30,548.53,"970 NE Rose College Place, WA 99324 USA",House Account,Invoice,246017,1,College Place Heating
2026-03-29 00:00:00,2026-02-27 00:00:00,32468,Net 30,1500,"80385 N Hwy 395 Hermiston, OR 97838 USA",House Account,Invoice,245073,1,Bruce Heating & Air Conditioning Inc.:BRU-Holiday Inn Express & Suites - Kenn
2026-03-29 00:00:00,2026-02-27 00:00:00,Furnace FSD,Net 30,3300,"1807 E. Francis Spokane, WA 99208 USA",House Account,Invoice,245518,1,Air Design:ADE-Affinity - Kalispell
2026-03-29 00:00:00,2026-02-27 00:00:00,1250148,Net 30,535,"2828 W Irving St Pasco, WA 99301 USA",House Account,Invoice,245796,1,"Campbell & Company, Inc.:Cam-Health First Urgent Care - Kennewick"
2026-03-29 00:00:00,2026-02-27 00:00:00,260013,Net 30,5074,"106 West Mead Avenue Yakima, WA 98902 USA",House Account,Invoice,245031-1,1,Absolute Comfort Technology:AMY-Astria Toppenish Hospital
2026-03-29 00:00:00,2026-02-27 00:00:00,JM00604,Net 30,17155,"110 W Lions Way Hayden, ID 83835 USA",House Account,Invoice,245908,1,Legacy Heating and Cooling:Leg-The Flying Pickle Post Falls
2026-02-27 00:00:00,2026-02-27 00:00:00,Tulip Buildings - Hauser,Immediate,42.12,"904 East Teton Road Athol, ID 83801 USA",House Account,Invoice,243076-2,1,"Alpine Summit Heating & Cooling:Ash-Tulip Buildings - Hauser, ID"
2026-03-29 00:00:00,2026-02-27 00:00:00,32743,Net 30,6685,"80385 N Hwy 395 Hermiston, OR 97838 USA",House Account,Invoice,245454,1,Bruce Heating & Air Conditioning Inc.:BRU-Yakama Nation Legends Casino Expans
2026-03-29 00:00:00,2026-02-27 00:00:00,22350--198759,Net 30,-2070,"2521 Stevens Drive Richland, WA 99354 USA",House Account,Credit Memo,246195,1,Total Energy Management:TOT-Bridgeport SD - Bridgeport HS Moder
2026-01-29 00:00:00,2025-12-30 00:00:00,204 Evergreen,Net 30,9728,"6848 N Government Way Dalton Gardens, ID 83815 USA",House Account,Invoice,238855-1,1,Alpina Mechanical LLC:Alp-North Evergreen Detox - Spokane Val
2026-01-29 00:00:00,2025-12-30 00:00:00,31612,Net 30,2540,"80385 N Hwy 395 Hermiston, OR 97838 USA",House Account,Invoice,242778,1,Bruce Heating & Air Conditioning Inc.:BRU-Cargill Friona
2026-01-29 00:00:00,2025-12-30 00:00:00,214197,Net 30,1180,"2016 Fruitvale Blvd Yakima, WA 98902-1220 USA",House Account,Invoice,243199,1,MBI Construction Services:MBI-Lower Valley Transfer Station - Kit
2026-01-30 00:00:00,2025-12-31 00:00:00,23943-BC,Net 30,1536,"1201 W Columbia Dr Kennewick, WA 99336 USA",House Account,Invoice,243569,1,Apollo Mechanical Contractors:APO-Apollo Tri-Cities Small Projects
2026-01-30 00:00:00,2025-12-31 00:00:00,23492-214075,Net 30,11093.43,"2521 Stevens Drive Richland, WA 99354 USA",House Account,Invoice,242119-4,1,Total Energy Management:TOT-Benton County Fairground Arena Upgr
2026-01-30 00:00:00,2025-12-31 00:00:00,23517-214053,Net 30,8015,"2521 Stevens Drive Richland, WA 99354 USA",House Account,Invoice,242540,1,Total Energy Management:TOT-Bridgeport Elementary School Modern
2026-01-30 00:00:00,2025-12-31 00:00:00,23492-214075,Net 30,13740,"2521 Stevens Drive Richland, WA 99354 USA",House Account,Invoice,242120,1,Total Energy Management:TOT-Benton County Fairground Arena Upgr
2026-01-30 00:00:00,2025-12-31 00:00:00,C252304,Net 30,5284,"80385 N Hwy 395 Hermiston, OR 97838 USA",House Account,Invoice,239760-1,1,Bruce Heating & Air Conditioning Inc.:BRU-AC Hotel - Kennewick
2026-02-01 00:00:00,2026-01-02 00:00:00,9692,Net 30,77595,"11547 N Warren St Hayden, ID 83835 USA",House Account,Invoice,241531,1,Metalcraft Mechanical:Met-Pinecroft F5 TI
2026-02-04 00:00:00,2026-01-05 00:00:00,LM-129- CVSMercer,Net 30,395,"PO Box 519 Brush Prairie, WA 98606 USA",House Account,Invoice,243630,1,Cowdrey Mechanical Systems LLC:CMS-CVS Pharmacy
2026-02-04 00:00:00,2026-01-05 00:00:00,31570,Net 30,1105,"80385 N Hwy 395 Hermiston, OR 97838 USA",House Account,Invoice,242645,1,Bruce Heating & Air Conditioning Inc.:BRU-Cargill Friona
2026-02-04 00:00:00,2026-01-05 00:00:00,31970,Net 30,795,"80385 N Hwy 395 Hermiston, OR 97838 USA",House Account,Invoice,243607,1,Bruce Heating & Air Conditioning Inc.:BRU-D9 Contractors Office and Warehouse
2026-02-04 00:00:00,2026-01-05 00:00:00,23517-214053,Net 30,77917,"2521 Stevens Drive Richland, WA 99354 USA",House Account,Invoice,240948,1,Total Energy Management:TOT-Bridgeport Elementary School Modern
2026-02-04 00:00:00,2026-01-05 00:00:00,24-28-B,Net 30,636,"2627 E. Trent Avenue Spokane, WA 99202 USA",House Account,Invoice,242994-1,1,Mackin & Little:MCL-Wenatchee Valley YMCA
2026-02-05 00:00:00,2026-01-06 00:00:00,31971,Net 30,710,"80385 N Hwy 395 Hermiston, OR 97838 USA",House Account,Invoice,243606,1,Bruce Heating & Air Conditioning Inc.:BRU-D9 Contractors Office and Warehouse
2026-02-05 00:00:00,2026-01-06 00:00:00,31989,Net 30,600,"80385 N Hwy 395 Hermiston, OR 97838 USA",,Invoice,243614,,Bruce Heating & Air Conditioning Inc.:BRU-Wenatchee Riverfront Multi-Family
2026-02-06 00:00:00,2026-01-07 00:00:00,23935/W-00009,Net 30,323,"1207 W Columbia Dr Kennewick, WA 99336 USA",House Account,Invoice,242424,1,Apollo Mechanical Contractors:APO-Gum Street Apartments - Kennewick
2026-02-06 00:00:00,2026-01-07 00:00:00,23935/W-00008,Net 30,1630,"1207 W Columbia Dr Kennewick, WA 99336 USA",House Account,Invoice,242422,1,Apollo Mechanical Contractors:APO-Gum Street Apartments - Kennewick
2026-02-06 00:00:00,2026-01-07 00:00:00,1338F5,Net 30,165,"11547 N Warren St Hayden, ID 83835 USA",House Account,Invoice,243469,1,Metalcraft Mechanical:Met-Pinecroft F5 TI
2026-02-06 00:00:00,2026-01-07 00:00:00,25-179-20072,Net 30,3655,"7820 Franklin Coeur d' Alene, ID 83815 USA",House Account,Invoice,240977,1,Air Tech:AIR-Classroom Remodel -Coeur Du Christ
2026-02-06 00:00:00,2026-01-07 00:00:00,C250194,Net 30,8260,"80385 N Hwy 395 Hermiston, OR 97838 USA",House Account,Invoice,243389,1,Bruce Heating & Air Conditioning Inc.:BRU-RWC - Pasco
2026-02-07 00:00:00,2026-01-08 00:00:00,31612,Net 30,355,"80385 N Hwy 395 Hermiston, OR 97838 USA",House Account,Invoice,242639,1,Bruce Heating & Air Conditioning Inc.:BRU-Cargill Friona
2026-02-07 00:00:00,2026-01-08 00:00:00,23288-214088,Net 30,5500,"2521 Stevens Drive Richland, WA 99354 USA",House Account,Invoice,242290,1,Total Energy Management:TOT-Pace High School
2026-02-08 00:00:00,2026-01-09 00:00:00,23387-212396,Net 30,4391,"2521 Stevens Drive Richland, WA 99354 USA",House Account,Invoice,243883,1,Total Energy Management:TOT-YVFWC-Yakima Valley Family Workers
2026-02-08 00:00:00,2026-01-09 00:00:00,30906,Net 30,8444,"80385 N Hwy 395 Hermiston, OR 97838 USA",House Account,Invoice,241009-2,1,Bruce Heating & Air Conditioning Inc.:BRU-EB-1 Baghouse System - Richland
2026-02-08 00:00:00,2026-01-09 00:00:00,240269,Net 30,725,"7 South 5th Ave Yakima, WA 98902 USA",House Account,Invoice,243215,1,Absolute Comfort Technology:AMY-American Medical Response - Base of
2026-02-08 00:00:00,2026-01-09 00:00:00,M2969 112-2000,Net 30,130,"1201 W Columbia Dr Kennewick, WA 99336 USA",House Account,Invoice,243295,1,Apollo Mechanical Contractors:APO-Apollo Mechanical - Kennewick Small
2026-02-08 00:00:00,2026-01-09 00:00:00,LM-129- CVSMercer,Net 30,280,"PO Box 519 Brush Prairie, WA 98606 USA",House Account,Invoice,243630-1,1,Cowdrey Mechanical Systems LLC:CMS-CVS Pharmacy
2026-02-08 00:00:00,2026-01-09 00:00:00,M2985-W-00006,Net 30,2015,"1207 W Columbia Dr Kennewick, WA 99336 USA",House Account,Invoice,243585,1,Apollo Mechanical Contractors:APO-Wenatchee Valley College Center for
2026-02-08 00:00:00,2026-01-09 00:00:00,30906,Net 30,859,"80385 N Hwy 395 Hermiston, OR 97838 USA",House Account,Invoice,241009-1,1,Bruce Heating & Air Conditioning Inc.:BRU-EB-1 Baghouse System - Richland
2026-02-08 00:00:00,2026-01-09 00:00:00,23474-213549,Net 30,6297,"2521 Stevens Drive Richland, WA 99354 USA",House Account,Invoice,242253-1,1,Total Energy Management:TOT-HMIS - Eastern Plateau Fire Station
2026-02-08 00:00:00,2026-01-09 00:00:00,23935/W-00009,Net 30,490,"1207 W Columbia Dr Kennewick, WA 99336 USA",House Account,Invoice,242424-1,1,Apollo Mechanical Contractors:APO-Gum Street Apartments - Kennewick
2026-02-11 00:00:00,2026-01-12 00:00:00,23500-214382,Net 30,5361,"2521 Stevens Drive Richland, WA 99354 USA",House Account,Invoice,243395-2,1,Total Energy Management:TOT-Ellensburg Rodeo Arena Seating
2026-02-11 00:00:00,2026-01-12 00:00:00,23474-213549,Net 30,16670,"2521 Stevens Drive Richland, WA 99354 USA",House Account,Invoice,242710,1,Total Energy Management:TOT-HMIS - Eastern Plateau Fire Station
2026-02-12 00:00:00,2026-01-13 00:00:00,240269,Net 30,2812,"7 South 5th Ave Yakima, WA 98902 USA",House Account,Invoice,243216,1,Absolute Comfort Technology:AMY-American Medical Response - Base of
2026-02-12 00:00:00,2026-01-13 00:00:00,M2990/W-00016,Net 30,5355,"1207 W Columbia Dr Kennewick, WA 99336 USA",House Account,Invoice,243275,1,Apollo Mechanical Contractors:APO-Three Rivers Convention Expansion -
2026-02-13 00:00:00,2026-01-14 00:00:00,Timberline,Net 30,11460,"6848 N Government Way Dalton Gardens, ID 83815 USA",House Account,Invoice,242727,1,Alpina Mechanical LLC:Alp-South Freya Apts - The Timberline
2026-02-13 00:00:00,2026-01-14 00:00:00,M2990/W-00016,Net 30,243,"1207 W Columbia Dr Kennewick, WA 99336 USA",House Account,Invoice,244070,1,Apollo Mechanical Contractors:APO-Three Rivers Convention Expansion -
2026-02-13 00:00:00,2026-01-14 00:00:00,M2990/W-00016,Net 30,243,"1207 W Columbia Dr Kennewick, WA 99336 USA",House Account,Invoice,243275-1,1,Apollo Mechanical Contractors:APO-Three Rivers Convention Expansion -
2026-02-13 00:00:00,2026-01-14 00:00:00,9692,Net 30,353,"11547 N Warren St Hayden, ID 83835 USA",House Account,Invoice,243382-2,1,Metalcraft Mechanical:Met-Pinecroft F5 TI
2026-02-13 00:00:00,2026-01-14 00:00:00,PO-2570-003,Net 30,471,"515 S Dishman Mica Rd Spokane, WA 99206 USA",House Account,Invoice,243034,1,Hurliman Heating:HUR-U of I - Food Research Center TI -
2026-02-15 00:00:00,2026-01-16 00:00:00,23517-214053,Net 30,3170,"2521 Stevens Drive Richland, WA 99354 USA",House Account,Invoice,242385,1,Total Energy Management:TOT-Bridgeport Elementary School Modern
2026-02-15 00:00:00,2026-01-16 00:00:00,31741,Net 30,1605,"80385 N Hwy 395 Hermiston, OR 97838 USA",House Account,Invoice,242640,1,Bruce Heating & Air Conditioning Inc.:BRU-Cargill Friona
2026-02-15 00:00:00,2026-01-16 00:00:00,240269,Net 30,2218,"7 South 5th Ave Yakima, WA 98902 USA",,Invoice,243216-1,,Absolute Comfort Technology:AMY-American Medical Response - Base of
2026-02-16 00:00:00,2026-01-17 00:00:00,32063,Net 30,5625,"80385 N Hwy 395 Hermiston, OR 97838 USA",House Account,Invoice,243806,1,Bruce Heating & Air Conditioning Inc.:BRU-Specialty Retailer (Natural Grocers
2026-02-16 00:00:00,2026-01-17 00:00:00,24-28-B,Net 30,1096,"2627 E. Trent Avenue Spokane, WA 99202 USA",House Account,Invoice,242994-2,1,Mackin & Little:MCL-Wenatchee Valley YMCA
2026-02-16 00:00:00,2026-01-17 00:00:00,240269,Net 30,4420,"7 South 5th Ave Yakima, WA 98902 USA",House Account,Invoice,243214,1,Absolute Comfort Technology:AMY-American Medical Response - Base of
2026-02-18 00:00:00,2026-01-19 00:00:00,23255-210705,Net 30,9612,"2521 Stevens Drive Richland, WA 99354 USA",House Account,Invoice,242502-1,1,Total Energy Management:TOT-Port of Pasco - Tri-Cities Airport
2026-02-18 00:00:00,2026-01-19 00:00:00,23939/W-00001,Net 30,612,"1207 W Columbia Dr Kennewick, WA 99336 USA",House Account,Invoice,243947,1,Apollo Mechanical Contractors:APO-Hermiston School District - Weber F
2026-02-19 00:00:00,2026-01-20 00:00:00,23939/W-00001,Net 30,580,"1207 W Columbia Dr Kennewick, WA 99336 USA",House Account,Invoice,243950,1,Apollo Mechanical Contractors:APO-Hermiston School District - Weber F
2026-02-20 00:00:00,2026-01-21 00:00:00,649364,Net 30,2706.18,"PO Box 47983 Seattle, WA 98146 USA",House Account,Invoice,243852,1,"MacDonald-Miller Facility Solutions, Inc.:MAC-University of Idaho - Wallace Resid"
2026-02-20 00:00:00,2026-01-21 00:00:00,32238,Net 30,581.5,"80385 N Hwy 395 Hermiston, OR 97838 USA",House Account,Invoice,244297,1,Bruce Heating & Air Conditioning Inc.:BRU-AC Hotel - Kennewick
2026-02-20 00:00:00,2026-01-21 00:00:00,C250194,Net 30,6728,"80385 N Hwy 395 Hermiston, OR 97838 USA",House Account,Invoice,243389-1,1,Bruce Heating & Air Conditioning Inc.:BRU-RWC - Pasco
2026-02-21 00:00:00,2026-01-22 00:00:00,23474-213549,Net 30,9880,"2521 Stevens Drive Richland, WA 99354 USA",House Account,Invoice,243273-1,1,Total Energy Management:TOT-HMIS - Eastern Plateau Fire Station
2026-02-21 00:00:00,2026-01-22 00:00:00,32112,Net 30,4410,"80385 N Hwy 395 Hermiston, OR 97838 USA",House Account,Invoice,243939,1,Bruce Heating & Air Conditioning Inc.:BRU-Nespelem Longhouse -Confederated Tr
2026-02-21 00:00:00,2026-01-22 00:00:00,32238,Net 30,974.25,"80385 N Hwy 395 Hermiston, OR 97838 USA",House Account,Invoice,244297-1,1,Bruce Heating & Air Conditioning Inc.:BRU-AC Hotel - Kennewick
2026-02-21 00:00:00,2026-01-22 00:00:00,TE105793-1,Net 30,-410.9,"3211 Bell Road NE Moses Lake, WA 98837 USA",House Account,Credit Memo,242391,1,Polhamus Heating:Polhamus Heating GOF
2026-02-22 00:00:00,2026-01-23 00:00:00,23939/W-00001,Net 30,2315,"1207 W Columbia Dr Kennewick, WA 99336 USA",House Account,Invoice,243948,1,Apollo Mechanical Contractors:APO-Hermiston School District - Weber F
2026-02-22 00:00:00,2026-01-23 00:00:00,32064,Net 30,1247,"80385 N Hwy 395 Hermiston, OR 97838 USA",House Account,Invoice,243801,1,Bruce Heating & Air Conditioning Inc.:BRU-Specialty Retailer (Natural Grocers
2026-02-22 00:00:00,2026-01-23 00:00:00,23500-214382,Net 30,4284,"2521 Stevens Drive Richland, WA 99354 USA",House Account,Invoice,243518,1,Total Energy Management:TOT-Ellensburg Rodeo Arena Seating
2026-02-22 00:00:00,2026-01-23 00:00:00,31670,Net 30,2128.21,"80385 N Hwy 395 Hermiston, OR 97838 USA",House Account,Invoice,242964,1,Bruce Heating & Air Conditioning Inc.:BRU-Equipment Share Ground-Up - Wenatch
2026-02-22 00:00:00,2026-01-23 00:00:00,106-25644,Net 30,840,"PO BOX 3886 Coeur d' Alene, ID 83816 USA",House Account,Invoice,242334,1,"Shannon Industrial Contractors, Inc:Sha-Santa-Fernwood Sewer District Reuse"
2026-02-22 00:00:00,2026-01-23 00:00:00,32077,Net 30,4557,"80385 N Hwy 395 Hermiston, OR 97838 USA",House Account,Invoice,243890,1,Bruce Heating & Air Conditioning Inc.:BRU-LW Oberlin Project Warden
2026-02-22 00:00:00,2026-01-23 00:00:00,C6684-68,Net 30,306,"3211 Bell Road NE Moses Lake, WA 98837 USA",House Account,Invoice,244491,1,Polhamus Heating:Polhamus Heating GOF
2026-02-22 00:00:00,2026-01-23 00:00:00,20587,Net 30,5328,"80385 N Hwy 395 Hermiston, OR 97838 USA",House Account,Invoice,243771,1,Bruce Heating & Air Conditioning Inc.:BRU-Lamb Weston ODA - Hermiston OR
2026-02-25 00:00:00,2026-01-26 00:00:00,31670,Net 30,901.79,"80385 N Hwy 395 Hermiston, OR 97838 USA",House Account,Invoice,242964-1,1,Bruce Heating & Air Conditioning Inc.:BRU-Equipment Share Ground-Up - Wenatch
2026-02-25 00:00:00,2026-01-26 00:00:00,32065,Net 30,715,"80385 N Hwy 395 Hermiston, OR 97838 USA",House Account,Invoice,243800,1,Bruce Heating & Air Conditioning Inc.:BRU-Specialty Retailer (Natural Grocers
2026-02-25 00:00:00,2026-01-26 00:00:00,32362,Net 30,394,"80385 N Hwy 395 Hermiston, OR 97838 USA",House Account,Invoice,244631,1,Bruce Heating & Air Conditioning Inc.:BRU-CarMax - Richland Store #6181
2026-02-25 00:00:00,2026-01-26 00:00:00,170247,Net 30,1165,"PO Box 9006 Yakima, WA 98909 USA",House Account,Invoice,244535,1,All Seasons Heating & A/C:ALL-The Haydn Project - REBID
2026-02-25 00:00:00,2026-01-26 00:00:00,26-sterling 16,Net 30,404,"7820 Franklin St Coeur d' Alene, ID 83815 USA",House Account,Invoice,244626,1,Air Tech:AIR-Airtech Small Projects
2026-02-26 00:00:00,2026-01-27 00:00:00,31563,Net 30,5765,"80385 N Hwy 395 Hermiston, OR 97838 USA",House Account,Invoice,242644,1,Bruce Heating & Air Conditioning Inc.:BRU-Cargill Friona
2026-02-26 00:00:00,2026-01-27 00:00:00,32102,Net 30,1940,"80385 N Hwy 395 Hermiston, OR 97838 USA",House Account,Invoice,243807,1,Bruce Heating & Air Conditioning Inc.:BRU-Specialty Retailer (Natural Grocers
2026-02-27 00:00:00,2026-01-28 00:00:00,4229528-00,Net 30,676,"26021 Atlantic Ocean Dr Lake Forest, CA 92630 USA",House Account,Invoice,244607,1,RSD Refrigeration Supplies Distributor:RSD-Special Projects
2026-02-27 00:00:00,2026-01-28 00:00:00,23939/W-00001,Net 30,430,"1207 W Columbia Dr Kennewick, WA 99336 USA",House Account,Invoice,243949,1,Apollo Mechanical Contractors:APO-Hermiston School District - Weber F
2026-02-27 00:00:00,2026-01-28 00:00:00,SMOB-CO3-2818-6,Net 30,694,"410 OIE Hwy Grandview, WA 98930 USA",House Account,Invoice,244479,1,Kollmar Inc:Kollmar Inc GOF
2026-02-27 00:00:00,2026-01-28 00:00:00,Parker Used Auto,Net 30,240.62,"11547 N Warren St Hayden, ID 83835 USA",House Account,Invoice,244743,1,Metalcraft Mechanical:Met-Metalcraft Mechanical Small Projects
2025-12-31 00:00:00,2025-12-01 00:00:00,M3011/W-00006,Net 30,11907,"1207 W Columbia Dr Kennewick, WA 99336 USA",House Account,Invoice,239292-2,1,Apollo Mechanical Contractors:APO-Oregon Potato Company (OPC)
2026-01-01 00:00:00,2025-12-02 00:00:00,31522,Net 30,3213.75,"80385 N Hwy 395 Hermiston, OR 97838 USA",House Account,Invoice,241898,1,Bruce Heating & Air Conditioning Inc.:BRU-Bruce Heating Small Projects
2026-01-01 00:00:00,2025-12-02 00:00:00,31499,Net 30,187,"80385 N Hwy 395 Hermiston, OR 97838 USA",House Account,Invoice,242492,1,Bruce Heating & Air Conditioning Inc.:BRU-Bruce Heating Small Projects
2026-01-02 00:00:00,2025-12-03 00:00:00,25-179,Net 30,73,"7820 Franklin Coeur d' Alene, ID 83815 USA",House Account,Invoice,242525,1,Air Tech:AIR-Classroom Remodel -Coeur Du Christ
2026-01-03 00:00:00,2025-12-04 00:00:00,30943,Net 30,2550,"80385 N Hwy 395 Hermiston, OR 97838 USA",House Account,Invoice,241096-1,1,Bruce Heating & Air Conditioning Inc.:BRU-Darigold - Pasco
2026-01-03 00:00:00,2025-12-04 00:00:00,30249,Net 30,7123,"80385 N Hwy 395 Hermiston, OR 97838 USA",House Account,Invoice,239052-3,1,Bruce Heating & Air Conditioning Inc.:BRU-CarMax - Richland Store #6181
2026-01-04 00:00:00,2025-12-05 00:00:00,30353,Net 30,7450,"80385 N Hwy 395 Hermiston, OR 97838 USA",House Account,Invoice,239403,1,Bruce Heating & Air Conditioning Inc.:BRU-Winco Foods - Ellensburg Distributi
2026-01-04 00:00:00,2025-12-05 00:00:00,30339,Net 30,10230,"80385 N Hwy 395 Hermiston, OR 97838 USA",House Account,Invoice,239388,1,Bruce Heating & Air Conditioning Inc.:BRU-Winco Foods - Ellensburg Distributi
2026-01-04 00:00:00,2025-12-05 00:00:00,30359,Net 30,440,"80385 N Hwy 395 Hermiston, OR 97838 USA",House Account,Invoice,239407,1,Bruce Heating & Air Conditioning Inc.:BRU-Winco Foods - Ellensburg Distributi
2026-01-04 00:00:00,2025-12-05 00:00:00,30346,Net 30,675,"80385 N Hwy 395 Hermiston, OR 97838 USA",House Account,Invoice,239401,1,Bruce Heating & Air Conditioning Inc.:BRU-Winco Foods - Ellensburg Distributi
2026-01-04 00:00:00,2025-12-05 00:00:00,30906,Net 30,2322,"80385 N Hwy 395 Hermiston, OR 97838 USA",House Account,Invoice,241009,1,Bruce Heating & Air Conditioning Inc.:BRU-EB-1 Baghouse System - Richland
2026-01-04 00:00:00,2025-12-05 00:00:00,30340,Net 30,13800,"80385 N Hwy 395 Hermiston, OR 97838 USA",House Account,Invoice,239389,1,Bruce Heating & Air Conditioning Inc.:BRU-Winco Foods - Ellensburg Distributi
2026-01-07 00:00:00,2025-12-08 00:00:00,31004,Net 30,220,"80385 N Hwy 395 Hermiston, OR 97838 USA",House Account,Invoice,241277,1,Bruce Heating & Air Conditioning Inc.:BRU-City of Grandview-3.0 MG Reservoir
2026-01-07 00:00:00,2025-12-08 00:00:00,C252858,Net 30,12050,"80385 N Hwy 395 Hermiston, OR 97838 USA",House Account,Invoice,239402,1,Bruce Heating & Air Conditioning Inc.:BRU-Winco Foods - Ellensburg Distributi
2026-01-07 00:00:00,2025-12-08 00:00:00,30381,Net 30,496,"80385 N Hwy 395 Hermiston, OR 97838 USA",House Account,Invoice,239520,1,Bruce Heating & Air Conditioning Inc.:BRU-Simplot Rainier Dampers
2026-01-08 00:00:00,2025-12-09 00:00:00,30253,Net 30,1540,"80385 N Hwy 395 Hermiston, OR 97838 USA",House Account,Invoice,239049-1,1,Bruce Heating & Air Conditioning Inc.:BRU-CarMax - Richland Store #6181
2026-01-08 00:00:00,2025-12-09 00:00:00,30253,Net 30,200,"80385 N Hwy 395 Hermiston, OR 97838 USA",House Account,Invoice,239049,1,Bruce Heating & Air Conditioning Inc.:BRU-CarMax - Richland Store #6181
2026-01-08 00:00:00,2025-12-09 00:00:00,C252858,Net 30,22862,"80385 N Hwy 395 Hermiston, OR 97838 USA",House Account,Invoice,237794,1,Bruce Heating & Air Conditioning Inc.:BRU-Winco Foods - Ellensburg Distributi
2026-01-11 00:00:00,2025-12-12 00:00:00,30347,Net 30,1270,"80385 N Hwy 395 Hermiston, OR 97838 USA",House Account,Invoice,239464,1,Bruce Heating & Air Conditioning Inc.:BRU-Winco Foods - Ellensburg Distributi
2026-01-14 00:00:00,2025-12-15 00:00:00,30905,Net 30,26911,"80385 N Hwy 395 Hermiston, OR 97838 USA",House Account,Invoice,241010,1,Bruce Heating & Air Conditioning Inc.:BRU-EB-1 Baghouse System - Richland
2026-01-14 00:00:00,2025-12-15 00:00:00,30905,Net 30,24114,"80385 N Hwy 395 Hermiston, OR 97838 USA",House Account,Invoice,241010-1,1,Bruce Heating & Air Conditioning Inc.:BRU-EB-1 Baghouse System - Richland
2026-01-14 00:00:00,2025-12-15 00:00:00,C252304,Net 30,60921,"80385 N Hwy 395 Hermiston, OR 97838 USA",House Account,Invoice,239760,1,Bruce Heating & Air Conditioning Inc.:BRU-AC Hotel - Kennewick
2026-01-14 00:00:00,2025-12-15 00:00:00,Harrington Unit 9,Net 30,10440,"6848 N Government Way Dalton Gardens, ID 83815 USA",House Account,Invoice,242378,1,Alpina Mechanical LLC:Alp-The Harrington Condominiums
2026-01-17 00:00:00,2025-12-18 00:00:00,31482,Net 30,1052,"80385 N Hwy 395 Hermiston, OR 97838 USA",House Account,Invoice,242415,1,Bruce Heating & Air Conditioning Inc.:BRU-Darigold - Pasco
2026-01-18 00:00:00,2025-12-19 00:00:00,9661,Net 30,5196.12,"11547 N Warren St Hayden, ID 83835 USA",House Account,Invoice,239917-1,1,Metalcraft Mechanical:Met-NomNom #43 Post Falls
2026-01-18 00:00:00,2025-12-19 00:00:00,C252858,Net 30,1821,"80385 N Hwy 395 Hermiston, OR 97838 USA",House Account,Invoice,237796-1,1,Bruce Heating & Air Conditioning Inc.:BRU-Winco Foods - Ellensburg Distributi
2026-01-18 00:00:00,2025-12-19 00:00:00,M2985-W-00006,Net 30,13059,"1207 W Columbia Dr Kennewick, WA 99336 USA",House Account,Invoice,241345-1,1,Apollo Mechanical Contractors:APO-Wenatchee Valley College Center for
2026-01-18 00:00:00,2025-12-19 00:00:00,30349,Net 30,501.82,"80385 N Hwy 395 Hermiston, OR 97838 USA",,Invoice,239398-1,,Bruce Heating & Air Conditioning Inc.:BRU-Winco Foods - Ellensburg Distributi
2026-01-21 00:00:00,2025-12-22 00:00:00,214197,Net 30,290,"2016 Fruitvale Blvd Yakima, WA 98902-1220 USA",,Invoice,243201,,MBI Construction Services:MBI-Lower Valley Transfer Station - Kit
2026-01-22 00:00:00,2025-12-23 00:00:00,C252858,Net 30,53216,"80385 N Hwy 395 Hermiston, OR 97838 USA",House Account,Invoice,237795,1,Bruce Heating & Air Conditioning Inc.:BRU-Winco Foods - Ellensburg Distributi
2026-01-25 00:00:00,2025-12-26 00:00:00,9661,Net 30,963.64,"11547 N Warren St Hayden, ID 83835 USA",House Account,Invoice,239916-1,1,Metalcraft Mechanical:Met-NomNom #43 Post Falls
2026-01-28 00:00:00,2025-12-29 00:00:00,Dockside,Net 30,29.99,"7820 Franklin St Coeur d' Alene, ID 83815 USA",House Account,Invoice,240958-1,1,Air Tech:AIR-Airtech Small Projects
2026-01-28 00:00:00,2025-12-29 00:00:00,M2985-W-00006,Net 30,23925,"1207 W Columbia Dr Kennewick, WA 99336 USA",House Account,Invoice,241345-3,1,Apollo Mechanical Contractors:APO-Wenatchee Valley College Center for
2026-01-28 00:00:00,2025-12-29 00:00:00,31812,Net 30,5000,"80385 N Hwy 395 Hermiston, OR 97838 USA",House Account,Invoice,243197,1,Bruce Heating & Air Conditioning Inc.:BRU-Simplot Rainier Dampers
2026-01-28 00:00:00,2025-12-29 00:00:00,30348,Net 30,15940,"80385 N Hwy 395 Hermiston, OR 97838 USA",House Account,Invoice,239399,1,Bruce Heating & Air Conditioning Inc.:BRU-Winco Foods - Ellensburg Distributi
2026-01-28 00:00:00,2025-12-29 00:00:00,23492-214075,Net 30,4699,"2521 Stevens Drive Richland, WA 99354 USA",House Account,Invoice,242119-2,1,Total Energy Management:TOT-Benton County Fairground Arena Upgr
2026-01-28 00:00:00,2025-12-29 00:00:00,C250195,Net 30,7158,"80385 N Hwy 395 Hermiston, OR 97838 USA",,Invoice,243388,,Bruce Heating & Air Conditioning Inc.:BRU-RWC - Pasco
2025-09-06 00:00:00,2025-08-07 00:00:00,ATH-2626-2A,Net 30,-740,"410 O.I.E. Hwy Grandview, WA 98930 USA",,Credit Memo,237555,,Kollmar Inc:KOL-Astria Toppenish Hospital - Behavio
2025-10-05 00:00:00,2025-09-05 00:00:00,Lancze Douglas Shop Remod,Net 30,17023,"Double R Heating PO Box 1386 Veradale, WA 99037",,Invoice,237079,,Double R Heating:Dou-LGD HQ - Office Expansion
2025-11-05 00:00:00,2025-10-06 00:00:00,25113056,Net 30,997,"PO Box 24406 Seattle, WA 98124 USA",,Invoice,239614,,McKinstry Company:MCK-B2065 Repair Readiness HVAC
2025-11-21 00:00:00,2025-10-22 00:00:00,Lancze Douglas Shop Remod,Net 30,5525,"Double R Heating PO Box 1386 Veradale, WA 99037",,Invoice,240236,,Double R Heating:Dou-LGD HQ - Office Expansion
2025-11-27 00:00:00,2025-10-28 00:00:00,718-1473278A,Net 30,304.99,"1212 E Front St Fax 509 533 9884 Spokane, WA 99202",,Invoice,241074,,Johnstone Supply - Spokane
2025-12-18 00:00:00,2025-11-18 00:00:00,245986582,Net 30,33024.3,"PO Box 8929 Moscow, ID 83843 USA",,Invoice,241389,,"Gropp Heating, Air & Electric:Gro-Barlow Truss Company Phase 2 Shop"
2025-12-19 00:00:00,2025-11-19 00:00:00,245986582,Net 30,1664.2,"PO Box 8929 Moscow, ID 83843 USA",,Invoice,241389-1,,"Gropp Heating, Air & Electric:Gro-Barlow Truss Company Phase 2 Shop"
2025-12-20 00:00:00,2025-11-20 00:00:00,C250022,Net 30,120,"PO Box 6526 Spokane, WA 99217 USA",,Invoice,240119,,Pro Mechanical Services Inc
2025-12-21 00:00:00,2025-11-21 00:00:00,30605,Net 30,2825,"80385 N Hwy 395 Hermiston, OR 97838 USA",,Invoice,240173-2,,Bruce Heating & Air Conditioning Inc.:BRU-Bruce Heating Small Projects
2025-12-26 00:00:00,2025-11-26 00:00:00,M3011/W-00009,Net 30,12558.3,"1207 W Columbia Dr Kennewick, WA 99336 USA",,Invoice,241809,,Apollo Mechanical Contractors:APO-Oregon Potato Company (OPC)
2024-10-16 00:00:00,2024-09-16 00:00:00,,Net 30,-885,"14326 55th Ave W Edmonds, WA 98026-3856 USA",House Account,Credit Memo,222929,1,Heat Master Inc.
2026-02-16 00:00:00,2026-01-17 00:00:00,PO0057485,Net 30,2826,"1114 N Ruby St Spokane, WA 99202 USA",House Account,Invoice,243830,1,Market Equipment:Market Equipment  GOF
,,,,,,,,,,
,,,,4958263.92,,,,,,
,,,,,,,,,,
,,,,1769.98,,,,,,
