Unnamed: 0,Unnamed: 1,Invoice Type,Invoice date,Invoice Number,Unnamed: 6,Payment Terms,Due Date,Unnamed: 9,Invoice Amount,Branch,Unnamed: 12,Unnamed: 13,Unnamed: 14,Unnamed: 15,Unnamed: 16,Unnamed: 17,Unnamed: 18,Unnamed: 19,Unnamed: 20,Unnamed: 21,Unnamed: 22,Unnamed: 23,Unnamed: 24,Unnamed: 25,Unnamed: 26,Unnamed: 27,Unnamed: 28,Unnamed: 29,Unnamed: 30
Vendor Name,Name Contact,Type,Issue Date,Invoice Number,Memo,Terms,Due Date,Age,Open Balance,Class,,Source Account,Source Product Line,Source Description,DR Description,Source Product Line Desc,Source Branch desc,,,Oracle BU,Oracle Branch,Oracle LOB,Oracle Dept,Oracle Account,Oracle IC,Oracle Addback,Oracle Prodline,Oracle Future,GL Account
American Louver Company-WA,,Bill,2026-02-17 00:00:00,266546,FB: PO# - 26-11019,Net 30,46100,11,2602.1,Seattle,,1203,Air Distribution,1203 · Commodity Inventory,Seattle,,,,,1510,1601,100,000,115101,0000,000,0000,0000,1510.1601.100.000.115101.0000.000.0000.0000
Cascade Wholesale Hardware Inc-1,,Bill,2026-02-23 00:00:00,6377849-00,FB: PO# - 26-11242,Net 30,46106,5,299.76,Seattle,,1203,Air Distribution,1203 · Commodity Inventory,,,,,,1510,1601,100,000,115101,0000,000,0000,0000,1510.1601.100.000.115101.0000.000.0000.0000
Design Polymerics,,Bill,2026-02-09 00:00:00,259616 X Partial Shi,FB: PO# - 26-10140,1% 10 Net 30,46092,19,8145,Seattle,,1203,Air Distribution,1203 · Commodity Inventory,,,,,,1510,1601,100,000,115101,0000,000,0000,0000,1510.1601.100.000.115101.0000.000.0000.0000
Duro Dyne Corp,,Bill,2026-02-11 00:00:00,3141684,FB: PO# - 26-10964,Net 30,46094,17,3399.02,Seattle,,1203,Air Distribution,1203 · Commodity Inventory,,,,,,1510,1601,100,000,115101,0000,000,0000,0000,1510.1601.100.000.115101.0000.000.0000.0000
Ecco Manufacturing-WA,,Bill,2026-02-13 00:00:00,74485,FB: PO# - 26-10390,2% 15 Net 30,46096,15,615,Seattle,,1203,Air Distribution,1203 · Commodity Inventory,,,,,,1510,1601,100,000,115101,0000,000,0000,0000,1510.1601.100.000.115101.0000.000.0000.0000
Ecco Manufacturing-WA,,Bill,2026-02-13 00:00:00,74514,FB: PO# - 26-11002,2% 15 Net 30,46096,15,185.99,Seattle,,1203,Air Distribution,1203 · Commodity Inventory,,,,,,1510,1601,100,000,115101,0000,000,0000,0000,1510.1601.100.000.115101.0000.000.0000.0000
Ecco Manufacturing-WA,,Bill,2026-02-24 00:00:00,75315,FB: PO# - 26-11211,2% 15 Net 30,46107,4,1664.05,Seattle,,1203,Air Distribution,1203 · Commodity Inventory,,,,,,1510,1601,100,000,115101,0000,000,0000,0000,1510.1601.100.000.115101.0000.000.0000.0000
Fastenal Company,,Bill,2026-02-09 00:00:00,WASE382545,FB: PO# - 26-10854,Net 30,46092,19,120.26,Seattle,,1203,Air Distribution,1203 · Commodity Inventory,,,,,,1510,1601,100,000,115101,0000,000,0000,0000,1510.1601.100.000.115101.0000.000.0000.0000
Fastenal Company,,Bill,2026-02-12 00:00:00,WASE382595,FB: PO# - 26-10854,Net 30,46095,16,705,Seattle,,1203,Air Distribution,1203 · Commodity Inventory,,,,,,1510,1601,100,000,115101,0000,000,0000,0000,1510.1601.100.000.115101.0000.000.0000.0000
Fresh Air Manufacturing Co Inc,,Bill,2026-02-20 00:00:00,0731026-IN,FB: PO# - 26-11081,Net 30,46103,8,3425.93,Seattle,,1203,Air Distribution,1203 · Commodity Inventory,,,,,,1510,1601,100,000,115101,0000,000,0000,0000,1510.1601.100.000.115101.0000.000.0000.0000
Greenheck Fan Corporation (v),,Bill,2026-02-21 00:00:00,95706454,FB: PO# - 26-10483,Net 60,46104,7,4577.56,Seattle,,1203,Air Distribution,1203 · Commodity Inventory,,,,,,1510,1601,100,000,115101,0000,000,0000,0000,1510.1601.100.000.115101.0000.000.0000.0000
Gripple Inc,Ross-A/R,Bill,2026-02-06 00:00:00,SI-323458,FB: PO# - 26-10699,1.5% 10 Net 30,46089,22,34391.36,Seattle,,1203,Air Distribution,1203 · Commodity Inventory,,,,,,1510,1601,100,000,115101,0000,000,0000,0000,1510.1601.100.000.115101.0000.000.0000.0000
Gripple Inc,Ross-A/R,Bill,2026-02-17 00:00:00,SI324005,FB: PO# - 26-11065,1.5% 10 Net 30,46100,11,20740,Seattle,,1203,Air Distribution,1203 · Commodity Inventory,,,,,,1510,1601,100,000,115101,0000,000,0000,0000,1510.1601.100.000.115101.0000.000.0000.0000
"Just Right Heating & Cooling, Inc",,Bill,2026-02-02 00:00:00,6334,FB: PO# - 26-10469,Net 30,46085,26,7119.4,Seattle,,1203,Air Distribution,1203 · Commodity Inventory,,,,,,1510,1601,100,000,115101,0000,000,0000,0000,1510.1601.100.000.115101.0000.000.0000.0000
Nystrom Inc,,Bill,2026-01-28 00:00:00,CI000067637,FB: PO# - 26-10102,Net 30,46080,31,1709.63,Seattle,,1203,Air Distribution,1203 · Commodity Inventory,,,,,,1510,1601,100,000,115101,0000,000,0000,0000,1510.1601.100.000.115101.0000.000.0000.0000
"Rainier Metal Works, LLC",,Bill,2026-01-30 00:00:00,22922,FB: PO# - 26-10414,Net 30,46082,29,15742.7,Seattle,,1203,Air Distribution,1203 · Commodity Inventory,,,,,,1510,1601,100,000,115101,0000,000,0000,0000,1510.1601.100.000.115101.0000.000.0000.0000
"Rainier Metal Works, LLC",,Bill,2026-02-13 00:00:00,23027,FB: PO# - 26-10856,Net 30,46096,15,5505.4,Seattle,,1203,Air Distribution,1203 · Commodity Inventory,,,,,,1510,1601,100,000,115101,0000,000,0000,0000,1510.1601.100.000.115101.0000.000.0000.0000
"Rainier Metal Works, LLC",,Bill,2026-02-20 00:00:00,23082,FB: PO# - 26-11069,Net 30,46103,8,783,Seattle,,1203,Air Distribution,1203 · Commodity Inventory,,,,,,1510,1601,100,000,115101,0000,000,0000,0000,1510.1601.100.000.115101.0000.000.0000.0000
Refrigeration Supplies Distributor,,Credit,2024-12-17 00:00:00,64197214-00,Repairs,Immediate,,438,-204.51,Seattle,,1203,Air Distribution,1203 · Commodity Inventory,,,,,,1510,1601,100,000,115101,0000,000,0000,0000,1510.1601.100.000.115101.0000.000.0000.0000
Southwark Metal Manufacturing Co. Inc,,Bill,2026-02-02 00:00:00,106247,FB: PO# - 26-10673,Net 30,46085,26,3987,Seattle,,1203,Air Distribution,1203 · Commodity Inventory,,,,,,1510,1601,100,000,115101,0000,000,0000,0000,1510.1601.100.000.115101.0000.000.0000.0000
Southwark Metal Manufacturing Co. Inc,,Bill,2026-02-10 00:00:00,106510,FB: PO# - 26-10849,Net 30,46093,18,3027.73,Seattle,,1203,Air Distribution,1203 · Commodity Inventory,,,,,,1510,1601,100,000,115101,0000,000,0000,0000,1510.1601.100.000.115101.0000.000.0000.0000
"Atco Rubber Products, Inc",,Bill,2026-02-20 00:00:00,2612580705,FB: PO# - 26-11038,2% 30 Net 60,46133,8,19088.49,Spokane,,1203,Air Distribution,1203 · Commodity Inventory,,,,,,1510,1602,100,000,115101,0000,000,0000,0000,1510.1602.100.000.115101.0000.000.0000.0000
Ecco Manufacturing-WA,,Bill,2026-02-23 00:00:00,75190,FB: PO# - 26-11002,2% 15 Net 30,46106,5,77.74,Spokane,,1203,Air Distribution,1203 · Commodity Inventory,,,,,,1510,1602,100,000,115101,0000,000,0000,0000,1510.1602.100.000.115101.0000.000.0000.0000
Fastenal Company,,Bill,2026-01-27 00:00:00,WASE382376,FB: PO# - 26-10467,Net 30,46079,32,3261.5,Spokane,,1203,Air Distribution,1203 · Commodity Inventory,,,,,,1510,1602,100,000,115101,0000,000,0000,0000,1510.1602.100.000.115101.0000.000.0000.0000
Gripple Inc,Ross-A/R,Bill,2026-02-03 00:00:00,SI-323164,FB: PO# - 26-10699,Net 30,46086,25,665,Spokane,,1203,Air Distribution,1203 · Commodity Inventory,,,,,,1510,1602,100,000,115101,0000,000,0000,0000,1510.1602.100.000.115101.0000.000.0000.0000
Gripple Inc,Ross-A/R,Bill,2026-02-06 00:00:00,SI-323461,FB: PO# - 26-10711,1.5% 10 Net 30,46089,22,23935,Spokane,,1203,Air Distribution,1203 · Commodity Inventory,,,,,,1510,1602,100,000,115101,0000,000,0000,0000,1510.1602.100.000.115101.0000.000.0000.0000
Gripple Inc,Ross-A/R,Bill,2026-02-09 00:00:00,SI-322595 X,FB: PO# - 26-10384,Net 30,46092,19,19653.4,Spokane,,1203,Air Distribution,1203 · Commodity Inventory,,,,,,1510,1602,100,000,115101,0000,000,0000,0000,1510.1602.100.000.115101.0000.000.0000.0000
Gripple Inc,Ross-A/R,Bill,2026-02-18 00:00:00,SI-324277,FB: PO# - 26-11065,1.5% 10 Net 30,46101,10,14791.48,Spokane,,1203,Air Distribution,1203 · Commodity Inventory,,,,,,1510,1602,100,000,115101,0000,000,0000,0000,1510.1602.100.000.115101.0000.000.0000.0000
Southwark Metal Manufacturing Co. Inc,,Bill,2026-02-23 00:00:00,106891,FB: PO# - 26-11210,Net 30,46106,5,3702.62,Spokane,,1203,Air Distribution,1203 · Commodity Inventory,,,,,,1510,1602,100,000,115101,0000,000,0000,0000,1510.1602.100.000.115101.0000.000.0000.0000
Southwark Metal Manufacturing Co. Inc,,Bill,2026-01-26 00:00:00,106064,FB: PO# - 26-10503,Net 30,46078,33,16473.87,Spokane,,1203,Air Distribution,1203 · Commodity Inventory,,,,,,1510,1602,100,000,115101,0000,000,0000,0000,1510.1602.100.000.115101.0000.000.0000.0000
360 Sheet Metal LLC,,Bill,2026-02-06 00:00:00,36365,FB: PO# - 26-10044  Created for SO #242736,Net 30,46089,22,1675,Seattle,,1204,Air Distribution,1204 · Engineered Inventory,,,,,,1510,1601,100,000,115101,0000,000,0000,0000,1510.1601.100.000.115101.0000.000.0000.0000
Airius LLC,,Bill,2026-02-10 00:00:00,24483,FB: PO# - 26-10564  Attn: Stephen Zakowski  Marketing Materials  Freight to be added when invoiced,Net 30,46093,18,842,Seattle,,1204,Air Distribution,1204 · Engineered Inventory,,,,,,1510,1601,100,000,115101,0000,000,0000,0000,1510.1601.100.000.115101.0000.000.0000.0000
Cascade Machinery & Electric,,Credit,2025-12-01 00:00:00,CM494,FB: PO# - 25-17896CR  RMA-865.,Immediate,,89,-1844.66,Seattle,,1204,Air Distribution,1204 · Engineered Inventory,,,,,,1510,1601,100,000,115101,0000,000,0000,0000,1510.1601.100.000.115101.0000.000.0000.0000
Dynamic Logistix,,Credit,2025-10-29 00:00:00,247268CR,FB: PO# - 24-17268CR  Created from RMA #841.,Immediate,,122,-250,Seattle,,1204,Air Distribution,1204 · Engineered Inventory,,,,,,1510,1601,100,000,115101,0000,000,0000,0000,1510.1601.100.000.115101.0000.000.0000.0000
Greenheck Fan Corporation (v),,Bill,2026-02-05 00:00:00,95679485 X,FB: PO# - 26-10229,Net 60,46088,23,782.47,Seattle,,1204,Air Distribution,1204 · Engineered Inventory,,,,,,1510,1601,100,000,115101,0000,000,0000,0000,1510.1601.100.000.115101.0000.000.0000.0000
Greenheck Fan Corporation (v),,Bill,2026-02-10 00:00:00,95694260,FB: PO# - 26-10538,Net 60,46093,18,19305.21,Seattle,,1204,Air Distribution,1204 · Engineered Inventory,,,,,,1510,1601,100,000,115101,0000,000,0000,0000,1510.1601.100.000.115101.0000.000.0000.0000
Greenheck Fan Corporation (v),,Bill,2026-02-19 00:00:00,95677611 X_1,FB: PO# - 25-18714A  Created for SO #245707,Net 60,46102,9,381.14,Seattle,,1204,Air Distribution,1204 · Engineered Inventory,,,,,,1510,1601,100,000,115101,0000,000,0000,0000,1510.1601.100.000.115101.0000.000.0000.0000
Greenheck Fan Corporation (v),,Bill,2026-02-19 00:00:00,95703964,FB: PO# - 26-10483,Net 60,46102,9,6888.02,Seattle,,1204,Air Distribution,1204 · Engineered Inventory,,,,,,1510,1601,100,000,115101,0000,000,0000,0000,1510.1601.100.000.115101.0000.000.0000.0000
Greenheck Fan Corporation (v),,Bill,2026-01-22 00:00:00,95675799,FB: PO# - 26-10536,Net 60,46074,37,2079.65,Seattle,,1204,Air Distribution,1204 · Engineered Inventory,,,,,,1510,1601,100,000,115101,0000,000,0000,0000,1510.1601.100.000.115101.0000.000.0000.0000
Metalaire,,Bill,2026-02-07 00:00:00,95691703,FB: PO# - 26-10539,Net 30,46090,21,22291.08,Seattle,,1204,Air Distribution,1204 · Engineered Inventory,,,,,,1510,1601,100,000,115101,0000,000,0000,0000,1510.1601.100.000.115101.0000.000.0000.0000
Metalaire,,Bill,2026-02-09 00:00:00,95680246 X,"FB: PO# - 26-10153  mvalencia - when submitting to MA - used PO 25-10153, reaching out to MA to ...",Net 30,46092,19,1300.5,Seattle,,1204,Air Distribution,1204 · Engineered Inventory,,,,,,1510,1601,100,000,115101,0000,000,0000,0000,1510.1601.100.000.115101.0000.000.0000.0000
Mi Controls Inc.,,Credit,2025-10-16 00:00:00,03016465CR,FB: PO# - 24-17535CR,Immediate,,135,-712.86,Seattle,,1204,Air Distribution,1204 · Engineered Inventory,,,,,,1510,1601,100,000,115101,0000,000,0000,0000,1510.1601.100.000.115101.0000.000.0000.0000
Midwest Snips,,Credit,2025-06-22 00:00:00,374031DUPL,Duplicate Pmt Inv 374031,Immediate,,251,-1308.18,Seattle,,1204,Air Distribution,1204 · Engineered Inventory,,,,,,1510,1601,100,000,115101,0000,000,0000,0000,1510.1601.100.000.115101.0000.000.0000.0000
Panasonic Home & Commercial,,Bill,2026-02-02 00:00:00,9000101848X,FB: PO# - 26-10024,1% 30 NET 45,46100,26,1438.08,Seattle,,1204,Air Distribution,1204 · Engineered Inventory,,,,,,1510,1601,100,000,115101,0000,000,0000,0000,1510.1601.100.000.115101.0000.000.0000.0000
Panasonic Home & Commercial,,Bill,2026-02-09 00:00:00,9000100465 X,FB: PO# - 26-10024,1% 30 NET 45,46107,19,766.89,Seattle,,1204,Air Distribution,1204 · Engineered Inventory,,,,,,1510,1601,100,000,115101,0000,000,0000,0000,1510.1601.100.000.115101.0000.000.0000.0000
Panasonic Home & Commercial,,Bill,2026-02-16 00:00:00,9000117643,FB: PO# - 26-10826A,1% 30 NET 45,46114,12,161.97,Seattle,,1204,Air Distribution,1204 · Engineered Inventory,,,,,,1510,1601,100,000,115101,0000,000,0000,0000,1510.1601.100.000.115101.0000.000.0000.0000
Precision Air Products Co.,,Credit,2026-01-28 00:00:00,CM17011,FB: PO# - 25-18653CR  RMA-914.,Immediate,,31,-776,Seattle,,1204,Air Distribution,1204 · Engineered Inventory,,,,,,1510,1601,100,000,115101,0000,000,0000,0000,1510.1601.100.000.115101.0000.000.0000.0000
"Fantech, Inc / Systemair Inc.",,Bill,2026-02-17 00:00:00,802785,FB: PO# - 26-10389,Net 60,46130,11,6728.4,Spokane,,1204,Air Distribution,1204 · Engineered Inventory,,,,,,1510,1602,100,000,115101,0000,000,0000,0000,1510.1602.100.000.115101.0000.000.0000.0000
"Fantech, Inc / Systemair Inc.",,Bill,2026-02-17 00:00:00,802786,FB: PO# - 26-10389,Net 60,46130,11,627.6,Spokane,,1204,Air Distribution,1204 · Engineered Inventory,,,,,,1510,1602,100,000,115101,0000,000,0000,0000,1510.1602.100.000.115101.0000.000.0000.0000
Greenheck Fan Corporation (v),,Bill,2026-02-10 00:00:00,95693685,FB: PO# - 26-10538,Net 60,46093,18,1400.12,Spokane,,1204,Air Distribution,1204 · Engineered Inventory,,,,,,1510,1602,100,000,115101,0000,000,0000,0000,1510.1602.100.000.115101.0000.000.0000.0000
Greenheck Fan Corporation (v),,Bill,2026-02-12 00:00:00,95696461,FB: PO# - 26-10533,Net 60,46095,16,11734.07,Spokane,,1204,Air Distribution,1204 · Engineered Inventory,,,,,,1510,1602,100,000,115101,0000,000,0000,0000,1510.1602.100.000.115101.0000.000.0000.0000
Greenheck Fan Corporation (v),,Bill,2026-02-18 00:00:00,9570303023,FB: PO# - 26-10538,Net 60,46101,10,27312.32,Spokane,,1204,Air Distribution,1204 · Engineered Inventory,,,,,,1510,1602,100,000,115101,0000,000,0000,0000,1510.1602.100.000.115101.0000.000.0000.0000
Greenheck Fan Corporation (v),,Bill,2026-01-14 00:00:00,95666360,FB: PO# - 26-10033  Originating Sales Order #243647  Originating Notes:  Mike Hebert - 425.761.3209,Net 60,46066,45,18352,Spokane,,1204,Air Distribution,1204 · Engineered Inventory,,,,,,1510,1602,100,000,115101,0000,000,0000,0000,1510.1602.100.000.115101.0000.000.0000.0000
Panasonic Home & Commercial,,Bill,2026-02-10 00:00:00,9000111089_1,FB: PO# - 26-10277  Created for SO #244143,1% 30 NET 45,46108,18,50179.75,Spokane,,1204,Air Distribution,1204 · Engineered Inventory,,,,,,1510,1602,100,000,115101,0000,000,0000,0000,1510.1602.100.000.115101.0000.000.0000.0000
Panasonic Home & Commercial,,Bill,2026-02-18 00:00:00,9000119763,FB: PO# - 26-10916,1% 30 NET 45,46116,10,2060.55,Spokane,,1204,Air Distribution,1204 · Engineered Inventory,,,,,,1510,1602,100,000,115101,0000,000,0000,0000,1510.1602.100.000.115101.0000.000.0000.0000
Acudor Products Inc.,,Bill,2026-02-09 00:00:00,INV264718,FB: PO# - 26-10868  Created for SO #245180  SO Note: Bryce Steckler -   Mike Hebert - 425.761.32...,Net 60,46122,19,1544.67,Seattle,,5011,Parts,5011 · Commodity Inventory Costs,,,,,,1510,1601,150,000,511000,0000,000,1045,0000,1510.1601.150.000.511000.0000.000.1045.0000
Gripple Inc,Ross-A/R,Bill,2026-02-02 00:00:00,SI-323005 X,FB: PO# - 26-10540  Created for SO #244325  SO Note: Jason Kranz - 206.730.5204  Canyon Pointe  ...,Net 30,46085,26,1962,Seattle,,5011,Parts,5011 · Commodity Inventory Costs,,,,,,1510,1601,150,000,511000,0000,000,1045,0000,1510.1601.150.000.511000.0000.000.1045.0000
Gripple Inc,Ross-A/R,Bill,2026-02-09 00:00:00,SI-323471,FB: PO# - 26-10473  Created for SO #244396  SO Note: Josh Arnold - 206.571.3163  Sabey COL E2  J...,1.5% 10 Net 30,46092,19,3270.75,Seattle,,5011,Parts,5011 · Commodity Inventory Costs,,,,,,1510,1601,150,000,511000,0000,000,1045,0000,1510.1601.150.000.511000.0000.000.1045.0000
Metu Streimer,,Bill,2026-02-20 00:00:00,119633M,FB: PO# - 26-11042  Created for SO #245272  SO Note: Keith 206-683-1414  Great Sun,Net 30,46103,8,2951.2,Seattle,,5011,Parts,5011 · Commodity Inventory Costs,,,,,,1510,1601,150,000,511000,0000,000,1045,0000,1510.1601.150.000.511000.0000.000.1045.0000
Nystrom Inc,,Bill,2026-02-16 00:00:00,CI000069035,FB: PO# - 26-10375  Created for SO #244255  SO Note: Kevin Kuborn - 509.713.3178  Tristan Leavy ...,Net 30,46099,12,509.12,Seattle,,5011,Parts,5011 · Commodity Inventory Costs,,,,,,1510,1601,150,000,511000,0000,000,1045,0000,1510.1601.150.000.511000.0000.000.1045.0000
Nystrom Inc,,Bill,2026-01-28 00:00:00,CI000067639,FB: PO# - 26-10583  Created for SO #244598  SO Note: Sean Hall - 206.510.1918  MJRC Courthouse  ...,Net 30,46080,31,1926.1,Seattle,,5011,Parts,5011 · Commodity Inventory Costs,,,,,,1510,1601,150,000,511000,0000,000,1045,0000,1510.1601.150.000.511000.0000.000.1045.0000
"Raymon Enterprises, Inc.",,Bill,2026-02-18 00:00:00,168903,FB: PO# - 26-10270  Created for SO #243581,Net 30,46101,10,5018.19,Seattle,,5011,Parts,5011 · Commodity Inventory Costs,,,,,,1510,1601,150,000,511000,0000,000,1045,0000,1510.1601.150.000.511000.0000.000.1045.0000
Acudor Products Inc.,,Bill,2026-02-17 00:00:00,INV265786,FB: PO# - 26-11120  Created for SO #245290  SO Note: Sean Hall - 206.510.1918  Commerce Parkview...,Net 60,46130,11,629.1,Spokane,,5011,Parts,5011 · Commodity Inventory Costs,,,,,,1510,1602,150,000,511000,0000,000,1045,0000,1510.1602.150.000.511000.0000.000.1045.0000
Airius LLC,,Bill,2026-02-27 00:00:00,24636,FB: PO# - 26-10967  Created for SO #245352,Net 30,46110,1,1734,Seattle,,5012,Air Distribution,5012 · Engineered Inventory Costs,,,,,,1510,1601,100,000,511000,0000,000,1020,0000,1510.1601.100.000.511000.0000.000.1020.0000
Airius LLC,,Bill,2026-02-27 00:00:00,24635,FB: PO# - 26-11312  Created for SO #245908  Site Contact: Jeremy M - 509-319-0250,Net 30,46110,1,14019.4,Seattle,,5012,Air Distribution,5012 · Engineered Inventory Costs,,,,,,1510,1601,100,000,511000,0000,000,1020,0000,1510.1601.100.000.511000.0000.000.1020.0000
A-J Manufacturing Co,,Bill,2026-02-09 00:00:00,44320,FB: PO# - 25-18789  Created for SO #243420  Quote # 12222025-41854-JHAAKE-083807  Site Contact: ...,Net 30,46092,19,726,Seattle,,5012,Air Distribution,5012 · Engineered Inventory Costs,,,,,,1510,1601,100,000,511000,0000,000,1020,0000,1510.1601.100.000.511000.0000.000.1020.0000
American Aldes,,Bill,2026-02-13 00:00:00,449552,FB: PO# - 26-10995  Created for SO #244714,Net 30,46096,15,280.54,Seattle,,5012,Air Distribution,5012 · Engineered Inventory Costs,,,,,,1510,1601,100,000,511000,0000,000,1020,0000,1510.1601.100.000.511000.0000.000.1020.0000
American Aldes,,Bill,2026-02-18 00:00:00,449158 X,FB: PO# - 25-18479  Created for SO #241538  SO Note: Sean Camarata   COM Service Calls   PO 1660...,Net 30,46101,10,777.5,Seattle,,5012,Air Distribution,5012 · Engineered Inventory Costs,,,,,,1510,1601,100,000,511000,0000,000,1020,0000,1510.1601.100.000.511000.0000.000.1020.0000
American Aldes,,Bill,2026-02-23 00:00:00,449609,FB: PO# - 26-11199  Created for SO #245722  SO Note: Contact phone number: 206-200-2353 David GC...,Net 30,46106,5,849.4,Seattle,,5012,Air Distribution,5012 · Engineered Inventory Costs,,,,,,1510,1601,100,000,511000,0000,000,1020,0000,1510.1601.100.000.511000.0000.000.1020.0000
American Aldes,,Bill,2026-02-23 00:00:00,449595,FB: PO# - 26-11177  Created for SO #245646,Net 30,46106,5,764.08,Seattle,,5012,Air Distribution,5012 · Engineered Inventory Costs,,,,,,1510,1601,100,000,511000,0000,000,1020,0000,1510.1601.100.000.511000.0000.000.1020.0000
American Aldes,,Bill,2026-02-26 00:00:00,449528,FB: PO# - 26-10920  Created for SO #245265,Net 30,46109,2,32955.5,Seattle,,5012,Air Distribution,5012 · Engineered Inventory Costs,,,,,,1510,1601,100,000,511000,0000,000,1020,0000,1510.1601.100.000.511000.0000.000.1020.0000
"Broan-Nutone, LLC",,Bill,2026-02-05 00:00:00,9874418,FB: PO# - 26-10541  Created for SO #244556  SO Note: Packing Slip Must Reference Customer PO# M-...,Net 30,46088,23,149.26,Seattle,,5012,Air Distribution,5012 · Engineered Inventory Costs,,,,,,1510,1601,100,000,511000,0000,000,1020,0000,1510.1601.100.000.511000.0000.000.1020.0000
"Broan-Nutone, LLC",,Bill,2026-02-11 00:00:00,9879801,FB: PO# - 26-10523  Created for SO #244393,2% 10 Net 30,46094,17,115020,Seattle,,5012,Air Distribution,5012 · Engineered Inventory Costs,,,,,,1510,1601,100,000,511000,0000,000,1020,0000,1510.1601.100.000.511000.0000.000.1020.0000
"Broan-Nutone, LLC",,Bill,2026-02-13 00:00:00,9881930,FB: PO# - 25-18745  Created for SO #243332  SO Note: FRANK GRANSTON 206-807-0193  PO# 682748  Jo...,2% 10 Net 30,46096,15,54.12,Seattle,,5012,Air Distribution,5012 · Engineered Inventory Costs,,,,,,1510,1601,100,000,511000,0000,000,1020,0000,1510.1601.100.000.511000.0000.000.1020.0000
"Broan-Nutone, LLC",,Bill,2026-02-23 00:00:00,9887994,FB: PO# - 26-11116  Created for SO #245578  SO Note: Mary Popplewell 206-519-4539  PO# 693465  J...,2% 10 Net 30,46106,5,80.37,Seattle,,5012,Air Distribution,5012 · Engineered Inventory Costs,,,,,,1510,1601,100,000,511000,0000,000,1020,0000,1510.1601.100.000.511000.0000.000.1020.0000
CDI Curbs-WA,,Bill,2026-01-30 00:00:00,558971,FB: PO# - 26-10543  Created for SO #244571  Site Contact: Andrea C 509-734-0669,Net 30,46082,29,3644,Seattle,,5012,Air Distribution,5012 · Engineered Inventory Costs,,,,,,1510,1601,100,000,511000,0000,000,1020,0000,1510.1601.100.000.511000.0000.000.1020.0000
CDI Curbs-WA,,Bill,2026-02-25 00:00:00,562223,FB: PO# - 26-11207  Created for SO #245736,Net 30,46108,3,4180,Seattle,,5012,Air Distribution,5012 · Engineered Inventory Costs,,,,,,1510,1601,100,000,511000,0000,000,1020,0000,1510.1601.100.000.511000.0000.000.1020.0000
CPM Industrial LLC,,Bill,2026-02-16 00:00:00,77-004,FB: PO# - 26-11009  Created for SO #245432,Net 30,46099,12,1880,Seattle,,5012,Air Distribution,5012 · Engineered Inventory Costs,,,,,,1510,1601,100,000,511000,0000,000,1020,0000,1510.1601.100.000.511000.0000.000.1020.0000
Critical Environment Technologies Canada,,Bill,2026-02-18 00:00:00,INV201338,FB: PO# - 26-11003  Created for SO #245420,Net 30,46101,10,2520.5,Seattle,,5012,Air Distribution,5012 · Engineered Inventory Costs,,,,,,1510,1601,100,000,511000,0000,000,1020,0000,1510.1601.100.000.511000.0000.000.1020.0000
Critical Environment Technologies Canada,,Bill,2026-02-18 00:00:00,INV201344,FB: PO# - 26-11001  Created for SO #245418,Net 30,46101,10,3291,Seattle,,5012,Air Distribution,5012 · Engineered Inventory Costs,,,,,,1510,1601,100,000,511000,0000,000,1020,0000,1510.1601.100.000.511000.0000.000.1020.0000
Detroit Radiant Products Company,,Bill,2026-02-02 00:00:00,0465484-IN X,FB: PO# - 26-10649  Created for SO #244732  SO Note: Rod 425-9676571  PO 2435-148833,Net 30,46085,26,137.57,Seattle,,5012,Air Distribution,5012 · Engineered Inventory Costs,,,,,,1510,1601,100,000,511000,0000,000,1020,0000,1510.1601.100.000.511000.0000.000.1020.0000
Detroit Radiant Products Company,,Bill,2026-02-05 00:00:00,0465742-IN,FB: PO# - 26-10788  Created for SO #244989  SO Note: Nikki Knapp 253.872.5665   Service Steel  P...,Net 30,46088,23,172.04,Seattle,,5012,Air Distribution,5012 · Engineered Inventory Costs,,,,,,1510,1601,100,000,511000,0000,000,1020,0000,1510.1601.100.000.511000.0000.000.1020.0000
Detroit Radiant Products Company,,Bill,2026-02-10 00:00:00,0465957-IN,FB: PO# - 26-10218  Created for SO #244019,Net 30,46093,18,1160.78,Seattle,,5012,Air Distribution,5012 · Engineered Inventory Costs,,,,,,1510,1601,100,000,511000,0000,000,1020,0000,1510.1601.100.000.511000.0000.000.1020.0000
"EP Custom Products, Inc",,Bill,2026-02-25 00:00:00,8569,"FB: PO# - 26-10322  Per Quote 1921  Please mark shipment: ""McClintock & Turk PO# 5427""",Net 30,46108,3,19670,Seattle,,5012,Air Distribution,5012 · Engineered Inventory Costs,,,,,,1510,1601,100,000,511000,0000,000,1020,0000,1510.1601.100.000.511000.0000.000.1020.0000
"Fantech, Inc / Systemair Inc.",,Bill,2026-02-02 00:00:00,000801837 X,FB: PO# - 26-10330  Created for SO #240349  Aliecia Carmichael  Purchasing Agent  Code Mechanica...,Net 30,46085,26,3252.6,Seattle,,5012,Air Distribution,5012 · Engineered Inventory Costs,,,,,,1510,1601,100,000,511000,0000,000,1020,0000,1510.1601.100.000.511000.0000.000.1020.0000
"Fantech, Inc / Systemair Inc.",,Bill,2026-02-25 00:00:00,80338,FB: PO# - 26-11202  Created for SO #245721  Site Contact: Matthew Marley 509-781-3555,Net 60,46138,3,654.12,Seattle,,5012,Air Distribution,5012 · Engineered Inventory Costs,,,,,,1510,1601,100,000,511000,0000,000,1020,0000,1510.1601.100.000.511000.0000.000.1020.0000
"Fantech, Inc / Systemair Inc.",,Bill,2026-02-26 00:00:00,803438,FB: PO# - 26-11292  Created for SO #245871,Net 60,46139,2,447.12,Seattle,,5012,Air Distribution,5012 · Engineered Inventory Costs,,,,,,1510,1601,100,000,511000,0000,000,1020,0000,1510.1601.100.000.511000.0000.000.1020.0000
"Fantech, Inc / Systemair Inc.",,Bill,2026-02-26 00:00:00,803459,"FB: PO# - 26-11328  Please mark shipment: ""Salon Project""",Net 60,46139,2,1475.91,Seattle,,5012,Air Distribution,5012 · Engineered Inventory Costs,,,,,,1510,1601,100,000,511000,0000,000,1020,0000,1510.1601.100.000.511000.0000.000.1020.0000
"GE Appliances, a Haier Company",,Bill,2026-02-23 00:00:00,182970400,FB: PO# - 26-10804  Created for SO #245055,Net 30,46106,5,2287,Seattle,,5012,Air Distribution,5012 · Engineered Inventory Costs,,,,,,1510,1601,100,000,511000,0000,000,1020,0000,1510.1601.100.000.511000.0000.000.1020.0000
Grainger (ACH),,Bill,2026-02-26 00:00:00,810307330 X,FB: PO# - 26-10178  Created for SO #243942,Net 30,46109,2,217,Seattle,,5012,Air Distribution,5012 · Engineered Inventory Costs,,,,,,1510,1601,100,000,511000,0000,000,1020,0000,1510.1601.100.000.511000.0000.000.1020.0000
Greater Northwest Reps,,Bill,2026-02-02 00:00:00,11294X,FB: PO# - 26-10581  Created for SO #244589  SO Note: Kyle Folk   po#32354,Net 30,46085,26,134.04,Seattle,,5012,Air Distribution,5012 · Engineered Inventory Costs,,,,,,1510,1601,100,000,511000,0000,000,1020,0000,1510.1601.100.000.511000.0000.000.1020.0000
Greater Northwest Reps,,Bill,2026-02-02 00:00:00,11298X,FB: PO# - 26-10623  Created for SO #244675  SO Note: Jamison Ausburn 425-977-3398  PO 2412-148784,Net 30,46085,26,248.31,Seattle,,5012,Air Distribution,5012 · Engineered Inventory Costs,,,,,,1510,1601,100,000,511000,0000,000,1020,0000,1510.1601.100.000.511000.0000.000.1020.0000
Greater Northwest Reps,,Bill,2026-02-13 00:00:00,11324,FB: PO# - 26-11022  Created for SO #245406  SO Note: RONEL MARQUEZ (206) 656-8555   Goodyear #88...,Net 30,46096,15,174.83,Seattle,,5012,Air Distribution,5012 · Engineered Inventory Costs,,,,,,1510,1601,100,000,511000,0000,000,1020,0000,1510.1601.100.000.511000.0000.000.1020.0000
Greenheck Fan Corporation (v),,Bill,2026-01-29 00:00:00,95682463,FB: PO# - 26-10630  Created for SO #244745  SO Note: notify Kanvir Bhogal (425) 319-3428 upon ar...,Net 60,46081,30,867.79,Seattle,,5012,Air Distribution,5012 · Engineered Inventory Costs,,,,,,1510,1601,100,000,511000,0000,000,1020,0000,1510.1601.100.000.511000.0000.000.1020.0000
Greenheck Fan Corporation (v),,Bill,2026-01-29 00:00:00,95682464,FB: PO# - 26-10639  Created for SO #244761,Net 60,46081,30,50,Seattle,,5012,Air Distribution,5012 · Engineered Inventory Costs,,,,,,1510,1601,100,000,511000,0000,000,1020,0000,1510.1601.100.000.511000.0000.000.1020.0000
Greenheck Fan Corporation (v),,Bill,2026-01-29 00:00:00,95682359,FB: PO# - 26-10608  Created for SO #244691  SO Note: Matt Winski  Fire Damper Foreman  tel: 253-...,Net 60,46081,30,271.22,Seattle,,5012,Air Distribution,5012 · Engineered Inventory Costs,,,,,,1510,1601,100,000,511000,0000,000,1020,0000,1510.1601.100.000.511000.0000.000.1020.0000
Greenheck Fan Corporation (v),,Bill,2026-01-29 00:00:00,95682293,FB: PO# - 26-10550  Created for SO #244581,Net 60,46081,30,205.07,Seattle,,5012,Air Distribution,5012 · Engineered Inventory Costs,,,,,,1510,1601,100,000,511000,0000,000,1020,0000,1510.1601.100.000.511000.0000.000.1020.0000
Greenheck Fan Corporation (v),,Bill,2026-01-29 00:00:00,95682193,FB: PO# - 26-10638  Created for SO #244755,Net 60,46081,30,1124.6,Seattle,,5012,Air Distribution,5012 · Engineered Inventory Costs,,,,,,1510,1601,100,000,511000,0000,000,1020,0000,1510.1601.100.000.511000.0000.000.1020.0000
Greenheck Fan Corporation (v),,Bill,2026-01-29 00:00:00,95682212,FB: PO# - 26-10651  Created for SO #244791,Net 60,46081,30,528.56,Seattle,,5012,Air Distribution,5012 · Engineered Inventory Costs,,,,,,1510,1601,100,000,511000,0000,000,1020,0000,1510.1601.100.000.511000.0000.000.1020.0000
Greenheck Fan Corporation (v),,Bill,2026-01-29 00:00:00,95681996,FB: PO# - 25-18014W  Created for SO #244530  Created from RMA #911  Failed motor under warranty ...,Net 60,46081,30,568.11,Seattle,,5012,Air Distribution,5012 · Engineered Inventory Costs,,,,,,1510,1601,100,000,511000,0000,000,1020,0000,1510.1601.100.000.511000.0000.000.1020.0000
Greenheck Fan Corporation (v),,Bill,2026-01-29 00:00:00,95681654,FB: PO# - 26-10348  Created for SO #244253,Net 60,46081,30,275.85,Seattle,,5012,Air Distribution,5012 · Engineered Inventory Costs,,,,,,1510,1601,100,000,511000,0000,000,1020,0000,1510.1601.100.000.511000.0000.000.1020.0000
Greenheck Fan Corporation (v),,Bill,2026-01-29 00:00:00,95681655,FB: PO# - 25-17969  Created for SO #241932,Net 60,46081,30,8144.73,Seattle,,5012,Air Distribution,5012 · Engineered Inventory Costs,,,,,,1510,1601,100,000,511000,0000,000,1020,0000,1510.1601.100.000.511000.0000.000.1020.0000
Greenheck Fan Corporation (v),,Bill,2026-01-29 00:00:00,95681652,FB: PO# - 26-10271  Created for SO #244133  Justin Riggins  (253) 348-9888 | cell  (253) 572-948...,Net 60,46081,30,328.37,Seattle,,5012,Air Distribution,5012 · Engineered Inventory Costs,,,,,,1510,1601,100,000,511000,0000,000,1020,0000,1510.1601.100.000.511000.0000.000.1020.0000
Greenheck Fan Corporation (v),,Bill,2026-01-29 00:00:00,95681651,FB: PO# - 26-10217  Created for SO #244020,Net 60,46081,30,27.29,Seattle,,5012,Air Distribution,5012 · Engineered Inventory Costs,,,,,,1510,1601,100,000,511000,0000,000,1020,0000,1510.1601.100.000.511000.0000.000.1020.0000
Greenheck Fan Corporation (v),,Bill,2026-01-29 00:00:00,95681741,FB: PO# - 26-10289  Created for SO #244150,Net 60,46081,30,4863.28,Seattle,,5012,Air Distribution,5012 · Engineered Inventory Costs,,,,,,1510,1601,100,000,511000,0000,000,1020,0000,1510.1601.100.000.511000.0000.000.1020.0000
Greenheck Fan Corporation (v),,Bill,2026-01-29 00:00:00,95681742,FB: PO# - 25-18870  Created for SO #243608,Net 60,46081,30,7869.05,Seattle,,5012,Air Distribution,5012 · Engineered Inventory Costs,,,,,,1510,1601,100,000,511000,0000,000,1020,0000,1510.1601.100.000.511000.0000.000.1020.0000
Greenheck Fan Corporation (v),,Bill,2026-01-29 00:00:00,95682399,FB: PO# - 26-10660  Created for SO #244807,Net 60,46081,30,243.19,Seattle,,5012,Air Distribution,5012 · Engineered Inventory Costs,,,,,,1510,1601,100,000,511000,0000,000,1020,0000,1510.1601.100.000.511000.0000.000.1020.0000
Greenheck Fan Corporation (v),,Bill,2026-01-30 00:00:00,95683257,FB: PO# - 26-10302  Created for SO #244186,Net 60,46082,29,512.01,Seattle,,5012,Air Distribution,5012 · Engineered Inventory Costs,,,,,,1510,1601,100,000,511000,0000,000,1020,0000,1510.1601.100.000.511000.0000.000.1020.0000
Greenheck Fan Corporation (v),,Bill,2026-02-02 00:00:00,95682606 X,FB: PO# - 26-10652  Created for SO #244692,Net 60,46085,26,891.79,Seattle,,5012,Air Distribution,5012 · Engineered Inventory Costs,,,,,,1510,1601,100,000,511000,0000,000,1020,0000,1510.1601.100.000.511000.0000.000.1020.0000
Greenheck Fan Corporation (v),,Bill,2026-02-02 00:00:00,95682607X,FB: PO# - 26-10669  Created for SO #244522,Net 60,46085,26,15.15,Seattle,,5012,Air Distribution,5012 · Engineered Inventory Costs,,,,,,1510,1601,100,000,511000,0000,000,1020,0000,1510.1601.100.000.511000.0000.000.1020.0000
Greenheck Fan Corporation (v),,Bill,2026-02-02 00:00:00,95682747X,FB: PO# - 26-10677  Created for SO #244648,Net 60,46085,26,492.98,Seattle,,5012,Air Distribution,5012 · Engineered Inventory Costs,,,,,,1510,1601,100,000,511000,0000,000,1020,0000,1510.1601.100.000.511000.0000.000.1020.0000
Greenheck Fan Corporation (v),,Bill,2026-02-02 00:00:00,95683144X,FB: PO# - 26-10440  Created for SO #244329,Net 60,46085,26,1043.05,Seattle,,5012,Air Distribution,5012 · Engineered Inventory Costs,,,,,,1510,1601,100,000,511000,0000,000,1020,0000,1510.1601.100.000.511000.0000.000.1020.0000
Greenheck Fan Corporation (v),,Bill,2026-02-02 00:00:00,95683342X,FB: PO# - 26-10590  Created for SO #244654  Cameron Foreman  Assistant Project Manager  Emerald ...,Net 60,46085,26,1051.88,Seattle,,5012,Air Distribution,5012 · Engineered Inventory Costs,,,,,,1510,1601,100,000,511000,0000,000,1020,0000,1510.1601.100.000.511000.0000.000.1020.0000
Greenheck Fan Corporation (v),,Bill,2026-02-02 00:00:00,95683303X,FB: PO# - 26-10633  Created for SO #244749,Net 60,46085,26,1559.61,Seattle,,5012,Air Distribution,5012 · Engineered Inventory Costs,,,,,,1510,1601,100,000,511000,0000,000,1020,0000,1510.1601.100.000.511000.0000.000.1020.0000
Greenheck Fan Corporation (v),,Bill,2026-02-02 00:00:00,95683460X,FB: PO# - 25-18683  Created for SO #243225,Net 60,46085,26,1373.94,Seattle,,5012,Air Distribution,5012 · Engineered Inventory Costs,,,,,,1510,1601,100,000,511000,0000,000,1020,0000,1510.1601.100.000.511000.0000.000.1020.0000
Greenheck Fan Corporation (v),,Bill,2026-02-02 00:00:00,95683422X,FB: PO# - 26-10688  Created for SO #244843  SO Note: Tom Tice 509-630-7777   PO # 16-6298-3483,Net 60,46085,26,488.08,Seattle,,5012,Air Distribution,5012 · Engineered Inventory Costs,,,,,,1510,1601,100,000,511000,0000,000,1020,0000,1510.1601.100.000.511000.0000.000.1020.0000
Greenheck Fan Corporation (v),,Bill,2026-02-02 00:00:00,95683723X,FB: PO# - 26-10700  Created for SO #244871  SO Note: Brad Laskoski 360-434-2291  Thompson Hotel,Net 60,46085,26,145.48,Seattle,,5012,Air Distribution,5012 · Engineered Inventory Costs,,,,,,1510,1601,100,000,511000,0000,000,1020,0000,1510.1601.100.000.511000.0000.000.1020.0000
Greenheck Fan Corporation (v),,Bill,2026-02-02 00:00:00,95683806X,FB: PO# - 26-10696  Created for SO #244775  SO Note: Jesse Cloutier - 206.491.1453  Artise   Lev...,Net 60,46085,26,124.79,Seattle,,5012,Air Distribution,5012 · Engineered Inventory Costs,,,,,,1510,1601,100,000,511000,0000,000,1020,0000,1510.1601.100.000.511000.0000.000.1020.0000
Greenheck Fan Corporation (v),,Bill,2026-02-02 00:00:00,95683805X,FB: PO# - 26-10502  Created for SO #244507,Net 60,46085,26,84.11,Seattle,,5012,Air Distribution,5012 · Engineered Inventory Costs,,,,,,1510,1601,100,000,511000,0000,000,1020,0000,1510.1601.100.000.511000.0000.000.1020.0000
Greenheck Fan Corporation (v),,Bill,2026-02-02 00:00:00,95683956X,"FB: PO# - 26-10426  Created for SO #244378  Ramie Havens, Purchasing Manager  Holaday-Parks, Inc...",Net 60,46085,26,994.25,Seattle,,5012,Air Distribution,5012 · Engineered Inventory Costs,,,,,,1510,1601,100,000,511000,0000,000,1020,0000,1510.1601.100.000.511000.0000.000.1020.0000
Greenheck Fan Corporation (v),,Bill,2026-02-02 00:00:00,95683928X,FB: PO# - 25-18687  Created for SO #243229,Net 60,46085,26,45888.3,Seattle,,5012,Air Distribution,5012 · Engineered Inventory Costs,,,,,,1510,1601,100,000,511000,0000,000,1020,0000,1510.1601.100.000.511000.0000.000.1020.0000
Greenheck Fan Corporation (v),,Bill,2026-02-02 00:00:00,95684128X,FB: PO# - 26-10450  Created for SO #244372,Net 60,46085,26,283.38,Seattle,,5012,Air Distribution,5012 · Engineered Inventory Costs,,,,,,1510,1601,100,000,511000,0000,000,1020,0000,1510.1601.100.000.511000.0000.000.1020.0000
Greenheck Fan Corporation (v),,Bill,2026-02-02 00:00:00,95684129X,FB: PO# - 26-10659  Created for SO #244805  SO Note: Bryant Johansen - 206.832.6126  Cooper Thom...,Net 60,46085,26,521.99,Seattle,,5012,Air Distribution,5012 · Engineered Inventory Costs,,,,,,1510,1601,100,000,511000,0000,000,1020,0000,1510.1601.100.000.511000.0000.000.1020.0000
Greenheck Fan Corporation (v),,Bill,2026-02-02 00:00:00,95684150X,FB: PO# - 26-10419  Created for SO #244364,Net 60,46085,26,739.65,Seattle,,5012,Air Distribution,5012 · Engineered Inventory Costs,,,,,,1510,1601,100,000,511000,0000,000,1020,0000,1510.1601.100.000.511000.0000.000.1020.0000
Greenheck Fan Corporation (v),,Bill,2026-02-02 00:00:00,95684274X,FB: PO# - 26-10712  Created for SO #244888  SO Note: Joshua Lewis - (425) 739-0630  PO 6421523-00,Net 60,46085,26,78.68,Seattle,,5012,Air Distribution,5012 · Engineered Inventory Costs,,,,,,1510,1601,100,000,511000,0000,000,1020,0000,1510.1601.100.000.511000.0000.000.1020.0000
Greenheck Fan Corporation (v),,Bill,2026-02-02 00:00:00,95684459X,FB: PO# - 26-10696  Created for SO #244775  SO Note: Jesse Cloutier - 206.491.1453  Artise   Lev...,Net 60,46085,26,146.9,Seattle,,5012,Air Distribution,5012 · Engineered Inventory Costs,,,,,,1510,1601,100,000,511000,0000,000,1020,0000,1510.1601.100.000.511000.0000.000.1020.0000
Greenheck Fan Corporation (v),,Bill,2026-02-02 00:00:00,95684557X,FB: PO# - 26-10265  Created for SO #237685,Net 60,46085,26,1326.61,Seattle,,5012,Air Distribution,5012 · Engineered Inventory Costs,,,,,,1510,1601,100,000,511000,0000,000,1020,0000,1510.1601.100.000.511000.0000.000.1020.0000
Greenheck Fan Corporation (v),,Bill,2026-02-02 00:00:00,95684809,FB: PO# - 26-10495  Created for SO #243710,Net 60,46085,26,1023.47,Seattle,,5012,Air Distribution,5012 · Engineered Inventory Costs,,,,,,1510,1601,100,000,511000,0000,000,1020,0000,1510.1601.100.000.511000.0000.000.1020.0000
Greenheck Fan Corporation (v),,Bill,2026-02-02 00:00:00,95684808,FB: PO# - 26-10207  Created for SO #243998  Cameron Foreman  Assistant Project Manager  Emerald ...,Net 60,46085,26,4074.24,Seattle,,5012,Air Distribution,5012 · Engineered Inventory Costs,,,,,,1510,1601,100,000,511000,0000,000,1020,0000,1510.1601.100.000.511000.0000.000.1020.0000
Greenheck Fan Corporation (v),,Bill,2026-02-02 00:00:00,95684810,"FB: PO# - 25-18723  Created for SO #243292  Ryan Johnson, LEED AP  Emerald Aire, Inc.  Project M...",Net 60,46085,26,4212.3,Seattle,,5012,Air Distribution,5012 · Engineered Inventory Costs,,,,,,1510,1601,100,000,511000,0000,000,1020,0000,1510.1601.100.000.511000.0000.000.1020.0000
Greenheck Fan Corporation (v),,Bill,2026-02-02 00:00:00,95684843,FB: PO# - 26-10385  Created for SO #244297,Net 60,46085,26,1683.15,Seattle,,5012,Air Distribution,5012 · Engineered Inventory Costs,,,,,,1510,1601,100,000,511000,0000,000,1020,0000,1510.1601.100.000.511000.0000.000.1020.0000
Greenheck Fan Corporation (v),,Bill,2026-02-02 00:00:00,95685330,FB: PO# - 26-10724  Created for SO #244907  SO Note: Chenoa Aldag 4255318918  Job# 850013495  Mi...,Net 60,46085,26,252.79,Seattle,,5012,Air Distribution,5012 · Engineered Inventory Costs,,,,,,1510,1601,100,000,511000,0000,000,1020,0000,1510.1601.100.000.511000.0000.000.1020.0000
Greenheck Fan Corporation (v),,Bill,2026-02-02 00:00:00,95685447,FB: PO# - 26-10367  Created for SO #244236,Net 60,46085,26,515.21,Seattle,,5012,Air Distribution,5012 · Engineered Inventory Costs,,,,,,1510,1601,100,000,511000,0000,000,1020,0000,1510.1601.100.000.511000.0000.000.1020.0000
Greenheck Fan Corporation (v),,Bill,2026-02-02 00:00:00,95685104,FB: PO# - 26-10560  Created for SO #243075,Net 60,46085,26,1333.16,Seattle,,5012,Air Distribution,5012 · Engineered Inventory Costs,,,,,,1510,1601,100,000,511000,0000,000,1020,0000,1510.1601.100.000.511000.0000.000.1020.0000
Greenheck Fan Corporation (v),,Bill,2026-02-02 00:00:00,95685827,FB: PO# - 26-10291  Created for SO #244153,Net 60,46085,26,1113.15,Seattle,,5012,Air Distribution,5012 · Engineered Inventory Costs,,,,,,1510,1601,100,000,511000,0000,000,1020,0000,1510.1601.100.000.511000.0000.000.1020.0000
Greenheck Fan Corporation (v),,Bill,2026-02-02 00:00:00,95685770,FB: PO# - 26-10663  Created for SO #244811,Net 60,46085,26,701.77,Seattle,,5012,Air Distribution,5012 · Engineered Inventory Costs,,,,,,1510,1601,100,000,511000,0000,000,1020,0000,1510.1601.100.000.511000.0000.000.1020.0000
Greenheck Fan Corporation (v),,Bill,2026-02-02 00:00:00,95685690,FB: PO# - 26-10637  Created for SO #244754,Net 60,46085,26,817.17,Seattle,,5012,Air Distribution,5012 · Engineered Inventory Costs,,,,,,1510,1601,100,000,511000,0000,000,1020,0000,1510.1601.100.000.511000.0000.000.1020.0000
Greenheck Fan Corporation (v),,Bill,2026-02-02 00:00:00,95685687,FB: PO# - 25-18116  Created for SO #242220,Net 60,46085,26,6838.81,Seattle,,5012,Air Distribution,5012 · Engineered Inventory Costs,,,,,,1510,1601,100,000,511000,0000,000,1020,0000,1510.1601.100.000.511000.0000.000.1020.0000
Greenheck Fan Corporation (v),,Bill,2026-02-02 00:00:00,95685467,FB: PO# - 25-18189  Created for SO #242304,Net 60,46085,26,454.31,Seattle,,5012,Air Distribution,5012 · Engineered Inventory Costs,,,,,,1510,1601,100,000,511000,0000,000,1020,0000,1510.1601.100.000.511000.0000.000.1020.0000
Greenheck Fan Corporation (v),,Bill,2026-02-02 00:00:00,95685033,FB: PO# - 26-10472A  Created for SO #244441  SO Note:  Jeff Twedt (206)850-4148    PO 1022319-63374,Net 60,46085,26,55.2,Seattle,,5012,Air Distribution,5012 · Engineered Inventory Costs,,,,,,1510,1601,100,000,511000,0000,000,1020,0000,1510.1601.100.000.511000.0000.000.1020.0000
Greenheck Fan Corporation (v),,Bill,2026-02-02 00:00:00,95685692,FB: PO# - 26-10710  Created for SO #244881,Net 60,46085,26,852.14,Seattle,,5012,Air Distribution,5012 · Engineered Inventory Costs,,,,,,1510,1601,100,000,511000,0000,000,1020,0000,1510.1601.100.000.511000.0000.000.1020.0000
Greenheck Fan Corporation (v),,Bill,2026-02-02 00:00:00,95685888,FB: PO# - 26-10291  Created for SO #244153,Net 60,46085,26,18074.44,Seattle,,5012,Air Distribution,5012 · Engineered Inventory Costs,,,,,,1510,1601,100,000,511000,0000,000,1020,0000,1510.1601.100.000.511000.0000.000.1020.0000
Greenheck Fan Corporation (v),,Bill,2026-02-02 00:00:00,95685944,FB: PO# - 25-18694  Created for SO #243240,Net 60,46085,26,7066.08,Seattle,,5012,Air Distribution,5012 · Engineered Inventory Costs,,,,,,1510,1601,100,000,511000,0000,000,1020,0000,1510.1601.100.000.511000.0000.000.1020.0000
Greenheck Fan Corporation (v),,Bill,2026-02-03 00:00:00,95686201,FB: PO# - 26-10137  Created for SO #243876,Net 60,46086,25,2232.46,Seattle,,5012,Air Distribution,5012 · Engineered Inventory Costs,,,,,,1510,1601,100,000,511000,0000,000,1020,0000,1510.1601.100.000.511000.0000.000.1020.0000
Greenheck Fan Corporation (v),,Bill,2026-02-03 00:00:00,95635945,FB: PO# - 26-10738  Created for SO #244921,Net 60,46086,25,329.01,Seattle,,5012,Air Distribution,5012 · Engineered Inventory Costs,,,,,,1510,1601,100,000,511000,0000,000,1020,0000,1510.1601.100.000.511000.0000.000.1020.0000
Greenheck Fan Corporation (v),,Bill,2026-02-03 00:00:00,95685879,FB: PO# - 26-10417  Created for SO #244357,Net 60,46086,25,358.56,Seattle,,5012,Air Distribution,5012 · Engineered Inventory Costs,,,,,,1510,1601,100,000,511000,0000,000,1020,0000,1510.1601.100.000.511000.0000.000.1020.0000
Greenheck Fan Corporation (v),,Bill,2026-02-03 00:00:00,95685887,FB: PO# - 26-10296  Created for SO #244176,Net 60,46086,25,1022.94,Seattle,,5012,Air Distribution,5012 · Engineered Inventory Costs,,,,,,1510,1601,100,000,511000,0000,000,1020,0000,1510.1601.100.000.511000.0000.000.1020.0000
Greenheck Fan Corporation (v),,Bill,2026-02-03 00:00:00,95685906,FB: PO# - 26-10745  Created for SO #244952  SO Note: Chris Cruz 206-786-8172  ArtHouse  PO927091,Net 60,46086,25,56.64,Seattle,,5012,Air Distribution,5012 · Engineered Inventory Costs,,,,,,1510,1601,100,000,511000,0000,000,1020,0000,1510.1601.100.000.511000.0000.000.1020.0000
Greenheck Fan Corporation (v),,Bill,2026-02-03 00:00:00,95687037,FB: PO# - 26-10721  Created for SO #244898,Net 60,46086,25,2147.55,Seattle,,5012,Air Distribution,5012 · Engineered Inventory Costs,,,,,,1510,1601,100,000,511000,0000,000,1020,0000,1510.1601.100.000.511000.0000.000.1020.0000
Greenheck Fan Corporation (v),,Bill,2026-02-03 00:00:00,95687229,FB: PO# - 26-10782  Created for SO #245011  SO Note: Zack McGinnis 425-883-9224,Net 60,46086,25,162.7,Seattle,,5012,Air Distribution,5012 · Engineered Inventory Costs,,,,,,1510,1601,100,000,511000,0000,000,1020,0000,1510.1601.100.000.511000.0000.000.1020.0000
Greenheck Fan Corporation (v),,Bill,2026-02-03 00:00:00,95687099,FB: PO# - 26-10479  Created for SO #244461,Net 60,46086,25,5647.25,Seattle,,5012,Air Distribution,5012 · Engineered Inventory Costs,,,,,,1510,1601,100,000,511000,0000,000,1020,0000,1510.1601.100.000.511000.0000.000.1020.0000
Greenheck Fan Corporation (v),,Bill,2026-02-03 00:00:00,95687038,FB: PO# - 26-10267  Created for SO #244123  SO Note: Nikki Knapp 206.608.2584  The Margot  PO 12096,Net 60,46086,25,521.59,Seattle,,5012,Air Distribution,5012 · Engineered Inventory Costs,,,,,,1510,1601,100,000,511000,0000,000,1020,0000,1510.1601.100.000.511000.0000.000.1020.0000
Greenheck Fan Corporation (v),,Bill,2026-02-03 00:00:00,95687272,FB: PO# - 26-10778  Created for SO #245007  SO Note: Rod 425-967-6571  Epicenter Apts.   PO 2468...,Net 60,46086,25,181.35,Seattle,,5012,Air Distribution,5012 · Engineered Inventory Costs,,,,,,1510,1601,100,000,511000,0000,000,1020,0000,1510.1601.100.000.511000.0000.000.1020.0000
Greenheck Fan Corporation (v),,Bill,2026-02-03 00:00:00,95687445,FB: PO# - 25-18648  Created for SO #243151,Net 60,46086,25,44001.17,Seattle,,5012,Air Distribution,5012 · Engineered Inventory Costs,,,,,,1510,1601,100,000,511000,0000,000,1020,0000,1510.1601.100.000.511000.0000.000.1020.0000
Greenheck Fan Corporation (v),,Bill,2026-02-04 00:00:00,95687592,FB: PO# - 25-18682  Created for SO #243191,Net 60,46087,24,3101.15,Seattle,,5012,Air Distribution,5012 · Engineered Inventory Costs,,,,,,1510,1601,100,000,511000,0000,000,1020,0000,1510.1601.100.000.511000.0000.000.1020.0000
Greenheck Fan Corporation (v),,Bill,2026-02-04 00:00:00,95687591,FB: PO# - 25-18664  Created for SO #243147,Net 60,46087,24,313.02,Seattle,,5012,Air Distribution,5012 · Engineered Inventory Costs,,,,,,1510,1601,100,000,511000,0000,000,1020,0000,1510.1601.100.000.511000.0000.000.1020.0000
Greenheck Fan Corporation (v),,Bill,2026-02-04 00:00:00,95687807,FB: PO# - 26-10501  Created for SO #244504  SO Note: Zero charge to customer.  Incorrect dampers...,Net 60,46087,24,2685.64,Seattle,,5012,Air Distribution,5012 · Engineered Inventory Costs,,,,,,1510,1601,100,000,511000,0000,000,1020,0000,1510.1601.100.000.511000.0000.000.1020.0000
Greenheck Fan Corporation (v),,Bill,2026-02-04 00:00:00,95687671,FB: PO# - 25-18774  Created for SO #243215,Net 60,46087,24,4892.18,Seattle,,5012,Air Distribution,5012 · Engineered Inventory Costs,,,,,,1510,1601,100,000,511000,0000,000,1020,0000,1510.1601.100.000.511000.0000.000.1020.0000
Greenheck Fan Corporation (v),,Bill,2026-02-04 00:00:00,95687880,FB: PO# - 26-10440  Created for SO #244329,Net 60,46087,24,621.15,Seattle,,5012,Air Distribution,5012 · Engineered Inventory Costs,,,,,,1510,1601,100,000,511000,0000,000,1020,0000,1510.1601.100.000.511000.0000.000.1020.0000
Greenheck Fan Corporation (v),,Bill,2026-02-04 00:00:00,95688074,FB: PO# - 26-10296  Created for SO #244176,Net 60,46087,24,159.94,Seattle,,5012,Air Distribution,5012 · Engineered Inventory Costs,,,,,,1510,1601,100,000,511000,0000,000,1020,0000,1510.1601.100.000.511000.0000.000.1020.0000
Greenheck Fan Corporation (v),,Bill,2026-02-04 00:00:00,95688290,FB: PO# - 26-10306  Created for SO #244189,Net 60,46087,24,406.29,Seattle,,5012,Air Distribution,5012 · Engineered Inventory Costs,,,,,,1510,1601,100,000,511000,0000,000,1020,0000,1510.1601.100.000.511000.0000.000.1020.0000
Greenheck Fan Corporation (v),,Bill,2026-02-04 00:00:00,95688379,FB: PO# - 26-10665  Created for SO #244818,Net 60,46087,24,599.68,Seattle,,5012,Air Distribution,5012 · Engineered Inventory Costs,,,,,,1510,1601,100,000,511000,0000,000,1020,0000,1510.1601.100.000.511000.0000.000.1020.0000
Greenheck Fan Corporation (v),,Bill,2026-02-04 00:00:00,95688354,FB: PO# - 26-10606  Created for SO #244687,Net 60,46087,24,1042.62,Seattle,,5012,Air Distribution,5012 · Engineered Inventory Costs,,,,,,1510,1601,100,000,511000,0000,000,1020,0000,1510.1601.100.000.511000.0000.000.1020.0000
Greenheck Fan Corporation (v),,Bill,2026-02-04 00:00:00,95688424,FB: PO# - 26-10602  Created for SO #244676,Net 60,46087,24,3013,Seattle,,5012,Air Distribution,5012 · Engineered Inventory Costs,,,,,,1510,1601,100,000,511000,0000,000,1020,0000,1510.1601.100.000.511000.0000.000.1020.0000
Greenheck Fan Corporation (v),,Bill,2026-02-04 00:00:00,95688549,FB: PO# - 26-10566  Created for SO #244606,Net 60,46087,24,2852.51,Seattle,,5012,Air Distribution,5012 · Engineered Inventory Costs,,,,,,1510,1601,100,000,511000,0000,000,1020,0000,1510.1601.100.000.511000.0000.000.1020.0000
Greenheck Fan Corporation (v),,Bill,2026-02-04 00:00:00,95688706,FB: PO# - 26-10834  Created for SO #245100  SO Note: Aliecia Carmichael 253-777-8840  Po# 60317,Net 60,46087,24,48.57,Seattle,,5012,Air Distribution,5012 · Engineered Inventory Costs,,,,,,1510,1601,100,000,511000,0000,000,1020,0000,1510.1601.100.000.511000.0000.000.1020.0000
Greenheck Fan Corporation (v),,Bill,2026-02-04 00:00:00,95688603,FB: PO# - 26-10613  Created for SO #244683,Net 60,46087,24,1151.35,Seattle,,5012,Air Distribution,5012 · Engineered Inventory Costs,,,,,,1510,1601,100,000,511000,0000,000,1020,0000,1510.1601.100.000.511000.0000.000.1020.0000
Greenheck Fan Corporation (v),,Bill,2026-02-04 00:00:00,95688825,FB: PO# - 26-10758  Created for SO #244521  SO Note: Kennmore,Net 60,46087,24,3101.35,Seattle,,5012,Air Distribution,5012 · Engineered Inventory Costs,,,,,,1510,1601,100,000,511000,0000,000,1020,0000,1510.1601.100.000.511000.0000.000.1020.0000
Greenheck Fan Corporation (v),,Bill,2026-02-04 00:00:00,95688842,FB: PO# - 26-10291  Created for SO #244153,Net 60,46087,24,215.43,Seattle,,5012,Air Distribution,5012 · Engineered Inventory Costs,,,,,,1510,1601,100,000,511000,0000,000,1020,0000,1510.1601.100.000.511000.0000.000.1020.0000
Greenheck Fan Corporation (v),,Bill,2026-02-05 00:00:00,95689715,FB: PO# - 26-10352  Created for SO #244248,Net 60,46088,23,3883.79,Seattle,,5012,Air Distribution,5012 · Engineered Inventory Costs,,,,,,1510,1601,100,000,511000,0000,000,1020,0000,1510.1601.100.000.511000.0000.000.1020.0000
Greenheck Fan Corporation (v),,Bill,2026-02-05 00:00:00,95689007,FB: PO# - 25-18190  Created for SO #242305,Net 60,46088,23,2254.55,Seattle,,5012,Air Distribution,5012 · Engineered Inventory Costs,,,,,,1510,1601,100,000,511000,0000,000,1020,0000,1510.1601.100.000.511000.0000.000.1020.0000
Greenheck Fan Corporation (v),,Bill,2026-02-05 00:00:00,95689372,"FB: PO# - 25-18723  Created for SO #243292  Ryan Johnson, LEED AP  Emerald Aire, Inc.  Project M...",Net 60,46088,23,5957.59,Seattle,,5012,Air Distribution,5012 · Engineered Inventory Costs,,,,,,1510,1601,100,000,511000,0000,000,1020,0000,1510.1601.100.000.511000.0000.000.1020.0000
Greenheck Fan Corporation (v),,Bill,2026-02-05 00:00:00,95689595,FB: PO# - 26-10514  Created for SO #244523,Net 60,46088,23,2323.37,Seattle,,5012,Air Distribution,5012 · Engineered Inventory Costs,,,,,,1510,1601,100,000,511000,0000,000,1020,0000,1510.1601.100.000.511000.0000.000.1020.0000
Greenheck Fan Corporation (v),,Bill,2026-02-05 00:00:00,95689669,FB: PO# - 26-10762  Created for SO #244981  SO Note: Anthony Driesen  509-941-8231,Net 60,46088,23,118.07,Seattle,,5012,Air Distribution,5012 · Engineered Inventory Costs,,,,,,1510,1601,100,000,511000,0000,000,1020,0000,1510.1601.100.000.511000.0000.000.1020.0000
Greenheck Fan Corporation (v),,Bill,2026-02-05 00:00:00,95688950,FB: PO# - 26-10162  Created for SO #243913,Net 60,46088,23,6929.88,Seattle,,5012,Air Distribution,5012 · Engineered Inventory Costs,,,,,,1510,1601,100,000,511000,0000,000,1020,0000,1510.1601.100.000.511000.0000.000.1020.0000
Greenheck Fan Corporation (v),,Bill,2026-02-05 00:00:00,95689933,FB: PO# - 26-10852  Created for SO #245146  SO Note: Jacob Hackl 509-992-0642  Microsoft Water T...,Net 60,46088,23,423.03,Seattle,,5012,Air Distribution,5012 · Engineered Inventory Costs,,,,,,1510,1601,100,000,511000,0000,000,1020,0000,1510.1601.100.000.511000.0000.000.1020.0000
Greenheck Fan Corporation (v),,Bill,2026-02-05 00:00:00,95690102,FB: PO# - 26-10574  Created for SO #244617,Net 60,46088,23,957.16,Seattle,,5012,Air Distribution,5012 · Engineered Inventory Costs,,,,,,1510,1601,100,000,511000,0000,000,1020,0000,1510.1601.100.000.511000.0000.000.1020.0000
Greenheck Fan Corporation (v),,Bill,2026-02-05 00:00:00,95690052,FB: PO# - 26-10228  Created for SO #244033,Net 60,46088,23,15633.74,Seattle,,5012,Air Distribution,5012 · Engineered Inventory Costs,,,,,,1510,1601,100,000,511000,0000,000,1020,0000,1510.1601.100.000.511000.0000.000.1020.0000
Greenheck Fan Corporation (v),,Bill,2026-02-05 00:00:00,95690054,FB: PO# - 26-10858  Created for SO #245150  SO Note: SEAN BARRON 206-920-4925  PO# 691728  Job N...,Net 60,46088,23,228.69,Seattle,,5012,Air Distribution,5012 · Engineered Inventory Costs,,,,,,1510,1601,100,000,511000,0000,000,1020,0000,1510.1601.100.000.511000.0000.000.1020.0000
Greenheck Fan Corporation (v),,Bill,2026-02-05 00:00:00,95690053,FB: PO# - 26-10304  Created for SO #244200,Net 60,46088,23,13120.71,Seattle,,5012,Air Distribution,5012 · Engineered Inventory Costs,,,,,,1510,1601,100,000,511000,0000,000,1020,0000,1510.1601.100.000.511000.0000.000.1020.0000
Greenheck Fan Corporation (v),,Bill,2026-02-05 00:00:00,95689971,FB: PO# - 26-10709  Created for SO #244880,Net 60,46088,23,3287.34,Seattle,,5012,Air Distribution,5012 · Engineered Inventory Costs,,,,,,1510,1601,100,000,511000,0000,000,1020,0000,1510.1601.100.000.511000.0000.000.1020.0000
Greenheck Fan Corporation (v),,Bill,2026-02-05 00:00:00,95690206,FB: PO# - 25-18187  Created for SO #242301,Net 60,46088,23,172.12,Seattle,,5012,Air Distribution,5012 · Engineered Inventory Costs,,,,,,1510,1601,100,000,511000,0000,000,1020,0000,1510.1601.100.000.511000.0000.000.1020.0000
Greenheck Fan Corporation (v),,Bill,2026-02-06 00:00:00,95683143 X,FB: PO# - 26-10397  Created for SO #244321,Net 60,46089,22,2104.23,Seattle,,5012,Air Distribution,5012 · Engineered Inventory Costs,,,,,,1510,1601,100,000,511000,0000,000,1020,0000,1510.1601.100.000.511000.0000.000.1020.0000
Greenheck Fan Corporation (v),,Bill,2026-02-06 00:00:00,95685059 X,FB: PO# - 25-18694  Created for SO #243240,Net 60,46089,22,25839.12,Seattle,,5012,Air Distribution,5012 · Engineered Inventory Costs,,,,,,1510,1601,100,000,511000,0000,000,1020,0000,1510.1601.100.000.511000.0000.000.1020.0000
Greenheck Fan Corporation (v),,Bill,2026-02-06 00:00:00,95690483,FB: PO# - 25-18674  Created for SO #243206,Net 60,46089,22,2687.73,Seattle,,5012,Air Distribution,5012 · Engineered Inventory Costs,,,,,,1510,1601,100,000,511000,0000,000,1020,0000,1510.1601.100.000.511000.0000.000.1020.0000
Greenheck Fan Corporation (v),,Bill,2026-02-06 00:00:00,95690696,FB: PO# - 25-18316  Created for SO #242501,Net 60,46089,22,2607.36,Seattle,,5012,Air Distribution,5012 · Engineered Inventory Costs,,,,,,1510,1601,100,000,511000,0000,000,1020,0000,1510.1601.100.000.511000.0000.000.1020.0000
Greenheck Fan Corporation (v),,Bill,2026-02-06 00:00:00,95690773,FB: PO# - 25-18608  Created for SO #242961,Net 60,46089,22,613.26,Seattle,,5012,Air Distribution,5012 · Engineered Inventory Costs,,,,,,1510,1601,100,000,511000,0000,000,1020,0000,1510.1601.100.000.511000.0000.000.1020.0000
Greenheck Fan Corporation (v),,Bill,2026-02-06 00:00:00,95690899,FB: PO# - 26-10860  Created for SO #245132,Net 60,46089,22,593.32,Seattle,,5012,Air Distribution,5012 · Engineered Inventory Costs,,,,,,1510,1601,100,000,511000,0000,000,1020,0000,1510.1601.100.000.511000.0000.000.1020.0000
Greenheck Fan Corporation (v),,Bill,2026-02-06 00:00:00,95690972,FB: PO# - 26-10855  Created for SO #245151,Net 60,46089,22,3567.18,Seattle,,5012,Air Distribution,5012 · Engineered Inventory Costs,,,,,,1510,1601,100,000,511000,0000,000,1020,0000,1510.1601.100.000.511000.0000.000.1020.0000
Greenheck Fan Corporation (v),,Bill,2026-02-06 00:00:00,95691066,FB: PO# - 26-10873  Created for SO #245184  SO Note: Travis Primeu   PO# OR8236594,Net 60,46089,22,227.33,Seattle,,5012,Air Distribution,5012 · Engineered Inventory Costs,,,,,,1510,1601,100,000,511000,0000,000,1020,0000,1510.1601.100.000.511000.0000.000.1020.0000
Greenheck Fan Corporation (v),,Bill,2026-02-06 00:00:00,95691081,FB: PO# - 26-10701  Created for SO #244866,Net 60,46089,22,513.18,Seattle,,5012,Air Distribution,5012 · Engineered Inventory Costs,,,,,,1510,1601,100,000,511000,0000,000,1020,0000,1510.1601.100.000.511000.0000.000.1020.0000
Greenheck Fan Corporation (v),,Bill,2026-02-06 00:00:00,95691170,FB: PO# - 26-10695  Created for SO #244852,Net 60,46089,22,494.12,Seattle,,5012,Air Distribution,5012 · Engineered Inventory Costs,,,,,,1510,1601,100,000,511000,0000,000,1020,0000,1510.1601.100.000.511000.0000.000.1020.0000
Greenheck Fan Corporation (v),,Bill,2026-02-06 00:00:00,95691228,FB: PO# - 26-10358  Created for SO #244265,Net 60,46089,22,6589.44,Seattle,,5012,Air Distribution,5012 · Engineered Inventory Costs,,,,,,1510,1601,100,000,511000,0000,000,1020,0000,1510.1601.100.000.511000.0000.000.1020.0000
Greenheck Fan Corporation (v),,Bill,2026-02-06 00:00:00,95691272,"FB: PO# - 26-10841  Created for SO #245123  Michelle Ozolin, Sr. Purchasing Agent  Holaday-Parks...",Net 60,46089,22,801.41,Seattle,,5012,Air Distribution,5012 · Engineered Inventory Costs,,,,,,1510,1601,100,000,511000,0000,000,1020,0000,1510.1601.100.000.511000.0000.000.1020.0000
Greenheck Fan Corporation (v),,Bill,2026-02-07 00:00:00,95691702,FB: PO# - 26-10404  Created for SO #244333,Net 60,46090,21,339.48,Seattle,,5012,Air Distribution,5012 · Engineered Inventory Costs,,,,,,1510,1601,100,000,511000,0000,000,1020,0000,1510.1601.100.000.511000.0000.000.1020.0000
Greenheck Fan Corporation (v),,Bill,2026-02-09 00:00:00,95677486 X,FB: PO# - 26-10196  Created for SO #243719  SO Note: Vitaliy 206-550-8861  Salvation Church,Net 60,46092,19,2840.1,Seattle,,5012,Air Distribution,5012 · Engineered Inventory Costs,,,,,,1510,1601,100,000,511000,0000,000,1020,0000,1510.1601.100.000.511000.0000.000.1020.0000
Greenheck Fan Corporation (v),,Bill,2026-02-09 00:00:00,95691969,FB: PO# - 25-18187  Created for SO #242301,Net 60,46092,19,5612.05,Seattle,,5012,Air Distribution,5012 · Engineered Inventory Costs,,,,,,1510,1601,100,000,511000,0000,000,1020,0000,1510.1601.100.000.511000.0000.000.1020.0000
Greenheck Fan Corporation (v),,Bill,2026-02-09 00:00:00,95692614,FB: PO# - 26-10718  Created for SO #244894,Net 60,46092,19,493.72,Seattle,,5012,Air Distribution,5012 · Engineered Inventory Costs,,,,,,1510,1601,100,000,511000,0000,000,1020,0000,1510.1601.100.000.511000.0000.000.1020.0000
Greenheck Fan Corporation (v),,Bill,2026-02-09 00:00:00,95692932,FB: PO# - 26-10853  Created for SO #245149,Net 60,46092,19,136.46,Seattle,,5012,Air Distribution,5012 · Engineered Inventory Costs,,,,,,1510,1601,100,000,511000,0000,000,1020,0000,1510.1601.100.000.511000.0000.000.1020.0000
Greenheck Fan Corporation (v),,Bill,2026-02-09 00:00:00,95692934,FB: PO# - 26-10670  Created for SO #244827,Net 60,46092,19,193.71,Seattle,,5012,Air Distribution,5012 · Engineered Inventory Costs,,,,,,1510,1601,100,000,511000,0000,000,1020,0000,1510.1601.100.000.511000.0000.000.1020.0000
Greenheck Fan Corporation (v),,Bill,2026-02-09 00:00:00,956952935,FB: PO# - 26-10837  Created for SO #245114  SO Note: Ethan Clare - 3606844843  PO KPO00029949,Net 60,46092,19,982.65,Seattle,,5012,Air Distribution,5012 · Engineered Inventory Costs,,,,,,1510,1601,100,000,511000,0000,000,1020,0000,1510.1601.100.000.511000.0000.000.1020.0000
Greenheck Fan Corporation (v),,Bill,2026-02-09 00:00:00,95692978,FB: PO# - 26-10488  Created for SO #244488  SO Note: Mike Jenkins: 206-604-2360,Net 60,46092,19,1711.08,Seattle,,5012,Air Distribution,5012 · Engineered Inventory Costs,,,,,,1510,1601,100,000,511000,0000,000,1020,0000,1510.1601.100.000.511000.0000.000.1020.0000
Greenheck Fan Corporation (v),,Bill,2026-02-09 00:00:00,95693160,FB: PO# - 26-10500  Created for SO #244499  SO Note: No charge to customer. Will repair for Mcki...,Net 60,46092,19,211.75,Seattle,,5012,Air Distribution,5012 · Engineered Inventory Costs,,,,,,1510,1601,100,000,511000,0000,000,1020,0000,1510.1601.100.000.511000.0000.000.1020.0000
Greenheck Fan Corporation (v),,Bill,2026-02-10 00:00:00,95693421,FB: PO# - 26-10486  Created for SO #244479,Net 60,46093,18,1382.78,Seattle,,5012,Air Distribution,5012 · Engineered Inventory Costs,,,,,,1510,1601,100,000,511000,0000,000,1020,0000,1510.1601.100.000.511000.0000.000.1020.0000
Greenheck Fan Corporation (v),,Bill,2026-02-10 00:00:00,95693245,FB: PO# - 25-18608  Created for SO #242961,Net 60,46093,18,556.14,Seattle,,5012,Air Distribution,5012 · Engineered Inventory Costs,,,,,,1510,1601,100,000,511000,0000,000,1020,0000,1510.1601.100.000.511000.0000.000.1020.0000
Greenheck Fan Corporation (v),,Bill,2026-02-10 00:00:00,95693353,FB: PO# - 24-18147W  Created for SO #245089  Created from RMA #919  ASSURE-120 replaced under wa...,Net 60,46093,18,623.57,Seattle,,5012,Air Distribution,5012 · Engineered Inventory Costs,,,,,,1510,1601,100,000,511000,0000,000,1020,0000,1510.1601.100.000.511000.0000.000.1020.0000
Greenheck Fan Corporation (v),,Bill,2026-02-10 00:00:00,95693552,FB: PO# - 26-10019  Created for SO #243639,Net 60,46093,18,83474.04,Seattle,,5012,Air Distribution,5012 · Engineered Inventory Costs,,,,,,1510,1601,100,000,511000,0000,000,1020,0000,1510.1601.100.000.511000.0000.000.1020.0000
Greenheck Fan Corporation (v),,Bill,2026-02-10 00:00:00,95693558,FB: PO# - 26-10150  Created for SO #243801,Net 60,46093,18,2132.5,Seattle,,5012,Air Distribution,5012 · Engineered Inventory Costs,,,,,,1510,1601,100,000,511000,0000,000,1020,0000,1510.1601.100.000.511000.0000.000.1020.0000
Greenheck Fan Corporation (v),,Bill,2026-02-10 00:00:00,95694015,FB: PO# - 26-10704  Created for SO #244870,Net 60,46093,18,2463.79,Seattle,,5012,Air Distribution,5012 · Engineered Inventory Costs,,,,,,1510,1601,100,000,511000,0000,000,1020,0000,1510.1601.100.000.511000.0000.000.1020.0000
Greenheck Fan Corporation (v),,Bill,2026-02-10 00:00:00,95694218,FB: PO# - 26-10807  Created for SO #245059,Net 60,46093,18,2896.83,Seattle,,5012,Air Distribution,5012 · Engineered Inventory Costs,,,,,,1510,1601,100,000,511000,0000,000,1020,0000,1510.1601.100.000.511000.0000.000.1020.0000
Greenheck Fan Corporation (v),,Bill,2026-02-10 00:00:00,95694339,FB: PO# - 26-10951  Created for SO #245319  SO Note: Jake 208-449-7844  PO: 6642600112,Net 60,46093,18,1015.57,Seattle,,5012,Air Distribution,5012 · Engineered Inventory Costs,,,,,,1510,1601,100,000,511000,0000,000,1020,0000,1510.1601.100.000.511000.0000.000.1020.0000
Greenheck Fan Corporation (v),,Bill,2026-02-10 00:00:00,95694338,FB: PO# - 26-10882  Created for SO #244883,Net 60,46093,18,1251.08,Seattle,,5012,Air Distribution,5012 · Engineered Inventory Costs,,,,,,1510,1601,100,000,511000,0000,000,1020,0000,1510.1601.100.000.511000.0000.000.1020.0000
Greenheck Fan Corporation (v),,Bill,2026-02-10 00:00:00,95694394,FB: PO# - 25-11032W  Created for SO #245116  Created from RMA #921  Replacement motor on GB-200 ...,Net 60,46093,18,568.11,Seattle,,5012,Air Distribution,5012 · Engineered Inventory Costs,,,,,,1510,1601,100,000,511000,0000,000,1020,0000,1510.1601.100.000.511000.0000.000.1020.0000
Greenheck Fan Corporation (v),,Bill,2026-02-10 00:00:00,95694525,FB: PO# - 26-10718  Created for SO #244894,Net 60,46093,18,382.47,Seattle,,5012,Air Distribution,5012 · Engineered Inventory Costs,,,,,,1510,1601,100,000,511000,0000,000,1020,0000,1510.1601.100.000.511000.0000.000.1020.0000
Greenheck Fan Corporation (v),,Bill,2026-02-10 00:00:00,95694523,FB: PO# - 26-10901  Created for SO #245253  SO Note: 3500,Net 60,46093,18,143.83,Seattle,,5012,Air Distribution,5012 · Engineered Inventory Costs,,,,,,1510,1601,100,000,511000,0000,000,1020,0000,1510.1601.100.000.511000.0000.000.1020.0000
Greenheck Fan Corporation (v),,Bill,2026-02-10 00:00:00,95694522,FB: PO# - 26-10813  Created for SO #245077,Net 60,46093,18,281.81,Seattle,,5012,Air Distribution,5012 · Engineered Inventory Costs,,,,,,1510,1601,100,000,511000,0000,000,1020,0000,1510.1601.100.000.511000.0000.000.1020.0000
Greenheck Fan Corporation (v),,Bill,2026-02-10 00:00:00,95694562,FB: PO# - 26-10960  Created for SO #245336  SO Note: Terry Moody 253-572-9484   PO# 1-14631-01,Net 60,46093,18,111.9,Seattle,,5012,Air Distribution,5012 · Engineered Inventory Costs,,,,,,1510,1601,100,000,511000,0000,000,1020,0000,1510.1601.100.000.511000.0000.000.1020.0000
Greenheck Fan Corporation (v),,Bill,2026-02-10 00:00:00,95694536,FB: PO# - 25-18611  Created for SO #242962,Net 60,46093,18,849.03,Seattle,,5012,Air Distribution,5012 · Engineered Inventory Costs,,,,,,1510,1601,100,000,511000,0000,000,1020,0000,1510.1601.100.000.511000.0000.000.1020.0000
Greenheck Fan Corporation (v),,Bill,2026-02-10 00:00:00,95694567,FB: PO# - 26-10897  Created for SO #245247,Net 60,46093,18,880.35,Seattle,,5012,Air Distribution,5012 · Engineered Inventory Costs,,,,,,1510,1601,100,000,511000,0000,000,1020,0000,1510.1601.100.000.511000.0000.000.1020.0000
Greenheck Fan Corporation (v),,Bill,2026-02-10 00:00:00,95694524,FB: PO# - 26-10714  Created for SO #244813,Net 60,46093,18,278.46,Seattle,,5012,Air Distribution,5012 · Engineered Inventory Costs,,,,,,1510,1601,100,000,511000,0000,000,1020,0000,1510.1601.100.000.511000.0000.000.1020.0000
Greenheck Fan Corporation (v),,Bill,2026-02-10 00:00:00,95694749,FB: PO# - 25-18851  Created for SO #243447,Net 60,46093,18,28463.28,Seattle,,5012,Air Distribution,5012 · Engineered Inventory Costs,,,,,,1510,1601,100,000,511000,0000,000,1020,0000,1510.1601.100.000.511000.0000.000.1020.0000
Greenheck Fan Corporation (v),,Bill,2026-02-10 00:00:00,95694654,FB: PO# - 26-10965  Created for SO #245348  SO Note: Luis 206-447-9500   Cloud Fans,Net 60,46093,18,172.12,Seattle,,5012,Air Distribution,5012 · Engineered Inventory Costs,,,,,,1510,1601,100,000,511000,0000,000,1020,0000,1510.1601.100.000.511000.0000.000.1020.0000
Greenheck Fan Corporation (v),,Bill,2026-02-10 00:00:00,95694688,FB: PO# - 26-10972  Created for SO #245357  SO Note: Ignacio Atilano   PO 8295-PO7146,Net 60,46093,18,339.22,Seattle,,5012,Air Distribution,5012 · Engineered Inventory Costs,,,,,,1510,1601,100,000,511000,0000,000,1020,0000,1510.1601.100.000.511000.0000.000.1020.0000
Greenheck Fan Corporation (v),,Bill,2026-02-10 00:00:00,95694594,FB: PO# - 26-10791  Created for SO #245028,Net 60,46093,18,336.04,Seattle,,5012,Air Distribution,5012 · Engineered Inventory Costs,,,,,,1510,1601,100,000,511000,0000,000,1020,0000,1510.1601.100.000.511000.0000.000.1020.0000
Greenheck Fan Corporation (v),,Bill,2026-02-10 00:00:00,95694454,FB: PO# - 26-10181  Created for SO #243947,Net 60,46093,18,571.74,Seattle,,5012,Air Distribution,5012 · Engineered Inventory Costs,,,,,,1510,1601,100,000,511000,0000,000,1020,0000,1510.1601.100.000.511000.0000.000.1020.0000
Greenheck Fan Corporation (v),,Bill,2026-02-10 00:00:00,95694313,FB: PO# - 26-10714  Created for SO #244813,Net 60,46093,18,139.23,Seattle,,5012,Air Distribution,5012 · Engineered Inventory Costs,,,,,,1510,1601,100,000,511000,0000,000,1020,0000,1510.1601.100.000.511000.0000.000.1020.0000
Greenheck Fan Corporation (v),,Bill,2026-02-10 00:00:00,95694751,FB: PO# - 25-18540  Created for SO #242935,Net 60,46093,18,55822.61,Seattle,,5012,Air Distribution,5012 · Engineered Inventory Costs,,,,,,1510,1601,100,000,511000,0000,000,1020,0000,1510.1601.100.000.511000.0000.000.1020.0000
Greenheck Fan Corporation (v),,Bill,2026-02-10 00:00:00,95693419,FB: PO# - 25-18611  Created for SO #242962,Net 60,46093,18,12586.92,Seattle,,5012,Air Distribution,5012 · Engineered Inventory Costs,,,,,,1510,1601,100,000,511000,0000,000,1020,0000,1510.1601.100.000.511000.0000.000.1020.0000
Greenheck Fan Corporation (v),,Bill,2026-02-10 00:00:00,95694610,FB: PO# - 25-18611A  Created for SO #245815,Net 60,46093,18,428.19,Seattle,,5012,Air Distribution,5012 · Engineered Inventory Costs,,,,,,1510,1601,100,000,511000,0000,000,1020,0000,1510.1601.100.000.511000.0000.000.1020.0000
Greenheck Fan Corporation (v),,Bill,2026-02-11 00:00:00,95694981,FB: PO# - 26-10654  Created for SO #244802,Net 60,46094,17,852.91,Seattle,,5012,Air Distribution,5012 · Engineered Inventory Costs,,,,,,1510,1601,100,000,511000,0000,000,1020,0000,1510.1601.100.000.511000.0000.000.1020.0000
Greenheck Fan Corporation (v),,Bill,2026-02-11 00:00:00,95694983,FB: PO# - 26-10345  Created for SO #244248,Net 60,46094,17,910.18,Seattle,,5012,Air Distribution,5012 · Engineered Inventory Costs,,,,,,1510,1601,100,000,511000,0000,000,1020,0000,1510.1601.100.000.511000.0000.000.1020.0000
Greenheck Fan Corporation (v),,Bill,2026-02-11 00:00:00,95695371,FB: PO# - 26-10771  Created for SO #244920,Net 60,46094,17,4427.02,Seattle,,5012,Air Distribution,5012 · Engineered Inventory Costs,,,,,,1510,1601,100,000,511000,0000,000,1020,0000,1510.1601.100.000.511000.0000.000.1020.0000
Greenheck Fan Corporation (v),,Bill,2026-02-11 00:00:00,95695370,FB: PO# - 26-10695  Created for SO #244852,Net 60,46094,17,639.92,Seattle,,5012,Air Distribution,5012 · Engineered Inventory Costs,,,,,,1510,1601,100,000,511000,0000,000,1020,0000,1510.1601.100.000.511000.0000.000.1020.0000
Greenheck Fan Corporation (v),,Bill,2026-02-11 00:00:00,95695551,FB: PO# - 26-10787  Created for SO #244983  SO Note: Jesse Cloutier - 206.491.1453  Cameron Poma...,Net 60,46094,17,130.5,Seattle,,5012,Air Distribution,5012 · Engineered Inventory Costs,,,,,,1510,1601,100,000,511000,0000,000,1020,0000,1510.1601.100.000.511000.0000.000.1020.0000
Greenheck Fan Corporation (v),,Bill,2026-02-11 00:00:00,95695329,FB: PO# - 25-16361  Created for SO #239290,Net 60,46094,17,692.39,Seattle,,5012,Air Distribution,5012 · Engineered Inventory Costs,,,,,,1510,1601,100,000,511000,0000,000,1020,0000,1510.1601.100.000.511000.0000.000.1020.0000
Greenheck Fan Corporation (v),,Bill,2026-02-11 00:00:00,95695575,FB: PO# - 26-10611  Created for SO #244678,Net 60,46094,17,6788.74,Seattle,,5012,Air Distribution,5012 · Engineered Inventory Costs,,,,,,1510,1601,100,000,511000,0000,000,1020,0000,1510.1601.100.000.511000.0000.000.1020.0000
Greenheck Fan Corporation (v),,Bill,2026-02-11 00:00:00,95695493,FB: PO# - 26-10650  Created for SO #244783,Net 60,46094,17,137.18,Seattle,,5012,Air Distribution,5012 · Engineered Inventory Costs,,,,,,1510,1601,100,000,511000,0000,000,1020,0000,1510.1601.100.000.511000.0000.000.1020.0000
Greenheck Fan Corporation (v),,Bill,2026-02-11 00:00:00,95695576,FB: PO# - 25-17290  Created for SO #240826,Net 60,46094,17,1427.34,Seattle,,5012,Air Distribution,5012 · Engineered Inventory Costs,,,,,,1510,1601,100,000,511000,0000,000,1020,0000,1510.1601.100.000.511000.0000.000.1020.0000
Greenheck Fan Corporation (v),,Bill,2026-02-11 00:00:00,95695731,FB: PO# - 26-10763  Created for SO #244982,Net 60,46094,17,899.68,Seattle,,5012,Air Distribution,5012 · Engineered Inventory Costs,,,,,,1510,1601,100,000,511000,0000,000,1020,0000,1510.1601.100.000.511000.0000.000.1020.0000
Greenheck Fan Corporation (v),,Bill,2026-02-11 00:00:00,95695732,FB: PO# - 26-10771  Created for SO #244920,Net 60,46094,17,979,Seattle,,5012,Air Distribution,5012 · Engineered Inventory Costs,,,,,,1510,1601,100,000,511000,0000,000,1020,0000,1510.1601.100.000.511000.0000.000.1020.0000
Greenheck Fan Corporation (v),,Bill,2026-02-11 00:00:00,95695191,FB: PO# - 25-18797  Created for SO #243275,Net 60,46094,17,26576.34,Seattle,,5012,Air Distribution,5012 · Engineered Inventory Costs,,,,,,1510,1601,100,000,511000,0000,000,1020,0000,1510.1601.100.000.511000.0000.000.1020.0000
Greenheck Fan Corporation (v),,Bill,2026-02-11 00:00:00,95696140,FB: PO# - 26-10871  Created for SO #245186  BRADY SPARKS  Auburn Mechanical // C (206) 909-4852,Net 60,46094,17,320.32,Seattle,,5012,Air Distribution,5012 · Engineered Inventory Costs,,,,,,1510,1601,100,000,511000,0000,000,1020,0000,1510.1601.100.000.511000.0000.000.1020.0000
Greenheck Fan Corporation (v),,Bill,2026-02-11 00:00:00,95696212,FB: PO# - 26-10795  Created for SO #245031,Net 60,46094,17,512.77,Seattle,,5012,Air Distribution,5012 · Engineered Inventory Costs,,,,,,1510,1601,100,000,511000,0000,000,1020,0000,1510.1601.100.000.511000.0000.000.1020.0000
Greenheck Fan Corporation (v),,Bill,2026-02-11 00:00:00,95695948,FB: PO# - 26-10707  Created for SO #244357,Net 60,46094,17,179.28,Seattle,,5012,Air Distribution,5012 · Engineered Inventory Costs,,,,,,1510,1601,100,000,511000,0000,000,1020,0000,1510.1601.100.000.511000.0000.000.1020.0000
Greenheck Fan Corporation (v),,Bill,2026-02-11 00:00:00,95696051,FB: PO# - 26-10992  Created for SO #245396,Net 60,46094,17,140.15,Seattle,,5012,Air Distribution,5012 · Engineered Inventory Costs,,,,,,1510,1601,100,000,511000,0000,000,1020,0000,1510.1601.100.000.511000.0000.000.1020.0000
Greenheck Fan Corporation (v),,Bill,2026-02-11 00:00:00,95696315,FB: PO# - 26-10550  Created for SO #244581,Net 60,46094,17,102.17,Seattle,,5012,Air Distribution,5012 · Engineered Inventory Costs,,,,,,1510,1601,100,000,511000,0000,000,1020,0000,1510.1601.100.000.511000.0000.000.1020.0000
Greenheck Fan Corporation (v),,Bill,2026-02-11 00:00:00,95696192,FB: PO# - 26-10361  Created for SO #244263,Net 60,46094,17,1139.84,Seattle,,5012,Air Distribution,5012 · Engineered Inventory Costs,,,,,,1510,1601,100,000,511000,0000,000,1020,0000,1510.1601.100.000.511000.0000.000.1020.0000
Greenheck Fan Corporation (v),,Bill,2026-02-11 00:00:00,95695949,FB: PO# - 26-10304A  Created for SO #245530,Net 60,46094,17,24.56,Seattle,,5012,Air Distribution,5012 · Engineered Inventory Costs,,,,,,1510,1601,100,000,511000,0000,000,1020,0000,1510.1601.100.000.511000.0000.000.1020.0000
Greenheck Fan Corporation (v),,Bill,2026-02-12 00:00:00,95696460,FB: PO# - 26-10443  Created for SO #244403  SO Note: No Charge To Customer,Net 60,46095,16,1654.08,Seattle,,5012,Air Distribution,5012 · Engineered Inventory Costs,,,,,,1510,1601,100,000,511000,0000,000,1020,0000,1510.1601.100.000.511000.0000.000.1020.0000
Greenheck Fan Corporation (v),,Bill,2026-02-12 00:00:00,95696529,FB: PO# - 26-10765  Created for SO #239376,Net 60,46095,16,1062.41,Seattle,,5012,Air Distribution,5012 · Engineered Inventory Costs,,,,,,1510,1601,100,000,511000,0000,000,1020,0000,1510.1601.100.000.511000.0000.000.1020.0000
Greenheck Fan Corporation (v),,Bill,2026-02-12 00:00:00,95696625,FB: PO# - 25-18758  Created for SO #243365,Net 60,46095,16,810,Seattle,,5012,Air Distribution,5012 · Engineered Inventory Costs,,,,,,1510,1601,100,000,511000,0000,000,1020,0000,1510.1601.100.000.511000.0000.000.1020.0000
Greenheck Fan Corporation (v),,Bill,2026-02-12 00:00:00,95697656,FB: PO# - 25-18873  Created for SO #243620,Net 60,46095,16,30777.78,Seattle,,5012,Air Distribution,5012 · Engineered Inventory Costs,,,,,,1510,1601,100,000,511000,0000,000,1020,0000,1510.1601.100.000.511000.0000.000.1020.0000
Greenheck Fan Corporation (v),,Bill,2026-02-12 00:00:00,95697655,FB: PO# - 26-10837  Created for SO #245114  SO Note: Ethan Clare - 3606844843  PO KPO00029949,Net 60,46095,16,626.98,Seattle,,5012,Air Distribution,5012 · Engineered Inventory Costs,,,,,,1510,1601,100,000,511000,0000,000,1020,0000,1510.1601.100.000.511000.0000.000.1020.0000
Greenheck Fan Corporation (v),,Bill,2026-02-12 00:00:00,95697676,FB: PO# - 26-10988  Created for SO #245390,Net 60,46095,16,534.22,Seattle,,5012,Air Distribution,5012 · Engineered Inventory Costs,,,,,,1510,1601,100,000,511000,0000,000,1020,0000,1510.1601.100.000.511000.0000.000.1020.0000
Greenheck Fan Corporation (v),,Bill,2026-02-12 00:00:00,95697728,FB: PO# - 26-10755  Created for SO #244970,Net 60,46095,16,126.16,Seattle,,5012,Air Distribution,5012 · Engineered Inventory Costs,,,,,,1510,1601,100,000,511000,0000,000,1020,0000,1510.1601.100.000.511000.0000.000.1020.0000
Greenheck Fan Corporation (v),,Bill,2026-02-12 00:00:00,95697451,FB: PO# - 26-10943  Created for SO #245305,Net 60,46095,16,80.82,Seattle,,5012,Air Distribution,5012 · Engineered Inventory Costs,,,,,,1510,1601,100,000,511000,0000,000,1020,0000,1510.1601.100.000.511000.0000.000.1020.0000
Greenheck Fan Corporation (v),,Bill,2026-02-12 00:00:00,95697579,FB: PO# - 26-10620  Created for SO #244713,Net 60,46095,16,1224.28,Seattle,,5012,Air Distribution,5012 · Engineered Inventory Costs,,,,,,1510,1601,100,000,511000,0000,000,1020,0000,1510.1601.100.000.511000.0000.000.1020.0000
Greenheck Fan Corporation (v),,Bill,2026-02-12 00:00:00,95697345,FB: PO# - 26-10446  Created for SO #244407,Net 60,46095,16,2292.99,Seattle,,5012,Air Distribution,5012 · Engineered Inventory Costs,,,,,,1510,1601,100,000,511000,0000,000,1020,0000,1510.1601.100.000.511000.0000.000.1020.0000
Greenheck Fan Corporation (v),,Bill,2026-02-13 00:00:00,95698820,FB: PO# - 26-10744  Created for SO #244945,Net 60,46096,15,3036.73,Seattle,,5012,Air Distribution,5012 · Engineered Inventory Costs,,,,,,1510,1601,100,000,511000,0000,000,1020,0000,1510.1601.100.000.511000.0000.000.1020.0000
Greenheck Fan Corporation (v),,Bill,2026-02-13 00:00:00,95698821,FB: PO# - 26-10552  Created for SO #244583,Net 60,46096,15,1607.49,Seattle,,5012,Air Distribution,5012 · Engineered Inventory Costs,,,,,,1510,1601,100,000,511000,0000,000,1020,0000,1510.1601.100.000.511000.0000.000.1020.0000
Greenheck Fan Corporation (v),,Bill,2026-02-13 00:00:00,95698788,FB: PO# - 26-10863  Created for SO #245120,Net 60,46096,15,1683.84,Seattle,,5012,Air Distribution,5012 · Engineered Inventory Costs,,,,,,1510,1601,100,000,511000,0000,000,1020,0000,1510.1601.100.000.511000.0000.000.1020.0000
Greenheck Fan Corporation (v),,Bill,2026-02-13 00:00:00,95698721,FB: PO# - 26-11039  Created for SO #245434  SO Note: Alamir Ahmad  360-854-8328  PO# 30520,Net 60,46096,15,476.92,Seattle,,5012,Air Distribution,5012 · Engineered Inventory Costs,,,,,,1510,1601,100,000,511000,0000,000,1020,0000,1510.1601.100.000.511000.0000.000.1020.0000
Greenheck Fan Corporation (v),,Bill,2026-02-13 00:00:00,95698002,FB: PO# - 26-10968  Created for SO #245354,Net 60,46096,15,214.36,Seattle,,5012,Air Distribution,5012 · Engineered Inventory Costs,,,,,,1510,1601,100,000,511000,0000,000,1020,0000,1510.1601.100.000.511000.0000.000.1020.0000
Greenheck Fan Corporation (v),,Bill,2026-02-13 00:00:00,95698001,FB: PO# - 26-10531  Created for SO #244544,Net 60,46096,15,3053.11,Seattle,,5012,Air Distribution,5012 · Engineered Inventory Costs,,,,,,1510,1601,100,000,511000,0000,000,1020,0000,1510.1601.100.000.511000.0000.000.1020.0000
Greenheck Fan Corporation (v),,Bill,2026-02-13 00:00:00,95698000,FB: PO# - 26-10662  Created for SO #244810,Net 60,46096,15,5808.76,Seattle,,5012,Air Distribution,5012 · Engineered Inventory Costs,,,,,,1510,1601,100,000,511000,0000,000,1020,0000,1510.1601.100.000.511000.0000.000.1020.0000
Greenheck Fan Corporation (v),,Bill,2026-02-13 00:00:00,95698926,FB: PO# - 26-10846  Created for SO #245129  Laurie Still-Papen   P. 253.627.7543  D. 253.327.197...,Net 60,46096,15,271.33,Seattle,,5012,Air Distribution,5012 · Engineered Inventory Costs,,,,,,1510,1601,100,000,511000,0000,000,1020,0000,1510.1601.100.000.511000.0000.000.1020.0000
Greenheck Fan Corporation (v),,Bill,2026-02-13 00:00:00,95698928,FB: PO# - 26-10968  Created for SO #245354,Net 60,46096,15,288.53,Seattle,,5012,Air Distribution,5012 · Engineered Inventory Costs,,,,,,1510,1601,100,000,511000,0000,000,1020,0000,1510.1601.100.000.511000.0000.000.1020.0000
Greenheck Fan Corporation (v),,Bill,2026-02-13 00:00:00,95699029,FB: PO# - 26-10667  Created for SO #244823,Net 60,46096,15,1356.73,Seattle,,5012,Air Distribution,5012 · Engineered Inventory Costs,,,,,,1510,1601,100,000,511000,0000,000,1020,0000,1510.1601.100.000.511000.0000.000.1020.0000
Greenheck Fan Corporation (v),,Bill,2026-02-13 00:00:00,95698957,FB: PO# - 26-10656  Created for SO #244801,Net 60,46096,15,707.16,Seattle,,5012,Air Distribution,5012 · Engineered Inventory Costs,,,,,,1510,1601,100,000,511000,0000,000,1020,0000,1510.1601.100.000.511000.0000.000.1020.0000
Greenheck Fan Corporation (v),,Bill,2026-02-13 00:00:00,95699113,FB: PO# - 26-10548  Created for SO #244579,Net 60,46096,15,765.44,Seattle,,5012,Air Distribution,5012 · Engineered Inventory Costs,,,,,,1510,1601,100,000,511000,0000,000,1020,0000,1510.1601.100.000.511000.0000.000.1020.0000
Greenheck Fan Corporation (v),,Bill,2026-02-13 00:00:00,95699182,FB: PO# - 26-11041  Created for SO #245476  SO Note: Tiffany Diaz 360-377-3877,Net 60,46096,15,238.06,Seattle,,5012,Air Distribution,5012 · Engineered Inventory Costs,,,,,,1510,1601,100,000,511000,0000,000,1020,0000,1510.1601.100.000.511000.0000.000.1020.0000
Greenheck Fan Corporation (v),,Bill,2026-02-13 00:00:00,95699028,FB: PO# - 25-18327  Created for SO #242546  SO Note: Attention Todd Williams,Net 60,46096,15,11368.44,Seattle,,5012,Air Distribution,5012 · Engineered Inventory Costs,,,,,,1510,1601,100,000,511000,0000,000,1020,0000,1510.1601.100.000.511000.0000.000.1020.0000
Greenheck Fan Corporation (v),,Bill,2026-02-13 00:00:00,95698929,FB: PO# - 26-11004  Created for SO #245367  SO Note: Craig Stauffer  206-372-2239   Craig.Stauff...,Net 60,46096,15,939.52,Seattle,,5012,Air Distribution,5012 · Engineered Inventory Costs,,,,,,1510,1601,100,000,511000,0000,000,1020,0000,1510.1601.100.000.511000.0000.000.1020.0000
Greenheck Fan Corporation (v),,Bill,2026-02-16 00:00:00,95673713 X,FB: PO# - 25-18697A  Created for SO #245333  SO Note: Colin Burrell: 425-894-6045,Net 60,46099,12,113.32,Seattle,,5012,Air Distribution,5012 · Engineered Inventory Costs,,,,,,1510,1601,100,000,511000,0000,000,1020,0000,1510.1601.100.000.511000.0000.000.1020.0000
Greenheck Fan Corporation (v),,Bill,2026-02-16 00:00:00,95699442,FB: PO# - 26-10740  Created for SO #244928,Net 60,46099,12,1328.92,Seattle,,5012,Air Distribution,5012 · Engineered Inventory Costs,,,,,,1510,1601,100,000,511000,0000,000,1020,0000,1510.1601.100.000.511000.0000.000.1020.0000
Greenheck Fan Corporation (v),,Bill,2026-02-16 00:00:00,95699443,FB: PO# - 26-10624  Created for SO #244725,Net 60,46099,12,4800.99,Seattle,,5012,Air Distribution,5012 · Engineered Inventory Costs,,,,,,1510,1601,100,000,511000,0000,000,1020,0000,1510.1601.100.000.511000.0000.000.1020.0000
Greenheck Fan Corporation (v),,Bill,2026-02-16 00:00:00,95699511,FB: PO# - 26-10115  Created for SO #243852,Net 60,46099,12,5454.11,Seattle,,5012,Air Distribution,5012 · Engineered Inventory Costs,,,,,,1510,1601,100,000,511000,0000,000,1020,0000,1510.1601.100.000.511000.0000.000.1020.0000
Greenheck Fan Corporation (v),,Bill,2026-02-16 00:00:00,95699444,FB: PO# - 26-10565  Created for SO #244603  Sten-Erik Andreassen  Associate Project Manager    A...,Net 60,46099,12,2860.72,Seattle,,5012,Air Distribution,5012 · Engineered Inventory Costs,,,,,,1510,1601,100,000,511000,0000,000,1020,0000,1510.1601.100.000.511000.0000.000.1020.0000
Greenheck Fan Corporation (v),,Bill,2026-02-16 00:00:00,95699512,FB: PO# - 26-10298  Created for SO #244180,Net 60,46099,12,2936.65,Seattle,,5012,Air Distribution,5012 · Engineered Inventory Costs,,,,,,1510,1601,100,000,511000,0000,000,1020,0000,1510.1601.100.000.511000.0000.000.1020.0000
Greenheck Fan Corporation (v),,Bill,2026-02-16 00:00:00,95699632,FB: PO# - 26-10941  Created for SO #245289,Net 60,46099,12,356.09,Seattle,,5012,Air Distribution,5012 · Engineered Inventory Costs,,,,,,1510,1601,100,000,511000,0000,000,1020,0000,1510.1601.100.000.511000.0000.000.1020.0000
Greenheck Fan Corporation (v),,Bill,2026-02-16 00:00:00,95699701,FB: PO# - 26-10603  Created for SO #244680  SO Note: Eric Levine 206-402-2325  Uline - MAU 7,Net 60,46099,12,526.08,Seattle,,5012,Air Distribution,5012 · Engineered Inventory Costs,,,,,,1510,1601,100,000,511000,0000,000,1020,0000,1510.1601.100.000.511000.0000.000.1020.0000
Greenheck Fan Corporation (v),,Bill,2026-02-16 00:00:00,95699881,FB: PO# - 26-11004  Created for SO #245367  SO Note: Craig Stauffer  206-372-2239   Craig.Stauff...,Net 60,46099,12,654.32,Seattle,,5012,Air Distribution,5012 · Engineered Inventory Costs,,,,,,1510,1601,100,000,511000,0000,000,1020,0000,1510.1601.100.000.511000.0000.000.1020.0000
Greenheck Fan Corporation (v),,Bill,2026-02-16 00:00:00,95699810,FB: PO# - 26-10955  Note: Curbs were canceled by customer,Net 60,46099,12,619.75,Seattle,,5012,Air Distribution,5012 · Engineered Inventory Costs,,,,,,1510,1601,100,000,511000,0000,000,1020,0000,1510.1601.100.000.511000.0000.000.1020.0000
Greenheck Fan Corporation (v),,Bill,2026-02-16 00:00:00,95699955,FB: PO# - 26-11090  Created for SO #245550  SO Note: Bill Kirpes 206-707-1048  PO 226-002-222-0104,Net 60,46099,12,464.75,Seattle,,5012,Air Distribution,5012 · Engineered Inventory Costs,,,,,,1510,1601,100,000,511000,0000,000,1020,0000,1510.1601.100.000.511000.0000.000.1020.0000
Greenheck Fan Corporation (v),,Bill,2026-02-16 00:00:00,95700497,FB: PO# - 26-10870  Created for SO #245185,Net 60,46099,12,321.63,Seattle,,5012,Air Distribution,5012 · Engineered Inventory Costs,,,,,,1510,1601,100,000,511000,0000,000,1020,0000,1510.1601.100.000.511000.0000.000.1020.0000
Greenheck Fan Corporation (v),,Bill,2026-02-16 00:00:00,95700498,FB: PO# - 26-10875  Created for SO #245193  Laurie Still-Papen,Net 60,46099,12,89.93,Seattle,,5012,Air Distribution,5012 · Engineered Inventory Costs,,,,,,1510,1601,100,000,511000,0000,000,1020,0000,1510.1601.100.000.511000.0000.000.1020.0000
Greenheck Fan Corporation (v),,Bill,2026-02-16 00:00:00,95700500,FB: PO# - 26-11110  Created for SO #245399,Net 60,46099,12,296.3,Seattle,,5012,Air Distribution,5012 · Engineered Inventory Costs,,,,,,1510,1601,100,000,511000,0000,000,1020,0000,1510.1601.100.000.511000.0000.000.1020.0000
Greenheck Fan Corporation (v),,Bill,2026-02-16 00:00:00,95700551,FB: PO# - 26-11086  Created for SO #245483,Net 60,46099,12,1229.37,Seattle,,5012,Air Distribution,5012 · Engineered Inventory Costs,,,,,,1510,1601,100,000,511000,0000,000,1020,0000,1510.1601.100.000.511000.0000.000.1020.0000
Greenheck Fan Corporation (v),,Bill,2026-02-16 00:00:00,95700501,FB: PO# - 26-11118  Created for SO #245579  SO Note: Jared Newberry 2065612935  PO# 693523  Job ...,Net 60,46099,12,104.51,Seattle,,5012,Air Distribution,5012 · Engineered Inventory Costs,,,,,,1510,1601,100,000,511000,0000,000,1020,0000,1510.1601.100.000.511000.0000.000.1020.0000
Greenheck Fan Corporation (v),,Bill,2026-02-16 00:00:00,95700499,FB: PO# - 26-11059  Created for SO #245505,Net 60,46099,12,2234.26,Seattle,,5012,Air Distribution,5012 · Engineered Inventory Costs,,,,,,1510,1601,100,000,511000,0000,000,1020,0000,1510.1601.100.000.511000.0000.000.1020.0000
Greenheck Fan Corporation (v),,Bill,2026-02-16 00:00:00,95700521,FB: PO# - 26-10936  Created for SO #245285,Net 60,46099,12,928.32,Seattle,,5012,Air Distribution,5012 · Engineered Inventory Costs,,,,,,1510,1601,100,000,511000,0000,000,1020,0000,1510.1601.100.000.511000.0000.000.1020.0000
Greenheck Fan Corporation (v),,Bill,2026-02-17 00:00:00,95700960,FB: PO# - 26-10872  Created for SO #245187,Net 60,46100,11,73.8,Seattle,,5012,Air Distribution,5012 · Engineered Inventory Costs,,,,,,1510,1601,100,000,511000,0000,000,1020,0000,1510.1601.100.000.511000.0000.000.1020.0000
Greenheck Fan Corporation (v),,Bill,2026-02-17 00:00:00,95700925,FB: PO# - 25-18578  Created for SO #243034,Net 60,46100,11,12140.31,Seattle,,5012,Air Distribution,5012 · Engineered Inventory Costs,,,,,,1510,1601,100,000,511000,0000,000,1020,0000,1510.1601.100.000.511000.0000.000.1020.0000
Greenheck Fan Corporation (v),,Bill,2026-02-17 00:00:00,95701130,FB: PO# - 26-10294  Created for SO #244175,Net 60,46100,11,1782.99,Seattle,,5012,Air Distribution,5012 · Engineered Inventory Costs,,,,,,1510,1601,100,000,511000,0000,000,1020,0000,1510.1601.100.000.511000.0000.000.1020.0000
Greenheck Fan Corporation (v),,Bill,2026-02-17 00:00:00,95700267,FB: PO# - 26-10162A`  Created for SO #243913,Net 60,46100,11,250,Seattle,,5012,Air Distribution,5012 · Engineered Inventory Costs,,,,,,1510,1601,100,000,511000,0000,000,1020,0000,1510.1601.100.000.511000.0000.000.1020.0000
Greenheck Fan Corporation (v),,Bill,2026-02-17 00:00:00,95701201,FB: PO# - 26-11124  Created for SO #245589  SO Note: Connor Dedrick 541-734-4304   PO 3419533-00,Net 60,46100,11,2311.82,Seattle,,5012,Air Distribution,5012 · Engineered Inventory Costs,,,,,,1510,1601,100,000,511000,0000,000,1020,0000,1510.1601.100.000.511000.0000.000.1020.0000
Greenheck Fan Corporation (v),,Bill,2026-02-17 00:00:00,95701516,FB: PO# - 26-10320  Created for SO #244211,Net 60,46100,11,3736.09,Seattle,,5012,Air Distribution,5012 · Engineered Inventory Costs,,,,,,1510,1601,100,000,511000,0000,000,1020,0000,1510.1601.100.000.511000.0000.000.1020.0000
Greenheck Fan Corporation (v),,Bill,2026-02-17 00:00:00,95701723,FB: PO# - 26-10350  Created for SO #244257,Net 60,46100,11,3664.12,Seattle,,5012,Air Distribution,5012 · Engineered Inventory Costs,,,,,,1510,1601,100,000,511000,0000,000,1020,0000,1510.1601.100.000.511000.0000.000.1020.0000
Greenheck Fan Corporation (v),,Bill,2026-02-17 00:00:00,95701823,FB: PO# - 26-11008  Created for SO #245427,Net 60,46100,11,2000.35,Seattle,,5012,Air Distribution,5012 · Engineered Inventory Costs,,,,,,1510,1601,100,000,511000,0000,000,1020,0000,1510.1601.100.000.511000.0000.000.1020.0000
Greenheck Fan Corporation (v),,Bill,2026-02-17 00:00:00,95701843,FB: PO# - 26-10938  Created for SO #245287,Net 60,46100,11,2253.93,Seattle,,5012,Air Distribution,5012 · Engineered Inventory Costs,,,,,,1510,1601,100,000,511000,0000,000,1020,0000,1510.1601.100.000.511000.0000.000.1020.0000
Greenheck Fan Corporation (v),,Bill,2026-02-17 00:00:00,95701927,FB: PO# - 26-10749  Created for SO #244953  Andy Badejo  Materials Manager / Baxter  360-893-1389,Net 60,46100,11,136.98,Seattle,,5012,Air Distribution,5012 · Engineered Inventory Costs,,,,,,1510,1601,100,000,511000,0000,000,1020,0000,1510.1601.100.000.511000.0000.000.1020.0000
Greenheck Fan Corporation (v),,Bill,2026-02-17 00:00:00,95701722,FB: PO# - 26-10771  Created for SO #244920,Net 60,46100,11,2049.84,Seattle,,5012,Air Distribution,5012 · Engineered Inventory Costs,,,,,,1510,1601,100,000,511000,0000,000,1020,0000,1510.1601.100.000.511000.0000.000.1020.0000
Greenheck Fan Corporation (v),,Bill,2026-02-17 00:00:00,95701926,FB: PO# - 26-11136  Created for SO #245609  SO Note: CMS is doing this for UMC,Net 60,46100,11,1119.54,Seattle,,5012,Air Distribution,5012 · Engineered Inventory Costs,,,,,,1510,1601,100,000,511000,0000,000,1020,0000,1510.1601.100.000.511000.0000.000.1020.0000
Greenheck Fan Corporation (v),,Bill,2026-02-18 00:00:00,95702322,FB: PO# - 25-17528  Created for SO #241078,Net 60,46101,10,4370.17,Seattle,,5012,Air Distribution,5012 · Engineered Inventory Costs,,,,,,1510,1601,100,000,511000,0000,000,1020,0000,1510.1601.100.000.511000.0000.000.1020.0000
Greenheck Fan Corporation (v),,Bill,2026-02-18 00:00:00,95702250,FB: PO# - 26-10685  Created for SO #244712,Net 60,46101,10,19252.8,Seattle,,5012,Air Distribution,5012 · Engineered Inventory Costs,,,,,,1510,1601,100,000,511000,0000,000,1020,0000,1510.1601.100.000.511000.0000.000.1020.0000
Greenheck Fan Corporation (v),,Bill,2026-02-18 00:00:00,95702251,FB: PO# - 26-10348  Created for SO #244253,Net 60,46101,10,190.82,Seattle,,5012,Air Distribution,5012 · Engineered Inventory Costs,,,,,,1510,1601,100,000,511000,0000,000,1020,0000,1510.1601.100.000.511000.0000.000.1020.0000
Greenheck Fan Corporation (v),,Bill,2026-02-18 00:00:00,95703534,FB: PO# - 26-11195  Created for SO #245655,Net 60,46101,10,242.83,Seattle,,5012,Air Distribution,5012 · Engineered Inventory Costs,,,,,,1510,1601,100,000,511000,0000,000,1020,0000,1510.1601.100.000.511000.0000.000.1020.0000
Greenheck Fan Corporation (v),,Bill,2026-02-18 00:00:00,95703555,FB: PO# - 26-10927  Created for SO #245276,Net 60,46101,10,377.16,Seattle,,5012,Air Distribution,5012 · Engineered Inventory Costs,,,,,,1510,1601,100,000,511000,0000,000,1020,0000,1510.1601.100.000.511000.0000.000.1020.0000
Greenheck Fan Corporation (v),,Bill,2026-02-18 00:00:00,95703654,FB: PO# - 25-18774W  Created for SO #245615  Created from RMA #933  Replacement due to freight d...,Net 60,46101,10,575.08,Seattle,,5012,Air Distribution,5012 · Engineered Inventory Costs,,,,,,1510,1601,100,000,511000,0000,000,1020,0000,1510.1601.100.000.511000.0000.000.1020.0000
Greenheck Fan Corporation (v),,Bill,2026-02-18 00:00:00,95703510,FB: PO# - 26-10163  Created for SO #243909,Net 60,46101,10,3735.9,Seattle,,5012,Air Distribution,5012 · Engineered Inventory Costs,,,,,,1510,1601,100,000,511000,0000,000,1020,0000,1510.1601.100.000.511000.0000.000.1020.0000
Greenheck Fan Corporation (v),,Bill,2026-02-18 00:00:00,95703512,FB: PO# - 26-11185  Created for SO #245701  SO Note: Jayla Cureton 206-532-4424  PO# 694060  Job...,Net 60,46101,10,175.21,Seattle,,5012,Air Distribution,5012 · Engineered Inventory Costs,,,,,,1510,1601,100,000,511000,0000,000,1020,0000,1510.1601.100.000.511000.0000.000.1020.0000
Greenheck Fan Corporation (v),,Bill,2026-02-19 00:00:00,95703829,FB: PO# - 25-18458  Created for SO #242790,Net 60,46102,9,3028.3,Seattle,,5012,Air Distribution,5012 · Engineered Inventory Costs,,,,,,1510,1601,100,000,511000,0000,000,1020,0000,1510.1601.100.000.511000.0000.000.1020.0000
Greenheck Fan Corporation (v),,Bill,2026-02-19 00:00:00,95703834,FB: PO# - 26-11101  Created for SO #245438,Net 60,46102,9,307.25,Seattle,,5012,Air Distribution,5012 · Engineered Inventory Costs,,,,,,1510,1601,100,000,511000,0000,000,1020,0000,1510.1601.100.000.511000.0000.000.1020.0000
Greenheck Fan Corporation (v),,Bill,2026-02-19 00:00:00,95703835,FB: PO# - 26-11095  Created for SO #245557,Net 60,46102,9,89.04,Seattle,,5012,Air Distribution,5012 · Engineered Inventory Costs,,,,,,1510,1601,100,000,511000,0000,000,1020,0000,1510.1601.100.000.511000.0000.000.1020.0000
Greenheck Fan Corporation (v),,Bill,2026-02-19 00:00:00,95703832,FB: PO# - 26-11092  Created for SO #245554,Net 60,46102,9,857.75,Seattle,,5012,Air Distribution,5012 · Engineered Inventory Costs,,,,,,1510,1601,100,000,511000,0000,000,1020,0000,1510.1601.100.000.511000.0000.000.1020.0000
Greenheck Fan Corporation (v),,Bill,2026-02-19 00:00:00,95703899,FB: PO# - 26-10793  Created for SO #245030,Net 60,46102,9,476.79,Seattle,,5012,Air Distribution,5012 · Engineered Inventory Costs,,,,,,1510,1601,100,000,511000,0000,000,1020,0000,1510.1601.100.000.511000.0000.000.1020.0000
Greenheck Fan Corporation (v),,Bill,2026-02-19 00:00:00,95704311,FB: PO# - 26-10930  Created for SO #245282,Net 60,46102,9,1580.36,Seattle,,5012,Air Distribution,5012 · Engineered Inventory Costs,,,,,,1510,1601,100,000,511000,0000,000,1020,0000,1510.1601.100.000.511000.0000.000.1020.0000
Greenheck Fan Corporation (v),,Bill,2026-02-19 00:00:00,95704297,FB: PO# - 25-18879  Created for SO #243631  SO Note: Pricing is ok - Big estimating department e...,Net 60,46102,9,4803.19,Seattle,,5012,Air Distribution,5012 · Engineered Inventory Costs,,,,,,1510,1601,100,000,511000,0000,000,1020,0000,1510.1601.100.000.511000.0000.000.1020.0000
Greenheck Fan Corporation (v),,Bill,2026-02-19 00:00:00,95704459,FB: PO# - 26-11173  Created for SO #245675,Net 60,46102,9,84.85,Seattle,,5012,Air Distribution,5012 · Engineered Inventory Costs,,,,,,1510,1601,100,000,511000,0000,000,1020,0000,1510.1601.100.000.511000.0000.000.1020.0000
Greenheck Fan Corporation (v),,Bill,2026-02-19 00:00:00,95704695,FB: PO# - 26-11111  Created for SO #245570  SO Note: Vitaliy 206-550-8861  Salvation Church,Net 60,46102,9,334.72,Seattle,,5012,Air Distribution,5012 · Engineered Inventory Costs,,,,,,1510,1601,100,000,511000,0000,000,1020,0000,1510.1601.100.000.511000.0000.000.1020.0000
Greenheck Fan Corporation (v),,Bill,2026-02-19 00:00:00,95704863,FB: PO# - 26-11057  Created for SO #245503,Net 60,46102,9,3105.07,Seattle,,5012,Air Distribution,5012 · Engineered Inventory Costs,,,,,,1510,1601,100,000,511000,0000,000,1020,0000,1510.1601.100.000.511000.0000.000.1020.0000
Greenheck Fan Corporation (v),,Bill,2026-02-19 00:00:00,95704864,FB: PO# - 26-11148  Created for SO #245628,Net 60,46102,9,675.44,Seattle,,5012,Air Distribution,5012 · Engineered Inventory Costs,,,,,,1510,1601,100,000,511000,0000,000,1020,0000,1510.1601.100.000.511000.0000.000.1020.0000
Greenheck Fan Corporation (v),,Bill,2026-02-19 00:00:00,95704865,FB: PO# - 26-10689  Created for SO #244844,Net 60,46102,9,1123.1,Seattle,,5012,Air Distribution,5012 · Engineered Inventory Costs,,,,,,1510,1601,100,000,511000,0000,000,1020,0000,1510.1601.100.000.511000.0000.000.1020.0000
Greenheck Fan Corporation (v),,Bill,2026-02-19 00:00:00,95704861,FB: PO# - 26-11036  Created for SO #245471,Net 60,46102,9,1780.43,Seattle,,5012,Air Distribution,5012 · Engineered Inventory Costs,,,,,,1510,1601,100,000,511000,0000,000,1020,0000,1510.1601.100.000.511000.0000.000.1020.0000
Greenheck Fan Corporation (v),,Bill,2026-02-19 00:00:00,95704862,FB: PO# - 26-11050  Created for SO #245491,Net 60,46102,9,3544.32,Seattle,,5012,Air Distribution,5012 · Engineered Inventory Costs,,,,,,1510,1601,100,000,511000,0000,000,1020,0000,1510.1601.100.000.511000.0000.000.1020.0000
Greenheck Fan Corporation (v),,Bill,2026-02-20 00:00:00,95705293,FB: PO# - 25-18682  Created for SO #243191,Net 60,46103,8,5788.24,Seattle,,5012,Air Distribution,5012 · Engineered Inventory Costs,,,,,,1510,1601,100,000,511000,0000,000,1020,0000,1510.1601.100.000.511000.0000.000.1020.0000
Greenheck Fan Corporation (v),,Bill,2026-02-20 00:00:00,95705294,FB: PO# - 26-10844  Created for SO #245128,Net 60,46103,8,11579.24,Seattle,,5012,Air Distribution,5012 · Engineered Inventory Costs,,,,,,1510,1601,100,000,511000,0000,000,1020,0000,1510.1601.100.000.511000.0000.000.1020.0000
Greenheck Fan Corporation (v),,Bill,2026-02-20 00:00:00,95705297,FB: PO# - 26-11141  Created for SO #245622,Net 60,46103,8,60.96,Seattle,,5012,Air Distribution,5012 · Engineered Inventory Costs,,,,,,1510,1601,100,000,511000,0000,000,1020,0000,1510.1601.100.000.511000.0000.000.1020.0000
Greenheck Fan Corporation (v),,Bill,2026-02-20 00:00:00,95705296,FB: PO# - 26-10874  Created for SO #245191,Net 60,46103,8,653.08,Seattle,,5012,Air Distribution,5012 · Engineered Inventory Costs,,,,,,1510,1601,100,000,511000,0000,000,1020,0000,1510.1601.100.000.511000.0000.000.1020.0000
Greenheck Fan Corporation (v),,Bill,2026-02-20 00:00:00,95705381,FB: PO# - 26-10793  Created for SO #245030,Net 60,46103,8,428.29,Seattle,,5012,Air Distribution,5012 · Engineered Inventory Costs,,,,,,1510,1601,100,000,511000,0000,000,1020,0000,1510.1601.100.000.511000.0000.000.1020.0000
Greenheck Fan Corporation (v),,Bill,2026-02-20 00:00:00,95705735,FB: PO# - 26-10984  Created for SO #245380,Net 60,46103,8,890.85,Seattle,,5012,Air Distribution,5012 · Engineered Inventory Costs,,,,,,1510,1601,100,000,511000,0000,000,1020,0000,1510.1601.100.000.511000.0000.000.1020.0000
Greenheck Fan Corporation (v),,Bill,2026-02-20 00:00:00,95705869,FB: PO# - 26-10227  Created for SO #244035,Net 60,46103,8,13190.89,Seattle,,5012,Air Distribution,5012 · Engineered Inventory Costs,,,,,,1510,1601,100,000,511000,0000,000,1020,0000,1510.1601.100.000.511000.0000.000.1020.0000
Greenheck Fan Corporation (v),,Bill,2026-02-20 00:00:00,95705767,FB: PO# - 26-11094  Created for SO #245555,Net 60,46103,8,819.22,Seattle,,5012,Air Distribution,5012 · Engineered Inventory Costs,,,,,,1510,1601,100,000,511000,0000,000,1020,0000,1510.1601.100.000.511000.0000.000.1020.0000
Greenheck Fan Corporation (v),,Bill,2026-02-20 00:00:00,95705965,FB: PO# - 26-11192  Created for SO #245499,Net 60,46103,8,871.88,Seattle,,5012,Air Distribution,5012 · Engineered Inventory Costs,,,,,,1510,1601,100,000,511000,0000,000,1020,0000,1510.1601.100.000.511000.0000.000.1020.0000
Greenheck Fan Corporation (v),,Bill,2026-02-20 00:00:00,95705982,FB: PO# - 26-10485  Created for SO #244478,Net 60,46103,8,7397.79,Seattle,,5012,Air Distribution,5012 · Engineered Inventory Costs,,,,,,1510,1601,100,000,511000,0000,000,1020,0000,1510.1601.100.000.511000.0000.000.1020.0000
Greenheck Fan Corporation (v),,Bill,2026-02-20 00:00:00,95706072,FB: PO# - 26-10985  Created for SO #245384,Net 60,46103,8,462.87,Seattle,,5012,Air Distribution,5012 · Engineered Inventory Costs,,,,,,1510,1601,100,000,511000,0000,000,1020,0000,1510.1601.100.000.511000.0000.000.1020.0000
Greenheck Fan Corporation (v),,Bill,2026-02-20 00:00:00,95706161,FB: PO# - 26-10613  Created for SO #244683,Net 60,46103,8,1735.49,Seattle,,5012,Air Distribution,5012 · Engineered Inventory Costs,,,,,,1510,1601,100,000,511000,0000,000,1020,0000,1510.1601.100.000.511000.0000.000.1020.0000
Greenheck Fan Corporation (v),,Bill,2026-02-20 00:00:00,95706073,FB: PO# - 25-18557A  Created for SO #245931  SO Note: No charge to customer - breaking out separ...,Net 60,46103,8,183.42,Seattle,,5012,Air Distribution,5012 · Engineered Inventory Costs,,,,,,1510,1601,100,000,511000,0000,000,1020,0000,1510.1601.100.000.511000.0000.000.1020.0000
Greenheck Fan Corporation (v),,Bill,2026-02-21 00:00:00,95706403,FB: PO# - 26-11101  Created for SO #245438,Net 60,46104,7,1734.42,Seattle,,5012,Air Distribution,5012 · Engineered Inventory Costs,,,,,,1510,1601,100,000,511000,0000,000,1020,0000,1510.1601.100.000.511000.0000.000.1020.0000
Greenheck Fan Corporation (v),,Bill,2026-02-23 00:00:00,95706660,FB: PO# - 26-10671  Created for SO #244829,Net 60,46106,5,1201.4,Seattle,,5012,Air Distribution,5012 · Engineered Inventory Costs,,,,,,1510,1601,100,000,511000,0000,000,1020,0000,1510.1601.100.000.511000.0000.000.1020.0000
Greenheck Fan Corporation (v),,Bill,2026-02-23 00:00:00,9570663,FB: PO# - 26-11176  Created for SO #245678,Net 60,46106,5,905.97,Seattle,,5012,Air Distribution,5012 · Engineered Inventory Costs,,,,,,1510,1601,100,000,511000,0000,000,1020,0000,1510.1601.100.000.511000.0000.000.1020.0000
Greenheck Fan Corporation (v),,Bill,2026-02-23 00:00:00,95706662,FB: PO# - 26-10528  Created for SO #244543,Net 60,46106,5,4527.87,Seattle,,5012,Air Distribution,5012 · Engineered Inventory Costs,,,,,,1510,1601,100,000,511000,0000,000,1020,0000,1510.1601.100.000.511000.0000.000.1020.0000
Greenheck Fan Corporation (v),,Bill,2026-02-23 00:00:00,95706658,"FB: PO# - 26-10281  Created for SO #244116  Jake Clark.     Emerald Aire, Inc.  C: (253)-293-011...",Net 60,46106,5,8998.87,Seattle,,5012,Air Distribution,5012 · Engineered Inventory Costs,,,,,,1510,1601,100,000,511000,0000,000,1020,0000,1510.1601.100.000.511000.0000.000.1020.0000
Greenheck Fan Corporation (v),,Bill,2026-02-23 00:00:00,95706659,FB: PO# - 26-10695  Created for SO #244852,Net 60,46106,5,2931.27,Seattle,,5012,Air Distribution,5012 · Engineered Inventory Costs,,,,,,1510,1601,100,000,511000,0000,000,1020,0000,1510.1601.100.000.511000.0000.000.1020.0000
Greenheck Fan Corporation (v),,Bill,2026-02-23 00:00:00,95706661,FB: PO# - 26-10973  Created for SO #245358,Net 60,46106,5,441.48,Seattle,,5012,Air Distribution,5012 · Engineered Inventory Costs,,,,,,1510,1601,100,000,511000,0000,000,1020,0000,1510.1601.100.000.511000.0000.000.1020.0000
Greenheck Fan Corporation (v),,Bill,2026-02-23 00:00:00,95706938,FB: PO# - 26-10882  Created for SO #244883,Net 60,46106,5,1869.92,Seattle,,5012,Air Distribution,5012 · Engineered Inventory Costs,,,,,,1510,1601,100,000,511000,0000,000,1020,0000,1510.1601.100.000.511000.0000.000.1020.0000
Greenheck Fan Corporation (v),,Bill,2026-02-23 00:00:00,95707154,FB: PO# - 25-18690  Created for SO #243228,Net 60,46106,5,10910.68,Seattle,,5012,Air Distribution,5012 · Engineered Inventory Costs,,,,,,1510,1601,100,000,511000,0000,000,1020,0000,1510.1601.100.000.511000.0000.000.1020.0000
Greenheck Fan Corporation (v),,Bill,2026-02-23 00:00:00,95706972,FB: PO# - 26-10725  Created for SO #244911  SO Note: No Charge To Customer,Net 60,46106,5,1141.59,Seattle,,5012,Air Distribution,5012 · Engineered Inventory Costs,,,,,,1510,1601,100,000,511000,0000,000,1020,0000,1510.1601.100.000.511000.0000.000.1020.0000
Greenheck Fan Corporation (v),,Bill,2026-02-23 00:00:00,95707369,FB: PO# - 26-10620  Created for SO #244713,Net 60,46106,5,3422.85,Seattle,,5012,Air Distribution,5012 · Engineered Inventory Costs,,,,,,1510,1601,100,000,511000,0000,000,1020,0000,1510.1601.100.000.511000.0000.000.1020.0000
Greenheck Fan Corporation (v),,Bill,2026-02-23 00:00:00,95707529,FB: PO# - 26-10432  Created for SO #244349,Net 60,46106,5,2232.02,Seattle,,5012,Air Distribution,5012 · Engineered Inventory Costs,,,,,,1510,1601,100,000,511000,0000,000,1020,0000,1510.1601.100.000.511000.0000.000.1020.0000
Greenheck Fan Corporation (v),,Bill,2026-02-23 00:00:00,95707562,FB: PO# - 26-11067  Created for SO #245523,Net 60,46106,5,3618.5,Seattle,,5012,Air Distribution,5012 · Engineered Inventory Costs,,,,,,1510,1601,100,000,511000,0000,000,1020,0000,1510.1601.100.000.511000.0000.000.1020.0000
Greenheck Fan Corporation (v),,Bill,2026-02-23 00:00:00,95707561,FB: PO# - 26-11239  Created for SO #245792,Net 60,46106,5,822.92,Seattle,,5012,Air Distribution,5012 · Engineered Inventory Costs,,,,,,1510,1601,100,000,511000,0000,000,1020,0000,1510.1601.100.000.511000.0000.000.1020.0000
Greenheck Fan Corporation (v),,Bill,2026-02-23 00:00:00,95707930,FB: PO# - 26-11013  Created for SO #245435  SO Note: Pricing is ok!,Net 60,46106,5,2566.69,Seattle,,5012,Air Distribution,5012 · Engineered Inventory Costs,,,,,,1510,1601,100,000,511000,0000,000,1020,0000,1510.1601.100.000.511000.0000.000.1020.0000
Greenheck Fan Corporation (v),,Bill,2026-02-23 00:00:00,95707977,FB: PO# - 26-11135  Created for SO #245607,Net 60,46106,5,616.7,Seattle,,5012,Air Distribution,5012 · Engineered Inventory Costs,,,,,,1510,1601,100,000,511000,0000,000,1020,0000,1510.1601.100.000.511000.0000.000.1020.0000
Greenheck Fan Corporation (v),,Bill,2026-02-24 00:00:00,95708118,FB: PO# - 26-11087  Created for SO #245547,Net 60,46107,4,2034.03,Seattle,,5012,Air Distribution,5012 · Engineered Inventory Costs,,,,,,1510,1601,100,000,511000,0000,000,1020,0000,1510.1601.100.000.511000.0000.000.1020.0000
Greenheck Fan Corporation (v),,Bill,2026-02-24 00:00:00,95708117,FB: PO# - 26-10910  Created for SO #245252  SO Note: Travis Harrison - 2069392557  CEG Warranty ...,Net 60,46107,4,4987.56,Seattle,,5012,Air Distribution,5012 · Engineered Inventory Costs,,,,,,1510,1601,100,000,511000,0000,000,1020,0000,1510.1601.100.000.511000.0000.000.1020.0000
Greenheck Fan Corporation (v),,Bill,2026-02-24 00:00:00,95708515,FB: PO# - 26-11280  Created for SO #245822,Net 60,46107,4,102.05,Seattle,,5012,Air Distribution,5012 · Engineered Inventory Costs,,,,,,1510,1601,100,000,511000,0000,000,1020,0000,1510.1601.100.000.511000.0000.000.1020.0000
Greenheck Fan Corporation (v),,Bill,2026-02-24 00:00:00,95708514,FB: PO# - 26-10550  Created for SO #244581,Net 60,46107,4,657.15,Seattle,,5012,Air Distribution,5012 · Engineered Inventory Costs,,,,,,1510,1601,100,000,511000,0000,000,1020,0000,1510.1601.100.000.511000.0000.000.1020.0000
Greenheck Fan Corporation (v),,Bill,2026-02-24 00:00:00,95709072,FB: PO# - 26-11332  Created for SO #245942,Net 60,46107,4,235.45,Seattle,,5012,Air Distribution,5012 · Engineered Inventory Costs,,,,,,1510,1601,100,000,511000,0000,000,1020,0000,1510.1601.100.000.511000.0000.000.1020.0000
Greenheck Fan Corporation (v),,Bill,2026-02-25 00:00:00,95709576,FB: PO# - 26-10482  Created for SO #244470,Net 60,46108,3,11308.87,Seattle,,5012,Air Distribution,5012 · Engineered Inventory Costs,,,,,,1510,1601,100,000,511000,0000,000,1020,0000,1510.1601.100.000.511000.0000.000.1020.0000
Greenheck Fan Corporation (v),,Bill,2026-02-25 00:00:00,95709653,FB: PO# - 26-10574  Created for SO #244617,Net 60,46108,3,1336.27,Seattle,,5012,Air Distribution,5012 · Engineered Inventory Costs,,,,,,1510,1601,100,000,511000,0000,000,1020,0000,1510.1601.100.000.511000.0000.000.1020.0000
Greenheck Fan Corporation (v),,Bill,2026-02-25 00:00:00,95709655,FB: PO# - 26-10702  Created for SO #244867,Net 60,46108,3,1256.66,Seattle,,5012,Air Distribution,5012 · Engineered Inventory Costs,,,,,,1510,1601,100,000,511000,0000,000,1020,0000,1510.1601.100.000.511000.0000.000.1020.0000
Greenheck Fan Corporation (v),,Bill,2026-02-25 00:00:00,9570967,FB: PO# - 25-15226W  Created from RMA #931  Missing (1) XG-MSE (surface mount) from #9634102    ...,Net 60,46108,3,483.02,Seattle,,5012,Air Distribution,5012 · Engineered Inventory Costs,,,,,,1510,1601,100,000,511000,0000,000,1020,0000,1510.1601.100.000.511000.0000.000.1020.0000
Greenheck Fan Corporation (v),,Bill,2026-02-25 00:00:00,95710016,FB: PO# - 26-10412  Created for SO #244348,Net 60,46108,3,3446.1,Seattle,,5012,Air Distribution,5012 · Engineered Inventory Costs,,,,,,1510,1601,100,000,511000,0000,000,1020,0000,1510.1601.100.000.511000.0000.000.1020.0000
Greenheck Fan Corporation (v),,Bill,2026-02-25 00:00:00,95710295,FB: PO# - 26-11351  Created for SO #245988  SO Note: Brian Egge   Toyota of Bellingham  PO 15503,Net 60,46108,3,293.85,Seattle,,5012,Air Distribution,5012 · Engineered Inventory Costs,,,,,,1510,1601,100,000,511000,0000,000,1020,0000,1510.1601.100.000.511000.0000.000.1020.0000
Greenheck Fan Corporation (v),,Bill,2026-02-25 00:00:00,95710425,FB: PO# - 26-11343  Created for SO #245967  SO Note: Nikki Knapp - 253-872-5665  PO 12349,Net 60,46108,3,409.08,Seattle,,5012,Air Distribution,5012 · Engineered Inventory Costs,,,,,,1510,1601,100,000,511000,0000,000,1020,0000,1510.1601.100.000.511000.0000.000.1020.0000
Greenheck Fan Corporation (v),,Bill,2026-02-25 00:00:00,95710426,FB: PO# - 26-11333  Created for SO #245944  SO Note: Jason Umbao (425) 570-7097  PO# 166529-133798,Net 60,46108,3,128.48,Seattle,,5012,Air Distribution,5012 · Engineered Inventory Costs,,,,,,1510,1601,100,000,511000,0000,000,1020,0000,1510.1601.100.000.511000.0000.000.1020.0000
Greenheck Fan Corporation (v),,Bill,2026-02-25 00:00:00,95710229,FB: PO# - 26-11204  Created for SO #245729,Net 60,46108,3,7165.26,Seattle,,5012,Air Distribution,5012 · Engineered Inventory Costs,,,,,,1510,1601,100,000,511000,0000,000,1020,0000,1510.1601.100.000.511000.0000.000.1020.0000
Greenheck Fan Corporation (v),,Bill,2026-02-25 00:00:00,95710648,FB: PO# - 26-11176  Created for SO #245678,Net 60,46108,3,3581.7,Seattle,,5012,Air Distribution,5012 · Engineered Inventory Costs,,,,,,1510,1601,100,000,511000,0000,000,1020,0000,1510.1601.100.000.511000.0000.000.1020.0000
Greenheck Fan Corporation (v),,Bill,2026-02-25 00:00:00,95710605,"FB: PO# - 26-11212  Created for SO #245744  Jordan Dickerson, Project Engineer  Cell 206-610-234...",Net 60,46108,3,272.03,Seattle,,5012,Air Distribution,5012 · Engineered Inventory Costs,,,,,,1510,1601,100,000,511000,0000,000,1020,0000,1510.1601.100.000.511000.0000.000.1020.0000
Greenheck Fan Corporation (v),,Bill,2026-02-25 00:00:00,95710604,FB: PO# - 26-11317  Created for SO #245922,Net 60,46108,3,468.7,Seattle,,5012,Air Distribution,5012 · Engineered Inventory Costs,,,,,,1510,1601,100,000,511000,0000,000,1020,0000,1510.1601.100.000.511000.0000.000.1020.0000
Greenheck Fan Corporation (v),,Bill,2026-02-25 00:00:00,95710566,FB: PO# - 26-11145  Created for SO #245430,Net 60,46108,3,423.66,Seattle,,5012,Air Distribution,5012 · Engineered Inventory Costs,,,,,,1510,1601,100,000,511000,0000,000,1020,0000,1510.1601.100.000.511000.0000.000.1020.0000
Greenheck Fan Corporation (v),,Bill,2026-02-25 00:00:00,95710776,FB: PO# - 26-10561  Created for SO #244599  Sten-Erik Andreassen  Associate Project Manager    A...,Net 60,46108,3,3203.29,Seattle,,5012,Air Distribution,5012 · Engineered Inventory Costs,,,,,,1510,1601,100,000,511000,0000,000,1020,0000,1510.1601.100.000.511000.0000.000.1020.0000
Greenheck Fan Corporation (v),,Bill,2026-02-25 00:00:00,95710715,FB: PO# - 26-11354  Created for SO #245993,Net 60,46108,3,3356.7,Seattle,,5012,Air Distribution,5012 · Engineered Inventory Costs,,,,,,1510,1601,100,000,511000,0000,000,1020,0000,1510.1601.100.000.511000.0000.000.1020.0000
Greenheck Fan Corporation (v),,Bill,2026-02-25 00:00:00,95710765,FB: PO# - 26-11368  Created for SO #246017  SO Note: Lance Davis 509*200*6583  PO 43093,Net 60,46108,3,282.79,Seattle,,5012,Air Distribution,5012 · Engineered Inventory Costs,,,,,,1510,1601,100,000,511000,0000,000,1020,0000,1510.1601.100.000.511000.0000.000.1020.0000
Greenheck Fan Corporation (v),,Bill,2026-02-26 00:00:00,957110068,FB: PO# - 26-11126  Created for SO #245590,Net 60,46109,2,624.99,Seattle,,5012,Air Distribution,5012 · Engineered Inventory Costs,,,,,,1510,1601,100,000,511000,0000,000,1020,0000,1510.1601.100.000.511000.0000.000.1020.0000
Greenheck Fan Corporation (v),,Bill,2026-02-26 00:00:00,95711069,"FB: PO# - 26-11056  Created for SO #245500  Misty Beck  Assistant Project Manager  Emerald Aire,...",Net 60,46109,2,223.26,Seattle,,5012,Air Distribution,5012 · Engineered Inventory Costs,,,,,,1510,1601,100,000,511000,0000,000,1020,0000,1510.1601.100.000.511000.0000.000.1020.0000
Greenheck Fan Corporation (v),,Bill,2026-02-26 00:00:00,95711070,"FB: PO# - 26-11060  Created for SO #245508  Misty Beck  Assistant Project Manager  Emerald Aire,...",Net 60,46109,2,164.98,Seattle,,5012,Air Distribution,5012 · Engineered Inventory Costs,,,,,,1510,1601,100,000,511000,0000,000,1020,0000,1510.1601.100.000.511000.0000.000.1020.0000
Greenheck Fan Corporation (v),,Bill,2026-02-26 00:00:00,95711296,FB: PO# - 26-10742  Created for SO #244931,Net 60,46109,2,680.29,Seattle,,5012,Air Distribution,5012 · Engineered Inventory Costs,,,,,,1510,1601,100,000,511000,0000,000,1020,0000,1510.1601.100.000.511000.0000.000.1020.0000
Greenheck Fan Corporation (v),,Bill,2026-02-26 00:00:00,95711706,FB: PO# - 25-17612  Created for SO #241352,Net 60,46109,2,23054.22,Seattle,,5012,Air Distribution,5012 · Engineered Inventory Costs,,,,,,1510,1601,100,000,511000,0000,000,1020,0000,1510.1601.100.000.511000.0000.000.1020.0000
Greenheck Fan Corporation (v),,Bill,2026-02-26 00:00:00,95712212,FB: PO# - 26-11172  Created for SO #245674,Net 60,46109,2,1051.4,Seattle,,5012,Air Distribution,5012 · Engineered Inventory Costs,,,,,,1510,1601,100,000,511000,0000,000,1020,0000,1510.1601.100.000.511000.0000.000.1020.0000
Greenheck Fan Corporation (v),,Bill,2026-02-26 00:00:00,95712306,FB: PO# - 26-11016  Created for SO #235905  SO Note: PO025716-1  Job # 20-24-22330 616 Battery  ...,Net 60,46109,2,734.23,Seattle,,5012,Air Distribution,5012 · Engineered Inventory Costs,,,,,,1510,1601,100,000,511000,0000,000,1020,0000,1510.1601.100.000.511000.0000.000.1020.0000
Greenheck Fan Corporation (v),,Bill,2026-02-26 00:00:00,95712308,FB: PO# - 26-11021  Created for SO #235905  SO Note: PO025716-1  Job # 20-24-22330 616 Battery  ...,Net 60,46109,2,734.23,Seattle,,5012,Air Distribution,5012 · Engineered Inventory Costs,,,,,,1510,1601,100,000,511000,0000,000,1020,0000,1510.1601.100.000.511000.0000.000.1020.0000
Greenheck Fan Corporation (v),,Bill,2026-02-26 00:00:00,95712211,FB: PO# - 26-11091  Created for SO #245383,Net 60,46109,2,267.77,Seattle,,5012,Air Distribution,5012 · Engineered Inventory Costs,,,,,,1510,1601,100,000,511000,0000,000,1020,0000,1510.1601.100.000.511000.0000.000.1020.0000
Greenheck Fan Corporation (v),,Bill,2026-02-26 00:00:00,95712381,FB: PO# - 26-11429  Created for SO #246114,Net 60,46109,2,28.51,Seattle,,5012,Air Distribution,5012 · Engineered Inventory Costs,,,,,,1510,1601,100,000,511000,0000,000,1020,0000,1510.1601.100.000.511000.0000.000.1020.0000
Greenheck Fan Corporation (v),,Bill,2026-02-26 00:00:00,95712307,FB: PO# - 26-11020  Created for SO #235905  SO Note: PO025716-1  Job # 20-24-22330 616 Battery  ...,Net 60,46109,2,734.23,Seattle,,5012,Air Distribution,5012 · Engineered Inventory Costs,,,,,,1510,1601,100,000,511000,0000,000,1020,0000,1510.1601.100.000.511000.0000.000.1020.0000
Greenheck Fan Corporation (v),,Bill,2026-02-26 00:00:00,95712305,FB: PO# - 26-11197  Created for SO #245717,Net 60,46109,2,1331.22,Seattle,,5012,Air Distribution,5012 · Engineered Inventory Costs,,,,,,1510,1601,100,000,511000,0000,000,1020,0000,1510.1601.100.000.511000.0000.000.1020.0000
Greenheck Fan Corporation (v),,Bill,2026-02-26 00:00:00,95712380,FB: PO# - 26-11426  Created for SO #246112,Net 60,46109,2,201.65,Seattle,,5012,Air Distribution,5012 · Engineered Inventory Costs,,,,,,1510,1601,100,000,511000,0000,000,1020,0000,1510.1601.100.000.511000.0000.000.1020.0000
Greenheck Fan Corporation (v),,Bill,2026-02-26 00:00:00,95712226,FB: PO# - 26-11071  Created for SO #245518,Net 60,46109,2,1715.51,Seattle,,5012,Air Distribution,5012 · Engineered Inventory Costs,,,,,,1510,1601,100,000,511000,0000,000,1020,0000,1510.1601.100.000.511000.0000.000.1020.0000
Greenheck Fan Corporation (v),,Bill,2026-02-26 00:00:00,95712557,FB: PO# - 26-11250  Created for SO #245796,Net 60,46109,2,431.1,Seattle,,5012,Air Distribution,5012 · Engineered Inventory Costs,,,,,,1510,1601,100,000,511000,0000,000,1020,0000,1510.1601.100.000.511000.0000.000.1020.0000
Greenheck Fan Corporation (v),,Bill,2026-02-27 00:00:00,95712695,FB: PO# - 26-10752  Created for SO #244113  SO Note: Kirk Pickett   PO 10657,Net 60,46110,1,2080.97,Seattle,,5012,Air Distribution,5012 · Engineered Inventory Costs,,,,,,1510,1601,100,000,511000,0000,000,1020,0000,1510.1601.100.000.511000.0000.000.1020.0000
Greenheck Fan Corporation (v),,Bill,2026-02-27 00:00:00,95713151,FB: PO# - 26-11276  Created for SO #245843,Net 60,46110,1,487.62,Seattle,,5012,Air Distribution,5012 · Engineered Inventory Costs,,,,,,1510,1601,100,000,511000,0000,000,1020,0000,1510.1601.100.000.511000.0000.000.1020.0000
Greenheck Fan Corporation (v),,Bill,2026-02-27 00:00:00,95713363,FB: PO# - 26-10147  Created for SO #243888  Ramie ordered,Net 60,46110,1,12460.71,Seattle,,5012,Air Distribution,5012 · Engineered Inventory Costs,,,,,,1510,1601,100,000,511000,0000,000,1020,0000,1510.1601.100.000.511000.0000.000.1020.0000
Greenheck Fan Corporation (v),,Bill,2026-02-27 00:00:00,95713364,FB: PO# - 26-11453  Created for SO #246144  SO Note: Tim Pinard (206)367-2500  PO  205679,Net 60,46110,1,102.05,Seattle,,5012,Air Distribution,5012 · Engineered Inventory Costs,,,,,,1510,1601,100,000,511000,0000,000,1020,0000,1510.1601.100.000.511000.0000.000.1020.0000
Greenheck Fan Corporation (v),,Bill,2026-02-27 00:00:00,95713427,FB: PO# - 26-11438  Created for SO #246123,Net 60,46110,1,407.92,Seattle,,5012,Air Distribution,5012 · Engineered Inventory Costs,,,,,,1510,1601,100,000,511000,0000,000,1020,0000,1510.1601.100.000.511000.0000.000.1020.0000
Greenheck Fan Corporation (v),,Bill,2025-12-30 00:00:00,95650212,FB: PO# - 25-18283  Created for SO #242457,Net 60,46051,60,2635.35,Seattle,,5012,Air Distribution,5012 · Engineered Inventory Costs,,,,,,1510,1601,100,000,511000,0000,000,1020,0000,1510.1601.100.000.511000.0000.000.1020.0000
Greenheck Fan Corporation (v),,Bill,2025-12-30 00:00:00,95652728,FB: PO# - 25-18471  Created for SO #242845,Net 60,46051,60,2515.75,Seattle,,5012,Air Distribution,5012 · Engineered Inventory Costs,,,,,,1510,1601,100,000,511000,0000,000,1020,0000,1510.1601.100.000.511000.0000.000.1020.0000
Greenheck Fan Corporation (v),,Bill,2025-12-30 00:00:00,95653026,FB: PO# - 25-18437  Created for SO #242778,Net 60,46051,60,1654.79,Seattle,,5012,Air Distribution,5012 · Engineered Inventory Costs,,,,,,1510,1601,100,000,511000,0000,000,1020,0000,1510.1601.100.000.511000.0000.000.1020.0000
Greenheck Fan Corporation (v),,Bill,2025-12-30 00:00:00,95652973,FB: PO# - 25-18675  Created for SO #243208,Net 60,46051,60,4917.7,Seattle,,5012,Air Distribution,5012 · Engineered Inventory Costs,,,,,,1510,1601,100,000,511000,0000,000,1020,0000,1510.1601.100.000.511000.0000.000.1020.0000
Greenheck Fan Corporation (v),,Bill,2025-12-30 00:00:00,95652974,FB: PO# - 25-17720  Created for SO #241506  Janelle Kaplan  |  Purchasing Coordinator  Hermanson...,Net 60,46051,60,4203.96,Seattle,,5012,Air Distribution,5012 · Engineered Inventory Costs,,,,,,1510,1601,100,000,511000,0000,000,1020,0000,1510.1601.100.000.511000.0000.000.1020.0000
Greenheck Fan Corporation (v),,Bill,2025-12-30 00:00:00,95653029,FB: PO# - 25-18602  Created for SO #243009,Net 60,46051,60,1558.27,Seattle,,5012,Air Distribution,5012 · Engineered Inventory Costs,,,,,,1510,1601,100,000,511000,0000,000,1020,0000,1510.1601.100.000.511000.0000.000.1020.0000
Greenheck Fan Corporation (v),,Bill,2025-12-30 00:00:00,95653121,FB: PO# - 25-18090  Created for SO #242148,Net 60,46051,60,2564.02,Seattle,,5012,Air Distribution,5012 · Engineered Inventory Costs,,,,,,1510,1601,100,000,511000,0000,000,1020,0000,1510.1601.100.000.511000.0000.000.1020.0000
Greenheck Fan Corporation (v),,Bill,2025-12-30 00:00:00,95653710,FB: PO# - 25-18219  Created for SO #242347,Net 60,46051,60,1055.32,Seattle,,5012,Air Distribution,5012 · Engineered Inventory Costs,,,,,,1510,1601,100,000,511000,0000,000,1020,0000,1510.1601.100.000.511000.0000.000.1020.0000
Greenheck Fan Corporation (v),,Bill,2025-12-30 00:00:00,95654367,FB: PO# - 25-18584  Created for SO #243045,Net 60,46051,60,1796.15,Seattle,,5012,Air Distribution,5012 · Engineered Inventory Costs,,,,,,1510,1601,100,000,511000,0000,000,1020,0000,1510.1601.100.000.511000.0000.000.1020.0000
Greenheck Fan Corporation (v),,Bill,2025-12-30 00:00:00,95654054,FB: PO# - 25-18285  Created for SO #242458  Ryan McLaughlin | Sr. Project Manager  430 SW 153rd ...,Net 60,46051,60,1259.81,Seattle,,5012,Air Distribution,5012 · Engineered Inventory Costs,,,,,,1510,1601,100,000,511000,0000,000,1020,0000,1510.1601.100.000.511000.0000.000.1020.0000
Greenheck Fan Corporation (v),,Bill,2025-12-30 00:00:00,95654690,FB: PO# - 25-18782  Created for SO #243395,Net 60,46051,60,1223.15,Seattle,,5012,Air Distribution,5012 · Engineered Inventory Costs,,,,,,1510,1601,100,000,511000,0000,000,1020,0000,1510.1601.100.000.511000.0000.000.1020.0000
Greenheck Fan Corporation (v),,Bill,2025-12-31 00:00:00,95633745,FB: PO# - 25-18118  Created for SO #242221,Net 60,46052,59,4261.7,Seattle,,5012,Air Distribution,5012 · Engineered Inventory Costs,,,,,,1510,1601,100,000,511000,0000,000,1020,0000,1510.1601.100.000.511000.0000.000.1020.0000
Greenheck Fan Corporation (v),,Bill,2025-12-31 00:00:00,95652170,"FB: PO# - 25-18068  Louvers originally ordered on 9724187.  That order was canceled, and re-orde...",Net 60,46052,59,8458.54,Seattle,,5012,Air Distribution,5012 · Engineered Inventory Costs,,,,,,1510,1601,100,000,511000,0000,000,1020,0000,1510.1601.100.000.511000.0000.000.1020.0000
Greenheck Fan Corporation (v),,Bill,2025-12-31 00:00:00,95654738,FB: PO# - 25-18085  Created for SO #241889,Net 60,46052,59,19989.28,Seattle,,5012,Air Distribution,5012 · Engineered Inventory Costs,,,,,,1510,1601,100,000,511000,0000,000,1020,0000,1510.1601.100.000.511000.0000.000.1020.0000
Greenheck Fan Corporation (v),,Bill,2025-12-31 00:00:00,95654940,FB: PO# - 25-18253  Created for SO #240830,Net 60,46052,59,1186,Seattle,,5012,Air Distribution,5012 · Engineered Inventory Costs,,,,,,1510,1601,100,000,511000,0000,000,1020,0000,1510.1601.100.000.511000.0000.000.1020.0000
Greenheck Fan Corporation (v),,Bill,2025-12-31 00:00:00,95655254,FB: PO# - 25-18694  Created for SO #243240,Net 60,46052,59,7106.02,Seattle,,5012,Air Distribution,5012 · Engineered Inventory Costs,,,,,,1510,1601,100,000,511000,0000,000,1020,0000,1510.1601.100.000.511000.0000.000.1020.0000
Greenheck Fan Corporation (v),,Bill,2025-12-31 00:00:00,95655407,FB: PO# - 25-18216  Created for SO #242078,Net 60,46052,59,1091.36,Seattle,,5012,Air Distribution,5012 · Engineered Inventory Costs,,,,,,1510,1601,100,000,511000,0000,000,1020,0000,1510.1601.100.000.511000.0000.000.1020.0000
Greenheck Fan Corporation (v),,Bill,2026-01-02 00:00:00,95655801,FB: PO# - 25-18763  Created for SO #243183,Net 60,46054,57,81.57,Seattle,,5012,Air Distribution,5012 · Engineered Inventory Costs,,,,,,1510,1601,100,000,511000,0000,000,1020,0000,1510.1601.100.000.511000.0000.000.1020.0000
Greenheck Fan Corporation (v),,Bill,2026-01-05 00:00:00,95656292,FB: PO# - 25-18504  Created for SO #242611,Net 60,46057,54,1882,Seattle,,5012,Air Distribution,5012 · Engineered Inventory Costs,,,,,,1510,1601,100,000,511000,0000,000,1020,0000,1510.1601.100.000.511000.0000.000.1020.0000
Greenheck Fan Corporation (v),,Bill,2026-01-05 00:00:00,95655933,FB: PO# - 25-18283  Created for SO #242457,Net 60,46057,54,11990.3,Seattle,,5012,Air Distribution,5012 · Engineered Inventory Costs,,,,,,1510,1601,100,000,511000,0000,000,1020,0000,1510.1601.100.000.511000.0000.000.1020.0000
Greenheck Fan Corporation (v),,Bill,2026-01-05 00:00:00,95656378,FB: PO# - 25-18600  Created for SO #243008,Net 60,46057,54,1803.57,Seattle,,5012,Air Distribution,5012 · Engineered Inventory Costs,,,,,,1510,1601,100,000,511000,0000,000,1020,0000,1510.1601.100.000.511000.0000.000.1020.0000
Greenheck Fan Corporation (v),,Bill,2026-01-05 00:00:00,95656334,FB: PO# - 25-18683  Created for SO #243225,Net 60,46057,54,606.91,Seattle,,5012,Air Distribution,5012 · Engineered Inventory Costs,,,,,,1510,1601,100,000,511000,0000,000,1020,0000,1510.1601.100.000.511000.0000.000.1020.0000
Greenheck Fan Corporation (v),,Bill,2026-01-05 00:00:00,95656410,FB: PO# - 26-10001  Created for SO #243634  SO Note: No Charge per Chad Nowak for warranty replace,Net 60,46057,54,186.37,Seattle,,5012,Air Distribution,5012 · Engineered Inventory Costs,,,,,,1510,1601,100,000,511000,0000,000,1020,0000,1510.1601.100.000.511000.0000.000.1020.0000
Greenheck Fan Corporation (v),,Bill,2026-01-05 00:00:00,95655660 X,FB: PO# - 25-17692  Created for SO #241455,Net 60,46057,54,3764.7,Seattle,,5012,Air Distribution,5012 · Engineered Inventory Costs,,,,,,1510,1601,100,000,511000,0000,000,1020,0000,1510.1601.100.000.511000.0000.000.1020.0000
Greenheck Fan Corporation (v),,Bill,2026-01-05 00:00:00,95656783,FB: PO# - 25-18862  Created for SO #243554,Net 60,46057,54,103.07,Seattle,,5012,Air Distribution,5012 · Engineered Inventory Costs,,,,,,1510,1601,100,000,511000,0000,000,1020,0000,1510.1601.100.000.511000.0000.000.1020.0000
Greenheck Fan Corporation (v),,Bill,2026-01-05 00:00:00,95656926,FB: PO# - 25-18365  Created for SO #242643,Net 60,46057,54,2597.03,Seattle,,5012,Air Distribution,5012 · Engineered Inventory Costs,,,,,,1510,1601,100,000,511000,0000,000,1020,0000,1510.1601.100.000.511000.0000.000.1020.0000
Greenheck Fan Corporation (v),,Bill,2026-01-05 00:00:00,95657295,FB: PO# - 25-18829  Created for SO #243515    Cameron Chaplik  SHEET METAL GENERAL FOREMAN   // ...,Net 60,46057,54,156.84,Seattle,,5012,Air Distribution,5012 · Engineered Inventory Costs,,,,,,1510,1601,100,000,511000,0000,000,1020,0000,1510.1601.100.000.511000.0000.000.1020.0000
Greenheck Fan Corporation (v),,Bill,2026-01-05 00:00:00,95657094,FB: PO# - 26-10011  Created for SO #243645,Net 60,46057,54,435.01,Seattle,,5012,Air Distribution,5012 · Engineered Inventory Costs,,,,,,1510,1601,100,000,511000,0000,000,1020,0000,1510.1601.100.000.511000.0000.000.1020.0000
Greenheck Fan Corporation (v),,Bill,2026-01-05 00:00:00,95657365,FB: PO# - 25-17739  Created for SO #241535,Net 60,46057,54,39141.52,Seattle,,5012,Air Distribution,5012 · Engineered Inventory Costs,,,,,,1510,1601,100,000,511000,0000,000,1020,0000,1510.1601.100.000.511000.0000.000.1020.0000
Greenheck Fan Corporation (v),,Bill,2026-01-05 00:00:00,95657364,FB: PO# - 25-18465  Created for SO #240948,Net 60,46057,54,67506.68,Seattle,,5012,Air Distribution,5012 · Engineered Inventory Costs,,,,,,1510,1601,100,000,511000,0000,000,1020,0000,1510.1601.100.000.511000.0000.000.1020.0000
Greenheck Fan Corporation (v),,Bill,2026-01-05 00:00:00,95654316 X,FB: PO# - 25-18557  Created for SO #242994,Net 60,46057,54,361.77,Seattle,,5012,Air Distribution,5012 · Engineered Inventory Costs,,,,,,1510,1601,100,000,511000,0000,000,1020,0000,1510.1601.100.000.511000.0000.000.1020.0000
Greenheck Fan Corporation (v),,Bill,2026-01-06 00:00:00,95657586,FB: PO# - 26-10036  Created for SO #243692  SO Note: Sterling Starr 2533043862  PO 52919,Net 60,46058,53,739.27,Seattle,,5012,Air Distribution,5012 · Engineered Inventory Costs,,,,,,1510,1601,100,000,511000,0000,000,1020,0000,1510.1601.100.000.511000.0000.000.1020.0000
Greenheck Fan Corporation (v),,Bill,2026-01-06 00:00:00,95657968,FB: PO# - 25-18699  Created for SO #243252,Net 60,46058,53,235.72,Seattle,,5012,Air Distribution,5012 · Engineered Inventory Costs,,,,,,1510,1601,100,000,511000,0000,000,1020,0000,1510.1601.100.000.511000.0000.000.1020.0000
Greenheck Fan Corporation (v),,Bill,2026-01-06 00:00:00,95657938,FB: PO# - 25-18725  Created for SO #243296,Net 60,46058,53,372.37,Seattle,,5012,Air Distribution,5012 · Engineered Inventory Costs,,,,,,1510,1601,100,000,511000,0000,000,1020,0000,1510.1601.100.000.511000.0000.000.1020.0000
Greenheck Fan Corporation (v),,Bill,2026-01-06 00:00:00,95657939,FB: PO# - 25-18704  Created for SO #243256,Net 60,46058,53,1774.4,Seattle,,5012,Air Distribution,5012 · Engineered Inventory Costs,,,,,,1510,1601,100,000,511000,0000,000,1020,0000,1510.1601.100.000.511000.0000.000.1020.0000
Greenheck Fan Corporation (v),,Bill,2026-01-06 00:00:00,95658076,FB: PO# - 25-18801  Created for SO #243453  Morgan Rosin  Project Manager/ Estimator Cell: 425-2...,Net 60,46058,53,294.01,Seattle,,5012,Air Distribution,5012 · Engineered Inventory Costs,,,,,,1510,1601,100,000,511000,0000,000,1020,0000,1510.1601.100.000.511000.0000.000.1020.0000
Greenheck Fan Corporation (v),,Bill,2026-01-06 00:00:00,95658018,FB: PO# - 25-18057  Created for SO #242091,Net 60,46058,53,764.68,Seattle,,5012,Air Distribution,5012 · Engineered Inventory Costs,,,,,,1510,1601,100,000,511000,0000,000,1020,0000,1510.1601.100.000.511000.0000.000.1020.0000
Greenheck Fan Corporation (v),,Bill,2026-01-07 00:00:00,95658447,FB: PO# - 25-18783  Created for SO #243410  SO Note: Tom Tice 509-630-7777   PO # 16-6298-3483,Net 60,46059,52,3135.03,Seattle,,5012,Air Distribution,5012 · Engineered Inventory Costs,,,,,,1510,1601,100,000,511000,0000,000,1020,0000,1510.1601.100.000.511000.0000.000.1020.0000
Greenheck Fan Corporation (v),,Bill,2026-01-07 00:00:00,95658645,FB: PO# - 26-10050  Created for SO #243722  Korey Buck  (206) 276-0085.  PO# 100310649  w/c at D...,Net 60,46059,52,78.68,Seattle,,5012,Air Distribution,5012 · Engineered Inventory Costs,,,,,,1510,1601,100,000,511000,0000,000,1020,0000,1510.1601.100.000.511000.0000.000.1020.0000
Greenheck Fan Corporation (v),,Bill,2026-01-07 00:00:00,95658839,FB: PO# - 26-10062  Created for SO #243752  SO Note: Ken Houghton 4254992509  PO SS17,Net 60,46059,52,367.01,Seattle,,5012,Air Distribution,5012 · Engineered Inventory Costs,,,,,,1510,1601,100,000,511000,0000,000,1020,0000,1510.1601.100.000.511000.0000.000.1020.0000
Greenheck Fan Corporation (v),,Bill,2026-01-07 00:00:00,95658982,FB: PO# - 25-18878  Created for SO #243629,Net 60,46059,52,147.33,Seattle,,5012,Air Distribution,5012 · Engineered Inventory Costs,,,,,,1510,1601,100,000,511000,0000,000,1020,0000,1510.1601.100.000.511000.0000.000.1020.0000
Greenheck Fan Corporation (v),,Bill,2026-01-07 00:00:00,95658870,FB: PO# - 26-10065  Created for SO #243754,Net 60,46059,52,305.26,Seattle,,5012,Air Distribution,5012 · Engineered Inventory Costs,,,,,,1510,1601,100,000,511000,0000,000,1020,0000,1510.1601.100.000.511000.0000.000.1020.0000
Greenheck Fan Corporation (v),,Bill,2026-01-07 00:00:00,95658869,FB: PO# - 26-10027  Created for SO #243684,Net 60,46059,52,578.28,Seattle,,5012,Air Distribution,5012 · Engineered Inventory Costs,,,,,,1510,1601,100,000,511000,0000,000,1020,0000,1510.1601.100.000.511000.0000.000.1020.0000
Greenheck Fan Corporation (v),,Bill,2026-01-07 00:00:00,95658838,FB: PO# - 26-10060  Created for SO #243748  SO Note: Mike Clancy   PO BaBar,Net 60,46059,52,35.87,Seattle,,5012,Air Distribution,5012 · Engineered Inventory Costs,,,,,,1510,1601,100,000,511000,0000,000,1020,0000,1510.1601.100.000.511000.0000.000.1020.0000
Greenheck Fan Corporation (v),,Bill,2026-01-07 00:00:00,95659176,FB: PO# - 25-17270  Created for SO #240859  Nicole Bridge  Assistant Project Manager  Emerald Ai...,Net 60,46059,52,3717.53,Seattle,,5012,Air Distribution,5012 · Engineered Inventory Costs,,,,,,1510,1601,100,000,511000,0000,000,1020,0000,1510.1601.100.000.511000.0000.000.1020.0000
Greenheck Fan Corporation (v),,Bill,2026-01-07 00:00:00,95659242,FB: PO# - 25-18499  Created for SO #242424,Net 60,46059,52,286.81,Seattle,,5012,Air Distribution,5012 · Engineered Inventory Costs,,,,,,1510,1601,100,000,511000,0000,000,1020,0000,1510.1601.100.000.511000.0000.000.1020.0000
Greenheck Fan Corporation (v),,Bill,2026-01-07 00:00:00,95659241,FB: PO# - 25-18497  Created for SO #242422,Net 60,46059,52,1282.52,Seattle,,5012,Air Distribution,5012 · Engineered Inventory Costs,,,,,,1510,1601,100,000,511000,0000,000,1020,0000,1510.1601.100.000.511000.0000.000.1020.0000
Greenheck Fan Corporation (v),,Bill,2026-01-07 00:00:00,95659343,FB: PO# - 26-10071  Created for SO #243770  SO Note: Jacob Hackl 509-992-0642  Microsoft Water T...,Net 60,46059,52,401.88,Seattle,,5012,Air Distribution,5012 · Engineered Inventory Costs,,,,,,1510,1601,100,000,511000,0000,000,1020,0000,1510.1601.100.000.511000.0000.000.1020.0000
Greenheck Fan Corporation (v),,Bill,2026-01-07 00:00:00,95659050,FB: PO# - 25-17335  Created for SO #240977,Net 60,46059,52,3044.15,Seattle,,5012,Air Distribution,5012 · Engineered Inventory Costs,,,,,,1510,1601,100,000,511000,0000,000,1020,0000,1510.1601.100.000.511000.0000.000.1020.0000
Greenheck Fan Corporation (v),,Bill,2026-01-07 00:00:00,95659745,FB: PO# - 25-18373  Created for SO #242552,Net 60,46059,52,589.38,Seattle,,5012,Air Distribution,5012 · Engineered Inventory Costs,,,,,,1510,1601,100,000,511000,0000,000,1020,0000,1510.1601.100.000.511000.0000.000.1020.0000
Greenheck Fan Corporation (v),,Bill,2026-01-07 00:00:00,95659503,FB: PO# - 25-18513  Created for SO #242900,Net 60,46059,52,31.16,Seattle,,5012,Air Distribution,5012 · Engineered Inventory Costs,,,,,,1510,1601,100,000,511000,0000,000,1020,0000,1510.1601.100.000.511000.0000.000.1020.0000
Greenheck Fan Corporation (v),,Bill,2026-01-08 00:00:00,95660072,FB: PO# - 25-18740  Created for SO #243327,Net 60,46060,51,1190.04,Seattle,,5012,Air Distribution,5012 · Engineered Inventory Costs,,,,,,1510,1601,100,000,511000,0000,000,1020,0000,1510.1601.100.000.511000.0000.000.1020.0000
Greenheck Fan Corporation (v),,Bill,2026-01-08 00:00:00,95660109,FB: PO# - 25-17597W  Created for SO #243353  Created from RMA #879  Freight damage to utility ca...,Net 60,46060,51,449.36,Seattle,,5012,Air Distribution,5012 · Engineered Inventory Costs,,,,,,1510,1601,100,000,511000,0000,000,1020,0000,1510.1601.100.000.511000.0000.000.1020.0000
Greenheck Fan Corporation (v),,Bill,2026-01-08 00:00:00,95660145,FB: PO# - 25-18438  Created for SO #242782,Net 60,46060,51,1216.19,Seattle,,5012,Air Distribution,5012 · Engineered Inventory Costs,,,,,,1510,1601,100,000,511000,0000,000,1020,0000,1510.1601.100.000.511000.0000.000.1020.0000
Greenheck Fan Corporation (v),,Bill,2026-01-08 00:00:00,95660142,FB: PO# - 26-10022  Created for SO #243672  Rich Lauritzen  Cell  253-691-3437,Net 60,46060,51,191.86,Seattle,,5012,Air Distribution,5012 · Engineered Inventory Costs,,,,,,1510,1601,100,000,511000,0000,000,1020,0000,1510.1601.100.000.511000.0000.000.1020.0000
Greenheck Fan Corporation (v),,Bill,2026-01-08 00:00:00,95660141,FB: PO# - 25-18810  Created for SO #239774  SO Note: Mike Jenkins: 206-604-2360,Net 60,46060,51,1162.62,Seattle,,5012,Air Distribution,5012 · Engineered Inventory Costs,,,,,,1510,1601,100,000,511000,0000,000,1020,0000,1510.1601.100.000.511000.0000.000.1020.0000
Greenheck Fan Corporation (v),,Bill,2026-01-08 00:00:00,95660196,FB: PO# - 25-18596  Created for SO #243039,Net 60,46060,51,87887.57,Seattle,,5012,Air Distribution,5012 · Engineered Inventory Costs,,,,,,1510,1601,100,000,511000,0000,000,1020,0000,1510.1601.100.000.511000.0000.000.1020.0000
Greenheck Fan Corporation (v),,Bill,2026-01-08 00:00:00,95660256,FB: PO# - 25-18414  Created for SO #242725,Net 60,46060,51,939.94,Seattle,,5012,Air Distribution,5012 · Engineered Inventory Costs,,,,,,1510,1601,100,000,511000,0000,000,1020,0000,1510.1601.100.000.511000.0000.000.1020.0000
Greenheck Fan Corporation (v),,Bill,2026-01-08 00:00:00,95660298,FB: PO# - 26-10096  Created for SO #243832  SO Note: TJ Anderson 206-472-4458  PO# 685689  Job N...,Net 60,46060,51,254.99,Seattle,,5012,Air Distribution,5012 · Engineered Inventory Costs,,,,,,1510,1601,100,000,511000,0000,000,1020,0000,1510.1601.100.000.511000.0000.000.1020.0000
Greenheck Fan Corporation (v),,Bill,2026-01-08 00:00:00,95660515,FB: PO# - 25-17801  Created for SO #241610,Net 60,46060,51,1684.08,Seattle,,5012,Air Distribution,5012 · Engineered Inventory Costs,,,,,,1510,1601,100,000,511000,0000,000,1020,0000,1510.1601.100.000.511000.0000.000.1020.0000
Greenheck Fan Corporation (v),,Bill,2026-01-08 00:00:00,95660675,FB: PO# - 25-17485  Created for SO #241178,Net 60,46060,51,3150.97,Seattle,,5012,Air Distribution,5012 · Engineered Inventory Costs,,,,,,1510,1601,100,000,511000,0000,000,1020,0000,1510.1601.100.000.511000.0000.000.1020.0000
Greenheck Fan Corporation (v),,Bill,2026-01-08 00:00:00,95660768,FB: PO# - 25-18222  Created for SO #242080,Net 60,46060,51,10459.47,Seattle,,5012,Air Distribution,5012 · Engineered Inventory Costs,,,,,,1510,1601,100,000,511000,0000,000,1020,0000,1510.1601.100.000.511000.0000.000.1020.0000
Greenheck Fan Corporation (v),,Bill,2026-01-09 00:00:00,95660722,FB: PO# - 25-18874  Created for SO #243621  Danny Ngo Cell (206) 491-9154,Net 60,46061,50,1449.06,Seattle,,5012,Air Distribution,5012 · Engineered Inventory Costs,,,,,,1510,1601,100,000,511000,0000,000,1020,0000,1510.1601.100.000.511000.0000.000.1020.0000
Greenheck Fan Corporation (v),,Bill,2026-01-09 00:00:00,95660925,FB: PO# - 25-17946  Created for SO #233998,Net 60,46061,50,9717.32,Seattle,,5012,Air Distribution,5012 · Engineered Inventory Costs,,,,,,1510,1601,100,000,511000,0000,000,1020,0000,1510.1601.100.000.511000.0000.000.1020.0000
Greenheck Fan Corporation (v),,Bill,2026-01-09 00:00:00,95660980,FB: PO# - 25-17362  Created for SO #241009,Net 60,46061,50,5033.95,Seattle,,5012,Air Distribution,5012 · Engineered Inventory Costs,,,,,,1510,1601,100,000,511000,0000,000,1020,0000,1510.1601.100.000.511000.0000.000.1020.0000
Greenheck Fan Corporation (v),,Bill,2026-01-09 00:00:00,95661189,FB: PO# - 25-18395  Created for SO #242687,Net 60,46061,50,2030.82,Seattle,,5012,Air Distribution,5012 · Engineered Inventory Costs,,,,,,1510,1601,100,000,511000,0000,000,1020,0000,1510.1601.100.000.511000.0000.000.1020.0000
Greenheck Fan Corporation (v),,Bill,2026-01-09 00:00:00,95659298,FB: PO# - 26-10051  Created for SO #243724,Net 60,46061,50,435.01,Seattle,,5012,Air Distribution,5012 · Engineered Inventory Costs,,,,,,1510,1601,100,000,511000,0000,000,1020,0000,1510.1601.100.000.511000.0000.000.1020.0000
Greenheck Fan Corporation (v),,Bill,2026-01-09 00:00:00,95661427,FB: PO# - 25-18693  Created for SO #243237,Net 60,46061,50,8973.24,Seattle,,5012,Air Distribution,5012 · Engineered Inventory Costs,,,,,,1510,1601,100,000,511000,0000,000,1020,0000,1510.1601.100.000.511000.0000.000.1020.0000
Greenheck Fan Corporation (v),,Bill,2026-01-09 00:00:00,95661428,FB: PO# - 25-17943  Created for SO #241877,Net 60,46061,50,5414.16,Seattle,,5012,Air Distribution,5012 · Engineered Inventory Costs,,,,,,1510,1601,100,000,511000,0000,000,1020,0000,1510.1601.100.000.511000.0000.000.1020.0000
Greenheck Fan Corporation (v),,Bill,2026-01-09 00:00:00,95661430,FB: PO# - 25-18709  Created for SO #243263,Net 60,46061,50,927.9,Seattle,,5012,Air Distribution,5012 · Engineered Inventory Costs,,,,,,1510,1601,100,000,511000,0000,000,1020,0000,1510.1601.100.000.511000.0000.000.1020.0000
Greenheck Fan Corporation (v),,Bill,2026-01-09 00:00:00,95661654,FB: PO# - 25-18863  Created for SO #243585,Net 60,46061,50,1535.02,Seattle,,5012,Air Distribution,5012 · Engineered Inventory Costs,,,,,,1510,1601,100,000,511000,0000,000,1020,0000,1510.1601.100.000.511000.0000.000.1020.0000
Greenheck Fan Corporation (v),,Bill,2026-01-09 00:00:00,95661592,FB: PO# - 25-17362  Created for SO #241009,Net 60,46061,50,1950.72,Seattle,,5012,Air Distribution,5012 · Engineered Inventory Costs,,,,,,1510,1601,100,000,511000,0000,000,1020,0000,1510.1601.100.000.511000.0000.000.1020.0000
Greenheck Fan Corporation (v),,Bill,2026-01-09 00:00:00,95661668,FB: PO# - 25-18877  Created for SO #243627,Net 60,46061,50,753.72,Seattle,,5012,Air Distribution,5012 · Engineered Inventory Costs,,,,,,1510,1601,100,000,511000,0000,000,1020,0000,1510.1601.100.000.511000.0000.000.1020.0000
Greenheck Fan Corporation (v),,Bill,2026-01-09 00:00:00,95662226,FB: PO# - 26-10075  Created for SO #243336  SO Note: George Walsh - 206.677.2408  Block 38 Level...,Net 60,46061,50,518.38,Seattle,,5012,Air Distribution,5012 · Engineered Inventory Costs,,,,,,1510,1601,100,000,511000,0000,000,1020,0000,1510.1601.100.000.511000.0000.000.1020.0000
Greenheck Fan Corporation (v),,Bill,2026-01-09 00:00:00,95662241,FB: PO# - 25-18499  Created for SO #242424,Net 60,46061,50,428.29,Seattle,,5012,Air Distribution,5012 · Engineered Inventory Costs,,,,,,1510,1601,100,000,511000,0000,000,1020,0000,1510.1601.100.000.511000.0000.000.1020.0000
Greenheck Fan Corporation (v),,Bill,2026-01-09 00:00:00,95662318,FB: PO# - 26-10103  Created for SO #243643,Net 60,46061,50,409.08,Seattle,,5012,Air Distribution,5012 · Engineered Inventory Costs,,,,,,1510,1601,100,000,511000,0000,000,1020,0000,1510.1601.100.000.511000.0000.000.1020.0000
Greenheck Fan Corporation (v),,Bill,2026-01-09 00:00:00,95662511,FB: PO# - 25-18599  Created for SO #243007,Net 60,46061,50,1408.92,Seattle,,5012,Air Distribution,5012 · Engineered Inventory Costs,,,,,,1510,1601,100,000,511000,0000,000,1020,0000,1510.1601.100.000.511000.0000.000.1020.0000
Greenheck Fan Corporation (v),,Bill,2026-01-09 00:00:00,95662854,FB: PO# - 26-10082  Created for SO #243796.  Expedited Frt cost included in SO cost to customer.,Net 60,46061,50,2256.43,Seattle,,5012,Air Distribution,5012 · Engineered Inventory Costs,,,,,,1510,1601,100,000,511000,0000,000,1020,0000,1510.1601.100.000.511000.0000.000.1020.0000
Greenheck Fan Corporation (v),,Bill,2026-01-09 00:00:00,95662745,FB: PO# - 25-18720  Created for SO #243285  Jeff Brant  (253)339-1806,Net 60,46061,50,232.32,Seattle,,5012,Air Distribution,5012 · Engineered Inventory Costs,,,,,,1510,1601,100,000,511000,0000,000,1020,0000,1510.1601.100.000.511000.0000.000.1020.0000
Greenheck Fan Corporation (v),,Bill,2026-01-09 00:00:00,95662884,FB: PO# - 25-18223  Created for SO #242350,Net 60,46061,50,3650.39,Seattle,,5012,Air Distribution,5012 · Engineered Inventory Costs,,,,,,1510,1601,100,000,511000,0000,000,1020,0000,1510.1601.100.000.511000.0000.000.1020.0000
Greenheck Fan Corporation (v),,Bill,2026-01-09 00:00:00,95662992,FB: PO# - 26-10134  Created for SO #243874,Net 60,46061,50,1389.12,Seattle,,5012,Air Distribution,5012 · Engineered Inventory Costs,,,,,,1510,1601,100,000,511000,0000,000,1020,0000,1510.1601.100.000.511000.0000.000.1020.0000
Greenheck Fan Corporation (v),,Bill,2026-01-09 00:00:00,95663089,FB: PO# - 25-18782  Created for SO #243395,Net 60,46061,50,4670.75,Seattle,,5012,Air Distribution,5012 · Engineered Inventory Costs,,,,,,1510,1601,100,000,511000,0000,000,1020,0000,1510.1601.100.000.511000.0000.000.1020.0000
Greenheck Fan Corporation (v),,Bill,2026-01-09 00:00:00,95662950,FB: PO# - 25-18814  Created for SO #243487  SO Note: This a reorder with negotiated cost for con...,Net 60,46061,50,11242.72,Seattle,,5012,Air Distribution,5012 · Engineered Inventory Costs,,,,,,1510,1601,100,000,511000,0000,000,1020,0000,1510.1601.100.000.511000.0000.000.1020.0000
Greenheck Fan Corporation (v),,Bill,2026-01-09 00:00:00,95663156,FB: PO# - 25-18579  Created for SO #243038,Net 60,46061,50,1273.16,Seattle,,5012,Air Distribution,5012 · Engineered Inventory Costs,,,,,,1510,1601,100,000,511000,0000,000,1020,0000,1510.1601.100.000.511000.0000.000.1020.0000
Greenheck Fan Corporation (v),,Bill,2026-01-09 00:00:00,95663090,FB: PO# - 25-18373  Created for SO #242552,Net 60,46061,50,149.22,Seattle,,5012,Air Distribution,5012 · Engineered Inventory Costs,,,,,,1510,1601,100,000,511000,0000,000,1020,0000,1510.1601.100.000.511000.0000.000.1020.0000
Greenheck Fan Corporation (v),,Bill,2026-01-12 00:00:00,95663404,FB: PO# - 26-10113  Created for SO #243851,Net 60,46064,47,1007.9,Seattle,,5012,Air Distribution,5012 · Engineered Inventory Costs,,,,,,1510,1601,100,000,511000,0000,000,1020,0000,1510.1601.100.000.511000.0000.000.1020.0000
Greenheck Fan Corporation (v),,Bill,2026-01-12 00:00:00,95663405,"FB: PO# - 26-10026  Created for SO #243681  Ramie Havens, Purchasing Manager  Holaday-Parks, Inc...",Net 60,46064,47,4634.04,Seattle,,5012,Air Distribution,5012 · Engineered Inventory Costs,,,,,,1510,1601,100,000,511000,0000,000,1020,0000,1510.1601.100.000.511000.0000.000.1020.0000
Greenheck Fan Corporation (v),,Bill,2026-01-12 00:00:00,95663915,FB: PO# - 25-18677  Created for SO #243209,Net 60,46064,47,1097.5,Seattle,,5012,Air Distribution,5012 · Engineered Inventory Costs,,,,,,1510,1601,100,000,511000,0000,000,1020,0000,1510.1601.100.000.511000.0000.000.1020.0000
Greenheck Fan Corporation (v),,Bill,2026-01-12 00:00:00,95663993,FB: PO# - 25-18806  Created for SO #242472  SO Note: Mike Jenkins: 206-604-2360,Net 60,46064,47,5202.4,Seattle,,5012,Air Distribution,5012 · Engineered Inventory Costs,,,,,,1510,1601,100,000,511000,0000,000,1020,0000,1510.1601.100.000.511000.0000.000.1020.0000
Greenheck Fan Corporation (v),,Bill,2026-01-12 00:00:00,95664059,FB: PO# - 26-10000  Created for SO #243633,Net 60,46064,47,1484.37,Seattle,,5012,Air Distribution,5012 · Engineered Inventory Costs,,,,,,1510,1601,100,000,511000,0000,000,1020,0000,1510.1601.100.000.511000.0000.000.1020.0000
Greenheck Fan Corporation (v),,Bill,2026-01-12 00:00:00,95664058,FB: PO# - 25-18693  Created for SO #243237,Net 60,46064,47,1548.18,Seattle,,5012,Air Distribution,5012 · Engineered Inventory Costs,,,,,,1510,1601,100,000,511000,0000,000,1020,0000,1510.1601.100.000.511000.0000.000.1020.0000
Greenheck Fan Corporation (v),,Bill,2026-01-12 00:00:00,95663834,FB: PO# - 25-18627  Created for SO #243104,Net 60,46064,47,471.14,Seattle,,5012,Air Distribution,5012 · Engineered Inventory Costs,,,,,,1510,1601,100,000,511000,0000,000,1020,0000,1510.1601.100.000.511000.0000.000.1020.0000
Greenheck Fan Corporation (v),,Bill,2026-01-12 00:00:00,95664151,FB: PO# - 26-10092  Created for SO #243786  SO Note: Attn: Ricardo Romero  206-751-7754,Net 60,46064,47,2573.86,Seattle,,5012,Air Distribution,5012 · Engineered Inventory Costs,,,,,,1510,1601,100,000,511000,0000,000,1020,0000,1510.1601.100.000.511000.0000.000.1020.0000
Greenheck Fan Corporation (v),,Bill,2026-01-12 00:00:00,95664152,FB: PO# - 26-10010  Created for SO #242760,Net 60,46064,47,958.36,Seattle,,5012,Air Distribution,5012 · Engineered Inventory Costs,,,,,,1510,1601,100,000,511000,0000,000,1020,0000,1510.1601.100.000.511000.0000.000.1020.0000
Greenheck Fan Corporation (v),,Bill,2026-01-12 00:00:00,95664487,FB: PO# - 25-18408  Created for SO #242711    Josh Sande  FOREMAN HVAC SERVICE TECHNICIAN  D. 36...,Net 60,46064,47,7800.68,Seattle,,5012,Air Distribution,5012 · Engineered Inventory Costs,,,,,,1510,1601,100,000,511000,0000,000,1020,0000,1510.1601.100.000.511000.0000.000.1020.0000
Greenheck Fan Corporation (v),,Bill,2026-01-12 00:00:00,95664265,FB: PO# - 25-18325  Created for SO #242541  SO Note: Attention Manny Rivera 253-293-6465,Net 60,46064,47,2322.63,Seattle,,5012,Air Distribution,5012 · Engineered Inventory Costs,,,,,,1510,1601,100,000,511000,0000,000,1020,0000,1510.1601.100.000.511000.0000.000.1020.0000
Greenheck Fan Corporation (v),,Bill,2026-01-12 00:00:00,95664264,FB: PO# - 26-10129  Created for SO #243869,Net 60,46064,47,1787.28,Seattle,,5012,Air Distribution,5012 · Engineered Inventory Costs,,,,,,1510,1601,100,000,511000,0000,000,1020,0000,1510.1601.100.000.511000.0000.000.1020.0000
Greenheck Fan Corporation (v),,Bill,2026-01-12 00:00:00,95664327,FB: PO# - 25-18679  Created for SO #243216,Net 60,46064,47,1770.74,Seattle,,5012,Air Distribution,5012 · Engineered Inventory Costs,,,,,,1510,1601,100,000,511000,0000,000,1020,0000,1510.1601.100.000.511000.0000.000.1020.0000
Greenheck Fan Corporation (v),,Bill,2026-01-12 00:00:00,95664407,FB: PO# - 25-18000A  Created for SO #244065,Net 60,46064,47,250,Seattle,,5012,Air Distribution,5012 · Engineered Inventory Costs,,,,,,1510,1601,100,000,511000,0000,000,1020,0000,1510.1601.100.000.511000.0000.000.1020.0000
Greenheck Fan Corporation (v),,Bill,2026-01-13 00:00:00,95664689,FB: PO# - 25-18813  Created for SO #243485  SO Note: Colin Burrell: 425-894-6045  Kolter Raudeba...,Net 60,46065,46,749.32,Seattle,,5012,Air Distribution,5012 · Engineered Inventory Costs,,,,,,1510,1601,100,000,511000,0000,000,1020,0000,1510.1601.100.000.511000.0000.000.1020.0000
Greenheck Fan Corporation (v),,Bill,2026-01-13 00:00:00,95664746,FB: PO# - 25-18797  Created for SO #243275,Net 60,46065,46,3946.82,Seattle,,5012,Air Distribution,5012 · Engineered Inventory Costs,,,,,,1510,1601,100,000,511000,0000,000,1020,0000,1510.1601.100.000.511000.0000.000.1020.0000
Greenheck Fan Corporation (v),,Bill,2026-01-13 00:00:00,95665003,FB: PO# - 25-18367  Created for SO #242646,Net 60,46065,46,2084.94,Seattle,,5012,Air Distribution,5012 · Engineered Inventory Costs,,,,,,1510,1601,100,000,511000,0000,000,1020,0000,1510.1601.100.000.511000.0000.000.1020.0000
Greenheck Fan Corporation (v),,Bill,2026-01-13 00:00:00,95665242,"FB: PO# - 26-10212  Created for SO #244010  Misty Beck  Assistant Project Manager  Emerald Aire,...",Net 60,46065,46,430.22,Seattle,,5012,Air Distribution,5012 · Engineered Inventory Costs,,,,,,1510,1601,100,000,511000,0000,000,1020,0000,1510.1601.100.000.511000.0000.000.1020.0000
Greenheck Fan Corporation (v),,Bill,2026-01-13 00:00:00,95661429,FB: PO# - 26-10098  Created for SO #243973,Net 60,46065,46,4116.12,Seattle,,5012,Air Distribution,5012 · Engineered Inventory Costs,,,,,,1510,1601,100,000,511000,0000,000,1020,0000,1510.1601.100.000.511000.0000.000.1020.0000
Greenheck Fan Corporation (v),,Bill,2026-01-13 00:00:00,95665293,FB: PO# - 25-18228  Created for SO #242355,Net 60,46065,46,6892.02,Seattle,,5012,Air Distribution,5012 · Engineered Inventory Costs,,,,,,1510,1601,100,000,511000,0000,000,1020,0000,1510.1601.100.000.511000.0000.000.1020.0000
Greenheck Fan Corporation (v),,Bill,2026-01-13 00:00:00,95665424,"FB: PO# - 25-18836  Created for SO #243531  Bryan Glidden  |  Hermanson Company, LLP  | Direct 2...",Net 60,46065,46,1797.02,Seattle,,5012,Air Distribution,5012 · Engineered Inventory Costs,,,,,,1510,1601,100,000,511000,0000,000,1020,0000,1510.1601.100.000.511000.0000.000.1020.0000
Greenheck Fan Corporation (v),,Bill,2026-01-13 00:00:00,95665504,FB: PO# - 26-10075  Created for SO #243336  SO Note: George Walsh - 206.677.2408  Block 38 Level...,Net 60,46065,46,702.39,Seattle,,5012,Air Distribution,5012 · Engineered Inventory Costs,,,,,,1510,1601,100,000,511000,0000,000,1020,0000,1510.1601.100.000.511000.0000.000.1020.0000
Greenheck Fan Corporation (v),,Bill,2026-01-13 00:00:00,95665613,FB: PO# - 26-10231  Created for SO #244038  SO Note: Mauricio Villanueva -  PO# 1-14102-01,Net 60,46065,46,175.21,Seattle,,5012,Air Distribution,5012 · Engineered Inventory Costs,,,,,,1510,1601,100,000,511000,0000,000,1020,0000,1510.1601.100.000.511000.0000.000.1020.0000
Greenheck Fan Corporation (v),,Bill,2026-01-13 00:00:00,95665668,FB: PO# - 25-18528  Created for SO #239061,Net 60,46065,46,3699.39,Seattle,,5012,Air Distribution,5012 · Engineered Inventory Costs,,,,,,1510,1601,100,000,511000,0000,000,1020,0000,1510.1601.100.000.511000.0000.000.1020.0000
Greenheck Fan Corporation (v),,Bill,2026-01-13 00:00:00,95665713,FB: PO# - 26-10219  Created for SO #244022  No charge to customer,Net 60,46065,46,114.08,Seattle,,5012,Air Distribution,5012 · Engineered Inventory Costs,,,,,,1510,1601,100,000,511000,0000,000,1020,0000,1510.1601.100.000.511000.0000.000.1020.0000
Greenheck Fan Corporation (v),,Bill,2026-01-13 00:00:00,95665661,FB: PO# - 26-10235  Created for SO #244048  SO Note: David Winfrey (206) 992-9179  po 3087288,Net 60,46065,46,81.73,Seattle,,5012,Air Distribution,5012 · Engineered Inventory Costs,,,,,,1510,1601,100,000,511000,0000,000,1020,0000,1510.1601.100.000.511000.0000.000.1020.0000
Greenheck Fan Corporation (v),,Bill,2026-01-13 00:00:00,95665793,FB: PO# - 26-10245  Created for SO #244066  SO Note: Ted 4254461191  Everett Public SD,Net 60,46065,46,92.98,Seattle,,5012,Air Distribution,5012 · Engineered Inventory Costs,,,,,,1510,1601,100,000,511000,0000,000,1020,0000,1510.1601.100.000.511000.0000.000.1020.0000
Greenheck Fan Corporation (v),,Bill,2026-01-13 00:00:00,95665791,FB: PO# - 26-10240  Created for SO #244058  SO Note: Terry Moody  - 253-572-9484   PO# 1-14097-01,Net 60,46065,46,187.5,Seattle,,5012,Air Distribution,5012 · Engineered Inventory Costs,,,,,,1510,1601,100,000,511000,0000,000,1020,0000,1510.1601.100.000.511000.0000.000.1020.0000
Greenheck Fan Corporation (v),,Bill,2026-01-14 00:00:00,95662456,FB: PO# - 25-18797A  Created for SO #244070,Net 60,46066,45,178.86,Seattle,,5012,Air Distribution,5012 · Engineered Inventory Costs,,,,,,1510,1601,100,000,511000,0000,000,1020,0000,1510.1601.100.000.511000.0000.000.1020.0000
Greenheck Fan Corporation (v),,Bill,2026-01-14 00:00:00,95662456_1,FB: PO# - 25-18797  Created for SO #243275,Net 60,46066,45,178.86,Seattle,,5012,Air Distribution,5012 · Engineered Inventory Costs,,,,,,1510,1601,100,000,511000,0000,000,1020,0000,1510.1601.100.000.511000.0000.000.1020.0000
Greenheck Fan Corporation (v),,Bill,2026-01-14 00:00:00,95666113,FB: PO# - 25-18406  Created for SO #240350  SO Note: Attn: Doug Harnish 206-954-8924   PO #261069PS,Net 60,46066,45,3375.97,Seattle,,5012,Air Distribution,5012 · Engineered Inventory Costs,,,,,,1510,1601,100,000,511000,0000,000,1020,0000,1510.1601.100.000.511000.0000.000.1020.0000
Greenheck Fan Corporation (v),,Bill,2026-01-14 00:00:00,95666182,FB: PO# - 25-18767  Created for SO #243382,Net 60,46066,45,235.53,Seattle,,5012,Air Distribution,5012 · Engineered Inventory Costs,,,,,,1510,1601,100,000,511000,0000,000,1020,0000,1510.1601.100.000.511000.0000.000.1020.0000
Greenheck Fan Corporation (v),,Bill,2026-01-14 00:00:00,95666183,FB: PO# - 25-18578  Created for SO #243034,Net 60,46066,45,370.02,Seattle,,5012,Air Distribution,5012 · Engineered Inventory Costs,,,,,,1510,1601,100,000,511000,0000,000,1020,0000,1510.1601.100.000.511000.0000.000.1020.0000
Greenheck Fan Corporation (v),,Bill,2026-01-14 00:00:00,95666434,FB: PO# - 26-10239  Created for SO #244057,Net 60,46066,45,197.34,Seattle,,5012,Air Distribution,5012 · Engineered Inventory Costs,,,,,,1510,1601,100,000,511000,0000,000,1020,0000,1510.1601.100.000.511000.0000.000.1020.0000
Greenheck Fan Corporation (v),,Bill,2026-01-14 00:00:00,95666640,FB: PO# - 26-10254  Created for SO #243794  SO Note: Scott Moore 509-531-3195    PO 4461/ City H...,Net 60,46066,45,360.11,Seattle,,5012,Air Distribution,5012 · Engineered Inventory Costs,,,,,,1510,1601,100,000,511000,0000,000,1020,0000,1510.1601.100.000.511000.0000.000.1020.0000
Greenheck Fan Corporation (v),,Bill,2026-01-14 00:00:00,95666563,FB: PO# - 25-18628  Created for SO #243105,Net 60,46066,45,3288.88,Seattle,,5012,Air Distribution,5012 · Engineered Inventory Costs,,,,,,1510,1601,100,000,511000,0000,000,1020,0000,1510.1601.100.000.511000.0000.000.1020.0000
Greenheck Fan Corporation (v),,Bill,2026-01-14 00:00:00,95666623,FB: PO# - 26-10220  Created for SO #244025  SO Note: UPS Tracking #1z9403280345179390 (Line 2),Net 60,46066,45,554.54,Seattle,,5012,Air Distribution,5012 · Engineered Inventory Costs,,,,,,1510,1601,100,000,511000,0000,000,1020,0000,1510.1601.100.000.511000.0000.000.1020.0000
Greenheck Fan Corporation (v),,Bill,2026-01-14 00:00:00,95666669,FB: PO# - 26-10258  Created for SO #244094,Net 60,46066,45,165.46,Seattle,,5012,Air Distribution,5012 · Engineered Inventory Costs,,,,,,1510,1601,100,000,511000,0000,000,1020,0000,1510.1601.100.000.511000.0000.000.1020.0000
Greenheck Fan Corporation (v),,Bill,2026-01-14 00:00:00,95666759,FB: PO# - 26-10262  Created for SO #244104  SO Note: Rob Wagner 253-838-9780  Prologis Gateway 1...,Net 60,46066,45,62.09,Seattle,,5012,Air Distribution,5012 · Engineered Inventory Costs,,,,,,1510,1601,100,000,511000,0000,000,1020,0000,1510.1601.100.000.511000.0000.000.1020.0000
Greenheck Fan Corporation (v),,Bill,2026-01-14 00:00:00,95666933,FB: PO# - 26-10191  Created for SO #243975,Net 60,46066,45,1457.86,Seattle,,5012,Air Distribution,5012 · Engineered Inventory Costs,,,,,,1510,1601,100,000,511000,0000,000,1020,0000,1510.1601.100.000.511000.0000.000.1020.0000
Greenheck Fan Corporation (v),,Bill,2026-01-14 00:00:00,95666932,FB: PO# - 25-18455  Created for SO #242818,Net 60,46066,45,35934.11,Seattle,,5012,Air Distribution,5012 · Engineered Inventory Costs,,,,,,1510,1601,100,000,511000,0000,000,1020,0000,1510.1601.100.000.511000.0000.000.1020.0000
Greenheck Fan Corporation (v),,Bill,2026-01-14 00:00:00,95667080,FB: PO# - 25-18843  Created for SO #243553,Net 60,46066,45,4105.98,Seattle,,5012,Air Distribution,5012 · Engineered Inventory Costs,,,,,,1510,1601,100,000,511000,0000,000,1020,0000,1510.1601.100.000.511000.0000.000.1020.0000
Greenheck Fan Corporation (v),,Bill,2026-01-14 00:00:00,95666934,FB: PO# - 25-18643  Created for SO #243133,Net 60,46066,45,3733.06,Seattle,,5012,Air Distribution,5012 · Engineered Inventory Costs,,,,,,1510,1601,100,000,511000,0000,000,1020,0000,1510.1601.100.000.511000.0000.000.1020.0000
Greenheck Fan Corporation (v),,Bill,2026-01-14 00:00:00,95666732_1,FB: PO# - 26-10095  Created for SO #243830,Net 60,46066,45,2088.88,Seattle,,5012,Air Distribution,5012 · Engineered Inventory Costs,,,,,,1510,1601,100,000,511000,0000,000,1020,0000,1510.1601.100.000.511000.0000.000.1020.0000
Greenheck Fan Corporation (v),,Bill,2026-01-14 00:00:00,95666719,FB: PO# - 26-10255  Created for SO #244091  SO Note: Andrei Landrum 602-354-1650  PO OR8232918,Net 60,46066,45,108.67,Seattle,,5012,Air Distribution,5012 · Engineered Inventory Costs,,,,,,1510,1601,100,000,511000,0000,000,1020,0000,1510.1601.100.000.511000.0000.000.1020.0000
Greenheck Fan Corporation (v),,Bill,2026-01-15 00:00:00,95667645,FB: PO# - 25-18619  Created for SO #243079,Net 60,46067,44,239.39,Seattle,,5012,Air Distribution,5012 · Engineered Inventory Costs,,,,,,1510,1601,100,000,511000,0000,000,1020,0000,1510.1601.100.000.511000.0000.000.1020.0000
Greenheck Fan Corporation (v),,Bill,2026-01-15 00:00:00,95667644,FB: PO# - 25-18604  Created for SO #243010,Net 60,46067,44,5755.83,Seattle,,5012,Air Distribution,5012 · Engineered Inventory Costs,,,,,,1510,1601,100,000,511000,0000,000,1020,0000,1510.1601.100.000.511000.0000.000.1020.0000
Greenheck Fan Corporation (v),,Bill,2026-01-15 00:00:00,95667647,FB: PO# - 26-10003  Created for SO #243638,Net 60,46067,44,1443.12,Seattle,,5012,Air Distribution,5012 · Engineered Inventory Costs,,,,,,1510,1601,100,000,511000,0000,000,1020,0000,1510.1601.100.000.511000.0000.000.1020.0000
Greenheck Fan Corporation (v),,Bill,2026-01-15 00:00:00,95668602,FB: PO# - 25-18658  Created for SO #243155,Net 60,46067,44,251.75,Seattle,,5012,Air Distribution,5012 · Engineered Inventory Costs,,,,,,1510,1601,100,000,511000,0000,000,1020,0000,1510.1601.100.000.511000.0000.000.1020.0000
Greenheck Fan Corporation (v),,Bill,2026-01-15 00:00:00,95668209,FB: PO# - 25-18821  Created for SO #243507,Net 60,46067,44,3842.56,Seattle,,5012,Air Distribution,5012 · Engineered Inventory Costs,,,,,,1510,1601,100,000,511000,0000,000,1020,0000,1510.1601.100.000.511000.0000.000.1020.0000
Greenheck Fan Corporation (v),,Bill,2026-01-15 00:00:00,95667796,FB: PO# - 25-17899  Created for SO #241799,Net 60,46067,44,2650.4,Seattle,,5012,Air Distribution,5012 · Engineered Inventory Costs,,,,,,1510,1601,100,000,511000,0000,000,1020,0000,1510.1601.100.000.511000.0000.000.1020.0000
Greenheck Fan Corporation (v),,Bill,2026-01-15 00:00:00,95667868,FB: PO# - 26-10286  Created for SO #244158  SO Note: Not Charging Customer for motor    Dawson W...,Net 60,46067,44,696.52,Seattle,,5012,Air Distribution,5012 · Engineered Inventory Costs,,,,,,1510,1601,100,000,511000,0000,000,1020,0000,1510.1601.100.000.511000.0000.000.1020.0000
Greenheck Fan Corporation (v),,Bill,2026-01-15 00:00:00,95667797,FB: PO# - 25-18281  Created for SO #242452,Net 60,46067,44,10757.25,Seattle,,5012,Air Distribution,5012 · Engineered Inventory Costs,,,,,,1510,1601,100,000,511000,0000,000,1020,0000,1510.1601.100.000.511000.0000.000.1020.0000
Greenheck Fan Corporation (v),,Bill,2026-01-15 00:00:00,95668104,FB: PO# - 26-10288  Created for SO #244169  SO Note: Jason Hoover  253-359-2819  PO 2601182339,Net 60,46067,44,276.39,Seattle,,5012,Air Distribution,5012 · Engineered Inventory Costs,,,,,,1510,1601,100,000,511000,0000,000,1020,0000,1510.1601.100.000.511000.0000.000.1020.0000
Greenheck Fan Corporation (v),,Bill,2026-01-15 00:00:00,95668208,FB: PO# - 25-18824  Created for SO #243509,Net 60,46067,44,2940.44,Seattle,,5012,Air Distribution,5012 · Engineered Inventory Costs,,,,,,1510,1601,100,000,511000,0000,000,1020,0000,1510.1601.100.000.511000.0000.000.1020.0000
Greenheck Fan Corporation (v),,Bill,2026-01-15 00:00:00,95668210,FB: PO# - 25-18828  Created for SO #243514,Net 60,46067,44,5556.36,Seattle,,5012,Air Distribution,5012 · Engineered Inventory Costs,,,,,,1510,1601,100,000,511000,0000,000,1020,0000,1510.1601.100.000.511000.0000.000.1020.0000
Greenheck Fan Corporation (v),,Bill,2026-01-15 00:00:00,95667953,FB: PO# - 26-10274  Created for SO #244139,Net 60,46067,44,533.52,Seattle,,5012,Air Distribution,5012 · Engineered Inventory Costs,,,,,,1510,1601,100,000,511000,0000,000,1020,0000,1510.1601.100.000.511000.0000.000.1020.0000
Greenheck Fan Corporation (v),,Bill,2026-01-16 00:00:00,95669657,FB: PO# - 25-18846  Created for SO #243562,Net 60,46068,43,4681.22,Seattle,,5012,Air Distribution,5012 · Engineered Inventory Costs,,,,,,1510,1601,100,000,511000,0000,000,1020,0000,1510.1601.100.000.511000.0000.000.1020.0000
Greenheck Fan Corporation (v),,Bill,2026-01-16 00:00:00,95669534,FB: PO# - 26-10344  Created for SO #244247  SO Note: Katie Brown 206-835-8260  PO 10000408-J1706...,Net 60,46068,43,739.27,Seattle,,5012,Air Distribution,5012 · Engineered Inventory Costs,,,,,,1510,1601,100,000,511000,0000,000,1020,0000,1510.1601.100.000.511000.0000.000.1020.0000
Greenheck Fan Corporation (v),,Bill,2026-01-16 00:00:00,95669455,FB: PO# - 26-10336  Created for SO #244238  SO Note: Eric Bjork  360-808-9054  PO 5948-EB966037S,Net 60,46068,43,73.57,Seattle,,5012,Air Distribution,5012 · Engineered Inventory Costs,,,,,,1510,1601,100,000,511000,0000,000,1020,0000,1510.1601.100.000.511000.0000.000.1020.0000
Greenheck Fan Corporation (v),,Bill,2026-01-16 00:00:00,95669148,"FB: PO# - 26-10143  Created for SO #243884  Joe Schumacher, CPD  |  Assistant Project Manager II...",Net 60,46068,43,306.67,Seattle,,5012,Air Distribution,5012 · Engineered Inventory Costs,,,,,,1510,1601,100,000,511000,0000,000,1020,0000,1510.1601.100.000.511000.0000.000.1020.0000
Greenheck Fan Corporation (v),,Bill,2026-01-16 00:00:00,95669337,"FB: PO# - 26-10143  Created for SO #243884  Joe Schumacher, CPD  |  Assistant Project Manager II...",Net 60,46068,43,504.32,Seattle,,5012,Air Distribution,5012 · Engineered Inventory Costs,,,,,,1510,1601,100,000,511000,0000,000,1020,0000,1510.1601.100.000.511000.0000.000.1020.0000
Greenheck Fan Corporation (v),,Bill,2026-01-16 00:00:00,95669355,FB: PO# - 25-18597  Created for SO #242640,Net 60,46068,43,1145.76,Seattle,,5012,Air Distribution,5012 · Engineered Inventory Costs,,,,,,1510,1601,100,000,511000,0000,000,1020,0000,1510.1601.100.000.511000.0000.000.1020.0000
Greenheck Fan Corporation (v),,Bill,2026-01-16 00:00:00,95669256,FB: PO# - 26-10177  Created for SO #243941  SO Note: Email Josef Antonio his order and CC receip...,Net 60,46068,43,68.29,Seattle,,5012,Air Distribution,5012 · Engineered Inventory Costs,,,,,,1510,1601,100,000,511000,0000,000,1020,0000,1510.1601.100.000.511000.0000.000.1020.0000
Greenheck Fan Corporation (v),,Bill,2026-01-16 00:00:00,95669226,FB: PO# - 26-10334  Created for SO #244222,Net 60,46068,43,400.81,Seattle,,5012,Air Distribution,5012 · Engineered Inventory Costs,,,,,,1510,1601,100,000,511000,0000,000,1020,0000,1510.1601.100.000.511000.0000.000.1020.0000
Greenheck Fan Corporation (v),,Bill,2026-01-16 00:00:00,95668945,FB: PO# - 25-18384  Created for SO #242489,Net 60,46068,43,904.66,Seattle,,5012,Air Distribution,5012 · Engineered Inventory Costs,,,,,,1510,1601,100,000,511000,0000,000,1020,0000,1510.1601.100.000.511000.0000.000.1020.0000
Greenheck Fan Corporation (v),,Bill,2026-01-16 00:00:00,9566960,FB: PO# - 26-10087  Created for SO #243806,Net 60,46068,43,4684.3,Seattle,,5012,Air Distribution,5012 · Engineered Inventory Costs,,,,,,1510,1601,100,000,511000,0000,000,1020,0000,1510.1601.100.000.511000.0000.000.1020.0000
Greenheck Fan Corporation (v),,Bill,2026-01-16 00:00:00,95669629,FB: PO# - 25-18557  Created for SO #242994,Net 60,46068,43,1047.28,Seattle,,5012,Air Distribution,5012 · Engineered Inventory Costs,,,,,,1510,1601,100,000,511000,0000,000,1020,0000,1510.1601.100.000.511000.0000.000.1020.0000
Greenheck Fan Corporation (v),,Bill,2026-01-16 00:00:00,95669599,FB: PO# - 26-10279  Created for SO #244148,Net 60,46068,43,394.67,Seattle,,5012,Air Distribution,5012 · Engineered Inventory Costs,,,,,,1510,1601,100,000,511000,0000,000,1020,0000,1510.1601.100.000.511000.0000.000.1020.0000
Greenheck Fan Corporation (v),,Bill,2026-01-16 00:00:00,95669490,FB: PO# - 26-10116  Created for SO #243853,Net 60,46068,43,2524.07,Seattle,,5012,Air Distribution,5012 · Engineered Inventory Costs,,,,,,1510,1601,100,000,511000,0000,000,1020,0000,1510.1601.100.000.511000.0000.000.1020.0000
Greenheck Fan Corporation (v),,Bill,2026-01-16 00:00:00,95668875,FB: PO# - 26-10055  Created for SO #243712,Net 60,46068,43,380.61,Seattle,,5012,Air Distribution,5012 · Engineered Inventory Costs,,,,,,1510,1601,100,000,511000,0000,000,1020,0000,1510.1601.100.000.511000.0000.000.1020.0000
Greenheck Fan Corporation (v),,Bill,2026-01-16 00:00:00,95668874,FB: PO# - 25-18122  Created for SO #241938  SO Note: Vlad Snitko 253-332-1137  Email address: vo...,Net 60,46068,43,3175.08,Seattle,,5012,Air Distribution,5012 · Engineered Inventory Costs,,,,,,1510,1601,100,000,511000,0000,000,1020,0000,1510.1601.100.000.511000.0000.000.1020.0000
Greenheck Fan Corporation (v),,Bill,2026-01-16 00:00:00,95669703,FB: PO# - 26-10021  Created for SO #243671,Net 60,46068,43,1198.21,Seattle,,5012,Air Distribution,5012 · Engineered Inventory Costs,,,,,,1510,1601,100,000,511000,0000,000,1020,0000,1510.1601.100.000.511000.0000.000.1020.0000
Greenheck Fan Corporation (v),,Bill,2026-01-16 00:00:00,95669863,FB: PO# - 26-10360  Created for SO #244272  SO Note: Rod Christiansen 425-670-1968  PO #2391-148660,Net 60,46068,43,94.59,Seattle,,5012,Air Distribution,5012 · Engineered Inventory Costs,,,,,,1510,1601,100,000,511000,0000,000,1020,0000,1510.1601.100.000.511000.0000.000.1020.0000
Greenheck Fan Corporation (v),,Bill,2026-01-16 00:00:00,95669864,FB: PO# - 26-10362  Created for SO #244273  SO Note: Christian Rodriguez 206-713-3813  PO# 68761...,Net 60,46068,43,607.25,Seattle,,5012,Air Distribution,5012 · Engineered Inventory Costs,,,,,,1510,1601,100,000,511000,0000,000,1020,0000,1510.1601.100.000.511000.0000.000.1020.0000
Greenheck Fan Corporation (v),,Bill,2026-01-16 00:00:00,95669900,FB: PO# - 26-10371  Created for SO #244277  SO Note: Christian Rodriguez 206-713-3813  PO# 68761...,Net 60,46068,43,457.37,Seattle,,5012,Air Distribution,5012 · Engineered Inventory Costs,,,,,,1510,1601,100,000,511000,0000,000,1020,0000,1510.1601.100.000.511000.0000.000.1020.0000
Greenheck Fan Corporation (v),,Bill,2026-01-16 00:00:00,95668985,FB: PO# - 25-18703  Created for SO #242382,Net 60,46068,43,1139.71,Seattle,,5012,Air Distribution,5012 · Engineered Inventory Costs,,,,,,1510,1601,100,000,511000,0000,000,1020,0000,1510.1601.100.000.511000.0000.000.1020.0000
Greenheck Fan Corporation (v),,Bill,2026-01-16 00:00:00,95669533,FB: PO# - 25-18325A  Created for SO #244511  N/C to customer Frt Reconsignment on OG s-242541 / ...,Net 60,46068,43,250,Seattle,,5012,Air Distribution,5012 · Engineered Inventory Costs,,,,,,1510,1601,100,000,511000,0000,000,1020,0000,1510.1601.100.000.511000.0000.000.1020.0000
Greenheck Fan Corporation (v),,Bill,2026-01-17 00:00:00,95670069,FB: PO# - 25-18324W  Created for SO #243935  Created from RMA #894  Concealed freight damage to ...,Net 60,46069,42,126.19,Seattle,,5012,Air Distribution,5012 · Engineered Inventory Costs,,,,,,1510,1601,100,000,511000,0000,000,1020,0000,1510.1601.100.000.511000.0000.000.1020.0000
Greenheck Fan Corporation (v),,Bill,2026-01-19 00:00:00,95670249,FB: PO# - 26-10188  Created for SO #243966,Net 60,46071,40,987.57,Seattle,,5012,Air Distribution,5012 · Engineered Inventory Costs,,,,,,1510,1601,100,000,511000,0000,000,1020,0000,1510.1601.100.000.511000.0000.000.1020.0000
Greenheck Fan Corporation (v),,Bill,2026-01-19 00:00:00,95670323,FB: PO# - 26-10186  Created for SO #243961,Net 60,46071,40,746.06,Seattle,,5012,Air Distribution,5012 · Engineered Inventory Costs,,,,,,1510,1601,100,000,511000,0000,000,1020,0000,1510.1601.100.000.511000.0000.000.1020.0000
Greenheck Fan Corporation (v),,Bill,2026-01-19 00:00:00,95670452,FB: PO# - 25-18312  Created for SO #242502,Net 60,46071,40,4667.1,Seattle,,5012,Air Distribution,5012 · Engineered Inventory Costs,,,,,,1510,1601,100,000,511000,0000,000,1020,0000,1510.1601.100.000.511000.0000.000.1020.0000
Greenheck Fan Corporation (v),,Bill,2026-01-19 00:00:00,95670698,FB: PO# - 26-10383  Created for SO #244296  SO Note: Jeremy Holt  Banana Grill  PO 30761,Net 60,46071,40,175.47,Seattle,,5012,Air Distribution,5012 · Engineered Inventory Costs,,,,,,1510,1601,100,000,511000,0000,000,1020,0000,1510.1601.100.000.511000.0000.000.1020.0000
Greenheck Fan Corporation (v),,Bill,2026-01-19 00:00:00,95670807,FB: PO# - 26-10074  Created for SO #243773,Net 60,46071,40,600.75,Seattle,,5012,Air Distribution,5012 · Engineered Inventory Costs,,,,,,1510,1601,100,000,511000,0000,000,1020,0000,1510.1601.100.000.511000.0000.000.1020.0000
Greenheck Fan Corporation (v),,Bill,2026-01-19 00:00:00,95670842,FB: PO# - 26-10181  Created for SO #243947,Net 60,46071,40,458.31,Seattle,,5012,Air Distribution,5012 · Engineered Inventory Costs,,,,,,1510,1601,100,000,511000,0000,000,1020,0000,1510.1601.100.000.511000.0000.000.1020.0000
Greenheck Fan Corporation (v),,Bill,2026-01-19 00:00:00,95670810,FB: PO# - 26-10340  Created for SO #244245,Net 60,46071,40,131.21,Seattle,,5012,Air Distribution,5012 · Engineered Inventory Costs,,,,,,1510,1601,100,000,511000,0000,000,1020,0000,1510.1601.100.000.511000.0000.000.1020.0000
Greenheck Fan Corporation (v),,Bill,2026-01-19 00:00:00,95670808,FB: PO# - 26-10127  Created for SO #243029,Net 60,46071,40,904.42,Seattle,,5012,Air Distribution,5012 · Engineered Inventory Costs,,,,,,1510,1601,100,000,511000,0000,000,1020,0000,1510.1601.100.000.511000.0000.000.1020.0000
Greenheck Fan Corporation (v),,Bill,2026-01-19 00:00:00,95670937,FB: PO# - 26-10333  Created for SO #240088  SO Note: 11/11/2025 we received 1 plt bx and 2 crate...,Net 60,46071,40,892.13,Seattle,,5012,Air Distribution,5012 · Engineered Inventory Costs,,,,,,1510,1601,100,000,511000,0000,000,1020,0000,1510.1601.100.000.511000.0000.000.1020.0000
Greenheck Fan Corporation (v),,Bill,2026-01-19 00:00:00,95670936,FB: PO# - 26-10160  Created for SO #243321,Net 60,46071,40,2185.85,Seattle,,5012,Air Distribution,5012 · Engineered Inventory Costs,,,,,,1510,1601,100,000,511000,0000,000,1020,0000,1510.1601.100.000.511000.0000.000.1020.0000
Greenheck Fan Corporation (v),,Bill,2026-01-19 00:00:00,95671203,FB: PO# - 26-10308  Created for SO #244202  SO Note: Attn: Ricardo Romero  206-751-7754,Net 60,46071,40,599.95,Seattle,,5012,Air Distribution,5012 · Engineered Inventory Costs,,,,,,1510,1601,100,000,511000,0000,000,1020,0000,1510.1601.100.000.511000.0000.000.1020.0000
Greenheck Fan Corporation (v),,Bill,2026-01-19 00:00:00,95671204,FB: PO# - 25-18839  Created for SO #243540,Net 60,46071,40,12562.89,Seattle,,5012,Air Distribution,5012 · Engineered Inventory Costs,,,,,,1510,1601,100,000,511000,0000,000,1020,0000,1510.1601.100.000.511000.0000.000.1020.0000
Greenheck Fan Corporation (v),,Bill,2026-01-19 00:00:00,95671119,FB: PO# - 26-10169  Created for SO #243921  Ursula Lund  |  Assistant Project Manager  Hermanson...,Net 60,46071,40,15677.03,Seattle,,5012,Air Distribution,5012 · Engineered Inventory Costs,,,,,,1510,1601,100,000,511000,0000,000,1020,0000,1510.1601.100.000.511000.0000.000.1020.0000
Greenheck Fan Corporation (v),,Bill,2026-01-20 00:00:00,95671530,FB: PO# - 26-10046  Created for SO #237262,Net 60,46072,39,1379.32,Seattle,,5012,Air Distribution,5012 · Engineered Inventory Costs,,,,,,1510,1601,100,000,511000,0000,000,1020,0000,1510.1601.100.000.511000.0000.000.1020.0000
Greenheck Fan Corporation (v),,Bill,2026-01-20 00:00:00,95671529,FB: PO# - 26-10238  Created for SO #244053,Net 60,46072,39,484.93,Seattle,,5012,Air Distribution,5012 · Engineered Inventory Costs,,,,,,1510,1601,100,000,511000,0000,000,1020,0000,1510.1601.100.000.511000.0000.000.1020.0000
Greenheck Fan Corporation (v),,Bill,2026-01-20 00:00:00,95671792,FB: PO# - 26-10234  Created for SO #244047  SO Note: Dick Culver - 2067620500  PO18759,Net 60,46072,39,236.06,Seattle,,5012,Air Distribution,5012 · Engineered Inventory Costs,,,,,,1510,1601,100,000,511000,0000,000,1020,0000,1510.1601.100.000.511000.0000.000.1020.0000
Greenheck Fan Corporation (v),,Bill,2026-01-20 00:00:00,95672079,FB: PO# - 25-17808  Created for SO #241626,Net 60,46072,39,915.56,Seattle,,5012,Air Distribution,5012 · Engineered Inventory Costs,,,,,,1510,1601,100,000,511000,0000,000,1020,0000,1510.1601.100.000.511000.0000.000.1020.0000
Greenheck Fan Corporation (v),,Bill,2026-01-20 00:00:00,95672164,FB: PO# - 25-18820  Created for SO #243503,Net 60,46072,39,456.76,Seattle,,5012,Air Distribution,5012 · Engineered Inventory Costs,,,,,,1510,1601,100,000,511000,0000,000,1020,0000,1510.1601.100.000.511000.0000.000.1020.0000
Greenheck Fan Corporation (v),,Bill,2026-01-20 00:00:00,95672252,FB: PO# - 26-10381  Created for SO #244293,Net 60,46072,39,2064.14,Seattle,,5012,Air Distribution,5012 · Engineered Inventory Costs,,,,,,1510,1601,100,000,511000,0000,000,1020,0000,1510.1601.100.000.511000.0000.000.1020.0000
Greenheck Fan Corporation (v),,Bill,2026-01-20 00:00:00,95672338,FB: PO# - 26-10382  Created for SO #244295,Net 60,46072,39,2468.6,Seattle,,5012,Air Distribution,5012 · Engineered Inventory Costs,,,,,,1510,1601,100,000,511000,0000,000,1020,0000,1510.1601.100.000.511000.0000.000.1020.0000
Greenheck Fan Corporation (v),,Bill,2026-01-20 00:00:00,95672620,FB: PO# - 26-10115  Created for SO #243852,Net 60,46072,39,1628.33,Seattle,,5012,Air Distribution,5012 · Engineered Inventory Costs,,,,,,1510,1601,100,000,511000,0000,000,1020,0000,1510.1601.100.000.511000.0000.000.1020.0000
Greenheck Fan Corporation (v),,Bill,2026-01-20 00:00:00,95672610,FB: PO# - 26-10449  Created for SO #244417  SO Note: STEVEN WILSON (206) 825-0339  PO# 687844  J...,Net 60,46072,39,250,Seattle,,5012,Air Distribution,5012 · Engineered Inventory Costs,,,,,,1510,1601,100,000,511000,0000,000,1020,0000,1510.1601.100.000.511000.0000.000.1020.0000
Greenheck Fan Corporation (v),,Bill,2026-01-20 00:00:00,95672535,FB: PO# - 26-10420  Created for SO #244369,Net 60,46072,39,56.09,Seattle,,5012,Air Distribution,5012 · Engineered Inventory Costs,,,,,,1510,1601,100,000,511000,0000,000,1020,0000,1510.1601.100.000.511000.0000.000.1020.0000
Greenheck Fan Corporation (v),,Bill,2026-01-20 00:00:00,95672659,"FB: PO# - 26-10290  Created for SO #244171  Joe Schumacher, CPD  |  Assistant Project Manager II...",Net 60,46072,39,684.51,Seattle,,5012,Air Distribution,5012 · Engineered Inventory Costs,,,,,,1510,1601,100,000,511000,0000,000,1020,0000,1510.1601.100.000.511000.0000.000.1020.0000
Greenheck Fan Corporation (v),,Bill,2026-01-21 00:00:00,95672966,FB: PO# - 25-18546  Created for SO #242969,Net 60,46073,38,629.4,Seattle,,5012,Air Distribution,5012 · Engineered Inventory Costs,,,,,,1510,1601,100,000,511000,0000,000,1020,0000,1510.1601.100.000.511000.0000.000.1020.0000
Greenheck Fan Corporation (v),,Bill,2026-01-21 00:00:00,95673204,FB: PO# - 26-10392  Created for SO #244307,Net 60,46073,38,548.71,Seattle,,5012,Air Distribution,5012 · Engineered Inventory Costs,,,,,,1510,1601,100,000,511000,0000,000,1020,0000,1510.1601.100.000.511000.0000.000.1020.0000
Greenheck Fan Corporation (v),,Bill,2026-01-21 00:00:00,95673401,FB: PO# - 25-18768  Created for SO #243383,Net 60,46073,38,1292.02,Seattle,,5012,Air Distribution,5012 · Engineered Inventory Costs,,,,,,1510,1601,100,000,511000,0000,000,1020,0000,1510.1601.100.000.511000.0000.000.1020.0000
Greenheck Fan Corporation (v),,Bill,2026-01-21 00:00:00,95673477,FB: PO# - 25-18791  Created for SO #243426,Net 60,46073,38,7684.46,Seattle,,5012,Air Distribution,5012 · Engineered Inventory Costs,,,,,,1510,1601,100,000,511000,0000,000,1020,0000,1510.1601.100.000.511000.0000.000.1020.0000
Greenheck Fan Corporation (v),,Bill,2026-01-21 00:00:00,95673476,"FB: PO# - 26-10434  Created for SO #244387  Misty Beck  Assistant Project Manager  Emerald Aire,...",Net 60,46073,38,1176.52,Seattle,,5012,Air Distribution,5012 · Engineered Inventory Costs,,,,,,1510,1601,100,000,511000,0000,000,1020,0000,1510.1601.100.000.511000.0000.000.1020.0000
Greenheck Fan Corporation (v),,Bill,2026-01-21 00:00:00,95673478,FB: PO# - 25-18785  Created for SO #243412  Terris Patterson   Senior Project Manager   Hermanso...,Net 60,46073,38,2637.18,Seattle,,5012,Air Distribution,5012 · Engineered Inventory Costs,,,,,,1510,1601,100,000,511000,0000,000,1020,0000,1510.1601.100.000.511000.0000.000.1020.0000
Greenheck Fan Corporation (v),,Bill,2026-01-21 00:00:00,95673549,FB: PO# - 25-18771  Created for SO #243389,Net 60,46073,38,5597.6,Seattle,,5012,Air Distribution,5012 · Engineered Inventory Costs,,,,,,1510,1601,100,000,511000,0000,000,1020,0000,1510.1601.100.000.511000.0000.000.1020.0000
Greenheck Fan Corporation (v),,Bill,2026-01-21 00:00:00,95673673,FB: PO# - 26-10423  Created for SO #244187,Net 60,46073,38,467.35,Seattle,,5012,Air Distribution,5012 · Engineered Inventory Costs,,,,,,1510,1601,100,000,511000,0000,000,1020,0000,1510.1601.100.000.511000.0000.000.1020.0000
Greenheck Fan Corporation (v),,Bill,2026-01-21 00:00:00,95673550,FB: PO# - 25-18714  Created for SO #243273,Net 60,46073,38,9927.1,Seattle,,5012,Air Distribution,5012 · Engineered Inventory Costs,,,,,,1510,1601,100,000,511000,0000,000,1020,0000,1510.1601.100.000.511000.0000.000.1020.0000
Greenheck Fan Corporation (v),,Bill,2026-01-21 00:00:00,95674170,FB: PO# - 26-10185  Created for SO #243939,Net 60,46073,38,3869.5,Seattle,,5012,Air Distribution,5012 · Engineered Inventory Costs,,,,,,1510,1601,100,000,511000,0000,000,1020,0000,1510.1601.100.000.511000.0000.000.1020.0000
Greenheck Fan Corporation (v),,Bill,2026-01-21 00:00:00,95674257,FB: PO# - 26-10385  Created for SO #244297,Net 60,46073,38,789.32,Seattle,,5012,Air Distribution,5012 · Engineered Inventory Costs,,,,,,1510,1601,100,000,511000,0000,000,1020,0000,1510.1601.100.000.511000.0000.000.1020.0000
Greenheck Fan Corporation (v),,Bill,2026-01-21 00:00:00,95674244,FB: PO# - 26-10273  Created for SO #244138,Net 60,46073,38,2190.76,Seattle,,5012,Air Distribution,5012 · Engineered Inventory Costs,,,,,,1510,1601,100,000,511000,0000,000,1020,0000,1510.1601.100.000.511000.0000.000.1020.0000
Greenheck Fan Corporation (v),,Bill,2026-01-21 00:00:00,95674358,FB: PO# - 25-18529  Created for SO #239060,Net 60,46073,38,7588.13,Seattle,,5012,Air Distribution,5012 · Engineered Inventory Costs,,,,,,1510,1601,100,000,511000,0000,000,1020,0000,1510.1601.100.000.511000.0000.000.1020.0000
Greenheck Fan Corporation (v),,Bill,2026-01-21 00:00:00,95674245,"FB: PO# - 26-10292  Created for SO #244173  Joe Schumacher, CPD  |  Assistant Project Manager II...",Net 60,46073,38,474.86,Seattle,,5012,Air Distribution,5012 · Engineered Inventory Costs,,,,,,1510,1601,100,000,511000,0000,000,1020,0000,1510.1601.100.000.511000.0000.000.1020.0000
Greenheck Fan Corporation (v),,Bill,2026-01-21 00:00:00,95674158,FB: PO# - 26-10210  Created for SO #244009,Net 60,46073,38,6665.12,Seattle,,5012,Air Distribution,5012 · Engineered Inventory Costs,,,,,,1510,1601,100,000,511000,0000,000,1020,0000,1510.1601.100.000.511000.0000.000.1020.0000
Greenheck Fan Corporation (v),,Bill,2026-01-22 00:00:00,95674705,FB: PO# - 26-10057  Created for SO #243712,Net 60,46074,37,892.37,Seattle,,5012,Air Distribution,5012 · Engineered Inventory Costs,,,,,,1510,1601,100,000,511000,0000,000,1020,0000,1510.1601.100.000.511000.0000.000.1020.0000
Greenheck Fan Corporation (v),,Bill,2026-01-22 00:00:00,95675184,FB: PO# - 26-10494  Created for SO #244494  SO Note: Jared Wold 206-887-7196  PO# 689134  Job Na...,Net 60,46074,37,48.84,Seattle,,5012,Air Distribution,5012 · Engineered Inventory Costs,,,,,,1510,1601,100,000,511000,0000,000,1020,0000,1510.1601.100.000.511000.0000.000.1020.0000
Greenheck Fan Corporation (v),,Bill,2026-01-22 00:00:00,95674974,FB: PO# - 26-10299  Created for SO #244184,Net 60,46074,37,368.24,Seattle,,5012,Air Distribution,5012 · Engineered Inventory Costs,,,,,,1510,1601,100,000,511000,0000,000,1020,0000,1510.1601.100.000.511000.0000.000.1020.0000
Greenheck Fan Corporation (v),,Bill,2026-01-22 00:00:00,95674653,FB: PO# - 25-18631  Created for SO #243006,Net 60,46074,37,2585.16,Seattle,,5012,Air Distribution,5012 · Engineered Inventory Costs,,,,,,1510,1601,100,000,511000,0000,000,1020,0000,1510.1601.100.000.511000.0000.000.1020.0000
Greenheck Fan Corporation (v),,Bill,2026-01-22 00:00:00,95674554,FB: PO# - 25-18694  Created for SO #243240,Net 60,46074,37,6098.79,Seattle,,5012,Air Distribution,5012 · Engineered Inventory Costs,,,,,,1510,1601,100,000,511000,0000,000,1020,0000,1510.1601.100.000.511000.0000.000.1020.0000
Greenheck Fan Corporation (v),,Bill,2026-01-22 00:00:00,95675601,FB: PO# - 26-10465  Created for SO #244444,Net 60,46074,37,928.46,Seattle,,5012,Air Distribution,5012 · Engineered Inventory Costs,,,,,,1510,1601,100,000,511000,0000,000,1020,0000,1510.1601.100.000.511000.0000.000.1020.0000
Greenheck Fan Corporation (v),,Bill,2026-01-22 00:00:00,95675662,FB: PO# - 26-10511  Created for SO #244518,Net 60,46074,37,133.45,Seattle,,5012,Air Distribution,5012 · Engineered Inventory Costs,,,,,,1510,1601,100,000,511000,0000,000,1020,0000,1510.1601.100.000.511000.0000.000.1020.0000
Greenheck Fan Corporation (v),,Bill,2026-01-22 00:00:00,95675795,FB: PO# - 26-10182  Created for SO #243948,Net 60,46074,37,1815.28,Seattle,,5012,Air Distribution,5012 · Engineered Inventory Costs,,,,,,1510,1601,100,000,511000,0000,000,1020,0000,1510.1601.100.000.511000.0000.000.1020.0000
Greenheck Fan Corporation (v),,Bill,2026-01-22 00:00:00,95675611,FB: PO# - 26-10464  Created for SO #244434,Net 60,46074,37,419.3,Seattle,,5012,Air Distribution,5012 · Engineered Inventory Costs,,,,,,1510,1601,100,000,511000,0000,000,1020,0000,1510.1601.100.000.511000.0000.000.1020.0000
Greenheck Fan Corporation (v),,Bill,2026-01-22 00:00:00,95675677,FB: PO# - 26-10439  Created for SO #244375,Net 60,46074,37,183.26,Seattle,,5012,Air Distribution,5012 · Engineered Inventory Costs,,,,,,1510,1601,100,000,511000,0000,000,1020,0000,1510.1601.100.000.511000.0000.000.1020.0000
Greenheck Fan Corporation (v),,Bill,2026-01-22 00:00:00,95675676,FB: PO# - 25-18831  Created for SO #243518,Net 60,46074,37,4092.64,Seattle,,5012,Air Distribution,5012 · Engineered Inventory Costs,,,,,,1510,1601,100,000,511000,0000,000,1020,0000,1510.1601.100.000.511000.0000.000.1020.0000
Greenheck Fan Corporation (v),,Bill,2026-01-22 00:00:00,95675743,FB: PO# - 26-10327  Created for SO #244220,Net 60,46074,37,1356.78,Seattle,,5012,Air Distribution,5012 · Engineered Inventory Costs,,,,,,1510,1601,100,000,511000,0000,000,1020,0000,1510.1601.100.000.511000.0000.000.1020.0000
Greenheck Fan Corporation (v),,Bill,2026-01-22 00:00:00,95675716,FB: PO# - 26-10215  Created for SO #244014,Net 60,46074,37,177.97,Seattle,,5012,Air Distribution,5012 · Engineered Inventory Costs,,,,,,1510,1601,100,000,511000,0000,000,1020,0000,1510.1601.100.000.511000.0000.000.1020.0000
Greenheck Fan Corporation (v),,Bill,2026-01-22 00:00:00,95675094,FB: PO# - 26-10489  Created for SO #244490  SO Note: GRANT WHITE 509-820-9634  PO# 688018  Job N...,Net 60,46074,37,540.25,Seattle,,5012,Air Distribution,5012 · Engineered Inventory Costs,,,,,,1510,1601,100,000,511000,0000,000,1020,0000,1510.1601.100.000.511000.0000.000.1020.0000
Greenheck Fan Corporation (v),,Bill,2026-01-22 00:00:00,95675209,FB: PO# - 26-10492  Created for SO #244491,Net 60,46074,37,183.19,Seattle,,5012,Air Distribution,5012 · Engineered Inventory Costs,,,,,,1510,1601,100,000,511000,0000,000,1020,0000,1510.1601.100.000.511000.0000.000.1020.0000
Greenheck Fan Corporation (v),,Bill,2026-01-22 00:00:00,95675093,FB: PO# - 26-10073  Created for SO #243771,Net 60,46074,37,3804.55,Seattle,,5012,Air Distribution,5012 · Engineered Inventory Costs,,,,,,1510,1601,100,000,511000,0000,000,1020,0000,1510.1601.100.000.511000.0000.000.1020.0000
Greenheck Fan Corporation (v),,Bill,2026-01-22 00:00:00,95675276,FB: PO# - 26-10509  Created for SO #244517  SO Note: Justyn Y - 2068616072  PO: S1000010335,Net 60,46074,37,302.94,Seattle,,5012,Air Distribution,5012 · Engineered Inventory Costs,,,,,,1510,1601,100,000,511000,0000,000,1020,0000,1510.1601.100.000.511000.0000.000.1020.0000
Greenheck Fan Corporation (v),,Bill,2026-01-22 00:00:00,95675067,"FB: PO# - 26-10142  Created for SO #243882  Joe Schumacher, CPD  |  Assistant Project Manager II...",Net 60,46074,37,1348.53,Seattle,,5012,Air Distribution,5012 · Engineered Inventory Costs,,,,,,1510,1601,100,000,511000,0000,000,1020,0000,1510.1601.100.000.511000.0000.000.1020.0000
Greenheck Fan Corporation (v),,Bill,2026-01-22 00:00:00,95674652,FB: PO# - 26-10393  Created for SO #244309,Net 60,46074,37,941.95,Seattle,,5012,Air Distribution,5012 · Engineered Inventory Costs,,,,,,1510,1601,100,000,511000,0000,000,1020,0000,1510.1601.100.000.511000.0000.000.1020.0000
Greenheck Fan Corporation (v),,Bill,2026-01-23 00:00:00,95676211,FB: PO# - 26-10131  Created for SO #243872,Net 60,46075,36,1113.48,Seattle,,5012,Air Distribution,5012 · Engineered Inventory Costs,,,,,,1510,1601,100,000,511000,0000,000,1020,0000,1510.1601.100.000.511000.0000.000.1020.0000
Greenheck Fan Corporation (v),,Bill,2026-01-23 00:00:00,95676181,FB: PO# - 25-18302  Created for SO #242334,Net 60,46075,36,1924.55,Seattle,,5012,Air Distribution,5012 · Engineered Inventory Costs,,,,,,1510,1601,100,000,511000,0000,000,1020,0000,1510.1601.100.000.511000.0000.000.1020.0000
Greenheck Fan Corporation (v),,Bill,2026-01-23 00:00:00,95676302,FB: PO# - 25-18461  Created for SO #242833,Net 60,46075,36,608.52,Seattle,,5012,Air Distribution,5012 · Engineered Inventory Costs,,,,,,1510,1601,100,000,511000,0000,000,1020,0000,1510.1601.100.000.511000.0000.000.1020.0000
Greenheck Fan Corporation (v),,Bill,2026-01-23 00:00:00,95676312,FB: PO# - 26-10152  Created for SO #243890,Net 60,46075,36,2934.77,Seattle,,5012,Air Distribution,5012 · Engineered Inventory Costs,,,,,,1510,1601,100,000,511000,0000,000,1020,0000,1510.1601.100.000.511000.0000.000.1020.0000
Greenheck Fan Corporation (v),,Bill,2026-01-23 00:00:00,95676634,FB: PO# - 25-18821  Created for SO #243507,Net 60,46075,36,986.48,Seattle,,5012,Air Distribution,5012 · Engineered Inventory Costs,,,,,,1510,1601,100,000,511000,0000,000,1020,0000,1510.1601.100.000.511000.0000.000.1020.0000
Greenheck Fan Corporation (v),,Bill,2026-01-23 00:00:00,95676509,FB: PO# - 26-10496  Created for SO #244498,Net 60,46075,36,250.05,Seattle,,5012,Air Distribution,5012 · Engineered Inventory Costs,,,,,,1510,1601,100,000,511000,0000,000,1020,0000,1510.1601.100.000.511000.0000.000.1020.0000
Greenheck Fan Corporation (v),,Bill,2026-01-23 00:00:00,95676730,FB: PO# - 26-10250  Created for SO #244072,Net 60,46075,36,1568.85,Seattle,,5012,Air Distribution,5012 · Engineered Inventory Costs,,,,,,1510,1601,100,000,511000,0000,000,1020,0000,1510.1601.100.000.511000.0000.000.1020.0000
Greenheck Fan Corporation (v),,Bill,2026-01-23 00:00:00,95676711,FB: PO# - 25-18826  Created for SO #243512,Net 60,46075,36,1404.1,Seattle,,5012,Air Distribution,5012 · Engineered Inventory Costs,,,,,,1510,1601,100,000,511000,0000,000,1020,0000,1510.1601.100.000.511000.0000.000.1020.0000
Greenheck Fan Corporation (v),,Bill,2026-01-23 00:00:00,95676796,FB: PO# - 25-18846  Created for SO #243562,Net 60,46075,36,4806.62,Seattle,,5012,Air Distribution,5012 · Engineered Inventory Costs,,,,,,1510,1601,100,000,511000,0000,000,1020,0000,1510.1601.100.000.511000.0000.000.1020.0000
Greenheck Fan Corporation (v),,Bill,2026-01-23 00:00:00,95677029,FB: PO# - 26-10105  Created for SO #243800,Net 60,46075,36,791.2,Seattle,,5012,Air Distribution,5012 · Engineered Inventory Costs,,,,,,1510,1601,100,000,511000,0000,000,1020,0000,1510.1601.100.000.511000.0000.000.1020.0000
Greenheck Fan Corporation (v),,Bill,2026-01-23 00:00:00,95677042,FB: PO# - 26-10554  Created for SO #244590  SO Note: Jared Wold  206-887-7196  PO# 689389  Job N...,Net 60,46075,36,53.15,Seattle,,5012,Air Distribution,5012 · Engineered Inventory Costs,,,,,,1510,1601,100,000,511000,0000,000,1020,0000,1510.1601.100.000.511000.0000.000.1020.0000
Greenheck Fan Corporation (v),,Bill,2026-01-23 00:00:00,95677181,FB: PO# - 26-10320  Created for SO #244211,Net 60,46075,36,278.62,Seattle,,5012,Air Distribution,5012 · Engineered Inventory Costs,,,,,,1510,1601,100,000,511000,0000,000,1020,0000,1510.1601.100.000.511000.0000.000.1020.0000
Greenheck Fan Corporation (v),,Bill,2026-01-23 00:00:00,95677205,FB: PO# - 26-10505  Created for SO #244513,Net 60,46075,36,595.23,Seattle,,5012,Air Distribution,5012 · Engineered Inventory Costs,,,,,,1510,1601,100,000,511000,0000,000,1020,0000,1510.1601.100.000.511000.0000.000.1020.0000
Greenheck Fan Corporation (v),,Bill,2026-01-23 00:00:00,95677218,FB: PO# - 26-10230  Created for SO #244034,Net 60,46075,36,1061.62,Seattle,,5012,Air Distribution,5012 · Engineered Inventory Costs,,,,,,1510,1601,100,000,511000,0000,000,1020,0000,1510.1601.100.000.511000.0000.000.1020.0000
Greenheck Fan Corporation (v),,Bill,2026-01-23 00:00:00,95677204,FB: PO# - 26-10504  Created for SO #244510,Net 60,46075,36,3013.64,Seattle,,5012,Air Distribution,5012 · Engineered Inventory Costs,,,,,,1510,1601,100,000,511000,0000,000,1020,0000,1510.1601.100.000.511000.0000.000.1020.0000
Greenheck Fan Corporation (v),,Bill,2026-01-26 00:00:00,95678045,FB: PO# - 26-10525  Created for SO #244535,Net 60,46078,33,895.96,Seattle,,5012,Air Distribution,5012 · Engineered Inventory Costs,,,,,,1510,1601,100,000,511000,0000,000,1020,0000,1510.1601.100.000.511000.0000.000.1020.0000
Greenheck Fan Corporation (v),,Bill,2026-01-26 00:00:00,95678076,FB: PO# - 25-18226  Created for SO #242353,Net 60,46078,33,6731.19,Seattle,,5012,Air Distribution,5012 · Engineered Inventory Costs,,,,,,1510,1601,100,000,511000,0000,000,1020,0000,1510.1601.100.000.511000.0000.000.1020.0000
Greenheck Fan Corporation (v),,Bill,2026-01-26 00:00:00,95678046,FB: PO# - 26-10582  Created for SO #244626,Net 60,46078,33,282.47,Seattle,,5012,Air Distribution,5012 · Engineered Inventory Costs,,,,,,1510,1601,100,000,511000,0000,000,1020,0000,1510.1601.100.000.511000.0000.000.1020.0000
Greenheck Fan Corporation (v),,Bill,2026-01-26 00:00:00,95678149,FB: PO# - 26-10462  Created for SO #244431,Net 60,46078,33,1095.74,Seattle,,5012,Air Distribution,5012 · Engineered Inventory Costs,,,,,,1510,1601,100,000,511000,0000,000,1020,0000,1510.1601.100.000.511000.0000.000.1020.0000
Greenheck Fan Corporation (v),,Bill,2026-01-26 00:00:00,95678148,FB: PO# - 26-10253  Created for SO #244089,Net 60,46078,33,262.5,Seattle,,5012,Air Distribution,5012 · Engineered Inventory Costs,,,,,,1510,1601,100,000,511000,0000,000,1020,0000,1510.1601.100.000.511000.0000.000.1020.0000
Greenheck Fan Corporation (v),,Bill,2026-01-26 00:00:00,95678150,FB: PO# - 25-18576  Created for SO #243030,Net 60,46078,33,3051.79,Seattle,,5012,Air Distribution,5012 · Engineered Inventory Costs,,,,,,1510,1601,100,000,511000,0000,000,1020,0000,1510.1601.100.000.511000.0000.000.1020.0000
Greenheck Fan Corporation (v),,Bill,2026-01-26 00:00:00,95678246,FB: PO# - 26-10424  Created for SO #244368  Ryan McLaughlin | Sr. Project Manager  430 SW 153rd ...,Net 60,46078,33,235.09,Seattle,,5012,Air Distribution,5012 · Engineered Inventory Costs,,,,,,1510,1601,100,000,511000,0000,000,1020,0000,1510.1601.100.000.511000.0000.000.1020.0000
Greenheck Fan Corporation (v),,Bill,2026-01-27 00:00:00,95678516,FB: PO# - 26-10377  Created for SO #244284,Net 60,46079,32,2226.81,Seattle,,5012,Air Distribution,5012 · Engineered Inventory Costs,,,,,,1510,1601,100,000,511000,0000,000,1020,0000,1510.1601.100.000.511000.0000.000.1020.0000
Greenheck Fan Corporation (v),,Bill,2026-01-27 00:00:00,95678515,FB: PO# - 26-10236  Created for SO #244036,Net 60,46079,32,563.81,Seattle,,5012,Air Distribution,5012 · Engineered Inventory Costs,,,,,,1510,1601,100,000,511000,0000,000,1020,0000,1510.1601.100.000.511000.0000.000.1020.0000
Greenheck Fan Corporation (v),,Bill,2026-01-27 00:00:00,95678517,FB: PO# - 25-18576  Created for SO #243030,Net 60,46079,32,2831.49,Seattle,,5012,Air Distribution,5012 · Engineered Inventory Costs,,,,,,1510,1601,100,000,511000,0000,000,1020,0000,1510.1601.100.000.511000.0000.000.1020.0000
Greenheck Fan Corporation (v),,Bill,2026-01-27 00:00:00,95678514,"FB: PO# - 26-10144  Created for SO #243886  Joe Schumacher, CPD  |  Assistant Project Manager II...",Net 60,46079,32,125.21,Seattle,,5012,Air Distribution,5012 · Engineered Inventory Costs,,,,,,1510,1601,100,000,511000,0000,000,1020,0000,1510.1601.100.000.511000.0000.000.1020.0000
Greenheck Fan Corporation (v),,Bill,2026-01-27 00:00:00,95678614,FB: PO# - 26-10326  Created for SO #242086  SO Note: Check received & deposited 12/11/25  in Sea...,Net 60,46079,32,5360.24,Seattle,,5012,Air Distribution,5012 · Engineered Inventory Costs,,,,,,1510,1601,100,000,511000,0000,000,1020,0000,1510.1601.100.000.511000.0000.000.1020.0000
Greenheck Fan Corporation (v),,Bill,2026-01-27 00:00:00,95678518,FB: PO# - 26-10416  Created for SO #244356,Net 60,46079,32,376.33,Seattle,,5012,Air Distribution,5012 · Engineered Inventory Costs,,,,,,1510,1601,100,000,511000,0000,000,1020,0000,1510.1601.100.000.511000.0000.000.1020.0000
Greenheck Fan Corporation (v),,Bill,2026-01-27 00:00:00,95678615,FB: PO# - 25-18575  Created for SO #243023,Net 60,46079,32,678.74,Seattle,,5012,Air Distribution,5012 · Engineered Inventory Costs,,,,,,1510,1601,100,000,511000,0000,000,1020,0000,1510.1601.100.000.511000.0000.000.1020.0000
Greenheck Fan Corporation (v),,Bill,2026-01-27 00:00:00,95678612,FB: PO# - 26-10146  Created for SO #243807,Net 60,46079,32,1615.92,Seattle,,5012,Air Distribution,5012 · Engineered Inventory Costs,,,,,,1510,1601,100,000,511000,0000,000,1020,0000,1510.1601.100.000.511000.0000.000.1020.0000
Greenheck Fan Corporation (v),,Bill,2026-01-27 00:00:00,95678872,FB: PO# - 26-10555  Created for SO #244587,Net 60,46079,32,59.01,Seattle,,5012,Air Distribution,5012 · Engineered Inventory Costs,,,,,,1510,1601,100,000,511000,0000,000,1020,0000,1510.1601.100.000.511000.0000.000.1020.0000
Greenheck Fan Corporation (v),,Bill,2026-01-27 00:00:00,95679026,FB: PO# - 26-10250  Created for SO #244072,Net 60,46079,32,733.08,Seattle,,5012,Air Distribution,5012 · Engineered Inventory Costs,,,,,,1510,1601,100,000,511000,0000,000,1020,0000,1510.1601.100.000.511000.0000.000.1020.0000
Greenheck Fan Corporation (v),,Bill,2026-01-27 00:00:00,95679009,FB: PO# - 26-10579  Created for SO #244585  SO Note: Jared Wold  206-887-7196  PO# 689391  Job N...,Net 60,46079,32,119.1,Seattle,,5012,Air Distribution,5012 · Engineered Inventory Costs,,,,,,1510,1601,100,000,511000,0000,000,1020,0000,1510.1601.100.000.511000.0000.000.1020.0000
Greenheck Fan Corporation (v),,Bill,2026-01-27 00:00:00,95679297,FB: PO# - 26-10615  Created for SO #244696  SO Note: Katie Brown 206.835.8260  True North MAU-2 ...,Net 60,46079,32,238.52,Seattle,,5012,Air Distribution,5012 · Engineered Inventory Costs,,,,,,1510,1601,100,000,511000,0000,000,1020,0000,1510.1601.100.000.511000.0000.000.1020.0000
Greenheck Fan Corporation (v),,Bill,2026-01-27 00:00:00,95679394,FB: PO# - 26-10284  Created for SO #244156  SO Note: Matt Winski  Fire Damper Foreman  tel: 253-...,Net 60,46079,32,2160.98,Seattle,,5012,Air Distribution,5012 · Engineered Inventory Costs,,,,,,1510,1601,100,000,511000,0000,000,1020,0000,1510.1601.100.000.511000.0000.000.1020.0000
Greenheck Fan Corporation (v),,Bill,2026-01-27 00:00:00,95679540,FB: PO# - 26-10327  Created for SO #244220,Net 60,46079,32,435.6,Seattle,,5012,Air Distribution,5012 · Engineered Inventory Costs,,,,,,1510,1601,100,000,511000,0000,000,1020,0000,1510.1601.100.000.511000.0000.000.1020.0000
Greenheck Fan Corporation (v),,Bill,2026-01-27 00:00:00,95679518,FB: PO# - 26-10601  Created for SO #244674,Net 60,46079,32,439.55,Seattle,,5012,Air Distribution,5012 · Engineered Inventory Costs,,,,,,1510,1601,100,000,511000,0000,000,1020,0000,1510.1601.100.000.511000.0000.000.1020.0000
Greenheck Fan Corporation (v),,Bill,2026-01-27 00:00:00,95679572,FB: PO# - 26-10545  Created for SO #244573,Net 60,46079,32,301.96,Seattle,,5012,Air Distribution,5012 · Engineered Inventory Costs,,,,,,1510,1601,100,000,511000,0000,000,1020,0000,1510.1601.100.000.511000.0000.000.1020.0000
Greenheck Fan Corporation (v),,Bill,2026-01-27 00:00:00,95679759,FB: PO# - 26-10567  Created for SO #244607,Net 60,46079,32,559.27,Seattle,,5012,Air Distribution,5012 · Engineered Inventory Costs,,,,,,1510,1601,100,000,511000,0000,000,1020,0000,1510.1601.100.000.511000.0000.000.1020.0000
Greenheck Fan Corporation (v),,Bill,2026-01-27 00:00:00,95679739,FB: PO# - 26-10605  Created for SO #244681,Net 60,46079,32,329.01,Seattle,,5012,Air Distribution,5012 · Engineered Inventory Costs,,,,,,1510,1601,100,000,511000,0000,000,1020,0000,1510.1601.100.000.511000.0000.000.1020.0000
Greenheck Fan Corporation (v),,Bill,2026-01-27 00:00:00,95679617,FB: PO# - 26-10622  Created for SO #244717  SO Note: Nikki Knapp 253.872.5665   PO 12185,Net 60,46079,32,253.66,Seattle,,5012,Air Distribution,5012 · Engineered Inventory Costs,,,,,,1510,1601,100,000,511000,0000,000,1020,0000,1510.1601.100.000.511000.0000.000.1020.0000
Greenheck Fan Corporation (v),,Bill,2026-01-27 00:00:00,95679571,FB: PO# - 26-10542  Created for SO #244569  SO Note: Matt Winski  Fire Damper Foreman  tel: 253-...,Net 60,46079,32,152.05,Seattle,,5012,Air Distribution,5012 · Engineered Inventory Costs,,,,,,1510,1601,100,000,511000,0000,000,1020,0000,1510.1601.100.000.511000.0000.000.1020.0000
Greenheck Fan Corporation (v),,Bill,2026-01-27 00:00:00,95679569,FB: PO# - 26-10348  Created for SO #244253,Net 60,46079,32,291.65,Seattle,,5012,Air Distribution,5012 · Engineered Inventory Costs,,,,,,1510,1601,100,000,511000,0000,000,1020,0000,1510.1601.100.000.511000.0000.000.1020.0000
Greenheck Fan Corporation (v),,Bill,2026-01-27 00:00:00,95679570,FB: PO# - 26-10463  Created for SO #242614  SO Note: Mike Jenkins: 206-604-2360,Net 60,46079,32,86.55,Seattle,,5012,Air Distribution,5012 · Engineered Inventory Costs,,,,,,1510,1601,100,000,511000,0000,000,1020,0000,1510.1601.100.000.511000.0000.000.1020.0000
Greenheck Fan Corporation (v),,Bill,2026-01-28 00:00:00,95680132,FB: PO# - 26-10403  Created for SO #244219,Net 60,46080,31,1960.04,Seattle,,5012,Air Distribution,5012 · Engineered Inventory Costs,,,,,,1510,1601,100,000,511000,0000,000,1020,0000,1510.1601.100.000.511000.0000.000.1020.0000
Greenheck Fan Corporation (v),,Bill,2026-01-28 00:00:00,95680199,FB: PO# - 26-10183  Created for SO #243949,Net 60,46080,31,216.01,Seattle,,5012,Air Distribution,5012 · Engineered Inventory Costs,,,,,,1510,1601,100,000,511000,0000,000,1020,0000,1510.1601.100.000.511000.0000.000.1020.0000
Greenheck Fan Corporation (v),,Bill,2026-01-28 00:00:00,95680432,FB: PO# - 26-10417  Created for SO #244357,Net 60,46080,31,298.49,Seattle,,5012,Air Distribution,5012 · Engineered Inventory Costs,,,,,,1510,1601,100,000,511000,0000,000,1020,0000,1510.1601.100.000.511000.0000.000.1020.0000
Greenheck Fan Corporation (v),,Bill,2026-01-28 00:00:00,95680622,FB: PO# - 26-10457  Created for SO #244423  SO Note: Joey 206-917-7709  DSW 3,Net 60,46080,31,1241.99,Seattle,,5012,Air Distribution,5012 · Engineered Inventory Costs,,,,,,1510,1601,100,000,511000,0000,000,1020,0000,1510.1601.100.000.511000.0000.000.1020.0000
Greenheck Fan Corporation (v),,Bill,2026-01-28 00:00:00,95680956,FB: PO# - 26-10311  Created for SO #244193,Net 60,46080,31,5327.35,Seattle,,5012,Air Distribution,5012 · Engineered Inventory Costs,,,,,,1510,1601,100,000,511000,0000,000,1020,0000,1510.1601.100.000.511000.0000.000.1020.0000
Greenheck Fan Corporation (v),,Bill,2026-01-28 00:00:00,95680994,FB: PO# - 26-10569  Created for SO #244616,Net 60,46080,31,2724.13,Seattle,,5012,Air Distribution,5012 · Engineered Inventory Costs,,,,,,1510,1601,100,000,511000,0000,000,1020,0000,1510.1601.100.000.511000.0000.000.1020.0000
Greenheck Fan Corporation (v),,Bill,2026-01-28 00:00:00,95681152,FB: PO# - 25-18609  Created for SO #243065,Net 60,46080,31,3493.67,Seattle,,5012,Air Distribution,5012 · Engineered Inventory Costs,,,,,,1510,1601,100,000,511000,0000,000,1020,0000,1510.1601.100.000.511000.0000.000.1020.0000
Greenheck Fan Corporation (v),,Bill,2026-01-28 00:00:00,95681074,FB: PO# - 26-10282  Created for SO #244146,Net 60,46080,31,2998.14,Seattle,,5012,Air Distribution,5012 · Engineered Inventory Costs,,,,,,1510,1601,100,000,511000,0000,000,1020,0000,1510.1601.100.000.511000.0000.000.1020.0000
Greenheck Fan Corporation (v),,Bill,2026-01-28 00:00:00,95681075,FB: PO# - 25-18715  Created for SO #243261,Net 60,46080,31,4871.76,Seattle,,5012,Air Distribution,5012 · Engineered Inventory Costs,,,,,,1510,1601,100,000,511000,0000,000,1020,0000,1510.1601.100.000.511000.0000.000.1020.0000
Greenheck Fan Corporation (v),,Bill,2026-01-28 00:00:00,95681340,FB: PO# - 26-10343  Created for SO #242150,Net 60,46080,31,577.42,Seattle,,5012,Air Distribution,5012 · Engineered Inventory Costs,,,,,,1510,1601,100,000,511000,0000,000,1020,0000,1510.1601.100.000.511000.0000.000.1020.0000
Greenheck Fan Corporation (v),,Bill,2026-01-28 00:00:00,95681306,FB: PO# - 26-10589  Created for SO #244651  SO Note: Cheney 24-164,Net 60,46080,31,995.29,Seattle,,5012,Air Distribution,5012 · Engineered Inventory Costs,,,,,,1510,1601,100,000,511000,0000,000,1020,0000,1510.1601.100.000.511000.0000.000.1020.0000
Greenheck Fan Corporation (v),,Bill,2026-01-28 00:00:00,95681341,FB: PO# - 26-10285  Created for SO #244157,Net 60,46080,31,434.28,Seattle,,5012,Air Distribution,5012 · Engineered Inventory Costs,,,,,,1510,1601,100,000,511000,0000,000,1020,0000,1510.1601.100.000.511000.0000.000.1020.0000
Greenheck Fan Corporation (v),,Bill,2026-01-28 00:00:00,95681362,"FB: PO# - 26-10243  Created for SO #244061  Michelle Ozolin, Sr. Purchasing Agent  Holaday-Parks...",Net 60,46080,31,15837.07,Seattle,,5012,Air Distribution,5012 · Engineered Inventory Costs,,,,,,1510,1601,100,000,511000,0000,000,1020,0000,1510.1601.100.000.511000.0000.000.1020.0000
Greenheck Fan Corporation (v),,Bill,2026-01-28 00:00:00,95681413,FB: PO# - 25-18539  Created for SO #242365  Misty Beck 253.245.0858,Net 60,46080,31,9467.63,Seattle,,5012,Air Distribution,5012 · Engineered Inventory Costs,,,,,,1510,1601,100,000,511000,0000,000,1020,0000,1510.1601.100.000.511000.0000.000.1020.0000
Greenheck Fan Corporation (v),,Bill,2026-01-28 00:00:00,95681255,FB: PO# - 26-10275  Created for SO #244139,Net 60,46080,31,871.84,Seattle,,5012,Air Distribution,5012 · Engineered Inventory Costs,,,,,,1510,1601,100,000,511000,0000,000,1020,0000,1510.1601.100.000.511000.0000.000.1020.0000
King Electrical Mfg. Co,,Bill,2026-02-18 00:00:00,ICOm0103245,FB: PO# - 26-10278  Created for SO #244142  Site Contact: Andrea C 509.734.0669  CANNOT RECIEVE ...,Net 30,46101,10,51355.61,Seattle,,5012,Air Distribution,5012 · Engineered Inventory Costs,,,,,,1510,1601,100,000,511000,0000,000,1020,0000,1510.1601.100.000.511000.0000.000.1020.0000
King Electrical Mfg. Co,,Bill,2026-02-24 00:00:00,ICOM0103491,FB: PO# - 26-11132  Created for SO #245601,Net 30,46107,4,133.56,Seattle,,5012,Air Distribution,5012 · Engineered Inventory Costs,,,,,,1510,1601,100,000,511000,0000,000,1020,0000,1510.1601.100.000.511000.0000.000.1020.0000
King Electrical Mfg. Co,,Bill,2026-02-26 00:00:00,ICOM0103557,FB: PO# - 26-10664  Created for SO #244815,Net 30,46109,2,612,Seattle,,5012,Air Distribution,5012 · Engineered Inventory Costs,,,,,,1510,1601,100,000,511000,0000,000,1020,0000,1510.1601.100.000.511000.0000.000.1020.0000
King Electrical Mfg. Co,,Bill,2026-02-26 00:00:00,ICOM0103575,FB: PO# - 26-11140  Created for SO #245616,Net 30,46109,2,378.75,Seattle,,5012,Air Distribution,5012 · Engineered Inventory Costs,,,,,,1510,1601,100,000,511000,0000,000,1020,0000,1510.1601.100.000.511000.0000.000.1020.0000
Koch Filter Corporation,,Bill,2026-02-16 00:00:00,CI-0000654609,FB: PO# - 26-10918  Created for SO #245264  Quoted by Brett Arlt  SHIPPING ADDRESS IS A JOBSITE ...,Net 30,46099,12,132.03,Seattle,,5012,Air Distribution,5012 · Engineered Inventory Costs,,,,,,1510,1601,100,000,511000,0000,000,1020,0000,1510.1601.100.000.511000.0000.000.1020.0000
Marley Engineered Products,Nancie Johnson-3411,Bill,2026-02-02 00:00:00,481878X,FB: PO# - 26-10580  Created for SO #244615  Site Contact: Andrea C 509-734-0669 ext 121,1% 30 NET 45,46100,26,1143.29,Seattle,,5012,Air Distribution,5012 · Engineered Inventory Costs,,,,,,1510,1601,100,000,511000,0000,000,1020,0000,1510.1601.100.000.511000.0000.000.1020.0000
Marley Engineered Products,Nancie Johnson-3411,Bill,2026-02-03 00:00:00,482676,FB: PO# - 26-10580  Created for SO #244615  Site Contact: Andrea C 509-734-0669 ext 121,1% 30 NET 45,46101,25,362.7,Seattle,,5012,Air Distribution,5012 · Engineered Inventory Costs,,,,,,1510,1601,100,000,511000,0000,000,1020,0000,1510.1601.100.000.511000.0000.000.1020.0000
Marley Engineered Products,Nancie Johnson-3411,Bill,2026-02-04 00:00:00,482911,FB: PO# - 26-10599  Created for SO #244669,1% 30 NET 45,46102,24,143.79,Seattle,,5012,Air Distribution,5012 · Engineered Inventory Costs,,,,,,1510,1601,100,000,511000,0000,000,1020,0000,1510.1601.100.000.511000.0000.000.1020.0000
Marley Engineered Products,Nancie Johnson-3411,Bill,2026-02-05 00:00:00,483216,FB: PO# - 26-10599  Created for SO #244669,1% 30 NET 45,46103,23,222.39,Seattle,,5012,Air Distribution,5012 · Engineered Inventory Costs,,,,,,1510,1601,100,000,511000,0000,000,1020,0000,1510.1601.100.000.511000.0000.000.1020.0000
Marley Engineered Products,Nancie Johnson-3411,Bill,2026-02-06 00:00:00,483458,"FB: PO# - 25-18200  Per Quote Q-432593  Please mark shipment: ""Bruce PO# 31446""",1% 30 NET 45,46104,22,6598.88,Seattle,,5012,Air Distribution,5012 · Engineered Inventory Costs,,,,,,1510,1601,100,000,511000,0000,000,1020,0000,1510.1601.100.000.511000.0000.000.1020.0000
Marley Engineered Products,Nancie Johnson-3411,Bill,2026-02-09 00:00:00,484088,FB: PO# - 25-18520  Created for SO #242889  SO Note: Felicia Smith 657-799-4901  TARG627-HVAC  P...,1% 30 NET 45,46107,19,296,Seattle,,5012,Air Distribution,5012 · Engineered Inventory Costs,,,,,,1510,1601,100,000,511000,0000,000,1020,0000,1510.1601.100.000.511000.0000.000.1020.0000
Marley Engineered Products,Nancie Johnson-3411,Bill,2026-02-10 00:00:00,484550,FB: PO# - 26-10586  Created for SO #244633  Site Contact: Chris M: 509.572.7087,1% 30 NET 45,46108,18,151.52,Seattle,,5012,Air Distribution,5012 · Engineered Inventory Costs,,,,,,1510,1601,100,000,511000,0000,000,1020,0000,1510.1601.100.000.511000.0000.000.1020.0000
Marley Engineered Products,Nancie Johnson-3411,Bill,2026-02-11 00:00:00,485015,FB: PO# - 26-10599  Created for SO #244669,1% 30 NET 45,46109,17,125.26,Seattle,,5012,Air Distribution,5012 · Engineered Inventory Costs,,,,,,1510,1601,100,000,511000,0000,000,1020,0000,1510.1601.100.000.511000.0000.000.1020.0000
Marley Engineered Products,Nancie Johnson-3411,Bill,2026-02-11 00:00:00,485016,FB: PO# - 26-10599  Created for SO #244669,1% 30 NET 45,46109,17,554.22,Seattle,,5012,Air Distribution,5012 · Engineered Inventory Costs,,,,,,1510,1601,100,000,511000,0000,000,1020,0000,1510.1601.100.000.511000.0000.000.1020.0000
Marley Engineered Products,Nancie Johnson-3411,Bill,2026-02-14 00:00:00,486081,FB: PO# - 26-10599  Created for SO #244669,1% 30 NET 45,46112,14,1208.04,Seattle,,5012,Air Distribution,5012 · Engineered Inventory Costs,,,,,,1510,1601,100,000,511000,0000,000,1020,0000,1510.1601.100.000.511000.0000.000.1020.0000
Marley Engineered Products,Nancie Johnson-3411,Bill,2026-02-17 00:00:00,478280 X,FB: PO# - 25-18719A  Created for SO #245648,1% 30 NET 45,46115,11,123.19,Seattle,,5012,Air Distribution,5012 · Engineered Inventory Costs,,,,,,1510,1601,100,000,511000,0000,000,1020,0000,1510.1601.100.000.511000.0000.000.1020.0000
Marley Engineered Products,Nancie Johnson-3411,Bill,2026-02-17 00:00:00,486891,FB: PO# - 26-10829  Created for SO #245096,1% 30 NET 45,46115,11,340.84,Seattle,,5012,Air Distribution,5012 · Engineered Inventory Costs,,,,,,1510,1601,100,000,511000,0000,000,1020,0000,1510.1601.100.000.511000.0000.000.1020.0000
Marley Engineered Products,Nancie Johnson-3411,Bill,2026-02-26 00:00:00,489301,FB: PO# - 26-11294  Created for SO #245863,1% 30 NET 45,46124,2,99.68,Seattle,,5012,Air Distribution,5012 · Engineered Inventory Costs,,,,,,1510,1601,100,000,511000,0000,000,1020,0000,1510.1601.100.000.511000.0000.000.1020.0000
Marley Engineered Products,Nancie Johnson-3411,Bill,2026-01-20 00:00:00,479455,FB: PO# - 26-10112  Created for SO #243850  Site Contact: Jeremy M 509-724-9090,1% 30 NET 45,46087,39,807.82,Seattle,,5012,Air Distribution,5012 · Engineered Inventory Costs,,,,,,1510,1601,100,000,511000,0000,000,1020,0000,1510.1601.100.000.511000.0000.000.1020.0000
Marley Engineered Products,Nancie Johnson-3411,Bill,2026-01-22 00:00:00,480124,"FB: PO# - 25-16286  Please mark shipment: ""Legacy PO# JM00537""  Per quote # Q-421899",1% 30 NET 45,46089,37,12844.12,Seattle,,5012,Air Distribution,5012 · Engineered Inventory Costs,,,,,,1510,1601,100,000,511000,0000,000,1020,0000,1510.1601.100.000.511000.0000.000.1020.0000
Marley Engineered Products,Nancie Johnson-3411,Bill,2026-01-28 00:00:00,481454,FB: PO# - 26-10047  Created for SO #243714  Quote # Q-442082  Site Contact: Andrea C 509-734-066...,1% 30 NET 45,46095,31,5727.38,Seattle,,5012,Air Distribution,5012 · Engineered Inventory Costs,,,,,,1510,1601,100,000,511000,0000,000,1020,0000,1510.1601.100.000.511000.0000.000.1020.0000
Marley Engineered Products,Nancie Johnson-3411,Bill,2026-01-28 00:00:00,481455,FB: PO# - 26-10268  Created for SO #244126,1% 30 NET 45,46095,31,1116.88,Seattle,,5012,Air Distribution,5012 · Engineered Inventory Costs,,,,,,1510,1601,100,000,511000,0000,000,1020,0000,1510.1601.100.000.511000.0000.000.1020.0000
Metal Form Mfg. Co,,Bill,2026-02-02 00:00:00,052357X,FB: PO# - 26-10266  Created for SO #244121,Net 30,46085,26,369,Seattle,,5012,Air Distribution,5012 · Engineered Inventory Costs,,,,,,1510,1601,100,000,511000,0000,000,1020,0000,1510.1601.100.000.511000.0000.000.1020.0000
Metalaire,,Bill,2026-01-30 00:00:00,95683254,FB: PO# - 26-10401  Created for SO #244324,Net 30,46082,29,257.1,Seattle,,5012,Air Distribution,5012 · Engineered Inventory Costs,,,,,,1510,1601,100,000,511000,0000,000,1020,0000,1510.1601.100.000.511000.0000.000.1020.0000
Metalaire,,Bill,2026-01-30 00:00:00,95683253,FB: PO# - 26-10374  Created for SO #244280  SO Note: Thomas Chapman: 206-550-2453,Net 30,46082,29,624.57,Seattle,,5012,Air Distribution,5012 · Engineered Inventory Costs,,,,,,1510,1601,100,000,511000,0000,000,1020,0000,1510.1601.100.000.511000.0000.000.1020.0000
Metalaire,,Bill,2026-02-02 00:00:00,95684581X,FB: PO# - 26-10472  Created for SO #244441  SO Note:  Jeff Twedt (206)850-4148    PO 1022319-63374,Net 60,46115,26,74.51,Seattle,,5012,Air Distribution,5012 · Engineered Inventory Costs,,,,,,1510,1601,100,000,511000,0000,000,1020,0000,1510.1601.100.000.511000.0000.000.1020.0000
Metalaire,,Bill,2026-02-02 00:00:00,95684582X,FB: PO# - 26-10331  Created for SO #244208,Net 60,46115,26,4506.96,Seattle,,5012,Air Distribution,5012 · Engineered Inventory Costs,,,,,,1510,1601,100,000,511000,0000,000,1020,0000,1510.1601.100.000.511000.0000.000.1020.0000
Metalaire,,Bill,2026-02-02 00:00:00,9568483X,FB: PO# - 26-10466  Created for SO #239094,Net 30,46085,26,236.25,Seattle,,5012,Air Distribution,5012 · Engineered Inventory Costs,,,,,,1510,1601,100,000,511000,0000,000,1020,0000,1510.1601.100.000.511000.0000.000.1020.0000
Metalaire,,Bill,2026-02-05 00:00:00,95689039,FB: PO# - 26-10077  Created for SO #243750,Net 30,46088,23,713.47,Seattle,,5012,Air Distribution,5012 · Engineered Inventory Costs,,,,,,1510,1601,100,000,511000,0000,000,1020,0000,1510.1601.100.000.511000.0000.000.1020.0000
Metalaire,,Bill,2026-02-07 00:00:00,95691704,FB: PO# - 26-10008  Created for SO #243644,Net 30,46090,21,309.6,Seattle,,5012,Air Distribution,5012 · Engineered Inventory Costs,,,,,,1510,1601,100,000,511000,0000,000,1020,0000,1510.1601.100.000.511000.0000.000.1020.0000
Metalaire,,Bill,2026-02-07 00:00:00,95691705,FB: PO# - 26-10310  Created for SO #244192,Net 30,46090,21,1184.93,Seattle,,5012,Air Distribution,5012 · Engineered Inventory Costs,,,,,,1510,1601,100,000,511000,0000,000,1020,0000,1510.1601.100.000.511000.0000.000.1020.0000
Metalaire,,Bill,2026-02-07 00:00:00,95691706,FB: PO# - 26-10558  Created for SO #243074,Net 30,46090,21,197.04,Seattle,,5012,Air Distribution,5012 · Engineered Inventory Costs,,,,,,1510,1601,100,000,511000,0000,000,1020,0000,1510.1601.100.000.511000.0000.000.1020.0000
Metalaire,,Bill,2026-02-11 00:00:00,95695093,FB: PO# - 26-10798  Created for SO #245041,Net 30,46094,17,1335.04,Seattle,,5012,Air Distribution,5012 · Engineered Inventory Costs,,,,,,1510,1601,100,000,511000,0000,000,1020,0000,1510.1601.100.000.511000.0000.000.1020.0000
Metalaire,,Bill,2026-02-11 00:00:00,95695091,FB: PO# - 26-10618  Created for SO #244500,Net 30,46094,17,542.98,Seattle,,5012,Air Distribution,5012 · Engineered Inventory Costs,,,,,,1510,1601,100,000,511000,0000,000,1020,0000,1510.1601.100.000.511000.0000.000.1020.0000
Metalaire,,Bill,2026-02-11 00:00:00,95695092,FB: PO# - 26-10596  Created for SO #244667,Net 30,46094,17,1025.13,Seattle,,5012,Air Distribution,5012 · Engineered Inventory Costs,,,,,,1510,1601,100,000,511000,0000,000,1020,0000,1510.1601.100.000.511000.0000.000.1020.0000
Metalaire,,Bill,2026-02-12 00:00:00,95696574,FB: PO# - 26-10640  Created for SO #244763,Net 30,46095,16,7197.32,Seattle,,5012,Air Distribution,5012 · Engineered Inventory Costs,,,,,,1510,1601,100,000,511000,0000,000,1020,0000,1510.1601.100.000.511000.0000.000.1020.0000
Metalaire,,Bill,2026-02-13 00:00:00,95698159,FB: PO# - 26-10774  Created for SO #239377,Net 30,46096,15,709.95,Seattle,,5012,Air Distribution,5012 · Engineered Inventory Costs,,,,,,1510,1601,100,000,511000,0000,000,1020,0000,1510.1601.100.000.511000.0000.000.1020.0000
Metalaire,,Bill,2026-02-13 00:00:00,95698160,FB: PO# - 26-10798  Created for SO #245041,Net 30,46096,15,807.83,Seattle,,5012,Air Distribution,5012 · Engineered Inventory Costs,,,,,,1510,1601,100,000,511000,0000,000,1020,0000,1510.1601.100.000.511000.0000.000.1020.0000
Metalaire,,Bill,2026-02-13 00:00:00,95698152,FB: PO# - 26-10618  Created for SO #244500,Net 30,46096,15,2903.33,Seattle,,5012,Air Distribution,5012 · Engineered Inventory Costs,,,,,,1510,1601,100,000,511000,0000,000,1020,0000,1510.1601.100.000.511000.0000.000.1020.0000
Metalaire,,Bill,2026-02-13 00:00:00,95698155,FB: PO# - 26-10776  Created for SO #245001,Net 30,46096,15,88.11,Seattle,,5012,Air Distribution,5012 · Engineered Inventory Costs,,,,,,1510,1601,100,000,511000,0000,000,1020,0000,1510.1601.100.000.511000.0000.000.1020.0000
Metalaire,,Bill,2026-02-13 00:00:00,95698153,FB: PO# - 26-10634  Created for SO #244737,Net 30,46096,15,2621.62,Seattle,,5012,Air Distribution,5012 · Engineered Inventory Costs,,,,,,1510,1601,100,000,511000,0000,000,1020,0000,1510.1601.100.000.511000.0000.000.1020.0000
Metalaire,,Bill,2026-02-13 00:00:00,95698154,FB: PO# - 26-10739  Created for SO #244922,Net 30,46096,15,155.95,Seattle,,5012,Air Distribution,5012 · Engineered Inventory Costs,,,,,,1510,1601,100,000,511000,0000,000,1020,0000,1510.1601.100.000.511000.0000.000.1020.0000
Metalaire,,Bill,2026-02-17 00:00:00,95700959,FB: PO# - 26-10835  Created for SO #245106,Net 30,46100,11,90.54,Seattle,,5012,Air Distribution,5012 · Engineered Inventory Costs,,,,,,1510,1601,100,000,511000,0000,000,1020,0000,1510.1601.100.000.511000.0000.000.1020.0000
Metalaire,,Bill,2026-02-17 00:00:00,95700961,FB: PO# - 26-10831  Created for SO #245097,Net 30,46100,11,129.92,Seattle,,5012,Air Distribution,5012 · Engineered Inventory Costs,,,,,,1510,1601,100,000,511000,0000,000,1020,0000,1510.1601.100.000.511000.0000.000.1020.0000
Metalaire,,Bill,2026-02-18 00:00:00,95702370,FB: PO# - 26-10648  Created for SO #244780,Net 30,46101,10,50,Seattle,,5012,Air Distribution,5012 · Engineered Inventory Costs,,,,,,1510,1601,100,000,511000,0000,000,1020,0000,1510.1601.100.000.511000.0000.000.1020.0000
Metalaire,,Bill,2026-02-19 00:00:00,95703963,FB: PO# - 26-10905  Created for SO #244995,Net 30,46102,9,114.8,Seattle,,5012,Air Distribution,5012 · Engineered Inventory Costs,,,,,,1510,1601,100,000,511000,0000,000,1020,0000,1510.1601.100.000.511000.0000.000.1020.0000
Metalaire,,Bill,2026-02-19 00:00:00,95703961,FB: PO# - 26-10263  Created for SO #244106.  MetalAire shipped incorrect Flange Dimension on s-2...,Net 30,46102,9,13563.06,Seattle,,5012,Air Distribution,5012 · Engineered Inventory Costs,,,,,,1510,1601,100,000,511000,0000,000,1020,0000,1510.1601.100.000.511000.0000.000.1020.0000
Metalaire,,Bill,2026-02-20 00:00:00,95705442,FB: PO# - 26-10881  Created for SO #245134,Net 30,46103,8,1144.85,Seattle,,5012,Air Distribution,5012 · Engineered Inventory Costs,,,,,,1510,1601,100,000,511000,0000,000,1020,0000,1510.1601.100.000.511000.0000.000.1020.0000
Metalaire,,Bill,2026-02-20 00:00:00,95705440,FB: PO# - 25-18842  Created for SO #243550    Cameron Chaplik  SHEET METAL GENERAL FOREMAN   // ...,Net 30,46103,8,47770.79,Seattle,,5012,Air Distribution,5012 · Engineered Inventory Costs,,,,,,1510,1601,100,000,511000,0000,000,1020,0000,1510.1601.100.000.511000.0000.000.1020.0000
Metalaire,,Bill,2026-02-20 00:00:00,95705441,FB: PO# - 26-10764  Created for SO #244984,Net 30,46103,8,3492.93,Seattle,,5012,Air Distribution,5012 · Engineered Inventory Costs,,,,,,1510,1601,100,000,511000,0000,000,1020,0000,1510.1601.100.000.511000.0000.000.1020.0000
Metalaire,,Bill,2026-02-20 00:00:00,95705444,FB: PO# - 25-18762  Created for SO #243376,Net 30,46103,8,2063,Seattle,,5012,Air Distribution,5012 · Engineered Inventory Costs,,,,,,1510,1601,100,000,511000,0000,000,1020,0000,1510.1601.100.000.511000.0000.000.1020.0000
Metalaire,,Bill,2026-02-21 00:00:00,95706455,FB: PO# - 26-10741  Created for SO #244923,Net 30,46104,7,3231.49,Seattle,,5012,Air Distribution,5012 · Engineered Inventory Costs,,,,,,1510,1601,100,000,511000,0000,000,1020,0000,1510.1601.100.000.511000.0000.000.1020.0000
Metalaire,,Bill,2026-02-21 00:00:00,95706452,FB: PO# - 26-10814  Created for SO #245075  Gabe Ramirez,Net 30,46104,7,248.87,Seattle,,5012,Air Distribution,5012 · Engineered Inventory Costs,,,,,,1510,1601,100,000,511000,0000,000,1020,0000,1510.1601.100.000.511000.0000.000.1020.0000
Metalaire,,Bill,2026-02-21 00:00:00,95706456,FB: PO# - 26-10774  Created for SO #239377,Net 30,46104,7,2058.37,Seattle,,5012,Air Distribution,5012 · Engineered Inventory Costs,,,,,,1510,1601,100,000,511000,0000,000,1020,0000,1510.1601.100.000.511000.0000.000.1020.0000
Metalaire,,Bill,2026-02-21 00:00:00,95706453,FB: PO# - 26-10909  Created for SO #245148,Net 30,46104,7,39.71,Seattle,,5012,Air Distribution,5012 · Engineered Inventory Costs,,,,,,1510,1601,100,000,511000,0000,000,1020,0000,1510.1601.100.000.511000.0000.000.1020.0000
Metalaire,,Bill,2026-02-24 00:00:00,95708231,FB: PO# - 26-10672  Created for SO #244798,Net 30,46107,4,64.48,Seattle,,5012,Air Distribution,5012 · Engineered Inventory Costs,,,,,,1510,1601,100,000,511000,0000,000,1020,0000,1510.1601.100.000.511000.0000.000.1020.0000
Metalaire,,Bill,2026-02-25 00:00:00,95709699,FB: PO# - 26-11070  Created for SO #245528,Net 30,46108,3,202.15,Seattle,,5012,Air Distribution,5012 · Engineered Inventory Costs,,,,,,1510,1601,100,000,511000,0000,000,1020,0000,1510.1601.100.000.511000.0000.000.1020.0000
Metalaire,,Bill,2026-02-26 00:00:00,95711217,FB: PO# - 26-10891  Created for SO #245228,Net 30,46109,2,3556.8,Seattle,,5012,Air Distribution,5012 · Engineered Inventory Costs,,,,,,1510,1601,100,000,511000,0000,000,1020,0000,1510.1601.100.000.511000.0000.000.1020.0000
Metalaire,,Bill,2026-02-26 00:00:00,95711216,FB: PO# - 26-10892  Created for SO #245119,Net 30,46109,2,6683.3,Seattle,,5012,Air Distribution,5012 · Engineered Inventory Costs,,,,,,1510,1601,100,000,511000,0000,000,1020,0000,1510.1601.100.000.511000.0000.000.1020.0000
Metalaire,,Bill,2026-02-26 00:00:00,95711451,FB: PO# - 26-11296  Created for SO #245886,Net 30,46109,2,558.45,Seattle,,5012,Air Distribution,5012 · Engineered Inventory Costs,,,,,,1510,1601,100,000,511000,0000,000,1020,0000,1510.1601.100.000.511000.0000.000.1020.0000
Metalaire,,Bill,2026-02-27 00:00:00,95712819,FB: PO# - 26-11031  Created for SO #245454,Net 30,46110,1,5810.77,Seattle,,5012,Air Distribution,5012 · Engineered Inventory Costs,,,,,,1510,1601,100,000,511000,0000,000,1020,0000,1510.1601.100.000.511000.0000.000.1020.0000
Metalaire,,Bill,2026-02-27 00:00:00,95712821,FB: PO# - 26-11070  Created for SO #245528,Net 30,46110,1,735.73,Seattle,,5012,Air Distribution,5012 · Engineered Inventory Costs,,,,,,1510,1601,100,000,511000,0000,000,1020,0000,1510.1601.100.000.511000.0000.000.1020.0000
Metalaire,,Bill,2026-01-08 00:00:00,95660882,FB: PO# - 25-18620  Created for SO #243080,Net 30,46060,51,2685.04,Seattle,,5012,Air Distribution,5012 · Engineered Inventory Costs,,,,,,1510,1601,100,000,511000,0000,000,1020,0000,1510.1601.100.000.511000.0000.000.1020.0000
Metalaire,,Bill,2026-01-13 00:00:00,95664780,FB: PO# - 26-10014  Created for SO #243661  SO Note: No Charge To Customer,Net 30,46065,46,117.83,Seattle,,5012,Air Distribution,5012 · Engineered Inventory Costs,,,,,,1510,1601,100,000,511000,0000,000,1020,0000,1510.1601.100.000.511000.0000.000.1020.0000
Metalaire,,Bill,2026-01-14 00:00:00,95666233,FB: PO# - 26-10018  Created for SO #243667  SO Note: Returned 12/30/2025  OG SO 243164,Net 30,46066,45,90.97,Seattle,,5012,Air Distribution,5012 · Engineered Inventory Costs,,,,,,1510,1601,100,000,511000,0000,000,1020,0000,1510.1601.100.000.511000.0000.000.1020.0000
Metalaire,,Bill,2026-01-14 00:00:00,95666232,FB: PO# - 25-18734  Created for SO #243294  Laurie Still-Papen 253-627-7543,Net 30,46066,45,55.18,Seattle,,5012,Air Distribution,5012 · Engineered Inventory Costs,,,,,,1510,1601,100,000,511000,0000,000,1020,0000,1510.1601.100.000.511000.0000.000.1020.0000
Metalaire,,Bill,2026-01-16 00:00:00,95670092,FB: PO# - 26-10118  Created for SO #243855  Gabe Ramirez  Cell: 425.770.2064,Net 30,46068,43,50,Seattle,,5012,Air Distribution,5012 · Engineered Inventory Costs,,,,,,1510,1601,100,000,511000,0000,000,1020,0000,1510.1601.100.000.511000.0000.000.1020.0000
Metalaire,,Bill,2026-01-22 00:00:00,95674704,FB: PO# - 26-10016  Created for SO #243663,Net 30,46074,37,698.05,Seattle,,5012,Air Distribution,5012 · Engineered Inventory Costs,,,,,,1510,1601,100,000,511000,0000,000,1020,0000,1510.1601.100.000.511000.0000.000.1020.0000
Metalaire,,Bill,2026-01-23 00:00:00,95676212,FB: PO# - 26-10341  Created for SO #244246,Net 30,46075,36,844.8,Seattle,,5012,Air Distribution,5012 · Engineered Inventory Costs,,,,,,1510,1601,100,000,511000,0000,000,1020,0000,1510.1601.100.000.511000.0000.000.1020.0000
Metalaire,,Bill,2026-01-23 00:00:00,95676213,FB: PO# - 25-18757  Created for SO #242964,Net 30,46075,36,1415.81,Seattle,,5012,Air Distribution,5012 · Engineered Inventory Costs,,,,,,1510,1601,100,000,511000,0000,000,1020,0000,1510.1601.100.000.511000.0000.000.1020.0000
Metalaire,,Bill,2026-01-23 00:00:00,95676210,FB: PO# - 26-10070  Created for SO #243628,Net 30,46075,36,2513.16,Seattle,,5012,Air Distribution,5012 · Engineered Inventory Costs,,,,,,1510,1601,100,000,511000,0000,000,1020,0000,1510.1601.100.000.511000.0000.000.1020.0000
Metalaire,,Bill,2026-01-24 00:00:00,956772297,FB: PO# - 26-10057  Created for SO #243712,Net 30,46076,35,375.52,Seattle,,5012,Air Distribution,5012 · Engineered Inventory Costs,,,,,,1510,1601,100,000,511000,0000,000,1020,0000,1510.1601.100.000.511000.0000.000.1020.0000
Metalaire,,Bill,2026-01-24 00:00:00,95677298,FB: PO# - 25-18757  Created for SO #242964,Net 30,46076,35,758.53,Seattle,,5012,Air Distribution,5012 · Engineered Inventory Costs,,,,,,1510,1601,100,000,511000,0000,000,1020,0000,1510.1601.100.000.511000.0000.000.1020.0000
Metalaire,,Bill,2026-01-28 00:00:00,95680247,FB: PO# - 26-10341  Created for SO #244246,Net 30,46080,31,268.59,Seattle,,5012,Air Distribution,5012 · Engineered Inventory Costs,,,,,,1510,1601,100,000,511000,0000,000,1020,0000,1510.1601.100.000.511000.0000.000.1020.0000
Modine Manufacturing Company,Cindy,Bill,2026-02-02 00:00:00,91852004X,FB: PO# - 26-10532  Created for SO #244545,Net 30,46085,26,2532.82,Seattle,,5012,Air Distribution,5012 · Engineered Inventory Costs,,,,,,1510,1601,100,000,511000,0000,000,1020,0000,1510.1601.100.000.511000.0000.000.1020.0000
Modine Manufacturing Company,Cindy,Bill,2026-02-05 00:00:00,91854332,FB: PO# - 26-11097  Created for SO #245560,Net 30,46088,23,268.88,Seattle,,5012,Air Distribution,5012 · Engineered Inventory Costs,,,,,,1510,1601,100,000,511000,0000,000,1020,0000,1510.1601.100.000.511000.0000.000.1020.0000
Modine Manufacturing Company,Cindy,Bill,2026-02-12 00:00:00,91817565 X,FB: PO# - 25-15851  Created for SO #237352,Net 30,46095,16,11766,Seattle,,5012,Air Distribution,5012 · Engineered Inventory Costs,,,,,,1510,1601,100,000,511000,0000,000,1020,0000,1510.1601.100.000.511000.0000.000.1020.0000
Modine Manufacturing Company,Cindy,Bill,2026-02-13 00:00:00,91858370,FB: PO# - 26-10251  Created for SO #244073,1.5%15N30,46096,15,3744.78,Seattle,,5012,Air Distribution,5012 · Engineered Inventory Costs,,,,,,1510,1601,100,000,511000,0000,000,1020,0000,1510.1601.100.000.511000.0000.000.1020.0000
Modine Manufacturing Company,Cindy,Bill,2026-02-13 00:00:00,91858419,FB: PO# - 26-10716  Created for SO #244891,1.5%15N30,46096,15,2737.34,Seattle,,5012,Air Distribution,5012 · Engineered Inventory Costs,,,,,,1510,1601,100,000,511000,0000,000,1020,0000,1510.1601.100.000.511000.0000.000.1020.0000
Modine Manufacturing Company,Cindy,Bill,2026-02-17 00:00:00,91859160,FB: PO# - 26-10251  Created for SO #244073,1.5%15N30,46100,11,416.72,Seattle,,5012,Air Distribution,5012 · Engineered Inventory Costs,,,,,,1510,1601,100,000,511000,0000,000,1020,0000,1510.1601.100.000.511000.0000.000.1020.0000
Modine Manufacturing Company,Cindy,Bill,2026-02-18 00:00:00,91860145,FB: PO# - 26-10421  Created for SO #244363,1.5%15N30,46101,10,158.01,Seattle,,5012,Air Distribution,5012 · Engineered Inventory Costs,,,,,,1510,1601,100,000,511000,0000,000,1020,0000,1510.1601.100.000.511000.0000.000.1020.0000
Panasonic Home & Commercial,,Bill,2026-02-01 00:00:00,9000103422,FB: PO# - 26-10277  Created for SO #244143,1% 30 NET 45,46099,27,3.5,Seattle,,5012,Air Distribution,5012 · Engineered Inventory Costs,,,,,,1510,1601,100,000,511000,0000,000,1020,0000,1510.1601.100.000.511000.0000.000.1020.0000
Panasonic Home & Commercial,,Bill,2026-02-10 00:00:00,9000111089,FB: PO# - 26-10430  Created for SO #244386,1% 30 NET 45,46108,18,27634.82,Seattle,,5012,Air Distribution,5012 · Engineered Inventory Costs,,,,,,1510,1601,100,000,511000,0000,000,1020,0000,1510.1601.100.000.511000.0000.000.1020.0000
Panasonic Home & Commercial,,Bill,2026-02-12 00:00:00,9000114358,FB: PO# - 26-10826  Created for SO #240443,1% 30 NET 45,46110,16,71.25,Seattle,,5012,Air Distribution,5012 · Engineered Inventory Costs,,,,,,1510,1601,100,000,511000,0000,000,1020,0000,1510.1601.100.000.511000.0000.000.1020.0000
Panasonic Home & Commercial,,Bill,2026-02-14 00:00:00,9000116341,FB: PO# - 26-10826  Created for SO #240443,1% 30 NET 45,46112,14,350.58,Seattle,,5012,Air Distribution,5012 · Engineered Inventory Costs,,,,,,1510,1601,100,000,511000,0000,000,1020,0000,1510.1601.100.000.511000.0000.000.1020.0000
Panasonic Home & Commercial,,Bill,2026-02-15 00:00:00,9000116730,FB: PO# - 25-18577  Created for SO #242365,1% 30 NET 45,46113,13,206.52,Seattle,,5012,Air Distribution,5012 · Engineered Inventory Costs,,,,,,1510,1601,100,000,511000,0000,000,1020,0000,1510.1601.100.000.511000.0000.000.1020.0000
Panasonic Home & Commercial,,Bill,2026-02-19 00:00:00,9000110770,FB: PO# - 26-10824  Created for SO #245080  Site Contact: Andrea C 509-734-0669  CUSTOMER CANNOT...,1% 30 NET 45,46117,9,10511.89,Seattle,,5012,Air Distribution,5012 · Engineered Inventory Costs,,,,,,1510,1601,100,000,511000,0000,000,1020,0000,1510.1601.100.000.511000.0000.000.1020.0000
Panasonic Home & Commercial,,Bill,2026-02-25 00:00:00,9000125855,FB: PO# - 26-11043  Created for SO #245477  Site Contact: Eric 509-862-8704,1% 30 NET 45,46123,3,7672.4,Seattle,,5012,Air Distribution,5012 · Engineered Inventory Costs,,,,,,1510,1601,100,000,511000,0000,000,1020,0000,1510.1601.100.000.511000.0000.000.1020.0000
Panasonic Home & Commercial,,Bill,2026-01-19 00:00:00,9000088433,FB: PO# - 25-18676  Created for SO #243208,1% 30 NET 45,46086,40,1769.46,Seattle,,5012,Air Distribution,5012 · Engineered Inventory Costs,,,,,,1510,1601,100,000,511000,0000,000,1020,0000,1510.1601.100.000.511000.0000.000.1020.0000
Panasonic Home & Commercial,,Bill,2026-01-21 00:00:00,9000090722,FB: PO# - 26-10029  Created for SO #242790  SO Note: Tax code 1800,1% 30 NET 45,46088,38,14973,Seattle,,5012,Air Distribution,5012 · Engineered Inventory Costs,,,,,,1510,1601,100,000,511000,0000,000,1020,0000,1510.1601.100.000.511000.0000.000.1020.0000
Panasonic Home & Commercial,,Bill,2026-01-21 00:00:00,9000090724,FB: PO# - 25-17787  Created for SO #241596  SO Note: 20-24-22330 / 616 Battery,1% 30 NET 45,46088,38,2190.78,Seattle,,5012,Air Distribution,5012 · Engineered Inventory Costs,,,,,,1510,1601,100,000,511000,0000,000,1020,0000,1510.1601.100.000.511000.0000.000.1020.0000
"Raymon Enterprises, Inc.",,Bill,2026-02-26 00:00:00,51831,FB: PO# - 26-11336  Created for SO #245937  SO Note: Jason Walston - 206.501.8520  Seattle House...,Net 30,46109,2,517.7,Seattle,,5012,Air Distribution,5012 · Engineered Inventory Costs,,,,,,1510,1601,100,000,511000,0000,000,1020,0000,1510.1601.100.000.511000.0000.000.1020.0000
Soler & Palau USA,,Bill,2026-02-17 00:00:00,358072,FB: PO# - 25-18185  Created for SO #242303  Project ID: 861314  Site Contact: Justin Dodd 509-58...,Net 30,46100,11,1159.84,Seattle,,5012,Air Distribution,5012 · Engineered Inventory Costs,,,,,,1510,1601,100,000,511000,0000,000,1020,0000,1510.1601.100.000.511000.0000.000.1020.0000
Soler & Palau USA,,Bill,2026-02-23 00:00:00,358318,FB: PO# - 26-10194  Created for SO #243967,Net 30,46106,5,5476.75,Seattle,,5012,Air Distribution,5012 · Engineered Inventory Costs,,,,,,1510,1601,100,000,511000,0000,000,1020,0000,1510.1601.100.000.511000.0000.000.1020.0000
Soler & Palau USA,,Bill,2026-02-23 00:00:00,358327,FB: PO# - 26-10556  Created for SO #244591  Project ID 890709  Site Contact: Jeremy M 509.724.9090,Net 30,46106,5,10570,Seattle,,5012,Air Distribution,5012 · Engineered Inventory Costs,,,,,,1510,1601,100,000,511000,0000,000,1020,0000,1510.1601.100.000.511000.0000.000.1020.0000
Soler & Palau USA,,Bill,2026-02-23 00:00:00,358323,FB: PO# - 26-10476  Created for SO #244392,Net 30,46106,5,6883,Seattle,,5012,Air Distribution,5012 · Engineered Inventory Costs,,,,,,1510,1601,100,000,511000,0000,000,1020,0000,1510.1601.100.000.511000.0000.000.1020.0000
Thermolec Ltd,,Bill,2026-02-19 00:00:00,EP69995,FB: PO# - 26-11107  Created for SO #245438,Net 30,46102,9,1828.55,Seattle,,5012,Air Distribution,5012 · Engineered Inventory Costs,,,,,,1510,1601,100,000,511000,0000,000,1020,0000,1510.1601.100.000.511000.0000.000.1020.0000
TPI Corp (Markel),,Bill,2026-02-04 00:00:00,91185199,"FB: PO# - 26-10233  Please mark shipment: ""Total PO# 23492-214075""",Net 30,46087,24,509.72,Seattle,,5012,Air Distribution,5012 · Engineered Inventory Costs,,,,,,1510,1601,100,000,511000,0000,000,1020,0000,1510.1601.100.000.511000.0000.000.1020.0000
TPI Corp (Markel),,Bill,2026-02-23 00:00:00,91188988,FB: PO# - 26-11278  Created for SO #245846,Net 30,46106,5,181.05,Seattle,,5012,Air Distribution,5012 · Engineered Inventory Costs,,,,,,1510,1601,100,000,511000,0000,000,1020,0000,1510.1601.100.000.511000.0000.000.1020.0000
University Mechanical,,Bill,2026-02-28 00:00:00,9147-BACKCHRG,,,46091,,46702,Seattle,,5012,Air Distribution,5012 · Engineered Inventory Costs,,,,,,1510,1601,100,000,511000,0000,000,1020,0000,1510.1601.100.000.511000.0000.000.1020.0000
VAW Systems LTD,,Bill,2026-02-02 00:00:00,58202X,FB: PO# - 25-18760  Created for SO #243370  Ramie Havens  C: 206.852.6021,Net 30,46085,26,10200,Seattle,,5012,Air Distribution,5012 · Engineered Inventory Costs,,,,,,1510,1601,100,000,511000,0000,000,1020,0000,1510.1601.100.000.511000.0000.000.1020.0000
VAW Systems LTD,,Bill,2026-02-02 00:00:00,58212,FB: PO# - 25-18565  Packing slip must reference customer PO# 404858    Reference quote # 2592844,Net 30,46085,26,2840,Seattle,,5012,Air Distribution,5012 · Engineered Inventory Costs,,,,,,1510,1601,100,000,511000,0000,000,1020,0000,1510.1601.100.000.511000.0000.000.1020.0000
Vents-US,,Bill,2026-02-09 00:00:00,S12016,FB: PO# - 26-10802  Created for SO #245053,Net 30,46092,19,1885.46,Seattle,,5012,Air Distribution,5012 · Engineered Inventory Costs,,,,,,1510,1601,100,000,511000,0000,000,1020,0000,1510.1601.100.000.511000.0000.000.1020.0000
Vents-US,,Bill,2026-02-09 00:00:00,S12018,FB: PO# - 26-10919  Created for SO #245267  SO Note: Vahalla Apartments  Attention Alex Crawford...,Net 30,46092,19,39.5,Seattle,,5012,Air Distribution,5012 · Engineered Inventory Costs,,,,,,1510,1601,100,000,511000,0000,000,1020,0000,1510.1601.100.000.511000.0000.000.1020.0000
Vents-US,,Bill,2025-12-15 00:00:00,S9551,FB: PO# - 25-18594  Created for SO #242950,Net 30,46036,75,61.25,Seattle,,5012,Air Distribution,5012 · Engineered Inventory Costs,,,,,,1510,1601,100,000,511000,0000,000,1020,0000,1510.1601.100.000.511000.0000.000.1020.0000
Vulnix Fire Protection,,Bill,2026-01-16 00:00:00,20260086,FB: PO# - 25-17603  Created for SO #241343,Net 30,46068,43,5600,Seattle,,5012,Air Distribution,5012 · Engineered Inventory Costs,,,,,,1510,1601,100,000,511000,0000,000,1020,0000,1510.1601.100.000.511000.0000.000.1020.0000
Vulnix Fire Protection,,Credit,2026-01-19 00:00:00,95634339CR,Incorrect Payment Credit,Immediate,,,-13562.36,Seattle,,5012,Air Distribution,5012 · Engineered Inventory Costs,,,,,,1510,1601,100,000,511000,0000,000,1020,0000,1510.1601.100.000.511000.0000.000.1020.0000
Young Regulator Company,Joyce - **see notes,Bill,2026-02-02 00:00:00,0168499-IN X,FB: PO# - 26-10402  Created for SO #244327  SO Note: Alyssa Hand - 253.888.0187  Chris Thomas - ...,Net 30,46085,26,243.09,Seattle,,5012,Air Distribution,5012 · Engineered Inventory Costs,,,,,,1510,1601,100,000,511000,0000,000,1020,0000,1510.1601.100.000.511000.0000.000.1020.0000
Young Regulator Company,Joyce - **see notes,Bill,2026-02-13 00:00:00,163557,FB: PO# - 26-11053  Created for SO #245216,Net 30,46096,15,1186.96,Seattle,,5012,Air Distribution,5012 · Engineered Inventory Costs,,,,,,1510,1601,100,000,511000,0000,000,1020,0000,1510.1601.100.000.511000.0000.000.1020.0000
Young Regulator Company,Joyce - **see notes,Bill,2026-02-19 00:00:00,0168822-IN,FB: PO# - 26-10301A  Created for SO #245811,Net 30,46102,9,75,Seattle,,5012,Air Distribution,5012 · Engineered Inventory Costs,,,,,,1510,1601,100,000,511000,0000,000,1020,0000,1510.1601.100.000.511000.0000.000.1020.0000
Young Regulator Company,Joyce - **see notes,Bill,2026-02-26 00:00:00,0168950-IN,FB: PO# - 26-10957  Created for SO #245317  SO Note: Alyssa Hand - 253.888.0187  Chris Thomas - ...,Net 30,46109,2,1390.47,Seattle,,5012,Air Distribution,5012 · Engineered Inventory Costs,,,,,,1510,1601,100,000,511000,0000,000,1020,0000,1510.1601.100.000.511000.0000.000.1020.0000
360 Sheet Metal LLC,,Bill,2026-02-11 00:00:00,36426,FB: PO# - 26-10516  Created for SO #244525  Site Contact: Jeremy M 509.724.9090,Net 30,46094,17,682,Spokane,,5012,Air Distribution,5012 · Engineered Inventory Costs,,,,,,1510,1602,100,000,511000,0000,000,1020,0000,1510.1602.100.000.511000.0000.000.1020.0000
Airius LLC,,Bill,2026-02-05 00:00:00,24409,FB: PO# - 26-10784  Created for SO #245021  Proposal Q-29858-3  Site Contact: Andrea C 509-734-0669,Net 30,46088,23,8885,Spokane,,5012,Air Distribution,5012 · Engineered Inventory Costs,,,,,,1510,1602,100,000,511000,0000,000,1020,0000,1510.1602.100.000.511000.0000.000.1020.0000
American Aldes,,Bill,2026-02-23 00:00:00,449624,FB: PO# - 26-11251  Created for SO #245799,Net 30,46106,5,1767.39,Spokane,,5012,Air Distribution,5012 · Engineered Inventory Costs,,,,,,1510,1602,100,000,511000,0000,000,1020,0000,1510.1602.100.000.511000.0000.000.1020.0000
"Car-Mon Products, Inc",,Bill,2026-02-03 00:00:00,00015279; 00015294,"FB: PO# - 25-16999  Per Quote # dor082925  Please mark shipment: ""Mike's PO# 182236274-005""",Net 30,46086,25,14500,Spokane,,5012,Air Distribution,5012 · Engineered Inventory Costs,,,,,,1510,1602,100,000,511000,0000,000,1020,0000,1510.1602.100.000.511000.0000.000.1020.0000
Critical Environment Technologies Canada,,Bill,2026-02-05 00:00:00,INV201223,FB: PO# - 26-10705  Created for SO #244874  Quote # QTE202183 REV.1  Site Contact: Isaiah N 509....,Net 30,46088,23,2534.5,Spokane,,5012,Air Distribution,5012 · Engineered Inventory Costs,,,,,,1510,1602,100,000,511000,0000,000,1020,0000,1510.1602.100.000.511000.0000.000.1020.0000
Critical Environment Technologies Canada,,Bill,2026-02-26 00:00:00,INV201455,FB: PO# - 25-14517  Created for SO #235840,Net 30,46109,2,5858.5,Spokane,,5012,Air Distribution,5012 · Engineered Inventory Costs,,,,,,1510,1602,100,000,511000,0000,000,1020,0000,1510.1602.100.000.511000.0000.000.1020.0000
Detroit Radiant Products Company,,Bill,2026-02-05 00:00:00,0465743-IN,FB: PO# - 26-10172  Created for SO #243930  Site Contact: Rick S. 208-916-7112,Net 30,46088,23,1452.13,Spokane,,5012,Air Distribution,5012 · Engineered Inventory Costs,,,,,,1510,1602,100,000,511000,0000,000,1020,0000,1510.1602.100.000.511000.0000.000.1020.0000
Detroit Radiant Products Company,,Bill,2026-02-18 00:00:00,0466401-IN,FB: PO# - 26-10435  Created for SO #244350,Net 30,46101,10,677.87,Spokane,,5012,Air Distribution,5012 · Engineered Inventory Costs,,,,,,1510,1602,100,000,511000,0000,000,1020,0000,1510.1602.100.000.511000.0000.000.1020.0000
Detroit Radiant Products Company,,Bill,2026-02-19 00:00:00,0466466-IN,FB: PO# - 26-11151  Created for SO #245634  SO Note: Steve Johnson   718-1482279A,Net 30,46102,9,218.15,Spokane,,5012,Air Distribution,5012 · Engineered Inventory Costs,,,,,,1510,1602,100,000,511000,0000,000,1020,0000,1510.1602.100.000.511000.0000.000.1020.0000
Detroit Radiant Products Company,,Bill,2026-02-25 00:00:00,0466707-IN,FB: PO# - 26-11308  Created for SO #245911  SO Note: UPS - # 1z4566610370856709 ETA at PSF shop ...,Net 30,46108,3,243.85,Spokane,,5012,Air Distribution,5012 · Engineered Inventory Costs,,,,,,1510,1602,100,000,511000,0000,000,1020,0000,1510.1602.100.000.511000.0000.000.1020.0000
Ecco Manufacturing-WA,,Bill,2026-02-18 00:00:00,74778,FB: PO# - 25-16283  PACKING SLIP MUST REFERENCE CUSTOMER PO# 103421    SO Note: Mt. Baker Power ...,2% 15 Net 30,46101,10,1270,Spokane,,5012,Air Distribution,5012 · Engineered Inventory Costs,,,,,,1510,1602,100,000,511000,0000,000,1020,0000,1510.1602.100.000.511000.0000.000.1020.0000
"EP Custom Products, Inc",,Bill,2026-02-09 00:00:00,8560,FB: PO# - 26-10427  Created for SO #244374  Quote 1482  Site Contact: Shawn O 509.325.4505,Net 30,46092,19,6222.42,Spokane,,5012,Air Distribution,5012 · Engineered Inventory Costs,,,,,,1510,1602,100,000,511000,0000,000,1020,0000,1510.1602.100.000.511000.0000.000.1020.0000
Friedrich Air Conditioning Inc,,Bill,2026-02-03 00:00:00,32103944,FB: PO# - 26-10061  Created for SO #243747,Net 30,46086,25,576,Spokane,,5012,Air Distribution,5012 · Engineered Inventory Costs,,,,,,1510,1602,100,000,511000,0000,000,1020,0000,1510.1602.100.000.511000.0000.000.1020.0000
Friedrich Air Conditioning Inc,,Bill,2026-02-04 00:00:00,32105862,FB: PO# - 26-10061  Created for SO #243747,Net 30,46087,24,942,Spokane,,5012,Air Distribution,5012 · Engineered Inventory Costs,,,,,,1510,1602,100,000,511000,0000,000,1020,0000,1510.1602.100.000.511000.0000.000.1020.0000
Friedrich Air Conditioning Inc,,Bill,2026-02-05 00:00:00,32106019,"FB: PO# - 26-10562  Please mark shipment: ""Tulip Buildings Project""  Per quote 72518",Net 30,46088,23,3097.32,Spokane,,5012,Air Distribution,5012 · Engineered Inventory Costs,,,,,,1510,1602,100,000,511000,0000,000,1020,0000,1510.1602.100.000.511000.0000.000.1020.0000
Friedrich Air Conditioning Inc,,Bill,2026-02-11 00:00:00,32114577,FB: PO# - 26-10924  Created for SO #245271  Quote Number: 73294  Site Contact: Joel Carson 509-4...,Net 30,46094,17,1170,Spokane,,5012,Air Distribution,5012 · Engineered Inventory Costs,,,,,,1510,1602,100,000,511000,0000,000,1020,0000,1510.1602.100.000.511000.0000.000.1020.0000
Friedrich Air Conditioning Inc,,Bill,2026-02-12 00:00:00,22545674,FB: PO# - 26-10924  Created for SO #245271  Quote Number: 73294  Site Contact: Joel Carson 509-4...,Net 30,46095,16,23331,Spokane,,5012,Air Distribution,5012 · Engineered Inventory Costs,,,,,,1510,1602,100,000,511000,0000,000,1020,0000,1510.1602.100.000.511000.0000.000.1020.0000
Friedrich Air Conditioning Inc,,Bill,2026-02-23 00:00:00,32123952,"FB: PO# - 26-10562  Please mark shipment: ""Tulip Buildings Project""  Per quote 72518",Net 30,46106,5,1997.04,Spokane,,5012,Air Distribution,5012 · Engineered Inventory Costs,,,,,,1510,1602,100,000,511000,0000,000,1020,0000,1510.1602.100.000.511000.0000.000.1020.0000
"GE Appliances, a Haier Company",,Bill,2026-02-03 00:00:00,182448069X,FB: PO# - 26-10123  Created for SO #243866,Net 30,46086,25,10568.69,Spokane,,5012,Air Distribution,5012 · Engineered Inventory Costs,,,,,,1510,1602,100,000,511000,0000,000,1020,0000,1510.1602.100.000.511000.0000.000.1020.0000
"GE Appliances, a Haier Company",,Bill,2026-02-05 00:00:00,182644504,FB: PO# - 26-10123  Created for SO #243866,Net 30,46088,23,1256,Spokane,,5012,Air Distribution,5012 · Engineered Inventory Costs,,,,,,1510,1602,100,000,511000,0000,000,1020,0000,1510.1602.100.000.511000.0000.000.1020.0000
Grainger (ACH),,Bill,2026-02-26 00:00:00,810307330,FB: PO# - 26-10149  Created for SO #243889,Net 30,46109,2,2087.17,Spokane,,5012,Air Distribution,5012 · Engineered Inventory Costs,,,,,,1510,1602,100,000,511000,0000,000,1020,0000,1510.1602.100.000.511000.0000.000.1020.0000
Greenheck Fan Corporation (v),,Bill,2026-01-29 00:00:00,95681806,FB: PO# - 26-10331  Created for SO #244208,Net 60,46081,30,1474.13,Spokane,,5012,Air Distribution,5012 · Engineered Inventory Costs,,,,,,1510,1602,100,000,511000,0000,000,1020,0000,1510.1602.100.000.511000.0000.000.1020.0000
Greenheck Fan Corporation (v),,Bill,2026-01-29 00:00:00,95681805,FB: PO# - 26-10302  Created for SO #244186,Net 60,46081,30,2426.39,Spokane,,5012,Air Distribution,5012 · Engineered Inventory Costs,,,,,,1510,1602,100,000,511000,0000,000,1020,0000,1510.1602.100.000.511000.0000.000.1020.0000
Greenheck Fan Corporation (v),,Bill,2026-01-29 00:00:00,95682309,FB: PO# - 26-10152  Created for SO #243890,Net 60,46081,30,465.3,Spokane,,5012,Air Distribution,5012 · Engineered Inventory Costs,,,,,,1510,1602,100,000,511000,0000,000,1020,0000,1510.1602.100.000.511000.0000.000.1020.0000
Greenheck Fan Corporation (v),,Bill,2026-01-29 00:00:00,95682310,FB: PO# - 26-10282  Created for SO #244146,Net 60,46081,30,345.51,Spokane,,5012,Air Distribution,5012 · Engineered Inventory Costs,,,,,,1510,1602,100,000,511000,0000,000,1020,0000,1510.1602.100.000.511000.0000.000.1020.0000
Greenheck Fan Corporation (v),,Bill,2026-01-29 00:00:00,95682.58,FB: PO# - 26-10440  Created for SO #244329,Net 60,46081,30,786.03,Spokane,,5012,Air Distribution,5012 · Engineered Inventory Costs,,,,,,1510,1602,100,000,511000,0000,000,1020,0000,1510.1602.100.000.511000.0000.000.1020.0000
Greenheck Fan Corporation (v),,Bill,2026-01-29 00:00:00,95682328,FB: PO# - 26-10653  Created for SO #242736,Net 60,46081,30,171.61,Spokane,,5012,Air Distribution,5012 · Engineered Inventory Costs,,,,,,1510,1602,100,000,511000,0000,000,1020,0000,1510.1602.100.000.511000.0000.000.1020.0000
Greenheck Fan Corporation (v),,Bill,2026-01-29 00:00:00,95681653,FB: PO# - 25-18648  Created for SO #243151,Net 60,46081,30,3400.46,Spokane,,5012,Air Distribution,5012 · Engineered Inventory Costs,,,,,,1510,1602,100,000,511000,0000,000,1020,0000,1510.1602.100.000.511000.0000.000.1020.0000
Greenheck Fan Corporation (v),,Bill,2026-01-29 00:00:00,95681890,FB: PO# - 25-18447  Created for SO #242759,Net 60,46081,30,2770.78,Spokane,,5012,Air Distribution,5012 · Engineered Inventory Costs,,,,,,1510,1602,100,000,511000,0000,000,1020,0000,1510.1602.100.000.511000.0000.000.1020.0000
Greenheck Fan Corporation (v),,Bill,2026-02-02 00:00:00,96682665X,FB: PO# - 26-10604  Created for SO #244684,Net 60,46085,26,2738.63,Spokane,,5012,Air Distribution,5012 · Engineered Inventory Costs,,,,,,1510,1602,100,000,511000,0000,000,1020,0000,1510.1602.100.000.511000.0000.000.1020.0000
Greenheck Fan Corporation (v),,Bill,2026-02-02 00:00:00,95683593X,FB: PO# - 26-10686  Created for SO #244842  SO Note: Mac (949)239-9320   Pacific Sky Recovery,Net 60,46085,26,240.98,Spokane,,5012,Air Distribution,5012 · Engineered Inventory Costs,,,,,,1510,1602,100,000,511000,0000,000,1020,0000,1510.1602.100.000.511000.0000.000.1020.0000
Greenheck Fan Corporation (v),,Bill,2026-02-02 00:00:00,95683547X,FB: PO# - 26-10074  Created for SO #243773,Net 60,46085,26,3710.59,Spokane,,5012,Air Distribution,5012 · Engineered Inventory Costs,,,,,,1510,1602,100,000,511000,0000,000,1020,0000,1510.1602.100.000.511000.0000.000.1020.0000
Greenheck Fan Corporation (v),,Bill,2026-02-02 00:00:00,95683625X,FB: PO# - 25-18681  Created for SO #243220,Net 60,46085,26,2568.17,Spokane,,5012,Air Distribution,5012 · Engineered Inventory Costs,,,,,,1510,1602,100,000,511000,0000,000,1020,0000,1510.1602.100.000.511000.0000.000.1020.0000
Greenheck Fan Corporation (v),,Bill,2026-02-02 00:00:00,95683911X,FB: PO# - 26-10436  Created for SO #244391,Net 60,46085,26,1963.91,Spokane,,5012,Air Distribution,5012 · Engineered Inventory Costs,,,,,,1510,1602,100,000,511000,0000,000,1020,0000,1510.1602.100.000.511000.0000.000.1020.0000
Greenheck Fan Corporation (v),,Bill,2026-02-02 00:00:00,95683929X,FB: PO# - 25-18702  Created for SO #243253,Net 60,46085,26,697.26,Spokane,,5012,Air Distribution,5012 · Engineered Inventory Costs,,,,,,1510,1602,100,000,511000,0000,000,1020,0000,1510.1602.100.000.511000.0000.000.1020.0000
Greenheck Fan Corporation (v),,Bill,2026-02-02 00:00:00,95684023X,FB: PO# - 26-10594  Created for SO #244660,Net 60,46085,26,594.18,Spokane,,5012,Air Distribution,5012 · Engineered Inventory Costs,,,,,,1510,1602,100,000,511000,0000,000,1020,0000,1510.1602.100.000.511000.0000.000.1020.0000
Greenheck Fan Corporation (v),,Bill,2026-02-02 00:00:00,95685329,FB: PO# - 26-10722  Created for SO #244904  SO Note: RON WAGNER  (253) 838-9780   PO# 55879 - 43...,Net 60,46085,26,196.11,Spokane,,5012,Air Distribution,5012 · Engineered Inventory Costs,,,,,,1510,1602,100,000,511000,0000,000,1020,0000,1510.1602.100.000.511000.0000.000.1020.0000
Greenheck Fan Corporation (v),,Bill,2026-02-02 00:00:00,95685448,FB: PO# - 26-10734  Created for SO #244918  SO Note: Glen Nelson  PO OR8235520,Net 60,46085,26,78.68,Spokane,,5012,Air Distribution,5012 · Engineered Inventory Costs,,,,,,1510,1602,100,000,511000,0000,000,1020,0000,1510.1602.100.000.511000.0000.000.1020.0000
Greenheck Fan Corporation (v),,Bill,2026-02-02 00:00:00,95685688,FB: PO# - 26-10422  Created for SO #244370,Net 60,46085,26,3317.34,Spokane,,5012,Air Distribution,5012 · Engineered Inventory Costs,,,,,,1510,1602,100,000,511000,0000,000,1020,0000,1510.1602.100.000.511000.0000.000.1020.0000
Greenheck Fan Corporation (v),,Bill,2026-02-02 00:00:00,95685689,FB: PO# - 26-10658  Created for SO #244727  SO Note: Corry 206-423-0653  Lake City,Net 60,46085,26,3310.35,Spokane,,5012,Air Distribution,5012 · Engineered Inventory Costs,,,,,,1510,1602,100,000,511000,0000,000,1020,0000,1510.1602.100.000.511000.0000.000.1020.0000
Greenheck Fan Corporation (v),,Bill,2026-02-02 00:00:00,95684933,FB: PO# - 26-10121  Created for SO #242642,Net 60,46085,26,10218.47,Spokane,,5012,Air Distribution,5012 · Engineered Inventory Costs,,,,,,1510,1602,100,000,511000,0000,000,1020,0000,1510.1602.100.000.511000.0000.000.1020.0000
Greenheck Fan Corporation (v),,Bill,2026-02-02 00:00:00,95685691,FB: PO# - 26-10682  Created for SO #244712,Net 60,46085,26,2734.48,Spokane,,5012,Air Distribution,5012 · Engineered Inventory Costs,,,,,,1510,1602,100,000,511000,0000,000,1020,0000,1510.1602.100.000.511000.0000.000.1020.0000
Greenheck Fan Corporation (v),,Bill,2026-02-02 00:00:00,95685944_1,FB: PO# - 25-18694B  Created for SO #243240,Net 60,46085,26,1949.88,Spokane,,5012,Air Distribution,5012 · Engineered Inventory Costs,,,,,,1510,1602,100,000,511000,0000,000,1020,0000,1510.1602.100.000.511000.0000.000.1020.0000
Greenheck Fan Corporation (v),,Bill,2026-02-03 00:00:00,95686823,FB: PO# - 26-10359  Created for SO #244236,Net 60,46086,25,554.85,Spokane,,5012,Air Distribution,5012 · Engineered Inventory Costs,,,,,,1510,1602,100,000,511000,0000,000,1020,0000,1510.1602.100.000.511000.0000.000.1020.0000
Greenheck Fan Corporation (v),,Bill,2026-02-03 00:00:00,95686941,FB: PO# - 26-10748  Created for SO #244949,Net 60,46086,25,2581.75,Spokane,,5012,Air Distribution,5012 · Engineered Inventory Costs,,,,,,1510,1602,100,000,511000,0000,000,1020,0000,1510.1602.100.000.511000.0000.000.1020.0000
Greenheck Fan Corporation (v),,Bill,2026-02-03 00:00:00,95686824,FB: PO# - 26-10715  Created for SO #244895  SO Note: Micheal Hebert: 425-761-3209    No charge. ...,Net 60,46086,25,946.86,Spokane,,5012,Air Distribution,5012 · Engineered Inventory Costs,,,,,,1510,1602,100,000,511000,0000,000,1020,0000,1510.1602.100.000.511000.0000.000.1020.0000
Greenheck Fan Corporation (v),,Bill,2026-02-03 00:00:00,95686644,FB: PO# - 26-10750  Created for SO #244954  SO Note: Cassie Stayton 360-878-2278  TF-4.1 Motor R...,Net 60,46086,25,399.76,Spokane,,5012,Air Distribution,5012 · Engineered Inventory Costs,,,,,,1510,1602,100,000,511000,0000,000,1020,0000,1510.1602.100.000.511000.0000.000.1020.0000
Greenheck Fan Corporation (v),,Bill,2026-02-03 00:00:00,95686645,FB: PO# - 26-10756  Created for SO #244971  TAG:   ATTN FM-667-30311  Kate Gibson,Net 60,46086,25,555.56,Spokane,,5012,Air Distribution,5012 · Engineered Inventory Costs,,,,,,1510,1602,100,000,511000,0000,000,1020,0000,1510.1602.100.000.511000.0000.000.1020.0000
Greenheck Fan Corporation (v),,Bill,2026-02-03 00:00:00,95686409,FB: PO# - 26-10677  Created for SO #244648,Net 60,46086,25,246.49,Spokane,,5012,Air Distribution,5012 · Engineered Inventory Costs,,,,,,1510,1602,100,000,511000,0000,000,1020,0000,1510.1602.100.000.511000.0000.000.1020.0000
Greenheck Fan Corporation (v),,Bill,2026-02-03 00:00:00,95686284,FB: PO# - 26-10180  Created for SO #243946,Net 60,46086,25,1743.03,Spokane,,5012,Air Distribution,5012 · Engineered Inventory Costs,,,,,,1510,1602,100,000,511000,0000,000,1020,0000,1510.1602.100.000.511000.0000.000.1020.0000
Greenheck Fan Corporation (v),,Bill,2026-02-03 00:00:00,95685769,FB: PO# - 26-10743  Created for SO #244846  SO Note: Attn: Jason Chase    Job # 60940742,Net 60,46086,25,155.54,Spokane,,5012,Air Distribution,5012 · Engineered Inventory Costs,,,,,,1510,1602,100,000,511000,0000,000,1020,0000,1510.1602.100.000.511000.0000.000.1020.0000
Greenheck Fan Corporation (v),,Bill,2026-02-03 00:00:00,95686332,FB: PO# - 26-10584  Created for SO #244629,Net 60,46086,25,868.82,Spokane,,5012,Air Distribution,5012 · Engineered Inventory Costs,,,,,,1510,1602,100,000,511000,0000,000,1020,0000,1510.1602.100.000.511000.0000.000.1020.0000
Greenheck Fan Corporation (v),,Bill,2026-02-03 00:00:00,95687059,FB: PO# - 26-10527  Created for SO #244541,Net 60,46086,25,1886.39,Spokane,,5012,Air Distribution,5012 · Engineered Inventory Costs,,,,,,1510,1602,100,000,511000,0000,000,1020,0000,1510.1602.100.000.511000.0000.000.1020.0000
Greenheck Fan Corporation (v),,Bill,2026-02-03 00:00:00,95687296,FB: PO# - 26-10781  Created for SO #245015,Net 60,46086,25,93.44,Spokane,,5012,Air Distribution,5012 · Engineered Inventory Costs,,,,,,1510,1602,100,000,511000,0000,000,1020,0000,1510.1602.100.000.511000.0000.000.1020.0000
Greenheck Fan Corporation (v),,Bill,2026-02-03 00:00:00,95687295,FB: PO# - 26-10282  Created for SO #244146,Net 60,46086,25,1472.77,Spokane,,5012,Air Distribution,5012 · Engineered Inventory Costs,,,,,,1510,1602,100,000,511000,0000,000,1020,0000,1510.1602.100.000.511000.0000.000.1020.0000
Greenheck Fan Corporation (v),,Bill,2026-02-03 00:00:00,95687416,FB: PO# - 26-10294  Created for SO #244175,Net 60,46086,25,942.96,Spokane,,5012,Air Distribution,5012 · Engineered Inventory Costs,,,,,,1510,1602,100,000,511000,0000,000,1020,0000,1510.1602.100.000.511000.0000.000.1020.0000
Greenheck Fan Corporation (v),,Bill,2026-02-03 00:00:00,95687343,FB: PO# - 26-10792  Created for SO #245029  SO Note: Joshua Timmen - 2065142716  PO# 691371  Job...,Net 60,46086,25,454.3,Spokane,,5012,Air Distribution,5012 · Engineered Inventory Costs,,,,,,1510,1602,100,000,511000,0000,000,1020,0000,1510.1602.100.000.511000.0000.000.1020.0000
Greenheck Fan Corporation (v),,Bill,2026-02-04 00:00:00,95687806,FB: PO# - 26-10592  Created for SO #244657  Cameron Foreman  Assistant Project Manager  Emerald ...,Net 60,46087,24,1405.68,Spokane,,5012,Air Distribution,5012 · Engineered Inventory Costs,,,,,,1510,1602,100,000,511000,0000,000,1020,0000,1510.1602.100.000.511000.0000.000.1020.0000
Greenheck Fan Corporation (v),,Bill,2026-02-04 00:00:00,95687982,FB: PO# - 26-10631  Created for SO #244742  SO Note: Tonya Kinzler  World mark discovery  PO# is...,Net 60,46087,24,644.26,Spokane,,5012,Air Distribution,5012 · Engineered Inventory Costs,,,,,,1510,1602,100,000,511000,0000,000,1020,0000,1510.1602.100.000.511000.0000.000.1020.0000
Greenheck Fan Corporation (v),,Bill,2026-02-04 00:00:00,95688537,FB: PO# - 26-10684  Created for SO #244840,Net 60,46087,24,905.8,Spokane,,5012,Air Distribution,5012 · Engineered Inventory Costs,,,,,,1510,1602,100,000,511000,0000,000,1020,0000,1510.1602.100.000.511000.0000.000.1020.0000
Greenheck Fan Corporation (v),,Bill,2026-02-05 00:00:00,95688949,FB: PO# - 26-10025  Created for SO #243680  SO Note: PO 10565,Net 60,46088,23,351.12,Spokane,,5012,Air Distribution,5012 · Engineered Inventory Costs,,,,,,1510,1602,100,000,511000,0000,000,1020,0000,1510.1602.100.000.511000.0000.000.1020.0000
Greenheck Fan Corporation (v),,Bill,2026-02-05 00:00:00,95689320,FB: PO# - 26-10833  Created for SO #245098,Net 60,46088,23,152.92,Spokane,,5012,Air Distribution,5012 · Engineered Inventory Costs,,,,,,1510,1602,100,000,511000,0000,000,1020,0000,1510.1602.100.000.511000.0000.000.1020.0000
Greenheck Fan Corporation (v),,Bill,2026-02-05 00:00:00,95689670,FB: PO# - 26-10800  Created for SO #245051,Net 60,46088,23,871.85,Spokane,,5012,Air Distribution,5012 · Engineered Inventory Costs,,,,,,1510,1602,100,000,511000,0000,000,1020,0000,1510.1602.100.000.511000.0000.000.1020.0000
Greenheck Fan Corporation (v),,Bill,2026-02-05 00:00:00,95689749,FB: PO# - 26-10247  Created for SO #244063,Net 60,46088,23,1546.34,Spokane,,5012,Air Distribution,5012 · Engineered Inventory Costs,,,,,,1510,1602,100,000,511000,0000,000,1020,0000,1510.1602.100.000.511000.0000.000.1020.0000
Greenheck Fan Corporation (v),,Bill,2026-02-05 00:00:00,95689888,FB: PO# - 26-10345  Created for SO #244248,Net 60,46088,23,1718.75,Spokane,,5012,Air Distribution,5012 · Engineered Inventory Costs,,,,,,1510,1602,100,000,511000,0000,000,1020,0000,1510.1602.100.000.511000.0000.000.1020.0000
Greenheck Fan Corporation (v),,Bill,2026-02-05 00:00:00,95689972,FB: PO# - 26-10796  Created for SO #244833,Net 60,46088,23,278.81,Spokane,,5012,Air Distribution,5012 · Engineered Inventory Costs,,,,,,1510,1602,100,000,511000,0000,000,1020,0000,1510.1602.100.000.511000.0000.000.1020.0000
Greenheck Fan Corporation (v),,Bill,2026-02-06 00:00:00,95690973,FB: PO# - 26-10869  Created for SO #245183  SO Note: Jason Hoover   po 2603083287,Net 60,46089,22,24.66,Spokane,,5012,Air Distribution,5012 · Engineered Inventory Costs,,,,,,1510,1602,100,000,511000,0000,000,1020,0000,1510.1602.100.000.511000.0000.000.1020.0000
Greenheck Fan Corporation (v),,Bill,2026-02-06 00:00:00,95690880,FB: PO# - 26-10606  Created for SO #244687,Net 60,46089,22,482.12,Spokane,,5012,Air Distribution,5012 · Engineered Inventory Costs,,,,,,1510,1602,100,000,511000,0000,000,1020,0000,1510.1602.100.000.511000.0000.000.1020.0000
Greenheck Fan Corporation (v),,Bill,2026-02-06 00:00:00,95691018,"FB: PO# - 26-10028  Created for SO #243685  Ramie Havens, Purchasing Manager  Holaday-Parks, Inc...",Net 60,46089,22,2745.72,Spokane,,5012,Air Distribution,5012 · Engineered Inventory Costs,,,,,,1510,1602,100,000,511000,0000,000,1020,0000,1510.1602.100.000.511000.0000.000.1020.0000
Greenheck Fan Corporation (v),,Bill,2026-02-06 00:00:00,95691065,FB: PO# - 26-10661  Created for SO #244809,Net 60,46089,22,425.75,Spokane,,5012,Air Distribution,5012 · Engineered Inventory Costs,,,,,,1510,1602,100,000,511000,0000,000,1020,0000,1510.1602.100.000.511000.0000.000.1020.0000
Greenheck Fan Corporation (v),,Bill,2026-02-06 00:00:00,95691111,FB: PO# - 26-10632  Created for SO #244746,Net 60,46089,22,1062.41,Spokane,,5012,Air Distribution,5012 · Engineered Inventory Costs,,,,,,1510,1602,100,000,511000,0000,000,1020,0000,1510.1602.100.000.511000.0000.000.1020.0000
Greenheck Fan Corporation (v),,Bill,2026-02-08 00:00:00,95691812,FB: PO# - 26-10291  Created for SO #244153,Net 60,46091,20,455.11,Spokane,,5012,Air Distribution,5012 · Engineered Inventory Costs,,,,,,1510,1602,100,000,511000,0000,000,1020,0000,1510.1602.100.000.511000.0000.000.1020.0000
Greenheck Fan Corporation (v),,Bill,2026-02-09 00:00:00,95691918,FB: PO# - 26-10617  Created for SO #244700,Net 60,46092,19,489.52,Spokane,,5012,Air Distribution,5012 · Engineered Inventory Costs,,,,,,1510,1602,100,000,511000,0000,000,1020,0000,1510.1602.100.000.511000.0000.000.1020.0000
Greenheck Fan Corporation (v),,Bill,2026-02-09 00:00:00,95691917,FB: PO# - 26-10442  Created for SO #244398,Net 60,46092,19,6097.28,Spokane,,5012,Air Distribution,5012 · Engineered Inventory Costs,,,,,,1510,1602,100,000,511000,0000,000,1020,0000,1510.1602.100.000.511000.0000.000.1020.0000
Greenheck Fan Corporation (v),,Bill,2026-02-09 00:00:00,95692117,FB: PO# - 26-10809  Created for SO #245064,Net 60,46092,19,73.97,Spokane,,5012,Air Distribution,5012 · Engineered Inventory Costs,,,,,,1510,1602,100,000,511000,0000,000,1020,0000,1510.1602.100.000.511000.0000.000.1020.0000
Greenheck Fan Corporation (v),,Bill,2026-02-09 00:00:00,95692198,FB: PO# - 26-10394  Created for SO #244317,Net 60,46092,19,503.4,Spokane,,5012,Air Distribution,5012 · Engineered Inventory Costs,,,,,,1510,1602,100,000,511000,0000,000,1020,0000,1510.1602.100.000.511000.0000.000.1020.0000
Greenheck Fan Corporation (v),,Bill,2026-02-09 00:00:00,95692672,FB: PO# - 26-10896  Created for SO #245244,Net 60,46092,19,77.68,Spokane,,5012,Air Distribution,5012 · Engineered Inventory Costs,,,,,,1510,1602,100,000,511000,0000,000,1020,0000,1510.1602.100.000.511000.0000.000.1020.0000
Greenheck Fan Corporation (v),,Bill,2026-02-09 00:00:00,95692567,FB: PO# - 26-10861  Created for SO #245163,Net 60,46092,19,1405.08,Spokane,,5012,Air Distribution,5012 · Engineered Inventory Costs,,,,,,1510,1602,100,000,511000,0000,000,1020,0000,1510.1602.100.000.511000.0000.000.1020.0000
Greenheck Fan Corporation (v),,Bill,2026-02-09 00:00:00,95692698,FB: PO# - 26-10893  Created for SO #245034,Net 60,46092,19,293.85,Spokane,,5012,Air Distribution,5012 · Engineered Inventory Costs,,,,,,1510,1602,100,000,511000,0000,000,1020,0000,1510.1602.100.000.511000.0000.000.1020.0000
Greenheck Fan Corporation (v),,Bill,2026-02-09 00:00:00,95692523,FB: PO# - 26-10695  Created for SO #244852,Net 60,46092,19,740.91,Spokane,,5012,Air Distribution,5012 · Engineered Inventory Costs,,,,,,1510,1602,100,000,511000,0000,000,1020,0000,1510.1602.100.000.511000.0000.000.1020.0000
Greenheck Fan Corporation (v),,Bill,2026-02-09 00:00:00,95692870,FB: PO# - 26-10549  Created for SO #244577,Net 60,46092,19,399.37,Spokane,,5012,Air Distribution,5012 · Engineered Inventory Costs,,,,,,1510,1602,100,000,511000,0000,000,1020,0000,1510.1602.100.000.511000.0000.000.1020.0000
Greenheck Fan Corporation (v),,Bill,2026-02-09 00:00:00,95692827,FB: PO# - 26-10691  Created for SO #244778,Net 60,46092,19,1635.07,Spokane,,5012,Air Distribution,5012 · Engineered Inventory Costs,,,,,,1510,1602,100,000,511000,0000,000,1020,0000,1510.1602.100.000.511000.0000.000.1020.0000
Greenheck Fan Corporation (v),,Bill,2026-02-09 00:00:00,95692933,FB: PO# - 26-10671  Created for SO #244829,Net 60,46092,19,183.44,Spokane,,5012,Air Distribution,5012 · Engineered Inventory Costs,,,,,,1510,1602,100,000,511000,0000,000,1020,0000,1510.1602.100.000.511000.0000.000.1020.0000
Greenheck Fan Corporation (v),,Bill,2026-02-09 00:00:00,95693161,FB: PO# - 26-10934  Created for SO #245283  SO Note: Justin Twedt 2532908235  PO000013174,Net 60,46092,19,634.12,Spokane,,5012,Air Distribution,5012 · Engineered Inventory Costs,,,,,,1510,1602,100,000,511000,0000,000,1020,0000,1510.1602.100.000.511000.0000.000.1020.0000
Greenheck Fan Corporation (v),,Bill,2026-02-10 00:00:00,95693355,FB: PO# - 26-10925  Created for SO #245241  SO Note: DEREK ISENHART 360-966-7252  Ferndale Water...,Net 60,46093,18,245.19,Spokane,,5012,Air Distribution,5012 · Engineered Inventory Costs,,,,,,1510,1602,100,000,511000,0000,000,1020,0000,1510.1602.100.000.511000.0000.000.1020.0000
Greenheck Fan Corporation (v),,Bill,2026-02-10 00:00:00,95693354,FB: PO# - 26-10635  Created for SO #244751,Net 60,46093,18,1164.92,Spokane,,5012,Air Distribution,5012 · Engineered Inventory Costs,,,,,,1510,1602,100,000,511000,0000,000,1020,0000,1510.1602.100.000.511000.0000.000.1020.0000
Greenheck Fan Corporation (v),,Bill,2026-02-10 00:00:00,95693420,FB: PO# - 26-10534  Created for SO #244151,Net 60,46093,18,1219.12,Spokane,,5012,Air Distribution,5012 · Engineered Inventory Costs,,,,,,1510,1602,100,000,511000,0000,000,1020,0000,1510.1602.100.000.511000.0000.000.1020.0000
Greenheck Fan Corporation (v),,Bill,2026-02-10 00:00:00,95694261,FB: PO# - 26-10945  Created for SO #245309  SO Note: SEAN BARRON 206-920-4925  PO# 692380  Job N...,Net 60,46093,18,581.56,Spokane,,5012,Air Distribution,5012 · Engineered Inventory Costs,,,,,,1510,1602,100,000,511000,0000,000,1020,0000,1510.1602.100.000.511000.0000.000.1020.0000
Greenheck Fan Corporation (v),,Bill,2026-02-10 00:00:00,95694521,FB: PO# - 26-10162  Created for SO #243913,Net 60,46093,18,2446.51,Spokane,,5012,Air Distribution,5012 · Engineered Inventory Costs,,,,,,1510,1602,100,000,511000,0000,000,1020,0000,1510.1602.100.000.511000.0000.000.1020.0000
Greenheck Fan Corporation (v),,Bill,2026-02-10 00:00:00,95694593,FB: PO# - 26-10717  Created for SO #244893,Net 60,46093,18,5780.5,Spokane,,5012,Air Distribution,5012 · Engineered Inventory Costs,,,,,,1510,1602,100,000,511000,0000,000,1020,0000,1510.1602.100.000.511000.0000.000.1020.0000
Greenheck Fan Corporation (v),,Bill,2026-02-10 00:00:00,95694653,FB: PO# - 26-10787  Created for SO #244983  SO Note: Jesse Cloutier - 206.491.1453  Cameron Poma...,Net 60,46093,18,1247.93,Spokane,,5012,Air Distribution,5012 · Engineered Inventory Costs,,,,,,1510,1602,100,000,511000,0000,000,1020,0000,1510.1602.100.000.511000.0000.000.1020.0000
Greenheck Fan Corporation (v),,Bill,2026-02-10 00:00:00,95694643,FB: PO# - 26-10780  Created for SO #244991,Net 60,46093,18,922.87,Spokane,,5012,Air Distribution,5012 · Engineered Inventory Costs,,,,,,1510,1602,100,000,511000,0000,000,1020,0000,1510.1602.100.000.511000.0000.000.1020.0000
Greenheck Fan Corporation (v),,Bill,2026-02-11 00:00:00,95694982,FB: PO# - 26-10636  Created for SO #244578,Net 60,46094,17,3244.34,Spokane,,5012,Air Distribution,5012 · Engineered Inventory Costs,,,,,,1510,1602,100,000,511000,0000,000,1020,0000,1510.1602.100.000.511000.0000.000.1020.0000
Greenheck Fan Corporation (v),,Bill,2026-02-11 00:00:00,95695050,FB: PO# - 26-10247  Created for SO #244063,Net 60,46094,17,187.53,Spokane,,5012,Air Distribution,5012 · Engineered Inventory Costs,,,,,,1510,1602,100,000,511000,0000,000,1020,0000,1510.1602.100.000.511000.0000.000.1020.0000
Greenheck Fan Corporation (v),,Bill,2026-02-11 00:00:00,95694980,FB: PO# - 26-10563  Created for SO #244600  Sten-Erik Andreassen  Associate Project Manager    A...,Net 60,46094,17,1842.04,Spokane,,5012,Air Distribution,5012 · Engineered Inventory Costs,,,,,,1510,1602,100,000,511000,0000,000,1020,0000,1510.1602.100.000.511000.0000.000.1020.0000
Greenheck Fan Corporation (v),,Bill,2026-02-11 00:00:00,95696030,FB: PO# - 26-10356  Created for SO #243954  1/16/2026 - emailed order & cc receipts to:  Jack Bo...,Net 60,46094,17,2415.96,Spokane,,5012,Air Distribution,5012 · Engineered Inventory Costs,,,,,,1510,1602,100,000,511000,0000,000,1020,0000,1510.1602.100.000.511000.0000.000.1020.0000
Greenheck Fan Corporation (v),,Bill,2026-02-11 00:00:00,95696029,FB: PO# - 26-10627  Created for SO #244736,Net 60,46094,17,4777.14,Spokane,,5012,Air Distribution,5012 · Engineered Inventory Costs,,,,,,1510,1602,100,000,511000,0000,000,1020,0000,1510.1602.100.000.511000.0000.000.1020.0000
Greenheck Fan Corporation (v),,Bill,2026-02-11 00:00:00,95696190,"FB: PO# - 26-10783  Created for SO #245020  Wyley Stewart  |  Hermanson Company, LLC |  Direct 2...",Net 60,46094,17,1286.73,Spokane,,5012,Air Distribution,5012 · Engineered Inventory Costs,,,,,,1510,1602,100,000,511000,0000,000,1020,0000,1510.1602.100.000.511000.0000.000.1020.0000
Greenheck Fan Corporation (v),,Bill,2026-02-11 00:00:00,95696031,FB: PO# - 26-10698  Created for SO #244853,Net 60,46094,17,114.06,Spokane,,5012,Air Distribution,5012 · Engineered Inventory Costs,,,,,,1510,1602,100,000,511000,0000,000,1020,0000,1510.1602.100.000.511000.0000.000.1020.0000
Greenheck Fan Corporation (v),,Bill,2026-02-11 00:00:00,95696191,FB: PO# - 26-10771  Created for SO #244920,Net 60,46094,17,221.96,Spokane,,5012,Air Distribution,5012 · Engineered Inventory Costs,,,,,,1510,1602,100,000,511000,0000,000,1020,0000,1510.1602.100.000.511000.0000.000.1020.0000
Greenheck Fan Corporation (v),,Bill,2026-02-12 00:00:00,95696462,FB: PO# - 26-10707  Created for SO #244357,Net 60,46095,16,149.24,Spokane,,5012,Air Distribution,5012 · Engineered Inventory Costs,,,,,,1510,1602,100,000,511000,0000,000,1020,0000,1510.1602.100.000.511000.0000.000.1020.0000
Greenheck Fan Corporation (v),,Bill,2026-02-12 00:00:00,95696528,FB: PO# - 25-18772  Created for SO #243390,Net 60,46095,16,15668.7,Spokane,,5012,Air Distribution,5012 · Engineered Inventory Costs,,,,,,1510,1602,100,000,511000,0000,000,1020,0000,1510.1602.100.000.511000.0000.000.1020.0000
Greenheck Fan Corporation (v),,Bill,2026-02-12 00:00:00,95696755,FB: PO# - 26-10668  Created for SO #244824,Net 60,46095,16,17937.82,Spokane,,5012,Air Distribution,5012 · Engineered Inventory Costs,,,,,,1510,1602,100,000,511000,0000,000,1020,0000,1510.1602.100.000.511000.0000.000.1020.0000
Greenheck Fan Corporation (v),,Bill,2026-02-12 00:00:00,95696789,FB: PO# - 26-10974  Created for SO #245370  SO Note: Craig Schelinski -  PO# 20375,Net 60,46095,16,399.76,Spokane,,5012,Air Distribution,5012 · Engineered Inventory Costs,,,,,,1510,1602,100,000,511000,0000,000,1020,0000,1510.1602.100.000.511000.0000.000.1020.0000
Greenheck Fan Corporation (v),,Bill,2026-02-12 00:00:00,95696788,FB: PO# - 26-10977  Created for SO #245374  SO Note: Ben Manibusan - 5032344334  PO 1448199-00,Net 60,46095,16,464.13,Spokane,,5012,Air Distribution,5012 · Engineered Inventory Costs,,,,,,1510,1602,100,000,511000,0000,000,1020,0000,1510.1602.100.000.511000.0000.000.1020.0000
Greenheck Fan Corporation (v),,Bill,2026-02-12 00:00:00,95696866,FB: PO# - 26-10797  Created for SO #245047,Net 60,46095,16,606.49,Spokane,,5012,Air Distribution,5012 · Engineered Inventory Costs,,,,,,1510,1602,100,000,511000,0000,000,1020,0000,1510.1602.100.000.511000.0000.000.1020.0000
Greenheck Fan Corporation (v),,Bill,2026-02-12 00:00:00,95696820,FB: PO# - 26-10620  Created for SO #244713,Net 60,46095,16,1480.8,Spokane,,5012,Air Distribution,5012 · Engineered Inventory Costs,,,,,,1510,1602,100,000,511000,0000,000,1020,0000,1510.1602.100.000.511000.0000.000.1020.0000
Greenheck Fan Corporation (v),,Bill,2026-02-12 00:00:00,95697253,FB: PO# - 26-10864  Created for SO #245141,Net 60,46095,16,1213.68,Spokane,,5012,Air Distribution,5012 · Engineered Inventory Costs,,,,,,1510,1602,100,000,511000,0000,000,1020,0000,1510.1602.100.000.511000.0000.000.1020.0000
Greenheck Fan Corporation (v),,Bill,2026-02-12 00:00:00,95697499,FB: PO# - 26-10517  Order is being put in as 'standard' lead time - Greenheck will be changing i...,Net 60,46095,16,105296.22,Spokane,,5012,Air Distribution,5012 · Engineered Inventory Costs,,,,,,1510,1602,100,000,511000,0000,000,1020,0000,1510.1602.100.000.511000.0000.000.1020.0000
Greenheck Fan Corporation (v),,Bill,2026-02-12 00:00:00,95697578,FB: PO# - 25-18457  Created for SO #242790,Net 60,46095,16,2642.02,Spokane,,5012,Air Distribution,5012 · Engineered Inventory Costs,,,,,,1510,1602,100,000,511000,0000,000,1020,0000,1510.1602.100.000.511000.0000.000.1020.0000
Greenheck Fan Corporation (v),,Bill,2026-02-12 00:00:00,95697619,FB: PO# - 25-14906W  Created for SO #245095  Created from RMA #920  Faulty controller under warr...,Net 60,46095,16,911.87,Spokane,,5012,Air Distribution,5012 · Engineered Inventory Costs,,,,,,1510,1602,100,000,511000,0000,000,1020,0000,1510.1602.100.000.511000.0000.000.1020.0000
Greenheck Fan Corporation (v),,Bill,2026-02-12 00:00:00,95697694,FB: PO# - 26-11034  Created for SO #245467  SO Note: Eric Bjork  360-452-9706  Guts for GREEN  P...,Net 60,46095,16,59.43,Spokane,,5012,Air Distribution,5012 · Engineered Inventory Costs,,,,,,1510,1602,100,000,511000,0000,000,1020,0000,1510.1602.100.000.511000.0000.000.1020.0000
Greenheck Fan Corporation (v),,Bill,2026-02-12 00:00:00,95697344,FB: PO# - 26-11011  Created for SO #245436,Net 60,46095,16,784.63,Spokane,,5012,Air Distribution,5012 · Engineered Inventory Costs,,,,,,1510,1602,100,000,511000,0000,000,1020,0000,1510.1602.100.000.511000.0000.000.1020.0000
Greenheck Fan Corporation (v),,Bill,2026-02-12 00:00:00,95697394,FB: PO# - 26-11005  Created for SO #245424,Net 60,46095,16,139.26,Spokane,,5012,Air Distribution,5012 · Engineered Inventory Costs,,,,,,1510,1602,100,000,511000,0000,000,1020,0000,1510.1602.100.000.511000.0000.000.1020.0000
Greenheck Fan Corporation (v),,Bill,2026-02-13 00:00:00,95698822,FB: PO# - 26-10987  Created for SO #245278,Net 60,46096,15,158.9,Spokane,,5012,Air Distribution,5012 · Engineered Inventory Costs,,,,,,1510,1602,100,000,511000,0000,000,1020,0000,1510.1602.100.000.511000.0000.000.1020.0000
Greenheck Fan Corporation (v),,Bill,2026-02-13 00:00:00,9568927,FB: PO# - 26-10922  Created for SO #245270,Net 60,46096,15,2652.61,Spokane,,5012,Air Distribution,5012 · Engineered Inventory Costs,,,,,,1510,1602,100,000,511000,0000,000,1020,0000,1510.1602.100.000.511000.0000.000.1020.0000
Greenheck Fan Corporation (v),,Bill,2026-02-13 00:00:00,95698994,FB: PO# - 26-10767  Created for SO #239374,Net 60,46096,15,732.17,Spokane,,5012,Air Distribution,5012 · Engineered Inventory Costs,,,,,,1510,1602,100,000,511000,0000,000,1020,0000,1510.1602.100.000.511000.0000.000.1020.0000
Greenheck Fan Corporation (v),,Bill,2026-02-15 00:00:00,95699349,FB: PO# - 26-10410  Created for SO #244346,Net 60,46098,13,14841.02,Spokane,,5012,Air Distribution,5012 · Engineered Inventory Costs,,,,,,1510,1602,100,000,511000,0000,000,1020,0000,1510.1602.100.000.511000.0000.000.1020.0000
Greenheck Fan Corporation (v),,Bill,2026-02-16 00:00:00,95699606,FB: PO# - 26-11082  Created for SO #245459  SO Note: Will Lindamood: 206-550-0826,Net 60,46099,12,667.18,Spokane,,5012,Air Distribution,5012 · Engineered Inventory Costs,,,,,,1510,1602,100,000,511000,0000,000,1020,0000,1510.1602.100.000.511000.0000.000.1020.0000
Greenheck Fan Corporation (v),,Bill,2026-02-16 00:00:00,95699700,FB: PO# - 26-10450  Created for SO #244372,Net 60,46099,12,6352.23,Spokane,,5012,Air Distribution,5012 · Engineered Inventory Costs,,,,,,1510,1602,100,000,511000,0000,000,1020,0000,1510.1602.100.000.511000.0000.000.1020.0000
Greenheck Fan Corporation (v),,Bill,2026-02-16 00:00:00,95699953,FB: PO# - 26-10644  Created for SO #244764,Net 60,46099,12,32.88,Spokane,,5012,Air Distribution,5012 · Engineered Inventory Costs,,,,,,1510,1602,100,000,511000,0000,000,1020,0000,1510.1602.100.000.511000.0000.000.1020.0000
Greenheck Fan Corporation (v),,Bill,2026-02-16 00:00:00,95699954,FB: PO# - 26-11089  Created for SO #245549  SO Note: Katie Brown - 206.248.9700  THA   PO #10000...,Net 60,46099,12,187.36,Spokane,,5012,Air Distribution,5012 · Engineered Inventory Costs,,,,,,1510,1602,100,000,511000,0000,000,1020,0000,1510.1602.100.000.511000.0000.000.1020.0000
Greenheck Fan Corporation (v),,Bill,2026-02-16 00:00:00,95700212,FB: PO# - 26-11063  Created for SO #245515,Net 60,46099,12,663.63,Spokane,,5012,Air Distribution,5012 · Engineered Inventory Costs,,,,,,1510,1602,100,000,511000,0000,000,1020,0000,1510.1602.100.000.511000.0000.000.1020.0000
Greenheck Fan Corporation (v),,Bill,2026-02-16 00:00:00,95700520,FB: PO# - 26-10560  Created for SO #243075,Net 60,46099,12,504.04,Spokane,,5012,Air Distribution,5012 · Engineered Inventory Costs,,,,,,1510,1602,100,000,511000,0000,000,1020,0000,1510.1602.100.000.511000.0000.000.1020.0000
Greenheck Fan Corporation (v),,Bill,2026-02-17 00:00:00,95701610,FB: PO# - 26-10789  Created for SO #245027  SO Note: JAMESON 720-837-7543  Honda of Bellevue  PO...,Net 60,46100,11,2034.21,Spokane,,5012,Air Distribution,5012 · Engineered Inventory Costs,,,,,,1510,1602,100,000,511000,0000,000,1020,0000,1510.1602.100.000.511000.0000.000.1020.0000
Greenheck Fan Corporation (v),,Bill,2026-02-17 00:00:00,95701636,FB: PO# - 26-10576  Created for SO #244618,Net 60,46100,11,2470.44,Spokane,,5012,Air Distribution,5012 · Engineered Inventory Costs,,,,,,1510,1602,100,000,511000,0000,000,1020,0000,1510.1602.100.000.511000.0000.000.1020.0000
Greenheck Fan Corporation (v),,Bill,2026-02-17 00:00:00,95701611,FB: PO# - 26-11130  Created for SO #245597  SO Note: Manny Martinez   OR8238259,Net 60,46100,11,207.43,Spokane,,5012,Air Distribution,5012 · Engineered Inventory Costs,,,,,,1510,1602,100,000,511000,0000,000,1020,0000,1510.1602.100.000.511000.0000.000.1020.0000
Greenheck Fan Corporation (v),,Bill,2026-02-17 00:00:00,95701842,FB: PO# - 26-10911  Created for SO #245242,Net 60,46100,11,486.26,Spokane,,5012,Air Distribution,5012 · Engineered Inventory Costs,,,,,,1510,1602,100,000,511000,0000,000,1020,0000,1510.1602.100.000.511000.0000.000.1020.0000
Greenheck Fan Corporation (v),,Bill,2026-02-17 00:00:00,95701841,FB: PO# - 26-10903  Created for SO #245256,Net 60,46100,11,1387.11,Spokane,,5012,Air Distribution,5012 · Engineered Inventory Costs,,,,,,1510,1602,100,000,511000,0000,000,1020,0000,1510.1602.100.000.511000.0000.000.1020.0000
Greenheck Fan Corporation (v),,Bill,2026-02-18 00:00:00,95702321,FB: PO# - 26-10480  Created for SO #244466,Net 60,46101,10,3068.09,Spokane,,5012,Air Distribution,5012 · Engineered Inventory Costs,,,,,,1510,1602,100,000,511000,0000,000,1020,0000,1510.1602.100.000.511000.0000.000.1020.0000
Greenheck Fan Corporation (v),,Bill,2026-02-18 00:00:00,95702252,FB: PO# - 26-10510  Created for SO #244518,Net 60,46101,10,3720.99,Spokane,,5012,Air Distribution,5012 · Engineered Inventory Costs,,,,,,1510,1602,100,000,511000,0000,000,1020,0000,1510.1602.100.000.511000.0000.000.1020.0000
Greenheck Fan Corporation (v),,Bill,2026-02-18 00:00:00,95703024,FB: PO# - 26-10902  Created for SO #245255,Net 60,46101,10,7315.38,Spokane,,5012,Air Distribution,5012 · Engineered Inventory Costs,,,,,,1510,1602,100,000,511000,0000,000,1020,0000,1510.1602.100.000.511000.0000.000.1020.0000
Greenheck Fan Corporation (v),,Bill,2026-02-18 00:00:00,95702961,FB: PO# - 26-11169  Created for SO #245667  SO Note: Jason Umbao (425) 570-7097  jumbao@umci.com...,Net 60,46101,10,364.33,Spokane,,5012,Air Distribution,5012 · Engineered Inventory Costs,,,,,,1510,1602,100,000,511000,0000,000,1020,0000,1510.1602.100.000.511000.0000.000.1020.0000
Greenheck Fan Corporation (v),,Bill,2026-02-18 00:00:00,95703066,FB: PO# - 26-10551  Created for SO #244582,Net 60,46101,10,5717.52,Spokane,,5012,Air Distribution,5012 · Engineered Inventory Costs,,,,,,1510,1602,100,000,511000,0000,000,1020,0000,1510.1602.100.000.511000.0000.000.1020.0000
Greenheck Fan Corporation (v),,Bill,2026-02-18 00:00:00,95703089,FB: PO# - 26-10760  Created for SO #244979  SO Note: No charge to customer,Net 60,46101,10,1052.16,Spokane,,5012,Air Distribution,5012 · Engineered Inventory Costs,,,,,,1510,1602,100,000,511000,0000,000,1020,0000,1510.1602.100.000.511000.0000.000.1020.0000
Greenheck Fan Corporation (v),,Bill,2026-02-18 00:00:00,95703201,FB: PO# - 26-11096  Created for SO #245537,Net 60,46101,10,8528.62,Spokane,,5012,Air Distribution,5012 · Engineered Inventory Costs,,,,,,1510,1602,100,000,511000,0000,000,1020,0000,1510.1602.100.000.511000.0000.000.1020.0000
Greenheck Fan Corporation (v),,Bill,2026-02-18 00:00:00,95703350,FB: PO# - 26-10884  Created for SO #245209  Ramie Havens  C: 206.852.6021  D: 206.248.8753  M: 2...,Net 60,46101,10,7647.29,Spokane,,5012,Air Distribution,5012 · Engineered Inventory Costs,,,,,,1510,1602,100,000,511000,0000,000,1020,0000,1510.1602.100.000.511000.0000.000.1020.0000
Greenheck Fan Corporation (v),,Bill,2026-02-18 00:00:00,95703353,FB: PO# - 26-11181  Created for SO #245693  SO Note: Andrei Landrum   PO SF8238544,Net 60,46101,10,108.67,Spokane,,5012,Air Distribution,5012 · Engineered Inventory Costs,,,,,,1510,1602,100,000,511000,0000,000,1020,0000,1510.1602.100.000.511000.0000.000.1020.0000
Greenheck Fan Corporation (v),,Bill,2026-02-18 00:00:00,95703511,FB: PO# - 26-10167  Created for SO #243915,Net 60,46101,10,4028.1,Spokane,,5012,Air Distribution,5012 · Engineered Inventory Costs,,,,,,1510,1602,100,000,511000,0000,000,1020,0000,1510.1602.100.000.511000.0000.000.1020.0000
Greenheck Fan Corporation (v),,Bill,2026-02-19 00:00:00,95677611 X,FB: PO# - 25-18714  Created for SO #243273,Net 60,46102,9,3628.23,Spokane,,5012,Air Distribution,5012 · Engineered Inventory Costs,,,,,,1510,1602,100,000,511000,0000,000,1020,0000,1510.1602.100.000.511000.0000.000.1020.0000
Greenheck Fan Corporation (v),,Bill,2026-02-19 00:00:00,95703831,FB: PO# - 26-11023  Created for SO #245416,Net 60,46102,9,359.3,Spokane,,5012,Air Distribution,5012 · Engineered Inventory Costs,,,,,,1510,1602,100,000,511000,0000,000,1020,0000,1510.1602.100.000.511000.0000.000.1020.0000
Greenheck Fan Corporation (v),,Bill,2026-02-19 00:00:00,95703830,FB: PO# - 26-10315  Created for SO #244212,Net 60,46102,9,1724.33,Spokane,,5012,Air Distribution,5012 · Engineered Inventory Costs,,,,,,1510,1602,100,000,511000,0000,000,1020,0000,1510.1602.100.000.511000.0000.000.1020.0000
Greenheck Fan Corporation (v),,Bill,2026-02-19 00:00:00,95703898,FB: PO# - 26-10395  Created for SO #244318,Net 60,46102,9,1958.16,Spokane,,5012,Air Distribution,5012 · Engineered Inventory Costs,,,,,,1510,1602,100,000,511000,0000,000,1020,0000,1510.1602.100.000.511000.0000.000.1020.0000
Greenheck Fan Corporation (v),,Bill,2026-02-19 00:00:00,95703833,FB: PO# - 26-10167  Created for SO #243915,Net 60,46102,9,14033.41,Spokane,,5012,Air Distribution,5012 · Engineered Inventory Costs,,,,,,1510,1602,100,000,511000,0000,000,1020,0000,1510.1602.100.000.511000.0000.000.1020.0000
Greenheck Fan Corporation (v),,Bill,2026-02-19 00:00:00,95704481,FB: PO# - 26-10949  Created for SO #245251,Net 60,46102,9,231.39,Spokane,,5012,Air Distribution,5012 · Engineered Inventory Costs,,,,,,1510,1602,100,000,511000,0000,000,1020,0000,1510.1602.100.000.511000.0000.000.1020.0000
Greenheck Fan Corporation (v),,Bill,2026-02-19 00:00:00,95704860,FB: PO# - 26-10887  Created for SO #245220  Ramie Havens  C: 206.852.6021  D: 206.248.8753  M: 2...,Net 60,46102,9,3378.14,Spokane,,5012,Air Distribution,5012 · Engineered Inventory Costs,,,,,,1510,1602,100,000,511000,0000,000,1020,0000,1510.1602.100.000.511000.0000.000.1020.0000
Greenheck Fan Corporation (v),,Bill,2026-02-20 00:00:00,95705295,FB: PO# - 26-10510  Created for SO #244518,Net 60,46103,8,969.41,Spokane,,5012,Air Distribution,5012 · Engineered Inventory Costs,,,,,,1510,1602,100,000,511000,0000,000,1020,0000,1510.1602.100.000.511000.0000.000.1020.0000
Greenheck Fan Corporation (v),,Bill,2026-02-20 00:00:00,95705667,FB: PO# - 26-10566  Created for SO #244606,Net 60,46103,8,3183.03,Spokane,,5012,Air Distribution,5012 · Engineered Inventory Costs,,,,,,1510,1602,100,000,511000,0000,000,1020,0000,1510.1602.100.000.511000.0000.000.1020.0000
Greenheck Fan Corporation (v),,Bill,2026-02-20 00:00:00,95705964,FB: PO# - 26-11247  Created for SO #245803  SO Note: EMANUEL BERMUDEZ @ 206-514-648  PO# 694470 ...,Net 60,46103,8,121.2,Spokane,,5012,Air Distribution,5012 · Engineered Inventory Costs,,,,,,1510,1602,100,000,511000,0000,000,1020,0000,1510.1602.100.000.511000.0000.000.1020.0000
Greenheck Fan Corporation (v),,Bill,2026-02-20 00:00:00,95706049,FB: PO# - 26-10975  Created for SO #245372,Net 60,46103,8,1058.24,Spokane,,5012,Air Distribution,5012 · Engineered Inventory Costs,,,,,,1510,1602,100,000,511000,0000,000,1020,0000,1510.1602.100.000.511000.0000.000.1020.0000
Greenheck Fan Corporation (v),,Bill,2026-02-20 00:00:00,95706231,FB: PO# - 26-11171  Created for SO #245673  SO Note: Roki 2067189865  261567 The Canopy   S183686,Net 60,46103,8,169.72,Spokane,,5012,Air Distribution,5012 · Engineered Inventory Costs,,,,,,1510,1602,100,000,511000,0000,000,1020,0000,1510.1602.100.000.511000.0000.000.1020.0000
Greenheck Fan Corporation (v),,Bill,2026-02-20 00:00:00,95706341,FB: PO# - 26-10211  Created for SO #244009,Net 60,46103,8,5275.02,Spokane,,5012,Air Distribution,5012 · Engineered Inventory Costs,,,,,,1510,1602,100,000,511000,0000,000,1020,0000,1510.1602.100.000.511000.0000.000.1020.0000
Greenheck Fan Corporation (v),,Bill,2026-02-20 00:00:00,95706145,FB: PO# - 25-18746  Created for SO #243344,Net 60,46103,8,7776.37,Spokane,,5012,Air Distribution,5012 · Engineered Inventory Costs,,,,,,1510,1602,100,000,511000,0000,000,1020,0000,1510.1602.100.000.511000.0000.000.1020.0000
Greenheck Fan Corporation (v),,Bill,2026-02-23 00:00:00,95707264,FB: PO# - 26-11244  Created for SO #245749  SO Note: Attn: Ricardo Romero  206-751-7754,Net 60,46106,5,213.9,Spokane,,5012,Air Distribution,5012 · Engineered Inventory Costs,,,,,,1510,1602,100,000,511000,0000,000,1020,0000,1510.1602.100.000.511000.0000.000.1020.0000
Greenheck Fan Corporation (v),,Bill,2026-02-23 00:00:00,95707409,FB: PO# - 26-11170  Created for SO #245672,Net 60,46106,5,617.41,Spokane,,5012,Air Distribution,5012 · Engineered Inventory Costs,,,,,,1510,1602,100,000,511000,0000,000,1020,0000,1510.1602.100.000.511000.0000.000.1020.0000
Greenheck Fan Corporation (v),,Bill,2026-02-23 00:00:00,95707368,FB: PO# - 26-10848  Created for SO #244275,Net 60,46106,5,2355.43,Spokane,,5012,Air Distribution,5012 · Engineered Inventory Costs,,,,,,1510,1602,100,000,511000,0000,000,1020,0000,1510.1602.100.000.511000.0000.000.1020.0000
Greenheck Fan Corporation (v),,Bill,2026-02-23 00:00:00,95707560,FB: PO# - 26-11213  Created for SO #245747,Net 60,46106,5,3594.91,Spokane,,5012,Air Distribution,5012 · Engineered Inventory Costs,,,,,,1510,1602,100,000,511000,0000,000,1020,0000,1510.1602.100.000.511000.0000.000.1020.0000
Greenheck Fan Corporation (v),,Bill,2026-02-23 00:00:00,95707813,FB: PO# - 26-11297  Created for SO #245887,Net 60,46106,5,124.66,Spokane,,5012,Air Distribution,5012 · Engineered Inventory Costs,,,,,,1510,1602,100,000,511000,0000,000,1020,0000,1510.1602.100.000.511000.0000.000.1020.0000
Greenheck Fan Corporation (v),,Bill,2026-02-24 00:00:00,95708340,FB: PO# - 26-11096  Created for SO #245537,Net 60,46107,4,33832.31,Spokane,,5012,Air Distribution,5012 · Engineered Inventory Costs,,,,,,1510,1602,100,000,511000,0000,000,1020,0000,1510.1602.100.000.511000.0000.000.1020.0000
Greenheck Fan Corporation (v),,Bill,2026-02-24 00:00:00,95708738,FB: PO# - 26-11314  Created for SO #245912  SO Note: Kathrine Cox 2068250093  Seattle Town Hall ...,Net 60,46107,4,440.78,Spokane,,5012,Air Distribution,5012 · Engineered Inventory Costs,,,,,,1510,1602,100,000,511000,0000,000,1020,0000,1510.1602.100.000.511000.0000.000.1020.0000
Greenheck Fan Corporation (v),,Bill,2026-02-24 00:00:00,95708739,FB: PO# - 26-11315  Created for SO #245918  SO Note: Brandon Thomas - 2064577194  PO# 695388  Jo...,Net 60,46107,4,230.27,Spokane,,5012,Air Distribution,5012 · Engineered Inventory Costs,,,,,,1510,1602,100,000,511000,0000,000,1020,0000,1510.1602.100.000.511000.0000.000.1020.0000
Greenheck Fan Corporation (v),,Bill,2026-02-24 00:00:00,95709027,FB: PO# - 26-10963  Created for SO #245339  Justin Riggins  (253) 348-9888 | cell  (253) 572-948...,Net 60,46107,4,740.45,Spokane,,5012,Air Distribution,5012 · Engineered Inventory Costs,,,,,,1510,1602,100,000,511000,0000,000,1020,0000,1510.1602.100.000.511000.0000.000.1020.0000
Greenheck Fan Corporation (v),,Bill,2026-02-24 00:00:00,95709132,FB: PO# - 26-10687  Created for SO #243239,Net 60,46107,4,1595.09,Spokane,,5012,Air Distribution,5012 · Engineered Inventory Costs,,,,,,1510,1602,100,000,511000,0000,000,1020,0000,1510.1602.100.000.511000.0000.000.1020.0000
Greenheck Fan Corporation (v),,Bill,2026-02-24 00:00:00,95709028,FB: PO# - 26-11013  Created for SO #245435  SO Note: Pricing is ok!,Net 60,46107,4,567.64,Spokane,,5012,Air Distribution,5012 · Engineered Inventory Costs,,,,,,1510,1602,100,000,511000,0000,000,1020,0000,1510.1602.100.000.511000.0000.000.1020.0000
Greenheck Fan Corporation (v),,Bill,2026-02-24 00:00:00,95709243,FB: PO# - 26-11320  Created for SO #245924  SO Note: AMY MITCHELL  ( 253) 838-9780   PO# 56379-4...,Net 60,46107,4,292.31,Spokane,,5012,Air Distribution,5012 · Engineered Inventory Costs,,,,,,1510,1602,100,000,511000,0000,000,1020,0000,1510.1602.100.000.511000.0000.000.1020.0000
Greenheck Fan Corporation (v),,Bill,2026-02-24 00:00:00,95709026,FB: PO# - 26-10717  Created for SO #244893,Net 60,46107,4,3172.53,Spokane,,5012,Air Distribution,5012 · Engineered Inventory Costs,,,,,,1510,1602,100,000,511000,0000,000,1020,0000,1510.1602.100.000.511000.0000.000.1020.0000
Greenheck Fan Corporation (v),,Bill,2026-02-24 00:00:00,95709133,FB: PO# - 26-11335  Created for SO #245952  SO Note: Dane Loucks / JBarrow    City of Stanwood  ...,Net 60,46107,4,48.86,Spokane,,5012,Air Distribution,5012 · Engineered Inventory Costs,,,,,,1510,1602,100,000,511000,0000,000,1020,0000,1510.1602.100.000.511000.0000.000.1020.0000
Greenheck Fan Corporation (v),,Bill,2026-02-25 00:00:00,95709577,"FB: PO# - 26-10573  Created for SO #244622  SO Note: Cost split of $1,825. Dorse to cover 1/2 an...",Net 60,46108,3,1740.5,Spokane,,5012,Air Distribution,5012 · Engineered Inventory Costs,,,,,,1510,1602,100,000,511000,0000,000,1020,0000,1510.1602.100.000.511000.0000.000.1020.0000
Greenheck Fan Corporation (v),,Bill,2026-02-25 00:00:00,95709654,FB: PO# - 26-10935  Created for SO #245284,Net 60,46108,3,1268.89,Spokane,,5012,Air Distribution,5012 · Engineered Inventory Costs,,,,,,1510,1602,100,000,511000,0000,000,1020,0000,1510.1602.100.000.511000.0000.000.1020.0000
Greenheck Fan Corporation (v),,Bill,2026-02-25 00:00:00,95709656,FB: PO# - 26-10937  Created for SO #245286,Net 60,46108,3,364.85,Spokane,,5012,Air Distribution,5012 · Engineered Inventory Costs,,,,,,1510,1602,100,000,511000,0000,000,1020,0000,1510.1602.100.000.511000.0000.000.1020.0000
Greenheck Fan Corporation (v),,Bill,2026-02-25 00:00:00,95710200,FB: PO# - 26-11174  Created for SO #245670,Net 60,46108,3,9099.31,Spokane,,5012,Air Distribution,5012 · Engineered Inventory Costs,,,,,,1510,1602,100,000,511000,0000,000,1020,0000,1510.1602.100.000.511000.0000.000.1020.0000
Greenheck Fan Corporation (v),,Bill,2026-02-25 00:00:00,95710294,FB: PO# - 26-10285  Created for SO #244157,Net 60,46108,3,15466.14,Spokane,,5012,Air Distribution,5012 · Engineered Inventory Costs,,,,,,1510,1602,100,000,511000,0000,000,1020,0000,1510.1602.100.000.511000.0000.000.1020.0000
Greenheck Fan Corporation (v),,Bill,2026-02-25 00:00:00,95710137,FB: PO# - 26-11302  Created for SO #245895,Net 60,46108,3,154.91,Spokane,,5012,Air Distribution,5012 · Engineered Inventory Costs,,,,,,1510,1602,100,000,511000,0000,000,1020,0000,1510.1602.100.000.511000.0000.000.1020.0000
Greenheck Fan Corporation (v),,Bill,2026-02-25 00:00:00,95710316,FB: PO# - 26-10928  Created for SO #244976  SO Note: Ground freight included,Net 60,46108,3,1590.3,Spokane,,5012,Air Distribution,5012 · Engineered Inventory Costs,,,,,,1510,1602,100,000,511000,0000,000,1020,0000,1510.1602.100.000.511000.0000.000.1020.0000
Greenheck Fan Corporation (v),,Bill,2026-02-25 00:00:00,95710775,FB: PO# - 26-10666  Created for SO #244819,Net 60,46108,3,6446.18,Spokane,,5012,Air Distribution,5012 · Engineered Inventory Costs,,,,,,1510,1602,100,000,511000,0000,000,1020,0000,1510.1602.100.000.511000.0000.000.1020.0000
Greenheck Fan Corporation (v),,Bill,2026-02-25 00:00:00,95710926,FB: PO# - 26-11340  Created for SO #245932  Stewart Good 360-550-7878  5/25 - (tm) Send CC and o...,Net 60,46108,3,1678.03,Spokane,,5012,Air Distribution,5012 · Engineered Inventory Costs,,,,,,1510,1602,100,000,511000,0000,000,1020,0000,1510.1602.100.000.511000.0000.000.1020.0000
Greenheck Fan Corporation (v),,Bill,2026-02-26 00:00:00,95711860,FB: PO# - 26-11390  Created for SO #246071  SO Note: SEAN BARRON 206-920-4925  PO# 696155  Job N...,Net 60,46109,2,73.77,Spokane,,5012,Air Distribution,5012 · Engineered Inventory Costs,,,,,,1510,1602,100,000,511000,0000,000,1020,0000,1510.1602.100.000.511000.0000.000.1020.0000
Greenheck Fan Corporation (v),,Bill,2026-02-26 00:00:00,95712323,FB: PO# - 26-10818  Created for SO #245073,Net 60,46109,2,1259.8,Spokane,,5012,Air Distribution,5012 · Engineered Inventory Costs,,,,,,1510,1602,100,000,511000,0000,000,1020,0000,1510.1602.100.000.511000.0000.000.1020.0000
Greenheck Fan Corporation (v),,Bill,2026-02-26 00:00:00,95712309,FB: PO# - 26-11049  Created for SO #245489  Alex Crawford | VP of Project Management     3602 S ...,Net 60,46109,2,5631.62,Spokane,,5012,Air Distribution,5012 · Engineered Inventory Costs,,,,,,1510,1602,100,000,511000,0000,000,1020,0000,1510.1602.100.000.511000.0000.000.1020.0000
Greenheck Fan Corporation (v),,Bill,2026-02-26 00:00:00,95712429,FB: PO# - 26-11237  Created for SO #245784,Net 60,46109,2,923.21,Spokane,,5012,Air Distribution,5012 · Engineered Inventory Costs,,,,,,1510,1602,100,000,511000,0000,000,1020,0000,1510.1602.100.000.511000.0000.000.1020.0000
Greenheck Fan Corporation (v),,Bill,2026-02-27 00:00:00,95712694,FB: PO# - 26-10343  Created for SO #242150,Net 60,46110,1,793.93,Spokane,,5012,Air Distribution,5012 · Engineered Inventory Costs,,,,,,1510,1602,100,000,511000,0000,000,1020,0000,1510.1602.100.000.511000.0000.000.1020.0000
Greenheck Fan Corporation (v),,Bill,2026-02-27 00:00:00,95712773,FB: PO# - 26-10795  Created for SO #245031,Net 60,46110,1,3407.73,Spokane,,5012,Air Distribution,5012 · Engineered Inventory Costs,,,,,,1510,1602,100,000,511000,0000,000,1020,0000,1510.1602.100.000.511000.0000.000.1020.0000
Greenheck Fan Corporation (v),,Bill,2026-02-27 00:00:00,95713042,FB: PO# - 26-10670  Created for SO #244827,Net 60,46110,1,1074.87,Spokane,,5012,Air Distribution,5012 · Engineered Inventory Costs,,,,,,1510,1602,100,000,511000,0000,000,1020,0000,1510.1602.100.000.511000.0000.000.1020.0000
Greenheck Fan Corporation (v),,Bill,2025-12-30 00:00:00,95653792,FB: PO# - 25-18307  Created for SO #242507,Net 60,46051,60,1106.98,Spokane,,5012,Air Distribution,5012 · Engineered Inventory Costs,,,,,,1510,1602,100,000,511000,0000,000,1020,0000,1510.1602.100.000.511000.0000.000.1020.0000
Greenheck Fan Corporation (v),,Bill,2025-12-30 00:00:00,95654177,FB: PO# - 25-18246  Created for SO #242289,Net 60,46051,60,17358.92,Spokane,,5012,Air Distribution,5012 · Engineered Inventory Costs,,,,,,1510,1602,100,000,511000,0000,000,1020,0000,1510.1602.100.000.511000.0000.000.1020.0000
Greenheck Fan Corporation (v),,Bill,2025-12-30 00:00:00,95654308,FB: PO# - 25-18746  Created for SO #243344,Net 60,46051,60,1014.17,Spokane,,5012,Air Distribution,5012 · Engineered Inventory Costs,,,,,,1510,1602,100,000,511000,0000,000,1020,0000,1510.1602.100.000.511000.0000.000.1020.0000
Greenheck Fan Corporation (v),,Bill,2025-12-31 00:00:00,95653158,FB: PO# - 25-16307  Created for SO #239077  SO Note: Call 48 Hours Prior to Delivery	  Attn: Ans...,Net 60,46052,59,23519.17,Spokane,,5012,Air Distribution,5012 · Engineered Inventory Costs,,,,,,1510,1602,100,000,511000,0000,000,1020,0000,1510.1602.100.000.511000.0000.000.1020.0000
Greenheck Fan Corporation (v),,Bill,2025-12-31 00:00:00,95641852,FB: PO# - 25-18385  Created for SO #242677  SO Note: Kia Olympia  Attention Todd Willams,Net 60,46052,59,1969.92,Spokane,,5012,Air Distribution,5012 · Engineered Inventory Costs,,,,,,1510,1602,100,000,511000,0000,000,1020,0000,1510.1602.100.000.511000.0000.000.1020.0000
Greenheck Fan Corporation (v),,Bill,2025-12-31 00:00:00,95655317,FB: PO# - 25-18421  Created for SO #242738,Net 60,46052,59,7758.87,Spokane,,5012,Air Distribution,5012 · Engineered Inventory Costs,,,,,,1510,1602,100,000,511000,0000,000,1020,0000,1510.1602.100.000.511000.0000.000.1020.0000
Greenheck Fan Corporation (v),,Bill,2026-01-02 00:00:00,95655892,FB: PO# - 25-18503  Created for SO #242887  Kanvir Bhogal  Project Engineer | (425) 319-3428,Net 60,46054,57,5075.22,Spokane,,5012,Air Distribution,5012 · Engineered Inventory Costs,,,,,,1510,1602,100,000,511000,0000,000,1020,0000,1510.1602.100.000.511000.0000.000.1020.0000
Greenheck Fan Corporation (v),,Bill,2026-01-02 00:00:00,95656133,FB: PO# - 25-18716  Created for SO #243278,Net 60,46054,57,514.2,Spokane,,5012,Air Distribution,5012 · Engineered Inventory Costs,,,,,,1510,1602,100,000,511000,0000,000,1020,0000,1510.1602.100.000.511000.0000.000.1020.0000
Greenheck Fan Corporation (v),,Bill,2026-01-02 00:00:00,95656093,FB: PO# - 25-17700  Created for SO #241475,Net 60,46054,57,3872.76,Spokane,,5012,Air Distribution,5012 · Engineered Inventory Costs,,,,,,1510,1602,100,000,511000,0000,000,1020,0000,1510.1602.100.000.511000.0000.000.1020.0000
Greenheck Fan Corporation (v),,Bill,2026-01-02 00:00:00,95656092,FB: PO# - 25-18420  Created for SO #242734,Net 60,46054,57,2526.33,Spokane,,5012,Air Distribution,5012 · Engineered Inventory Costs,,,,,,1510,1602,100,000,511000,0000,000,1020,0000,1510.1602.100.000.511000.0000.000.1020.0000
Greenheck Fan Corporation (v),,Bill,2026-01-02 00:00:00,95656098,FB: PO# - 25-17735  Created for SO #241531,Net 60,46054,57,64064.08,Spokane,,5012,Air Distribution,5012 · Engineered Inventory Costs,,,,,,1510,1602,100,000,511000,0000,000,1020,0000,1510.1602.100.000.511000.0000.000.1020.0000
Greenheck Fan Corporation (v),,Bill,2026-01-02 00:00:00,95656134,FB: PO# - 25-18763  Created for SO #243183,Net 60,46054,57,301.98,Spokane,,5012,Air Distribution,5012 · Engineered Inventory Costs,,,,,,1510,1602,100,000,511000,0000,000,1020,0000,1510.1602.100.000.511000.0000.000.1020.0000
Greenheck Fan Corporation (v),,Bill,2026-01-02 00:00:00,95656149,FB: PO# - 25-18815  Created for SO #243491,Net 60,46054,57,571.97,Spokane,,5012,Air Distribution,5012 · Engineered Inventory Costs,,,,,,1510,1602,100,000,511000,0000,000,1020,0000,1510.1602.100.000.511000.0000.000.1020.0000
Greenheck Fan Corporation (v),,Bill,2026-01-02 00:00:00,95656249,FB: PO# - 25-18869  Created for SO #243611  CarMax 7250 10078267 - 10078310/44299    Ship to CNW...,Net 60,46054,57,700.91,Spokane,,5012,Air Distribution,5012 · Engineered Inventory Costs,,,,,,1510,1602,100,000,511000,0000,000,1020,0000,1510.1602.100.000.511000.0000.000.1020.0000
Greenheck Fan Corporation (v),,Bill,2026-01-05 00:00:00,95656291,FB: PO# - 25-18864  Created for SO #243595  12/31 - Email order and cc receipts to:  allison@leg...,Net 60,46057,54,560.66,Spokane,,5012,Air Distribution,5012 · Engineered Inventory Costs,,,,,,1510,1602,100,000,511000,0000,000,1020,0000,1510.1602.100.000.511000.0000.000.1020.0000
Greenheck Fan Corporation (v),,Bill,2026-01-05 00:00:00,95656524,FB: PO# - 25-18449  Created for SO #242801,Net 60,46057,54,4061.42,Spokane,,5012,Air Distribution,5012 · Engineered Inventory Costs,,,,,,1510,1602,100,000,511000,0000,000,1020,0000,1510.1602.100.000.511000.0000.000.1020.0000
Greenheck Fan Corporation (v),,Bill,2026-01-05 00:00:00,95656523,FB: PO# - 25-18421  Created for SO #242738,Net 60,46057,54,2328.65,Spokane,,5012,Air Distribution,5012 · Engineered Inventory Costs,,,,,,1510,1602,100,000,511000,0000,000,1020,0000,1510.1602.100.000.511000.0000.000.1020.0000
Greenheck Fan Corporation (v),,Bill,2026-01-05 00:00:00,95655595,FB: PO# - 25-18321  Created for SO #242533,Net 60,46057,54,2895.9,Spokane,,5012,Air Distribution,5012 · Engineered Inventory Costs,,,,,,1510,1602,100,000,511000,0000,000,1020,0000,1510.1602.100.000.511000.0000.000.1020.0000
Greenheck Fan Corporation (v),,Bill,2026-01-05 00:00:00,95656205,FB: PO# - 25-17904  Created for SO #241803,Net 60,46057,54,3511.42,Spokane,,5012,Air Distribution,5012 · Engineered Inventory Costs,,,,,,1510,1602,100,000,511000,0000,000,1020,0000,1510.1602.100.000.511000.0000.000.1020.0000
Greenheck Fan Corporation (v),,Bill,2026-01-05 00:00:00,95656671,FB: PO# - 25-18629  Created for SO #243106  SO Note: Please notify Matt when this get here    Ma...,Net 60,46057,54,95.66,Spokane,,5012,Air Distribution,5012 · Engineered Inventory Costs,,,,,,1510,1602,100,000,511000,0000,000,1020,0000,1510.1602.100.000.511000.0000.000.1020.0000
Greenheck Fan Corporation (v),,Bill,2026-01-05 00:00:00,95656720,FB: PO# - 25-17829  Created for SO #241647,Net 60,46057,54,4031.4,Spokane,,5012,Air Distribution,5012 · Engineered Inventory Costs,,,,,,1510,1602,100,000,511000,0000,000,1020,0000,1510.1602.100.000.511000.0000.000.1020.0000
Greenheck Fan Corporation (v),,Bill,2026-01-06 00:00:00,95657655,FB: PO# - 26-10039  Created for SO #243696  SO Note:   Eric Bjork 360-452-9706  PO 5948-EB965932S,Net 60,46058,53,59.43,Spokane,,5012,Air Distribution,5012 · Engineered Inventory Costs,,,,,,1510,1602,100,000,511000,0000,000,1020,0000,1510.1602.100.000.511000.0000.000.1020.0000
Greenheck Fan Corporation (v),,Bill,2026-01-06 00:00:00,95658005,FB: PO# - 25-18861  Created for SO #243591,Net 60,46058,53,422.82,Spokane,,5012,Air Distribution,5012 · Engineered Inventory Costs,,,,,,1510,1602,100,000,511000,0000,000,1020,0000,1510.1602.100.000.511000.0000.000.1020.0000
Greenheck Fan Corporation (v),,Bill,2026-01-07 00:00:00,95658868,FB: PO# - 25-18793  Created for SO #243433,Net 60,46059,52,2526.73,Spokane,,5012,Air Distribution,5012 · Engineered Inventory Costs,,,,,,1510,1602,100,000,511000,0000,000,1020,0000,1510.1602.100.000.511000.0000.000.1020.0000
Greenheck Fan Corporation (v),,Bill,2026-01-07 00:00:00,95659177,FB: PO# - 25-18484  Created for SO #242850,Net 60,46059,52,1064.77,Spokane,,5012,Air Distribution,5012 · Engineered Inventory Costs,,,,,,1510,1602,100,000,511000,0000,000,1020,0000,1510.1602.100.000.511000.0000.000.1020.0000
Greenheck Fan Corporation (v),,Bill,2026-01-07 00:00:00,95659342,FB: PO# - 25-18808  Created for SO #243469,Net 60,46059,52,116.27,Spokane,,5012,Air Distribution,5012 · Engineered Inventory Costs,,,,,,1510,1602,100,000,511000,0000,000,1020,0000,1510.1602.100.000.511000.0000.000.1020.0000
Greenheck Fan Corporation (v),,Bill,2026-01-07 00:00:00,95659243,FB: PO# - 25-18657  Created for SO #243156,Net 60,46059,52,4744.68,Spokane,,5012,Air Distribution,5012 · Engineered Inventory Costs,,,,,,1510,1602,100,000,511000,0000,000,1020,0000,1510.1602.100.000.511000.0000.000.1020.0000
Greenheck Fan Corporation (v),,Bill,2026-01-07 00:00:00,95659928,FB: PO# - 25-18771  Created for SO #243389,Net 60,46059,52,6872.8,Spokane,,5012,Air Distribution,5012 · Engineered Inventory Costs,,,,,,1510,1602,100,000,511000,0000,000,1020,0000,1510.1602.100.000.511000.0000.000.1020.0000
Greenheck Fan Corporation (v),,Bill,2026-01-07 00:00:00,95660011,FB: PO# - 25-18791  Created for SO #243426,Net 60,46059,52,5327.83,Spokane,,5012,Air Distribution,5012 · Engineered Inventory Costs,,,,,,1510,1602,100,000,511000,0000,000,1020,0000,1510.1602.100.000.511000.0000.000.1020.0000
Greenheck Fan Corporation (v),,Bill,2026-01-08 00:00:00,95659964,FB: PO# - 25-18847  Created for SO #243557    This should be no charge from Greenheck or Dorse w...,Net 60,46060,51,2530.57,Spokane,,5012,Air Distribution,5012 · Engineered Inventory Costs,,,,,,1510,1602,100,000,511000,0000,000,1020,0000,1510.1602.100.000.511000.0000.000.1020.0000
Greenheck Fan Corporation (v),,Bill,2026-01-09 00:00:00,95660755,FB: PO# - 25-18484  Created for SO #242850,Net 60,46061,50,5605.68,Spokane,,5012,Air Distribution,5012 · Engineered Inventory Costs,,,,,,1510,1602,100,000,511000,0000,000,1020,0000,1510.1602.100.000.511000.0000.000.1020.0000
Greenheck Fan Corporation (v),,Bill,2026-01-09 00:00:00,95660851,FB: PO# - 26-10158  Created for SO #243705  SO Note: S9753200,Net 60,46061,50,262.69,Spokane,,5012,Air Distribution,5012 · Engineered Inventory Costs,,,,,,1510,1602,100,000,511000,0000,000,1020,0000,1510.1602.100.000.511000.0000.000.1020.0000
Greenheck Fan Corporation (v),,Bill,2026-01-09 00:00:00,95660981,FB: PO# - 25-18529  Created for SO #239060,Net 60,46061,50,4685.54,Spokane,,5012,Air Distribution,5012 · Engineered Inventory Costs,,,,,,1510,1602,100,000,511000,0000,000,1020,0000,1510.1602.100.000.511000.0000.000.1020.0000
Greenheck Fan Corporation (v),,Bill,2026-01-09 00:00:00,95661221,FB: PO# - 25-18774  Created for SO #243215,Net 60,46061,50,531.63,Spokane,,5012,Air Distribution,5012 · Engineered Inventory Costs,,,,,,1510,1602,100,000,511000,0000,000,1020,0000,1510.1602.100.000.511000.0000.000.1020.0000
Greenheck Fan Corporation (v),,Bill,2026-01-09 00:00:00,95661258,FB: PO# - 25-18877  Created for SO #243627,Net 60,46061,50,200.5,Spokane,,5012,Air Distribution,5012 · Engineered Inventory Costs,,,,,,1510,1602,100,000,511000,0000,000,1020,0000,1510.1602.100.000.511000.0000.000.1020.0000
Greenheck Fan Corporation (v),,Bill,2026-01-09 00:00:00,95661686,FB: PO# - 25-18233  Created for SO #242375,Net 60,46061,50,6749.16,Spokane,,5012,Air Distribution,5012 · Engineered Inventory Costs,,,,,,1510,1602,100,000,511000,0000,000,1020,0000,1510.1602.100.000.511000.0000.000.1020.0000
Greenheck Fan Corporation (v),,Bill,2026-01-09 00:00:00,95662031,FB: PO# - 25-18178  Created for SO #242253,Net 60,46061,50,4230.81,Spokane,,5012,Air Distribution,5012 · Engineered Inventory Costs,,,,,,1510,1602,100,000,511000,0000,000,1020,0000,1510.1602.100.000.511000.0000.000.1020.0000
Greenheck Fan Corporation (v),,Bill,2026-01-09 00:00:00,95662674,FB: PO# - 25-18509  Created for SO #242736,Net 60,46061,50,1717.34,Spokane,,5012,Air Distribution,5012 · Engineered Inventory Costs,,,,,,1510,1602,100,000,511000,0000,000,1020,0000,1510.1602.100.000.511000.0000.000.1020.0000
Greenheck Fan Corporation (v),,Bill,2026-01-09 00:00:00,95662552,FB: PO# - 26-10154  Created for SO #243894  SO Note: Colby Littlefield 206*817*3101  PO 25351159,Net 60,46061,50,115.58,Spokane,,5012,Air Distribution,5012 · Engineered Inventory Costs,,,,,,1510,1602,100,000,511000,0000,000,1020,0000,1510.1602.100.000.511000.0000.000.1020.0000
Greenheck Fan Corporation (v),,Bill,2026-01-09 00:00:00,95662348,FB: PO# - 25-18484  Created for SO #242850,Net 60,46061,50,137.3,Spokane,,5012,Air Distribution,5012 · Engineered Inventory Costs,,,,,,1510,1602,100,000,511000,0000,000,1020,0000,1510.1602.100.000.511000.0000.000.1020.0000
Greenheck Fan Corporation (v),,Bill,2026-01-09 00:00:00,95662631,FB: PO# - 25-17969  Created for SO #241932,Net 60,46061,50,64272.68,Spokane,,5012,Air Distribution,5012 · Engineered Inventory Costs,,,,,,1510,1602,100,000,511000,0000,000,1020,0000,1510.1602.100.000.511000.0000.000.1020.0000
Greenheck Fan Corporation (v),,Bill,2026-01-09 00:00:00,95662032,FB: PO# - 25-18782  Created for SO #243395,Net 60,46061,50,1337.7,Spokane,,5012,Air Distribution,5012 · Engineered Inventory Costs,,,,,,1510,1602,100,000,511000,0000,000,1020,0000,1510.1602.100.000.511000.0000.000.1020.0000
Greenheck Fan Corporation (v),,Bill,2026-01-09 00:00:00,95662030,FB: PO# - 25-18765  Created for SO #243377,Net 60,46061,50,2170.9,Spokane,,5012,Air Distribution,5012 · Engineered Inventory Costs,,,,,,1510,1602,100,000,511000,0000,000,1020,0000,1510.1602.100.000.511000.0000.000.1020.0000
Greenheck Fan Corporation (v),,Bill,2026-01-09 00:00:00,95662062,FB: PO# - 25-18711  Created for SO #243268  SO Note: Colin Burrell: 425-894-6045,Net 60,46061,50,818.05,Spokane,,5012,Air Distribution,5012 · Engineered Inventory Costs,,,,,,1510,1602,100,000,511000,0000,000,1020,0000,1510.1602.100.000.511000.0000.000.1020.0000
Greenheck Fan Corporation (v),,Bill,2026-01-09 00:00:00,95662227,FB: PO# - 25-18513  Created for SO #242900,Net 60,46061,50,467.78,Spokane,,5012,Air Distribution,5012 · Engineered Inventory Costs,,,,,,1510,1602,100,000,511000,0000,000,1020,0000,1510.1602.100.000.511000.0000.000.1020.0000
Greenheck Fan Corporation (v),,Bill,2026-01-09 00:00:00,95663088,FB: PO# - 25-18714  Created for SO #243273,Net 60,46061,50,1869.35,Spokane,,5012,Air Distribution,5012 · Engineered Inventory Costs,,,,,,1510,1602,100,000,511000,0000,000,1020,0000,1510.1602.100.000.511000.0000.000.1020.0000
Greenheck Fan Corporation (v),,Bill,2026-01-09 00:00:00,95662744,FB: PO# - 25-18000  Created for SO #241989,Net 60,46061,50,2410.24,Spokane,,5012,Air Distribution,5012 · Engineered Inventory Costs,,,,,,1510,1602,100,000,511000,0000,000,1020,0000,1510.1602.100.000.511000.0000.000.1020.0000
Greenheck Fan Corporation (v),,Bill,2026-01-09 00:00:00,95662746,FB: PO# - 25-17753  Created for SO #241223,Net 60,46061,50,7504.99,Spokane,,5012,Air Distribution,5012 · Engineered Inventory Costs,,,,,,1510,1602,100,000,511000,0000,000,1020,0000,1510.1602.100.000.511000.0000.000.1020.0000
Greenheck Fan Corporation (v),,Bill,2026-01-09 00:00:00,95662747,FB: PO# - 26-10101  Created for SO #243835,Net 60,46061,50,182.55,Spokane,,5012,Air Distribution,5012 · Engineered Inventory Costs,,,,,,1510,1602,100,000,511000,0000,000,1020,0000,1510.1602.100.000.511000.0000.000.1020.0000
Greenheck Fan Corporation (v),,Bill,2026-01-09 00:00:00,95662827,FB: PO# - 26-10159  Created for SO #243903,Net 60,46061,50,880.11,Spokane,,5012,Air Distribution,5012 · Engineered Inventory Costs,,,,,,1510,1602,100,000,511000,0000,000,1020,0000,1510.1602.100.000.511000.0000.000.1020.0000
Greenheck Fan Corporation (v),,Bill,2026-01-09 00:00:00,95663011,FB: PO# - 26-10138  Created for SO #243881  SO Note: Jason Umbao (425) 570-7097  PO 166045-132966,Net 60,46061,50,300,Spokane,,5012,Air Distribution,5012 · Engineered Inventory Costs,,,,,,1510,1602,100,000,511000,0000,000,1020,0000,1510.1602.100.000.511000.0000.000.1020.0000
Greenheck Fan Corporation (v),,Bill,2026-01-12 00:00:00,95663469,FB: PO# - 25-18011  Created for SO #241992,Net 60,46064,47,6716.02,Spokane,,5012,Air Distribution,5012 · Engineered Inventory Costs,,,,,,1510,1602,100,000,511000,0000,000,1020,0000,1510.1602.100.000.511000.0000.000.1020.0000
Greenheck Fan Corporation (v),,Bill,2026-01-12 00:00:00,95664072,FB: PO# - 25-18581  Created for SO #243043,Net 60,46064,47,4068.09,Spokane,,5012,Air Distribution,5012 · Engineered Inventory Costs,,,,,,1510,1602,100,000,511000,0000,000,1020,0000,1510.1602.100.000.511000.0000.000.1020.0000
Greenheck Fan Corporation (v),,Bill,2026-01-12 00:00:00,95664408,FB: PO# - 25-18690  Created for SO #243228,Net 60,46064,47,399.29,Spokane,,5012,Air Distribution,5012 · Engineered Inventory Costs,,,,,,1510,1602,100,000,511000,0000,000,1020,0000,1510.1602.100.000.511000.0000.000.1020.0000
Greenheck Fan Corporation (v),,Bill,2026-01-13 00:00:00,95664688,FB: PO# - 26-10072  Created for SO #243769  SO Note: Terry Moody 253-572-9484   Visual Options  ...,Net 60,46065,46,100.98,Spokane,,5012,Air Distribution,5012 · Engineered Inventory Costs,,,,,,1510,1602,100,000,511000,0000,000,1020,0000,1510.1602.100.000.511000.0000.000.1020.0000
Greenheck Fan Corporation (v),,Bill,2026-01-13 00:00:00,95665002,FB: PO# - 26-10041  Created for SO #242088,Net 60,46065,46,2759.01,Spokane,,5012,Air Distribution,5012 · Engineered Inventory Costs,,,,,,1510,1602,100,000,511000,0000,000,1020,0000,1510.1602.100.000.511000.0000.000.1020.0000
Greenheck Fan Corporation (v),,Bill,2026-01-13 00:00:00,95665292,FB: PO# - 25-15302W  Created for SO #243917  SO Note: Created from RMA #893  Faulty motor replac...,Net 60,46065,46,887.88,Spokane,,5012,Air Distribution,5012 · Engineered Inventory Costs,,,,,,1510,1602,100,000,511000,0000,000,1020,0000,1510.1602.100.000.511000.0000.000.1020.0000
Greenheck Fan Corporation (v),,Bill,2026-01-13 00:00:00,95665294,FB: PO# - 25-14446W  Created for SO #243979  Created from RMA #895  Incorrect motor for CUE on (...,Net 60,46065,46,614.75,Spokane,,5012,Air Distribution,5012 · Engineered Inventory Costs,,,,,,1510,1602,100,000,511000,0000,000,1020,0000,1510.1602.100.000.511000.0000.000.1020.0000
Greenheck Fan Corporation (v),,Bill,2026-01-13 00:00:00,9565425,FB: PO# - 26-10017  Created for SO #243665,Net 60,46065,46,467.45,Spokane,,5012,Air Distribution,5012 · Engineered Inventory Costs,,,,,,1510,1602,100,000,511000,0000,000,1020,0000,1510.1602.100.000.511000.0000.000.1020.0000
Greenheck Fan Corporation (v),,Bill,2026-01-13 00:00:00,95665426,FB: PO# - 26-10224  Created for SO #244026  SO Note: Jesse Galloway 2064021097  po# S8161JG,Net 60,46065,46,360.11,Spokane,,5012,Air Distribution,5012 · Engineered Inventory Costs,,,,,,1510,1602,100,000,511000,0000,000,1020,0000,1510.1602.100.000.511000.0000.000.1020.0000
Greenheck Fan Corporation (v),,Bill,2026-01-14 00:00:00,95666112,FB: PO# - 26-10078  Created for SO #243785  SO Note: Job: 25-240 5115 Apartments  Attention: Cha...,Net 60,46066,45,2530.16,Spokane,,5012,Air Distribution,5012 · Engineered Inventory Costs,,,,,,1510,1602,100,000,511000,0000,000,1020,0000,1510.1602.100.000.511000.0000.000.1020.0000
Greenheck Fan Corporation (v),,Bill,2026-01-14 00:00:00,95666622,FB: PO# - 26-10107  Created for SO #243819,Net 60,46066,45,900.39,Spokane,,5012,Air Distribution,5012 · Engineered Inventory Costs,,,,,,1510,1602,100,000,511000,0000,000,1020,0000,1510.1602.100.000.511000.0000.000.1020.0000
Greenheck Fan Corporation (v),,Bill,2026-01-14 00:00:00,95666687,FB: PO# - 25-18299W  Created for SO #243797  SO Note: Created from RMA #888  Replacement side pa...,Net 60,46066,45,43.84,Spokane,,5012,Air Distribution,5012 · Engineered Inventory Costs,,,,,,1510,1602,100,000,511000,0000,000,1020,0000,1510.1602.100.000.511000.0000.000.1020.0000
Greenheck Fan Corporation (v),,Bill,2026-01-14 00:00:00,95666668,FB: PO# - 25-18807  Created for SO #242472  SO Note: Mike Jenkins: 206-604-2360,Net 60,46066,45,339.7,Spokane,,5012,Air Distribution,5012 · Engineered Inventory Costs,,,,,,1510,1602,100,000,511000,0000,000,1020,0000,1510.1602.100.000.511000.0000.000.1020.0000
Greenheck Fan Corporation (v),,Bill,2026-01-14 00:00:00,95666936,FB: PO# - 25-18851  Created for SO #243447,Net 60,46066,45,1292.08,Spokane,,5012,Air Distribution,5012 · Engineered Inventory Costs,,,,,,1510,1602,100,000,511000,0000,000,1020,0000,1510.1602.100.000.511000.0000.000.1020.0000
Greenheck Fan Corporation (v),,Bill,2026-01-14 00:00:00,95666935,FB: PO# - 25-18630  Created for SO #243107,Net 60,46066,45,5546.61,Spokane,,5012,Air Distribution,5012 · Engineered Inventory Costs,,,,,,1510,1602,100,000,511000,0000,000,1020,0000,1510.1602.100.000.511000.0000.000.1020.0000
Greenheck Fan Corporation (v),,Bill,2026-01-14 00:00:00,95667135,FB: PO# - 25-18187  Created for SO #242301,Net 60,46066,45,1001.54,Spokane,,5012,Air Distribution,5012 · Engineered Inventory Costs,,,,,,1510,1602,100,000,511000,0000,000,1020,0000,1510.1602.100.000.511000.0000.000.1020.0000
Greenheck Fan Corporation (v),,Bill,2026-01-14 00:00:00,95667079,FB: PO# - 25-17883  Created for SO #241748  SO Note: ATTN: Devin Bennett  425-281-2839,Net 60,46066,45,37194.56,Spokane,,5012,Air Distribution,5012 · Engineered Inventory Costs,,,,,,1510,1602,100,000,511000,0000,000,1020,0000,1510.1602.100.000.511000.0000.000.1020.0000
Greenheck Fan Corporation (v),,Bill,2026-01-14 00:00:00,95667224,FB: PO# - 26-10272  Created for SO #244135  SO Note: John Henkel 206-617-6190  Silas HS Tacoma  ...,Net 60,46066,45,140.17,Spokane,,5012,Air Distribution,5012 · Engineered Inventory Costs,,,,,,1510,1602,100,000,511000,0000,000,1020,0000,1510.1602.100.000.511000.0000.000.1020.0000
Greenheck Fan Corporation (v),,Bill,2026-01-14 00:00:00,95667265,FB: PO# - 25-18086  Created for SO #242142,Net 60,46066,45,1776.29,Spokane,,5012,Air Distribution,5012 · Engineered Inventory Costs,,,,,,1510,1602,100,000,511000,0000,000,1020,0000,1510.1602.100.000.511000.0000.000.1020.0000
Greenheck Fan Corporation (v),,Bill,2026-01-14 00:00:00,95667269,"FB: PO# - 25-18835  Ordered on a 'standard' multiplier, however GH is going to be changing it to...",Net 60,46066,45,1349.27,Spokane,,5012,Air Distribution,5012 · Engineered Inventory Costs,,,,,,1510,1602,100,000,511000,0000,000,1020,0000,1510.1602.100.000.511000.0000.000.1020.0000
Greenheck Fan Corporation (v),,Bill,2026-01-14 00:00:00,95667370,FB: PO# - 25-18818  Created for SO #242732  SO Note: Attn: Eli Ruff 360-623-2805  PO 2105495005,Net 60,46066,45,1035.22,Spokane,,5012,Air Distribution,5012 · Engineered Inventory Costs,,,,,,1510,1602,100,000,511000,0000,000,1020,0000,1510.1602.100.000.511000.0000.000.1020.0000
Greenheck Fan Corporation (v),,Bill,2026-01-14 00:00:00,95666732,FB: PO# - 25-18717  Created for SO #243262,Net 60,46066,45,11180.02,Spokane,,5012,Air Distribution,5012 · Engineered Inventory Costs,,,,,,1510,1602,100,000,511000,0000,000,1020,0000,1510.1602.100.000.511000.0000.000.1020.0000
Greenheck Fan Corporation (v),,Bill,2026-01-14 00:00:00,95667270,FB: PO# - 25-17763  Created for SO #241558,Net 60,46066,45,3791.04,Spokane,,5012,Air Distribution,5012 · Engineered Inventory Costs,,,,,,1510,1602,100,000,511000,0000,000,1020,0000,1510.1602.100.000.511000.0000.000.1020.0000
Greenheck Fan Corporation (v),,Bill,2026-01-15 00:00:00,95667641,FB: PO# - 25-18796  Created for SO #243441  Justin Riggins (253) 348-9888 | cell,Net 60,46067,44,69.31,Spokane,,5012,Air Distribution,5012 · Engineered Inventory Costs,,,,,,1510,1602,100,000,511000,0000,000,1020,0000,1510.1602.100.000.511000.0000.000.1020.0000
Greenheck Fan Corporation (v),,Bill,2026-01-15 00:00:00,95668368,FB: PO# - 25-18848  Created for SO #243565,Net 60,46067,44,3984.74,Spokane,,5012,Air Distribution,5012 · Engineered Inventory Costs,,,,,,1510,1602,100,000,511000,0000,000,1020,0000,1510.1602.100.000.511000.0000.000.1020.0000
Greenheck Fan Corporation (v),,Bill,2026-01-15 00:00:00,95668631,FB: PO# - 25-18340  Created for SO #242549,Net 60,46067,44,755.34,Spokane,,5012,Air Distribution,5012 · Engineered Inventory Costs,,,,,,1510,1602,100,000,511000,0000,000,1020,0000,1510.1602.100.000.511000.0000.000.1020.0000
Greenheck Fan Corporation (v),,Bill,2026-01-15 00:00:00,95668632,FB: PO# - 25-18677  Created for SO #243209,Net 60,46067,44,1421.56,Spokane,,5012,Air Distribution,5012 · Engineered Inventory Costs,,,,,,1510,1602,100,000,511000,0000,000,1020,0000,1510.1602.100.000.511000.0000.000.1020.0000
Greenheck Fan Corporation (v),,Bill,2026-01-15 00:00:00,95667520,FB: PO# - 26-10108  Created for SO #243847,Net 60,46067,44,608.42,Spokane,,5012,Air Distribution,5012 · Engineered Inventory Costs,,,,,,1510,1602,100,000,511000,0000,000,1020,0000,1510.1602.100.000.511000.0000.000.1020.0000
Greenheck Fan Corporation (v),,Bill,2026-01-15 00:00:00,95667739,FB: PO# - 25-17828  Created for SO #241646,Net 60,46067,44,3194.12,Spokane,,5012,Air Distribution,5012 · Engineered Inventory Costs,,,,,,1510,1602,100,000,511000,0000,000,1020,0000,1510.1602.100.000.511000.0000.000.1020.0000
Greenheck Fan Corporation (v),,Bill,2026-01-16 00:00:00,95669631,FB: PO# - 25-18725  Created for SO #243296,Net 60,46068,43,928.18,Spokane,,5012,Air Distribution,5012 · Engineered Inventory Costs,,,,,,1510,1602,100,000,511000,0000,000,1020,0000,1510.1602.100.000.511000.0000.000.1020.0000
Greenheck Fan Corporation (v),,Bill,2026-01-16 00:00:00,95669376,"FB: PO# - 26-10203  Created for SO #243983  Joe Schumacher, CPD  |  Hermanson Company, LLP  | Ce...",Net 60,46068,43,483.61,Spokane,,5012,Air Distribution,5012 · Engineered Inventory Costs,,,,,,1510,1602,100,000,511000,0000,000,1020,0000,1510.1602.100.000.511000.0000.000.1020.0000
Greenheck Fan Corporation (v),,Bill,2026-01-16 00:00:00,95668946,FB: PO# - 25-18679  Created for SO #243216,Net 60,46068,43,1396.97,Spokane,,5012,Air Distribution,5012 · Engineered Inventory Costs,,,,,,1510,1602,100,000,511000,0000,000,1020,0000,1510.1602.100.000.511000.0000.000.1020.0000
Greenheck Fan Corporation (v),,Bill,2026-01-16 00:00:00,956692255,FB: PO# - 25-15302W2  Created for SO #244274  SO Note: Created from RMA #902  Replacement VGD un...,Net 60,46068,43,361.22,Spokane,,5012,Air Distribution,5012 · Engineered Inventory Costs,,,,,,1510,1602,100,000,511000,0000,000,1020,0000,1510.1602.100.000.511000.0000.000.1020.0000
Greenheck Fan Corporation (v),,Bill,2026-01-16 00:00:00,95668367,FB: PO# - 25-18826  Created for SO #243512,Net 60,46068,43,6685.34,Spokane,,5012,Air Distribution,5012 · Engineered Inventory Costs,,,,,,1510,1602,100,000,511000,0000,000,1020,0000,1510.1602.100.000.511000.0000.000.1020.0000
Greenheck Fan Corporation (v),,Bill,2026-01-16 00:00:00,95669899,FB: PO# - 26-10370  Created for SO #244210  SO Note: Sergio Carrillo  253-968-2071    PO 832260267,Net 60,46068,43,73.77,Spokane,,5012,Air Distribution,5012 · Engineered Inventory Costs,,,,,,1510,1602,100,000,511000,0000,000,1020,0000,1510.1602.100.000.511000.0000.000.1020.0000
Greenheck Fan Corporation (v),,Bill,2026-01-16 00:00:00,95670036,FB: PO# - 25-18736  Created for SO #243317,Net 60,46068,43,1235.75,Spokane,,5012,Air Distribution,5012 · Engineered Inventory Costs,,,,,,1510,1602,100,000,511000,0000,000,1020,0000,1510.1602.100.000.511000.0000.000.1020.0000
Greenheck Fan Corporation (v),,Bill,2026-01-16 00:00:00,95668987,FB: PO# - 26-10054  Created for SO #243728  SO Note: Derek Soley - 206.919.7812  Cameron Pomada ...,Net 60,46068,43,50,Spokane,,5012,Air Distribution,5012 · Engineered Inventory Costs,,,,,,1510,1602,100,000,511000,0000,000,1020,0000,1510.1602.100.000.511000.0000.000.1020.0000
Greenheck Fan Corporation (v),,Bill,2026-01-16 00:00:00,95668986,FB: PO# - 26-10016  Created for SO #243663,Net 60,46068,43,625.68,Spokane,,5012,Air Distribution,5012 · Engineered Inventory Costs,,,,,,1510,1602,100,000,511000,0000,000,1020,0000,1510.1602.100.000.511000.0000.000.1020.0000
Greenheck Fan Corporation (v),,Bill,2026-01-19 00:00:00,95670809,FB: PO# - 26-10162  Created for SO #243913,Net 60,46071,40,231.39,Spokane,,5012,Air Distribution,5012 · Engineered Inventory Costs,,,,,,1510,1602,100,000,511000,0000,000,1020,0000,1510.1602.100.000.511000.0000.000.1020.0000
Greenheck Fan Corporation (v),,Bill,2026-01-19 00:00:00,95670935,FB: PO# - 26-10114  Created for SO #243772,Net 60,46071,40,2426.1,Spokane,,5012,Air Distribution,5012 · Engineered Inventory Costs,,,,,,1510,1602,100,000,511000,0000,000,1020,0000,1510.1602.100.000.511000.0000.000.1020.0000
Greenheck Fan Corporation (v),,Bill,2026-01-19 00:00:00,95671039,FB: PO# - 25-18791  Created for SO #243426,Net 60,46071,40,3666.65,Spokane,,5012,Air Distribution,5012 · Engineered Inventory Costs,,,,,,1510,1602,100,000,511000,0000,000,1020,0000,1510.1602.100.000.511000.0000.000.1020.0000
Greenheck Fan Corporation (v),,Bill,2026-01-19 00:00:00,95671255,FB: PO# - 26-10411  Created for SO #244347  SO Note: Rey Canonizado  Link Apts  PO 305415,Net 60,46071,40,450,Spokane,,5012,Air Distribution,5012 · Engineered Inventory Costs,,,,,,1510,1602,100,000,511000,0000,000,1020,0000,1510.1602.100.000.511000.0000.000.1020.0000
Greenheck Fan Corporation (v),,Bill,2026-01-19 00:00:00,95671371,FB: PO# - 26-10215  Created for SO #244014,Net 60,46071,40,892.82,Spokane,,5012,Air Distribution,5012 · Engineered Inventory Costs,,,,,,1510,1602,100,000,511000,0000,000,1020,0000,1510.1602.100.000.511000.0000.000.1020.0000
Greenheck Fan Corporation (v),,Bill,2026-01-20 00:00:00,95672047,FB: PO# - 25-18868  Created for SO #242933,Net 60,46072,39,244.75,Spokane,,5012,Air Distribution,5012 · Engineered Inventory Costs,,,,,,1510,1602,100,000,511000,0000,000,1020,0000,1510.1602.100.000.511000.0000.000.1020.0000
Greenheck Fan Corporation (v),,Bill,2026-01-20 00:00:00,95672253,FB: PO# - 26-10223  Created for SO #244023  SO Note: Jared Wold  206-887-7196  PO#686330  MUA & ...,Net 60,46072,39,1468.54,Spokane,,5012,Air Distribution,5012 · Engineered Inventory Costs,,,,,,1510,1602,100,000,511000,0000,000,1020,0000,1510.1602.100.000.511000.0000.000.1020.0000
Greenheck Fan Corporation (v),,Bill,2026-01-20 00:00:00,95672290,FB: PO# - 26-10207  Created for SO #243998  Cameron Foreman  Assistant Project Manager  Emerald ...,Net 60,46072,39,495.91,Spokane,,5012,Air Distribution,5012 · Engineered Inventory Costs,,,,,,1510,1602,100,000,511000,0000,000,1020,0000,1510.1602.100.000.511000.0000.000.1020.0000
Greenheck Fan Corporation (v),,Bill,2026-01-20 00:00:00,95672291,FB: PO# - 26-10285  Created for SO #244157,Net 60,46072,39,2355.74,Spokane,,5012,Air Distribution,5012 · Engineered Inventory Costs,,,,,,1510,1602,100,000,511000,0000,000,1020,0000,1510.1602.100.000.511000.0000.000.1020.0000
Greenheck Fan Corporation (v),,Bill,2026-01-20 00:00:00,95672251,FB: PO# - 26-10346  Created for SO #244250,Net 60,46072,39,1076.74,Spokane,,5012,Air Distribution,5012 · Engineered Inventory Costs,,,,,,1510,1602,100,000,511000,0000,000,1020,0000,1510.1602.100.000.511000.0000.000.1020.0000
Greenheck Fan Corporation (v),,Bill,2026-01-20 00:00:00,95672339,FB: PO# - 26-10237  Created for SO #244051  SO Note: Terry Moody 2535729484  PO# 1-14097-01,Net 60,46072,39,806.55,Spokane,,5012,Air Distribution,5012 · Engineered Inventory Costs,,,,,,1510,1602,100,000,511000,0000,000,1020,0000,1510.1602.100.000.511000.0000.000.1020.0000
Greenheck Fan Corporation (v),,Bill,2026-01-20 00:00:00,95672336,FB: PO# - 26-10128  Created for SO #243869  Mike Willis  Project Engineer    Auburn Mechanical  ...,Net 60,46072,39,621.93,Spokane,,5012,Air Distribution,5012 · Engineered Inventory Costs,,,,,,1510,1602,100,000,511000,0000,000,1020,0000,1510.1602.100.000.511000.0000.000.1020.0000
Greenheck Fan Corporation (v),,Bill,2026-01-20 00:00:00,95672337,FB: PO# - 26-10232  Created for SO #244043,Net 60,46072,39,2085.71,Spokane,,5012,Air Distribution,5012 · Engineered Inventory Costs,,,,,,1510,1602,100,000,511000,0000,000,1020,0000,1510.1602.100.000.511000.0000.000.1020.0000
Greenheck Fan Corporation (v),,Bill,2026-01-20 00:00:00,95672437,FB: PO# - 26-10425  Created for SO #244373  SO Note: Aaron Meaker  PO# 687784  Job Name: SILVER ...,Net 60,46072,39,345.06,Spokane,,5012,Air Distribution,5012 · Engineered Inventory Costs,,,,,,1510,1602,100,000,511000,0000,000,1020,0000,1510.1602.100.000.511000.0000.000.1020.0000
Greenheck Fan Corporation (v),,Bill,2026-01-20 00:00:00,95672660,FB: PO# - 26-10458  Created for SO #244422  SO Note: Joey 206-917-7709  DSW 3,Net 60,46072,39,518.37,Spokane,,5012,Air Distribution,5012 · Engineered Inventory Costs,,,,,,1510,1602,100,000,511000,0000,000,1020,0000,1510.1602.100.000.511000.0000.000.1020.0000
Greenheck Fan Corporation (v),,Bill,2026-01-20 00:00:00,95672661,FB: PO# - 26-10460  Created for SO #244426  SO Note: Matt Oakley 4254197442  Century   PO 26039,Net 60,46072,39,228.69,Spokane,,5012,Air Distribution,5012 · Engineered Inventory Costs,,,,,,1510,1602,100,000,511000,0000,000,1020,0000,1510.1602.100.000.511000.0000.000.1020.0000
Greenheck Fan Corporation (v),,Bill,2026-01-20 00:00:00,95672609,FB: PO# - 26-10163  Created for SO #243909,Net 60,46072,39,384.16,Spokane,,5012,Air Distribution,5012 · Engineered Inventory Costs,,,,,,1510,1602,100,000,511000,0000,000,1020,0000,1510.1602.100.000.511000.0000.000.1020.0000
Greenheck Fan Corporation (v),,Bill,2026-01-21 00:00:00,95672967,FB: PO# - 25-18531  Created for SO #242930,Net 60,46073,38,4944.16,Spokane,,5012,Air Distribution,5012 · Engineered Inventory Costs,,,,,,1510,1602,100,000,511000,0000,000,1020,0000,1510.1602.100.000.511000.0000.000.1020.0000
Greenheck Fan Corporation (v),,Bill,2026-01-21 00:00:00,95672968,FB: PO# - 26-10428  Created for SO #244293,Net 60,46073,38,318.76,Spokane,,5012,Air Distribution,5012 · Engineered Inventory Costs,,,,,,1510,1602,100,000,511000,0000,000,1020,0000,1510.1602.100.000.511000.0000.000.1020.0000
Greenheck Fan Corporation (v),,Bill,2026-01-21 00:00:00,95673066,FB: PO# - 26-10385  Created for SO #244297,Net 60,46073,38,150.47,Spokane,,5012,Air Distribution,5012 · Engineered Inventory Costs,,,,,,1510,1602,100,000,511000,0000,000,1020,0000,1510.1602.100.000.511000.0000.000.1020.0000
Greenheck Fan Corporation (v),,Bill,2026-01-21 00:00:00,95673170,FB: PO# - 26-10132  Created for SO #243029,Net 60,46073,38,2676.31,Spokane,,5012,Air Distribution,5012 · Engineered Inventory Costs,,,,,,1510,1602,100,000,511000,0000,000,1020,0000,1510.1602.100.000.511000.0000.000.1020.0000
Greenheck Fan Corporation (v),,Bill,2026-01-21 00:00:00,95673908,FB: PO# - 26-10398  Created for SO #244259  SO Note: Micheal Hebert: 425-761-3209    5/20/2025 w...,Net 60,46073,38,389.45,Spokane,,5012,Air Distribution,5012 · Engineered Inventory Costs,,,,,,1510,1602,100,000,511000,0000,000,1020,0000,1510.1602.100.000.511000.0000.000.1020.0000
Greenheck Fan Corporation (v),,Bill,2026-01-21 00:00:00,95673907,FB: PO# - 26-10391  Created for SO #244303,Net 60,46073,38,721.33,Spokane,,5012,Air Distribution,5012 · Engineered Inventory Costs,,,,,,1510,1602,100,000,511000,0000,000,1020,0000,1510.1602.100.000.511000.0000.000.1020.0000
Greenheck Fan Corporation (v),,Bill,2026-01-22 00:00:00,95675415,FB: PO# - 26-10347  Created for SO #244252,Net 60,46074,37,1257.24,Spokane,,5012,Air Distribution,5012 · Engineered Inventory Costs,,,,,,1510,1602,100,000,511000,0000,000,1020,0000,1510.1602.100.000.511000.0000.000.1020.0000
Greenheck Fan Corporation (v),,Bill,2026-01-22 00:00:00,95675744,FB: PO# - 26-10497  Created for SO #244497,Net 60,46074,37,399.76,Spokane,,5012,Air Distribution,5012 · Engineered Inventory Costs,,,,,,1510,1602,100,000,511000,0000,000,1020,0000,1510.1602.100.000.511000.0000.000.1020.0000
Greenheck Fan Corporation (v),,Bill,2026-01-22 00:00:00,95675794,FB: PO# - 26-10150  Created for SO #243801,Net 60,46074,37,901.8,Spokane,,5012,Air Distribution,5012 · Engineered Inventory Costs,,,,,,1510,1602,100,000,511000,0000,000,1020,0000,1510.1602.100.000.511000.0000.000.1020.0000
Greenheck Fan Corporation (v),,Bill,2026-01-22 00:00:00,95675742,FB: PO# - 25-18848  Created for SO #243565,Net 60,46074,37,3461.8,Spokane,,5012,Air Distribution,5012 · Engineered Inventory Costs,,,,,,1510,1602,100,000,511000,0000,000,1020,0000,1510.1602.100.000.511000.0000.000.1020.0000
Greenheck Fan Corporation (v),,Bill,2026-01-22 00:00:00,95675602,FB: PO# - 26-10506  Created for SO #244515,Net 60,46074,37,195.58,Spokane,,5012,Air Distribution,5012 · Engineered Inventory Costs,,,,,,1510,1602,100,000,511000,0000,000,1020,0000,1510.1602.100.000.511000.0000.000.1020.0000
Greenheck Fan Corporation (v),,Bill,2026-01-22 00:00:00,95675865,FB: PO# - 25-18285  Created for SO #242458  Ryan McLaughlin | Sr. Project Manager  430 SW 153rd ...,Net 60,46074,37,5128.33,Spokane,,5012,Air Distribution,5012 · Engineered Inventory Costs,,,,,,1510,1602,100,000,511000,0000,000,1020,0000,1510.1602.100.000.511000.0000.000.1020.0000
Greenheck Fan Corporation (v),,Bill,2026-01-22 00:00:00,95674555,FB: PO# - 25-18804  Created for SO #243459,Net 60,46074,37,5668.7,Spokane,,5012,Air Distribution,5012 · Engineered Inventory Costs,,,,,,1510,1602,100,000,511000,0000,000,1020,0000,1510.1602.100.000.511000.0000.000.1020.0000
Greenheck Fan Corporation (v),,Bill,2026-01-23 00:00:00,95676635,FB: PO# - 25-18828  Created for SO #243514,Net 60,46075,36,699.58,Spokane,,5012,Air Distribution,5012 · Engineered Inventory Costs,,,,,,1510,1602,100,000,511000,0000,000,1020,0000,1510.1602.100.000.511000.0000.000.1020.0000
Greenheck Fan Corporation (v),,Bill,2026-01-23 00:00:00,95676507,FB: PO# - 26-10452  Created for SO #244326  SO Note: Pete 509-624-8346  PO 26191,Net 60,46075,36,967.49,Spokane,,5012,Air Distribution,5012 · Engineered Inventory Costs,,,,,,1510,1602,100,000,511000,0000,000,1020,0000,1510.1602.100.000.511000.0000.000.1020.0000
Greenheck Fan Corporation (v),,Bill,2026-01-23 00:00:00,95676508,FB: PO# - 26-10253  Created for SO #244089,Net 60,46075,36,425.83,Spokane,,5012,Air Distribution,5012 · Engineered Inventory Costs,,,,,,1510,1602,100,000,511000,0000,000,1020,0000,1510.1602.100.000.511000.0000.000.1020.0000
Greenheck Fan Corporation (v),,Bill,2026-01-23 00:00:00,95676892,FB: PO# - 26-10547  Created for SO #244575  SO Note: Jared Wold  206-887-7196  PO# 689378  Job N...,Net 60,46075,36,257.41,Spokane,,5012,Air Distribution,5012 · Engineered Inventory Costs,,,,,,1510,1602,100,000,511000,0000,000,1020,0000,1510.1602.100.000.511000.0000.000.1020.0000
Greenheck Fan Corporation (v),,Bill,2026-01-23 00:00:00,95676910,FB: PO# - 26-10317  Created for SO #243484  SO Note: SHAY - Rec'd $9455 1.9.25 ACH,Net 60,46075,36,671.76,Spokane,,5012,Air Distribution,5012 · Engineered Inventory Costs,,,,,,1510,1602,100,000,511000,0000,000,1020,0000,1510.1602.100.000.511000.0000.000.1020.0000
Greenheck Fan Corporation (v),,Bill,2026-01-23 00:00:00,95677101,FB: PO# - 26-10559  Created for SO #244514  SO Note: Andrew Robison 2533848044  Haggen3450  PO 2...,Net 60,46075,36,140.25,Spokane,,5012,Air Distribution,5012 · Engineered Inventory Costs,,,,,,1510,1602,100,000,511000,0000,000,1020,0000,1510.1602.100.000.511000.0000.000.1020.0000
Greenheck Fan Corporation (v),,Bill,2026-01-23 00:00:00,95677132,FB: PO# - 26-10250  Created for SO #244072,Net 60,46075,36,4147.32,Spokane,,5012,Air Distribution,5012 · Engineered Inventory Costs,,,,,,1510,1602,100,000,511000,0000,000,1020,0000,1510.1602.100.000.511000.0000.000.1020.0000
Greenheck Fan Corporation (v),,Bill,2026-01-24 00:00:00,95677273,FB: PO# - 26-10187  Created for SO #243962  SO Note: Steve Knowles (509) 992-7095  Brockton High...,Net 60,46076,35,244.06,Spokane,,5012,Air Distribution,5012 · Engineered Inventory Costs,,,,,,1510,1602,100,000,511000,0000,000,1020,0000,1510.1602.100.000.511000.0000.000.1020.0000
Greenheck Fan Corporation (v),,Bill,2026-01-26 00:00:00,95653159 X,FB: PO# - 25-16307  Created for SO #239077  SO Note: Call 48 Hours Prior to Delivery	  Attn: Ans...,Net 60,46078,33,122363.55,Spokane,,5012,Air Distribution,5012 · Engineered Inventory Costs,,,,,,1510,1602,100,000,511000,0000,000,1020,0000,1510.1602.100.000.511000.0000.000.1020.0000
Greenheck Fan Corporation (v),,Bill,2026-01-26 00:00:00,95677485,FB: PO# - 25-18266  Created for SO #242419,Net 60,46078,33,4307.59,Spokane,,5012,Air Distribution,5012 · Engineered Inventory Costs,,,,,,1510,1602,100,000,511000,0000,000,1020,0000,1510.1602.100.000.511000.0000.000.1020.0000
Greenheck Fan Corporation (v),,Bill,2026-01-26 00:00:00,95677544,FB: PO# - 25-18010  Created for SO #241991,Net 60,46078,33,9612.53,Spokane,,5012,Air Distribution,5012 · Engineered Inventory Costs,,,,,,1510,1602,100,000,511000,0000,000,1020,0000,1510.1602.100.000.511000.0000.000.1020.0000
Greenheck Fan Corporation (v),,Bill,2026-01-26 00:00:00,95677545,FB: PO# - 26-10165  Created for SO #243916  SO Note: Giovanny Espinoza Tel. 425-591-6914,Net 60,46078,33,929.88,Spokane,,5012,Air Distribution,5012 · Engineered Inventory Costs,,,,,,1510,1602,100,000,511000,0000,000,1020,0000,1510.1602.100.000.511000.0000.000.1020.0000
Greenheck Fan Corporation (v),,Bill,2026-01-26 00:00:00,95677582,FB: PO# - 25-18502  Created for SO #242856,Net 60,46078,33,9001.28,Spokane,,5012,Air Distribution,5012 · Engineered Inventory Costs,,,,,,1510,1602,100,000,511000,0000,000,1020,0000,1510.1602.100.000.511000.0000.000.1020.0000
Greenheck Fan Corporation (v),,Bill,2026-01-26 00:00:00,95678077,FB: PO# - 26-10353  Created for SO #244260,Net 60,46078,33,1063.69,Spokane,,5012,Air Distribution,5012 · Engineered Inventory Costs,,,,,,1510,1602,100,000,511000,0000,000,1020,0000,1510.1602.100.000.511000.0000.000.1020.0000
Greenheck Fan Corporation (v),,Bill,2026-01-26 00:00:00,95677829,FB: PO# - 26-10557  Created for SO #244596  SO Note: John Douglas - 3604791531  UPS RED  PO 6343602,Net 60,46078,33,484.91,Spokane,,5012,Air Distribution,5012 · Engineered Inventory Costs,,,,,,1510,1602,100,000,511000,0000,000,1020,0000,1510.1602.100.000.511000.0000.000.1020.0000
Greenheck Fan Corporation (v),,Bill,2026-01-26 00:00:00,95678147,FB: PO# - 25-18502  Created for SO #242856,Net 60,46078,33,669.24,Spokane,,5012,Air Distribution,5012 · Engineered Inventory Costs,,,,,,1510,1602,100,000,511000,0000,000,1020,0000,1510.1602.100.000.511000.0000.000.1020.0000
Greenheck Fan Corporation (v),,Bill,2026-01-26 00:00:00,95678259,FB: PO# - 26-10588  Created for SO #244647  SO Note: Lawson/Joe  PO 26-6006,Net 60,46078,33,200.81,Spokane,,5012,Air Distribution,5012 · Engineered Inventory Costs,,,,,,1510,1602,100,000,511000,0000,000,1020,0000,1510.1602.100.000.511000.0000.000.1020.0000
Greenheck Fan Corporation (v),,Bill,2026-01-26 00:00:00,95678297,FB: PO# - 26-10595  Created for SO #244645  SO Note: Logan Harvey - 2062002876  RIKKI,Net 60,46078,33,355.82,Spokane,,5012,Air Distribution,5012 · Engineered Inventory Costs,,,,,,1510,1602,100,000,511000,0000,000,1020,0000,1510.1602.100.000.511000.0000.000.1020.0000
Greenheck Fan Corporation (v),,Bill,2026-01-26 00:00:00,95678335,FB: PO# - 26-10571  Created for SO #244619,Net 60,46078,33,168.73,Spokane,,5012,Air Distribution,5012 · Engineered Inventory Costs,,,,,,1510,1602,100,000,511000,0000,000,1020,0000,1510.1602.100.000.511000.0000.000.1020.0000
Greenheck Fan Corporation (v),,Bill,2026-01-26 00:00:00,95678296,FB: PO# - 26-10593  Created for SO #244658  SO Note: Ryan 2063963808.  FS 25,Net 60,46078,33,206.93,Spokane,,5012,Air Distribution,5012 · Engineered Inventory Costs,,,,,,1510,1602,100,000,511000,0000,000,1020,0000,1510.1602.100.000.511000.0000.000.1020.0000
Greenheck Fan Corporation (v),,Bill,2026-01-26 00:00:00,95678173,FB: PO# - 26-10439  Created for SO #244375,Net 60,46078,33,1972.84,Spokane,,5012,Air Distribution,5012 · Engineered Inventory Costs,,,,,,1510,1602,100,000,511000,0000,000,1020,0000,1510.1602.100.000.511000.0000.000.1020.0000
Greenheck Fan Corporation (v),,Bill,2026-01-27 00:00:00,95678613,FB: PO# - 25-18362  Created for SO #242644,Net 60,46079,32,4150,Spokane,,5012,Air Distribution,5012 · Engineered Inventory Costs,,,,,,1510,1602,100,000,511000,0000,000,1020,0000,1510.1602.100.000.511000.0000.000.1020.0000
Greenheck Fan Corporation (v),,Bill,2026-01-27 00:00:00,95679247,FB: PO# - 26-10424  Created for SO #244368  Ryan McLaughlin | Sr. Project Manager  430 SW 153rd ...,Net 60,46079,32,815.74,Spokane,,5012,Air Distribution,5012 · Engineered Inventory Costs,,,,,,1510,1602,100,000,511000,0000,000,1020,0000,1510.1602.100.000.511000.0000.000.1020.0000
Greenheck Fan Corporation (v),,Bill,2026-01-27 00:00:00,95679486,FB: PO# - 26-10269  Created for SO #244128,Net 60,46079,32,134.03,Spokane,,5012,Air Distribution,5012 · Engineered Inventory Costs,,,,,,1510,1602,100,000,511000,0000,000,1020,0000,1510.1602.100.000.511000.0000.000.1020.0000
Greenheck Fan Corporation (v),,Bill,2026-01-27 00:00:00,95679592,FB: PO# - 26-10320  Created for SO #244211,Net 60,46079,32,610.62,Spokane,,5012,Air Distribution,5012 · Engineered Inventory Costs,,,,,,1510,1602,100,000,511000,0000,000,1020,0000,1510.1602.100.000.511000.0000.000.1020.0000
Greenheck Fan Corporation (v),,Bill,2026-01-28 00:00:00,95680131,FB: PO# - 26-10545  Created for SO #244573,Net 60,46080,31,410.08,Spokane,,5012,Air Distribution,5012 · Engineered Inventory Costs,,,,,,1510,1602,100,000,511000,0000,000,1020,0000,1510.1602.100.000.511000.0000.000.1020.0000
Greenheck Fan Corporation (v),,Bill,2026-01-28 00:00:00,95680305,FB: PO# - 26-10463  Created for SO #242614  SO Note: Mike Jenkins: 206-604-2360,Net 60,46080,31,686.23,Spokane,,5012,Air Distribution,5012 · Engineered Inventory Costs,,,,,,1510,1602,100,000,511000,0000,000,1020,0000,1510.1602.100.000.511000.0000.000.1020.0000
Greenheck Fan Corporation (v),,Bill,2026-01-28 00:00:00,95680642,FB: PO# - 25-17212W  Created for SO #244690  Created from RMA #913  Replacement motor under warr...,Net 60,46080,31,928.27,Spokane,,5012,Air Distribution,5012 · Engineered Inventory Costs,,,,,,1510,1602,100,000,511000,0000,000,1020,0000,1510.1602.100.000.511000.0000.000.1020.0000
Greenheck Fan Corporation (v),,Bill,2026-01-28 00:00:00,95680641,FB: PO# - 26-10486  Created for SO #244479,Net 60,46080,31,544.06,Spokane,,5012,Air Distribution,5012 · Engineered Inventory Costs,,,,,,1510,1602,100,000,511000,0000,000,1020,0000,1510.1602.100.000.511000.0000.000.1020.0000
Greenheck Fan Corporation (v),,Bill,2026-01-28 00:00:00,95680745,FB: PO# - 26-10628  Created for SO #244743,Net 60,46080,31,166.46,Spokane,,5012,Air Distribution,5012 · Engineered Inventory Costs,,,,,,1510,1602,100,000,511000,0000,000,1020,0000,1510.1602.100.000.511000.0000.000.1020.0000
King Electrical Mfg. Co,,Bill,2026-02-02 00:00:00,ICOM012744,FB: PO# - 26-10193  Created for SO #243976,Net 30,46085,26,598.37,Spokane,,5012,Air Distribution,5012 · Engineered Inventory Costs,,,,,,1510,1602,100,000,511000,0000,000,1020,0000,1510.1602.100.000.511000.0000.000.1020.0000
King Electrical Mfg. Co,,Bill,2026-02-04 00:00:00,ICOM0102811,FB: PO# - 26-10445  Created for SO #244405,Net 30,46087,24,1394,Spokane,,5012,Air Distribution,5012 · Engineered Inventory Costs,,,,,,1510,1602,100,000,511000,0000,000,1020,0000,1510.1602.100.000.511000.0000.000.1020.0000
King Electrical Mfg. Co,,Bill,2026-02-06 00:00:00,ICOM0102877,FB: PO# - 26-10664  Created for SO #244815,Net 30,46089,22,765,Spokane,,5012,Air Distribution,5012 · Engineered Inventory Costs,,,,,,1510,1602,100,000,511000,0000,000,1020,0000,1510.1602.100.000.511000.0000.000.1020.0000
King Electrical Mfg. Co,,Bill,2026-02-09 00:00:00,ICOM0102931,FB: PO# - 26-10723  Created for SO #244905,Net 30,46092,19,231.62,Spokane,,5012,Air Distribution,5012 · Engineered Inventory Costs,,,,,,1510,1602,100,000,511000,0000,000,1020,0000,1510.1602.100.000.511000.0000.000.1020.0000
King Electrical Mfg. Co,,Bill,2026-02-10 00:00:00,ICOM0102968,FB: PO# - 26-10775  Created for SO #244996  Site Contact: Maddie Zabik 509-617-8113,Net 30,46093,18,1499.81,Spokane,,5012,Air Distribution,5012 · Engineered Inventory Costs,,,,,,1510,1602,100,000,511000,0000,000,1020,0000,1510.1602.100.000.511000.0000.000.1020.0000
King Electrical Mfg. Co,,Bill,2026-02-16 00:00:00,ICOM0103156,FB: PO# - 26-10926  Created for SO #245274,Net 30,46099,12,2376.15,Spokane,,5012,Air Distribution,5012 · Engineered Inventory Costs,,,,,,1510,1602,100,000,511000,0000,000,1020,0000,1510.1602.100.000.511000.0000.000.1020.0000
King Electrical Mfg. Co,,Bill,2026-02-17 00:00:00,ICOM0103203,FB: PO# - 26-10847  Created for SO #245133,Net 30,46100,11,150.9,Spokane,,5012,Air Distribution,5012 · Engineered Inventory Costs,,,,,,1510,1602,100,000,511000,0000,000,1020,0000,1510.1602.100.000.511000.0000.000.1020.0000
King Electrical Mfg. Co,,Bill,2026-02-17 00:00:00,ICOM0103208,FB: PO# - 26-10907  Created for SO #245023,Net 30,46100,11,625.37,Spokane,,5012,Air Distribution,5012 · Engineered Inventory Costs,,,,,,1510,1602,100,000,511000,0000,000,1020,0000,1510.1602.100.000.511000.0000.000.1020.0000
King Electrical Mfg. Co,,Bill,2026-02-24 00:00:00,ICOM0103497,FB: PO# - 26-11182  Created for SO #245587,Net 30,46107,4,585.59,Spokane,,5012,Air Distribution,5012 · Engineered Inventory Costs,,,,,,1510,1602,100,000,511000,0000,000,1020,0000,1510.1602.100.000.511000.0000.000.1020.0000
Marley Engineered Products,Nancie Johnson-3411,Bill,2026-02-02 00:00:00,481875X,FB: PO# - 25-18719  Created for SO #243284  Site Contact: Robert D 509.934.0572,1% 30 NET 45,46100,26,3585.3,Spokane,,5012,Air Distribution,5012 · Engineered Inventory Costs,,,,,,1510,1602,100,000,511000,0000,000,1020,0000,1510.1602.100.000.511000.0000.000.1020.0000
Marley Engineered Products,Nancie Johnson-3411,Bill,2026-02-02 00:00:00,481877X,FB: PO# - 26-10572  PACKING SLIP MUST REFERENCE CUSTOMER PO# BMM1358,1% 30 NET 45,46100,26,528.85,Spokane,,5012,Air Distribution,5012 · Engineered Inventory Costs,,,,,,1510,1602,100,000,511000,0000,000,1020,0000,1510.1602.100.000.511000.0000.000.1020.0000
Marley Engineered Products,Nancie Johnson-3411,Bill,2026-02-02 00:00:00,481876X,"FB: PO# - 26-10090  Please mark shipment: ""McKinstry PO# 26007070""  Attn: Carolyn Hall (509) 676...",1% 30 NET 45,46100,26,699.87,Spokane,,5012,Air Distribution,5012 · Engineered Inventory Costs,,,,,,1510,1602,100,000,511000,0000,000,1020,0000,1510.1602.100.000.511000.0000.000.1020.0000
Marley Engineered Products,Nancie Johnson-3411,Bill,2026-02-05 00:00:00,483215,"FB: PO# - 26-10090  Please mark shipment: ""McKinstry PO# 26007070""  Attn: Carolyn Hall (509) 676...",1% 30 NET 45,46103,23,1115.58,Spokane,,5012,Air Distribution,5012 · Engineered Inventory Costs,,,,,,1510,1602,100,000,511000,0000,000,1020,0000,1510.1602.100.000.511000.0000.000.1020.0000
Marley Engineered Products,Nancie Johnson-3411,Bill,2026-02-10 00:00:00,484549,FB: PO# - 26-10580  Created for SO #244615  Site Contact: Andrea C 509-734-0669 ext 121,1% 30 NET 45,46108,18,990.4,Spokane,,5012,Air Distribution,5012 · Engineered Inventory Costs,,,,,,1510,1602,100,000,511000,0000,000,1020,0000,1510.1602.100.000.511000.0000.000.1020.0000
Marley Engineered Products,Nancie Johnson-3411,Bill,2026-02-23 00:00:00,488378,FB: PO# - 26-11277  Created for SO #245845,1% 30 NET 45,46121,5,1097.81,Spokane,,5012,Air Distribution,5012 · Engineered Inventory Costs,,,,,,1510,1602,100,000,511000,0000,000,1020,0000,1510.1602.100.000.511000.0000.000.1020.0000
Marley Engineered Products,Nancie Johnson-3411,Bill,2026-02-25 00:00:00,489031,FB: PO# - 26-11055  Created for SO #245495  Site Contact: Mary H 509-940-0296,1% 30 NET 45,46123,3,553.49,Spokane,,5012,Air Distribution,5012 · Engineered Inventory Costs,,,,,,1510,1602,100,000,511000,0000,000,1020,0000,1510.1602.100.000.511000.0000.000.1020.0000
Marley Engineered Products,Nancie Johnson-3411,Bill,2026-01-16 00:00:00,479162,FB: PO# - 25-18211  Created for SO #242336  SO Note: Pricing is OK,1% 30 NET 45,46083,43,12216.28,Spokane,,5012,Air Distribution,5012 · Engineered Inventory Costs,,,,,,1510,1602,100,000,511000,0000,000,1020,0000,1510.1602.100.000.511000.0000.000.1020.0000
Marley Engineered Products,Nancie Johnson-3411,Bill,2026-01-27 00:00:00,481081,FB: PO# - 26-10318  Created for SO #244207  Quote # Q-437698  Site Contact: Vince M,1% 30 NET 45,46094,32,2246.14,Spokane,,5012,Air Distribution,5012 · Engineered Inventory Costs,,,,,,1510,1602,100,000,511000,0000,000,1020,0000,1510.1602.100.000.511000.0000.000.1020.0000
Metalaire,,Bill,2026-02-02 00:00:00,95683255X,FB: PO# - 26-10441  Created for SO #244397,Net 30,46085,26,168.08,Spokane,,5012,Air Distribution,5012 · Engineered Inventory Costs,,,,,,1510,1602,100,000,511000,0000,000,1020,0000,1510.1602.100.000.511000.0000.000.1020.0000
Metalaire,,Bill,2026-02-02 00:00:00,95684580X,FB: PO# - 26-10204  Created for SO #243991,Net 60,46115,26,2324.84,Spokane,,5012,Air Distribution,5012 · Engineered Inventory Costs,,,,,,1510,1602,100,000,511000,0000,000,1020,0000,1510.1602.100.000.511000.0000.000.1020.0000
Metalaire,,Bill,2026-02-03 00:00:00,95686331,FB: PO# - 26-10303  Created for SO #244188,Net 30,46086,25,502.65,Spokane,,5012,Air Distribution,5012 · Engineered Inventory Costs,,,,,,1510,1602,100,000,511000,0000,000,1020,0000,1510.1602.100.000.511000.0000.000.1020.0000
Metalaire,,Bill,2026-02-05 00:00:00,95689038,FB: PO# - 26-10008  Created for SO #243644,Net 30,46088,23,560.84,Spokane,,5012,Air Distribution,5012 · Engineered Inventory Costs,,,,,,1510,1602,100,000,511000,0000,000,1020,0000,1510.1602.100.000.511000.0000.000.1020.0000
Metalaire,,Bill,2026-02-07 00:00:00,95691707,FB: PO# - 26-10570  Created for SO #244614,Net 30,46090,21,629.77,Spokane,,5012,Air Distribution,5012 · Engineered Inventory Costs,,,,,,1510,1602,100,000,511000,0000,000,1020,0000,1510.1602.100.000.511000.0000.000.1020.0000
Metalaire,,Bill,2026-02-10 00:00:00,95693485,FB: PO# - 25-18798  Created for SO #243443,Net 30,46093,18,1948.97,Spokane,,5012,Air Distribution,5012 · Engineered Inventory Costs,,,,,,1510,1602,100,000,511000,0000,000,1020,0000,1510.1602.100.000.511000.0000.000.1020.0000
Metalaire,,Bill,2026-02-13 00:00:00,95698158,FB: PO# - 26-10751  Created for SO #244958,Net 30,46096,15,142.96,Spokane,,5012,Air Distribution,5012 · Engineered Inventory Costs,,,,,,1510,1602,100,000,511000,0000,000,1020,0000,1510.1602.100.000.511000.0000.000.1020.0000
Metalaire,,Bill,2026-02-13 00:00:00,95698156,FB: PO# - 26-10779  Created for SO #245010,Net 30,46096,15,74.51,Spokane,,5012,Air Distribution,5012 · Engineered Inventory Costs,,,,,,1510,1602,100,000,511000,0000,000,1020,0000,1510.1602.100.000.511000.0000.000.1020.0000
Metalaire,,Bill,2026-02-13 00:00:00,95698157,FB: PO# - 26-10610  Created for SO #244677,Net 30,46096,15,1768.27,Spokane,,5012,Air Distribution,5012 · Engineered Inventory Costs,,,,,,1510,1602,100,000,511000,0000,000,1020,0000,1510.1602.100.000.511000.0000.000.1020.0000
Metalaire,,Bill,2026-02-17 00:00:00,95701155,FB: PO# - 26-10866  Created for SO #245178,Net 30,46100,11,1034.17,Spokane,,5012,Air Distribution,5012 · Engineered Inventory Costs,,,,,,1510,1602,100,000,511000,0000,000,1020,0000,1510.1602.100.000.511000.0000.000.1020.0000
Metalaire,,Bill,2026-02-20 00:00:00,95705443,FB: PO# - 26-10946  Created for SO #245311,Net 30,46103,8,79.42,Spokane,,5012,Air Distribution,5012 · Engineered Inventory Costs,,,,,,1510,1602,100,000,511000,0000,000,1020,0000,1510.1602.100.000.511000.0000.000.1020.0000
Metalaire,,Bill,2026-02-21 00:00:00,95706457,FB: PO# - 26-10998  Created for SO #245402,Net 30,46104,7,1692.33,Spokane,,5012,Air Distribution,5012 · Engineered Inventory Costs,,,,,,1510,1602,100,000,511000,0000,000,1020,0000,1510.1602.100.000.511000.0000.000.1020.0000
Metalaire,,Bill,2026-02-24 00:00:00,95708389,FB: PO# - 26-10757  Created for SO #244973,Net 30,46107,4,35266.43,Spokane,,5012,Air Distribution,5012 · Engineered Inventory Costs,,,,,,1510,1602,100,000,511000,0000,000,1020,0000,1510.1602.100.000.511000.0000.000.1020.0000
Metalaire,,Bill,2026-02-24 00:00:00,95708851,FB: PO# - 26-10537  Created for SO #244539,Net 30,46107,4,22036.88,Spokane,,5012,Air Distribution,5012 · Engineered Inventory Costs,,,,,,1510,1602,100,000,511000,0000,000,1020,0000,1510.1602.100.000.511000.0000.000.1020.0000
Metalaire,,Bill,2026-02-26 00:00:00,95711219,FB: PO# - 26-10772  Created for SO #244993,Net 30,46109,2,1488.53,Spokane,,5012,Air Distribution,5012 · Engineered Inventory Costs,,,,,,1510,1602,100,000,511000,0000,000,1020,0000,1510.1602.100.000.511000.0000.000.1020.0000
Metalaire,,Bill,2026-02-26 00:00:00,95711218,FB: PO# - 26-11119  Created for SO #245580,Net 30,46109,2,193.33,Spokane,,5012,Air Distribution,5012 · Engineered Inventory Costs,,,,,,1510,1602,100,000,511000,0000,000,1020,0000,1510.1602.100.000.511000.0000.000.1020.0000
Metalaire,,Bill,2026-01-07 00:00:00,95667642,FB: PO# - 26-10070  Created for SO #243628,Net 30,46059,52,330.48,Spokane,,5012,Air Distribution,5012 · Engineered Inventory Costs,,,,,,1510,1602,100,000,511000,0000,000,1020,0000,1510.1602.100.000.511000.0000.000.1020.0000
Metalaire,,Bill,2026-01-17 00:00:00,95670094,FB: PO# - 25-18699  Created for SO #243252,Net 30,46069,42,1595.09,Spokane,,5012,Air Distribution,5012 · Engineered Inventory Costs,,,,,,1510,1602,100,000,511000,0000,000,1020,0000,1510.1602.100.000.511000.0000.000.1020.0000
Modine Manufacturing Company,Cindy,Bill,2026-01-30 00:00:00,91852079,FB: PO# - 26-10421  Created for SO #244363,Net 30,46082,29,5438.69,Spokane,,5012,Air Distribution,5012 · Engineered Inventory Costs,,,,,,1510,1602,100,000,511000,0000,000,1020,0000,1510.1602.100.000.511000.0000.000.1020.0000
Panasonic Home & Commercial,,Bill,2026-02-10 00:00:00,9000111086,FB: PO# - 26-10474  Created for SO #244453  Site Contact: Eric 509-862-8704,1% 30 NET 45,46108,18,3300,Spokane,,5012,Air Distribution,5012 · Engineered Inventory Costs,,,,,,1510,1602,100,000,511000,0000,000,1020,0000,1510.1602.100.000.511000.0000.000.1020.0000
Panasonic Home & Commercial,,Bill,2026-02-15 00:00:00,9000116728,FB: PO# - 25-18659  Created for SO #243153  Site Contact: Joey Webb 509-544-8840,1% 30 NET 45,46113,13,449.4,Spokane,,5012,Air Distribution,5012 · Engineered Inventory Costs,,,,,,1510,1602,100,000,511000,0000,000,1020,0000,1510.1602.100.000.511000.0000.000.1020.0000
Panasonic Home & Commercial,,Bill,2026-02-18 00:00:00,9000119767,"FB: PO# - 26-10956  Please mark shipment: ""Campbell PO# 1249086, The Wash""",1% 30 NET 45,46116,10,3260.24,Spokane,,5012,Air Distribution,5012 · Engineered Inventory Costs,,,,,,1510,1602,100,000,511000,0000,000,1020,0000,1510.1602.100.000.511000.0000.000.1020.0000
Panasonic Home & Commercial,,Bill,2026-01-18 00:00:00,90000087991,FB: PO# - 25-18416  Created for SO #242727,1% 30 NET 45,46085,41,9709.82,Spokane,,5012,Air Distribution,5012 · Engineered Inventory Costs,,,,,,1510,1602,100,000,511000,0000,000,1020,0000,1510.1602.100.000.511000.0000.000.1020.0000
Prihoda North America,,Bill,2026-02-13 00:00:00,7671,FB: PO# - 26-10063  Created for SO #243751  Quote #: 2501823-0  Site Contact: Andrea C 509-734-0669,Net 30,46096,15,4597.5,Spokane,,5012,Air Distribution,5012 · Engineered Inventory Costs,,,,,,1510,1602,100,000,511000,0000,000,1020,0000,1510.1602.100.000.511000.0000.000.1020.0000
Prihoda North America,,Bill,2026-02-13 00:00:00,7668,FB: PO# - 25-18837  Created for SO #243535  Quote #: 2502228-4  Site Contact: Eric R 208-660-2876,Net 30,46096,15,16068.75,Spokane,,5012,Air Distribution,5012 · Engineered Inventory Costs,,,,,,1510,1602,100,000,511000,0000,000,1020,0000,1510.1602.100.000.511000.0000.000.1020.0000
Soler & Palau USA,,Bill,2026-02-09 00:00:00,357785,FB: PO# - 26-10194  Created for SO #243967,Net 30,46092,19,83,Spokane,,5012,Air Distribution,5012 · Engineered Inventory Costs,,,,,,1510,1602,100,000,511000,0000,000,1020,0000,1510.1602.100.000.511000.0000.000.1020.0000
Soler & Palau USA,,Bill,2026-02-12 00:00:00,357931,FB: PO# - 26-10194  Created for SO #243967,Net 30,46095,16,164.66,Spokane,,5012,Air Distribution,5012 · Engineered Inventory Costs,,,,,,1510,1602,100,000,511000,0000,000,1020,0000,1510.1602.100.000.511000.0000.000.1020.0000
Soler & Palau USA,,Bill,2026-01-28 00:00:00,357293,FB: PO# - 25-18706  Created for SO #242960  Site Contact: Andrea C 509-734-0669,Net 30,46080,31,3493.84,Spokane,,5012,Air Distribution,5012 · Engineered Inventory Costs,,,,,,1510,1602,100,000,511000,0000,000,1020,0000,1510.1602.100.000.511000.0000.000.1020.0000
TPI Corp (Markel),,Bill,2026-02-09 00:00:00,91185965,FB: PO# - 26-10614  Created for SO #244694  Quote M2S1L  Site Contact: Vince M (208) 661-9887,Net 30,46092,19,2449.31,Spokane,,5012,Air Distribution,5012 · Engineered Inventory Costs,,,,,,1510,1602,100,000,511000,0000,000,1020,0000,1510.1602.100.000.511000.0000.000.1020.0000
TPI Corp (Markel),,Bill,2026-02-10 00:00:00,91186245,"FB: PO# - 26-10325  Per quote KWDW1  Please mark shipment: ""McKinstry PO 24313008""",Net 30,46093,18,2134.63,Spokane,,5012,Air Distribution,5012 · Engineered Inventory Costs,,,,,,1510,1602,100,000,511000,0000,000,1020,0000,1510.1602.100.000.511000.0000.000.1020.0000
"Tutco, Inc.",Pam Bowers,Bill,2026-02-02 00:00:00,76963287X,FB: PO# - 26-10201  Created for SO #243971  Quote # TQ00087670  Site Contact: Andrea C 509.734.0...,Net 30,46085,26,796.46,Spokane,,5012,Air Distribution,5012 · Engineered Inventory Costs,,,,,,1510,1602,100,000,511000,0000,000,1020,0000,1510.1602.100.000.511000.0000.000.1020.0000
"Tutco, Inc.",Pam Bowers,Bill,2026-02-04 00:00:00,76963591,FB: PO# - 26-10280  Created for SO #244149  Quote # TQ00089506  Site Contact: Dave 509.359.0422,Net 30,46087,24,10093.27,Spokane,,5012,Air Distribution,5012 · Engineered Inventory Costs,,,,,,1510,1602,100,000,511000,0000,000,1020,0000,1510.1602.100.000.511000.0000.000.1020.0000
VAW Systems LTD,,Bill,2026-02-10 00:00:00,58260,FB: PO# - 25-18838  Created for SO #243536  Quote #: 2593159  Site Contact: Eric R 208-660-2876,Net 30,46093,18,1150,Spokane,,5012,Air Distribution,5012 · Engineered Inventory Costs,,,,,,1510,1602,100,000,511000,0000,000,1020,0000,1510.1602.100.000.511000.0000.000.1020.0000
VAW Systems LTD,,Bill,2026-02-11 00:00:00,58277,FB: PO# - 26-10319  Created for SO #244209  Quote # 2593531,Net 30,46094,17,1720,Spokane,,5012,Air Distribution,5012 · Engineered Inventory Costs,,,,,,1510,1602,100,000,511000,0000,000,1020,0000,1510.1602.100.000.511000.0000.000.1020.0000
Young Regulator Company,Joyce - **see notes,Bill,2026-02-02 00:00:00,0168522-IN,FB: PO# - 26-10301  Created for SO #244154  Site Contact: Dave 509-359-0422,Net 30,46085,26,3057.07,Spokane,,5012,Air Distribution,5012 · Engineered Inventory Costs,,,,,,1510,1602,100,000,511000,0000,000,1020,0000,1510.1602.100.000.511000.0000.000.1020.0000
Diamond Line Delivery Systems Inc,,Bill,2026-02-02 00:00:00,194253706,,Net 30,46085,26,203.2,Seattle,,5022,Air Distribution,5022 · Freight Expense -Ltl,,,,,,1510,1601,100,000,514000,0000,000,1020,0000,1510.1601.100.000.514000.0000.000.1020.0000
Diamond Line Delivery Systems Inc,,Bill,2026-02-04 00:00:00,194263606,,Net 30,46087,24,171.88,Seattle,,5022,Air Distribution,5022 · Freight Expense -Ltl,,,,,,1510,1601,100,000,514000,0000,000,1020,0000,1510.1601.100.000.514000.0000.000.1020.0000
Diamond Line Delivery Systems Inc,,Bill,2026-02-05 00:00:00,194253771,,Net 30,46088,23,150.4,Seattle,,5022,Air Distribution,5022 · Freight Expense -Ltl,,,,,,1510,1601,100,000,514000,0000,000,1020,0000,1510.1601.100.000.514000.0000.000.1020.0000
Diamond Line Delivery Systems Inc,,Bill,2026-02-10 00:00:00,194091171,,Net 30,46093,18,301.35,Seattle,,5022,Air Distribution,5022 · Freight Expense -Ltl,,,,,,1510,1601,100,000,514000,0000,000,1020,0000,1510.1601.100.000.514000.0000.000.1020.0000
Diamond Line Delivery Systems Inc,,Bill,2026-02-13 00:00:00,194093744,,Net 30,46096,15,277.19,Seattle,,5022,Air Distribution,5022 · Freight Expense -Ltl,,,,,,1510,1601,100,000,514000,0000,000,1020,0000,1510.1601.100.000.514000.0000.000.1020.0000
Diamond Line Delivery Systems Inc,,Bill,2026-02-23 00:00:00,194064628,,Net 30,46106,5,150.68,Seattle,,5022,Air Distribution,5022 · Freight Expense -Ltl,,,,,,1510,1601,100,000,514000,0000,000,1020,0000,1510.1601.100.000.514000.0000.000.1020.0000
Diamond Line Delivery Systems Inc,,Bill,2026-02-23 00:00:00,194093757,,Net 30,46106,5,178.48,Seattle,,5022,Air Distribution,5022 · Freight Expense -Ltl,,,,,,1510,1601,100,000,514000,0000,000,1020,0000,1510.1601.100.000.514000.0000.000.1020.0000
Diamond Line Delivery Systems Inc,,Bill,2026-02-25 00:00:00,194064630,,Net 30,46108,3,248.04,Seattle,,5022,Air Distribution,5022 · Freight Expense -Ltl,,,,,,1510,1601,100,000,514000,0000,000,1020,0000,1510.1601.100.000.514000.0000.000.1020.0000
Peninsula Truck Lines,,Bill,2026-02-17 00:00:00,Pro 088721678,,Net 15,46085,11,186.62,Seattle,,5022,Air Distribution,5022 · Freight Expense -Ltl,,,,,,1510,1601,100,000,514000,0000,000,1020,0000,1510.1601.100.000.514000.0000.000.1020.0000
Young Regulator Company,Joyce - **see notes,Bill,2026-02-17 00:00:00,0168780-IN,Original Inv paid under Order# 0163557,Net 30,46100,11,73.65,Seattle,,5022,Air Distribution,5022 · Freight Expense -Ltl,,,,,,1510,1601,100,000,514000,0000,000,1020,0000,1510.1601.100.000.514000.0000.000.1020.0000
H & H Express Inc,,Bill,2026-02-25 00:00:00,158485,,2% 10 Net 30,46108,3,51.01,Spokane,,5022,Air Distribution,5022 · Freight Expense -Ltl,,,,,,1510,1602,100,000,514000,0000,000,1020,0000,1510.1602.100.000.514000.0000.000.1020.0000
Metalaire,,Bill,2026-02-17 00:00:00,95698152A,FB: PO# - 26-10618  Created for SO #244500,Net 30,46100,11,242.63,Spokane,,5022,Air Distribution,5022 · Freight Expense -Ltl,,,,,,1510,1602,100,000,514000,0000,000,1020,0000,1510.1602.100.000.514000.0000.000.1020.0000
Young Regulator Company,Joyce - **see notes,Bill,2026-01-31 00:00:00,0168523-IN X,Original Inv paid under Order# 162805,Net 30,46083,28,368.25,Spokane,,5022,Air Distribution,5022 · Freight Expense -Ltl,,,,,,1510,1602,100,000,514000,0000,000,1020,0000,1510.1602.100.000.514000.0000.000.1020.0000
Young Regulator Company,Joyce - **see notes,Bill,2026-02-13 00:00:00,0168736-IN,Original Inv paid under Order# 162805,Net 30,46096,15,236,Spokane,,5022,Air Distribution,5022 · Freight Expense -Ltl,,,,,,1510,1602,100,000,514000,0000,000,1020,0000,1510.1602.100.000.514000.0000.000.1020.0000
Uline,,Bill,2026-02-11 00:00:00,204072134,,Net 30,46094,17,1674.98,Seattle,,6430,Air Distribution,6430 · Warehouse Supplies,,,,,,1510,1601,100,000,740010,0000,000,1020,0000,1510.1601.100.000.740010.0000.000.1020.0000
Uline,,Bill,2026-02-16 00:00:00,204233049,,Net 30,46099,12,2390.66,Seattle,,6430,Air Distribution,6430 · Warehouse Supplies,,,,,,1510,1601,100,000,740010,0000,000,1020,0000,1510.1601.100.000.740010.0000.000.1020.0000
Ferrell Gas,,Bill,2026-02-10 00:00:00,1132996149,,Net 30,46093,18,154.16,Seattle,,7030-01,Air Distribution,7030-01 · Fuel,,,,,,1510,1601,100,000,721020,0000,000,1020,0000,1510.1601.100.000.721020.0000.000.1020.0000
Jubitz Corp.-JFS,,Bill,2026-02-28 00:00:00,CL1208054,,Net 30,46111,0,608.89,Seattle,,7030-01,Air Distribution,7030-01 · Fuel,,,,,,1510,1601,100,000,721020,0000,000,1020,0000,1510.1601.100.000.721020.0000.000.1020.0000
Jubitz Corp.-JFS,,Bill,2026-02-16 00:00:00,CL1201911,,Net 30,46099,12,461.94,Seattle,,7030-01,Air Distribution,7030-01 · Fuel,,,,,,1510,1601,100,000,721020,0000,000,1020,0000,1510.1601.100.000.721020.0000.000.1020.0000
Jubitz Corp.-JFS,,Bill,2026-01-31 00:00:00,CL1196167,,Net 30,46083,28,720.51,Spokane,,7030-01,Air Distribution,7030-01 · Fuel,,,,,,1510,1602,100,000,721020,0000,000,1020,0000,1510.1602.100.000.721020.0000.000.1020.0000
RWC Idealease LLC,,Bill,2026-02-28 00:00:00,BA205016293:01,,Net 30,46111,0,443.94,Seattle,,7030-04,Air Distribution,7030-04 · Parking,,,,,,1510,1601,100,000,721020,0000,000,1020,0000,1510.1601.100.000.721020.0000.000.1020.0000
RWC Idealease LLC,,Bill,2026-01-31 00:00:00,BA205016129:01,,Net 30,46083,28,443.94,Seattle,,7030-04,Air Distribution,7030-04 · Parking,,,,,,1510,1601,100,000,721020,0000,000,1020,0000,1510.1601.100.000.721020.0000.000.1020.0000
Intelligent Technical Solutions LLC,,Bill,2026-02-06 00:00:00,200310,,Net 30,46089,22,3938,Seattle,,7140-02,Air Distribution,7140-02 · Computer Support,,,,,,1510,1601,100,000,728040,0000,000,1020,0000,1510.1601.100.000.728040.0000.000.1020.0000
Intelligent Technical Solutions LLC,,Bill,2026-02-06 00:00:00,200472,,Net 30,46089,22,565.11,Seattle,,7140-02,Air Distribution,7140-02 · Computer Support,,,,,,1510,1601,100,000,728040,0000,000,1020,0000,1510.1601.100.000.728040.0000.000.1020.0000
Intelligent Technical Solutions LLC,,Bill,2026-02-06 00:00:00,200495,,Net 30,46089,22,413.46,Seattle,,7140-02,Air Distribution,7140-02 · Computer Support,,,,,,1510,1601,100,000,728040,0000,000,1020,0000,1510.1601.100.000.728040.0000.000.1020.0000
Intelligent Technical Solutions LLC,,Bill,2026-02-06 00:00:00,200503,,Net 30,46089,22,358.74,Seattle,,7140-02,Air Distribution,7140-02 · Computer Support,,,,,,1510,1601,100,000,728040,0000,000,1020,0000,1510.1601.100.000.728040.0000.000.1020.0000
United Business Machines,,Bill,2026-02-03 00:00:00,INV552464,,Net 30,46086,25,62.73,Seattle,,7740-03,Air Distribution,7740-03 · Office Supplies,,,,,,1510,1601,100,000,726010,0000,000,1020,0000,1510.1601.100.000.726010.0000.000.1020.0000
United Business Machines,,Bill,2026-02-09 00:00:00,INV552746,,Net 30,46092,19,63.65,Seattle,,7740-03,Air Distribution,7740-03 · Office Supplies,,,,,,1510,1601,100,000,726010,0000,000,1020,0000,1510.1601.100.000.726010.0000.000.1020.0000
"Broan-Nutone, LLC",,Credit,2025-05-29 00:00:00,Broan RMA 655,"Placeholder, PO #25-11659 Refund at 0.00 PO but CM $35,280.00",Immediate,,275,-28773.12,Seattle,,7760-02,Air Distribution,7760-02 · Consulting Services,,,,,,1510,1601,100,000,726020,0000,000,1020,0000,1510.1601.100.000.726020.0000.000.1020.0000
