row_number,Opco,PartyNumber,entity_name_original,address1_original,address2_original,address3_original,city_original,state_original,zip_original,country_original,AddressBill-to_original,AddressShip-to_original,PhoneNumber1_original,PhoneNumber2_original,FaxNumber_original,ContactPerson1_original,TaxIdentifier_original,ContactPerson2_original,EmailAddress1_original,EmailAddress2_original,PaymentTerm_original,ShipTo_original,Bill-to_original,.,entity_name_ora,SITE1_address1_ora,SITE2_address1_ora,address2_ora,address3_ora,city_ora,state_ora,zip_ora,country_ora,confidence_level,confidence_score,record_status,validated_at,PhoneNumber1_original.1,PhoneNumber2_original.1,FaxNumber_original.1,ContactPerson1_original.1,TaxIdentifier_original.1,ContactPerson2_original.1,EmailAddress1_original.1,EmailAddress2_original.1,PaymentTerm_original.1,ShipTo_original.1,Bill-to_original.1
2,ATS,,11TH CIVIL ENGINEER SQUADRON,370 BROOKLEY AVE SW,EMAIL INVOICES,,WASHINGTON,DC,20032,,,,,,,,,,,,,,Y,,11TH CIVIL ENGINEER SQUADRON,370 BROOKLEY AVE SW,,,,WASHINGTON,DC,20032,US,HIGH,80,READY,2026-01-11 12:25:28,,,,,,,,,,,Y
3,ATS,,478,,,,,,,,,,,,,,,,,,,,Y,,478,,,,,,,,US,LOW,20,INVALID,NaT,,,,,,,,,,,Y
4,ATS,,A & R MECHANICAL,522 CRANFORD ROAD,,,ESSEX,MD,21221,,,,,,,,,,,,,,Y,,A & R MECHANICAL,522 CRANFORD RD,,,,ESSEX,MD,21221,US,HIGH,80,READY,2026-01-11 12:25:32,,,,,,,,,,,Y
5,ATS,,A QUALITY HEATING & AIR CONDITIONING,213 EAST MAIN STREET,,,WESTMINSTER,MD,21157,,,,,,,,,,,,,,Y,,A QUALITY HEATING & AIR CONDITIONING,213 E MAIN ST,,,,WESTMINSTER,MD,21157,US,HIGH,80,READY,2026-01-11 12:25:34,,,,,,,,,,,Y
6,ATS,,A TEAM ENTERPRISES LLC,845 STREAKER RD,,,SYKESVILLE,MD,21784,,,,,,,,,,,,,,Y,,A TEAM ENTERPRISES LLC,845 STREAKER RD,,,,SYKESVILLE,MD,21784,US,MEDIUM,100,REVIEW,NaT,,,,,,,,,,,Y
7,ATS,,A&S ELECTRICAL SERVICES,,,,,,,,,,,,,,,,,,,,Y,,A&S ELECTRICAL SERVICES,,,,,,,,US,LOW,20,INVALID,NaT,,,,,,,,,,,Y
8,ATS,,SCIENTIFIC SYSTEMS,7924 RECO AVE,,,BATON ROUGE,LA,70814,,,,,,,,,,,,,,Y,,SCIENTIFIC SYSTEMS,7924 RECO AVE,,,,BATON ROUGE,LA,70814,US,HIGH,80,READY,2026-01-11 12:25:40,,,,,,,,,,,Y
9,ATS,,SYSTECON,6121 SCHUMACHER PARK DRIVE,,,WEST CHESTER,OH,45069,,,,,,,,,,,,,,Y,,SYSTECON,6121 SCHUMACHER PARK DR,,,,WEST CHESTER,OH,45069,US,HIGH,80,READY,2026-01-11 12:25:42,,,,,,,,,,,Y
10,ATS,,DO NOT USE         GOT TO: AG PRADA,12122 CONWAY ROAD,EMAIL INVOICE,,BELTSVILLE,MD,20705,,,,,,,,,,,,,,Y,,AG PRADA COMPANY,12122 CONWAY RD,,,,BELTSVILLE,MD,20705,US,HIGH,80,READY,2026-01-11 12:25:44,,,,,,,,,,,Y
11,ATS,,A.I.R. CONDITIONING SERVICES,8610 KIP DRIVE,,,OWINGS,MD,20736,,,,,,,,,,,,,,Y,,AIR CONDITIONING SERVICES,8610 KIP DR,,,,OWINGS,MD,20736,US,HIGH,80,READY,2026-01-11 12:25:46,,,,,,,,,,,Y
12,ATS,,A.J. ADAM ENGINEERING LLC,744 DULANEY VALLEY ROAD,SUITE 16,,TOWSON,MD,21204,,,,,,,,,,,,,,Y,,AJ ADAM ENGINEERING LLC,744 DULANEY VALLEY RD,,STE #16,,TOWSON,MD,21204,US,HIGH,80,READY,2026-01-11 12:25:47,,,,,,,,,,,Y
13,ATS,,AAFB,BLDG. 1216,,,AAFB,MD,20762-5011,,,,,,,,,,,,,,Y,,AAFB,BLDG 1216,,,,AAFB,MD,20762-5011,US,LOW,100,REVIEW,NaT,,,,,,,,,,,Y
14,ATS,,AAROW ELECTRIC SOLUTIONS,email invoices,37333 CARPENTER LANE,,CHARLOTTE HALL,MD,20622,,,,,,,,,,,,,,Y,,AAROW ELECTRIC SOLUTIONS,37333 CARPENTER LN,,,,CHARLOTTE HALL,MD,20622,US,MEDIUM,100,REVIEW,NaT,,,,,,,,,,,Y
15,ATS,,AB FACILITY SERVICE (ABFS),"300-1 ST. RT. 17 SOUTH, SUITE 4",,,LODI,NJ,07644,,,,,,,,,,,,,,Y,,AB FACILITY SERVICE (ABFS),300-1 ST RT 17 S,,STE #4,,LODI,NJ,07644,US,MEDIUM,100,REVIEW,NaT,,,,,,,,,,,Y
16,ATS,,ABB INC - LOCAL,"514 PROGRESS DR., SUITE G",,,LINTHICUM HEIGHTS,MD,21090,,,,,,,,,,,,,,Y,,ABB INC,514 PROGRESS DR,,STE #G,,LINTHICUM HEIGHTS,MD,21090,US,MEDIUM,100,REVIEW,NaT,,,,,,,,,,,Y
17,ATS,,"ABB, INC.",ABB ONC.,P.O. BOX 90273,,RALEIGH,NC,27675,,,,,,,,,,,,,,Y,,ABB INC,PO BOX 90273,,ABB ONC,,RALEIGH,NC,27675,US,MEDIUM,70,REVIEW,NaT,,,,,,,,,,,Y
18,ATS,,ABB WARRANTY,P.O. BOX 90273,,,RALEIGH,NC,27675,,,,,,,,,,,,,,Y,,ABB INC,PO BOX 90273,,,,RALEIGH,NC,27675,US,MEDIUM,70,REVIEW,NaT,,,,,,,,,,,Y
19,ATS,,"ABB, INC.",DRIVES-NEW BERLIN,PO BOX 90273,,RALEIGH,NC,27675,,,,,,,,,,,,,,Y,,ABB INC,PO BOX 90273,,DRIVES-NEW BERLIN,,RALEIGH,NC,27675,US,MEDIUM,70,REVIEW,NaT,,,,,,,,,,,Y
20,ATS,,ABBOTT MECHANICAL ENTERPRISE LLC,4252 MT. CARMEL ROAD,EMAIL INVOICE,,UPPERCO,MD,21155,,,,,,,,,,,,,,Y,,ABBOTT MECHANICAL ENTERPRISE LLC,4252 MT CARMEL RD,,,,UPPERCO,MD,21155,US,HIGH,80,READY,2026-01-11 12:25:59,,,,,,,,,,,Y
21,ATS,,"ABBY ENTERPRISES, LLC",11167 PULASKI HIGHWAY,,,WIHITE MARSH,MD,21162,,,,,,,,,,,,,,Y,,ABBY ENTERPRISES LLC,11167 PULASKI HWY,,,,WIHITE MARSH,MD,21162,US,MEDIUM,100,REVIEW,NaT,,,,,,,,,,,Y
22,ATS,,ABC GENERAL & MECHANICAL SERVICES,15724 CRABBS BRANCH WAY,,,DERWOOD,MD,20855,,,,,,,,,,,,,,Y,,ABC GENERAL & MECHANICAL SERVICES,15724 CRABBS BRANCH WAY,,,,DERWOOD,MD,20855,US,HIGH,80,READY,2026-01-11 12:26:03,,,,,,,,,,,Y
23,ATS,,ABD SALES & SERVICES,PO BOX 1832,,,CRANBERRY TOWNSHIP,PA,16066,,,,,,,,,,,,,,Y,,ABD SALES & SERVICES,PO BOX 1832,,,,CRANBERRY TOWNSHIP,PA,16066,US,MEDIUM,70,REVIEW,NaT,,,,,,,,,,,Y
24,ATS,,ABERDEEN TEST CENTER,6943 COLLERAN ROAD,BLDG 400,,ABERDEEN PROVING GRN,MD,21005,,,,,,,,,,,,,,Y,,ABERDEEN TEST CENTER,6943 COLLERAN RD,,BLDG 400,,ABERDEEN PROVING GRN,MD,21005,US,MEDIUM,100,REVIEW,NaT,,,,,,,,,,,Y
25,ATS,,100 PRATT STREET C/O CBRE,PO BOX 2021,BILL BOX: 01-133738-GNH001,,WARREN,MI,2021,,,,,,,,,,,,,,Y,,100 PRATT STREET C/O CBRE,PO BOX 2021,,BILL BOX: 01-133738-GNH001,,WARREN,MI,02021,US,MEDIUM,70,REVIEW,NaT,,,,,,,,,,,Y
26,ATS,,ABM BUILDING SERVICES,"5701 GENERAL WASHINGTON DR.,STE J",EMAIL INVOICES,,ALEXANDRIA,VA,22312,,,,,,,,,,,,,,Y,,ABM BUILDING SERVICES,5701 GENERAL WASHINGTON DR,,STE J,,ALEXANDRIA,VA,22312,US,MEDIUM,100,REVIEW,NaT,,,,,,,,,,,Y
27,ATS,,ABM FACILITY SUPPORT SERVICES LLC,6731 COLIMBIA GATEWAY DR.,SUITE 200,,COLUMBIA,MD,21046-2165,,,,,,,,,,,,,,Y,,ABM FACILITY SUPPORT SERVICES LLC,6731 COLIMBIA GATEWAY DR,,STE #200,,COLUMBIA,MD,21046-2165,US,MEDIUM,100,REVIEW,NaT,,,,,,,,,,,Y
28,ATS,,"ABM INDUSTRIES, INC",ABLE SERVICES - EMAIL INVOICES,700 19TH STREET NW,,WASHINGTON,DC,20431,,,,,,,,,,,,,,Y,,ABM INDUSTRIES INC,700 19TH ST NW,,ABLE SERVICES,,WASHINGTON,DC,20431,US,HIGH,80,READY,2026-01-11 12:26:11,,,,,,,,,,,Y
29,ATS,,VALIANT INTEGRATED SERVICES,4465 GUTHRIE HIGHWAY,EMAIL,,CLARKSVILLE,TN,37040,,,,,,,,,,,,,,Y,,VALIANT INTEGRATED SERVICES,4465 GUTHRIE HWY,,,,CLARKSVILLE,TN,37040,US,HIGH,80,READY,2026-01-11 12:26:13,,,,,,,,,,,Y
30,ATS,,"ABS VERTICON, INC",2138 PRIEST BRIDGE COURT,EMAIL INVOICES,,CROFTON,MD,21114,,,,,,,,,,,,,,Y,,ABS VERTICON INC,2138 PRIEST BRIDGE CT,,,,CROFTON,MD,21114,US,HIGH,80,READY,2026-01-11 12:26:15,,,,,,,,,,,Y
31,ATS,,"ABSOLUTE CONTROLS, LLC",1395 CRESENT SPOT CT,EMAIL INVOICES,,FREDERICK,MD,21703,,,,,,,,,,,,,,Y,,ABSOLUTE CONTROLS LLC,1395 CRESENT SPOT CT,,,,FREDERICK,MD,21703,US,MEDIUM,100,REVIEW,NaT,,,,,,,,,,,Y
32,ATS,,"ABSOLUTE SOLUTIONS AND ASSOCIATES, LLC",1647 Benning Rd NE Suite 206,EMAIL INVOICES,,Washington,DC,20002,,,,,,,,,,,,,,Y,,ABSOLUTE SOLUTIONS & ASSOCIATES LLC,1647 BENNING RD NE,,STE #206,,WASHINGTON,DC,20002,US,HIGH,80,READY,2026-01-11 12:26:19,,,,,,,,,,,Y
33,ATS,,ABSOLUTE SUPPLY AND SERVICE,PO BOX 641,EMAIL,,LUSBY,MD,20657,,,,,,,,,,,,,,Y,,ABSOLUTE SUPPLY & SERVICE,PO BOX 641,,,,LUSBY,MD,20657,US,MEDIUM,70,REVIEW,NaT,,,,,,,,,,,Y
34,ATS,,AC COMFORT MECHANICAL SERVICES,166 HIDDEN FORREST COURT,EMAIL INVOICE,,GAITHERSBURG,MD,20877,,,,,,,,,,,,,,Y,,AC COMFORT MECHANICAL SERVICES,166 HIDDEN FORREST CT,,,,GAITHERSBURG,MD,20877,US,MEDIUM,100,REVIEW,NaT,,,,,,,,,,,Y
35,ATS,,A/C CONTROL INC.,"6649 GARLAND DR., #9",EMAIL INVOICE,,WARRENTON,VA,20187,,,,,,,,,,,,,,Y,,A/C CONTROL INC,6649 GARLAND DR #9,,,,WARRENTON,VA,20187,US,MEDIUM,100,REVIEW,NaT,,,,,,,,,,,Y
36,ATS,,ACAC WELLNESS & FITNESS CNTR,20500 SENECA MEADOWS PARKWAY,,,GERMANTOWN,MD,20876,,,,,,,,,,,,,,Y,,ACAC WELLNESS & FITNESS CNTR,20500 SENECA MEADOWS PKWY,,,,GERMANTOWN,MD,20876,US,HIGH,80,READY,2026-01-11 12:26:25,,,,,,,,,,,Y
37,ATS,,ACC-5,44521 HASTINGS DRIVE,,,ASHBURN,VA,20147,,,,,,,,,,,,,,Y,,ACC-5,44521 HASTINGS DR,,,,ASHBURN,VA,20147,US,HIGH,80,READY,2026-01-11 12:26:29,,,,,,,,,,,Y
38,ATS,,ACI MECHANICAL & HVAC SALES,6100 SIXTH AVENUE SOUTH,,,SEATTLE,MD,98108,,,,,,,,,,,,,,Y,,ACI MECHANICAL & HVAC SALES,6100 SIXTH AVE S,,,,SEATTLE,MD,98108,US,MEDIUM,100,REVIEW,NaT,,,,,,,,,,,Y
39,ATS,,ACME MECHANICAL,8584 VIRGINIA MEADOWS DRIVE,EMAIL,,MANASSAS,VA,20109,,,,,,,,,,,,,,Y,,ACME MECHANICAL,8584 VIRGINIA MEADOWS DR,,,,MANASSAS,VA,20109,US,HIGH,80,READY,2026-01-11 12:26:34,,,,,,,,,,,Y
40,ATS,,"ACORN SUPPLY AND DISTRIBUTING, INC",11167 PULASKI HIGHWAY,,,WHITE MARSH,MD,21162-1819,,,,,,,,,,,,,,Y,,ACORN SUPPLY & DISTRIBUTING INC,11167 PULASKI HWY,,,,WHITE MARSH,MD,21162-1819,US,HIGH,80,READY,2026-01-11 12:26:36,,,,,,,,,,,Y
41,ATS,,"ACTION ELECTRICAL CONTRACTORS, INC",1050 HARDEES DRIVE SUITE C,,,ABERDEEN,MD,21001,,,,,,,,,,,,,,Y,,ACTION ELECTRICAL CONTRACTORS INC,1050 HARDEES DR,,STE #C,,ABERDEEN,MD,21001,US,HIGH,80,READY,2026-01-11 12:26:38,,,,,,,,,,,Y
42,ATS,,ADAPTIVE PHAGE THERAPEUTICS,22 FIRSTFIELD RD,SUITE 22,,GAITHERBURG,MD,20878,,,,,,,,,,,,,,Y,,ADAPTIVE PHAGE THERAPEUTICS,22 FIRSTFIELD RD,,STE #22,,GAITHERBURG,MD,20878,US,MEDIUM,100,REVIEW,NaT,,,,,,,,,,,Y
43,ATS,,"ADJ SHEET METAL, INC.",4510 GRAPHICS DRIVE,EMAIL INVOICE,,WHITE PLAINS,MD,20695,,,,,,,,,,,,,,Y,,ADJ SHEET METAL INC,4510 GRAPHICS DR,,,,WHITE PLAINS,MD,20695,US,MEDIUM,100,REVIEW,NaT,,,,,,,,,,,Y
44,ATS,,ADP CONSULTANTS,,,,,,,,,,,,,,,,,,,,Y,,ADP CONSULTANTS,,,,,,,,US,LOW,20,INVALID,NaT,,,,,,,,,,,Y
45,ATS,,"ADRIAN L. MERTON, INC.",EMAIL INVOICE,9151 HAMPTON OVERLOOK,,CAPITOL HEIGHTS,MD,20743,,,,,,,,,,,,,,Y,,ADRIAN L MERTON INC,9151 HAMPTON OVERLOOK,,,,CAPITOL HEIGHTS,MD,20743,US,MEDIUM,100,REVIEW,NaT,,,,,,,,,,,Y
46,ATS,,ADVANCED AIR MECHANICAL SYSTEMS,2316 RHODE ISLAND AVE NE,,,WASHINGTON,DC,20018,,,,,,,,,,,,,,Y,,ADVANCED AIR MECHANICAL SYSTEMS,2316 RHODE ISLAND AVE NE,,,,WASHINGTON,DC,20018,US,HIGH,80,READY,2026-01-11 12:26:48,,,,,,,,,,,Y
47,ATS,,ADVANCED BUILDING SERVICES,23475 ROCK HAVEN WAY,SUITE 135,,STERLING,VA,20166,,,,,,,,,,,,,,Y,,ADVANCED BUILDING SERVICES,23475 ROCK HAVEN WAY,,STE #135,,STERLING,VA,20166,US,MEDIUM,100,REVIEW,NaT,,,,,,,,,,,Y
48,ATS,,"ADVANCED ENVIROMENT SOLUTIONS, INC",8710 LAGRANGE ST,,,LORTON,VA,22079,,,,,,,,,,,,,,Y,,ADVANCED ENVIROMENT SOLUTIONS INC,8710 LAGRANGE ST,,,,LORTON,VA,22079,US,HIGH,80,READY,2026-01-11 12:26:52,,,,,,,,,,,Y
49,ATS,,"ADVANCED HEATING & COOLING, LLC",11460 CRONRIDGE DRIVE,EMAIL,,OWINGS MILLS,MD,21117,,,,,,,,,,,,,,Y,,ADVANCED HEATING & COOLING LLC,11460 CRONRIDGE DR,,,,OWINGS MILLS,MD,21117,US,HIGH,80,READY,2026-01-11 12:26:54,,,,,,,,,,,Y
50,ATS,,ADVANCED INDOOR RESOURCES (A.I.R. LLC),"2801 SISSON STREET, SUITE 201",EMAIL INVOICE,,BALTIMORE,MD,21211,,,,,,,,,,,,,,Y,,ADVANCED INDOOR RESOURCES (AIR LLC),2801 SISSON ST,,STE #201,,BALTIMORE,MD,21211,US,HIGH,80,READY,2026-01-11 12:26:56,,,,,,,,,,,Y
51,ATS,,ADVANCED STATIC CONCEPTS,402 WICK LANE,,,BLUE BELL,PA,19422,,,,,,,,,,,,,,Y,,ADVANCED STATIC CONCEPTS,402 WICK LN,,,,BLUE BELL,PA,19422,US,MEDIUM,100,REVIEW,NaT,,,,,,,,,,,Y
52,ATS,,"ADVANCED THERMAL SOLUTIONS, LLC",601 N HAMMONDS FERRY RD,SUITE F-G,,LINTHICUM,MD,21090,,,,,,,,,,,,,,Y,,ADVANCED THERMAL SOLUTIONS LLC,601 N HAMMONDS FERRY RD,,STE #F-G,,LINTHICUM,MD,21090,US,HIGH,80,READY,2026-01-11 12:27:00,,,,,,,,,,,Y
53,ATS,,ADVANTAGE AIR CONDITIONING OF VIRGINIA,1329 SHEPHARD DRIVE,SUITE 3,,STERLING,VA,20164,,,,,,,,,,,,,,Y,,ADVANTAGE AIR CONDITIONING OF VIRGINIA,1329 SHEPHARD DR,,STE #3,,STERLING,VA,20164,US,MEDIUM,100,REVIEW,NaT,,,,,,,,,,,Y
54,ATS,,ADVENTIST HEALTHCARE,11890 HEALING WAY,,,SILVER SPRING,MD,20904,,,,,,,,,,,,,,Y,,ADVENTIST HEALTHCARE,11890 HEALING WAY,,,,SILVER SPRING,MD,20904,US,HIGH,80,READY,2026-01-11 12:27:05,,,,,,,,,,,Y
55,ATS,,AEGIS MECHANICAL COR-email,2056 LORD BALTIMORE DRIVE,,,BALTIMORE,MD,21244,,,,,,,,,,,,,,Y,,AEGIS MECHANICAL COR,2056 LORD BALTIMORE DR,,,,BALTIMORE,MD,21244,US,HIGH,80,READY,2026-01-11 12:27:07,,,,,,,,,,,Y
56,ATS,,HICKOK AE LLC,735 GLASER PARKWAY,,,AKRON,OH,44306,,,,,,,,,,,,,,Y,,HICKOK AE LLC,735 GLASER PKWY,,,,AKRON,OH,44306,US,HIGH,80,READY,2026-01-11 12:27:09,,,,,,,,,,,Y
57,ATS,,APPLIED EQUIPMENT SOLUTIONS,12417 OCEAN GATEWAY,SUITE B16 - EMAIL,,OCEAN CITY,MD,21842,,,,,,,,,,,,,,Y,,APPLIED EQUIPMENT SOLUTIONS,12417 OCEAN GATEWAY,,STE #B16,,OCEAN CITY,MD,21842,US,HIGH,80,READY,2026-01-11 12:27:12,,,,,,,,,,,Y
58,ATS,,APPLIED EQUIPMENT SOLUTIONS,12417 OCEAN GATEWAY,SUITE B16,,OCEAN CITY,MD,21842,,,,,,,,,,,,,,Y,,APPLIED EQUIPMENT SOLUTIONS,12417 OCEAN GATEWAY,,STE #B16,,OCEAN CITY,MD,21842,US,HIGH,80,READY,2026-01-11 12:27:14,,,,,,,,,,,Y
59,ATS,,BROOKDALE POTOMAC - FCU REPLACEMENT,10212 GOVERNOR LANE,SUITE 1007-A,,WILLIAMSPORT,MD,21795,,,,,,,,,,,,,,Y,,BROOKDALE POTOMAC,10212 GOVERNOR LN,,STE #1007-A,,WILLIAMSPORT,MD,21795,US,MEDIUM,100,REVIEW,NaT,,,,,,,,,,,Y
60,ATS,,AFFORDABLE CLEAN AIR LLC,404 FIVE FARMS LANE,,,TIMONIUM,MD,21093,,,,,,,,,,,,,,Y,,AFFORDABLE CLEAN AIR LLC,404 FIVE FARMS LN,,,,TIMONIUM,MD,21093,US,HIGH,80,READY,2026-01-11 12:27:18,,,,,,,,,,,Y
61,ATS,,"AFFORDABLE PLUMBING, LLC",PO BOX 72607,,,BALTIMORE,MD,21237,,,,,,,,,,,,,,Y,,AFFORDABLE PLUMBING LLC,PO BOX 72607,,,,BALTIMORE,MD,21237,US,MEDIUM,70,REVIEW,NaT,,,,,,,,,,,Y
62,ATS,,AFL-CIO,815 16TH ST NW,,,WASHINGTON,DC,20006,,,,,,,,,,,,,,Y,,AFL-CIO,815 16TH ST NW,,,,WASHINGTON,DC,20006,US,HIGH,80,READY,2026-01-11 12:27:20,,,,,,,,,,,Y
63,ATS,,A. G. PRADA - email,12122 CONWAY RD,,,BELTSVILLE,MD,20705,,,,,,,,,,,,,,Y,,AG PRADA COMPANY,12122 CONWAY RD,,,,BELTSVILLE,MD,20705,US,HIGH,80,READY,2026-01-11 12:27:22,,,,,,,,,,,Y
64,ATS,,AGGREKO,124 N Langley Rd,,,GLEN BURNIE,MD,21060,,,,,,,,,,,,,,Y,,AGGREKO,124 N LANGLEY RD,,,,GLEN BURNIE,MD,21060,US,HIGH,80,READY,2026-01-11 12:27:24,,,,,,,,,,,Y
65,ATS,,"AIM CONTRACTING, LLC","23475 ROCK HAVEN WAY, UNIT 115",EMAIL INVOICE,,STERLING,VA,20166,,,,,,,,,,,,,,Y,,AIM CONTRACTING LLC,23475 ROCK HAVEN WAY UNIT 115,,,,STERLING,VA,20166,US,MEDIUM,100,REVIEW,NaT,,,,,,,,,,,Y
66,ATS,,"AINSWORTH, INC.",203 LYNNDALE COURT,EMAIIL INVOICES,,MECHANICSBURG,PA,17050,,,,,,,,,,,,,,Y,,AINSWORTH INC,203 LYNNDALE CT,,,,MECHANICSBURG,PA,17050,US,MEDIUM,100,REVIEW,NaT,,,,,,,,,,,Y
67,ATS,,"AIR CLEANING TECHNOLOGIES, INC",44966 FALCON PLACE,SUITE 190,,STERLING,VA,20166,,,,,,,,,,,,,,Y,,AIR CLEANING TECHNOLOGIES INC,44966 FALCON PL,,STE #190,,STERLING,VA,20166,US,MEDIUM,100,REVIEW,NaT,,,,,,,,,,,Y
68,ATS,,AIR COOL INC.,11900 RENICK LANE,,,SILVER SPRING,MD,20904,,,,,,,,,,,,,,Y,,AIR COOL INC,11900 RENICK LN,,,,SILVER SPRING,MD,20904,US,MEDIUM,100,REVIEW,NaT,,,,,,,,,,,Y
69,ATS,,AIR DISTRIBUTING COMPANY,10105 RESIDENCY ROAD,,,MANASSAS,VA,20110,,,,,,,,,,,,,,Y,,AIR DISTRIBUTING COMPANY,10105 RESIDENCY RD,,,,MANASSAS,VA,20110,US,HIGH,80,READY,2026-01-11 12:27:35,,,,,,,,,,,Y
70,ATS,,AIR ENGINEERS INC,7988-B PENN RANDALL PLACE,,,UPPER MARLBORO,MD,20772,,,,,,,,,,,,,,Y,,AIR ENGINEERS INC,7988-B PENN RANDALL PL,,,,UPPER MARLBORO,MD,20772,US,HIGH,80,READY,2026-01-11 12:27:38,,,,,,,,,,,Y
71,ATS,,HICKOK AE LLC,735 GLASER PARKWAY,EMAIL,,AKRON,OH,44306,,,,,,,,,,,,,,Y,,HICKOK AE LLC,735 GLASER PKWY,,,,AKRON,OH,44306,US,HIGH,80,READY,2026-01-11 12:27:40,,,,,,,,,,,Y
72,ATS,,AIR FLOW TECHNOLOGIES,P.O.BOX 900,,,GIBSONIA,PA,15044,,,,,,,,,,,,,,Y,,AIR FLOW TECHNOLOGIES,PO BOX 900,,,,GIBSONIA,PA,15044,US,MEDIUM,70,REVIEW,NaT,,,,,,,,,,,Y
73,ATS,,AIR MOVERS INC,7721-B2 FULLERTON RD,,,SPRINGFIELD,VA,22153-2820,,,,,,,,,,,,,,Y,,AIR MOVERS INC,7721-B2 FULLERTON RD,,,,SPRINGFIELD,VA,22153-2820,US,MEDIUM,100,REVIEW,NaT,,,,,,,,,,,Y
74,ATS,,AIRPRO HEATING AND COOLING,1471 MAINE COVE TERRACE,,,GAITHERSBURG,MD,20878,,,,,,,,,,,,,,Y,,AIRPRO HEATING & COOLING,1471 MAINE COVE TERRACE,,,,GAITHERSBURG,MD,20878,US,MEDIUM,100,REVIEW,NaT,,,,,,,,,,,Y
75,ATS,,AIR SPECIALTIES,10545 GUILFORD ROAD,SUITE 108,,JESSUP,MD,20794,,,,,,,,,,,,,,Y,,AIR SPECIALTIES,10545 GUILFORD RD,,STE #108,,JESSUP,MD,20794,US,HIGH,80,READY,2026-01-11 12:27:49,,,,,,,,,,,Y
76,ATS,,AIR TREATMENT CORP,640 N PUENTE STREET,EMAIL INVOICE,,BREA,CA,92821,,,,,,,,,,,,,,Y,,AIR TREATMENT CORP,640 N PUENTE ST,,,,BREA,CA,92821,US,HIGH,80,READY,2026-01-11 12:27:51,,,,,,,,,,,Y
77,ATS,,AIR ZONE COMMISSIONS,C/O CATALYST FINANCE LP,PO BOX 3586,,HOUSTON,TX,77253-3586,,,,,,,,,,,,,,Y,,AIR ZONE COMMISSIONS,PO BOX 3586,,C/O CATALYST FINANCE LP,,HOUSTON,TX,77253-3586,US,MEDIUM,70,REVIEW,NaT,,,,,,,,,,,Y
78,ATS,,AIR ZONE SYSTEMS INC,1303 AVONDALE ROAD,,,NEW WINDSOR,MD,21776,,,,,,,,,,,,,,Y,,AIR ZONE SYSTEMS INC,1303 AVONDALE RD,,,,NEW WINDSOR,MD,21776,US,MEDIUM,100,REVIEW,NaT,,,,,,,,,,,Y
79,ATS,,AIRCO SUPPLY,PO BOX 414,,,SAVAGE,MD,20763,,,,,,,,,,,,,,Y,,AIRCO SUPPLY,PO BOX 414,,,,SAVAGE,MD,20763,US,MEDIUM,70,REVIEW,NaT,,,,,,,,,,,Y
80,ATS,,"AIRCON ENGINEERING, INC.",7 WILLIAMS STREET,EMAIL INVOICES,,CUMBERLAND,MD,21502,,,,,,,,,,,,,,Y,,AIRCON ENGINEERING INC,7 WILLIAMS ST,,,,CUMBERLAND,MD,21502,US,HIGH,80,READY,2026-01-11 12:27:55,,,,,,,,,,,Y
81,ATS,,AIRECO SUPPLY - email,PO BOX 414,,,SAVAGE,MD,20763,,,,,,,,,,,,,,Y,,AIRECO SUPPLY,PO BOX 414,,,,SAVAGE,MD,20763,US,MEDIUM,70,REVIEW,NaT,,,,,,,,,,,Y
82,ATS,,AIR TREAT,,,,,,,,,,,,,,,,,,,,Y,,AIR TREAT,,,,,,,,US,LOW,20,INVALID,NaT,,,,,,,,,,,Y
83,ATS,,AJ MICHAELS,4512 YORK ROAD,,,BALTIMORE,MD,21212,,,,,,,,,,,,,,Y,,AJ MICHAELS,4512 YORK RD,,,,BALTIMORE,MD,21212,US,HIGH,80,READY,2026-01-11 12:27:59,,,,,,,,,,,Y
84,ATS,,"AKIMA SUPPORT OPERATIONS, LLC",13873 PARK CENTER ROAD,SUITE 300N,,HERNDON,VA,20171,,,,,,,,,,,,,,Y,,AKIMA SUPPORT OPERATIONS LLC,13873 PARK CT RD,,STE #300N,,HERNDON,VA,20171,US,MEDIUM,100,REVIEW,NaT,,,,,,,,,,,Y
85,ATS,,"AL'S TWIN AIR, LLC","9103 WOODMORE CENTER DRIVE, BOX #194",EMAIL INVOICE,,LANHAM,MD,20706,,,,,,,,,,,,,,Y,,AL'S TWIN AIR LLC,9103 WOODMORE CT DR,,BOX #194,,LANHAM,MD,20706,US,MEDIUM,100,REVIEW,NaT,,,,,,,,,,,Y
86,ATS,,ALAN'S CUSTOM LIGHTING REPAIR,1037 TAFT STREET,,,ROCKVILLE,MD,20850,,,,,,,,,,,,,,Y,,ALAN'S CUSTOM LIGHTING REPAIR,1037 TAFT ST,,,,ROCKVILLE,MD,20850,US,HIGH,80,READY,2026-01-11 12:28:07,,,,,,,,,,,Y
87,ATS,,ALBAN TRACTOR CO INC,8531 PULASKI HIGHWAY,,,BALTIMORE,MD,21237,,,,,,,,,,,,,,Y,,ALBAN TRACTOR CO INC,8531 PULASKI HWY,,,,BALTIMORE,MD,21237,US,HIGH,80,READY,2026-01-11 12:28:09,,,,,,,,,,,Y
88,ATS,,ALBIREO (EMS TECHNOLOGIES) -email,985 WAUGH CHAPEL WAY,"SUITE F, (REAR)-M BUSINESS PARK",,GAMBRILLS,MD,21054,,,,,,,,,,,,,,Y,,ALBIREO (EMS TECHNOLOGIES),985 WAUGH CHAPEL WAY,,STE #F (REAR)-M BUSINESS PARK,,GAMBRILLS,MD,21054,US,MEDIUM,100,REVIEW,NaT,,,,,,,,,,,Y
89,ATS,,ALEXANDRIA RENEW ENTERPRISES,1500 EISENHOWER AVENUE,,,ALEXANDRIA,VA,22314,,,,,,,,,,,,,,Y,,ALEXANDRIA RENEW ENTERPRISES,1500 EISENHOWER AVE,,,,ALEXANDRIA,VA,22314,US,HIGH,80,READY,2026-01-11 12:28:13,,,,,,,,,,,Y
90,ATS,,ALFIERI-PROCTOR ASSOCIATES,PO BOX 682,,,RANDOLPH,MA,02368,,,,,,,,,,,,,,Y,,ALFIERI-PROCTOR ASSOCIATES,PO BOX 682,,,,RANDOLPH,MA,02368,US,MEDIUM,70,REVIEW,NaT,,,,,,,,,,,Y
91,ATS,,ALICE STEELE,85 SOUTHVIEW DR,,,HUNTINGTOWN,MD,20639,,,,,,,,,,,,,,Y,,ALICE STEELE,85 SVIEW DR,,,,HUNTINGTOWN,MD,20639,US,MEDIUM,100,REVIEW,NaT,,,,,,,,,,,Y
92,ATS,,ALL MECHANICAL & PLUMBING,"29211 THREE NOTCH ROAD,",SUITE B,,MECHANICSVILLE,MD,20659,,,,,,,,,,,,,,Y,,ALL MECHANICAL & PLUMBING,29211 THREE NOTCH RD,,STE #B,,MECHANICSVILLE,MD,20659,US,HIGH,80,READY,2026-01-11 12:28:17,,,,,,,,,,,Y
93,ATS,,ALL QUALITY HVAC SERVICES,1824 RIDGE RD,,,WESTMINISTER,MD,21157,,,,,,,,,,,,,,Y,,ALL QUALITY HVAC SERVICES,1824 RIDGE RD,,,,WESTMINISTER,MD,21157,US,MEDIUM,100,REVIEW,NaT,,,,,,,,,,,Y
94,ATS,,"ALL SEASON MECHANICAL, LLC",13504 QUARTER POLE CT.,,,UPPER MARLBORO,MD,20772,,,,,,,,,,,,,,Y,,ALL SEASON MECHANICAL LLC,13504 QUARTER POLE CT,,,,UPPER MARLBORO,MD,20772,US,HIGH,80,READY,2026-01-11 12:28:22,,,,,,,,,,,Y
95,ATS,,ALL SEASONS A/C & HEATING,11900 MCMULLEN HWY SW,,,CUMBERLAND,MD,21502,,,,,,,,,,,,,,Y,,ALL SEASONS A/C & HEATING,11900 MCMULLEN HWY SW,,,,CUMBERLAND,MD,21502,US,MEDIUM,100,REVIEW,NaT,,,,,,,,,,,Y
96,ATS,,ALL SEASON AIRE,4480 PRINTERS CT,EMAIL INVOICES,,WHITE PLAINS,MD,20695,,,,,,,,,,,,,,Y,,ALL SEASON AIRE,4480 PRINTERS CT,,,,WHITE PLAINS,MD,20695,US,HIGH,80,READY,2026-01-11 12:28:25,,,,,,,,,,,Y
97,ATS,,ALL SYSTEMS HEATING & AIR CONDITIONING,10610 IRON BRIDGE RD #6,,,JESSUP,MD,20794,,,,,,,,,,,,,,Y,,ALL SYSTEMS HEATING & AIR CONDITIONING,10610 IRON BRIDGE RD #6,,,,JESSUP,MD,20794,US,HIGH,80,READY,2026-01-11 12:28:27,,,,,,,,,,,Y
98,ATS,,ALL TECH,6429 HERITAGE HILL DRIVE,,,GLEN BURNIE,MD,21061,,,,,,,,,,,,,,Y,,ALL TECH,6429 HERITAGE HILL DR,,,,GLEN BURNIE,MD,21061,US,HIGH,80,READY,2026-01-11 12:28:29,,,,,,,,,,,Y
99,ATS,,ALL-TECH,6429 HERITAGE HILL DRIVE,,,GLEN BURNIE,MD,21061,,,,,,,,,,,,,,Y,,ALL-TECH,6429 HERITAGE HILL DR,,,,GLEN BURNIE,MD,21061,US,HIGH,80,READY,2026-01-11 12:28:31,,,,,,,,,,,Y
100,ATS,,"ALLEGIS GROUP, INC.",7031 PARKWAY DRIVE,EMAIL,,HANOVER,MD,21076,,,,,,,,,,,,,,Y,,ALLEGIS GROUP INC,7031 PKWY DR,,,,HANOVER,MD,21076,US,MEDIUM,100,REVIEW,NaT,,,,,,,,,,,Y
101,ATS,,ALLIANT TECHSYSTEMS,210 STATE ROUTE 956,BUILDING 145,,KEYSER,WV,26726,,,,,,,,,,,,,,Y,,ALLIANT TECHSYSTEMS,210 STATE ROUTE 956,,BUILDING 145,,KEYSER,WV,26726,US,MEDIUM,100,REVIEW,NaT,,,,,,,,,,,Y
102,ATS,,ALLIED CONTROLS,1706 E SEMORAN BLVD,SUITE 128,,APOPKA,FL,32703,,,,,,,,,,,,,,Y,,ALLIED CONTROLS,1706 E SEMORAN BLVD,,STE #128,,APOPKA,FL,32703,US,HIGH,80,READY,2026-01-11 12:28:37,,,,,,,,,,,Y
103,ATS,,ALLIED POWER AND CONTROL,7235 STANDARD DRIVE,EMAIL INVOICES,,HANOVER,MD,21076,,,,,,,,,,,,,,Y,,ALLIED POWER & CONTROL,7235 STANDARD DR,,,,HANOVER,MD,21076,US,HIGH,80,READY,2026-01-11 12:28:39,,,,,,,,,,,Y
104,ATS,,ALPHA AIRE HVAC,P.O. BOX 222126,,,CHANTILLY,VA,20166,,,,,,,,,,,,,,Y,,ALPHA AIRE HVAC,PO BOX 222126,,,,CHANTILLY,VA,20166,US,MEDIUM,70,REVIEW,NaT,,,,,,,,,,,Y
105,ATS,,ALPINE MECHANICAL,1105 BETHLEHEM PIKE,SUITE B1,,SELLERSVILLE,PA,18960,,,,,,,,,,,,,,Y,,ALPINE MECHANICAL,1105 BETHLEHEM PIKE,,STE #B1,,SELLERSVILLE,PA,18960,US,HIGH,80,READY,2026-01-11 12:28:43,,,,,,,,,,,Y
106,ATS,,DO NOT USE,1155 16TH STREET NW,,,WASHINGTON,DC,20036,,,,,,,,,,,,,,Y,,DO NOT USE,1155 16TH ST NW,,,,WASHINGTON,DC,20036,US,HIGH,80,READY,2026-01-11 12:28:45,,,,,,,,,,,Y
107,ATS,,AMAZON,13820 SUNRISE VALLEY DRIVE,,,HERNDON,VA,20171,,,,,,,,,,,,,,Y,,AMAZON,13820 SUNRISE VALLEY DR,,,,HERNDON,VA,20171,US,MEDIUM,100,REVIEW,NaT,,,,,,,,,,,Y
108,ATS,,AMBIENT COOLING AND HEATING,7123 East Furnace Branch Rd,SUITE LL,,GLEN BURNIE,MD,21060,,,,,,,,,,,,,,Y,,AMBIENT COOLING & HEATING,7123 E FURNACE BRANCH RD,,STE #LL,,GLEN BURNIE,MD,21060,US,HIGH,80,READY,2026-01-11 12:28:49,,,,,,,,,,,Y
109,ATS,,AMBIENT HEATING AND,7123 East Furnace Branch Rd,SUITE LL,,GLEN BURNIE,MD,21060,,,,,,,,,,,,,,Y,,AMBIENT HEATING AND,7123 E FURNACE BRANCH RD,,STE #LL,,GLEN BURNIE,MD,21060,US,HIGH,80,READY,2026-01-11 12:28:50,,,,,,,,,,,Y
110,ATS,,AMEN HEATING & AIR CONDITIONING,2275 ORIENTAL PLACE,,,NANJEMOY,MD,20662,,,,,,,,,,,,,,Y,,AMEN HEATING & AIR CONDITIONING,2275 ORIENTAL PL,,,,NANJEMOY,MD,20662,US,MEDIUM,100,REVIEW,NaT,,,,,,,,,,,Y
111,ATS,,AMENTUM SERVICES INC.,"20501 SENECA MEADOWS PARKWAY, SUITE 200",EMAIL INVOICES,,GERMANTOWN,MD,20876,,,,,,,,,,,,,,Y,,AMENTUM SERVICES INC,20501 SENECA MEADOWS PKWY,,STE #200,,GERMANTOWN,MD,20876,US,HIGH,80,READY,2026-01-11 12:28:54,,,,,,,,,,,Y
112,ATS,,AMENTUM TECHNOLOGY INC.,125 BROADWAY AVE,EMAIL INVOICES,,OAK RIDGE,TN,37830,,,,,,,,,,,,,,Y,,AMENTUM TECHNOLOGY INC,125 BRDWAY AVE,,,,OAK RIDGE,TN,37830,US,HIGH,80,READY,2026-01-11 12:28:56,,,,,,,,,,,Y
113,ATS,,"AMERESCO, INC. - email",111 SPEENS STREET,,,FRAMINGHAM,MA,01701,,,,,,,,,,,,,,Y,,AMERESCO INC,111 SPEENS ST,,,,FRAMINGHAM,MA,01701,US,MEDIUM,100,REVIEW,NaT,,,,,,,,,,,Y
114,ATS,,AMERICAN BOILER INC,5649-M GENERAL WASHINGTON DR.,,,ALEXANDRIA,VA,22312,,,,,,,,,,,,,,Y,,AMERICAN BOILER INC,5649-M GENERAL WASHINGTON DR,,,,ALEXANDRIA,VA,22312,US,MEDIUM,100,REVIEW,NaT,,,,,,,,,,,Y
115,ATS,,AMERICAN CAPITAL PARTNERS,ONE SOUTH STREET,,,BALTIMORE,MD,21202,,,,,,,,,,,,,,Y,,AMERICAN CAPITAL PARTNERS,ONE S ST,,,,BALTIMORE,MD,21202,US,HIGH,80,READY,2026-01-11 12:29:02,,,,,,,,,,,Y
116,ATS,,AMERICAN CHEMICAL SOCIETY,1155 16TH STREET NW,EMAIL,,WASHINGTON,DC,20036,,,,,,,,,,,,,,Y,,AMERICAN CHEMICAL SOCIETY,1155 16TH ST NW,,,,WASHINGTON,DC,20036,US,HIGH,80,READY,2026-01-11 12:29:05,,,,,,,,,,,Y
117,ATS,,AMERICAN COMBUSTION INDUSTRIES INC,"7100 HOLLADAY TYLER RD., SUITE 233",EMAIL INVOICE,,GLENN DALE,MD,20769,,,,,,,,,,,,,,Y,,AMERICAN COMBUSTION INDUSTRIES INC,7100 HOLLADAY TYLER RD,,STE #233,,GLENN DALE,MD,20769,US,MEDIUM,100,REVIEW,NaT,,,,,,,,,,,Y
118,ATS,,AMERICAN CONSTRUCT,13508 CREEKSIDE DRIVE,,,SILVER SPRING,MD,20904,,,,,,,,,,,,,,Y,,AMERICAN CONSTRUCT,13508 CREEKSIDE DR,,,,SILVER SPRING,MD,20904,US,MEDIUM,100,REVIEW,NaT,,,,,,,,,,,Y
119,ATS,,"AMERICAN ELECTRIC SERVICE CO,",PO BOX 2807,EMAIL INVOICES,,FAIRFAX,VA,22031,,,,,,,,,,,,,,Y,,AMERICAN ELECTRIC SERVICE CO,PO BOX 2807,,,,FAIRFAX,VA,22031,US,MEDIUM,70,REVIEW,NaT,,,,,,,,,,,Y
120,ATS,,AMERICAN ENTERPRISE,1789 MASSACHUSETTS AVE NW,,,WASHINGTON,DC,20036,,,,,,,,,,,,,,Y,,AMERICAN ENTERPRISE,1789 MASSACHUSETTS AVE NW,,,,WASHINGTON,DC,20036,US,HIGH,80,READY,2026-01-11 12:29:11,,,,,,,,,,,Y
121,ATS,,AMERICAN FINANCIAL REALTY TRUST,610 OLD YORK ROAD,,,JENKINTOWN,PA,19046,,,,,,,,,,,,,,Y,,AMERICAN FINANCIAL REALTY TRUST,610 OLD YORK RD,,,,JENKINTOWN,PA,19046,US,HIGH,80,READY,2026-01-11 12:29:13,,,,,,,,,,,Y
122,ATS,,AMERICAN HVAC,8 BROOK VALLEY CT.,,,FREELAND,MD,21053,,,,,,,,,,,,,,Y,,AMERICAN HVAC,8 BROOK VALLEY CT,,,,FREELAND,MD,21053,US,HIGH,80,READY,2026-01-11 12:29:15,,,,,,,,,,,Y
123,ATS,,AMERICAN INTERNATIONAL CONTRACTORS,SPECIAL PROJECTS INC.,4600 NORTH FAIRFAX DRIVE ST602,,ARLINGTON,VA,22203,,,,,,,,,,,,,,Y,,AMERICAN INTERNATIONAL CONTRACTORS,4600 N FAIRFAX DR ST 602,,SPECIAL PROJECTS INC,,ARLINGTON,VA,22203,US,MEDIUM,100,REVIEW,NaT,,,,,,,,,,,Y
124,ATS,,AMERICAN RED CROSS,9319 GAITHER ROAD,,,GAITHERSBURG,MD,20877,,,,,,,,,,,,,,Y,,AMERICAN RED CROSS,9319 GAITHER RD,,,,GAITHERSBURG,MD,20877,US,HIGH,80,READY,2026-01-11 12:29:19,,,,,,,,,,,Y
125,ATS,,"AMERICAN TESTING, INC",3220-F CORPORATE COURT,EMAIL,,ELLICOTT CITY,MD,21042,,,,,,,,,,,,,,Y,,AMERICAN TESTING INC,3220-F CORPORATE CT,,,,ELLICOTT CITY,MD,21042,US,MEDIUM,100,REVIEW,NaT,,,,,,,,,,,Y
126,ATS,,AMERICAN ULTRAVIOLET,212 S. MT ZION RD,,,LEBANON,IN,46052,,,,,,,,,,,,,,Y,,AMERICAN ULTRAVIOLET,212 S MT ZION RD,,,,LEBANON,IN,46052,US,HIGH,80,READY,2026-01-11 12:29:23,,,,,,,,,,,Y
127,ATS,,AMERICAN UNIVERSITY - email invoices,"SPRING VALLEY BLDG, ROOM 358","4400 MASSACHUSETTS AVENUE, NW",,WASHINGTON,DC,20016,,,,,,,,,,,,,,Y,,AMERICAN UNIVERSITY,4400 MASSACHUSETTS AVE NW,,SPRING VALLEY BLDG ROOM 358,,WASHINGTON,DC,20016,US,HIGH,80,READY,2026-01-11 12:29:25,,,,,,,,,,,Y
128,ATS,,"AMES, INC.",8918 HERRMANN DRIVE,,,COLUMBIA,MD,21045,,,,,,,,,,,,,,Y,,AMES INC,8918 HERRMANN DR,,,,COLUMBIA,MD,21045,US,MEDIUM,100,REVIEW,NaT,,,,,,,,,,,Y
129,ATS,,"AMPLE SHEET METAL, INC",P.O. BOX 936,,,PASADENA,MD,21123-0936,,,,,,,,,,,,,,Y,,AMPLE SHEET METAL INC,PO BOX 936,,,,PASADENA,MD,21123-0936,US,MEDIUM,70,REVIEW,NaT,,,,,,,,,,,Y
130,ATS,,"AMERICAN MECHANICAL SERVICES OF MD, LLC",13300 MID ATLANTIC BLVD,EMAIL INVOICES,,LAUREL,MD,20708,,,,,,,,,,,,,,Y,,AMERICAN MECHANICAL SERVICES OF MD LLC,13300 MID ATLANTIC BLVD,,,,LAUREL,MD,20708,US,HIGH,80,READY,2026-01-11 12:29:29,,,,,,,,,,,Y
131,ATS,,AMS CONTRACTORS INC,7211-L TELEGRAPH SQUARE DRIVE,,,LORTON,VA,22079,,,,,,,,,,,,,,Y,,AMS CONTRACTORS INC,7211-L TELEGRAPH SQUARE DR,,,,LORTON,VA,22079,US,MEDIUM,100,REVIEW,NaT,,,,,,,,,,,Y
132,ATS,,ANCHOR MECHANICAL LLC,1630 ROBIN CIRCLE,,,FOREST HILL,MD,21050,,,,,,,,,,,,,,Y,,ANCHOR MECHANICAL LLC,1630 ROBIN CIR,,,,FOREST HILL,MD,21050,US,HIGH,80,READY,2026-01-11 12:29:33,,,,,,,,,,,Y
133,ATS,,ANCHOR MECHANICAL - VA,5520 CHEROKEE AVENUE,SUITE 150,,ALEXANDRIA,VA,22312,,,,,,,,,,,,,,Y,,ANCHOR MECHANICAL,5520 CHEROKEE AVE,,STE #150,,ALEXANDRIA,VA,22312,US,MEDIUM,100,REVIEW,NaT,,,,,,,,,,,Y
134,ATS,,ANDERSON MECHANICAL SERVICES,23585 OVERLAND DRIVE,SUITE 140,,STERLING,VA,20166,,,,,,,,,,,,,,Y,,ANDERSON MECHANICAL SERVICES,23585 OVERLAND DR,,STE #140,,STERLING,VA,20166,US,MEDIUM,100,REVIEW,NaT,,,,,,,,,,,Y
135,ATS,,"ANDERSON METALS, INC.",PO BOX 631,,,FRANKLIN,PA,16323,,,,,,,,,,,,,,Y,,ANDERSON METALS INC,PO BOX 631,,,,FRANKLIN,PA,16323,US,MEDIUM,70,REVIEW,NaT,,,,,,,,,,,Y
136,ATS,,ANDREWS AIR FORCE BASE,113 CIVLI ENGINEERING SQUARE,3213 ANNAPOLIS CPURT,,ANDREWS AFB,MD,20762-5011,,,,,,,,,,,,,,Y,,ANDREWS AIR FORCE BASE,113 CIVLI ENGINEERING SQUARE,,3213 ANNAPOLIS CPURT,,ANDREWS AFB,MD,20762-5011,US,MEDIUM,100,REVIEW,NaT,,,,,,,,,,,Y
137,ATS,,ANNAPOLIS MICRO SYSTEMS,"190 ADMIRAL COCHRANE DRIVE, STE. 130",EMAIL INVOICES,,ANNAPOLIS,MD,21401-7386,,,,,,,,,,,,,,Y,,ANNAPOLIS MICRO SYSTEMS,190 ADMIRAL COCHRANE DR,,STE #130,,ANNAPOLIS,MD,21401-7386,US,MEDIUM,100,REVIEW,NaT,,,,,,,,,,,Y
138,ATS,,ANNE ARUNDEL COMMUNITY COLLEGE,101 COLLEGE PARKWAY,,,ARNOLD,MD,21012,,,,,,,,,,,,,,Y,,ANNE ARUNDEL COMMUNITY COLLEGE,101 COLLEGE PKWY,,,,ARNOLD,MD,21012,US,HIGH,80,READY,2026-01-11 12:29:44,,,,,,,,,,,Y
139,ATS,,ANNE ARUNDEL COUNTY GOV,2660 RIVA ROAD,,,ANNAPOLIS,MD,21401,,,,,,,,,,,,,,Y,,ANNE ARUNDEL COUNTY GOV,2660 RIVA RD,,,,ANNAPOLIS,MD,21401,US,MEDIUM,100,REVIEW,NaT,,,,,,,,,,,Y
140,ATS,,ANNE ARUNDEL MED CTR - email,1997 ANNAPOLIS EXCHANGE,SUITE 520,,ANNAPOLIS,MD,21401,,,,,,,,,,,,,,Y,,ANNE ARUNDEL MED CTR,1997 ANNAPOLIS EXCHANGE,,STE #520,,ANNAPOLIS,MD,21401,US,MEDIUM,100,REVIEW,NaT,,,,,,,,,,,Y
141,ATS,,"ANNE ARUNDEL - SCA SURGICENTER, LLC",904 COMMERCE ROAD,EMAIL INVOICE,,ANNAPOLIS,MD,21401,,,,,,,,,,,,,,Y,,ANNE ARUNDEL - SCA SURGICENTER LLC,904 COMMERCE RD,,,,ANNAPOLIS,MD,21401,US,MEDIUM,100,REVIEW,NaT,,,,,,,,,,,Y
142,ATS,,ANNE ARUNDEL COUNTY PUBLIC SCHOOLS,2644 RIVA ROAD,ACCOUNTS PAYABLE,,ANNAPOLIS,MD,21401,,,,,,,,,,,,,,Y,,ANNE ARUNDEL COUNTY PUBLIC SCHOOLS,2644 RIVA RD,,ACCOUNTS PAYABLE,,ANNAPOLIS,MD,21401,US,HIGH,80,READY,2026-01-11 12:29:52,,,,,,,,,,,Y
143,ATS,,"OATH, INC.",PO BOX 2330,,,ASHBURN,VA,20146-2330,,,,,,,,,,,,,,Y,,OATH INC,PO BOX 2330,,,,ASHBURN,VA,20146-2330,US,MEDIUM,70,REVIEW,NaT,,,,,,,,,,,Y
144,ATS,,APA HVAC TECHNOLOGIES,4 CAMPANELLI CIRCLE,EMAIL INVOICES,,CANTON,MA,02021,,,,,,,,,,,,,,Y,,APA HVAC TECHNOLOGIES,4 CAMPANELLI CIR,,,,CANTON,MA,02021,US,HIGH,80,READY,2026-01-11 12:29:54,,,,,,,,,,,Y
145,ATS,,APEX BUILDING CONTROLS,5231 INTERCOASTAL DRIVE,EMAIL INVOICE,,MONROVIA,MD,21770,,,,,,,,,,,,,,Y,,APEX BUILDING CONTROLS,5231 INTERCOASTAL DR,,,,MONROVIA,MD,21770,US,HIGH,80,READY,2026-01-11 12:29:56,,,,,,,,,,,Y
146,ATS,,APEX ASSOCIATES LLC,825 BRAXTON LN,SUITE 6,,WEST CHESTER,PA,19382,,,,,,,,,,,,,,Y,,APEX ASSOCIATES LLC,825 BRAXTON LN,,STE #6,,WEST CHESTER,PA,19382,US,HIGH,80,READY,2026-01-11 12:29:58,,,,,,,,,,,Y
147,ATS,,ABERDEEN PROVING GROUND,USARDECOM,5183 BLACKHAWK RD,,APG,MD,21010-5424,,,,,,,,,,,,,,Y,,ABERDEEN PROVING GROUND,5183 BLACKHAWK RD,,USARDECOM,,APG,MD,21010-5424,US,MEDIUM,100,REVIEW,NaT,,,,,,,,,,,Y
148,ATS,,EDGEWOOD CB CENTER,ATTN:AMSRD-ECB-EN/PATTY PHILLI,5183 BLACK HAWK RD/BLDG E3549,,APG,MD,21010,,,,,,,,,,,,,,Y,,EDGEWOOD CB CENTER,5183 BLACK HAWK RD/BLDG E3549,,ATTN:AMSRD-ECB-EN/PATTY PHILLI,,APG,MD,21010,US,MEDIUM,100,REVIEW,NaT,,,,,,,,,,,Y
149,ATS,,APHLEION CIGAR SHOP,2510 CONWAY RD,UNIT 106,,GAMBRILLS,MD,21054,,,,,,,,,,,,,,Y,,APHLEION CIGAR SHOP,2510 CONWAY RD,,UNIT 106,,GAMBRILLS,MD,21054,US,MEDIUM,100,REVIEW,NaT,,,,,,,,,,,Y
150,ATS,,APPARATUS REPAIR & ENGINEERING,17500 YORK ROAD,EMAIL INVOICES,,HAGERSTOWN,MD,21740,,,,,,,,,,,,,,Y,,APPARATUS REPAIR & ENGINEERING,17500 YORK RD,,,,HAGERSTOWN,MD,21740,US,MEDIUM,100,REVIEW,NaT,,,,,,,,,,,Y
151,ATS,,APPLETON CAMPBELL,100 EAST FRANKLIN STREET,,,WARRENTON,VA,20186,,,,,,,,,,,,,,Y,,APPLETON CAMPBELL,100 E FRANKLIN ST,,,,WARRENTON,VA,20186,US,HIGH,80,READY,2026-01-11 12:30:08,,,,,,,,,,,Y
152,ATS,,APPLIED INDUSTRIAL TECHNOLOGIES,APPLIED INDUSTRIAL TECH INC,PO BOX 93018,,CLEVELAND,OH,44101-5018,,,,,,,,,,,,,,Y,,APPLIED INDUSTRIAL TECHNOLOGIES,PO BOX 93018,,APPLIED INDUSTRIAL TECH INC,,CLEVELAND,OH,44101-5018,US,MEDIUM,70,REVIEW,NaT,,,,,,,,,,,Y
153,ATS,,AQUIL MECHANICAL WORKS,PO BOX 26463,,,WASHINGTON,DC,20001,,,,,,,,,,,,,,Y,,AQUIL MECHANICAL WORKS,PO BOX 26463,,,,WASHINGTON,DC,20001,US,MEDIUM,70,REVIEW,NaT,,,,,,,,,,,Y
154,ATS,,ARAD & BAKER,1249 CREST LANE,,,MCLEAN,VA,22101,,,,,,,,,,,,,,Y,,ARAD & BAKER,1249 CREST LN,,,,MCLEAN,VA,22101,US,HIGH,80,READY,2026-01-11 12:30:10,,,,,,,,,,,Y
155,ATS,,ARCTIC REFRIGERATION,4930 LITTLE COURT,,,ELLICOTT CITY,MD,21043,,,,,,,,,,,,,,Y,,ARCTIC REFRIGERATION,4930 LITTLE CT,,,,ELLICOTT CITY,MD,21043,US,HIGH,80,READY,2026-01-11 12:30:12,,,,,,,,,,,Y
156,ATS,,ARE MD #24 LLC,9800 MEDICAL CENTER DRIVE,,,ROCKVILLE,MD,20850,,,,,,,,,,,,,,Y,,ARE MD #24 LLC,9800 MEDICAL CT DR,,,,ROCKVILLE,MD,20850,US,MEDIUM,100,REVIEW,NaT,,,,,,,,,,,Y
157,ATS,,ARICA CONSULTING & CONTRACTING,8309A SHERWICK CT,EMAIL INVOICES,,JESSUP,MD,20794,,,,,,,,,,,,,,Y,,ARICA CONSULTING & CONTRACTING,8309A SHERWICK CT,,,,JESSUP,MD,20794,US,MEDIUM,100,REVIEW,NaT,,,,,,,,,,,Y
158,ATS,,ARIOSA & COMPANY,16 STENERSON LANE,SUITE 3A - EMAIL INVOICES,,HUNT VALLEY,MD,21030,,,,,,,,,,,,,,Y,,ARIOSA & COMPANY,16 STENERSON LN,,STE #3A,,HUNT VALLEY,MD,21030,US,HIGH,80,READY,2026-01-11 12:30:20,,,,,,,,,,,Y
159,ATS,,"ARK CONSTRUCTION GROUP, INC - email","700 K STREET, STE 300",EMAIL INVOICES,,WASHINGTON,DC,20001,,,,,,,,,,,,,,Y,,ARK CONSTRUCTION GROUP INC,700 K ST,,STE #300,,WASHINGTON,DC,20001,US,HIGH,80,READY,2026-01-11 12:30:22,,,,,,,,,,,Y
160,ATS,,ARLINGTON COUNTY VIRGINIA,1400 N. UHLE STREET,SUITE 600,,ARLINGTON,VA,22201,,,,,,,,,,,,,,Y,,ARLINGTON COUNTY VIRGINIA,1400 N UHLE ST,,STE #600,,ARLINGTON,VA,22201,US,HIGH,80,READY,2026-01-11 12:30:24,,,,,,,,,,,Y
161,ATS,,"ARRIBA MECHANICAL, INC",3210 ECHODALE AVE,SUITE A,,BALTIMORE,MD,21214,,,,,,,,,,,,,,Y,,ARRIBA MECHANICAL INC,3210 ECHODALE AVE,,STE #A,,BALTIMORE,MD,21214,US,HIGH,80,READY,2026-01-11 12:30:26,,,,,,,,,,,Y
162,ATS,,ARTEMIS PROPERTIES,210 W PENNSYLVANIA AVE,,,BALTIMORE,MD,21204,,,,,,,,,,,,,,Y,,ARTEMIS PROPERTIES,210 W PENNSYLVANIA AVE,,,,BALTIMORE,MD,21204,US,HIGH,80,READY,2026-01-11 12:30:28,,,,,,,,,,,Y
163,ATS,,ARUNDEL ELECTRICAL CONTRACTORS,7668 BALTIMORE ANNAPOLIS BLVD,,,GLEN BURNIE,MD,21060,,,,,,,,,,,,,,Y,,ARUNDEL ELECTRICAL CONTRACTORS,7668 BALTIMORE ANNAPOLIS BLVD,,,,GLEN BURNIE,MD,21060,US,HIGH,80,READY,2026-01-11 12:30:30,,,,,,,,,,,Y
164,ATS,,"ASRC FEDERAL CYBER, LLC","11091 SUNSET HILLS RD., SUITE 800",EMAIL INVOICE,,RESTON,VA,20190,,,,,,,,,,,,,,Y,,ASRC FEDERAL CYBER LLC,11091 SUNSET HILLS RD,,STE #800,,RESTON,VA,20190,US,HIGH,80,READY,2026-01-11 12:30:32,,,,,,,,,,,Y
165,ATS,,ASSOCIATED AIR PRODUCTS,14900 WEST 107TH,SUIT A,,LENEXA,KS,66215,,,,,,,,,,,,,,Y,,ASSOCIATED AIR PRODUCTS,14900 W 107TH,,SUIT A,,LENEXA,KS,66215,US,MEDIUM,100,REVIEW,NaT,,,,,,,,,,,Y
166,ATS,,ASTRAZENECA,1 MEDIMMUNE WAY,,,GAITHERSBURG,MD,20878,,,,,,,,,,,,,,Y,,ASTRAZENECA,1 MEDIMMUNE WAY,,,,GAITHERSBURG,MD,20878,US,HIGH,80,READY,2026-01-11 12:30:36,,,,,,,,,,,Y
167,ATS,,"ASW MECHANICAL, LLC",6710 LAUREL-BOWIE ROAD #646,EMAIL INVOICE,,BOWIE,MD,20718,,,,,,,,,,,,,,Y,,ASW MECHANICAL LLC,6710 LAUREL-BOWIE RD #646,,,,BOWIE,MD,20718,US,HIGH,80,READY,2026-01-11 12:30:38,,,,,,,,,,,Y
168,ATS,,AT YOUR SERVICE HEATING AND COOLING,6501 NORTH POINT ROAD,UNIT A - EMAIL,,BALTIMORE,MD,21219,,,,,,,,,,,,,,Y,,AT YOUR SERVICE HEATING & COOLING,6501 N POINT RD,,UNIT A,,BALTIMORE,MD,21219,US,HIGH,80,READY,2026-01-11 12:30:40,,,,,,,,,,,Y
169,ATS,,AMERICAN TYPE CULTURE COLLECTION,10801 UNIVERSITY BOULEVARD,EMAIL INVOICES,,MANASSAS,VA,20110,,,,,,,,,,,,,,Y,,AMERICAN TYPE CULTURE COLLECTION,10801 UNIVERSITY BLVD,,,,MANASSAS,VA,20110,US,HIGH,80,READY,2026-01-11 12:30:43,,,,,,,,,,,Y
170,ATS,,ATCO SERVICES,15924 DERWOOD RD,,,ROCKVILLE,MD,20855,,,,,,,,,,,,,,Y,,ATCO SERVICES,15924 DERWOOD RD,,,,ROCKVILLE,MD,20855,US,MEDIUM,100,REVIEW,NaT,,,,,,,,,,,Y
171,ATS,,ATLANTIC CONSTRUCTORS INC,EMAIL INVOICE,1401 BATTERY BROOKE PKWY,,RICHMOND,VA,23237,,,,,,,,,,,,,,Y,,ATLANTIC CONSTRUCTORS INC,1401 BATTERY BROOKE PKWY,,,,RICHMOND,VA,23237,US,MEDIUM,100,REVIEW,NaT,,,,,,,,,,,Y
172,ATS,,ATLANTIC DESIGN GROUP INC,8940 RT 108 #F,,,COLUMBIA,MD,21045,,,,,,,,,,,,,,Y,,ATLANTIC DESIGN GROUP INC,8940 RT 108 #F,,,,COLUMBIA,MD,21045,US,MEDIUM,100,REVIEW,NaT,,,,,,,,,,,Y
173,ATS,,ATLANTIC HARDWARE SUPPLY,P.O.BOX 7,EMAIL INVOICES,,WALDORF,MD,20601,,,,,,,,,,,,,,Y,,ATLANTIC HARDWARE SUPPLY,PO BOX 7,,,,WALDORF,MD,20601,US,MEDIUM,70,REVIEW,NaT,,,,,,,,,,,Y
174,ATS,,ADVANCED THERMAL SOLUTIONS,8815 GOOSLANDING CIRCLE,,,COLUMBIA,MD,21045,,,,,,,,,,,,,,Y,,ADVANCED THERMAL SOLUTIONS,8815 GOOSLANDING CIR,,,,COLUMBIA,MD,21045,US,MEDIUM,100,REVIEW,NaT,,,,,,,,,,,Y
175,ATS,,ATS PARTNERING SOLUTIONS,24 CHESNUT HILL ROAD,EMAIL INVOICES,,FOREST HILL,MD,21050,,,,,,,,,,,,,,Y,,ATS PARTNERING SOLUTIONS,24 CHESNUT HILL RD,,,,FOREST HILL,MD,21050,US,MEDIUM,100,REVIEW,NaT,,,,,,,,,,,Y
176,ATS,,ADVANCED THERMAL SOLUTIONS,8815 GOOSLANDING CIRCLE,,,COLUMBIA,MD,21045,,,,,,,,,,,,,,Y,,ADVANCED THERMAL SOLUTIONS,8815 GOOSLANDING CIR,,,,COLUMBIA,MD,21045,US,MEDIUM,100,REVIEW,NaT,,,,,,,,,,,Y
177,ATS,,CARRIER - AUTOMATED LOGIC CONTRACTING,4948 DOMINION BLVD,EMAIL INVOICES,,GLEN ALLEN,VA,23060,,,,,,,,,,,,,,Y,,CARRIER - AUTOMATED LOGIC CONTRACTING,4948 DOMINION BLVD,,,,GLEN ALLEN,VA,23060,US,MEDIUM,100,REVIEW,NaT,,,,,,,,,,,Y
178,ATS,,AVALON CONDOMINIUM ASSOCIATION,220 16TH ST,,,OCEAN CITY,MD,21842,,,,,,,,,,,,,,Y,,AVALON CONDOMINIUM ASSOCIATION,220 16TH ST,,,,OCEAN CITY,MD,21842,US,HIGH,80,READY,2026-01-11 12:31:00,,,,,,,,,,,Y
179,ATS,,"AVCO SUPPLY, INC",7014 BEAVER DAM RD,,,LEVITTOWN,PA,19057,,,,,,,,,,,,,,Y,,AVCO SUPPLY INC,7014 BEAVER DAM RD,,,,LEVITTOWN,PA,19057,US,MEDIUM,100,REVIEW,NaT,,,,,,,,,,,Y
180,ATS,,AVENT CONTRACTING,14672-L SOUTHLAWN LANE,SUITE L,,ROCKVILLE,MD,20850,,,,,,,,,,,,,,Y,,AVENT CONTRACTING,14672-L SLAWN LN,,STE #L,,ROCKVILLE,MD,20850,US,MEDIUM,100,REVIEW,NaT,,,,,,,,,,,Y
181,ATS,,"AVISON YOUNG- WASHINGTON, DC, LLC",11921 ROCKVILLE PIKE,SUITE 200,,ROCKVILLE,MD,20852,,,,,,,,,,,,,,Y,,AVISON YOUNG- WASHINGTON DC LLC,11921 ROCKVILLE PIKE,,STE #200,,ROCKVILLE,MD,20852,US,HIGH,80,READY,2026-01-11 12:31:06,,,,,,,,,,,Y
182,ATS,,AWA MEHCANICAL,1445 N ROLLING RD,,,BALTIMORE,MD,21228,,,,,,,,,,,,,,Y,,AWA MEHCANICAL,1445 N ROLLING RD,,,,BALTIMORE,MD,21228,US,HIGH,80,READY,2026-01-11 12:31:09,,,,,,,,,,,Y
183,ATS,,"AYALA ELECTRIC, LLC",9264 CORPORATE CIRCLE,EMAIL INVOICES,,MANASSAS,VA,20110,,,,,,,,,,,,,,Y,,AYALA ELECTRIC LLC,9264 CORPORATE CIR,,,,MANASSAS,VA,20110,US,HIGH,80,READY,2026-01-11 12:31:11,,,,,,,,,,,Y
184,ATS,,AYRSHIRE FARM,21846 TRAPPE RAOD,,,UPPERVILLE,VA,20184,,,,,,,,,,,,,,Y,,AYRSHIRE FARM,21846 TRAPPE RAOD,,,,UPPERVILLE,VA,20184,US,MEDIUM,100,REVIEW,NaT,,,,,,,,,,,Y
185,ATS,,AZOLA BUILDING SERVICES,1414 KEY HIGHWAY,SUITE A,,BALTIMORE,MD,21230,,,,,,,,,,,,,,Y,,AZOLA BUILDING SERVICES,1414 KEY HWY,,STE #A,,BALTIMORE,MD,21230,US,HIGH,80,READY,2026-01-11 12:31:15,,,,,,,,,,,Y
186,ATS,,B&B TECHNOLOGIES LLC,PO BOX 1264,,,MILLERSVILLE,MD,21108,,,,,,,,,,,,,,Y,,B&B TECHNOLOGIES LLC,PO BOX 1264,,,,MILLERSVILLE,MD,21108,US,MEDIUM,70,REVIEW,NaT,,,,,,,,,,,Y
187,ATS,,BERMUDA AIR CONDITIONING,P.O. BOX HM 1095,,,HAMILTON HM,EX,BERMUDA,,,,,,,,,,,,,,Y,,BERMUDA AIR CONDITIONING,PO BOX HM 1095,,,,HAMILTON HM,EX,00000,US,MEDIUM,70,REVIEW,NaT,,,,,,,,,,,Y
188,ATS,,BAISTAR MECHANICAL,14640 FLINT LEE RD,UNIT D,,CHANTILLY,VA,20151,,,,,,,,,,,,,,Y,,BAISTAR MECHANICAL,14640 FLINT LEE RD,,UNIT D,,CHANTILLY,VA,20151,US,MEDIUM,100,REVIEW,NaT,,,,,,,,,,,Y
189,ATS,,BAKERY EXPRESS,4711 Hollins Ferry Rd #100,,,HALETHORPE,MD,21227,,,,,,,,,,,,,,Y,,BAKERY EXPRESS,4711 HOLLINS FERRY RD #100,,,,HALETHORPE,MD,21227,US,HIGH,80,READY,2026-01-11 12:31:19,,,,,,,,,,,Y
190,ATS,,BALDWIN MECHANICAL CONTRACTORS-email,8116 PHILADELPHIA ROAD,,,BALTIMORE,MD,21237,,,,,,,,,,,,,,Y,,BALDWIN MECHANICAL CONTRACTORS,8116 PHILADELPHIA RD,,,,BALTIMORE,MD,21237,US,HIGH,80,READY,2026-01-11 12:31:23,,,,,,,,,,,Y
191,ATS,,"BALFOUR BEATTY CONSTRUCTION, LLC","2180 FAIRVIEW PARK DR., SUITE 200",EMAIL INVOICES,,FALLS CHURCH,VA,22042,,,,,,,,,,,,,,Y,,BALFOUR BEATTY CONSTRUCTION LLC,2180 FAIRVIEW PARK DR,,STE #200,,FALLS CHURCH,VA,22042,US,MEDIUM,100,REVIEW,NaT,,,,,,,,,,,Y
192,ATS,,BALTIMORE AIRCOIL COMPANY,,,,,,,,,,,,,,,,,,,,Y,,BALTIMORE AIRCOIL COMPANY,,,,,,,,US,LOW,20,INVALID,NaT,,,,,,,,,,,Y
193,ATS,,BALTIMORE CITY CENTRAL BOOKING,DIVISION OF PRE-TRIAL DETENTIO,"531 E. MADISON ST., FINANCE",,BALTIMORE,MD,21202,,,,,,,,,,,,,,Y,,BALTIMORE CITY CENTRAL BOOKING,531 E MADISON ST FINANCE,,DIVISION OF PRE-TRIAL DETENTIO,,BALTIMORE,MD,21202,US,MEDIUM,100,REVIEW,NaT,,,,,,,,,,,Y
194,ATS,,BALTIMORE CITY COMMUNITY COLLEGE,600 EAST LOMBARD STREET,,,BALTIMORE,MD,21202,,,,,,,,,,,,,,Y,,BALTIMORE CITY COMMUNITY COLLEGE,600 E LOMBARD ST,,,,BALTIMORE,MD,21202,US,HIGH,80,READY,2026-01-11 12:31:32,,,,,,,,,,,Y
195,ATS,,BALTIMORE CITY DETENTION CENTER,JAIL INDUSTRIES BUILDING,531 E MADISON STREET,,BALTIMORE,MD,21202,,,,,,,,,,,,,,Y,,BALTIMORE CITY DETENTION CENTER,531 E MADISON ST,,JAIL INDUSTRIES BLDG,,BALTIMORE,MD,21202,US,HIGH,80,READY,2026-01-11 12:31:34,,,,,,,,,,,Y
196,ATS,,BALTIMORE CONTRACTORS,6609 MORAVIA PARK DRIVE,,,BALTIMORE,MD,21237,,,,,,,,,,,,,,Y,,BALTIMORE CONTRACTORS,6609 MORAVIA PARK DR,,,,BALTIMORE,MD,21237,US,HIGH,80,READY,2026-01-11 12:31:36,,,,,,,,,,,Y
197,ATS,,CITY OF BALTIMORE FINANCE DEPARTMENT,401 E. FAYETTE STREET,5TH FLOOR,,BALTIMORE,MD,21201,,,,,,,,,,,,,,Y,,CITY OF BALTIMORE FINANCE DEPARTMENT,401 E FAYETTE ST,,5TH FL,,BALTIMORE,MD,21201,US,HIGH,80,READY,2026-01-11 12:31:38,,,,,,,,,,,Y
198,ATS,,BALTIMORE COUNTY BLDG MAINT,12200 LONGGREE,,,GLENARM,MD,21057,,,,,,,,,,,,,,Y,,BALTIMORE COUNTY BLDG MAINT,12200 LONGGREE,,,,GLENARM,MD,21057,US,MEDIUM,100,REVIEW,NaT,,,,,,,,,,,Y
199,ATS,,"BALTIMORE COUNTY, MD",DISBURSEMENTS UNIT,"400 WASHINGTON AVE, ROOM 148",,TOWSON,MD,21204,,,,,,,,,,,,,,Y,,BALTIMORE COUNTY MD,400 WASHINGTON AVE,,ROOM 148 DISBURSEMENTS UNIT,,TOWSON,MD,21204,US,HIGH,80,READY,2026-01-11 12:31:42,,,,,,,,,,,Y
200,ATS,,"BALTIMORE ELECTRIC SERVICES, INC.",4300 RIDGE ROAD,,,BALTIMORE,MD,21236,,,,,,,,,,,,,,Y,,BALTIMORE ELECTRIC SERVICES INC,4300 RIDGE RD,,,,BALTIMORE,MD,21236,US,HIGH,80,READY,2026-01-11 12:31:44,,,,,,,,,,,Y
201,ATS,,BALTIMORE MUSEUM OF ART,10 ART MUSEUM DR,,,BALTIMORE,MD,21218,,,,,,,,,,,,,,Y,,BALTIMORE MUSEUM OF ART,10 ART MUSEUM DR,,,,BALTIMORE,MD,21218,US,HIGH,80,READY,2026-01-11 12:31:46,,,,,,,,,,,Y
202,ATS,,"BALTIMORE S&S SUPPLY, LLC",5008 RED TOP TERRACE,EMAIL INVOICE,,PERRY HALL,MD,21228,,,,,,,,,,,,,,Y,,BALTIMORE S&S SUPPLY LLC,5008 RED TOP TERRACE,,,,PERRY HALL,MD,21228,US,HIGH,80,READY,2026-01-11 12:31:47,,,,,,,,,,,Y
203,ATS,,BALTIMORE TRANE SALES & SERVICE,"9603 DEERECO ROAD, SUITE 400",,,TIMONIUM,MD,21093-6920,,,,,,,,,,,,,,Y,,BALTIMORE TRANE SALES & SERVICE,9603 DEERECO RD,,STE #400,,TIMONIUM,MD,21093-6920,US,HIGH,80,READY,2026-01-11 12:31:50,,,,,,,,,,,Y
204,ATS,,BALTIMORE WASHINGTON MEDICAL CENTER,UOM- BWMC -email INV,PO BOX 6545,,PORTLAND,OR,97228,,,,,,,,,,,,,,Y,,BALTIMORE WASHINGTON MEDICAL CENTER,PO BOX 6545,,UOM- BWMC,,PORTLAND,OR,97228,US,MEDIUM,70,REVIEW,NaT,,,,,,,,,,,Y
205,ATS,,BALTIMORE WATERFRONT MARRIOTT ENGINEERI,700 ALICEANNA STREET,,,BALTMORE,MD,21202,,,,,,,,,,,,,,Y,,BALTIMORE WATERFRONT MARRIOTT ENGINEERI,700 ALICEANNA ST,,,,BALTMORE,MD,21202,US,MEDIUM,100,REVIEW,NaT,,,,,,,,,,,Y
206,ATS,,BALTIMORE CENTRAL BOOKING & INTAKE CTR,531 E. MADISON ST.,,,BALTIMORE,MD,21202,,,,,,,,,,,,,,Y,,BALTIMORE CENTRAL BOOKING & INTAKE CTR,531 E MADISON ST,,,,BALTIMORE,MD,21202,US,HIGH,80,READY,2026-01-11 12:31:54,,,,,,,,,,,Y
207,ATS,,BALTIMORE COUNTY PUBLIC SCHOOLS,6901 CHARLES ST,,,TOWSON,MD,21204,,,,,,,,,,,,,,Y,,BALTIMORE COUNTY PUBLIC SCHOOLS,6901 CHARLES ST,,,,TOWSON,MD,21204,US,HIGH,80,READY,2026-01-11 12:31:56,,,,,,,,,,,Y
208,ATS,,BARAN MANUFACTURING,399 TEETER ROAD,,,LITTLETOWN,PA,17340,,,,,,,,,,,,,,Y,,BARAN MANUFACTURING,399 TEETER RD,,,,LITTLETOWN,PA,17340,US,MEDIUM,100,REVIEW,NaT,,,,,,,,,,,Y
209,ATS,,"M. NELSON BARNES & SONS, INC.",117 CHURCH LANE,,,COCKEYSVILLE,MD,21030,,,,,,,,,,,,,,Y,,M NELSON BARNES & SONS INC,117 CHURCH LN,,,,COCKEYSVILLE,MD,21030,US,HIGH,80,READY,2026-01-11 12:32:00,,,,,,,,,,,Y
210,ATS,,BUILDING AUTOMATION SYSTEMS INTEGRATORS,7050 HI TECH DR,EMAIL INVOICE,,HANOVER,MD,21076,,,,,,,,,,,,,,Y,,BUILDING AUTOMATION SYSTEMS INTEGRATORS,7050 HI TECH DR,,,,HANOVER,MD,21076,US,HIGH,80,READY,2026-01-11 12:32:03,,,,,,,,,,,Y
211,ATS,,BASILIS HALOFTIS,18517 TRAXELL WAY,,,GAITHERSBURG,MD,20879,,,,,,,,,,,,,,Y,,BASILIS HALOFTIS,18517 TRAXELL WAY,,,,GAITHERSBURG,MD,20879,US,MEDIUM,100,REVIEW,NaT,,,,,,,,,,,Y
212,ATS,,BATTELLE MEMORIAL INSTITUTE,505 KING AVE AATN: ACCOUNTS PAYABLE,EMAIL INVOICES,,COLUMBUS,OH,43201-2696,,,,,,,,,,,,,,Y,,BATTELLE MEMORIAL INSTITUTE,505 KING AVE AATN: ACCOUNTS PAYABLE,,,,COLUMBUS,OH,43201-2696,US,MEDIUM,100,REVIEW,NaT,,,,,,,,,,,Y
213,ATS,,"BATTLE CREEK CONSTRUCTION, LLC",200 WASHINGTON AVENUE,,,LA PLATA,MD,20646,,,,,,,,,,,,,,Y,,BATTLE CREEK CONSTRUCTION LLC,200 WASHINGTON AVE,,,,LA PLATA,MD,20646,US,HIGH,80,READY,2026-01-11 12:32:10,,,,,,,,,,,Y
214,ATS,,"BAUER MECHANICAL, LLC","6918 RIDGE RD., SUITE #2",,,ROSEDALE,MD,21237,,,,,,,,,,,,,,Y,,BAUER MECHANICAL LLC,6918 RIDGE RD,,STE ##2,,ROSEDALE,MD,21237,US,HIGH,80,READY,2026-01-11 12:32:13,,,,,,,,,,,Y
215,ATS,,BAY AREA MECHANICAL SERVICES. INC,6824 FT. SMALLWOOD RD,STE B,,BALTIMORE,MD,21226,,,,,,,,,,,,,,Y,,BAY AREA MECHANICAL SERVICES INC,6824 FT SMALLWOOD RD,,STE B,,BALTIMORE,MD,21226,US,HIGH,80,READY,2026-01-11 12:32:15,,,,,,,,,,,Y
216,ATS,,BAY ENGINEERING,2661 RIVA ROAD,,,ANNAPOLIS,MD,21401,,,,,,,,,,,,,,Y,,BAY ENGINEERING,2661 RIVA RD,,,,ANNAPOLIS,MD,21401,US,MEDIUM,100,REVIEW,NaT,,,,,,,,,,,Y
217,ATS,,"BAY STATE ELECTRIC, INC.",6309 FORT SMALLWOOD RD,#3,,BALTIMORE,MD,21226,,,,,,,,,,,,,,Y,,BAY STATE ELECTRIC INC,6309 FORT SMALLWOOD RD,,#3,,BALTIMORE,MD,21226,US,HIGH,80,READY,2026-01-11 12:32:19,,,,,,,,,,,Y
218,ATS,,BEHRINGER HARVARD,250 WEST PRATT STREET,SUITE 130,,BALTIMORE,MD,21201,,,,,,,,,,,,,,Y,,BEHRINGER HARVARD,250 W PRATT ST,,STE #130,,BALTIMORE,MD,21201,US,HIGH,80,READY,2026-01-11 12:32:21,,,,,,,,,,,Y
219,ATS,,"BELL BCI COMPANY, LLC",941 MERCANTILE DRIVE - email,SUITE C-F,,HANOVER,MD,21076,,,,,,,,,,,,,,Y,,BELL BCI COMPANY LLC,941 MERCANTILE DR,,STE #C-F,,HANOVER,MD,21076,US,HIGH,80,READY,2026-01-11 12:32:23,,,,,,,,,,,Y
220,ATS,,BENCHMARK AUTOMATION & CONTROLS,215 SCHILLING CIRCLE,SUITE 114 - EMAIL,,HUNT VALLEY,MD,21031,,,,,,,,,,,,,,Y,,BENCHMARK AUTOMATION & CONTROLS,215 SCHILLING CIR,,STE #114,,HUNT VALLEY,MD,21031,US,HIGH,80,READY,2026-01-11 12:32:25,,,,,,,,,,,Y
221,ATS,,BENFIELD ELECTRIC,400 HICKORY DRIVE,,,ABERDEEN,MD,21001,,,,,,,,,,,,,,Y,,BENFIELD ELECTRIC,400 HICKORY DR,,,,ABERDEEN,MD,21001,US,HIGH,80,READY,2026-01-11 12:32:27,,,,,,,,,,,Y
222,ATS,,BENNETT MECHANICAL SERVICES,829 KEITH LANE,EMAIL INVOICES,,OWINGS,MD,20636,,,,,,,,,,,,,,Y,,BENNETT MECHANICAL SERVICES,829 KEITH LN,,,,OWINGS,MD,20636,US,HIGH,80,READY,2026-01-11 12:32:29,,,,,,,,,,,Y
223,ATS,,BENNETT MECHANICAL SERVICES INC,EMAIL INVOICE,532 BALTIMORE BLVD #310,,WESTMINISTER,MD,21157,,,,,,,,,,,,,,Y,,BENNETT MECHANICAL SERVICES INC,532 BALTIMORE BLVD #310,,,,WESTMINISTER,MD,21157,US,MEDIUM,100,REVIEW,NaT,,,,,,,,,,,Y
224,ATS,,BERKLEY MEDICAL CENTER,2500 HOSPITIAL DR,,,Martinsburg,WV,25401,,,,,,,,,,,,,,Y,,BERKLEY MEDICAL CENTER,2500 HOSPITIAL DR,,,,MARTINSBURG,WV,25401,US,MEDIUM,100,REVIEW,NaT,,,,,,,,,,,Y
225,ATS,,BERNWARD MECHANICAL & CONSTRUCTION,836 RITCHIE HWY,SUITE 1 - EMAIL INVOICES,,SEVERNA PARK,MD,21146,,,,,,,,,,,,,,Y,,BERNWARD MECHANICAL & CONSTRUCTION,836 RITCHIE HWY,,STE #1,,SEVERNA PARK,MD,21146,US,HIGH,80,READY,2026-01-11 12:32:35,,,,,,,,,,,Y
226,ATS,,BERRY PLASTICS,P.O. BOX 959,,,EVANSVILLE,IN,47706,,,,,,,,,,,,,,Y,,BERRY PLASTICS,PO BOX 959,,,,EVANSVILLE,IN,47706,US,MEDIUM,70,REVIEW,NaT,,,,,,,,,,,Y
227,ATS,,BEST PLUMBING SPECIALTIES - email,P.O. BOX 30,,,MYERSVILLE,MD,21773,,,,,,,,,,,,,,Y,,BEST PLUMBING SPECIALTIES,PO BOX 30,,,,MYERSVILLE,MD,21773,US,MEDIUM,70,REVIEW,NaT,,,,,,,,,,,Y
228,ATS,,BETHEL ELECTRICAL CONSTRUCTION,502 MCCORMICK DRIVE,SUITE C,,GLEN BURNIE,MD,21061,,,,,,,,,,,,,,Y,,BETHEL ELECTRICAL CONSTRUCTION,502 MCCORMICK DR,,STE #C,,GLEN BURNIE,MD,21061,US,HIGH,80,READY,2026-01-11 12:32:36,,,,,,,,,,,Y
229,ATS,,BG SERVICES,21448 RUBLE ROAD,,,BOONSBORO,MD,21713,,,,,,,,,,,,,,Y,,BG SERVICES,21448 RUBLE RD,,,,BOONSBORO,MD,21713,US,MEDIUM,100,REVIEW,NaT,,,,,,,,,,,Y
230,ATS,,BGE,1409 SUITE A,TANGIER DR,,BALTIMORE,MD,21220,,,,,,,,,,,,,,Y,,BGE,1409 TANGIER DR,,STE #A,,BALTIMORE,MD,21220,US,HIGH,80,READY,2026-01-11 12:32:40,,,,,,,,,,,Y
231,ATS,,"BGE HOME PRODUCTS & SERVICE, LLC",1409-A TANGIER DRIVE,EMAIL INVOICE,,BALTIMORE,MD,21220,,,,,,,,,,,,,,Y,,BGE HOME PRODUCTS & SERVICE LLC,1409-A TANGIER DR,,,,BALTIMORE,MD,21220,US,HIGH,80,READY,2026-01-11 12:32:42,,,,,,,,,,,Y
232,ATS,,BGE SMART ENERGY SAVERS PROGRAM,C/O ICF INTERNATIONAL,7125 THOMAS EDISON DRIVE S-100,,COLUMBIA,MD,21046,,,,,,,,,,,,,,Y,,BGE SMART ENERGY SAVERS PROGRAM,7125 THOMAS EDISON DR S-100,,C/O ICF INTERNATIONAL,,COLUMBIA,MD,21046,US,MEDIUM,100,REVIEW,NaT,,,,,,,,,,,Y
233,ATS,,"BIG PLATE TECH, LLC",4151 LAFAYETTE CENTER DRIVE,SUITE #600,,CHANTILLY,VA,20151,,,,,,,,,,,,,,Y,,BIG PLATE TECH LLC,4151 LAFAYETTE CT DR,,STE ##600,,CHANTILLY,VA,20151,US,MEDIUM,100,REVIEW,NaT,,,,,,,,,,,Y
234,ATS,,BILMIN COMPANY -EMAIL,7411-A LINDBERGH DRIVE,,,GAITHERSBURG,MD,20879,,,,,,,,,,,,,,Y,,BILMIN COMPANY,7411-A LINDBERGH DR,,,,GAITHERSBURG,MD,20879,US,MEDIUM,100,REVIEW,NaT,,,,,,,,,,,Y
235,ATS,,"BIO AIR STERILIZATION, LLC",PO BOX 1044,,,SEVERNA PARK,MD,21146,,,,,,,,,,,,,,Y,,BIO AIR STERILIZATION LLC,PO BOX 1044,,,,SEVERNA PARK,MD,21146,US,MEDIUM,70,REVIEW,NaT,,,,,,,,,,,Y
236,ATS,,BION INC. - email,11721 PUMP STATION WAY,,,MANASSAS,VA,20109,,,,,,,,,,,,,,Y,,BION INC,11721 PUMP STATION WAY,,,,MANASSAS,VA,20109,US,HIGH,80,READY,2026-01-11 12:32:51,,,,,,,,,,,Y
237,ATS,,BIORELIANCE CORPORATION - EMAIL,ATTN: ACCOUNTS PAYABLE,14920 BROSCHART ROAD,,ROCKVILLE,MD,20850-3349,,,,,,,,,,,,,,Y,,BIORELIANCE CORPORATION,14920 BROSCHART RD,,,,ROCKVILLE,MD,20850-3349,US,MEDIUM,100,REVIEW,NaT,,,,,,,,,,,Y
238,ATS,,"BIRCKHEAD ELECTRIC, INC",3506 MALEC LANE,,,BOWIE,MD,20715,,,,,,,,,,,,,,Y,,BIRCKHEAD ELECTRIC INC,3506 MALEC LN,,,,BOWIE,MD,20715,US,HIGH,80,READY,2026-01-11 12:32:54,,,,,,,,,,,Y
239,ATS,,"BLAKE REAL ESTATE, INC.","1150 CONNECTICUT AVE NW., SUITE 900",EMAIL INVOICES,,WASHINGTON,DC,20036,,,,,,,,,,,,,,Y,,BLAKE REAL ESTATE INC,1150 CONNECTICUT AVE NW,,STE #900,,WASHINGTON,DC,20036,US,HIGH,80,READY,2026-01-11 12:32:56,,,,,,,,,,,Y
240,ATS,,BLYGOLD FLORIDA,3000 S.W.10TH STREET,,,POMPANO BEACH,FL,33069,,,,,,,,,,,,,,Y,,BLYGOLD FLORIDA,3000 SW10TH ST,,,,POMPANO BEACH,FL,33069,US,MEDIUM,100,REVIEW,NaT,,,,,,,,,,,Y
241,ATS,,SB GOLDSTAR BV,HOOFDVEST 13,3992 DH HOUTEN,,THE NETHERLANDS,,,,,,,,,,,,,,,,Y,,SB GOLDSTAR BV,HOOFDVEST 13,,,,HOUTEN,DH,03992,NL,LOW,100,REVIEW,NaT,,,,,,,,,,,Y
242,ATS,,"BMC SERVICES, LLC",3030 NIEMAN AVENUE,EMAIL INVOICE,,BALTIMORE,MD,21230,,,,,,,,,,,,,,Y,,BMC SERVICES LLC,3030 NIEMAN AVE,,,,BALTIMORE,MD,21230,US,HIGH,80,READY,2026-01-11 12:33:02,,,,,,,,,,,Y
243,ATS,,BMS REALTY SERVICES,3050 K STREET,"NW, SUTE 170",,WASHINGTON,DC,20007,,,,,,,,,,,,,,Y,,BMS REALTY SERVICES,3050 K ST,,NW SUTE 170,,WASHINGTON,DC,20007,US,HIGH,80,READY,2026-01-11 12:33:04,,,,,,,,,,,Y
244,ATS,,BMS TECHS,24435 JUNEGRASS BEND ROAD,,,KATY,TX,77493,,,,,,,,,,,,,,Y,,BMS TECHS,24435 JUNEGRASS BEND RD,,,,KATY,TX,77493,US,MEDIUM,100,REVIEW,NaT,,,,,,,,,,,Y
245,ATS,,BROTHERS MECHANICAL SERVICES LLC,EMAIL INVOICE,8996 MIKE GARCIA DRIVE,,MANASSAS,VA,20109,,,,,,,,,,,,,,Y,,BROTHERS MECHANICAL SERVICES LLC,8996 MIKE GARCIA DR,,,,MANASSAS,VA,20109,US,MEDIUM,100,REVIEW,NaT,,,,,,,,,,,Y
246,ATS,,BOARD OF EDUCATION OF WICOMICO CO.,ACCOUNTS PAYABLE,PO 1538,,SALISBURY,MD,21802,,,,,,,,,,,,,,Y,,BOARD OF EDUCATION OF WICOMICO CO,PO BOX 1538,,,,SALISBURY,MD,21802,US,MEDIUM,70,REVIEW,NaT,,,,,,,,,,,Y
247,ATS,,BOB HOLMAN,3211 TENNYSON ST,,,WASHINGTON,DC,20015,,,,,,,,,,,,,,Y,,BOB HOLMAN,3211 TENNYSON ST,,,,WASHINGTON,DC,20015,US,HIGH,80,READY,2026-01-11 12:33:10,,,,,,,,,,,Y
248,ATS,,BOEING SERVICE COMPANY,FINANCE DEPARTMENT -email,P.O. BOX 221710,,CHANTILLY,VA,20153,,,,,,,,,,,,,,Y,,BOEING SERVICE COMPANY,PO BOX 221710,,FINANCE DEPARTMENT,,CHANTILLY,VA,20153,US,MEDIUM,70,REVIEW,NaT,,,,,,,,,,,Y
249,ATS,,BOLAND,30 WEST WATKINS MILL RD,EMAIL,,GAITHERSBURG,MD,20878,,,,,,,,,,,,,,Y,,BOLAND,30 W WATKINS MILL RD,,,,GAITHERSBURG,MD,20878,US,HIGH,80,READY,2026-01-11 12:33:12,,,,,,,,,,,Y
250,ATS,,BUILDING OWNERS AND MANAGERS ASSOCIATIO,9 NEWPORT DRIVE,SUITE 200,,FOREST HILL,MD,21050,,,,,,,,,,,,,,Y,,BUILDING OWNERS & MANAGERS ASSOCIATION,9 NEWPORT DR,,STE #200,,FOREST HILL,MD,21050,US,HIGH,80,READY,2026-01-11 12:33:14,,,,,,,,,,,Y
251,ATS,,"BOWINGS & HUBER, LLC (BOMARK)",838 SOUTH MAIN STREET,,,HAMPSTEAD,MD,21074,,,,,,,,,,,,,,Y,,BOWINGS & HUBER LLC (BOMARK),838 S MAIN ST,,,,HAMPSTEAD,MD,21074,US,MEDIUM,100,REVIEW,NaT,,,,,,,,,,,Y
252,ATS,,"BOPAT ELECTRIC CO., INC","9160 RUMSEY RD., SUITE B5",,,COLUMBIA,MD,21045,,,,,,,,,,,,,,Y,,BOPAT ELECTRIC CO INC,9160 RUMSEY RD,,STE #B5,,COLUMBIA,MD,21045,US,MEDIUM,100,REVIEW,NaT,,,,,,,,,,,Y
253,ATS,,"BORIE DAVIS, INC",5975 SHILOH ROAD,SUITE 106,,ALPHARETTA,GA,30005,,,,,,,,,,,,,,Y,,BORIE DAVIS INC,5975 SHILOH RD,,STE #106,,ALPHARETTA,GA,30005,US,MEDIUM,100,REVIEW,NaT,,,,,,,,,,,Y
254,ATS,,"BORLIE MECHANICAL CONTRACTING, LLC",5521 TABLER STATION ROAD,,,INWOOD,WV,25428,,,,,,,,,,,,,,Y,,BORLIE MECHANICAL CONTRACTING LLC,5521 TABLER STATION RD,,,,INWOOD,WV,25428,US,MEDIUM,100,REVIEW,NaT,,,,,,,,,,,Y
255,ATS,,BOST &  FILTREX INC,949 KING AVE,EMAIL INVOICE,,COLUMBUS,OH,43212,,,,,,,,,,,,,,Y,,BOST & FILTREX INC,949 KING AVE,,,,COLUMBUS,OH,43212,US,HIGH,80,READY,2026-01-11 12:33:26,,,,,,,,,,,Y
256,ATS,,BOSTON PROPERTIES,6903 ROCKLEDGE DRIVE SUITE 216,,,BETHESDA,MD,20817,,,,,,,,,,,,,,Y,,BOSTON PROPERTIES,6903 ROCKLEDGE DR,,STE #216,,BETHESDA,MD,20817,US,HIGH,80,READY,2026-01-11 12:33:28,,,,,,,,,,,Y
257,ATS,,BOUSQUET COMMISSIONS,,,,,,,,,,,,,,,,,,,,Y,,BOUSQUET COMMISSIONS,,,,,,,,US,LOW,20,INVALID,NaT,,,,,,,,,,,Y
258,ATS,,BOVIS LEND LEASE,7315 WISCONSIN AVE,14TH FLOOR WEST,,BETHESDA,MD,20814,,,,,,,,,,,,,,Y,,BOVIS LEND LEASE,7315 WISCONSIN AVE,,14TH FL W,,BETHESDA,MD,20814,US,HIGH,80,READY,2026-01-11 12:33:31,,,,,,,,,,,Y
259,ATS,,BPI MECHANICAL INC,9103 HAMPTON OVERLOOK,EMAIL,,CAPITOL HEIGHTS,MD,20743,,,,,,,,,,,,,,Y,,BPI MECHANICAL INC,9103 HAMPTON OVERLOOK,,,,CAPITOL HEIGHTS,MD,20743,US,MEDIUM,100,REVIEW,NaT,,,,,,,,,,,Y
260,ATS,,"BRADLEIGH MECHANICAL, INC.",114 OAK GROVE ROAD,SUITE 106 - EMAIL INVOICE,,STERLING,VA,20166,,,,,,,,,,,,,,Y,,BRADLEIGH MECHANICAL INC,114 OAK GROVE RD,,STE #106,,STERLING,VA,20166,US,MEDIUM,100,REVIEW,NaT,,,,,,,,,,,Y
261,ATS,,"BRANAIR, INC","11900 LIVINGSTON RD., #157",EMAIL INVOICES,,MANASSAS,VA,20109,,,,,,,,,,,,,,Y,,BRANAIR INC,11900 LIVINGSTON RD #157,,,,MANASSAS,VA,20109,US,HIGH,80,READY,2026-01-11 12:33:38,,,,,,,,,,,Y
262,ATS,,BRANDYWINE REALTY TRUST - EMAIL,"2929 ARCH STREET, SUITE 1800",ATTN: LEGAL NOTICES/LEGAL DEPARTMENT,,PHILADELPHIA,PA,19104,,,,,,,,,,,,,,Y,,BRANDYWINE REALTY TRUST,2929 ARCH ST,,STE #1800 LEGAL DEPARTMENT,,PHILADELPHIA,PA,19104,US,HIGH,80,READY,2026-01-11 12:33:40,,,,,,,,,,,Y
263,ATS,,BRAYSTONE CONDOMINIUMS,1312 KING STREET,,,ALEXANDRIA,VA,22314,,,,,,,,,,,,,,Y,,BRAYSTONE CONDOMINIUMS,1312 KING ST,,,,ALEXANDRIA,VA,22314,US,HIGH,80,READY,2026-01-11 12:33:42,,,,,,,,,,,Y
264,ATS,,BRENNCO ELECTRIC,8317 OLD LEONARDTOWN ROAD,,,HUGHESVILLE,MD,20637,,,,,,,,,,,,,,Y,,BRENNCO ELECTRIC,8317 OLD LEONARDTOWN RD,,,,HUGHESVILLE,MD,20637,US,HIGH,80,READY,2026-01-11 12:33:44,,,,,,,,,,,Y
265,ATS,,"BRETCO, INC",8373B GREENSBORO DRIVE,EMAIL INVOICES,,MCLEAN,VA,22102,,,,,,,,,,,,,,Y,,BRETCO INC,8373B GREENSBORO DR,,,,MCLEAN,VA,22102,US,MEDIUM,100,REVIEW,NaT,,,,,,,,,,,Y
266,ATS,,BRETT MEHLMAN,4819 EDWARDS STREET,,,ALEXANDRIA,VA,22312,,,,,,,,,,,,,,Y,,BRETT MEHLMAN,4819 EDWARDS ST,,,,ALEXANDRIA,VA,22312,US,MEDIUM,100,REVIEW,NaT,,,,,,,,,,,Y
267,ATS,,BRIAN MCMURTIE,20129 SCENIC VIEW VOURT,,,BOONSBORO,MD,21713,,,,,,,,,,,,,,Y,,BRIAN MCMURTIE,20129 SCENIC VIEW VOURT,,,,BOONSBORO,MD,21713,US,MEDIUM,100,REVIEW,NaT,,,,,,,,,,,Y
268,ATS,,BRIDGEWORKS CONSTRUCTION,7520 W MAIN ST,,,SYKESVILLE,MD,21784,,,,,,,,,,,,,,Y,,BRIDGEWORKS CONSTRUCTION,7520 W MAIN ST,,,,SYKESVILLE,MD,21784,US,MEDIUM,100,REVIEW,NaT,,,,,,,,,,,Y
269,ATS,,BRIT LIMITED PARTNERSHIP,"5410 EDSON LANE, SUITE 200",EMAIL INVOICES,,ROCKVILLE,MD,20852,,,,,,,,,,,,,,Y,,BRIT LIMITED PARTNERSHIP,5410 EDSON LN,,STE #200,,ROCKVILLE,MD,20852,US,MEDIUM,100,REVIEW,NaT,,,,,,,,,,,Y
270,ATS,,BRITISH EMBASSY,3100 MASSACHUSETTS AVE NW,,,WASHINGTON,DC,20008,,,,,,,,,,,,,,Y,,BRITISH EMBASSY,3100 MASSACHUSETTS AVE NW,,,,WASHINGTON,DC,20008,US,HIGH,80,READY,2026-01-11 12:33:58,,,,,,,,,,,Y
271,ATS,,BROADMEAD,13801 YORK ROAD,,,COCKEYSVILLE,MD,21030,,,,,,,,,,,,,,Y,,BROADMEAD,13801 YORK RD,,,,COCKEYSVILLE,MD,21030,US,HIGH,80,READY,2026-01-11 12:34:00,,,,,,,,,,,Y
272,ATS,,BROADWAY ELECTRIC,P.O. BOX 363,,,LUTHERVILLE,MD,21094-0363,,,,,,,,,,,,,,Y,,BROADWAY ELECTRIC,PO BOX 363,,,,LUTHERVILLE,MD,21094-0363,US,MEDIUM,70,REVIEW,NaT,,,,,,,,,,,Y
273,ATS,,BROADWAY SERVICES INC.,3709 EAST MONUMENT ST,,,BALTIMORE,MD,21205,,,,,,,,,,,,,,Y,,BROADWAY SERVICES INC,3709 E MONUMENT ST,,,,BALTIMORE,MD,21205,US,HIGH,80,READY,2026-01-11 12:34:02,,,,,,,,,,,Y
274,ATS,,BROOKFIELD PROPERTIES,855 N WOLFE STREET,SUITE 102 - EMAIL,,BALTIMORE,MD,21205,,,,,,,,,,,,,,Y,,BROOKFIELD PROPERTIES,855 N WOLFE ST,,STE #102,,BALTIMORE,MD,21205,US,HIGH,80,READY,2026-01-11 12:34:04,,,,,,,,,,,Y
275,ATS,,BROTHERS DUCTWORK HVAC,7950 WOODRUFF COURT #10,,,SPRINGFIELD,VA,22151,,,,,,,,,,,,,,Y,,BROTHERS DUCTWORK HVAC,7950 WOODRUFF CT #10,,,,SPRINGFIELD,VA,22151,US,MEDIUM,100,REVIEW,NaT,,,,,,,,,,,Y
276,ATS,,BROTHERS MECHANICAL -email invoice,8394 TERMINAL ROAD,SUITE A,,LORTON,VA,22079,,,,,,,,,,,,,,Y,,BROTHERS MECHANICAL,8394 TERMINAL RD,,STE #A,,LORTON,VA,22079,US,MEDIUM,100,REVIEW,NaT,,,,,,,,,,,Y
277,ATS,,BROUGHTON CONSTRUCTION,807 E BALTIMORE STREET,,,BALTIMORE,MD,21202,,,,,,,,,,,,,,Y,,BROUGHTON CONSTRUCTION,807 E BALTIMORE ST,,,,BALTIMORE,MD,21202,US,HIGH,80,READY,2026-01-11 12:34:11,,,,,,,,,,,Y
278,ATS,,BROWN & HEIM,3620 COMMERCE DR   SUITE 714,,,BALTIMORE,MD,21227,,,,,,,,,,,,,,Y,,BROWN & HEIM,3620 COMMERCE DR,,STE #714,,BALTIMORE,MD,21227,US,HIGH,80,READY,2026-01-11 12:34:13,,,,,,,,,,,Y
279,ATS,,BRUCKNER SUPPLY,36 HARBOR PARK DRIVE,,,FORT WASHINGTON,NY,11050,,,,,,,,,,,,,,Y,,BRUCKNER SUPPLY,36 HARBOR PARK DR,,,,FORT WASHINGTON,NY,11050,US,MEDIUM,100,REVIEW,NaT,,,,,,,,,,,Y
280,ATS,,BUCKNER ENERGY LLC,"1201 CONNECTICUT AVE NW, STE 652",EMAIL INVOICES,,WASHINGTON,DC,20036,,,,,,,,,,,,,,Y,,BUCKNER ENERGY LLC,1201 CONNECTICUT AVE NW,,STE #652,,WASHINGTON,DC,20036,US,HIGH,80,READY,2026-01-11 12:34:19,,,,,,,,,,,Y
281,ATS,,BUFFALO AIR HANDLING,467 ZANE SNEAD DR.,,,AMHERST,VA,24521,,,,,,,,,,,,,,Y,,BUFFALO AIR HANDLING,467 ZANE SNEAD DR,,,,AMHERST,VA,24521,US,HIGH,80,READY,2026-01-11 12:34:21,,,,,,,,,,,Y
282,ATS,,"BUILDING AUTOMATION SERVICES, INC",4526 THREE SISTER DRIVE,,,PASADENA,MD,21122,,,,,,,,,,,,,,Y,,BUILDING AUTOMATION SERVICES INC,4526 THREE SISTER DR,,,,PASADENA,MD,21122,US,MEDIUM,100,REVIEW,NaT,,,,,,,,,,,Y
283,ATS,,BUILDING AUTOMATION SERVICES - VA,P.O. BOX 1493,EMAIL INVOICE,,NEWINGTON,VA,22122-1493,,,,,,,,,,,,,,Y,,BUILDING AUTOMATION SERVICES,PO BOX 1493,,,,NEWINGTON,VA,22122-1493,US,MEDIUM,70,REVIEW,NaT,,,,,,,,,,,Y
284,ATS,,"BUILDING SYSTEMS SOLUTIONS, INC",108 CARROLL ROAD,,,CENTREVILLE,MD,21617,,,,,,,,,,,,,,Y,,BUILDING SYSTEMS SOLUTIONS INC,108 CARROLL RD,,,,CENTREVILLE,MD,21617,US,MEDIUM,100,REVIEW,NaT,,,,,,,,,,,Y
285,ATS,,BUREAU OF ENGRAVING & PRINTING,14TH & C STREET SW,ROOM D200M,,WASHINGTON,DC,20250,,,,,,,,,,,,,,Y,,BUREAU OF ENGRAVING & PRINTING,14TH & C ST SW,,ROOM D200M,,WASHINGTON,DC,20250,US,MEDIUM,75,REVIEW,2026-01-11 12:34:29,,,,,,,,,,,Y
286,ATS,,PAUL BUTZ,3236 MEARS BEND STREET,,,CHESAPEAKE BEACH,MD,20732,,,,,,,,,,,,,,Y,,PAUL BUTZ,3236 MEARS BEND ST,,,,CHESAPEAKE BEACH,MD,20732,US,MEDIUM,100,REVIEW,NaT,,,,,,,,,,,Y
287,ATS,,BW MECHANICAL,2109 EMMORTON PK ROAD,,,EDGEWOOD,MD,21040,,,,,,,,,,,,,,Y,,BW MECHANICAL,2109 EMMORTON PK RD,,,,EDGEWOOD,MD,21040,US,HIGH,80,READY,2026-01-11 12:34:33,,,,,,,,,,,Y
288,ATS,,C & H MECHANICAL CORPORATION,8229 CLOVERLEAF DRIVE,SUITE 425,,MILLERSVILLE,MD,21108,,,,,,,,,,,,,,Y,,C & H MECHANICAL CORPORATION,8229 CLOVERLEAF DR,,STE #425,,MILLERSVILLE,MD,21108,US,MEDIUM,100,REVIEW,NaT,,,,,,,,,,,Y
289,ATS,,Campany Closed,12764 OAK LAKE COURT,,,MIDLOTHIAN,VA,23112,,,,,,,,,,,,,,Y,,CAMPANY CLOSED,12764 OAK LAKE CT,,,,MIDLOTHIAN,VA,23112,US,MEDIUM,100,REVIEW,NaT,,,,,,,,,,,Y
290,ATS,,C ALBERT MATTHEWS INC,500 SOUTH STREET,,,EASTON,MD,21601,,,,,,,,,,,,,,Y,,C ALBERT MATTHEWS INC,500 S ST,,,,EASTON,MD,21601,US,HIGH,80,READY,2026-01-11 12:34:39,,,,,,,,,,,Y
291,ATS,,"C I DESIGNS, INC. DBA SILVA CONTRACTING",EMAIL INVOICE,8740 CHERRY LANE   #27,,LAUREL,MD,20707,,,,,,,,,,,,,,Y,,C I DESIGNS INC DBA SILVA CONTRACTING,8740 CHERRY LN,,#27,,LAUREL,MD,20707,US,HIGH,80,READY,2026-01-11 12:34:41,,,,,,,,,,,Y
292,ATS,,"C&E SERVICES, INC.",P.O. BOX 1364,EMAIL INVOICES,,VIENNA,VA,22183,,,,,,,,,,,,,,Y,,C&E SERVICES INC,PO BOX 1364,,,,VIENNA,VA,22183,US,MEDIUM,70,REVIEW,NaT,,,,,,,,,,,Y
293,ATS,,"C-CARE, LLC",979 CORPORATE BLVD,,,LINTHICUM,MD,21090,,,,,,,,,,,,,,Y,,C-CARE LLC,979 CORPORATE BLVD,,,,LINTHICUM,MD,21090,US,HIGH,80,READY,2026-01-11 12:34:43,,,,,,,,,,,Y
294,ATS,,C.H. MARKS COMMERCIAL CONTRACTING,22 MANCHESTER ROAD,,,PASADENA,MD,21122,,,,,,,,,,,,,,Y,,CH MARKS COMMERCIAL CONTRACTING,22 MANCHESTER RD,,,,PASADENA,MD,21122,US,HIGH,80,READY,2026-01-11 12:34:45,,,,,,,,,,,Y
295,ATS,,C.V. CARLSON,4585 GRAPHICS DRIVE,,,WHITE PLAINS,MD,20695,,,,,,,,,,,,,,Y,,CV CARLSON,4585 GRAPHICS DR,,,,WHITE PLAINS,MD,20695,US,MEDIUM,100,REVIEW,NaT,,,,,,,,,,,Y
296,ATS,,C.W. ROBINSON ELECTRIC INC,"14004 Willard Rd # L,",,,CHANTILLY,VA,20151,,,,,,,,,,,,,,Y,,CW ROBINSON ELECTRIC INC,14004 WILLARD RD # L,,,,CHANTILLY,VA,20151,US,HIGH,80,READY,2026-01-11 12:34:49,,,,,,,,,,,Y
297,ATS,,CACI INC FEDERAL,"8350 ALBAN ROAD, SUITE 103",,,SPRINGFIELD,VA,22150,,,,,,,,,,,,,,Y,,CACI INC FEDERAL,8350 ALBAN RD,,STE #103,,SPRINGFIELD,VA,22150,US,HIGH,80,READY,2026-01-11 12:34:51,,,,,,,,,,,Y
298,ATS,,"CADENCE, LLC",6000 FAIRVIEW ROAD,SUITE 1200 - EMAIL,,CHARLOTTE,NC,28210,,,,,,,,,,,,,,Y,,CADENCE LLC,6000 FAIRVIEW RD,,STE #1200,,CHARLOTTE,NC,28210,US,HIGH,80,READY,2026-01-11 12:34:53,,,,,,,,,,,Y
299,ATS,,CAIGEANN MECHANICAL CO.,PO BOX 274,,,CLARKSVILLE,MD,21029,,,,,,,,,,,,,,Y,,CAIGEANN MECHANICAL CO,PO BOX 274,,,,CLARKSVILLE,MD,21029,US,MEDIUM,70,REVIEW,NaT,,,,,,,,,,,Y
300,ATS,,CALMI ELECTRIC COMPANY,220 N. FRANKLINTOWN RD,,,BALTIMORE,MD,21223,,,,,,,,,,,,,,Y,,CALMI ELECTRIC COMPANY,220 N FRANKLINTOWN RD,,,,BALTIMORE,MD,21223,US,HIGH,80,READY,2026-01-11 12:34:55,,,,,,,,,,,Y
301,ATS,,"CALVERT CONTROLS, INC.",EMAIL INVOICE,105 ADELINA ROAD,,PRINCE FREDERICK,MD,20678,,,,,,,,,,,,,,Y,,CALVERT CONTROLS INC,105 ADELINA RD,,,,PRINCE FREDERICK,MD,20678,US,HIGH,80,READY,2026-01-11 12:34:57,,,,,,,,,,,Y
302,ATS,,CALVERT COUNTY DEPT OF FINANCE & BUDGET,"COURTHOUSE, 175 MAIN STREET",email invoice,,PRINCE FREDERICK,MD,20678,,,,,,,,,,,,,,Y,,CALVERT COUNTY DEPT OF FINANCE & BUDGET,175 MAIN ST,,COURTHOUSE,,PRINCE FREDERICK,MD,20678,US,HIGH,80,READY,2026-01-11 12:34:59,,,,,,,,,,,Y
303,ATS,,"ABM BUILDING SRVICES, LLC WASHINGTON DC",5701 GENERAL WASHINGTON DRIVE,SUITE J,,ALEXANDRIA,VA,22312,,,,,,,,,,,,,,Y,,ABM BUILDING SRVICES LLC,5701 GENERAL WASHINGTON DR,,STE #J,,ALEXANDRIA,VA,22312,US,MEDIUM,100,REVIEW,NaT,,,,,,,,,,,Y
304,ATS,,CALVERT MECHANICAL SOLUTIONS,8801 MYLANDER LANE,,,TOWSON,MD,21286,,,,,,,,,,,,,,Y,,CALVERT MECHANICAL SOLUTIONS,8801 MYLANDER LN,,,,TOWSON,MD,21286,US,HIGH,80,READY,2026-01-11 12:35:03,,,,,,,,,,,Y
305,ATS,,CALVERT MECHANICAL INC,PO BOX 459,,,HUNTINGTOWN,MD,20639,,,,,,,,,,,,,,Y,,CALVERT MECHANICAL INC,PO BOX 459,,,,HUNTINGTOWN,MD,20639,US,MEDIUM,70,REVIEW,NaT,,,,,,,,,,,Y
306,ATS,,CALVERT MEMORIAL HOSPITAL,100 HOSPITAL ROAD,,,PRINCE FREDERICK,MD,20678,,,,,,,,,,,,,,Y,,CALVERT MEMORIAL HOSPITAL,100 HOSPITAL RD,,,,PRINCE FREDERICK,MD,20678,US,HIGH,80,READY,2026-01-11 12:35:05,,,,,,,,,,,Y
307,ATS,,CALVERT PLUMBING & HEATING,5806 YORK RD,,,BALTIMORE,MD,21212,,,,,,,,,,,,,,Y,,CALVERT PLUMBING & HEATING,5806 YORK RD,,,,BALTIMORE,MD,21212,US,HIGH,80,READY,2026-01-11 12:35:08,,,,,,,,,,,Y
308,ATS,,ABM GOVERNMENT SERVICES,5701 GENERAL WASHINGTON DR,SUITE 1,,ALEXANDRIA,VA,22312,,,,,,,,,,,,,,Y,,ABM GOVERNMENT SERVICES,5701 GENERAL WASHINGTON DR,,STE #1,,ALEXANDRIA,VA,22312,US,MEDIUM,100,REVIEW,NaT,,,,,,,,,,,Y
309,ATS,,CALVERT HEALTH MEDICAL CENTER,100 HOSPITAL ROAD,EMAIL INVOICE,,PRINCE FREDERICK,MD,20678,,,,,,,,,,,,,,Y,,CALVERT HEALTH MEDICAL CENTER,100 HOSPITAL RD,,,,PRINCE FREDERICK,MD,20678,US,HIGH,80,READY,2026-01-11 12:35:13,,,,,,,,,,,Y
310,ATS,,CAMBRIDGE ASSET ADVISORS,"901 E STREET, SUITE 450",,,WASHINGTON,DC,20004,,,,,,,,,,,,,,Y,,CAMBRIDGE ASSET ADVISORS,901 E ST,,STE #450,,WASHINGTON,DC,20004,US,MEDIUM,75,REVIEW,2026-01-11 12:35:15,,,,,,,,,,,Y
311,ATS,,"CAMELOT CONTRACTING, LLC",333 CASSELL DRIVE,EMAIL INVOICES,,BALTIMORE,MD,21224,,,,,,,,,,,,,,Y,,CAMELOT CONTRACTING LLC,333 CASSELL DR,,,,BALTIMORE,MD,21224,US,HIGH,80,READY,2026-01-11 12:35:17,,,,,,,,,,,Y
312,ATS,,KAREN CAMPBELL,14115 SENECA ROAD,,,GERMANTOWN,MD,20874,,,,,,,,,,,,,,Y,,KAREN CAMPBELL,14115 SENECA RD,,,,GERMANTOWN,MD,20874,US,MEDIUM,100,REVIEW,NaT,,,,,,,,,,,Y
313,ATS,,"CANATAL STEEL USA, INC.",459 INDUSTRIAL DRIVE,PO BOX 7429,,ROANOKE,VA,24019,,,,,,,,,,,,,,Y,,CANATAL STEEL USA INC,PO BOX 7429,459 INDUSTRIAL DR,,,ROANOKE,VA,24019,US,MEDIUM,70,REVIEW,NaT,,,,,,,,,,,Y
314,ATS,,CAPITAL CITY CONTROLS,120 WESTHAMPTON AVENUE,,,CAPITOL HEIGHTS,MD,20743,,,,,,,,,,,,,,Y,,CAPITAL CITY CONTROLS,120 WHAMPTON AVE,,,,CAPITOL HEIGHTS,MD,20743,US,HIGH,80,READY,2026-01-11 12:35:21,,,,,,,,,,,Y
315,ATS,,CAPITAL ENERGY EQUIPMENT,400 EAST JOPPA ROAD,SUITE 409,,TOWSON,MD,21286,,,,,,,,,,,,,,Y,,CAPITAL ENERGY EQUIPMENT,400 E JOPPA RD,,STE #409,,TOWSON,MD,21286,US,HIGH,80,READY,2026-01-11 12:35:23,,,,,,,,,,,Y
316,ATS,,SONEPAR/CAPITAL LIGHTING & SUPPLY,ATTENTION:  ACCOUNTS PAYABLE,P.O. BOX 945650 - EMAIL,,MAITLAND,FL,32794-5650,,,,,,,,,,,,,,Y,,SONEPAR/CAPITAL LIGHTING & SUPPLY,PO BOX 945650,,,,MAITLAND,FL,32794-5650,US,MEDIUM,70,REVIEW,NaT,,,,,,,,,,,Y
317,ATS,,"CAPITAL PROJECTS, INC.",1713 CROFTON PARKWAY,EMAIL INVOICES,,CROFTON,MD,21114,,,,,,,,,,,,,,Y,,CAPITAL PROJECTS INC,1713 CROFTON PKWY,,,,CROFTON,MD,21114,US,HIGH,80,READY,2026-01-11 12:35:24,,,,,,,,,,,Y
318,ATS,,CAPITAL TRISTATE ELECTRICAL DIST,600W. HAMBURG STREET,,,BALTIMORE,MD,21230,,,,,,,,,,,,,,Y,,CAPITAL TRISTATE ELECTRICAL DIST,600W HAMBURG ST,,,,BALTIMORE,MD,21230,US,HIGH,80,READY,2026-01-11 12:35:27,,,,,,,,,,,Y
319,ATS,,CAPITAL TRISTATE - MD,12101 INSURANCE WAY,,,HAGERSTOWN,MD,21740-5176,,,,,,,,,,,,,,Y,,CAPITAL TRISTATE,12101 INSURANCE WAY,,,,HAGERSTOWN,MD,21740-5176,US,MEDIUM,100,REVIEW,NaT,,,,,,,,,,,Y
320,ATS,,CAPITALTRISTATE - SALISBURY,EMAIL INVOICES,PO BOX 945650,,MAITLAND,FL,32794-5650,,,,,,,,,,,,,,Y,,CAPITALTRISTATE,PO BOX 945650,,,,MAITLAND,FL,32794-5650,US,MEDIUM,70,REVIEW,NaT,,,,,,,,,,,Y
321,ATS,,"CAPITOL BOILER WORKS, INC",7921 WOODRUFF COURT,EMAIL INVOICES,,SPRINGFIELD,VA,22151,,,,,,,,,,,,,,Y,,CAPITOL BOILER WORKS INC,7921 WOODRUFF CT,,,,SPRINGFIELD,VA,22151,US,MEDIUM,100,REVIEW,NaT,,,,,,,,,,,Y
322,ATS,,"CAPITOL CITY SUPPLY CO., INC.",P.O. BOX 450,EMAIL INVOICE,,FAIRFAX STATION,VA,22039,,,,,,,,,,,,,,Y,,CAPITOL CITY SUPPLY CO INC,PO BOX 450,,,,FAIRFAX STATION,VA,22039,US,MEDIUM,70,REVIEW,NaT,,,,,,,,,,,Y
323,ATS,,"CAPITOL CONTRACTORS, INC",225 TYLER VON WAY,EMAIL INVOICES,,FREDERICKSBURG,VA,22405,,,,,,,,,,,,,,Y,,CAPITOL CONTRACTORS INC,225 TYLER VON WAY,,,,FREDERICKSBURG,VA,22405,US,MEDIUM,100,REVIEW,NaT,,,,,,,,,,,Y
324,ATS,,CAPITOL CROSSING ADVISORS,200 MASSACHUSETTS AVE NW,SUITE 250 - EMAIL,,WASHINGTON,DC,20001,,,,,,,,,,,,,,Y,,CAPITOL CROSSING ADVISORS,200 MASSACHUSETTS AVE NW,,STE #250,,WASHINGTON,DC,20001,US,HIGH,80,READY,2026-01-11 12:35:36,,,,,,,,,,,Y
325,ATS,,CAPITOL FPE LLC,8230 BOONE BLVD #355,,,VIENNA,VA,22182,,,,,,,,,,,,,,Y,,CAPITOL FPE LLC,8230 BOONE BLVD #355,,,,VIENNA,VA,22182,US,MEDIUM,100,REVIEW,NaT,,,,,,,,,,,Y
326,ATS,,"CAPITAL LOGISTICS, LLC",1170 TAFT STREET,,,ROCKVILLE,MD,20850,,,,,,,,,,,,,,Y,,CAPITAL LOGISTICS LLC,1170 TAFT ST,,,,ROCKVILLE,MD,20850,US,HIGH,80,READY,2026-01-11 12:35:40,,,,,,,,,,,Y
327,ATS,,CAPITOL POWER GROUP LLC,19775 Belmont Executive Plaza,Suite #200 -email,,ASHBURN,VA,20147,,,,,,,,,,,,,,Y,,CAPITOL POWER GROUP LLC,19775 BELMONT EXECUTIVE PLAZA,,STE ##200,,ASHBURN,VA,20147,US,HIGH,80,READY,2026-01-11 12:35:46,,,,,,,,,,,Y
328,ATS,,CAPITOL UNITED SOLUTIONS,9007 BUSH CREEK CIRCLE,,,FREDERICK,MD,21704,,,,,,,,,,,,,,Y,,CAPITOL UNITED SOLUTIONS,9007 BUSH CREEK CIR,,,,FREDERICK,MD,21704,US,HIGH,80,READY,2026-01-11 12:35:48,,,,,,,,,,,Y
329,ATS,,CAPP USA,201 MARPLE AVE,,,CLIFTON HEIGHTS,PA,19018-2414,,,,,,,,,,,,,,Y,,CAPP USA,201 MARPLE AVE,,,,CLIFTON HEIGHTS,PA,19018-2414,US,MEDIUM,100,REVIEW,NaT,,,,,,,,,,,Y
330,ATS,,CAPPS MECHANICAL INC,1435 N SOLOMONS ISLAND ROAD,EMAIL INVOICES,,HUNTINGTOWN,MD,20639,,,,,,,,,,,,,,Y,,CAPPS MECHANICAL INC,1435 N SOLOMONS ISLAND RD,,,,HUNTINGTOWN,MD,20639,US,HIGH,80,READY,2026-01-11 12:36:11,,,,,,,,,,,Y
331,ATS,,"CAPRON COMPANY, INC - email",411 N. STONESTREET AVENUE,,,ROCKVILLE,MD,20850,,,,,,,,,,,,,,Y,,CAPRON COMPANY INC,411 N STONEST AVE,,,,ROCKVILLE,MD,20850,US,HIGH,80,READY,2026-01-11 12:36:13,,,,,,,,,,,Y
332,ATS,,CARL SAWYER,4219 KENWOOD AVE,,,BALTIMORE,MD,21206,,,,,,,,,,,,,,Y,,CARL SAWYER,4219 KENWOOD AVE,,,,BALTIMORE,MD,21206,US,HIGH,80,READY,2026-01-11 12:36:15,,,,,,,,,,,Y
333,ATS,,CARNEGIE INSTITUTION OF WASHINGTON,5251 BROAD BRANCH ROAD NW,EMAIL INVOCIE,,WASHINGTON,DC,20015,,,,,,,,,,,,,,Y,,CARNEGIE INSTITUTION OF WASHINGTON,5251 BRD BRANCH RD NW,,,,WASHINGTON,DC,20015,US,HIGH,80,READY,2026-01-11 12:36:17,,,,,,,,,,,Y
334,ATS,,CARNEGIE SCIENCE,3520 SAN MARINO DR,,,BALTIMORE,MD,21218,,,,,,,,,,,,,,Y,,CARNEGIE SCIENCE,3520 SAN MARINO DR,,,,BALTIMORE,MD,21218,US,MEDIUM,100,REVIEW,NaT,,,,,,,,,,,Y
335,ATS,,CARRIER CORPORATION - DIRECT SALES,PO BOX 981995,MAIL STOP 543-35M,,EL PASO,TX,79998,,,,,,,,,,,,,,Y,,CARRIER CORPORATION,PO BOX 981995,,MAIL STOP 543-35M,,EL PASO,TX,79998,US,MEDIUM,70,REVIEW,NaT,,,,,,,,,,,Y
336,ATS,,CARRIER COMMERCIAL SERVICES,ATTN: HIDI,1095 CRANBERRY S. RIVER ROAD,,JAMESBURG,NJ,08831,,,,,,,,,,,,,,Y,,CARRIER COMMERCIAL SERVICES,1095 CRANBERRY S RIVER RD,,,,JAMESBURG,NJ,08831,US,MEDIUM,100,REVIEW,NaT,,,,,,,,,,,Y
337,ATS,,CARRIER COMMERCIAL SERVICES,,21750 REDRUM DRIVE STE 192,,ASHBURN,VA,20147,,,,,,,,,,,,,,Y,,CARRIER COMMERCIAL SERVICES,21750 REDRUM DR,,STE #192,,ASHBURN,VA,20147,US,MEDIUM,100,REVIEW,NaT,,,,,,,,,,,Y
338,ATS,,CARRIER CORPORATION,PO BOX 981995 - EMAIL,MAIL STOP 543-35M,,EL PASO,TX,79998-1995,,,,,,,,,,,,,,Y,,CARRIER CORPORATION,PO BOX 981995,,MAIL STOP 543-35M,,EL PASO,TX,79998-1995,US,MEDIUM,70,REVIEW,NaT,,,,,,,,,,,Y
339,ATS,,CARRIER CORP. - BALTIMORE,"CARRIER CORPORATION, C/O CONDUENT",13995 PASTEUR BLVD. - EMAIL INVOICES,,PALM BEACH GARDENS,FL,33418,,,,,,,,,,,,,,Y,,CARRIER CORPORATION,13995 PASTEUR BLVD,,CARRIER CORPORATION C/O CONDUENT,,PALM BEACH GARDENS,FL,33418,US,HIGH,80,READY,2026-01-11 12:36:26,,,,,,,,,,,Y
340,ATS,,CARRIER ENTERPRISE MID ATLANTIC,1401 ERIE BLVD EAST,SUITE 2,,SYRACUSE,NY,13210,,,,,,,,,,,,,,Y,,CARRIER ENTERPRISE MID ATLANTIC,1401 ERIE BLVD E,,STE #2,,SYRACUSE,NY,13210,US,HIGH,80,READY,2026-01-11 12:36:28,,,,,,,,,,,Y
341,ATS,,CARRIER NATIONAL ACC,PO BOX 4808 TR-4,,,SYRACUSE,NY,13221,,,,,,,,,,,,,,Y,,CARRIER NATIONAL ACC,PO BOX 4808 TR-4,,,,SYRACUSE,NY,13221,US,MEDIUM,70,REVIEW,NaT,,,,,,,,,,,Y
342,ATS,,CARRIER SCOTT DEPOT,2 MISSION WAY,,,SCOTT DEPOT.WV,ON,25560,,,,,,,,,,,,,,Y,,CARRIER SCOTT DEPOT,2 MISSION WAY,,,,SCOTT DEPOTWV,ON,25560,US,MEDIUM,100,REVIEW,NaT,,,,,,,,,,,Y
343,ATS,,CARROLL COMMUNITY COLLEGE,BUILDINGS & GROUNDS,1601 WASHINGTON RD,,WESTMINSTER,MD,21157,,,,,,,,,,,,,,Y,,CARROLL COMMUNITY COLLEGE,1601 WASHINGTON RD,,BUILDINGS & GROUNDS,,WESTMINSTER,MD,21157,US,HIGH,80,READY,2026-01-11 12:36:33,,,,,,,,,,,Y
344,ATS,,CARROLL COUNTY GOVERNMENT,BILL ERB,1601 WASHINGTON ROAD,,WESTMINISTER,MD,21157,,,,,,,,,,,,,,Y,,CARROLL COUNTY GOVERNMENT,1601 WASHINGTON RD,,,,WESTMINISTER,MD,21157,US,MEDIUM,100,REVIEW,NaT,,,,,,,,,,,Y
345,ATS,,CARROLL COUNTY HOSPITAL CENTER,200 MEMORIAL AVE,ATTN: ACCOUNTS PAYABLE,,WESTMINISTER,MD,21157,,,,,,,,,,,,,,Y,,CARROLL COUNTY HOSPITAL CENTER,200 MEMORIAL AVE,,ATTN: ACCOUNTS PAYABLE,,WESTMINISTER,MD,21157,US,MEDIUM,100,REVIEW,NaT,,,,,,,,,,,Y
346,ATS,,CARROLL COUNTY PUBLIC SCHOOLS,125 NORTH COURT STREET,,,WESTMINSTER,MD,21157,,,,,,,,,,,,,,Y,,CARROLL COUNTY PUBLIC SCHOOLS,125 N CT ST,,,,WESTMINSTER,MD,21157,US,HIGH,80,READY,2026-01-11 12:36:40,,,,,,,,,,,Y
347,ATS,,CARTER,PO BOX 3096,EMAIL,,SALEM,VA,24153,,,,,,,,,,,,,,Y,,CARTER,PO BOX 3096,,,,SALEM,VA,24153,US,MEDIUM,70,REVIEW,NaT,,,,,,,,,,,Y
348,ATS,,CARTER MACHINERY CO. INC,PO BOX 3096,EMAIL,,SALEM,VA,24153,,,,,,,,,,,,,,Y,,CARTER MACHINERY CO INC,PO BOX 3096,,,,SALEM,VA,24153,US,MEDIUM,70,REVIEW,NaT,,,,,,,,,,,Y
349,ATS,,"750 EAST PRATT, LLC",750 EAST PRATT STREET,,,BALTIMORE,MD,21202,,,,,,,,,,,,,,Y,,750 EAST PRATT LLC,750 E PRATT ST,,,,BALTIMORE,MD,21202,US,HIGH,80,READY,2026-01-11 12:36:41,,,,,,,,,,,Y
350,ATS,,CATHOLIC HEALTH INITIATIVES,ACCOUNTS PAYABLE,PO BOX 636000,,LITTLETON,MD,80163-6000,,,,,,,,,,,,,,Y,,CATHOLIC HEALTH INITIATIVES,PO BOX 636000,,,,LITTLETON,MD,80163-6000,US,MEDIUM,70,REVIEW,NaT,,,,,,,,,,,Y
351,ATS,,CATHOLIC UNIVERSITY OF AMERICA,620 MICHIGAN AVE NE,EMAIL INVOICE,,WASHINGTON,DC,20064,,,,,,,,,,,,,,Y,,CATHOLIC UNIVERSITY OF AMERICA,620 MICHIGAN AVE NE,,,,WASHINGTON,DC,20064,US,HIGH,80,READY,2026-01-11 12:36:44,,,,,,,,,,,Y
352,ATS,,"CATOCTIN LIGHTING SERVICES, INC",P.O. BOX 402,,,THURMONT,MD,21788,,,,,,,,,,,,,,Y,,CATOCTIN LIGHTING SERVICES INC,PO BOX 402,,,,THURMONT,MD,21788,US,MEDIUM,70,REVIEW,NaT,,,,,,,,,,,Y
353,ATS,,"CAYCE MILL SUPPLY COMPANY, INC",2225 PEMBROKE ROAD,EMAIL INVOICES,,HOPKINSVILLE,KY,42240,,,,,,,,,,,,,,Y,,CAYCE MILL SUPPLY COMPANY INC,2225 PEMBROKE RD,,,,HOPKINSVILLE,KY,42240,US,HIGH,80,READY,2026-01-11 12:36:45,,,,,,,,,,,Y
354,ATS,,CB RICHARD ELLIS  - vendorcafe.com,BB# 01-133738-GNH001,PO BOX 2021,,WARREN,MI,48090-2021,,,,,,,,,,,,,,Y,,CB RICHARD ELLIS,PO BOX 2021,,BB# 01-133738-GNH001,,WARREN,MI,48090-2021,US,MEDIUM,70,REVIEW,NaT,,,,,,,,,,,Y
355,ATS,,CB RICHARD ELLIS - KAISER,PO BOX 2026,,,WARREN,MI,48090,,,,,,,,,,,,,,Y,,CB RICHARD ELLIS,PO BOX 2026,,,,WARREN,MI,48090,US,MEDIUM,70,REVIEW,NaT,,,,,,,,,,,Y
356,ATS,,COMMUNITY COLLEGE OF BALTIMORE COUNTY,7200 SOLLERS POINT ROAD,EMAIL,,BALTIMORE,MD,21221,,,,,,,,,,,,,,Y,,COMMUNITY COLLEGE OF BALTIMORE COUNTY,7200 SOLLERS POINT RD,,,,BALTIMORE,MD,21221,US,HIGH,80,READY,2026-01-11 12:36:48,,,,,,,,,,,Y
357,ATS,,CCBC CATONSVILLE,800 S ROLLING ROAD,,,CATONSVILLE,MD,21228,,,,,,,,,,,,,,Y,,CCBC,800 S ROLLING RD,,,,CATONSVILLE,MD,21228,US,HIGH,80,READY,2026-01-11 12:36:50,,,,,,,,,,,Y
358,ATS,,CCBC - ESSEX,7200 SOLLERS POINT ROAD,EMAIL INVOICE,,BALTIMORE,MD,21222,,,,,,,,,,,,,,Y,,CCBC,7200 SOLLERS POINT RD,,,,BALTIMORE,MD,21222,US,HIGH,80,READY,2026-01-11 12:36:52,,,,,,,,,,,Y
359,ATS,,CENTERS FOR DISEASE CONTROL AND PREVENT,PO BOX 15580,,,ATLANTA,GA,30333-0080,,,,,,,,,,,,,,Y,,CENTERS FOR DISEASE CONTROL & PREVENT,PO BOX 15580,,,,ATLANTA,GA,30333-0080,US,MEDIUM,70,REVIEW,NaT,,,,,,,,,,,Y
360,ATS,,CDM SMITH,75 STATE ST,SUITE 701,,BOSTON,MA,02109,,,,,,,,,,,,,,Y,,CDM SMITH,75 STATE ST,,STE #701,,BOSTON,MA,02109,US,HIGH,80,READY,2026-01-11 12:36:54,,,,,,,,,,,Y
361,ATS,,CDS MECHANICAL SERVICES,909 WILLIAM MEADE CT,,,DAVIDSONVILLE,MD,21035,,,,,,,,,,,,,,Y,,CDS MECHANICAL SERVICES,909 WILLIAM MEADE CT,,,,DAVIDSONVILLE,MD,21035,US,MEDIUM,100,REVIEW,NaT,,,,,,,,,,,Y
362,ATS,,CECIL COLLEGE,ONE SEAHAWK DRIVE,,,NORTH EAST,MD,21901,,,,,,,,,,,,,,Y,,CECIL COLLEGE,ONE SEAHAWK DR,,,,NORTH EAST,MD,21901,US,MEDIUM,100,REVIEW,NaT,,,,,,,,,,,Y
363,ATS,,CECIL COUNTY DHMH,200 CHESAPEAKE RD,SUITE 1300,,ELKTON,MD,21921,,,,,,,,,,,,,,Y,,CECIL COUNTY DHMH,200 CHESAPEAKE RD,,STE #1300,,ELKTON,MD,21921,US,MEDIUM,100,REVIEW,NaT,,,,,,,,,,,Y
364,ATS,,CECIL COUNTY PUBLIC SCHOOLS,201 BOOTH ST,,,ELKTON,MD,21921,,,,,,,,,,,,,,Y,,CECIL COUNTY PUBLIC SCHOOLS,201 BOOTH ST,,,,ELKTON,MD,21921,US,HIGH,80,READY,2026-01-11 12:37:02,,,,,,,,,,,Y
365,ATS,,CENTRAL BOOKING & INTAKE CENTER,,300 E. MADISON ST.,,BALTIMORE,MD,21202,,,,,,,,,,,,,,Y,,CENTRAL BOOKING & INTAKE CENTER,300 E MADISON ST,,,,BALTIMORE,MD,21202,US,HIGH,80,READY,2026-01-11 12:37:04,,,,,,,,,,,Y
366,ATS,,"CENTRAL TECH SERVICE, INC",25 LOVETON CIRCLE,email invoice,,SPARKS,MD,21152,,,,,,,,,,,,,,Y,,CENTRAL TECH SERVICE INC,25 LOVETON CIR,,,,SPARKS,MD,21152,US,HIGH,80,READY,2026-01-11 12:37:06,,,,,,,,,,,Y
367,ATS,,CES 316 ANDREWS AFB,3448 TENNESSEE AVENUE,,,JOINT BASE ANDREWS,MD,20762,,,,,,,,,,,,,,Y,,CES 316 ANDREWS AFB,3448 TENNESSEE AVE,,,,JOINT BASE ANDREWS,MD,20762,US,HIGH,80,READY,2026-01-11 12:37:08,,,,,,,,,,,Y
368,ATS,,CFM COMPANY,1440 SOUTH LIPAN STREET,,,DENVER,CO,80223,,,,,,,,,,,,,,Y,,CFM COMPANY,1440 S LIPAN ST,,,,DENVER,CO,80223,US,HIGH,80,READY,2026-01-11 12:37:10,,,,,,,,,,,Y
369,ATS,,CFM ENGINEERING,"255 NAJOLES ROAD, SUITE E",,,GAMBRILLS,MD,21108,,,,,,,,,,,,,,Y,,CFM ENGINEERING,255 NAJOLES RD,,STE #E,,GAMBRILLS,MD,21108,US,MEDIUM,100,REVIEW,NaT,,,,,,,,,,,Y
370,ATS,,"CFM PROJECT CONSULTING GROUP, INC.",1131 BENFIELD BOULEVARD,SUITE J,,MILLERSVILLE,MD,21108,,,,,,,,,,,,,,Y,,CFM PROJECT CONSULTING GROUP INC,1131 BENFIELD BLVD,,STE #J,,MILLERSVILLE,MD,21108,US,MEDIUM,100,REVIEW,NaT,,,,,,,,,,,Y
371,ATS,,C. G. WOOD COMPANY,PO BOX 12909,EMAIL INVOICE,,NORFOLK,VA,23541,,,,,,,,,,,,,,Y,,C G WOOD COMPANY,PO BOX 12909,,,,NORFOLK,VA,23541,US,MEDIUM,70,REVIEW,NaT,,,,,,,,,,,Y
372,ATS,,"CHAHTA CONSTRUCTION, INC.",P.O. BOX 6091,,,CHOCTAW,MS,39350,,,,,,,,,,,,,,Y,,CHAHTA CONSTRUCTION INC,PO BOX 6091,,,,CHOCTAW,MS,39350,US,MEDIUM,70,REVIEW,NaT,,,,,,,,,,,Y
373,ATS,,CHAMBER OF COMMERCE OF THE USA,"1615 H ST, N.W.",,,WASHINGTON,DC,20062,,,,,,,,,,,,,,Y,,CHAMBER OF COMMERCE OF THE USA,1615 H ST NW,,,,WASHINGTON,DC,20062,US,HIGH,80,READY,2026-01-11 12:37:17,,,,,,,,,,,Y
374,ATS,,"CHAMBERLAIN ENTERPRISE, LLC",37 GOAT MOUNTAIN LAVE,,,AMISSVILLE,VA,20106,,,,,,,,,,,,,,Y,,CHAMBERLAIN ENTERPRISE LLC,37 GOAT MOUNTAIN LAVE,,,,AMISSVILLE,VA,20106,US,MEDIUM,100,REVIEW,NaT,,,,,,,,,,,Y
375,ATS,,"CHAMBERS MECHANICAL CONTRACTORS, LLC",10629 YORK ROAD,,,COCKEYSVILLE,MD,21030,,,,,,,,,,,,,,Y,,CHAMBERS MECHANICAL CONTRACTORS LLC,10629 YORK RD,,,,COCKEYSVILLE,MD,21030,US,HIGH,80,READY,2026-01-11 12:37:21,,,,,,,,,,,Y
376,ATS,,CHAPPELLE MECHANICAL SERVICES LLC,8472 TERMINAL ROAD,EMAIL INVOICES,,LORTON,VA,22079,,,,,,,,,,,,,,Y,,CHAPPELLE MECHANICAL SERVICES LLC,8472 TERMINAL RD,,,,LORTON,VA,22079,US,MEDIUM,100,REVIEW,NaT,,,,,,,,,,,Y
377,ATS,,"CHARLES A. KLEIN & SONS, INC.",5220 KLEES MILL RD,EMAIL INVOICES,,SYKESVILLE,MD,21784,,,,,,,,,,,,,,Y,,CHARLES A KLEIN & SONS INC,5220 KLEES MILL RD,,,,SYKESVILLE,MD,21784,US,MEDIUM,100,REVIEW,NaT,,,,,,,,,,,Y
378,ATS,,CHARLES COUNTY PUBLIC SCHOOLS,5965 RADIO STATION RD,,,LA PLATA,MD,20646,,,,,,,,,,,,,,Y,,CHARLES COUNTY PUBLIC SCHOOLS,5965 RADIO STATION RD,,,,LA PLATA,MD,20646,US,HIGH,80,READY,2026-01-11 12:37:28,,,,,,,,,,,Y
379,ATS,,CHARLES MANN ENTERPRISES,EMAIL INVOICE,3215 MARTIN LUTHER KING JR.AVE,,WASHINGTON,DC,20032,,,,,,,,,,,,,,Y,,CHARLES MANN ENTERPRISES,3215 MARTIN LUTHER KING JRAVE,,,,WASHINGTON,DC,20032,US,MEDIUM,100,REVIEW,NaT,,,,,,,,,,,Y
380,ATS,,CHARLES RIVER LABS,251 BALLARDVALE STREET,,,WILMINGTON,MA,01887,,,,,,,,,,,,,,Y,,CHARLES RIVER LABS,251 BALLARDVALE ST,,,,WILMINGTON,MA,01887,US,HIGH,80,READY,2026-01-11 12:37:32,,,,,,,,,,,Y
381,ATS,,"CHASNEY & COMPANY, INC.",5808 YORK ROAD,,,BALTIMORE,MD,21212,,,,,,,,,,,,,,Y,,CHASNEY & COMPANY INC,5808 YORK RD,,,,BALTIMORE,MD,21212,US,HIGH,80,READY,2026-01-11 12:37:35,,,,,,,,,,,Y
382,ATS,,CHAVIS HOME SERVICES,2003 CONNOLLY RD,,,FALLSTON,MD,21047,,,,,,,,,,,,,,Y,,CHAVIS HOME SERVICES,2003 CONNOLLY RD,,,,FALLSTON,MD,21047,US,HIGH,80,READY,2026-01-11 12:37:36,,,,,,,,,,,Y
383,ATS,,"CHENEGA APPLIED SOLUTIONS, LLC","3000 C ST., SUITE 301",EMAIL INVOICES,,ANCHORAGE,AK,99503,,,,,,,,,,,,,,Y,,CHENEGA APPLIED SOLUTIONS LLC,3000 C ST,,STE #301,,ANCHORAGE,AK,99503,US,HIGH,80,READY,2026-01-11 12:37:40,,,,,,,,,,,Y
384,ATS,,"CHEROENHAKA NOTTOWAY ENTERPRISES, LLC","4100 LAFAYETTE CENTER DR., SUITE 308",EMAIL INVOICE,,CHANTILLY,VA,20151,,,,,,,,,,,,,,Y,,CHEROENHAKA NOTTOWAY ENTERPRISES LLC,4100 LAFAYETTE CT DR,,STE #308,,CHANTILLY,VA,20151,US,MEDIUM,100,REVIEW,NaT,,,,,,,,,,,Y
385,ATS,,CHEROKEE NATION MECHANICAL LLC,P.O. BOX 691270,,,TULSA,OK,74169-1270,,,,,,,,,,,,,,Y,,CHEROKEE NATION MECHANICAL LLC,PO BOX 691270,,,,TULSA,OK,74169-1270,US,MEDIUM,70,REVIEW,NaT,,,,,,,,,,,Y
386,ATS,,"CHESAPEAKE MISSION CRITICAL, LLC",11900 G BALTIMORE AVENUE,,,BELTSVILLE,MD,20705,,,,,,,,,,,,,,Y,,CHESAPEAKE MISSION CRITICAL LLC,11900 G BALTIMORE AVE,,,,BELTSVILLE,MD,20705,US,MEDIUM,100,REVIEW,NaT,,,,,,,,,,,Y
387,ATS,,"CHESAPEAKE SYSTEM, INC",7400 COCA-COLA DRIVE,EMAIL INVOICE,,HANOVER,MD,21076,,,,,,,,,,,,,,Y,,CHESAPEAKE SYSTEM INC,7400 COCA-COLA DR,,,,HANOVER,MD,21076,US,HIGH,80,READY,2026-01-11 12:37:48,,,,,,,,,,,Y
388,ATS,,CHESAPEAK TELEPHONE,,,,,,,,,,,,,,,,,,,,Y,,CHESAPEAK TELEPHONE,,,,,,,,US,LOW,20,INVALID,NaT,,,,,,,,,,,Y
389,ATS,,CHESS GLOBAL TRADE,1225 MCCART DR.,,,HOUSTON,TX,77029,,,,,,,,,,,,,,Y,,CHESS GLOBAL TRADE,1225 MCCART DR,,,,HOUSTON,TX,77029,US,MEDIUM,100,REVIEW,NaT,,,,,,,,,,,Y
390,ATS,,CHIARAMONTE CONSTRUCTION COMPANY,"605 RALEIGH PLACE, SE",,,WASHINGTON,DC,20032,,,,,,,,,,,,,,Y,,CHIARAMONTE CONSTRUCTION COMPANY,605 RALEIGH PL SE,,,,WASHINGTON,DC,20032,US,HIGH,80,READY,2026-01-11 12:37:54,,,,,,,,,,,Y
391,ATS,,CHILDREN'S NATIONAL MEDICAL CENTER,P.O. BOX 1370,EMAIL INVOICES,,BOWIE,MD,20718,,,,,,,,,,,,,,Y,,CHILDREN'S NATIONAL MEDICAL CENTER,PO BOX 1370,,,,BOWIE,MD,20718,US,MEDIUM,70,REVIEW,NaT,,,,,,,,,,,Y
392,ATS,,CHILMAR CORPORATION,5724 BELAIR ROAD,,,BALTIMORE,MD,21206,,,,,,,,,,,,,,Y,,CHILMAR CORPORATION,5724 BELAIR RD,,,,BALTIMORE,MD,21206,US,HIGH,80,READY,2026-01-11 12:37:56,,,,,,,,,,,Y
393,ATS,,CHINOOK SYSTEMS INC,1235 S CLARK ST. SUITE 500,EMAIL INVOICE,,ARLINGTON,VA,22202,,,,,,,,,,,,,,Y,,CHINOOK SYSTEMS INC,1235 S CLARK ST,,STE #500,,ARLINGTON,VA,22202,US,HIGH,80,READY,2026-01-11 12:37:58,,,,,,,,,,,Y
394,ATS,,CHRISFIELD HIGH SCHOOL,"210 NORTH SO,ERSET AVE",,,CHRISFIELD,MD,218017,,,,,,,,,,,,,,Y,,CHRISFIELD HIGH SCHOOL,210 N SOERSET AVE,,,,CHRISFIELD,MD,21801,US,MEDIUM,100,REVIEW,NaT,,,,,,,,,,,Y
395,ATS,,WOLF CREEK FEDERAL SERVICES,901 ELKRIDGE LANDING RD,SUITE 200 - EMAIL,,LINTHICUM,MD,21090,,,,,,,,,,,,,,Y,,WOLF CREEK FEDERAL SERVICES,901 ELKRIDGE LANDING RD,,STE #200,,LINTHICUM,MD,21090,US,HIGH,80,READY,2026-01-11 12:38:02,,,,,,,,,,,Y
396,ATS,,DEFENSE BASE SERVICES/CHUGACH CONSOLIDA,"601 FOURTH STREET, NW.",,,WASHINGTON,DC,20535,,,,,,,,,,,,,,Y,,DEFENSE BASE SERVICES/CHUGACH CONSOLIDA,601 FOURTH ST NW,,,,WASHINGTON,DC,20535,US,MEDIUM,100,REVIEW,NaT,,,,,,,,,,,Y
397,ATS,,"CHUGACH FEDERAL SOLUTIONS, INC",3800 CENTERPOINT DRIVE,SUITE 700,,ANCHORAGE,AK,99503,,,,,,,,,,,,,,Y,,CHUGACH FEDERAL SOLUTIONS INC,3800 CTPOINT DR,,STE #700,,ANCHORAGE,AK,99503,US,HIGH,80,READY,2026-01-11 12:38:06,,,,,,,,,,,Y
398,ATS,,CINETIC LANDIS CORP,16778 HALFWAY BLVD,,,HAGERSTOWN,MD,21740,,,,,,,,,,,,,,Y,,CINETIC LANDIS CORP,16778 HALFWAY BLVD,,,,HAGERSTOWN,MD,21740,US,MEDIUM,100,REVIEW,NaT,,,,,,,,,,,Y
399,ATS,,CITI CORP CONSTRUCTION,1312 DECATUR ST. NW,,,WAHSINGTON,DC,20011,,,,,,,,,,,,,,Y,,CITI CORP CONSTRUCTION,1312 DECATUR ST NW,,,,WAHSINGTON,DC,20011,US,MEDIUM,100,REVIEW,NaT,,,,,,,,,,,Y
400,ATS,,CITY OF HAVRE DE GRACE,711 PENNINGTON AVE,,,HAVRE DE GRACE,MD,21078,,,,,,,,,,,,,,Y,,CITY OF HAVRE DE GRACE,711 PENNINGTON AVE,,,,HAVRE DE GRACE,MD,21078,US,HIGH,80,READY,2026-01-11 12:38:13,,,,,,,,,,,Y
401,ATS,,CITY OF ROCKVILLLE,14625 ROTHGEB DRIVE,,,ROCKVILLE,MD,20850,,,,,,,,,,,,,,Y,,CITY OF ROCKVILLLE,14625 ROTHGEB DR,,,,ROCKVILLE,MD,20850,US,HIGH,80,READY,2026-01-11 12:38:15,,,,,,,,,,,Y
402,ATS,,"CITY WIDE MECHANICAL, LLC",EMAIL INVOICES,751 CLAGGETT ROAD,,SUNDERLAND,MD,20689,,,,,,,,,,,,,,Y,,CITY WIDE MECHANICAL LLC,751 CLAGGETT RD,,,,SUNDERLAND,MD,20689,US,HIGH,80,READY,2026-01-11 12:38:17,,,,,,,,,,,Y
403,ATS,,CK'S AIR LLC,11208 BRAMBLEWOOD CT,,,IJAMSVILLE,MD,21754,,,,,,,,,,,,,,Y,,CK'S AIR LLC,11208 BRAMBLEWOOD CT,,,,IJAMSVILLE,MD,21754,US,MEDIUM,100,REVIEW,NaT,,,,,,,,,,,Y
404,ATS,,"CLARK MECHANICAL, LLC",7227 AUBURN STEET,,,ANNANDALE,VA,22003,,,,,,,,,,,,,,Y,,CLARK MECHANICAL LLC,7227 AUBURN STEET,,,,ANNANDALE,VA,22003,US,MEDIUM,100,REVIEW,NaT,,,,,,,,,,,Y
405,ATS,,"CLASSIC HEATING AND COOLING, LLC","2020 K STREET, NW, SUITE 650",,,WASHINGTON,DC,20006,,,,,,,,,,,,,,Y,,CLASSIC HEATING & COOLING LLC,2020 K ST NW,,STE #650,,WASHINGTON,DC,20006,US,HIGH,80,READY,2026-01-11 12:38:23,,,,,,,,,,,Y
406,ATS,,CLASSIC HVAC SERVICE,1301 AVONDALE RD SUITE H,,,NEW WINDSOR,MD,21776,,,,,,,,,,,,,,Y,,CLASSIC HVAC SERVICE,1301 AVONDALE RD,,STE #H,,NEW WINDSOR,MD,21776,US,MEDIUM,100,REVIEW,NaT,,,,,,,,,,,Y
407,ATS,,CLAXTON/LTS JV LLC,5000 ELLIN ROAD BO 200,,,LANHAM,MD,20706,,,,,,,,,,,,,,Y,,CLAXTON/LTS JV LLC,5000 ELLIN RD BO 200,,,,LANHAM,MD,20706,US,MEDIUM,100,REVIEW,NaT,,,,,,,,,,,Y
408,ATS,,CLEAN AIR HEATING & AIR CONDITIONING CO,1911 PORTAL STREET,EMAIL INVOICES,,BALTIMORE,MD,21224,,,,,,,,,,,,,,Y,,CLEAN AIR HEATING & AIR CONDITIONING CO,1911 PORTAL ST,,,,BALTIMORE,MD,21224,US,HIGH,80,READY,2026-01-11 12:38:31,,,,,,,,,,,Y
409,ATS,,CLIFTON T PERKINS HOSPITAL CTR,8450 DORSEY RUN ROAD,(DOUG AUSTIN),,JESSUP,MD,20794,,,,,,,,,,,,,,Y,,CLIFTON T PERKINS HOSPITAL CTR,8450 DORSEY RUN RD,,(DOUG AUSTIN),,JESSUP,MD,20794,US,HIGH,80,READY,2026-01-11 12:38:33,,,,,,,,,,,Y
410,ATS,,CLIMA COOL,15 S. Virginia,,,OKLAHOMA CITY,OK,73106,,,,,,,,,,,,,,Y,,CLIMA COOL,15 S VIRGINIA,,,,OKLAHOMA CITY,OK,73106,US,HIGH,80,READY,2026-01-11 12:38:35,,,,,,,,,,,Y
411,ATS,,CLIMATE CARE HVAC SERVICES,"2129 BALDWIN AVE., SUITE 9",EMAIL INVOICES,,CROFTON,MD,21114,,,,,,,,,,,,,,Y,,CLIMATE CARE HVAC SERVICES,2129 BALDWIN AVE,,STE #9,,CROFTON,MD,21114,US,HIGH,80,READY,2026-01-11 12:38:37,,,,,,,,,,,Y
412,ATS,,CLIMATE CRAFT INC,518 N. INDIANA AVE,SUITE 200,,OKLAHOMA CITY,OK,73106,,,,,,,,,,,,,,Y,,CLIMATE CRAFT INC,518 N INDIANA AVE,,STE #200,,OKLAHOMA CITY,OK,73106,US,HIGH,80,READY,2026-01-11 12:38:39,,,,,,,,,,,Y
413,ATS,,CLIMATE CRAFT COMMISSION,518 N. INDIANA AVE,SUITE 200,,OKAHOMA CITY,OK,73106,,,,,,,,,,,,,,Y,,CLIMATE CRAFT COMMISSION,518 N INDIANA AVE,,STE #200,,OKAHOMA CITY,OK,73106,US,MEDIUM,100,REVIEW,NaT,,,,,,,,,,,Y
414,ATS,,"CLOVER CONTRACTING, INC.",11170 LEE HIGHWAY,SUITE A,,FAIRFAX,VA,22030,,,,,,,,,,,,,,Y,,CLOVER CONTRACTING INC,11170 LEE HWY,,STE #A,,FAIRFAX,VA,22030,US,HIGH,80,READY,2026-01-11 12:38:44,,,,,,,,,,,Y
415,ATS,,CMI MANAGEMENT,5285 SHAWNEE ROAD,,,ALEXANDRIA,VA,22312,,,,,,,,,,,,,,Y,,CMI MANAGEMENT,5285 SHAWNEE RD,,,,ALEXANDRIA,VA,22312,US,MEDIUM,100,REVIEW,NaT,,,,,,,,,,,Y
416,ATS,,CMMS,,,,,,,,,,,,,,,,,,,,Y,,CMMS,,,,,,,,US,LOW,20,INVALID,NaT,,,,,,,,,,,Y
417,ATS,,CMS MECHANICAL NEXTECH,1045 S JOHN RODES BLVD.,,,MELBOURNE,FL,32904,,,,,,,,,,,,,,Y,,CMS MECHANICAL NEXTECH,1045 S JOHN RODES BLVD,,,,MELBOURNE,FL,32904,US,HIGH,80,READY,2026-01-11 12:38:50,,,,,,,,,,,Y
418,ATS,,CMTA ENERGY SOLUTIONS,10411 MEETING STREET,EMAIL INVOICES,,PROSPECT,KY,40059,,,,,,,,,,,,,,Y,,CMTA ENERGY SOLUTIONS,10411 MEETING ST,,,,PROSPECT,KY,40059,US,MEDIUM,100,REVIEW,NaT,,,,,,,,,,,Y
419,ATS,,"CNS REALTY, LLC",22831 SILVERBROOK CENTER DR,SUITE 155,,STERLING,VA,20166,,,,,,,,,,,,,,Y,,CNS REALTY LLC,22831 SILVERBROOK CT DR,,STE #155,,STERLING,VA,20166,US,HIGH,80,READY,2026-01-11 12:38:55,,,,,,,,,,,Y
420,ATS,,CAPSTONE ON CAMPUS MANAGEMENT,415 TOWSON WAY,,,TOWSON,MD,21252,,,,,,,,,,,,,,Y,,CAPSTONE ON CAMPUS MANAGEMENT,415 TOWSON WAY,,,,TOWSON,MD,21252,US,HIGH,80,READY,2026-01-11 12:38:57,,,,,,,,,,,Y
421,ATS,,COLD CRAFT MECHANICAL,7901-3 HILL PARK CT.,,,LORTON,VA,22079,,,,,,,,,,,,,,Y,,COLD CRAFT MECHANICAL,7901-3 HILL PARK CT,,,,LORTON,VA,22079,US,MEDIUM,100,REVIEW,NaT,,,,,,,,,,,Y
422,ATS,,COLLEGE OF SOUTHERN MARYLAND,8730 MITCHELL ROAD,P.O. BOX 910,,LA PLATA,MD,20646,,,,,,,,,,,,,,Y,,COLLEGE OF SOUTHERN MARYLAND,PO BOX 910,8730 MITCHELL RD,,,LA PLATA,MD,20646,US,MEDIUM,70,REVIEW,NaT,,,,,,,,,,,Y
423,ATS,,"COLLEGE PARK ENERGY, LLC",email invoces,"4423 LEHIGH ROAD, PMB 307",,COLLEGE PARK,MD,20740-3072,,,,,,,,,,,,,,Y,,COLLEGE PARK ENERGY LLC,4423 LEHIGH RD,,PMB 307,,COLLEGE PARK,MD,20740-3072,US,HIGH,80,READY,2026-01-11 12:39:00,,,,,,,,,,,Y
424,ATS,,425 EYE ST - COLLIERS INTERNATIONAL DC,"425 I STREET, N.W.",SUITE 702 - EMAIL INVOICE,,WASHINGTON,DC,20001,,,,,,,,,,,,,,Y,,COLLIERS INTERNATIONAL,425 EYE ST NW,,STE #702,,WASHINGTON,DC,20001,US,MEDIUM,75,REVIEW,2026-01-11 12:39:02,,,,,,,,,,,Y
425,ATS,,COLLIERS PINKARD,11311 McCORMICK RD,,,HUNT VALLEY,MD,21031-8615,,,,,,,,,,,,,,Y,,COLLIERS PINKARD,11311 MCCORMICK RD,,,,HUNT VALLEY,MD,21031-8615,US,HIGH,80,READY,2026-01-11 12:39:04,,,,,,,,,,,Y
426,ATS,,COLONIAL ELECTRIC SUPPLY CO.,201 WEST CHURCH ROAD,,,KING OF PRUSSIA,PA,19406,,,,,,,,,,,,,,Y,,COLONIAL ELECTRIC SUPPLY CO,201 W CHURCH RD,,,,KING OF PRUSSIA,PA,19406,US,HIGH,80,READY,2026-01-11 12:39:05,,,,,,,,,,,Y
427,ATS,,COLONIAL WEBB CONTRACTORS,ACCOUNTS PAYABLE DEPARTMENT,PO BOX 9549 - EMAIL,,RICHMOND,VA,23228,,,,,,,,,,,,,,Y,,COLONIAL WEBB CONTRACTORS,PO BOX 9549,,ACCOUNTS PAYABLE DEPARTMENT,,RICHMOND,VA,23228,US,MEDIUM,70,REVIEW,NaT,,,,,,,,,,,Y
428,ATS,,COLOR LAB,5708 ARUNDEL AVENUE,,,ROCKVILLE,MD,20852,,,,,,,,,,,,,,Y,,COLOR LAB,5708 ARUNDEL AVE,,,,ROCKVILLE,MD,20852,US,MEDIUM,100,REVIEW,NaT,,,,,,,,,,,Y
429,ATS,,"COLUMBIA 100, LLC",8820 COLUMBIA 100 PARKWAY,SUITE 400,,COLIMBIA,MD,21045,,,,,,,,,,,,,,Y,,COLUMBIA 100 LLC,8820 COLUMBIA 100 PKWY,,STE #400,,COLIMBIA,MD,21045,US,MEDIUM,100,REVIEW,NaT,,,,,,,,,,,Y
430,ATS,,COLUMBIA PROPERTY TRUST,100 EAST PRATT STREET,SUITE 1200,,BALTIMORE,MD,21202,,,,,,,,,,,,,,Y,,COLUMBIA PROPERTY TRUST,100 E PRATT ST,,STE #1200,,BALTIMORE,MD,21202,US,HIGH,80,READY,2026-01-11 12:39:10,,,,,,,,,,,Y
431,ATS,,COMBUSTIONEER - EMAIL,c/o FLBSI,"4420 LOTTSFORD VISTA RD., SUITE 1",,LANHAM,MD,20706,,,,,,,,,,,,,,Y,,COMBUSTIONEER,4420 LOTTSFORD VISTA RD,,STE #1 C/O FLBSI,,LANHAM,MD,20706,US,MEDIUM,100,REVIEW,NaT,,,,,,,,,,,Y
432,ATS,,"COMFORT COOLING SOLUTIONS, LLC",9715 DUBARRY STREET,EMAIL INVOICE,,GLENN DALE,MD,20769,,,,,,,,,,,,,,Y,,COMFORT COOLING SOLUTIONS LLC,9715 DUBARRY ST,,,,GLENN DALE,MD,20769,US,HIGH,80,READY,2026-01-11 12:39:13,,,,,,,,,,,Y
433,ATS,,"COMFORT TECH, LLC.",8694 VETERANS HIGHWAY,,,MILLERSVILLE,MD,21108,,,,,,,,,,,,,,Y,,COMFORT TECH LLC,8694 VETERANS HWY,,,,MILLERSVILLE,MD,21108,US,MEDIUM,100,REVIEW,NaT,,,,,,,,,,,Y
434,ATS,,"COMMERCIAL CONTRACTORS, INC",1205 YORK RD PENTHOUSE,,,LUTHERVILLE,MD,21093,,,,,,,,,,,,,,Y,,COMMERCIAL CONTRACTORS INC,1205 YORK RD PENTHOUSE,,,,LUTHERVILLE,MD,21093,US,MEDIUM,100,REVIEW,NaT,,,,,,,,,,,Y
435,ATS,,ACOREA ENTERPRISES INC,10620 RIGGS HILL ROAD,SUITE A,,JESSUP,MD,20794,,,,,,,,,,,,,,Y,,ACOREA ENTERPRISES INC,10620 RIGGS HILL RD,,STE #A,,JESSUP,MD,20794,US,HIGH,80,READY,2026-01-11 12:39:18,,,,,,,,,,,Y
436,ATS,,COMMERCIAL EXPRESS HVAC LLC,44931 FALCON PLACE,EMAIL INVOICES,,STERLING,VA,20166,,,,,,,,,,,,,,Y,,COMMERCIAL EXPRESS HVAC LLC,44931 FALCON PL,,,,STERLING,VA,20166,US,MEDIUM,100,REVIEW,NaT,,,,,,,,,,,Y
437,ATS,,AAA COMPLETE BUILDING SERVICES,5100 WISCONSIN AVE NW,SUITE 500 - EMAIL INVOICES,,WASHINGTON,DC,20016,,,,,,,,,,,,,,Y,,AAA COMPLETE BUILDING SERVICES,5100 WISCONSIN AVE NW,,STE #500,,WASHINGTON,DC,20016,US,HIGH,80,READY,2026-01-11 12:39:22,,,,,,,,,,,Y
438,ATS,,COMPLETE BUILDING SERVICES - email,ATTN: ACCOUNTS PAYABLE,5151 WISCONSIN AVE NW,,WASHINGTON,DC,20016,,,,,,,,,,,,,,Y,,COMPLETE BUILDING SERVICES,5151 WISCONSIN AVE NW,,,,WASHINGTON,DC,20016,US,HIGH,80,READY,2026-01-11 12:39:23,,,,,,,,,,,Y
439,ATS,,"COMPLETE MECHANICAL SOLUTIONS, LLC",3313 BRINEGAR ROAD,EMAIL INVOICE,,STREET,MD,21154,,,,,,,,,,,,,,Y,,COMPLETE MECHANICAL SOLUTIONS LLC,3313 BRINEGAR RD,,,,STREET,MD,21154,US,MEDIUM,100,REVIEW,NaT,,,,,,,,,,,Y
440,ATS,,COMPLETE MECHANICAL & ELECTRICAL,11600 NEBEL STREET,SUITE 202 - EMAIL,,ROCKVILLE,MD,20852,,,,,,,,,,,,,,Y,,COMPLETE MECHANICAL & ELECTRICAL,11600 NEBEL ST,,STE #202,,ROCKVILLE,MD,20852,US,MEDIUM,100,REVIEW,NaT,,,,,,,,,,,Y
441,ATS,,COMPLIANCE ENVIROMENTAL INTERNATIONAL,6990 COLUMBIA GATEWAY DRIVE,SUITE 325,,COLUMBIA,MD,21046,,,,,,,,,,,,,,Y,,COMPLIANCE ENVIROMENTAL INTERNATIONAL,6990 COLUMBIA GATEWAY DR,,STE #325,,COLUMBIA,MD,21046,US,MEDIUM,100,REVIEW,NaT,,,,,,,,,,,Y
442,ATS,,COMPOSITE PANEL ASSOCIATION,19465 DEERFIELD AVENUE,SUITE 306,,LEESBURG,VA,20176,,,,,,,,,,,,,,Y,,COMPOSITE PANEL ASSOCIATION,19465 DEERFIELD AVE,,STE #306,,LEESBURG,VA,20176,US,HIGH,80,READY,2026-01-11 12:39:30,,,,,,,,,,,Y
443,ATS,,COMPU DYNAMICS,22446 DAVIS DRIVE,SUITE 187 - EMAIL INVOICES,,STERLING,VA,20164,,,,,,,,,,,,,,Y,,COMPU DYNAMICS,22446 DAVIS DR,,STE #187,,STERLING,VA,20164,US,HIGH,80,READY,2026-01-11 12:39:32,,,,,,,,,,,Y
444,ATS,,"CONAIR, INC-do not use",9621 HARFORD ROAD,,,BALTIMORE,MD,21234,,,,,,,,,,,,,,Y,,CONAIR INC-DO NOT USE,9621 HARFORD RD,,,,BALTIMORE,MD,21234,US,HIGH,80,READY,2026-01-11 12:39:34,,,,,,,,,,,Y
445,ATS,,"CONAIRE, INC",9621 HARFORD ROAD,,,BALTIMORE,MD,21234,,,,,,,,,,,,,,Y,,CONAIRE INC,9621 HARFORD RD,,,,BALTIMORE,MD,21234,US,HIGH,80,READY,2026-01-11 12:39:36,,,,,,,,,,,Y
446,ATS,,CONDAIR,3724 MOMENTUM PLACE,P.O. BOX 233724,,CHICAGO,IL,60611,,,,,,,,,,,,,,Y,,CONDAIR,PO BOX 233724,3724 MOMENTUM PL,,,CHICAGO,IL,60611,US,MEDIUM,70,REVIEW,NaT,,,,,,,,,,,Y
447,ATS,,CONGRESSIONAL COUNTRY CLUB,8500 RIVER ROAD,,,BETHESDA,MD,20817,,,,,,,,,,,,,,Y,,CONGRESSIONAL COUNTRY CLUB,8500 RIVER RD,,,,BETHESDA,MD,20817,US,HIGH,80,READY,2026-01-11 12:39:37,,,,,,,,,,,Y
448,ATS,,CONGRESSIONAL SCHOOL,3229 SLEEPY HOLLOW ROAD,,,FALLS CHURCH,VA,22042,,,,,,,,,,,,,,Y,,CONGRESSIONAL SCHOOL,3229 SLEEPY HOLLOW RD,,,,FALLS CHURCH,VA,22042,US,HIGH,80,READY,2026-01-11 12:39:39,,,,,,,,,,,Y
449,ATS,,CONNER INC,524B LINCOLN STREET,ATTN: ACCOUNTING-EMAIL,,DENTON,MD,21629,,,,,,,,,,,,,,Y,,CONNER INC,524B LINCOLN ST,,,,DENTON,MD,21629,US,HIGH,80,READY,2026-01-11 12:39:40,,,,,,,,,,,Y
450,ATS,,CONQUEST SOLUTIONS,"6401 GOLDEN TRIANGLE DRIVE, SUITE 205",EMAIL INVOICES,,GREENBELT,MD,20770,,,,,,,,,,,,,,Y,,CONQUEST SOLUTIONS,6401 GOLDEN TRIANGLE DR,,STE #205,,GREENBELT,MD,20770,US,HIGH,80,READY,2026-01-11 12:39:42,,,,,,,,,,,Y
451,ATS,,"CONSIGLI CONSTRUCTION CO., INC",72 SUMNER STREET,EMAIL INVOICE,,MILFORD,MA,01757,,,,,,,,,,,,,,Y,,CONSIGLI CONSTRUCTION CO INC,72 SUMNER ST,,,,MILFORD,MA,01757,US,HIGH,80,READY,2026-01-11 12:39:43,,,,,,,,,,,Y
452,ATS,,CONSOLIDATED ELECTRICAL DISTRIBUTORS,"45449 SEVERN WAY, SUITE 145",EMAIL INVOICES,,STERLING,VA,20166,,,,,,,,,,,,,,Y,,CONSOLIDATED ELECTRICAL DISTRIBUTORS,45449 SEVERN WAY,,STE #145,,STERLING,VA,20166,US,HIGH,80,READY,2026-01-11 12:39:46,,,,,,,,,,,Y
453,ATS,,CONSTELLATION ENERGY,CONSTELLATION ACCOUNTS PAYABLE,PO BOX 696988,,SAN ANTONIA,TX,78269,,,,,,,,,,,,,,Y,,CONSTELLATION ENERGY,PO BOX 696988,,,,SAN ANTONIA,TX,78269,US,MEDIUM,70,REVIEW,NaT,,,,,,,,,,,Y
454,ATS,,"CONSYS, INC.","732 KENNEDY STREET, NW",,,WASHINGTON,DC,20011,,,,,,,,,,,,,,Y,,CONSYS INC,732 KENNEDY ST NW,,,,WASHINGTON,DC,20011,US,HIGH,80,READY,2026-01-11 12:39:47,,,,,,,,,,,Y
455,ATS,,"CONTEMPORARY ELECTRICAL SERVICES, INC.",1954 ISAAC NEWTON SQUARE WEST,EMAIL INVOICES,,RESTON,VA,20190,,,,,,,,,,,,,,Y,,CONTEMPORARY ELECTRICAL SERVICES INC,1954 ISAAC NEWTON SQUARE W,,,,RESTON,VA,20190,US,HIGH,80,READY,2026-01-11 12:39:49,,,,,,,,,,,Y
456,ATS,,"CONTROL CONCEPTS, LLC","505 LAKELAND PLAZA, SUITE 229",EMAIL INVOICE,,CUMMING,GA,30040,,,,,,,,,,,,,,Y,,CONTROL CONCEPTS LLC,505 LAKELAND PLAZA,,STE #229,,CUMMING,GA,30040,US,HIGH,80,READY,2026-01-11 12:39:51,,,,,,,,,,,Y
457,ATS,,"CONTROL MANAGEMENT, LLC",12004 BERRYBROOK TERRACE,,,UPPER MARLBORO,MD,20772,,,,,,,,,,,,,,Y,,CONTROL MANAGEMENT LLC,12004 BERRYBROOK TERRACE,,,,UPPER MARLBORO,MD,20772,US,HIGH,80,READY,2026-01-11 12:39:52,,,,,,,,,,,Y
458,ATS,,CONTROL SERVICES ENGINEERING,330 2ND STREET,,,NEW CUMBERLAND,PA,17070,,,,,,,,,,,,,,Y,,CONTROL SERVICES ENGINEERING,330 2ND ST,,,,NEW CUMBERLAND,PA,17070,US,HIGH,80,READY,2026-01-11 12:39:54,,,,,,,,,,,Y
459,ATS,,"CONTROL SOURCES, LLC",8860 KELSO DRIVE,,,BALTIMORE,MD,21221,,,,,,,,,,,,,,Y,,CONTROL SOURCES LLC,8860 KELSO DR,,,,BALTIMORE,MD,21221,US,HIGH,80,READY,2026-01-11 12:39:56,,,,,,,,,,,Y
460,ATS,,CONTROL SYSTEMS SALES,EMAIL INVOICES,"934 SWEENEY DRIVE, SUITE 3",,HAGERSTOWN,MD,21740,,,,,,,,,,,,,,Y,,CONTROL SYSTEMS SALES,934 SWEENEY DR,,STE #3,,HAGERSTOWN,MD,21740,US,HIGH,80,READY,2026-01-11 12:39:57,,,,,,,,,,,Y
461,ATS,,CONTROL TECHNOLOGIES,6804 BRUSHBUCK LANE,EMAIL,,BERLIN,MD,21811,,,,,,,,,,,,,,Y,,CONTROL TECHNOLOGIES,6804 BRUSHBUCK LN,,,,BERLIN,MD,21811,US,MEDIUM,100,REVIEW,NaT,,,,,,,,,,,Y
462,ATS,,CONTROLS UNLIMITED INC,2853 PS BUSINESS CENTER DRIVE,,,WOODBRIDGE,VA,20112,,,,,,,,,,,,,,Y,,CONTROLS UNLIMITED INC,2853 PS BUSINESS CT DR,,,,WOODBRIDGE,VA,20112,US,MEDIUM,100,REVIEW,NaT,,,,,,,,,,,Y
463,ATS,,CONTROLS UNLIMITED,2853 PS BUSINESS CENTER DRIVE,,,WOODBRIDGE,VA,22192,,,,,,,,,,,,,,Y,,CONTROLS UNLIMITED,2853 PS BUSINESS CT DR,,,,WOODBRIDGE,VA,22192,US,MEDIUM,100,REVIEW,NaT,,,,,,,,,,,Y
464,ATS,,COOLE BREEZE HEATING & AIR CONDITIONING,"11408 CRONRIDGE DRI., STE F",,,OWINGS MILLS,MD,21117,,,,,,,,,,,,,,Y,,COOLE BREEZE HEATING & AIR CONDITIONING,11408 CRONRIDGE DRI,,STE F,,OWINGS MILLS,MD,21117,US,MEDIUM,100,REVIEW,NaT,,,,,,,,,,,Y
465,ATS,,THE COOLING TOWER STORE,8665 CHERRY LANE,,,LAUREL,MD,20707,,,,,,,,,,,,,,Y,,THE COOLING TOWER STORE,8665 CHERRY LN,,,,LAUREL,MD,20707,US,HIGH,80,READY,2026-01-11 12:40:05,,,,,,,,,,,Y
466,ATS,,COPT DEFENSE PROPERTIES,BILLBOX#00-v0000058-13220,P.O. BOX 7541 - EMAIL,,HICKSVILLE,NY,11802-7541,,,,,,,,,,,,,,Y,,COPT DEFENSE PROPERTIES,PO BOX 7541,,BILLBOX#00-V0000058-13220,,HICKSVILLE,NY,11802-7541,US,MEDIUM,70,REVIEW,NaT,,,,,,,,,,,Y
467,ATS,,COPT DC-6 LLC - email,1212 NEW YORK AVENUE,SUITE 1000 - EMAIL,,WASHINGTON,DC,20005,,,,,,,,,,,,,,Y,,COPT DC-6 LLC,1212 NEW YORK AVE,,STE #1000,,WASHINGTON,DC,20005,US,HIGH,80,READY,2026-01-11 12:40:07,,,,,,,,,,,Y
468,ATS,,"CORE MECHANICAL SOLUTIONS, LLC","600B ABRUZZI DRIVE, SUITE 137",EMAIL INVOICES,,CHESTER,MD,21619,,,,,,,,,,,,,,Y,,CORE MECHANICAL SOLUTIONS LLC,600B ABRUZZI DR,,STE #137,,CHESTER,MD,21619,US,MEDIUM,100,REVIEW,NaT,,,,,,,,,,,Y
469,ATS,,COREPOWER YOGA,4211 FAIRFAX CORNER EAST AVE,,,FAIRFAX,VA,22030,,,,,,,,,,,,,,Y,,COREPOWER YOGA,4211 FAIRFAX CORNER E AVE,,,,FAIRFAX,VA,22030,US,HIGH,80,READY,2026-01-11 12:40:10,,,,,,,,,,,Y
470,ATS,,COREPOWER YOGA - MERRIFIELD,8302 HILLTOP ROAD,,,FAIRFAX,VA,22031,,,,,,,,,,,,,,Y,,COREPOWER YOGA,8302 HILLTOP RD,,,,FAIRFAX,VA,22031,US,HIGH,80,READY,2026-01-11 12:40:12,,,,,,,,,,,Y
471,ATS,,CORESITE,"1001 17TH STREET, SUITE 500",EMAIL INVOICE,,DENVER,CO,80202,,,,,,,,,,,,,,Y,,CORESITE,1001 17TH ST,,STE #500,,DENVER,CO,80202,US,HIGH,80,READY,2026-01-11 12:40:13,,,,,,,,,,,Y
472,ATS,,CORPORATE COOLING & CONTROLS,10715 RED RUN BOULEVARD,,,OWINGS MILLS,MD,21117,,,,,,,,,,,,,,Y,,CORPORATE COOLING & CONTROLS,10715 RED RUN BLVD,,,,OWINGS MILLS,MD,21117,US,HIGH,80,READY,2026-01-11 12:40:15,,,,,,,,,,,Y
473,ATS,,COURTLAND GARDENS,,,,,,,,,,,,,,,,,,,,Y,,COURTLAND GARDENS,,,,,,,,US,LOW,20,INVALID,NaT,,,,,,,,,,,Y
474,ATS,,COVE ELECTRIC,200 EDGEWOOD ROAD,,,EDGEWOOD,MD,21040-3307,,,,,,,,,,,,,,Y,,COVE ELECTRIC,200 EDGEWOOD RD,,,,EDGEWOOD,MD,21040-3307,US,HIGH,80,READY,2026-01-11 12:40:19,,,,,,,,,,,Y
475,ATS,,COX ELECTRIC KMC,EMAIL INVOICE,124 RIVER RD,,EDGEWATER,MD,21037,,,,,,,,,,,,,,Y,,COX ELECTRIC KMC,124 RIVER RD,,,,EDGEWATER,MD,21037,US,HIGH,80,READY,2026-01-11 12:40:20,,,,,,,,,,,Y
476,ATS,,CRADDOCK MECHANICAL,38727 CHAPTICO RD,,,MECHANICSVILLE,MD,20659,,,,,,,,,,,,,,Y,,CRADDOCK MECHANICAL,38727 CHAPTICO RD,,,,MECHANICSVILLE,MD,20659,US,HIGH,80,READY,2026-01-11 12:40:22,,,,,,,,,,,Y
477,ATS,,"CRAE CONTROL SYSTEM, INC",P.O. BOX 523,,,FINKSBURG,MD,21048,,,,,,,,,,,,,,Y,,CRAE CONTROL SYSTEM INC,PO BOX 523,,,,FINKSBURG,MD,21048,US,MEDIUM,70,REVIEW,NaT,,,,,,,,,,,Y
478,ATS,,"CRAFTCORPS, INC",217 W. WILLIAMSBURG ROAD,EMAIL INVOICES,,SANDSTON,VA,23150,,,,,,,,,,,,,,Y,,CRAFTCORPS INC,217 W WILLIAMSBURG RD,,,,SANDSTON,VA,23150,US,HIGH,80,READY,2026-01-11 12:40:23,,,,,,,,,,,Y
479,ATS,,"CRAIG ELECTRIC, INC - email",18708 ROCKY WAY,,,ROCKVILLE,MD,20855,,,,,,,,,,,,,,Y,,CRAIG ELECTRIC INC,18708 ROCKY WAY,,,,ROCKVILLE,MD,20855,US,MEDIUM,100,REVIEW,NaT,,,,,,,,,,,Y
480,ATS,,CREATIVE CONSTRUCTION,,JOHN HOPKINS,,,,,,,,,,,,,,,,,,Y,,CREATIVE CONSTRUCTION,5501 JOHNS HOPKINS RD,,804 MAINT ST,,BALTIMORE,MD,21205,US,MEDIUM,100,REVIEW,NaT,,,,,,,,,,,Y
481,ATS,,CRITICAL MECHANICAL SERVICES LLC,P.O. BOX 791,EMAIL INVOICES,,LA PLATA,MD,20646,,,,,,,,,,,,,,Y,,CRITICAL MECHANICAL SERVICES LLC,PO BOX 791,,,,LA PLATA,MD,20646,US,MEDIUM,70,REVIEW,NaT,,,,,,,,,,,Y
482,ATS,,CRITICAL PEAKE SERVICES,8520-F CORRIDOR ROAD,,,SAVAGE,MD,20763,,,,,,,,,,,,,,Y,,CRITICAL PEAKE SERVICES,8520-F CORRIDOR RD,,,,SAVAGE,MD,20763,US,MEDIUM,100,REVIEW,NaT,,,,,,,,,,,Y
483,ATS,,"CRITICAL POWER, INC",P.O. BOX 268,,,MOUNT AIRY,MD,21771,,,,,,,,,,,,,,Y,,CRITICAL POWER INC,PO BOX 268,,,,MOUNT AIRY,MD,21771,US,MEDIUM,70,REVIEW,NaT,,,,,,,,,,,Y
484,ATS,,"CRITICAL SYSTEMS SERVICES, LLC",12216 PARKLAWN DRIVE,SUITE 201 - EMAIL,,ROCKVILLE,MD,20852,,,,,,,,,,,,,,Y,,CRITICAL SYSTEMS SERVICES LLC,12216 PARKLAWN DR,,STE #201,,ROCKVILLE,MD,20852,US,MEDIUM,100,REVIEW,NaT,,,,,,,,,,,Y
485,ATS,,CROCKETT FACILITIES SERVICES,4438 LOTTSFORD VISTA RD,,,LANHAM,MD,20706,,,,,,,,,,,,,,Y,,CROCKETT FACILITIES SERVICES,4438 LOTTSFORD VISTA RD,,,,LANHAM,MD,20706,US,MEDIUM,100,REVIEW,NaT,,,,,,,,,,,Y
486,ATS,,CRODA INC,315 CHERRY LANE,,,NEW CASTLE,DE,19720,,,,,,,,,,,,,,Y,,CRODA INC,315 CHERRY LN,,,,NEW CASTLE,DE,19720,US,HIGH,80,READY,2026-01-11 12:40:35,,,,,,,,,,,Y
487,ATS,,STEVE CROGNALE JR.,,,,,,,,,,,,,,,,,,,,Y,,STEVE CROGNALE JR,,,,,,,,US,LOW,20,INVALID,NaT,,,,,,,,,,,Y
488,ATS,,CROPP-METCALFE SERVICES,8421 HILLTOP ROAD,EMAIL INVOICE,,FAIRFAX,VA,22031,,,,,,,,,,,,,,Y,,CROPP-METCALFE SERVICES,8421 HILLTOP RD,,,,FAIRFAX,VA,22031,US,HIGH,80,READY,2026-01-11 12:40:38,,,,,,,,,,,Y
489,ATS,,CROPP-METCALFE,5301 HOLLAND DRIVE,,,BELTSVILLE,MD,20705,,,,,,,,,,,,,,Y,,CROPP-METCALFE,5301 HOLLAND DR,,,,BELTSVILLE,MD,20705,US,HIGH,80,READY,2026-01-11 12:40:39,,,,,,,,,,,Y
490,ATS,,CROWN ELECTRIC CO.,2027 GREENSPRING DRIVE,,,TIMONIUM,MD,21093,,,,,,,,,,,,,,Y,,CROWN ELECTRIC CO,2027 GREENSPRING DR,,,,TIMONIUM,MD,21093,US,HIGH,80,READY,2026-01-11 12:40:41,,,,,,,,,,,Y
491,ATS,,CRW MECHANICAL - email invoice,5807 ELLERBIE STREET,,,LANHAM,MD,20706,,,,,,,,,,,,,,Y,,CRW MECHANICAL,5807 ELLERBIE ST,,,,LANHAM,MD,20706,US,HIGH,80,READY,2026-01-11 12:40:42,,,,,,,,,,,Y
492,ATS,,"CTS SERVICES, LLC",11900 H BALTIMORE AVENUE,,,BELTSVILLE,MD,20705,,,,,,,,,,,,,,Y,,CTS SERVICES LLC,11900 H BALTIMORE AVE,,,,BELTSVILLE,MD,20705,US,MEDIUM,100,REVIEW,NaT,,,,,,,,,,,Y
493,ATS,,CTS SERVICES,8225 A Cloverleaf Drive,,,MILLERSVILLE,MD,21108,,,,,,,,,,,,,,Y,,CTS SERVICES,8225 A CLOVERLEAF DR,,,,MILLERSVILLE,MD,21108,US,MEDIUM,100,REVIEW,NaT,,,,,,,,,,,Y
494,ATS,,CULPEPER NOLAND CO.,16114 ROGERS ROAD,,,CULPEPER,VA,22701,,,,,,,,,,,,,,Y,,CULPEPER NOLAND CO,16114 ROGERS RD,,,,CULPEPER,VA,22701,US,HIGH,80,READY,2026-01-11 12:40:48,,,,,,,,,,,Y
495,ATS,,"CUMMINS-WAGNER SIEWERT, LLC",10901 PUMP HOUSE ROAD,EMAIL INVOICE,,ANNAPOLIS JUNCTION,MD,20701,,,,,,,,,,,,,,Y,,CUMMINS-WAGNER SIEWERT LLC,10901 PUMP HOUSE RD,,,,ANNAPOLIS JUNCTION,MD,20701,US,MEDIUM,100,REVIEW,NaT,,,,,,,,,,,Y
496,ATS,,CURALEAF,5300 TANEYTOWN PIKE,,,TANEYTOWN,MD,21787,,,,,,,,,,,,,,Y,,CURALEAF,5300 TANEYTOWN PIKE,,,,TANEYTOWN,MD,21787,US,HIGH,80,READY,2026-01-11 12:40:51,,,,,,,,,,,Y
497,ATS,,"BRANDS RE LLC, CURIO WELLNESS",215 WASHINGTON AVE,EMAIL INVOICES,,TOWSON,MD,21204,,,,,,,,,,,,,,Y,,BRANDS RE LLC CURIO WELLNESS,215 WASHINGTON AVE,,,,TOWSON,MD,21204,US,HIGH,80,READY,2026-01-11 12:40:53,,,,,,,,,,,Y
498,ATS,,CURTIS POWER SOLUTIONS,3915 BENSON AVE.,,,BALTIMORE,MD,21227,,,,,,,,,,,,,,Y,,CURTIS POWER SOLUTIONS,3915 BENSON AVE,,,,BALTIMORE,MD,21227,US,HIGH,80,READY,2026-01-11 12:40:54,,,,,,,,,,,Y
499,ATS,,CUSHMAN & WAKEFIELD,323 N. CHARLES STREET,,,BALTIMORE,MD,21202,,,,,,,,,,,,,,Y,,CUSHMAN & WAKEFIELD,323 N CHARLES ST,,,,BALTIMORE,MD,21202,US,HIGH,80,READY,2026-01-11 12:40:56,,,,,,,,,,,Y
500,ATS,,CUSHMAN & WAKEFIELD,1775 GREENSBORO STATION PLACE,SUITE 100- EMAIL,,MCLEAN,VA,22102,,,,,,,,,,,,,,Y,,CUSHMAN & WAKEFIELD,1775 GREENSBORO STATION PL,,STE #100,,MCLEAN,VA,22102,US,HIGH,80,READY,2026-01-11 12:40:58,,,,,,,,,,,Y
501,ATS,,CUSHMAN & WAKEFIELD - THE BORO (8350),"8350 BROAD STREET, SUITE 210",EMAIL INVOICE,,TYSONS,VA,22102,,,,,,,,,,,,,,Y,,CUSHMAN & WAKEFIELD - THE BORO,8350 BRD ST,,STE #210,,TYSONS,VA,22102,US,HIGH,80,READY,2026-01-11 12:40:59,,,,,,,,,,,Y
502,ATS,,CUSTOM TECH CONTROLS,13250 BUDDS CREEK ROAD,,,CHARLOTTE HALL,MD,20622,,,,,,,,,,,,,,Y,,CUSTOM TECH CONTROLS,13250 BUDDS CREEK RD,,,,CHARLOTTE HALL,MD,20622,US,MEDIUM,100,REVIEW,NaT,,,,,,,,,,,Y
503,ATS,,FIRST SOURCE ELECTRONICS,"6650 BUSINESS PKWY, SUITE A",EMAIL INVOICES,,ELKRIDGE,MD,21075,,,,,,,,,,,,,,Y,,FIRST SOURCE ELECTRONICS,6650 BUSINESS PKWY,,STE #A,,ELKRIDGE,MD,21075,US,HIGH,80,READY,2026-01-11 12:41:03,,,,,,,,,,,Y
504,ATS,,CW SERVICES,1715 TWIN SPRINGS SERVICES,SUITE 102,,BALTIMORE,MD,21227,,,,,,,,,,,,,,Y,,CW SERVICES,1715 TWIN SPRINGS SERVICES,,STE #102,,BALTIMORE,MD,21227,US,MEDIUM,100,REVIEW,NaT,,,,,,,,,,,Y
505,ATS,,CWC SHEET METAL INC,4104 HARRIS AVENUE,,,BALTIMORE,MD,21206,,,,,,,,,,,,,,Y,,CWC SHEET METAL INC,4104 HARRIS AVE,,,,BALTIMORE,MD,21206,US,HIGH,80,READY,2026-01-11 12:41:06,,,,,,,,,,,Y
506,ATS,,D & I MECHANICAL CTRS. INC.,ATTENTION: DAVID B. JAROSINSKI,10815 BEAVER DAM ROAD,,COCKEYSVILLE,MD,21030,,,,,,,,,,,,,,Y,,D & I MECHANICAL CTRS INC,10815 BEAVER DAM RD,,,,COCKEYSVILLE,MD,21030,US,HIGH,80,READY,2026-01-11 12:41:09,,,,,,,,,,,Y
507,ATS,,D & S TECHNICAL SERVICES INC.,631 S BRICE STREET,,,BALTIMORE,MD,21223,,,,,,,,,,,,,,Y,,D & S TECHNICAL SERVICES INC,631 S BRICE ST,,,,BALTIMORE,MD,21223,US,HIGH,80,READY,2026-01-11 12:41:10,,,,,,,,,,,Y
508,ATS,,D'RODRIGUEZ HVAC,9051 LIBERIA AVENUE,SUITE #200,,MANASSAS,VA,20110,,,,,,,,,,,,,,Y,,D'RODRIGUEZ HVAC,9051 LIBERIA AVE,,STE ##200,,MANASSAS,VA,20110,US,HIGH,80,READY,2026-01-11 12:41:12,,,,,,,,,,,Y
509,ATS,,"TULIMIERI ASSOCIATES, INC",DBA D-TECH,94 EASTERN BOULEVARD,,GLASTONBURY,CT,06033,,,,,,,,,,,,,,Y,,TULIMIERI ASSOCIATES INC,94 EERN BLVD,,DBA D-TECH,,GLASTONBURY,CT,06033,US,HIGH,80,READY,2026-01-11 12:41:13,,,,,,,,,,,Y
510,ATS,,DAIKIN APPLIED,ACCOUNTS PAYABLE,PO BOX 1551 - EMAIL,,MINNEAPOLIS,MN,55440,,,,,,,,,,,,,,Y,,DAIKIN APPLIED,PO BOX 1551,,,,MINNEAPOLIS,MN,55440,US,MEDIUM,70,REVIEW,NaT,,,,,,,,,,,Y
511,ATS,,DAILEY CONTROLS & MECHANICAL SOLUTIONS,7380 PROSPECT HILL ROAD,EMAIL INVOICE,,LA PLATA,MD,20646,,,,,,,,,,,,,,Y,,DAILEY CONTROLS & MECHANICAL SOLUTIONS,7380 PROSPECT HILL RD,,,,LA PLATA,MD,20646,US,MEDIUM,100,REVIEW,NaT,,,,,,,,,,,Y
512,ATS,,DALLIS ELECTRICAL SERVICES,1102 N TOLLGATE ROAD,EMAIL INVOICES,,BEL AIR,MD,21014,,,,,,,,,,,,,,Y,,DALLIS ELECTRICAL SERVICES,1102 N TOLLGATE RD,,,,BEL AIR,MD,21014,US,HIGH,80,READY,2026-01-11 12:41:17,,,,,,,,,,,Y
513,ATS,,DAMUTH TRANE,1100 CAVALIER BLVD,,,CHESAPEAKE,VA,23323,,,,,,,,,,,,,,Y,,DAMUTH TRANE,1100 CAVALIER BLVD,,,,CHESAPEAKE,VA,23323,US,HIGH,80,READY,2026-01-11 12:41:19,,,,,,,,,,,Y
514,ATS,,DANIELS HVAC,9232 WOODCREEK COURT,,,BALTIMORE,MD,21234,,,,,,,,,,,,,,Y,,DANIELS HVAC,9232 WOODCREEK CT,,,,BALTIMORE,MD,21234,US,MEDIUM,100,REVIEW,NaT,,,,,,,,,,,Y
515,ATS,,DANON NORTH AMERICA,12002 AIRPORT WAY,EMAIL INVOICES,,BROOMFIELD,CO,80021,,,,,,,,,,,,,,Y,,DANON NORTH AMERICA,12002 AIRPORT WAY,,,,BROOMFIELD,CO,80021,US,HIGH,80,READY,2026-01-11 12:41:22,,,,,,,,,,,Y
516,ATS,,DATA HVAC SOLUTIONS,206 WOODS DRIVE,,,CROSS JUNCTION,VA,22625,,,,,,,,,,,,,,Y,,DATA HVAC SOLUTIONS,206 WOODS DR,,,,CROSS JUNCTION,VA,22625,US,MEDIUM,100,REVIEW,NaT,,,,,,,,,,,Y
517,ATS,,DAUGHTERS OF AMERICAN REVOLUTION,1776 D STREET NW,,,WASHINGTON,DC,20006,,,,,,,,,,,,,,Y,,DAUGHTERS OF AMERICAN REVOLUTION,1776 D ST NW,,,,WASHINGTON,DC,20006,US,HIGH,80,READY,2026-01-11 12:41:26,,,,,,,,,,,Y
518,ATS,,"DAVECO METALS, LLC",P.O. BOX 308,,,HUNTINGTOWN,MD,20639,,,,,,,,,,,,,,Y,,DAVECO METALS LLC,PO BOX 308,,,,HUNTINGTOWN,MD,20639,US,MEDIUM,70,REVIEW,NaT,,,,,,,,,,,Y
519,ATS,,DAVID S. BROWN ENTERPRISES,100 PAINTERS MILL ROAD,SUITE 120,,OWINGS MILLS,MD,21117,,,,,,,,,,,,,,Y,,DAVID S BROWN ENTERPRISES,100 PAINTERS MILL RD,,STE #120,,OWINGS MILLS,MD,21117,US,HIGH,80,READY,2026-01-11 12:41:28,,,,,,,,,,,Y
520,ATS,,DAVID TYLER,19137 VALLEY OVERLOOK COURT,,,KNOXVILLE,MD,21758,,,,,,,,,,,,,,Y,,DAVID TYLER,19137 VALLEY OVERLOOK CT,,,,KNOXVILLE,MD,21758,US,MEDIUM,100,REVIEW,NaT,,,,,,,,,,,Y
521,ATS,,DAVISYSTEMS LLC,P.O. BOX 152,,,CUMBERLAND,MD,21501-0152,,,,,,,,,,,,,,Y,,DAVISYSTEMS LLC,PO BOX 152,,,,CUMBERLAND,MD,21501-0152,US,MEDIUM,70,REVIEW,NaT,,,,,,,,,,,Y
522,ATS,,DAYTNER CONSTRUCTION GROUP,505 WINDY KNOLL DRIVE,#390,,MOUNT AIRY,MD,21771,,,,,,,,,,,,,,Y,,DAYTNER CONSTRUCTION GROUP,505 WINDY KNOLL DR,,#390,,MOUNT AIRY,MD,21771,US,HIGH,80,READY,2026-01-11 12:41:31,,,,,,,,,,,Y
523,ATS,,"DE ASSET OPERATIONS, LLC","983 WAUGH CHAPEL WAY, STE L-M",EMAIL INVOICES,,GAMBRILLS,MD,21054,,,,,,,,,,,,,,Y,,DE ASSET OPERATIONS LLC,983 WAUGH CHAPEL WAY,,STE #L-M,,GAMBRILLS,MD,21054,US,HIGH,80,READY,2026-01-11 12:41:33,,,,,,,,,,,Y
524,ATS,,DEA- DRUG ENFORCEMENT AGENCY-EMAIL,OFFICE OF TRAINING,PO BOX 1475,,QUANTICO,VA,22134,,,,,,,,,,,,,,Y,,DEA - DRUG ENFORCEMENT AGENCY,PO BOX 1475,,OFFICE OF TRAINING,,QUANTICO,VA,22134,US,MEDIUM,70,REVIEW,NaT,,,,,,,,,,,Y
525,ATS,,DEAN TECHNOLOGIES -email,9420 DEVELOPERS DRIVE,,,MANASSAS,VA,20109,,,,,,,,,,,,,,Y,,DEAN TECHNOLOGIES,9420 DEVELOPERS DR,,,,MANASSAS,VA,20109,US,HIGH,80,READY,2026-01-11 12:41:34,,,,,,,,,,,Y
526,ATS,,DECA INC. -email,6501 HARFORD ROAD,,,BALTIMORE,MD,21214,,,,,,,,,,,,,,Y,,DECA INC,6501 HARFORD RD,,,,BALTIMORE,MD,21214,US,HIGH,80,READY,2026-01-11 12:41:36,,,,,,,,,,,Y
527,ATS,,"DEERFIELD, INC.",7215 SUNSHINE AVENUE,,,KINGSVILLE,MD,21087,,,,,,,,,,,,,,Y,,DEERFIELD INC,7215 SUNSHINE AVE,,,,KINGSVILLE,MD,21087,US,HIGH,80,READY,2026-01-11 12:41:38,,,,,,,,,,,Y
528,ATS,,DEFENSE MEDIA ACTIVITY HQ - FT MEADE,6700 TAYLOR AVE,,,FT MEADE,MD,20755,,,,,,,,,,,,,,Y,,DEFENSE MEDIA ACTIVITY HQ,6700 TAYLOR AVE,,,,FORT MEADE,MD,20755,US,HIGH,80,READY,2026-01-11 12:41:39,,,,,,,,,,,Y
529,ATS,,DOUGLAS ELECTRIC & LIGHTING INC.,11125 PEPPER ROAD,,,HUNT VALLEY,MD,21030,,,,,,,,,,,,,,Y,,DOUGLAS ELECTRIC & LIGHTING INC,11125 PEPPER RD,,,,HUNT VALLEY,MD,21030,US,HIGH,80,READY,2026-01-11 12:41:41,,,,,,,,,,,Y
530,ATS,,DELAWARE DEPARTMENT OF TRANSPORTATION,800 BAY ROAD,,,DOVER,DE,19901,,,,,,,,,,,,,,Y,,DELAWARE DEPARTMENT OF TRANSPORTATION,800 BAY RD,,,,DOVER,DE,19901,US,HIGH,80,READY,2026-01-11 12:41:42,,,,,,,,,,,Y
531,ATS,,"DELCARD ASSOCIATES, INC",,,,,,,,,,,,,,,,,,,,Y,,DELCARD ASSOCIATES INC,,,,,,,,US,LOW,20,INVALID,NaT,,,,,,,,,,,Y
532,ATS,,DELTEK INC,2291 WOOD OAK DRIVE,ATTN: ACCOUNTS PAYABLE,,HERNDON,VA,20171,,,,,,,,,,,,,,Y,,DELTEK INC,2291 WOOD OAK DR,,ATTN: ACCOUNTS PAYABLE,,HERNDON,VA,20171,US,HIGH,80,READY,2026-01-11 12:41:45,,,,,,,,,,,Y
533,ATS,,"DELMARVA ELECTRIC MOTOR, INC",111 EAST GORDY RD,,,SALISBURY,MD,21804,,,,,,,,,,,,,,Y,,DELMARVA ELECTRIC MOTOR INC,111 E GORDY RD,,,,SALISBURY,MD,21804,US,MEDIUM,100,REVIEW,NaT,,,,,,,,,,,Y
534,ATS,,DENSEL COMPANY,7640-A AIRPARK ROAD,,,GAITHERSBURG,MD,20879,,,,,,,,,,,,,,Y,,DENSEL COMPANY,7640-A AIRPARK RD,,,,GAITHERSBURG,MD,20879,US,MEDIUM,100,REVIEW,NaT,,,,,,,,,,,Y
535,ATS,,DENVER-ELEK,8860 KELSO DRIVE,EMAIL INVOICES,,BALTIMORE,MD,21221,,,,,,,,,,,,,,Y,,DENVER-ELEK,8860 KELSO DR,,,,BALTIMORE,MD,21221,US,HIGH,80,READY,2026-01-11 12:41:51,,,,,,,,,,,Y
536,ATS,,THE DEPARTMENT OF THE TREASURY,15TH + PENN. AVE NW,,,WASHINGTON,DC,20220,,,,,,,,,,,,,,Y,,THE DEPARTMENT OF THE TREASURY,15TH + PENN AVE NW,,,,WASHINGTON,DC,20220,US,MEDIUM,100,REVIEW,NaT,,,,,,,,,,,Y
537,ATS,,DEPARTMENT OF ENERGY,19901 GERMANTOWNE RD,,,GERMANTOWN,MD,20874,,,,,,,,,,,,,,Y,,DEPARTMENT OF ENERGY,19901 GERMANTOWNE RD,,,,GERMANTOWN,MD,20874,US,MEDIUM,100,REVIEW,NaT,,,,,,,,,,,Y
538,ATS,,DEPARTMENT OF HOMELAND SECURITY,19844 BLUERIDGE MOUNTAIN ROAD,,,MT. WEATHER,VA,20135,,,,,,,,,,,,,,Y,,DEPARTMENT OF HOMELAND SECURITY,19844 BLUERIDGE MOUNTAIN RD,,,,MT WEATHER,VA,20135,US,MEDIUM,100,REVIEW,NaT,,,,,,,,,,,Y
539,ATS,,DEPARTMENT OF JUSTICE,320 FIRST ST NW,,,WASHINGTON,DC,20534,,,,,,,,,,,,,,Y,,DEPARTMENT OF JUSTICE,320 FIRST ST NW,,,,WASHINGTON,DC,20534,US,MEDIUM,75,REVIEW,2026-01-11 12:41:58,,,,,,,,,,,Y
540,ATS,,DEPARTMENT OF NAVY,22487 CEDAR POINT RD,BUILDING 1652,,PATUXENT RIVER,MD,20670,,,,,,,,,,,,,,Y,,DEPARTMENT OF NAVY,22487 CEDAR POINT RD,,BUILDING 1652,,PATUXENT RIVER,MD,20670,US,MEDIUM,100,REVIEW,NaT,,,,,,,,,,,Y
541,ATS,,AMERICAN EMBASSY SARAJEVO,7130 SARAJEVO PLACE,,,WASHINGTON,DC,20521,,,,,,,,,,,,,,Y,,AMERICAN EMBASSY SARAJEVO,7130 SARAJEVO PL,,,,WASHINGTON,DC,20521,US,MEDIUM,100,REVIEW,NaT,,,,,,,,,,,Y
542,ATS,,DEPARMENT OF INTERIOR,1849 C STREET NW,MAILSTOP 1420,,WASHINGTON,DC,20240,,,,,,,,,,,,,,Y,,DEPARMENT OF INTERIOR,1849 C ST NW,,MAILSTOP 1420,,WASHINGTON,DC,20240,US,HIGH,80,READY,2026-01-11 12:42:03,,,,,,,,,,,Y
543,ATS,,DEREK EMBODY & COMPANY,13902 N. DALE MABRY HIGHWAY,SUITE 131,,TAMPA,FL,33618,,,,,,,,,,,,,,Y,,DEREK EMBODY & COMPANY,13902 N DALE MABRY HWY,,STE #131,,TAMPA,FL,33618,US,HIGH,80,READY,2026-01-11 12:42:05,,,,,,,,,,,Y
544,ATS,,DESERT AIRE,N120 W18485 FREISTADT RD,ATTN: SERVICE MANAGER,,GERMANTOWN,WI,53022,,,,,,,,,,,,,,Y,,DESERT AIRE,N120 W18485 FREISTADT RD,,SERVICE MANAGER,,GERMANTOWN,WI,53022,US,HIGH,80,READY,2026-01-11 12:42:07,,,,,,,,,,,Y
545,ATS,,DEVMAR,8915 MOHAWK LANE,,,BETHESDA,MD,20817,,,,,,,,,,,,,,Y,,DEVMAR,8915 MOHAWK LN,,,,BETHESDA,MD,20817,US,HIGH,80,READY,2026-01-11 12:42:08,,,,,,,,,,,Y
546,ATS,,DEWBERRY DESIGN- BUILDING,2610 WYCLIFF ROAD,SUITE 410,,RALEIGH,NC,27607,,,,,,,,,,,,,,Y,,DEWBERRY DESIGN- BUILDING,2610 WYCLIFF RD,,STE #410,,RALEIGH,NC,27607,US,HIGH,80,READY,2026-01-11 12:42:10,,,,,,,,,,,Y
547,ATS,,OPERATIONS LOCATION BUILDING,DFAS-ROCK ISLAND-HQ0303,"OPERATIONS LOCATION, BLD 68",,ROCK ISLAND,IL,61299-8300,,,,,,,,,,,,,,Y,,OPERATIONS LOCATION BUILDING,OPERATIONS LOCATION BLD 68,,DFAS-ROCK ISLAND-HQ0303,,ROCK ISLAND,IL,61299-8300,US,LOW,100,REVIEW,NaT,,,,,,,,,,,Y
548,ATS,,D.G. MARCH ASSOCIATES,,,,,,,,,,,,,,,,,,,,Y,,DG MARCH ASSOCIATES,,,,,,,,US,LOW,20,INVALID,NaT,,,,,,,,,,,Y
549,ATS,,DHA & COMPANY,4800 HAMPDEN LANE,SUITE 310,,BETHESDA,MD,20814,,,,,,,,,,,,,,Y,,DHA & COMPANY,4800 HAMPDEN LN,,STE #310,,BETHESDA,MD,20814,US,HIGH,80,READY,2026-01-11 12:42:15,,,,,,,,,,,Y
550,ATS,,DIGITAL RECEIVER TECHNOLOGY,12409 MILESTONE CENTER DRIVE,EMAIL INVOICES,,GERMANTOWN,MD,20876,,,,,,,,,,,,,,Y,,DIGITAL RECEIVER TECHNOLOGY,12409 MILESTONE CT DR,,,,GERMANTOWN,MD,20876,US,HIGH,80,READY,2026-01-11 12:42:17,,,,,,,,,,,Y
551,ATS,,DIME DISTRIBUTORS,14 NORTH CAREY STREET,SUITE 103,,BALTIMORE,MD,21223,,,,,,,,,,,,,,Y,,DIME DISTRIBUTORS,14 N CAREY ST,,STE #103,,BALTIMORE,MD,21223,US,HIGH,80,READY,2026-01-11 12:42:18,,,,,,,,,,,Y
552,ATS,,DIRECT AIR SYSTEMS,5650 AKRON CLEVELAND ROAD,,,HUDSON,OH,44236,,,,,,,,,,,,,,Y,,DIRECT AIR SYSTEMS,5650 AKRON CLEVELAND RD,,,,HUDSON,OH,44236,US,MEDIUM,100,REVIEW,NaT,,,,,,,,,,,Y
553,ATS,,"DISTECH CONTROLS, INC.",4205 PLACE DE JAVA,,,BROSSARD,QC,J4Y 0C4,,,,,,,,,,,,,,Y,,DISTECH CONTROLS INC,4205 PL DE JAVA,,,,BROSSARD,QC,00404,CA,MEDIUM,100,REVIEW,NaT,,,,,,,,,,,Y
554,ATS,,"DISTRICT PHOTO, INC","10501 Rhode Island Ave,",,,BELTSVILLE,MD,20705,,,,,,,,,,,,,,Y,,DISTRICT PHOTO INC,10501 RHODE ISLAND AVE,,,,BELTSVILLE,MD,20705,US,HIGH,80,READY,2026-01-11 12:42:24,,,,,,,,,,,Y
555,ATS,,"DISTRICT PHOTO, INC",10501 Rhode Island Ave,,,BELTSVILLE,MD,20705,,,,,,,,,,,,,,Y,,DISTRICT PHOTO INC,10501 RHODE ISLAND AVE,,,,BELTSVILLE,MD,20705,US,HIGH,80,READY,2026-01-11 12:42:26,,,,,,,,,,,Y
556,ATS,,DITTMAR COMPANY,"8321 OLD COURTHOUSE RD., SUITE 300",EMAIL INVOICES,,VIENNA,VA,22182,,,,,,,,,,,,,,Y,,DITTMAR COMPANY,8321 OLD CTHOUSE RD,,STE #300,,VIENNA,VA,22182,US,HIGH,80,READY,2026-01-11 12:42:27,,,,,,,,,,,Y
557,ATS,,"DIVISION 16, INC",45945 TREFOIL LANE,SUITE 151,,STERLING,VA,20166,,,,,,,,,,,,,,Y,,DIVISION 16 INC,45945 TREFOIL LN,,STE #151,,STERLING,VA,20166,US,HIGH,80,READY,2026-01-11 12:42:29,,,,,,,,,,,Y
558,ATS,,DLD MECHANICAL SERVICES,11444 GLEN ARM RD,,,GLEN ARM,MD,21057,,,,,,,,,,,,,,Y,,DLD MECHANICAL SERVICES,11444 GLEN ARM RD,,,,GLEN ARM,MD,21057,US,HIGH,80,READY,2026-01-11 12:42:30,,,,,,,,,,,Y
559,ATS,,DMCA,2110 W. DIVISION STREET,,,ARLINGTON,TX,76012,,,,,,,,,,,,,,Y,,DMCA,2110 W DIVISION ST,,,,ARLINGTON,TX,76012,US,HIGH,80,READY,2026-01-11 12:42:32,,,,,,,,,,,Y
560,ATS,,"DMR ASSOCIATES, INC",15892-B GAITHER DRIVE,,,GAITHERSBURG,MD,20879,,,,,,,,,,,,,,Y,,DMR ASSOCIATES INC,15892-B GAITHER DR,,,,GAITHERSBURG,MD,20879,US,MEDIUM,100,REVIEW,NaT,,,,,,,,,,,Y
561,ATS,,DOMINION COVE POINT,2100 COVE POINT ROAD,,,LUSBY,MD,20657,,,,,,,,,,,,,,Y,,DOMINION COVE POINT,2100 COVE POINT RD,,,,LUSBY,MD,20657,US,HIGH,80,READY,2026-01-11 12:42:35,,,,,,,,,,,Y
562,ATS,,DOMINION ELECTRIC SUPPLY BALTIMORE,ACCOUNT CLOSED,,,BALTIMORE,MD,21227,,,,,,,,,,,,,,Y,,DOMINION ELECTRIC SUPPLY BALTIMORE,,,,,BALTIMORE,MD,21227,US,HIGH,84,READY,2026-01-11 12:42:37,,,,,,,,,,,Y
563,ATS,,"DOMINION ELECTRIC SUPPLY CO., INC.",5053 LEE HIGHWAY,,,ARLINGTON,VA,22207,,,,,,,,,,,,,,Y,,DOMINION ELECTRIC SUPPLY CO INC,5053 LEE HWY,,,,ARLINGTON,VA,22207,US,HIGH,80,READY,2026-01-11 12:42:38,,,,,,,,,,,Y
564,ATS,,DOMINION MECHANICAL -email,5265 PORT ROYAL ROAD,SUITE 100,,SPRINGFIELD,VA,22151,,,,,,,,,,,,,,Y,,DOMINION MECHANICAL,5265 PORT ROYAL RD,,STE #100,,SPRINGFIELD,VA,22151,US,MEDIUM,100,REVIEW,NaT,,,,,,,,,,,Y
565,ATS,,"DONLEY CONSTRUCTION, LLC",716 SOUTH PHILADELPHIA BLVD,,,ABERDEEN,MD,21001,,,,,,,,,,,,,,Y,,DONLEY CONSTRUCTION LLC,716 S PHILADELPHIA BLVD,,,,ABERDEEN,MD,21001,US,HIGH,80,READY,2026-01-11 12:42:42,,,,,,,,,,,Y
566,ATS,,DOVER ELECTRIC SUPPLY CO.,1631 S. DUPONT HIGHWAY,,,DOVER,DE,19901,,,,,,,,,,,,,,Y,,DOVER ELECTRIC SUPPLY CO,1631 S DUPONT HWY,,,,DOVER,DE,19901,US,HIGH,80,READY,2026-01-11 12:42:43,,,,,,,,,,,Y
567,ATS,,"DOWDY AND ASSOCIATES, INC.",149 WEST VALLEY AVENUE,,,BIRMINGHAM,AL,35209,,,,,,,,,,,,,,Y,,DOWDY & ASSOCIATES INC,149 W VALLEY AVE,,,,BIRMINGHAM,AL,35209,US,HIGH,80,READY,2026-01-11 12:42:45,,,,,,,,,,,Y
568,ATS,,DOWN DOG YOGA GEORGETOWN,1229 34TH STREET NORTHWEST,,,WASHINGTON,DC,20007,,,,,,,,,,,,,,Y,,DOWN DOG YOGA GEORGETOWN,1229 34TH ST NW,,,,WASHINGTON,DC,20007,US,HIGH,80,READY,2026-01-11 12:42:47,,,,,,,,,,,Y
569,ATS,,DOYLE SYSTEMS,10610 IRON BRIDGE RD,EMAIL INVOICES,,JESSUP,MD,20794,,,,,,,,,,,,,,Y,,DOYLE SYSTEMS,10610 IRON BRIDGE RD,,,,JESSUP,MD,20794,US,HIGH,80,READY,2026-01-11 12:42:48,,,,,,,,,,,Y
570,ATS,,DPR CONSTRUCTION,"315 EAST ROBINSON ST., SUITE 100",,,ORLANDO,FL,32801,,,,,,,,,,,,,,Y,,DPR CONSTRUCTION,315 E ROBINSON ST,,STE #100,,ORLANDO,FL,32801,US,HIGH,80,READY,2026-01-11 12:42:50,,,,,,,,,,,Y
571,ATS,,DIRECTORATE OF PUBLIC WORKS,347 TOWER RD,,,ABERDEEN PROVING GRN,MD,21005,,,,,,,,,,,,,,Y,,DIRECTORATE OF PUBLIC WORKS,347 TOWER RD,,,,ABERDEEN PROVING GRN,MD,21005,US,MEDIUM,100,REVIEW,NaT,,,,,,,,,,,Y
572,ATS,,DR. JERRY RADAS,7625 MAPLE LAWN BLVD,SUITE 160,,FULTON,MD,20759,,,,,,,,,,,,,,Y,,DR JERRY RADAS,7625 MAPLE LAWN BLVD,,STE #160,,FULTON,MD,20759,US,HIGH,80,READY,2026-01-11 12:42:53,,,,,,,,,,,Y
573,ATS,,DRYOMATIC,7924 RECO AVE,,,BATON ROUGE,LA,70814,,,,,,,,,,,,,,Y,,DRYOMATIC,7924 RECO AVE,,,,BATON ROUGE,LA,70814,US,HIGH,80,READY,2026-01-11 12:42:55,,,,,,,,,,,Y
574,ATS,,"DUBOIS CONSTRUCTION, INC",7126 DOGWOOD RD,,,WINDSOR MILL,MD,21244,,,,,,,,,,,,,,Y,,DUBOIS CONSTRUCTION INC,7126 DOGWOOD RD,,,,WINDSOR MILL,MD,21244,US,HIGH,80,READY,2026-01-11 12:42:56,,,,,,,,,,,Y
575,ATS,,DULLES ELECTRICAL SUPPLY,22570 SHAW ROAD,SUITE 150,,STERLING,VA,20166,,,,,,,,,,,,,,Y,,DULLES ELECTRICAL SUPPLY,22570 SHAW RD,,STE #150,,STERLING,VA,20166,US,HIGH,80,READY,2026-01-11 12:42:58,,,,,,,,,,,Y
576,ATS,,DUNCAN SUPPLY COMPANY,PO BOX 441280,,,INDIANAPOLIS,IA,46244,,,,,,,,,,,,,,Y,,DUNCAN SUPPLY COMPANY,PO BOX 441280,,,,INDIANAPOLIS,IA,46244,US,MEDIUM,70,REVIEW,NaT,,,,,,,,,,,Y
577,ATS,,"DUPONT SPECIALTY PRODUCTS USA, LLC",ATTN: ACCOUNTS PAYABLE DEPARTMENT,P.O. BOX 80040,,WILMINGTON,DE,19880-0040,,,,,,,,,,,,,,Y,,DUPONT SPECIALTY PRODUCTS USA LLC,PO BOX 80040,,,,WILMINGTON,DE,19880-0040,US,MEDIUM,70,REVIEW,NaT,,,,,,,,,,,Y
578,ATS,,DUPONT FABROS - NJ,NXS#: ADVTHE - NJ1,P.O. BOX 7643,,MERRIFIELD,VA,22116,,,,,,,,,,,,,,Y,,DUPONT FABROS,PO BOX 7643,,NXS#: ADVTHE - NJ1,,MERRIFIELD,VA,22116,US,MEDIUM,70,REVIEW,NaT,,,,,,,,,,,Y
579,ATS,,DIGITAL REALITY- VA4/ACC4,BB#00-v0003844-p700301,PO BOX 82612 - EMAIL,,GOLETA,CA,93118-2612,,,,,,,,,,,,,,Y,,FOX PROPERTIES LLC,PO BOX 82612,,DIGITAL REALITY,,GOLETA,CA,93118-2612,US,MEDIUM,70,REVIEW,NaT,,,,,,,,,,,Y
580,ATS,,ACC3 - DFT DATA CENTERS,DIGITAL REALITY,PO BOX 82612 - EMAIL,,GOLETA,CA,93118-2612,,,,,,,,,,,,,,Y,,ACC3 - DFT DATA CENTERS,PO BOX 82612,,DIGITAL REALITY,,GOLETA,CA,93118-2612,US,MEDIUM,70,REVIEW,NaT,,,,,,,,,,,Y
581,ATS,,"FOX PROPERTIES, LLC (ACC6)",DIGITAL REALITY-EMAIL,PO BOX 82612,,GOLETA,CA,93118-2612,,,,,,,,,,,,,,Y,,FOX PROPERTIES LLC,PO BOX 82612,,DIGITAL REALITY,,GOLETA,CA,93118-2612,US,MEDIUM,70,REVIEW,NaT,,,,,,,,,,,Y
582,ATS,,"FOX PROPERTIES, LLC (ACC5)",DIGITAL REALITY,PO BOX 82612 - EMAIL,,GOLETA,CA,93118-2612,,,,,,,,,,,,,,Y,,FOX PROPERTIES LLC,PO BOX 82612,,DIGITAL REALITY,,GOLETA,CA,93118-2612,US,MEDIUM,70,REVIEW,NaT,,,,,,,,,,,Y
583,ATS,,DUPONT FABROS TECHNOLOGY,BB# 00-v0003844-p701101,PO BOX 82612 - EMAIL,,GOLETA,CA,93118-2612,,,,,,,,,,,,,,Y,,DUPONT FABROS TECHNOLOGY,PO BOX 82612,,DIGITAL REALITY,,GOLETA,CA,93118-2612,US,MEDIUM,70,REVIEW,NaT,,,,,,,,,,,Y
584,ATS,,"DUSTIN CONSTRUCTION, INC.",2510 URBANA PIKE,SUITE 201,,IJAMSVILLE,MD,21754,,,,,,,,,,,,,,Y,,DUSTIN CONSTRUCTION INC,2510 URBANA PIKE,,STE #201,,IJAMSVILLE,MD,21754,US,HIGH,80,READY,2026-01-11 12:43:00,,,,,,,,,,,Y
585,ATS,,"DVORAK, LLC",2700 NORTH POINT BLVD,,,BALTIMORE,MD,21222,,,,,,,,,,,,,,Y,,DVORAK LLC,2700 N POINT BLVD,,,,BALTIMORE,MD,21222,US,HIGH,80,READY,2026-01-11 12:43:01,,,,,,,,,,,Y
586,ATS,,"DW SOLUTIONS, LLC",5645U GENERAL WASHINGTON DRIVE,EMAIL INVOICE,,ALEXANDRIA,VA,22312,,,,,,,,,,,,,,Y,,DW SOLUTIONS LLC,5645U GENERAL WASHINGTON DR,,,,ALEXANDRIA,VA,22312,US,MEDIUM,100,REVIEW,NaT,,,,,,,,,,,Y
587,ATS,,DYNALECTRIC COMPANY,"22930 SHAW ROAD, SUITE 100",EMAIL INVOICES,,DULLES,VA,20166,,,,,,,,,,,,,,Y,,DYNALECTRIC COMPANY,22930 SHAW RD,,STE #100,,DULLES,VA,20166,US,MEDIUM,100,REVIEW,NaT,,,,,,,,,,,Y
588,ATS,,DYNAMIC AIR QUALITY,PO BOX 1258,,,PRINCETION,NJ,08542,,,,,,,,,,,,,,Y,,DYNAMIC AIR QUALITY,PO BOX 1258,,,,PRINCETION,NJ,08542,US,MEDIUM,70,REVIEW,NaT,,,,,,,,,,,Y
589,ATS,,DYNAMIC MECHANICAL CONTRACTORS,"11160 VEIRS MILL RD., STE LLH-18 #240",EMAIL INVOICES,,WHEATON,MD,20902,,,,,,,,,,,,,,Y,,DYNAMIC MECHANICAL CONTRACTORS,11160 VEIRS MILL RD,,STE LLH-18 #240,,WHEATON,MD,20902,US,HIGH,80,READY,2026-01-11 12:43:06,,,,,,,,,,,Y
590,ATS,,DYNASTICS,9351 PHILADELPHIA ROAD,SUITE J,,BALTIMORE,MD,21237,,,,,,,,,,,,,,Y,,DYNASTICS,9351 PHILADELPHIA RD,,STE #J,,BALTIMORE,MD,21237,US,HIGH,80,READY,2026-01-11 12:43:08,,,,,,,,,,,Y
591,ATS,,DYNATEMP,12059 TECH ROAD,,,SILVER SPRING,MD,20904,,,,,,,,,,,,,,Y,,DYNATEMP,12059 TECH RD,,,,SILVER SPRING,MD,20904,US,MEDIUM,100,REVIEW,NaT,,,,,,,,,,,Y
592,ATS,,"E. C. ERNST, INC",132 LOG CANOE CIRCLE,,,STEVENSVILLE,MD,21666,,,,,,,,,,,,,,Y,,E C ERNST INC,132 LOG CANOE CIR,,,,STEVENSVILLE,MD,21666,US,HIGH,80,READY,2026-01-11 12:43:11,,,,,,,,,,,Y
593,ATS,,EAGLE ENGINEERING,8869 CITATION ROAD,,,BALTIMORE,MD,21221,,,,,,,,,,,,,,Y,,EAGLE ENGINEERING,8869 CITATION RD,,,,BALTIMORE,MD,21221,US,HIGH,80,READY,2026-01-11 12:43:13,,,,,,,,,,,Y
594,ATS,,"EAST COAST MECHANICAL, LLC","4471 MACARTHUR BLVD., NW",SUITE 104,,WASHINGTON,DC,20007,,,,,,,,,,,,,,Y,,EAST COAST MECHANICAL LLC,4471 MACARTHUR BLVD NW,,STE #104,,WASHINGTON,DC,20007,US,HIGH,80,READY,2026-01-11 12:43:14,,,,,,,,,,,Y
595,ATS,,EAST COAST PLUMBING,2523 N SALISBURY BLVD,SUITE A,,SALISBURY,MD,21801,,,,,,,,,,,,,,Y,,EAST COAST PLUMBING,2523 N SALISBURY BLVD,,STE #A,,SALISBURY,MD,21801,US,HIGH,80,READY,2026-01-11 12:43:16,,,,,,,,,,,Y
596,ATS,,"EASTERN HVAC CONTROLS, LLC",19017 PARTRIDGE WOOD DR,,,GERMANTOWN,MD,20874,,,,,,,,,,,,,,Y,,EASTERN HVAC CONTROLS LLC,19017 PARTRIDGE WOOD DR,,,,GERMANTOWN,MD,20874,US,HIGH,80,READY,2026-01-11 12:43:18,,,,,,,,,,,Y
597,ATS,,EASTERN SHORE MEDICAL CENTER,PO BOX 800,,,CAMBRIDGE,MD,21613,,,,,,,,,,,,,,Y,,EASTERN SHORE MEDICAL CENTER,PO BOX 800,,,,CAMBRIDGE,MD,21613,US,MEDIUM,70,REVIEW,NaT,,,,,,,,,,,Y
598,ATS,,"EASTERN TECHNICAL, INC.",P.O. BOX 308,EMAIL INVOICE,,PORT DEPOSIT,MD,21904,,,,,,,,,,,,,,Y,,EASTERN TECHNICAL INC,PO BOX 308,,,,PORT DEPOSIT,MD,21904,US,MEDIUM,70,REVIEW,NaT,,,,,,,,,,,Y
599,ATS,,"EBL ENGINEERS, LLC",8005 HARFORD ROAD,#A,,BALTIMORE,MD,21234,,,,,,,,,,,,,,Y,,EBL ENGINEERS LLC,8005 HARFORD RD,,#A,,BALTIMORE,MD,21234,US,HIGH,80,READY,2026-01-11 12:43:19,,,,,,,,,,,Y
600,ATS,,EBTRON COMMISSION,1663 HIGHWAY 701 SOUTH,,,LORIS,SC,29569,,,,,,,,,,,,,,Y,,EBTRON COMMISSION,1663 HWY 701 S,,,,LORIS,SC,29569,US,MEDIUM,100,REVIEW,NaT,,,,,,,,,,,Y
601,ATS,,ED STEELE,85 SOUTH VIEW DRIVE,,,HUNTINGTOWN,MD,20639,,,,,,,,,,,,,,Y,,ED STEELE,85 S VIEW DR,,,,HUNTINGTOWN,MD,20639,US,HIGH,80,READY,2026-01-11 12:43:23,,,,,,,,,,,Y
602,ATS,,EDDIE SMITH,607 CASEY PLACE,,,FREDERICKSBURG,VA,22407,,,,,,,,,,,,,,Y,,EDDIE SMITH,607 CASEY PL,,,,FREDERICKSBURG,VA,22407,US,MEDIUM,100,REVIEW,NaT,,,,,,,,,,,Y
603,ATS,,EDENWALD RETIREMENT HOME,800 SOUTHERLY RD,,,TOWSON,MD,21286,,,,,,,,,,,,,,Y,,EDENWALD RETIREMENT HOME,800 SERLY RD,,,,TOWSON,MD,21286,US,HIGH,80,READY,2026-01-11 12:43:26,,,,,,,,,,,Y
604,ATS,,EDGEWOOD ARSENAL,USA RDECOM AMSRD-ECB-CB-L/E517,5183 BLACKWAWK RD,,APG,MD,21010-5424,,,,,,,,,,,,,,Y,,EDGEWOOD ARSENAL,5183 BLACKWAWK RD,,USA RDECOM AMSRD-ECB-CB-L/E517,,APG,MD,21010-5424,US,MEDIUM,100,REVIEW,NaT,,,,,,,,,,,Y
605,ATS,,EDVARD VITKAUSKAS,ED FITZPATRICK,701 SAINT PAUL STREET,,BALTIMORE,MD,21202,,,,,,,,,,,,,,Y,,EDVARD VITKAUSKAS,701 SAINT PAUL ST,,,,BALTIMORE,MD,21202,US,HIGH,80,READY,2026-01-11 12:43:30,,,,,,,,,,,Y
606,ATS,,"EESCO PUMP & VALVE, INC.",PO BOX 4426,,,BALTIMORE,MD,21223,,,,,,,,,,,,,,Y,,EESCO PUMP & VALVE INC,PO BOX 4426,,,,BALTIMORE,MD,21223,US,MEDIUM,70,REVIEW,NaT,,,,,,,,,,,Y
607,ATS,,EJ BUILDING DESIGN,133 TWO TAVERNS ROAD,,,LITTLESTOWN,PA,17340,,,,,,,,,,,,,,Y,,EJ BUILDING DESIGN,133 TWO TAVERNS RD,,,,LITTLESTOWN,PA,17340,US,MEDIUM,100,REVIEW,NaT,,,,,,,,,,,Y
608,ATS,,"E. J.  VARHOLY & SONS, INC.",6710-F RITCHIE HIGHWAY #429,,,GLEN BURNIE,MD,21061,,,,,,,,,,,,,,Y,,E J VARHOLY & SONS INC,6710-F RITCHIE HWY #429,,,,GLEN BURNIE,MD,21061,US,HIGH,80,READY,2026-01-11 12:43:33,,,,,,,,,,,Y
609,ATS,,ELBOW BEACH CONDO ASSOCIATION,7526 HARFORD ROAD,,,BALTIMORE,MD,21234,,,,,,,,,,,,,,Y,,ELBOW BEACH CONDO ASSOCIATION,7526 HARFORD RD,,,,BALTIMORE,MD,21234,US,HIGH,80,READY,2026-01-11 12:43:34,,,,,,,,,,,Y
610,ATS,,ELECTRIC ADVANTAGE,1084 TAFT STREET,,,ROCKVILLE,MD,20850,,,,,,,,,,,,,,Y,,ELECTRIC ADVANTAGE,1084 TAFT ST,,,,ROCKVILLE,MD,20850,US,HIGH,80,READY,2026-01-11 12:43:36,,,,,,,,,,,Y
611,ATS,,"ELECTRICAL AUTOMATION SERVICES, INC",3410 MOUNTAIN ROAD,EMAIL INVOICES,,PASADENA,MD,21122,,,,,,,,,,,,,,Y,,ELECTRICAL AUTOMATION SERVICES INC,3410 MOUNTAIN RD,,,,PASADENA,MD,21122,US,HIGH,80,READY,2026-01-11 12:43:37,,,,,,,,,,,Y
612,ATS,,"ELECTRICAL DESIGN, INC. -EMAIL",3507 METROPOLITAN COURT,UNIT M,,FREDERICK,MD,21704,,,,,,,,,,,,,,Y,,ELECTRICAL DESIGN INC,3507 METROPOLITAN CT,,UNIT M,,FREDERICK,MD,21704,US,HIGH,80,READY,2026-01-11 12:43:39,,,,,,,,,,,Y
613,ATS,,"ELECTRICO, INC.",1300 RACQUET ROAD,EMAIL INVOICES,,BALTIMORE,MD,21209,,,,,,,,,,,,,,Y,,ELECTRICO INC,1300 RACQUET RD,,,,BALTIMORE,MD,21209,US,HIGH,80,READY,2026-01-11 12:43:41,,,,,,,,,,,Y
614,ATS,,ELECTRO STATIC TECHNOLOGY-ITW,31 WINTERBROOK ROAD,,,MECHANIC FALLS,ME,04256-5724,,,,,,,,,,,,,,Y,,ELECTRO STATIC TECHNOLOGY-ITW,31 WINTERBROOK RD,,,,MECHANIC FALLS,ME,04256-5724,US,HIGH,80,READY,2026-01-11 12:43:42,,,,,,,,,,,Y
615,ATS,,ELECTRONIC INSTRUMENTATION AND TECH,309 KELLY'S FORD PLAZA SE,,,LEESBURG,VA,20175,,,,,,,,,,,,,,Y,,ELECTRONIC INSTRUMENTATION & TECH,309 KELLY'S FORD PLAZA SE,,,,LEESBURG,VA,20175,US,MEDIUM,100,REVIEW,NaT,,,,,,,,,,,Y
616,ATS,,ELIAS AND SONS PLUMBING LLC,EMAIL INVOICE,8615 QUARRY RD,,MANASSAS,VA,20110,,,,,,,,,,,,,,Y,,ELIAS & SONS PLUMBING LLC,8615 QUARRY RD,,,,MANASSAS,VA,20110,US,HIGH,80,READY,2026-01-11 12:43:46,,,,,,,,,,,Y
617,ATS,,ELIZABETH ODOM,"3211 TENNYSON STREET, NW",,,WASHINGTON,DC,20015,,,,,,,,,,,,,,Y,,ELIZABETH ODOM,3211 TENNYSON ST NW,,,,WASHINGTON,DC,20015,US,HIGH,80,READY,2026-01-11 12:43:47,,,,,,,,,,,Y
618,ATS,,ELLIOTT'S MECHANICAL,,,,,,,,,,,,,,,,,,,,Y,,ELLIOTT'S MECHANICAL,,,,,,,,US,LOW,20,INVALID,NaT,,,,,,,,,,,Y
619,ATS,,ELLIS CONTRACTING,4010 MORENA BLVD.,SUITE 210,,SAN DIEGO,CA,92117,,,,,,,,,,,,,,Y,,ELLIS CONTRACTING,4010 MORENA BLVD,,STE #210,,SAN DIEGO,CA,92117,US,HIGH,80,READY,2026-01-11 12:43:50,,,,,,,,,,,Y
620,ATS,,"EMBARQ SOLUTIONS, LLC","1227 GOOD HOPE ROAD, SUITE 101",EMAIL INVOICES,,WASHINGTON,DC,20020,,,,,,,,,,,,,,Y,,EMBARQ SOLUTIONS LLC,1227 GOOD HOPE RD,,STE #101,,WASHINGTON,DC,20020,US,MEDIUM,100,REVIEW,NaT,,,,,,,,,,,Y
621,ATS,,EMBASSY OF PORTUGAL,"2012 MASSACHUSETTS AVE, NW",,,WASHINGTON,DC,20036,,,,,,,,,,,,,,Y,,EMBASSY OF PORTUGAL,2012 MASSACHUSETTS AVE NW,,,,WASHINGTON,DC,20036,US,HIGH,80,READY,2026-01-11 12:43:55,,,,,,,,,,,Y
622,ATS,,EMCOR FACILITIES,195 CHESAPEAKE PARK PLAZA,,,MIDDLE RIVER,MD,21220,,,,,,,,,,,,,,Y,,EMCOR FACILITIES,195 CHESAPEAKE PARK PLAZA,,,,MIDDLE RIVER,MD,21220,US,HIGH,80,READY,2026-01-11 12:43:56,,,,,,,,,,,Y
623,ATS,,EMCOR GOVERNMENT SERVICES - EMAIL,6363 WALKER LANE,SUITE 600,,ALEXANDRIA,VA,22310,,,,,,,,,,,,,,Y,,EMCOR GOVERNMENT SERVICES,6363 WALKER LN,,STE #600,,ALEXANDRIA,VA,22310,US,HIGH,80,READY,2026-01-11 12:43:58,,,,,,,,,,,Y
624,ATS,,EMCOR SERVICES,ACCOUNTS PAYABLE SPECIALITST,643 LOFTSTRAND LANE,,ROCKVILLE,MD,20850,,,,,,,,,,,,,,Y,,EMCOR SERVICES,643 LOFTSTRAND LN,,,,ROCKVILLE,MD,20850,US,MEDIUM,100,REVIEW,NaT,,,,,,,,,,,Y
625,ATS,,EMERGENT BIOSOLUTIONS,3500 N. MARTIN LUTHER KING JR.,BLVD - EMAIL,,LANSING,MI,48906,,,,,,,,,,,,,,Y,,EMERGENT BIOSOLUTIONS,3500 N MARTIN LUTHER KING JR,,BLVD,,LANSING,MI,48906,US,HIGH,80,READY,2026-01-11 12:44:01,,,,,,,,,,,Y
626,ATS,,EMERGENT MANUFACTURING OPERATIONS BALTI,400 PROFESSIONAL DR,SUITE 400,,GAITHERSBURG,MD,20879,,,,,,,,,,,,,,Y,,EMERGENT MANUFACTURING OPERATIONS BALTI,400 PROFESSIONAL DR,,STE #400,,GAITHERSBURG,MD,20879,US,HIGH,80,READY,2026-01-11 12:44:03,,,,,,,,,,,Y
627,ATS,,EMI SERVICES/TECHFLOW,47381 EMORY ROAD,BLDG 589 - EMAIL INVOICES,,NAS PATUXENT RIVER,MD,20670,,,,,,,,,,,,,,Y,,EMI SERVICES/TECHFLOW,47381 EMORY RD,,BLDG 589,,NAS PATUXENT RIVER,MD,20670,US,MEDIUM,100,REVIEW,NaT,,,,,,,,,,,Y
628,ATS,,EMJAY ENGINEERING,1706 WHITEHEAD ROAD,EMAIL INVOICES,,BALTIMORE,MD,21207,,,,,,,,,,,,,,Y,,EMJAY ENGINEERING,1706 WHITEHEAD RD,,,,BALTIMORE,MD,21207,US,HIGH,80,READY,2026-01-11 12:44:06,,,,,,,,,,,Y
629,ATS,,EMR,5415-B BACKLICK ROAD,,,SPRINGFIELD,VA,22151,,,,,,,,,,,,,,Y,,EMR,5415-B BACKLICK RD,,,,SPRINGFIELD,VA,22151,US,HIGH,80,READY,2026-01-11 12:44:08,,,,,,,,,,,Y
630,ATS,,EMR- ELECTRIC MOTOR REPAIRS CO,9100 YELLOW BRICK RD,SUITE H  - EMAIL,,ROSEDALE,MD,21237,,,,,,,,,,,,,,Y,,EMR- ELECTRIC MOTOR REPAIRS CO,9100 YELLOW BRICK RD,,STE #H,,ROSEDALE,MD,21237,US,HIGH,80,READY,2026-01-11 12:44:09,,,,,,,,,,,Y
631,ATS,,ELECTRO MECHINICAL SALES COMPANY,8529 MUSCATELLO CT,,,GAITHERSBURG,MD,20877,,,,,,,,,,,,,,Y,,ELECTRO MECHINICAL SALES COMPANY,8529 MUSCATELLO CT,,,,GAITHERSBURG,MD,20877,US,MEDIUM,100,REVIEW,NaT,,,,,,,,,,,Y
632,ATS,,EMTECH,14821 CHERRYDALE DRIVE,,,WOODBRIDGE,VA,22193,,,,,,,,,,,,,,Y,,EMTECH,14821 CHERRYDALE DR,,,,WOODBRIDGE,VA,22193,US,HIGH,80,READY,2026-01-11 12:44:13,,,,,,,,,,,Y
633,ATS,,"ENCON GROUP, INC.",630 EAST DIAMOND AVENUE,SUITE F,,GAITHERSBURG,MD,20877,,,,,,,,,,,,,,Y,,ENCON GROUP INC,630 E DIAMOND AVE,,STE #F,,GAITHERSBURG,MD,20877,US,HIGH,80,READY,2026-01-11 12:44:14,,,,,,,,,,,Y
634,ATS,,ENERGESCO MECHANICAL,1000 CAMERON STREET,EMAIL INVOICES,,ALEXANDRIA,VA,22314,,,,,,,,,,,,,,Y,,ENERGESCO MECHANICAL,1000 CAMERON ST,,,,ALEXANDRIA,VA,22314,US,HIGH,80,READY,2026-01-11 12:44:16,,,,,,,,,,,Y
635,ATS,,ENERGY TRANSFER SOLUTIONS,1220 WARD AVENUE,SUITE 300 - EMAIL,,WEST CHESTER,PA,19380,,,,,,,,,,,,,,Y,,ENERGY TRANSFER SOLUTIONS,1220 WARD AVE,,STE #300,,WEST CHESTER,PA,19380,US,HIGH,80,READY,2026-01-11 12:44:17,,,,,,,,,,,Y
636,ATS,,ENGILITY CORPORATION,11000 COMMERCE PARKWAY,ATTN: ACCOUNTS PAYABLE,,MT. LAUREL,NJ,08054,,,,,,,,,,,,,,Y,,ENGILITY CORPORATION,11000 COMMERCE PKWY,,ATTN: ACCOUNTS PAYABLE,,MT LAUREL,NJ,08054,US,HIGH,80,READY,2026-01-11 12:44:19,,,,,,,,,,,Y
637,ATS,,"ENGINEERED SERVICES, INC",43670 TRADE CENTER PLACE,SUITE 100,,STERLING,VA,20166,,,,,,,,,,,,,,Y,,ENGINEERED SERVICES INC,43670 TRADE CT PL,,STE #100,,STERLING,VA,20166,US,MEDIUM,100,REVIEW,NaT,,,,,,,,,,,Y
638,ATS,,"GERALD P BRAWNER, INC DBA ENGINEERS OUT","1048 29TH STREET, NW",EMAIL INVOICES,,WASHINGTON,DC,20007,,,,,,,,,,,,,,Y,,GERALD P BRAWNER INC DBA ENGINEERS OUT,1048 29TH ST NW,,,,WASHINGTON,DC,20007,US,HIGH,80,READY,2026-01-11 12:44:23,,,,,,,,,,,Y
639,ATS,,ENTERPRISE ELECTRIC CO.,4204 SHANNON DRIVE,,,BALTIMORE,MD,21213,,,,,,,,,,,,,,Y,,ENTERPRISE ELECTRIC CO,4204 SHANNON DR,,,,BALTIMORE,MD,21213,US,HIGH,80,READY,2026-01-11 12:44:25,,,,,,,,,,,Y
640,ATS,,ENVIRO-TEK SERVICES,PO BOX 159,,,HIGHLAND,MD,20777,,,,,,,,,,,,,,Y,,ENVIRO-TEK SERVICES,PO BOX 159,,,,HIGHLAND,MD,20777,US,MEDIUM,70,REVIEW,NaT,,,,,,,,,,,Y
641,ATS,,ENVIROCON ASSOCIATES,8314 HARFORD ROAD,,,BALTIMORE,MD,21234,,,,,,,,,,,,,,Y,,ENVIROCON ASSOCIATES,8314 HARFORD RD,,,,BALTIMORE,MD,21234,US,HIGH,80,READY,2026-01-11 12:44:26,,,,,,,,,,,Y
642,ATS,,"ENVIROMENTAL & POWER SERVICES, INC.",5405-D PORT ROYAL ROAD,EMAIL INVOICE,,SPRINGFIELD,VA,22151,,,,,,,,,,,,,,Y,,ENVIROMENTAL & POWER SERVICES INC,5405-D PORT ROYAL RD,,,,SPRINGFIELD,VA,22151,US,MEDIUM,100,REVIEW,NaT,,,,,,,,,,,Y
643,ATS,,"ENVIRONMENTAL OPERATING SYSTEMS, INC",511 4TH STREET,,,LAUREL,MD,20707,,,,,,,,,,,,,,Y,,ENVIRONMENTAL OPERATING SYSTEMS INC,511 4TH ST,,,,LAUREL,MD,20707,US,HIGH,80,READY,2026-01-11 12:44:30,,,,,,,,,,,Y
644,ATS,,ENVIRONMENTAL AIR SYSTEMS,P.O. BOX 13006,,,GREENSBORO,NC,27415-3006,,,,,,,,,,,,,,Y,,ENVIRONMENTAL AIR SYSTEMS,PO BOX 13006,,,,GREENSBORO,NC,27415-3006,US,MEDIUM,70,REVIEW,NaT,,,,,,,,,,,Y
645,ATS,,"Environmental Mechanical Services, Inc.",10819 Williamson Lane,,,Cockeysville,MD,21030,,,,,,,,,,,,,,Y,,ENVIRONMENTAL MECHANICAL SERVICES INC,10819 WILLIAMSON LN,,,,COCKEYSVILLE,MD,21030,US,HIGH,80,READY,2026-01-11 12:44:31,,,,,,,,,,,Y
646,ATS,,ENVIROSMART,8600 SNOWDEN RIVER PKWY,SUITE 300 - EMAIL,,COLUMBIA,MD,21045,,,,,,,,,,,,,,Y,,ENVIROSMART,8600 SNOWDEN RIVER PKWY,,STE #300,,COLUMBIA,MD,21045,US,HIGH,80,READY,2026-01-11 12:44:33,,,,,,,,,,,Y
647,ATS,,Do not use - Southland Industries,21670 RIDGETOP CIRCLE,SUITE 100 - EMAIL,,STERLING,VA,20166,,,,,,,,,,,,,,Y,,SOUTHLAND INDUSTRIES,21670 RIDGETOP CIR,,STE #100,,STERLING,VA,20166,US,HIGH,80,READY,2026-01-11 12:44:34,,,,,,,,,,,Y
648,ATS,,"EPC SERVICE, INC",98-021 KAMEHAMEHA HWY,SUITE # 305  EMAIL INVOICE,,AIEA,HI,96786,,,,,,,,,,,,,,Y,,EPC SERVICE INC,98-021 KAMEHAMEHA HWY,,STE ## 305,,AIEA,HI,96786,US,HIGH,80,READY,2026-01-11 12:44:36,,,,,,,,,,,Y
649,ATS,,ENIVIROMENTAL & POWER SERVICES,5405-D PORT ROYAL ROAD,,,SPRINGFIELD,VA,22151,,,,,,,,,,,,,,Y,,ENIVIROMENTAL & POWER SERVICES,5405-D PORT ROYAL RD,,,,SPRINGFIELD,VA,22151,US,MEDIUM,100,REVIEW,NaT,,,,,,,,,,,Y
650,ATS,,EQUINIX INC.,EQUINIX -email invoice,302 KNIGHTS RUN AVE - STE 700,,TAMPA,FL,33602,,,,,,,,,,,,,,Y,,EQUINIX INC,302 KNIGHTS RUN AVE,,STE 700,,TAMPA,FL,33602,US,HIGH,80,READY,2026-01-11 12:44:39,,,,,,,,,,,Y
651,ATS,,ERICKSON CEDAR CREST,1 CEDAR CREST VILLAGE,,,POMPTON PLAINS,NJ,07444,,,,,,,,,,,,,,Y,,ERICKSON RETIREMENT COMMUNITIES,1 CEDAR CREST DR,,,,POMPTON PLAINS,NJ,07444,US,MEDIUM,100,REVIEW,NaT,,,,,,,,,,,Y
652,ATS,,ERICKSON LIVING MANAGEMENT,MAIL STOP -email,PO BOX 13600,,CATONSVILLE,MD,21228-0002,,,,,,,,,,,,,,Y,,ERICKSON LIVING MANAGEMENT,PO BOX 13600,,,,CATONSVILLE,MD,21228-0002,US,MEDIUM,70,REVIEW,NaT,,,,,,,,,,,Y
653,ATS,,ERICKSON GREENSPING VILLAGE,MAIL STOP 605-10340,P.O. BOX 13600,,CATONSVILLE,MD,21228,,,,,,,,,,,,,,Y,,ERICKSON GREENSPING VILLAGE,PO BOX 13600,,MAIL STOP 605-10340,,CATONSVILLE,MD,21228,US,MEDIUM,70,REVIEW,NaT,,,,,,,,,,,Y
654,ATS,,ERICKSON MARIS GROVE,MAIL STOP 612,P.O. BOX 13600,,CATONSVILLE,MD,21228,,,,,,,,,,,,,,Y,,ERICKSON MARIS GROVE,PO BOX 13600,,MAIL STOP 612,,CATONSVILLE,MD,21228,US,MEDIUM,70,REVIEW,NaT,,,,,,,,,,,Y
655,ATS,,ERICKSON RETIREMENT COMMUNITIES,MAIL STOP 62510340,PO BOX 13600,,CATONSVILLE,MD,21228,,,,,,,,,,,,,,Y,,ERICKSON RETIREMENT COMMUNITIES,PO BOX 13600,,MAIL STOP 62510340,,CATONSVILLE,MD,21228,US,MEDIUM,70,REVIEW,NaT,,,,,,,,,,,Y
656,ATS,,OAK CREST VILLAGE,MAIL STOP 603,P.O. BOX 13600,,CATONSVILLE,MD,21228,,,,,,,,,,,,,,Y,,OAK CREST VILLAGE,PO BOX 13600,,MAIL STOP 603,,CATONSVILLE,MD,21228,US,MEDIUM,70,REVIEW,NaT,,,,,,,,,,,Y
657,ATS,,ESSILOR - BALTIMORE,2111 VAN DEMAN STREET,,,BALTIMORE,MD,21224,,,,,,,,,,,,,,Y,,ESSILOR,2111 VAN DEMAN ST,,,,BALTIMORE,MD,21224,US,HIGH,80,READY,2026-01-11 12:44:42,,,,,,,,,,,Y
658,ATS,,EURO-COMPOSITES CORP.,13213 AIRPARK DRIVE,,,CULPEPER,VA,22718,,,,,,,,,,,,,,Y,,EURO-COMPOSITES CORP,13213 AIRPARK DR,,,,CULPEPER,VA,22718,US,HIGH,80,READY,2026-01-11 12:44:45,,,,,,,,,,,Y
659,ATS,,"EVAPCO, INC.",P.O. BOX 1300,,,WESTMINSTER,MD,21158,,,,,,,,,,,,,,Y,,EVAPCO INC,PO BOX 1300,,,,WESTMINSTER,MD,21158,US,MEDIUM,70,REVIEW,NaT,,,,,,,,,,,Y
660,ATS,,"EXCEL MECHANICAL CONTRACTORS, LLC",8987 YELLOW BRICK ROAD,EMAIL INVOICES,,ROSEDALE,MD,21237,,,,,,,,,,,,,,Y,,EXCEL MECHANICAL CONTRACTORS LLC,8987 YELLOW BRICK RD,,,,ROSEDALE,MD,21237,US,HIGH,80,READY,2026-01-11 12:44:46,,,,,,,,,,,Y
661,ATS,,EXELON CORPORATION,P.O. BOX 17456,EMAIL,,BALTIMORE,MD,21297,,,,,,,,,,,,,,Y,,EXELON CORPORATION,PO BOX 17456,,,,BALTIMORE,MD,21297,US,MEDIUM,70,REVIEW,NaT,,,,,,,,,,,Y
662,ATS,,EXPRESS TECH AIR,9735 WILLMANS WAY,,,MANASSAS,VA,20111,,,,,,,,,,,,,,Y,,EXPRESS TECH AIR,9735 WILLMANS WAY,,,,MANASSAS,VA,20111,US,MEDIUM,100,REVIEW,NaT,,,,,,,,,,,Y
663,ATS,,"F.H. FURR PLUMBING, HEATING AND A/C",FH FURR PLUMBING & HEATING,9040 MIKE GARCIA DRIVE,,MANASSAS,VA,20109,,,,,,,,,,,,,,Y,,FH FURR PLUMBING HEATING & A/C,9040 MIKE GARCIA DR,,FH FURR PLUMBING & HEATING,,MANASSAS,VA,20109,US,MEDIUM,100,REVIEW,NaT,,,,,,,,,,,Y
664,ATS,,F.W. WEBB COMPANY,92 LINCOLN AVE,EMAIL INVOICES,,TRENTON,NJ,08609,,,,,,,,,,,,,,Y,,FW WEBB COMPANY,92 LINCOLN AVE,,,,TRENTON,NJ,08609,US,HIGH,80,READY,2026-01-11 12:44:51,,,,,,,,,,,Y
665,ATS,,FAA,1205 ARNOLD AVENUE,,,AAFB,MD,20762,,,,,,,,,,,,,,Y,,FAA,1205 ARNOLD AVE,,,,AAFB,MD,20762,US,MEDIUM,100,REVIEW,NaT,,,,,,,,,,,Y
666,ATS,,FACILITIES SUPPLY CORP,1968 HILLSIDE AVENUE,,,UNION,NJ,07083,,,,,,,,,,,,,,Y,,FACILITIES SUPPLY CORP,1968 HILLSIDE AVE,,,,UNION,NJ,07083,US,HIGH,80,READY,2026-01-11 12:44:55,,,,,,,,,,,Y
667,ATS,,"FACILITY AUTOMATION SYSTEMS, LLC",11311 MCCORMICK ROAD,SUITE 503,,HUNT VALLEY,MD,21031,,,,,,,,,,,,,,Y,,FACILITY AUTOMATION SYSTEMS LLC,11311 MCCORMICK RD,,STE #503,,HUNT VALLEY,MD,21031,US,HIGH,80,READY,2026-01-11 12:44:57,,,,,,,,,,,Y
668,ATS,,"FACILITY CONTROLS SYSTEMS, LLC",2200 ARDEN ROAD,EMAIL INVOICE,,BALTIMORE,MD,21209,,,,,,,,,,,,,,Y,,FACILITY CONTROLS SYSTEMS LLC,2200 ARDEN RD,,,,BALTIMORE,MD,21209,US,HIGH,80,READY,2026-01-11 12:44:58,,,,,,,,,,,Y
669,ATS,,FACILITY ENGINEERING SERVICES,630 MAIN ST,EMAIL INVOICE,,REISTERSTOWN,MD,21136,,,,,,,,,,,,,,Y,,FACILITY ENGINEERING SERVICES,630 MAIN ST,,,,REISTERSTOWN,MD,21136,US,HIGH,80,READY,2026-01-11 12:45:01,,,,,,,,,,,Y
670,ATS,,"FACILITY SERVICES MANAGEMENT, INC",1031 PROGRESS DRIVE,,,CLARKSVILLE,TN,37040,,,,,,,,,,,,,,Y,,FACILITY SERVICES MANAGEMENT INC,1031 PROGRESS DR,,,,CLARKSVILLE,TN,37040,US,HIGH,80,READY,2026-01-11 12:45:03,,,,,,,,,,,Y
671,ATS,,FACILITIY SUPPORT SERVICES,9651 HORNBAKER ROAD,,,MANASSAS,VA,20109,,,,,,,,,,,,,,Y,,FACILITIY SUPPORT SERVICES,9651 HORNBAKER RD,,,,MANASSAS,VA,20109,US,HIGH,80,READY,2026-01-11 12:45:04,,,,,,,,,,,Y
672,ATS,,FAIRCHILD CONTROLS,,,,,,,,,,,,,,,,,,,,Y,,FAIRCHILD CONTROLS,,,,,,,,US,LOW,20,INVALID,NaT,,,,,,,,,,,Y
673,ATS,,PARK AUTHORITY,ACCOUNTING OFFICE SUITE 927,12055 GOVERNMENT CENTER PKWY,,FAIRFAX,VA,22035,,,,,,,,,,,,,,Y,,PARK AUTHORITY,12055 GOVERNMENT CT PKWY,,ACCOUNTING OFFICESTE #927,,FAIRFAX,VA,22035,US,HIGH,80,READY,2026-01-11 12:45:07,,,,,,,,,,,Y
674,ATS,,FAIRFAX COUNTY FACILITIES MANAGEMENT,4001 BURKE STATION ROAD,,,FAIRFAX,VA,22032,,,,,,,,,,,,,,Y,,FAIRFAX COUNTY FACILITIES MANAGEMENT,4001 BURKE STATION RD,,,,FAIRFAX,VA,22032,US,HIGH,80,READY,2026-01-11 12:45:09,,,,,,,,,,,Y
675,ATS,,FAIRFAX COUNTY PARK AUTHORITY,CUB RUN REC CENTER,4630 STONECROFT BLVD,,CHANTILLY,VA,20151,,,,,,,,,,,,,,Y,,FAIRFAX COUNTY PARK AUTHORITY,4630 STONECROFT BLVD,,CUB RUN REC CENTER,,CHANTILLY,VA,20151,US,HIGH,80,READY,2026-01-11 12:45:10,,,,,,,,,,,Y
676,ATS,,FAIRFAX COUNTY PUBLIC SCHOOLS,ML:FC0925,po BOX 4000,,MERRIFIELD,VA,2211164000,,,,,,,,,,,,,,Y,,FAIRFAX COUNTY PUBLIC SCHOOLS,PO BOX 4000,,ML:FC0925,,MERRIFIELD,VA,22111,US,MEDIUM,70,REVIEW,NaT,,,,,,,,,,,Y
677,ATS,,FAIRFAX COUNTY PUBLIC SCHOOL,ACCOUNTS PAYABLE,8115 GATEHOUSE ROAD STE 4300,,FALLS CHURCH,VA,22042,,,,,,,,,,,,,,Y,,FAIRFAX COUNTY PUBLIC SCHOOL,8115 GATEHOUSE RD,,STE 4300,,FALLS CHURCH,VA,22042,US,MEDIUM,100,REVIEW,NaT,,,,,,,,,,,Y
678,ATS,,FAIRFAX FMD,12000 GOVERNMENT CENTER PARKWAY,,,FAIRFAX,VA,22035,,,,,,,,,,,,,,Y,,FAIRFAX FMD,12000 GOVERNMENT CT PKWY,,,,FAIRFAX,VA,22035,US,HIGH,80,READY,2026-01-11 12:45:13,,,,,,,,,,,Y
679,ATS,,FAIRFAX SURGICAL CENTER,10730 MAIN STREET,,,FAIRFAX,VA,22030,,,,,,,,,,,,,,Y,,FAIRFAX SURGICAL CENTER,10730 MAIN ST,,,,FAIRFAX,VA,22030,US,HIGH,80,READY,2026-01-11 12:45:15,,,,,,,,,,,Y
680,ATS,,FAIRVIEW APARTMENTS,2941 FAIRVIEW PARK DRIVE,SUITE 105,,FALLS CHURCH,VA,22042,,,,,,,,,,,,,,Y,,FAIRVIEW APARTMENTS,2941 FAIRVIEW PARK DR,,STE #105,,FALLS CHURCH,VA,22042,US,MEDIUM,100,REVIEW,NaT,,,,,,,,,,,Y
681,ATS,,FALSTON HEATING & AIR,1129 B CLAYTON RD,,,JOPPA,MD,21085,,,,,,,,,,,,,,Y,,FALSTON HEATING & AIR,1129 B CLAYTON RD,,,,JOPPA,MD,21085,US,MEDIUM,100,REVIEW,NaT,,,,,,,,,,,Y
682,ATS,,"FAS CONSULTANTS, LLC",12014 OLD BALTIMORE PIKE,,,BELTSVILE,MD,20705,,,,,,,,,,,,,,Y,,FAS CONSULTANTS LLC,12014 OLD BALTIMORE PIKE,,,,BELTSVILE,MD,20705,US,MEDIUM,100,REVIEW,NaT,,,,,,,,,,,Y
683,ATS,,"FASTBREAK GENERAL CONTRACTORS, LLC","133 KINGS WAY, SUITE 203",EMAIL INVOICE,,HAMPTON,VA,23669,,,,,,,,,,,,,,Y,,FASTBREAK GENERAL CONTRACTORS LLC,133 KINGS WAY,,STE #203,,HAMPTON,VA,23669,US,HIGH,80,READY,2026-01-11 12:45:24,,,,,,,,,,,Y
684,ATS,,FASTENAL COMPANY,2001 THEURER BLVD.,EMAIL INVOICE,,WINONA,MN,55987,,,,,,,,,,,,,,Y,,FASTENAL COMPANY,2001 THEURER BLVD,,,,WINONA,MN,55987,US,HIGH,80,READY,2026-01-11 12:45:26,,,,,,,,,,,Y
685,ATS,,FEDERAL BUREAU OF INVESTIGATION,935 PENNSYLVANIA AVE NW,SUITE 1B875,,WASHINGTON,DC,20535,,,,,,,,,,,,,,Y,,FEDERAL BUREAU OF INVESTIGATION,935 PENNSYLVANIA AVE NW,,STE #1B875,,WASHINGTON,DC,20535,US,HIGH,80,READY,2026-01-11 12:45:28,,,,,,,,,,,Y
686,ATS,,FC CLIFFORD,1101 EDISON HIGHWAY,,,BALTIMORE,MD,21213,,,,,,,,,,,,,,Y,,FC CLIFFORD,1101 EDISON HWY,,,,BALTIMORE,MD,21213,US,HIGH,80,READY,2026-01-11 12:45:30,,,,,,,,,,,Y
687,ATS,,"FCX PERFORMANCE, INC.",3000 E. 14TH AVE,EMAIL INVOICES,,COLUMBIA,OH,43219,,,,,,,,,,,,,,Y,,FCX PERFORMANCE INC,3000 E 14TH AVE,,,,COLUMBIA,OH,43219,US,MEDIUM,100,REVIEW,NaT,,,,,,,,,,,Y
688,ATS,,FDA MUIRKURK MOD II,8401 MUIRKIRK ROAD,,,LAUREL,MD,20708,,,,,,,,,,,,,,Y,,FDA MUIRKURK MOD II,8401 MUIRKIRK RD,,,,LAUREL,MD,20708,US,HIGH,80,READY,2026-01-11 12:45:34,,,,,,,,,,,Y
689,ATS,,FEDERAL DEPOSIT INSURANCE CORPORATION,3501 NORTH FAIRFAX DR,,,ARLINGTON,VA,22226,,,,,,,,,,,,,,Y,,FEDERAL DEPOSIT INSURANCE CORPORATION,3501 N FAIRFAX DR,,,,ARLINGTON,VA,22226,US,MEDIUM,100,REVIEW,NaT,,,,,,,,,,,Y
690,ATS,,FEDERAL CONTRACTORS INC. - EMAIL,623 UNDERWOOD ST NW,,,WASHINGTON,DC,20012,,,,,,,,,,,,,,Y,,FEDERAL CONTRACTORS INC,623 UNDERWOOD ST NW,,,,WASHINGTON,DC,20012,US,HIGH,80,READY,2026-01-11 12:45:39,,,,,,,,,,,Y
691,ATS,,FEDERAL HIGHWAY ADMINISTRATION,6300 GEORGETOWN PIKE,,,MCLEAN,VA,22101,,,,,,,,,,,,,,Y,,FEDERAL HIGHWAY ADMINISTRATION,6300 GEORGETOWN PIKE,,,,MCLEAN,VA,22101,US,HIGH,80,READY,2026-01-11 12:45:41,,,,,,,,,,,Y
692,ATS,,FEDERAL RESERVE BOARD,"20TH & CONSTITUTION AVE, NW",EMAIL INVOICE,,WASHINGTON,DC,20551,,,,,,,,,,,,,,Y,,FEDERAL RESERVE BOARD,20TH & CONSTITUTION AVE NW,,,,WASHINGTON,DC,20551,US,MEDIUM,75,REVIEW,2026-01-11 12:45:43,,,,,,,,,,,Y
693,ATS,,DHS/FEMA BUDGET,PO BOX 129,,,MT WEATHER,VA,22611,,,,,,,,,,,,,,Y,,DHS/FEMA BUDGET,PO BOX 129,,,,MT WEATHER,VA,22611,US,MEDIUM,70,REVIEW,NaT,,,,,,,,,,,Y
694,ATS,,FENTY,2013 SOUTH NELSON STREET,,,ARLINGTON,VA,22204,,,,,,,,,,,,,,Y,,FENTY,2013 S NELSON ST,,,,ARLINGTON,VA,22204,US,HIGH,80,READY,2026-01-11 12:45:45,,,,,,,,,,,Y
695,ATS,,"FERGUSION/SULLIVAN, INC.",5201 OAK PARK RD,#B,,RALEIGH,NC,27612,,,,,,,,,,,,,,Y,,FERGUSION/SULLIVAN INC,5201 OAK PARK RD,,#B,,RALEIGH,NC,27612,US,HIGH,80,READY,2026-01-11 12:45:48,,,,,,,,,,,Y
696,ATS,,FERGUSON ENTERPRISES,PO BOX 9406,EMAIL,,HAMPTON,VA,23670-0406,,,,,,,,,,,,,,Y,,FERGUSON ENTERPRISES,PO BOX 9406,,,,HAMPTON,VA,23670-0406,US,MEDIUM,70,REVIEW,NaT,,,,,,,,,,,Y
697,ATS,,FIDELITY ENGINEERING -email,25 LOVETON CIRCLE,,,SPARKS,MD,21152,,,,,,,,,,,,,,Y,,FIDELITY ENGINEERING,25 LOVETON CIR,,,,SPARKS,MD,21152,US,HIGH,80,READY,2026-01-11 12:45:50,,,,,,,,,,,Y
698,ATS,,"FINMARC MANAGEMENT, INC.",4733 BETHESDA AVENUE,SUITE 650,,BETHESDA,MD,20814,,,,,,,,,,,,,,Y,,FINMARC MANAGEMENT INC,4733 BETHESDA AVE,,STE #650,,BETHESDA,MD,20814,US,HIGH,80,READY,2026-01-11 12:45:52,,,,,,,,,,,Y
699,ATS,,FIRESTONE CONSULTING GROUP,828 HIDDEN BLUFF CIRCLE,,,CATONSVILLE,MD,21228,,,,,,,,,,,,,,Y,,FIRESTONE CONSULTING GROUP,828 HIDDEN BLUFF CIR,,,,CATONSVILLE,MD,21228,US,HIGH,80,READY,2026-01-11 12:45:54,,,,,,,,,,,Y
700,ATS,,FIRST EVANGELICAL LUTHERAN CHURCH,3604 CHATHAM RD,,,ELLICOTT CITY,MD,21042,,,,,,,,,,,,,,Y,,FIRST EVANGELICAL LUTHERAN CHURCH,3604 CHATHAM RD,,,,ELLICOTT CITY,MD,21042,US,HIGH,80,READY,2026-01-11 12:45:55,,,,,,,,,,,Y
701,ATS,,FIRST FEDERAL CORPORATION,ATTN: ACCOUTNS PAYABLE,75 WEST WATKINS MILL ROAD,,GAITHERSBURG,MD,20878,,,,,,,,,,,,,,Y,,FIRST FEDERAL CORPORATION,75 W WATKINS MILL RD,,,,GAITHERSBURG,MD,20878,US,HIGH,80,READY,2026-01-11 12:45:57,,,,,,,,,,,Y
702,ATS,,FLO MECHANICAL,507 BAXTER COURT,,,HOCKESSIN,DE,19707,,,,,,,,,,,,,,Y,,FLO MECHANICAL,507 BAXTER CT,,,,HOCKESSIN,DE,19707,US,HIGH,80,READY,2026-01-11 12:45:59,,,,,,,,,,,Y
703,ATS,,FLO-TRON,10604 BEAVER DAM RD,EMAIL,,HUNT VALLEY,MD,21030,,,,,,,,,,,,,,Y,,FLO-TRON,10604 BEAVER DAM RD,,,,HUNT VALLEY,MD,21030,US,HIGH,80,READY,2026-01-11 12:46:01,,,,,,,,,,,Y
704,ATS,,FLOW TECH,10 BIDWELL RD,,,SOUTH WINDSOR,CT,06074,,,,,,,,,,,,,,Y,,FLOW TECH,10 BIDWELL RD,,,,SOUTH WINDSOR,CT,06074,US,MEDIUM,100,REVIEW,NaT,,,,,,,,,,,Y
705,ATS,,"FLUHART MECHANICAL HVAC, LLC",15130 NELSON PERRIE ROAD,EMAIL INVOICE,,BRANDYWINE,MD,20613,,,,,,,,,,,,,,Y,,FLUHART MECHANICAL HVAC LLC,15130 NELSON PERRIE RD,,,,BRANDYWINE,MD,20613,US,HIGH,80,READY,2026-01-11 12:46:21,,,,,,,,,,,Y
706,ATS,,"FLUOR FEDERAL SOLUTIONS, LLC",100 FLUOR DANIEL DRIVE,,,GREENVILLE,SC,29607,,,,,,,,,,,,,,Y,,FLUOR FEDERAL SOLUTIONS LLC,100 FLUOR DANIEL DR,,,,GREENVILLE,SC,29607,US,HIGH,80,READY,2026-01-11 12:46:23,,,,,,,,,,,Y
707,ATS,,FMW GROUP INC,P.O. BOX 1264,,,LOOMIS,CA,95650,,,,,,,,,,,,,,Y,,FMW GROUP INC,PO BOX 1264,,,,LOOMIS,CA,95650,US,MEDIUM,70,REVIEW,NaT,,,,,,,,,,,Y
708,ATS,,"FOLEY MECHANICAL, INC",8390 TERMINAL RD,UNIT I,,LORTON,VA,22079,,,,,,,,,,,,,,Y,,FOLEY MECHANICAL INC,8390 TERMINAL RD,,UNIT I,,LORTON,VA,22079,US,MEDIUM,100,REVIEW,NaT,,,,,,,,,,,Y
709,ATS,,FORENSIC BUILDING SUPPLY,1905 HAVERILL RD,,,BALTIMORE,MD,,,,,,,,,,,,,,,Y,,FORENSIC BUILDING SUPPLY,1905 HAVERILL RD,,,,BALTIMORE,MD,21234,US,MEDIUM,100,REVIEW,NaT,,,,,,,,,,,Y
710,ATS,,FOREST CITY SCIENCE & TECH PARK,855 NORTH WOLFE STREET,,,BALTIMORE,MD,21205,,,,,,,,,,,,,,Y,,FOREST CITY SCIENCE & TECH PARK,855 N WOLFE ST,,,,BALTIMORE,MD,21205,US,HIGH,80,READY,2026-01-11 12:46:28,,,,,,,,,,,Y
711,ATS,,FORT DETRICK,810 SCHREIDER STREET,,,FORT DETRICK,MD,21702,,,,,,,,,,,,,,Y,,FORT DETRICK,810 SCHREIDER ST,,,,FORT DETRICK,MD,21702,US,MEDIUM,100,REVIEW,NaT,,,,,,,,,,,Y
712,ATS,,FORT PITT GROUP,125 INDUSTRY LANE,,,FOREST HILL,MD,21050,,,,,,,,,,,,,,Y,,FORT PITT GROUP,125 INDUSTRY LN,,,,FOREST HILL,MD,21050,US,HIGH,80,READY,2026-01-11 12:46:32,,,,,,,,,,,Y
713,ATS,,FORT WASHINGTON MEDICAL CENTER,11711 LIVINGSTON RD,,,FORT WASHINGTON,MD,20744,,,,,,,,,,,,,,Y,,FORT WASHINGTON MEDICAL CENTER,11711 LIVINGSTON RD,,,,FORT WASHINGTON,MD,20744,US,HIGH,80,READY,2026-01-11 12:46:34,,,,,,,,,,,Y
714,ATS,,FOUR SEASONS ENVIROMENTAL,4231 SUITLAND ROAD,,,SUITLAND,MD,,,,,,,,,,,,,,,Y,,FOUR SEASONS ENVIROMENTAL,4231 SUITLAND RD,,,,SUITLAND,MD,20746,US,HIGH,80,READY,2026-01-11 12:46:36,,,,,,,,,,,Y
715,ATS,,"FOX PROPERTIES, LLC",NXS# ADVTHE-ACC5,P.O.BOX 22116-7643,,MERRIFIELD,VA,22116-7643,,,,,,,,,,,,,,Y,,FOX PROPERTIES LLC,PO BOX 22116-7643,,NXS# ADVTHE-ACC5,,MERRIFIELD,VA,22116-7643,US,MEDIUM,70,REVIEW,NaT,,,,,,,,,,,Y
716,ATS,,"FOLEY MECHANICAL, INC.",8390 TERMINAL ROAD,UNIT I,,LORTON,VA,22079,,,,,,,,,,,,,,Y,,FOLEY MECHANICAL INC,8390 TERMINAL RD,,UNIT I,,LORTON,VA,22079,US,MEDIUM,100,REVIEW,NaT,,,,,,,,,,,Y
717,ATS,,FRANCE-MERRICK,PERFORMING ARTS CENTER,12 NORTH EUTAW STREET,,BALTIMORE,MD,21201,,,,,,,,,,,,,,Y,,FRANCE-MERRICK,12 N EUTAW ST,,PERFORMING ARTS CENTER,,BALTIMORE,MD,21201,US,HIGH,80,READY,2026-01-11 12:46:40,,,,,,,,,,,Y
718,ATS,,FRANCIS  O DAY INC,850 EAST GUDE DRIVE,SUITE A,,ROCKVILLE,MD,20850,,,,,,,,,,,,,,Y,,FRANCIS O DAY INC,850 E GUDE DR,,STE #A,,ROCKVILLE,MD,20850,US,HIGH,80,READY,2026-01-11 12:46:42,,,,,,,,,,,Y
719,ATS,,MEDSTAR HEALTH,MFSMC - MAIN HOSPITAL,PO BOX 44250 - EMAIL INVOICE,,BALTIMORE,MD,21236,,,,,,,,,,,,,,Y,,MEDSTAR HEALTH,PO BOX 44250,,MFSMC - MAIN HOSPITAL,,BALTIMORE,MD,21236,US,MEDIUM,70,REVIEW,NaT,,,,,,,,,,,Y
720,ATS,,KEN FRAZIER,2105 GRANT FARM CT.,,,MARRIOTTSVILLE,MD,21104-1468,,,,,,,,,,,,,,Y,,KEN FRAZIER,2105 GRANT FARM CT,,,,MARRIOTTSVILLE,MD,21104-1468,US,HIGH,80,READY,2026-01-11 12:46:43,,,,,,,,,,,Y
721,ATS,,FREDDIE MAC,8250 JONES BRANCH DRIVE,,,MCLEAN,VA,22102,,,,,,,,,,,,,,Y,,FREDDIE MAC,8250 JONES BRANCH DR,,,,MCLEAN,VA,22102,US,MEDIUM,100,REVIEW,NaT,,,,,,,,,,,Y
722,ATS,,FREDERICK COMMUNITY COLLEGE - email,ACCOUNTS PAYABLE,7932 OPOSSUMTOWN PIKE,,FREDERICK,MD,21702,,,,,,,,,,,,,,Y,,FREDERICK COMMUNITY COLLEGE,7932 OPOSSUMTOWN PIKE,,7932 OPOSSUMTOWN PIKE,,FREDERICK,MD,21702,US,HIGH,80,READY,2026-01-11 12:46:47,,,,,,,,,,,Y
723,ATS,,FREDERICK COUNTY GOVERNMENT,12 E CHURCH ST.,,,FREDERICK,MD,21701,,,,,,,,,,,,,,Y,,FREDERICK COUNTY GOVERNMENT,12 E CHURCH ST,,,,FREDERICK,MD,21701,US,HIGH,80,READY,2026-01-11 12:46:50,,,,,,,,,,,Y
724,ATS,,FREDERICK MEMORIAL HOSPITAL,ATTN: ACCOUNTS PAYABLE,400 WEST SEVENTH STREET - email,,FREDERICK,MD,21701,,,,,,,,,,,,,,Y,,FREDERICK MEMORIAL HOSPITAL,400 W SEVENTH ST,,,,FREDERICK,MD,21701,US,MEDIUM,100,REVIEW,NaT,,,,,,,,,,,Y
725,ATS,,FREDERICK CO. PUBLIC SCHOOLS,ACCOUNTING/FINANCE 2ND FLOOR,191 SOUTH EAST STREET-EMAIL,,FREDERICK,MD,21701,,,,,,,,,,,,,,Y,,FREDERICK CO PUBLIC SCHOOLS,191 S E ST,,ACCOUNTING/FINANCE 2ND FL,,FREDERICK,MD,21701,US,HIGH,80,READY,2026-01-11 12:46:54,,,,,,,,,,,Y
726,ATS,,FREESTATE ELECTRICAL COMPANIES,13335 MID ATLANTIC BLVD,EMAIL,,LAUREL,MD,20708,,,,,,,,,,,,,,Y,,FREESTATE ELECTRICAL COMPANIES,13335 MID ATLANTIC BLVD,,,,LAUREL,MD,20708,US,HIGH,80,READY,2026-01-11 12:46:56,,,,,,,,,,,Y
727,ATS,,"FRESH AIR CONCEPTS, LLC",5195 RAYNOR AVENUE,EMAIL INVOICES,,LINTHICUM,MD,21090,,,,,,,,,,,,,,Y,,FRESH AIR CONCEPTS LLC,5195 RAYNOR AVE,,,,LINTHICUM,MD,21090,US,HIGH,80,READY,2026-01-11 12:46:58,,,,,,,,,,,Y
728,ATS,,FREY LUTZ CORP,1195 IVY DRIVE,EMAIL,,LANCASTER,PA,17601,,,,,,,,,,,,,,Y,,FREY LUTZ CORP,1195 IVY DR,,,,LANCASTER,PA,17601,US,HIGH,80,READY,2026-01-11 12:47:00,,,,,,,,,,,Y
729,ATS,,"FRIENDS SCHOOL OF BALTIMORE, INC.",EMAIL INVOICE,5114 N. CHARLES STREET,,BALTIMORE,MD,21210,,,,,,,,,,,,,,Y,,FRIENDS SCHOOL OF BALTIMORE INC,5114 N CHARLES ST,,5114 N CHARLES ST,,BALTIMORE,MD,21210,US,HIGH,80,READY,2026-01-11 12:47:02,,,,,,,,,,,Y
730,ATS,,FRITO-LAY,800 HICKORY DR,,,ABERDEEN,MD,21001,,,,,,,,,,,,,,Y,,FRITO-LAY,800 HICKORY DR,,,,ABERDEEN,MD,21001,US,HIGH,80,READY,2026-01-11 12:47:04,,,,,,,,,,,Y
731,ATS,,FROSTBURG STATE UNIVERISTY,101 BRADDOCK ROAD,,,FROSTBURG,MD,21532-2303,,,,,,,,,,,,,,Y,,FROSTBURG STATE UNIVERISTY,101 BRADDOCK RD,,,,FROSTBURG,MD,21532-2303,US,HIGH,80,READY,2026-01-11 12:47:06,,,,,,,,,,,Y
732,ATS,,FROSTY REFRIGERATION,7121 WINDSOR MILL ROAD,,,WINDSOR MILL,MD,21244,,,,,,,,,,,,,,Y,,FROSTY REFRIGERATION,7121 WINDSOR MILL RD,,,,WINDSOR MILL,MD,21244,US,HIGH,80,READY,2026-01-11 12:47:08,,,,,,,,,,,Y
733,ATS,,FS CAMPBELL,14000 DARNESTOWN ROAD,,,GAITHERSBURG,MD,20878,,,,,,,,,,,,,,Y,,FS CAMPBELL,14000 DARNESTOWN RD,,,,GAITHERSBURG,MD,20878,US,HIGH,80,READY,2026-01-11 12:47:10,,,,,,,,,,,Y
734,ATS,,FSK LAND CORPORATION,3910 KESWICK ROAD,SUITE N2300,,BALTIMORE,MD,21211,,,,,,,,,,,,,,Y,,FSK LAND CORPORATION,3910 KESWICK RD,,STE #N2300,,BALTIMORE,MD,21211,US,HIGH,80,READY,2026-01-11 12:47:12,,,,,,,,,,,Y
735,ATS,,FTSS JOINT VENTURE,P.O. BOX 47249,,,BALTIMORE,MD,21244,,,,,,,,,,,,,,Y,,FTSS JOINT VENTURE,PO BOX 47249,,,,BALTIMORE,MD,21244,US,MEDIUM,70,REVIEW,NaT,,,,,,,,,,,Y
736,ATS,,FULLER ENGINEERING,4135 WEST 99TH STREET,,,CARMEL,IN,46032,,,,,,,,,,,,,,Y,,FULLER ENGINEERING,4135 W 99TH ST,,,,CARMEL,IN,46032,US,HIGH,80,READY,2026-01-11 12:47:14,,,,,,,,,,,Y
737,ATS,,"G&C SERVICE AND SUPPLY, INC.",1875 W. REDONDO BEACH BLVD.,SUITE 102 - EMAIL INVOICES,,GARDENA,CA,90247,,,,,,,,,,,,,,Y,,G&C SERVICE & SUPPLY INC,1875 W REDONDO BEACH BLVD,,STE #102,,GARDENA,CA,90247,US,HIGH,80,READY,2026-01-11 12:47:16,,,,,,,,,,,Y
738,ATS,,"G&C SERVICE AND SUPPLY, INC","10 G STREET, NE - EMAIL",SUITE 617,,WASHINGTON,DC,20002,,,,,,,,,,,,,,Y,,G&C SERVICE & SUPPLY INC,10 G ST NE,,STE #617,,WASHINGTON,DC,20002,US,HIGH,80,READY,2026-01-11 12:47:18,,,,,,,,,,,Y
739,ATS,,"G.E. FRISCO COMPANY, INC.",#2 CRAIN HIGHWAY,,,UPPER MARLBORO,MD,20774,,,,,,,,,,,,,,Y,,GE FRISCO COMPANY INC,2 CRAIN HWY,,,,UPPER MARLBORO,MD,20774,US,HIGH,80,READY,2026-01-11 12:47:20,,,,,,,,,,,Y
740,ATS,,"GABCO CONSTRUCTION, INC.",716 SOUTH PHILADELPHIA ROAD,,,ABERDEEN,MD,21001,,,,,,,,,,,,,,Y,,GABCO CONSTRUCTION INC,716 S PHILADELPHIA RD,,,,ABERDEEN,MD,21001,US,MEDIUM,100,REVIEW,NaT,,,,,,,,,,,Y
741,ATS,,"GAEDEKE GROUP, LLC","1310 G STREET, NW",SUITE 790,,WASHINGTON,DC,20005,,,,,,,,,,,,,,Y,,GAEDEKE GROUP LLC,1310 G ST NW,,STE #790,,WASHINGTON,DC,20005,US,HIGH,80,READY,2026-01-11 12:47:24,,,,,,,,,,,Y
742,ATS,,"GAGHAN MECHANICAL, INC.",5649 D GENERAL WASHINGTON DRIV,,,ALEXANDRIA,VA,22312,,,,,,,,,,,,,,Y,,GAGHAN MECHANICAL INC,5649 D GENERAL WASHINGTON DRIV,,,,ALEXANDRIA,VA,22312,US,MEDIUM,100,REVIEW,NaT,,,,,,,,,,,Y
743,ATS,,GAIPAN HEATING & AIR,7224 CONTE ROAD,,,LAUREL,MD,20707,,,,,,,,,,,,,,Y,,GAIPAN HEATING & AIR,7224 CONTE RD,,,,LAUREL,MD,20707,US,MEDIUM,100,REVIEW,NaT,,,,,,,,,,,Y
744,ATS,,GAITHERSBURG AIR CONDITIONING,227 EAST DEERPARK DRIVE,,,GAITHERSBURG,MD,20877,,,,,,,,,,,,,,Y,,GAITHERSBURG AIR CONDITIONING,227 E DEERPARK DR,,,,GAITHERSBURG,MD,20877,US,MEDIUM,100,REVIEW,NaT,,,,,,,,,,,Y
745,ATS,,GALCO,L-4061,,,COLUMBUS,OH,43260-4061,,,,,,,,,,,,,,Y,,GALCO,L-4061,,,,COLUMBUS,OH,43260-4061,US,LOW,100,REVIEW,NaT,,,,,,,,,,,Y
746,ATS,,GALLAUDET UNIVERSITY,800 FLORIDA AVENUE,,,WASHINGTON,DC,20002,,,,,,,,,,,,,,Y,,GALLAUDET UNIVERSITY,800 FLORIDA AVE,,,,WASHINGTON,DC,20002,US,HIGH,80,READY,2026-01-11 12:47:36,,,,,,,,,,,Y
747,ATS,,GALLERY AT HARBORPLACE,111 SOUTH CALVERT STREET,SUITE 1705,,BALTIMORE,MD,21202,,,,,,,,,,,,,,Y,,GALLERY AT HARBORPLACE,111 S CALVERT ST,,STE #1705,,BALTIMORE,MD,21202,US,HIGH,80,READY,2026-01-11 12:47:37,,,,,,,,,,,Y
748,ATS,,"GARY P. FRANK, INC",8918 RIDGE PLACE,,,BETHESDA,MD,20817,,,,,,,,,,,,,,Y,,GARY P FRANK INC,8918 RIDGE PL,,,,BETHESDA,MD,20817,US,HIGH,80,READY,2026-01-11 12:47:39,,,,,,,,,,,Y
749,ATS,,"GASCH PRINTING, INC",1780 CROSSROADS DRIVE,EMAIL INVOICES,,ODENTON,MD,21113,,,,,,,,,,,,,,Y,,GASCH PRINTING INC,1780 CROSSRDS DR,,,,ODENTON,MD,21113,US,HIGH,80,READY,2026-01-11 12:47:41,,,,,,,,,,,Y
750,ATS,,GASKINS MECHANICAL,605 LOFSTRAND LANE,,,ROCKVILLE,MD,20850,,,,,,,,,,,,,,Y,,GASKINS MECHANICAL,605 LOFSTRAND LN,,,,ROCKVILLE,MD,20850,US,HIGH,80,READY,2026-01-11 12:47:43,,,,,,,,,,,Y
751,ATS,,GAYLORD NATIONAL RESORT & CONVENTION CE,201 WATERFRONT STREET,email invoices,,NATIONAL HARBOR,MD,20745,,,,,,,,,,,,,,Y,,GAYLORD NATIONAL RESORT & CONVENTION CE,201 WATERFRONT ST,,,,NATIONAL HARBOR,MD,20745,US,HIGH,80,READY,2026-01-11 12:47:45,,,,,,,,,,,Y
752,ATS,,GREATER BALTIMORE MEDICAL CENTER- email,ATTN: ACCOUNTS PAYABLE -email,6545 N. CHARLES ST SUTE 201,,BALTIMORE,MD,21204,,,,,,,,,,,,,,Y,,GREATER BALTIMORE MEDICAL CENTER,6545 N CHARLES ST SUTE 201,,,,BALTIMORE,MD,21204,US,MEDIUM,100,REVIEW,NaT,,,,,,,,,,,Y
753,ATS,,"GCR, INC. - DISA FT. MEADE, MD",DISA HEADQUARTERS FACILITY,,,FT MEADE,MD,20755,,,,,,,,,,,,,,Y,,GCR INC,DISA HEADQUARTERS FACILITY,,,,FORT MEADE,MD,20755,US,LOW,100,REVIEW,NaT,,,,,,,,,,,Y
754,ATS,,"GE TIGNALL & CO, INC",14 McCANN AVENUE,,,COCKEYSVILLE,MD,21030,,,,,,,,,,,,,,Y,,GE TIGNALL & CO INC,14 MCCANN AVE,,,,COCKEYSVILLE,MD,21030,US,HIGH,80,READY,2026-01-11 12:47:51,,,,,,,,,,,Y
755,ATS,,GEICO,4608 WILLARD AVE,,,CHEVY CHASE,MD,20815,,,,,,,,,,,,,,Y,,GEICO,4608 WILLARD AVE,,,,CHEVY CHASE,MD,20815,US,MEDIUM,100,REVIEW,NaT,,,,,,,,,,,Y
756,ATS,,GENERAL DYNAMIC,3120 FAIRVIEW PARK DRIVE,SUITE 100,,FALLS CHURCH,VA,22042,,,,,,,,,,,,,,Y,,GENERAL DYNAMIC,3120 FAIRVIEW PARK DR,,STE #100,,FALLS CHURCH,VA,22042,US,MEDIUM,100,REVIEW,NaT,,,,,,,,,,,Y
757,ATS,,GENERAL DYNAMIC IT,7770 BACKLICK ROAD,SUITE 100,,SPRINGFIELD,VA,22655,,,,,,,,,,,,,,Y,,GENERAL DYNAMIC IT,7770 BACKLICK RD,,STE #100,,SPRINGFIELD,VA,22655,US,HIGH,80,READY,2026-01-11 12:47:57,,,,,,,,,,,Y
758,ATS,,"GENERAL HEATING AND COOLING, INC",111 EYRING AVE,EMAIL INVOICES,,BALTIMORE,MD,21221,,,,,,,,,,,,,,Y,,GENERAL HEATING & COOLING INC,111 EYRING AVE,,,,BALTIMORE,MD,21221,US,HIGH,80,READY,2026-01-11 12:47:59,,,,,,,,,,,Y
759,ATS,,GENERAL & MECHANICAL SERVICES,1007 SKIDMORE DRIVE,,,ANNAPOLIS,MD,21409,,,,,,,,,,,,,,Y,,GENERAL & MECHANICAL SERVICES,1007 SKIDMORE DR,,,,ANNAPOLIS,MD,21409,US,MEDIUM,100,REVIEW,NaT,,,,,,,,,,,Y
760,ATS,,GENERAL REFRIGERATION COMPANY,36615 OLD STAGE RD,P.O. BOX 140,,DELMAR,DE,19940,,,,,,,,,,,,,,Y,,GENERAL REFRIGERATION COMPANY,PO BOX 140,36615 OLD STAGE RD,,,DELMAR,DE,19940,US,MEDIUM,70,REVIEW,NaT,,,,,,,,,,,Y
761,ATS,,GENESIS CORPORATION,P.O. BOX 229,EMAIL INVOICES,,MARYLAND LINE,MD,21105-3013,,,,,,,,,,,,,,Y,,GENESIS CORPORATION,PO BOX 229,,,,MARYLAND LINE,MD,21105-3013,US,MEDIUM,70,REVIEW,NaT,,,,,,,,,,,Y
762,ATS,,GENESIS ENGINEERING SOLUTIONS,4501 BOSTON WAY,,,LANHAM,MD,20706,,,,,,,,,,,,,,Y,,GENESIS ENGINEERING SOLUTIONS,4501 BOSTON WAY,,,,LANHAM,MD,20706,US,HIGH,80,READY,2026-01-11 12:48:04,,,,,,,,,,,Y
763,ATS,,GENT MECHANICAL,16 CINDER ROAD,,,TIMONIUM,MD,21093,,,,,,,,,,,,,,Y,,GENT MECHANICAL,16 CINDER RD,,,,TIMONIUM,MD,21093,US,HIGH,80,READY,2026-01-11 12:48:06,,,,,,,,,,,Y
764,ATS,,GEORGE S. HALL INC,"4 GATEHALL DRIVE, 2ND FLOOR",EMAIL INVOICE,,PARSIPPANY,NJ,07054,,,,,,,,,,,,,,Y,,GEORGE S HALL INC,4 GATEHALL DR 2ND FL,,,,PARSIPPANY,NJ,07054,US,MEDIUM,100,REVIEW,NaT,,,,,,,,,,,Y
765,ATS,,MEDSTAR HEALTH,"MEDSTAR HEALTH, INC",8020 CORPORATE DRIVE,,BALTIMORE,MD,21236,,,,,,,,,,,,,,Y,,MEDSTAR HEALTH,8020 CORPORATE DR,,MEDSTAR HEALTH INC,,BALTIMORE,MD,21236,US,HIGH,80,READY,2026-01-11 12:48:10,,,,,,,,,,,Y
766,ATS,,GEORGETOWN UNIVERSITY LAW CENTER,"600 NEW JERSEY AVENUE, NW",ROOM 154,,WAHSINGTON,DC,20001,,,,,,,,,,,,,,Y,,GEORGETOWN UNIVERSITY LAW CENTER,600 NEW JERSEY AVE NW,,ROOM 154,,WAHSINGTON,DC,20001,US,MEDIUM,100,REVIEW,NaT,,,,,,,,,,,Y
767,ATS,,GEORGETOWN UNIVERSITY,"2121 WISCONSIN AVE, NW",STE 400 - EMAIL,,WASHINGTON,DC,20007,,,,,,,,,,,,,,Y,,GEORGETOWN UNIVERSITY,2121 WISCONSIN AVE NW,,STE 400,,WASHINGTON,DC,20007,US,HIGH,80,READY,2026-01-11 12:48:14,,,,,,,,,,,Y
768,ATS,,GEORGETOWN VISITATION PREP SCHOOL,"1524 35TH ST, NW",,,WASHINGTON,DC,20007,,,,,,,,,,,,,,Y,,GEORGETOWN VISITATION PREP SCHOOL,1524 35TH ST NW,,,,WASHINGTON,DC,20007,US,MEDIUM,100,REVIEW,NaT,,,,,,,,,,,Y
769,ATS,,GEOTHERMAL SCOTT HEATING & COOLING,7290 STRINGTOWN RD,,,BERRYVILLE,VA,22611,,,,,,,,,,,,,,Y,,GEOTHERMAL SCOTT HEATING & COOLING,7290 STRINGTOWN RD,,,,BERRYVILLE,VA,22611,US,MEDIUM,100,REVIEW,NaT,,,,,,,,,,,Y
770,ATS,,GERMFREE,FOUR SUNSHINE BLVD,,,ORMOND BEACH,FL,32174,,,,,,,,,,,,,,Y,,GERMFREE,4 SUNSHINE BLVD,,,,ORMOND BEACH,FL,32174,US,HIGH,80,READY,2026-01-11 12:48:30,,,,,,,,,,,Y
771,ATS,,GERSTELL ACADEMY,2500 OLD WESTMINISTER PIKE,ATTN: DEBBY TROYER,,FINKSBURG,MD,21048,,,,,,,,,,,,,,Y,,GERSTELL ACADEMY,2500 OLD WMINISTER PIKE,,ATTN: DEBBY TROYER,,FINKSBURG,MD,21048,US,MEDIUM,100,REVIEW,NaT,,,,,,,,,,,Y
772,ATS,,"GERSTER SALES & SERVICE, INC.",45 EARHART DRIVE SUITE 103,,,BUFFALO,NY,14221,,,,,,,,,,,,,,Y,,GERSTER SALES & SERVICE INC,45 EARHART DR,,STE #103,,BUFFALO,NY,14221,US,HIGH,80,READY,2026-01-11 12:48:37,,,,,,,,,,,Y
773,ATS,,GEXPRO ELECTRICAL SUPPLY,521 PROGRESS DR,SUITE D,,LINTHICUM,MD,21090,,,,,,,,,,,,,,Y,,GEXPRO ELECTRICAL SUPPLY,521 PROGRESS DR,,STE #D,,LINTHICUM,MD,21090,US,MEDIUM,100,REVIEW,NaT,,,,,,,,,,,Y
774,ATS,,G.F. MORIN COMPANY,8667 CHERRY LANE,,,LAUREL,MD,20707,,,,,,,,,,,,,,Y,,GF MORIN COMPANY,8667 CHERRY LN,,,,LAUREL,MD,20707,US,HIGH,80,READY,2026-01-11 12:48:41,,,,,,,,,,,Y
775,ATS,,GH NITZEL,11300 PULASKI HIGHWAY,P O Box 43180,,WHITE MARSH,MD,21162,,,,,,,,,,,,,,Y,,GH NITZEL,PO BOX 43180,11300 PULASKI HWY,,,WHITE MARSH,MD,21162,US,MEDIUM,70,REVIEW,NaT,,,,,,,,,,,Y
776,ATS,,GHATTAS JOYCE,JOYCE GHATTAS,12201 BRAEMER CIRCLE,,FORT WASHINGTON,MD,20744,,,,,,,,,,,,,,Y,,GHATTAS JOYCE,12201 BRAEMER CIR,,,,FORT WASHINGTON,MD,20744,US,HIGH,80,READY,2026-01-11 12:48:43,,,,,,,,,,,Y
777,ATS,,GREGORY GIBSON,PO BOX 100,,,MARSHALL,VA,20116,,,,,,,,,,,,,,Y,,GREGORY GIBSON,PO BOX 100,,,,MARSHALL,VA,20116,US,MEDIUM,70,REVIEW,NaT,,,,,,,,,,,Y
778,ATS,,"GILL-SIMPSON, INC.",45 QUEEN STREET,,,CUMBERLAND,MD,21502,,,,,,,,,,,,,,Y,,GILL-SIMPSON INC,45 QUEEN ST,,,,CUMBERLAND,MD,21502,US,HIGH,80,READY,2026-01-11 12:48:45,,,,,,,,,,,Y
779,ATS,,"GILMAN SCHOOL, INC",5407 ROLAND AVE,,,BALTIMORE,MD,21210,,,,,,,,,,,,,,Y,,GILMAN SCHOOL INC,5407 ROLAND AVE,,,,BALTIMORE,MD,21210,US,HIGH,80,READY,2026-01-11 12:48:47,,,,,,,,,,,Y
780,ATS,,GIMBELS MECHANICAL SOLUTIONS LLC,"41 INDUSTRIAL PARK DR., UNIT J",EMAIL INVOICE,,WALDORF,MD,20602,,,,,,,,,,,,,,Y,,GIMBELS MECHANICAL SOLUTIONS LLC,41 INDUSTRIAL PARK DR UNIT J,,,,WALDORF,MD,20602,US,HIGH,80,READY,2026-01-11 12:48:49,,,,,,,,,,,Y
781,ATS,,GERARD GIORDANA,8 SEDGEHILL COURT,,,LUTHERVILLE,MD,21093,,,,,,,,,,,,,,Y,,GERARD GIORDANA,8 SEDGEHILL CT,,,,LUTHERVILLE,MD,21093,US,HIGH,80,READY,2026-01-11 12:48:51,,,,,,,,,,,Y
782,ATS,,"GIPE ASSOCIATES, INC.",849 FAIRMOUNT AVENUE #102,,,TOWSON,MD,21286,,,,,,,,,,,,,,Y,,GIPE ASSOCIATES INC,849 FAIRMOUNT AVE #102,,,,TOWSON,MD,21286,US,HIGH,80,READY,2026-01-11 12:48:53,,,,,,,,,,,Y
783,ATS,,glass,,,,,,,,,,,,,,,,,,,,Y,,GLASS,,,,,,,,US,LOW,20,INVALID,NaT,,,,,,,,,,,Y
784,ATS,,GLENELG CONSTRUCTION,7410 COCA COLA DRIVE,SUITE 211,,ELKRDIGE,MD,21076,,,,,,,,,,,,,,Y,,GLENELG CONSTRUCTION,7410 COCA COLA DR,,STE #211,,ELKRDIGE,MD,21076,US,MEDIUM,100,REVIEW,NaT,,,,,,,,,,,Y
785,ATS,,GLENMONT HEATING & AIR CONDITIONING,2267 LEWIS AVENUE,,,ROCKVILLE,MD,20851,,,,,,,,,,,,,,Y,,GLENMONT HEATING & AIR CONDITIONING,2267 LEWIS AVE,,,,ROCKVILLE,MD,20851,US,HIGH,80,READY,2026-01-11 12:48:58,,,,,,,,,,,Y
786,ATS,,GLENN E. WALTZ,532 E. CHURCH STREET,,,FREDERICK,MD,21701,,,,,,,,,,,,,,Y,,GLENN E WALTZ,532 E CHURCH ST,,,,FREDERICK,MD,21701,US,HIGH,80,READY,2026-01-11 12:49:00,,,,,,,,,,,Y
787,ATS,,GLENSTONE,12100 GLEN ROAD,,,POTOMAC,MD,20854-2364,,,,,,,,,,,,,,Y,,GLENSTONE,12100 GLEN RD,,,,POTOMAC,MD,20854-2364,US,HIGH,80,READY,2026-01-11 12:49:03,,,,,,,,,,,Y
788,ATS,,"GLOBAL CONTROLS SYSTEMS, INC",3297 MILLWOOD TRAIL,,,SMYRNA,GA,30080,,,,,,,,,,,,,,Y,,GLOBAL CONTROLS SYSTEMS INC,3297 MILLWOOD TRAIL,,,,SMYRNA,GA,30080,US,HIGH,80,READY,2026-01-11 12:49:05,,,,,,,,,,,Y
789,ATS,,"GM SUPPLY & SERVICES, INC.",7008-R GOLDEN RING ROAD,EMAIL INVOICES,,BALTIMORE,MD,21237,,,,,,,,,,,,,,Y,,GM SUPPLY & SERVICES INC,7008-R GOLDEN RING RD,,,,BALTIMORE,MD,21237,US,MEDIUM,100,REVIEW,NaT,,,,,,,,,,,Y
790,ATS,,GMU-FACILITIES MANAGEMENT BILLING,4400 UNIVERSITY DRIVE - EMAIL INVOICE,WAREHOUSE MSN 1E4,,FAIRFAX,VA,22030,,,,,,,,,,,,,,Y,,GMU-FACILITIES MANAGEMENT BILLING,4400 UNIVERSITY DR,,WAREHOUSE MSN 1E4,,FAIRFAX,VA,22030,US,HIGH,80,READY,2026-01-11 12:49:09,,,,,,,,,,,Y
791,ATS,,"GMUF ARLINGTON CAMPUS, LLC",4601 NORTH FAIRFAX DRIVE,SUITE 1115,,ARLINGTON,VA,22203,,,,,,,,,,,,,,Y,,GMUF ARLINGTON CAMPUS LLC,4601 N FAIRFAX DR,,STE #1115,,ARLINGTON,VA,22203,US,MEDIUM,100,REVIEW,NaT,,,,,,,,,,,Y
792,ATS,,GODDARD INCORPORATED,26769 TIN TOP SCHOOL RD,,,MECHANICSVILLE,MD,20657,,,,,,,,,,,,,,Y,,GODDARD INCORPORATED,26769 TIN TOP SCHOOL RD,,,,MECHANICSVILLE,MD,20657,US,MEDIUM,100,REVIEW,NaT,,,,,,,,,,,Y
793,ATS,,MEDSTAR HEALTH,PO BOX 518,email invoice,,ELMSFORD,NY,10523,,,,,,,,,,,,,,Y,,MEDSTAR HEALTH,PO BOX 518,,,,ELMSFORD,NY,10523,US,MEDIUM,70,REVIEW,NaT,,,,,,,,,,,Y
794,ATS,,GOODE REFRIGERATION - COURT,12289 LIVINGSTON RD,,,MANASSAS,VA,20109,,,,,,,,,,,,,,Y,,GOODE REFRIGERATION - COURT,12289 LIVINGSTON RD,,,,MANASSAS,VA,20109,US,MEDIUM,100,REVIEW,NaT,,,,,,,,,,,Y
795,ATS,,"GOODMAN DISTRIBUTION, INC.",5151 SAN FELIPE,SUITE 500,,HOUSTON,TX,77056,,,,,,,,,,,,,,Y,,GOODMAN DISTRIBUTION INC,5151 SAN FELIPE,,STE #500,,HOUSTON,TX,77056,US,HIGH,80,READY,2026-01-11 12:49:19,,,,,,,,,,,Y
796,ATS,,"GOSHORN, INC",6627 ELECTRIC AVENUE,,,NEW BALTIMORE,VA,20110,,,,,,,,,,,,,,Y,,GOSHORN INC,6627 ELECTRIC AVE,,,,NEW BALTIMORE,VA,20110,US,MEDIUM,100,REVIEW,NaT,,,,,,,,,,,Y
797,ATS,,GOT GERMS,616 OLD STAGE ROAD,,,GLEN BURNIE,MD,21061,,,,,,,,,,,,,,Y,,GOT GERMS,616 OLD STAGE RD,,,,GLEN BURNIE,MD,21061,US,HIGH,80,READY,2026-01-11 12:49:23,,,,,,,,,,,Y
798,ATS,,GOUCHER COLLEGE,BUSINESS DEPARTMENT-EMAIL,1021 DULANEY VALLEY ROAD,,TOWSON,MD,21204,,,,,,,,,,,,,,Y,,GOUCHER COLLEGE,1021 DULANEY VALLEY RD,,BUSINESS DEPARTMENT,,TOWSON,MD,21204,US,HIGH,80,READY,2026-01-11 12:49:25,,,,,,,,,,,Y
799,ATS,,"GOVAGE, INC",12 KENWOOD DR.,EMAIL INVOICES,,HAZELWOOD,MO,63042-2703,,,,,,,,,,,,,,Y,,GOVAGE INC,12 KENWOOD DR,,,,HAZELWOOD,MO,63042-2703,US,MEDIUM,100,REVIEW,NaT,,,,,,,,,,,Y
800,ATS,,"GOVERNMENT MLO SUPPLIES USA,INC",4921-B AUBURN AVE,,,BETHESDA,MD,20814,,,,,,,,,,,,,,Y,,GOVERNMENT MLO SUPPLIES USAINC,4921-B AUBURN AVE,,,,BETHESDA,MD,20814,US,HIGH,80,READY,2026-01-11 12:49:29,,,,,,,,,,,Y
801,ATS,,GOVERNMENT PUBLISHING OFFICE,732 NORTH CAPITOL ST NW,,,WASHINGTON,DC,20401,,,,,,,,,,,,,,Y,,GOVERNMENT PUBLISHING OFFICE,732 N CAPITOL ST NW,,,,WASHINGTON,DC,20401,US,HIGH,80,READY,2026-01-11 12:49:31,,,,,,,,,,,Y
802,ATS,,GRACE MEDICAL CTR - LIFEBRIDGE HEALTH,ACCOUNTS PAYABLE,PO BOX 2667 - EMAIL,,BALTIMORE,MD,21215-0004,,,,,,,,,,,,,,Y,,GRACE MEDICAL CTR - LIFEBRIDGE HEALTH,PO BOX 2667,,,,BALTIMORE,MD,21215-0004,US,MEDIUM,70,REVIEW,NaT,,,,,,,,,,,Y
803,ATS,,GRANDER CAPITAL PARTNERS,25 SOUTH CHARLES STREET,SUITE 1300,,BALTIMORE,MD,21201,,,,,,,,,,,,,,Y,,GRANDER CAPITAL PARTNERS,25 S CHARLES ST,,STE #1300,,BALTIMORE,MD,21201,US,HIGH,80,READY,2026-01-11 12:49:33,,,,,,,,,,,Y
804,ATS,,GRANULES PHARMACEUTICALS INC.,3701 CONCORDE PARKWAY,EMAIL INVOICE,,CHANTILLY,VA,20151,,,,,,,,,,,,,,Y,,GRANULES PHARMACEUTICALS INC,3701 CONCORDE PKWY,,,,CHANTILLY,VA,20151,US,MEDIUM,100,REVIEW,NaT,,,,,,,,,,,Y
805,ATS,,GRAPHTEC COMPANY,8620 OLD DORSEY RUN ROAD,,,JESSUP,MD,20794,,,,,,,,,,,,,,Y,,GRAPHTEC COMPANY,8620 OLD DORSEY RUN RD,,,,JESSUP,MD,20794,US,HIGH,80,READY,2026-01-11 12:49:37,,,,,,,,,,,Y
806,ATS,,GRAY GRAPHICS,8607 CENTRAL AVENUE,,,CAPITAL HEIGHTS,MD,20743,,,,,,,,,,,,,,Y,,GRAY GRAPHICS,8607 CENTRAL AVE,,,,CAPITAL HEIGHTS,MD,20743,US,MEDIUM,100,REVIEW,NaT,,,,,,,,,,,Y
807,ATS,,GRAYBAR,PO BOX 78099,EMAIL INVOICE,,ST LOUIS,MO,63178,,,,,,,,,,,,,,Y,,GRAYBAR,PO BOX 78099,,,,ST LOUIS,MO,63178,US,MEDIUM,70,REVIEW,NaT,,,,,,,,,,,Y
808,ATS,,GRAYBAR ELEC. CO. INC.,3701 E. MONUMENT ST.,,,BALTIMORE,MD,21205,,,,,,,,,,,,,,Y,,GRAYBAR ELEC CO INC,3701 E MONUMENT ST,,,,BALTIMORE,MD,21205,US,HIGH,80,READY,2026-01-11 12:49:43,,,,,,,,,,,Y
809,ATS,,"GREEN CONTRACTING COMPANY, INC.",8837 YELLOW BRICK ROAD,EMAIL INVOICES,,BALTIMORE,MD,21237,,,,,,,,,,,,,,Y,,GREEN CONTRACTING COMPANY INC,8837 YELLOW BRICK RD,,,,BALTIMORE,MD,21237,US,HIGH,80,READY,2026-01-11 12:49:45,,,,,,,,,,,Y
810,ATS,,GREEN THUMB INDUSTRIES,355 MALONEY ROAD,,,ELKTON,MD,21921,,,,,,,,,,,,,,Y,,GREEN THUMB INDUSTRIES,355 MALONEY RD,,,,ELKTON,MD,21921,US,MEDIUM,100,REVIEW,NaT,,,,,,,,,,,Y
811,ATS,,GREENWAY ENTERPRISES,"44652 GUILFORD DRIVE, SUITE 107",EMAIL INVOICES,,ASHBURN,VA,20147,,,,,,,,,,,,,,Y,,GREENWAY ENTERPRISES,44652 GUILFORD DR,,STE #107,,ASHBURN,VA,20147,US,HIGH,80,READY,2026-01-11 12:49:49,,,,,,,,,,,Y
812,ATS,,GREGORY GIBSON,4195 WHITING ROAD,,,MARSHALL,VA,20115,,,,,,,,,,,,,,Y,,GREGORY GIBSON,4195 WHITING RD,,,,MARSHALL,VA,20115,US,HIGH,80,READY,2026-01-11 12:49:51,,,,,,,,,,,Y
813,ATS,,GREGORY GROSS,6815 YATES ROAD,,,MANASSAS,VA,20111,,,,,,,,,,,,,,Y,,GREGORY GROSS,6815 YATES RD,,,,MANASSAS,VA,20111,US,MEDIUM,100,REVIEW,NaT,,,,,,,,,,,Y
814,ATS,,GRETCHEN SCHERPING,28684 EMANUEL STREET,,,EASTON,MD,21601,,,,,,,,,,,,,,Y,,GRETCHEN SCHERPING,28684 EMANUEL ST,,,,EASTON,MD,21601,US,HIGH,80,READY,2026-01-11 12:49:55,,,,,,,,,,,Y
815,ATS,,GREYT MECHANICAL,,,,,,,,,,,,,,,,,,,,Y,,GREYT MECHANICAL,,,,,,,,US,LOW,20,INVALID,NaT,,,,,,,,,,,Y
816,ATS,,GRIZZLY VENTURES LLC,NXS# ADVTHE -ACC4,P.O.BOX 22116-7643,,MERRIFIELD,VA,22116-7643,,,,,,,,,,,,,,Y,,GRIZZLY VENTURES LLC,PO BOX 22116-7643,,NXS# ADVTHE -ACC4,,MERRIFIELD,VA,22116-7643,US,MEDIUM,70,REVIEW,NaT,,,,,,,,,,,Y
817,ATS,,GROUNDED ELECTRICAL CONSTRUCTION,"504 MCCORMICK DR., SUITE C",EMAIL INVOICE,,GLEN BURNIE,MD,21061,,,,,,,,,,,,,,Y,,GROUNDED ELECTRICAL CONSTRUCTION,504 MCCORMICK DR,,STE #C,,GLEN BURNIE,MD,21061,US,HIGH,80,READY,2026-01-11 12:49:58,,,,,,,,,,,Y
818,ATS,,"GROVE CONSULTING HVAC SPECIALISTS, LLC",1354 TUSCARORA PIKE,HEDGESVILLE,,HEDGESVILLE,WV,25427,,,,,,,,,,,,,,Y,,GROVE CONSULTING HVAC SPECIALISTS LLC,1354 TUSCARORA PIKE,,HEDGESVILLE,,HEDGESVILLE,WV,25427,US,MEDIUM,100,REVIEW,NaT,,,,,,,,,,,Y
819,ATS,,GRUMMAN BUTKUS ASSOCIATES,820 DAVIS STREET,SUITE 300,,EVANSTON,IL,60201,,,,,,,,,,,,,,Y,,GRUMMAN BUTKUS ASSOCIATES,820 DAVIS ST,,STE #300,,EVANSTON,IL,60201,US,HIGH,80,READY,2026-01-11 12:50:02,,,,,,,,,,,Y
820,ATS,,GSA DC SERVICE CENTER,C/O REGINALD A SCOTT,1717 PENNSYLVANA AVE STE 1150,,WASHINGTON,DC,20006,,,,,,,,,,,,,,Y,,GSA DC SERVICE CENTER,1717 PENNSYLVANA AVE,,STE 1150 C/O REGINALD A SCOTT,,WASHINGTON,DC,20006,US,MEDIUM,100,REVIEW,NaT,,,,,,,,,,,Y
821,ATS,,U.S. GENERAL SERVICES ADMIN/NCR/PBS,TRIANGLE SERVICE CENTER,"1300 PENNSYLVANIA AVE., SUTE G.1-10",,WASHINGTON,DC,20004,,,,,,,,,,,,,,Y,,US GENERAL SERVICES ADMIN/NCR/PBS,1300 PENNSYLVANIA AVE SUTE G1-10,,TRIANGLE SERVICE CENTER,,WASHINGTON,DC,20004,US,MEDIUM,100,REVIEW,NaT,,,,,,,,,,,Y
822,ATS,,GSA WHITE HOUSE,PBS PAYMENT BRANCH,PO BOX 17181,,FORT WORTH,TX,76102-0181,,,,,,,,,,,,,,Y,,GSA WHITE HOUSE,PO BOX 17181,,PBS PAYMENT BRANCH,,FORT WORTH,TX,76102-0181,US,MEDIUM,70,REVIEW,NaT,,,,,,,,,,,Y
823,ATS,,"GSW ELECTRICAL SERVICE, LLC",6366 ALBERS DRIVE,,,MT. AIRY,MD,21771,,,,,,,,,,,,,,Y,,GSW ELECTRICAL SERVICE LLC,6366 ALBERS DR,,,,MT AIRY,MD,21771,US,MEDIUM,100,REVIEW,NaT,,,,,,,,,,,Y
824,ATS,,"GTI MARYLAND, LLC",152 COMET DRIVE,EMAIL INVOICES,,CENTREVILLE,MD,21617,,,,,,,,,,,,,,Y,,GTI MARYLAND LLC,152 COMET DR,,,,CENTREVILLE,MD,21617,US,HIGH,80,READY,2026-01-11 12:50:11,,,,,,,,,,,Y
825,ATS,,CHRIS GUAY,6359 YATES FORD ROAD,,,MANASSAS,VA,20111,,,,,,,,,,,,,,Y,,CHRIS GUAY,6359 YATES FORD RD,,,,MANASSAS,VA,20111,US,MEDIUM,100,REVIEW,NaT,,,,,,,,,,,Y
826,ATS,,"G-W MANAGEMENT SERVICES, LLC","5010 NICHOLSON LANE, SUITE 200",EMAIL INVOICE,,ROCKVILLE,MD,20852,,,,,,,,,,,,,,Y,,G-W MANAGEMENT SERVICES LLC,5010 NICHOLSON LN,,STE #200,,ROCKVILLE,MD,20852,US,MEDIUM,100,REVIEW,NaT,,,,,,,,,,,Y
827,ATS,,"GW MECHANICAL, LLC",12177 BALLS FORD RD,email invoice,,MANASSAS,VA,20109,,,,,,,,,,,,,,Y,,GW MECHANICAL LLC,12177 BALLS FORD RD,,,,MANASSAS,VA,20109,US,MEDIUM,100,REVIEW,NaT,,,,,,,,,,,Y
828,ATS,,"H&B PRODUCTS, INC.",12500 Baltimore Avenue,Unit F,,Beltsville,MD,20705,,,,,,,,,,,,,,Y,,H&B PRODUCTS INC,12500 BALTIMORE AVE,,UNIT F,,BELTSVILLE,MD,20705,US,HIGH,80,READY,2026-01-11 12:50:20,,,,,,,,,,,Y
829,ATS,,H&D MECHANICAL LLC,7703 CRAIN HIGHWAY,EMAIL INVOICES,,UPPER MARLBORO,MD,20772,,,,,,,,,,,,,,Y,,H&D MECHANICAL LLC,7703 CRAIN HWY,,,,UPPER MARLBORO,MD,20772,US,HIGH,80,READY,2026-01-11 12:50:21,,,,,,,,,,,Y
830,ATS,,H.C. NYE CO,2999 Revere St,,,HARRISBURG,PA,17111,,,,,,,,,,,,,,Y,,HC NYE CO,2999 REVERE ST,,,,HARRISBURG,PA,17111,US,HIGH,80,READY,2026-01-11 12:50:23,,,,,,,,,,,Y
831,ATS,,H.M. SWEENY CO.,8373 ARDWICK ARDMORE ROAD,ermail - invoice,,LANDOVER,MD,20785,,,,,,,,,,,,,,Y,,HM SWEENY CO,8373 ARDWICK ARDMORE RD,,ERMAIL - INVOICE,,LANDOVER,MD,20785,US,HIGH,80,READY,2026-01-11 12:50:26,,,,,,,,,,,Y
832,ATS,,HAGEMEYER,8009 Corporate Drive,,,White Marsh,MD,21236,,,,,,,,,,,,,,Y,,HAGEMEYER,8009 CORPORATE DR,,,,WHITE MARSH,MD,21236,US,HIGH,80,READY,2026-01-11 12:50:28,,,,,,,,,,,Y
833,ATS,,HAGERSTOWN COMMUNITY COLLEGE,11400 ROBINWOOD DR,,,HAGERSTOWN,MD,21742,,,,,,,,,,,,,,Y,,HAGERSTOWN COMMUNITY COLLEGE,11400 ROBINWOOD DR,,,,HAGERSTOWN,MD,21742,US,MEDIUM,100,REVIEW,NaT,,,,,,,,,,,Y
834,ATS,,HAMBY SERVICE CORPORATION,30 BUCKHORN TRAIL,,,FREDERICKSBURG,VA,22406,,,,,,,,,,,,,,Y,,HAMBY SERVICE CORPORATION,30 BUCKHORN TRAIL,,,,FREDERICKSBURG,VA,22406,US,MEDIUM,100,REVIEW,NaT,,,,,,,,,,,Y
835,ATS,,HAMILTON PACIFIC CHAMBERLAIN,14- K IRONGATE DR,,,WALDORF,MD,20602,,,,,,,,,,,,,,Y,,HAMILTON PACIFIC CHAMBERLAIN,14- K IRONGATE DR,,,,WALDORF,MD,20602,US,MEDIUM,100,REVIEW,NaT,,,,,,,,,,,Y
836,ATS,,"HANCO & ASSOCIATES, INC.",1129B CLAYTON ROAD,,,JOPPA,MD,21085,,,,,,,,,,,,,,Y,,HANCO & ASSOCIATES INC,1129B CLAYTON RD,,,,JOPPA,MD,21085,US,MEDIUM,100,REVIEW,NaT,,,,,,,,,,,Y
837,ATS,,"HANCOCK AND SONS PLUMBING, LLC",239 LEONARD LANE,,,SALISBURY,MD,21801,,,,,,,,,,,,,,Y,,HANCOCK & SONS PLUMBING LLC,239 LEONARD LN,,,,SALISBURY,MD,21801,US,HIGH,80,READY,2026-01-11 12:50:46,,,,,,,,,,,Y
838,ATS,,HANCOCK REFRIGERATION COMPANY,EMAIL INVOICE,28650 POINT LOOKOUT ROAD,,LEONARDTOWN,MD,20650,,,,,,,,,,,,,,Y,,HANCOCK REFRIGERATION COMPANY,28650 POINT LOOKOUT RD,,,,LEONARDTOWN,MD,20650,US,HIGH,80,READY,2026-01-11 12:50:48,,,,,,,,,,,Y
839,ATS,,BALTOWER ASSOC. LLC,7 ST. PAUL ST.,STE 950,,BALTIMORE,MD,21202,,,,,,,,,,,,,,Y,,BALTOWER ASSOC LLC,7 ST PAUL ST,,STE 950,,BALTIMORE,MD,21202,US,HIGH,80,READY,2026-01-11 12:50:51,,,,,,,,,,,Y
840,ATS,,MEDSTAR HARBOR HOSPITAL,"MEDSTAR HEALTH, INC",PO BOX 518,,ELMSFORD,NY,10523,,,,,,,,,,,,,,Y,,MEDSTAR HARBOR HOSPITAL,PO BOX 518,,MEDSTAR HEALTH INC,,ELMSFORD,NY,10523,US,MEDIUM,70,REVIEW,NaT,,,,,,,,,,,Y
841,ATS,,"HARDESTY, INC.",5231 INTERCOASTAL DRIVE,EMAIL INVOICE,,MONROVIA,MD,21770,,,,,,,,,,,,,,Y,,HARDESTY INC,5231 INTERCOASTAL DR,,,,MONROVIA,MD,21770,US,HIGH,80,READY,2026-01-11 12:50:52,,,,,,,,,,,Y
842,ATS,,HARFORD COMMUNITY COLLEGE,401 THOMAS RUN ROAD,(BOB CAHA),,BEL  AIR,MD,21015,,,,,,,,,,,,,,Y,,HARFORD COMMUNITY COLLEGE,401 THOMAS RUN RD,,(BOB CAHA),,BEL AIR,MD,21015,US,HIGH,80,READY,2026-01-11 12:50:54,,,,,,,,,,,Y
843,ATS,,HARFORD COUNTY GOVERNMENT,FACILITIES & OPERATIONS,611 N. FOUNTAIN GREEN RD.,,BEL  AIR,MD,21014,,,,,,,,,,,,,,Y,,HARFORD COUNTY GOVERNMENT,611 N FOUNTAIN GREEN RD,,FACILITIES & OPERATIONS,,BEL AIR,MD,21014,US,MEDIUM,100,REVIEW,NaT,,,,,,,,,,,Y
844,ATS,,HARFORD COUNTY PUBLIC SCHOOLS,2209 CONOWINGO RD,,,BEL AIR,MD,21015,,,,,,,,,,,,,,Y,,HARFORD COUNTY PUBLIC SCHOOLS,2209 CONOWINGO RD,,,,BEL AIR,MD,21015,US,HIGH,80,READY,2026-01-11 12:51:00,,,,,,,,,,,Y
845,ATS,,HARFORD MEMORIAL HOSPITAL,501 SOUTH UNION AVENUE,,,HAVRE DE GRACE,MD,21078,,,,,,,,,,,,,,Y,,HARFORD MEMORIAL HOSPITAL,501 S UNION AVE,,,,HAVRE DE GRACE,MD,21078,US,HIGH,80,READY,2026-01-11 12:51:02,,,,,,,,,,,Y
846,ATS,,"HARFORD REFRIGERATION CO., INC",7915 PHILADELPHIA RD,,,BALTIMORE,MD,21237,,,,,,,,,,,,,,Y,,HARFORD REFRIGERATION CO INC,7915 PHILADELPHIA RD,,,,BALTIMORE,MD,21237,US,HIGH,80,READY,2026-01-11 12:51:04,,,,,,,,,,,Y
847,ATS,,"HARRIS MID-ATLANTIC, INC",120 WEST HAMPTON AVENUE,EMAIL INVOICES,,CAPITAL HEIGHTS,MD,20743,,,,,,,,,,,,,,Y,,HARRIS MID-ATLANTIC INC,120 W HAMPTON AVE,,,,CAPITAL HEIGHTS,MD,20743,US,MEDIUM,100,REVIEW,NaT,,,,,,,,,,,Y
848,ATS,,"HARRY EKLOF & ASSOCIATES, INC",3401 PENNSY DRIVE,,,LANDOVER,MD,20785,,,,,,,,,,,,,,Y,,HARRY EKLOF & ASSOCIATES INC,3401 PENNSY DR,,,,LANDOVER,MD,20785,US,HIGH,80,READY,2026-01-11 12:51:08,,,,,,,,,,,Y
849,ATS,,HARRY ZINT,8009 MILLER DRIVE,,,MANASSAS,VA,20111,,,,,,,,,,,,,,Y,,HARRY ZINT,8009 MILLER DR,,,,MANASSAS,VA,20111,US,HIGH,80,READY,2026-01-11 12:51:10,,,,,,,,,,,Y
850,ATS,,BOARD OF EDUCATION OF HARFORD COUNTY,2209 CONOWINGO RD,,,BEL  AIR,MD,21014,,,,,,,,,,,,,,Y,,BOARD OF EDUCATION OF HARFORD COUNTY,2209 CONOWINGO RD,,,,BEL AIR,MD,21014,US,HIGH,80,READY,2026-01-11 12:51:12,,,,,,,,,,,Y
851,ATS,,HARTWELL ENGINEERING,PO BOX 218,,,GRASONVILLE,MD,21638,,,,,,,,,,,,,,Y,,HARTWELL ENGINEERING,PO BOX 218,,,,GRASONVILLE,MD,21638,US,MEDIUM,70,REVIEW,NaT,,,,,,,,,,,Y
852,ATS,,HARVEY HOTTEL,18900 A WOODFIELD ROAD,,,GAITHERSBURG,MD,20879,,,,,,,,,,,,,,Y,,HARVEY HOTTEL,18900 A WOODFIELD RD,,,,GAITHERSBURG,MD,20879,US,MEDIUM,100,REVIEW,NaT,,,,,,,,,,,Y
853,ATS,,ELLEN HARWARD,401 PLUMBRIDGE COURT,UNIT #102,,TIMONIUM,MD,21093,,,,,,,,,,,,,,Y,,ELLEN HARWARD,401 PLUMBRIDGE CT,,UNIT #102,,TIMONIUM,MD,21093,US,MEDIUM,100,REVIEW,NaT,,,,,,,,,,,Y
854,ATS,,HASH CONSTRUCTION,9290 W AND W INDUSTRIAL ROAD,,,LA PLATA,MD,20646,,,,,,,,,,,,,,Y,,HASH CONSTRUCTION,9290 W AND W INDUSTRIAL RD,,,,LA PLATA,MD,20646,US,MEDIUM,100,REVIEW,NaT,,,,,,,,,,,Y
855,ATS,,"HATZEL & BUEHLER, INC.",PO BOX 7499,EMAIL INVOICES,,WILMINGTON,DE,19803,,,,,,,,,,,,,,Y,,HATZEL & BUEHLER INC,PO BOX 7499,,,,WILMINGTON,DE,19803,US,MEDIUM,70,REVIEW,NaT,,,,,,,,,,,Y
856,ATS,,HAUTE BODHI YOGA,4908 WISCONSIN AVE NW,,,WASHINGTON,DC,20016,,,,,,,,,,,,,,Y,,HAUTE BODHI YOGA,4908 WISCONSIN AVE NW,,,,WASHINGTON,DC,20016,US,HIGH,80,READY,2026-01-11 12:51:20,,,,,,,,,,,Y
857,ATS,,"HAVATECH, INC.",14210 SULLYFIELD CIRCLE,SUITE C,,CHANTILLY,VA,20151,,,,,,,,,,,,,,Y,,HAVATECH INC,14210 SULLYFIELD CIR,,STE #C,,CHANTILLY,VA,20151,US,HIGH,80,READY,2026-01-11 12:51:22,,,,,,,,,,,Y
858,ATS,,HAVTECH -email invoice,9505 BERGER ROAD,,,COLUMBIA,MD,21046,,,,,,,,,,,,,,Y,,HAVTECH,9505 BERGER RD,,,,COLUMBIA,MD,21046,US,HIGH,80,READY,2026-01-11 12:51:24,,,,,,,,,,,Y
859,ATS,,HAVTECH,9505 BERGER ROAD,,,COLUMBIA,MD,21046,,,,,,,,,,,,,,Y,,HAVTECH,9505 BERGER RD,,,,COLUMBIA,MD,21046,US,HIGH,80,READY,2026-01-11 12:51:26,,,,,,,,,,,Y
860,ATS,,HAYDEN MECHANICAL,2136 BOLLINGER MILL ROAD,,,FINKSBURG,MD,21048,,,,,,,,,,,,,,Y,,HAYDEN MECHANICAL,2136 BOLLINGER MILL RD,,,,FINKSBURG,MD,21048,US,MEDIUM,100,REVIEW,NaT,,,,,,,,,,,Y
861,ATS,,HAYFIELD COUNTRY CLUB,700 HAYFIELDS ROAD,,,COCKEYSVILLE,MD,21030,,,,,,,,,,,,,,Y,,HAYFIELD COUNTRY CLUB,700 HAYFIELDS RD,,,,COCKEYSVILLE,MD,21030,US,HIGH,80,READY,2026-01-11 12:51:30,,,,,,,,,,,Y
862,ATS,,HAYGOOD MECHANICAL,7403 SINGLE TREE LANE,,,JESSUP,MD,20794,,,,,,,,,,,,,,Y,,HAYGOOD MECHANICAL,7403 SINGLE TREE LN,,,,JESSUP,MD,20794,US,MEDIUM,100,REVIEW,NaT,,,,,,,,,,,Y
863,ATS,,"HBH SOLUTIONS, LLC",14806 BOWIE FARM CT,,,BOWIE,MD,20721,,,,,,,,,,,,,,Y,,HBH SOLUTIONS LLC,14806 BOWIE FARM CT,,,,BOWIE,MD,20721,US,HIGH,80,READY,2026-01-11 12:51:34,,,,,,,,,,,Y
864,ATS,,"HBP, INC",952 FREDERICK STREET,EMAIL INVOICES,,HAGERSTOWN,MD,21740,,,,,,,,,,,,,,Y,,HBP INC,952 FREDERICK ST,,,,HAGERSTOWN,MD,21740,US,HIGH,80,READY,2026-01-11 12:51:36,,,,,,,,,,,Y
865,ATS,,HD JOHNSON,5500 MCARTHUR BLVD NW,,,WASHINGTON,DC,20016,,,,,,,,,,,,,,Y,,HD JOHNSON,5500 MCARTHUR BLVD NW,,,,WASHINGTON,DC,20016,US,MEDIUM,100,REVIEW,NaT,,,,,,,,,,,Y
866,ATS,,"HDT EXPEDITIONARY SYSTEM, INC.",30500 AURORA RD,SUITE 100,,SOLON,OH,44319-2795,,,,,,,,,,,,,,Y,,HDT EXPEDITIONARY SYSTEM INC,30500 AURORA RD,,STE #100,,SOLON,OH,44319-2795,US,HIGH,80,READY,2026-01-11 12:51:40,,,,,,,,,,,Y
867,ATS,,HEALTHCARE REALTY TRUST,3310 WEST END AVENUE,SUITE 775,,NASHVILLE,TN,37203,,,,,,,,,,,,,,Y,,HEALTHCARE REALTY TRUST,3310 W END AVE,,STE #775,,NASHVILLE,TN,37203,US,HIGH,80,READY,2026-01-11 12:51:42,,,,,,,,,,,Y
868,ATS,,HEAT PIPE TECHNOLOGY,4340 NE 49TH AVENUE,,,GAINESVILLE,FL,32609,,,,,,,,,,,,,,Y,,HEAT PIPE TECHNOLOGY,4340 NE 49TH AVE,,,,GAINESVILLE,FL,32609,US,HIGH,80,READY,2026-01-11 12:51:44,,,,,,,,,,,Y
869,ATS,,HEAT PIPE TECHNOLOGIES,6904 PARKE EAST BLVD,EMAIL INVOICE,,TAMPA,FL,33610,,,,,,,,,,,,,,Y,,HEAT PIPE TECHNOLOGIES,6904 PARKE E BLVD,,,,TAMPA,FL,33610,US,MEDIUM,100,REVIEW,NaT,,,,,,,,,,,Y
870,ATS,,HEER BROTHERS,"7500 ENERGY COURT, UNIT 8",,,CURTIS BAY,MD,21226,,,,,,,,,,,,,,Y,,HEER BROTHERS,7500 ENERGY CT UNIT 8,,,,CURTIS BAY,MD,21226,US,MEDIUM,100,REVIEW,NaT,,,,,,,,,,,Y
871,ATS,,HEFFRON COMPANY,EMAIL INVOICE,4940 NICHOLSON COURT,,KENSINGTON,MD,20895,,,,,,,,,,,,,,Y,,HEFFRON COMPANY,4940 NICHOLSON CT,,,,KENSINGTON,MD,20895,US,MEDIUM,100,REVIEW,NaT,,,,,,,,,,,Y
872,ATS,,"HENSEL PHELPS SERVICES, LLC",100 BUREAU DRIVE,EMAIL INVOICE,,GAITHERSBURG,MD,20899,,,,,,,,,,,,,,Y,,HENSEL PHELPS SERVICES LLC,100 BUREAU DR,,,,GAITHERSBURG,MD,20899,US,HIGH,80,READY,2026-01-11 12:51:52,,,,,,,,,,,Y
873,ATS,,HERITAGE MECHANICAL - EMAIL,2134 ESPEY COURT,SUITE 7,,CROFTON,MD,21114,,,,,,,,,,,,,,Y,,HERITAGE MECHANICAL,2134 ESPEY CT,,STE #7,,CROFTON,MD,21114,US,HIGH,80,READY,2026-01-11 12:51:54,,,,,,,,,,,Y
874,ATS,,HEROLD LEFF CONTRACTING,2810 REIGN STREET,,,HERDON,VA,20171,,,,,,,,,,,,,,Y,,HEROLD LEFF CONTRACTING,2810 REIGN ST,,,,HERDON,VA,20171,US,MEDIUM,100,REVIEW,NaT,,,,,,,,,,,Y
875,ATS,,HESS MECHANICAL,9600 FALLARD COURT,,,UPPER MARLBORO,MD,20772,,,,,,,,,,,,,,Y,,HESS MECHANICAL,9600 FALLARD CT,,,,UPPER MARLBORO,MD,20772,US,HIGH,80,READY,2026-01-11 12:51:58,,,,,,,,,,,Y
876,ATS,,HEALTH & HUMAN SERVICES (HHS) GOV,"200 INDEPENDENCE AVE, SW",,,WASHINGTON,DC,20201,,,,,,,,,,,,,,Y,,HEALTH & HUMAN SERVICES (HHS) GOV,200 INDEPENDENCE AVE SW,,,,WASHINGTON,DC,20201,US,HIGH,80,READY,2026-01-11 12:52:00,,,,,,,,,,,Y
877,ATS,,HI-MARK CONSTRUCTION,5000 OVERLOOK AVENUE SW,,,WASHINGTON,DC,20032,,,,,,,,,,,,,,Y,,HI-MARK CONSTRUCTION,5000 OVERLOOK AVE SW,,,,WASHINGTON,DC,20032,US,HIGH,80,READY,2026-01-11 12:52:02,,,,,,,,,,,Y
878,ATS,,"HILL'S ELECTRIC MOTOR SERVICE, INC",3901 VINCENT ROAD,,,LINKWOOD,MD,21835,,,,,,,,,,,,,,Y,,HILL'S ELECTRIC MOTOR SERVICE INC,3901 VINCENT RD,,,,LINKWOOD,MD,21835,US,HIGH,80,READY,2026-01-11 12:52:04,,,,,,,,,,,Y
879,ATS,,HILLWOOD MUSEUM,"4155 LINNEAN AVENUE, NW",,,WASHINGTON,DC,20008,,,,,,,,,,,,,,Y,,HILLWOOD MUSEUM,4155 LINNEAN AVE NW,,,,WASHINGTON,DC,20008,US,HIGH,80,READY,2026-01-11 12:52:06,,,,,,,,,,,Y
880,ATS,,HILTON GARDEN INN,2201 M ST NW,,,WASHINGTON,DC,20037,,,,,,,,,,,,,,Y,,HILTON GARDEN INN,2201 M ST NW,,,,WASHINGTON,DC,20037,US,HIGH,80,READY,2026-01-11 12:52:08,,,,,,,,,,,Y
881,ATS,,HINES,1200 19TH STREET NW,,,WAHSINGTON,DC,20036,,,,,,,,,,,,,,Y,,HINES,1200 19TH ST NW,,,,WAHSINGTON,DC,20036,US,MEDIUM,100,REVIEW,NaT,,,,,,,,,,,Y
882,ATS,,"HISCO, INC.",6650 CONCORD PARK DRIVE,,,HOUSTON,TX,77040,,,,,,,,,,,,,,Y,,HISCO INC,6650 CONCORD PARK DR,,,,HOUSTON,TX,77040,US,HIGH,80,READY,2026-01-11 12:52:11,,,,,,,,,,,Y
883,ATS,,HITT CONTRACTING INC.,2900 FAIRVIEW PARK DRIVE,EMAIL INVOICE,,FALLS CHURCH,VA,22042,,,,,,,,,,,,,,Y,,HITT CONTRACTING INC,2900 FAIRVIEW PARK DR,,,,FALLS CHURCH,VA,22042,US,MEDIUM,100,REVIEW,NaT,,,,,,,,,,,Y
884,ATS,,HYDRONIC MODULES CORPORATION,117A CHURCH LANE,,,COCKEYSVILLE,MD,21030,,,,,,,,,,,,,,Y,,HYDRONIC MODULES CORPORATION,117A CHURCH LN,,,,COCKEYSVILLE,MD,21030,US,HIGH,80,READY,2026-01-11 12:52:16,,,,,,,,,,,Y
885,ATS,,"HOBBS & ASSOCIATES, INC",PO BOX 12909,EMAIL INVOICES,,NORFOLK,VA,23541,,,,,,,,,,,,,,Y,,HOBBS & ASSOCIATES INC,PO BOX 12909,,,,NORFOLK,VA,23541,US,MEDIUM,70,REVIEW,NaT,,,,,,,,,,,Y
886,ATS,,"HODESS CLEANROOM CONSTRUCTION, LLC","8 NORTH MAIN ST., SUITE 400",EMAIL INVOICES,,ATTLEBORO,MA,02703,,,,,,,,,,,,,,Y,,HODESS CLEANROOM CONSTRUCTION LLC,8 N MAIN ST,,STE #400,,ATTLEBORO,MA,02703,US,HIGH,80,READY,2026-01-11 12:52:18,,,,,,,,,,,Y
887,ATS,,HOFFMAN & HOFFMAN,PO BOX 77258,,,GREENSBORO,NC,27417,,,,,,,,,,,,,,Y,,HOFFMAN & HOFFMAN,PO BOX 77258,,,,GREENSBORO,NC,27417,US,MEDIUM,70,REVIEW,NaT,,,,,,,,,,,Y
888,ATS,,HOLLADAY PROPERTIES,1860 TOWN MEDICAL TOWER,SUITE 450,,RESTON,VA,20190,,,,,,,,,,,,,,Y,,HOLLADAY PROPERTIES,1860 TOWN MEDICAL TOWER,,STE #450,,RESTON,VA,20190,US,MEDIUM,100,REVIEW,NaT,,,,,,,,,,,Y
889,ATS,,HOLMAN BOILER REPAIR INC.,7540 ACCOTINK PARK ROAD,,,SPRINGFIELD,VA,22150,,,,,,,,,,,,,,Y,,HOLMAN BOILER REPAIR INC,7540 ACCOTINK PARK RD,,,,SPRINGFIELD,VA,22150,US,HIGH,80,READY,2026-01-11 12:52:22,,,,,,,,,,,Y
890,ATS,,"HOLMES MECHANICAL CONTRACTORS, LLC","8900 EDGEWORTH DRIVE, UNIT D",EMAIL INVOICES,,CAPITOL HEIGHTS,MD,20743,,,,,,,,,,,,,,Y,,HOLMES MECHANICAL CONTRACTORS LLC,8900 EDGEWORTH DR UNIT D,,,,CAPITOL HEIGHTS,MD,20743,US,MEDIUM,100,REVIEW,NaT,,,,,,,,,,,Y
891,ATS,,HOLY CROSS HOSPITAL,PO BOX 5905,EMAIL INVOICE,,TROY,MI,48007-5905,,,,,,,,,,,,,,Y,,HOLY CROSS HOSPITAL,PO BOX 5905,,,,TROY,MI,48007-5905,US,MEDIUM,70,REVIEW,NaT,,,,,,,,,,,Y
892,ATS,,HONEYWELL BUILDING SOLUTIONS,PO BOX 981234 -EMAIL INV,EL PASO,,EL PASO,TX,79998-1234,,,,,,,,,,,,,,Y,,HONEYWELL BUILDING SOLUTIONS,PO BOX 981234,,EL PASO,,EL PASO,TX,79998-1234,US,MEDIUM,70,REVIEW,NaT,,,,,,,,,,,Y
893,ATS,,"HONEYWELL, INC. - email",PO BOX 981234,HONEYWELL ACS-ACSS,,EL PASO,TX,79998-1234,,,,,,,,,,,,,,Y,,HONEYWELL INC,PO BOX 981234,,HONEYWELL ACS-ACSS,,EL PASO,TX,79998-1234,US,MEDIUM,70,REVIEW,NaT,,,,,,,,,,,Y
894,ATS,,HONEYWELL,3910 FILLMOORE DRIVE,,,DALE CITY,VA,22193,,,,,,,,,,,,,,Y,,HONEYWELL,3910 FILLMOORE DR,,,,DALE CITY,VA,22193,US,MEDIUM,100,REVIEW,NaT,,,,,,,,,,,Y
895,ATS,,HOOVER ELECTRIC,6314 SADDLE TREE DRIVE,,,ALEXANDRIA,VA,22310,,,,,,,,,,,,,,Y,,HOOVER ELECTRIC,6314 SADDLE TREE DR,,,,ALEXANDRIA,VA,22310,US,MEDIUM,100,REVIEW,NaT,,,,,,,,,,,Y
896,ATS,,"HORIZON MECHANICAL SERVICES, LLC","8039 PENN RANDALL PLACE, SUITE C",EMAIL INVOICES,,UPPER MARLBORO,MD,20772,,,,,,,,,,,,,,Y,,HORIZON MECHANICAL SERVICES LLC,8039 PENN RANDALL PL,,STE #C,,UPPER MARLBORO,MD,20772,US,MEDIUM,100,REVIEW,NaT,,,,,,,,,,,Y
897,ATS,,"HORTON MECHANICAL CONTRACTORS, INC",7909 PHILADELPHIA ROAD,,,BALTIMORE,MD,21237-2964,,,,,,,,,,,,,,Y,,HORTON MECHANICAL CONTRACTORS INC,7909 PHILADELPHIA RD,,,,BALTIMORE,MD,21237-2964,US,HIGH,80,READY,2026-01-11 12:52:32,,,,,,,,,,,Y
898,ATS,,HOT & COLD CORPORATION,7331 OLD ALEXANDRIA FERRY RD,EMAIL INVOICES,,CLINTON,MD,20735,,,,,,,,,,,,,,Y,,HOT & COLD CORPORATION,7331 OLD ALEXANDRIA FERRY RD,,,,CLINTON,MD,20735,US,HIGH,80,READY,2026-01-11 12:52:34,,,,,,,,,,,Y
899,ATS,,HOUSE ACCOUNT,,,,,,,,,,,,,,,,,,,,Y,,HOUSE ACCOUNT,,,,,,,,US,LOW,20,INVALID,NaT,,,,,,,,,,,Y
900,ATS,,HOUSE OF BALANCE,6340 HOWARD LANE,,,ELKRIDGE,MD,21075,,,,,,,,,,,,,,Y,,HOUSE OF BALANCE,6340 HOWARD LN,,,,ELKRIDGE,MD,21075,US,HIGH,80,READY,2026-01-11 12:52:37,,,,,,,,,,,Y
901,ATS,,HOWARD COMMUNITY COLLEGE,10901 LITTLE PATUXENT PARKWAY,EMAIL INVOICES,,COLUMBIA,MD,21044,,,,,,,,,,,,,,Y,,HOWARD COMMUNITY COLLEGE,10901 LITTLE PATUXENT PKWY,,,,COLUMBIA,MD,21044,US,HIGH,80,READY,2026-01-11 12:52:39,,,,,,,,,,,Y
902,ATS,,HOWARD COUNTY FIRE AND RESCUE,2201 WARWICK WAY,,,MARRIOTTSVILLE,MD,21104,,,,,,,,,,,,,,Y,,HOWARD COUNTY FIRE & RESCUE,2201 WARWICK WAY,,,,MARRIOTTSVILLE,MD,21104,US,MEDIUM,100,REVIEW,NaT,,,,,,,,,,,Y
903,ATS,,HOWARD COUNTY GENERAL HOSPITAL - EMAIL,JH A/P SHARED SERVICE CENTER,PO BOX 33499,,BALTIMORE,MD,21218,,,,,,,,,,,,,,Y,,HOWARD COUNTY GENERAL HOSPITAL,PO BOX 33499,,JH A/P SHARED SERVICE CENTER,,BALTIMORE,MD,21218,US,MEDIUM,70,REVIEW,NaT,,,,,,,,,,,Y
904,ATS,,HOWARD COUNTY GOVERNMENT,3430 COURT HOUSE DRIVE,,,ELLICOTT CITY,MD,21043,,,,,,,,,,,,,,Y,,HOWARD COUNTY GOVERNMENT,3430 CT HOUSE DR,,,,ELLICOTT CITY,MD,21043,US,HIGH,80,READY,2026-01-11 12:52:44,,,,,,,,,,,Y
905,ATS,,HOWARD COUNTY PUBLIC SCHOOLS,10910 ROUTE 108,,,ELLICOTT CITY,MD,21042,,,,,,,,,,,,,,Y,,HOWARD COUNTY PUBLIC SCHOOLS,10910 ROUTE 108,,,,ELLICOTT CITY,MD,21042,US,MEDIUM,100,REVIEW,NaT,,,,,,,,,,,Y
906,ATS,,HOWARD COUNTY OFFICE OF PURCHASING,DEPT OF POLICE: ATTN: QUARTERMASTER WARFIELD BLDG,3410 COURT HOUSE DRIVE,,ELLICOTT CITY,MD,21043,,,,,,,,,,,,,,Y,,HOWARD COUNTY OFFICE OF PURCHASING,3410 CT HOUSE DR,,DEPT OF POLICE: ATTN: QUARTERMASTER WARFIELD BLDG,,ELLICOTT CITY,MD,21043,US,HIGH,80,READY,2026-01-11 12:52:48,,,,,,,,,,,Y
907,ATS,,HOWARD HUGHES MEDICAL INSTITUTE,4000 JONES BRIDGE ROAD,,,CHEVY CHASE,MD,20815-6789,,,,,,,,,,,,,,Y,,HOWARD HUGHES MEDICAL INSTITUTE,4000 JONES BRIDGE RD,,,,CHEVY CHASE,MD,20815-6789,US,HIGH,80,READY,2026-01-11 12:52:50,,,,,,,,,,,Y
908,ATS,,HPC VET,101 PAUL MELLON COURT,SUITE 3,,WALDORF,MD,20602,,,,,,,,,,,,,,Y,,HPC VET,101 PAUL MELLON CT,,STE #3,,WALDORF,MD,20602,US,MEDIUM,100,REVIEW,NaT,,,,,,,,,,,Y
909,ATS,,"HPS SPECIALTIES, LLC",1302 RISING RIDGE ROAD,UNIT 8 - EMAIL,,MOUNT AIRY,MD,21771,,,,,,,,,,,,,,Y,,HPS SPECIALTIES LLC,1302 RISING RIDGE RD,,UNIT 8,,MOUNT AIRY,MD,21771,US,HIGH,80,READY,2026-01-11 12:52:55,,,,,,,,,,,Y
910,ATS,,HTS,ONE CORPORATION WAY,SUITE 110,,PEABODY,MA,01960,,,,,,,,,,,,,,Y,,HTS,ONE CORPORATION WAY,,STE #110,,PEABODY,MA,01960,US,HIGH,80,READY,2026-01-11 12:52:57,,,,,,,,,,,Y
911,ATS,,HUGEE CORPORATION,"1818 NEW YORK AVENUE, N.E.",SUITE 208-D,,WAHSINGTON,DC,20002,,,,,,,,,,,,,,Y,,HUGEE CORPORATION,1818 NEW YORK AVE NE,,STE #208-D,,WAHSINGTON,DC,20002,US,MEDIUM,100,REVIEW,NaT,,,,,,,,,,,Y
912,ATS,,HUGHES NETWORK SYSTEMS,11717 EXPLORATION LANE - EMAIL,ATTN: ACCOUNTS PAYABLE,,GERMANTOWN,MD,20876,,,,,,,,,,,,,,Y,,HUGHES NETWORK SYSTEMS,11717 EXPLORATION LN,,ATTN: ACCOUNTS PAYABLE,,GERMANTOWN,MD,20876,US,MEDIUM,100,REVIEW,NaT,,,,,,,,,,,Y
913,ATS,,"HUGHES PLUMBING SUPPLY, LTD",#0931 WALDORF PLUMBING HSI,PO BOX 4936,,ORLANDO,FL,32801-4936,,,,,,,,,,,,,,Y,,HUGHES PLUMBING SUPPLY LTD,PO BOX 4936,,0931 WALDORF PLUMBING HSI,,ORLANDO,FL,32801-4936,US,MEDIUM,70,REVIEW,NaT,,,,,,,,,,,Y
914,ATS,,"HURLEY COMPANY, A DIV. OF BOILER & FURN",4320 BLADENSBURG ROAD,EMAIL INVOICES,,BRENTWOOD,MD,20722,,,,,,,,,,,,,,Y,,HURLEY COMPANY A DIV OF BOILER & FURN,4320 BLADENSBURG RD,,,,BRENTWOOD,MD,20722,US,HIGH,84,READY,2026-01-11 12:53:06,,,,,,,,,,,Y
915,ATS,,HUSSMANN,925 FREEPORT PKWY,SUITE #200,,COPPELL,TX,75019,,,,,,,,,,,,,,Y,,HUSSMANN,SUITE #200,,,,COPPELL,TX,75019,US,LOW,100,REVIEW,NaT,,,,,,,,,,,Y
916,ATS,,USE SMART BUILDING,5123 PEGASUS COURT,SUITE T,,FREDERICK,MD,21704,,,,,,,,,,,,,,Y,,USE SMART BUILDING,SUITE T,,,,FREDERICK,MD,21704,US,LOW,100,REVIEW,NaT,,,,,,,,,,,Y
917,ATS,,"HVAC DISTRIBUTORS, INC.",2 OLD MARKET STREET,P.O. BOX 160,,MOUNT JOY,PA,17552,,,,,,,,,,,,,,Y,,HVAC DISTRIBUTORS INC,PO BOX 160,,,,MOUNT JOY,PA,17552,US,MEDIUM,70,REVIEW,NaT,,,,,,,,,,,Y
918,ATS,,"HVAC PRECISION SERVICES, INC",7610 LINDBERGH DRIVE,,,GATHERSBURG,MD,20879,,,,,,,,,,,,,,Y,,HVAC PRECISION SERVICES INC,7610 LINDBERGH DR,,,,GATHERSBURG,MD,20879,US,MEDIUM,75,REVIEW,NaT,,,,,,,,,,,Y
919,ATS,,"HVAC SYSTEMS, INC.",105 LENTLY FARM LANE,,,CENTREVILLE,MD,21617,,,,,,,,,,,,,,Y,,HVAC SYSTEMS INC,105 LENTLY FARM LANE,,,,CENTREVILLE,MD,21617,US,HIGH,84,READY,2026-01-11 12:53:14,,,,,,,,,,,Y
920,ATS,,"HYDRO SERVICE AND SUPPLIES, INC.",513 UNITED DRIVE,,,DURHAM,NC,27713,,,,,,,,,,,,,,Y,,HYDRO SERVICE & SUPPLIES INC,513 UNITED DR,,,,DURHAM,NC,27713,US,HIGH,84,READY,2026-01-11 12:53:16,,,,,,,,,,,Y
921,ATS,,"I & B ASSOCIATES, INC","6925 4TH STREET, NW, UNIT 201",EMAIL INVOICE,,WASHINGTON,DC,20012,,,,,,,,,,,,,,Y,,I & B ASSOCIATES INC,6925 4TH ST NW UNIT 201,,,,WASHINGTON,DC,20012,US,MEDIUM,79,REVIEW,2026-01-11 12:53:18,,,,,,,,,,,Y
922,ATS,,IAM SERVICES,28 N 5TH ST,,,WARRENTON,VA,20186,,,,,,,,,,,,,,Y,,IAM SERVICES,28 N 5TH ST,,,,WARRENTON,VA,20186,US,HIGH,84,READY,2026-01-11 12:53:28,,,,,,,,,,,Y
923,ATS,,TONY IANNIELLO,1906 FOREST COURT,,,TIMONIUM,MD,21093,,,,,,,,,,,,,,Y,,TONY IANNIELLO,1906 FOREST COURT,,,,TIMONIUM,MD,21093,US,HIGH,84,READY,2026-01-11 12:53:29,,,,,,,,,,,Y
924,ATS,,IAP WORLD SERVICES,571 KINGWOOD STREET,EMAIL INVOICE,,ANNAPOLIS,MD,21402,,,,,,,,,,,,,,Y,,IAP WORLD SERVICES,571 KINGWOOD ST,,,,ANNAPOLIS,MD,21402,US,HIGH,84,READY,2026-01-11 12:53:31,,,,,,,,,,,Y
925,ATS,,"IDEAL ELECTRICAL SUPPLY, CORP.",3515 V STREET NE,EMAIL,,WASHINGTON,DC,20018,,,,,,,,,,,,,,Y,,IDEAL ELECTRICAL SUPPLY CORP,3515 V ST NE,,,,WASHINGTON,DC,20018,US,MEDIUM,79,REVIEW,2026-01-11 12:53:33,,,,,,,,,,,Y
926,ATS,,IEC SYSTEMS,6621 BAY CIRCLE,SUITE 140,,PEACHTREE CORNERS,GA,30071,,,,,,,,,,,,,,Y,,IEC SYSTEMS,SUITE 140,,,,PEACHTREE CORNERS,GA,30071,US,LOW,80,REVIEW,2026-01-11 12:53:35,,,,,,,,,,,Y
927,ATS,,"INCRO TECH, LLC",865 CAULFORD DRIVE,EMAIL INVOICE,,WESTMINSTER,MD,21157,,,,,,,,,,,,,,Y,,INCRO TECH LLC,865 CAULFORD DR,,,,WESTMINSTER,MD,21157,US,HIGH,84,READY,2026-01-11 12:53:37,,,,,,,,,,,Y
928,ATS,,INDECK POWER EQUIPMENT COMPANY,1111 WILLIS AVE,,,WHEELING,IL,60090,,,,,,,,,,,,,,Y,,INDECK POWER EQUIPMENT COMPANY,1111 WILLIS AVE,,,,WHEELING,IL,60090,US,HIGH,84,READY,2026-01-11 12:53:39,,,,,,,,,,,Y
929,ATS,,"INDUSTRIAL POWER TRANSMISSION, LLC",6715 SANTA BARBARA COURT,,,ELKRIDGE,MD,21075,,,,,,,,,,,,,,Y,,INDUSTRIAL POWER TRANSMISSION LLC,6715 SANTA BARBARA COURT,,,,ELKRIDGE,MD,21075,US,HIGH,84,READY,2026-01-11 12:53:41,,,,,,,,,,,Y
930,ATS,,"INGERMAN & HOROWITZ, LLP",20 PARK AVENUE,EMAIL,,BALTIMORE,MD,21201,,,,,,,,,,,,,,Y,,INGERMAN & HOROWITZ LLP,20 PARK AVENUE,,,,BALTIMORE,MD,21201,US,HIGH,84,READY,2026-01-11 12:53:43,,,,,,,,,,,Y
931,ATS,,"INNOVATION MECHANICAL, INC.",115 DELFORD AVE,EMAIL INVOICES,,SILVER SPRING,MD,20904,,,,,,,,,,,,,,Y,,INNOVATION MECHANICAL INC,115 DELFORD AVE,,,,SILVER SPRING,MD,20904,US,HIGH,84,READY,2026-01-11 12:53:45,,,,,,,,,,,Y
932,ATS,,AIRLINE HYDRAULICS CORPORATION,PO BOX 782275,,,PHILADELPHIA,PA,19178,,,,,,,,,,,,,,Y,,AIRLINE HYDRAULICS CORPORATION,PO BOX 782275,,,,PHILADELPHIA,PA,19178,US,HIGH,84,READY,2026-01-11 12:53:47,,,,,,,,,,,Y
933,ATS,,INNOVATIVE MECHANICAL SYSTEMS,26595 DOGWOOD CIRCLE,EMAIL,,MECHANICSVILLE,MD,20659,,,,,,,,,,,,,,Y,,INNOVATIVE MECHANICAL SYSTEMS,26595 DOGWOOD CIRCLE,,,,MECHANICSVILLE,MD,20659,US,HIGH,84,READY,2026-01-11 12:53:49,,,,,,,,,,,Y
934,ATS,,INNOVATIVE PEOPLE & TECHNOLOGY CORPORAT,"44425 AIRPORT ROAD, SUITE 160",EMAIL INVOICE,,CALIFORNIA,MD,20619,,,,,,,,,,,,,,Y,,INNOVATIVE PEOPLE & TECHNOLOGY CORPORAT,20619 UNITED STATES,,,,CALIFORNIA,MD,20619,US,HIGH,84,READY,2026-01-11 12:53:51,,,,,,,,,,,Y
935,ATS,,INNOVATIVE POWER SYSTEMS,43676 TRADE CENTER PLACE,SUITE 125,,DULLES,VA,20166,,,,,,,,,,,,,,Y,,INNOVATIVE POWER SYSTEMS,SUITE 125,,,,DULLES,VA,20166,US,LOW,80,REVIEW,2026-01-11 12:53:53,,,,,,,,,,,Y
936,ATS,,INOVA FAIRFAX HOSPITAL,INOVA HEALTH SYSTEM - EMAIL,PO BOX 9180,,CANTON,MA,02021,,,,,,,,,,,,,,Y,,INOVA FAIRFAX HOSPITAL,PO BOX 9180,,,,CANTON,MA,02021,US,MEDIUM,70,REVIEW,NaT,,,,,,,,,,,Y
937,ATS,,INOVA HEALTH CARE SERVICES - FAIR OAKS,INOVA HEALTH CARE SERVICES FAIR OAKS,3600 JOSEPH SIEWICK DRIVE - EMAIL,,FAIRFAX,VA,22033,,,,,,,,,,,,,,Y,,INOVA HEALTH CARE SERVICES,INOVA HEALTH CARE SERVICES FAIR OAKS,,,,FAIRFAX,VA,22033,US,LOW,100,REVIEW,NaT,,,,,,,,,,,Y
938,ATS,,INSTITUE FOR DEFENSE ANALYSES,EMAIL INVOICE,4850 MARK CENTER DRIVE,,ALEXANDRIA,VA,22311,,,,,,,,,,,,,,Y,,INSTITUE FOR DEFENSE ANALYSES,4850 MARK CT DR,,,,ALEXANDRIA,VA,22311,US,HIGH,80,READY,2026-01-11 12:53:57,,,,,,,,,,,Y
939,ATS,,INTELSAT,7900 TYSONS ONE PLACE,,,MCLEAN,VA,22102,,,,,,,,,,,,,,Y,,INTELSAT,7900 TYSONS ONE PLACE,,,,MCLEAN,VA,22102,US,HIGH,84,READY,2026-01-11 12:53:59,,,,,,,,,,,Y
940,ATS,,INTER-AMERICAN DEVELOPMENT BANK,1300 NEW YORK AVE NW,,,WASHINGTON,DC,20577,,,,,,,,,,,,,,Y,,INTER-AMERICAN DEVELOPMENT BANK,CHEVY CHASE WARD 4 WASHINGTON DISTRICT OF COLUMBIA 20015 UNITED STATES,,,,WASHINGTON,DC,20577,US,MEDIUM,79,REVIEW,2026-01-11 12:54:01,,,,,,,,,,,Y
941,ATS,,"INTEGRITY HVAC SERVICES, LLC",PO BOX# 1668,,,MANASSAS,VA,20108,,,,,,,,,,,,,,Y,,INTEGRITY HVAC SERVICES LLC,PO BOX# 1668,,,,MANASSAS,VA,20108,US,HIGH,84,READY,2026-01-11 12:54:03,,,,,,,,,,,Y
942,ATS,,INTERNATIONAL QUALITY ADVANTAGE LLP,35 WALKER AVENUE,,,BALTIMORE,MD,21208,,,,,,,,,,,,,,Y,,INTERNATIONAL QUALITY ADVANTAGE LLP,35 WALKER AVENUE,,,,BALTIMORE,MD,21208,US,MEDIUM,75,REVIEW,NaT,,,,,,,,,,,Y
943,ATS,,INTERNATIONAL SPY MUSEUM,P.O BOX 23137,EMAIL INVOICE,,WASHINGTON,DC,20026,,,,,,,,,,,,,,Y,,INTERNATIONAL SPY MUSEUM,CHEVY CHASE WARD 4 WASHINGTON DISTRICT OF COLUMBIA 20015 UNITED STATES,,,,WASHINGTON,DC,20026,US,MEDIUM,79,REVIEW,2026-01-11 12:54:26,,,,,,,,,,,Y
944,ATS,,INTERNATIONAL TECHNOLOGY GROUP,9 WESTMINSTER SHOPPING CENTER,#122,,WESTMINSTER,MD,21157,,,,,,,,,,,,,,Y,,INTERNATIONAL TECHNOLOGY GROUP,122 OLD WMINSTER PIKE,,,,WESTMINSTER,MD,21157,US,MEDIUM,75,REVIEW,2026-01-11 12:54:28,,,,,,,,,,,Y
945,ATS,,INTERSTATE SERVICES,4101 UTAH AVENUE,EMAIL INVOICE,,BRENTWOOD,MD,20722,,,,,,,,,,,,,,Y,,INTERSTATE SERVICES,4101 UTAH AVENUE,,,,BRENTWOOD,MD,20722,US,HIGH,84,READY,2026-01-11 12:54:30,,,,,,,,,,,Y
946,ATS,,"INTERVET, INC.",INTERVET MILLSBORO,29160 INTERVET LN.,,MILLSBORO,DE,19966-0318,,,,,,,,,,,,,,Y,,INTERVET INC,29160 INTERVET LN,,,,MILLSBORO,DE,19966-0318,US,HIGH,80,READY,2026-01-11 12:54:32,,,,,,,,,,,Y
947,ATS,,INTERVET FARMS,P.O. BOX 318,,,MILLSBORO,DE,19966,,,,,,,,,,,,,,Y,,INTERVET FARMS,PO BOX 318,,,,MILLSBORO,DE,19966,US,HIGH,84,READY,2026-01-11 12:54:34,,,,,,,,,,,Y
948,ATS,,INTREPID REAL ESTATE,78 KALORAMA CIRCLE NW,,,WASHINGTON,DC,20008,,,,,,,,,,,,,,Y,,INTREPID REAL ESTATE,78 KALORAMA CIRCLE NW,,,,WASHINGTON,DC,20008,US,MEDIUM,79,REVIEW,2026-01-11 12:54:36,,,,,,,,,,,Y
949,ATS,,"INVICTA GLOBAL, LLC - KING GEORGE",320 HEMPHILL STREET,EMAIL INVOICES,,FORT WORTH,TX,76104,,,,,,,,,,,,,,Y,,INVICTA GLOBAL LLC - KING GEORGE,320 HEMPHILL ST,,,,FORT WORTH,TX,76104,US,HIGH,84,READY,2026-01-11 12:54:38,,,,,,,,,,,Y
950,ATS,,ITHACA FARM,15800 DARNESTOWN ROAD,,,GERMANTOWN,MD,20874,,,,,,,,,,,,,,Y,,ITHACA FARM,15800 DARNESTOWN RD,,,,GERMANTOWN,MD,20874,US,HIGH,84,READY,2026-01-11 12:54:41,,,,,,,,,,,Y
951,ATS,,"J & D MECHANICAL SERVICES, INC",6583 MERCHANT PLACE # 302,EMAIL INVOICES,,WARRENTON,VA,20187,,,,,,,,,,,,,,Y,,J & D MECHANICAL SERVICES INC,6583 MERCHANT PLACE # 302,,,,WARRENTON,VA,20187,US,HIGH,84,READY,2026-01-11 12:54:42,,,,,,,,,,,Y
952,ATS,,J & J MAINTENANCE,503 ROBERT GRANT AVENUE,,,SILVER SPRING,MD,20910,,,,,,,,,,,,,,Y,,J & J MAINTENANCE,503 ROBERT GRANT AVENUE,,,,SILVER SPRING,MD,20910,US,HIGH,84,READY,2026-01-11 12:54:44,,,,,,,,,,,Y
953,ATS,,"J & J MECHANICAL, INC.",1206 BELMAR DRIVE,,,BELCAMP,MD,21017,,,,,,,,,,,,,,Y,,J & J MECHANICAL INC,1206 BELMAR DR,,,,BELCAMP,MD,21017,US,HIGH,84,READY,2026-01-11 12:54:46,,,,,,,,,,,Y
954,ATS,,J & L MAVILIA -email invoice,1001 PRINCE GEORGE'S BLVD,SUITE 550,,UPPER MARLBORO,MD,20774,,,,,,,,,,,,,,Y,,J & L MAVILIA,SUITE 550,,,,UPPER MARLBORO,MD,20774,US,LOW,100,REVIEW,NaT,,,,,,,,,,,Y
955,ATS,,VECTRUS-J&J FACILITES SUPPORT-ANNAP,571 KINGWOOD STREET,EMAIL,,ANNAPOLIS,MD,21401,,,,,,,,,,,,,,Y,,VECTRUS-J&J FACILITES SUPPORT-ANNAP,571 KINGWOOD ST,,,,ANNAPOLIS,MD,21401,US,HIGH,84,READY,2026-01-11 12:54:53,,,,,,,,,,,Y
956,ATS,,J&J WORLDWIDE SERVICES - email,7710 RIALTO BLVD.,SUITE 200,,AUSTIN,TX,78735,,,,,,,,,,,,,,Y,,J&J WORLDWIDE SERVICES,SUITE 200,,,,AUSTIN,TX,78735,US,LOW,80,REVIEW,2026-01-11 12:54:55,,,,,,,,,,,Y
957,ATS,,J&J WORLDWIDE SERVICES - APG,E5165 BLACKHAWK ROAD,email - invoice,,GUNPOWDER,MD,21010,,,,,,,,,,,,,,Y,,J&J WORLDWIDE SERVICES,E5165 BLACKHAWK RD,,,,GUNPOWDER,MD,21010,US,HIGH,84,READY,2026-01-11 12:54:57,,,,,,,,,,,Y
958,ATS,,J&K MECHANICAL,3813 WOODBURN ROAD,,,ANNANDALE,VA,22003,,,,,,,,,,,,,,Y,,J&K MECHANICAL,3813 WOODBURN RD,,,,ANNANDALE,VA,22003,US,HIGH,84,READY,2026-01-11 12:54:59,,,,,,,,,,,Y
959,ATS,,J&R SOLUTIONS HVAC SERVICES,4311 CYPRESS KNOLL PLACE,,,WHITE PLAINS,MD,20695,,,,,,,,,,,,,,Y,,J&R SOLUTIONS HVAC SERVICES,4311 CYPRESS KNOLL PLACE,,,,WHITE PLAINS,MD,20695,US,HIGH,84,READY,2026-01-11 12:55:01,,,,,,,,,,,Y
960,ATS,,J'S ASSOCIATES,PO BOX 635,,,DUNKIRK,MD,20754,,,,,,,,,,,,,,Y,,J'S ASSOCIATES,PO BOX 635,,,,DUNKIRK,MD,20754,US,HIGH,84,READY,2026-01-11 12:55:03,,,,,,,,,,,Y
961,ATS,,"J-K HVAC SUPPLY, INC",717 N HAMMONDS FERRY RD,,,LINTHICUM,MD,21090,,,,,,,,,,,,,,Y,,J-K HVAC SUPPLY INC,717 N HAMMONDS FERRY RD,,,,LINTHICUM,MD,21090,US,HIGH,84,READY,2026-01-11 12:55:05,,,,,,,,,,,Y
962,ATS,,J. CROWDER CORPORATION,13455 SUNRISE VALLEY DRIVE,SUITE 100,,HERNDON,VA,20171,,,,,,,,,,,,,,Y,,J CROWDER CORPORATION,SUITE 100,,,,HERNDON,VA,20171,US,LOW,80,REVIEW,2026-01-11 12:55:07,,,,,,,,,,,Y
963,ATS,,"J.G. MARTIN COMPANY, INC",4925-27 BELAIR ROAD,EMAIL INVOICES,,BALTIMORE,MD,21206,,,,,,,,,,,,,,Y,,JG MARTIN COMPANY INC,4925-27 BELAIR RD,,,,BALTIMORE,MD,21206,US,HIGH,84,READY,2026-01-11 12:55:09,,,,,,,,,,,Y
964,ATS,,"QINETIQ NORTH AMERICAN, INC",11091 SUNSET HILLS ROAD,,,RESTON,VA,20190,,,,,,,,,,,,,,Y,,QINETIQ NORTH AMERICAN INC,11091 SUNSET HILLS RD,,,,RESTON,VA,20190,US,HIGH,84,READY,2026-01-11 12:55:11,,,,,,,,,,,Y
965,ATS,,"JAMA HEATING AND COOLING, INC",7208 POPLAR STREET,,,ANNANDALE,VA,22003,,,,,,,,,,,,,,Y,,JAMA HEATING & COOLING INC,7208 POPLAR ST,,,,ANNANDALE,VA,22003,US,HIGH,84,READY,2026-01-11 12:55:14,,,,,,,,,,,Y
966,ATS,,JAMES A. QUICK-MECHANICAL CONTRACTORS,"21 NEWPORT DR., STE. A",,,FOREST HILL,MD,21050,,,,,,,,,,,,,,Y,,JAMES A QUICK-MECHANICAL CONTRACTORS,21 NEWPORT DR,,STE A,,FOREST HILL,MD,21050,US,HIGH,84,READY,2026-01-11 12:55:16,,,,,,,,,,,Y
967,ATS,,"JAMES A WHEAT & SONS, INC.",7834 BEECHCRAFT AVE.,,,GAITHERSBURG,MD,20879,,,,,,,,,,,,,,Y,,JAMES A WHEAT & SONS INC,7834 BEECHCRAFT AVE,,,,GAITHERSBURG,MD,20879,US,HIGH,84,READY,2026-01-11 12:55:17,,,,,,,,,,,Y
968,ATS,,JAMES C. STAHL,3034 ST. JOHN'S AVE,,,BALTIMORE,MD,21214,,,,,,,,,,,,,,Y,,JAMES C STAHL,3034 ST JOHN'S AVE,,,,BALTIMORE,MD,21214,US,HIGH,84,READY,2026-01-11 12:55:19,,,,,,,,,,,Y
969,ATS,,"JAMES C. STAHL, LLC",3034 ST. JOHN'S AVE,,,BALTIMORE,MD,21214,,,,,,,,,,,,,,Y,,JAMES C STAHL LLC,3034 ST JOHN'S AVE,,,,BALTIMORE,MD,21214,US,HIGH,84,READY,2026-01-11 12:55:21,,,,,,,,,,,Y
970,ATS,,"JAMES ELECTRICAL CONTROL, INC.",12301 DULEY STATION ROAD,EMAIL INVOICE,,UPPER MARLBORO,MD,20772,,,,,,,,,,,,,,Y,,JAMES ELECTRICAL CONTROL INC,12301 DULEY STATION RD,,,,UPPER MARLBORO,MD,20772,US,HIGH,84,READY,2026-01-11 12:55:24,,,,,,,,,,,Y
971,ATS,,JAMES G DAVIS CONSTRUCTION,12530 PARKLAWN DRIVE,,,ROCKVILLE,MD,20852,,,,,,,,,,,,,,Y,,JAMES G DAVIS CONSTRUCTION,12530 PARKLAWN DR,,,,ROCKVILLE,MD,20852,US,HIGH,84,READY,2026-01-11 12:55:26,,,,,,,,,,,Y
972,ATS,,JAMES G. DAVIS CONSTRUCTION,12530 Parklawn Drive,,,Rockville,MD,20852,,,,,,,,,,,,,,Y,,JAMES G DAVIS CONSTRUCTION,12530 PARKLAWN DR,,,,ROCKVILLE,MD,20852,US,HIGH,84,READY,2026-01-11 12:55:28,,,,,,,,,,,Y
973,ATS,,JAMES M PAPE COMPANY INC,41617 RYAN RD,,,ASHBURN,VA,20148,,,,,,,,,,,,,,Y,,JAMES M PAPE COMPANY INC,41617 RYAN RD,,,,ASHBURN,VA,20148,US,HIGH,84,READY,2026-01-11 12:55:30,,,,,,,,,,,Y
974,ATS,,JAMES POSEY ASSOCIATES,11155 RED RUN BOULEVARD,SUITE 310,,BALTIMORE,MD,21117,,,,,,,,,,,,,,Y,,JAMES POSEY ASSOCIATES,SUITE 310,,,,BALTIMORE,MD,21117,US,LOW,100,REVIEW,NaT,,,,,,,,,,,Y
975,ATS,,JAMES VITO SERVICES. INC,681 SOUTHLAWN LANE,,,ROCKVILLE,MD,20850,,,,,,,,,,,,,,Y,,JAMES VITO SERVICES INC,681 SLAWN LANE,,,,ROCKVILLE,MD,20850,US,HIGH,84,READY,2026-01-11 12:55:34,,,,,,,,,,,Y
976,ATS,,JARBOE MECHANICAL,7640 INVESTMENT CT,,,OWINGS,MD,20736,,,,,,,,,,,,,,Y,,JARBOE MECHANICAL,7640 INVESTMENT CT,,,,OWINGS,MD,20736,US,HIGH,84,READY,2026-01-11 12:55:36,,,,,,,,,,,Y
977,ATS,,JBG COMMERCIAL MANAGEMENT L.L.C.,"JBG/BC FISHERS III, L.P. BB#01",P.O. BOX 7545,,HICKSVILLE,NY,11802-7545,,,,,,,,,,,,,,Y,,JBG COMMERCIAL MANAGEMENT LLC,PO BOX 7545,,,,HICKSVILLE,NY,11802-7545,US,MEDIUM,70,REVIEW,NaT,,,,,,,,,,,Y
978,ATS,,JBG PROPERTIES,1200 NEW JERSEY AVE,SUITE EP1-003,,WASHINGTON,DC,20590,,,,,,,,,,,,,,Y,,JBG PROPERTIES,SUITE EP1-003,,,,WASHINGTON,DC,20590,US,LOW,100,REVIEW,NaT,,,,,,,,,,,Y
979,ATS,,JBG SERVICES,5635 FISHERS LANE,,,ROCKVILLE,MD,20852,,,,,,,,,,,,,,Y,,JBG SERVICES,5635 FISHERS LANE,,,,ROCKVILLE,MD,20852,US,HIGH,84,READY,2026-01-11 12:55:40,,,,,,,,,,,Y
980,ATS,,JBG SMITH,"9613 MEDICAL CENTER DRIVE, SUITE A",EMAIL INVOICES,,ROCKVILLE,MD,20850,,,,,,,,,,,,,,Y,,JBG SMITH,9613 MEDICAL CT DR,,SUITE A,,ROCKVILLE,MD,20850,US,HIGH,84,READY,2026-01-11 12:55:42,,,,,,,,,,,Y
981,ATS,,"JCM ASSOCIATES, INC.",301C PRINCE GEORGE'S BOULEVARD,EMAIL INVOICES,,UPPER MARLBORO,MD,20774,,,,,,,,,,,,,,Y,,JCM ASSOCIATES INC,301C PRINCE GEORGE'S BOULEVARD,,,,UPPER MARLBORO,MD,20774,US,HIGH,84,READY,2026-01-11 12:55:44,,,,,,,,,,,Y
982,ATS,,JE RICHARDS,4600 HARGROVE DRIVE,SUITE 100,,LANHAM,MD,20706,,,,,,,,,,,,,,Y,,JE RICHARDS,SUITE 100,,,,LANHAM,MD,20706,US,LOW,80,REVIEW,2026-01-11 12:55:46,,,,,,,,,,,Y
983,ATS,,JEFF STALEY,7090 COOPER POINT ROAD,,,BOZMAN,MD,21612,,,,,,,,,,,,,,Y,,JEFF STALEY,7090 COOPER POINT RD,,,,BOZMAN,MD,21612,US,HIGH,84,READY,2026-01-11 12:55:48,,,,,,,,,,,Y
984,ATS,,"DC CAP HOTELIER, LLC DBA: JEFFERON HOTE","1200 16TH ST., NW",EMAIL INVOICES,,WASHINGTON,DC,20036,,,,,,,,,,,,,,Y,,DC CAP HOTELIER LLC DBA: JEFFERON HOTE,1200 16TH ST NW,,,,WASHINGTON,DC,20036,US,MEDIUM,79,REVIEW,2026-01-11 12:55:49,,,,,,,,,,,Y
985,ATS,,JENNERIK ENGINEERING,8833 BELAIR ROAD,SUITE D,,NOTTINGHAM,MD,21236,,,,,,,,,,,,,,Y,,JENNERIK ENGINEERING,SUITE D,,,,NOTTINGHAM,MD,21236,US,LOW,100,REVIEW,NaT,,,,,,,,,,,Y
986,ATS,,JESSE WILLIS,11655 KIPLING DRIVE,,,WALDORF,MD,20601,,,,,,,,,,,,,,Y,,JESSE WILLIS,11655 KIPLING DR,,,,WALDORF,MD,20601,US,HIGH,84,READY,2026-01-11 12:55:53,,,,,,,,,,,Y
987,ATS,,JETT CONSTRUCTION,846 KAO CIRCLE,,,MANASSAS,VA,20110,,,,,,,,,,,,,,Y,,JETT CONSTRUCTION,846 KAO CIRCLE,,,,MANASSAS,VA,20110,US,HIGH,84,READY,2026-01-11 12:55:55,,,,,,,,,,,Y
988,ATS,,J.F. FISCHER,7909 PHILADELPHIA RD,EMAIL INVOICE,,BALTIMORE,MD,21237,,,,,,,,,,,,,,Y,,JF FISCHER,7909 PHILADELPHIA RD,,,,BALTIMORE,MD,21237,US,HIGH,84,READY,2026-01-11 12:55:57,,,,,,,,,,,Y
989,ATS,,JIM LITTLEJOHN,,,,,,,,,,,,,,,,,,,,Y,,JIM LITTLEJOHN,,,,,,,,US,LOW,20,INVALID,NaT,,,,,,,,,,,Y
990,ATS,,JIM ROOD,5900 CAPITAL GATEWAY DRIVE,,,SUITLAND,MD,20746,,,,,,,,,,,,,,Y,,JIM ROOD,5900 CAPITAL GATEWAY DR,,,,SUITLAND,MD,20746,US,HIGH,84,READY,2026-01-11 12:56:01,,,,,,,,,,,Y
991,ATS,,JIM'S ELECTRIC MOTOR CO,8811 TELEGRAPH ROAD,,,LORTON,VA,22079,,,,,,,,,,,,,,Y,,JIM'S ELECTRIC MOTOR CO,8811 TELEGRAPH RD,,,,LORTON,VA,22079,US,HIGH,84,READY,2026-01-11 12:56:03,,,,,,,,,,,Y
992,ATS,,JKM ELECTRIC INC.,7851 AIRPARK RD,SUITE 211,,GAITHERSBURG,MD,20879,,,,,,,,,,,,,,Y,,JKM ELECTRIC INC,SUITE 211,,,,GAITHERSBURG,MD,20879,US,LOW,100,REVIEW,NaT,,,,,,,,,,,Y
993,ATS,,J-K MECHANICAL PRODUCTS,1815 EDISON HIGHWAY,,,BALTIMORE,MD,21213,,,,,,,,,,,,,,Y,,J-K MECHANICAL PRODUCTS,1815 EDISON HIGHWAY,,,,BALTIMORE,MD,21213,US,HIGH,84,READY,2026-01-11 12:56:07,,,,,,,,,,,Y
994,ATS,,JLK MECHANICAL,"324 WILSHIRE AVENUE, SW",,,CONCORD,NC,28025,,,,,,,,,,,,,,Y,,JLK MECHANICAL,324 WILSHIRE AVENUE SW,,,,CONCORD,NC,28025,US,HIGH,84,READY,2026-01-11 12:56:09,,,,,,,,,,,Y
995,ATS,,"JLN CONSTRUCTION SERVICES, LLC",300 N. WARWICK AVENUE,PO BOX 20538,,BALTIMORE,MD,21223,,,,,,,,,,,,,,Y,,JLN CONSTRUCTION SERVICES LLC,PO BOX 20538,,,,BALTIMORE,MD,21223,US,MEDIUM,70,REVIEW,NaT,,,,,,,,,,,Y
996,ATS,,"JMB & ASSOCIATES, LLC",N50 W13906 Overview Dr,,,MENOMONEE FALLS,WI,53051,,,,,,,,,,,,,,Y,,JMB & ASSOCIATES LLC,N50 W13906 OVERVIEW DR,,,,MENOMONEE FALLS,WI,53051,US,HIGH,84,READY,2026-01-11 12:56:11,,,,,,,,,,,Y
997,ATS,,JMB ASSOCIATES,N50 W13906 OVERVIEW DRIVE,,,MIDDLETON,WI,53562,,,,,,,,,,,,,,Y,,JMB & ASSOCIATES LLC,N50 W13906 OVERVIEW DR,,,,MIDDLETON,WI,53562,US,HIGH,84,READY,2026-01-11 12:56:13,,,,,,,,,,,Y
998,ATS,,JMD HEATING AND COOLING LLC,1557 DEER PARK ROAD,,,FINKSBURG,MD,21048,,,,,,,,,,,,,,Y,,JMD HEATING & COOLING LLC,1557 DEER PARK RD,,,,FINKSBURG,MD,21048,US,HIGH,84,READY,2026-01-11 12:56:15,,,,,,,,,,,Y
999,ATS,,"JNG SUPPLY, LLC",627 HAILEYS COURT,EMAIL INVOICE,,PARKTON,MD,21120,,,,,,,,,,,,,,Y,,JNG SUPPLY LLC,627 HAILEYS COURT,,,,PARKTON,MD,21120,US,HIGH,84,READY,2026-01-11 12:56:17,,,,,,,,,,,Y
1000,ATS,,JNI HVAC SERVICES,1710 SEVERN ROAD,,,SEVERN,MD,21144,,,,,,,,,,,,,,Y,,JNI HVAC SERVICES,1710 SEVERN RD,,,,SEVERN,MD,21144,US,HIGH,84,READY,2026-01-11 12:56:18,,,,,,,,,,,Y
1001,ATS,,JOHN C GRIMBERG COMPANY,email invoice,"3200 TOWER OAKS BOULEVARD, ste 300",,ROCKVILLE,MD,20852-4216,,,,,,,,,,,,,,Y,,JOHN C GRIMBERG COMPANY,3200 TOWER OAKS BLVD,,STE 300,,ROCKVILLE,MD,20852-4216,US,HIGH,80,READY,2026-01-11 12:56:21,,,,,,,,,,,Y
1002,ATS,,JOHN E KELLY & SONS ELECTRICAL CONSTRUC,"8431 OLD MARLBORO PIKE, SUITE 201",EMAIL INVOICES,,UPPER MARLBORO,MD,20772,,,,,,,,,,,,,,Y,,JOHN E KELLY & SONS ELECTRICAL CONSTRUC,8431 OLD MARLBORO PIKE,,SUITE 201,,UPPER MARLBORO,MD,20772,US,HIGH,84,READY,2026-01-11 12:56:22,,,,,,,,,,,Y
1003,ATS,,DBA SHORITE CONTRTOLS,30594 ANTIOCH AVE,,,PRINCESS ANNE,MD,21853,,,,,,,,,,,,,,Y,,DBA SHORITE CONTRTOLS,30594 ANTIOCH AVE,,,,PRINCESS ANNE,MD,21853,US,HIGH,84,READY,2026-01-11 12:56:24,,,,,,,,,,,Y
1004,ATS,,JOHN J. KIRLIN,801-F BARKWOOD COURT,,,LINTHICUM HEIGHTS,MD,21090,,,,,,,,,,,,,,Y,,JOHN J KIRLIN,801-F BARKWOOD COURT,,,,LINTHICUM HEIGHTS,MD,21090,US,HIGH,84,READY,2026-01-11 12:56:26,,,,,,,,,,,Y
1005,ATS,,JOHN J KIRLIN - email/coverletter,ROCKVILLE DIVISION,"1101 Wootton Parkway, Suite 80",,ROCKVILLE,MD,20852,,,,,,,,,,,,,,Y,,JOHN J KIRLIN,1101 WOOTTON PKWY,,STE #80,,ROCKVILLE,MD,20852,US,HIGH,80,READY,2026-01-11 12:56:28,,,,,,,,,,,Y
1006,ATS,,JOHN KOLAR,,,,,,,,,,,,,,,,,,,,Y,,JOHN KOLAR,,,,,,,,US,LOW,20,INVALID,NaT,,,,,,,,,,,Y
1007,ATS,,JOHN KUHNLE,3411 36TH ST NW,,,WASHINGTON,DC,20016,,,,,,,,,,,,,,Y,,JOHN KUHNLE,3411 36TH ST NW,,,,WASHINGTON,DC,20016,US,MEDIUM,79,REVIEW,2026-01-11 12:56:32,,,,,,,,,,,Y
1008,ATS,,JOHN MASON,78 KALORAMA CIRCLE NW,,,WASHINGTON,DC,20008,,,,,,,,,,,,,,Y,,JOHN MASON,78 KALORAMA CIRCLE NW,,,,WASHINGTON,DC,20008,US,MEDIUM,79,REVIEW,2026-01-11 12:56:34,,,,,,,,,,,Y
1009,ATS,,JOHN NUGENT & SONS,45921 MARIES RD,SUITE 160,,STERLING,VA,20166,,,,,,,,,,,,,,Y,,JOHN NUGENT & SONS,SUITE 160,,,,STERLING,VA,20166,US,LOW,80,REVIEW,2026-01-11 12:56:37,,,,,,,,,,,Y
1010,ATS,,"JOHN SARIGIANIS CO, INC",EMAIL INVOICE,2908 E JOPPA ROAD,,BALTIMORE,MD,21234,,,,,,,,,,,,,,Y,,JOHN SARIGIANIS CO INC,2908 E JOPPA RD,,,,BALTIMORE,MD,21234,US,HIGH,80,READY,2026-01-11 12:56:39,,,,,,,,,,,Y
1011,ATS,,JHU APPLIED PHYSICS LABORATORY,PO BOX 670 - EMAIL INVOICE,BLDG 29-S154 -Accounts Payable,,LAUREL,MD,20723,,,,,,,,,,,,,,Y,,JHU APPLIED PHYSICS LABORATORY,BLDG 29-S154,,,,LAUREL,MD,20723,US,LOW,100,REVIEW,NaT,,,,,,,,,,,Y
1012,ATS,,JOHNS HOPKINS ENTERPRISE - email INV,JH A/P SHARED SERVICE CENTER,P.O. BOX #33499,,BALTIMORE,MD,21218,,,,,,,,,,,,,,Y,,JOHNS HOPKINS ENTERPRISE,JH A/P SHARED SERVICE CT,,,,BALTIMORE,MD,21218,US,LOW,100,REVIEW,NaT,,,,,,,,,,,Y
1013,ATS,,JOHNS HOPKINS HEALTH SYSTEMS,A/P SHARED SERVICE CENTER,PO BOX #33499,,BALTIMORE,MD,21218,,,,,,,,,,,,,,Y,,JOHNS HOPKINS HEALTH SYSTEMS,PO BOX 33499,,,,BALTIMORE,MD,21218,US,MEDIUM,70,REVIEW,NaT,,,,,,,,,,,Y
1014,ATS,,JOHNS HOPKINS HOSPITAL,600 NORTH WOLFE STREET,BILLINGS ADMIN B-120,,BALTIMORE,MD,21287-1599,,,,,,,,,,,,,,Y,,JOHNS HOPKINS HOSPITAL,BILLINGS ADMIN B-120,,,,BALTIMORE,MD,21287-1599,US,LOW,100,REVIEW,NaT,,,,,,,,,,,Y
1015,ATS,,JOHNS HOPKINS HOSPITAL,600 NORTH WOLFE STREET,BILLINGS ADMIN B-120,,BALTIMORE,MD,21287-1599,,,,,,,,,,,,,,Y,,JOHNS HOPKINS HOSPITAL,BILLINGS ADMIN B-120,,,,BALTIMORE,MD,21287-1599,US,LOW,100,REVIEW,NaT,,,,,,,,,,,Y
1016,ATS,,JOHNS HOPKINS FACILITIES & REAL ESTATE,FINANCIAL & ADMIN SERV -email,3910 KESWICK ROAD SUITE N4300,,BALTIMORE,MD,21211,,,,,,,,,,,,,,Y,,JOHNS HOPKINS FACILITIES & REAL ESTATE,3910 KESWICK RD,,STE #N4300,,BALTIMORE,MD,21211,US,HIGH,80,READY,2026-01-11 12:56:49,,,,,,,,,,,Y
1017,ATS,,JOHNSON CONTROLS ABERDEEN -email,2101 GAITHER ROAD,SUITE 400,,ROCKVILLE,MD,20850,,,,,,,,,,,,,,Y,,JOHNSON CONTROLS INC,SUITE 400,,,,ROCKVILLE,MD,20850,US,LOW,100,REVIEW,NaT,,,,,,,,,,,Y
1018,ATS,,"JOHNSON CONTROLS, INC",WASHINGTON DC BRANCH,8198 TERMINAL ROAD STE 202,,LORTON,VA,22079,,,,,,,,,,,,,,Y,,JOHNSON CONTROLS INC,8198 TERMINAL RD,,STE 202,,LORTON,VA,22079,US,MEDIUM,100,REVIEW,NaT,,,,,,,,,,,Y
1019,ATS,,JOHNSTON CONTROLS HATTIESBURG PLANT,PO BOX 2038,,,MILWAUKEE,WI,53201-2038,,,,,,,,,,,,,,Y,,JOHNSTON CONTROLS HATTIESBURG PLANT,PO BOX 2038,,,,MILWAUKEE,WI,53201-2038,US,HIGH,84,READY,2026-01-11 12:56:56,,,,,,,,,,,Y
1020,ATS,,"JOHNSON CONTROLS, INC",9104 YELLOW BRICK RD,,,BALTIMORE,MD,21237,,,,,,,,,,,,,,Y,,JOHNSON CONTROLS INC,9104 YELLOW BRICK RD,,,,BALTIMORE,MD,21237,US,HIGH,84,READY,2026-01-11 12:56:58,,,,,,,,,,,Y
1021,ATS,,"JOHNSON CONTROLS, INC  -paymodeX.com",M-33 ACCOUNTS PAYABLE,PO BOX 2034,,MILWAUKEE,WI,53201-2012,,,,,,,,,,,,,,Y,,JOHNSON CONTROLS INC,M-33,,,,MILWAUKEE,WI,53201-2012,US,HIGH,80,READY,2026-01-11 12:57:01,,,,,,,,,,,Y
1022,ATS,,"JOHNSON CONTROLS, INC. -email/mail",50 W. WATKINS MILL ROAD,SUITE B,,GATHERSBURG,MD,20878,,,,,,,,,,,,,,Y,,JOHNSON CONTROLS INC,SUITE B,,,,GATHERSBURG,MD,20878,US,LOW,100,REVIEW,NaT,,,,,,,,,,,Y
1023,ATS,,"JBTW, LLC",JOHNSTONE SUPPLYS,1805 VIRGINIA AVE,,ANNAPOLIS JUNCTION,MD,21401,,,,,,,,,,,,,,Y,,JBTW LLC,1805 VIRGINIA AVE,,,,ANNAPOLIS JUNCTION,MD,21401,US,MEDIUM,100,REVIEW,NaT,,,,,,,,,,,Y
1024,ATS,,JOHNSTONE SUPPLY,JR BALSAN INC,"55 COUNTRY CLUB DRIVE., STE 201",,DOWNINGTOWN,PA,19335,,,,,,,,,,,,,,Y,,JOHNSTONE SUPPLY,55 COUNTRY CLUB DR,,STE #201,,DOWNINGTOWN,PA,19335,US,MEDIUM,100,REVIEW,NaT,,,,,,,,,,,Y
1025,ATS,,"JBTW, LLC",JOHNSTONE SUPPLY,2609 DEARBORN ST,,EASTON,PA,610-258-9332,,,,,,,,,,,,,,Y,,JBTW LLC,2609 DEARBORN ST,,,,EASTON,PA,00610,US,MEDIUM,100,REVIEW,NaT,,,,,,,,,,,Y
1026,ATS,,JOINT INDUSTRY BOARD OF ELECTRICAL IND.,158-11 HARRY VAN,ARSDALE JE. AVE,,FLUSHING,NY,11365,,,,,,,,,,,,,,Y,,JOINT INDUSTRY BOARD OF ELECTRICAL IND,ARSDALE JE AVE,,,,FLUSHING,NY,11365,US,LOW,100,REVIEW,NaT,,,,,,,,,,,Y
1027,ATS,,JOINT PATHOLOGY CENTER,606 STEPHEN SITTER AVE,,,SILVER SPRING,MD,20910,,,,,,,,,,,,,,Y,,JOINT PATHOLOGY CENTER,606 STEPHEN SITTER AVE,,,,SILVER SPRING,MD,20910,US,HIGH,84,READY,2026-01-11 12:57:14,,,,,,,,,,,Y
1028,ATS,,JONATHAN VOTTA,7 PRETTYBOY GARTH,,,PARKTON,MD,21120,,,,,,,,,,,,,,Y,,JONATHAN VOTTA,7 PRETTYBOY GARTH,,,,PARKTON,MD,21120,US,HIGH,84,READY,2026-01-11 12:57:15,,,,,,,,,,,Y
1029,ATS,,JONES LANG LASALLE - CAPITAL ONE CENTER,"1803 CAPITAL ONE DR., SUITE 100",EMAIL INVOICES,,TYSONS,VA,22102-3477,,,,,,,,,,,,,,Y,,JONES LANG LASALLE,SUITE 100,,,,TYSONS,VA,22102-3477,US,LOW,100,REVIEW,NaT,,,,,,,,,,,Y
1030,ATS,,JONES LANG LASALLE - PWA 300 EAST LOMBA,300 E. LOMBARD ST. LOBBY,EMAIL INVOICE,,BALTIMORE,MD,21202,,,,,,,,,,,,,,Y,,JONES LANG LASALLE,300 E LOMBARD ST LOBBY,,,,BALTIMORE,MD,21202,US,MEDIUM,75,REVIEW,NaT,,,,,,,,,,,Y
1031,ATS,,JONES LANG LASALLE (VA SQUARE),3811 N. FAIRFAX DRIVE,SUITE 100,,ARLINGTON,VA,22203,,,,,,,,,,,,,,Y,,JONES LANG LASALLE,SUITE 100,,,,ARLINGTON,VA,22203,US,LOW,80,REVIEW,2026-01-11 12:58:06,,,,,,,,,,,Y
1032,ATS,,JONES LANG LASALLE - EMAIL,MAILSTOP# 47974 - VENDOR# 716891,P.O. BOX 4817,,PORTLAND,OR,97208,,,,,,,,,,,,,,Y,,JONES LANG LASALLE,MAILSTOP# 47974 - VENDOR# 716891,,,,PORTLAND,OR,97208,US,LOW,100,REVIEW,NaT,,,,,,,,,,,Y
1033,ATS,,JONES LANG LASALLE,OM-3103/JLL,P.O. BOX 8900,,BALTIMORE,MD,21289-3103,,,,,,,,,,,,,,Y,,JONES LANG LASALLE,PO BOX 8900,,,,BALTIMORE,MD,21289-3103,US,MEDIUM,70,REVIEW,NaT,,,,,,,,,,,Y
1034,ATS,,"USGBF POTOMAC YARD 1&2, LLC",USAA ROALTY (845600,PO BOX 681416,,CHARLOTTE,NC,28216,,,,,,,,,,,,,,Y,,USGBF POTOMAC YARD 1&2 LLC,PO BOX 681416,,,,CHARLOTTE,NC,28216,US,MEDIUM,70,REVIEW,NaT,,,,,,,,,,,Y
1035,ATS,,JONES LANG LASALLE,"700 OAKMONT LN., 3RD FLOOR-JLL MAIL BIN CSCF",EMAIL INVOICES,,WESTMONT,IL,60559,,,,,,,,,,,,,,Y,,JONES LANG LASALLE,700 OAKMONT LN 3RD FLOOR-JLL MAIL BIN CSCF,,,,WESTMONT,IL,60559,US,HIGH,84,READY,2026-01-11 12:58:11,,,,,,,,,,,Y
1036,ATS,,JONES LANG LASALLE T.ROWE PRICE #47438,T.ROWE PRICE US MAILSTOP#47438,PO BOX 4817-EMAIL,,PORTLAND,OR,97208-4817,,,,,,,,,,,,,,Y,,JONES LANG LASALLE,PO BOX 4817,,,,PORTLAND,OR,97208-4817,US,MEDIUM,70,REVIEW,NaT,,,,,,,,,,,Y
1037,ATS,,GREG JONES,817 LAMOKA DRIVE,,,ODENTON,MD,21113-3663,,,,,,,,,,,,,,Y,,GREG JONES,817 LAMOKA DR,,,,ODENTON,MD,21113-3663,US,MEDIUM,75,REVIEW,NaT,,,,,,,,,,,Y
1038,ATS,,JOSEPH M ZIMMER INC - email,2225 NORTHWOOD DRIVE,,,SALISBURY,MD,21801,,,,,,,,,,,,,,Y,,JOSEPH M ZIMMER INC,2225 NWOOD DR,,,,SALISBURY,MD,21801,US,HIGH,84,READY,2026-01-11 12:58:48,,,,,,,,,,,Y
1039,ATS,,"JOSEPH T. RICHARDSON, INC",PO BOX 269,EMAIL INVOICES,,HARRINGTON,DE,19952,,,,,,,,,,,,,,Y,,JOSEPH T RICHARDSON INC,PO BOX 269,,,,HARRINGTON,DE,19952,US,HIGH,84,READY,2026-01-11 12:58:50,,,,,,,,,,,Y
1040,ATS,,JOURNEYMAN MECHANICAL,2125 BALDWIN AVE,STE 19 B,,CROFTON,MD,21114,,,,,,,,,,,,,,Y,,JOURNEYMAN MECHANICAL,STE 19 B,,,,CROFTON,MD,21114,US,LOW,100,REVIEW,NaT,,,,,,,,,,,Y
1041,ATS,,"JPG PLUMBING SERVICES, INC -email",8260 PATUXENT RANGE RD,SUITE H,,JESSUP,MD,20794,,,,,,,,,,,,,,Y,,JPG PLUMBING SERVICES INC,SUITE H,,,,JESSUP,MD,20794,US,LOW,100,REVIEW,NaT,,,,,,,,,,,Y
1042,ATS,,"JRA & ASSOCIATES CONTRACTING, LLC",7145 OLD ALEXANDRIA FERRY ROAD,EMAIL INVOICES,,CLINTON,MD,20735,,,,,,,,,,,,,,Y,,JRA & ASSOCIATES CONTRACTING LLC,7145 OLD ALEXANDRIA FERRY RD,,,,CLINTON,MD,20735,US,HIGH,84,READY,2026-01-11 12:58:57,,,,,,,,,,,Y
1043,ATS,,JS GLOBAL,4833 CRAIN HIGHWAY,,,UPPER MARLBORO,MD,20773,,,,,,,,,,,,,,Y,,JS GLOBAL,4833 CRAIN HIGHWAY,,,,UPPER MARLBORO,MD,20773,US,HIGH,84,READY,2026-01-11 12:58:59,,,,,,,,,,,Y
1044,ATS,,"JUBILANT CADISTA PHARMACEUTICALS, INC",207 KILEY DRIVE,EMAIL ENVOICE,,SALISBURY,MD,21801,,,,,,,,,,,,,,Y,,JUBILANT CADISTA PHARMACEUTICALS INC,207 KILEY DR,,,,SALISBURY,MD,21801,US,HIGH,84,READY,2026-01-11 12:59:05,,,,,,,,,,,Y
1045,ATS,,J.W. CULLOP INC.,7404 WOODVILLE RD,,,MT. AIRY,MD,21771,,,,,,,,,,,,,,Y,,JW CULLOP INC,7404 WOODVILLE RD,,,,MT AIRY,MD,21771,US,HIGH,84,READY,2026-01-11 12:59:07,,,,,,,,,,,Y
1046,ATS,,JW DELL CORPORATION,5901 HANOVER PIKE,,,HAMPSTEAD,MD,21074,,,,,,,,,,,,,,Y,,JW DELL CORPORATION,5901 HANOVER PIKE,,,,HAMPSTEAD,MD,21074,US,HIGH,84,READY,2026-01-11 12:59:09,,,,,,,,,,,Y
1047,ATS,,J.W. MECHANICAL SERVICES,3332 BAKER SCHOOLHOUSE ROAD,,,FREELAND,MD,21053,,,,,,,,,,,,,,Y,,JW MECHANICAL SERVICES,3332 BAKER SCHOOLHOUSE RD,,,,FREELAND,MD,21053,US,HIGH,84,READY,2026-01-11 12:59:11,,,,,,,,,,,Y
1048,ATS,,"JZ SYSTEMS, LLC",P.O. BOX 626,,,CHURCHVILLE,MD,21028,,,,,,,,,,,,,,Y,,JZ SYSTEMS LLC,PO BOX 626,,,,CHURCHVILLE,MD,21028,US,HIGH,84,READY,2026-01-11 12:59:13,,,,,,,,,,,Y
1049,ATS,,K&K SHEET METAL,8390-G TERMINAL ROAD,,,LORTON,VA,22079,,,,,,,,,,,,,,Y,,K&K SHEET METAL,8390-G TERMINAL RD,,,,LORTON,VA,22079,US,HIGH,84,READY,2026-01-11 12:59:15,,,,,,,,,,,Y
1050,ATS,,"K SUPPLY, LLC",P.O. BOX 113,,,MONKTON,MD,21111,,,,,,,,,,,,,,Y,,K SUPPLY LLC,PO BOX 113,,,,MONKTON,MD,21111,US,HIGH,84,READY,2026-01-11 12:59:16,,,,,,,,,,,Y
1051,ATS,,"K&G ELECTRICAL CONTRACTORS, INC.",13207 VANDINE STREET,EMAIL INVOICES,,UPPER MARLBORO,MD,20774,,,,,,,,,,,,,,Y,,K&G ELECTRICAL CONTRACTORS INC,13207 VANDINE ST,,,,UPPER MARLBORO,MD,20774,US,HIGH,84,READY,2026-01-11 12:59:18,,,,,,,,,,,Y
1052,ATS,,"K.G. JOHNSON, INC.",4520 MACK AVENUE,,,FREDERICK,MD,21703,,,,,,,,,,,,,,Y,,KG JOHNSON INC,4520 MACK AVENUE,,,,FREDERICK,MD,21703,US,HIGH,84,READY,2026-01-11 12:59:20,,,,,,,,,,,Y
1053,ATS,,"KADIAK, LLC","4840 WESTFIELDS BLVD, SUITE 200",EMAIL INVOICES,,CHANTILLY,VA,20151,,,,,,,,,,,,,,Y,,KADIAK LLC,4840 WFIELDS BLVD,,SUITE 200,,CHANTILLY,VA,20151,US,HIGH,84,READY,2026-01-11 12:59:22,,,,,,,,,,,Y
1054,ATS,,KAEMPF & HARRIS,217-A MONROE AVENUE,,,FREDERICK,MD,21701,,,,,,,,,,,,,,Y,,KAEMPF & HARRIS,217-A MONROE AVENUE,,,,FREDERICK,MD,21701,US,HIGH,84,READY,2026-01-11 12:59:24,,,,,,,,,,,Y
1055,ATS,,MID-ATLANTIC FACILITY SERVIECES,11921 A BOURNEFIELD WAY,INV ONLINE,,SILVER SPRING,MD,20904,,,,,,,,,,,,,,Y,,MID-ATLANTIC FACILITY SERVIECES,11921 A BOURNEFIELD WAY,,,,SILVER SPRING,MD,20904,US,HIGH,84,READY,2026-01-11 12:59:26,,,,,,,,,,,Y
1056,ATS,,"KANNAPELL ASSOCIATES, INC.",10335 KENSINGTON PARKWAY,SUITE C,,KENSINGTON,MD,20895,,,,,,,,,,,,,,Y,,KANNAPELL ASSOCIATES INC,SUITE C,,,,KENSINGTON,MD,20895,US,LOW,100,REVIEW,NaT,,,,,,,,,,,Y
1057,ATS,,CHRISTINE KARAYINOPULOS,,,,,,,,,,,,,,,,,,,,Y,,CHRISTINE KARAYINOPULOS,,,,,,,,US,LOW,20,INVALID,NaT,,,,,,,,,,,Y
1058,ATS,,GUS KARAYINOPULOS,401 PLUMBRIDGE COURT,,,TIMONIUM,MD,21093,,,,,,,,,,,,,,Y,,GUS KARAYINOPULOS,401 PLUMBRIDGE COURT,,,,TIMONIUM,MD,21093,US,HIGH,84,READY,2026-01-11 12:59:32,,,,,,,,,,,Y
1059,ATS,,JAMES KARAYINOPULOS SR,401 PLUMBRIDGE COURT,UNIT 104 AND 102,,LUTHERVILLE,MD,21093,,,,,,,,,,,,,,Y,,JAMES KARAYINOPULOS SR,UNIT 104 AND 102,,,,LUTHERVILLE,MD,21093,US,LOW,100,REVIEW,NaT,,,,,,,,,,,Y
1060,ATS,,"KASCAR HVAC SOLUTIONS, INC",375 SOUTHPOINTE BLVD,#340,,CANONSBURG,PA,15317,,,,,,,,,,,,,,Y,,KASCAR HVAC SOLUTIONS INC,340 MCGREGOR DR,,,,CANONSBURG,PA,15317,US,MEDIUM,75,REVIEW,2026-01-11 12:59:36,,,,,,,,,,,Y
1061,ATS,,KATELYN MORRIS,5913 SHADY SPRING AVE,,,BALTIMORE,MD,21237,,,,,,,,,,,,,,Y,,KATELYN MORRIS,5913 SHADY SPRING AVE,,,,BALTIMORE,MD,21237,US,HIGH,84,READY,2026-01-11 12:59:38,,,,,,,,,,,Y
1062,ATS,,"KAUFFMAN ELECTRIC CO, INC",3400 BOSTON STREET,,,BALTIMORE,MD,21224,,,,,,,,,,,,,,Y,,KAUFFMAN ELECTRIC CO INC,3400 BOSTON ST,,,,BALTIMORE,MD,21224,US,HIGH,84,READY,2026-01-11 12:59:40,,,,,,,,,,,Y
1063,ATS,,KBR WYLE SERVICES LLC,PO BOX 11640,EMAIL INVOICES,,HUNTSVILLE,AL,35814,,,,,,,,,,,,,,Y,,KBR WYLE SERVICES LLC,PO BOX 11640,,,,HUNTSVILLE,AL,35814,US,HIGH,84,READY,2026-01-11 12:59:42,,,,,,,,,,,Y
1064,ATS,,KCI TECHNOLOGIES,11830 WEST MARKET PLACE,SUITE F,,FULTON,MD,20759,,,,,,,,,,,,,,Y,,KCI TECHNOLOGIES,SUITE F,,,,FULTON,MD,20759,US,LOW,100,REVIEW,NaT,,,,,,,,,,,Y
1065,ATS,,KCORP RELIANCE COMPANY,"100 BUREAU DRIVE, BLDG. 411",EMAIL INVOICE,,GAITHERSBURG,MD,20884,,,,,,,,,,,,,,Y,,KCORP RELIANCE COMPANY,100 BUREAU DR BLDG 411,,,,GAITHERSBURG,MD,20884,US,HIGH,84,READY,2026-01-11 12:59:47,,,,,,,,,,,Y
1066,ATS,,KEEPIN IT COOL,4466 SOUTHERN BUSINESS PARK DR,,,WHITE PLAINS,MD,20695,,,,,,,,,,,,,,Y,,KEEPIN IT COOL,4466 SERN BUSINESS PARK DR,,,,WHITE PLAINS,MD,20695,US,HIGH,84,READY,2026-01-11 12:59:49,,,,,,,,,,,Y
1067,ATS,,KELLY HVAC,8431 OLD MARLBORO PIKE,,,UPPER MARLBORO,MD,20772,,,,,,,,,,,,,,Y,,KELLY HVAC,8431 OLD MARLBORO PIKE,,,,UPPER MARLBORO,MD,20772,US,HIGH,84,READY,2026-01-11 12:59:51,,,,,,,,,,,Y
1068,ATS,,KELMUR PLUMBING AND HEATING,5425 BAYVIEW AVE,,,SAINT LEONARD,MD,20685,,,,,,,,,,,,,,Y,,KELMUR PLUMBING & HEATING,5425 BAYVIEW AVE,,,,SAINT LEONARD,MD,20685,US,HIGH,84,READY,2026-01-11 12:59:59,,,,,,,,,,,Y
1069,ATS,,KENNEDY HEALTH,2201 CHAPEL AVENUE,,,CHERRY HILL,NJ,08002,,,,,,,,,,,,,,Y,,KENNEDY HEALTH,2201 CHAPEL AVENUE,,,,CHERRY HILL,NJ,08002,US,HIGH,84,READY,2026-01-11 13:00:01,,,,,,,,,,,Y
1070,ATS,,KENNEDY KRIEGER INSTITUTE - EMAIL,1741 ASHLAND AVENUE,7TH FLOOR,,BALTIMORE,MD,21205,,,,,,,,,,,,,,Y,,KENNEDY KRIEGER INSTITUTE,7TH FL,,,,BALTIMORE,MD,21205,US,HIGH,80,READY,2026-01-11 13:00:04,,,,,,,,,,,Y
1071,ATS,,KENT ISLAND MECHANICAL,13340 MID ATLANTIC BLVD,EMAIL INVOICE,,LAUREL,MD,20708,,,,,,,,,,,,,,Y,,KENT ISLAND MECHANICAL,13340 MID ATLANTIC BLVD,,,,LAUREL,MD,20708,US,HIGH,84,READY,2026-01-11 13:00:06,,,,,,,,,,,Y
1072,ATS,,"JAMES LAWRENCE KERNAN HOSPITAL, INC.",UOM - REHAB & PED -email INV,PO BOX 6545,,PORTLAND,OR,97228,,,,,,,,,,,,,,Y,,JAMES LAWRENCE KERNAN HOSPITAL INC,PO BOX 6545,,,,PORTLAND,OR,97228,US,MEDIUM,70,REVIEW,NaT,,,,,,,,,,,Y
1073,ATS,,"KESWICK MULTI-CARE CENTER, INC",700 WEST 40TH STREET,,,BALTIMORE,MD,21211,,,,,,,,,,,,,,Y,,KESWICK MULTI-CARE CENTER INC,700 W 40TH ST,,,,BALTIMORE,MD,21211,US,HIGH,84,READY,2026-01-11 13:00:08,,,,,,,,,,,Y
1074,ATS,,BEBE KETRON,3505 BROADRUN DRIVE,,,FAIRFAX,VA,22033,,,,,,,,,,,,,,Y,,BEBE KETRON,3505 BRDRUN DR,,,,FAIRFAX,VA,22033,US,HIGH,84,READY,2026-01-11 13:00:10,,,,,,,,,,,Y
1075,ATS,,"KEY SYSTEMS, INC.",10839 PHILADELPHIA RD,,,WHITE MARSH,MD,21162,,,,,,,,,,,,,,Y,,KEY SYSTEMS INC,10839 PHILADELPHIA RD,,,,WHITE MARSH,MD,21162,US,HIGH,84,READY,2026-01-11 13:00:12,,,,,,,,,,,Y
1076,ATS,,"KG SHEET METAL SERVICES, LLC",301-D PRINCE GEORGE'S BLVD,EMAIL INVOICES,,UPPER MARLBORO,MD,20774,,,,,,,,,,,,,,Y,,KG SHEET METAL SERVICES LLC,301-D PRINCE GEORGE'S BLVD,,,,UPPER MARLBORO,MD,20774,US,HIGH,84,READY,2026-01-11 13:00:14,,,,,,,,,,,Y
1077,ATS,,R.C. Killigrew Co.,PO BOX 16,,,CHESWUCJ,PA,15024,,,,,,,,,,,,,,Y,,RC KILLIGREW CO,PO BOX 16,,,,CHESWUCJ,PA,15024,US,MEDIUM,75,REVIEW,NaT,,,,,,,,,,,Y
1078,ATS,,KINDERTON GROUP LLC,P.O. BOX 4215,EMAIL INVOICE,,MIDLOTHIAN,VA,23112,,,,,,,,,,,,,,Y,,KINDERTON GROUP LLC,PO BOX 4215,,,,MIDLOTHIAN,VA,23112,US,HIGH,84,READY,2026-01-11 13:00:17,,,,,,,,,,,Y
1079,ATS,,KING MECHANICAL CO.,1718 BELMONT AVE,,,BALTIMORE,MD,21244,,,,,,,,,,,,,,Y,,KING MECHANICAL CO,1718 BELMONT AVE,,,,BALTIMORE,MD,21244,US,HIGH,84,READY,2026-01-11 13:00:19,,,,,,,,,,,Y
1080,ATS,,KINSLEY CONSTRUCTION,2700 WATER ST,,,YORK,PA,17403,,,,,,,,,,,,,,Y,,KINSLEY CONSTRUCTION,2700 WATER ST,,,,YORK,PA,17403,US,HIGH,84,READY,2026-01-11 13:00:21,,,,,,,,,,,Y
1081,ATS,,KIRA AVIATION SERVICES,7701 TELEGRAPH ROAD,,,ALEXANDRIA,VA,22315,,,,,,,,,,,,,,Y,,KIRA AVIATION SERVICES,7701 TELEGRAPH RD,,,,ALEXANDRIA,VA,22315,US,HIGH,84,READY,2026-01-11 13:00:23,,,,,,,,,,,Y
1082,ATS,,"KITA PHARMA, INC.",9021 BENNETT CREEK BLVD.,,,FREDERICK,MD,21704,,,,,,,,,,,,,,Y,,KITA PHARMA INC,9021 BENNETT CREEK BLVD,,,,FREDERICK,MD,21704,US,HIGH,84,READY,2026-01-11 13:00:26,,,,,,,,,,,Y
1083,ATS,,KLM CONTROLS,7705 ZACHARY ROAD,,,PORT TOBACCO,MD,20677,,,,,,,,,,,,,,Y,,KLM CONTROLS,7705 ZACHARY RD,,,,PORT TOBACCO,MD,20677,US,HIGH,84,READY,2026-01-11 13:00:28,,,,,,,,,,,Y
1084,ATS,,KMN MECHANICAL,7400 BOSTON BLVD.,,,SPRINGFIELD,VA,22153,,,,,,,,,,,,,,Y,,KMN MECHANICAL,7400 BOSTON BLVD,,,,SPRINGFIELD,VA,22153,US,HIGH,84,READY,2026-01-11 13:00:30,,,,,,,,,,,Y
1085,ATS,,KNOTT MECHANICAL,"1940 GREENSPRING DRIVE, SUITE I-L,",EMAIL INVOICES,,TIMONIUM,MD,21093,,,,,,,,,,,,,,Y,,KNOTT MECHANICAL,1940 GREENSPRING DR,,SUITE I-L,,TIMONIUM,MD,21093,US,HIGH,84,READY,2026-01-11 13:00:32,,,,,,,,,,,Y
1086,ATS,,"EDW. KOCHARIAN & CO., INC.",8394-G TERMINAL ROAD,P.O. BOX 680 - MAIL/EMAIL INVOICE,,NEWINGTON,VA,22122,,,,,,,,,,,,,,Y,,EDW KOCHARIAN & CO INC,PO BOX 680,,,,NEWINGTON,VA,22122,US,MEDIUM,70,REVIEW,NaT,,,,,,,,,,,Y
1087,ATS,,KOGOK CORPORATION,201 COMMERCE DRIVE,,,UPPER MARLBORO,MD,20774,,,,,,,,,,,,,,Y,,KOGOK CORPORATION,201 COMMERCE DR,,,,UPPER MARLBORO,MD,20774,US,HIGH,84,READY,2026-01-11 13:00:34,,,,,,,,,,,Y
1088,ATS,,KOOLTRONIC INC,PO BOX 240,,,PENNINGTON,NJ,08534,,,,,,,,,,,,,,Y,,KOOLTRONIC INC,PO BOX 240,,,,PENNINGTON,NJ,08534,US,HIGH,84,READY,2026-01-11 13:00:36,,,,,,,,,,,Y
1089,ATS,,KRICK PLUMBING & HEATING CO.INC,5011 46TH AVENUE,,,HYATTSVILLE,MD,20781,,,,,,,,,,,,,,Y,,KRICK PLUMBING & HEATING COINC,5011 46TH AVENUE,,,,HYATTSVILLE,MD,20781,US,HIGH,84,READY,2026-01-11 13:00:38,,,,,,,,,,,Y
1090,ATS,,"KRIGSMAN, MICHAEL",1264 BEACON STREET,APARTMENT 1,,BROOKLINE,MA,02446,,,,,,,,,,,,,,Y,,KRIGSMAN MICHAEL,APARTMENT 1,,,,BROOKLINE,MA,02446,US,LOW,100,REVIEW,NaT,,,,,,,,,,,Y
1091,ATS,,R. KURT WALLACE,,,,,,,,,,,,,,,,,,,,Y,,R KURT WALLACE,,,,,,,,US,LOW,20,INVALID,NaT,,,,,,,,,,,Y
1092,ATS,,KWA ENGINEERS MECHANICAL,1216 HULL STREET,,,BALTIMORE,MD,21230,,,,,,,,,,,,,,Y,,KWA ENGINEERS MECHANICAL,1216 HULL ST,,,,BALTIMORE,MD,21230,US,HIGH,84,READY,2026-01-11 13:00:44,,,,,,,,,,,Y
1093,ATS,,L&B UNIVERSAL,3852 DULLES SOUTH CT.,SUITE G - EMAIL INVOICES,,CHANTILLY,VA,20151,,,,,,,,,,,,,,Y,,L&B UNIVERSAL,SUITE G,,,,CHANTILLY,VA,20151,US,LOW,100,REVIEW,NaT,,,,,,,,,,,Y
1094,ATS,,"L&M ELECTRIC AND PLUMBING, LLC",2601 BEACON HILL ROAD,EMAIL INVOICES,,ALEXANDRIA,VA,22306,,,,,,,,,,,,,,Y,,L&M ELECTRIC & PLUMBING LLC,2601 BEACON HILL RD,,,,ALEXANDRIA,VA,22306,US,HIGH,84,READY,2026-01-11 13:00:47,,,,,,,,,,,Y
1095,ATS,,"LANGE ELECTRIC COMPANY, INC.",2626 W. PATAPSCO AVE,,,BALTIMORE,MD,21230-2730,,,,,,,,,,,,,,Y,,LANGE ELECTRIC COMPANY INC,2626 W PATAPSCO AVE,,,,BALTIMORE,MD,21230-2730,US,HIGH,84,READY,2026-01-11 13:00:49,,,,,,,,,,,Y
1096,ATS,,"LARRY AND SONS, INC.",301 WEST FRANKLIN STREET,,,HAGERSTOWN,MD,21740,,,,,,,,,,,,,,Y,,LARRY & SONS INC,301 W FRANKLIN ST,,,,HAGERSTOWN,MD,21740,US,HIGH,84,READY,2026-01-11 13:00:52,,,,,,,,,,,Y
1097,ATS,,LARS,,,,,,,,,,,,,,,,,,,,Y,,LARS,,,,,,,,US,LOW,20,INVALID,NaT,,,,,,,,,,,Y
1098,ATS,,"LAULIMA GOVERNMENT SOLUTIONS, LLC-email",12565 RESEARCH PARKWAY,SUITE 300,,ORLANDO,FL,32826-2399,,,,,,,,,,,,,,Y,,LAULIMA GOVERNMENT SOLUTIONS LLC,SUITE 300,,,,ORLANDO,FL,32826-2399,US,LOW,80,REVIEW,2026-01-11 13:00:57,,,,,,,,,,,Y
1099,ATS,,ICE/JV,PO BOX 8305,,,WASHINGTON,DC,20032,,,,,,,,,,,,,,Y,,ICE/JV,PO BOX 8305,,,,WASHINGTON,DC,20032,US,MEDIUM,79,REVIEW,2026-01-11 13:00:58,,,,,,,,,,,Y
1100,ATS,,LB&B ASSOCIATES,PO BOX 47249,,,BALTIMORE,MD,21244,,,,,,,,,,,,,,Y,,LB&B ASSOCIATES,PO BOX 47249,,,,BALTIMORE,MD,21244,US,HIGH,84,READY,2026-01-11 13:01:00,,,,,,,,,,,Y
1101,ATS,,LE DAVIS HEATING & AIR CONDITIONING,,,,,,,,,,,,,,,,,,,,Y,,LE DAVIS HEATING & AIR CONDITIONING,,,,,,,,US,LOW,20,INVALID,NaT,,,,,,,,,,,Y
1102,ATS,,WSP USA,6522 MEADOWRIDGE ROAD,,,ELKRIDGE,MD,21075,,,,,,,,,,,,,,Y,,WSP USA,6522 MEADOWRIDGE RD,,,,ELKRIDGE,MD,21075,US,HIGH,84,READY,2026-01-11 13:01:04,,,,,,,,,,,Y
1103,ATS,,LEADER REFRIGERATION,BOX 1116,PORTAGE LA PRAIRIE,,"MANITOBA, CANADA",,R1N3C5,,,,,,,,,,,,,,Y,,LEADER REFRIGERATION,RD 42W,,,,PORTAGE LA PRAIRIE,MB,00135,CA,LOW,100,REVIEW,NaT,,,,,,,,,,,Y
1104,ATS,,LEASE DIRECT,,,,,,,,,,,,,,,,,,,,Y,,LEASE DIRECT,,,,,,,,US,LOW,20,INVALID,NaT,,,,,,,,,,,Y
1105,ATS,,MICROSOFT/LEE TECHNOLOGIES,12150 MOUMENT DRIVE SUITE 150,ACCOUNTS PAYABLE,,FAIRFAX,VA,22033,,,,,,,,,,,,,,Y,,MICROSOFT/LEE TECHNOLOGIES,12150 MOUMENT DR,,SUITE 150,,FAIRFAX,VA,22033,US,HIGH,84,READY,2026-01-11 13:01:10,,,,,,,,,,,Y
1106,ATS,,LEE'S ELECTRICAL CONTRACTING,7110 GOLDEN RING ROAD,SUITE 106,,ESSEX,MD,21221,,,,,,,,,,,,,,Y,,LEE'S ELECTRICAL CONTRACTING,SUITE 106,,,,ESSEX,MD,21221,US,LOW,80,REVIEW,2026-01-11 13:01:12,,,,,,,,,,,Y
1107,ATS,,LEFT HOOK LLC,12297 FORT VALLEY ROAD,,,FORT VALLEY,VA,22652,,,,,,,,,,,,,,Y,,LEFT HOOK LLC,FORT VALLEY RD,,,,FORT VALLEY,VA,22652,US,HIGH,84,READY,2026-01-11 13:01:14,,,,,,,,,,,Y
1108,ATS,,"LEG PLUMBING CONTRACTORS, LLC",1016 8TH STREET,,,LAUREL,MD,20707,,,,,,,,,,,,,,Y,,LEG PLUMBING CONTRACTORS LLC,1016 8TH ST,,,,LAUREL,MD,20707,US,HIGH,84,READY,2026-01-11 13:01:17,,,,,,,,,,,Y
1109,ATS,,LEIDOS BIOMEDICAL RESEARCH,P.O. BOX 13730,EMAIL,,PHILADELPHIA,PA,19101,,,,,,,,,,,,,,Y,,LEIDOS BIOMEDICAL RESEARCH,PO BOX 13730,,,,PHILADELPHIA,PA,19101,US,HIGH,84,READY,2026-01-11 13:01:19,,,,,,,,,,,Y
1110,ATS,,"LEIDOS HOLDINGS, INC.",1750 PRESIDENTS ST.,,,RESTON,VA,20190,,,,,,,,,,,,,,Y,,LEIDOS HOLDINGS INC,1750 PRESIDENTS ST,,,,RESTON,VA,20190,US,HIGH,84,READY,2026-01-11 13:01:21,,,,,,,,,,,Y
1111,ATS,,LEMUR PROPERTIES LLC,00-v0003844  -P701101,PO BOX: 82612,,GOLETA,CA,93118-2612,,,,,,,,,,,,,,Y,,LEMUR PROPERTIES LLC,PO BOX 82612,,00-V0003844 -P701101,,GOLETA,CA,93118-2612,US,MEDIUM,70,REVIEW,NaT,,,,,,,,,,,Y
1112,ATS,,Lennox Industries Mid-Atlantic Com'l,6735 Busness Parkway,ATT: Delina Ferrell,,ELKRIDGE,MD,21075,,,,,,,,,,,,,,Y,,LENNOX INDUSTRIES MID-ATLANTIC COM'L,6735 BUSNESS PKWY,,,,ELKRIDGE,MD,21075,US,MEDIUM,100,REVIEW,NaT,,,,,,,,,,,Y
1113,ATS,,LENNOX NATIONAL ACOUNT SERVICES,3511 NE 22 AVENUE,EMAIL,,FT. LAUDERDALE,FL,33308,,,,,,,,,,,,,,Y,,LENNOX NATIONAL ACOUNT SERVICES,3511 NE 22 AVE,,,,FT LAUDERDALE,FL,33308,US,MEDIUM,100,REVIEW,NaT,,,,,,,,,,,Y
1114,ATS,,LERNER CORPORATION,2000 TOWER OAKS BLVD,8TH FLOOR,,ROCKVILLE,MD,20852-4208,,,,,,,,,,,,,,Y,,LERNER CORPORATION,2000 TOWER OAKS BLVD,,8TH FL,,ROCKVILLE,MD,20852-4208,US,HIGH,80,READY,2026-01-11 13:01:28,,,,,,,,,,,Y
1115,ATS,,LEVINDALE GERIATRIC HOSPITAL,LIFEBRIDGE HEALTH,PO BOX 2667 - ACCOUNTS PAYABLE,,BALTIMORE,MD,21215-2667,,,,,,,,,,,,,,Y,,LEVINDALE GERIATRIC HOSPITAL,PO BOX 2667,,LIFEBRIDGE HEALTH,,BALTIMORE,MD,21215-2667,US,MEDIUM,70,REVIEW,NaT,,,,,,,,,,,Y
1116,ATS,,LEWIS CONTRACTORS,55 GWYNNS MILL CT.,,,OWINGS MILLS,MD,21117,,,,,,,,,,,,,,Y,,LEWIS CONTRACTORS,55 GWYNNS MILL CT,,,,OWINGS MILLS,MD,21117,US,HIGH,80,READY,2026-01-11 13:01:30,,,,,,,,,,,Y
1117,ATS,,"LEWIS-KANTZ, INC",404 W PENNSYLVANIA AVE,,,TOWSON,MD,21204,,,,,,,,,,,,,,Y,,LEWIS-KANTZ INC,404 W PENNSYLVANIA AVE,,,,TOWSON,MD,21204,US,HIGH,80,READY,2026-01-11 13:01:32,,,,,,,,,,,Y
1118,ATS,,LEWISTOWN HOSPITAL,400 HIGHLAND AVE,,,LEWISTOWN,PA,17044,,,,,,,,,,,,,,Y,,LEWISTOWN HOSPITAL,400 HIGHLAND AVE,,,,LEWISTOWN,PA,17044,US,HIGH,80,READY,2026-01-11 13:01:34,,,,,,,,,,,Y
1119,ATS,,LIBERTY TECHNICAL SERVICES,,,,,,,,,,,,,,,,,,,,Y,,LIBERTY TECHNICAL SERVICES,,,,,,,,US,LOW,20,INVALID,NaT,,,,,,,,,,,Y
1120,ATS,,LIFEBRIDGE HEALTH,CAPITAL INPROVEMENTS,2401 WEST BELVEDERE AVE,,BALTIMORE,MD,21215,,,,,,,,,,,,,,Y,,LIFEBRIDGE HEALTH,2401 W BELVEDERE AVE,,CAPITAL INPROVEMENTS,,BALTIMORE,MD,21215,US,HIGH,80,READY,2026-01-11 13:01:38,,,,,,,,,,,Y
1121,ATS,,"LIGHTING MAINTENANCE, INC",7462 RAILROAD AVE,EMAIL INVOICES,,HARMANS,MD,21077,,,,,,,,,,,,,,Y,,LIGHTING MAINTENANCE INC,7462 RAILRD AVE,,,,HARMANS,MD,21077,US,HIGH,80,READY,2026-01-11 13:01:39,,,,,,,,,,,Y
1122,ATS,,LILLIBRIDGE HEALTHCARE SERVICES,1770 ASHLAND AVENUE,SUITE 134F,,BALTIMORE,MD,21205,,,,,,,,,,,,,,Y,,LILLIBRIDGE HEALTHCARE SERVICES,1770 ASHLAND AVE,,STE #134F,,BALTIMORE,MD,21205,US,HIGH,80,READY,2026-01-11 13:01:41,,,,,,,,,,,Y
1123,ATS,,"LIMBACH COMPANY, LLC",13261 MID ATLANTIC BLVD,EMAIL,,LAUREL,MD,20708,,,,,,,,,,,,,,Y,,LIMBACH COMPANY LLC,13261 MID ATLANTIC BLVD,,,,LAUREL,MD,20708,US,HIGH,80,READY,2026-01-11 13:01:44,,,,,,,,,,,Y
1124,ATS,,ABM BUILDING SERVICES LLC,45180 BUSINESS COURT,SUITE 600,,STERLING,VA,20166,,,,,,,,,,,,,,Y,,ABM BUILDING SERVICES LLC,45180 BUSINESS CT,,STE #600,,STERLING,VA,20166,US,HIGH,80,READY,2026-01-11 13:01:45,,,,,,,,,,,Y
1125,ATS,,LINCOLN PROPERTY COMPANY,10455 MILL RUN CIRCLE,,,OWING MILLS,MD,21117,,,,,,,,,,,,,,Y,,LINCOLN PROPERTY COMPANY,10455 MILL RUN CIR,,,,OWING MILLS,MD,21117,US,MEDIUM,100,REVIEW,NaT,,,,,,,,,,,Y
1126,ATS,,LINCOLN PROPERTY COMPANY,METROPLEX I & II,8201 CORPORATE DRIVE STE 160,,LANDOVER,MD,20785,,,,,,,,,,,,,,Y,,LINCOLN PROPERTY COMPANY,8201 CORPORATE DR,,STE 160 METROPLEX I & II,,LANDOVER,MD,20785,US,HIGH,80,READY,2026-01-11 13:01:49,,,,,,,,,,,Y
1127,ATS,,LINCOLN PROPERTY MCCORMICK/EGP,EGP C/O LINCOLN PROPERTY,"7651 MONTPELIER RD., N160",,LAUREL,MD,20723,,,,,,,,,,,,,,Y,,LINCOLN PROPERTY MCCORMICK/EGP,7651 MONTPELIER RD N160,,EGP C/O LINCOLN PROPERTY,,LAUREL,MD,20723,US,MEDIUM,100,REVIEW,NaT,,,,,,,,,,,Y
1128,ATS,,GMUF-ARLINGTON CAMPUS LLC,C/O LINCOLN PROPERTY COMPANY,"4601 N FAIRFAX DRIVE, STE 1115",,ARLINGTON,VA,22203,,,,,,,,,,,,,,Y,,GMUF-ARLINGTON CAMPUS LLC,4601 N FAIRFAX DR,,STE #1115 C/O LINCOLN PROPERTY COMPANY,,ARLINGTON,VA,22203,US,MEDIUM,100,REVIEW,NaT,,,,,,,,,,,Y
1129,ATS,,LINDA THOMPSON,964 WALKER ROAD,,,GREAT FALLS,VA,22066,,,,,,,,,,,,,,Y,,LINDA THOMPSON,964 WALKER RD,,,,GREAT FALLS,VA,22066,US,HIGH,80,READY,2026-01-11 13:01:56,,,,,,,,,,,Y
1130,ATS,,"LINK DISTRIBUTORS, LLC",PO BOX 73,,,MONKTON,MD,21111,,,,,,,,,,,,,,Y,,LINK DISTRIBUTORS LLC,PO BOX 73,,,,MONKTON,MD,21111,US,MEDIUM,70,REVIEW,NaT,,,,,,,,,,,Y
1131,ATS,,"LITEHOUSE DISTRIBUTION & SUPPLY, INC.",10839 PHILADELPHIA ROAD,,,WHITE MARSH,MD,21162,,,,,,,,,,,,,,Y,,LITEHOUSE DISTRIBUTION & SUPPLY INC,10839 PHILADELPHIA RD,,,,WHITE MARSH,MD,21162,US,HIGH,80,READY,2026-01-11 13:01:59,,,,,,,,,,,Y
1132,ATS,,LIVETECH SOLUTIONS,839 BEST GATE RD SUITE 400,,,ANNAPOLIS,MD,21401,,,,,,,,,,,,,,Y,,LIVETECH SOLUTIONS,839 BEST GATE RD,,STE #400,,ANNAPOLIS,MD,21401,US,MEDIUM,100,REVIEW,NaT,,,,,,,,,,,Y
1133,ATS,,LND MECHANICAL,7917 SHORE RD,,,BALTIIMORE,MD,21219,,,,,,,,,,,,,,Y,,LND MECHANICAL,7917 SHORE RD,,,,BALTIIMORE,MD,21219,US,MEDIUM,100,REVIEW,NaT,,,,,,,,,,,Y
1134,ATS,,"LOCAL ELECTRIC, LLC",204 SYCAMORE ROAD,EMAIL INVOICES,,MOUNT AIRY,MD,21771,,,,,,,,,,,,,,Y,,LOCAL ELECTRIC LLC,204 SYCAMORE RD,,,,MOUNT AIRY,MD,21771,US,HIGH,80,READY,2026-01-11 13:02:05,,,,,,,,,,,Y
1135,ATS,,LOCKHEED MARTIN,9500 Godwin Drive,,,MANASSAS,VA,20110,,,,,,,,,,,,,,Y,,LOCKHEED MARTIN,9500 GODWIN DR,,,,MANASSAS,VA,20110,US,HIGH,80,READY,2026-01-11 13:02:06,,,,,,,,,,,Y
1136,ATS,,"LODRICK HEATING & COOLING, LLC",1311 TRALEE CIRCLE,,,ABERDEEN,MD,21001,,,,,,,,,,,,,,Y,,LODRICK HEATING & COOLING LLC,1311 TRALEE CIR,,,,ABERDEEN,MD,21001,US,MEDIUM,100,REVIEW,NaT,,,,,,,,,,,Y
1137,ATS,,"LOGIC, INC.",890 N. MARTWAY DR,,,OLATHE,KS,66061,,,,,,,,,,,,,,Y,,LOGIC INC,890 N MARTWAY DR,,,,OLATHE,KS,66061,US,MEDIUM,100,REVIEW,NaT,,,,,,,,,,,Y
1138,ATS,,LORIEN HEALTH SYSTEM,6336 CEDAR LANE,,,COLUMBIA,MD,21044,,,,,,,,,,,,,,Y,,LORIEN HEALTH SYSTEM,6336 CEDAR LN,,,,COLUMBIA,MD,21044,US,HIGH,80,READY,2026-01-11 13:02:12,,,,,,,,,,,Y
1139,ATS,,"COUNTY OF LOUDOUN, VIRGINA",DEPT OF CONSTRUCTION & WASTE,211 GIBBSON STREET NW STE 123,,LEESBURG,VA,20176,,,,,,,,,,,,,,Y,,COUNTY OF LOUDOUN VIRGINA,211 GIBBSON ST NW,,STE 123 DEPT OF CONSTRUCTION & WASTE,,LEESBURG,VA,20176,US,MEDIUM,100,REVIEW,NaT,,,,,,,,,,,Y
1140,ATS,,LOUDOUN COUNTY PUBLIC SCHOOLS,2100 EDUCATION CT.,,,ASHBURN,VA,20148,,,,,,,,,,,,,,Y,,LOUDOUN COUNTY PUBLIC SCHOOLS,2100 EDUCATION CT,,,,ASHBURN,VA,20148,US,HIGH,80,READY,2026-01-11 13:02:17,,,,,,,,,,,Y
1141,ATS,,DONNA LOUGHNER,505 TANBARK COURT,,,BRINKLOW,MD,20862,,,,,,,,,,,,,,Y,,DONNA LOUGHNER,505 TANBARK CT,,,,BRINKLOW,MD,20862,US,MEDIUM,100,REVIEW,NaT,,,,,,,,,,,Y
1142,ATS,,"LOUIS  F. SOUL COMPANY, INC.",6918 UNIVERSITY DRIVE,,,BALTIMORE,MD,21220,,,,,,,,,,,,,,Y,,LOUIS F SOUL COMPANY INC,6918 UNIVERSITY DR,,,,BALTIMORE,MD,21220,US,HIGH,80,READY,2026-01-11 13:02:21,,,,,,,,,,,Y
1143,ATS,,LOYOLA COLLEGE IN MARYLAND INC,4501 N. CHARLES ST,EMAIL INVOICES,,BALTIMORE,MD,21210,,,,,,,,,,,,,,Y,,LOYOLA COLLEGE IN MARYLAND INC,4501 N CHARLES ST,,,,BALTIMORE,MD,21210,US,HIGH,80,READY,2026-01-11 13:02:23,,,,,,,,,,,Y
1144,ATS,,LOYOLA HIGH SCHOOL,CHARLES ST AND CHESTNUT AV,,,BALTIMORE,MD,21285,,,,,,,,,,,,,,Y,,LOYOLA HIGH SCHOOL,CHARLES ST AND CHESTNUT AV,,,,BALTIMORE,MD,21285,US,LOW,100,REVIEW,NaT,,,,,,,,,,,Y
1145,ATS,,LTD HOSPITALITY GROUP,1110 OLD ELKRIDGE LANDING ROAD,,,LINTHICUM,MD,21090,,,,,,,,,,,,,,Y,,LTD HOSPITALITY GROUP,1110 OLD ELKRIDGE LANDING RD,,,,LINTHICUM,MD,21090,US,HIGH,80,READY,2026-01-11 13:02:27,,,,,,,,,,,Y
1146,ATS,,LUCKY CYCLES,6981 BRISCOE TURN ROAD,,,OWINGS,MD,20736,,,,,,,,,,,,,,Y,,LUCKY CYCLES,6981 BRISCOE TURN RD,,,,OWINGS,MD,20736,US,HIGH,80,READY,2026-01-11 13:02:29,,,,,,,,,,,Y
1147,ATS,,LYRIC OPERA HOUSE,110 W. MOUNT ROYAL ST.,,,BALTIMORE,MD,21201,,,,,,,,,,,,,,Y,,LYRIC OPERA HOUSE,110 W MOUNT ROYAL ST,,,,BALTIMORE,MD,21201,US,MEDIUM,100,REVIEW,NaT,,,,,,,,,,,Y
1148,ATS,,M & M CONTROLS - AIRECO SUPPLY,"9 WEST AYLESBURY RD., SUITE E",EMAIL INVOICES,,TIMONIUM,MD,21093,,,,,,,,,,,,,,Y,,M & M CONTROLS - AIRECO SUPPLY,9 W AYLESBURY RD,,STE #E,,TIMONIUM,MD,21093,US,HIGH,80,READY,2026-01-11 13:02:33,,,,,,,,,,,Y
1149,ATS,,"M & M ELECTRIC MOTOR REPAIR, INC",205 BUCHEIMER ROAD,,,FREDERICK,MD,21701,,,,,,,,,,,,,,Y,,M & M ELECTRIC MOTOR REPAIR INC,205 BUCHEIMER RD,,,,FREDERICK,MD,21701,US,HIGH,80,READY,2026-01-11 13:02:35,,,,,,,,,,,Y
1150,ATS,,M S JOHNSTON-HVAC DIV,13265 PENNSYLVANIA AVENUE,,,HAGERSTOWN,MD,21742,,,,,,,,,,,,,,Y,,M S JOHNSTON-HVAC DIV,13265 PENNSYLVANIA AVE,,,,HAGERSTOWN,MD,21742,US,HIGH,80,READY,2026-01-11 13:02:38,,,,,,,,,,,Y
1151,ATS,,M&M WELDING AND FABRICATORS,2701 BACK ARCE CIRCLE,EMAIL,,MT.AIRY,MD,21771,,,,,,,,,,,,,,Y,,M&M WELDING & FABRICATORS,2701 BACK ARCE CIR,,,,MTAIRY,MD,21771,US,MEDIUM,100,REVIEW,NaT,,,,,,,,,,,Y
1152,ATS,,"M-TECH MECHANICAL, LLC","1550 Caton Center Drive, Suite A",EMAIL INVOICES,,Baltimore,MD,21227,,,,,,,,,,,,,,Y,,M-TECH MECHANICAL LLC,1550 CATON CT DR,,STE #A,,BALTIMORE,MD,21227,US,HIGH,80,READY,2026-01-11 13:02:42,,,,,,,,,,,Y
1153,ATS,,M. NELSON BARNES & SONS,117 CHURCH LANE,,,COCKEYSVILLE,MD,21030,,,,,,,,,,,,,,Y,,M NELSON BARNES & SONS,117 CHURCH LN,,,,COCKEYSVILLE,MD,21030,US,HIGH,80,READY,2026-01-11 13:02:44,,,,,,,,,,,Y
1154,ATS,,M.E. FLOW,"12 CARDINAL PARK DR., STE. 107",,,LEESBURG,VA,20175,,,,,,,,,,,,,,Y,,ME FLOW,12 CARDINAL PARK DR,,STE #107,,LEESBURG,VA,20175,US,HIGH,80,READY,2026-01-11 13:02:46,,,,,,,,,,,Y
1155,ATS,,M.L. DEWBERRY INC.,1981 MORELAND PARKWAY,BUILDING 4A/ BAY 8,,ANNAPOLIS,MD,21401,,,,,,,,,,,,,,Y,,ML DEWBERRY INC,1981 MORELAND PKWY,,BUILDING 4A/ BAY 8,,ANNAPOLIS,MD,21401,US,HIGH,80,READY,2026-01-11 13:02:48,,,,,,,,,,,Y
1156,ATS,,"M.V. SUPPLY, LLC",490 HIGGINS DR,,,ODENTON,MD,21113,,,,,,,,,,,,,,Y,,MV SUPPLY LLC,490 HIGGINS DR,,,,ODENTON,MD,21113,US,HIGH,80,READY,2026-01-11 13:02:50,,,,,,,,,,,Y
1157,ATS,,MACGREGOR PROPERTY MANAGEMENT,11180 SUNRISE VALLEY DRIVE,SUITE 300,,RESTON,VA,20191,,,,,,,,,,,,,,Y,,MACGREGOR PROPERTY MANAGEMENT,11180 SUNRISE VALLEY DR,,STE #300,,RESTON,VA,20191,US,HIGH,80,READY,2026-01-11 13:02:52,,,,,,,,,,,Y
1158,ATS,,"MACK TRUCKS, INC.",P.O. BOX 26256,,,GREENSBORO,NC,27402,,,,,,,,,,,,,,Y,,MACK TRUCKS INC,PO BOX 26256,,,,GREENSBORO,NC,27402,US,MEDIUM,70,REVIEW,NaT,,,,,,,,,,,Y
1159,ATS,,"MACROGENICS, INC.",ACCOUNTS PAYABLE,9640 MEDICAL CENTER DRIVE,,ROCKVILLE,MD,20850,,,,,,,,,,,,,,Y,,MACROGENICS INC,9640 MEDICAL CT DR,,,,ROCKVILLE,MD,20850,US,MEDIUM,100,REVIEW,NaT,,,,,,,,,,,Y
1160,ATS,,MADDEN PLUMBING AND HVAC INC,6872 DISTRIBUTION DRIVE,EMAIL INVOICE,,BELTSVILLE,MD,20705,,,,,,,,,,,,,,Y,,MADDEN PLUMBING & HVAC INC,6872 DISTRIBUTION DR,,,,BELTSVILLE,MD,20705,US,HIGH,80,READY,2026-01-11 13:02:58,,,,,,,,,,,Y
1161,ATS,,MADISON HOME INSPECTION,323 BEALL AVE,,,ROCKVILLE,MD,20850,,,,,,,,,,,,,,Y,,MADISON HOME INSPECTION,323 BEALL AVE,,,,ROCKVILLE,MD,20850,US,HIGH,80,READY,2026-01-11 13:03:00,,,,,,,,,,,Y
1162,ATS,,"MADISON MECHANICAL, INC.",5621 OLD FREDERICK RD,SUITE 1,,CATONSVILLE,MD,21228,,,,,,,,,,,,,,Y,,MADISON MECHANICAL INC,5621 OLD FREDERICK RD,,STE #1,,CATONSVILLE,MD,21228,US,HIGH,80,READY,2026-01-11 13:03:02,,,,,,,,,,,Y
1163,ATS,,MAGADIA CONSULTING INC.,"1734 ELTON ROAD, SUITE 220",EMAIL INVOICE,,SILVER SPRING,MD,20903,,,,,,,,,,,,,,Y,,MAGADIA CONSULTING INC,1734 ELTON RD,,STE #220,,SILVER SPRING,MD,20903,US,HIGH,80,READY,2026-01-11 13:03:03,,,,,,,,,,,Y
1164,ATS,,MAGNOLIA PLUMBING INC.,"600 GALLATIN ST, NE",,,WASHINGTON,DC,20017,,,,,,,,,,,,,,Y,,MAGNOLIA PLUMBING INC,600 GALLATIN ST NE,,,,WASHINGTON,DC,20017,US,HIGH,80,READY,2026-01-11 13:03:05,,,,,,,,,,,Y
1165,ATS,,MAINTENANCE REQUIRED,803 MAY COURT,,,BEL AIR,MD,21014,,,,,,,,,,,,,,Y,,MAINTENANCE REQUIRED,803 MAY CT,,,,BEL AIR,MD,21014,US,MEDIUM,100,REVIEW,NaT,,,,,,,,,,,Y
1166,ATS,,MAKING AIR RIGHT,13441 WINTERSPOON LANE,,,GERMANTOWN,MD,20874,,,,,,,,,,,,,,Y,,MAKING AIR RIGHT,13441 WINTERSPOON LN,,,,GERMANTOWN,MD,20874,US,HIGH,80,READY,2026-01-11 13:03:10,,,,,,,,,,,Y
1167,ATS,,MALLICK MECHANICAL CONTRACTORS,8010 CESSNA AVENUE,EMAIL,,GAITHERSBURG,MD,20879,,,,,,,,,,,,,,Y,,MALLICK MECHANICAL CONTRACTORS,8010 CESSNA AVE,,,,GAITHERSBURG,MD,20879,US,MEDIUM,100,REVIEW,NaT,,,,,,,,,,,Y
1168,ATS,,MALONEY AIRE,128 LAFAYETTE AVE,,,LAUREL,MD,20707,,,,,,,,,,,,,,Y,,MALONEY AIRE,128 LAFAYETTE AVE,,,,LAUREL,MD,20707,US,HIGH,80,READY,2026-01-11 13:03:14,,,,,,,,,,,Y
1169,ATS,,"MALSTROM ELECTRIC, INC.",18 OLD PADONIA ROAD,,,COCKEYSVILLE,MD,21030,,,,,,,,,,,,,,Y,,MALSTROM ELECTRIC INC,18 OLD PADONIA RD,,,,COCKEYSVILLE,MD,21030,US,HIGH,80,READY,2026-01-11 13:03:15,,,,,,,,,,,Y
1170,ATS,,AREZ 16B ASSOCIATES LIMITED PARTNERSHIP,36 S CHARLES ST,SUITE 2300,,BALTIMORE,MD,21201,,,,,,,,,,,,,,Y,,AREZ 16B ASSOCIATES LIMITED PARTNERSHIP,36 S CHARLES ST,,STE #2300,,BALTIMORE,MD,21201,US,HIGH,80,READY,2026-01-11 13:03:18,,,,,,,,,,,Y
1171,ATS,,MANHATTAN CONSTRUCTION COMPANY,4075 WILSON BLVD.,,,ARLINGTON,VA,22203,,,,,,,,,,,,,,Y,,MANHATTAN CONSTRUCTION COMPANY,4075 WILSON BLVD,,,,ARLINGTON,VA,22203,US,HIGH,80,READY,2026-01-11 13:03:20,,,,,,,,,,,Y
1172,ATS,,MANNA SUPPLY INC. - email,231 N. 3RD STEET,Box 306,,PHILADELPHIA,PA,19106,,,,,,,,,,,,,,Y,,MANNA SUPPLY INC,231 N 3RD STEET,,BOX 306,,PHILADELPHIA,PA,19106,US,MEDIUM,70,REVIEW,NaT,,,,,,,,,,,Y
1173,ATS,,MARANTO ELECTRIC,331 GLENVILLE ROAD,,,CHURCHVILLE,MD,21028,,,,,,,,,,,,,,Y,,MARANTO ELECTRIC,331 GLENVILLE RD,,,,CHURCHVILLE,MD,21028,US,HIGH,80,READY,2026-01-11 13:03:22,,,,,,,,,,,Y
1174,ATS,,MARIN CONTRACTING,7208 NORMANDY LANE,EMAIL INVOICES,,FALLS CHURCH,VA,22042,,,,,,,,,,,,,,Y,,MARIN CONTRACTING,7208 NORMANDY LN,,,,FALLS CHURCH,VA,22042,US,HIGH,80,READY,2026-01-11 13:03:24,,,,,,,,,,,Y
1175,ATS,,MARINE CORPS INTELLIGENCE AGENCY,2033 BARNETT AVE,,,QUANTICO,VA,22134,,,,,,,,,,,,,,Y,,MARINE CORPS INTELLIGENCE AGENCY,2033 BARNETT AVE,,,,QUANTICO,VA,22134,US,HIGH,80,READY,2026-01-11 13:03:26,,,,,,,,,,,Y
1176,ATS,,MARK ROTHMAN,6901 BARRETT LANE,,,BETHESDA,MD,20814,,,,,,,,,,,,,,Y,,MARK ROTHMAN,6901 BARRETT LN,,,,BETHESDA,MD,20814,US,HIGH,80,READY,2026-01-11 13:03:27,,,,,,,,,,,Y
1177,ATS,,MARRIOTT,9737 WASHINGTONIAN BLVD.,SUITE LL45,,GAITHERSBURG,MD,20878,,,,,,,,,,,,,,Y,,MARRIOTT,9737 WASHINGTONIAN BLVD,,STE #LL45,,GAITHERSBURG,MD,20878,US,HIGH,80,READY,2026-01-11 13:03:29,,,,,,,,,,,Y
1178,ATS,,MARRIOTT CAMDEN YARDS,110 SOUTH EUTAW ST,,,BALTIMORE,MD,21201,,,,,,,,,,,,,,Y,,MARRIOTT CAMDEN YARDS,110 S EUTAW ST,,,,BALTIMORE,MD,21201,US,HIGH,80,READY,2026-01-11 13:03:31,,,,,,,,,,,Y
1179,ATS,,MARTEC FACILITIES,2900 STAFFORD STREET,,,BALTIMORE,MD,21223,,,,,,,,,,,,,,Y,,MARTEC FACILITIES,2900 STAFFORD ST,,,,BALTIMORE,MD,21223,US,HIGH,80,READY,2026-01-11 13:03:33,,,,,,,,,,,Y
1180,ATS,,MARTIN J. BRAUN COMPANY,A FIDELITY ENGINEERING COMPANY,10820 GUILFORD RD SUITE 207-209,,ANNAPOLIS JUNCTION,MD,20701,,,,,,,,,,,,,,Y,,MARTIN J BRAUN COMPANY,10820 GUILFORD RD,,STE #207-209 A FIDELITY ENGINEERING COMPANY,,ANNAPOLIS JUNCTION,MD,20701,US,HIGH,80,READY,2026-01-11 13:03:35,,,,,,,,,,,Y
1181,ATS,,MARYLAND FORENSIC MEDICAL CENTER,900 W BALTIMORE ST,,,BALTIMORE,MD,21223,,,,,,,,,,,,,,Y,,MARYLAND FORENSIC MEDICAL CENTER,900 W BALTIMORE ST,,,,BALTIMORE,MD,21223,US,HIGH,80,READY,2026-01-11 13:03:37,,,,,,,,,,,Y
1182,ATS,,UMMC MIDTOWN CAMPUS,UOM -MIDTOWN CAMPUS -email INV,PO BOX 6545,,PORTLAND,OR,97228,,,,,,,,,,,,,,Y,,UMMC MIDTOWN CAMPUS,PO BOX 6545,,UOM -MIDTOWN CAMPUS,,PORTLAND,OR,97228,US,MEDIUM,70,REVIEW,NaT,,,,,,,,,,,Y
1183,ATS,,"MARYLAND MECHANICAL SYSTEMS, INC.",MARYLAND MECHANICAL - email,300 S. HAVEN ST.,,BALTIIMORE,MD,21224,,,,,,,,,,,,,,Y,,MARYLAND MECHANICAL SYSTEMS INC,300 S HAVEN ST,,MARYLAND MECHANICAL,,BALTIIMORE,MD,21224,US,MEDIUM,100,REVIEW,NaT,,,,,,,,,,,Y
1184,ATS,,MARYLAND PROCUREMNT OFFICE,9800 SAVAGE ROAD,,,FORT MEADE,MD,20755,,,,,,,,,,,,,,Y,,MARYLAND PROCUREMNT OFFICE,9800 SAVAGE RD,,,,FORT MEADE,MD,20755,US,MEDIUM,100,REVIEW,NaT,,,,,,,,,,,Y
1185,ATS,,MARYLAND PROTON TREATMENT CENTER,850 WEST BALTIMORE STREET,EMAIL INVOICE,,BALTIMORE,MD,21201,,,,,,,,,,,,,,Y,,MARYLAND PROTON TREATMENT CENTER,850 W BALTIMORE ST,,,,BALTIMORE,MD,21201,US,HIGH,80,READY,2026-01-11 13:03:43,,,,,,,,,,,Y
1186,ATS,,MARYLAND SCHOOL FOR THE DEAF,P.O. BOX. 250,101 Clarke Pl,,FREDERICK,MD,21705-0250,,,,,,,,,,,,,,Y,,MARYLAND SCHOOL FOR THE DEAF,PO BOX 250,101 CLARKE PL,,,FREDERICK,MD,21705-0250,US,MEDIUM,70,REVIEW,NaT,,,,,,,,,,,Y
1187,ATS,,MARYLAND STADIUM AUTHORITY,NINA BARYS,333 W. CAMDEN STREET STE 500,,BALTIMORE,MD,21201,,,,,,,,,,,,,,Y,,MARYLAND STADIUM AUTHORITY,333 W CAMDEN ST,,STE 500 NINA BARYS,,BALTIMORE,MD,21201,US,HIGH,80,READY,2026-01-11 13:03:45,,,,,,,,,,,Y
1188,ATS,,MARYLAND STATE ARCHIVES,350 ROWE BLVD,email invoice,,ANNAPOLIS,MD,21401,,,,,,,,,,,,,,Y,,MARYLAND STATE ARCHIVES,350 ROWE BLVD,,,,ANNAPOLIS,MD,21401,US,HIGH,80,READY,2026-01-11 13:03:47,,,,,,,,,,,Y
1189,ATS,,MARYLAND TRANSPORTATION AUTH.,E-Z PASS,,,,,,,,,,,,,,,,,,,Y,,MARYLAND TRANSPORTATION AUTH,2310 BROENING HWY,,E-Z PASS CUSTOMER SERVICE CENTER,,BALTIMORE,MD,21224,US,HIGH,80,READY,2026-01-11 13:03:49,,,,,,,,,,,Y
1190,ATS,,"MASON & BARRY, INC.",101 SMILEY DRIVE,,,ST. ALBANS,WV,25177,,,,,,,,,,,,,,Y,,MASON & BARRY INC,101 SMILEY DR,,,,ST ALBANS,WV,25177,US,MEDIUM,100,REVIEW,NaT,,,,,,,,,,,Y
1191,ATS,,"MASON MECHANICAL, LLC",P.O. BOX 548,EMAIL INVOICES,,JEFFERSON,MD,21755,,,,,,,,,,,,,,Y,,MASON MECHANICAL LLC,PO BOX 548,,,,JEFFERSON,MD,21755,US,MEDIUM,70,REVIEW,NaT,,,,,,,,,,,Y
1192,ATS,,MASTEC NETWORK SOLUTIONS,806 DOUGLAS ROAD,11TH FLOOR,,CORAL GABLES,FL,33134,,,,,,,,,,,,,,Y,,MASTEC NETWORK SOLUTIONS,806 DOUGLAS RD,,11TH FL,,CORAL GABLES,FL,33134,US,HIGH,80,READY,2026-01-11 13:03:53,,,,,,,,,,,Y
1193,ATS,,"MASTECH ENGINEERING, INC.",8117 PLUM CREEK DRIVE,EMAIL INVOICES,,GAITHERSBURG,MD,20882,,,,,,,,,,,,,,Y,,MASTECH ENGINEERING INC,8117 PLUM CREEK DR,,,,GAITHERSBURG,MD,20882,US,MEDIUM,100,REVIEW,NaT,,,,,,,,,,,Y
1194,ATS,,"MATRIX MECHANICAL, INC",2406 CROFTON BLVD,EMAIL INVOICE,,CROFTON,MD,21114,,,,,,,,,,,,,,Y,,MATRIX MECHANICAL INC,2406 CROFTON BLVD,,,,CROFTON,MD,21114,US,HIGH,80,READY,2026-01-11 13:03:57,,,,,,,,,,,Y
1195,ATS,,"MATRIX MECHANICAL, INC",2406 CROFTON BLVD,,,CROFTON,MD,21114,,,,,,,,,,,,,,Y,,MATRIX MECHANICAL INC,2406 CROFTON BLVD,,,,CROFTON,MD,21114,US,HIGH,80,READY,2026-01-11 13:03:59,,,,,,,,,,,Y
1196,ATS,,"MAURIC ENEGERY TECHNOLOGIES, INC.",1210 ROUNDHILL ROAD,,,BALTIMORE,MD,21218,,,,,,,,,,,,,,Y,,MAURIC ENEGERY TECHNOLOGIES INC,1210 ROUNDHILL RD,,,,BALTIMORE,MD,21218,US,HIGH,80,READY,2026-01-11 13:04:01,,,,,,,,,,,Y
1197,ATS,,US ELECTRICAL SERVICES DBA WALTERS WHOL,701 MIDDLE STREET,EMAIL INVOICE,,MIDDLETOWN,CT,06457,,,,,,,,,,,,,,Y,,US ELECTRICAL SERVICES DBA WALTERS WHOL,701 MIDDLE ST,,,,MIDDLETOWN,CT,06457,US,HIGH,80,READY,2026-01-11 13:04:03,,,,,,,,,,,Y
1198,ATS,,"MAYNE MECHANICAL, LLC",5401 NEW EXPANSION DR,,,ELDERSBURG,MD,21784,,,,,,,,,,,,,,Y,,MAYNE MECHANICAL LLC,5401 NEW EXPANSION DR,,,,ELDERSBURG,MD,21784,US,MEDIUM,100,REVIEW,NaT,,,,,,,,,,,Y
1199,ATS,,MBR CONSTRUCTION SERVICES,PO BOX 14775,,,READING,PA,19612,,,,,,,,,,,,,,Y,,MBR CONSTRUCTION SERVICES,PO BOX 14775,,,,READING,PA,19612,US,MEDIUM,70,REVIEW,NaT,,,,,,,,,,,Y
1200,ATS,,M. C. DEAN BUILDING INTELLEGENCE,22980 INDIAN CREEK DR,INVOICE ONLINE,,STERLING,VA,20166,,,,,,,,,,,,,,Y,,M C DEAN BUILDING INTELLEGENCE,22980 INDIAN CREEK DR,,INVOICE ONLINE,,STERLING,VA,20166,US,HIGH,80,READY,2026-01-11 13:04:08,,,,,,,,,,,Y
1201,ATS,,"MCARDLE AND WALSH, INC",2015 GREENSPRING DRIVE,P.O. BOX 503,,TIMONIUM,MD,20910,,,,,,,,,,,,,,Y,,MCARDLE & WALSH INC,PO BOX 503,2015 GREENSPRING DR,,,TIMONIUM,MD,20910,US,MEDIUM,70,REVIEW,NaT,,,,,,,,,,,Y
1202,ATS,,MCCLOSKEY MECHANICAL CONTRACTORS,445 LOWER LANDING RD,EMAIL INVOICE,,BLACKWOOD,NJ,08012,,,,,,,,,,,,,,Y,,MCCLOSKEY MECHANICAL CONTRACTORS,445 LOWER LANDING RD,,,,BLACKWOOD,NJ,08012,US,MEDIUM,100,REVIEW,NaT,,,,,,,,,,,Y
1203,ATS,,"MCCORMICK & COMPANY, INC",ACCOUNTS PAYABLE DEPT,PO BOX. 168,,COCKEYSVILLE,MD,21030,,,,,,,,,,,,,,Y,,MCCORMICK & COMPANY INC,PO BOX 168,,ACCOUNTS PAYABLE DEPT,,COCKEYSVILLE,MD,21030,US,MEDIUM,70,REVIEW,NaT,,,,,,,,,,,Y
1204,ATS,,MCCREA EQUIPMENT COMPANY,PO BOX 10,151 CUMMERCE AVE,,GREENCASTLE,PA,17225,,,,,,,,,,,,,,Y,,MCCREA EQUIPMENT COMPANY,PO BOX 10,151 CUMMERCE AVE,,,GREENCASTLE,PA,17225,US,MEDIUM,70,REVIEW,NaT,,,,,,,,,,,Y
1205,ATS,,MCDANIEL COLLEGE,2 COLLEGE HILL,,,WESTMINSTER,MD,21157,,,,,,,,,,,,,,Y,,MCDANIEL COLLEGE,2 COLLEGE HILL,,,,WESTMINSTER,MD,21157,US,HIGH,80,READY,2026-01-11 13:04:12,,,,,,,,,,,Y
1206,ATS,,MCDONOGH SCHOOL,8600 MCDONOGH RD,P.O. BOX 380 - EMAIL,,OWINGS MILLS,MD,21117,,,,,,,,,,,,,,Y,,MCDONOGH SCHOOL,PO BOX 380,8600 MCDONOGH RD,,,OWINGS MILLS,MD,21117,US,MEDIUM,70,REVIEW,NaT,,,,,,,,,,,Y
1207,ATS,,MCGUIRE PLUMBING & HEATING,5101 PENNINGTON AVENUE,,,CURTIS BAY,MD,21226,,,,,,,,,,,,,,Y,,MCGUIRE PLUMBING & HEATING,5101 PENNINGTON AVE,,,,CURTIS BAY,MD,21226,US,HIGH,80,READY,2026-01-11 13:04:14,,,,,,,,,,,Y
1208,ATS,,MCLAUGHLIN ELECTRIC,5 AZAR COURT,,,BALTIMORE,MD,21227,,,,,,,,,,,,,,Y,,MCLAUGHLIN ELECTRIC,5 AZAR CT,,,,BALTIMORE,MD,21227,US,HIGH,80,READY,2026-01-11 13:04:16,,,,,,,,,,,Y
1209,ATS,,MCLEAN CONTROLS,4830 HACKETT PL,,,WHITE PLAINS,MD,20695,,,,,,,,,,,,,,Y,,MCLEAN CONTROLS,4830 HACKETT PL,,,,WHITE PLAINS,MD,20695,US,HIGH,80,READY,2026-01-11 13:04:18,,,,,,,,,,,Y
1210,ATS,,MCMILLAN JAMES EQUIPMENT COMPANY LLC,PO BOX 2416,EMAIL INVOICE,,GRAPEVINE,TX,76099,,,,,,,,,,,,,,Y,,MCMILLAN JAMES EQUIPMENT COMPANY LLC,PO BOX 2416,,,,GRAPEVINE,TX,76099,US,MEDIUM,70,REVIEW,NaT,,,,,,,,,,,Y
1211,ATS,,MCGUIRE PLUMBING & HEATING,EMAIL INVOICE,216 KUETHE RD NE,,GLEN BURNIE,MD,21060,,,,,,,,,,,,,,Y,,MCGUIRE PLUMBING & HEATING,216 KUETHE RD NE,,,,GLEN BURNIE,MD,21060,US,HIGH,80,READY,2026-01-11 13:04:20,,,,,,,,,,,Y
1212,ATS,,MCVICAR GENERAL SERVICES,1097 KRATZ ROAD,,,GLEN ROCK,PA,17327,,,,,,,,,,,,,,Y,,MCVICAR GENERAL SERVICES,1097 KRATZ RD,,,,GLEN ROCK,PA,17327,US,MEDIUM,100,REVIEW,NaT,,,,,,,,,,,Y
1213,ATS,,PPE CASINO RESORTS MARYLAND LLC- email,"7002 ARUNDLE MILLS CIRCLE, SUITE 7777",EMAIL INVOICES,,HANOVER,MD,21076,,,,,,,,,,,,,,Y,,PPE CASINO RESORTS MARYLAND LLC,7002 ARUNDLE MILLS CIR,,STE #7777,,HANOVER,MD,21076,US,MEDIUM,100,REVIEW,NaT,,,,,,,,,,,Y
1214,ATS,,"MD MECHANICAL, LLC",12100 GREENSBORO ROAD,EMAIL INVOICES,,GREENSBORO,MD,21639,,,,,,,,,,,,,,Y,,MD MECHANICAL LLC,12100 GREENSBORO RD,,,,GREENSBORO,MD,21639,US,HIGH,80,READY,2026-01-11 13:04:26,,,,,,,,,,,Y
1215,ATS,,"MECCO, INC - email",10545 GUILFORD RD,SUITE 105,,JESSUP,MD,20794,,,,,,,,,,,,,,Y,,MECCO INC,10545 GUILFORD RD,,STE #105,,JESSUP,MD,20794,US,HIGH,80,READY,2026-01-11 13:04:28,,,,,,,,,,,Y
1216,ATS,,"MECHANICAL DESIGN SYSTEM, INC",6302 AARON LANE,,,CLINTON,MD,20735,,,,,,,,,,,,,,Y,,MECHANICAL DESIGN SYSTEM INC,6302 AARON LN,,,,CLINTON,MD,20735,US,HIGH,80,READY,2026-01-11 13:04:30,,,,,,,,,,,Y
1217,ATS,,MECHANICAL ENGINEERING & CONSTRUCTION,6159 EDMONSON AVENUE,SUITE A - EMAIL INVOICES,,CATONSVILLE,MD,21228,,,,,,,,,,,,,,Y,,MECHANICAL ENGINEERING & CONSTRUCTION,6159 EDMONSON AVE,,STE #A,,CATONSVILLE,MD,21228,US,MEDIUM,100,REVIEW,NaT,,,,,,,,,,,Y
1218,ATS,,"MECHANICAL RESOURCE GROUP, LLC",750 MELROSE AVENUE,EMAIL INVOICES,,NASHVILLE,TN,37211,,,,,,,,,,,,,,Y,,MECHANICAL RESOURCE GROUP LLC,750 MELROSE AVE,,,,NASHVILLE,TN,37211,US,HIGH,80,READY,2026-01-11 13:04:34,,,,,,,,,,,Y
1219,ATS,,"MECHANICAL SALES MIDWEST,INC",7222 S 142ND STREET,EMAIL INVOICE,,OMAHA,NE,68138,,,,,,,,,,,,,,Y,,MECHANICAL SALES MIDWESTINC,7222 S 142ND ST,,,,OMAHA,NE,68138,US,HIGH,80,READY,2026-01-11 13:04:36,,,,,,,,,,,Y
1220,ATS,,"MECHANICAL SALES INC, IOWA",EMAIL INVOICE,7222 S. 142ND STREET,,OMAHA,NE,68138,,,,,,,,,,,,,,Y,,MECHANICAL SALES INC IOWA,7222 S 142ND ST,,,,OMAHA,NE,68138,US,HIGH,80,READY,2026-01-11 13:04:38,,,,,,,,,,,Y
1221,ATS,,MECHANICAL SERVICE CORPORATION,41 S. JEFFERSON RD,,,WHIPPANY,NJ,07981,,,,,,,,,,,,,,Y,,MECHANICAL SERVICE CORPORATION,41 S JEFFERSON RD,,,,WHIPPANY,NJ,07981,US,MEDIUM,100,REVIEW,NaT,,,,,,,,,,,Y
1222,ATS,,MECHANICAL SERVICES INDUSTRIES,7121 COLLINSWORTH PL,,,FREDERICK,MD,21703,,,,,,,,,,,,,,Y,,MECHANICAL SERVICES INDUSTRIES,7121 COLLINSWORTH PL,,,,FREDERICK,MD,21703,US,HIGH,80,READY,2026-01-11 13:04:42,,,,,,,,,,,Y
1223,ATS,,"MECHANICAL SYSTEMS, INC. -EMAIL",10220 OLD COLUMBIA ROAD,SUITE L,,COLUMBIA,MD,21046,,,,,,,,,,,,,,Y,,MECHANICAL SYSTEMS INC,10220 OLD COLUMBIA RD,,STE #L,,COLUMBIA,MD,21046,US,HIGH,80,READY,2026-01-11 13:04:44,,,,,,,,,,,Y
1224,ATS,,MECHANICAL TECHNOLOGIES,259 WEST 30TH STREET,STE 801,,NEW YORK,NY,10001,,,,,,,,,,,,,,Y,,MECHANICAL TECHNOLOGIES,259 W 30TH ST,,STE 801,,NEW YORK,NY,10001,US,HIGH,80,READY,2026-01-11 13:04:46,,,,,,,,,,,Y
1225,ATS,,MECHANICAL TECHNOLOGIES,10 BLOOMFIELD AVE,SUITE 6,,PINE BROOK,NJ,07058,,,,,,,,,,,,,,Y,,MECHANICAL TECHNOLOGIES,10 BLOOMFIELD AVE,,STE #6,,PINE BROOK,NJ,07058,US,HIGH,80,READY,2026-01-11 13:04:47,,,,,,,,,,,Y
1226,ATS,,MECHPRO INC,"300 JENDAN WAY, UNIT 211",EMAIL INVOICE,,PRINCE FREDERICK,MD,20678,,,,,,,,,,,,,,Y,,MECHPRO INC,300 JENDAN WAY UNIT 211,,,,PRINCE FREDERICK,MD,20678,US,HIGH,80,READY,2026-01-11 13:04:49,,,,,,,,,,,Y
1227,ATS,,"MECKLEY SERVICES, INC.",5701 GENERAL WASHINGTON DRIVE,SUITE O,,ALEXANDRIA,VA,22312,,,,,,,,,,,,,,Y,,MECKLEY SERVICES INC,5701 GENERAL WASHINGTON DR,,STE #O,,ALEXANDRIA,VA,22312,US,MEDIUM,100,REVIEW,NaT,,,,,,,,,,,Y
1228,ATS,,MARYLAND ECONOMIC DEVELOPMENT CORP,"7 SAINT PAUL ST., SUITE 940",EMAIL INVOICE,,BALTIMORE,MD,21202,,,,,,,,,,,,,,Y,,MARYLAND ECONOMIC DEVELOPMENT CORP,7 SAINT PAUL ST,,STE #940,,BALTIMORE,MD,21202,US,HIGH,80,READY,2026-01-11 13:04:52,,,,,,,,,,,Y
1229,ATS,,"MEDXCEL FACILITIES MANAGEMENT, LLC","7702 WOODLAND DRIVE, SUITE 200",EMAIL INVOICE,,INDIANAPOLIS,IN,46278,,,,,,,,,,,,,,Y,,MEDXCEL FACILITIES MANAGEMENT LLC,7702 WOODLAND DR,,STE #200,,INDIANAPOLIS,IN,46278,US,HIGH,80,READY,2026-01-11 13:04:54,,,,,,,,,,,Y
1230,ATS,,MELODEE MUSIC,46077 LAKE CENTER PLAZA,,,POTOMAC FALLS,VA,20165,,,,,,,,,,,,,,Y,,MELODEE MUSIC,46077 LAKE CT PLAZA,,,,POTOMAC FALLS,VA,20165,US,MEDIUM,100,REVIEW,NaT,,,,,,,,,,,Y
1231,ATS,,MELTECH CORPORATION,3321 75TH AVENUE,SUITE G,,LANDOVER,MD,20785,,,,,,,,,,,,,,Y,,MELTECH CORPORATION,3321 75TH AVE,,STE #G,,LANDOVER,MD,20785,US,HIGH,80,READY,2026-01-11 13:04:57,,,,,,,,,,,Y
1232,ATS,,MELWOOD FT. MEADE - EMAIL,2211 2ND ST,,,FT. MEADE,MD,20755,,,,,,,,,,,,,,Y,,MELWOOD,2211 2ND ST,,,,FORT MEADE,MD,20755,US,MEDIUM,100,REVIEW,NaT,,,,,,,,,,,Y
1233,ATS,,"MEM CONTRACTING, INC.",819 S. PHILADELPHIA BLVD.,SUITE C,,ABERDEEN,MD,21001-3612,,,,,,,,,,,,,,Y,,MEM CONTRACTING INC,819 S PHILADELPHIA BLVD,,STE #C,,ABERDEEN,MD,21001-3612,US,HIGH,80,READY,2026-01-11 13:05:00,,,,,,,,,,,Y
1234,ATS,,MERCY MEDICAL CENTER,ACCOUNTS PAYABLE MMC,301 ST. PAUL PLACE,,BALTIMORE,MD,21202,,,,,,,,,,,,,,Y,,MERCY MEDICAL CENTER,301 ST PAUL PL,,,,BALTIMORE,MD,21202,US,HIGH,80,READY,2026-01-11 13:05:03,,,,,,,,,,,Y
1235,ATS,,MERIDIAN MANAGEMENT CORP,7201 CORPORATE CENTER DRIVE,,,HANOVER,MD,21076,,,,,,,,,,,,,,Y,,MERIDIAN MANAGEMENT CORP,7201 CORPORATE CT DR,,,,HANOVER,MD,21076,US,HIGH,80,READY,2026-01-11 13:05:04,,,,,,,,,,,Y
1236,ATS,,MERITUS MEDICAL CENTER,11116 MEDICAL CAMPUS ROAD,EMAIL INVOICES,,HAGERSTOWN,MD,21742,,,,,,,,,,,,,,Y,,MERITUS MEDICAL CENTER,11116 MEDICAL CAMPUS RD,,,,HAGERSTOWN,MD,21742,US,HIGH,80,READY,2026-01-11 13:05:06,,,,,,,,,,,Y
1237,ATS,,"METACOND, INC",1227 BUSH STREET,,,BALTIMORE,MD,21230,,,,,,,,,,,,,,Y,,METACOND INC,1227 BUSH ST,,,,BALTIMORE,MD,21230,US,HIGH,80,READY,2026-01-11 13:05:07,,,,,,,,,,,Y
1238,ATS,,"METAL MEN, LLC",1654 GORSUCH AVE,,,BALTIMORE,MD,21218,,,,,,,,,,,,,,Y,,METAL MEN LLC,1654 GORSUCH AVE,,,,BALTIMORE,MD,21218,US,HIGH,80,READY,2026-01-11 13:05:09,,,,,,,,,,,Y
1239,ATS,,"METLFAB, INC.",7340 EXECUTIVE WAY,SUITE D,,FREDERICK,MD,21704,,,,,,,,,,,,,,Y,,METLFAB INC,7340 EXECUTIVE WAY,,STE #D,,FREDERICK,MD,21704,US,HIGH,80,READY,2026-01-11 13:05:11,,,,,,,,,,,Y
1240,ATS,,"METRO TEST & BALANCE, INC.",9600 FALLARD CT.,,,UPPER MARLBORO,MD,20772,,,,,,,,,,,,,,Y,,METRO TEST & BALANCE INC,9600 FALLARD CT,,,,UPPER MARLBORO,MD,20772,US,HIGH,80,READY,2026-01-11 13:05:12,,,,,,,,,,,Y
1241,ATS,,METROPOLITIAN CONTROLS,"200 SCHOONER LANE, UNIT C",EMAIL INVOICE,,PRINCE FREDERICK,MD,20678,,,,,,,,,,,,,,Y,,METROPOLITIAN CONTROLS,200 SCHOONER LN UNIT C,,,,PRINCE FREDERICK,MD,20678,US,MEDIUM,100,REVIEW,NaT,,,,,,,,,,,Y
1242,ATS,,METROPOLITAN CLUB OF THE CITY OF WASHIN,1700 H STREET NW,EMAIL INVOICE,,WASHINGTON,DC,20006,,,,,,,,,,,,,,Y,,METROPOLITAN CLUB OF THE CITY OF WASHIN,1700 H ST NW,,,,WASHINGTON,DC,20006,US,HIGH,80,READY,2026-01-11 13:05:15,,,,,,,,,,,Y
1243,ATS,,METROPOLITAN EQUIPMENT GROUP,12104 INDIAN CREEK COURT,SUITE A - EMAIL,,BELTSVILLE,MD,20705,,,,,,,,,,,,,,Y,,METROPOLITAN EQUIPMENT GROUP,12104 INDIAN CREEK CT,,STE #A,,BELTSVILLE,MD,20705,US,HIGH,80,READY,2026-01-11 13:05:17,,,,,,,,,,,Y
1244,ATS,,METROPOLITAN WASHINGTON AIRPORTS AURTHO,1 AVIATION CIRCLE,,,WASHINGTON,DC,20001,,,,,,,,,,,,,,Y,,METROPOLITAN WASHINGTON AIRPORTS AURTHO,1 AVIATION CIR,,,,WASHINGTON,DC,20001,US,MEDIUM,100,REVIEW,NaT,,,,,,,,,,,Y
1245,ATS,,MGM RESORTS INTERNATIONAL,P.O. BOX 77123,INVOICE ONLINE - COUPA,,LAS VEGAS,NV,89177,,,,,,,,,,,,,,Y,,MGM RESORTS INTERNATIONAL,PO BOX 77123,,COUPA,,LAS VEGAS,NV,89177,US,MEDIUM,70,REVIEW,NaT,,,,,,,,,,,Y
1246,ATS,,MICHAEL KING INC,12302 WILKINS AVE,,,ROCKVILLE,MD,20852,,,,,,,,,,,,,,Y,,MICHAEL KING INC,12302 WILKINS AVE,,,,ROCKVILLE,MD,20852,US,HIGH,80,READY,2026-01-11 13:05:20,,,,,,,,,,,Y
1247,ATS,,MICK'S PLUMBING HVAC,27 HOWARD STREET,,,THURMONT,MD,21788,,,,,,,,,,,,,,Y,,MICK'S PLUMBING HVAC,27 HOWARD ST,,,,THURMONT,MD,21788,US,HIGH,80,READY,2026-01-11 13:05:22,,,,,,,,,,,Y
1248,ATS,,MICRO TECH DESIGNS INC,4312 BLACK ROCK ROAD - email,SUITE 1,,HAMPSTEAD,MD,21074-2641,,,,,,,,,,,,,,Y,,MICRO TECH DESIGNS INC,4312 BLACK ROCK RD,,STE #1,,HAMPSTEAD,MD,21074-2641,US,HIGH,80,READY,2026-01-11 13:05:23,,,,,,,,,,,Y
1249,ATS,,"MID-ATLANTIC AIR OF DC, LLC",3303 STANTON ROAD,SUITE I,,WASHINGTON,DC,20020-2252,,,,,,,,,,,,,,Y,,MID-ATLANTIC AIR OF DC LLC,3303 STANTON RD,,STE #I,,WASHINGTON,DC,20020-2252,US,HIGH,80,READY,2026-01-11 13:05:25,,,,,,,,,,,Y
1250,ATS,,"MID-ATLANTIC AIR, INC.",11111 PEPPER ROAD,,,HUNT VALLEY,MD,21031,,,,,,,,,,,,,,Y,,MID-ATLANTIC AIR INC,11111 PEPPER RD,,,,HUNT VALLEY,MD,21031,US,HIGH,80,READY,2026-01-11 13:05:26,,,,,,,,,,,Y
1251,ATS,,"MIDATLANTIC MECHANICAL, LLC","417 BROWNING CT., SUITE B",EMAIL INVOICE,,PURCELLVILLE,VA,20132,,,,,,,,,,,,,,Y,,MIDATLANTIC MECHANICAL LLC,417 BROWNING CT,,STE #B,,PURCELLVILLE,VA,20132,US,HIGH,80,READY,2026-01-11 13:05:28,,,,,,,,,,,Y
1252,ATS,,MILESTONE BUILDING SERVICES,22 CESSNA COURT,,,GAITHERSBURG,MD,20879,,,,,,,,,,,,,,Y,,MILESTONE BUILDING SERVICES,22 CESSNA CT,,,,GAITHERSBURG,MD,20879,US,MEDIUM,100,REVIEW,NaT,,,,,,,,,,,Y
1253,ATS,,MILLENNIUM CONTRACTORS & CONSULTANTS,1108 ABBINGTON LANE,,,CROWNSVILLE,MD,21032,,,,,,,,,,,,,,Y,,MILLENNIUM CONTRACTORS & CONSULTANTS,1108 ABBINGTON LN,,,,CROWNSVILLE,MD,21032,US,MEDIUM,100,REVIEW,NaT,,,,,,,,,,,Y
1254,ATS,,MILLENNIUM POOL SERVICE,5570-C PORT ROYAL ROAD,,,SPRINGFIELD,VA,22151,,,,,,,,,,,,,,Y,,MILLENNIUM POOL SERVICE,5570-C PORT ROYAL RD,,,,SPRINGFIELD,VA,22151,US,MEDIUM,100,REVIEW,NaT,,,,,,,,,,,Y
1255,ATS,,"MILLER & ANDERSON, INC.",34780 MARTINSBURG PIKE,,,CLEAR BROOK,VA,22624,,,,,,,,,,,,,,Y,,MILLER & ANDERSON INC,34780 MARTINSBURG PIKE,,,,CLEAR BROOK,VA,22624,US,HIGH,80,READY,2026-01-11 13:05:35,,,,,,,,,,,Y
1256,ATS,,MILLER ELECTRIC COMPANY,ATTN: ACCOUNTS PAYABLE,P.O. BOX 1799 - EMAIL INVOICES,,JACKSONVILLE,FL,32201,,,,,,,,,,,,,,Y,,MILLER ELECTRIC COMPANY,PO BOX 1799,,,,JACKSONVILLE,FL,32201,US,MEDIUM,70,REVIEW,NaT,,,,,,,,,,,Y
1257,ATS,,MINNICKS,5200 MINNICKS ROAD,,,LAUREL,MD,20707,,,,,,,,,,,,,,Y,,MINNICKS,5200 MINNICKS RD,,,,LAUREL,MD,20707,US,MEDIUM,100,REVIEW,NaT,,,,,,,,,,,Y
1258,ATS,,MJ INTERNATIONAL ELECTRICAL SERVICES,1620 OLD PISCATAWAY RD,,,FORT WASHINGTON,MD,20744,,,,,,,,,,,,,,Y,,MJ INTERNATIONAL ELECTRICAL SERVICES,1620 OLD PISCATAWAY RD,,,,FORT WASHINGTON,MD,20744,US,HIGH,80,READY,2026-01-11 13:05:38,,,,,,,,,,,Y
1259,ATS,,MJM CONTRACTING INCORPORATED,35 DUKE ST # 3504,,,PRINCE FREDERICK,MD,20678,,,,,,,,,,,,,,Y,,MJM CONTRACTING INCORPORATED,35 DUKE ST # 3504,,,,PRINCE FREDERICK,MD,20678,US,HIGH,80,READY,2026-01-11 13:05:40,,,,,,,,,,,Y
1260,ATS,,GOVERNMENT MLO SUPPLIES USA INC,4921-B AUBURN AVE,,,BETHESDA,MD,20815,,,,,,,,,,,,,,Y,,GOVERNMENT MLO SUPPLIES USA INC,4921-B AUBURN AVE,,,,BETHESDA,MD,20815,US,HIGH,80,READY,2026-01-11 13:05:42,,,,,,,,,,,Y
1261,ATS,,MODERN COMFORT SYSTEMS,100 AIRPORT DRIVE,,,WESTMINSTER,MD,21157,,,,,,,,,,,,,,Y,,MODERN COMFORT SYSTEMS,100 AIRPORT DR,,,,WESTMINSTER,MD,21157,US,MEDIUM,100,REVIEW,NaT,,,,,,,,,,,Y
1262,ATS,,"MODERN CONTROLS, INC",EMAIL INVOICE,2028 NORTHWOOD DR,,SALISBURY,MD,21801,,,,,,,,,,,,,,Y,,MODERN CONTROLS INC,2028 NWOOD DR,,,,SALISBURY,MD,21801,US,HIGH,80,READY,2026-01-11 13:05:45,,,,,,,,,,,Y
1263,ATS,,MODERN NIAGARA,8125 HWY 50,,,TORONTO,ON,L4H 4S6,,,,,,,,,,,,,,Y,,MODERN NIAGARA,8125 HWY 50,,,,TORONTO,ON,00446,CA,MEDIUM,100,REVIEW,NaT,,,,,,,,,,,Y
1264,ATS,,"MODULAR GENIUS, INC",1201 SOUTH MOUNTAIN RD,,,JOPPA,MD,21085,,,,,,,,,,,,,,Y,,MODULAR GENIUS INC,1201 S MOUNTAIN RD,,,,JOPPA,MD,21085,US,HIGH,80,READY,2026-01-11 13:05:48,,,,,,,,,,,Y
1265,ATS,,"MONA ELECTRIC GROUP, INC - email",7915 MALCOLM RD,,,CLINTON,MD,20735,,,,,,,,,,,,,,Y,,MONA ELECTRIC GROUP INC,7915 MALCOLM RD,,,,CLINTON,MD,20735,US,HIGH,80,READY,2026-01-11 13:05:50,,,,,,,,,,,Y
1266,ATS,,MONTGOMERY COLLEGE - email,9221 CORPORATE BLVD,,,ROCKVILLE,MD,20850,,,,,,,,,,,,,,Y,,MONTGOMERY COLLEGE,9221 CORPORATE BLVD,,,,ROCKVILLE,MD,20850,US,HIGH,80,READY,2026-01-11 13:05:51,,,,,,,,,,,Y
1267,ATS,,"MONTGOMERY PARK, LLC","C/O HIMMELRICH ASSOCIATES, INC","1340 SMITH AVE, SUITE 200",,BALTIMORE,MD,21209,,,,,,,,,,,,,,Y,,MONTGOMERY PARK LLC,1340 SMITH AVE,,STE #200 C/O HIMMELRICH ASSOCIATES INC,,BALTIMORE,MD,21209,US,HIGH,80,READY,2026-01-11 13:05:53,,,,,,,,,,,Y
1268,ATS,,MONTGOMERY COLLEGE-do not use,9221 CORPORATE BLVD,EMAIL INVOICE,,ROCKVILLE,MD,20850,,,,,,,,,,,,,,Y,,MONTGOMERY COLLEGE,9221 CORPORATE BLVD,,,,ROCKVILLE,MD,20850,US,HIGH,80,READY,2026-01-11 13:05:55,,,,,,,,,,,Y
1269,ATS,,MONTGOMERY COUNTY GOVERNMENT,1301 SEVEN LOCKS RD,,,POTOMAC,MD,20854,,,,,,,,,,,,,,Y,,MONTGOMERY COUNTY GOVERNMENT,1301 SEVEN LOCKS RD,,,,POTOMAC,MD,20854,US,HIGH,80,READY,2026-01-11 13:05:56,,,,,,,,,,,Y
1270,ATS,,SODEXO RISK MANAGEMENT DEPARTMENT,MEDSTAR MONGOMERY MEDICAL CENT,PO BOX 44250,,BALTIMORE,MD,21236,,,,,,,,,,,,,,Y,,SODEXO RISK MANAGEMENT DEPARTMENT,PO BOX 44250,,MEDSTAR MONGOMERY MEDICAL CENT,,BALTIMORE,MD,21236,US,MEDIUM,70,REVIEW,NaT,,,,,,,,,,,Y
1271,ATS,,MONTGOMERY COUNTY PUBLIC SCHOOLS,10901 WESTLAKE DRIVE,,,ROCKVILLE,MD,20852,,,,,,,,,,,,,,Y,,MONTGOMERY COUNTY PUBLIC SCHOOLS,10901 WLAKE DR,,,,ROCKVILLE,MD,20852,US,MEDIUM,100,REVIEW,NaT,,,,,,,,,,,Y
1272,ATS,,MONUMENT REALTY LLC,"750 17TH ST, NW SUITE 100",,,WASHINGTON,DC,20006,,,,,,,,,,,,,,Y,,MONUMENT REALTY LLC,750 17TH ST NW,,STE #100,,WASHINGTON,DC,20006,US,HIGH,80,READY,2026-01-11 13:06:00,,,,,,,,,,,Y
1273,ATS,,"MONUMENTAL SUPPLY CO., INC.",401 S. HAVEN STREET,,,BALTIMORE,MD,21224,,,,,,,,,,,,,,Y,,MONUMENTAL SUPPLY CO INC,401 S HAVEN ST,,,,BALTIMORE,MD,21224,US,HIGH,80,READY,2026-01-11 13:06:02,,,,,,,,,,,Y
1274,ATS,,MOORE'S ELECTRICAL AND MECHANICAL CORP,101 EDGEWOOD AVENUE,,,ALTAVISTA,VA,24517,,,,,,,,,,,,,,Y,,MOORE'S ELECTRICAL & MECHANICAL CORP,101 EDGEWOOD AVE,,,,ALTAVISTA,VA,24517,US,HIGH,80,READY,2026-01-11 13:06:04,,,,,,,,,,,Y
1275,ATS,,FRANK MORABITO,12603 NANCY LEE COURT,,,REISTERSTOWN,MD,21136,,,,,,,,,,,,,,Y,,FRANK MORABITO,12603 NANCY LEE CT,,,,REISTERSTOWN,MD,21136,US,HIGH,80,READY,2026-01-11 13:06:05,,,,,,,,,,,Y
1276,ATS,,MORE VANG,3670 WHEELER AVE,,,ALEXANDRIA,VA,22304,,,,,,,,,,,,,,Y,,MORE VANG,3670 WHEELER AVE,,,,ALEXANDRIA,VA,22304,US,HIGH,80,READY,2026-01-11 13:06:07,,,,,,,,,,,Y
1277,ATS,,MORGAN-KELLER INC,70 THOMAS JOHNSON DRIVE,SUITE 200 - EMAIL INVOICES,,FREDERICK,MD,21702,,,,,,,,,,,,,,Y,,MORGAN-KELLER INC,70 THOMAS JOHNSON DR,,STE #200,,FREDERICK,MD,21702,US,HIGH,80,READY,2026-01-11 13:06:09,,,,,,,,,,,Y
1278,ATS,,MORGAN STATE,1700 E COLD SPRING LANE,,,BALTIMORE,MD,21251,,,,,,,,,,,,,,Y,,MORGAN STATE,1700 E COLD SPRING LN,,,,BALTIMORE,MD,21251,US,HIGH,80,READY,2026-01-11 13:06:10,,,,,,,,,,,Y
1279,ATS,,MORIN HYDRONICS  - email,9305 GERWIG LANE,SUITE V-Y,,COLUMBIA,MD,21046,,,,,,,,,,,,,,Y,,MORIN HYDRONICS,9305 GERWIG LN,,STE #V-Y,,COLUMBIA,MD,21046,US,MEDIUM,100,REVIEW,NaT,,,,,,,,,,,Y
1280,ATS,,MORRISON HEALTHCARE,3761 COMMERCE DRIVE,,,BALTIMORE,MD,21227,,,,,,,,,,,,,,Y,,MORRISON HEALTHCARE,3761 COMMERCE DR,,,,BALTIMORE,MD,21227,US,HIGH,80,READY,2026-01-11 13:06:14,,,,,,,,,,,Y
1281,ATS,,MORTENSON,8484 WESTPARK DRIVE,SUITE 150,,MCLEAN,VA,22102,,,,,,,,,,,,,,Y,,MORTENSON,8484 WPARK DR,,STE #150,,MCLEAN,VA,22102,US,MEDIUM,100,REVIEW,NaT,,,,,,,,,,,Y
1282,ATS,,MOSAIC,4801 VIEWPOINT PLACE,,,CHEVERLY,MD,20781,,,,,,,,,,,,,,Y,,MOSAIC,4801 VIEWPOINT PL,,,,CHEVERLY,MD,20781,US,HIGH,80,READY,2026-01-11 13:06:17,,,,,,,,,,,Y
1283,ATS,,MOTION INDUSTRIES,PO BOX 1655,,,BIRMINGHAM,AL,35201,,,,,,,,,,,,,,Y,,MOTION INDUSTRIES,PO BOX 1655,,,,BIRMINGHAM,AL,35201,US,MEDIUM,70,REVIEW,NaT,,,,,,,,,,,Y
1284,ATS,,MOUNT ST MARYS UNIVERSITY,16300 OLD EMMITSBURG ROAD,,,EMMITTSBURG,MD,21727,,,,,,,,,,,,,,Y,,MOUNT ST MARYS UNIVERSITY,16300 OLD EMMITSBURG RD,,,,EMMITTSBURG,MD,21727,US,MEDIUM,100,REVIEW,NaT,,,,,,,,,,,Y
1285,ATS,,MOUNTAINSIDE INLETSAT,17625 TECHNOLOGY BLVD,,,HAGERSTOWN,MD,21740,,,,,,,,,,,,,,Y,,MOUNTAINSIDE INLETSAT,17625 TECHNOLOGY BLVD,,,,HAGERSTOWN,MD,21740,US,MEDIUM,100,REVIEW,NaT,,,,,,,,,,,Y
1286,ATS,,MOUNTAIRE FARMS,29292 JOHN J WILLIAMS HWY,,,MILLSBORO,DE,19966,,,,,,,,,,,,,,Y,,MOUNTAIRE FARMS,29292 JOHN J WILLIAMS HWY,,,,MILLSBORO,DE,19966,US,HIGH,80,READY,2026-01-11 13:06:22,,,,,,,,,,,Y
1287,ATS,,"MPB PLUMBING SERVICES, INC. -email",P.O. BOX 2783,,,BALTIMORE,MD,21225,,,,,,,,,,,,,,Y,,MPB PLUMBING SERVICES INC,PO BOX 2783,,,,BALTIMORE,MD,21225,US,MEDIUM,70,REVIEW,NaT,,,,,,,,,,,Y
1288,ATS,,MIDDLE RIVER AEROSTRUCTURE SYSTEMS,103 CHESAPEAKE PARK PLAZA,Submitt invoice under web account,,BALTIMORE,MD,21220,,,,,,,,,,,,,,Y,,MIDDLE RIVER AEROSTRUCTURE SYSTEMS,103 CHESAPEAKE PARK PLAZA,,SUBMITT INVOICE UNDER WEB ACCOUNT,,BALTIMORE,MD,21220,US,HIGH,80,READY,2026-01-11 13:06:23,,,,,,,,,,,Y
1289,ATS,,"M.S. JOHNSTON CO., INC",13261 PENNSYLVANIA AVE,EMAIL INVOICES,,HAGERSTOWN,MD,21742,,,,,,,,,,,,,,Y,,MS JOHNSTON CO INC,13261 PENNSYLVANIA AVE,,,,HAGERSTOWN,MD,21742,US,HIGH,80,READY,2026-01-11 13:06:25,,,,,,,,,,,Y
1290,ATS,,"MSI CONTROLS, INC. - EMAIL",105 REDLAND COURT,SUITE C - EMAIL,,OWINGS MILLS,MD,21117,,,,,,,,,,,,,,Y,,MSI CONTROLS INC,105 REDLAND CT,,STE #C,,OWINGS MILLS,MD,21117,US,HIGH,80,READY,2026-01-11 13:06:26,,,,,,,,,,,Y
1291,ATS,,MT WASHINGTON PED- email INV,ACCOUNTS PAYABLE-email invoice,PO BOX 17017,,BALTIMORE,MD,21297,,,,,,,,,,,,,,Y,,MT WASHINGTON PED,PO BOX 17017,,,,BALTIMORE,MD,21297,US,MEDIUM,70,REVIEW,NaT,,,,,,,,,,,Y
1292,ATS,,THE MULLAN CONTRACTING COMPANY,2330 WEST JOPPA ROAD,SUITE 210,,LUTHERVILLE,MD,21093,,,,,,,,,,,,,,Y,,THE MULLAN CONTRACTING COMPANY,2330 W JOPPA RD,,STE #210,,LUTHERVILLE,MD,21093,US,HIGH,80,READY,2026-01-11 13:06:28,,,,,,,,,,,Y
1293,ATS,,MUNTERS,79 MONROE ST,PO BOX 640,,AMESBURY,MA,01913,,,,,,,,,,,,,,Y,,MUNTERS,PO BOX 640,79 MONROE ST,,,AMESBURY,MA,01913,US,MEDIUM,70,REVIEW,NaT,,,,,,,,,,,Y
1294,ATS,,MUSEUM OF THE BIBLE,400 4TH ST. SW,,,WASHINGTON,DC,20024,,,,,,,,,,,,,,Y,,MUSEUM OF THE BIBLE,400 4TH ST SW,,,,WASHINGTON,DC,20024,US,HIGH,80,READY,2026-01-11 13:06:30,,,,,,,,,,,Y
1295,ATS,,MUSEUM OF THE CITY OF NEW YORK,1220 5TH AVE,EMAIL INVOICE,,NEW YORK,NY,10029,,,,,,,,,,,,,,Y,,MUSEUM OF THE CITY OF NEW YORK,1220 5TH AVE,,,,NEW YORK,NY,10029,US,HIGH,80,READY,2026-01-11 13:06:32,,,,,,,,,,,Y
1296,ATS,,MUSIC & ARTS,3035 FESTIVAL WAY,,,WALDORF,MD,20601,,,,,,,,,,,,,,Y,,MUSIC & ARTS,3035 FESTIVAL WAY,,,,WALDORF,MD,20601,US,MEDIUM,100,REVIEW,NaT,,,,,,,,,,,Y
1297,ATS,,MUSIC & ARTS- FREDERICK,5295 WESTVIEW DRIVE,SUITE 300,,FREDERICK,MD,21703,,,,,,,,,,,,,,Y,,MUSIC & ARTS- FREDERICK,5295 WVIEW DR,,STE #300,,FREDERICK,MD,21703,US,HIGH,80,READY,2026-01-11 13:06:35,,,,,,,,,,,Y
1298,ATS,,"N-TECH MECHANICAL SERVICES, INC.",4101 HARVARD PLACE,SUITE B,,FREDERICK,MD,21703,,,,,,,,,,,,,,Y,,N-TECH MECHANICAL SERVICES INC,4101 HARVARD PL,,STE #B,,FREDERICK,MD,21703,US,HIGH,80,READY,2026-01-11 13:06:37,,,,,,,,,,,Y
1299,ATS,,N.E. BOB WALTZ PLUMBING & HEATING,8098 HILLMARK COURT,,,FREDERICK,MD,21704,,,,,,,,,,,,,,Y,,NE BOB WALTZ PLUMBING & HEATING,8098 HILLMARK CT,,,,FREDERICK,MD,21704,US,HIGH,80,READY,2026-01-11 13:06:39,,,,,,,,,,,Y
1300,ATS,,"NAC MECHANICAL SERVICES, LLC",15800 GAITHER DRIVE,SUITE 100- EMAIL,,GAITHERSBURG,MD,20877,,,,,,,,,,,,,,Y,,NAC MECHANICAL SERVICES LLC,15800 GAITHER DR,,STE #100-,,GAITHERSBURG,MD,20877,US,MEDIUM,100,REVIEW,NaT,,,,,,,,,,,Y
1301,ATS,,NATIONAL ASSOCIATION LETTER CARRIERS,"100 INDIANA AVE., NW",EMAIL INVOICES,,WASHINGTON,DC,20001,,,,,,,,,,,,,,Y,,NATIONAL ASSOCIATION LETTER CARRIERS,100 INDIANA AVE NW,,,,WASHINGTON,DC,20001,US,HIGH,80,READY,2026-01-11 13:06:42,,,,,,,,,,,Y
1302,ATS,,"NAPOLI - COVER, INC.",9606 BELAIR ROAD,,,BALTIMORE,MD,21236,,,,,,,,,,,,,,Y,,NAPOLI - COVER INC,9606 BELAIR RD,,,,BALTIMORE,MD,21236,US,HIGH,80,READY,2026-01-11 13:06:44,,,,,,,,,,,Y
1303,ATS,,NORTHROP GRUMMAN,5995 OPUS PARKWAY,SUITE 300 - EMAIL,,MINNETONKA,MN,55343,,,,,,,,,,,,,,Y,,NORTHROP GRUMMAN,5995 OPUS PKWY,,STE #300,,MINNETONKA,MN,55343,US,HIGH,80,READY,2026-01-11 13:06:45,,,,,,,,,,,Y
1304,ATS,,NASSAU SHEET METAL HVAC SERVICES,10843 GRAY'S CORNER ROAD,,,BERLIN,MD,21811,,,,,,,,,,,,,,Y,,NASSAU SHEET METAL HVAC SERVICES,10843 GRAY'S CORNER RD,,,,BERLIN,MD,21811,US,MEDIUM,100,REVIEW,NaT,,,,,,,,,,,Y
1305,ATS,,NATIONAL AQUARIUM,SEAN MAGNUSSON-PIER 3,501 EAST PRATT STREET,,BALTIMORE,MD,21202,,,,,,,,,,,,,,Y,,NATIONAL AQUARIUM,501 E PRATT ST,,SEAN MAGNUSSON-PIER 3,,BALTIMORE,MD,21202,US,HIGH,80,READY,2026-01-11 13:06:48,,,,,,,,,,,Y
1306,ATS,,NATIONAL ARCHIVES AND RECORDS ADMINISTR,9891 BROKEN LAND PARKWAY,SUITE 400,,COLUMBIA,MD,21046,,,,,,,,,,,,,,Y,,NATIONAL ARCHIVES & RECORDS ADMINISTR,9891 BROKEN LAND PKWY,,STE #400,,COLUMBIA,MD,21046,US,HIGH,80,READY,2026-01-11 13:06:50,,,,,,,,,,,Y
1307,ATS,,NATIONAL GALLERY OF ART,2000B SOUTH CLUB DRIVE,,,LANDOVER,MD,20785,,,,,,,,,,,,,,Y,,NATIONAL GALLERY OF ART,2000B S CLUB DR,,,,LANDOVER,MD,20785,US,HIGH,80,READY,2026-01-11 13:06:52,,,,,,,,,,,Y
1308,ATS,,NATIONAL GEOSPACIAL INTELLIGENCE AGENCY,7500 GEOINT DRIVE,,,SPRINGFIELD,VA,22150,,,,,,,,,,,,,,Y,,NATIONAL GEOSPACIAL INTELLIGENCE AGENCY,7500 GEOINT DR,,,,SPRINGFIELD,VA,22150,US,HIGH,80,READY,2026-01-11 13:06:53,,,,,,,,,,,Y
1309,ATS,,NATIONAL HVAC SERVICE,PO BOX 1500,EMAIL INVOICE,,SEAFORD,DE,19973,,,,,,,,,,,,,,Y,,NATIONAL HVAC SERVICE,PO BOX 1500,,,,SEAFORD,DE,19973,US,MEDIUM,70,REVIEW,NaT,,,,,,,,,,,Y
1310,ATS,,NATIONAL MUSEUM OF HEALTH & MEDICINE,2500 LINDEN LANE,,,SILVER SPRING,MD,20910,,,,,,,,,,,,,,Y,,NATIONAL MUSEUM OF HEALTH & MEDICINE,2500 LINDEN LN,,,,SILVER SPRING,MD,20910,US,HIGH,80,READY,2026-01-11 13:06:55,,,,,,,,,,,Y
1311,ATS,,NATIONAL PARK SERVICE,2400 E FORT AVENUE,,,BALTIMORE,MD,21230,,,,,,,,,,,,,,Y,,NATIONAL PARK SERVICE,2400 E FORT AVE,,,,BALTIMORE,MD,21230,US,HIGH,80,READY,2026-01-11 13:06:56,,,,,,,,,,,Y
1312,ATS,,NATIONAL RURAL UTILITIES COOPERATIVE,20701 COOPERATIVE WAY,EMAIL INVOICE,,DULLES,VA,20166,,,,,,,,,,,,,,Y,,NATIONAL RURAL UTILITIES COOPERATIVE,20701 COOPERATIVE WAY,,,,DULLES,VA,20166,US,HIGH,80,READY,2026-01-11 13:06:58,,,,,,,,,,,Y
1313,ATS,,NATIONAL WEATHER SERVICE,43858 WEATHER SERVICE ROAD,,,STERLING,VA,20166,,,,,,,,,,,,,,Y,,NATIONAL WEATHER SERVICE,43858 WEATHER SERVICE RD,,,,STERLING,VA,20166,US,HIGH,80,READY,2026-01-11 13:07:00,,,,,,,,,,,Y
1314,ATS,,"NATIVE SONS, LTD.","12 NORTHWEST DRIVE, UNIT B",EMAIL INVOICE,,PLAINVILLE,CT,06062,,,,,,,,,,,,,,Y,,NATIVE SONS LTD,12 NW DR UNIT B,,,,PLAINVILLE,CT,06062,US,HIGH,80,READY,2026-01-11 13:07:01,,,,,,,,,,,Y
1315,ATS,,NAVAL AIR SYSTEMS COMMAND,47123 BUSE ROAD,"BLDG 2272, ROOM 38",,PATUXENT RIVER,MD,20670,,,,,,,,,,,,,,Y,,NAVAL AIR SYSTEMS COMMAND,47123 BUSE RD,,BLDG 2272 ROOM 38,,PATUXENT RIVER,MD,20670,US,MEDIUM,100,REVIEW,NaT,,,,,,,,,,,Y
1316,ATS,,NAVAL RESEARCH LABORATORY,SUPPLY OFFICER (CODE 3410),"4555 OVERLOOK AVE., S.W.",,WASHINGTON,DC,20375-5329,,,,,,,,,,,,,,Y,,NAVAL RESEARCH LABORATORY,4555 OVERLOOK AVE SW,,SUPPLY OFFICER (CODE 3410),,WASHINGTON,DC,20375-5329,US,HIGH,80,READY,2026-01-11 13:07:05,,,,,,,,,,,Y
1317,ATS,,NAVAL SURFACE WARFARE CENTER,7131 SEALION ROAD,,,SILVERDALE,WA,98315,,,,,,,,,,,,,,Y,,NAVAL SURFACE WARFARE CENTER,7131 SEALION RD,,,,SILVERDALE,WA,98315,US,MEDIUM,100,REVIEW,NaT,,,,,,,,,,,Y
1318,ATS,,NCORE GROUP,1017 TANLEY RD,,,SILVER SPRING,MD,20904,,,,,,,,,,,,,,Y,,NCORE GROUP,1017 TANLEY RD,,,,SILVER SPRING,MD,20904,US,MEDIUM,100,REVIEW,NaT,,,,,,,,,,,Y
1319,ATS,,NELSON'S REPAIR INC.,24028 DEEP BRANCH ROAD,,,GEORGETOWN,DE,19947,,,,,,,,,,,,,,Y,,NELSON'S REPAIR INC,24028 DEEP BRANCH RD,,,,GEORGETOWN,DE,19947,US,MEDIUM,100,REVIEW,NaT,,,,,,,,,,,Y
1320,ATS,,NEVIN LAUSCH,435 SOUTH WINDY MANSION ROAD,,,DENVER,PA,17517,,,,,,,,,,,,,,Y,,NEVIN LAUSCH,435 S WINDY MANSION RD,,,,DENVER,PA,17517,US,MEDIUM,100,REVIEW,NaT,,,,,,,,,,,Y
1321,ATS,,NEW AGE DEVELOPMENT GROUP,16 N. YORK ROAD,EMAIL INVOICES,,HATBORO,PA,19040,,,,,,,,,,,,,,Y,,NEW AGE DEVELOPMENT GROUP,16 N YORK RD,,,,HATBORO,PA,19040,US,HIGH,80,READY,2026-01-11 13:07:14,,,,,,,,,,,Y
1322,ATS,,NEW MUSEUM OF CONTEMPORARY ART,235 BOWERY,,,NEW YORK,NY,10002,,,,,,,,,,,,,,Y,,NEW MUSEUM OF CONTEMPORARY ART,235 BOWERY,,,,NEW YORK,NY,10002,US,HIGH,80,READY,2026-01-11 13:07:15,,,,,,,,,,,Y
1323,ATS,,"NEWELL PROPERTY SERVICES, INC.",12 TOBIAS RUN,,,MIDDLETOWN,MD,21769,,,,,,,,,,,,,,Y,,NEWELL PROPERTY SERVICES INC,12 TOBIAS RUN,,,,MIDDLETOWN,MD,21769,US,HIGH,80,READY,2026-01-11 13:07:17,,,,,,,,,,,Y
1324,ATS,,NEXT CURE,9000 VIRGINIA MANOR RD,SUITE 200 - EMAIL,,BELTSVILLE,MD,20705,,,,,,,,,,,,,,Y,,NEXT CURE,9000 VIRGINIA MANOR RD,,STE #200,,BELTSVILLE,MD,20705,US,MEDIUM,100,REVIEW,NaT,,,,,,,,,,,Y
1325,ATS,,"N.H. YATES & CO., INC. -email",117 C Church Lane,,,COCKEYSVILLE,MD,21030,,,,,,,,,,,,,,Y,,NH YATES & CO INC,117 C CHURCH LN,,,,COCKEYSVILLE,MD,21030,US,HIGH,80,READY,2026-01-11 13:07:20,,,,,,,,,,,Y
1326,ATS,,NIH - give to Erin to invoice,OFFIC OF FIN. MANG.,2115 E. JEFFERSON ST STE 4B432,,BETHESDA,MD,20892-8500,,,,,,,,,,,,,,Y,,NIH,2115 E JEFFERSON ST,,STE 4B432 OFFIC OF FIN MANG,,BETHESDA,MD,20892-8500,US,HIGH,80,READY,2026-01-11 13:07:23,,,,,,,,,,,Y
1327,ATS,,NIST,100 BUREAU DRIVE,BDG 301 ROOM 1 132,,GATHERSBURG,MD,20899,,,,,,,,,,,,,,Y,,NIST,100 BUREAU DR,,BDG 301 ROOM 1 132,,GATHERSBURG,MD,20899,US,MEDIUM,100,REVIEW,NaT,,,,,,,,,,,Y
1328,ATS,,NIXON MEDICAL,500 CENTERPOINT BLVD.,,,NEW CASTLE,DE,19720,,,,,,,,,,,,,,Y,,NIXON MEDICAL,500 CTPOINT BLVD,,,,NEW CASTLE,DE,19720,US,HIGH,80,READY,2026-01-11 13:07:26,,,,,,,,,,,Y
1329,ATS,,"NOAA MARYLAND, LLC",5830 UNIVERSITY RESEARCH CT,SUITE 1743,,COLLEGE PARK,MD,20740,,,,,,,,,,,,,,Y,,NOAA MARYLAND LLC,5830 UNIVERSITY RESEARCH CT,,STE #1743,,COLLEGE PARK,MD,20740,US,HIGH,80,READY,2026-01-11 13:07:28,,,,,,,,,,,Y
1330,ATS,,"NOBLIS, INC",2002 EDMUND HALLEY DRIVE,EMAIL,,RESTON,VA,20191,,,,,,,,,,,,,,Y,,NOBLIS INC,2002 EDMUND HALLEY DR,,,,RESTON,VA,20191,US,HIGH,80,READY,2026-01-11 13:07:29,,,,,,,,,,,Y
1331,ATS,,NOLA,,,,,,,,,,,,,,,,,,,,Y,,NOLA,,,,,,,,US,LOW,20,INVALID,NaT,,,,,,,,,,,Y
1332,ATS,,"NORESCO, LLC",ATTN: ACCOUNTS PAYABLE,PO BOX 729 - EMAIL INVOICES,,CARNEGIE,PA,15106,,,,,,,,,,,,,,Y,,NORESCO LLC,PO BOX 729,,,,CARNEGIE,PA,15106,US,MEDIUM,70,REVIEW,NaT,,,,,,,,,,,Y
1333,ATS,,"NORTH AMERICAN ELECTRIC, INC.",P.O. BOX 24830,,,BALTIMORE,MD,21220,,,,,,,,,,,,,,Y,,NORTH AMERICAN ELECTRIC INC,PO BOX 24830,,,,BALTIMORE,MD,21220,US,MEDIUM,70,REVIEW,NaT,,,,,,,,,,,Y
1334,ATS,,NORTH AMERICAN MILLWRIGHT SERVICES,4480 NORTH POINT BLVD.,,,SPARROWS POINT,MD,21219,,,,,,,,,,,,,,Y,,NORTH AMERICAN MILLWRIGHT SERVICES,4480 N POINT BLVD,,,,SPARROWS POINT,MD,21219,US,HIGH,80,READY,2026-01-11 13:07:32,,,,,,,,,,,Y
1335,ATS,,NORTH POINT CONSTRUCTION SERVICES,8120 WOODMONT AVENUE,SUITE 410,,BETHESDA,MD,20814,,,,,,,,,,,,,,Y,,NORTH POINT CONSTRUCTION SERVICES,8120 WOODMONT AVE,,STE #410,,BETHESDA,MD,20814,US,HIGH,80,READY,2026-01-11 13:07:34,,,,,,,,,,,Y
1336,ATS,,NORTH STAR HEATING AND AIR,P.O. BOX 677,,,NEWINGTON,VA,22122,,,,,,,,,,,,,,Y,,NORTH STAR HEATING & AIR,PO BOX 677,,,,NEWINGTON,VA,22122,US,MEDIUM,70,REVIEW,NaT,,,,,,,,,,,Y
1337,ATS,,"NORTHEASTERN SUPPLY, INC.",8323 PULASKI  HIGHWAY,EMAIL INVOICE,,BALTIMORE,MD,21237,,,,,,,,,,,,,,Y,,NORTHEASTERN SUPPLY INC,8323 PULASKI HWY,,,,BALTIMORE,MD,21237,US,HIGH,80,READY,2026-01-11 13:07:36,,,,,,,,,,,Y
1338,ATS,,NORHTERN BAY ENVIRONMENTAL SYSTEMS INC,"7505 CONNELLEY DR., SUITE D",EMAIL INVOICES,,HANOVER,MD,21076,,,,,,,,,,,,,,Y,,NORHTERN BAY ENVIRONMENTAL SYSTEMS INC,7505 CONNELLEY DR,,STE #D,,HANOVER,MD,21076,US,HIGH,80,READY,2026-01-11 13:07:38,,,,,,,,,,,Y
1339,ATS,,"NORTHERN MANAGEMENT SERVICES, INC.","300 VIRGINIA ST., SUITE 1620",EMAIL INVOICES,,CHARLESTON,WV,25301,,,,,,,,,,,,,,Y,,NORTHERN MANAGEMENT SERVICES INC,300 VIRGINIA ST,,STE #1620,,CHARLESTON,WV,25301,US,HIGH,80,READY,2026-01-11 13:07:39,,,,,,,,,,,Y
1340,ATS,,NORTHROP GRUMMAN CORP.,P.O. BOX 392,MS A 320 - EMAIL,,BALTIMORE,MD,21203,,,,,,,,,,,,,,Y,,NORTHROP GRUMMAN CORP,PO BOX 392,,MS A 320,,BALTIMORE,MD,21203,US,MEDIUM,70,REVIEW,NaT,,,,,,,,,,,Y
1341,ATS,,NORTHWEST HOSPITAL,ACCOUNTS PAYABLE,PO BOX 2667 - EMAIL,,BALTIMORE,MD,21215,,,,,,,,,,,,,,Y,,NORTHWEST HOSPITAL,PO BOX 2667,,,,BALTIMORE,MD,21215,US,MEDIUM,70,REVIEW,NaT,,,,,,,,,,,Y
1342,ATS,,NORTHWIND HEATING & A/C CO. -email,440 BRISTOL DRIVE,,,WINCHESTER,VA,22603,,,,,,,,,,,,,,Y,,NORTHWIND HEATING & A/C CO,440 BRISTOL DR,,,,WINCHESTER,VA,22603,US,MEDIUM,100,REVIEW,NaT,,,,,,,,,,,Y
1343,ATS,,NORTDO NOT USE,,,,,,,,,,,,,,,,,,,,Y,,NORTDO NOT USE,,,,,,,,US,LOW,20,INVALID,NaT,,,,,,,,,,,Y
1344,ATS,,NOTRE DAME PREPARATORY SCHOOL,815 HAMPTON LANE,EMAIL INVOICES,,TOWSON,MD,21286,,,,,,,,,,,,,,Y,,NOTRE DAME PREPARATORY SCHOOL,815 HAMPTON LN,,,,TOWSON,MD,21286,US,HIGH,80,READY,2026-01-11 13:07:44,,,,,,,,,,,Y
1345,ATS,,"NOVA FACILITY SOLUTIONS, INC.",15259 DUMFRIES ROAD,EMAIL INVOICES,,MANASSAS,VA,20112,,,,,,,,,,,,,,Y,,NOVA FACILITY SOLUTIONS INC,15259 DUMFRIES RD,,,,MANASSAS,VA,20112,US,HIGH,80,READY,2026-01-11 13:07:46,,,,,,,,,,,Y
1346,ATS,,NOVANT HEALTH INC,CORPORATE FINANACE- ACCOUNTS P,PO BOX 25686,,WINSTON SALEM,NC,27114-5686,,,,,,,,,,,,,,Y,,NOVANT HEALTH INC,PO BOX 25686,,,,WINSTON SALEM,NC,27114-5686,US,MEDIUM,70,REVIEW,NaT,,,,,,,,,,,Y
1347,ATS,,NOVATEC INC,222 EAST THOMAS AVE,,,BALTIMORE,MD,21225,,,,,,,,,,,,,,Y,,NOVATEC INC,222 E THOMAS AVE,,,,BALTIMORE,MD,21225,US,MEDIUM,100,REVIEW,NaT,,,,,,,,,,,Y
1348,ATS,,NTT GLOBAL DATA CENTERS AMERICAS,PO BOX 348060,EMAIL INVOICES,,SACRAMENTO,CA,95834-8060,,,,,,,,,,,,,,Y,,NTT GLOBAL DATA CENTERS AMERICAS,PO BOX 348060,,,,SACRAMENTO,CA,95834-8060,US,MEDIUM,70,REVIEW,NaT,,,,,,,,,,,Y
1349,ATS,,NV ENTERPRISES,17101 MELFORD BOULEVARD,,,BOWIE,MD,20715,,,,,,,,,,,,,,Y,,NV ENTERPRISES,17101 MELFORD BLVD,,,,BOWIE,MD,20715,US,HIGH,80,READY,2026-01-11 13:07:49,,,,,,,,,,,Y
1350,ATS,,NV ENTERPRISES,17101 MELFORD BOULEVARD,,,BOWIE,MD,20715,,,,,,,,,,,,,,Y,,NV ENTERPRISES,17101 MELFORD BLVD,,,,BOWIE,MD,20715,US,HIGH,80,READY,2026-01-11 13:07:51,,,,,,,,,,,Y
1351,ATS,,NVE-CBS,"2101 WISCONSIN AVE, NW",,,WASHINGTON,DC,20007,,,,,,,,,,,,,,Y,,NVE-CBS,2101 WISCONSIN AVE NW,,,,WASHINGTON,DC,20007,US,HIGH,80,READY,2026-01-11 13:07:53,,,,,,,,,,,Y
1352,ATS,,OAK CREST RETIREMENT VILLAGE,MAIL STOP 603,PO BOX 22000,,CATONSVILLE,MD,21228,,,,,,,,,,,,,,Y,,OAK CREST RETIREMENT VILLAGE,PO BOX 22000,,MAIL STOP 603,,CATONSVILLE,MD,21228,US,MEDIUM,70,REVIEW,NaT,,,,,,,,,,,Y
1353,ATS,,OC ELECTRIC,12837 Townsend Rd,,,OCEAN CITY,MD,21842,,,,,,,,,,,,,,Y,,OC ELECTRIC,12837 TOWNSEND RD,,,,OCEAN CITY,MD,21842,US,HIGH,80,READY,2026-01-11 13:07:54,,,,,,,,,,,Y
1354,ATS,,OFFICE OF CHIEF MEDICAL EXAMINER,900 W. BALTIMORE ST,,,BALTIMORE,MD,21223,,,,,,,,,,,,,,Y,,OFFICE OF CHIEF MEDICAL EXAMINER,900 W BALTIMORE ST,,,,BALTIMORE,MD,21223,US,HIGH,80,READY,2026-01-11 13:07:56,,,,,,,,,,,Y
1355,ATS,,OELMANN ELECTRIC SUPPLY CO INC,PO BOX 363,,,LUTHERVILLE,MD,21094-0363,,,,,,,,,,,,,,Y,,OELMANN ELECTRIC SUPPLY CO INC,PO BOX 363,,,,LUTHERVILLE,MD,21094-0363,US,MEDIUM,70,REVIEW,NaT,,,,,,,,,,,Y
1356,ATS,,"OLGOONIK GENERAL, LLC","3201 C STREET, SUITE 700",EMAIL INVOICE,,ANCHORAGE,AK,99503,,,,,,,,,,,,,,Y,,OLGOONIK GENERAL LLC,3201 C ST,,STE #700,,ANCHORAGE,AK,99503,US,HIGH,80,READY,2026-01-11 13:07:58,,,,,,,,,,,Y
1357,ATS,,OMMI CORPORATION,16825 S SETON AVENUE,,,EMMITSBURG,MD,21727,,,,,,,,,,,,,,Y,,OMMI CORPORATION,16825 S SETON AVE,,,,EMMITSBURG,MD,21727,US,HIGH,80,READY,2026-01-11 13:08:00,,,,,,,,,,,Y
1358,ATS,,"ON-TARGET, INC.",PO BOX 155,,,STEVENSON,MD,21153-2036,,,,,,,,,,,,,,Y,,ON-TARGET INC,PO BOX 155,,,,STEVENSON,MD,21153-2036,US,MEDIUM,70,REVIEW,NaT,,,,,,,,,,,Y
1359,ATS,,ONE TOWN CENTER DST,C/ NLC PROPERTY MANAGEMENT,P.O. BOX 37544 - EMAIL INVOICES,,CHARLOTTE,NC,28237,,,,,,,,,,,,,,Y,,ONE TOWN CENTER DST,PO BOX 37544,,C/ NLC PROPERTY MANAGEMENT,,CHARLOTTE,NC,28237,US,MEDIUM,70,REVIEW,NaT,,,,,,,,,,,Y
1360,ATS,,ONSITE ENERGY,6228 QUANDER ROAD,,,ALEXANDRIA,VA,22370,,,,,,,,,,,,,,Y,,ONSITE ENERGY,6228 QUANDER RD,,,,ALEXANDRIA,VA,22370,US,MEDIUM,100,REVIEW,NaT,,,,,,,,,,,Y
1361,ATS,,OUR LADY OF GRACE,18310 MIDDLETOWN ROAD,,,PARKTON,MD,21120,,,,,,,,,,,,,,Y,,OUR LADY OF GRACE,18310 MIDDLETOWN RD,,,,PARKTON,MD,21120,US,HIGH,80,READY,2026-01-11 13:08:03,,,,,,,,,,,Y
1362,ATS,,OWENS COMFORT SYSTEMS,3586 PATUXENT RIVER ROAD,,,DAVIDSONVILLE,MD,21035,,,,,,,,,,,,,,Y,,OWENS COMFORT SYSTEMS,3586 PATUXENT RIVER RD,,,,DAVIDSONVILLE,MD,21035,US,HIGH,80,READY,2026-01-11 13:08:04,,,,,,,,,,,Y
1363,ATS,,PFCCB EQUIPMENT COMPANY,7676 E. PINNACLE PEAK ROAD,,,SCOTTSDALE,AZ,85255,,,,,,,,,,,,,,Y,,PFCCB EQUIPMENT COMPANY,7676 E PINNACLE PEAK RD,,,,SCOTTSDALE,AZ,85255,US,HIGH,80,READY,2026-01-11 13:08:06,,,,,,,,,,,Y
1364,ATS,,"PALMETTO MECHANICAL CONTRACTORS, INC.",227 ARUNDEL BEACH ROAD,,,SEVERNA PARK,MD,21146,,,,,,,,,,,,,,Y,,PALMETTO MECHANICAL CONTRACTORS INC,227 ARUNDEL BEACH RD,,,,SEVERNA PARK,MD,21146,US,HIGH,80,READY,2026-01-11 13:08:08,,,,,,,,,,,Y
1365,ATS,,PANACEA MECHANICAL CONTRACTORS,"100 EAST STREET, SE",,,VIENNA,VA,22180,,,,,,,,,,,,,,Y,,PANACEA MECHANICAL CONTRACTORS,100 E ST SE,,,,VIENNA,VA,22180,US,HIGH,80,READY,2026-01-11 13:08:10,,,,,,,,,,,Y
1366,ATS,,CATALENT MARYLAND INC.,801 WEST BALTIMORE STREET,4TH FLOOR,,BALTIMORE,MD,21201,,,,,,,,,,,,,,Y,,CATALENT MARYLAND INC,801 W BALTIMORE ST,,4TH FL,,BALTIMORE,MD,21201,US,HIGH,80,READY,2026-01-11 13:08:12,,,,,,,,,,,Y
1367,ATS,,PARAMOUNT MECHANICAL CORPORATION,7053 GATEWAY COURT,EMAIL INVOICES,,MANASSAS,VA,20109,,,,,,,,,,,,,,Y,,PARAMOUNT MECHANICAL CORPORATION,7053 GATEWAY CT,,,,MANASSAS,VA,20109,US,MEDIUM,100,REVIEW,NaT,,,,,,,,,,,Y
1368,ATS,,PARAMOUNT ORBITAL WELDING SERVICES,7053 GATEWAY COURT,,,MANASSAS,VA,20109,,,,,,,,,,,,,,Y,,PARAMOUNT ORBITAL WELDING SERVICES,7053 GATEWAY CT,,,,MANASSAS,VA,20109,US,MEDIUM,100,REVIEW,NaT,,,,,,,,,,,Y
1369,ATS,,PARCEL 49C LTD PARTNERSHIP,1280 MARYLAND AVE SW,#280,,WASHINGTON,DC,20024,,,,,,,,,,,,,,Y,,PARCEL 49C LTD PARTNERSHIP,1280 MARYLAND AVE SW,,#280,,WASHINGTON,DC,20024,US,HIGH,80,READY,2026-01-11 13:08:17,,,,,,,,,,,Y
1370,ATS,,THE PARK SCHOOL,PO BOX 8200,,,BROOKLANDVILLE,MD,21022-1491,,,,,,,,,,,,,,Y,,THE PARK SCHOOL,PO BOX 8200,,,,BROOKLANDVILLE,MD,21022-1491,US,MEDIUM,70,REVIEW,NaT,,,,,,,,,,,Y
1371,ATS,,PARK TOWER,5000 ELLIN ROAD,SUITE BO200,,LANHAM,MD,20706,,,,,,,,,,,,,,Y,,PARK TOWER,5000 ELLIN RD,,STE #BO200,,LANHAM,MD,20706,US,HIGH,80,READY,2026-01-11 13:08:18,,,,,,,,,,,Y
1372,ATS,,"PARKLAWN ASSOCIATES, INC",30 WEST WATKINS MILL RD,EMAIL INVOICES,,GAITHERSBURG,MD,20878,,,,,,,,,,,,,,Y,,PARKLAWN ASSOCIATES INC,30 W WATKINS MILL RD,,,,GAITHERSBURG,MD,20878,US,HIGH,80,READY,2026-01-11 13:08:20,,,,,,,,,,,Y
1373,ATS,,PARSONS CORP.,"5875 TRINITY PARKWAY, SUITE 300",,,CENTERVILLE,VA,20120,,,,,,,,,,,,,,Y,,PARSONS CORP,5875 TRINITY PKWY,,STE #300,,CENTERVILLE,VA,20120,US,MEDIUM,100,REVIEW,NaT,,,,,,,,,,,Y
1374,ATS,,PATAPSCO MECHANICAL,7501 CONNELLEY DRIVE,SUITE I - EMAIL,,HANOVER,MD,21076,,,,,,,,,,,,,,Y,,PATAPSCO MECHANICAL,7501 CONNELLEY DR,,STE #I,,HANOVER,MD,21076,US,HIGH,80,READY,2026-01-11 13:08:23,,,,,,,,,,,Y
1375,ATS,,PATNER CONSTRUCTION,2710 PROSPERITY AVE,SUITE 120,,FAIRFAX,VA,22031,,,,,,,,,,,,,,Y,,PATNER CONSTRUCTION,2710 PROSPERITY AVE,,STE #120,,FAIRFAX,VA,22031,US,HIGH,80,READY,2026-01-11 13:08:25,,,,,,,,,,,Y
1376,ATS,,PAUL BUTZ,3236 MEARS BEND ST,,,CHESAPEAKE BEACH,MD,20732,,,,,,,,,,,,,,Y,,PAUL BUTZ,3236 MEARS BEND ST,,,,CHESAPEAKE BEACH,MD,20732,US,MEDIUM,100,REVIEW,NaT,,,,,,,,,,,Y
1377,ATS,,PC CONSTRUCTION COMPANY,193 TILLEY DRIVE,,,SOUTH BURLINGTON,VT,05403,,,,,,,,,,,,,,Y,,PC CONSTRUCTION COMPANY,193 TILLEY DR,,,,SOUTH BURLINGTON,VT,05403,US,HIGH,80,READY,2026-01-11 13:08:28,,,,,,,,,,,Y
1378,ATS,,PCF MANAGEMENT,80391 MAIN ST,,,ELICOTT CITY,MD,21043,,,,,,,,,,,,,,Y,,PCF MANAGEMENT,80391 MAIN ST,,,,ELICOTT CITY,MD,21043,US,MEDIUM,100,REVIEW,NaT,,,,,,,,,,,Y
1379,ATS,,PCI INDUSTRIES,,,,,,,,,,,,,,,,,,,,Y,,PCI INDUSTRIES,,,,,,,,US,LOW,20,INVALID,NaT,,,,,,,,,,,Y
1380,ATS,,PCI SERVICES,7909 PHILADELPHIA ROAD,,,BALTIMORE,MD,21237-2964,,,,,,,,,,,,,,Y,,PCI SERVICES,7909 PHILADELPHIA RD,,,,BALTIMORE,MD,21237-2964,US,HIGH,80,READY,2026-01-11 13:08:32,,,,,,,,,,,Y
1381,ATS,,"PCTEL, INC.",20410 OBSERVATION DRIVE,SUITE 200,,GERMANTOWN,MD,20876,,,,,,,,,,,,,,Y,,PCTEL INC,20410 OBSERVATION DR,,STE #200,,GERMANTOWN,MD,20876,US,HIGH,80,READY,2026-01-11 13:08:34,,,,,,,,,,,Y
1382,ATS,,"PEAK BUILDING SYSTEMS, INC.",5800 MAIN STREET,SUITE 3,,ELKRIDGE,MD,21075,,,,,,,,,,,,,,Y,,PEAK BUILDING SYSTEMS INC,5800 MAIN ST,,STE #3,,ELKRIDGE,MD,21075,US,HIGH,80,READY,2026-01-11 13:08:35,,,,,,,,,,,Y
1383,ATS,,PENINSULA REGIONAL MEDICAL CENTER,P.O. BOX 3060,,,OREM,UT,84059,,,,,,,,,,,,,,Y,,PENINSULA REGIONAL MEDICAL CENTER,PO BOX 3060,,,,OREM,UT,84059,US,MEDIUM,70,REVIEW,NaT,,,,,,,,,,,Y
1384,ATS,,PENN STATE ELECTRIC MECHANICAL SUPPLY,350 EAST MAIN STREET,EMAIL INVOICES,,MOUNTVILLE,PA,17554,,,,,,,,,,,,,,Y,,PENN STATE ELECTRIC MECHANICAL SUPPLY,350 E MAIN ST,,,,MOUNTVILLE,PA,17554,US,HIGH,80,READY,2026-01-11 13:08:37,,,,,,,,,,,Y
1385,ATS,,PEPCO GOVERNMENT SERVICES LLC,5001 FORBES BLVD,SUITE H,,LANHAM,MD,20706,,,,,,,,,,,,,,Y,,PEPCO GOVERNMENT SERVICES LLC,5001 FORBES BLVD,,STE #H,,LANHAM,MD,20706,US,HIGH,80,READY,2026-01-11 13:08:39,,,,,,,,,,,Y
1386,ATS,,PER-GEESH CONSTRUCTION,P.O. BOX 721,EMAIL INVOICES,,TRINIDAD,CA,95570,,,,,,,,,,,,,,Y,,PER-GEESH CONSTRUCTION,PO BOX 721,,,,TRINIDAD,CA,95570,US,MEDIUM,70,REVIEW,NaT,,,,,,,,,,,Y
1387,ATS,,"PERATON, INC",P.O. BOX 221470,EMAIL INVOICES,,CHANTILLY,VA,20153-1470,,,,,,,,,,,,,,Y,,PERATON INC,PO BOX 221470,,,,CHANTILLY,VA,20153-1470,US,MEDIUM,70,REVIEW,NaT,,,,,,,,,,,Y
1388,ATS,,"PERFORMANCE CONTROLS, LLC",3801 QUEEN MARY DRIVE,,,OLNEY,MD,20832,,,,,,,,,,,,,,Y,,PERFORMANCE CONTROLS LLC,3801 QUEEN MARY DR,,,,OLNEY,MD,20832,US,HIGH,80,READY,2026-01-11 13:08:40,,,,,,,,,,,Y
1389,ATS,,"PERFORMANCE MECHANICAL, LLC",5267 BRISCOE FARM ROAD,EMAIL INVOICES,,WALDORF,MD,20601,,,,,,,,,,,,,,Y,,PERFORMANCE MECHANICAL LLC,5267 BRISCOE FARM RD,,,,WALDORF,MD,20601,US,MEDIUM,100,REVIEW,NaT,,,,,,,,,,,Y
1390,ATS,,PERLECTRIC INC,2711 PROSPERITY AVENUE,SUITE 300,,FAIRFAX,VA,22031-4308,,,,,,,,,,,,,,Y,,PERLECTRIC INC,2711 PROSPERITY AVE,,STE #300,,FAIRFAX,VA,22031-4308,US,HIGH,80,READY,2026-01-11 13:08:44,,,,,,,,,,,Y
1391,ATS,,PFD MECHANICAL,60 BEACH DRIVE,,,EDGEWATER,MD,21037,,,,,,,,,,,,,,Y,,PFD MECHANICAL,60 BEACH DR,,,,EDGEWATER,MD,21037,US,HIGH,80,READY,2026-01-11 13:08:45,,,,,,,,,,,Y
1392,ATS,,PRINCE GEORGES COUNTY PUBLIC SCHOOL,ACCOUNTS PAYABLE - email,"14201 SCHOOL LANE, ROOM 130",,UPPER MARLBORO,MD,20772,,,,,,,,,,,,,,Y,,PRINCE GEORGES COUNTY PUBLIC SCHOOL,14201 SCHOOL LN ROOM 130,,,,UPPER MARLBORO,MD,20772,US,MEDIUM,100,REVIEW,NaT,,,,,,,,,,,Y
1393,ATS,,"PHARMACANN, LLC",5000 SANDS ROAD,,,LOTHIAN,MD,20711,,,,,,,,,,,,,,Y,,PHARMACANN LLC,5000 SANDS RD,,,,LOTHIAN,MD,20711,US,MEDIUM,100,REVIEW,NaT,,,,,,,,,,,Y
1394,ATS,,PHARMACEUTICS INTERNATIONAL - email,10819 GILROY ROAD,,,HUNT VALLEY,MD,21031,,,,,,,,,,,,,,Y,,PHARMACEUTICS INTERNATIONAL,10819 GILROY RD,,,,HUNT VALLEY,MD,21031,US,HIGH,80,READY,2026-01-11 13:08:50,,,,,,,,,,,Y
1395,ATS,,PHARMARON LAB SERVICES INC - GERMANTOWN,20316 SENECA MEADOWS PARKWAY,EMAIL INVOICE,,GERMANTOWN,MD,20876,,,,,,,,,,,,,,Y,,PHARMARON LAB SERVICES INC,20316 SENECA MEADOWS PKWY,,,,GERMANTOWN,MD,20876,US,HIGH,80,READY,2026-01-11 13:08:52,,,,,,,,,,,Y
1396,ATS,,PHILLIPS GLENWOOD CONSTRUCTION,7 PRICES SWITTCH ROAD,,,VERNON TOWNSHIP,NJ,07462,,,,,,,,,,,,,,Y,,PHILLIPS GLENWOOD CONSTRUCTION,7 PRICES SWITTCH RD,,,,VERNON TOWNSHIP,NJ,07462,US,MEDIUM,100,REVIEW,NaT,,,,,,,,,,,Y
1397,ATS,,"PHILLIPS WAY, INC",2901 DEDE ROAD  SUITE 200,,,FINKSBURG,MD,21048,,,,,,,,,,,,,,Y,,PHILLIPS WAY INC,2901 DEDE RD,,STE #200,,FINKSBURG,MD,21048,US,HIGH,80,READY,2026-01-11 13:08:55,,,,,,,,,,,Y
1398,ATS,,PIEDMONT OFFICE REALTY TRUST,P.O. BOX 7679 -EMAIL INVOICE,NXS# ADVTHE; ENTITY #01599,,MERRIFIELD,VA,22116-7679,,,,,,,,,,,,,,Y,,PIEDMONT OFFICE REALTY TRUST,PO BOX 7679,,NXS# ADVTHE; ENTITY #01599,,MERRIFIELD,VA,22116-7679,US,MEDIUM,70,REVIEW,NaT,,,,,,,,,,,Y
1399,ATS,,"PIERCE ASSOCIATES, INC",4216 WHEELER AVENUE,,,ALEXANDRIA,VA,22304,,,,,,,,,,,,,,Y,,PIERCE ASSOCIATES INC,4216 WHEELER AVE,,,,ALEXANDRIA,VA,22304,US,HIGH,80,READY,2026-01-11 13:08:56,,,,,,,,,,,Y
1400,ATS,,"PIERCE ASSOCIATES, INC",1849 C ST NW,SUITE 1530-GRUNLEY,,WASHINGTON,DC,20240,,,,,,,,,,,,,,Y,,PIERCE ASSOCIATES INC,1849 C ST NW,,STE #1530-GRUNLEY,,WASHINGTON,DC,20240,US,HIGH,80,READY,2026-01-11 13:08:58,,,,,,,,,,,Y
1401,ATS,,"PHARMACEUTICS INTERNATIONAL, INC",10819 GILROY RD,,,HUNT VALLEY,MD,21031,,,,,,,,,,,,,,Y,,PHARMACEUTICS INTERNATIONAL INC,10819 GILROY RD,,,,HUNT VALLEY,MD,21031,US,HIGH,80,READY,2026-01-11 13:08:59,,,,,,,,,,,Y
1402,ATS,,PIPCO AIR CONDITIONING & HEATING CO INC,26 W AYLESBURY ROAD,,,TIMONIUM,MD,21093,,,,,,,,,,,,,,Y,,PIPCO AIR CONDITIONING & HEATING CO INC,26 W AYLESBURY RD,,,,TIMONIUM,MD,21093,US,HIGH,80,READY,2026-01-11 13:09:01,,,,,,,,,,,Y
1403,ATS,,PITTMAN CONSULTING GROUP,1100 PEACHTREE STREET,SUITE 950 - EMAIL,,ATLANTA,GA,30309,,,,,,,,,,,,,,Y,,PITTMAN CONSULTING GROUP,1100 PEACHTREE ST,,STE #950,,ATLANTA,GA,30309,US,HIGH,80,READY,2026-01-11 13:09:03,,,,,,,,,,,Y
1404,ATS,,PITTOHIO EXPRESS,15 27TH STREET,,,Pittsburgh,PA,15222,,,,,,,,,,,,,,Y,,PITTOHIO EXPRESS,15 27TH ST,,,,PITTSBURGH,PA,15222,US,HIGH,80,READY,2026-01-11 13:09:04,,,,,,,,,,,Y
1405,ATS,,"PLANO-COUDON, LLC",2101 WASHINGTON BLVD,,,BALTIMORE,MD,21230,,,,,,,,,,,,,,Y,,PLANO-COUDON LLC,2101 WASHINGTON BLVD,,,,BALTIMORE,MD,21230,US,HIGH,80,READY,2026-01-11 13:09:06,,,,,,,,,,,Y
1406,ATS,,"PLASTECH SERVICES, INC.",3903 WASHINGTON BLVD #A,- email invoice,,BALTIMORE,MD,21227,,,,,,,,,,,,,,Y,,PLASTECH SERVICES INC,3903 WASHINGTON BLVD #A,,,,BALTIMORE,MD,21227,US,HIGH,80,READY,2026-01-11 13:09:08,,,,,,,,,,,Y
1407,ATS,,"PMC MECHANICAL, LLC",1555 RT 37 WEST,UNIT #15,,TOMS RIVER,NJ,07855,,,,,,,,,,,,,,Y,,PMC MECHANICAL LLC,1555 RT 37 W,,UNIT #15,,TOMS RIVER,NJ,07855,US,HIGH,80,READY,2026-01-11 13:09:10,,,,,,,,,,,Y
1408,ATS,,PNGS,5900 CAPITAL GATEWAY DRIVE,,,SUITLAND,MD,20746,,,,,,,,,,,,,,Y,,PNGS,5900 CAPITAL GATEWAY DR,,,,SUITLAND,MD,20746,US,HIGH,80,READY,2026-01-11 13:09:11,,,,,,,,,,,Y
1409,ATS,,MATT POLAK,7316 UNIVERSITY AVE,,,GLEN ECHOL,MD,20812,,,,,,,,,,,,,,Y,,MATT POLAK,7316 UNIVERSITY AVE,,,,GLEN ECHOL,MD,20812,US,MEDIUM,100,REVIEW,NaT,,,,,,,,,,,Y
1410,ATS,,POOLE & KENT - email,4530 HOLLINS FERRY ROAD,,,BALTIMORE,MD,21227,,,,,,,,,,,,,,Y,,POOLE & KENT,4530 HOLLINS FERRY RD,,,,BALTIMORE,MD,21227,US,HIGH,80,READY,2026-01-11 13:09:15,,,,,,,,,,,Y
1411,ATS,,BAC C/O POOLE & KENT,4530 HOLLINS FERRY RD,,,BALTIMORE,MD,21227,,,,,,,,,,,,,,Y,,BAC C/O POOLE & KENT,4530 HOLLINS FERRY RD,,,,BALTIMORE,MD,21227,US,HIGH,80,READY,2026-01-11 13:09:16,,,,,,,,,,,Y
1412,ATS,,POOLE MECHANICAL CORPORATION,PO BOX 90,,,EDGEWATER,MD,21037,,,,,,,,,,,,,,Y,,POOLE MECHANICAL CORPORATION,PO BOX 90,,,,EDGEWATER,MD,21037,US,MEDIUM,70,REVIEW,NaT,,,,,,,,,,,Y
1413,ATS,,POPE'S AIR,9026 HORNBAKER ROAD,,,MANASSAS,VA,20109,,,,,,,,,,,,,,Y,,POPE'S AIR,9026 HORNBAKER RD,,,,MANASSAS,VA,20109,US,MEDIUM,100,REVIEW,NaT,,,,,,,,,,,Y
1414,ATS,,POTOMAC ENVIRONMENTAL TECHNOLOGIES,6980 MUIRKIRK MEADOWS DRIVE,,,BELTSVILLE,MD,20705,,,,,,,,,,,,,,Y,,POTOMAC ENVIRONMENTAL TECHNOLOGIES,6980 MUIRKIRK MEADOWS DR,,,,BELTSVILLE,MD,20705,US,MEDIUM,100,REVIEW,NaT,,,,,,,,,,,Y
1415,ATS,,POTOMAC MECHANICAL CONTRACTORS,EMAIL INVOICE,18915 PREMIERE COURT,,GAITHERSBURG,MD,20879,,,,,,,,,,,,,,Y,,POTOMAC MECHANICAL CONTRACTORS,18915 PREMIERE CT,,,,GAITHERSBURG,MD,20879,US,MEDIUM,100,REVIEW,NaT,,,,,,,,,,,Y
1416,ATS,,POTOMAC RIVER MECHANICAL,5706 GENERALWASHINGTON DR,SUITE G,,ALEXANDRIA,VA,22312,,,,,,,,,,,,,,Y,,POTOMAC RIVER MECHANICAL,5706 GENERALWASHINGTON DR,,STE #G,,ALEXANDRIA,VA,22312,US,MEDIUM,100,REVIEW,NaT,,,,,,,,,,,Y
1417,ATS,,POTOMAC VALLEY HOSPITAL OF W. VA.,100 PIN OAK LANE,EMAIL INVOICES,,KEYSER,WV,26726,,,,,,,,,,,,,,Y,,POTOMAC VALLEY HOSPITAL OF W VA,100 PIN OAK LN,,,,KEYSER,WV,26726,US,HIGH,80,READY,2026-01-11 13:09:24,,,,,,,,,,,Y
1418,ATS,,"POWER & COMBUSTION, INC",7909 PHILADELPHIA ROAD,,,BALTIMORE,MD,21237,,,,,,,,,,,,,,Y,,POWER & COMBUSTION INC,7909 PHILADELPHIA RD,,,,BALTIMORE,MD,21237,US,HIGH,80,READY,2026-01-11 13:09:26,,,,,,,,,,,Y
1419,ATS,,POWER DESIGN INCORPORATED,ATTN: ACCOUNTS PAYABLE-EMAIL,11600 NINTH STREET NORTH,,ST. PETERSBURG,FL,33716,,,,,,,,,,,,,,Y,,POWER DESIGN INCORPORATED,11600 NINTH ST N,,,,ST PETERSBURG,FL,33716,US,MEDIUM,100,REVIEW,NaT,,,,,,,,,,,Y
1420,ATS,,POWER SOLUTIONS,17201 MELFORD BOULEVARD,SUITES A-K,,BOWIE,MD,20715,,,,,,,,,,,,,,Y,,POWER SOLUTIONS,17201 MELFORD BLVD,,SUITES A-K,,BOWIE,MD,20715,US,HIGH,80,READY,2026-01-11 13:09:29,,,,,,,,,,,Y
1421,ATS,,POWERMAX INC,8501 MUSCATELLO COURT,,,GAITHERSBURG,MD,20877,,,,,,,,,,,,,,Y,,POWERMAX INC,8501 MUSCATELLO CT,,,,GAITHERSBURG,MD,20877,US,MEDIUM,100,REVIEW,NaT,,,,,,,,,,,Y
1422,ATS,,PPG ARCHITECHTURAL FINISHES,P O BOX 536864,,,ATLANTA,GA,30353-6864,,,,,,,,,,,,,,Y,,PPG ARCHITECHTURAL FINISHES,PO BOX 536864,,,,ATLANTA,GA,30353-6864,US,MEDIUM,70,REVIEW,NaT,,,,,,,,,,,Y
1423,ATS,,"PRECISION AUTOMATION, LLC",7140 ENGLISH MUFFIN WAY,SUITE 100,,FREDERICK,MD,21704,,,,,,,,,,,,,,Y,,PRECISION AUTOMATION LLC,7140 ENGLISH MUFFIN WAY,,STE #100,,FREDERICK,MD,21704,US,HIGH,80,READY,2026-01-11 13:09:32,,,,,,,,,,,Y
1424,ATS,,"PRECISION COMFORT, LLC",39140 NEW MARKET TURNER ROAD,,,MECHANICSVILLE,MD,20659,,,,,,,,,,,,,,Y,,PRECISION COMFORT LLC,39140 NEW MARKET TURNER RD,,,,MECHANICSVILLE,MD,20659,US,MEDIUM,100,REVIEW,NaT,,,,,,,,,,,Y
1425,ATS,,PRECISION ENVIRONMENTAL SERVICES,PO BOX 2638,,,WOODBRIDGE,VA,22195,,,,,,,,,,,,,,Y,,PRECISION ENVIRONMENTAL SERVICES,PO BOX 2638,,,,WOODBRIDGE,VA,22195,US,MEDIUM,70,REVIEW,NaT,,,,,,,,,,,Y
1426,ATS,,PRECISION TEMP CONTROLS,117 S CHESTNUT STREET,,,ELDERSON,PA,19520,,,,,,,,,,,,,,Y,,PRECISION TEMP CONTROLS,117 S CHESTNUT ST,,,,ELDERSON,PA,19520,US,MEDIUM,100,REVIEW,NaT,,,,,,,,,,,Y
1427,ATS,,PREFERRED MECHANICAL SOLUTIONS,402 HICKORY CIRCLE,EMAIL INVOICES,,LA PLATA,MD,20646,,,,,,,,,,,,,,Y,,PREFERRED MECHANICAL SOLUTIONS,402 HICKORY CIR,,,,LA PLATA,MD,20646,US,HIGH,80,READY,2026-01-11 13:09:37,,,,,,,,,,,Y
1428,ATS,,PREMIER CONTROL SERVICE,4565 WILLIAMS WHARF RD,,,ST LEONARD,MD,20685,,,,,,,,,,,,,,Y,,PREMIER CONTROL SERVICE,4565 WILLIAMS WHARF RD,,,,ST LEONARD,MD,20685,US,HIGH,80,READY,2026-01-11 13:09:39,,,,,,,,,,,Y
1429,ATS,,NATIONAL PRESBYTERIAN CHURCH,4101 NEBRASKA AVE N.W.,,,WASHINGTON,DC,20016,,,,,,,,,,,,,,Y,,NATIONAL PRESBYTERIAN CHURCH,4101 NEBRASKA AVE NW,,,,WASHINGTON,DC,20016,US,HIGH,80,READY,2026-01-11 13:09:41,,,,,,,,,,,Y
1430,ATS,,PRESIDENTIAL HEATING & AIR,8000 CESSNA AVENUE,,,GAITHERSBURG,MD,20879,,,,,,,,,,,,,,Y,,PRESIDENTIAL HEATING & AIR,8000 CESSNA AVE,,,,GAITHERSBURG,MD,20879,US,MEDIUM,100,REVIEW,NaT,,,,,,,,,,,Y
1431,ATS,,PRESS MECHANICAL CONTRACTORS INC.,7073 GATEWAY COURT,EMAIL INVOICE,,MANASSAS,VA,20109,,,,,,,,,,,,,,Y,,PRESS MECHANICAL CONTRACTORS INC,7073 GATEWAY CT,,,,MANASSAS,VA,20109,US,MEDIUM,100,REVIEW,NaT,,,,,,,,,,,Y
1432,ATS,,PRIMARY INTEGRATION MECHANICAL SERVICES,P.O. BOX 171,,,GREENBELT,MD,20768,,,,,,,,,,,,,,Y,,PRIMARY INTEGRATION MECHANICAL SERVICES,PO BOX 171,,,,GREENBELT,MD,20768,US,MEDIUM,70,REVIEW,NaT,,,,,,,,,,,Y
1433,ATS,,PRIMARY SYSTEMS INC,8482 VIRGINIA MEADOWS DRIVE,EMAIL INVOICE,,MANASSAS,VA,20109,,,,,,,,,,,,,,Y,,PRIMARY SYSTEMS INC,8482 VIRGINIA MEADOWS DR,,,,MANASSAS,VA,20109,US,HIGH,80,READY,2026-01-11 13:09:46,,,,,,,,,,,Y
1434,ATS,,PRIMO ELECTRIC CO,220 Eighth Avenue,,,Glen Burnie,MD,21061,,,,,,,,,,,,,,Y,,PRIMO ELECTRIC CO,220 EIGHTH AVE,,,,GLEN BURNIE,MD,21061,US,MEDIUM,100,REVIEW,NaT,,,,,,,,,,,Y
1435,ATS,,PRINCE WILLIAM COUNTY SCHOOLS,P.O. BOX 389,,,MANASSAS,VA,20108,,,,,,,,,,,,,,Y,,PRINCE WILLIAM COUNTY SCHOOLS,PO BOX 389,,,,MANASSAS,VA,20108,US,MEDIUM,70,REVIEW,NaT,,,,,,,,,,,Y
1436,ATS,,PRINCE WILLIAM HOSPITAL,8700 SUDLEY ROAD,,,MANASSAS,VA,20110-4418,,,,,,,,,,,,,,Y,,PRINCE WILLIAM HOSPITAL,8700 SUDLEY RD,,,,MANASSAS,VA,20110-4418,US,HIGH,80,READY,2026-01-11 13:09:49,,,,,,,,,,,Y
1437,ATS,,"PRITCHARD BROWN, LLC",6501 ERDMAN AVENUE,,,BALTIMORE,MD,21205,,,,,,,,,,,,,,Y,,PRITCHARD BROWN LLC,6501 ERDMAN AVE,,,,BALTIMORE,MD,21205,US,HIGH,80,READY,2026-01-11 13:09:51,,,,,,,,,,,Y
1438,ATS,,"PRITCHETT CONTROLS, INC",6980 MUIKIRK MEADOWS DRIVE,EMAIL,,BELTSVILLE,MD,20705,,,,,,,,,,,,,,Y,,PRITCHETT CONTROLS INC,6980 MUIKIRK MEADOWS DR,,,,BELTSVILLE,MD,20705,US,MEDIUM,100,REVIEW,NaT,,,,,,,,,,,Y
1439,ATS,,"PRITCHETT CONTROLS, INC",718 EAST MAIN STREET,,,SALISBURY,MD,21804,,,,,,,,,,,,,,Y,,PRITCHETT CONTROLS INC,718 E MAIN ST,,,,SALISBURY,MD,21804,US,HIGH,80,READY,2026-01-11 13:09:54,,,,,,,,,,,Y
1440,ATS,,"PRO-AIR, INC.","1319 F STREET, NW",SUITE 400 - EMAIL,,WASHINGTON,DC,20004,,,,,,,,,,,,,,Y,,PRO-AIR INC,1319 F ST NW,,STE #400,,WASHINGTON,DC,20004,US,HIGH,80,READY,2026-01-11 13:09:56,,,,,,,,,,,Y
1441,ATS,,"PRO-TECH, LLC",27 HENRY FORD CIRCLE,,,WALDORF,MD,20602,,,,,,,,,,,,,,Y,,PRO-TECH LLC,27 HENRY FORD CIR,,,,WALDORF,MD,20602,US,HIGH,80,READY,2026-01-11 13:09:57,,,,,,,,,,,Y
1442,ATS,,PROCON INTERNATIONAL,10432 BALLS FORD ROAD,SUITE 300,,MANASSAS,VA,20109,,,,,,,,,,,,,,Y,,PROCON INTERNATIONAL,10432 BALLS FORD RD,,STE #300,,MANASSAS,VA,20109,US,HIGH,80,READY,2026-01-11 13:09:59,,,,,,,,,,,Y
1443,ATS,,PROFESSIONAL MECHANICAL CONTRACTORS,1101 EDISON HIGHWAY,,,BALTIMORE,MD,21213,,,,,,,,,,,,,,Y,,PROFESSIONAL MECHANICAL CONTRACTORS,1101 EDISON HWY,,,,BALTIMORE,MD,21213,US,HIGH,80,READY,2026-01-11 13:10:00,,,,,,,,,,,Y
1444,ATS,,PROGRESSIVE AIR,4 NASHUA CT,SUITE 7,,BALTIMORE,MD,21221,,,,,,,,,,,,,,Y,,PROGRESSIVE AIR,4 NASHUA CT,,STE #7,,BALTIMORE,MD,21221,US,HIGH,80,READY,2026-01-11 13:10:02,,,,,,,,,,,Y
1445,ATS,,"PROTEC CONSTRUCTION, INC",1314 8TH ST N.W.,,,WASHINGTON,DC,20001,,,,,,,,,,,,,,Y,,PROTEC CONSTRUCTION INC,1314 8TH ST NW,,,,WASHINGTON,DC,20001,US,HIGH,80,READY,2026-01-11 13:10:05,,,,,,,,,,,Y
1446,ATS,,PROTESTANT EPISCOPAL CATHEDRAL FOUNDATI,3101 WISCONSIN AVE N.W.,,,WASHINGTON,DC,20016-5098,,,,,,,,,,,,,,Y,,PROTESTANT EPISCOPAL CATHEDRAL FOUNDATI,3101 WISCONSIN AVE NW,,,,WASHINGTON,DC,20016-5098,US,HIGH,80,READY,2026-01-11 13:10:07,,,,,,,,,,,Y
1447,ATS,,PROVIDENCE PRESBYTERIAN CHURCH,9019 LITTLE RIVER TURNPIKE,,,FAIRFAX,VA,22031,,,,,,,,,,,,,,Y,,PROVIDENCE PRESBYTERIAN CHURCH,9019 LITTLE RIVER TURNPIKE,,,,FAIRFAX,VA,22031,US,HIGH,80,READY,2026-01-11 13:10:08,,,,,,,,,,,Y
1448,ATS,,"PRUITT SERVICES, INC","636 S SALISBURY BLVD, RTE 208",,,SALISBURY,MD,21801,,,,,,,,,,,,,,Y,,PRUITT SERVICES INC,636 S SALISBURY BLVD RTE 208,,,,SALISBURY,MD,21801,US,MEDIUM,100,REVIEW,NaT,,,,,,,,,,,Y
1449,ATS,,"PRYOR MECHANICAL, INC",3039-B VENTRIE CT,PO BOX 659,,MYERSVILLE,MD,21773,,,,,,,,,,,,,,Y,,PRYOR MECHANICAL INC,PO BOX 659,3039-B VENTRIE CT,,,MYERSVILLE,MD,21773,US,MEDIUM,70,REVIEW,NaT,,,,,,,,,,,Y
1450,ATS,,PUBLIC HEALTH LAB - D.C.,#7 DC VILLAGE LANE,,,WASHINGTON,DC,20032,,,,,,,,,,,,,,Y,,PUBLIC HEALTH LAB,7 DC VILLAGE LN,,,,WASHINGTON,DC,20032,US,HIGH,80,READY,2026-01-11 13:10:13,,,,,,,,,,,Y
1451,ATS,,PUENTE TECHNOLOGY LLC,"514 PROGRESS DR., STE T",EMAIL INVOICE,,LINTHICUM,MD,21090,,,,,,,,,,,,,,Y,,PUENTE TECHNOLOGY LLC,514 PROGRESS DR,,STE #T,,LINTHICUM,MD,21090,US,MEDIUM,100,REVIEW,NaT,,,,,,,,,,,Y
1452,ATS,,"PURCELLAIRE, LLC",17490 TRANQUILITY ROAD,,,PURCELLVILLE,VA,20132,,,,,,,,,,,,,,Y,,PURCELLAIRE LLC,17490 TRANQUILITY RD,,,,PURCELLVILLE,VA,20132,US,MEDIUM,100,REVIEW,NaT,,,,,,,,,,,Y
1453,ATS,,PUYENPA SERVICES LLC,EMAIL INVOICE,511 DUCKWATER FALLS RD,,DUCKWATER,NV,89314,,,,,,,,,,,,,,Y,,PUYENPA SERVICES LLC,511 DUCKWATER FALLS RD,,,,DUCKWATER,NV,89314,US,MEDIUM,100,REVIEW,NaT,,,,,,,,,,,Y
1454,ATS,,"QED ENTERPRISES, INC",11918 HADDON LANE,EMAIL INVOICES,,WOODBRIDGE,VA,22192,,,,,,,,,,,,,,Y,,QED ENTERPRISES INC,11918 HADDON LN,,,,WOODBRIDGE,VA,22192,US,MEDIUM,100,REVIEW,NaT,,,,,,,,,,,Y
1455,ATS,,"QIAGEN SCIENCES, LLC",19300 GERMANTOWN ROAD,EMAIL INVOICES,,GERMANTOWN,MD,20874,,,,,,,,,,,,,,Y,,QIAGEN SCIENCES LLC,19300 GERMANTOWN RD,,,,GERMANTOWN,MD,20874,US,HIGH,80,READY,2026-01-11 13:10:21,,,,,,,,,,,Y
1456,ATS,,QTS DATA CENTERS,12851 FOSTER STREET,,,OVERLAND PARK,KS,66213,,,,,,,,,,,,,,Y,,QTS DATA CENTERS,12851 FOSTER ST,,,,OVERLAND PARK,KS,66213,US,HIGH,80,READY,2026-01-11 13:10:23,,,,,,,,,,,Y
1457,ATS,,BANKRUP,31 BROOKSIDE DRIVE,,,WILIMINGTON,DE,19804,,,,,,,,,,,,,,Y,,BANKRUP,31 BROOKSIDE DR,,,,WILIMINGTON,DE,19804,US,MEDIUM,100,REVIEW,NaT,,,,,,,,,,,Y
1458,ATS,,QUANTICO- US MARINES,3101 ZEILIN ROAD,,,QUANTICO,VA,22134,,,,,,,,,,,,,,Y,,QUANTICO- US MARINES,3101 ZEILIN RD,,,,QUANTICO,VA,22134,US,HIGH,80,READY,2026-01-11 13:10:26,,,,,,,,,,,Y
1459,ATS,,"QUEEN CITY ELECTRIC/GILL-SIMPSON, INC",9449 EARLEY DRIVE,,,HAGERSTOWN,MD,21740,,,,,,,,,,,,,,Y,,QUEEN CITY ELECTRIC/GILL-SIMPSON INC,9449 EARLEY DR,,,,HAGERSTOWN,MD,21740,US,MEDIUM,100,REVIEW,NaT,,,,,,,,,,,Y
1460,ATS,,QUEST DIAGNOSTICS,,,,,,,,,,,,,,,,,,,,Y,,QUEST DIAGNOSTICS,,,,,,,,US,LOW,20,INVALID,NaT,,,,,,,,,,,Y
1461,ATS,,"QUILL EQUITY, LLC",44520 HASTINGS DRIVE,,,ASHBRUN,VA,20147,,,,,,,,,,,,,,Y,,QUILL EQUITY LLC,44520 HASTINGS DR,,,,ASHBRUN,VA,20147,US,MEDIUM,100,REVIEW,NaT,,,,,,,,,,,Y
1462,ATS,,QUOTE,,,,,,,,,,,,,,,,,,,,Y,,QUOTE,,,,,,,,US,LOW,20,INVALID,NaT,,,,,,,,,,,Y
1463,ATS,,R & R MECHANICAL,"2902 BLADENSBURG RD, NE",,,WASHINGTON,DC,20018,,,,,,,,,,,,,,Y,,R & R MECHANICAL,2902 BLADENSBURG RD NE,,,,WASHINGTON,DC,20018,US,HIGH,80,READY,2026-01-11 13:10:34,,,,,,,,,,,Y
1464,ATS,,"R. BROOKS MECHANICAL, LLC",P.O. BOX 1090,EMAIL INVOICES,,RISING SUN,MD,21911,,,,,,,,,,,,,,Y,,R BROOKS MECHANICAL LLC,PO BOX 1090,,,,RISING SUN,MD,21911,US,MEDIUM,70,REVIEW,NaT,,,,,,,,,,,Y
1465,ATS,,R.E. ROBERTSON PLUMBING AND HEATING,1829 GEORGE AVENUE,,,ANNAPOLIS,MD,21401,,,,,,,,,,,,,,Y,,RE ROBERTSON PLUMBING & HEATING,1829 GEORGE AVE,,,,ANNAPOLIS,MD,21401,US,HIGH,80,READY,2026-01-11 13:10:35,,,,,,,,,,,Y
1466,ATS,,"R.F. PECK CO., INC.",22 COMPUTER DRIVE WEST,EMAIL INVOICES,,ALBANY,NY,12205,,,,,,,,,,,,,,Y,,RF PECK CO INC,22 COMPUTER DR W,,,,ALBANY,NY,12205,US,HIGH,80,READY,2026-01-11 13:10:37,,,,,,,,,,,Y
1467,ATS,,R.I.G. CONSTRUCTION,3208 GARTSIDE AVE,,,WINDSOR MILL,MD,21244,,,,,,,,,,,,,,Y,,RIG CONSTRUCTION,3208 GARTSIDE AVE,,,,WINDSOR MILL,MD,21244,US,HIGH,80,READY,2026-01-11 13:10:38,,,,,,,,,,,Y
1468,ATS,,RAINVILLE INC,120 COCKEYSVILLE ROAD,SUITE 201 - EMAIL INVOICES,,HUNT VALLEY,MD,21030,,,,,,,,,,,,,,Y,,RAINVILLE INC,120 COCKEYSVILLE RD,,STE #201,,HUNT VALLEY,MD,21030,US,HIGH,80,READY,2026-01-11 13:10:40,,,,,,,,,,,Y
1469,ATS,,"RALPH P. SITA, INC.",12445 WHITE OAK COURT,,,DUNKIRK,MD,20754,,,,,,,,,,,,,,Y,,RALPH P SITA INC,12445 WHITE OAK CT,,,,DUNKIRK,MD,20754,US,MEDIUM,100,REVIEW,NaT,,,,,,,,,,,Y
1470,ATS,,ROMEM AQUA SYSTEMS COMPANY,1635-2 WOODSIDE DRIVE,EMAIL INVOICE,,WOODBRIDGE,VA,22191,,,,,,,,,,,,,,Y,,ROMEM AQUA SYSTEMS COMPANY,1635-2 WOODSIDE DR,,,,WOODBRIDGE,VA,22191,US,HIGH,80,READY,2026-01-11 13:10:44,,,,,,,,,,,Y
1471,ATS,,RAVENS SERVICES,"31 HOPKINS PLAZA, SUITE 17TH FLOOR",EMAIL INVOICES,,BALTIMORE,MD,21201,,,,,,,,,,,,,,Y,,RAVENS SERVICES,31 HOPKINS PLAZA STE 17TH FL,,,,BALTIMORE,MD,21201,US,MEDIUM,100,REVIEW,NaT,,,,,,,,,,,Y
1472,ATS,,RAY SMITH-GHT,1000 HARLEY SHIRLEY ROAD,,,KEARNEYSVILLE,WV,25430,,,,,,,,,,,,,,Y,,RAY SMITH-GHT,1000 HARLEY SHIRLEY RD,,,,KEARNEYSVILLE,WV,25430,US,MEDIUM,100,REVIEW,NaT,,,,,,,,,,,Y
1473,ATS,,LEONARD RAYMO,12721 LINCOLNSHIRE DRIVE,,,POTOMAC,MD,20854-2364,,,,,,,,,,,,,,Y,,LEONARD RAYMO,12721 LINCOLNSHIRE DR,,,,POTOMAC,MD,20854-2364,US,MEDIUM,100,REVIEW,NaT,,,,,,,,,,,Y
1474,ATS,,RAYTHEON TECHNOLOGIES CORPORATION,FINANCE SHARED SERVICES,4101 E. PLANO PARKWAY,,PLANO,TX,75074,,,,,,,,,,,,,,Y,,RAYTHEON TECHNOLOGIES CORPORATION,4101 E PLANO PKWY,,FINANCE SHARED SERVICES,,PLANO,TX,75074,US,HIGH,80,READY,2026-01-11 13:10:51,,,,,,,,,,,Y
1475,ATS,,R/C SERVICES,9824 UPPER MILL LOOP,,,BRISTOW,VA,20136,,,,,,,,,,,,,,Y,,R/C SERVICES,9824 UPPER MILL LOOP,,,,BRISTOW,VA,20136,US,HIGH,80,READY,2026-01-11 13:10:53,,,,,,,,,,,Y
1476,ATS,,ROMAN COMPANY INC,1727 LLEWELYNE AVE,,,BALTIMORE,MD,21213,,,,,,,,,,,,,,Y,,ROMAN COMPANY INC,1727 LLEWELYNE AVE,,,,BALTIMORE,MD,21213,US,MEDIUM,100,REVIEW,NaT,,,,,,,,,,,Y
1477,ATS,,R.E. DONOVAN,12334 WILKINS AVE.,,,ROCKVILLE,MD,20852,,,,,,,,,,,,,,Y,,RE DONOVAN,12334 WILKINS AVE,,,,ROCKVILLE,MD,20852,US,MEDIUM,100,REVIEW,NaT,,,,,,,,,,,Y
1478,ATS,,"R.E. HARRISION ELECTRIC, LLC",2603 WATERVIEW AVE,,,BALTIMORE,MD,21230,,,,,,,,,,,,,,Y,,RE HARRISION ELECTRIC LLC,2603 WATERVIEW AVE,,,,BALTIMORE,MD,21230,US,HIGH,80,READY,2026-01-11 13:10:58,,,,,,,,,,,Y
1479,ATS,,R.E. MICHEL COMPANY,ONE R.E. MICHEL DRIVE,,,GLEN BURNIE,MD,21060-6495,,,,,,,,,,,,,,Y,,RE MICHEL COMPANY,ONE RE MICHEL DR,,,,GLEN BURNIE,MD,21060-6495,US,MEDIUM,100,REVIEW,NaT,,,,,,,,,,,Y
1480,ATS,,REALTY MANAGEMENT,3 BETHESDA METRO CENTER,SUITE 600,,BETHESDA,MD,20814,,,,,,,,,,,,,,Y,,REALTY MANAGEMENT,3 BETHESDA METRO CT,,STE #600,,BETHESDA,MD,20814,US,HIGH,80,READY,2026-01-11 13:11:01,,,,,,,,,,,Y
1481,ATS,,"RECOVERY POINT SYSTEMS, INC",75 WEST WATKINS MILL ROAD,EMAIL INVOICE,,GAITHERSBURG,MD,20878,,,,,,,,,,,,,,Y,,RECOVERY POINT SYSTEMS INC,75 W WATKINS MILL RD,,,,GAITHERSBURG,MD,20878,US,HIGH,80,READY,2026-01-11 13:11:03,,,,,,,,,,,Y
1482,ATS,,RECURRENT INNOVATIVE SOLUTIONS,451 HUNGERFORD DRIVE,EMAIL INVOICES,,ROCKVILLE,MD,20850,,,,,,,,,,,,,,Y,,RECURRENT INNOVATIVE SOLUTIONS,451 HUNGERFORD DR,,,,ROCKVILLE,MD,20850,US,HIGH,80,READY,2026-01-11 13:11:04,,,,,,,,,,,Y
1483,ATS,,RED SOCK SUPPLY,"1201 MILWAUKEE AVE., SUITE A",,,BURLINGTON,WI,53105,,,,,,,,,,,,,,Y,,RED SOCK SUPPLY,1201 MILWAUKEE AVE,,STE #A,,BURLINGTON,WI,53105,US,HIGH,80,READY,2026-01-11 13:11:06,,,,,,,,,,,Y
1484,ATS,,"REFRIGERATION SYSTEMS, INC",9204 VENTURE CT,,,MANASAS PARK,VA,20111,,,,,,,,,,,,,,Y,,REFRIGERATION SYSTEMS INC,9204 VENTURE CT,,,,MANASAS PARK,VA,20111,US,MEDIUM,100,REVIEW,NaT,,,,,,,,,,,Y
1485,ATS,,REGIONAL CONTRACTION SERVICES,2025 FLAGLER OL. NW,,,WASHINGTON,DC,20001,,,,,,,,,,,,,,Y,,REGIONAL CONTRACTION SERVICES,2025 FLAGLER OL NW,,,,WASHINGTON,DC,20001,US,MEDIUM,100,REVIEW,NaT,,,,,,,,,,,Y
1486,ATS,,"REGIONAL ELECTRICAL CONTRACTORS, INC",14160 BRANDYWINE ROAD,EMAIL INVOICES,,BRANDYWINE,MD,20613,,,,,,,,,,,,,,Y,,REGIONAL ELECTRICAL CONTRACTORS INC,14160 BRANDYWINE RD,,,,BRANDYWINE,MD,20613,US,HIGH,80,READY,2026-01-11 13:11:11,,,,,,,,,,,Y
1487,ATS,,R.E.L. SCHNEIDER CO. INC,4804 CURTIS AVENUE,,,BALTIMORE,MD,21226,,,,,,,,,,,,,,Y,,REL SCHNEIDER CO INC,4804 CURTIS AVE,,,,BALTIMORE,MD,21226,US,HIGH,80,READY,2026-01-11 13:11:12,,,,,,,,,,,Y
1488,ATS,,"RELIABLE ENGINEERING SERVICES, INC",9700 MARTIN LUTHER KING JR HWY,SUITE F - EMAIL,,LANHAM,MD,20706,,,,,,,,,,,,,,Y,,RELIABLE ENGINEERING SERVICES INC,9700 MARTIN LUTHER KING JR HWY,,STE #F,,LANHAM,MD,20706,US,MEDIUM,100,REVIEW,NaT,,,,,,,,,,,Y
1489,ATS,,REMINGTON CONSTRUCTION,8466-B TYCO ROAD,,,VIENNA,VA,22182,,,,,,,,,,,,,,Y,,REMINGTON CONSTRUCTION,8466-B TYCO RD,,,,VIENNA,VA,22182,US,MEDIUM,100,REVIEW,NaT,,,,,,,,,,,Y
1490,ATS,,RENAISSANCE PLAZA,2601 WEST MADDISON AVE,,,BALTIMORE,MD,21217,,,,,,,,,,,,,,Y,,RENAISSANCE PLAZA,2601 W MADDISON AVE,,,,BALTIMORE,MD,21217,US,MEDIUM,100,REVIEW,NaT,,,,,,,,,,,Y
1491,ATS,,REON INC,14502 GREENVIEW DRIVE,STE 300,,LAUREL,MD,20708,,,,,,,,,,,,,,Y,,REON INC,14502 GREENVIEW DR,,STE 300,,LAUREL,MD,20708,US,HIGH,80,READY,2026-01-11 13:11:20,,,,,,,,,,,Y
1492,ATS,,PARCEL 49C LTD PARTNERSHIP,1201 MARYLAND AVE SW #850,EMAIL,,WASHINGTON,DC,20024,,,,,,,,,,,,,,Y,,PARCEL 49C LTD PARTNERSHIP,1201 MARYLAND AVE SW #850,,,,WASHINGTON,DC,20024,US,HIGH,80,READY,2026-01-11 13:11:22,,,,,,,,,,,Y
1493,ATS,,REISTERSTOWN ENERGY SOLUTIONS,22 HANOVER ROAD,,,REISTERSTOWN,MD,21136,,,,,,,,,,,,,,Y,,REISTERSTOWN ENERGY SOLUTIONS,22 HANOVER RD,,,,REISTERSTOWN,MD,21136,US,HIGH,80,READY,2026-01-11 13:11:24,,,,,,,,,,,Y
1494,ATS,,RESIDENTIAL & COMMERCIAL SERVICES INC.,620 PENNSYLVANIA AVE,,,WINCHESTER,VA,22601,,,,,,,,,,,,,,Y,,RESIDENTIAL & COMMERCIAL SERVICES INC,620 PENNSYLVANIA AVE,,,,WINCHESTER,VA,22601,US,HIGH,80,READY,2026-01-11 13:11:25,,,,,,,,,,,Y
1495,ATS,,RESOLUTE INDUSTRIAL LLC,402 RAWLES CT,EMAIL INVOICE,,INDIANAPOLIS,IN,46229,,,,,,,,,,,,,,Y,,RESOLUTE INDUSTRIAL LLC,402 RAWLES CT,,,,INDIANAPOLIS,IN,46229,US,HIGH,80,READY,2026-01-11 13:11:27,,,,,,,,,,,Y
1496,ATS,,RESTON SURGERY CENTER,1860 TOWN CENTER DRIVE,SUITE G-100,,RESTON,VA,20190,,,,,,,,,,,,,,Y,,RESTON SURGERY CENTER,1860 TOWN CT DR,,STE #G-100,,RESTON,VA,20190,US,MEDIUM,100,REVIEW,NaT,,,,,,,,,,,Y
1497,ATS,,REXEL INC,"521 PROGRESSIVE DR., SUITE K",EMAIL INVOICES,,LINTHICUM HEIGHTS,MD,21090-2241,,,,,,,,,,,,,,Y,,REXEL INC,521 PROGRESSIVE DR,,STE #K,,LINTHICUM HEIGHTS,MD,21090-2241,US,MEDIUM,100,REVIEW,NaT,,,,,,,,,,,Y
1498,ATS,,"REYCO ELECTRICAL SERVICES, INC",7 JAY GOULD CT #6,,,WALDORF,MD,20602,,,,,,,,,,,,,,Y,,REYCO ELECTRICAL SERVICES INC,7 JAY GOULD CT #6,,,,WALDORF,MD,20602,US,HIGH,80,READY,2026-01-11 13:11:32,,,,,,,,,,,Y
1499,ATS,,R. F. WARDER,10556 PHILADELPHIA ROAD,,,WHITE MARSH,MD,21162,,,,,,,,,,,,,,Y,,R F WARDER,10556 PHILADELPHIA RD,,,,WHITE MARSH,MD,21162,US,HIGH,80,READY,2026-01-11 13:11:34,,,,,,,,,,,Y
1500,ATS,,"R.H. LAPP & SONS, INC",RIVERSIDE INDUSTRIAL PARK,880 KELLY ROAD,,CUMBERLAND,MD,21502,,,,,,,,,,,,,,Y,,RH LAPP & SONS INC,880 KELLY RD,,RIVERSIDE INDUSTRIAL PARK,,CUMBERLAND,MD,21502,US,HIGH,80,READY,2026-01-11 13:11:35,,,,,,,,,,,Y
1501,ATS,,RICA-BALTIMORE,605 S. CHAPEL GATE LANE,,,BALTIMORE,MD,21229-5201,,,,,,,,,,,,,,Y,,RICA-BALTIMORE,605 S CHAPEL GATE LN,,,,BALTIMORE,MD,21229-5201,US,HIGH,80,READY,2026-01-11 13:11:37,,,,,,,,,,,Y
1502,ATS,,RICHARD DZENG,3610 HAMILTON WALK,202A JOHNSON PAVILION,,PHILADELPHIA,PA,19104,,,,,,,,,,,,,,Y,,RICHARD DZENG,3610 HAMILTON WALK,,202A JOHNSON PAVILION,,PHILADELPHIA,PA,19104,US,HIGH,80,READY,2026-01-11 13:11:38,,,,,,,,,,,Y
1503,ATS,,RIDDLEBERGER BROTHERS INC - email,6127 S. VALLEY PIKE,,,MT.CRAWFORD,VA,22841,,,,,,,,,,,,,,Y,,RIDDLEBERGER BROTHERS INC,6127 S VALLEY PIKE,,,,MTCRAWFORD,VA,22841,US,MEDIUM,100,REVIEW,NaT,,,,,,,,,,,Y
1504,ATS,,RITZ CARLTON,801 KEY HWY,,,BALTIMORE,MD,21401,,,,,,,,,,,,,,Y,,RITZ CARLTON,801 KEY HWY,,,,BALTIMORE,MD,21401,US,HIGH,80,READY,2026-01-11 13:11:42,,,,,,,,,,,Y
1505,ATS,,"RIVER HOUSE 11900, LLC",11900 RIVER ROAD,,,POTOMAC,MD,20854-2364,,,,,,,,,,,,,,Y,,RIVER HOUSE 11900 LLC,11900 RIVER RD,,,,POTOMAC,MD,20854-2364,US,HIGH,80,READY,2026-01-11 13:11:43,,,,,,,,,,,Y
1506,ATS,,"RIVERSIDE HEALTHCARE ASSOCIATION, INC","608 DENBIGH BLVD., STE 703",ATTN: ACCOUNTS PAYABLE,,NEWPORT NEWS,VA,23608,,,,,,,,,,,,,,Y,,RIVERSIDE HEALTHCARE ASSOCIATION INC,608 DENBIGH BLVD,,STE #703,,NEWPORT NEWS,VA,23608,US,HIGH,80,READY,2026-01-11 13:11:45,,,,,,,,,,,Y
1507,ATS,,"THE RIVERVIEW GROUP, INC.","2976 PENWICK LANE, SUITE 104D",EMAIL INVOICE,,DUNKIRK,MD,20754,,,,,,,,,,,,,,Y,,THE RIVERVIEW GROUP INC,2976 PENWICK LN,,STE #104D,,DUNKIRK,MD,20754,US,MEDIUM,100,REVIEW,NaT,,,,,,,,,,,Y
1508,ATS,,"RJ BEASLEY ELECTRIC, LLC",PO BOX 1073,,,STEVENSVILLE,MD,21666,,,,,,,,,,,,,,Y,,RJ BEASLEY ELECTRIC LLC,PO BOX 1073,,,,STEVENSVILLE,MD,21666,US,MEDIUM,70,REVIEW,NaT,,,,,,,,,,,Y
1509,ATS,,"RJ WASHINGTON COMPANY, INC.",P.O. BOX 1183,,,BOWIE,MD,20718,,,,,,,,,,,,,,Y,,RJ WASHINGTON COMPANY INC,PO BOX 1183,,,,BOWIE,MD,20718,US,MEDIUM,70,REVIEW,NaT,,,,,,,,,,,Y
1510,ATS,,"R J WOOLSLAYER, INC.",PO Box 70 - EMAIL,1437 FOREST GROVE ROAD,,FURLONG,PA,18925,,,,,,,,,,,,,,Y,,R J WOOLSLAYER INC,PO BOX 70,1437 FOREST GROVE RD,,,FURLONG,PA,18925,US,MEDIUM,70,REVIEW,NaT,,,,,,,,,,,Y
1511,ATS,,RJH AIR CONDITIONING & REFRIGERATION,12232 DISTRIBUTION PLACE,,,BELTSVILLE,MD,20705,,,,,,,,,,,,,,Y,,RJH AIR CONDITIONING & REFRIGERATION,12232 DISTRIBUTION PL,,,,BELTSVILLE,MD,20705,US,MEDIUM,100,REVIEW,NaT,,,,,,,,,,,Y
1512,ATS,,R. L. DEPPMANN,20929 BRIDGE STREET,,,SOUTHFIELD,MI,48033,,,,,,,,,,,,,,Y,,R L DEPPMANN,20929 BRIDGE ST,,,,SOUTHFIELD,MI,48033,US,HIGH,80,READY,2026-01-11 13:11:50,,,,,,,,,,,Y
1513,ATS,,REALTY MANAGEMENT COMPANY,3 BETHESDA METRO CENTER,SUITE 600,,Bethedsa,MD,20814,,,,,,,,,,,,,,Y,,REALTY MANAGEMENT COMPANY,3 BETHESDA METRO CT,,STE #600,,BETHEDSA,MD,20814,US,MEDIUM,100,REVIEW,NaT,,,,,,,,,,,Y
1514,ATS,,"ROANE'S RIGGING AND TRANSFER CO., INC",PO BOX 519,,,OWINGS MILLS,MD,21117,,,,,,,,,,,,,,Y,,ROANE'S RIGGING & TRANSFER CO INC,PO BOX 519,,,,OWINGS MILLS,MD,21117,US,MEDIUM,70,REVIEW,NaT,,,,,,,,,,,Y
1515,ATS,,"ROBERT BROWN ASSOCIATES, INC.",6-C MOUNT PLEASANT ROAD,,,ASTON,PA,19014,,,,,,,,,,,,,,Y,,ROBERT BROWN ASSOCIATES INC,6-C MOUNT PLEASANT RD,,,,ASTON,PA,19014,US,MEDIUM,100,REVIEW,NaT,,,,,,,,,,,Y
1516,ATS,,ROBERT HOLMAN,3211 TENNYSON STREET NW,,,WASHINGTON,DC,20015,,,,,,,,,,,,,,Y,,ROBERT HOLMAN,3211 TENNYSON ST NW,,,,WASHINGTON,DC,20015,US,HIGH,80,READY,2026-01-11 13:11:55,,,,,,,,,,,Y
1517,ATS,,ROBIN PETERS,103 LOCKLEVEN DRIVE,,,SEVERNA PARK,MD,21146,,,,,,,,,,,,,,Y,,ROBIN PETERS,103 LOCKLEVEN DR,,,,SEVERNA PARK,MD,21146,US,HIGH,80,READY,2026-01-11 13:11:57,,,,,,,,,,,Y
1518,ATS,,ROBINSON'S AIR CONDITIONING AND HEATING,671 C SOUTHLAWN LANE,,,ROCKVILLE,MD,20850,,,,,,,,,,,,,,Y,,ROBINSON'S AIR CONDITIONING & HEATING,671 C SLAWN LN,,,,ROCKVILLE,MD,20850,US,HIGH,80,READY,2026-01-11 13:11:59,,,,,,,,,,,Y
1519,ATS,,ROCHA BROTHERS,3901 MOSS DR,,,ANNANDALE,VA,22003,,,,,,,,,,,,,,Y,,ROCHA BROTHERS,3901 MOSS DR,,,,ANNANDALE,VA,22003,US,HIGH,80,READY,2026-01-11 13:12:00,,,,,,,,,,,Y
1520,ATS,,ROCK HILL FARM,7149 ROCK HILL MILL ROAD,,,THE PLAINS,VA,20198,,,,,,,,,,,,,,Y,,ROCK HILL FARM,7149 ROCK HILL MILL RD,,,,THE PLAINS,VA,20198,US,MEDIUM,100,REVIEW,NaT,,,,,,,,,,,Y
1521,ATS,,ROESSLER EQUIPMENT,5805 SCHUMACHER LANE,,,HOUSTON,TX,77057,,,,,,,,,,,,,,Y,,ROESSLER EQUIPMENT,5805 SCHUMACHER LN,,,,HOUSTON,TX,77057,US,HIGH,80,READY,2026-01-11 13:12:04,,,,,,,,,,,Y
1522,ATS,,ROGER KOUHI,776 LOCUST CIRCLE,,,ARNOLD,MD,21012,,,,,,,,,,,,,,Y,,ROGER KOUHI,776 LOCUST CIR,,,,ARNOLD,MD,21012,US,MEDIUM,100,REVIEW,NaT,,,,,,,,,,,Y
1523,ATS,,ROMEM AQUA SYSTEMS COMPANY,1635-2 WOODSIDE DRIVE,EMAIL INVOICES,,WOODBRIDGE,VA,22191,,,,,,,,,,,,,,Y,,ROMEM AQUA SYSTEMS COMPANY,1635-2 WOODSIDE DR,,,,WOODBRIDGE,VA,22191,US,HIGH,80,READY,2026-01-11 13:12:08,,,,,,,,,,,Y
1524,ATS,,"ROMMEL CONSTRUCTION, LLC",PO BOX 357,,,LINTHICUM,MD,21090,,,,,,,,,,,,,,Y,,ROMMEL CONSTRUCTION LLC,PO BOX 357,,,,LINTHICUM,MD,21090,US,MEDIUM,70,REVIEW,NaT,,,,,,,,,,,Y
1525,ATS,,RONCO MECHANICAL,8916 SIMPSON LANE,email invoice,,CLINTON,MD,20735,,,,,,,,,,,,,,Y,,RONCO MECHANICAL,8916 SIMPSON LN,,,,CLINTON,MD,20735,US,HIGH,80,READY,2026-01-11 13:12:10,,,,,,,,,,,Y
1526,ATS,,RONNEL ENGINEERING + CONSTRUCTION INC.,1177 PATUXENT RD,,,ODENTON,MD,21113-3663,,,,,,,,,,,,,,Y,,RONNEL ENGINEERING + CONSTRUCTION INC,1177 PATUXENT RD,,,,ODENTON,MD,21113-3663,US,HIGH,80,READY,2026-01-11 13:12:11,,,,,,,,,,,Y
1527,ATS,,ROSENDIN ELECTRIC - email INV,EMAIL INVOICE,PO BOX 49070,,SAN JOSE,CA,95161-9070,,,,,,,,,,,,,,Y,,ROSENDIN ELECTRIC,PO BOX 49070,,,,SAN JOSE,CA,95161-9070,US,MEDIUM,70,REVIEW,NaT,,,,,,,,,,,Y
1528,ATS,,ROWBEL SERVICES,"4 NASHUA COURT, SUITE 8",,,ESSEX,MD,21221,,,,,,,,,,,,,,Y,,ROWBEL SERVICES,4 NASHUA CT,,STE #8,,ESSEX,MD,21221,US,MEDIUM,100,REVIEW,NaT,,,,,,,,,,,Y
1529,ATS,,TOM ROWE,801TRAIL AVENUE,,,FREDERICK,MD,21201,,,,,,,,,,,,,,Y,,TOM ROWE,801TRAIL AVE,,,,FREDERICK,MD,21201,US,MEDIUM,100,REVIEW,NaT,,,,,,,,,,,Y
1530,ATS,,ROYAL SONESTA HARBOR COURT BALTIMORE,550 LIGHT STREET,EMAIL INVOICE,,BALTIMORE,MD,21202,,,,,,,,,,,,,,Y,,ROYAL SONESTA HARBOR COURT BALTIMORE,550 LIGHT ST,,,,BALTIMORE,MD,21202,US,HIGH,80,READY,2026-01-11 13:12:17,,,,,,,,,,,Y
1531,ATS,,"ROYCO, INC.",WORLD BUILDING,8121 GEORGIA AVE LL2,,SILVER SPRING,MD,20910,,,,,,,,,,,,,,Y,,ROYCO INC,8121 GEORGIA AVE LL2,,WORLD BLDG,,SILVER SPRING,MD,20910,US,MEDIUM,100,REVIEW,NaT,,,,,,,,,,,Y
1532,ATS,,ROYSPEC PURCHASING SERVICES -email INV,7470 CANDLEWOOD RD,EMAIL INVOICE,,HANOVER,MD,21076,,,,,,,,,,,,,,Y,,ROYSPEC PURCHASING SERVICES INV,7470 CANDLEWOOD RD,,,,HANOVER,MD,21076,US,MEDIUM,100,REVIEW,NaT,,,,,,,,,,,Y
1533,ATS,,"ROYSTON, LLC",P.O. BOX 739,,,ROYSTON,GA,30662,,,,,,,,,,,,,,Y,,ROYSTON LLC,PO BOX 739,,,,ROYSTON,GA,30662,US,MEDIUM,70,REVIEW,NaT,,,,,,,,,,,Y
1534,ATS,,RPC,9050 EUCLID AVE,,,MANASSAS,VA,20110,,,,,,,,,,,,,,Y,,RPC,9050 EUCLID AVE,,,,MANASSAS,VA,20110,US,HIGH,80,READY,2026-01-11 13:12:22,,,,,,,,,,,Y
1535,ATS,,"RSC ELECTRICAL & MECHANICAL CONTRACTOR,",6035 DIX STREET NE,,,WASHINGTON,DC,20019,,,,,,,,,,,,,,Y,,RSC ELECTRICAL & MECHANICAL CONTRACTOR,6035 DIX ST NE,,,,WASHINGTON,DC,20019,US,HIGH,80,READY,2026-01-11 13:12:23,,,,,,,,,,,Y
1536,ATS,,RUSSCO INC,227 ELLINGTON BLVD,,,GAITHERSBURG,MD,20578,,,,,,,,,,,,,,Y,,RUSSCO INC,227 ELLINGTON BLVD,,,,GAITHERSBURG,MD,20578,US,HIGH,80,READY,2026-01-11 13:12:25,,,,,,,,,,,Y
1537,ATS,,USE WARNER MECHANICAL,217 MONROE AVENUE,,,FREDERICK,MD,21701,,,,,,,,,,,,,,Y,,USE WARNER MECHANICAL,217 MONROE AVE,,,,FREDERICK,MD,21701,US,HIGH,80,READY,2026-01-11 13:12:26,,,,,,,,,,,Y
1538,ATS,,RWD CONSULTING,1775T STREET NW,EMAIL INVOICE,,WASHINGTONG,DC,20009,,,,,,,,,,,,,,Y,,RWD CONSULTING,1775T ST NW,,,,WASHINGTONG,DC,20009,US,MEDIUM,100,REVIEW,NaT,,,,,,,,,,,Y
1539,ATS,,"S & S CONTROL SYSTEMS, INC.",EMAIL INVOICE,"4312 BLACK ROCK RD, SUITE 2B",,HAMPSTEAD,MD,21074,,,,,,,,,,,,,,Y,,S & S CONTROL SYSTEMS INC,4312 BLACK ROCK RD,,STE #2B,,HAMPSTEAD,MD,21074,US,HIGH,80,READY,2026-01-11 13:12:29,,,,,,,,,,,Y
1540,ATS,,S & W CONTROLS,8229 GREY EAGLE DRIVE,EMAIL INVOICES,,UPPER MARLBORO,MD,20772,,,,,,,,,,,,,,Y,,S & W CONTROLS,8229 GREY EAGLE DR,,,,UPPER MARLBORO,MD,20772,US,HIGH,80,READY,2026-01-11 13:12:31,,,,,,,,,,,Y
1541,ATS,,SABEY DATA CENTER - EMAIL,INTERGATE ASHBURN LLC C/O SABEY CORP.,12201 TUKWILA INTERNATIONAL BLVD 4TH FLOOR,,SEATTLE,WA,98168-5121,,,,,,,,,,,,,,Y,,SABEY DATA CENTER,12201 TUKWILA INTERNATIONAL BLVD 4TH FL,,INTERGATE ASHBURN LLC C/O SABEY CORP,,SEATTLE,WA,98168-5121,US,MEDIUM,100,REVIEW,NaT,,,,,,,,,,,Y
1542,ATS,,SAGAMORE MECHANICAL SERVICES INC,55 AILERON COURT,UNIT 1,,WESTMINSTER,MD,21157,,,,,,,,,,,,,,Y,,SAGAMORE MECHANICAL SERVICES INC,55 AILERON CT,,UNIT 1,,WESTMINSTER,MD,21157,US,HIGH,80,READY,2026-01-11 13:12:35,,,,,,,,,,,Y
1543,ATS,,SAGAMORE MECHANICAL CONSTRUCTION,11521 CRONRIDGE DR,SUITE A,,OWINGS MILLS,MD,21117,,,,,,,,,,,,,,Y,,SAGAMORE MECHANICAL CONSTRUCTION,11521 CRONRIDGE DR,,STE #A,,OWINGS MILLS,MD,21117,US,HIGH,80,READY,2026-01-11 13:12:37,,,,,,,,,,,Y
1544,ATS,,"SAGEWATER, LLC",1319 POWHATAN STREET,EMAIL INVOICES,,ALEXANDRIA,VA,22314,,,,,,,,,,,,,,Y,,SAGEWATER LLC,1319 POWHATAN ST,,,,ALEXANDRIA,VA,22314,US,HIGH,80,READY,2026-01-11 13:12:39,,,,,,,,,,,Y
1545,ATS,,SAIC - FREDERICK,7116 GEOFFREY DRIVE,,,FREDERICK,MD,21704,,,,,,,,,,,,,,Y,,SAIC,7116 GEOFFREY DR,,,,FREDERICK,MD,21704,US,MEDIUM,100,REVIEW,NaT,,,,,,,,,,,Y
1546,ATS,,SAIC - VA,1710 SAIC DRIVE,,,MCLEAN,VA,22102,,,,,,,,,,,,,,Y,,,1710 SAIC DR,,,,MCLEAN,VA,22102,US,MEDIUM,100,REVIEW,NaT,,,,,,,,,,,Y
1547,ATS,,SAIC SOLUTIONS,155 PASSAIC AVENUE,EMAIL INVOICE,,FAIRFIELD,NJ,07004,,,,,,,,,,,,,,Y,,SAIC SOLUTIONS,155 PASSAIC AVE,,,,FAIRFIELD,NJ,07004,US,HIGH,80,READY,2026-01-11 13:12:43,,,,,,,,,,,Y
1548,ATS,,SAIC-BETHESDA,10401 FERNWOOD ROAD,SUITE 120,,BETHESDA,MD,20817,,,,,,,,,,,,,,Y,,SAIC,10401 FERNWOOD RD,,STE #120,,BETHESDA,MD,20817,US,HIGH,80,READY,2026-01-11 13:12:45,,,,,,,,,,,Y
1549,ATS,,SALISBURY UNIVERSITY,ATTN: ACCOUNTS PAYABLE - EMAIL,PO BOX 2195,,SALISBURY,MD,21801,,,,,,,,,,,,,,Y,,SALISBURY UNIVERSITY,PO BOX 2195,,,,SALISBURY,MD,21801,US,MEDIUM,70,REVIEW,NaT,,,,,,,,,,,Y
1550,ATS,,SAM DESANTO COMPANY,14628 ROTHGEB DRIVE,,,ROCKVILLE,MD,20850,,,,,,,,,,,,,,Y,,SAM DESANTO COMPANY,14628 ROTHGEB DR,,,,ROCKVILLE,MD,20850,US,HIGH,80,READY,2026-01-11 13:12:47,,,,,,,,,,,Y
1551,ATS,,SANDS ELECTRIC,1938 Deer Park Rd # 4,,,FINKSBURG,MD,21048,,,,,,,,,,,,,,Y,,SANDS ELECTRIC,1938 DEER PARK RD # 4,,,,FINKSBURG,MD,21048,US,MEDIUM,100,REVIEW,NaT,,,,,,,,,,,Y
1552,ATS,,SANDY SPRING FRIENDS SCHOOL INC,16923 NORWOOD ROAD,,,SANDY SPRING,MD,20860,,,,,,,,,,,,,,Y,,SANDY SPRING FRIENDS SCHOOL INC,16923 NORWOOD RD,,,,SANDY SPRING,MD,20860,US,HIGH,80,READY,2026-01-11 13:12:50,,,,,,,,,,,Y
1553,ATS,,SARAH PATRO,9221 NORTH POINT RD,,,FORT HOWARD,MD,21052,,,,,,,,,,,,,,Y,,SARAH PATRO,9221 N POINT RD,,,,FORT HOWARD,MD,21052,US,HIGH,80,READY,2026-01-11 13:12:52,,,,,,,,,,,Y
1554,ATS,,SAUER COMPRESSORS,CHESAPEAKE BAY BUSINESS PARK,64 LOG CANOE CIRCLE,,STEVENSVILLE,MD,21666,,,,,,,,,,,,,,Y,,SAUER COMPRESSORS,64 LOG CANOE CIR,,CHESAPEAKE BAY BUSINESS PARK,,STEVENSVILLE,MD,21666,US,HIGH,80,READY,2026-01-11 13:12:53,,,,,,,,,,,Y
1555,ATS,,STEVEN SCHERPING,28684 EMANUEL ST,,,EASTON,MD,21601,,,,,,,,,,,,,,Y,,STEVEN SCHERPING,28684 EMANUEL ST,,,,EASTON,MD,21601,US,HIGH,80,READY,2026-01-11 13:12:55,,,,,,,,,,,Y
1556,ATS,,SCHMITZ PRESS,37 LOVETON CIRCLE,,,SPARKS,MD,21152,,,,,,,,,,,,,,Y,,SCHMITZ PRESS,37 LOVETON CIR,,,,SPARKS,MD,21152,US,HIGH,80,READY,2026-01-11 13:12:56,,,,,,,,,,,Y
1557,ATS,,SCHNEIDER ELECTRIC BUILDINGS AMERICAS,1650 WEST CROSBY ROAD,EMAIL INVOICES,,CARROLLTON,TX,75006,,,,,,,,,,,,,,Y,,SCHNEIDER ELECTRIC BUILDINGS AMERICAS INC,1650 W CROSBY RD,,,,CARROLLTON,TX,75006,US,HIGH,80,READY,2026-01-11 13:12:58,,,,,,,,,,,Y
1558,ATS,,"SCHNEDIER ELECTRIC FEDERAL, Inc - email",7175 COLUMBIA GATEWAY DRIVE,SUTIE F,,COLUMBIA,MD,21046,,,,,,,,,,,,,,Y,,SCHNEDIER ELECTRIC FEDERAL INC,7175 COLUMBIA GATEWAY DR,,SUTIE F,,COLUMBIA,MD,21046,US,MEDIUM,100,REVIEW,NaT,,,,,,,,,,,Y
1559,ATS,,"SCIENCE SYSTEMS AND APPLICATIONS, INC","10210 GREENBELT ROAD, SUITE 600",EMAIL INVOICE,,LANHAM,MD,20706,,,,,,,,,,,,,,Y,,SCIENCE SYSTEMS & APPLICATIONS INC,10210 GREENBELT RD,,STE #600,,LANHAM,MD,20706,US,MEDIUM,100,REVIEW,NaT,,,,,,,,,,,Y
1560,ATS,,SCOTT ELECTRIC,ACCOUNTS PAYABLE,PO BOX S,,GREENSBURG,PA,15601,,,,,,,,,,,,,,Y,,SCOTT ELECTRIC,PO BOX S,,,,GREENSBURG,PA,15601,US,MEDIUM,70,REVIEW,NaT,,,,,,,,,,,Y
1561,ATS,,SCOTT LONG CONSTRUCTION,14420 ALBEMARLE POINT PL,SUITE# 250,,CHANTILLY,VA,20151,,,,,,,,,,,,,,Y,,SCOTT LONG CONSTRUCTION,14420 ALBEMARLE POINT PL,,SUITE# 250,,CHANTILLY,VA,20151,US,MEDIUM,100,REVIEW,NaT,,,,,,,,,,,Y
1562,ATS,,SCOTT SPRINGFIELD MANUFACTURING,"2234 PORTLAND ST., SE",,,CALGARY,AB,T2G 4M6,,,,,,,,,,,,,,Y,,SCOTT SPRINGFIELD MANUFACTURING,2234 PORTLAND ST SE,,,,CALGARY,AB,00246,CA,MEDIUM,100,REVIEW,NaT,,,,,,,,,,,Y
1563,ATS,,SCW INC.,7365 OLD ALEXANDRIA FERRY ROAD,,,CLINTON,MD,20735,,,,,,,,,,,,,,Y,,SCW INC,7365 OLD ALEXANDRIA FERRY RD,,,,CLINTON,MD,20735,US,HIGH,80,READY,2026-01-11 13:13:07,,,,,,,,,,,Y
1564,ATS,,SDAC FACILITY SERVICES,910 LANDLINE ROAD,,,SELMA,AL,36701,,,,,,,,,,,,,,Y,,SDAC FACILITY SERVICES,910 LANDLINE RD,,,,SELMA,AL,36701,US,HIGH,80,READY,2026-01-11 13:13:08,,,,,,,,,,,Y
1565,ATS,,"SEASONAIR, INC.",16001-A INDUSTRIAL DRIVE,EMAIL,,GAITHERSBURG,MD,20877,,,,,,,,,,,,,,Y,,SEASONAIR INC,16001-A INDUSTRIAL DR,,,,GAITHERSBURG,MD,20877,US,MEDIUM,100,REVIEW,NaT,,,,,,,,,,,Y
1566,ATS,,SEI GROUP INC,101 QUALITY CIRCLE,SUITE 130 - EMAIL,,HUNTSVILLE,AL,35804,,,,,,,,,,,,,,Y,,SEI GROUP INC,101 QUALITY CIR,,STE #130,,HUNTSVILLE,AL,35804,US,HIGH,80,READY,2026-01-11 13:13:12,,,,,,,,,,,Y
1567,ATS,,SEIBERLICH TRANE,66 SOUTHGATE BLVD.,,,NEW CASTLE,DE,19720,,,,,,,,,,,,,,Y,,SEIBERLICH TRANE,66 SGATE BLVD,,,,NEW CASTLE,DE,19720,US,HIGH,80,READY,2026-01-11 13:13:13,,,,,,,,,,,Y
1568,ATS,,SEMCO,PO BOX 843302,,,KANSAS CITY,MO,64184-3302,,,,,,,,,,,,,,Y,,SEMCO,PO BOX 843302,,,,KANSAS CITY,MO,64184-3302,US,MEDIUM,70,REVIEW,NaT,,,,,,,,,,,Y
1569,ATS,,"SENCILLO SYSTEMS,INC",966 ARGYLE RD,,,WARRINGTON,PA,18976,,,,,,,,,,,,,,Y,,SENCILLO SYSTEMSINC,966 ARGYLE RD,,,,WARRINGTON,PA,18976,US,HIGH,80,READY,2026-01-11 13:13:15,,,,,,,,,,,Y
1570,ATS,,"SENS MECHANICAL, INC.",P.O. BOX 985,,,BERLIN,MD,21811,,,,,,,,,,,,,,Y,,SENS MECHANICAL INC,PO BOX 985,,,,BERLIN,MD,21811,US,MEDIUM,70,REVIEW,NaT,,,,,,,,,,,Y
1571,ATS,,SENTARA NORTHERN VIRGINIA MED,2300 OPTIZ BLVD,,,WOODBRIDGE,VA,22191,,,,,,,,,,,,,,Y,,SENTARA NORTHERN VIRGINIA MED,2300 OPTIZ BLVD,,,,WOODBRIDGE,VA,22191,US,MEDIUM,100,REVIEW,NaT,,,,,,,,,,,Y
1572,ATS,,SENTINEL DATA CENTERS,505 FIFTH AVENUE 27TH FLOOR,EMAIL INVOICES,,NEW YORK,NY,10017,,,,,,,,,,,,,,Y,,SENTINEL DATA CENTERS,505 FIFTH AVE 27TH FL,,,,NEW YORK,NY,10017,US,MEDIUM,100,REVIEW,NaT,,,,,,,,,,,Y
1573,ATS,,SERVICE MECHANICAL,P.O. BOX 537,,,NEWINGTON,VA,22122,,,,,,,,,,,,,,Y,,SERVICE MECHANICAL,PO BOX 537,,,,NEWINGTON,VA,22122,US,MEDIUM,70,REVIEW,NaT,,,,,,,,,,,Y
1574,ATS,,SERVICE SOURCE INC,10467 WHITE GRANITE DRIVE,EMAIL,,OAKTON,VA,22124,,,,,,,,,,,,,,Y,,SERVICE SOURCE INC,10467 WHITE GRANITE DR,,,,OAKTON,VA,22124,US,HIGH,80,READY,2026-01-11 13:13:21,,,,,,,,,,,Y
1575,ATS,,"SERVICE WORKS, LLC",7942 H. CLUNY COURT,EMAIL INVOICES,,SPRINGFIELD,VA,22153,,,,,,,,,,,,,,Y,,SERVICE WORKS LLC,7942 H CLUNY CT,,,,SPRINGFIELD,VA,22153,US,MEDIUM,100,REVIEW,NaT,,,,,,,,,,,Y
1576,ATS,,SERVICE X MEP,601 NURSERY ROAD,,,LINTHICUM HEIGHTS,MD,21090,,,,,,,,,,,,,,Y,,SERVICE X MEP,601 NURSERY RD,,,,LINTHICUM HEIGHTS,MD,21090,US,MEDIUM,100,REVIEW,NaT,,,,,,,,,,,Y
1577,ATS,,SERVICEMAX INC.,1213 GIRARD STREET NW,,,WASHINGTON,DC,20009,,,,,,,,,,,,,,Y,,SERVICEMAX INC,1213 GIRARD ST NW,,,,WASHINGTON,DC,20009,US,HIGH,80,READY,2026-01-11 13:13:26,,,,,,,,,,,Y
1578,ATS,,SERVICES SPECIALTIES,14522-B LEE ROAD,,,CHANTILLY,VA,20151,,,,,,,,,,,,,,Y,,SERVICES SPECIALTIES,14522-B LEE RD,,,,CHANTILLY,VA,20151,US,MEDIUM,100,REVIEW,NaT,,,,,,,,,,,Y
1579,ATS,,SERVICON FACILITIES & MECHANICAL SERVIC,"27 HENRY FORD CIRCLE, SUITE B",EMAIL INVOICES,,WALDORF,MD,20602,,,,,,,,,,,,,,Y,,SERVICON FACILITIES & MECHANICAL SERVIC,27 HENRY FORD CIR,,STE #B,,WALDORF,MD,20602,US,HIGH,80,READY,2026-01-11 13:13:29,,,,,,,,,,,Y
1580,ATS,,"SESSA SHEET METAL CO., INC",529 N. HAVEN STREET,,,BALTIMORE,MD,21205,,,,,,,,,,,,,,Y,,SESSA SHEET METAL CO INC,529 N HAVEN ST,,,,BALTIMORE,MD,21205,US,HIGH,80,READY,2026-01-11 13:13:31,,,,,,,,,,,Y
1581,ATS,,GENERAL CONF. OF SEVENTH-DAY ADVENTISTS,12501 OLD COLUMBIA PIKE,,,SILVER SPRING,MD,20904-6600,,,,,,,,,,,,,,Y,,GENERAL CONF OF SEVENTH-DAY ADVENTISTS,12501 OLD COLUMBIA PIKE,,,,SILVER SPRING,MD,20904-6600,US,HIGH,80,READY,2026-01-11 13:13:33,,,,,,,,,,,Y
1582,ATS,,SHADY GROVE MEDICAL CENTER,DEPT. OF FINANCE/ ACCOUNTS PAY,P.O.BOX 10010,,GAITHERSBURG,MD,20898,,,,,,,,,,,,,,Y,,SHADY GROVE MEDICAL CENTER,PO BOX 10010,,DEPT OF FINANCE/ ACCOUNTS PAY,,GAITHERSBURG,MD,20898,US,MEDIUM,70,REVIEW,NaT,,,,,,,,,,,Y
1583,ATS,,"SHAFER, TROXELL & HOWE, INC",97-D MONOCACY BLVD,EMAIL INVOICES,,FREDERICK,MD,21701,,,,,,,,,,,,,,Y,,SHAFER TROXELL & HOWE INC,97-D MONOCACY BLVD,,,,FREDERICK,MD,21701,US,HIGH,80,READY,2026-01-11 13:13:34,,,,,,,,,,,Y
1584,ATS,,SHAMROCK SERVICES,1752 LANG DRIVE,,,CROFTON,MD,21114,,,,,,,,,,,,,,Y,,SHAMROCK SERVICES,1752 LANG DR,,,,CROFTON,MD,21114,US,HIGH,80,READY,2026-01-11 13:13:36,,,,,,,,,,,Y
1585,ATS,,SHAPIRO & DUNCAN- email invoice,14620 ROTHGEB DRIVE,,,ROCKVILLE,MD,20850,,,,,,,,,,,,,,Y,,SHAPIRO & DUNCAN,14620 ROTHGEB DR,,,,ROCKVILLE,MD,20850,US,HIGH,80,READY,2026-01-11 13:13:37,,,,,,,,,,,Y
1586,ATS,,SHEPHERD ELECTRIC SUPPLY OF DC,P.O. BOX 90974,EMAIL INVOICES,,WASHINGTON,DC,20090-0974,,,,,,,,,,,,,,Y,,SHEPHERD ELECTRIC SUPPLY OF DC,PO BOX 90974,,,,WASHINGTON,DC,20090-0974,US,MEDIUM,70,REVIEW,NaT,,,,,,,,,,,Y
1587,ATS,,"SHEPHERD ELECTRIC COMPANY,. INC",7401 PULASKI HIGHWAY,EMAIL INVOICES,,BALTIMORE,MD,21237,,,,,,,,,,,,,,Y,,SHEPHERD ELECTRIC COMPANY INC,7401 PULASKI HWY,,,,BALTIMORE,MD,21237,US,HIGH,80,READY,2026-01-11 13:13:39,,,,,,,,,,,Y
1588,ATS,,SHEPPARD PRATT HEALTH SYSTEM,6501 N. CHARLES,,,BALTIMORE,MD,21285,,,,,,,,,,,,,,Y,,SHEPPARD PRATT HEALTH SYSTEM,6501 N CHARLES,,,,BALTIMORE,MD,21285,US,HIGH,80,READY,2026-01-11 13:13:41,,,,,,,,,,,Y
1589,ATS,,SHIRE PHARMACEUTICAL,ATTN: ACCOUNTS PAYABLE,725 CHESTERBROOK BLVD,,WAYNE,PA,19087,,,,,,,,,,,,,,Y,,SHIRE PHARMACEUTICAL,725 CHESTERBROOK BLVD,,,,WAYNE,PA,19087,US,HIGH,80,READY,2026-01-11 13:13:42,,,,,,,,,,,Y
1590,ATS,,SHIREEN REALTY INVESTMENTS,12910 CLOVERLEAF CENTER DRIVE,SUITE 110,,GERMANTOWN,MD,20874,,,,,,,,,,,,,,Y,,SHIREEN REALTY INVESTMENTS,12910 CLOVERLEAF CT DR,,STE #110,,GERMANTOWN,MD,20874,US,MEDIUM,100,REVIEW,NaT,,,,,,,,,,,Y
1591,ATS,,SHRADER ELECTRIC COMPANY,2824 LOCH RAVEN ROAD,,,BALTIMORE,MD,21218,,,,,,,,,,,,,,Y,,SHRADER ELECTRIC COMPANY,2824 LOCH RAVEN RD,,,,BALTIMORE,MD,21218,US,HIGH,80,READY,2026-01-11 13:13:45,,,,,,,,,,,Y
1592,ATS,,SIBLEY MEMORIAL HOSPITAL,JH A/P SHARED SERVICE CENTER,PO BOX #33499 - EMAIL INVOICES,,BALTIMORE,MD,21218,,,,,,,,,,,,,,Y,,SIBLEY MEMORIAL HOSPITAL,PO BOX 33499,,JH A/P SHARED SERVICE CENTER,,BALTIMORE,MD,21218,US,MEDIUM,70,REVIEW,NaT,,,,,,,,,,,Y
1593,ATS,,"SIEMENS INDUSTRY, INC - Siemens web",ACCOUNTS PAYABLE DEPARTMENT,P.O. Box 4356 MC-IMA034,,PORTLAND,OR,97208-4356,,,,,,,,,,,,,,Y,,SIEMENS INDUSTRY INC,PO BOX 4356,,ACCOUNTS PAYABLE DEPARTMENT,,PORTLAND,OR,97208-4356,US,MEDIUM,70,REVIEW,NaT,,,,,,,,,,,Y
1594,ATS,,"SIERRA LOBO, INC. - email",ACCTS PAYABLE,PO Box 1343,,LANHAM,MD,20706-1343,,,,,,,,,,,,,,Y,,SIERRA LOBO INC,PO BOX 1343,,,,LANHAM,MD,20706-1343,US,MEDIUM,70,REVIEW,NaT,,,,,,,,,,,Y
1595,ATS,,SINAI HOSPITAL CENTER-LIFEBRIDGE,ACCOUNTS PAYABLE - EMAIL,PO BOX 2667,,BALTIMORE,MD,21215,,,,,,,,,,,,,,Y,,SINAI HOSPITAL CENTER-LIFEBRIDGE,PO BOX 2667,,,,BALTIMORE,MD,21215,US,MEDIUM,70,REVIEW,NaT,,,,,,,,,,,Y
1596,ATS,,SIR PROPERTIES TRUST - EMAIL,2214 ROCK HILL RD,SUITE 001,,HERNDON,VA,20170,,,,,,,,,,,,,,Y,,SIR PROPERTIES TRUST,2214 ROCK HILL RD,,STE #001,,HERNDON,VA,20170,US,HIGH,80,READY,2026-01-11 13:13:47,,,,,,,,,,,Y
1597,ATS,,TATE ENGINEERING SYSTEMS INC,EMAIL INVOICE,8511 LOCH RAVEN BOULEVARD,,TOWSON,MD,21286,,,,,,,,,,,,,,Y,,TATE ENGINEERING SYSTEMS INC,8511 LOCH RAVEN BLVD,,,,TOWSON,MD,21286,US,HIGH,80,READY,2026-01-11 13:13:49,,,,,,,,,,,Y
1598,ATS,,"S.J. RAFFERTY CO., INC","2144 PRIEST BRIDGE COURT, SUITE 3",EMAIL INVOICES,,CROFTON,MD,21114,,,,,,,,,,,,,,Y,,SJ RAFFERTY CO INC,2144 PRIEST BRIDGE CT,,STE #3,,CROFTON,MD,21114,US,HIGH,80,READY,2026-01-11 13:13:51,,,,,,,,,,,Y
1599,ATS,,SKOOKUM EDUCATIONAL PROGRAM,SKOOKUM HOME OFFICE -email,4525 AUTO CENTER WAY,,BREMERTON,WA,98312,,,,,,,,,,,,,,Y,,SKOOKUM EDUCATIONAL PROGRAM,4525 AUTO CT WAY,,SKOOKUM HOME OFFICE,,BREMERTON,WA,98312,US,HIGH,80,READY,2026-01-11 13:13:52,,,,,,,,,,,Y
1600,ATS,,"SMARDT, INC",1840 TRANS-CANADA HWY,,,DORVAL,QC,H9P 1H7,,,,,,,,,,,,,,Y,,SMARDT INC,1840 TRANS-CANADA HWY,,,,DORVAL,QC,00917,CA,MEDIUM,100,REVIEW,NaT,,,,,,,,,,,Y
1601,ATS,,"SMART BUILDING TECHNOLOGLES, LLC",5123 PEGASUS COURT,SUITE T - EMAIL,,FREDERICK,MD,21704,,,,,,,,,,,,,,Y,,SMART BUILDING TECHNOLOGLES LLC,5123 PEGASUS CT,,STE #T,,FREDERICK,MD,21704,US,HIGH,80,READY,2026-01-11 13:13:55,,,,,,,,,,,Y
1602,ATS,,SMB ELECTRICAL CONTRACTORS,616 OLD EDMONDSON AVENUE,,,CATONSVILLE,MD,21228,,,,,,,,,,,,,,Y,,SMB ELECTRICAL CONTRACTORS,616 OLD EDMONDSON AVE,,,,CATONSVILLE,MD,21228,US,HIGH,80,READY,2026-01-11 13:13:57,,,,,,,,,,,Y
1603,ATS,,SMITH MECHANICAL INC.,9195 RED BRANCH ROAD,,,COLUMBIA,MD,21045,,,,,,,,,,,,,,Y,,SMITH MECHANICAL INC,9195 RED BRANCH RD,,,,COLUMBIA,MD,21045,US,MEDIUM,100,REVIEW,NaT,,,,,,,,,,,Y
1604,ATS,,MACDONALD SMITH,,,,,,,,,,,,,,,,,,,,Y,,MACDONALD SMITH,,,,,,,,US,LOW,20,INVALID,NaT,,,,,,,,,,,Y
1605,ATS,,SMITHGROUP JJR,1700 NEW YORK AVENUE NW,#100,,WASHINGTON,DC,20006,,,,,,,,,,,,,,Y,,SMITHGROUP JJR,1700 NEW YORK AVE NW,,#100,,WASHINGTON,DC,20006,US,HIGH,80,READY,2026-01-11 13:14:02,,,,,,,,,,,Y
1606,ATS,,SMITHSONIAN,800 G. STREET N.W.,,,WASHINGTON,DC,20013,,,,,,,,,,,,,,Y,,SMITHSONIAN,800 G ST NW,,,,WASHINGTON,DC,20013,US,HIGH,80,READY,2026-01-11 13:14:03,,,,,,,,,,,Y
1607,ATS,,SMITHSONIAN,"4TH & INDEPENDENCE AVE,SW",AIR & SPACE - EMAIL,,WASHINGTON,DC,20024,,,,,,,,,,,,,,Y,,SMITHSONIAN,4TH & INDEPENDENCE AVESW,,AIR & SPACE,,WASHINGTON,DC,20024,US,MEDIUM,100,REVIEW,NaT,,,,,,,,,,,Y
1608,ATS,,SMITHSONIAN,"12TH & INDEPENDENCE AVE,SW",AMERICAN HISTORY,,WASHINGTON,DC,20024,,,,,,,,,,,,,,Y,,SMITHSONIAN,12TH & INDEPENDENCE AVESW,,AMERICAN HISTORY,,WASHINGTON,DC,20024,US,MEDIUM,100,REVIEW,NaT,,,,,,,,,,,Y
1609,ATS,,SMITHSONIAN,10 CONSTITIONAL AVE NW,MRC 102,,WASHINGTON,DC,20560,,,,,,,,,,,,,,Y,,SMITHSONIAN,10 CONSTITIONAL AVE NW,,MRC 102,,WASHINGTON,DC,20560,US,MEDIUM,100,REVIEW,NaT,,,,,,,,,,,Y
1610,ATS,,SMITHSONIAN - NMAH,PO BOX 37012,MRC 1203,,WASHINGTON,DC,20013-7012,,,,,,,,,,,,,,Y,,SMITHSONIAN,PO BOX 37012,,MRC 1203,,WASHINGTON,DC,20013-7012,US,MEDIUM,70,REVIEW,NaT,,,,,,,,,,,Y
1611,ATS,,NATIONAL AIR AND SPACE MUSEUM - VA,UDVAR-HAZY CENTER,14390 AIR & SPACE MUSEUM PARKWAY,,CHANTILLY,VA,20151,,,,,,,,,,,,,,Y,,NATIONAL AIR & SPACE MUSEUM,14390 AIR & SPACE MUSEUM PKWY,,UDVAR-HAZY CENTER,,CHANTILLY,VA,20151,US,HIGH,80,READY,2026-01-11 13:14:11,,,,,,,,,,,Y
1612,ATS,,SNW CONTROLS,8229 GREY EAGLE DRIVE,,,UPPER MARLBORO,MD,20772,,,,,,,,,,,,,,Y,,SNW CONTROLS,8229 GREY EAGLE DR,,,,UPPER MARLBORO,MD,20772,US,HIGH,80,READY,2026-01-11 13:14:13,,,,,,,,,,,Y
1613,ATS,,SOCIAL SECURITY ADMINISTRATION,1ST FLOOR-REAR ENTRANCE,7111 SECURITY BOULEVARD,,BALTIMORE,MD,21244,,,,,,,,,,,,,,Y,,SOCIAL SECURITY ADMINISTRATION,1ST FL-REAR ENTRANCE,,7111 SECURITY BLVD,,BALTIMORE,MD,21244,US,MEDIUM,100,REVIEW,NaT,,,,,,,,,,,Y
1614,ATS,,SOCIETY OF THE CINCINNATI,"2118 MASSACHUSETTS AVE, NW",,,WASHINGTON,DC,20008,,,,,,,,,,,,,,Y,,SOCIETY OF THE CINCINNATI,2118 MASSACHUSETTS AVE NW,,,,WASHINGTON,DC,20008,US,HIGH,80,READY,2026-01-11 13:14:18,,,,,,,,,,,Y
1615,ATS,,SODEXO,"700 19TH STREET, NW",,,WASHINGTON,DC,20431,,,,,,,,,,,,,,Y,,SODEXO,700 19TH ST NW,,,,WASHINGTON,DC,20431,US,HIGH,80,READY,2026-01-11 13:14:20,,,,,,,,,,,Y
1616,ATS,,SOMERBY OF MOBILE,901 SOMERBY DRIVE,,,MOBILE,AL,36695,,,,,,,,,,,,,,Y,,SOMERBY OF MOBILE,901 SOMERBY DR,,,,MOBILE,AL,36695,US,HIGH,80,READY,2026-01-11 13:14:22,,,,,,,,,,,Y
1617,ATS,,SOMERSET COUNTY PUBLIC SCHOOLS,,,,,,,,,,,,,,,,,,,,Y,,SOMERSET COUNTY PUBLIC SCHOOLS,,,,,,,,US,LOW,20,INVALID,NaT,,,,,,,,,,,Y
1618,ATS,,"SOURCEBLUE, LLC",3 PARAGON DRIVE,EMAIL INVOICES,,MOTVALE,NJ,07645,,,,,,,,,,,,,,Y,,SOURCEBLUE LLC,3 PARAGON DR,,,,MOTVALE,NJ,07645,US,MEDIUM,100,REVIEW,NaT,,,,,,,,,,,Y
1619,ATS,,SOURCE MAINTENANCE PRODUCTS,9715 SMITH WAY,,,DUNKIRK,MD,20754,,,,,,,,,,,,,,Y,,SOURCE MAINTENANCE PRODUCTS,9715 SMITH WAY,,,,DUNKIRK,MD,20754,US,MEDIUM,100,REVIEW,NaT,,,,,,,,,,,Y
1620,ATS,,"SOUTH ATLANTIC CONTROLS, INC.",10226 GOVERNOR LANE BLVD,,,WILLIAMSPORT,MD,21795,,,,,,,,,,,,,,Y,,SOUTH ATLANTIC CONTROLS INC,10226 GOVERNOR LN BLVD,,,,WILLIAMSPORT,MD,21795,US,MEDIUM,100,REVIEW,NaT,,,,,,,,,,,Y
1621,ATS,,SOUTH MOUNTAIN MECHANICAL,10248 ROLLINGRIDGE COURT,,,MYERSVILLE,MD,21773,,,,,,,,,,,,,,Y,,SOUTH MOUNTAIN MECHANICAL,10248 ROLLINGRIDGE CT,,,,MYERSVILLE,MD,21773,US,HIGH,80,READY,2026-01-11 13:14:32,,,,,,,,,,,Y
1622,ATS,,SOUTHERN AIR TEMP,514 JACK ENDERS BLVD,,,BERRYVILLE,VA,22611,,,,,,,,,,,,,,Y,,SOUTHERN AIR TEMP,514 JACK ENDERS BLVD,,,,BERRYVILLE,VA,22611,US,HIGH,80,READY,2026-01-11 13:14:34,,,,,,,,,,,Y
1623,ATS,,VA - SOUTHERN MANAGEMENT CORPORATION,SOUTHERN MANAGEMENT CORP,"1950 OLD GALLOWS RD, SUITE 600",,VIENNA,VA,22182,,,,,,,,,,,,,,Y,,SOUTHERN MANAGEMENT CORPORATION,1950 OLD GALLOWS RD,,STE #600,,VIENNA,VA,22182,US,MEDIUM,100,REVIEW,NaT,,,,,,,,,,,Y
1624,ATS,,"SOUTHERN MARYLAND REFRIGERATION, INC",10575 OLD MILL RD,,,LUSBY,MD,20657,,,,,,,,,,,,,,Y,,SOUTHERN MARYLAND REFRIGERATION INC,10575 OLD MILL RD,,,,LUSBY,MD,20657,US,HIGH,80,READY,2026-01-11 13:14:38,,,,,,,,,,,Y
1625,ATS,,SOUTHERN MECHANICAL,2607 ANNAPOLIS ROAD,,,BALTIMORE,MD,21230,,,,,,,,,,,,,,Y,,SOUTHERN MECHANICAL,2607 ANNAPOLIS RD,,,,BALTIMORE,MD,21230,US,HIGH,80,READY,2026-01-11 13:14:40,,,,,,,,,,,Y
1626,ATS,,MD- SOUTHERN MANAGEMENT CORPORATION,SOUTHERN MANAGEMENT CORP,1520 CATON CENTER DRIVE STE C,,HALETHORPE,MD,21227,,,,,,,,,,,,,,Y,,SOUTHERN MANAGEMENT CORPORATION,1520 CATON CT DR,,STE #C,,HALETHORPE,MD,21227,US,HIGH,80,READY,2026-01-11 13:14:42,,,,,,,,,,,Y
1627,ATS,,VA - SOUTHERN MANAGEMENT CORPORATION,SOUTHERN MANAGEMENT CORP,"1950 OLD GALLOWS RD, SUITE 600",,VIENNA,VA,22182,,,,,,,,,,,,,,Y,,SOUTHERN MANAGEMENT CORPORATION,1950 OLD GALLOWS RD,,STE #600,,VIENNA,VA,22182,US,MEDIUM,100,REVIEW,NaT,,,,,,,,,,,Y
1628,ATS,,SOUTHERN REFRIGERATION,1175 SOUTH LOUDOUN STREET,,,WINCHESTER,VA,22601,,,,,,,,,,,,,,Y,,SOUTHERN REFRIGERATION,1175 S LOUDOUN ST,,,,WINCHESTER,VA,22601,US,HIGH,80,READY,2026-01-11 13:14:50,,,,,,,,,,,Y
1629,ATS,,SOUTHLAND INDUSTRIES -email,21000 ATLANTIC BOULEVARD,SUTIE 110,,DULLES,VA,20166,,,,,,,,,,,,,,Y,,SOUTHLAND INDUSTRIES,21000 ATLANTIC BLVD,,SUTIE 110,,DULLES,VA,20166,US,HIGH,80,READY,2026-01-11 13:14:52,,,,,,,,,,,Y
1630,ATS,,SOVEREIGN GRACE CHURCH,5200 OX ROAD,,,FAIRFAX,VA,22030,,,,,,,,,,,,,,Y,,SOVEREIGN GRACE CHURCH,5200 OX RD,,,,FAIRFAX,VA,22030,US,HIGH,80,READY,2026-01-11 13:14:54,,,,,,,,,,,Y
1631,ATS,,SPEARS MECHANICAL - email,7200 North Point Road,,,Sparrows Point,MD,21219,,,,,,,,,,,,,,Y,,SPEARS MECHANICAL,7200 N POINT RD,,,,SPARROWS POINT,MD,21219,US,HIGH,80,READY,2026-01-11 13:14:58,,,,,,,,,,,Y
1632,ATS,,"SPECIALTY A/C PRODUCTS, INC.",310 SOQUEL WAY,,,SUNNYVALE,CA,94085,,,,,,,,,,,,,,Y,,SPECIALTY A/C PRODUCTS INC,310 SOQUEL WAY,,,,SUNNYVALE,CA,94085,US,HIGH,80,READY,2026-01-11 13:15:00,,,,,,,,,,,Y
1633,ATS,,SPECIALTY CONSTRUCTION MANAGEMENT INC,1314 8TH STREET NW,,,WAHSINGTON,DC,20001,,,,,,,,,,,,,,Y,,SPECIALTY CONSTRUCTION MANAGEMENT INC,1314 8TH ST NW,,,,WAHSINGTON,DC,20001,US,MEDIUM,100,REVIEW,NaT,,,,,,,,,,,Y
1634,ATS,,"SPECIFIED ELECTRICAL SYSTEMS, LLC",PO BOX 4105,EMAIL INVOICES,,CROFTON,MD,21114,,,,,,,,,,,,,,Y,,SPECIFIED ELECTRICAL SYSTEMS LLC,PO BOX 4105,,,,CROFTON,MD,21114,US,MEDIUM,70,REVIEW,NaT,,,,,,,,,,,Y
1635,ATS,,"SPECTRUM SOLUTIONS, INC.",114 CASTLE DRIVE,EMAIL INVOICE,,MADISON,AL,35758,,,,,,,,,,,,,,Y,,SPECTRUM SOLUTIONS INC,114 CASTLE DR,,,,MADISON,AL,35758,US,HIGH,80,READY,2026-01-11 13:15:04,,,,,,,,,,,Y
1636,ATS,,SPILLANE ELECTRICAL SERVICES INC,EMAIL INVOICES,117 GARDNER DRIVE,,ANNAPOLIS,MD,21403,,,,,,,,,,,,,,Y,,SPILLANE ELECTRICAL SERVICES INC,117 GARDNER DR,,,,ANNAPOLIS,MD,21403,US,HIGH,80,READY,2026-01-11 13:15:06,,,,,,,,,,,Y
1637,ATS,,SPRINGFIELD CONSTRUCTION,2314 W. LONGVIEW DRIVE,,,WOODBRIDGE,VA,22191,,,,,,,,,,,,,,Y,,SPRINGFIELD CONSTRUCTION,2314 W LONGVIEW DR,,,,WOODBRIDGE,VA,22191,US,HIGH,80,READY,2026-01-11 13:15:08,,,,,,,,,,,Y
1638,ATS,,SQUARE ONE ELECTRIC SERVICE COMPANY,347 FORK BRANCH ROAD,,,DOVER,DE,19904,,,,,,,,,,,,,,Y,,SQUARE ONE ELECTRIC SERVICE COMPANY,347 FORK BRANCH RD,,,,DOVER,DE,19904,US,MEDIUM,100,REVIEW,NaT,,,,,,,,,,,Y
1639,ATS,,SOCIAL SECURITY ADMINISTRATION,OFFICE OF FINANCE,PO BOX 47,,BALTIMORE,MD,21235-0047,,,,,,,,,,,,,,Y,,SOCIAL SECURITY ADMINISTRATION,PO BOX 47,,OFFICE OF FINANCE,,BALTIMORE,MD,21235-0047,US,MEDIUM,70,REVIEW,NaT,,,,,,,,,,,Y
1640,ATS,,"ST AGNES HEALTHCARE, INC",900 CATON AVE,,,BALTIMORE,MD,21229-5201,,,,,,,,,,,,,,Y,,ST AGNES HEALTHCARE INC,900 CATON AVE,,,,BALTIMORE,MD,21229-5201,US,HIGH,80,READY,2026-01-11 13:15:14,,,,,,,,,,,Y
1641,ATS,,ST. ELIZABETH NURSING HOME,3320 BENSON AVE,,,BALTIMORE,MD,21227,,,,,,,,,,,,,,Y,,ST ELIZABETH NURSING HOME,3320 BENSON AVE,,,,BALTIMORE,MD,21227,US,HIGH,80,READY,2026-01-11 13:15:16,,,,,,,,,,,Y
1642,ATS,,ST JOHN REGIONAL CATHOLIC SCHOOL,8414 OPOSSUMTOWN PIKE,,,FREDERICK,MD,21702,,,,,,,,,,,,,,Y,,ST JOHN REGIONAL CATHOLIC SCHOOL,8414 OPOSSUMTOWN PIKE,,,,FREDERICK,MD,21702,US,HIGH,80,READY,2026-01-11 13:15:18,,,,,,,,,,,Y
1643,ATS,,ST. JOHN'S COLLEGE - EMAIL,ST. JOHNS COLLEGE C/O BUILDINGS & GROUNDS,60 COLLEGE AVENUE,,ANNAPOLIS,MD,21401,,,,,,,,,,,,,,Y,,ST JOHN'S COLLEGE,60 COLLEGE AVE,,ST JOHNS COLLEGE C/O BLDGS & GROUNDS,,ANNAPOLIS,MD,21401,US,HIGH,80,READY,2026-01-11 13:15:20,,,,,,,,,,,Y
1644,ATS,,UNIVERSITY OF MARYLAND ST. JOSEPH MED,UOM- ST. JOSEPH -email INV,PO BOX 6545,,PORTLAND,OR,97228,,,,,,,,,,,,,,Y,,UNIVERSITY OF MARYLAND ST JOSEPH MED,PO BOX 6545,,UOM- ST JOSEPH,,PORTLAND,OR,97228,US,MEDIUM,70,REVIEW,NaT,,,,,,,,,,,Y
1645,ATS,,ST MARY'S COLLEGE OF MARYLAND,ACCOUNTS PAYABLE-EMAIL/MAIL,18952 EAST FISHER ROAD,,ST MARY'S CITY,MD,20686,,,,,,,,,,,,,,Y,,ST MARY'S COLLEGE OF MARYLAND,18952 E FISHER RD,,,,ST MARY'S CITY,MD,20686,US,MEDIUM,100,REVIEW,NaT,,,,,,,,,,,Y
1646,ATS,,ST. MARY'S EPISCOPAL CHURCH,2609 NORTH GLEBE ROAD,,,ARLINGTON,VA,22207,,,,,,,,,,,,,,Y,,ST MARY'S EPISCOPAL CHURCH,2609 N GLEBE RD,,,,ARLINGTON,VA,22207,US,HIGH,80,READY,2026-01-11 13:15:25,,,,,,,,,,,Y
1647,ATS,,ST. MARY'S HOSPITAL,PO BOX 518,EMAIL INVOICE,,ELMSFORD,NY,10523,,,,,,,,,,,,,,Y,,ST MARY'S HOSPITAL,PO BOX 518,,,,ELMSFORD,NY,10523,US,MEDIUM,70,REVIEW,NaT,,,,,,,,,,,Y
1648,ATS,,ST PAUL SCHOOL FOR GIRLS,11232 FALLS ROAD,,,BROOKLANDVILLE,MD,21022-1491,,,,,,,,,,,,,,Y,,ST PAUL SCHOOL FOR GIRLS,11232 FALLS RD,,,,BROOKLANDVILLE,MD,21022-1491,US,HIGH,80,READY,2026-01-11 13:15:28,,,,,,,,,,,Y
1649,ATS,,ST REGIS,923 16TH ST NW,,,WASHINGTON,DC,20006,,,,,,,,,,,,,,Y,,ST REGIS,923 16TH ST NW,,,,WASHINGTON,DC,20006,US,HIGH,80,READY,2026-01-11 13:15:30,,,,,,,,,,,Y
1650,ATS,,ST. GEORGE'S CHURCH - ARLINGTON,915 N. OAKLAND STREET,,,ARLINGTON,VA,22203,,,,,,,,,,,,,,Y,,ST GEORGE'S CHURCH,915 N OAKLAND ST,,,,ARLINGTON,VA,22203,US,HIGH,80,READY,2026-01-11 13:15:32,,,,,,,,,,,Y
1651,ATS,,"STACK INFRASTRUCTURE, INC.","1700 BROADWAY, STE 1750",EMAIL INVOICES,,DENVER,CO,80290,,,,,,,,,,,,,,Y,,STACK INFRASTRUCTURE INC,1700 BRDWAY,,STE 1750,,DENVER,CO,80290,US,HIGH,80,READY,2026-01-11 13:15:34,,,,,,,,,,,Y
1652,ATS,,"STAMPER ELECTRIC, INC",1379 W JARRETTSVILLE ROAD,,,FOREST HILL,MD,21050,,,,,,,,,,,,,,Y,,STAMPER ELECTRIC INC,1379 W JARRETTSVILLE RD,,,,FOREST HILL,MD,21050,US,HIGH,80,READY,2026-01-11 13:15:36,,,,,,,,,,,Y
1653,ATS,,STAN WEAVER & CO INC,460 NORTH CORTEX AVENUE,,,TAMPA,FL,33614,,,,,,,,,,,,,,Y,,STAN WEAVER & CO INC,460 N CORTEX AVE,,,,TAMPA,FL,33614,US,MEDIUM,100,REVIEW,NaT,,,,,,,,,,,Y
1654,ATS,,STAR PRINTING,10 MOZZONE BLVD.,,,TAUNTON,MA,02780,,,,,,,,,,,,,,Y,,STAR PRINTING,10 MOZZONE BLVD,,,,TAUNTON,MA,02780,US,HIGH,80,READY,2026-01-11 13:15:40,,,,,,,,,,,Y
1655,ATS,,STARR ELECTRIC COMPANY INC.,P.O. BOX 9298,,,GREENSBORO,NC,27429,,,,,,,,,,,,,,Y,,STARR ELECTRIC COMPANY INC,PO BOX 9298,,,,GREENSBORO,NC,27429,US,MEDIUM,70,REVIEW,NaT,,,,,,,,,,,Y
1656,ATS,,STATE DEPARTMENT,GLOBAL FINS SVCS(RM/GFS/ADO/FM,PO BOX 150008,,CHARLESTON,SC,29415-5008,,,,,,,,,,,,,,Y,,STATE DEPARTMENT,PO BOX 150008,,GLOBAL FINS SVCS(RM/GFS/ADO/FM,,CHARLESTON,SC,29415-5008,US,MEDIUM,70,REVIEW,NaT,,,,,,,,,,,Y
1657,ATS,,STATE FARM INSURANCE,1 STATE FARM DRIVE,,,FREDERICK,MD,21701,,,,,,,,,,,,,,Y,,STATE FARM INSURANCE,1 STATE FARM DR,,,,FREDERICK,MD,21701,US,HIGH,80,READY,2026-01-11 13:15:42,,,,,,,,,,,Y
1658,ATS,,STATE MECHANICAL,3 NASHUA COURT,SUITE B,,BALTIMORE,MD,21221,,,,,,,,,,,,,,Y,,STATE MECHANICAL,3 NASHUA CT,,STE #B,,BALTIMORE,MD,21221,US,HIGH,80,READY,2026-01-11 13:15:44,,,,,,,,,,,Y
1659,ATS,,STATE OF MARYLAND,DIVISION OF PRE-TRIAL A/P,531 E. MADISON ST. FINANCE,,BALTIIMORE,MD,21202,,,,,,,,,,,,,,Y,,STATE OF MARYLAND,531 E MADISON ST FINANCE,,DIVISION OF PRE-TRIAL A/P,,BALTIIMORE,MD,21202,US,MEDIUM,100,REVIEW,NaT,,,,,,,,,,,Y
1660,ATS,,STATE OF MARYLAND WICOMICO,108 E. MAIN STREET,,,SALISBURY,MD,21801,,,,,,,,,,,,,,Y,,STATE OF MARYLAND,108 E MAIN ST,,,,SALISBURY,MD,21801,US,HIGH,80,READY,2026-01-11 13:15:48,,,,,,,,,,,Y
1661,ATS,,"STATEWIDE CONTRACTING SERVICES, INC.",1511 SERPENINE RD,,,BALTIMORE,MD,21209,,,,,,,,,,,,,,Y,,STATEWIDE CONTRACTING SERVICES INC,1511 SERPENINE RD,,,,BALTIMORE,MD,21209,US,MEDIUM,100,REVIEW,NaT,,,,,,,,,,,Y
1662,ATS,,STEAMFITTERS LOCAL 602,8509 ARDWICK ARDMORE ROAD,,,LANHAM,MD,20785,,,,,,,,,,,,,,Y,,STEAMFITTERS LOCAL 602,8509 ARDWICK ARDMORE RD,,,,LANHAM,MD,20785,US,HIGH,80,READY,2026-01-11 13:15:53,,,,,,,,,,,Y
1663,ATS,,STEEL SECURITY CORPORATION,1463 BRADEN LOOP,,,GLEN BURNIE,MD,21061,,,,,,,,,,,,,,Y,,STEEL SECURITY CORPORATION,1463 BRADEN LOOP,,,,GLEN BURNIE,MD,21061,US,HIGH,80,READY,2026-01-11 13:15:55,,,,,,,,,,,Y
1664,ATS,,"STEVEN F. BOYKO ASSOCIATES, INC",2587 VANCE DR,,,MOUNT AIRY,MD,21771,,,,,,,,,,,,,,Y,,STEVEN F BOYKO ASSOCIATES INC,2587 VANCE DR,,,,MOUNT AIRY,MD,21771,US,MEDIUM,100,REVIEW,NaT,,,,,,,,,,,Y
1665,ATS,,STEWART CONTRACTING,204 WASHINGTON GROVE LANE,,,GAITHERSBURG,MD,20877,,,,,,,,,,,,,,Y,,STEWART CONTRACTING,204 WASHINGTON GROVE LN,,,,GAITHERSBURG,MD,20877,US,HIGH,80,READY,2026-01-11 13:16:07,,,,,,,,,,,Y
1666,ATS,,"STIFEL, NICOLAUS & COMPANY, INC",501 N. BROADWAY ST,,,ST. LOUIS,MO,63102,,,,,,,,,,,,,,Y,,STIFEL NICOLAUS & COMPANY INC,501 N BRDWAY ST,,,,ST LOUIS,MO,63102,US,HIGH,80,READY,2026-01-11 13:16:10,,,,,,,,,,,Y
1667,ATS,,"STOKIT SUPPLY COMPANY, INC.",9714 MARRIOTTSVILLE RD,,,RANDALLSTOWN,MD,21133,,,,,,,,,,,,,,Y,,STOKIT SUPPLY COMPANY INC,9714 MARRIOTTSVILLE RD,,,,RANDALLSTOWN,MD,21133,US,HIGH,80,READY,2026-01-11 13:16:12,,,,,,,,,,,Y
1668,ATS,,STONE SERVICES,1120 MIDDLE RIVER RD,,,MIDDLE RIVER,MD,21220,,,,,,,,,,,,,,Y,,STONE SERVICES,1120 MIDDLE RIVER RD,,,,MIDDLE RIVER,MD,21220,US,HIGH,80,READY,2026-01-11 13:16:14,,,,,,,,,,,Y
1669,ATS,,"STONEBRIDGECARRAS, LLC -email",,7373 WISCONSIN AVE SUITE 700,,BETHESDA,MD,20814,,,,,,,,,,,,,,Y,,STONEBRIDGECARRAS LLC,7373 WISCONSIN AVE,,STE #700,,BETHESDA,MD,20814,US,HIGH,80,READY,2026-01-11 13:16:16,,,,,,,,,,,Y
1670,ATS,,STRATEGIC POWER INC,10708 MARY CARROLL CT,EMAIL INVOICE,,UPPER MARLBORO,MD,20772,,,,,,,,,,,,,,Y,,STRATEGIC POWER INC,10708 MARY CARROLL CT,,,,UPPER MARLBORO,MD,20772,US,HIGH,80,READY,2026-01-11 13:16:18,,,,,,,,,,,Y
1671,ATS,,STULZ AIR TECHNOLOGY SYSTEMS,1572 TILCO DRIVE,EMAIL,,FREDERICK,MD,21701,,,,,,,,,,,,,,Y,,STULZ AIR TECHNOLOGY SYSTEMS,1572 TILCO DR,,,,FREDERICK,MD,21701,US,HIGH,80,READY,2026-01-11 13:16:20,,,,,,,,,,,Y
1672,ATS,,SUCCESS DESIGN & CONSTRUCTION,709 MANNING ROAD EAST,,,ACCOKEEK,MD,20607,,,,,,,,,,,,,,Y,,SUCCESS DESIGN & CONSTRUCTION,709 MANNING RD E,,,,ACCOKEEK,MD,20607,US,HIGH,80,READY,2026-01-11 13:16:22,,,,,,,,,,,Y
1673,ATS,,SUPER RADIATOR COILS,451 SOUTHLAKE BOULEVARD,,,NORTH CHESTERFIELD,VA,21236,,,,,,,,,,,,,,Y,,SUPER RADIATOR COILS,451 SLAKE BLVD,,,,NORTH CHESTERFIELD,VA,21236,US,HIGH,80,READY,2026-01-11 13:16:24,,,,,,,,,,,Y
1674,ATS,,SUPERIOR MECHANICAL SERVICES,6655 MID CITIES AVENUE,,,BELTSVILLE,MD,20705,,,,,,,,,,,,,,Y,,SUPERIOR MECHANICAL SERVICES,6655 MID CITIES AVE,,,,BELTSVILLE,MD,20705,US,HIGH,80,READY,2026-01-11 13:16:26,,,,,,,,,,,Y
1675,ATS,,"SUPERNUS PHARMACEUTICALS, INC.",9715 KEY WEST AVE,,,ROCKVILLE,MD,20850,,,,,,,,,,,,,,Y,,SUPERNUS PHARMACEUTICALS INC,9715 KEY W AVE,,,,ROCKVILLE,MD,20850,US,MEDIUM,100,REVIEW,NaT,,,,,,,,,,,Y
1676,ATS,,SUPPLIES & SERVICES INTERNATIONAL INC.,5356 WENDY ROAD,EMAIL INVOICES,,SYKESVILLE,MD,21784,,,,,,,,,,,,,,Y,,SUPPLIES & SERVICES INTERNATIONAL INC,5356 WENDY RD,,,,SYKESVILLE,MD,21784,US,MEDIUM,100,REVIEW,NaT,,,,,,,,,,,Y
1677,ATS,,SUPREME MECHANICAL SERVICES,P.O. BOX 157,,,JARRETTSVILLE,MD,21084,,,,,,,,,,,,,,Y,,SUPREME MECHANICAL SERVICES,PO BOX 157,,,,JARRETTSVILLE,MD,21084,US,MEDIUM,70,REVIEW,NaT,,,,,,,,,,,Y
1678,ATS,,"SURGCENTER OF THE POTOMAC, LLC","6500 ROCK SPRING DRIVE, STE 100",EMAIL INVOICES,,BETHESDA,MD,20817,,,,,,,,,,,,,,Y,,SURGCENTER OF THE POTOMAC LLC,6500 ROCK SPRING DR,,STE #100,,BETHESDA,MD,20817,US,HIGH,80,READY,2026-01-11 13:16:32,,,,,,,,,,,Y
1679,ATS,,SUSSEX COUNTY GOVERNMENT,P.O. BOX 587,2 THE CIRCLE,,GEORGETOWN,DE,19947,,,,,,,,,,,,,,Y,,SUSSEX COUNTY GOVERNMENT,PO BOX 587,2 THE CIR,,,GEORGETOWN,DE,19947,US,MEDIUM,70,REVIEW,NaT,,,,,,,,,,,Y
1680,ATS,,SWEET AIR TECHNOLOGIES,326 QUAKER RIDGE ROAD,,,TIMONIUM,MD,21093,,,,,,,,,,,,,,Y,,SWEET AIR TECHNOLOGIES,326 QUAKER RIDGE RD,,,,TIMONIUM,MD,21093,US,HIGH,80,READY,2026-01-11 13:16:34,,,,,,,,,,,Y
1681,ATS,,SWIFT,ACCOUNTS PAYABLE DEPARTMENT,PO BOX 2005,,CULPEPER,VA,22701,,,,,,,,,,,,,,Y,,SWIFT,PO BOX 2005,,ACCOUNTS PAYABLE DEPARTMENT,,CULPEPER,VA,22701,US,MEDIUM,70,REVIEW,NaT,,,,,,,,,,,Y
1682,ATS,,SYNERGY MECHANICAL SOLUTIONS,PO BOX 537,,,CHASE,MD,21027-0537,,,,,,,,,,,,,,Y,,SYNERGY MECHANICAL SOLUTIONS,PO BOX 537,,,,CHASE,MD,21027-0537,US,MEDIUM,70,REVIEW,NaT,,,,,,,,,,,Y
1683,ATS,,"SYSTECON, INC",6121 SCHUMACHER PARK DRIVE,,,WEST CHESTER,OH,45069,,,,,,,,,,,,,,Y,,SYSTECON INC,6121 SCHUMACHER PARK DR,,,,WEST CHESTER,OH,45069,US,HIGH,80,READY,2026-01-11 13:16:36,,,,,,,,,,,Y
1684,ATS,,"SYSTECON, INC",6121 SCHUMACHER PARK DRIVE,,,WEST CHESTER,OH,45069,,,,,,,,,,,,,,Y,,SYSTECON INC,6121 SCHUMACHER PARK DR,,,,WEST CHESTER,OH,45069,US,HIGH,80,READY,2026-01-11 13:16:38,,,,,,,,,,,Y
1685,ATS,,"SYSTEMS 4, INC",18942 BONANZA WAY,EMAIL,,GAITHERSBURG,MD,20879,,,,,,,,,,,,,,Y,,SYSTEMS 4 INC,18942 BONANZA WAY,,,,GAITHERSBURG,MD,20879,US,MEDIUM,100,REVIEW,NaT,,,,,,,,,,,Y
1686,ATS,,T&D PLUMBING & HEATING,1628 SULPHUR SPRING ROAD,,,BALTIMORE,MD,21227,,,,,,,,,,,,,,Y,,T&D PLUMBING & HEATING,1628 SULPHUR SPRING RD,,,,BALTIMORE,MD,21227,US,HIGH,80,READY,2026-01-11 13:16:42,,,,,,,,,,,Y
1687,ATS,,T. ROWE PRICE /  JONES LANG LASALLE,ATTN: PROPERTY ADMINISTATOR,014-3103/JLL     P.O.BOX 89000,,BALTIMORE,MD,21289-3103,,,,,,,,,,,,,,Y,,T ROWE PRICE / JONES LANG LASALLE,PO BOX 89000,,014-3103/JLL PROPERTY ADMINISTATOR,,BALTIMORE,MD,21289-3103,US,MEDIUM,70,REVIEW,NaT,,,,,,,,,,,Y
1688,ATS,,T.A. MORRISON,DBA TAMCO,27 IBER ROAD,,STITTSVILLE,ON,K2S 1E6,,,,,,,,,,,,,,Y,,TA MORRISON,27 IBER RD,,DBA TAMCO,,SITTSVILLE,ON,00216,CA,MEDIUM,100,REVIEW,NaT,,,,,,,,,,,Y
1689,ATS,,T.J. HOLT ELECTRIC,8505 SUMTER LANE,,,CLINTON,MD,20735,,,,,,,,,,,,,,Y,,TJ HOLT ELECTRIC,8505 SUMTER LN,,,,CLINTON,MD,20735,US,MEDIUM,100,REVIEW,NaT,,,,,,,,,,,Y
1690,ATS,,SCHNEIDER ELECTRIC BUILD. CRITICAL SYS,8989 HERMANN DRIVE,SUITE 300,,COLUMBIA,MD,21045,,,,,,,,,,,,,,Y,,SCHNEIDER ELECTRIC BUILD CRITICAL SYS,8989 HERMANN DR,,STE #300,,COLUMBIA,MD,21045,US,MEDIUM,100,REVIEW,NaT,,,,,,,,,,,Y
1691,ATS,,TAG DISTRIBUTION & SUPPLY LLC,6710 FOX MEADOW ROAD,,,GWYNN OAK,MD,21207,,,,,,,,,,,,,,Y,,TAG DISTRIBUTION & SUPPLY LLC,6710 FOX MEADOW RD,,,,GWYNN OAK,MD,21207,US,HIGH,80,READY,2026-01-11 13:16:50,,,,,,,,,,,Y
1692,ATS,,TAI SPECIALTY CONSTRUCTION INC,600 RED BROOK BLVD,SUITE 300 - EMAIL INVOICES,,OWINGS MILLS,MD,21117,,,,,,,,,,,,,,Y,,TAI SPECIALTY CONSTRUCTION INC,600 RED BROOK BLVD,,STE #300,,OWINGS MILLS,MD,21117,US,HIGH,80,READY,2026-01-11 13:16:52,,,,,,,,,,,Y
1693,ATS,,TAMCO,27 IBER ROAD,SITTSVILLE (OTTAWA),,ONTARIO,,K2S 1E6,,,,,,,,,,,,,,Y,,TAMCO,27 IBER RD,,,,SITTSVILLE,ON,00216,CA,MEDIUM,100,REVIEW,NaT,,,,,,,,,,,Y
1694,ATS,,TAPMANS REFRIGERATION,2231 NORTHWOOD DR,,,SALISBURY,MD,21801,,,,,,,,,,,,,,Y,,TAPMANS REFRIGERATION,2231 NWOOD DR,,,,SALISBURY,MD,21801,US,HIGH,80,READY,2026-01-11 13:16:57,,,,,,,,,,,Y
1695,ATS,,"TARGET ELECTRIC, INC",PO BOX 1427,,,SYKESVILLE,MD,21784,,,,,,,,,,,,,,Y,,TARGET ELECTRIC INC,PO BOX 1427,,,,SYKESVILLE,MD,21784,US,MEDIUM,70,REVIEW,NaT,,,,,,,,,,,Y
1696,ATS,,"TATE ENGINEERING SYSTEMS, INC.",3921 VERO ROAD,EMAIL INVOICE,,BALTIMORE,MD,21227,,,,,,,,,,,,,,Y,,TATE ENGINEERING SYSTEMS INC,3921 VERO RD,,,,BALTIMORE,MD,21227,US,HIGH,80,READY,2026-01-11 13:16:59,,,,,,,,,,,Y
1697,ATS,,"TATITILEK TECHNOLOGIES, INC.","561 E. 36TH AVE., STE 400",,,ANCHORAGE,AK,99503,,,,,,,,,,,,,,Y,,TATITILEK TECHNOLOGIES INC,561 E 36TH AVE,,STE 400,,ANCHORAGE,AK,99503,US,HIGH,80,READY,2026-01-11 13:17:01,,,,,,,,,,,Y
1698,ATS,,TEAM SERVICE CORPORATION,1401 ANGELA AVENUE,,,BALTIMORE,MD,21227,,,,,,,,,,,,,,Y,,TEAM SERVICE CORPORATION,1401 ANGELA AVE,,,,BALTIMORE,MD,21227,US,HIGH,80,READY,2026-01-11 13:17:05,,,,,,,,,,,Y
1699,ATS,,"TECH SITE SERVICES, LLC","7226 LEE DEFOREST DRIVE,",SUITE 104,,COLUMBIA,MD,21046,,,,,,,,,,,,,,Y,,TECH SITE SERVICES LLC,7226 LEE DEFOREST DR,,STE #104,,COLUMBIA,MD,21046,US,MEDIUM,100,REVIEW,NaT,,,,,,,,,,,Y
1700,ATS,,"TECHNOLOGY SERVICE GROUP, LLC","147 WATERFRONT STREET, SUITE 201",EMAIL INVOICE,,OXON HILL,MD,20745,,,,,,,,,,,,,,Y,,TECHNOLOGY SERVICE GROUP LLC,147 WATERFRONT ST,,STE #201,,OXON HILL,MD,20745,US,HIGH,80,READY,2026-01-11 13:17:09,,,,,,,,,,,Y
1701,ATS,,TECHNOLOGY SERVICES CORPORATION,251 18TH STREET SOUTH,,,ARLINGTON,VA,22202,,,,,,,,,,,,,,Y,,TECHNOLOGY SERVICES CORPORATION,251 18TH ST S,,,,ARLINGTON,VA,22202,US,HIGH,80,READY,2026-01-11 13:17:11,,,,,,,,,,,Y
1702,ATS,,"TEEL CONSTRUCTION, INC",3920 UNIVERSITY DRIVE,,,FAIRFAX,VA,22030,,,,,,,,,,,,,,Y,,TEEL CONSTRUCTION INC,3920 UNIVERSITY DR,,,,FAIRFAX,VA,22030,US,HIGH,80,READY,2026-01-11 13:17:13,,,,,,,,,,,Y
1703,ATS,,TEGELER CONSTRUCTION & SUPPLY,"1900 FINISHING MILL RD., SUITE 100",,,SPARROWS POINT,MD,21219,,,,,,,,,,,,,,Y,,TEGELER CONSTRUCTION & SUPPLY,1900 FINISHING MILL RD,,STE #100,,SPARROWS POINT,MD,21219,US,HIGH,80,READY,2026-01-11 13:17:15,,,,,,,,,,,Y
1704,ATS,,"ENVIROTROLS GROUP, INC",PO BOX 467,EMAIL INVOICE,,DELMAR,DE,19940,,,,,,,,,,,,,,Y,,ENVIROTROLS GROUP INC,PO BOX 467,,,,DELMAR,DE,19940,US,MEDIUM,70,REVIEW,NaT,,,,,,,,,,,Y
1705,ATS,,TELECORE,10500 WHISKEY ROAD,EMAIL INVOICE,,IJAMSVILLE,MD,21754,,,,,,,,,,,,,,Y,,TELECORE,10500 WHISKEY RD,,,,IJAMSVILLE,MD,21754,US,MEDIUM,100,REVIEW,NaT,,,,,,,,,,,Y
1706,ATS,,"TELRR JOINT VENTURE, LLC",5550 TUXEDO ROAD,SUITE D - EMAIL,,HYATTSVILLE,MD,20781,,,,,,,,,,,,,,Y,,TELRR JOINT VENTURE LLC,5550 TUXEDO RD,,STE #D,,HYATTSVILLE,MD,20781,US,MEDIUM,100,REVIEW,NaT,,,,,,,,,,,Y
1707,ATS,,"TEMP AIR COMPANY, INC. - email",51 GWYNNS MILL CT,,,OWINGS MILLS,MD,21117,,,,,,,,,,,,,,Y,,TEMP AIR COMPANY INC,51 GWYNNS MILL CT,,,,OWINGS MILLS,MD,21117,US,HIGH,80,READY,2026-01-11 13:17:21,,,,,,,,,,,Y
1708,ATS,,TERUMO MEDICAL CORPORATION,EMAIL INVOICE,265 DAVIDSON AVE  SUITE 320,,SOMERSET,NJ,08873,,,,,,,,,,,,,,Y,,TERUMO MEDICAL CORPORATION,265 DAVIDSON AVE,,STE #320,,SOMERSET,NJ,08873,US,HIGH,80,READY,2026-01-11 13:17:22,,,,,,,,,,,Y
1709,ATS,,TETRA TECH,2200 WILSON BLVD.,SUITE 400,,ARLINGTON,VA,22201,,,,,,,,,,,,,,Y,,TETRA TECH,2200 WILSON BLVD,,STE #400,,ARLINGTON,VA,22201,US,HIGH,80,READY,2026-01-11 13:17:25,,,,,,,,,,,Y
1710,ATS,,TEXAS AIR SYSTEMS,PO BOX 675315,,,DALLAS,TX,75267,,,,,,,,,,,,,,Y,,TEXAS AIR SYSTEMS,PO BOX 675315,,,,DALLAS,TX,75267,US,MEDIUM,70,REVIEW,NaT,,,,,,,,,,,Y
1711,ATS,,TEXTRON SYSTEMS,124 INDUSTRY LANE,,,HUNT VALLEY,MD,21030,,,,,,,,,,,,,,Y,,TEXTRON SYSTEMS,124 INDUSTRY LN,,,,HUNT VALLEY,MD,21030,US,MEDIUM,100,REVIEW,NaT,,,,,,,,,,,Y
1712,ATS,,"TEYA TECHNOLOGIES, LLC",101 E. 9TH AVE,SUITE 9B - EMAIL,,ANCHORAGE,AK,99501,,,,,,,,,,,,,,Y,,TEYA TECHNOLOGIES LLC,101 E 9TH AVE,,STE #9B,,ANCHORAGE,AK,99501,US,HIGH,80,READY,2026-01-11 13:17:30,,,,,,,,,,,Y
1713,ATS,,TFC AUTOMATION,806 RACE ROAD,,,BALTIMORE,MD,21221,,,,,,,,,,,,,,Y,,TFC AUTOMATION,806 RACE RD,,,,BALTIMORE,MD,21221,US,HIGH,80,READY,2026-01-11 13:17:32,,,,,,,,,,,Y
1714,ATS,,"TFC EQUIPMENT, INC.",2211 OLD BOSLEY ROAD,,,TIMONIUM,MD,21093,,,,,,,,,,,,,,Y,,TFC EQUIPMENT INC,2211 OLD BOSLEY RD,,,,TIMONIUM,MD,21093,US,HIGH,80,READY,2026-01-11 13:17:34,,,,,,,,,,,Y
1715,ATS,,"THARCO, INC.",P.O. BOX 759,105 BERKSHIRE LANE,,STEWARTSTOWN,PA,17363,,,,,,,,,,,,,,Y,,THARCO INC,PO BOX 759,105 BERKSHIRE LN,,,STEWARTSTOWN,PA,17363,US,MEDIUM,70,REVIEW,NaT,,,,,,,,,,,Y
1716,ATS,,DO NOT USE - USE ADVANCED INDOOR RESOUR,2801 SISSON STREET,SUITE 201,,BALTIMORE,MD,21211,,,,,,,,,,,,,,Y,,USE ADVANCED INDOOR RESOUR,2801 SISSON ST,,STE #201,,BALTIMORE,MD,21211,US,HIGH,80,READY,2026-01-11 13:17:36,,,,,,,,,,,Y
1717,ATS,,THE AKRIDGE COMPANY,601 13TH STREET NW,SUITE 300 NORTH,,WASHINGTON,DC,20005,,,,,,,,,,,,,,Y,,THE AKRIDGE COMPANY,601 13TH ST NW,,STE #300 N,,WASHINGTON,DC,20005,US,HIGH,80,READY,2026-01-11 13:17:38,,,,,,,,,,,Y
1718,ATS,,THE BELL COMPANY,1340 LEXINGTON AVE,,,ROCHESTER,NY,14606,,,,,,,,,,,,,,Y,,THE BELL COMPANY,1340 LEXINGTON AVE,,,,ROCHESTER,NY,14606,US,HIGH,80,READY,2026-01-11 13:17:40,,,,,,,,,,,Y
1719,ATS,,THE DEXTER COMPANY,5717 FALLS ROAD,,,BALTIMORE,MD,21209,,,,,,,,,,,,,,Y,,THE DEXTER COMPANY,5717 FALLS RD,,,,BALTIMORE,MD,21209,US,HIGH,80,READY,2026-01-11 13:17:44,,,,,,,,,,,Y
1720,ATS,,HCA CORPORATE OFFICE,ONE PARK PLAZA,,,NASHVILLLE,TN,37203,,,,,,,,,,,,,,Y,,HCA CORPORATE OFFICE,ONE PARK PLAZA,,,,NASHVILLLE,TN,37203,US,MEDIUM,100,REVIEW,NaT,,,,,,,,,,,Y
1721,ATS,,THE HOLTON ARMS SCHOOL,7303 RIVER ROAD,,,BETHESDA,MD,20817,,,,,,,,,,,,,,Y,,THE HOLTON ARMS SCHOOL,7303 RIVER RD,,,,BETHESDA,MD,20817,US,HIGH,80,READY,2026-01-11 13:17:48,,,,,,,,,,,Y
1722,ATS,,THE JORDON COMPANY,214 LINGANORE COURT,,,WESTMINSTER,MD,21158,,,,,,,,,,,,,,Y,,THE JORDON COMPANY,214 LINGANORE CT,,,,WESTMINSTER,MD,21158,US,HIGH,80,READY,2026-01-11 13:17:50,,,,,,,,,,,Y
1723,ATS,,THE KENNEDY CENTER,"2700 F STREET, NW",EMAIL INVOICES,,WASHINGTON,DC,20566-0001,,,,,,,,,,,,,,Y,,THE KENNEDY CENTER,2700 F ST NW,,,,WASHINGTON,DC,20566-0001,US,HIGH,80,READY,2026-01-11 13:17:52,,,,,,,,,,,Y
1724,ATS,,THE SEVERN GROUP,375 PRINCE GEORGE'S BLVD,SUITE B - EMAIL,,UPPER MARLBORO,MD,20774,,,,,,,,,,,,,,Y,,THE SEVERN GROUP,375 PRINCE GEORGE'S BLVD,,STE #B,,UPPER MARLBORO,MD,20774,US,HIGH,80,READY,2026-01-11 13:17:54,,,,,,,,,,,Y
1725,ATS,,THE TRANE COMPANY,"9603 DEERECO ROAD, STE 400",,,TIMONIUM,MD,21093-9969,,,,,,,,,,,,,,Y,,THE TRANE COMPANY,9603 DEERECO RD,,STE 400,,TIMONIUM,MD,21093-9969,US,HIGH,80,READY,2026-01-11 13:17:56,,,,,,,,,,,Y
1726,ATS,,THE TRI-M GROUP LLC,204 GALE LANE,,,KENNETT SQUARE,PA,19348,,,,,,,,,,,,,,Y,,THE TRI-M GROUP LLC,204 GALE LN,,,,KENNETT SQUARE,PA,19348,US,HIGH,80,READY,2026-01-11 13:17:59,,,,,,,,,,,Y
1727,ATS,,TUSTIN MECHANICAL SERVICES,"645 HAMILTON ST., STE 1100",EMAIL INVOICES,,ALLENTOWN,PA,18101,,,,,,,,,,,,,,Y,,TUSTIN MECHANICAL SERVICES,645 HAMILTON ST,,STE #1100,,ALLENTOWN,PA,18101,US,HIGH,80,READY,2026-01-11 13:18:01,,,,,,,,,,,Y
1728,ATS,,THE WHITE HOUSE HISTORICAL ASSOCIATION,1610 H STREET NW,,,WASHINGTON,DC,20006,,,,,,,,,,,,,,Y,,THE WHITE HOUSE HISTORICAL ASSOCIATION,1610 H ST NW,,,,WASHINGTON,DC,20006,US,HIGH,80,READY,2026-01-11 13:18:03,,,,,,,,,,,Y
1729,ATS,,THERMAL DEVICES,1702 BACK ACRE CIRCLE,PO BOX 560 - EMAIL INVOICES,,MT AIRY,MD,21771,,,,,,,,,,,,,,Y,,THERMAL DEVICES,PO BOX 560,1702 BACK ACRE CIR,,,MT AIRY,MD,21771,US,MEDIUM,70,REVIEW,NaT,,,,,,,,,,,Y
1730,ATS,,"THERMOCLINE, INC",17 POPLAR POINT RD,,,EDGEWATER,MD,21037,,,,,,,,,,,,,,Y,,THERMOCLINE INC,17 POPLAR POINT RD,,,,EDGEWATER,MD,21037,US,HIGH,80,READY,2026-01-11 13:18:05,,,,,,,,,,,Y
1731,ATS,,"THERMOSYSTEMS, INC.",960 INDUSTRIAL DRIVE,UNIT #1,,ELMHURST,IL,60126,,,,,,,,,,,,,,Y,,THERMOSYSTEMS INC,960 INDUSTRIAL DR,,UNIT #1,,ELMHURST,IL,60126,US,HIGH,80,READY,2026-01-11 13:18:07,,,,,,,,,,,Y
1732,ATS,,"THERMOTECH ENTERPRISE, INC",PO Box 15698,,,TAMPA,FL,33684,,,,,,,,,,,,,,Y,,THERMOTECH ENTERPRISE INC,PO BOX 15698,,,,TAMPA,FL,33684,US,MEDIUM,70,REVIEW,NaT,,,,,,,,,,,Y
1733,ATS,,THERMOTECH ENTERPRISE,281 DOUGLAS ROAD E,PO BOX 1607,,OLDSMAR,FL,34677,,,,,,,,,,,,,,Y,,THERMOTECH ENTERPRISE,PO BOX 1607,281 DOUGLAS RD E,,,OLDSMAR,FL,34677,US,MEDIUM,70,REVIEW,NaT,,,,,,,,,,,Y
1734,ATS,,THOMAS CHOICE GARDENS,19401 BRASSIE PLACE,,,MONTGOMERY,MD,20886,,,,,,,,,,,,,,Y,,THOMAS CHOICE GARDENS,19401 BRASSIE PL,,,,MONTGOMERY,MD,20886,US,HIGH,80,READY,2026-01-11 13:18:09,,,,,,,,,,,Y
1735,ATS,,THOMAS E. CLARK,2412 LINDEN LANE,,,SILVER SPRING,MD,20910,,,,,,,,,,,,,,Y,,THOMAS E CLARK,2412 LINDEN LN,,,,SILVER SPRING,MD,20910,US,HIGH,80,READY,2026-01-11 13:18:11,,,,,,,,,,,Y
1736,ATS,,THOMAS SOMERVILLE CO.,CENTRAL DISTRIBUTION CTR,16155 TRADE ZONE AVENUE,,UPPER MARLBORO,MD,20774,,,,,,,,,,,,,,Y,,THOMAS SOMERVILLE CO,16155 TRADE ZONE AVE,,CENTRAL DISTRIBUTION CTR,,UPPER MARLBORO,MD,20774,US,HIGH,80,READY,2026-01-11 13:18:13,,,,,,,,,,,Y
1737,ATS,,THORLABS QUANTUM ELECTRONICS,10335 GUILFORD ROAD,,,JESSUP,MD,20794,,,,,,,,,,,,,,Y,,THORLABS QUANTUM ELECTRONICS,10335 GUILFORD RD,,,,JESSUP,MD,20794,US,MEDIUM,100,REVIEW,NaT,,,,,,,,,,,Y
1738,ATS,,THORNTON SERVICES,,"2401 RESEARCH BLVD, STE 204",,ROCKVILLE,MD,20850,,,,,,,,,,,,,,Y,,THORNTON SERVICES,2401 RESEARCH BLVD,,STE #204,,ROCKVILLE,MD,20850,US,HIGH,80,READY,2026-01-11 13:18:17,,,,,,,,,,,Y
1739,ATS,,THOS SOMERVILLE CO,16155 TRADE ZONE AVENUE,,,UPPER MARLBORO,MD,20774-8733,,,,,,,,,,,,,,Y,,THOS SOMERVILLE CO,16155 TRADE ZONE AVE,,,,UPPER MARLBORO,MD,20774-8733,US,HIGH,80,READY,2026-01-11 13:18:24,,,,,,,,,,,Y
1740,ATS,,THREE GENERATIONS REFRIGERATION,1367 SPANIARD NECK ROAD,EMAIL & MAIL INVOICE,,CENTREVILLE,MD,21617,,,,,,,,,,,,,,Y,,THREE GENERATIONS REFRIGERATION,1367 SPANIARD NECK RD,,,,CENTREVILLE,MD,21617,US,MEDIUM,100,REVIEW,NaT,,,,,,,,,,,Y
1741,ATS,,"TIC GUMS, INC.",4609 RICHLYNN DRIVE,,,BELCAMP,MD,21017,,,,,,,,,,,,,,Y,,TIC GUMS INC,4609 RICHLYNN DR,,,,BELCAMP,MD,21017,US,HIGH,80,READY,2026-01-11 13:18:27,,,,,,,,,,,Y
1742,ATS,,"TIDEWATER, INC",EMAIL INVOICE,"6625 SELNICK DRIVE, SUITE A",,ELKRIDGE,MD,21075,,,,,,,,,,,,,,Y,,TIDEWATER INC,6625 SELNICK DR,,STE #A,,ELKRIDGE,MD,21075,US,HIGH,80,READY,2026-01-11 13:18:29,,,,,,,,,,,Y
1743,ATS,,TISHMAN SPEYER,1747/1775 Pennsylvania Ave,1750 H ST NW,,WASHINGTON,DC,20006,,,,,,,,,,,,,,Y,,TISHMAN SPEYER,1747/1775 PENNSYLVANIA AVE,,1750 H ST NW,,WASHINGTON,DC,20006,US,MEDIUM,100,REVIEW,NaT,,,,,,,,,,,Y
1744,ATS,,TITAN MECHANICAL,"9104 MANASSAS DRIVE, UNIT T",EMAIL INVOICES,,MANASSAS PARK,VA,20111,,,,,,,,,,,,,,Y,,TITAN MECHANICAL,9104 MANASSAS DR UNIT T,,,,MANASSAS PARK,VA,20111,US,HIGH,80,READY,2026-01-11 13:18:33,,,,,,,,,,,Y
1745,ATS,,TKR HOME REPAIRS,1258 CEDARCROFT ROAD,,,BALTIMORE,MD,21239,,,,,,,,,,,,,,Y,,TKR HOME REPAIRS,1258 CEDARCROFT RD,,,,BALTIMORE,MD,21239,US,HIGH,80,READY,2026-01-11 13:18:35,,,,,,,,,,,Y
1746,ATS,,TLC LASER EYE CENTER -ANNAPOLIS,2002 MEDICAL PARKWAY,SUITE 300,,ANNAPOLIS,MD,21401,,,,,,,,,,,,,,Y,,TLC LASER EYE CENTER -ANNAPOLIS,2002 MEDICAL PKWY,,STE #300,,ANNAPOLIS,MD,21401,US,HIGH,80,READY,2026-01-11 13:18:37,,,,,,,,,,,Y
1747,ATS,,"T AND M CONSTRUCTION, INC",1304 BUSINESS CENTER WAY,SUITE 201,,EDGEWOOD,MD,21040,,,,,,,,,,,,,,Y,,T & M CONSTRUCTION INC,1304 BUSINESS CT WAY,,STE #201,,EDGEWOOD,MD,21040,US,HIGH,80,READY,2026-01-11 13:18:39,,,,,,,,,,,Y
1748,ATS,,TMI CLIMATE SOLUTIONS CANADA -email,ACCOUNTS PAYABLE,"117, BOUL.HYMUS",,POINT-CLAIRE,QC,H9R 1E5,,,,,,,,,,,,,,Y,,TMI CLIMATE SOLUTIONS,117 BOULHYMUS,,,,POINT-CLAIRE,QC,00915,CA,MEDIUM,100,REVIEW,NaT,,,,,,,,,,,Y
1749,ATS,,TMI,ACCOUNTS PAYABLE,200 QUALITY WAY - EMAIL,,HOLLY,MI,48442,,,,,,,,,,,,,,Y,,TMI CUSTOM AIR SYSTEMS,200 QUALITY WAY,,,,HOLLY,MI,48442,US,MEDIUM,100,REVIEW,NaT,,,,,,,,,,,Y
1750,ATS,,TMI CUSTOM AIR SYSTEMS,ACCOUNTS PAYABLE,200 QUALITY WAY,,HOLLY,MI,48442,,,,,,,,,,,,,,Y,,TMI CUSTOM AIR SYSTEMS,200 QUALITY WAY,,,,HOLLY,MI,48442,US,MEDIUM,100,REVIEW,NaT,,,,,,,,,,,Y
1751,ATS,,TOLIN MECHANICAL SYSTEMS CO,12005 E 45TH AVENUE,,,DENVER,CO,80239,,,,,,,,,,,,,,Y,,TOLIN MECHANICAL SYSTEMS CO,12005 E 45TH AVE,,,,DENVER,CO,80239,US,HIGH,80,READY,2026-01-11 13:18:50,,,,,,,,,,,Y
1752,ATS,,THOMAS HALNON,16396 NORMAN ROAD,,,CULPEPER,VA,22701,,,,,,,,,,,,,,Y,,THOMAS HALNON,16396 NORMAN RD,,,,CULPEPER,VA,22701,US,HIGH,80,READY,2026-01-11 13:18:52,,,,,,,,,,,Y
1753,ATS,,"TORCON, INC",328 NEWMAN SPRINGS ROAD,,,RED BANK,NJ,07701,,,,,,,,,,,,,,Y,,TORCON INC,328 NEWMAN SPRINGS RD,,,,RED BANK,NJ,07701,US,HIGH,80,READY,2026-01-11 13:18:54,,,,,,,,,,,Y
1754,ATS,,"TOTAL BUILDING SERVICES, INC.",3618 HICKORY AVENUE,,,BALTIMORE,MD,21211,,,,,,,,,,,,,,Y,,TOTAL BUILDING SERVICES INC,3618 HICKORY AVE,,,,BALTIMORE,MD,21211,US,HIGH,80,READY,2026-01-11 13:18:56,,,,,,,,,,,Y
1755,ATS,,TOTAL COMFORT HVAC,246 INDUSTRIAL WAY WEST,,,EATONTOWN,NJ,07724,,,,,,,,,,,,,,Y,,TOTAL COMFORT HVAC,246 INDUSTRIAL WAY W,,,,EATONTOWN,NJ,07724,US,HIGH,80,READY,2026-01-11 13:18:58,,,,,,,,,,,Y
1756,ATS,,TOTAL ENERGY CONCEPTS,2620 DUBLIN ROAD,,,STREET,MD,21154,,,,,,,,,,,,,,Y,,TOTAL ENERGY CONCEPTS,2620 DUBLIN RD,,,,STREET,MD,21154,US,MEDIUM,100,REVIEW,NaT,,,,,,,,,,,Y
1757,ATS,,TOTAL MECHANICAL SOLUTIONS,10908 COURTHOUSE ROAD,,,FREDERICKSBURG,VA,22408,,,,,,,,,,,,,,Y,,TOTAL MECHANICAL SOLUTIONS,10908 CTHOUSE RD,,,,FREDERICKSBURG,VA,22408,US,HIGH,80,READY,2026-01-11 13:19:03,,,,,,,,,,,Y
1758,ATS,,TOWSON MECHANICAL,8651 OAKLEIGH ROAD,EMAIL INVOICE,,PARKVILLE,MD,21234,,,,,,,,,,,,,,Y,,TOWSON MECHANICAL,8651 OAKLEIGH RD,,,,PARKVILLE,MD,21234,US,HIGH,80,READY,2026-01-11 13:19:05,,,,,,,,,,,Y
1759,ATS,,TOWSON U. FACILITIES MGMT.,ATTN: ACCOUNTS PAYABLE,8000 YORK ROAD - EMAIL,,TOWSON,MD,21252,,,,,,,,,,,,,,Y,,TOWSON U FACILITIES MGMT,8000 YORK RD,,,,TOWSON,MD,21252,US,HIGH,80,READY,2026-01-11 13:19:07,,,,,,,,,,,Y
1760,ATS,,TOYON CORPORATION,6800 CORTONA DRIVE,,,SANTA BARBARA,CA,93117-3021,,,,,,,,,,,,,,Y,,TOYON CORPORATION,6800 CORTONA DR,,,,SANTA BARBARA,CA,93117-3021,US,HIGH,80,READY,2026-01-11 13:19:09,,,,,,,,,,,Y
1761,ATS,,TRADEMASTERS SERVICES CORP,ACCOUNTS PAYABLE - EMAIL,PO BOX 516,,NEWINGTON,VA,22122,,,,,,,,,,,,,,Y,,TRADEMASTERS SERVICES CORP,PO BOX 516,,,,NEWINGTON,VA,22122,US,MEDIUM,70,REVIEW,NaT,,,,,,,,,,,Y
1762,ATS,,TRANE BUSINESS SYSTEM- email,C/O INGERSOLL RAND,PO BOX 2380,,DAVIDSON,NC,28036,,,,,,,,,,,,,,Y,,TRANE BUSINESS SYSTEM,PO BOX 2380,,C/O INGERSOLL RAND,,DAVIDSON,NC,28036,US,MEDIUM,70,REVIEW,NaT,,,,,,,,,,,Y
1763,ATS,,TRANE PERSONNEL,,,,,,,,,,,,,,,,,,,,Y,,TRANE PERSONNEL,,,,,,,,US,LOW,20,INVALID,NaT,,,,,,,,,,,Y
1764,ATS,,MT WASHINGTON CAMPUS SOUTH BUSINESS,5801 SMITH AVENUE,SUITE 1100 - email,,BALTIMORE,MD,21209,,,,,,,,,,,,,,Y,,MT WASHINGTON CAMPUS SOUTH BUSINESS,5801 SMITH AVE,,STE #1100,,BALTIMORE,MD,21209,US,HIGH,80,READY,2026-01-11 13:19:13,,,,,,,,,,,Y
1765,ATS,,TRANSWESTERN MT WASHINGTON,5801 SMITH AVE,SUITE 100,,BALTIMORE,MD,21209,,,,,,,,,,,,,,Y,,TRANSWESTERN MT WASHINGTON,5801 SMITH AVE,,STE #100,,BALTIMORE,MD,21209,US,HIGH,80,READY,2026-01-11 13:19:15,,,,,,,,,,,Y
1766,ATS,,TRAVIS HUGHES,8608 LAROQUE RUN DRIVE,,,FREDERICKSBURG,VA,22407,,,,,,,,,,,,,,Y,,TRAVIS HUGHES,8608 LAROQUE RUN DR,,,,FREDERICKSBURG,VA,22407,US,HIGH,80,READY,2026-01-11 13:19:17,,,,,,,,,,,Y
1767,ATS,,TRI-STATE MECHANICAL SERVICES,45503 BUCHANAN STREET,,,HYATTSVILLE,MD,20781,,,,,,,,,,,,,,Y,,TRI-STATE MECHANICAL SERVICES,45503 BUCHANAN ST,,,,HYATTSVILLE,MD,20781,US,HIGH,80,READY,2026-01-11 13:19:19,,,,,,,,,,,Y
1768,ATS,,TRI-STATE HVAC EQUIPMENT,UNION HILL INDUSTRIAL PARK,ONE RESOURCE DRIVE,,WEST CONSHOHOCKEN,PA,19428,,,,,,,,,,,,,,Y,,TRI-STATE HVAC EQUIPMENT,1 RESOURCE DR,,UNION HILL INDUSTRIAL PARK,,WEST CONSHOHOCKEN,PA,19428,US,HIGH,80,READY,2026-01-11 13:19:22,,,,,,,,,,,Y
1769,ATS,,TRI-STATE HOME SERVICES,82A Wormans Mill Ct,,,FREDERICK,MD,21701,,,,,,,,,,,,,,Y,,TRI-STATE HOME SERVICES,82A WORMANS MILL CT,,,,FREDERICK,MD,21701,US,HIGH,80,READY,2026-01-11 13:19:25,,,,,,,,,,,Y
1770,ATS,,TRIGEN BALTIMORE ENERGY GROUP,1400 RIDGELY STREET,,,BALTIMORE,MD,21230,,,,,,,,,,,,,,Y,,TRIGEN BALTIMORE ENERGY GROUP,1400 RIDGELY ST,,,,BALTIMORE,MD,21230,US,HIGH,80,READY,2026-01-11 13:19:27,,,,,,,,,,,Y
1771,ATS,,TRIMARK CORPORATION,"6231 LEESBURG PIKE, SUITE 100",EMAIL INVOICES,,FALLS CHURCH,VA,22044,,,,,,,,,,,,,,Y,,TRIMARK CORPORATION,6231 LEESBURG PIKE,,STE #100,,FALLS CHURCH,VA,22044,US,MEDIUM,100,REVIEW,NaT,,,,,,,,,,,Y
1772,ATS,,TRIMARK MECHANICAL,6231 LEESBURG PIKE #100,,,FALLS CHURCH,VA,22044,,,,,,,,,,,,,,Y,,TRIMARK MECHANICAL,6231 LEESBURG PIKE #100,,,,FALLS CHURCH,VA,22044,US,MEDIUM,100,REVIEW,NaT,,,,,,,,,,,Y
1773,ATS,,"TRINMAR MECHANICAL SERVICES, INC.",1030 Batavia Farm Road,,,BALTIIMORE,MD,21237,,,,,,,,,,,,,,Y,,TRINMAR MECHANICAL SERVICES INC,1030 BATAVIA FARM RD,,,,BALTIIMORE,MD,21237,US,MEDIUM,100,REVIEW,NaT,,,,,,,,,,,Y
1774,ATS,,TRISTAR MECHANICAL,14401 PICKET OAKS ROAD,,,CENTREVILLE,VA,20121,,,,,,,,,,,,,,Y,,TRISTAR MECHANICAL,14401 PICKET OAKS RD,,,,CENTREVILLE,VA,20121,US,HIGH,80,READY,2026-01-11 13:19:37,,,,,,,,,,,Y
1775,ATS,,"TRISTATE ELECTRONIC MANUFACTURING, INC.","91 WESTERN MARYLAND PARKWAY, SUITE 5",EMAIL INVOICE,,HAGERSTOWN,MD,21740,,,,,,,,,,,,,,Y,,TRISTATE ELECTRONIC MANUFACTURING INC,91 WERN MARYLAND PKWY,,STE #5,,HAGERSTOWN,MD,21740,US,HIGH,80,READY,2026-01-11 13:19:40,,,,,,,,,,,Y
1776,ATS,,TRS-SESCO,721-A PARK CENTRE DRIVE,,,KERNERSVILLE,NC,27284,,,,,,,,,,,,,,Y,,TRS-SESCO,721-A PARK CT DR,,,,KERNERSVILLE,NC,27284,US,HIGH,80,READY,2026-01-11 13:19:42,,,,,,,,,,,Y
1777,ATS,,TRULAND SERVICE,5701-J GENERAL WASHINGTON DR,,,ALEXANDRIA,VA,22312,,,,,,,,,,,,,,Y,,TRULAND SERVICE,5701-J GENERAL WASHINGTON DR,,,,ALEXANDRIA,VA,22312,US,MEDIUM,100,REVIEW,NaT,,,,,,,,,,,Y
1778,ATS,,TRULAND SYSTEMS,15800 DARNESTOWN RD,,,GERMANTOWN,MD,20874,,,,,,,,,,,,,,Y,,TRULAND SYSTEMS,15800 DARNESTOWN RD,,,,GERMANTOWN,MD,20874,US,MEDIUM,100,REVIEW,NaT,,,,,,,,,,,Y
1779,ATS,,TTR CONSULTING/ENGINEERING,P.O. BOX 425,,,OCEAN VIEW,DE,19970,,,,,,,,,,,,,,Y,,TTR CONSULTING/ENGINEERING,PO BOX 425,,,,OCEAN VIEW,DE,19970,US,MEDIUM,70,REVIEW,NaT,,,,,,,,,,,Y
1780,ATS,,"TUDI MECHANICAL SYSTEMS, INC.",343 MUNSON AVENUE,,,MCKEES ROCKS,PA,15136,,,,,,,,,,,,,,Y,,TUDI MECHANICAL SYSTEMS INC,343 MUNSON AVE,,,,MCKEES ROCKS,PA,15136,US,HIGH,80,READY,2026-01-11 13:19:48,,,,,,,,,,,Y
1781,ATS,,TURF EQUIPMENT & SUPPLY COMPANY,8015 DORSEY RUN ROAD,,,JESSUP,MD,20794,,,,,,,,,,,,,,Y,,TURF EQUIPMENT & SUPPLY COMPANY,8015 DORSEY RUN RD,,,,JESSUP,MD,20794,US,HIGH,80,READY,2026-01-11 13:19:50,,,,,,,,,,,Y
1782,ATS,,TURF VALLEY RESORT,ACCOUNTS PAYABLE,2700 TURF VALLEY ROAD,,ELLICOTT CITY,MD,21042,,,,,,,,,,,,,,Y,,TURF VALLEY RESORT,2700 TURF VALLEY RD,,,,ELLICOTT CITY,MD,21042,US,HIGH,80,READY,2026-01-11 13:19:52,,,,,,,,,,,Y
1783,ATS,,TURNBERRY TOWER,1881 NORTH NASH STREET,,,ALRINGTON,VA,22209,,,,,,,,,,,,,,Y,,TURNBERRY TOWER,1881 N NASH ST,,,,ALRINGTON,VA,22209,US,MEDIUM,100,REVIEW,NaT,,,,,,,,,,,Y
1784,ATS,,TURNER CONSTRUCTION COMPANY,11413 ISAAC NEWTON SQUARE,,,RESTON,VA,20190,,,,,,,,,,,,,,Y,,TURNER CONSTRUCTION COMPANY,11413 ISAAC NEWTON SQUARE,,,,RESTON,VA,20190,US,HIGH,80,READY,2026-01-11 13:19:56,,,,,,,,,,,Y
1785,ATS,,"TURNER LOGISTICS, LLC",3 PARAGON DRIVE,,,MONTVALE,NJ,07645,,,,,,,,,,,,,,Y,,TURNER LOGISTICS LLC,3 PARAGON DR,,,,MONTVALE,NJ,07645,US,HIGH,80,READY,2026-01-11 13:19:58,,,,,,,,,,,Y
1786,ATS,,"TWBCO, LLC",1758 BROOKE ROAD,EMAIL INVOICES,,STAFFORD,VA,22554,,,,,,,,,,,,,,Y,,TWBCO LLC,1758 BROOKE RD,,,,STAFFORD,VA,22554,US,HIGH,80,READY,2026-01-11 13:20:00,,,,,,,,,,,Y
1787,ATS,,"TYLER MECHANICAL CONTRACTING, INC",10087 TYLER PLACE,SUITE 2,,IJAMSVILLE,MD,21754,,,,,,,,,,,,,,Y,,TYLER MECHANICAL CONTRACTING INC,10087 TYLER PL,,STE #2,,IJAMSVILLE,MD,21754,US,HIGH,80,READY,2026-01-11 13:20:02,,,,,,,,,,,Y
1788,ATS,,TYLER SERVICE SOLUTIONS,10087 TYLER PLACE #2,EMAIL INVOICES,,IJAMSVILLE,MD,21754,,,,,,,,,,,,,,Y,,TYLER SERVICE SOLUTIONS,10087 TYLER PL #2,,,,IJAMSVILLE,MD,21754,US,HIGH,80,READY,2026-01-11 13:20:04,,,,,,,,,,,Y
1789,ATS,,"U.S. ENGINEERING INNOVATIONS, LLC",3433 ROANOKE ROAD,EMAIL INVOICES,,KANSAS CITY,MO,64111,,,,,,,,,,,,,,Y,,US ENGINEERING INNOVATIONS LLC,3433 ROANOKE RD,,,,KANSAS CITY,MO,64111,US,HIGH,80,READY,2026-01-11 13:20:06,,,,,,,,,,,Y
1790,ATS,,ULLIMAN SCHUTTE CONSTRUCTION,9111 SPRINGBORO PIKE,,,MIAMISBURG,OH,45342,,,,,,,,,,,,,,Y,,ULLIMAN SCHUTTE CONSTRUCTION,9111 SPRINGBORO PIKE,,,,MIAMISBURG,OH,45342,US,HIGH,80,READY,2026-01-11 13:20:08,,,,,,,,,,,Y
1791,ATS,,UNIVERSITY OF MARYLAND-BALTIMORE,622 WEST FAYETTE STREET,,,BALTIMORE,MD,21201,,,,,,,,,,,,,,Y,,UNIVERSITY OF MARYLAND,622 W FAYETTE ST,,,,BALTIMORE,MD,21201,US,HIGH,80,READY,2026-01-11 13:20:10,,,,,,,,,,,Y
1792,ATS,,UMBC A/P DEPT,ADMIN BLDG SUITE 300,1000 HILLTOP CIRCLE - EMAIL,,BALTIMORE,MD,21250,,,,,,,,,,,,,,Y,,UMBC,1000 HILLTOP CIR,,ADMIN BLDGSTE #300 A/P DEPT,,BALTIMORE,MD,21250,US,HIGH,80,READY,2026-01-11 13:20:12,,,,,,,,,,,Y
1793,ATS,,UMBC A/P DEPT,ADMIN BLDG SUITE 300,1000 HILLTOP CIRCLE - EMAIL,,BALTIMORE,MD,21250,,,,,,,,,,,,,,Y,,UMBC,1000 HILLTOP CIR,,ADMIN BLDGSTE #300 A/P DEPT,,BALTIMORE,MD,21250,US,HIGH,80,READY,2026-01-11 13:20:14,,,,,,,,,,,Y
1794,ATS,,DO NOT USE,ADMIN BULDG SUITE 300,1000 HILLTOP CIRCLE,,BALTIIMORE,MD,21250,,,,,,,,,,,,,,Y,,DO NOT USE,1000 HILLTOP CIR,,STE #300 ADMIN BULDG,,BALTIIMORE,MD,21250,US,MEDIUM,100,REVIEW,NaT,,,,,,,,,,,Y
1795,ATS,,UNIVERSITY OF MARYLAND COLLEGE PARK,UMCP ACCOUNTS PAYABLE - EMAIL INVOICE,"4300 TERRAPIN TRAIL, CHESAPEAKE BLDG, RM 3101",,COLLEGE PARK,MD,20742,,,,,,,,,,,,,,Y,,UNIVERSITY OF MARYLAND,4300 TERRAPIN TRAIL CHESAPEAKE BLDG RM 3101,,UMCP ACCOUNTS PAYABLE,,COLLEGE PARK,MD,20742,US,MEDIUM,100,REVIEW,NaT,,,,,,,,,,,Y
1796,ATS,,UMCP,LOGISTICS WAREHOUSE,"GREEN HOUSE ROAD, BUILDING 012",,COLLEGE PARK,MD,20742,,,,,,,,,,,,,,Y,,UMCP,GREEN HOUSE RD BLDG 012,,LOGISTICS WAREHOUSE,,COLLEGE PARK,MD,20742,US,LOW,100,REVIEW,NaT,,,,,,,,,,,Y
1797,ATS,,"UNIVERSITY OF MD, MEDICAL SYSTEMS",UMMS -email invoice,PO BOX 6545,,PORTLAND,OR,97228,,,,,,,,,,,,,,Y,,UNIVERSITY OF MD MEDICAL SYSTEMS,PO BOX 6545,,UMMS,,PORTLAND,OR,97228,US,MEDIUM,70,REVIEW,NaT,,,,,,,,,,,Y
1798,ATS,,UNDERWOOD ENERGY,333 E JOHN ST.,,,MARTINSBURG,WV,25401,,,,,,,,,,,,,,Y,,UNDERWOOD ENERGY,333 E JOHN ST,,,,MARTINSBURG,WV,25401,US,HIGH,80,READY,2026-01-11 13:20:25,,,,,,,,,,,Y
1799,ATS,,UNICON EQUIPMENT SALES,P.O. BOX 877,,,VIENNA,VA,22183,,,,,,,,,,,,,,Y,,UNICON EQUIPMENT SALES,PO BOX 877,,,,VIENNA,VA,22183,US,MEDIUM,70,REVIEW,NaT,,,,,,,,,,,Y
1800,ATS,,UNION EQUIPMENT SALES,P.O. BOX 877,,,VIENNA,VA,22183,,,,,,,,,,,,,,Y,,UNION EQUIPMENT SALES,PO BOX 877,,,,VIENNA,VA,22183,US,MEDIUM,70,REVIEW,NaT,,,,,,,,,,,Y
1801,ATS,,UNION HOSPITAL OF CECIL COUNTY,106 BOW STREET,,,ELKTON,MD,21921,,,,,,,,,,,,,,Y,,UNION HOSPITAL OF CECIL COUNTY,106 BOW ST,,,,ELKTON,MD,21921,US,HIGH,80,READY,2026-01-11 13:20:27,,,,,,,,,,,Y
1802,ATS,,UNION MEMORIAL HOSPITAL,PO BOX 44250,EMAIL,,BALTIMORE,MD,21236,,,,,,,,,,,,,,Y,,UNION MEMORIAL HOSPITAL,PO BOX 44250,,,,BALTIMORE,MD,21236,US,MEDIUM,70,REVIEW,NaT,,,,,,,,,,,Y
1803,ATS,,UNITED ELECTRIC SUPPLY,10 BELLACORE DR,EMAIL INVOICE,,NEW CASTLE,DE,19720,,,,,,,,,,,,,,Y,,UNITED ELECTRIC SUPPLY,10 BELLACORE DR,,,,NEW CASTLE,DE,19720,US,MEDIUM,100,REVIEW,NaT,,,,,,,,,,,Y
1804,ATS,,"UNITED ENERGY PRODUCTS, INC",1610 PROFESSIONAL BLVD,SUITE K,,CROFTON,MD,21114,,,,,,,,,,,,,,Y,,UNITED ENERGY PRODUCTS INC,1610 PROFESSIONAL BLVD,,STE #K,,CROFTON,MD,21114,US,HIGH,80,READY,2026-01-11 13:20:30,,,,,,,,,,,Y
1805,ATS,,UNITED HOSPITAL CENTER,3 HOSPITAL PLAZA,PO BOX 1680,,CLARKSBURG,WV,26301,,,,,,,,,,,,,,Y,,UNITED HOSPITAL CENTER,PO BOX 1680,3 HOSPITAL PLAZA,,,CLARKSBURG,WV,26301,US,MEDIUM,70,REVIEW,NaT,,,,,,,,,,,Y
1806,ATS,,UNITED MEDICAL CENTER,1310 SOUTHERN AVE SE,,,WASHINGTON,DC,20032,,,,,,,,,,,,,,Y,,UNITED MEDICAL CENTER,1310 SERN AVE SE,,,,WASHINGTON,DC,20032,US,HIGH,80,READY,2026-01-11 13:20:32,,,,,,,,,,,Y
1807,ATS,,UNITED METAL PRODUCTS,1920 E. BROADWAY ROAD,,,TEMPE,AZ,85282,,,,,,,,,,,,,,Y,,UNITED METAL PRODUCTS,1920 E BRDWAY RD,,,,TEMPE,AZ,85282,US,HIGH,80,READY,2026-01-11 13:20:34,,,,,,,,,,,Y
1808,ATS,,"UNITED PRODUCTS DISTRIBUTORS, INC",1200 68TH STREET,,,ROSEDALE,MD,21237,,,,,,,,,,,,,,Y,,UNITED PRODUCTS DISTRIBUTORS INC,1200 68TH ST,,,,ROSEDALE,MD,21237,US,HIGH,80,READY,2026-01-11 13:20:36,,,,,,,,,,,Y
1809,ATS,,"UNITED REFRIGERATION, INC","260 INTERSTATE CIRCLE, UNIT 4",,,FREDERICK,MD,21704,,,,,,,,,,,,,,Y,,UNITED REFRIGERATION INC,260 INTERSTATE CIR UNIT 4,,,,FREDERICK,MD,21704,US,HIGH,80,READY,2026-01-11 13:20:38,,,,,,,,,,,Y
1810,ATS,,UNITED STATES POSTAL SERVICE,8403 LEE HIGHWAY,,,MERRIFIELD,VA,22082,,,,,,,,,,,,,,Y,,UNITED STATES POSTAL SERVICE,8403 LEE HWY,,,,MERRIFIELD,VA,22082,US,HIGH,80,READY,2026-01-11 13:20:40,,,,,,,,,,,Y
1811,ATS,,"UNIVERSAL SERVICES PROVIDER, LLC",1560 CHESTER AVENUE,,,BRYANS ROAD,MD,20616,,,,,,,,,,,,,,Y,,UNIVERSAL SERVICES PROVIDER LLC,1560 CHESTER AVE,,,,BRYANS ROAD,MD,20616,US,MEDIUM,100,REVIEW,NaT,,,,,,,,,,,Y
1812,ATS,,UNIVERSITY OF BALTIMORE,1420 N CHARLES ST,,,BALTIMORE,MD,21201,,,,,,,,,,,,,,Y,,UNIVERSITY OF BALTIMORE,1420 N CHARLES ST,,,,BALTIMORE,MD,21201,US,HIGH,80,READY,2026-01-11 13:20:44,,,,,,,,,,,Y
1813,ATS,,UNIVERSITY OF FLORIDA,245 GALE LEMERAND DRIVE,P.O. BOX 115050 - EMAIL,,GAINESVILLE,FL,32611-5050,,,,,,,,,,,,,,Y,,UNIVERSITY OF FLORIDA,PO BOX 115050,245 GALE LEMERAND DR,,,GAINESVILLE,FL,32611-5050,US,MEDIUM,70,REVIEW,NaT,,,,,,,,,,,Y
1814,ATS,,UNIVERSITY OF MAYLAND,FM ACCOUNTING & FINANCIAL,1600 SERVICE BUILDING SUPPORT,,COLLEGE PARK,MD,20742,,,,,,,,,,,,,,Y,,UNIVERSITY OF MARYLAND,1600 SERVICE BLDG SUPPORT,,FM ACCOUNTING & FINANCIAL,,COLLEGE PARK,MD,20742,US,MEDIUM,100,REVIEW,NaT,,,,,,,,,,,Y
1815,ATS,,UPPER CHESAPEAKE MD CENTER,500 UPPER CHESAPEAKE DR,EMAIL INVOICE,,BEL AIR,MD,21014,,,,,,,,,,,,,,Y,,UPPER CHESAPEAKE MD CENTER,500 UPPER CHESAPEAKE DR,,,,BEL AIR,MD,21014,US,HIGH,80,READY,2026-01-11 13:20:48,,,,,,,,,,,Y
1816,ATS,,UPPER CRUST BAKERY,7855 RAPPAHANNOCK AVE,,,JESSUP,MD,20794,,,,,,,,,,,,,,Y,,UPPER CRUST BAKERY,7855 RAPPAHANNOCK AVE,,,,JESSUP,MD,20794,US,HIGH,80,READY,2026-01-11 13:20:50,,,,,,,,,,,Y
1817,ATS,,UNITED PARCEL SERVICE,1335 NORTHMEADOW PKWY,STE 119,,ROSWELL,GA,30076,,,,,,,,,,,,,,Y,,UNITED PARCEL SERVICE,1335 NMEADOW PKWY,,STE 119,,ROSWELL,GA,30076,US,HIGH,80,READY,2026-01-11 13:20:52,,,,,,,,,,,Y
1818,ATS,,US AIRFORCE (SAUDI ARABIA),6955 PRINCE SULTAN AIR BASE,IMPORTER#3504818,,"KHARJ, SAUDI ARABIA",MD,16466-4699,,,,,,,,,,,,,,Y,,US AIRFORCE (SAUDI ARABIA),6955 PRINCE SULTAN AIR BASE,,IMPORTER#3504818,,KHARJ SAUDI ARABIA,MD,16466-4699,US,MEDIUM,100,REVIEW,NaT,,,,,,,,,,,Y
1819,ATS,,US ARMY ABERDEEN PROVING GROUND,USACHPPM,MCHB-CS-LPD/5158 BLACKHAWK RD,,APG-EA,MD,21010-5422,,,,,,,,,,,,,,Y,,US ARMY ABERDEEN PROVING GROUND,5158 BLACKHAWK RD,,MCHB-CS-LPD USACHPPM,,APG-EA,MD,21010-5422,US,MEDIUM,100,REVIEW,NaT,,,,,,,,,,,Y
1820,ATS,,US ARMY CONTRACTING AGENCY-APG,SFCA-NR-APC-T,4118 SUSQUEHANNA AVE,,APG,MD,21105-3013,,,,,,,,,,,,,,Y,,US ARMY CONTRACTING AGENCY-APG,4118 SUSQUEHANNA AVE,,SFCA-NR-APC-T,,APG,MD,21105-3013,US,MEDIUM,100,REVIEW,NaT,,,,,,,,,,,Y
1821,ATS,,USAMRIID US ARMY,1425 PORTER STREET,,,FT DETRICK,MD,21702,,,,,,,,,,,,,,Y,,USAMRIID US ARMY,1425 PORTER ST,,,,FT DETRICK,MD,21702,US,MEDIUM,100,REVIEW,NaT,,,,,,,,,,,Y
1822,ATS,,US CAPITOL BUILDING,AOC STOREROOM #HT-42 - INV ONLINE,INDEPENDENCE AVE & S. CAPITOL,,WASHINGTON,DC,20515,,,,,,,,,,,,,,Y,,US CAPITOL BUILDING,INDEPENDENCE AVE & S CAPITOL,,AOC STOREROOM #HT-42,,WASHINGTON,DC,20515,US,MEDIUM,75,REVIEW,2026-01-11 13:21:02,,,,,,,,,,,Y
1823,ATS,,US ENGINEERING COMPANY,14120 SULLYFIELD CIRCLE,SUITE G,,CHANTILLY,VA,20151,,,,,,,,,,,,,,Y,,US ENGINEERING COMPANY,14120 SULLYFIELD CIR,,STE #G,,CHANTILLY,VA,20151,US,HIGH,80,READY,2026-01-11 13:21:04,,,,,,,,,,,Y
1824,ATS,,US NAVAL ACADEMY (USNA),121 BLAKE ROAD,,,ANNAPOLIS,MD,21402,,,,,,,,,,,,,,Y,,US NAVAL ACADEMY (USNA),121 BLAKE RD,,,,ANNAPOLIS,MD,21402,US,HIGH,80,READY,2026-01-11 13:21:06,,,,,,,,,,,Y
1825,ATS,,US21 INC,"2721 PROSPERITY AVE., STE 300",EMAIL INVOICES,,FAIRFAX,VA,22031,,,,,,,,,,,,,,Y,,US21 INC,2721 PROSPERITY AVE,,STE 300,,FAIRFAX,VA,22031,US,HIGH,80,READY,2026-01-11 13:21:08,,,,,,,,,,,Y
1826,ATS,,UNITED STATES COAST GUARD,2401 HAWKINS POINT RD,,,CURTIS BAY,MD,21226,,,,,,,,,,,,,,Y,,UNITED STATES COAST GUARD,2401 HAWKINS POINT RD,,,,CURTIS BAY,MD,21226,US,MEDIUM,100,REVIEW,NaT,,,,,,,,,,,Y
1827,ATS,,USDA,10300 BALTIMORE AVENUE,BARC EAST BUILDING 426,,BELTSVILLE,MD,20705,,,,,,,,,,,,,,Y,,USDA,10300 BALTIMORE AVE,,BARC E BLDG 426,,BELTSVILLE,MD,20705,US,HIGH,80,READY,2026-01-11 13:21:12,,,,,,,,,,,Y
1828,ATS,,USDA COOL & COLD,11876 LEETOWN ROAD,,,KEARNEYSVILLE,WV,25430,,,,,,,,,,,,,,Y,,USDA COOL & COLD,11876 LEETOWN RD,,,,KEARNEYSVILLE,WV,25430,US,HIGH,80,READY,2026-01-11 13:21:14,,,,,,,,,,,Y
1829,ATS,,"USGBF NCI LAB, LLC",P.O. BOX 36205,EMAIL INVOICE,,CHARLOTTE,NC,28236,,,,,,,,,,,,,,Y,,USGBF NCI LAB LLC,PO BOX 36205,,,,CHARLOTTE,NC,28236,US,MEDIUM,70,REVIEW,NaT,,,,,,,,,,,Y
1830,ATS,,USHMM - email,100 Raoul Wallenberg Pl SW,,,WASHINGTON,DC,20024,,,,,,,,,,,,,,Y,,USHMM,100 RAOUL WALLENBERG PL SW,,,,WASHINGTON,DC,20024,US,MEDIUM,100,REVIEW,NaT,,,,,,,,,,,Y
1831,ATS,,UTZ PROPERTIES,101 WEST MAIN ST,,,WESTMINISTER,MD,21157,,,,,,,,,,,,,,Y,,UTZ PROPERTIES,101 W MAIN ST,,,,WESTMINISTER,MD,21157,US,MEDIUM,100,REVIEW,NaT,,,,,,,,,,,Y
1832,ATS,,V & P INSULATION CO. INC,215 SEAMASTER ROAD,,,BALTIMORE,MD,21221,,,,,,,,,,,,,,Y,,V & P INSULATION CO INC,215 SEAMASTER RD,,,,BALTIMORE,MD,21221,US,HIGH,80,READY,2026-01-11 13:21:20,,,,,,,,,,,Y
1833,ATS,,VA DATA INC,43881 DEVIN SHAFRON DRIVE,,,ASHBURN,VA,20147,,,,,,,,,,,,,,Y,,VA DATA INC,43881 DEVIN SHAFRON DR,,,,ASHBURN,VA,20147,US,HIGH,80,READY,2026-01-11 13:21:22,,,,,,,,,,,Y
1834,ATS,,VA MEDICAL CENTER,10 N. GREEN STREET,,,BALTIMORE,MD,21201,,,,,,,,,,,,,,Y,,VA MEDICAL CENTER,10 N GREEN ST,,,,BALTIMORE,MD,21201,US,MEDIUM,100,REVIEW,NaT,,,,,,,,,,,Y
1835,ATS,,VA MEDICAL CTR- LOCH RAVEN,EMAIL INVOICE,3900 LOCH RAVEN BLVD BLDG 4,,BALTIIMORE,MD,21218,,,,,,,,,,,,,,Y,,VA MEDICAL CTR- LOCH RAVEN,3900 LOCH RAVEN BLVD BLDG 4,,,,BALTIIMORE,MD,21218,US,MEDIUM,100,REVIEW,NaT,,,,,,,,,,,Y
1836,ATS,,VA MEDICAL CTR- PERRY POINT,101 BOILER HOUSE ROAD,TUNGSTEN NUMBER- AAA544240062,,PERRY POINT,MD,21902,,,,,,,,,,,,,,Y,,VA MEDICAL CTR- PERRY POINT,101 BOILER HOUSE RD,,TUNGSTEN NUMBER- AAA544240062,,PERRY POINT,MD,21902,US,MEDIUM,100,REVIEW,NaT,,,,,,,,,,,Y
1837,ATS,,USE ABM GOVERNMENT,101 WALTON WAY,EMAIL INVOICE,,HOPKINSVILLE,KY,42240,,,,,,,,,,,,,,Y,,USE ABM GOVERNMENT,101 WALTON WAY,,,,HOPKINSVILLE,KY,42240,US,HIGH,80,READY,2026-01-11 13:21:32,,,,,,,,,,,Y
1838,ATS,,VALIANT INTERGRATED,8260 GREENSBORO DRIVE,SUITE A30,,MCLEAN,VA,22102,,,,,,,,,,,,,,Y,,VALIANT INTERGRATED,8260 GREENSBORO DR,,STE #A30,,MCLEAN,VA,22102,US,MEDIUM,100,REVIEW,NaT,,,,,,,,,,,Y
1839,ATS,,"VALID ELECTRIC CO.,INC.",7731 AIRPARK RD,,,GAITHERSBURG,MD,20879,,,,,,,,,,,,,,Y,,VALID ELECTRIC COINC,7731 AIRPARK RD,,,,GAITHERSBURG,MD,20879,US,MEDIUM,100,REVIEW,NaT,,,,,,,,,,,Y
1840,ATS,,VARCOMAC ELETRICAL CONSTRUCTION,"1360 BLAIR DRIVE, SUITE A",EMAIL INVOICE,,ODENTON,MD,21113,,,,,,,,,,,,,,Y,,VARCOMAC ELETRICAL CONSTRUCTION,1360 BLAIR DR,,STE #A,,ODENTON,MD,21113,US,HIGH,80,READY,2026-01-11 13:21:38,,,,,,,,,,,Y
1841,ATS,,VATICA CONTRACTORS,,,,,,,,,,,,,,,,,,,,Y,,VATICA CONTRACTORS,,,,,,,,US,LOW,20,INVALID,NaT,,,,,,,,,,,Y
1842,ATS,,VENCORE SERVICES,,,,,,,,,,,,,,,,,,,,Y,,VENCORE SERVICES,,,,,,,,US,LOW,20,INVALID,NaT,,,,,,,,,,,Y
1843,ATS,,"VENICE BULDING, INC",1416 CHESAPEAKE AVE,,,ANNAPOLIS,MD,21403,,,,,,,,,,,,,,Y,,VENICE BULDING INC,1416 CHESAPEAKE AVE,,,,ANNAPOLIS,MD,21403,US,HIGH,80,READY,2026-01-11 13:21:43,,,,,,,,,,,Y
1844,ATS,,VEOLIA ENERGY BALTIMORE CORP.,1400 RIDGELY STREET,,,BALTIMORE,MD,212230,,,,,,,,,,,,,,Y,,VEOLIA ENERGY BALTIMORE CORP,1400 RIDGELY ST,,,,BALTIMORE,MD,21223,US,HIGH,80,READY,2026-01-11 13:21:45,,,,,,,,,,,Y
1845,ATS,,VERIZON,PAYMENT CENTER,"1717 ARCH ST, 22ND FLR",,PHILADELPHIA,PA,19103,,,,,,,,,,,,,,Y,,VERIZON,1717 ARCH ST 22ND FLR,,PAYMENT CENTER,,PHILADELPHIA,PA,19103,US,MEDIUM,100,REVIEW,NaT,,,,,,,,,,,Y
1846,ATS,,VERNON HEATING & AIR,42655 TRADE WEST DRIVE,,,DULLES,VA,20166,,,,,,,,,,,,,,Y,,VERNON HEATING & AIR,42655 TRADE W DR,,,,DULLES,VA,20166,US,MEDIUM,100,REVIEW,NaT,,,,,,,,,,,Y
1847,ATS,,VETERAN DESIGN & CONSTRUCTION,5523 RESEARCH PARK DRIVE,SUITE 110,,BALTIMORE,MD,21228,,,,,,,,,,,,,,Y,,VETERAN DESIGN & CONSTRUCTION,5523 RESEARCH PARK DR,,STE #110,,BALTIMORE,MD,21228,US,HIGH,80,READY,2026-01-11 13:21:53,,,,,,,,,,,Y
1848,ATS,,VIGIL CONTRACTING,2406 CROFTON BLVD,,,CROFTON,MD,21114,,,,,,,,,,,,,,Y,,VIGIL CONTRACTING,2406 CROFTON BLVD,,,,CROFTON,MD,21114,US,HIGH,80,READY,2026-01-11 13:21:55,,,,,,,,,,,Y
1849,ATS,,VIRGINIA HOSPITAL CENTER,1701 N. GEORGE MASON DRIVE,,,ARLINGTON,VA,22205,,,,,,,,,,,,,,Y,,VIRGINIA HOSPITAL CENTER,1701 N GEORGE MASON DR,,,,ARLINGTON,VA,22205,US,HIGH,80,READY,2026-01-11 13:21:57,,,,,,,,,,,Y
1850,ATS,,VIRGINIA THEOLOGICAL SEMINARY,3737 SEMINARY ROAD,,,ALEXANDRIA,VA,22304,,,,,,,,,,,,,,Y,,VIRGINIA THEOLOGICAL SEMINARY,3737 SEMINARY RD,,,,ALEXANDRIA,VA,22304,US,HIGH,80,READY,2026-01-11 13:21:59,,,,,,,,,,,Y
1851,ATS,,VITO SERVICES,681 SOUTHLAWN LANE,,,ROCKVILLE,MD,20850,,,,,,,,,,,,,,Y,,VITO SERVICES,681 SLAWN LN,,,,ROCKVILLE,MD,20850,US,HIGH,80,READY,2026-01-11 13:22:01,,,,,,,,,,,Y
1852,ATS,,VMDC MECHANICAL SERVICES,214 HARWILL DRIVE,,,STAFFORD,VA,22556,,,,,,,,,,,,,,Y,,VMDC MECHANICAL SERVICES,214 HARWILL DR,,,,STAFFORD,VA,22556,US,HIGH,80,READY,2026-01-11 13:22:03,,,,,,,,,,,Y
1853,ATS,,EMCOR GOVERNMENT SERVICES,C/O FLBSI,PO BOX 517,,ABINGDON,MD,21009,,,,,,,,,,,,,,Y,,EMCOR GOVERNMENT SERVICES,PO BOX 517,,C/O FLBSI,,ABINGDON,MD,21009,US,MEDIUM,70,REVIEW,NaT,,,,,,,,,,,Y
1854,ATS,,"HVAC PRECISION SERVICES, INC",7610 LINDBERGH DRIVE,,,GATHERSBURG,MD,20879,,,,,,,,,,,,,,Y,,HVAC PRECISION SERVICES INC,7610 LINDBERGH DR,,,,GATHERSBURG,MD,20879,US,MEDIUM,100,REVIEW,NaT,,,,,,,,,,,Y
1855,ATS,,AG PRADA COMPANY,12122 CONWAY ROAD,,,BELTSVILLE,MD,20705-1302,,,,,,,,,,,,,,Y,,AG PRADA COMPANY,12122 CONWAY RD,,,,BELTSVILLE,MD,20705-1302,US,HIGH,80,READY,2026-01-11 13:22:08,,,,,,,,,,,Y
1856,ATS,,"MACK TRUCKS, INC.",PO BOX NC 26256,,,GREENSBORO,NC,27402-6256,,,,,,,,,,,,,,Y,,MACK TRUCKS INC,PO BOX NC 26256,,,,GREENSBORO,NC,27402-6256,US,MEDIUM,70,REVIEW,NaT,,,,,,,,,,,Y
1857,ATS,,VORNADO/CHARLES E. SMITH,PO BOX 15,,,PARAMUS,NJ,07653,,,,,,,,,,,,,,Y,,VORNADO/CHARLES E SMITH,PO BOX 15,,,,PARAMUS,NJ,07653,US,MEDIUM,70,REVIEW,NaT,,,,,,,,,,,Y
1858,ATS,,VTS AMERICA INC,3535 GRAVEL SPRINGS RD,EXT STE 201,,BUFORD,GA,30519,,,,,,,,,,,,,,Y,,VTS AMERICA INC,3535 GRAVEL SPRINGS RD,,EXTSTE #201,,BUFORD,GA,30519,US,HIGH,80,READY,2026-01-11 13:22:10,,,,,,,,,,,Y
1859,ATS,,WALBRIDGE ALDINGER,ZIP #78/MR. KEVIN RAYMER,13302 PENNSYLVANIA AVENUE,,HAGERSTOWN,MD,21742,,,,,,,,,,,,,,Y,,WALBRIDGE ALDINGER,13302 PENNSYLVANIA AVE,,ZIP #78/MR KEVIN RAYMER,,HAGERSTOWN,MD,21742,US,HIGH,80,READY,2026-01-11 13:22:12,,,,,,,,,,,Y
1860,ATS,,WALDRON OF MARYLAND,P.O. BOX 72230,EMAIL INVOICES,,BALTIMORE,MD,21237,,,,,,,,,,,,,,Y,,WALDRON OF MARYLAND,PO BOX 72230,,,,BALTIMORE,MD,21237,US,MEDIUM,70,REVIEW,NaT,,,,,,,,,,,Y
1861,ATS,,WALLACE SUPPLY LLC,2609 DEARBORN ST,,,EASTON,PA,18045,,,,,,,,,,,,,,Y,,WALLACE SUPPLY LLC,2609 DEARBORN ST,,,,EASTON,PA,18045,US,MEDIUM,100,REVIEW,NaT,,,,,,,,,,,Y
1862,ATS,,"WALLMARK SERVICE CO, LLC",780 MAIN ST,,,PRINCE FREDERICK,MD,20678,,,,,,,,,,,,,,Y,,WALLMARK SERVICE CO LLC,780 MAIN ST,,,,PRINCE FREDERICK,MD,20678,US,HIGH,80,READY,2026-01-11 13:22:16,,,,,,,,,,,Y
1863,ATS,,"WALLOPS ISLAND BUILDING SUPPLY, INC",33413 CHINCOTEAGUE ROAD,EMAIL INVOICE,,WALLOPS ISLAND,VA,23337,,,,,,,,,,,,,,Y,,WALLOPS ISLAND BUILDING SUPPLY INC,33413 CHINCOTEAGUE RD,,,,WALLOPS ISLAND,VA,23337,US,HIGH,80,READY,2026-01-11 13:22:18,,,,,,,,,,,Y
1864,ATS,,"WALSH GILBANE, LLC",929 W ADAMS ST.,,,CHICAGO,IL,60607,,,,,,,,,,,,,,Y,,WALSH GILBANE LLC,929 W ADAMS ST,,,,CHICAGO,IL,60607,US,HIGH,80,READY,2026-01-11 13:22:20,,,,,,,,,,,Y
1865,ATS,,WALT SMITH,320 ST PAUL PLACE,,,BALTIMORE,MD,21202,,,,,,,,,,,,,,Y,,WALT SMITH,320 ST PAUL PL,,,,BALTIMORE,MD,21202,US,HIGH,80,READY,2026-01-11 13:22:22,,,,,,,,,,,Y
1866,ATS,,"WALTER N. YODER & SONS, INC.",P.O. BOX 1337,,,CUMBERLAND,MD,21501,,,,,,,,,,,,,,Y,,WALTER N YODER & SONS INC,PO BOX 1337,,,,CUMBERLAND,MD,21501,US,MEDIUM,70,REVIEW,NaT,,,,,,,,,,,Y
1867,ATS,,"DMCA, INC",2110 W. DIVISION ST.,,,ARLINGTON,TX,76012,,,,,,,,,,,,,,Y,,DMCA INC,2110 W DIVISION ST,,,,ARLINGTON,TX,76012,US,HIGH,80,READY,2026-01-11 13:22:26,,,,,,,,,,,Y
1868,ATS,,WALTER REED NATIONAL MED CTR,8901 WISCONSIN AVENUE,BUILDING 54,,BETHESDA,MD,20889,,,,,,,,,,,,,,Y,,WALTER REED NATIONAL MED CTR,8901 WISCONSIN AVE,,BUILDING 54,,BETHESDA,MD,20889,US,HIGH,80,READY,2026-01-11 13:22:28,,,,,,,,,,,Y
1869,ATS,,THE WALTERS ART MUSEUM,600 N. CHARLES ST.,EMAIL INVOICE,,BALTIMORE,MD,21201,,,,,,,,,,,,,,Y,,THE WALTERS ART MUSEUM,600 N CHARLES ST,,,,BALTIMORE,MD,21201,US,HIGH,80,READY,2026-01-11 13:22:31,,,,,,,,,,,Y
1870,ATS,,R.A. WALTON & COMPANY,EMAIL INVOICE,PO BOX 20069,,YORK,PA,17402,,,,,,,,,,,,,,Y,,RA WALTON & COMPANY,PO BOX 20069,,,,YORK,PA,17402,US,MEDIUM,70,REVIEW,NaT,,,,,,,,,,,Y
1871,ATS,,WARD-BOLAND ASSOCIATES,"105 REDLAND COURT, STE A",P.O. BOX 389,,OWINGS MILLS,MD,21117-0389,,,,,,,,,,,,,,Y,,WARD-BOLAND ASSOCIATES,PO BOX 389,105 REDLAND CT STE #A,,,OWINGS MILLS,MD,21117-0389,US,MEDIUM,70,REVIEW,NaT,,,,,,,,,,,Y
1872,ATS,,WARNER MECHANICAL -email,217 MONROE AVENUE,,,FREDERICK,MD,21701,,,,,,,,,,,,,,Y,,WARNER MECHANICAL,217 MONROE AVE,,,,FREDERICK,MD,21701,US,HIGH,80,READY,2026-01-11 13:22:33,,,,,,,,,,,Y
1873,ATS,,WASHINGTON AQUEDUCT,5900 MACARTHUR BLVD NW,,,WASHINGTON,DC,20016,,,,,,,,,,,,,,Y,,WASHINGTON AQUEDUCT,5900 MACARTHUR BLVD NW,,,,WASHINGTON,DC,20016,US,HIGH,80,READY,2026-01-11 13:22:35,,,,,,,,,,,Y
1874,ATS,,WASHINGTON CAPITAL PARTNERS,5950 SYMPHONY WOODS RD #180,,,COLUMBIA,MD,21044,,,,,,,,,,,,,,Y,,WASHINGTON CAPITAL PARTNERS,5950 SYMPHONY WOODS RD #180,,,,COLUMBIA,MD,21044,US,HIGH,80,READY,2026-01-11 13:22:36,,,,,,,,,,,Y
1875,ATS,,WASHINGTON CO PUBLIC SCHOOL SYSTEM,820 COMMONWEALTH AVE,,,HAGERSTOWN,MD,21740,,,,,,,,,,,,,,Y,,WASHINGTON CO PUBLIC SCHOOL SYSTEM,820 COMMONWEALTH AVE,,,,HAGERSTOWN,MD,21740,US,HIGH,80,READY,2026-01-11 13:22:38,,,,,,,,,,,Y
1876,ATS,,Washington County Hospital,251 East Antietam St.,,,Hagerstown,MD,21740,,,,,,,,,,,,,,Y,,WASHINGTON COUNTY HOSPITAL,251 E ANTIETAM ST,,,,HAGERSTOWN,MD,21740,US,HIGH,80,READY,2026-01-11 13:22:41,,,,,,,,,,,Y
1877,ATS,,WASHINGTON GAS,6801 INDUSTRIAL ROAD,,,SPRINGFIELD,VA,22151,,,,,,,,,,,,,,Y,,WASHINGTON GAS,6801 INDUSTRIAL RD,,,,SPRINGFIELD,VA,22151,US,MEDIUM,100,REVIEW,NaT,,,,,,,,,,,Y
1878,ATS,,THE WASHINGTON HOME,"4041 POWDER MILL ROAD, SUITE 6",ATTN:  ACCOUNTS PAYABLE,,CALVERTON,MD,20705,,,,,,,,,,,,,,Y,,THE WASHINGTON HOME,4041 POWDER MILL RD,,STE #6,,CALVERTON,MD,20705,US,MEDIUM,100,REVIEW,NaT,,,,,,,,,,,Y
1879,ATS,,WASHINGTON HOSPITAL CENTER -email,"MEDSTAR HEALTH, INC.",PO BOX 44250,,BALTIMORE,MD,21236,,,,,,,,,,,,,,Y,,WASHINGTON HOSPITAL CENTER,PO BOX 44250,,MEDSTAR HEALTH INC,,BALTIMORE,MD,21236,US,MEDIUM,70,REVIEW,NaT,,,,,,,,,,,Y
1880,ATS,,"WASHINGTON REFRIGERATION CO., INC.",6721 DISTRIBUTION DRIVE,,,BELTSVILLE,MD,20705,,,,,,,,,,,,,,Y,,WASHINGTON REFRIGERATION CO INC,6721 DISTRIBUTION DR,,,,BELTSVILLE,MD,20705,US,HIGH,80,READY,2026-01-11 13:23:08,,,,,,,,,,,Y
1881,ATS,,WATERGATE HOTEL,2500 VIRGINIA AVE NW,,,WASHINGTON,DC,20037,,,,,,,,,,,,,,Y,,WATERGATE HOTEL,2500 VIRGINIA AVE NW,,,,WASHINGTON,DC,20037,US,HIGH,80,READY,2026-01-11 13:23:10,,,,,,,,,,,Y
1882,ATS,,W.B. ENGINEERING & CONSULTING,EMAIL INVOICE,"110 WILLIAM ST, 23RD FLOOR",,NEW YORK,NY,10038,,,,,,,,,,,,,,Y,,WB ENGINEERING & CONSULTING,110 WILLIAM ST 23RD FL,,,,NEW YORK,NY,10038,US,MEDIUM,100,REVIEW,NaT,,,,,,,,,,,Y
1883,ATS,,W.E. BOWERS - email,12401 KILN COURT,SUITE A,,BELTSVILLE,MD,20705,,,,,,,,,,,,,,Y,,WE BOWERS,12401 KILN CT,,STE #A,,BELTSVILLE,MD,20705,US,HIGH,80,READY,2026-01-11 13:23:14,,,,,,,,,,,Y
1884,ATS,,WEATHER CONTROL,3905 WHEELER AVENUE,,,ALEXANDRIA,VA,22304,,,,,,,,,,,,,,Y,,WEATHER CONTROL,3905 WHEELER AVE,,,,ALEXANDRIA,VA,22304,US,HIGH,80,READY,2026-01-11 13:23:16,,,,,,,,,,,Y
1885,ATS,,WEB ORDERS,DROP SHIP ORDER,,,,,,,,,,,,,,,,,,,Y,,WEB ORDERS,,,DROP SHIP ORDER,,,,,US,LOW,20,INVALID,NaT,,,,,,,,,,,Y
1886,ATS,,WEBB ELECTRIC,469 WARNER ROAD,,,MILFORD,DE,19963,,,,,,,,,,,,,,Y,,WEBB ELECTRIC,469 WARNER RD,,,,MILFORD,DE,19963,US,HIGH,80,READY,2026-01-11 13:23:20,,,,,,,,,,,Y
1887,ATS,,CORA WEEKS,21030 PEACH TREE RD.,,,DICKERSON,MD,20842,,,,,,,,,,,,,,Y,,CORA WEEKS,21030 PEACH TREE RD,,,,DICKERSON,MD,20842,US,MEDIUM,100,REVIEW,NaT,,,,,,,,,,,Y
1888,ATS,,"WELCH & RUSHE, INC - email",391 PRINCE GEORGE'S BLVD,,,UPPER MARLBORO,MD,20774,,,,,,,,,,,,,,Y,,WELCH & RUSHE INC,391 PRINCE GEORGE'S BLVD,,,,UPPER MARLBORO,MD,20774,US,HIGH,80,READY,2026-01-11 13:23:25,,,,,,,,,,,Y
1889,ATS,,WELCH & ASSOCIATES INC,2502 URBANA PIKE,SUITE 200,,IJAMSVILLE,MD,21754,,,,,,,,,,,,,,Y,,WELCH & ASSOCIATES INC,2502 URBANA PIKE,,STE #200,,IJAMSVILLE,MD,21754,US,HIGH,80,READY,2026-01-11 13:23:27,,,,,,,,,,,Y
1890,ATS,,WES GUCKERT,9900 FRANKLIN SQUARE DRIVE,,,BALTIMORE,MD,21236,,,,,,,,,,,,,,Y,,WES GUCKERT,9900 FRANKLIN SQUARE DR,,,,BALTIMORE,MD,21236,US,HIGH,80,READY,2026-01-11 13:23:29,,,,,,,,,,,Y
1891,ATS,,WESCO DISTRIBUTION INC,12141 WILFONG COURT,,,MIDLOTHIAN,VA,23112,,,,,,,,,,,,,,Y,,WESCO DISTRIBUTION INC,12141 WILFONG CT,,,,MIDLOTHIAN,VA,23112,US,MEDIUM,100,REVIEW,NaT,,,,,,,,,,,Y
1892,ATS,,WEST SHEET METAL,22611 MARKEY COURT,,,STERLING,VA,20166,,,,,,,,,,,,,,Y,,WEST SHEET METAL,22611 MARKEY CT,,,,STERLING,VA,20166,US,MEDIUM,100,REVIEW,NaT,,,,,,,,,,,Y
1893,ATS,,WESTERN MARYLAND HEALTH SYSTEM,ACCOUNTS PAYABLE,P.O. BOX 539,,CUMBERLAND,MD,21501-0539,,,,,,,,,,,,,,Y,,WESTERN MARYLAND HEALTH SYSTEM,PO BOX 539,,,,CUMBERLAND,MD,21501-0539,US,MEDIUM,70,REVIEW,NaT,,,,,,,,,,,Y
1894,ATS,,WESTIN HOTEL,"1400 M STREET, NW.",EMAIL INVOICES,,WASHINGTON,DC,20005,,,,,,,,,,,,,,Y,,WESTIN HOTEL,1400 M ST NW,,,,WASHINGTON,DC,20005,US,HIGH,80,READY,2026-01-11 13:23:35,,,,,,,,,,,Y
1895,ATS,,WF COLLINS INC.,4921 WYACONDA RD,,,ROCKVILLE,MD,20852,,,,,,,,,,,,,,Y,,WF COLLINS INC,4921 WYACONDA RD,,,,ROCKVILLE,MD,20852,US,MEDIUM,100,REVIEW,NaT,,,,,,,,,,,Y
1896,ATS,,"W.G. TOMKO, INC",EMAIL INVOICE,2559 STATE ROUTE 88,,FINLEYVILLE,PA,15332,,,,,,,,,,,,,,Y,,WG TOMKO INC,2559 STATE ROUTE 88,,,,FINLEYVILLE,PA,15332,US,MEDIUM,100,REVIEW,NaT,,,,,,,,,,,Y
1897,ATS,,"W.G./WELCH MECHANICAL CONTRACTORS, LLC",260 INTERSTATE COURT,EMAIL INVOCIES,,FREDERICK,MD,21704,,,,,,,,,,,,,,Y,,WG/WELCH MECHANICAL CONTRACTORS LLC,260 INTERSTATE CT,,S,,FREDERICK,MD,21704,US,HIGH,80,READY,2026-01-11 13:23:41,,,,,,,,,,,Y
1898,ATS,,WHARF HORIZONTAL REIT LLC,"800 MAINE AVE, SW - EMAIL",SUITE 100,,WASHINGTON,DC,20024,,,,,,,,,,,,,,Y,,WHARF HORIZONTAL REIT LLC,800 MAINE AVE SW,,STE #100,,WASHINGTON,DC,20024,US,HIGH,80,READY,2026-01-11 13:23:43,,,,,,,,,,,Y
1899,ATS,,WHC TRAVEL BASEBALL,ATTN: PAUL BUCKMASTER,3501 CHAR LIL CT,,ELLICOTT CITY,MD,21042,,,,,,,,,,,,,,Y,,WHC TRAVEL BASEBALL,3501 CHAR LIL CT,,,,ELLICOTT CITY,MD,21042,US,HIGH,80,READY,2026-01-11 13:23:48,,,,,,,,,,,Y
1900,ATS,,"WHITE SAND SECURITY, INC.",602 DORCHESTER ROAD,,,FALLS CHURCH,VA,22046,,,,,,,,,,,,,,Y,,WHITE SAND SECURITY INC,602 DORCHESTER RD,,,,FALLS CHURCH,VA,22046,US,HIGH,80,READY,2026-01-11 13:23:50,,,,,,,,,,,Y
1901,ATS,,WHITING-TURNER CONTRACTING COMPANY,300 E. JOPPA RD -email invoice,,,TOWSON,MD,21286,,,,,,,,,,,,,,Y,,WHITING-TURNER CONTRACTING COMPANY,300 E JOPPA RD,,,,TOWSON,MD,21286,US,HIGH,80,READY,2026-01-11 13:23:52,,,,,,,,,,,Y
1902,ATS,,WICOMICO CO. BOARD OF ED.,ACCOUNTS PAYABLE,PO 1538 - EMAIL,,SALISBURY,MD,21802,,,,,,,,,,,,,,Y,,WICOMICO CO BOARD OF ED,PO BOX 1538,,,,SALISBURY,MD,21802,US,MEDIUM,70,REVIEW,NaT,,,,,,,,,,,Y
1903,ATS,,WILFRE CO.,8161 MEMORY GARDENS LN,,,HEBRON,MD,21830,,,,,,,,,,,,,,Y,,WILFRE CO,8161 MEMORY GARDENS LN,,,,HEBRON,MD,21830,US,MEDIUM,100,REVIEW,NaT,,,,,,,,,,,Y
1904,ATS,,"WILLARD ASSOCIATES, LP","1455 PENNSYLVANIA AVE., NW, SUITE 400",EMAIL INVOICE,,WASHINGTON,DC,20004,,,,,,,,,,,,,,Y,,WILLARD ASSOCIATES LP,1455 PENNSYLVANIA AVE NW,,STE #400,,WASHINGTON,DC,20004,US,HIGH,80,READY,2026-01-11 13:23:58,,,,,,,,,,,Y
1905,ATS,,WILLOW CONSTRUCTION COMPANY,400 MARYLAND AVE,,,EASTON,MD,21601,,,,,,,,,,,,,,Y,,WILLOW CONSTRUCTION COMPANY,400 MARYLAND AVE,,,,EASTON,MD,21601,US,HIGH,80,READY,2026-01-11 13:23:59,,,,,,,,,,,Y
1906,ATS,,WISMER RICHARD,,,,,,,,,,,,,,,,,,,,Y,,WISMER RICHARD,,,,,,,,US,LOW,20,INVALID,NaT,,,,,,,,,,,Y
1907,ATS,,"WISTEX, INC.",1730 STOUT DRIVE,SUITE ONE,,WARMINSTER,PA,18974,,,,,,,,,,,,,,Y,,WISTEX INC,1730 STOUT DR,,STE #ONE,,WARMINSTER,PA,18974,US,MEDIUM,100,REVIEW,NaT,,,,,,,,,,,Y
1908,ATS,,"WISTEX, INC.","1730 STOUT DRIVE, SUITE ONE",,,WARMINSTER,PA,18974,,,,,,,,,,,,,,Y,,WISTEX INC,1730 STOUT DR,,STE #ONE,,WARMINSTER,PA,18974,US,MEDIUM,100,REVIEW,NaT,,,,,,,,,,,Y
1909,ATS,,"WITTMAN MECHANICAL CONTRACTORS, INC",22560 GLENN DRIVE SUITE #111,,,STERLING,VA,20164,,,,,,,,,,,,,,Y,,WITTMAN MECHANICAL CONTRACTORS INC,22560 GLENN DR,,STE ##111,,STERLING,VA,20164,US,HIGH,80,READY,2026-01-11 13:24:08,,,,,,,,,,,Y
1910,ATS,,"W.L. GARY COMPANY, INC. -email",PO BOX 91113,,,WASHINGTON,DC,20090,,,,,,,,,,,,,,Y,,WL GARY COMPANY INC,PO BOX 91113,,,,WASHINGTON,DC,20090,US,MEDIUM,70,REVIEW,NaT,,,,,,,,,,,Y
1911,ATS,,WOHLSEN CONSTRUCTION,"190 WEST OSTEND ST., SUITE 100",,,BALTIMORE,MD,21230,,,,,,,,,,,,,,Y,,WOHLSEN CONSTRUCTION,190 W OSTEND ST,,STE #100,,BALTIMORE,MD,21230,US,HIGH,80,READY,2026-01-11 13:24:09,,,,,,,,,,,Y
1912,ATS,,WOLF TRAP,1551 TRAP RD,,,VIENNA,VA,22182,,,,,,,,,,,,,,Y,,WOLF TRAP,1551 TRAP RD,,,,VIENNA,VA,22182,US,MEDIUM,100,REVIEW,NaT,,,,,,,,,,,Y
1913,ATS,,WOR-WIC COMMUNITY COLLEGE,32000 CAMPUS DRIVE,,,SALISBURY,MD,21804,,,,,,,,,,,,,,Y,,WOR-WIC COMMUNITY COLLEGE,32000 CAMPUS DR,,,,SALISBURY,MD,21804,US,MEDIUM,100,REVIEW,NaT,,,,,,,,,,,Y
1914,ATS,,WORCESTER COUNTY BOARD OF EDUCATION,6270 Worcester Highway,,,Newark,MD,21841,,,,,,,,,,,,,,Y,,WORCESTER COUNTY BOARD OF EDUCATION,6270 WORCESTER HWY,,,,NEWARK,MD,21841,US,HIGH,80,READY,2026-01-11 13:24:15,,,,,,,,,,,Y
1915,ATS,,"WORCH ELECTRIC, INC",2230 DISTRIBUTION CIR,EMAIL INVOICE,,SILVER SPRING,MD,20910,,,,,,,,,,,,,,Y,,WORCH ELECTRIC INC,2230 DISTRIBUTION CIR,,,,SILVER SPRING,MD,20910,US,HIGH,80,READY,2026-01-11 13:24:16,,,,,,,,,,,Y
1916,ATS,,WORLD BANK,3301 PENNSY DRIVE,,,LANDOVER,MD,20785,,,,,,,,,,,,,,Y,,WORLD BANK,3301 PENNSY DR,,,,LANDOVER,MD,20785,US,HIGH,80,READY,2026-01-11 13:24:18,,,,,,,,,,,Y
1917,ATS,,WORLD WIDE CORPORATION,2126 AISQUITH STREET,EMAIL INVOICES,,BALTIMORE,MD,21218,,,,,,,,,,,,,,Y,,WORLD WIDE CORPORATION,2126 AISQUITH ST,,,,BALTIMORE,MD,21218,US,HIGH,80,READY,2026-01-11 13:24:20,,,,,,,,,,,Y
1918,ATS,,WORLDWIDE ENVIRONMENT SERVICES,"WES, LLC.-ACCOUNTS PAYABLE",P.O. BOX 1541,,BLUE BELL,PA,19422,,,,,,,,,,,,,,Y,,WORLDWIDE ENVIRONMENT SERVICES,PO BOX 1541,,WES LLC-ACCOUNTS PAYABLE,,BLUE BELL,PA,19422,US,MEDIUM,70,REVIEW,NaT,,,,,,,,,,,Y
1919,ATS,,WORTH & COMPANY,EMAIL INVOICE,6263 KELLERS CHURCH ROAD,,PIPERSVILLE,PA,18947,,,,,,,,,,,,,,Y,,WORTH & COMPANY,6263 KELLERS CHURCH RD,,,,PIPERSVILLE,PA,18947,US,MEDIUM,100,REVIEW,NaT,,,,,,,,,,,Y
1920,ATS,,"WRB CONSTRUCTION , LLC",P.O. BOX 207,EMAIL INVOICES,,CLEAR BROOK,VA,22624,,,,,,,,,,,,,,Y,,WRB CONSTRUCTION LLC,PO BOX 207,,,,CLEAR BROOK,VA,22624,US,MEDIUM,70,REVIEW,NaT,,,,,,,,,,,Y
1921,ATS,,WRIGHT MECHANICAL,617 COMMERCE DRIVE,,,UPPER MARLBORO,MD,20774,,,,,,,,,,,,,,Y,,WRIGHT MECHANICAL,617 COMMERCE DR,,,,UPPER MARLBORO,MD,20774,US,MEDIUM,100,REVIEW,NaT,,,,,,,,,,,Y
1922,ATS,,WRT CORP,104 CARPENTER DR,,,STERLING,VA,20164,,,,,,,,,,,,,,Y,,WRT CORP,104 CARPENTER DR,,,,STERLING,VA,20164,US,HIGH,80,READY,2026-01-11 13:24:25,,,,,,,,,,,Y
1923,ATS,,WW CONTRACTORS INC - email,P.O. BOX 597,,,RANDALLSTOWN,MD,21133,,,,,,,,,,,,,,Y,,WW CONTRACTORS INC,PO BOX 597,,,,RANDALLSTOWN,MD,21133,US,MEDIUM,70,REVIEW,NaT,,,,,,,,,,,Y
1924,ATS,,"XETEX, LLC","9405 HOLLY STREET NW, STE E",,,COON RAPIDS,MN,55433,,,,,,,,,,,,,,Y,,XETEX LLC,9405 HOLLY ST NW,,STE E,,COON RAPIDS,MN,55433,US,HIGH,80,READY,2026-01-11 13:24:26,,,,,,,,,,,Y
1925,ATS,,XNRGY CLIMATE SYSTEMS ULC - email,"925 H ST NW, UNIT 901",,,WAHSINGTON,DC,20001,,,,,,,,,,,,,,Y,,XNRGY CLIMATE SYSTEMS ULC,925 H ST NW UNIT 901,,,,WAHSINGTON,DC,20001,US,MEDIUM,100,REVIEW,NaT,,,,,,,,,,,Y
1926,ATS,,CED YALE ELECTRIC SUPPLY COMPANY,PO BOX 660,,,LABANON,PA,17042-0660,,,,,,,,,,,,,,Y,,CED YALE ELECTRIC SUPPLY COMPANY,PO BOX 660,,,,LABANON,PA,17042-0660,US,MEDIUM,70,REVIEW,NaT,,,,,,,,,,,Y
1927,ATS,,"YANG ENTERPRISES, INC.",1420 ALAFAYA TRAIL,SUITE 200,,OVIEDO,FL,32765,,,,,,,,,,,,,,Y,,YANG ENTERPRISES INC,1420 ALAFAYA TRAIL,,STE #200,,OVIEDO,FL,32765,US,HIGH,80,READY,2026-01-11 13:24:29,,,,,,,,,,,Y
1928,ATS,,MIKE YEAGER,,,,,,,,,,,,,,,,,,,,Y,,MIKE YEAGER,,,,,,,,US,LOW,20,INVALID,NaT,,,,,,,,,,,Y
1929,ATS,,Y.E.M. CORPORATION,18 OLD PADONIA ROAD,,,COCKEYSVILLE,MD,21030,,,,,,,,,,,,,,Y,,YEM CORPORATION,18 OLD PADONIA RD,,,,COCKEYSVILLE,MD,21030,US,HIGH,80,READY,2026-01-11 13:24:32,,,,,,,,,,,Y
1930,ATS,,YORK JOHNSON CONTROLS INC.,1101 HAMPTON PARK BLVD,SUITE 100 BLDG C,,CAPITAL HEIGHTS,MD,20743,,,,,,,,,,,,,,Y,,JOHNSON CONTROLS INC,1101 HAMPTON PARK BLVD,,STE #100 BLDG C,,CAPITAL HEIGHTS,MD,20743,US,MEDIUM,100,REVIEW,NaT,,,,,,,,,,,Y
1931,ATS,,JCI- YORK EQUIPMENT SALES,SALES ATTN: BARB BOUCHER,60 LOVETON CIRCLE,,SPARKS,MD,21152,,,,,,,,,,,,,,Y,,JCI- YORK EQUIPMENT SALES,60 LOVETON CIR,,,,SPARKS,MD,21152,US,HIGH,80,READY,2026-01-11 13:24:36,,,,,,,,,,,Y
1932,ATS,,YORK INTERNATIONAL,9055A GUILFORD ROAD,SALES DEPARTMENT,,COLUMBIA,MD,21046,,,,,,,,,,,,,,Y,,YORK INTERNATIONAL,9055A GUILFORD RD,,SALES DEPARTMENT,,COLUMBIA,MD,21046,US,HIGH,80,READY,2026-01-11 13:24:37,,,,,,,,,,,Y
1933,ATS,,"YU CONSULTING, LLC",PO BOX 454,EMAIL INVOICES,,WHITE MARSH,MD,21236,,,,,,,,,,,,,,Y,,YU CONSULTING LLC,PO BOX 454,,,,WHITE MARSH,MD,21236,US,MEDIUM,70,REVIEW,NaT,,,,,,,,,,,Y
1934,ATS,,ZENTECH MANUFACTORING,EMAIL INVOICE,6980 TUDSBURY ROAD,,WINDSOR MILL,MD,21244,,,,,,,,,,,,,,Y,,ZENTECH MANUFACTORING,6980 TUDSBURY RD,,,,WINDSOR MILL,MD,21244,US,HIGH,80,READY,2026-01-11 13:24:39,,,,,,,,,,,Y
1935,ATS,,BILL ZIMMER,7477 CEDAR RUN DRIVE,,,WARRENTON,VA,20187,,,,,,,,,,,,,,Y,,BILL ZIMMER,7477 CEDAR RUN DR,,,,WARRENTON,VA,20187,US,MEDIUM,100,REVIEW,NaT,,,,,,,,,,,Y
1936,ATS,,"ZOETIS, LLC",10 SYLVAN WAY,EMAIL INVOICES,,PARSIPPANY,NJ,07054,,,,,,,,,,,,,,Y,,ZOETIS LLC,10 SYLVAN WAY,,,,PARSIPPANY,NJ,07054,US,HIGH,80,READY,2026-01-11 13:24:42,,,,,,,,,,,Y
1937,ATS,,A QUALITY HEATING & AIR CONDITIONING,1824 RIDGE RD,,,WESTMINISTER,MD,21157,,,,,,410-751-9533,Ship To 1,,,,,,Y,,,A QUALITY HEATING & AIR CONDITIONING,1824 RIDGE RD,,,,WESTMINISTER,MD,21157,US,MEDIUM,100,REVIEW,NaT,,,+14107519533,,,,,,,Y,
1938,ATS,,VALIANT INTEGRATED SERVICES,"45180 BUSINESS CT, STE 600",,,STERLING,VA,20166,,,,,,(703) 437-1179,,,,accountspayable@onevaliant.com; Ann.Gum@onevaliant.com,,,Y,,,VALIANT INTEGRATED SERVICES,45180 BUSINESS CT,,STE 600,,STERLING,VA,20166,US,HIGH,80,READY,2026-01-11 13:24:46,,,+17034371179,,,,accountspayable@onevaliant.com,ann.gum@onevaliant.com,,Y,
1939,ATS,,ABSOLUTE SUPPLY AND SERVICE,4592 BEECH RD,,,TEMPLE HILLS,MD,20748,,,,,,888-559-9693,PAULA HUBBARD,,,INVOICE@ABSOLUTE-SAA.COM,,,Y,,,ABSOLUTE SUPPLY & SERVICE,4592 BEECH RD,,,,TEMPLE HILLS,MD,20748,US,HIGH,80,READY,2026-01-11 13:24:47,,,+18885599693,Paula Hubbard,,,invoice@absolute-saa.com,,,Y,
1940,ATS,,"ADRIAN L. MERTON, INC.",9011 EAST HAMPTON DRIVE,,,CAPITOL HEIGHTS,MD,20743,,,,,,(301) 336-6077,KELLIE BURR,,,fball@almerton.com;TMerton@almerton.com,,,Y,,,ADRIAN L MERTON INC,9011 E HAMPTON DR,,,,CAPITOL HEIGHTS,MD,20743,US,HIGH,80,READY,2026-01-11 13:24:49,,,+13013366077,Kellie Burr,,,fball@almerton.com,tmerton@almerton.com,,Y,
1941,ATS,,AIR TREATMENT CORP,957 LAWSON STREET,,,CITY OF INDUSTRY,CA,91748,,,,,,714-257-9982,Ship To 1,,,AcctsPayable@airtreatment.com,,,Y,,,AIR TREATMENT CORP,957 LAWSON ST,,,,CITY OF INDUSTRY,CA,91748,US,HIGH,80,READY,2026-01-11 13:24:51,,,+17142579982,,,,acctspayable@airtreatment.com,,,Y,
1942,ATS,,AIRCO SUPPLY,22378 A THREE NOTCH ROAD,,,LEXINGTON PARK,MD,20653,,,,,,,,,,,,,Y,,,AIRCO SUPPLY,22378 A THREE NOTCH RD,,,,LEXINGTON PARK,MD,20653,US,MEDIUM,100,REVIEW,NaT,,,,,,,,,,Y,
1943,ATS,,AIRECO SUPPLY - email,22378 A THREE NOTCH ROAD,,,LEXINGTON PARK,MD,20653,,,,,,,,,,ap@aireco.com,,,Y,,,AIRECO SUPPLY,22378 A THREE NOTCH RD,,,,LEXINGTON PARK,MD,20653,US,MEDIUM,100,REVIEW,NaT,,,,,,,ap@aireco.com,,,Y,
1944,ATS,,ALICE STEELE,85 SOUTHVIEW DR,,,HUNTINGTOWN,MD,20639,,,,,,,Ship To 1,,,,,,Y,,,ALICE STEELE,85 SVIEW DR,,,,HUNTINGTOWN,MD,20639,US,MEDIUM,100,REVIEW,NaT,,,,,,,,,,Y,
1945,ATS,,AMAZON,TO BE DTERMINED,,,,,,,,,,,,,,,,,,Y,,,AMAZON,,,,,,,,US,LOW,20,INVALID,NaT,,,,,,,,,,Y,
1946,ATS,,AMERICAN BOILER INC,5649-M GENERAL WASHINGTON DR.,,,ALEXANDRIA,VA,22312,,,,,,(703) 941-6792,,,,,,,Y,,,AMERICAN BOILER INC,5649-M GENERAL WASHINGTON DR,,,,ALEXANDRIA,VA,22312,US,MEDIUM,100,REVIEW,NaT,,,+17039416792,,,,,,,Y,
1947,ATS,,AMERICAN FINANCIAL REALTY TRUST,610 OLD YORK ROAD,(STEPHANIE),,JENKINTOWN,PA,19046,,,,,,,Ship To 1,,,,,,Y,,,AMERICAN FINANCIAL REALTY TRUST,610 OLD YORK RD,,(STEPHANIE),,JENKINTOWN,PA,19046,US,HIGH,80,READY,2026-01-11 13:25:00,,,,,,,,,,Y,
1948,ATS,,AMERICAN UNIVERSITY - email invoices,"4400 MASSACHUSETTS AVENUE, NW",LOWER LEVEL ASBURY BUILDING,,WASHINGTON,DC,20016,,,,202-885-2303-DARLINE,,202-885-1047,SONDRA,,,accountspayable@american.edu,,,Y,,,AMERICAN UNIVERSITY,4400 MASSACHUSETTS AVE NW,,LOWER LEVEL ASBURY BLDG,,WASHINGTON,DC,20016,US,HIGH,80,READY,2026-01-11 13:25:02,+12028852303,,+12028851047,Sondra,,,accountspayable@american.edu,,,Y,
1949,ATS,,ANNE ARUNDEL MED CTR - email,STOREROOM,2001 MEDICAL PARKWAY,,ANNAPOLIS,MD,21401,,,,,,,JOSLYNN,,,accountspayable@aahs.org,,,Y,,,ANNE ARUNDEL MED CTR,2001 MEDICAL PKWY,,STOREROOM,,ANNAPOLIS,MD,21401,US,HIGH,80,READY,2026-01-11 13:25:04,,,,Joslynn,,,accountspayable@aahs.org,,,Y,
1950,ATS,,"OATH, INC.",22110 PACIFIC BOUELVARD,,,DULLES,VA,20166,,,,,,703-265-2108,Ship To 1,,,oathsupport@teamaol.com,,,Y,,,OATH INC,22110 PACIFIC BOUELVARD,,,,DULLES,VA,20166,US,MEDIUM,100,REVIEW,NaT,,,+17032652108,,,,oathsupport@teamaol.com,,,Y,
1951,ATS,,APPARATUS REPAIR & ENGINEERING,APPARATUS REPAIR & ENTINEERING,11241 NURSERY ROAD,,HAGARSTOWN,MD,21740,,,,,,301-739-3804,,,,INVOICES@ARE-INC.COM,,,Y,,,APPARATUS REPAIR & ENGINEERING,11241 NURSERY RD,,APPARATUS REPAIR & ENTINEERING,,HAGARSTOWN,MD,21740,US,MEDIUM,100,REVIEW,NaT,,,+13017393804,,,,invoices@are-inc.com,,,Y,
1952,ATS,,AQUIL MECHANICAL WORKS,"2419 EVARTS ST, NE",,,WASHINGTON,DC,20018,,,,,,(202) 832-3296,RASHAD WATT,,,RASAQUIL@YAHOO.COM,,,Y,,,AQUIL MECHANICAL WORKS,2419 EVARTS ST NE,,,,WASHINGTON,DC,20018,US,HIGH,80,READY,2026-01-11 13:25:09,,,+12028323296,Rashad Watt,,,rasaquil@yahoo.com,,,Y,
1953,ATS,,ARCTIC REFRIGERATION,1050 SOUTH DUKELAND STREET,,,BALTIMORE,MD,21223,,,,,,410-947-4129,Ship To 1,,,JPARCTIC@VERIZON.NET,,,Y,,,ARCTIC REFRIGERATION,1050 S DUKELAND ST,,,,BALTIMORE,MD,21223,US,HIGH,80,READY,2026-01-11 13:25:10,,,+14109474129,,,,jparctic@verizon.net,,,Y,
1954,ATS,,CITY OF BALTIMORE FINANCE DEPARTMENT,1 WEST PRATT STREET,,,BALTIIMORE,MD,21207,,,,410-649-7033 -AP,,410-649-7399,Ship To 1,,,CITY-PAYABLES@BALTIMORECITY.GOV,,,Y,,,CITY OF BALTIMORE FINANCE DEPARTMENT,1 W PRATT ST,,,,BALTIIMORE,MD,21207,US,MEDIUM,100,REVIEW,NaT,+14106497033,,+14106497399,,,,city-payables@baltimorecity.gov,,,Y,
1955,ATS,,BALTIMORE WASHINGTON MEDICAL CENTER,301 HOSPITAL DRIVE,,,GLEN BURNIE,MD,21061,,,,,,410-328-8813,SHIP TO,,,UMMSinvoices@onlinecapturecenter.com,,,Y,,,BALTIMORE WASHINGTON MEDICAL CENTER,301 HOSPITAL DR,,,,GLEN BURNIE,MD,21061,US,HIGH,80,READY,2026-01-11 13:25:13,,,+14103288813,,,,ummsinvoices@onlinecapturecenter.com,,,Y,
1956,ATS,,BALTIMORE CENTRAL BOOKING & INTAKE CTR,300 E. MADISON ST.,REAR LOADING DOCK,,BALTIMORE,MD,21202,,,,410-209-4172 A/P,,410-545-8202,Ship To 1,,,410-209-4270 A/P FAX,,,Y,,,BALTIMORE CENTRAL BOOKING & INTAKE CTR,300 E MADISON ST,,REAR LOADING DOCK,,BALTIMORE,MD,21202,US,HIGH,80,READY,2026-01-11 13:25:15,+14102094172,+14102094270,+14105458202,,,,,,,Y,
1957,ATS,,BALTIMORE COUNTY PUBLIC SCHOOLS,NEW TOWN HIGH SCHOOL,4931 NEW TOWN BLVD,,OWINGS MILLS,MD,21117,,,,,,410-887-5875,Ship To 1,,,,,,Y,,,BALTIMORE COUNTY PUBLIC SCHOOLS,4931 NEW TOWN BLVD,,NEW TOWN HIGH SCHOOL,,OWINGS MILLS,MD,21117,US,HIGH,80,READY,2026-01-11 13:25:17,,,+14108875875,,,,,,,Y,
1958,ATS,,BERRY PLASTICS,1810 PORTAL STREET,,,BALTIMORE,MD,21224,,,,,,812-424-0128,Ship To 1,,,,,,Y,,,BERRY PLASTICS,1810 PORTAL ST,,,,BALTIMORE,MD,21224,US,HIGH,80,READY,2026-01-11 13:25:18,,,+18124240128,,,,,,,Y,
1959,ATS,,BOST &  FILTREX INC,806 RACE RD,,,BALTIMORE,MD,21221,,,,614-486-5961,,614-486-6961,,,,ACCOUNTSPAYABLE@KETCHUMANDWALTON.COM,,,Y,,,BOST & FILTREX INC,806 RACE RD,,,,BALTIMORE,MD,21221,US,HIGH,80,READY,2026-01-11 13:25:20,+16144865961,,+16144866961,,,,accountspayable@ketchumandwalton.com,,,Y,
1960,ATS,,BRANDYWINE REALTY TRUST - EMAIL,THE WORLD BANK GROUP,3301 PENNSY DRIVE,,LANDOVER,MD,20785,,,,,,,JOE ROSS,,,BRANDYWINE@AVIDBILL.COM,,,Y,,,BRANDYWINE REALTY TRUST,3301 PENNSY DR,,THE WORLD BANK GROUP,,LANDOVER,MD,20785,US,HIGH,80,READY,2026-01-11 13:25:22,,,,Joe Ross,,,brandywine@avidbill.com,,,Y,
1961,ATS,,PAUL BUTZ,3236 MEARS BEND STREET,,,CHESAPEAKE BEACH,MD,20732,,,,,,,Ship To 1,,,,,,Y,,,PAUL BUTZ,3236 MEARS BEND ST,,,,CHESAPEAKE BEACH,MD,20732,US,MEDIUM,100,REVIEW,NaT,,,,,,,,,,Y,
1962,ATS,,CALVERT COUNTY DEPT OF FINANCE & BUDGET,COURTHOUSE ANNEX,176 MAIN STREET,,PRINCE FREDERICK,MD,20678,,,,410-535-1600-SHIP,,410-414-3720,Ship To 1,,,financeap@calvertcountymd.gov,,,Y,,,CALVERT COUNTY DEPT OF FINANCE & BUDGET,176 MAIN ST,,COURTHOUSE ANNEX,,PRINCE FREDERICK,MD,20678,US,HIGH,80,READY,2026-01-11 13:25:25,+14105351600,,+14104143720,,,,financeap@calvertcountymd.gov,,,Y,
1963,ATS,,"ABM BUILDING SRVICES, LLC WASHINGTON DC",INOVA ALEXANDRIA PHARMACY,7905 HILL PARK COURT,,LORTON,VA,22079,,,,571-483-3161,,703-370-6515-AP,Ship To 1,,,kyuan@abm.com,,,Y,,,ABM BUILDING SRVICES LLC,7905 HILL PARK CT,,INOVA ALEXANDRIA PHARMACY,,LORTON,VA,22079,US,MEDIUM,100,REVIEW,NaT,+15714833161,,+17033706515,,,,kyuan@abm.com,,,Y,
1964,ATS,,CALVERT MECHANICAL INC,3018 KAVERTON ROAD,,,FORESTVILLE,MD,20747,,,,,,(301) 855-2118,NANCY THRASHER,,,NANCY.THRASHER@CALVERTMECHINC.COM,,,Y,,,CALVERT MECHANICAL INC,3018 KAVERTON RD,,,,FORESTVILLE,MD,20747,US,HIGH,80,READY,2026-01-11 13:25:28,,,+13018552118,Nancy Thrasher,,,nancy.thrasher@calvertmechinc.com,,,Y,
1965,ATS,,ABM GOVERNMENT SERVICES,5701 GENERAL WASHINGTON DR,SUITE 1,,ALEXANDRIA,VA,22312,,,,,,703-370-8674,TOM FOGLEMAN,,,,,,Y,,,ABM GOVERNMENT SERVICES,5701 GENERAL WASHINGTON DR,,STE #1,,ALEXANDRIA,VA,22312,US,MEDIUM,100,REVIEW,NaT,,,+17033708674,Tom Fogleman,,,,,,Y,
1966,ATS,,CAMBRIDGE ASSET ADVISORS,"901 E STREET, SUITE 450",,,WASHINGTON,DC,20004,,,,,,,Ship To 1,,,,,,Y,,,CAMBRIDGE ASSET ADVISORS,901 E ST,,STE #450,,WASHINGTON,DC,20004,US,MEDIUM,75,REVIEW,2026-01-11 13:25:31,,,,,,,,,,Y,
1967,ATS,,CAPITAL CITY CONTROLS,120 WESTHAMPTON AVENUE,,,CAPITAL HEIGHTS,MD,20743,,,,651-602-6500 a/p,,,MELISSA DOUMBIA,,,speterson@hmcc.com,,,Y,,,CAPITAL CITY CONTROLS,120 WHAMPTON AVE,,,,CAPITAL HEIGHTS,MD,20743,US,MEDIUM,100,REVIEW,NaT,+16516026500,,,Melissa Doumbia,,,speterson@hmcc.com,,,Y,
1968,ATS,,SONEPAR/CAPITAL LIGHTING & SUPPLY,600 W HAMBURGER ST,,,BALTIMORE,MD,21230,,,,410-752-4080,,407-916-7467,Ship To 1,,,apinvoices@sonepar-us.com,,,Y,,,SONEPAR/CAPITAL LIGHTING & SUPPLY,600 W HAMBURGER ST,,,,BALTIMORE,MD,21230,US,MEDIUM,100,REVIEW,NaT,+14107524080,,+14079167467,,,,apinvoices@sonepar-us.com,,,Y,
1969,ATS,,CAPITALTRISTATE - SALISBURY,CAPITAL TRISTATEEMAIL INVOICES,1774 WESTWOOD DRIVE,,SALISBURY,MD,21801-2295,,,,,,410-546-4230,,,,CATHY.BURTON@CAPITALTRISTATE.COM,,,Y,,,CAPITALTRISTATE,1774 WWOOD DR,,CAPITAL TRISTATE,,SALISBURY,MD,21801-2295,US,HIGH,80,READY,2026-01-11 13:25:37,,,+14105464230,,,,cathy.burton@capitaltristate.com,,,Y,
1970,ATS,,"CAPITOL CITY SUPPLY CO., INC.",5795-A BURKE CENTRE PKWY.,,,BURKE,VA,22015,,,,,,703-426-9302,KIM,,,CAPCITY@COX.NET,,,Y,,,CAPITOL CITY SUPPLY CO INC,5795-A BURKE CT PKWY,,,,BURKE,VA,22015,US,HIGH,80,READY,2026-01-11 13:25:38,,,+17034269302,Kim,,,capcity@cox.net,,,Y,
1971,ATS,,CARRIER CORPORATION,3701 COMMERCE DRIVE,,,BALTIMORE,MD,21227,,,,,,860-622-0204,Ship To 1,,,ANDREA.LAWRENCE@CARRIER.COM; UTCAP.BISDIRSALESINV@CONDUENT.COM,,,Y,,,CARRIER CORPORATION,3701 COMMERCE DR,,,,BALTIMORE,MD,21227,US,HIGH,80,READY,2026-01-11 13:25:40,,,+18606220204,,,,andrea.lawrence@carrier.com,utcap.bisdirsalesinv@conduent.com,,Y,
1972,ATS,,CARRIER CORP. - BALTIMORE,Carrier Commercial Service,3701 COMMERCE DRIVE,,BALTIMORE,MD,21227,,,,443-790-1964 CELL,,443-568-0260,BARBARA JACOBI,,,CCS.Field.Inv@carrier.com,,,Y,,,CARRIER CORP,3701 COMMERCE DR,,CARRIER COMMERCIAL SERVICE,,BALTIMORE,MD,21227,US,HIGH,80,READY,2026-01-11 13:25:42,+14437901964,,+14435680260,Barbara Jacobi,,,ccs.field.inv@carrier.com,,,Y,
1973,ATS,,CARROLL COUNTY GOVERNMENT,BILL ERB,1601 WASHINGTON ROAD,,WESTMINISTER,MD,21157,,,,,,,Ship To 1,,,,,,Y,,,CARROLL COUNTY GOVERNMENT,1601 WASHINGTON RD,,BILL ERB,,WESTMINISTER,MD,21157,US,MEDIUM,100,REVIEW,NaT,,,,,,,,,,Y,
1974,ATS,,CARTER MACHINERY CO. INC,1330 LYNCHBURG TURNPIKE,,,SALEM,VA,24153,,,,,,540-387-1708,,,,ACCOUNTING_INBOX@CARTERMACHINERY.COM,,,Y,,,CARTER MACHINERY CO INC,1330 LYNCHBURG TURNPIKE,,,,SALEM,VA,24153,US,HIGH,80,READY,2026-01-11 13:25:45,,,+15403871708,,,,accounting_inbox@cartermachinery.com,,,Y,
1975,ATS,,CECIL COLLEGE,ONE SEAHAWK DRIVE,,,NORTH EAST,MD,21901,,,,,,410-287-1026-AP,Ship To 1,,,CTHOMAS@CECIL.EDU,,,Y,,,CECIL COLLEGE,ONE SEAHAWK DR,,,,NORTH EAST,MD,21901,US,MEDIUM,100,REVIEW,NaT,,,+14102871026,,,,cthomas@cecil.edu,,,Y,
1976,ATS,,"CHAMBERLAIN ENTERPRISE, LLC",4106 PINEWOOD LANE,,,JEFFERSONTON,VA,22724,,,,,,,,,,,,,Y,,,CHAMBERLAIN ENTERPRISE LLC,4106 PINEWOOD LN,,,,JEFFERSONTON,VA,22724,US,MEDIUM,100,REVIEW,NaT,,,,,,,,,,Y,
1977,ATS,,WOLF CREEK FEDERAL SERVICES,10840 GUILFORD RD,SUITE 406-7,,ANNAPOLIS JUNCTION,MD,20701,,,,,,410-684-2972,Ship To 1,,,WCFS-FTMD-PO@CHUGACHGOV.COM,,,Y,,,WOLF CREEK FEDERAL SERVICES,10840 GUILFORD RD,,STE #406-7,,ANNAPOLIS JUNCTION,MD,20701,US,MEDIUM,100,REVIEW,NaT,,,+14106842972,,,,wcfs-ftmd-po@chugachgov.com,,,Y,
1978,ATS,,"CHUGACH FEDERAL SOLUTIONS, INC",8800 GREENBELT RD,"BLDG 4, RM 135",,GREENBELT,MD,20771,,,,,,301-286-5363,RANDEM YOUNG,,,vendor.inv@chugach-ak.com,,,Y,,,CHUGACH FEDERAL SOLUTIONS INC,8800 GREENBELT RD,,BLDG 4 RM 135,,GREENBELT,MD,20771,US,HIGH,80,READY,2026-01-11 13:25:52,,,+13012865363,Randem Young,,,vendor.inv@chugach-ak.com,,,Y,
1979,ATS,,CLIFTON T PERKINS HOSPITAL CTR,8450 DORSEY RUN ROAD,(DOUG AUSTIN),,JESSUP,MD,20794,,,,,,410-724-3049,Ship To 1,,,,,,Y,,,CLIFTON T PERKINS HOSPITAL CTR,8450 DORSEY RUN RD,,(DOUG AUSTIN),,JESSUP,MD,20794,US,HIGH,80,READY,2026-01-11 13:25:53,,,+14107243049,,,,,,,Y,
1980,ATS,,CLIMATE CRAFT INC,1427 NW 3RD ST,,,OCEAN CITY,OK,73106-2607,,,,,,405-415-9231,Ship To 1,,,ACCOUNTSPAYABLE@CLIMATECRAFT.COM,,,Y,,,CLIMATE CRAFT INC,1427 NW 3RD ST,,,,OCEAN CITY,OK,73106-2607,US,MEDIUM,100,REVIEW,NaT,,,+14054159231,,,,accountspayable@climatecraft.com,,,Y,
1981,ATS,,COLLIERS PINKARD,A SIDE AHU-2,11311 MCCORMICK RD,,HUNT VALLEY,MD,,,,,,,410-785-4986,Ship To 1,,,,,,Y,,,COLLIERS PINKARD,11311 MCCORMICK RD,,A SIDE AHU-2,,HUNT VALLEY,MD,21031,US,HIGH,80,READY,2026-01-11 13:25:57,,,+14107854986,,,,,,,Y,
1982,ATS,,COLONIAL WEBB CONTRACTORS,2820 ACKLEY AVENUE,,,RICHMOND,VA,23228,,,,,,804-200-4331,Ship To 1,,,accountspayable@colonialwebb.com,,,Y,,,COLONIAL WEBB CONTRACTORS,2820 ACKLEY AVE,,,,RICHMOND,VA,23228,US,MEDIUM,100,REVIEW,NaT,,,+18042004331,,,,accountspayable@colonialwebb.com,,,Y,
1983,ATS,,COLUMBIA PROPERTY TRUST,100 EAST PRATT STREET,SUITE 1200,,BALTIMORE,MD,21202,,,,,,,,,,COLUMBIAPROPERTYTRUST@AVIDBILL.COM,,,Y,,,COLUMBIA PROPERTY TRUST,100 E PRATT ST,,STE #1200,,BALTIMORE,MD,21202,US,HIGH,80,READY,2026-01-11 13:26:00,,,,,,,columbiapropertytrust@avidbill.com,,,Y,
1984,ATS,,CROCKETT FACILITIES SERVICES,4931 TELSA DRIVE,SUITE C,,BOWIE,MD,20754,,,,,,,Ship To 1,,,,,,Y,,,CROCKETT FACILITIES SERVICES,4931 TELSA DR,,STE #C,,BOWIE,MD,20754,US,MEDIUM,100,REVIEW,NaT,,,,,,,,,,Y,
1985,ATS,,CROPP-METCALFE SERVICES,8421 HILLTOP ROAD,,,FAIRFAX,VA,22031,,,,,,703-698-9158,,,,AP@CROPPMETCALFE.COM,,,Y,,,CROPP-METCALFE SERVICES,8421 HILLTOP RD,,,,FAIRFAX,VA,22031,US,HIGH,80,READY,2026-01-11 13:26:03,,,+17036989158,,,,ap@croppmetcalfe.com,,,Y,
1986,ATS,,DEA- DRUG ENFORCEMENT AGENCY-EMAIL,DEA TRNG ACAD,2500 INVESTIGATION PKWAY,,QUANTICO,VA,22135,,,,,,,LORI LOVE,,,INVOICE.TRAINING@USDOJ.GOV,,,Y,,,DEA - DRUG ENFORCEMENT AGENCY,2500 INVESTIGATION PKWAY,,DEA TRNG ACAD,,QUANTICO,VA,22135,US,MEDIUM,100,REVIEW,NaT,,,,Lori Love,,,invoice.training@usdoj.gov,,,Y,
1987,ATS,,DELTEK INC,DELTEK INC,2291 WOOD OAK DRIVE,,HERNDON,VA,20171,,,,,,866-539-5549-AP,,,,ACCOUNTSPAYABLE@DELTEK.COM,,,Y,,,DELTEK INC,2291 WOOD OAK DR,,DELTEK INC,,HERNDON,VA,20171,US,HIGH,80,READY,2026-01-11 13:26:06,,,+18665395549,,,,accountspayable@deltek.com,,,Y,
1988,ATS,,DPR CONSTRUCTION,6716 ALEXANDER BELL DR,#110,,COLUMBIA,MD,21046,,,,AP - 407-551-8219,,,,,,ORLACCOUNTSPAYABLE@DPR.COM,,,Y,,,DPR CONSTRUCTION,6716 ALEXANDER BELL DR,,#110,,COLUMBIA,MD,21046,US,MEDIUM,100,REVIEW,NaT,+14075518219,,,,,,orlaccountspayable@dpr.com,,,Y,
1989,ATS,,DUPONT FABROS - NJ,101 POSSUMTOWN ROAD,,,PISCATAWAY,NJ,08854,,,,,,,,,,invoices.1@dupont.com,,,Y,,,DUPONT FABROS,101 POSSUMTOWN RD,,,,PISCATAWAY,NJ,08854,US,HIGH,80,READY,2026-01-11 13:26:10,,,,,,,invoices.1@dupont.com,,,Y,
1990,ATS,,EASTERN SHORE MEDICAL CENTER,5262 WOODS ROAD,,,CAMBRIDGE,MD,21613,,,,,,410-221-2542,Ship To 1,,,REDAWSON@DHMB.STAT.MD.US,,,Y,,,EASTERN SHORE MEDICAL CENTER,5262 WOODS RD,,,,CAMBRIDGE,MD,21613,US,HIGH,80,READY,2026-01-11 13:26:11,,,+14102212542,,,,redawson@dhmb.stat.md.us,,,Y,
1991,ATS,,"EESCO PUMP & VALVE, INC.",634 S. BRICE STREET,,,BALTIMORE,MD,21223-0426,,,,,,410-233-8552,SHANNON WOODWARD,,,EESCO1@AOL.COM,,,Y,,,EESCO PUMP & VALVE INC,634 S BRICE ST,,,,BALTIMORE,MD,21223-0426,US,HIGH,80,READY,2026-01-11 13:26:13,,,+14102338552,Shannon Woodward,,,eesco1@aol.com,,,Y,
1992,ATS,,EMERGENT BIOSOLUTIONS,5901 EAST LOMBARD ST,,,BALTIMORE,MD,21224,,,,,,410-246-6199,,,,ACCOUNTSPAYABLEEBSI@EBSI.COM,,,Y,,,EMERGENT BIOSOLUTIONS,5901 E LOMBARD ST,,,,BALTIMORE,MD,21224,US,HIGH,80,READY,2026-01-11 13:26:15,,,+14102466199,,,,accountspayableebsi@ebsi.com,,,Y,
1993,ATS,,ENGILITY CORPORATION,43880 COMMERCE AVENUE,SUITE SP01,,HOLLYWOOD,MD,20636,,,,,,856-914-1349,,,,,,,Y,,,ENGILITY CORPORATION,43880 COMMERCE AVE,,STE #SP01,,HOLLYWOOD,MD,20636,US,MEDIUM,100,REVIEW,NaT,,,+18569141349,,,,,,,Y,
1994,ATS,,ENVIRO-TEK SERVICES,PO BOX 159,,,HIGHLAND,MD,20777,,,,,,301-854-0596,Ship To 1,,,,,,Y,,,ENVIRO-TEK SERVICES,PO BOX 159,,,,HIGHLAND,MD,20777,US,MEDIUM,70,REVIEW,NaT,,,+13018540596,,,,,,,Y,
1995,ATS,,ERICKSON LIVING MANAGEMENT,CHARLESTON MAIL STOP- 60110340,701 MAIDEN CHOICE LANE,,CATONSVILLE,MD,21228,,,,,,410-204-7227,Ship To 1,,,apfaxes2@erickson.com,,,Y,,,ERICKSON LIVING MANAGEMENT,701 MAIDEN CHOICE LN,,CHARLESTON MAIL STOP- 60110340,,CATONSVILLE,MD,21228,US,HIGH,80,READY,2026-01-11 13:26:18,,,+14102047227,,,,apfaxes2@erickson.com,,,Y,
1996,ATS,,ERICKSON MARIS GROVE,701 MAIDEN CHOICE LANE,,,CATONSVILLE,MD,21228,,,,,,4102047227,Ship To 1,,,apfaxes2@erickson.com,,,Y,,,ERICKSON MARIS GROVE,701 MAIDEN CHOICE LN,,,,CATONSVILLE,MD,21228,US,HIGH,80,READY,2026-01-11 13:26:20,,,+14102047227,,,,apfaxes2@erickson.com,,,Y,
1997,ATS,,ERICKSON RETIREMENT COMMUNITIES,ATTN: LARRY ROSS,813 Maiden Choice Lane,,BALTIMORE,MD,21228,,,,,,,Ship To 1,,,apfaxes2@erickson.com,,,Y,,,ERICKSON RETIREMENT COMMUNITIES,813 MAIDEN CHOICE LN,,,,BALTIMORE,MD,21228,US,HIGH,80,READY,2026-01-11 13:26:22,,,,,,,apfaxes2@erickson.com,,,Y,
1998,ATS,,OAK CREST VILLAGE,ATTN: LARRY ROSS,813 Maiden Choice Lane,,BALTIMORE,MD,21228,,,,443-677-3128,,,Ship To 1,,,apfaxes2@erickson.com,,,Y,,,OAK CREST VILLAGE,813 MAIDEN CHOICE LN,,,,BALTIMORE,MD,21228,US,HIGH,80,READY,2026-01-11 13:26:24,+14436773128,,,,,,apfaxes2@erickson.com,,,Y,
1999,ATS,,"F.H. FURR PLUMBING, HEATING AND A/C",FH FURR PLUMBING & HEATING,9040 MIKE GARCIA DRIVE,,MANASSAS,VA,20109,,,,,,,,,,,,,Y,,,FH FURR PLUMBING HEATING & A/C,9040 MIKE GARCIA DR,,FH FURR PLUMBING & HEATING,,MANASSAS,VA,20109,US,MEDIUM,100,REVIEW,NaT,,,,,,,,,,Y,
2000,ATS,,"FACILITY SERVICES MANAGEMENT, INC",BUILDG 12,2401 HAWKINS POINT RD,,BALTIMORE,MD,21226,,,,931-552-7044-AP,,931-552-7074,Ship To 1,,,KCLINE@FACSVES.COM,,,Y,,,FACILITY SERVICES MANAGEMENT INC,2401 HAWKINS POINT RD,,BUILDG 12,,BALTIMORE,MD,21226,US,HIGH,80,READY,2026-01-11 13:26:27,+19315527044,,+19315527074,,,,kcline@facsves.com,,,Y,
2001,ATS,,FAIRCHILD CONTROLS,540 HIGHLAND STREET,,,FREDERICK,MD,21701,,,,,,410-833-1626,Ship To 1,,,,,,Y,,,FAIRCHILD CONTROLS,540 HIGHLAND ST,,,,FREDERICK,MD,21701,US,HIGH,80,READY,2026-01-11 13:26:29,,,+14108331626,,,,,,,Y,
2002,ATS,,FAIRFAX COUNTY PARK AUTHORITY,CUB RUN REC CENTER,4630 STONECROFT BLVD,,CHANTILLY,VA,20151,,,,,,,Ship To 1,,,,,,Y,,,FAIRFAX COUNTY PARK AUTHORITY,4630 STONECROFT BLVD,,CUB RUN REC CENTER,,CHANTILLY,VA,20151,US,HIGH,80,READY,2026-01-11 13:26:30,,,,,,,,,,Y,
2003,ATS,,"FCX PERFORMANCE, INC.",3000 E. 14TH AVENUE,,,COLUMBUS,OH,43219,,,,410-882-9759,,614-234-6054-AP,Ship To 1,,,AP@FCXPERFORMANCE.COM,,,Y,,,FCX PERFORMANCE INC,3000 E 14TH AVE,,,,COLUMBUS,OH,43219,US,HIGH,80,READY,2026-01-11 13:26:32,+14108829759,,+16142346054,,,,ap@fcxperformance.com,,,Y,
2004,ATS,,MEDSTAR HEALTH,9000 FRANKLIN SQUARE DRIVE,,,BALTIMORE,MD,21237,,,,,,,accounts payable,,,apinvoices@medstar.net,,,Y,,,MEDSTAR HEALTH,9000 FRANKLIN SQUARE DR,,,,BALTIMORE,MD,21237,US,HIGH,80,READY,2026-01-11 13:26:34,,,,,,,apinvoices@medstar.net,,,Y,
2005,ATS,,FREDERICK MEMORIAL HOSPITAL,FMH MATERIAL DISTRIBUTION CENT,605 E. CHURCH STREET,,FREDERICK,MD,21701,,,,240-566-3300,,,DIANN MARKWARD,,,TMYingling@Frederick.health,,,Y,,,FREDERICK MEMORIAL HOSPITAL,605 E CHURCH ST,,FMH MATERIAL DISTRIBUTION CENT,,FREDERICK,MD,21701,US,HIGH,80,READY,2026-01-11 13:26:36,+12405663300,,,Diann Markward,,,tmyingling@frederick.health,,,Y,
2006,ATS,,FREDERICK CO. PUBLIC SCHOOLS,9840 OLD NATIONAL PIKE,,,IJAMSVILLE,MD,21754,,,,301-644-5172-SVC,,,Ship To 1,,,accounts.payable@fcps.org,,,Y,,,FREDERICK CO PUBLIC SCHOOLS,9840 OLD NATIONAL PIKE,,,,IJAMSVILLE,MD,21754,US,MEDIUM,100,REVIEW,NaT,+13016445172,,,,,,accounts.payable@fcps.org,,,Y,
2007,ATS,,FSK LAND CORPORATION,3901 KESWICK ROAD,,,BALTIMORE,MD,21211,,,,,,410-735-7960,JENNIFER BROMWELL,,,JENNIFER.BROMWELL@TRANSWESTERN.NET,,,Y,,,FSK LAND CORPORATION,3901 KESWICK RD,,,,BALTIMORE,MD,21211,US,HIGH,80,READY,2026-01-11 13:26:39,,,+14107357960,Jennifer Bromwell,,,jennifer.bromwell@transwestern.net,,,Y,
2008,ATS,,GH NITZEL,11300 Pulaski Highway,,,White Marsh,MD,21162,,,,,,,Ship To 1,,,,,,Y,,,GH NITZEL,11300 PULASKI HWY,,,,WHITE MARSH,MD,21162,US,HIGH,80,READY,2026-01-11 13:26:40,,,,,,,,,,Y,
2009,ATS,,GREGORY GIBSON,4195 WHITING ROAD,,,MARSHALL,VA,20115,,,,,,,Ship To 1,,,,,,Y,,,GREGORY GIBSON,4195 WHITING RD,,,,MARSHALL,VA,20115,US,HIGH,80,READY,2026-01-11 13:26:42,,,,,,,,,,Y,
2010,ATS,,"GMUF ARLINGTON CAMPUS, LLC",3434 NORTH WASHINGTON BLVD,,,ARLINGTON,VA,22201,,,,,,703-351-0744,ADAM TIMM,,,ATIMM@LPC.COM,,,Y,,,GMUF ARLINGTON CAMPUS LLC,3434 N WASHINGTON BLVD,,,,ARLINGTON,VA,22201,US,MEDIUM,100,REVIEW,NaT,,,+17033510744,Adam Timm,,,atimm@lpc.com,,,Y,
2011,ATS,,GRAYBAR ELEC. CO. INC.,UMB BIOPARK,800 W. BALTIMORE ST.,,BALTIMORE,MD,21201,,,,,,410-342-7153,Ship To 1,,,,,,Y,,,GRAYBAR ELEC CO INC,800 W BALTIMORE ST,,UMB BIOPARK,,BALTIMORE,MD,21201,US,HIGH,80,READY,2026-01-11 13:26:46,,,+14103427153,,,,,,,Y,
2012,ATS,,"GREEN CONTRACTING COMPANY, INC.",C/O GREEN CONTRACTING,,,ANNAPOLIS,MD,,,,,,,410-780-0566,Ship To 1,,,ap@greencontracting.com,,,Y,,,GREEN CONTRACTING COMPANY INC,2300 GREENWICH CT,,STE A,,ANNAPOLIS,MD,21401,US,MEDIUM,100,REVIEW,NaT,,,+14107800566,,,,ap@greencontracting.com,,,Y,
2013,ATS,,GREGORY GIBSON,4195 WHITING ROAD,,,MARSHALL,VA,20115,,,,,,,,,,,,,Y,,,GREGORY GIBSON,4195 WHITING RD,,,,MARSHALL,VA,20115,US,HIGH,80,READY,2026-01-11 13:26:49,,,,,,,,,,Y,
2014,ATS,,GRIZZLY VENTURES LLC,44480 HASTINGS DRIVE,,,ASHBRUN,VA,20147,,,,,,202-728-0220,EDDIE PREFFITT,,,EPREFFITT@DFT.COM,,,Y,,,GRIZZLY VENTURES LLC,44480 HASTINGS DR,,,,ASHBRUN,VA,20147,US,MEDIUM,100,REVIEW,NaT,,,+12027280220,Eddie Preffitt,,,epreffitt@dft.com,,,Y,
2015,ATS,,GSA DC SERVICE CENTER,C/O REGINALD A SCOTT,"250 MURRAY LANE, SA",,WAHSINGTON,DC,20502,,,,,,202-273-1023,REGINALD A. SCOTT,,,,,,Y,,,GSA DC SERVICE CENTER,250 MURRAY LN SA,,C/O REGINALD A SCOTT,,WAHSINGTON,DC,20502,US,MEDIUM,100,REVIEW,NaT,,,+12022731023,Reginald A Scott,,,,,,Y,
2016,ATS,,HARFORD COMMUNITY COLLEGE,401 THOMAS RUN ROAD,(BOB CAHA),,BEL  AIR,MD,21015,,,,,,,Ship To 1,,,,,,Y,,,HARFORD COMMUNITY COLLEGE,401 THOMAS RUN RD,,(BOB CAHA),,BEL AIR,MD,21015,US,HIGH,80,READY,2026-01-11 13:26:54,,,,,,,,,,Y,
2017,ATS,,HARRY ZINT,8009 MILLER DRIVE,,,MANASSAS,VA,20111,,,,,,,,,,DEVNULL2@EARTHLINK.NET,,,Y,,,HARRY ZINT,8009 MILLER DR,,,,MANASSAS,VA,20111,US,HIGH,80,READY,2026-01-11 13:26:56,,,,,,,devnull2@earthlink.net,,,Y,
2018,ATS,,HAVTECH -email invoice,Edgewood Middle School,2311 Willoughby Road,,Edgewood,MD,21040,,,,,,301-497-9610,Ship To 1,,,accountspayable@havtech.com,,,Y,,,HAVTECH,2311 WILLOUGHBY RD,,EDGEWOOD MIDDLE SCHOOL,,EDGEWOOD,MD,21040,US,HIGH,80,READY,2026-01-11 13:26:58,,,+13014979610,,,,accountspayable@havtech.com,,,Y,
2019,ATS,,HAVTECH,Edgewood Middle School,2311 Willoughby Road,,Edgewood,MD,21040,,,,,,301-497-9610,Ship To 1,,,accountspayable@havtech.com,,,Y,,,HAVTECH,2311 WILLOUGHBY RD,,EDGEWOOD MIDDLE SCHOOL,,EDGEWOOD,MD,21040,US,HIGH,80,READY,2026-01-11 13:27:00,,,+13014979610,,,,accountspayable@havtech.com,,,Y,
2020,ATS,,"HDT EXPEDITIONARY SYSTEM, INC.",641 PRINCE EDWARD ST,,,FREDERICKSBURG,VA,22401,,,,540-373-1435,,540-371-5069,Ship To 1,,,BOBBI.PAINTER@HdTGLOBAL.COM,,,Y,,,HDT EXPEDITIONARY SYSTEM INC,641 PRINCE EDWARD ST,,,,FREDERICKSBURG,VA,22401,US,HIGH,80,READY,2026-01-11 13:27:02,+15403731435,,+15403715069,,,,bobbi.painter@hdtglobal.com,,,Y,
2021,ATS,,HOFFMAN & HOFFMAN,3816 PATTERSON STREET,,,GREENSBORO,NC,27407,,,,,,336-292-6822,,,,,,,Y,,,HOFFMAN & HOFFMAN,3816 PATTERSON ST,,,,GREENSBORO,NC,27407,US,HIGH,80,READY,2026-01-11 13:27:04,,,+13362926822,,,,,,,Y,
2022,ATS,,"HONEYWELL, INC. - email",13655 DULLES TECHNOLGY DRIVE,SUITE 200,,HERNDON,VA,20171,,,,,,703-793-1560,BILL SCHNEIDER,,,AccountsPayableACS@Honeywell.com,,,Y,,,HONEYWELL INC,13655 DULLES TECHNOLGY DR,,STE #200,,HERNDON,VA,20171,US,MEDIUM,100,REVIEW,NaT,,,+17037931560,Bill Schneider,,,accountspayableacs@honeywell.com,,,Y,
2023,ATS,,"IDEAL ELECTRICAL SUPPLY, CORP.",2175 W OSTEND ST,SUITE 100,,BALTMORE,MD,21230,,,,,,202-526-7508,Ship To 1,,,ACCOUNTING@IDEALELECTRIC.COM,,,Y,,,IDEAL ELECTRICAL SUPPLY CORP,2175 W OSTEND ST,,STE #100,,BALTMORE,MD,21230,US,MEDIUM,100,REVIEW,NaT,,,+12025267508,,,,accounting@idealelectric.com,,,Y,
2024,ATS,,INOVA HEALTH CARE SERVICES - FAIR OAKS,ACCOUT 25012 - ENGINEERING DEPARTMENT,,,FAIFAX,VA,22033,,,,,,,,,,APinvoices@inova.org;IFMD@inova.org,,,Y,,,INOVA HEALTH CARE SERVICES,ACCOUT 25012 - ENGINEERING DEPARTMENT,,,,FAIFAX,VA,22033,US,LOW,100,REVIEW,NaT,,,,,,,apinvoices@inova.org,ifmd@inova.org,,Y,
2025,ATS,,INTERNATIONAL SPY MUSEUM,"700 L'ENFANT PLAZA,SW",,,WASHINGTON,DC,20024,,,,,,,,,,EBRENNAN@SPYMUSEUM.ORG,,,Y,,,INTERNATIONAL SPY MUSEUM,700 L'ENFANT PLAZASW,,,,WASHINGTON,DC,20024,US,MEDIUM,100,REVIEW,NaT,,,,,,,ebrennan@spymuseum.org,,,Y,
2026,ATS,,"INTERVET, INC.",29160 INTERVET LANE,,,MILLSBORO,DE,19966-0318,,,,,,302-934-4244,Ship To 1,,,,,,Y,,,INTERVET INC,29160 INTERVET LN,,,,MILLSBORO,DE,19966-0318,US,HIGH,80,READY,2026-01-11 13:27:14,,,+13029344244,,,,,,,Y,
2027,ATS,,INTERVET FARMS,29160 INTERVET LANE,,,MILLSBORO,DE,19966-0318,,,,,,302-934-4244,Ship To 1,,,,,,Y,,,INTERVET FARMS,29160 INTERVET LN,,,,MILLSBORO,DE,19966-0318,US,HIGH,80,READY,2026-01-11 13:27:16,,,+13029344244,,,,,,,Y,
2028,ATS,,"J & J MECHANICAL, INC.",#107,,,EDGEWOOD,MD,21040,,,,,,410-612-1458,Ship To 1,,,AP@JJMECHANICALHVAC.COM,,,Y,,,J & J MECHANICAL INC,107 EDGEWOOD RD,,,,EDGEWOOD,MD,21040,US,MEDIUM,75,REVIEW,2026-01-11 13:27:18,,,+14106121458,,,,ap@jjmechanicalhvac.com,,,Y,
2029,ATS,,"QINETIQ NORTH AMERICAN, INC",CODE 540.5 BLDG 15 RM 106,GODDARD SPACE FLIGHT CENTER,,GREENBELT,MD,20771,,,,,,202-526-2876,LAUREN SUMMERS,,,,,,Y,,,QINETIQ NORTH AMERICAN INC,CODE 5405 BLDG 15 RM 106,,GODDARD SPACE FLIGHT CENTER,,GREENBELT,MD,20771,US,LOW,100,REVIEW,NaT,,,+12025262876,Lauren Summers,,,,,,Y,
2030,ATS,,JAMES A. QUICK-MECHANICAL CONTRACTORS,MECHANCIAL CONTRACTORS,"21 NEWPORT DR., STE. A",,FOREST HILL,MD,21050,,,,,,410-893-4202,Ship To 1,,,SARAHE@JAMESQUICK.COM,,,Y,,,21 NEWPORT DR STE A,MECHANCIAL CONTRACTORS,,,,FOREST HILL,MD,21050,US,LOW,100,REVIEW,NaT,,,+14108934202,,,,sarahe@jamesquick.com,,,Y,
2031,ATS,,J.F. FISCHER,320 ST PAUL STREET,5TH FLOOR,,BALTIMORE,MD,,,,,,,,Ship To 1,,,AP@MECHCONT.COM,,,Y,,,JF FISCHER,320 ST PAUL ST,,5TH FL,,BALTIMORE,MD,21202,US,HIGH,80,READY,2026-01-11 13:27:25,,,,,,,ap@mechcont.com,,,Y,
2032,ATS,,"JNG SUPPLY, LLC","10004 PULASKI HIGHWAY,",SUITE G,,BALTIMORE,MD,21220,,,,,,,,,,NFORRESTER@JNGSUPPLY.COM,,,Y,,,JNG SUPPLY LLC,10004 PULASKI HWY,,STE #G,,BALTIMORE,MD,21220,US,HIGH,80,READY,2026-01-11 13:27:28,,,,,,,nforrester@jngsupply.com,,,Y,
2033,ATS,,JOHN J. KIRLIN,C/O MD PROCUREMENT OFFICE,9800 SAVAGE RD,,FORT GEORGE G. MEADE,MD,20755-6000,,,,,,,Ship To 1,,,,,,Y,,,JOHN J KIRLIN,9800 SAVAGE RD,,C/O MD PROCUREMENT OFFICE,,FORT GEORGE G MEADE,MD,20755-6000,US,MEDIUM,100,REVIEW,NaT,,,,,,,,,,Y,
2034,ATS,,JOHNS HOPKINS ENTERPRISE - email INV,JH A/P SHARED SERVICE CENTER,P.O. BOX #33499,,BALTIMORE,MD,21218,,,,443-997-5600-PURCHA,,443-997-5630,Ship To 1,,,INVOICES@JH.EDU; FDC_AP_Invoices@jhmi.edu,,,Y,,,JOHNS HOPKINS ENTERPRISE,PO BOX 33499,,,,BALTIMORE,MD,21218,US,MEDIUM,70,REVIEW,NaT,+14439975600,,+14439975630,,,,invoices@jh.edu,fdc_ap_invoices@jhmi.edu,,Y,
2035,ATS,,JOHNSON CONTROLS ABERDEEN -email,PER PO,RECIEVING TIME 8-3,,,,,,,,,,240-683-7660,Ship To 1,,,be-jcfs-ap@jci.com,,,Y,,,JOHNSON CONTROLS INC,16300 LIMESTONE RD,,RECIEVING TIME 8-3,,ABERDEEN,MD,21001,US,MEDIUM,100,REVIEW,NaT,,,+12406837660,,,,be-jcfs-ap@jci.com,,,Y,
2036,ATS,,"JBTW, LLC",JOHNSTONE SUPPLY-ANNAPOLIS,1805 VIRGINIA AVENUE,,ANNAPOLIS,MD,21401,,,,,,610-258-9332,Ship To 1,,,,,,Y,,,JBTW LLC,1805 VIRGINIA AVE,,JOHNSTONE SUPPLY,,ANNAPOLIS,MD,21401,US,HIGH,80,READY,2026-01-11 13:27:37,,,+16102589332,,,,,,,Y,
2037,ATS,,"JBTW, LLC",1805 VIRGINIA AVE,,,ANNAPOLIS,MD,21401,,,,610-258-5651-AP,,610-258-9332-AP,Ship To 1,,,HELEN.THORNTON@JOHNSTONESUPPLY.COM,,,Y,,,JBTW LLC,1805 VIRGINIA AVE,,,,ANNAPOLIS,MD,21401,US,HIGH,80,READY,2026-01-11 13:27:39,+16102585651,,+16102589332,,,,helen.thornton@johnstonesupply.com,,,Y,
2038,ATS,,JONES LANG LASALLE - EMAIL,1 WEST PENNSYLVANIA AVE,SUITE 290,,TOWSON,MD,21204,,,,,,410-345-3650,Ship To 1,,,8887481938@onlinecapturecenter.com; JLLUSA.CSINVOICES@AM.JLL.COM,,,Y,,,JONES LANG LASALLE,1 W PENNSYLVANIA AVE,,STE #290,,TOWSON,MD,21204,US,HIGH,80,READY,2026-01-11 13:27:41,,,+14103453650,,,,8887481938@onlinecapturecenter.com,jllusa.csinvoices@am.jll.com,,Y,
2039,ATS,,"USGBF POTOMAC YARD 1&2, LLC",2733 S. CRYSTAK DRIVE,SUITE 100,,ARLINGTON,VA,22202,,,,,,703-413-8058,DANIELLE WILLS,,,DANIELLE.WILLS@AM.JILL.COM,,,Y,,,USGBF POTOMAC YARD 1&2 LLC,2733 S CRYSTAK DR,,STE #100,,ARLINGTON,VA,22202,US,MEDIUM,100,REVIEW,NaT,,,+17034138058,Danielle Wills,,,danielle.wills@am.jill.com,,,Y,
2040,ATS,,"JZ SYSTEMS, LLC",108A INDUSTRY LANE,,,FOREST HILL,MD,21050,,,,,,,CHERYL HENSLEY,,,CHENSLEY@JZSYSTEMSLLC.COM,,,Y,,,JZ SYSTEMS LLC,108A INDUSTRY LN,,,,FOREST HILL,MD,21050,US,HIGH,80,READY,2026-01-11 13:27:45,,,,Cheryl Hensley,,,chensley@jzsystemsllc.com,,,Y,
2041,ATS,,"K SUPPLY, LLC",4448 ROSE COURT,,,WHITE HALL,MD,21161,,,,,,(410) 692-0948,,,,KSFOWLER@KSUPPLY.US,,,Y,,,K SUPPLY LLC,4448 ROSE CT,,,,WHITE HALL,MD,21161,US,MEDIUM,100,REVIEW,NaT,,,+14106920948,,,,ksfowler@ksupply.us,,,Y,
2042,ATS,,KBR WYLE SERVICES LLC,345 BOB HEATH DRIVE,,,HUNTSVILLE,AL,35806,,,,,,,RICHARD GRAVES,,,res.APinvCP@kbr.com;AP_Invoice_CP_Chennai@kbr.com;,,,Y,,,KBR WYLE SERVICES LLC,345 BOB HEATH DR,,,,HUNTSVILLE,AL,35806,US,HIGH,80,READY,2026-01-11 13:27:49,,,,Richard Graves,,,res.apinvcp@kbr.com,ap_invoice_cp_chennai@kbr.com,,Y,
2043,ATS,,"JAMES LAWRENCE KERNAN HOSPITAL, INC.",2200 KERNAN DRIVE,,,BALTIMOER,MD,21207,,,,410-448-6827 - OFFIC,,410-448-6734,SHIP TO,,,UMMSinvoices@onlinecapturecenter.com,,,Y,,,JAMES LAWRENCE KERNAN HOSPITAL INC,2200 KERNAN DR,,,,BALTIMOER,MD,21207,US,MEDIUM,100,REVIEW,NaT,+14104486827,,+14104486734,,,,ummsinvoices@onlinecapturecenter.com,,,Y,
2044,ATS,,R.C. Killigrew Co.,1108 PITTSBURGH STREET,,,CHESWICK,PA,15024,,,,,,,Ship To 1,,,,,,Y,,,RC KILLIGREW CO,1108 PITTSBURGH ST,,,,CHESWICK,PA,15024,US,HIGH,80,READY,2026-01-11 13:27:53,,,,,,,,,,Y,
2045,ATS,,ICE/JV,2743 DEFENSE BLVD SW,,,WAHSINGTON,DC,20373,,,,,,202-610-0851,,,,REASTHAM@LBBASSOCIATES.COM,,,Y,,,ICE/JV,2743 DEFENSE BLVD SW,,,,WAHSINGTON,DC,20373,US,MEDIUM,100,REVIEW,NaT,,,+12026100851,,,,reastham@lbbassociates.com,,,Y,
2046,ATS,,LB&B ASSOCIATES,7500 SECURITY BLVD,,,BALTIMROE,MD,21244,,,,,,410-786-9918,Ship To 1,,,MICHAELJ.WILLIAMS@GSA.GOV,,,Y,,,LB&B ASSOCIATES,7500 SECURITY BLVD,,,,BALTIMROE,MD,21244,US,MEDIUM,100,REVIEW,NaT,,,+14107869918,,,,michaelj.williams@gsa.gov,,,Y,
2047,ATS,,MICROSOFT/LEE TECHNOLOGIES,LEE TECH/ ANGELA SANTIAGO,473 CARR #3,,HUMACAO,PR,00791,,,,,,787-285-8664,,,,,,,Y,,,MICROSOFT/LEE TECHNOLOGIES,473 CARR #3,,LEE TECH/ ANGELA SANTIAGO,,HUMACAO,PR,00791,US,MEDIUM,100,REVIEW,NaT,,,+17872858664,,,,,,,Y,
2048,ATS,,LEIDOS BIOMEDICAL RESEARCH,FNLCR,"BUILDING 1050, BOYLES STREET",,FREDERICK,MD,21701,,,,,,(301) 846-7081,KATHY HOFFMAN,,,LEIDOSBIOMED@INVOICES.CORCENTRIC.COM; APGOODSPO@LEIDOS.COM,,,Y,,,LEIDOS BIOMEDICAL RESEARCH,BUILDING 1050 BOYLES ST,,FNLCR,,FREDERICK,MD,21701,US,LOW,100,REVIEW,NaT,,,+13018467081,Kathy Hoffman,,,leidosbiomed@invoices.corcentric.com,apgoodspo@leidos.com,,Y,
2049,ATS,,LINDA THOMPSON,964 WALKER ROAD,,,GREAT FALLS,VA,22066,,,,,,,,,,,,,Y,,,LINDA THOMPSON,964 WALKER RD,,,,GREAT FALLS,VA,22066,US,HIGH,80,READY,2026-01-11 13:28:04,,,,,,,,,,Y,
2050,ATS,,"LINK DISTRIBUTORS, LLC",17010 YORK ROAD,SUITE B LOWER LEVEL,,PARKTON,MD,21120,,,,,,443-238-5977,JAMIE HEIM,,,JHEIM11@COMCST.COM,,,Y,,,LINK DISTRIBUTORS LLC,17010 YORK RD,,STE #B LOWER LEVEL,,PARKTON,MD,21120,US,HIGH,80,READY,2026-01-11 13:28:06,,,+14432385977,Jamie Heim,,,jheim11@comcst.com,,,Y,
2051,ATS,,"MACK TRUCKS, INC.",13302 PENNSYLVANIA AVENUE,,,HAGERSTOWN,MD,21742,,,,,,336-393-2074,,,,FUNCTION.CURRENTAPINVOICE@VOLVO.COM,,,Y,,,MACK TRUCKS INC,13302 PENNSYLVANIA AVE,,,,HAGERSTOWN,MD,21742,US,MEDIUM,100,REVIEW,NaT,,,+13363932074,,,,function.currentapinvoice@volvo.com,,,Y,
2052,ATS,,"MALSTROM ELECTRIC, INC.",13815 JARRETTSVILLE PIKE,,,PHOENIX,MD,21131-2019,,,,,,,Ship To 1,,,SHANNON@MALSTROMELECTRIC.COM,,,Y,,,MALSTROM ELECTRIC INC,13815 JARRETTSVILLE PIKE,,,,PHOENIX,MD,21131-2019,US,MEDIUM,100,REVIEW,NaT,,,,,,,shannon@malstromelectric.com,,,Y,
2053,ATS,,AREZ 16B ASSOCIATES LIMITED PARTNERSHIP,36 S CHARLES ST,SUITE 2305,,BALTIMROE,MD,21201,,,,,,410-244-0736,Ship To 1,,,RGAMBINO@MANEKIN.COM,,,Y,,,AREZ 16B ASSOCIATES LIMITED PARTNERSHIP,36 S CHARLES ST,,STE #2305,,BALTIMROE,MD,21201,US,MEDIUM,100,REVIEW,NaT,,,+14102440736,,,,rgambino@manekin.com,,,Y,
2054,ATS,,MANNA SUPPLY INC. - email,1519 YORK RD,,,LUTHERVILLE,MD,21093,,,,,,610-222-4776,Ship To 1,,,billing@mannasupply.com,,,Y,,,MANNA SUPPLY INC,1519 YORK RD,,,,LUTHERVILLE,MD,21093,US,HIGH,80,READY,2026-01-11 13:29:08,,,+16102224776,,,,billing@mannasupply.com,,,Y,
2055,ATS,,MARYLAND FORENSIC MEDICAL CENTER,900 W BALTIMORE ST,,,BALTIMORE,MD,21223,,,,,,,,,,DBURKE@OCMEND.ORG,,,Y,,,MARYLAND FORENSIC MEDICAL CENTER,900 W BALTIMORE ST,,,,BALTIMORE,MD,21223,US,HIGH,80,READY,2026-01-11 13:29:10,,,,,,,dburke@ocmend.org,,,Y,
2056,ATS,,UMMC MIDTOWN CAMPUS,827 LINDEN AVENUE,,,BALTIMORE,MD,21201,,,,,,410-328-8013,SHIP TO,,,UMMSinvoices@onlinecapturecenter.com,,,Y,,,UMMC MIDTOWN CAMPUS,827 LINDEN AVE,,,,BALTIMORE,MD,21201,US,HIGH,80,READY,2026-01-11 13:29:12,,,+14103288013,,,,ummsinvoices@onlinecapturecenter.com,,,Y,
2057,ATS,,"MARYLAND MECHANICAL SYSTEMS, INC.",300 S. HAVEN ST.,,,BALTIIMORE,MD,21224,,,,,,410-563-1611,Ship To 1,,,accounting@MARYMEC.COM;badams@marymec.com,,,Y,,,MARYLAND MECHANICAL SYSTEMS INC,300 S HAVEN ST,,,,BALTIIMORE,MD,21224,US,MEDIUM,100,REVIEW,NaT,,,+14105631611,,,,accounting@marymec.com,badams@marymec.com,,Y,
2058,ATS,,MBR CONSTRUCTION SERVICES,10931 McCORMICK RD,,,HUNT VALLEY,MD,21031,,,,410-785-3525,,,Ship To 1,,,,,,Y,,,MBR CONSTRUCTION SERVICES,10931 MCCORMICK RD,,,,HUNT VALLEY,MD,21031,US,HIGH,80,READY,2026-01-11 13:29:15,+14107853525,,,,,,,,,Y,
2059,ATS,,M. C. DEAN BUILDING INTELLEGENCE,10100 NOKESVILLE RD,M.C. DEAN/MICRON,,MANASSAS,VA,20110,,,,,,,,,,AP_POD@MCDEAN.COM,,,Y,,,M C DEAN BUILDING INTELLEGENCE,10100 NOKESVILLE RD,,MC DEAN/MICRON,,MANASSAS,VA,20110,US,HIGH,80,READY,2026-01-11 13:29:17,,,,,,,ap_pod@mcdean.com,,,Y,
2060,ATS,,MCCLOSKEY MECHANICAL CONTRACTORS,4400 MACARTHUR BLVD NW,SUITE 305,,WASHINGTON,DC,20007,,,,856-784-5080 - ap,,202-698-0501,,,,AP@MCCLOSKEYMECHANICAL.COM,,,Y,,,MCCLOSKEY MECHANICAL CONTRACTORS,4400 MACARTHUR BLVD NW,,STE #305,,WASHINGTON,DC,20007,US,HIGH,80,READY,2026-01-11 13:29:19,+18567845080,,+12026980501,,,,ap@mccloskeymechanical.com,,,Y,
2061,ATS,,MCDANIEL COLLEGE,192 PENNSYLVANIA AVENUE,,,WESTMINISTER,MD,21157,,,,410-857-2737-AP,,410-857-2449-AP,Ship To 1,,,SHELLER@MCDANIEL.EDU,,,Y,,,MCDANIEL COLLEGE,192 PENNSYLVANIA AVE,,,,WESTMINISTER,MD,21157,US,MEDIUM,100,REVIEW,NaT,+14108572737,,+14108572449,,,,sheller@mcdaniel.edu,,,Y,
2062,ATS,,"MECCO, INC - email",10545 GUILFORD ROAD #105,,,JESSUP,MD,20794,,,,,,301-953-7667,Heather Gallagher,,,ap@meccollc.com,,,Y,,,MECCO INC,10545 GUILFORD RD #105,,,,JESSUP,MD,20794,US,HIGH,80,READY,2026-01-11 13:29:22,,,+13019537667,Heather Gallagher,,,ap@meccollc.com,,,Y,
2063,ATS,,MERCY MEDICAL CENTER,301 ST. PAUL PLACE,,,BALTIMORE,MD,21202,,,,410-332-9841 AP,,,Ship To 1,,,,,,Y,,,MERCY MEDICAL CENTER,301 ST PAUL PL,,,,BALTIMORE,MD,21202,US,HIGH,80,READY,2026-01-11 13:29:24,+14103329841,,,,,,,,,Y,
2064,ATS,,MERITUS MEDICAL CENTER,105 ENTERPRISE LANE,,,HAGERSTOWN,MD,21740,,,,,,,INGRID RETHERFORD,,,AP@MERITUSHEALTH.COM,,,Y,,,MERITUS MEDICAL CENTER,105 ENTERPRISE LN,,,,HAGERSTOWN,MD,21740,US,MEDIUM,100,REVIEW,NaT,,,,Ingrid Retherford,,,ap@meritushealth.com,,,Y,
2065,ATS,,"METLFAB, INC.",7340 EXECUTIVE WAY,SUITE D,,FREDERICK,MD,21704,,,,,,,Ship To 1,,,,,,Y,,,METLFAB INC,7340 EXECUTIVE WAY,,STE #D,,FREDERICK,MD,21704,US,HIGH,80,READY,2026-01-11 13:29:28,,,,,,,,,,Y,
2066,ATS,,"MIDATLANTIC MECHANICAL, LLC",38419 STEVENS ROAD,,,LOVETTSVILLE,VA,20180,,,,,,540-822-5811,,,,HRADFORD@MAMECHANICAL.COM,,,Y,,,MIDATLANTIC MECHANICAL LLC,38419 STEVENS RD,,,,LOVETTSVILLE,VA,20180,US,MEDIUM,100,REVIEW,NaT,,,+15408225811,,,,hradford@mamechanical.com,,,Y,
2067,ATS,,SODEXO RISK MANAGEMENT DEPARTMENT,MEDSTAR MONTGOMERY MEDICAL CTR,18101 PRINCE PHILIP DRIVE,,OLNEY,MD,20832,,,,,,,BURNIDETT KEETON,,,ACCOUNTSPAYABLE@MEDSTAR.NET,,,Y,,,SODEXO RISK MANAGEMENT DEPARTMENT,18101 PRINCE PHILIP DR,,MEDSTAR MONTGOMERY MEDICAL CTR,,OLNEY,MD,20832,US,HIGH,80,READY,2026-01-11 13:29:31,,,,Burnidett Keeton,,,accountspayable@medstar.net,,,Y,
2068,ATS,,"MONUMENTAL SUPPLY CO., INC.",1025 S. HAVEN STREET,,,BALTIMORE,MD,21224,,,,,,(443) 923-4912,DENISE CASON,,,DCASON@MONUMENTALSUPPLY.COM,,,Y,,,MONUMENTAL SUPPLY CO INC,1025 S HAVEN ST,,,,BALTIMORE,MD,21224,US,HIGH,80,READY,2026-01-11 13:29:33,,,+14439234912,Denise Cason,,,dcason@monumentalsupply.com,,,Y,
2069,ATS,,MOTION INDUSTRIES,39 LOVETON CIRCLE,,,SPARKS GLENCOE,MD,21152,,,,,,,,,,,,,Y,,,MOTION INDUSTRIES,39 LOVETON CIR,,,,SPARKS GLENCOE,MD,21152,US,HIGH,80,READY,2026-01-11 13:29:35,,,,,,,,,,Y,
2070,ATS,,NATIONAL AQUARIUM,NATIONAL AQUARIUM IN BALTIMORE,111 MARKET STREET-SUITE 800,,BALTIIMORE,MD,21202-3194,,,,,,,Ship To 1,,,,,,Y,,,NATIONAL AQUARIUM,111 MARKET ST,,STE #800 NATIONAL AQUARIUM IN BALTIMORE,,BALTIIMORE,MD,21202-3194,US,MEDIUM,100,REVIEW,NaT,,,,,,,,,,Y,
2071,ATS,,"NATIVE SONS, LTD.",GREEN STREET,,,BALTIMORE,MD,,,,,,,443-200-2918,Ship To 1,,,KATIET@NATIVESONS.ORG,,,Y,,,NATIVE SONS LTD,1201 GREENMOUNT AVE,,GREEN ST,,BALTIMORE,MD,21202,US,HIGH,80,READY,2026-01-11 13:29:39,,,+14432002918,,,,katiet@nativesons.org,,,Y,
2072,ATS,,"NORTH AMERICAN ELECTRIC, INC.",474 CHESAPEAKE PARK PLAZA,,,BALTIMORE,MD,21220,,,,,,(410) 780-0559,,,,DDIX@NORTHAMERICANELECTRICAL.COM,,,Y,,,NORTH AMERICAN ELECTRIC INC,474 CHESAPEAKE PARK PLAZA,,,,BALTIMORE,MD,21220,US,HIGH,80,READY,2026-01-11 13:29:41,,,+14107800559,,,,ddix@northamericanelectrical.com,,,Y,
2073,ATS,,NORTHWEST HOSPITAL,NHC CENTRAL DISTRIBUTION,5401 OLD COURT ROAD,,RANDALLSTOWN,MD,21133,,,,,,410-521-2911,TERRY REEVES,,,apinvoice@lifebridgehealth.org,,,Y,,,NORTHWEST HOSPITAL,5401 OLD CT RD,,NHC CENTRAL DISTRIBUTION,,RANDALLSTOWN,MD,21133,US,HIGH,80,READY,2026-01-11 13:29:42,,,+14105212911,Terry Reeves,,,apinvoice@lifebridgehealth.org,,,Y,
2074,ATS,,NVE-CBS,USGS,12201 SUNRISE VALLEY DRIVE,,RESTON,VA,20192,,,,,,,,,,jmacomber@usgs.gov,,,Y,,,NVE-CBS,12201 SUNRISE VALLEY DR,,USGS,,RESTON,VA,20192,US,HIGH,80,READY,2026-01-11 13:29:44,,,,,,,jmacomber@usgs.gov,,,Y,
2075,ATS,,PPG ARCHITECHTURAL FINISHES,P O BOX 536864,,,ATLANTA,GA,30353-6864,,,,,,,Ship To 1,,,,,,Y,,,PPG ARCHITECHTURAL FINISHES,PO BOX 536864,,,,ATLANTA,GA,30353-6864,US,MEDIUM,70,REVIEW,NaT,,,,,,,,,,Y,
2076,ATS,,PRESIDENTIAL HEATING & AIR,8000 CESSNA AVENUE,,,GAITHERSBURG,MD,20879,,,,,,,,,,cnixon@presidentialheat.com,,,Y,,,PRESIDENTIAL HEATING & AIR,8000 CESSNA AVE,,,,GAITHERSBURG,MD,20879,US,MEDIUM,100,REVIEW,NaT,,,,,,,cnixon@presidentialheat.com,,,Y,
2077,ATS,,"QUEEN CITY ELECTRIC/GILL-SIMPSON, INC",9449 EARLEY DRIVE,,,HAGERSTOWN,MD,21740,,,,,,240-420-8509,Ship To 1,,,,,,Y,,,QUEEN CITY ELECTRIC/GILL-SIMPSON INC,9449 EARLEY DR,,,,HAGERSTOWN,MD,21740,US,MEDIUM,100,REVIEW,NaT,,,+12404208509,,,,,,,Y,
2078,ATS,,R & R MECHANICAL,4419 BALTIMORE AV,,,BLADENSBURG,MD,20710,,,,301-927-0040 - SVC,,,KATHLINE,,,krice@rrmechanical.com,,,Y,,,R & R MECHANICAL,4419 BALTIMORE AV,,,,BLADENSBURG,MD,20710,US,HIGH,80,READY,2026-01-11 13:29:53,+13019270040,,,Kathline,,,krice@rrmechanical.com,,,Y,
2079,ATS,,RAINVILLE INC,7715 OLD HARFORD,,,PARKVILLE,MD,21234,,,,,,410-665-9716,Ship To 1,,,REGINAM@RAINVILLE-INC.COM,,,Y,,,RAINVILLE INC,7715 OLD HARFORD,,,,PARKVILLE,MD,21234,US,HIGH,80,READY,2026-01-11 13:29:55,,,+14106659716,,,,reginam@rainville-inc.com,,,Y,
2080,ATS,,PARCEL 49C LTD PARTNERSHIP,445 12TH STREET SW,,,WASHINGTON,DC,20024,,,,,,,MINH LE,,,mle@republicpropertiescorp.com,,,Y,,,PARCEL 49C LTD PARTNERSHIP,445 12TH ST SW,,,,WASHINGTON,DC,20024,US,HIGH,80,READY,2026-01-11 13:29:58,,,,Minh Le,,,mle@republicpropertiescorp.com,,,Y,
2081,ATS,,RESIDENTIAL & COMMERCIAL SERVICES INC.,620 PENNSYLVANIA AVE,,,WINCHESTER,VA,22601,,,,,,540-665-2012,LINDSEY BROWIL,,,RCSSERVICE@VERIZON.NET,,,Y,,,RESIDENTIAL & COMMERCIAL SERVICES INC,620 PENNSYLVANIA AVE,,,,WINCHESTER,VA,22601,US,HIGH,80,READY,2026-01-11 13:30:00,,,+15406652012,Lindsey Browil,,,rcsservice@verizon.net,,,Y,
2082,ATS,,"RJ WASHINGTON COMPANY, INC.",6323 New Hampshire ave,,,TAKOMA PARK,MD,20912,,,,202-210-6765,,301-388-0238,,,,rjwashingtonco@yahoo.com,,,Y,,,RJ WASHINGTON COMPANY INC,6323 NEW HAMPSHIRE AVE,,,,TAKOMA PARK,MD,20912,US,HIGH,80,READY,2026-01-11 13:30:02,+12022106765,,+13013880238,,,,rjwashingtonco@yahoo.com,,,Y,
2083,ATS,,REALTY MANAGEMENT COMPANY,"3 BETHESDA METRO CENTER,STE600",JIM LITTLEJOHN,,Bethedsa,MD,20814,,,,,,,Ship To 1,,,,,,Y,,,REALTY MANAGEMENT COMPANY,3 BETHESDA METRO CTSTE600,,JIM LITTLEJOHN,,BETHEDSA,MD,20814,US,MEDIUM,100,REVIEW,NaT,,,,,,,,,,Y,
2084,ATS,,"ROMMEL CONSTRUCTION, LLC",601 Nursery Rd,,,LINTHICUM,MD,21090,,,,,,410-561-1047,Ship To 1,,,LSAKAGE@LHCRANSTON.COM,,,Y,,,ROMMEL CONSTRUCTION LLC,601 NURSERY RD,,,,LINTHICUM,MD,21090,US,HIGH,80,READY,2026-01-11 13:30:05,,,+14105611047,,,,lsakage@lhcranston.com,,,Y,
2085,ATS,,"ROYSTON, LLC",5540 KETCH ROAD,,,PRINCE FREDERICK,MD,20678,,,,,,(410) 414-5448,TAMMIE SHERIFF,,,TAMMIE.SHERIFF@ROYSTONLLC.COM,,,Y,,,ROYSTON LLC,5540 KETCH RD,,,,PRINCE FREDERICK,MD,20678,US,HIGH,80,READY,2026-01-11 13:30:07,,,+14104145448,Tammie Sheriff,,,tammie.sheriff@roystonllc.com,,,Y,
2086,ATS,,USE WARNER MECHANICAL,217 MONROE AVENUE,,,FREDERICK,MD,21701,,,,,,301-662-0897,Ship To 1,,,accountspayable@rwwinc.com,,,Y,,,USE WARNER MECHANICAL,217 MONROE AVE,,,,FREDERICK,MD,21701,US,HIGH,80,READY,2026-01-11 13:30:10,,,+13016620897,,,,accountspayable@rwwinc.com,,,Y,
2087,ATS,,"S & S CONTROL SYSTEMS, INC.",1662 CAPE HORN RD,,,HAMPSTEAD,MD,21074,,,,,,410-864-8861,Ship To 1,,,ACCOUNTING@SSCONTROLSYS.COM,,,Y,,,S & S CONTROL SYSTEMS INC,1662 CAPE HORN RD,,,,HAMPSTEAD,MD,21074,US,MEDIUM,100,REVIEW,NaT,,,+14108648861,,,,accounting@sscontrolsys.com,,,Y,
2088,ATS,,SALISBURY UNIVERSITY,ATTN: CENTAL RECEIVING,119 BATEMAN STREET,,SALISBURY,MD,21804,,,,,,,,,,ACCOUNTSPAYABLE@salisbury.edu,,,Y,,,SALISBURY UNIVERSITY,119 BATEMAN ST,,ATTN: CENTAL RECEIVING,,SALISBURY,MD,21804,US,HIGH,80,READY,2026-01-11 13:30:14,,,,,,,accountspayable@salisbury.edu,,,Y,
2089,ATS,,SCOTT ELECTRIC,MACK TRUCK,13302 PENNSYLVANIA AVE,,HAGERSTOWN,MD,21740,,,,,,724-834-6380,Ship To 1,,,,,,Y,,,SCOTT ELECTRIC,13302 PENNSYLVANIA AVE,,MACK TRUCK,,HAGERSTOWN,MD,21740,US,HIGH,80,READY,2026-01-11 13:30:16,,,+17248346380,,,,,,,Y,
2090,ATS,,SDAC FACILITY SERVICES,1775 DUKE ST,,,ALEXANDRIA,VA,22314,,,,,,,,,,AP@SDAC8A.COM,,,Y,,,SDAC FACILITY SERVICES,1775 DUKE ST,,,,ALEXANDRIA,VA,22314,US,HIGH,80,READY,2026-01-11 13:30:18,,,,,,,ap@sdac8a.com,,,Y,
2091,ATS,,"SIEMENS INDUSTRY, INC - Siemens web",RA20-WASH DC SERVICE,6435 VIRGINIA MANOR ROAD,,BELTSVILLE,MD,20705,,,,,,,Lisa,,,lisa.boyle@siemens.com,,,Y,,,SIEMENS INDUSTRY INC,6435 VIRGINIA MANOR RD,,RA20-WASH DC SERVICE,,BELTSVILLE,MD,20705,US,HIGH,80,READY,2026-01-11 13:30:20,,,,Lisa,,,lisa.boyle@siemens.com,,,Y,
2092,ATS,,"SIERRA LOBO, INC. - email",BLDG 15 RM 106 CODE 540.5,8800 GREENBELT ROAD,,GREENBELT,MD,20771,,,,,,(301) 286-7068,SHERRY SULLIVAN,,,ETISAP@SIERRALOBO.COM,,,Y,,,SIERRA LOBO INC,8800 GREENBELT RD,,BLDG 15 RM 106 CODE 5405,,GREENBELT,MD,20771,US,HIGH,80,READY,2026-01-11 13:30:22,,,+13012867068,Sherry Sullivan,,,etisap@sierralobo.com,,,Y,
2093,ATS,,SINAI HOSPITAL CENTER-LIFEBRIDGE,2401 W. BELVDERE AVE,,,BALTIMORE,MD,21215,,,,,,410-601-5012,Ship To 1,,,lbhpcc@lifebridgehealth.org; apinvoice@lifebridgehealth.org,,,Y,,,SINAI HOSPITAL CENTER-LIFEBRIDGE,2401 W BELVDERE AVE,,,,BALTIMORE,MD,21215,US,MEDIUM,100,REVIEW,NaT,,,+14106015012,,,,lbhpcc@lifebridgehealth.org,apinvoice@lifebridgehealth.org,,Y,
2094,ATS,,SIR PROPERTIES TRUST - EMAIL,EMAIL INVOICE,45101 WARP DRIVE,,DULLES,VA,20166,,,,,,,,,,kbarta@lpc.com,,,Y,,,SIR PROPERTIES TRUST,45101 WARP DR,,,,DULLES,VA,20166,US,HIGH,80,READY,2026-01-11 13:30:26,,,,,,,kbarta@lpc.com,,,Y,
2095,ATS,,SKOOKUM EDUCATIONAL PROGRAM,SKOOKUM CONTRACT SERVICES,2401 HAWKINS POINT ROAD,,CURTIS BAY,MD,21226,,,,4105531820 (c),,,sheryl hood,,,chris.heaton@skookum.org,,,Y,,,SKOOKUM EDUCATIONAL PROGRAM,2401 HAWKINS POINT RD,,SKOOKUM CONTRACT SERVICES,,CURTIS BAY,MD,21226,US,MEDIUM,100,REVIEW,NaT,+14105531820,,,Sheryl Hood,,,chris.heaton@skookum.org,,,Y,
2096,ATS,,SMITHSONIAN,"4TH & INDEPENDENCE AVE,SW",AMERICAN HISTORY,,WASHINGTON,DC,20024,,,,,,,,,,DZIADASZEKD@SI.EDU,,,Y,,,SMITHSONIAN,4TH & INDEPENDENCE AVE SW,,AMERICAN HISTORY,,WASHINGTON,DC,20024,US,MEDIUM,75,REVIEW,2026-01-11 13:30:32,,,,,,,dziadaszekd@si.edu,,,Y,
2097,ATS,,SMITHSONIAN,"4TH & INDEPENDENCE AVE,SW",AMERICAN HISTORY,,WASHINGTON,DC,20024,,,,,,,,,,,,,Y,,,SMITHSONIAN,4TH & INDEPENDENCE AVE SW,,AMERICAN HISTORY,,WASHINGTON,DC,20024,US,MEDIUM,75,REVIEW,2026-01-11 13:30:35,,,,,,,,,,Y,
2098,ATS,,SMITHSONIAN - NMAH,NATIONAL MUSEUM OF AMERICAN HI,12THST & CONSTITUTION AVE NW,,WASHINGTON,DC,20560,,,,,,,,,,,,,Y,,,SMITHSONIAN,12THST & CONSTITUTION AVE NW,,NATIONAL MUSEUM OF AMERICAN HISTORY,,WASHINGTON,DC,20560,US,MEDIUM,100,REVIEW,NaT,,,,,,,,,,Y,
2099,ATS,,"SPECTRUM SOLUTIONS, INC.",114 CASTLE DRIVE,EMAIL INVOICE,,MADISON,AL,35758,,,,256-783-2224 - AP,,,MATT SELF,,,MSELF@SPECTRUMSI.COM,,,Y,,,SPECTRUM SOLUTIONS INC,114 CASTLE DR,,,,MADISON,AL,35758,US,HIGH,80,READY,2026-01-11 13:30:39,+12567832224,,,Matt Self,,,mself@spectrumsi.com,,,Y,
2100,ATS,,ST JOHN REGIONAL CATHOLIC SCHOOL,JIM ULLMER,8414 OPOSSUMTOWN PIKE,,FREDERICK,MD,21702,,,,,,301-695-7505,Ship To 1,,,NMOTHERWAY@SJRCS.ORG,,,Y,,,ST JOHN REGIONAL CATHOLIC SCHOOL,8414 OPOSSUMTOWN PIKE,,JIM ULLMER,,FREDERICK,MD,21702,US,HIGH,80,READY,2026-01-11 13:30:41,,,+13016957505,,,,nmotherway@sjrcs.org,,,Y,
2101,ATS,,UNIVERSITY OF MARYLAND ST. JOSEPH MED,7601 OSLER DRIVE,,,TOWSON,MD,21204,,,,,,410-328-8813,SHIP TO,,,UMMSINVOICES@ONLINECAPTURECENTER.COM,,,Y,,,,7601 OSLER DR,,ST JOSEPH MED,,TOWSON,MD,21204,US,MEDIUM,71.67,REVIEW,2026-01-11 13:30:43,,,+14103288813,,,,ummsinvoices@onlinecapturecenter.com,,,Y,
2102,ATS,,STATE OF MARYLAND,LIONELL JENKINS,300 E. MADISON ST.,,BALTIIMORE,MD,21202,,,,,,,Ship To 1,,,,,,Y,,,STATE OF MARYLAND,300 E MADISON ST,,LIONELL JENKINS,,BALTIIMORE,MD,21202,US,MEDIUM,100,REVIEW,NaT,,,,,,,,,,Y,
2103,ATS,,"STIFEL, NICOLAUS & COMPANY, INC",46 SPRING HILL FARM CT,,,COCKEYSVILLE,MD,21030,,,,,,,,,,,,,Y,,,STIFEL NICOLAUS & COMPANY INC,46 SPRING HILL FARM CT,,,,COCKEYSVILLE,MD,21030,US,MEDIUM,100,REVIEW,NaT,,,,,,,,,,Y,
2104,ATS,,"STONEBRIDGECARRAS, LLC -email","BETHESDA OFFICE OWNER, LLC",7500 OLD GEORGETOWN ROAD,,BETHESDA,MD,20814,,,,,,301-913-9615,Michelle Laframboise,,,payables@stonebridge.us.com,,,Y,,,STONEBRIDGECARRAS LLC,7500 OLD GEORGETOWN RD,,BETHESDA OFFICE OWNER LLC,,BETHESDA,MD,20814,US,HIGH,80,READY,2026-01-11 13:30:49,,,+13019139615,Michelle Laframboise,,,payables@stonebridge.us.com,,,Y,
2105,ATS,,SCHNEIDER ELECTRIC BUILD. CRITICAL SYS,NELB-AHU MOTOR REPLACEMENT,9730 PATUXENT WOODS DRIVE,,Columbia,MD,21046,,,,,,410-381-7654,Ship To 1,,,cherri.clark@SCHNEIDERELECTRIC-CRITICAL.com,,,Y,,,SCHNEIDER ELECTRIC BUILD CRITICAL SYS,9730 PATUXENT WOODS DR,,NELB-AHU MOTOR REPLACEMENT,,COLUMBIA,MD,21046,US,MEDIUM,100,REVIEW,NaT,,,+14103817654,,,,cherri.clark@schneiderelectric-critical.com,,,Y,
2106,ATS,,"TARGET ELECTRIC, INC",5931 BARTHOLOW ROAD,,,SYKESVILLE,MD,21784,,,,,,410-549-6744,Ship To 1,,,,,,Y,,,TARGET ELECTRIC INC,5931 BARTHOLOW RD,,,,SYKESVILLE,MD,21784,US,MEDIUM,100,REVIEW,NaT,,,+14105496744,,,,,,,Y,
2107,ATS,,"THARCO, INC.",1510 CATON DRIVE,SUITES L&M,,BALTIMORE,MD,21227,,,,,,(410) 247-2314,,,,,,,Y,,,THARCO INC,1510 CATON DR,,SUITES L&M,,BALTIMORE,MD,21227,US,HIGH,80,READY,2026-01-11 13:30:55,,,+14102472314,,,,,,,Y,
2108,ATS,,THE TRANE COMPANY,"9603 DEERECO ROAD, STE 400",,,TIMONIUM,MD,21093-9969,,,,,,,Ship To 1,,,,,,Y,,,THE TRANE COMPANY,9603 DEERECO RD,,STE 400,,TIMONIUM,MD,21093-9969,US,HIGH,80,READY,2026-01-11 13:30:58,,,,,,,,,,Y,
2109,ATS,,THOMAS SOMERVILLE CO.,CENTRAL DISTRIBUTION CTR,16155 TRADE ZONE AVENUE,,UPPER MARLBORO,MD,20774,,,,,,,Ship To 1,,,,,,Y,,,THOMAS SOMERVILLE CO,16155 TRADE ZONE AVE,,CENTRAL DISTRIBUTION CTR,,UPPER MARLBORO,MD,20774,US,HIGH,80,READY,2026-01-11 13:31:00,,,,,,,,,,Y,
2110,ATS,,THOS SOMERVILLE CO,320 N GEORGE STREET,,,YORK,PA,17403,,,,,,,Ship To 1,,,,,,Y,,,THOS SOMERVILLE CO,320 N GEORGE ST,,,,YORK,PA,17403,US,HIGH,80,READY,2026-01-11 13:31:02,,,,,,,,,,Y,
2111,ATS,,TMI CLIMATE SOLUTIONS CANADA -email,ACCOUNTS PAYABLE,200 QUALITY WAY,,HOLLY,MI,48442,,,,,,514-426-8646,Ship To 1,,,MTLPAYABLES@TMICLIMATESOLUTIONS.COM,,,Y,,,TMI CLIMATE SOLUTIONS,200 QUALITY WAY,,,,HOLLY,MI,48442,US,MEDIUM,100,REVIEW,NaT,,,+15144268646,,,,mtlpayables@tmiclimatesolutions.com,,,Y,
2112,ATS,,TMI,ACCOUNTS PAYABLE,200 QUALITY WAY,,HOLLY,MI,48442,,,,,,810-694-5804,Ship To 1,,,JBIRCHMEIER@TMICLIMATESOLUTIONS,,,Y,,,TMI CLIMATE SOLUTIONS,200 QUALITY WAY,,,,HOLLY,MI,48442,US,MEDIUM,100,REVIEW,NaT,,,+18106945804,,,,jbirchmeier@tmiclimatesolutions,,,Y,
2113,ATS,,TRADEMASTERS SERVICES CORP,7208 LOCKPORT PLACE,,,LORTON,VA,22079,,,,,,,AMANDA DEEN,,,AP@TRADEMASTERS.COM,,,Y,,,TRADEMASTERS SERVICES CORP,7208 LOCKPORT PL,,,,LORTON,VA,22079,US,HIGH,80,READY,2026-01-11 13:31:08,,,,Amanda Deen,,,ap@trademasters.com,,,Y,
2114,ATS,,TRANE BUSINESS SYSTEM- email,SUITE 400,,,TIMONIUM,MD,21093,,,,,,,Ship To 1,,,irap.invoice@irco.com; TTAP.INVOICE@TRANETECHNOLOGIES.COM,,,Y,,,TRANE BUSINESS SYSTEM,SUITE 400,,,,TIMONIUM,MD,21093,US,LOW,100,REVIEW,NaT,,,,,,,irap.invoice@irco.com,ttap.invoice@tranetechnologies.com,,Y,
2115,ATS,,UMBC A/P DEPT,UMBC RITA ROSSI COLWELL CENTER,710 EAST PRATT CIRCLE,,BALTIMORE,MD,21250,,,,410-455-1712,,410-455-1068,PEGGY-AP,,,CCPayables@umbc.edu,,,Y,,,UMBC,710 E PRATT CIR,,UMBC RITA ROSSI COLWELL CENTER A/P DEPT,,BALTIMORE,MD,21250,US,MEDIUM,100,REVIEW,NaT,+14104551712,,+14104551068,Peggy,,,ccpayables@umbc.edu,,,Y,
2116,ATS,,DO NOT USE,1000 HILLTOOP CIRCLE,"WAREHOUSE B, ATTN: JOE KLEIN",,BALTIMORE,MD,21250,,,,,,,Ship To 1,,,,,,Y,,,DO NOT USE,1000 HILLTOOP CIR,,WAREHOUSE B ATTN: JOE KLEIN,,BALTIMORE,MD,21250,US,MEDIUM,100,REVIEW,NaT,,,,,,,,,,Y,
2117,ATS,,"UNIVERSITY OF MD, MEDICAL SYSTEMS",22 SOUTH GREEN STREET,,,BALTIMORE,MD,21201,,,,410-448-6786 HENRY,,410-328-8813,Ship To 1,,,UMMSinvoices@onlinecapturecenter.com; Karen.Bryant@umm.edu,,,Y,,,UNIVERSITY OF MD MEDICAL SYSTEMS,22 S GREEN ST,,,,BALTIMORE,MD,21201,US,MEDIUM,100,REVIEW,NaT,+14104486786,,+14103288813,,,,ummsinvoices@onlinecapturecenter.com,karen.bryant@umm.edu,,Y,
2118,ATS,,UNICON EQUIPMENT SALES,8702 WESTWOOD FOREST LANE,,,VIENNA,VA,22182,,,,,,(866) 669-7562,PAIGE LEMONS,,,INVOICE.UES@GMAIL.COM,,,Y,,,UNICON EQUIPMENT SALES,8702 WWOOD FOREST LN,,,,VIENNA,VA,22182,US,MEDIUM,100,REVIEW,NaT,,,+18666697562,Paige Lemons,,,invoice.ues@gmail.com,,,Y,
2119,ATS,,UNION EQUIPMENT SALES,8702 WESTWOOD FOREST LANE,,,VIENNA,VA,22182,,,,,,(866) 669-7562,PAIGE LEMONS,,,INVOICE.UES@GMAIL.COM,,,Y,,,UNION EQUIPMENT SALES,8702 WWOOD FOREST LN,,,,VIENNA,VA,22182,US,MEDIUM,100,REVIEW,NaT,,,+18666697562,Paige Lemons,,,invoice.ues@gmail.com,,,Y,
2120,ATS,,UNION MEMORIAL HOSPITAL,201 E UNIVERSITY PARKWAY,,,BALTIMORE,MD,21218-2895,,,,,,410-933-2357,Ship To 1,,,apinvoices@medstar.net,,,Y,,,UNION MEMORIAL HOSPITAL,201 E UNIVERSITY PKWY,,,,BALTIMORE,MD,21218-2895,US,HIGH,80,READY,2026-01-11 13:31:24,,,+14109332357,,,,apinvoices@medstar.net,,,Y,
2121,ATS,,UNITED ELECTRIC SUPPLY,8100 DORSEY RUN RD,JESSUP,,JESSUP,MD,20794,,,,,,(410) 799-7203,,,,ap@unitedelectric.com,,,Y,,,UNITED ELECTRIC SUPPLY,8100 DORSEY RUN RD,,JESSUP,,JESSUP,MD,20794,US,HIGH,80,READY,2026-01-11 13:31:26,,,+14107997203,,,,ap@unitedelectric.com,,,Y,
2122,ATS,,US ARMY ABERDEEN PROVING GROUND,"BLDG. E5165, BLACKHAWK ROAD",,,APG-EA,MD,21010-5422,,,,,,410-436-4535,Ship To 1,,,,,,Y,,,US ARMY ABERDEEN PROVING GROUND,BLDG E5165 BLACKHAWK RD,,,,APG-EA,MD,21010-5422,US,LOW,100,REVIEW,NaT,,,+14104364535,,,,,,,Y,
2123,ATS,,"USGBF NCI LAB, LLC",AFFINIUS CAPITAL BPCC CODE: 854300,P.O. BOX 36205,,CHARLOTTE,NC,28236,,,,,,301-545-5109,JOSUE RIVERA,,,AFFINIUSCAPITAL@AVIDBILL.COM; JDRIVERA@JBGSMITH.COM,,,Y,,,USGBF NCI LAB LLC,PO BOX 36205,,AFFINIUS CAPITAL BPCC CODE: 854300,,CHARLOTTE,NC,28236,US,MEDIUM,70,REVIEW,NaT,,,+13015455109,Josue Rivera,,,affiniuscapital@avidbill.com,jdrivera@jbgsmith.com,,Y,
2124,ATS,,VIGIL CONTRACTING,2406 CROFTON BLVD,,,CROFTON,MD,21114,,,,,,410-451-9514,Ship To 1,,,,,,Y,,,VIGIL CONTRACTING,2406 CROFTON BLVD,,,,CROFTON,MD,21114,US,HIGH,80,READY,2026-01-11 13:31:30,,,+14104519514,,,,,,,Y,
2125,ATS,,VORNADO/CHARLES E. SMITH,"2101 L STREET, NW, SUITE C-100",,,WAHSINGTON,DC,20037,,,,202-223-0972,,202-347-8044,PAULA CRAWFORD,,,,,,Y,,,VORNADO/CHARLES E SMITH,2101 L ST NW,,STE #C-100,,WAHSINGTON,DC,20037,US,MEDIUM,100,REVIEW,NaT,+12022230972,,+12023478044,Paula Crawford,,,,,,Y,
2126,ATS,,"WALTER N. YODER & SONS, INC.",16200 MCMULLEN HIGHWAY SW,,,CUMBERLAND,MD,21502,,,,,,,,,,,,,Y,,,WALTER N YODER & SONS INC,16200 MCMULLEN HWY SW,,,,CUMBERLAND,MD,21502,US,MEDIUM,100,REVIEW,NaT,,,,,,,,,,Y,
2127,ATS,,WASHINGTON HOSPITAL CENTER -email,"110 IRVING STREET, NW",,,WAHSINGTON,DC,20010,,,,410-933-2376,,410-933-2357,Ship To 1,,,apinvoices@medstar.net,,,Y,,,WASHINGTON HOSPITAL CENTER,110 IRVING ST NW,,,,WAHSINGTON,DC,20010,US,MEDIUM,100,REVIEW,NaT,+14109332376,,+14109332357,,,,apinvoices@medstar.net,,,Y,
2128,ATS,,W.B. ENGINEERING & CONSULTING,1101 WOOTTON PARKWAY,SUITE 1050,,ROCKVILLE,MD,20852,,,,,,301-279-6319,JOHN FEASTER,,,JFEASTER@WBENGINEERING.COM,,,Y,,,WB ENGINEERING & CONSULTING,1101 WOOTTON PKWY,,STE #1050,,ROCKVILLE,MD,20852,US,HIGH,80,READY,2026-01-11 13:31:38,,,+13012796319,John Feaster,,,jfeaster@wbengineering.com,,,Y,
2129,ATS,,CORA WEEKS,21030 PEACH TREE RD.,,,DICKERSON,MD,20842,,,,,,,Ship To 1,,,,,,Y,,,CORA WEEKS,21030 PEACH TREE RD,,,,DICKERSON,MD,20842,US,MEDIUM,100,REVIEW,NaT,,,,,,,,,,Y,
2130,ATS,,WESTERN MARYLAND HEALTH SYSTEM,12500 WILLOWBROOK ROAD,,,CUMBERLAND,MD,21502,,,,240-964-8179,,,,,,,,,Y,,,WESTERN MARYLAND HEALTH SYSTEM,12500 WILLOWBROOK RD,,,,CUMBERLAND,MD,21502,US,HIGH,80,READY,2026-01-11 13:31:41,+12409648179,,,,,,,,,Y,
2131,ATS,,"W.G. TOMKO, INC",3730 COMMERCE DRIVE,SUITE 1214,,ARBUTUS,MD,21227,,,,,,724-348-2000,,,,apvendorinvoices@wgtomko.com,,,Y,,,WG TOMKO INC,3730 COMMERCE DR,,STE #1214,,ARBUTUS,MD,21227,US,HIGH,80,READY,2026-01-11 13:31:45,,,+17243482000,,,,apvendorinvoices@wgtomko.com,,,Y,
2132,ATS,,"WISTEX, INC.",1730 STOUT DRIVE,SUITE ONE,,WARMINSTER,PA,18974,,,,,,215-328-9081,Ship To 1,,,CHRISTINA@SWC-WISTEX.COM,,,Y,,,WISTEX INC,1730 STOUT DR,,STE #ONE,,WARMINSTER,PA,18974,US,MEDIUM,100,REVIEW,NaT,,,+12153289081,,,,christina@swc-wistex.com,,,Y,
2133,ATS,,"OATH, INC.",22110 Pacific Blvd,,,Dulles,VA,20166,,,,,,703-265-2108,Ship To 1,,,oathsupport@teamaol.com,,,Y,,,OATH INC,22110 PACIFIC BLVD,,,,DULLES,VA,20166,US,HIGH,80,READY,2026-01-11 13:31:49,,,+17032652108,,,,oathsupport@teamaol.com,,,Y,
2134,ATS,,ARCTIC REFRIGERATION,13000 LIVINGSTON RD,,,MANASSAS,VA,20109,,,,,,410-947-4129,Ship To 1,,,JPARCTIC@VERIZON.NET,,,Y,,,ARCTIC REFRIGERATION,13000 LIVINGSTON RD,,,,MANASSAS,VA,20109,US,MEDIUM,100,REVIEW,NaT,,,+14109474129,,,,jparctic@verizon.net,,,Y,
2135,ATS,,CARRIER CORPORATION,7200 Rutherford Road,,,BALTIMROE,MD,21244,,,,,,860-622-0204,Ship To 1,,,ANDREA.LAWRENCE@CARRIER.COM; UTCAP.BISDIRSALESINV@CONDUENT.COM,,,Y,,,CARRIER CORPORATION,7200 RUTHERFORD RD,,,,BALTIMROE,MD,21244,US,MEDIUM,100,REVIEW,NaT,,,+18606220204,,,,andrea.lawrence@carrier.com,utcap.bisdirsalesinv@conduent.com,,Y,
2136,ATS,,DPR CONSTRUCTION,550 COX ROAD,SUITE M,,GLEN ALLEN,VA,23060,,,,AP - 407-551-8219,,,,,,ORLACCOUNTSPAYABLE@DPR.COM,,,Y,,,DPR CONSTRUCTION,550 COX RD,,STE #M,,GLEN ALLEN,VA,23060,US,MEDIUM,100,REVIEW,NaT,+14075518219,,,,,,orlaccountspayable@dpr.com,,,Y,
2137,ATS,,ERICKSON LIVING MANAGEMENT,SEABROOK MAIL STOP - 60410320,3000 ESSEX ROAD,,TINTON FALLS,NJ,07753,,,,,,410-204-7227,Ship To 1,,,apfaxes2@erickson.com,,,Y,,,ERICKSON LIVING MANAGEMENT,3000 ESSEX RD,,SEABROOK MAIL STOP - 60410320,,TINTON FALLS,NJ,07753,US,HIGH,80,READY,2026-01-11 13:31:57,,,+14102047227,,,,apfaxes2@erickson.com,,,Y,
2138,ATS,,ERICKSON RETIREMENT COMMUNITIES,100 BROOKSBY VILLAGE DRIVE,TE # 522-126-755,,PEABODY,MA,01960,,,,,,,Ship To 1,,,apfaxes2@erickson.com,,,Y,,,ERICKSON RETIREMENT COMMUNITIES,100 BROOKSBY VILLAGE DR,,TE # 522-126-755,,PEABODY,MA,01960,US,HIGH,80,READY,2026-01-11 13:31:59,,,,,,,apfaxes2@erickson.com,,,Y,
2139,ATS,,OAK CREST VILLAGE,100 BROOKSBY VILLAGE DRIVE,TE # 522-126-755,,PEABODY,MA,01960,,,,443-677-3128,,,Ship To 1,,,apfaxes2@erickson.com,,,Y,,,OAK CREST VILLAGE,100 BROOKSBY VILLAGE DR,,TE # 522-126-755,,PEABODY,MA,01960,US,HIGH,80,READY,2026-01-11 13:32:01,+14436773128,,,,,,apfaxes2@erickson.com,,,Y,
2140,ATS,,FREDERICK CO. PUBLIC SCHOOLS,7446 HAYWARD RD,,,FREDERICK,MD,21702,,,,301-644-5172-SVC,,,Ship To 1,,,accounts.payable@fcps.org,,,Y,,,FREDERICK CO PUBLIC SCHOOLS,7446 HAYWARD RD,,,,FREDERICK,MD,21702,US,HIGH,80,READY,2026-01-11 13:32:03,+13016445172,,,,,,accounts.payable@fcps.org,,,Y,
2141,ATS,,HAVTECH -email invoice,85 PATTERSON MILL ROAD,,,BEL AIR,MD,21014,,,,,,301-497-9610,Ship To 1,,,accountspayable@havtech.com,,,Y,,,HAVTECH,85 PATTERSON MILL RD,,,,BEL AIR,MD,21014,US,HIGH,80,READY,2026-01-11 13:32:05,,,+13014979610,,,,accountspayable@havtech.com,,,Y,
2142,ATS,,HAVTECH,85 PATTERSON MILL ROAD,,,BEL AIR,MD,21014,,,,,,301-497-9610,Ship To 1,,,accountspayable@havtech.com,,,Y,,,HAVTECH,85 PATTERSON MILL RD,,,,BEL AIR,MD,21014,US,HIGH,80,READY,2026-01-11 13:32:13,,,+13014979610,,,,accountspayable@havtech.com,,,Y,
2143,ATS,,JOHNS HOPKINS ENTERPRISE - email INV,ATTN: CHERYL ROBINSON,RM B105 1780 E. FAYETTE ST,,BALTIMORE,MD,21231,,,,443-997-5600-PURCHA,,443-997-5630,Ship To 1,,,INVOICES@JH.EDU; FDC_AP_Invoices@jhmi.edu,,,Y,,,JOHNS HOPKINS ENTERPRISE,1780 E FAYETTE ST,,RM B105,,BALTIMORE,MD,21231,US,HIGH,80,READY,2026-01-11 13:32:15,+14439975600,,+14439975630,,,,invoices@jh.edu,fdc_ap_invoices@jhmi.edu,,Y,
2144,ATS,,JOHNSON CONTROLS ABERDEEN -email,"32ND STREET, E5185",410-306-6228,,GUNPOWDER,MD,21010,,,,,,240-683-7660,Ship To 1,,,be-jcfs-ap@jci.com,,,Y,,,JOHNSON CONTROLS INC,32ND ST E5185,,410-306-6228,,GUNPOWDER,MD,21010,US,MEDIUM,100,REVIEW,NaT,,,+12406837660,,,,be-jcfs-ap@jci.com,,,Y,
2145,ATS,,"JBTW, LLC",2609 DEARBORN ST,,,EASTON,PA,18045,,,,610-258-5651-AP,,610-258-9332-AP,Ship To 1,,,HELEN.THORNTON@JOHNSTONESUPPLY.COM,,,Y,,,JBTW LLC,2609 DEARBORN ST,,,,EASTON,PA,18045,US,MEDIUM,100,REVIEW,NaT,+16102585651,,+16102589332,,,,helen.thornton@johnstonesupply.com,,,Y,
2146,ATS,,JONES LANG LASALLE - EMAIL,1 WEST PENNSYLVANIA AVE,SUITE 290,,TOWSON,MD,21204,,,,,,410-345-3650,Ship To 1,,,8887481938@onlinecapturecenter.com; JLLUSA.CSINVOICES@AM.JLL.COM,,,Y,,,JONES LANG LASALLE,1 W PENNSYLVANIA AVE,,STE #290,,TOWSON,MD,21204,US,MEDIUM,100,REVIEW,NaT,,,+14103453650,,,,8887481938@onlinecapturecenter.com,jllusa.csinvoices@am.jll.com,,Y,
2147,ATS,,MERITUS MEDICAL CENTER,105 ENTERPRISE LANE,,,HAGERSTOWN,MD,21740,,,,,,,INGRID RETHERFORD,,,AP@MERITUSHEALTH.COM,,,Y,,,MERITUS MEDICAL CENTER,105 ENTERPRISE LN,,,,HAGERSTOWN,MD,21740,US,MEDIUM,100,REVIEW,NaT,,,,Ingrid Retherford,,,ap@meritushealth.com,,,Y,
2148,ATS,,MOTION INDUSTRIES,7433 GATEWAY COURT,,,MANASSAS,VA,20109,,,,,,,,,,,,,Y,,,MOTION INDUSTRIES,7433 GATEWAY CT,,,,MANASSAS,VA,20109,US,MEDIUM,100,REVIEW,NaT,,,,,,,,,,Y,
2149,ATS,,USE WARNER MECHANICAL,C/O R.W. WARNER,8414 OPPOSUMTOWN PIKE,,FREDERICK,MD,,,,,,,301-662-0897,Ship To 1,,,accountspayable@rwwinc.com,,,Y,,,USE WARNER MECHANICAL,8414 OPPOSUMTOWN PIKE,,C/O RW WARNER,,FREDERICK,MD,21702,US,MEDIUM,100,REVIEW,NaT,,,+13016620897,,,,accountspayable@rwwinc.com,,,Y,
2150,ATS,,SALISBURY UNIVERSITY,ACTUAL ADDRESS,1101 CAMDEN AVE,,SALISBURY,MD,21801,,,,,,,,,,ACCOUNTSPAYABLE@salisbury.edu,,,Y,,,SALISBURY UNIVERSITY,1101 CAMDEN AVE,,,,SALISBURY,MD,21801,US,HIGH,80,READY,2026-01-11 13:32:48,,,,,,,accountspayable@salisbury.edu,,,Y,
2151,ATS,,"STONEBRIDGECARRAS, LLC -email","AVOCET TOWER INCESTORS, LLC",7373 WISCONSIN AVE SUITE 700,,BETHESDA,MD,20814,,,,,,301-913-9615,Michelle Laframboise,,,payables@stonebridge.us.com,,,Y,,,STONEBRIDGECARRAS LLC,7373 WISCONSIN AVE,,STE #700 AVOCET TOWER INCESTORS LLC,,BETHESDA,MD,20814,US,HIGH,80,READY,2026-01-11 13:32:50,,,+13019139615,Michelle Laframboise,,,payables@stonebridge.us.com,,,Y,
2152,ATS,,THOS SOMERVILLE CO,14700 WILLARD ROAD,,,CHANTILLY,VA,20151,,,,,,,Ship To 1,,,,,,Y,,,THOS SOMERVILLE CO,14700 WILLARD RD,,,,CHANTILLY,VA,20151,US,HIGH,80,READY,2026-01-11 13:32:56,,,,,,,,,,Y,
2153,ATS,,TMI CLIMATE SOLUTIONS CANADA -email,200 QUALITY WAY,,,HOLLY,MI,48442,,,,,,514-426-8646,Ship To 1,,,MTLPAYABLES@TMICLIMATESOLUTIONS.COM,,,Y,,,TMI CLIMATE SOLUTIONS,200 QUALITY WAY,,,,HOLLY,MI,48442,US,MEDIUM,100,REVIEW,NaT,,,+15144268646,,,,mtlpayables@tmiclimatesolutions.com,,,Y,
2154,ATS,,TMI,200 QUALITY WAY,,,HOLLY,MI,48442,,,,,,810-694-5804,Ship To 1,,,JBIRCHMEIER@TMICLIMATESOLUTIONS,,,Y,,,TMI,200 QUALITY WAY,,,,HOLLY,MI,48442,US,MEDIUM,100,REVIEW,NaT,,,+18106945804,,,,jbirchmeier@tmiclimatesolutions,,,Y,
2155,ATS,,TRADEMASTERS SERVICES CORP,7208 LOCKPORT PLACE,,,LORTON,VA,22079,,,,,,,AMANDA DEEN,,,AP@TRADEMASTERS.COM,,,Y,,,TRADEMASTERS SERVICES CORP,7208 LOCKPORT PL,,,,LORTON,VA,22079,US,HIGH,80,READY,2026-01-11 13:33:08,,,,Amanda Deen,,,ap@trademasters.com,,,Y,
2156,ATS,,UNITED ELECTRIC SUPPLY,12045 TRADE ZONE COURT,WALDORF,,WALDORF,MD,20601,,,,,,(410) 799-7203,,,,ap@unitedelectric.com,,,Y,,,UNITED ELECTRIC SUPPLY,12045 TRADE ZONE CT,,WALDORF,,WALDORF,MD,20601,US,HIGH,80,READY,2026-01-11 13:33:10,,,+14107997203,,,,ap@unitedelectric.com,,,Y,
2157,ATS,,HICKOK AE LLC,735 GLASER PARKWAY,,,AKRON,OH,44306,,,,,,330-794-8841,CINDY FEDERAN-AP,,,ap@airenterprises.com,,,Y,,,HICKOK AE LLC,735 GLASER PKWY,,,,AKRON,OH,44306,US,HIGH,80,READY,2026-01-11 13:33:11,,,+13307948841,Cindy Federan,,,ap@airenterprises.com,,,Y,
2158,ATS,,ERICKSON LIVING MANAGEMENT,GREENSPRING-MAIL STOP-60510340,7410 SPRING VALLY DR.,,SPRINGFIELD,MD,22150,,,,,,410-204-7227,Ship To 1,,,apfaxes2@erickson.com,,,Y,,,ERICKSON LIVING MANAGEMENT,7410 SPRING VALLY DR,,GREENSPRING-MAIL STOP-60510340,,SPRINGFIELD,MD,22150,US,MEDIUM,100,REVIEW,NaT,,,+14102047227,,,,apfaxes2@erickson.com,,,Y,
2159,ATS,,ERICKSON RETIREMENT COMMUNITIES,715 MAIDEN CHOICE LANE,TE # 31087175,,CATONSVILLE,MD,21228,,,,,,,Ship To 1,,,apfaxes2@erickson.com,,,Y,,,ERICKSON RETIREMENT COMMUNITIES,715 MAIDEN CHOICE LN,,TE # 31087175,,CATONSVILLE,MD,21228,US,HIGH,80,READY,2026-01-11 13:33:15,,,,,,,apfaxes2@erickson.com,,,Y,
2160,ATS,,OAK CREST VILLAGE,715 MAIDEN CHOICE LANE,TE # 31087175,,CATONSVILLE,MD,21228,,,,443-677-3128,,,Ship To 1,,,apfaxes2@erickson.com,,,Y,,,OAK CREST VILLAGE,715 MAIDEN CHOICE LN,,TE # 31087175,,CATONSVILLE,MD,21228,US,HIGH,80,READY,2026-01-11 13:33:17,+14436773128,,,,,,apfaxes2@erickson.com,,,Y,
2161,ATS,,"JBTW, LLC",2300N 5TH ST HWY,,,READING,PA,19603,,,,610-258-5651-AP,,610-258-9332-AP,Ship To 1,,,HELEN.THORNTON@JOHNSTONESUPPLY.COM,,,Y,,,JBTW LLC,2300N 5TH ST HWY,,,,READING,PA,19603,US,MEDIUM,100,REVIEW,NaT,+16102585651,,+16102589332,,,,helen.thornton@johnstonesupply.com,,,Y,
2162,ATS,,MOTION INDUSTRIES,"244 AIRPORT RD., UNIT 3",,,WINCHESTER,VA,22602,,,,,,,,,,,,,Y,,,MOTION INDUSTRIES,244 AIRPORT RD UNIT 3,,,,WINCHESTER,VA,22602,US,MEDIUM,100,REVIEW,NaT,,,,,,,,,,Y,
2163,ATS,,UNITED ELECTRIC SUPPLY,3031 Washington Blvd,BALTIMORE,,BALTIMORE,MD,21230,,,,,,(410) 799-7203,,,,ap@unitedelectric.com,,,Y,,,UNITED ELECTRIC SUPPLY,3031 WASHINGTON BLVD,,BALTIMORE,,BALTIMORE,MD,21230,US,HIGH,80,READY,2026-01-11 13:33:24,,,+14107997203,,,,ap@unitedelectric.com,,,Y,
2164,ATS,,ERICKSON LIVING MANAGEMENT,BROOKSBY -MAIL STOP -62510340,100 BROOKSBY VILLAGE DR.,,PEABODY,MD,01960,,,,,,410-204-7227,Ship To 1,,,apfaxes2@erickson.com,,,Y,,,ERICKSON LIVING MANAGEMENT,100 BROOKSBY VILLAGE DR,,BROOKSBY -MAIL STOP -62510340,,PEABODY,MD,01960,US,MEDIUM,100,REVIEW,NaT,,,+14102047227,,,,apfaxes2@erickson.com,,,Y,
2165,ATS,,ERICKSON RETIREMENT COMMUNITIES,1 CEDAR CREST DRIVE,TE # EO-522-184-915/000,,POMPTON PLAINS,NJ,07444,,,,,,,Ship To 1,,,apfaxes2@erickson.com,,,Y,,,ERICKSON RETIREMENT COMMUNITIES,1 CEDAR CREST DR,,TE # EO-522-184-915/000,,POMPTON PLAINS,NJ,07444,US,MEDIUM,100,REVIEW,NaT,,,,,,,apfaxes2@erickson.com,,,Y,
2166,ATS,,OAK CREST VILLAGE,1 CEDAR CREST DRIVE,TE # EO-522-184-915/000,,POMPTON PLAINS,NJ,07444,,,,443-677-3128,,,Ship To 1,,,apfaxes2@erickson.com,,,Y,,,OAK CREST VILLAGE,1 CEDAR CREST DR,,TE # EO-522-184-915/000,,POMPTON PLAINS,NJ,07444,US,MEDIUM,100,REVIEW,NaT,+14436773128,,,,,,apfaxes2@erickson.com,,,Y,
2167,ATS,,"JBTW, LLC",2578 INDUSTRY LANE,,,NORRISTOWN,PA,19403,,,,610-258-5651-AP,,610-258-9332-AP,Ship To 1,,,HELEN.THORNTON@JOHNSTONESUPPLY.COM,,,Y,,,JBTW LLC,2578 INDUSTRY LN,,,,NORRISTOWN,PA,19403,US,MEDIUM,100,REVIEW,NaT,+16102585651,,+16102589332,,,,helen.thornton@johnstonesupply.com,,,Y,
2168,ATS,,UNITED ELECTRIC SUPPLY,11710 Baltimore Ave,BELTSVILLE,,BELTSVILLE,MD,20705,,,,,,(410) 799-7203,,,,ap@unitedelectric.com,,,Y,,,UNITED ELECTRIC SUPPLY,11710 BALTIMORE AVE,,BELTSVILLE,,BELTSVILLE,MD,20705,US,HIGH,80,READY,2026-01-11 13:33:42,,,+14107997203,,,,ap@unitedelectric.com,,,Y,
2169,ATS,,ERICKSON LIVING MANAGEMENT,RIDERWOOD- MAIL STOP-60610340,3120 GRACEFIELD RD,,SILVER SPRING,MD,20904,,,,,,410-204-7227,Ship To 1,,,apfaxes2@erickson.com,,,Y,,,ERICKSON LIVING MANAGEMENT,3120 GRACEFIELD RD,,RIDERWOOD- MAIL STOP-60610340,,SILVER SPRING,MD,20904,US,MEDIUM,100,REVIEW,NaT,,,+14102047227,,,,apfaxes2@erickson.com,,,Y,
2170,ATS,,ERICKSON RETIREMENT COMMUNITIES,147003 EAGLE VISTA DRIVE,TE # 10304986838,,HOUSTON,TX,77077,,,,,,,Ship To 1,,,apfaxes2@erickson.com,,,Y,,,ERICKSON RETIREMENT COMMUNITIES,147003 EAGLE VISTA DR,,TE # 10304986838,,HOUSTON,TX,77077,US,MEDIUM,100,REVIEW,NaT,,,,,,,apfaxes2@erickson.com,,,Y,
2171,ATS,,OAK CREST VILLAGE,147003 EAGLE VISTA DRIVE,TE # 10304986838,,HOUSTON,TX,77077,,,,443-677-3128,,,Ship To 1,,,apfaxes2@erickson.com,,,Y,,,OAK CREST VILLAGE,147003 EAGLE VISTA DR,,TE # 10304986838,,HOUSTON,TX,77077,US,MEDIUM,100,REVIEW,NaT,+14436773128,,,,,,apfaxes2@erickson.com,,,Y,
2172,ATS,,"JBTW, LLC",1000 BETHLEHEM PIKE,,,COLMAR,PA,18915,,,,610-258-5651-AP,,610-258-9332-AP,Ship To 1,,,HELEN.THORNTON@JOHNSTONESUPPLY.COM,,,Y,,,JBTW LLC,1000 BETHLEHEM PIKE,,,,COLMAR,PA,18915,US,HIGH,80,READY,2026-01-11 13:33:50,+16102585651,,+16102589332,,,,helen.thornton@johnstonesupply.com,,,Y,
2173,ATS,,ERICKSON LIVING MANAGEMENT,LINDENPONDS-MAILSTOP-616110340,300 LINDEN PONDS WAY,,HINGHAM,MA,02043,,,,,,410-204-7227,Ship To 1,,,apfaxes2@erickson.com,,,Y,,,ERICKSON LIVING MANAGEMENT,300 LINDEN PONDS WAY,,LINDENPONDS-MAILSTOP-616110340,,HINGHAM,MA,02043,US,HIGH,80,READY,2026-01-11 13:33:56,,,+14102047227,,,,apfaxes2@erickson.com,,,Y,
2174,ATS,,ERICKSON RETIREMENT COMMUNITIES,41000 13 MILE ROAD,TE # 52-2291271,,NOVI,MI,48377,,,,,,,Ship To 1,,,apfaxes2@erickson.com,,,Y,,,ERICKSON RETIREMENT COMMUNITIES,41000 13 MILE RD,,TE # 52-2291271,,NOVI,MI,48377,US,HIGH,80,READY,2026-01-11 13:33:58,,,,,,,apfaxes2@erickson.com,,,Y,
2175,ATS,,OAK CREST VILLAGE,41000 13 MILE ROAD,TE # 52-2291271,,NOVI,MI,48377,,,,443-677-3128,,,Ship To 1,,,apfaxes2@erickson.com,,,Y,,,OAK CREST VILLAGE,41000 13 MILE RD,,TE # 52-2291271,,NOVI,MI,48377,US,HIGH,80,READY,2026-01-11 13:34:00,+14436773128,,,,,,apfaxes2@erickson.com,,,Y,
