PARTY_NAME,PARTY_NUMBER,PARTY_SITE_ID,SITE_USE_ID,SITE_USE_CODE,PARTY_ID,ACCOUNT_NUMBER,ACCOUNT_NAME,CUST_ACCOUNT_ID,ACCOUNT_STATUS,PARTY_SITE_NUMBER,PARTY_SITE_STATUS,START_DATE,END_DATE,PRIMARY_FLAG,BILL_TO_FLAG,SHIP_TO_FLAG,LOCATION,ADDRESS1,ADDRESS2,ADDRESS3,ADDRESS4,CITY,POSTAL_CODE,STATE,COUNTRY,row_number
ENGINEERING RESOURCE GROUP,15281,100000046346021,100000046354691,BILL_TO,100000046340137,3424,ENGINEERING RESOURCE GROUP,100000046349051,A,16942,A,1900-01-01T00:00:00.000+00:00,4712-12-31T00:00:00.000+00:00,Y,P,N,6378,350 EDGEWOOD TERRACE DR,,,,JACKSON,39206,TN,US,
HIGH POINT CLIMBING LLC,15282,100000046345728,100000046354692,BILL_TO,100000046340138,3752,HIGH POINT CLIMBING LLC,100000046349379,A,16649,A,1900-01-01T00:00:00.000+00:00,4712-12-31T00:00:00.000+00:00,Y,P,N,6379,21 N HUMPHREYS BLVD,,,,MEMPHIS,38120,TN,US,
EDGE AIR CONDITIONING,15283,100000046345185,100000046353285,BILL_TO,100000046340139,3753,EDGE AIR CONDITIONING,100000046349380,A,16106,A,1900-01-01T00:00:00.000+00:00,4712-12-31T00:00:00.000+00:00,Y,P,N,4972,PO BOX 80,,,,POOLER,31322,GA,US,
HU HOTEL,15284,100000046344934,100000046353392,BILL_TO,100000046340140,3428,HU HOTEL,100000046349055,A,15855,A,1900-01-01T00:00:00.000+00:00,4712-12-31T00:00:00.000+00:00,Y,P,N,5079,79 MADISON AVE,,,,MEMPHIS,38103,TN,US,
ATLAS TUBE OF ARKANSAS,15285,100000046345734,100000046354284,BILL_TO,100000046340141,4481,ATLAS TUBE OF ARKANSAS,100000046350108,A,16655,A,1900-01-01T00:00:00.000+00:00,4712-12-31T00:00:00.000+00:00,Y,P,N,5971,6651 E STATE HWY 137,,,,BLYTHEVILLE,72315,AR,US,
BLUFF CITY REFRIGERATION INC,15286,100000046345442,100000046355277,BILL_TO,100000046340142,3983,BLUFF CITY REFRIGERATION INC,100000046349610,A,16363,A,1900-01-01T00:00:00.000+00:00,4712-12-31T00:00:00.000+00:00,Y,P,N,6964,PO BOX 11332,,,,MEMPHIS,38111,TN,US,
BAXTER HEALTHCARE,15287,100000046345738,100000046353715,BILL_TO,100000046340143,3431,BAXTER HEALTHCARE,100000046349058,A,16659,A,1900-01-01T00:00:00.000+00:00,4712-12-31T00:00:00.000+00:00,Y,P,N,5402,629 MT CARMEL RD,,,,BYHALIA,38611,MS,US,
SALINE MEMORIAL HOSPITAL,15288,100000046346603,100000046354697,BILL_TO,100000046340144,4279,SALINE MEMORIAL HOSPITAL,100000046349906,A,17524,A,1900-01-01T00:00:00.000+00:00,4712-12-31T00:00:00.000+00:00,Y,P,N,6384,1 MEDICAL DR,,,,BENTON,72015,AR,US,
BUILDING CONTROLS & SERVICES,15289,100000046345449,100000046353941,BILL_TO,100000046340145,3434,BUILDING CONTROLS & SERVICES,100000046349061,A,16370,A,1900-01-01T00:00:00.000+00:00,4712-12-31T00:00:00.000+00:00,Y,P,N,5628,1730 E DOUGLAS,,,,WICHITA,67214,KS,US,
BAPTIST MEMORIAL HEALTHCARE,15290,100000046346337,100000046354744,BILL_TO,100000046340146,3460,BAPTIST MEMORIAL HEALTHCARE,100000046349087,A,17258,A,1900-01-01T00:00:00.000+00:00,4712-12-31T00:00:00.000+00:00,Y,P,N,6431,350 N HUMPHREYS BLVD,,,,MEMPHIS,38120,TN,US,
MCCOMB SCHOOL DISTRICT,15291,100000046345743,100000046355282,BILL_TO,100000046340147,3437,MCCOMB SCHOOL DISTRICT,100000046349064,A,16664,A,1900-01-01T00:00:00.000+00:00,4712-12-31T00:00:00.000+00:00,Y,P,N,6969,695 MINNESOTA AVE,,,,MCCOMB,39648,MS,US,
GREER SERVICES,15292,100000046344628,100000046354288,BILL_TO,100000046340148,4287,GREER SERVICES,100000046349914,A,15549,A,1900-01-01T00:00:00.000+00:00,4712-12-31T00:00:00.000+00:00,Y,P,N,5975,1107 HARRIS DR,,,,SOUTH FULTON,38257,TN,US,
EVOLUTION MECHANICAL,15293,100000046345194,100000046354748,BILL_TO,100000046340149,4820,EVOLUTION MECHANICAL,100000046350447,A,16115,A,1900-01-01T00:00:00.000+00:00,4712-12-31T00:00:00.000+00:00,Y,P,N,6435,1791 CAPITAL ST,,,,CORONA,92880,CA,US,
USNR LLC,15294,100000046344629,100000046353477,BILL_TO,100000046340150,5183,USNR LLC,100000046350810,A,15550,A,1900-01-01T00:00:00.000+00:00,4712-12-31T00:00:00.000+00:00,Y,P,N,5164,PO BOX 310,,,,WOODLAND,98674,WA,US,
HYDRONIC TECHNOLOGY INC,15295,100000046345452,100000046353947,BILL_TO,100000046340151,3463,HYDRONIC TECHNOLOGY INC,100000046349090,A,16373,A,1900-01-01T00:00:00.000+00:00,4712-12-31T00:00:00.000+00:00,Y,P,N,5634,PO BOX 13067,,,,NEW ORLEANS,70185,LA,US,
ALLIANCE TECHNOLOGIES INC,15296,100000046344600,100000046353403,BILL_TO,100000046340152,4822,ALLIANCE TECHNOLOGIES INC,100000046350449,A,15521,A,1900-01-01T00:00:00.000+00:00,4712-12-31T00:00:00.000+00:00,Y,P,N,5090,PO BOX 13467,,,,MAUMELLE,72113,AR,US,
GUARANTY BANK & TRUST HERNANDO,15297,100000046345453,100000046353950,BILL_TO,100000046340153,4823,GUARANTY BANK & TRUST HERNANDO,100000046350450,A,16374,A,1900-01-01T00:00:00.000+00:00,4712-12-31T00:00:00.000+00:00,Y,P,N,5637,2440 MCINGVALE RD,,,,HERNANDO,38632,MS,US,
RAZORBACK A/C,15298,100000046346343,100000046353721,BILL_TO,100000046340154,4490,RAZORBACK A/C,100000046350117,A,17264,A,1900-01-01T00:00:00.000+00:00,4712-12-31T00:00:00.000+00:00,Y,P,N,5408,111 S 1ST ST,,,,WEST MEMPHIS,72301,AR,US,
SERESCO TECHNOLOGIES INC,15299,100000046345753,100000046354955,BILL_TO,100000046340155,3992,SERESCO TECHNOLOGIES INC,100000046349619,A,16674,A,1900-01-01T00:00:00.000+00:00,4712-12-31T00:00:00.000+00:00,Y,P,N,6642,1071 AGES DR,,,,OTTAWA,00163,ON,US,
TOWN OF COLLIERVILLE,15300,100000046346345,100000046354751,BILL_TO,100000046340156,3441,TOWN OF COLLIERVILLE,100000046349068,A,17266,A,1900-01-01T00:00:00.000+00:00,4712-12-31T00:00:00.000+00:00,Y,P,N,6438,500 POPLAR VIEW PKWY,,,,COLLIERVILLE,38017,TN,US,
ASU MID-SOUTH COMMUNITY COLLEGE,15301,100000046345459,100000046354297,BILL_TO,100000046340157,3470,ASU MID-SOUTH COMMUNITY COLLEGE,100000046349097,A,16380,A,1900-01-01T00:00:00.000+00:00,4712-12-31T00:00:00.000+00:00,Y,P,N,5984,2000 W BROADWAY ST,,,,WEST MEMPHIS,72301,AR,US,
KNIGHT & WILSON INC,15302,100000046344604,100000046353413,BILL_TO,100000046340158,3442,KNIGHT & WILSON INC,100000046349069,A,15525,A,1900-01-01T00:00:00.000+00:00,4712-12-31T00:00:00.000+00:00,Y,P,N,5100,676 E EH CRUMP BLVD,,,,MEMPHIS,38126,TN,US,
KNIGHT & WILSON INC,15302,100000046346613,100000046353956,BILL_TO,100000046340158,3442,KNIGHT & WILSON INC,100000046349069,A,17534,A,1900-01-01T00:00:00.000+00:00,4712-12-31T00:00:00.000+00:00,N,Y,N,5643,PO BOX 40406,,,,MEMPHIS,38126,TN,US,
GUSMUS ELECTRIC,15303,100000046346042,100000046353485,BILL_TO,100000046340159,3444,GUSMUS ELECTRIC,100000046349071,A,16963,A,1900-01-01T00:00:00.000+00:00,4712-12-31T00:00:00.000+00:00,Y,P,N,5172,1750 TRANSPORT LN,,,,MEMPHIS,38116,TN,US,
JOHNSTONE SUPPLY OF JACKSON,15304,100000046344606,100000046353725,BILL_TO,100000046340160,3783,JOHNSTONE SUPPLY OF JACKSON,100000046349410,A,15527,A,1900-01-01T00:00:00.000+00:00,4712-12-31T00:00:00.000+00:00,Y,P,N,5412,4414 W SUNSET RD,,,,LAS VEGAS,89118,NV,US,
DOWDLE & POWELL HTG & AIR LLC,15305,100000046345765,100000046354304,BILL_TO,100000046340161,4832,DOWDLE & POWELL HTG & AIR LLC,100000046350459,A,16686,A,1900-01-01T00:00:00.000+00:00,4712-12-31T00:00:00.000+00:00,Y,P,N,5991,1670 MERRY HILL RANCH RD,,,,SENATOBIA,38668,MS,US,
MARIETTA CORPORATION,15306,100000046346619,100000046354305,BILL_TO,100000046340162,3785,MARIETTA CORPORATION,100000046349412,A,17540,A,1900-01-01T00:00:00.000+00:00,4712-12-31T00:00:00.000+00:00,Y,P,N,5992,6710 RIVER RD,,,,HODGKINS,60525,IL,US,
BEEBE PUBLIC SCHOOLS,15307,100000046344609,100000046353962,BILL_TO,100000046340163,5195,BEEBE PUBLIC SCHOOLS,100000046350822,A,15530,A,1900-01-01T00:00:00.000+00:00,4712-12-31T00:00:00.000+00:00,Y,P,N,5649,1201 W CENTER ST,,,,BEEBE,72012,AR,US,
STR HQ LLC,15308,100000046346355,100000046353963,BILL_TO,100000046340164,4300,STR HQ LLC,100000046349927,A,17276,A,1900-01-01T00:00:00.000+00:00,4712-12-31T00:00:00.000+00:00,Y,P,N,5650,795 RIDGE LAKE BLVD,,,,MEMPHIS,38120,TN,US,
POPLARVILLE SCHOOL DISTRICT,15309,100000046345767,100000046354967,BILL_TO,100000046340165,4837,POPLARVILLE SCHOOL DISTRICT,100000046350464,A,16688,A,1900-01-01T00:00:00.000+00:00,4712-12-31T00:00:00.000+00:00,Y,P,N,6654,302 S JULIA ST,,,,POPLARVILLE,39470,MS,US,
PM CONTRACTING INC,15310,100000046345470,100000046353729,BILL_TO,100000046340166,4839,PM CONTRACTING INC,100000046350466,A,16391,A,1900-01-01T00:00:00.000+00:00,4712-12-31T00:00:00.000+00:00,Y,P,N,5416,4015 E 143RD ST,,,,GRANDVIEW,64030,MO,US,
MCSHANE MECHANICAL CONTRACTING,15311,100000046344641,100000046353730,BILL_TO,100000046340167,4503,MCSHANE MECHANICAL CONTRACTING,100000046350130,A,15562,A,1900-01-01T00:00:00.000+00:00,4712-12-31T00:00:00.000+00:00,Y,P,N,5417,2055 EASY ST,,,,COMMERCE,78390,MI,US,
RENFROW HEATING & AIR,15312,100000046345771,100000046355350,BILL_TO,100000046340168,4842,RENFROW HEATING & AIR,100000046350469,A,16692,A,1900-01-01T00:00:00.000+00:00,4712-12-31T00:00:00.000+00:00,Y,P,N,7037,8357 INDUSTRIAL DR,,,,OLIVE BRANCH,38654,MS,US,
UNIVERSITY GAMES CORPORATION,15313,100000046344617,100000046354760,BILL_TO,100000046340169,3795,UNIVERSITY GAMES CORPORATION,100000046349422,A,15538,A,1900-01-01T00:00:00.000+00:00,4712-12-31T00:00:00.000+00:00,Y,P,N,6447,2030 HARRISON ST,,,,SAN FRANCISCO,94110,CA,US,
BETHESDA RT HOLDINGS LLC,15314,100000046345774,100000046353500,BILL_TO,100000046340170,4308,BETHESDA RT HOLDINGS LLC,100000046349935,A,16695,A,1900-01-01T00:00:00.000+00:00,4712-12-31T00:00:00.000+00:00,Y,P,N,5187,PO BOX 8248,,,,NEWPORT BEACH,92658,CA,US,
HOWELL AIR CONDITIONING INC,15315,100000046346370,100000046353423,BILL_TO,100000046340171,3293,HOWELL AIR CONDITIONING INC,100000046348920,A,17291,A,1900-01-01T00:00:00.000+00:00,4712-12-31T00:00:00.000+00:00,Y,P,N,5110,PO BOX 52,,,,RAVENDALE,96123,CA,US,
HVAC SALES & SUPPLY CO INC,15316,100000046345778,100000046354360,BILL_TO,100000046340172,4847,HVAC SALES & SUPPLY CO INC,100000046350474,A,16699,A,1900-01-01T00:00:00.000+00:00,4712-12-31T00:00:00.000+00:00,Y,P,N,6047,PO BOX 1545,,,,HOT SPRINGS,71902,AR,US,
INTERCOMPANY EQUIPMENT,15317,100000046346054,100000046353741,BILL_TO,100000046340173,3298,INTERCOMPANY EQUIPMENT,100000046348925,A,16975,A,1900-01-01T00:00:00.000+00:00,4712-12-31T00:00:00.000+00:00,Y,P,N,5428,3095 STONEBROOK CIR,,,,MEMPHIS,38116,TN,US,
URMADA COMPANY,15318,100000046346633,100000046354985,BILL_TO,100000046340174,3804,URMADA COMPANY,100000046349431,A,17554,A,1900-01-01T00:00:00.000+00:00,4712-12-31T00:00:00.000+00:00,Y,P,N,6672,493 SPRINGRIDGE RD,,,,CLINTON,39056,MS,US,
CORKEN APPLIED PRODUCTS,15319,100000046346374,100000046353982,BILL_TO,100000046340175,4017,CORKEN APPLIED PRODUCTS,100000046349644,A,17295,A,1900-01-01T00:00:00.000+00:00,4712-12-31T00:00:00.000+00:00,Y,P,N,5669,705 CONGRESS PARK DR,,,,DAYTON,45459,OH,US,
AIRCO MECHANICAL,15320,100000046346375,100000046354767,BILL_TO,100000046340176,4018,AIRCO MECHANICAL,100000046349645,A,17296,A,1900-01-01T00:00:00.000+00:00,4712-12-31T00:00:00.000+00:00,Y,P,N,6454,14100 HONEYWELL RD,,,,LARGO,33771,FL,US,
PIONEER MANAGEMENT INC,15321,100000046345787,100000046355355,BILL_TO,100000046340177,5205,PIONEER MANAGEMENT INC,100000046350832,A,16708,A,1900-01-01T00:00:00.000+00:00,4712-12-31T00:00:00.000+00:00,Y,P,N,7042,445 PAGE ST,,,,STOUGHTON,02072,MA,US,
ARMSTRONG AIR & HEATING,15322,100000046346635,100000046353988,BILL_TO,100000046340178,3496,ARMSTRONG AIR & HEATING,100000046349123,A,17556,A,1900-01-01T00:00:00.000+00:00,4712-12-31T00:00:00.000+00:00,Y,P,N,5675,671 BUSINESS PARK BLVD,,,,WINTER GARDEN,34787,FL,US,
DESIGN TEAM SIGN COMPANY LLC,15323,100000046344656,100000046354367,BILL_TO,100000046340179,3305,DESIGN TEAM SIGN COMPANY LLC,100000046348932,A,15577,A,1900-01-01T00:00:00.000+00:00,4712-12-31T00:00:00.000+00:00,Y,P,N,6054,255 OLD MORRIS CHAPEL RD,,,,ADAMSVILLE,38310,TN,US,
WMB INC,15324,100000046345482,100000046354368,BILL_TO,100000046340180,3806,WMB INC,100000046349433,A,16403,A,1900-01-01T00:00:00.000+00:00,4712-12-31T00:00:00.000+00:00,Y,P,N,6055,PO BOX 5563,,,,GREENVILLE,38704,MS,US,
ALLISON CONTRACTING,15325,100000046346637,100000046354770,BILL_TO,100000046340181,3499,ALLISON CONTRACTING,100000046349126,A,17558,A,1900-01-01T00:00:00.000+00:00,4712-12-31T00:00:00.000+00:00,Y,P,N,6457,221 SYCAMORE ST,,,,JACKSON,38301,TN,US,
ZENITH ASSETT COMPANY LLC,15326,100000046344956,100000046353511,BILL_TO,100000046340182,4861,ZENITH ASSETT COMPANY LLC,100000046350488,A,15877,A,1900-01-01T00:00:00.000+00:00,4712-12-31T00:00:00.000+00:00,Y,P,N,5198,1855 OLYMPIC BLVD STE 300,,,,WALNUT CREEK,94596,CA,US,
OSB SERVICES LLC,15327,100000046344438,100000046353513,BILL_TO,100000046340183,5211,OSB SERVICES LLC,100000046350838,A,15359,A,1900-01-01T00:00:00.000+00:00,4712-12-31T00:00:00.000+00:00,Y,P,N,5200,7333 MAYGAN DR,,,,OLIVE BRANCH,38654,MS,US,
ROTO REESE ENTERPRISES,15328,100000046344660,100000046353434,BILL_TO,100000046340184,4022,ROTO REESE ENTERPRISES,100000046349649,A,15581,A,1900-01-01T00:00:00.000+00:00,4712-12-31T00:00:00.000+00:00,Y,P,N,5121,8124 CO RD 1016A,,,,BURLESON,76028,TX,US,
SANDYS & ASSOCIATES,15329,100000046344441,100000046355365,BILL_TO,100000046340185,5216,SANDYS & ASSOCIATES,100000046350843,A,15362,A,1900-01-01T00:00:00.000+00:00,4712-12-31T00:00:00.000+00:00,Y,P,N,7052,5461 SWYCK BLVD,,,,TOLEDO,43612,OH,US,
AAON COIL PRODUCTS,15330,100000046345492,100000046354782,BILL_TO,100000046340186,3813,AAON COIL PRODUCTS,100000046349440,A,16413,A,1900-01-01T00:00:00.000+00:00,4712-12-31T00:00:00.000+00:00,Y,P,N,6469,203 GUM SPRINGS RD,,,,LONGVIEW,75602,TX,US,
AUDACY,15331,100000046345524,100000046353995,BILL_TO,100000046340187,4029,AUDACY,100000046349656,A,16445,A,1900-01-01T00:00:00.000+00:00,4712-12-31T00:00:00.000+00:00,Y,P,N,5682,PO BOX 122001,,,,LITHIA SPRINGS,30122,GA,US,
HARBOR CHASE OF GERMANTOWN,15332,100000046346650,100000046354835,BILL_TO,100000046340188,4032,HARBOR CHASE OF GERMANTOWN,100000046349659,A,17571,A,1900-01-01T00:00:00.000+00:00,4712-12-31T00:00:00.000+00:00,Y,P,N,6522,6300 BRIARCREST AVE,,,,MEMPHIS,38120,TN,US,
HOT SPRINGS YMCA,15333,100000046346389,100000046353752,BILL_TO,100000046340189,3820,HOT SPRINGS YMCA,100000046349447,A,17310,A,1900-01-01T00:00:00.000+00:00,4712-12-31T00:00:00.000+00:00,Y,P,N,5439,130 WERNER ST,,,,HOT SPRINGS,71913,AR,US,
UT MEMPHIS MOLECULAR SCIENCES,15334,100000046344453,100000046354384,BILL_TO,100000046340190,4328,UT MEMPHIS MOLECULAR SCIENCES,100000046349955,A,15374,A,1900-01-01T00:00:00.000+00:00,4712-12-31T00:00:00.000+00:00,Y,P,N,6071,858 MADISON AVE,,,,MEMPHIS,38163,TN,US,
PC BUILDERS LLC,15335,100000046345502,100000046354385,BILL_TO,100000046340191,3823,PC BUILDERS LLC,100000046349450,A,16423,A,1900-01-01T00:00:00.000+00:00,4712-12-31T00:00:00.000+00:00,Y,P,N,6072,211 W GRUBB DR,,,,MESQUITE,75149,TX,US,
CARRIER ENTER MIDSOUTH REGION,15336,100000046344456,100000046354000,BILL_TO,100000046340192,4034,CARRIER ENTER MIDSOUTH REGION,100000046349661,A,15377,A,1900-01-01T00:00:00.000+00:00,4712-12-31T00:00:00.000+00:00,Y,P,N,5687,5010 CAMPUSWOOD DR,,,,EAST SYRACUSE,13057-1561,NY,US,
MIDSOUTH CONTRUCTION SERVICES,15337,100000046344676,100000046355048,BILL_TO,100000046340193,3507,MIDSOUTH CONTRUCTION SERVICES,100000046349134,A,15597,A,1900-01-01T00:00:00.000+00:00,4712-12-31T00:00:00.000+00:00,Y,P,N,6735,340 PIERCE RD,,,,OAKLAND,38060,TN,US,
FRESH AIR HEATING & AC,15338,100000046344967,100000046355051,BILL_TO,100000046340194,3322,FRESH AIR HEATING & AC,100000046348949,A,15888,A,1900-01-01T00:00:00.000+00:00,4712-12-31T00:00:00.000+00:00,Y,P,N,6738,4216 MURRAY AVE,,,,HALTON CITY,76117,TX,US,
DELTA ELETRICAL,15339,100000046345508,100000046353452,BILL_TO,100000046340195,3828,DELTA ELETRICAL,100000046349455,A,16429,A,1900-01-01T00:00:00.000+00:00,4712-12-31T00:00:00.000+00:00,Y,P,N,5139,117 N CONALCO DR,,,,JACKSON,38301,TN,US,
HUNTER'S HOLLOW,15340,100000046346392,100000046353525,BILL_TO,100000046340196,4531,HUNTER'S HOLLOW,100000046350158,A,17313,A,1900-01-01T00:00:00.000+00:00,4712-12-31T00:00:00.000+00:00,Y,P,N,5212,658 HWY 6 W,,,,OXFORD,38655,MS,US,
AIRCOM MECHANICAL INC,15341,100000046344680,100000046353454,BILL_TO,100000046340197,3323,AIRCOM MECHANICAL INC,100000046348950,A,15601,A,1900-01-01T00:00:00.000+00:00,4712-12-31T00:00:00.000+00:00,Y,P,N,5141,11281 PYRITES WAY,,,,GOLD RIVER,95670,CA,US,
SOUTHLAND CASINO HOTEL,15342,100000046346394,100000046354006,BILL_TO,100000046340198,4333,SOUTHLAND CASINO HOTEL,100000046349960,A,17315,A,1900-01-01T00:00:00.000+00:00,4712-12-31T00:00:00.000+00:00,Y,P,N,5693,1550 N INGRAM BLVD,,,,WEST MEMPHIS,72301,AR,US,
GERMANTOWN BOARD OF EDUCATION,15343,100000046346119,100000046355059,BILL_TO,100000046340199,4880,GERMANTOWN BOARD OF EDUCATION,100000046350507,A,17040,A,1900-01-01T00:00:00.000+00:00,4712-12-31T00:00:00.000+00:00,Y,P,N,6746,3350 S FOREST HILL IRENE RD,,,,GERMANTOWN,38138,TN,US,
MEDDLESOME BREWING COMPANY,15344,100000046344977,100000046355435,BILL_TO,100000046340200,4534,MEDDLESOME BREWING COMPANY,100000046350161,A,15898,A,1900-01-01T00:00:00.000+00:00,4712-12-31T00:00:00.000+00:00,Y,P,N,7122,12147 BROOKS RIVER DR,,,,ARLINGTON,38002,TN,US,
MECHANICAL PRODUCTS SW,15345,100000046344978,100000046353529,BILL_TO,100000046340201,4340,MECHANICAL PRODUCTS SW,100000046349967,A,15899,A,1900-01-01T00:00:00.000+00:00,4712-12-31T00:00:00.000+00:00,Y,P,N,5216,1450 W ROSE GARDEN LN,,,,PHOENIX,85027,AZ,US,
GOSLEE CONSTRUCTION,15346,100000046345538,100000046355437,BILL_TO,100000046340202,4046,GOSLEE CONSTRUCTION,100000046349673,A,16459,A,1900-01-01T00:00:00.000+00:00,4712-12-31T00:00:00.000+00:00,Y,P,N,7124,136 SANDERS LN,,,,HOT SPRINGS,71913,AR,US,
CANDLEWOOD SUITES HOUSTON,15347,100000046346403,100000046354443,BILL_TO,100000046340203,3515,CANDLEWOOD SUITES HOUSTON,100000046349142,A,17324,A,1900-01-01T00:00:00.000+00:00,4712-12-31T00:00:00.000+00:00,Y,P,N,6130,1500 N SAM HOUSTON PKWY,,,,HOUSTON,77032,TX,US,
TOTAL COMFORT COOLING & HTG,15348,100000046344467,100000046355063,BILL_TO,100000046340204,4539,TOTAL COMFORT COOLING & HTG,100000046350166,A,15388,A,1900-01-01T00:00:00.000+00:00,4712-12-31T00:00:00.000+00:00,Y,P,N,6750,504 N GLENWOOD AVE,,,,DALTON,30721,GA,US,
JM TAYLOR INC,15349,100000046345212,100000046353465,BILL_TO,100000046340205,4052,JM TAYLOR INC,100000046349679,A,16133,A,1900-01-01T00:00:00.000+00:00,4712-12-31T00:00:00.000+00:00,Y,P,N,5152,6500 MORAVIA PARK DR,,,,BALTIMORE,21237,MD,US,
AIR MASTERS,15350,100000046346095,100000046353536,BILL_TO,100000046340206,3518,AIR MASTERS,100000046349145,A,17016,A,1900-01-01T00:00:00.000+00:00,4712-12-31T00:00:00.000+00:00,Y,P,N,5223,PO BOX 727,,,,GAUTIER,39553,MS,US,
ZENITH ASSET COII LLC,15351,100000046346127,100000046353537,BILL_TO,100000046340207,5244,ZENITH ASSET COII LLC,100000046350871,A,17048,A,1900-01-01T00:00:00.000+00:00,4712-12-31T00:00:00.000+00:00,Y,P,N,5224,320 COULTER DR,,,,NEW ALBANY,38652,MS,US,
KOCH FOODS,15352,100000046344471,100000046353771,BILL_TO,100000046340208,4054,KOCH FOODS,100000046349681,A,15392,A,1900-01-01T00:00:00.000+00:00,4712-12-31T00:00:00.000+00:00,Y,P,N,5458,1080 RIVER OAKS DR,,,,FLOWOOD,39232,MS,US,
CANTON PUBLIC SCHOOL DISTRICT,15353,100000046345214,100000046353805,BILL_TO,100000046340209,3838,CANTON PUBLIC SCHOOL DISTRICT,100000046349465,A,16135,A,1900-01-01T00:00:00.000+00:00,4712-12-31T00:00:00.000+00:00,Y,P,N,5492,403 E LINCOLN ST,,,,CANTON,39046,MS,US,
CLARITY POOLS,15354,100000046344690,100000046354848,BILL_TO,100000046340210,4345,CLARITY POOLS,100000046349972,A,15611,A,1900-01-01T00:00:00.000+00:00,4712-12-31T00:00:00.000+00:00,Y,P,N,6535,37 VALLEY ESTATES DR,,,,LITTLE ROCK,72212,AR,US,
TITAN MECHANICAL,15355,100000046346130,100000046353809,BILL_TO,100000046340211,5246,TITAN MECHANICAL,100000046350873,A,17051,A,1900-01-01T00:00:00.000+00:00,4712-12-31T00:00:00.000+00:00,Y,P,N,5496,15001 WASHINGTON ST,,,,HAYMARKET,20169,VA,US,
C & K AIR & HEATING,15356,100000046346410,100000046355066,BILL_TO,100000046340212,4891,C & K AIR & HEATING,100000046350518,A,17331,A,1900-01-01T00:00:00.000+00:00,4712-12-31T00:00:00.000+00:00,Y,P,N,6753,1809 WATSON,,,,MEMPHIS,38111,TN,US,
TENNESSEE VALLEY AUTHORITY,15357,100000046346413,100000046353812,BILL_TO,100000046340213,3841,TENNESSEE VALLEY AUTHORITY,100000046349468,A,17334,A,1900-01-01T00:00:00.000+00:00,4712-12-31T00:00:00.000+00:00,Y,P,N,5499,2574 PLANT RD,,,,MEMPHIS,38109,TN,US,
AIR TEMP MECHANICAL LLC,15358,100000046344477,100000046353778,BILL_TO,100000046340214,5254,AIR TEMP MECHANICAL LLC,100000046350881,A,15398,A,1900-01-01T00:00:00.000+00:00,4712-12-31T00:00:00.000+00:00,Y,P,N,5465,25550 GRAND RIVER,,,,REDFORD,48240,MI,US,
THE ORPHEUM,15359,100000046344479,100000046355449,BILL_TO,100000046340215,3845,THE ORPHEUM,100000046349472,A,15400,A,1900-01-01T00:00:00.000+00:00,4712-12-31T00:00:00.000+00:00,Y,P,N,7136,PO BOX 3370,,,,MEMPHIS,38173,TN,US,
ARLINGTON COMMUNITY SCHOOLS,15360,100000046346419,100000046353816,BILL_TO,100000046340216,3347,ARLINGTON COMMUNITY SCHOOLS,100000046348974,A,17340,A,1900-01-01T00:00:00.000+00:00,4712-12-31T00:00:00.000+00:00,Y,P,N,5503,12060 ARLINGTON TRAIL,,,,ARLINGTON,38002,TN,US,
CHRISTIAN BROTHERS HIGH SCHOOL,15361,100000046345001,100000046354863,BILL_TO,100000046340217,5262,CHRISTIAN BROTHERS HIGH SCHOOL,100000046350889,A,15922,A,1900-01-01T00:00:00.000+00:00,4712-12-31T00:00:00.000+00:00,Y,P,N,6550,5900 WALNUT GROVE RD,,,,MEMPHIS,38120,TN,US,
MIKE BILDERBECK,15362,100000046346140,100000046355455,BILL_TO,100000046340218,4071,MIKE BILDERBECK,100000046349698,A,17061,A,1900-01-01T00:00:00.000+00:00,4712-12-31T00:00:00.000+00:00,Y,P,N,7142,7781 FOSTER RIDGE RD,,,,GERMANTOWN,38138,TN,US,
TUPELO AQUATIC CENTER,15363,100000046346422,100000046354309,BILL_TO,100000046340219,4354,TUPELO AQUATIC CENTER,100000046349981,A,17343,A,1900-01-01T00:00:00.000+00:00,4712-12-31T00:00:00.000+00:00,Y,P,N,5996,PO BOX 3608,,,,TUPELO,38801,MS,US,
GREG GRIFFIN'S RENTAL,15364,100000046346146,100000046353821,BILL_TO,100000046340220,3853,GREG GRIFFIN'S RENTAL,100000046349480,A,17067,A,1900-01-01T00:00:00.000+00:00,4712-12-31T00:00:00.000+00:00,Y,P,N,5508,1115 WILL SCARLET,,,,MEMPHIS,38111,TN,US,
FRANKLIN HTG AIR & VENTILATION,15365,100000046346147,100000046353790,BILL_TO,100000046340221,4075,FRANKLIN HTG AIR & VENTILATION,100000046349702,A,17068,A,1900-01-01T00:00:00.000+00:00,4712-12-31T00:00:00.000+00:00,Y,P,N,5477,1254 ESTATE DR,,,,MEMPHIS,38119,TN,US,
PERFORMANCE COOLING & HEATING,15366,100000046344706,100000046354460,BILL_TO,100000046340222,3534,PERFORMANCE COOLING & HEATING,100000046349161,A,15627,A,1900-01-01T00:00:00.000+00:00,4712-12-31T00:00:00.000+00:00,Y,P,N,6147,5715 MORTON RD,,,,KATY,77493,TX,US,
INTEGRA LIFESCIENCES,15368,100000046345234,100000046355126,BILL_TO,100000046340224,4904,INTEGRA LIFESCIENCES,100000046350531,A,16155,A,1900-01-01T00:00:00.000+00:00,4712-12-31T00:00:00.000+00:00,Y,P,N,6813,7740A TRINITY RD,,,,CORDOVA,38018,TN,US,
MOORE'S ELECTRICAL & MECHANICA,15369,100000046345010,100000046354315,BILL_TO,100000046340225,4556,MOORE'S ELECTRICAL & MECHANICA,100000046350183,A,15931,A,1900-01-01T00:00:00.000+00:00,4712-12-31T00:00:00.000+00:00,Y,P,N,6002,101 EDGEWOOD AVE,,,,ALTAVISTA,24517,VA,US,
TENERO BUTCHER SHOPPE & CAFE,15370,100000046344496,100000046353553,BILL_TO,100000046340226,3857,TENERO BUTCHER SHOPPE & CAFE,100000046349484,A,15417,A,1900-01-01T00:00:00.000+00:00,4712-12-31T00:00:00.000+00:00,Y,P,N,5240,669 S MENDENHALL,,,,MEMPHIS,38117,TN,US,
HOTEL LOUIS LLC,15371,100000046346429,100000046354918,BILL_TO,100000046340227,4558,HOTEL LOUIS LLC,100000046350185,A,17350,A,1900-01-01T00:00:00.000+00:00,4712-12-31T00:00:00.000+00:00,Y,P,N,6605,1 PARK ST,,,,WILSON,72395,AR,US,
SM LAWRENCE,15372,100000046344497,100000046353828,BILL_TO,100000046340228,4559,SM LAWRENCE,100000046350186,A,15418,A,1900-01-01T00:00:00.000+00:00,4712-12-31T00:00:00.000+00:00,Y,P,N,5515,2613A GETWELL RD,,,,CORINTH,38834,MS,US,
ENCOMPASS HEALTH REHABILITATION HOSPITAL OF JONESBORO,15373,100000046345018,100000046354922,BILL_TO,100000046340229,4910,ENCOMPASS HEALTH REHABILITATION HOSPITAL OF JONESBORO,100000046350537,A,15939,A,1900-01-01T00:00:00.000+00:00,4712-12-31T00:00:00.000+00:00,Y,P,N,6609,1201 FLEMING AVE,,,,JONESBORO,72401,AR,US,
OH HENDRICKS,15374,100000046345246,100000046353557,BILL_TO,100000046340230,4562,OH HENDRICKS,100000046350189,A,16167,A,1900-01-01T00:00:00.000+00:00,4712-12-31T00:00:00.000+00:00,Y,P,N,5244,1431 HEISTAN PL,,,,MEMPHIS,38104,TN,US,
DYSON CONSTRUCTION,15375,100000046344503,100000046354924,BILL_TO,100000046340231,3359,DYSON CONSTRUCTION,100000046348986,A,15424,A,1900-01-01T00:00:00.000+00:00,4712-12-31T00:00:00.000+00:00,Y,P,N,6611,1200 BIG ORANGE RD,,,,CORDOVA,38018,TN,US,
TRI-MEGA MECHANICAL,15376,100000046344506,100000046353800,BILL_TO,100000046340232,3545,TRI-MEGA MECHANICAL,100000046349172,A,15427,A,1900-01-01T00:00:00.000+00:00,4712-12-31T00:00:00.000+00:00,Y,P,N,5487,3148 N 34TH DR,,,,PHOENIX,85017,AZ,US,
SAVANNAH ELECTRIC & SUPPLY INC,15377,100000046345024,100000046354102,BILL_TO,100000046340233,4924,SAVANNAH ELECTRIC & SUPPLY INC,100000046350551,A,15945,A,1900-01-01T00:00:00.000+00:00,4712-12-31T00:00:00.000+00:00,Y,P,N,5789,670 PICKWICK ST,,,,SAVANNAH,38372,TN,US,
CIS MECHANICAL SOLUTIONS,15378,100000046345578,100000046353836,BILL_TO,100000046340234,5289,CIS MECHANICAL SOLUTIONS,100000046350916,A,16499,A,1900-01-01T00:00:00.000+00:00,4712-12-31T00:00:00.000+00:00,Y,P,N,5523,2170 BUSINESS CENTER DR,,,,MEMPHIS,38134,TN,US,
WILLIAM CAREY UNIVERSITY,15379,100000046345579,100000046353838,BILL_TO,100000046340235,4926,WILLIAM CAREY UNIVERSITY,100000046350553,A,16500,A,1900-01-01T00:00:00.000+00:00,4712-12-31T00:00:00.000+00:00,Y,P,N,5525,710 WILLIAM CAREY PKWY,,,,HATTIESBURG,39401,MS,US,
LAWRENCE SVC CO,15380,100000046346170,100000046354107,BILL_TO,100000046340236,4609,LAWRENCE SVC CO,100000046350236,A,17091,A,1900-01-01T00:00:00.000+00:00,4712-12-31T00:00:00.000+00:00,Y,P,N,5794,245 PRESTON,,,,JACKSON,38301,TN,US,
4 H HOTELS LLC,15381,100000046346171,100000046354341,BILL_TO,100000046340237,4927,4 H HOTELS LLC,100000046350554,A,17092,A,1900-01-01T00:00:00.000+00:00,4712-12-31T00:00:00.000+00:00,Y,P,N,6028,PO BOX 1149,,,,DENVER CITY,79323,TX,US,
THE SERVICE COMPANY OF MS,15382,100000046344720,100000046353841,BILL_TO,100000046340238,4574,THE SERVICE COMPANY OF MS,100000046350201,A,15641,A,1900-01-01T00:00:00.000+00:00,4712-12-31T00:00:00.000+00:00,Y,P,N,5528,2680 SELLERS DR,,,,MERIDIAN,39301,MS,US,
UNIVERSITY OF TENNESSEE,15383,100000046345265,100000046353574,BILL_TO,100000046340239,4929,UNIVERSITY OF TENNESSEE,100000046350556,A,16186,A,1900-01-01T00:00:00.000+00:00,4712-12-31T00:00:00.000+00:00,Y,P,N,5261,105 MOODY AVE,,,,MARTIN,38238,TN,US,
UNIVERSITY OF TENNESSEE,15383,100000046346446,100000046354343,BILL_TO,100000046340239,4929,UNIVERSITY OF TENNESSEE,100000046350556,A,17367,A,1900-01-01T00:00:00.000+00:00,4712-12-31T00:00:00.000+00:00,N,Y,N,6030,201 E ST,,,,MEMPHIS,38163,TN,US,
ARKANSAS DEPARTMENT OF HEALTH,15384,100000046344516,100000046354057,BILL_TO,100000046340240,4613,ARKANSAS DEPARTMENT OF HEALTH,100000046350240,A,15437,A,1900-01-01T00:00:00.000+00:00,4712-12-31T00:00:00.000+00:00,Y,P,N,5744,4815 W MARKHAM ST,,,,LITTLE ROCK,72205,AR,US,
YOKOHAMA TIRE MFG VIRGINIA,15385,100000046345268,100000046353576,BILL_TO,100000046340241,3370,YOKOHAMA TIRE MFG VIRGINIA,100000046348997,A,16189,A,1900-01-01T00:00:00.000+00:00,4712-12-31T00:00:00.000+00:00,Y,P,N,5263,1500 INDIANA ST,,,,SALEM,24153,VA,US,
CAPE SURGERY CENTER LLC,15386,100000046345585,100000046353577,BILL_TO,100000046340242,4114,CAPE SURGERY CENTER LLC,100000046349741,A,16506,A,1900-01-01T00:00:00.000+00:00,4712-12-31T00:00:00.000+00:00,Y,P,N,5264,401 E TICKLE ST,,,,DYERSBURG,38024,TN,US,
J M TAYLOR INC,15387,100000046345589,100000046354348,BILL_TO,100000046340243,4932,J M TAYLOR INC,100000046350559,A,16510,A,1900-01-01T00:00:00.000+00:00,4712-12-31T00:00:00.000+00:00,Y,P,N,6035,6500 MORAVIA PARK DR,,,,BALTIMORE,21237,MD,US,
HHM,15388,100000046346454,100000046354114,BILL_TO,100000046340244,4618,HHM,100000046350245,A,17375,A,1900-01-01T00:00:00.000+00:00,4712-12-31T00:00:00.000+00:00,Y,P,N,5801,1755 KIRBY PKWY,,,,MEMPHIS,38120,TN,US,
REX WHITE PLUMBING,15389,100000046344730,100000046354117,BILL_TO,100000046340245,4387,REX WHITE PLUMBING,100000046350014,A,15651,A,1900-01-01T00:00:00.000+00:00,4712-12-31T00:00:00.000+00:00,Y,P,N,5804,89 BAME CIR,,,,BRYANT,72202,AR,US,
MERIDIAN LODGING LLC,15390,100000046345827,100000046353850,BILL_TO,100000046340246,4621,MERIDIAN LODGING LLC,100000046350248,A,16748,A,1900-01-01T00:00:00.000+00:00,4712-12-31T00:00:00.000+00:00,Y,P,N,5537,519 AZALEA DR,,,,MERIDIAN,39303,MS,US,
TPAT HOTEL GROUP LLC,15391,100000046345277,100000046354065,BILL_TO,100000046340247,3376,TPAT HOTEL GROUP LLC,100000046349003,A,16198,A,1900-01-01T00:00:00.000+00:00,4712-12-31T00:00:00.000+00:00,Y,P,N,5752,2700 PORT PLAZA DR,,,,PORT ARTHUR,77640,TX,US,
CAPITAL CIRCLE HOTEL COMPANY,15392,100000046345829,100000046354118,BILL_TO,100000046340248,4390,CAPITAL CIRCLE HOTEL COMPANY,100000046350017,A,16750,A,1900-01-01T00:00:00.000+00:00,4712-12-31T00:00:00.000+00:00,Y,P,N,5805,123 E MARKET ST,,,,SOMERVILLE,38068,TN,US,
CONTINENTAL TIRE,15393,100000046344791,100000046355157,BILL_TO,100000046340249,4938,CONTINENTAL TIRE,100000046350565,A,15712,A,1900-01-01T00:00:00.000+00:00,4712-12-31T00:00:00.000+00:00,Y,P,N,6844,PO BOX 3010,,,,FORT MILL,29716,SC,US,
BANCORP SOUTH,15394,100000046345035,100000046354531,BILL_TO,100000046340250,3570,BANCORP SOUTH,100000046349197,A,15956,A,1900-01-01T00:00:00.000+00:00,4712-12-31T00:00:00.000+00:00,Y,P,N,6218,2910 W JACKSON ST,,,,TUPELO,38801,MS,US,
BROWN & SON HEAT & AIR LLC,15395,100000046344794,100000046355163,BILL_TO,100000046340251,4394,BROWN & SON HEAT & AIR LLC,100000046350021,A,15715,A,1900-01-01T00:00:00.000+00:00,4712-12-31T00:00:00.000+00:00,Y,P,N,6850,1815 DOLLY TUBB RD,,,,AMORY,38821,MS,US,
B & D MECHANICAL,15396,100000046344738,100000046355207,BILL_TO,100000046340252,3587,B & D MECHANICAL,100000046349214,A,15659,A,1900-01-01T00:00:00.000+00:00,4712-12-31T00:00:00.000+00:00,Y,P,N,6894,214 HARBOR LN,,,,BRANDON,39047,MS,US,
STONE'S HTG & COOLING,15397,100000046345600,100000046354076,BILL_TO,100000046340253,4400,STONE'S HTG & COOLING,100000046350027,A,16521,A,1900-01-01T00:00:00.000+00:00,4712-12-31T00:00:00.000+00:00,Y,P,N,5763,12404 WICKER AVE,,,,CEDAR LAKE,46303,IN,US,
HIGHPOINTE HOTEL CORPORATION,15398,100000046345281,100000046355008,BILL_TO,100000046340254,3576,HIGHPOINTE HOTEL CORPORATION,100000046349203,A,16202,A,1900-01-01T00:00:00.000+00:00,4712-12-31T00:00:00.000+00:00,Y,P,N,6695,4646 CONSTITUTION AVE,,,,BATON ROUGE,70808,LA,US,
CANDLEWOOD SUITES VICKSBURG,15399,100000046345283,100000046354537,BILL_TO,100000046340255,4594,CANDLEWOOD SUITES VICKSBURG,100000046350221,A,16204,A,1900-01-01T00:00:00.000+00:00,4712-12-31T00:00:00.000+00:00,Y,P,N,6224,1296 S FRONTAGE RD,,,,VICKSBURG,39180,MS,US,
PRINCE HOTELS,15400,100000046344803,100000046355015,BILL_TO,100000046340256,3580,PRINCE HOTELS,100000046349207,A,15724,A,1900-01-01T00:00:00.000+00:00,4712-12-31T00:00:00.000+00:00,Y,P,N,6702,2020 BRIGGS RD,,,,MT LAUREL,08054,NJ,US,
MAHALAXMI HOTELS,15401,100000046345604,100000046353856,BILL_TO,100000046340257,5304,MAHALAXMI HOTELS,100000046350931,A,16525,A,1900-01-01T00:00:00.000+00:00,4712-12-31T00:00:00.000+00:00,Y,P,N,5543,8628 SEAWALL BLVD,,,,GALVESTON,77554,TX,US,
TEMP-CON,15402,100000046346193,100000046353857,BILL_TO,100000046340258,4402,TEMP-CON,100000046350029,A,17114,A,1900-01-01T00:00:00.000+00:00,4712-12-31T00:00:00.000+00:00,Y,P,N,5544,15670 S KELLER,,,,OLATHE,66062,KS,US,
YORK A JOHNSON CONTROLS CO,15403,100000046344742,100000046354403,BILL_TO,100000046340259,4630,YORK A JOHNSON CONTROLS CO,100000046350257,A,15663,A,1900-01-01T00:00:00.000+00:00,4712-12-31T00:00:00.000+00:00,Y,P,N,6090,320 PREMIER CT,,,,FRANKLIN,37067,TN,US,
MASTERCRAFT FL,15404,100000046344743,100000046354541,BILL_TO,100000046340260,4136,MASTERCRAFT FL,100000046349763,A,15664,A,1900-01-01T00:00:00.000+00:00,4712-12-31T00:00:00.000+00:00,Y,P,N,6228,887 BRENTWOOD DR,,,,DAYTONA BEACH,32117,FL,US,
M&B PIZZAMEN LLC,15405,100000046346479,100000046354406,BILL_TO,100000046340261,5309,M&B PIZZAMEN LLC,100000046350936,A,17400,A,1900-01-01T00:00:00.000+00:00,4712-12-31T00:00:00.000+00:00,Y,P,N,6093,PO BOX 491,,,,PETAL,39465,MS,US,
HERBERT SCHOCKE,15406,100000046346200,100000046355216,BILL_TO,100000046340262,4406,HERBERT SCHOCKE,100000046350033,A,17121,A,1900-01-01T00:00:00.000+00:00,4712-12-31T00:00:00.000+00:00,Y,P,N,6903,9535 HWY 57,,,,ROSSVILLE,38066,TN,US,
MONROE HEALTH SERVICES,15407,100000046345293,100000046353600,BILL_TO,100000046340263,3599,MONROE HEALTH SERVICES,100000046349226,A,16214,A,1900-01-01T00:00:00.000+00:00,4712-12-31T00:00:00.000+00:00,Y,P,N,5287,830 S GLOSTER ST,,,,TUPELO,38801,MS,US,
OUACHITA MINISTRIES INV,15408,100000046344750,100000046354545,BILL_TO,100000046340264,4636,OUACHITA MINISTRIES INV,100000046350263,A,15671,A,1900-01-01T00:00:00.000+00:00,4712-12-31T00:00:00.000+00:00,Y,P,N,6232,46 MADISON WAY,,,,AMITY,71921,AR,US,
ACG VENTURES LLC,15409,100000046344753,100000046355024,BILL_TO,100000046340265,3603,ACG VENTURES LLC,100000046349230,A,15674,A,1900-01-01T00:00:00.000+00:00,4712-12-31T00:00:00.000+00:00,Y,P,N,6711,10324 OFFSHORE DR,,,,IRVING,75063,TX,US,
UNITED REFRIGERATION,15410,100000046346203,100000046353603,BILL_TO,100000046340266,5314,UNITED REFRIGERATION,100000046350941,A,17124,A,1900-01-01T00:00:00.000+00:00,4712-12-31T00:00:00.000+00:00,Y,P,N,5290,11401 ROOSEVELT BLVD,,,,PHILADELPHIA,19154,PA,US,
OPERA MEMPHIS,15411,100000046345614,100000046353873,BILL_TO,100000046340267,4641,OPERA MEMPHIS,100000046350268,A,16535,A,1900-01-01T00:00:00.000+00:00,4712-12-31T00:00:00.000+00:00,Y,P,N,5560,6745 WOLF RIVER PKWY,,,,MEMPHIS,38120,TN,US,
APPLIED INDUSTRIAL TECHNOLOGIE,15412,100000046346211,100000046354419,BILL_TO,100000046340268,4603,APPLIED INDUSTRIAL TECHNOLOGIE,100000046350230,A,17132,A,1900-01-01T00:00:00.000+00:00,4712-12-31T00:00:00.000+00:00,Y,P,N,6106,PO BOX 93018,,,,CLEVELAND,44101,OH,US,
UPCHURCH PLUMBING,15413,100000046346214,100000046354421,BILL_TO,100000046340269,3606,UPCHURCH PLUMBING,100000046349233,A,17135,A,1900-01-01T00:00:00.000+00:00,4712-12-31T00:00:00.000+00:00,Y,P,N,6108,PO BOX 8106,,,,GREENWOOD,38935,MS,US,
CARRIAGE COURT OF MEMPHIS,15414,100000046345621,100000046354093,BILL_TO,100000046340270,3611,CARRIAGE COURT OF MEMPHIS,100000046349238,A,16542,A,1900-01-01T00:00:00.000+00:00,4712-12-31T00:00:00.000+00:00,Y,P,N,5780,1645 W MASSEY RD,,,,MEMPHIS,38120,TN,US,
BLUFF CITY SHEET METAL,15415,100000046344766,100000046354428,BILL_TO,100000046340271,4646,BLUFF CITY SHEET METAL,100000046350273,A,15687,A,1900-01-01T00:00:00.000+00:00,4712-12-31T00:00:00.000+00:00,Y,P,N,6115,1989 VANDERHORN,,,,MEMPHIS,38134,TN,US,
TRANS AIR SERVICE,15416,100000046345062,100000046354429,BILL_TO,100000046340272,3875,TRANS AIR SERVICE,100000046349502,A,15983,A,1900-01-01T00:00:00.000+00:00,4712-12-31T00:00:00.000+00:00,Y,P,N,6116,5859 NEW PEACHTREE RD,,,,ATLANTA,30340,GA,US,
LOGIC MECHANICAL,15417,100000046346226,100000046354096,BILL_TO,100000046340273,3613,LOGIC MECHANICAL,100000046349240,A,17147,A,1900-01-01T00:00:00.000+00:00,4712-12-31T00:00:00.000+00:00,Y,P,N,5783,316 AYERS RD,,,,KYLE,78640,TX,US,
WTH NORTH HOSPITAL,15418,100000046344834,100000046353622,BILL_TO,100000046340274,4650,WTH NORTH HOSPITAL,100000046350277,A,15755,A,1900-01-01T00:00:00.000+00:00,4712-12-31T00:00:00.000+00:00,Y,P,N,5309,620 SKYLINE DR,,,,JACKSON,38301,TN,US,
VICKSBURG HIGH SCHOOL,15419,100000046345627,100000046353891,BILL_TO,100000046340275,5019,VICKSBURG HIGH SCHOOL,100000046350646,A,16548,A,1900-01-01T00:00:00.000+00:00,4712-12-31T00:00:00.000+00:00,Y,P,N,5578,501 E HWY ST,,,,VICKSBURG,49097,MS,US,
ELITAIRE,15420,100000046345322,100000046354580,BILL_TO,100000046340276,5024,ELITAIRE,100000046350651,A,16243,A,1900-01-01T00:00:00.000+00:00,4712-12-31T00:00:00.000+00:00,Y,P,N,6267,6155 HUNTLEY RD,,,,COLUMBUS,43229,OH,US,
BART ED'S SUPPLY COMPANY,15421,100000046346240,100000046353625,BILL_TO,100000046340277,4998,BART ED'S SUPPLY COMPANY,100000046350625,A,17161,A,1900-01-01T00:00:00.000+00:00,4712-12-31T00:00:00.000+00:00,Y,P,N,5312,6755 BUCKLES COVE,,,,BARTLETT,38133,TN,US,
RIGO AIR CONDITIONING,15422,100000046346501,100000046354487,BILL_TO,100000046340278,5002,RIGO AIR CONDITIONING,100000046350629,A,17422,A,1900-01-01T00:00:00.000+00:00,4712-12-31T00:00:00.000+00:00,Y,P,N,6174,7034 ROCKY CREEK,,,,MEMPHIS,38125,TN,US,
WESTLAKE PLUMBING & SUPPLY CO,15423,100000046345870,100000046355244,BILL_TO,100000046340279,5335,WESTLAKE PLUMBING & SUPPLY CO,100000046350962,A,16791,A,1900-01-01T00:00:00.000+00:00,4712-12-31T00:00:00.000+00:00,Y,P,N,6931,PO BOX 401,,,,CABOT,72023,AR,US,
ABSOLUTE TEMPERATURE CONTROLS,15424,100000046346251,100000046355294,BILL_TO,100000046340280,4170,ABSOLUTE TEMPERATURE CONTROLS,100000046349797,A,17172,A,1900-01-01T00:00:00.000+00:00,4712-12-31T00:00:00.000+00:00,Y,P,N,6981,763 TUSCAN HILLS BLVD,,,,DAVENPORT,33897,FL,US,
GS AUTO - 217 - RD,15425,100000046344780,100000046355096,BILL_TO,100000046340281,5030,GS AUTO - 217 - RD,100000046350657,A,15701,A,1900-01-01T00:00:00.000+00:00,4712-12-31T00:00:00.000+00:00,Y,P,N,6783,3095 STONEBROOK CIR,,,,MEMPHIS,38101,TN,US,
DENNIS ELECTRIC,15426,100000046346255,100000046354595,BILL_TO,100000046340282,5031,DENNIS ELECTRIC,100000046350658,A,17176,A,1900-01-01T00:00:00.000+00:00,4712-12-31T00:00:00.000+00:00,Y,P,N,6282,7560 BARTLETT CORPORATE DR,,,,BARTLETT,38133,TN,US,
SPRINGDALE WINNELSON #246,15427,100000046345328,100000046354596,BILL_TO,100000046340283,4430,SPRINGDALE WINNELSON #246,100000046350057,A,16249,A,1900-01-01T00:00:00.000+00:00,4712-12-31T00:00:00.000+00:00,N,Y,N,6283,PO BOX 6607,,,,SPRINGDALE,72762-4968,AR,US,
SPRINGDALE WINNELSON #246,15427,100000046346256,100000046354491,BILL_TO,100000046340283,4430,SPRINGDALE WINNELSON #246,100000046350057,A,17177,A,1900-01-01T00:00:00.000+00:00,4712-12-31T00:00:00.000+00:00,Y,P,N,6178,1002 STERWIN,,,,SPRINGDALE,72762-4968,AR,US,
PICTSWEET COMPANY,15428,100000046345329,100000046355097,BILL_TO,100000046340284,5032,PICTSWEET COMPANY,100000046350659,A,16250,A,1900-01-01T00:00:00.000+00:00,4712-12-31T00:00:00.000+00:00,Y,P,N,6784,10 PICTSWEET DR,,,,BELLS,38006,TN,US,
UPCHURCH SERVICES RIDGELAND,15429,100000046346259,100000046354163,BILL_TO,100000046340285,5345,UPCHURCH SERVICES RIDGELAND,100000046350972,A,17180,A,1900-01-01T00:00:00.000+00:00,4712-12-31T00:00:00.000+00:00,Y,P,N,5850,741 RIDGEWOOD RD,,,,RIDGELAND,39157,MS,US,
BRY-AIR INC,15430,100000046346260,100000046354495,BILL_TO,100000046340286,5346,BRY-AIR INC,100000046350973,A,17181,A,1900-01-01T00:00:00.000+00:00,4712-12-31T00:00:00.000+00:00,Y,P,N,6182,10796 STATE ROUTE 37W,,,,SUNBURY,43074,OH,US,
NASS PAYABLES,15431,100000046346552,100000046355183,BILL_TO,100000046340287,4706,NASS PAYABLES,100000046350333,A,17473,A,1900-01-01T00:00:00.000+00:00,4712-12-31T00:00:00.000+00:00,Y,P,N,6870,PO BOX 650586,,,,DALLAS,75265,TX,US,
A PLUS HTG & COOLING,15432,100000046345965,100000046355185,BILL_TO,100000046340288,3382,A PLUS HTG & COOLING,100000046349009,A,16886,A,1900-01-01T00:00:00.000+00:00,4712-12-31T00:00:00.000+00:00,Y,P,N,6872,1755 E 10 MILE RD,,,,MADISON HEIGHTS,48071,MI,US,
FAMILY DANZ HTG & COOLING,15433,100000046345879,100000046355101,BILL_TO,100000046340289,5012,FAMILY DANZ HTG & COOLING,100000046350639,A,16800,A,1900-01-01T00:00:00.000+00:00,4712-12-31T00:00:00.000+00:00,Y,P,N,6788,404 N PEARL ST,,,,ALBANY,12207,NY,US,
BOURE' RESTAURANT,15434,100000046345640,100000046354599,BILL_TO,100000046340290,4665,BOURE' RESTAURANT,100000046350292,A,16561,A,1900-01-01T00:00:00.000+00:00,4712-12-31T00:00:00.000+00:00,Y,P,N,6286,110 CTHOUSE SQUARE,,,,OXFORD,38655,MS,US,
THERMAL ECONOMY INC,15435,100000046345641,100000046354723,BILL_TO,100000046340291,4433,THERMAL ECONOMY INC,100000046350060,A,16562,A,1900-01-01T00:00:00.000+00:00,4712-12-31T00:00:00.000+00:00,Y,P,N,6410,PO BOX 1862,,,,OLIVE BRANCH,38654,MS,US,
BOONEVILLE HUMAN DEVEL CENTER,15436,100000046345335,100000046354724,BILL_TO,100000046340292,3895,BOONEVILLE HUMAN DEVEL CENTER,100000046349522,A,16256,A,1900-01-01T00:00:00.000+00:00,4712-12-31T00:00:00.000+00:00,Y,P,N,6411,87 REED RD HWY 116 S,,,,BOONEVILLE,72927,AR,US,
TSG CONSTRUCTION CO,15437,100000046344853,100000046355298,BILL_TO,100000046340293,4435,TSG CONSTRUCTION CO,100000046350062,A,15774,A,1900-01-01T00:00:00.000+00:00,4712-12-31T00:00:00.000+00:00,Y,P,N,6985,475 E FM 1382 STE 3026,,,,CEDAR HILL,75104,TX,US,
DYERSBURG WINNELSON CO,15438,100000046345096,100000046354601,BILL_TO,100000046340294,4437,DYERSBURG WINNELSON CO,100000046350064,A,16017,A,1900-01-01T00:00:00.000+00:00,4712-12-31T00:00:00.000+00:00,Y,P,N,6288,PO BOX 1147,,,,DYERSBURG,38025,TN,US,
METHODIST HEALTHCARE,15439,100000046345336,100000046355299,BILL_TO,100000046340295,3631,METHODIST HEALTHCARE,100000046349258,A,16257,A,1900-01-01T00:00:00.000+00:00,4712-12-31T00:00:00.000+00:00,Y,P,N,6986,PO BOX 41058,,,,MEMPHIS,38174,TN,US,
AIR CHARLOTTE E MECHANICAL,15440,100000046345881,100000046353302,BILL_TO,100000046340296,3636,AIR CHARLOTTE E MECHANICAL,100000046349263,A,16802,A,1900-01-01T00:00:00.000+00:00,4712-12-31T00:00:00.000+00:00,Y,P,N,4989,540 W 32ND ST,,,,CHARLOTTE,28206,NC,US,
JERRY'S A/C & HEATING,15441,100000046346267,100000046354167,BILL_TO,100000046340297,3640,JERRY'S A/C & HEATING,100000046349267,A,17188,A,1900-01-01T00:00:00.000+00:00,4712-12-31T00:00:00.000+00:00,Y,P,N,5854,PO BOX 6925,,,,FLORENCE,29501,SC,US,
JERRY'S A/C & HEATING,15441,100000046346268,100000046354606,BILL_TO,100000046340297,3640,JERRY'S A/C & HEATING,100000046349267,A,17189,A,1900-01-01T00:00:00.000+00:00,4712-12-31T00:00:00.000+00:00,N,Y,N,6293,931 S SANTIAGO DR,,,,FLORENCE,29501,SC,US,
CMECH COMMERCIAL,15442,100000046345099,100000046354728,BILL_TO,100000046340298,4180,CMECH COMMERCIAL,100000046349807,A,16020,A,1900-01-01T00:00:00.000+00:00,4712-12-31T00:00:00.000+00:00,Y,P,N,6415,151 BUSINESS PARK DR,,,,LEXINGTON,29072,SC,US,
STROBIC AIR TECHNOLOGIES,15443,100000046344857,100000046355305,BILL_TO,100000046340299,3647,STROBIC AIR TECHNOLOGIES,100000046349274,A,15778,A,1900-01-01T00:00:00.000+00:00,4712-12-31T00:00:00.000+00:00,Y,P,N,6992,140 W ORVILLA RD,,,,LANSDALE,19446,PA,US,
BARTLETT UNITED METHODIST CHUR,15444,100000046345101,100000046353908,BILL_TO,100000046340300,3903,BARTLETT UNITED METHODIST CHUR,100000046349530,A,16022,A,1900-01-01T00:00:00.000+00:00,4712-12-31T00:00:00.000+00:00,Y,P,N,5595,5676 STAGE RD,,,,BARTLETT,38134,TN,US,
SIG COX,15445,100000046345104,100000046355307,BILL_TO,100000046340301,5353,SIG COX,100000046350980,A,16025,A,1900-01-01T00:00:00.000+00:00,4712-12-31T00:00:00.000+00:00,Y,P,N,6994,1431 GREENE ST,,,,AUGUSTA,30901,GA,US,
ST FRANCIS OF ASSISI,15446,100000046346276,100000046355309,BILL_TO,100000046340302,5055,ST FRANCIS OF ASSISI,100000046350682,A,17197,A,1900-01-01T00:00:00.000+00:00,4712-12-31T00:00:00.000+00:00,Y,P,N,6996,2100 N GERMANTOWN PKWY,,,,CORDOVA,38016,TN,US,
GABRILSON INDOOR CLIMATE,15447,100000046345109,100000046355112,BILL_TO,100000046340303,4678,GABRILSON INDOOR CLIMATE,100000046350305,A,16030,A,1900-01-01T00:00:00.000+00:00,4712-12-31T00:00:00.000+00:00,Y,P,N,6799,5442 CAREY AVE,,,,DAVENPORT,52807,IA,US,
CITY OF GERMANTOWN,15448,100000046345895,100000046355114,BILL_TO,100000046340304,3653,CITY OF GERMANTOWN,100000046349280,A,16816,A,1900-01-01T00:00:00.000+00:00,4712-12-31T00:00:00.000+00:00,Y,P,N,6801,1930 S GERMANTOWN RD,,,,GERMANTOWN,38138,TN,US,
LAMBERT AIR LLC,15449,100000046345085,100000046353914,BILL_TO,100000046340305,4681,LAMBERT AIR LLC,100000046350308,A,16006,A,1900-01-01T00:00:00.000+00:00,4712-12-31T00:00:00.000+00:00,Y,P,N,5601,3553 N BARRON CIR,,,,MESA,85207,AZ,US,
PLYMOUTH COLLINS TN LLC,15450,100000046344865,100000046353321,BILL_TO,100000046340306,3910,PLYMOUTH COLLINS TN LLC,100000046349537,A,15786,A,1900-01-01T00:00:00.000+00:00,4712-12-31T00:00:00.000+00:00,Y,P,N,5008,6070 POPLAR AVE STE 710,,,,MEMPHIS,38119,TN,US,
PREMIER MECHANICAL GROUP INC,15451,100000046345112,100000046355118,BILL_TO,100000046340307,4685,PREMIER MECHANICAL GROUP INC,100000046350312,A,16033,A,1900-01-01T00:00:00.000+00:00,4712-12-31T00:00:00.000+00:00,Y,P,N,6805,1157 W MISSION AVE,,,,ESCONDIDO,92046,CA,US,
109 GIML LLC,15452,100000046345902,100000046353918,BILL_TO,100000046340308,4749,109 GIML LLC,100000046350376,A,16823,A,1900-01-01T00:00:00.000+00:00,4712-12-31T00:00:00.000+00:00,Y,P,N,5605,1020 N GLOSTER ST# 110,,,,TUPELO,38804,MS,US,
DOC AIR LLC,15453,100000046345088,100000046353921,BILL_TO,100000046340309,5088,DOC AIR LLC,100000046350715,A,16009,A,1900-01-01T00:00:00.000+00:00,4712-12-31T00:00:00.000+00:00,Y,P,N,5608,4014 FLAGSTONE CT,,,,FRANKLIN,37069,TN,US,
FRANK JAMES SERVICE CO LLC,15454,100000046345115,100000046354561,BILL_TO,100000046340310,3664,FRANK JAMES SERVICE CO LLC,100000046349291,A,16036,A,1900-01-01T00:00:00.000+00:00,4712-12-31T00:00:00.000+00:00,Y,P,N,6248,2111 W HOUSTON WAY,,,,GERMANTOWN,38139,TN,US,
COLE PROFESSIONAL SERVICES,15455,100000046345913,100000046354562,BILL_TO,100000046340311,5091,COLE PROFESSIONAL SERVICES,100000046350718,A,16834,A,1900-01-01T00:00:00.000+00:00,4712-12-31T00:00:00.000+00:00,Y,P,N,6249,502 E COWAN CREEK COVE,,,,BRANDON,39047,MS,US,
LODGIC DEVELOPMENT,15456,100000046345360,100000046355318,BILL_TO,100000046340312,4756,LODGIC DEVELOPMENT,100000046350383,A,16281,A,1900-01-01T00:00:00.000+00:00,4712-12-31T00:00:00.000+00:00,Y,P,N,7005,601 W TEXAS AVE,,,,WEBSTER,77598,TX,US,
LEFT FIELD PROPERTIES LLC,15457,100000046345672,100000046353327,BILL_TO,100000046340313,3921,LEFT FIELD PROPERTIES LLC,100000046349548,A,16593,A,1900-01-01T00:00:00.000+00:00,4712-12-31T00:00:00.000+00:00,Y,P,N,5014,195 MADISON AVE,,,,MEMPHIS,38103,TN,US,
RAPID ENGINEERING,15458,100000046346286,100000046354630,BILL_TO,100000046340314,4757,RAPID ENGINEERING,100000046350384,A,17207,A,1900-01-01T00:00:00.000+00:00,4712-12-31T00:00:00.000+00:00,Y,P,N,6317,1100 SEVEN MILE RD NW,,,,COMSTOCK PARK,49321,MI,US,
MASTERCRAFT BOILER,15459,100000046346532,100000046355321,BILL_TO,100000046340315,3666,MASTERCRAFT BOILER,100000046349293,A,17453,A,1900-01-01T00:00:00.000+00:00,4712-12-31T00:00:00.000+00:00,Y,P,N,7008,917 S 4TH ST,,,,VAN BUREN,72956,AR,US,
JOHNSON CONTROLS MEMPHIS,15460,100000046345918,100000046354190,BILL_TO,100000046340316,5098,JOHNSON CONTROLS MEMPHIS,100000046350725,A,16839,A,1900-01-01T00:00:00.000+00:00,4712-12-31T00:00:00.000+00:00,Y,P,N,5877,PO BOX 730068,,,,DALLAS,75373,TX,US,
CAMBRIDGE AIR SOLUTIONS,15461,100000046345676,100000046354633,BILL_TO,100000046340317,3923,CAMBRIDGE AIR SOLUTIONS,100000046349550,A,16597,A,1900-01-01T00:00:00.000+00:00,4712-12-31T00:00:00.000+00:00,Y,P,N,6320,8429 SOLUTION CENTER,,,,CHICAGO,60677,IL,US,
MAGNOLIA UNDERGROUND CONSTRUCT,15462,100000046344869,100000046354191,BILL_TO,100000046340318,3925,MAGNOLIA UNDERGROUND CONSTRUCT,100000046349552,A,15790,A,1900-01-01T00:00:00.000+00:00,4712-12-31T00:00:00.000+00:00,Y,P,N,5878,2898 CAYCE RD,,,,BYHALIA,38611,MS,US,
SIEMENS INDUSTRY INC,15463,100000046345939,100000046353652,BILL_TO,100000046340319,4459,SIEMENS INDUSTRY INC,100000046350086,A,16860,A,1900-01-01T00:00:00.000+00:00,4712-12-31T00:00:00.000+00:00,Y,P,N,5339,PO BOX 2134,,,,CAROL STREAM,60132-2134,IL,US,
SIEMENS INDUSTRY INC,15463,100000046346556,100000046354801,BILL_TO,100000046340319,4459,SIEMENS INDUSTRY INC,100000046350086,A,17477,A,1900-01-01T00:00:00.000+00:00,4712-12-31T00:00:00.000+00:00,N,Y,N,6488,PO BOX 4356,,,,PORTLAND,97208-4356,OR,US,
HOMEWOOD SUITES BY HILTON,15464,100000046345388,100000046353345,BILL_TO,100000046340320,3384,HOMEWOOD SUITES BY HILTON,100000046349011,A,16309,A,1900-01-01T00:00:00.000+00:00,4712-12-31T00:00:00.000+00:00,Y,P,N,5032,142 CITIPLACE DR,,,,HOUMA,70360,LA,US,
ACCURATE AIR COMPANY INC,15465,100000046345136,100000046355387,BILL_TO,100000046340321,4711,ACCURATE AIR COMPANY INC,100000046350338,A,16057,A,1900-01-01T00:00:00.000+00:00,4712-12-31T00:00:00.000+00:00,Y,P,N,7074,4180 PILOT DR,,,,MEMPHIS,38118,TN,US,
KLINE MECHANICAL,15466,100000046346559,100000046355194,BILL_TO,100000046340322,3682,KLINE MECHANICAL,100000046349309,A,17480,A,1900-01-01T00:00:00.000+00:00,4712-12-31T00:00:00.000+00:00,Y,P,N,6881,409 S SPRING ST,,,,FULTON,38843,MS,US,
CS3 INC,15467,100000046345970,100000046354218,BILL_TO,100000046340323,4465,CS3 INC,100000046350092,A,16891,A,1900-01-01T00:00:00.000+00:00,4712-12-31T00:00:00.000+00:00,Y,P,N,5905,8634 LADURL DR,,,,BARTLETT,38133,TN,US,
BADDOUR CENTER,15468,100000046344529,100000046355198,BILL_TO,100000046340324,4714,BADDOUR CENTER,100000046350341,A,15450,A,1900-01-01T00:00:00.000+00:00,4712-12-31T00:00:00.000+00:00,Y,P,N,6885,3297 HWY 51 S,,,,SENATOBIA,38668,MS,US,
JONES REFRIGERATION,15469,100000046345975,100000046353662,BILL_TO,100000046340325,4212,JONES REFRIGERATION,100000046349839,A,16896,A,1900-01-01T00:00:00.000+00:00,4712-12-31T00:00:00.000+00:00,Y,P,N,5349,PO BOX 5945,,,,BRANDON,39047,MS,US,
MICROPORT ORTHOPEDICS INC,15470,100000046345140,100000046354219,BILL_TO,100000046340326,4232,MICROPORT ORTHOPEDICS INC,100000046349859,A,16061,A,1900-01-01T00:00:00.000+00:00,4712-12-31T00:00:00.000+00:00,Y,P,N,5906,5677 AIRLINE RD,,,,ARLINGTON,38002,TN,US,
VALICOR ENVIRONMENTAL SERVICES,15471,100000046344894,100000046354819,BILL_TO,100000046340327,4235,VALICOR ENVIRONMENTAL SERVICES,100000046349862,A,15815,A,1900-01-01T00:00:00.000+00:00,4712-12-31T00:00:00.000+00:00,Y,P,N,6506,1045 REED RD,,,,MONROE,45050,OH,US,
INTEGRITY FILTERS,15472,100000046345696,100000046353672,BILL_TO,100000046340328,4720,INTEGRITY FILTERS,100000046350347,A,16617,A,1900-01-01T00:00:00.000+00:00,4712-12-31T00:00:00.000+00:00,Y,P,N,5359,7920 HWY 64,,,,BOLIVER,38008,TN,US,
SOUTHERN PIPE-CLARKSDALE,15473,100000046344537,100000046355200,BILL_TO,100000046340329,3689,SOUTHERN PIPE-CLARKSDALE,100000046349316,A,15458,A,1900-01-01T00:00:00.000+00:00,4712-12-31T00:00:00.000+00:00,Y,P,N,6887,135 HWY 322,,,,CLARKSDALE,38614,MS,US,
RONALD HUNTZICKER,15474,100000046344542,100000046355398,BILL_TO,100000046340330,4721,RONALD HUNTZICKER,100000046350348,A,15463,A,1900-01-01T00:00:00.000+00:00,4712-12-31T00:00:00.000+00:00,Y,P,N,7085,308 NIVENS DR,,,,ATOKA,38004,TN,US,
CLIMATECH INC,15475,100000046344543,100000046354826,BILL_TO,100000046340331,3404,CLIMATECH INC,100000046349031,A,15464,A,1900-01-01T00:00:00.000+00:00,4712-12-31T00:00:00.000+00:00,Y,P,N,6513,617 10TH ST SE,,,,RED BAY,35582,AL,US,
BPI COATINGS SOLUTIONS,15476,100000046345700,100000046353357,BILL_TO,100000046340332,3957,BPI COATINGS SOLUTIONS,100000046349584,A,16621,A,1900-01-01T00:00:00.000+00:00,4712-12-31T00:00:00.000+00:00,Y,P,N,5044,10136 MAGNOLIA DR,,,,OLIVE BRANCH,38654,MS,US,
PLUMBING WAREHOUSE LCR,15477,100000046346310,100000046354232,BILL_TO,100000046340333,4723,PLUMBING WAREHOUSE LCR,100000046350350,A,17231,A,1900-01-01T00:00:00.000+00:00,4712-12-31T00:00:00.000+00:00,Y,P,N,5919,PO BOX 842912,,,,BOSTON,02284,MA,US,
ESCO GROUP LLC,15478,100000046344900,100000046355402,BILL_TO,100000046340334,4223,ESCO GROUP LLC,100000046349850,A,15821,A,1900-01-01T00:00:00.000+00:00,4712-12-31T00:00:00.000+00:00,Y,P,N,7089,PO BOX 10123,,,,PORTLAND,97210,OR,US,
FOUNTAIN CONSTRUCTION,15479,100000046345702,100000046353678,BILL_TO,100000046340335,3959,FOUNTAIN CONSTRUCTION,100000046349586,A,16623,A,1900-01-01T00:00:00.000+00:00,4712-12-31T00:00:00.000+00:00,Y,P,N,5365,5655 HWY 18 W,,,,JACKSON,39209,MS,US,
LANIER HVAC SERVICES,15480,100000046344549,100000046353361,BILL_TO,100000046340336,5148,LANIER HVAC SERVICES,100000046350775,A,15470,A,1900-01-01T00:00:00.000+00:00,4712-12-31T00:00:00.000+00:00,Y,P,N,5048,1560 MONROE DR,,,,GAINESVILLE,30507,GA,US,
HEARTHSIDE SENIOR LIVING,15481,100000046345410,100000046354673,BILL_TO,100000046340337,3725,HEARTHSIDE SENIOR LIVING,100000046349352,A,16331,A,1900-01-01T00:00:00.000+00:00,4712-12-31T00:00:00.000+00:00,Y,P,N,6360,1240 E INDEPENDENCE,,,,SPRINGFIELD,65804,MO,US,
LAKE AREA HOTEL INVESTMENTS LL,15482,100000046346581,100000046353686,BILL_TO,100000046340338,5153,LAKE AREA HOTEL INVESTMENTS LL,100000046350780,A,17502,A,1900-01-01T00:00:00.000+00:00,4712-12-31T00:00:00.000+00:00,Y,P,N,5373,1245 E PRIEN LAKE RD,,,,LAKE CHARLES,70601,LA,US,
INTERCOMPANY SVC MISS,15483,100000046345993,100000046355254,BILL_TO,100000046340339,4229,INTERCOMPANY SVC MISS,100000046349856,A,16914,A,1900-01-01T00:00:00.000+00:00,4712-12-31T00:00:00.000+00:00,Y,P,N,6941,115 LONE WOLF DR #A,,,,MADISON,39110,MS,US,
14 CES/CEOEM,15484,100000046345994,100000046355406,BILL_TO,100000046340340,3705,14 CES/CEOEM,100000046349332,A,16915,A,1900-01-01T00:00:00.000+00:00,4712-12-31T00:00:00.000+00:00,Y,P,N,7093,555 SIMLER BLVD BLDG 385,,,,COLUMBUS AFB,39701,MS,US,
PERFORMANCE UNLIMTED,15485,100000046344552,100000046355407,BILL_TO,100000046340341,4796,PERFORMANCE UNLIMTED,100000046350423,A,15473,A,1900-01-01T00:00:00.000+00:00,4712-12-31T00:00:00.000+00:00,Y,P,N,7094,1919 GREENSBORO RD,,,,JONESBORO,72401,AR,US,
CHANCEY & REYNOLDS,15486,100000046345414,100000046353257,BILL_TO,100000046340342,4251,CHANCEY & REYNOLDS,100000046349878,A,16335,A,1900-01-01T00:00:00.000+00:00,4712-12-31T00:00:00.000+00:00,Y,P,N,4944,614 VAN ST,,,,KNOXVILLE,37921,TN,US,
PIKE COUNTY,15487,100000046346585,100000046355410,BILL_TO,100000046340343,4252,PIKE COUNTY,100000046349879,A,17506,A,1900-01-01T00:00:00.000+00:00,4712-12-31T00:00:00.000+00:00,Y,P,N,7097,PO BOX 431,,,,MAGNOLIA,39652,MS,US,
HARD ROCK CAFE,15488,100000046344564,100000046353375,BILL_TO,100000046340344,4800,HARD ROCK CAFE,100000046350427,A,15485,A,1900-01-01T00:00:00.000+00:00,4712-12-31T00:00:00.000+00:00,Y,P,N,5062,126 BEALE ST,,,,MEMPHIS,38103,TN,US,
MECHANICAL SYSTEMS COMPANY LLC,15489,100000046344566,100000046354682,BILL_TO,100000046340345,3968,MECHANICAL SYSTEMS COMPANY LLC,100000046349595,A,15487,A,1900-01-01T00:00:00.000+00:00,4712-12-31T00:00:00.000+00:00,Y,P,N,6369,3965 OLD GETWELL RD,,,,MEMPHIS,38118,TN,US,
CED,15490,100000046345422,100000046354269,BILL_TO,100000046340346,3714,CED,100000046349341,A,16343,A,1900-01-01T00:00:00.000+00:00,4712-12-31T00:00:00.000+00:00,Y,P,N,5956,1545 CLIFF GOOKING BLVD,,,,TUPELO,38801,MS,US,
SALVATION ARMY ADULT REHAB CTR,15491,100000046345173,100000046354270,BILL_TO,100000046340347,3415,SALVATION ARMY ADULT REHAB CTR,100000046349042,A,16094,A,1900-01-01T00:00:00.000+00:00,4712-12-31T00:00:00.000+00:00,Y,P,N,5957,2649 KIRBY WHITTEN RD,,,,MEMPHIS,38133,TN,US,
MEMPHIS & SHELBY COUNTY HEAL,15492,100000046345714,100000046354254,BILL_TO,100000046340348,3740,MEMPHIS & SHELBY COUNTY HEAL,100000046349367,A,16635,A,1900-01-01T00:00:00.000+00:00,4712-12-31T00:00:00.000+00:00,Y,P,N,5941,814 JEFFERSON AVE,,,,MEMPHIS,38105,TN,US,
IDEXX LABS,15493,100000046345176,100000046353377,BILL_TO,100000046340349,3742,IDEXX LABS,100000046349369,A,16097,A,1900-01-01T00:00:00.000+00:00,4712-12-31T00:00:00.000+00:00,Y,P,N,5064,ONE IDEXX DR,,,,WESTBROOK,04092,ME,US,
JONES LANG LASALLE AMERICAS,15494,100000046344920,100000046354272,BILL_TO,100000046340350,5165,JONES LANG LASALLE AMERICAS,100000046350792,A,15841,A,1900-01-01T00:00:00.000+00:00,4712-12-31T00:00:00.000+00:00,Y,P,N,5959,PO BOX 4817,,,,PORTLAND,97208,OR,US,
DAMON-MARCUS CO,15495,100000046346006,100000046353271,BILL_TO,100000046340351,3417,DAMON-MARCUS CO,100000046349044,A,16927,A,1900-01-01T00:00:00.000+00:00,4712-12-31T00:00:00.000+00:00,Y,P,N,4958,5871 BARTLETT STAGE CV,,,,BARTLETT,38134,TN,US,
MID-SOUTH ELECTRICAL CONTR,15496,100000046344923,100000046354274,BILL_TO,100000046340352,4741,MID-SOUTH ELECTRICAL CONTR,100000046350368,A,15844,A,1900-01-01T00:00:00.000+00:00,4712-12-31T00:00:00.000+00:00,Y,P,N,5961,3869 NEW GETWELL RD,,,,MEMPHIS,38118,TN,US,
COTTON ROW HOSPITALITY LLC,15497,100000046344924,100000046354887,BILL_TO,100000046340353,4260,COTTON ROW HOSPITALITY LLC,100000046349887,A,15845,A,1900-01-01T00:00:00.000+00:00,4712-12-31T00:00:00.000+00:00,Y,P,N,6574,215 COTTON ROW,,,,CLEVELAND,38732,MS,US,
CORPORATE MECHANICAL CONTR,15498,100000046345718,100000046353703,BILL_TO,100000046340354,3975,CORPORATE MECHANICAL CONTR,100000046349602,A,16639,A,1900-01-01T00:00:00.000+00:00,4712-12-31T00:00:00.000+00:00,Y,P,N,5390,7070 EXCHEQUER DR,,,,BATON ROUGE,70809,LA,US,
BETH SHOLOM SYNAGOGUE,15499,100000046344576,100000046355267,BILL_TO,100000046340355,3746,BETH SHOLOM SYNAGOGUE,100000046349373,A,15497,A,1900-01-01T00:00:00.000+00:00,4712-12-31T00:00:00.000+00:00,Y,P,N,6954,6675 HUMPHREYS BLVD,,,,MEMPHIS,38120,TN,US,
DUGGAN MECHANICAL & PLBG,15500,100000046345433,100000046353386,BILL_TO,100000046340356,3978,DUGGAN MECHANICAL & PLBG,100000046349605,A,16354,A,1900-01-01T00:00:00.000+00:00,4712-12-31T00:00:00.000+00:00,Y,P,N,5073,138 WILL DR,,,,CANTON,02021,MA,US,
ENGINEERED SEALING COMPONENTS,15501,100000046346595,100000046353388,BILL_TO,100000046340357,4476,ENGINEERED SEALING COMPONENTS,100000046350103,A,17516,A,1900-01-01T00:00:00.000+00:00,4712-12-31T00:00:00.000+00:00,Y,P,N,5075,3845 WATMAN AVE,,,,MEMPHIS,38118,TN,US,
TEXAS COLD AC,15502,100000046345435,100000046353708,BILL_TO,100000046340358,4270,TEXAS COLD AC,100000046349897,A,16356,A,1900-01-01T00:00:00.000+00:00,4712-12-31T00:00:00.000+00:00,Y,P,N,5395,402 E LANGLEY BLVD,,,,UNIVERSAL CITY,78148,TX,US,
GS REAL ESTATE,15503,100000046346023,100000046355272,BILL_TO,100000046340359,3751,GS REAL ESTATE,100000046349378,A,16944,A,1900-01-01T00:00:00.000+00:00,4712-12-31T00:00:00.000+00:00,Y,P,N,6959,3671 OAKLEY AVE,,,,MEMPHIS,38111-6168,TN,US,
GARRIS SERVICES,15504,100000046345727,100000046355273,BILL_TO,100000046340360,3980,GARRIS SERVICES,100000046349607,A,16648,A,1900-01-01T00:00:00.000+00:00,4712-12-31T00:00:00.000+00:00,Y,P,N,6960,6200 YUM YUM RD,,,,SOMERVILLE,68068,TN,US,
RELIABLE HTG & AIR PLBG & ELE,15505,100000046346024,100000046354896,BILL_TO,100000046340361,4478,RELIABLE HTG & AIR PLBG & ELE,100000046350105,A,16945,A,1900-01-01T00:00:00.000+00:00,4712-12-31T00:00:00.000+00:00,Y,P,N,6583,1305 CHASTAIN RD NW,,,,KENNESAW,30144,GA,US,
FERGUSON ENT/RUSSELLVILLE,15506,100000046345186,100000046354901,BILL_TO,100000046340362,4479,FERGUSON ENT/RUSSELLVILLE,100000046350106,A,16107,A,1900-01-01T00:00:00.000+00:00,4712-12-31T00:00:00.000+00:00,N,Y,N,6588,1801 S KNOXVILLE AVE,,,,RUSSELLVILLE,72811,AR,US,
FERGUSON ENT/RUSSELLVILLE,15506,100000046346333,100000046354900,BILL_TO,100000046340362,4479,FERGUSON ENT/RUSSELLVILLE,100000046350106,A,17254,A,1900-01-01T00:00:00.000+00:00,4712-12-31T00:00:00.000+00:00,Y,P,N,6587,PO BOX 1007,,,,RUSSELLVILLE,72811,AR,US,
THE HABEGGER CORP,15507,100000046346334,100000046353391,BILL_TO,100000046340363,3981,THE HABEGGER CORP,100000046349608,A,17255,A,1900-01-01T00:00:00.000+00:00,4712-12-31T00:00:00.000+00:00,Y,P,N,5078,1216 NGATE BUSINESS PKWY,,,,MADISON,37115,TN,US,
SYSTEM SERVICE & ENGINEERING,15508,100000046345188,100000046354694,BILL_TO,100000046340364,4274,SYSTEM SERVICE & ENGINEERING,100000046349901,A,16109,A,1900-01-01T00:00:00.000+00:00,4712-12-31T00:00:00.000+00:00,Y,P,N,6381,205 MOSLEY DR,,,,LYNN HAVEN,32444,FL,US,
BRAD SULLIVAN,15509,100000046346026,100000046353936,BILL_TO,100000046340365,4275,BRAD SULLIVAN,100000046349902,A,16947,A,1900-01-01T00:00:00.000+00:00,4712-12-31T00:00:00.000+00:00,Y,P,N,5623,1847 VANDERHORN DR,,,,MEMPHIS,38134,TN,US,
COMMERCIAL CONSTRUCTION,15510,100000046346027,100000046353470,BILL_TO,100000046340366,3432,COMMERCIAL CONSTRUCTION,100000046349059,A,16948,A,1900-01-01T00:00:00.000+00:00,4712-12-31T00:00:00.000+00:00,Y,P,N,5157,7 SUNSHINE BLVD,,,,ORMOND BEACH,32174,FL,US,
ANJANI MANAGEMANT LLC,15511,100000046344590,100000046354699,BILL_TO,100000046340367,5180,ANJANI MANAGEMANT LLC,100000046350807,A,15511,A,1900-01-01T00:00:00.000+00:00,4712-12-31T00:00:00.000+00:00,Y,P,N,6386,PO BOX 81738,,,,LAFAYETTE,70598,LA,US,
GOURMET YOUR WAY,15512,100000046345744,100000046353401,BILL_TO,100000046340368,4285,GOURMET YOUR WAY,100000046349912,A,16665,A,1900-01-01T00:00:00.000+00:00,4712-12-31T00:00:00.000+00:00,Y,P,N,5088,2078 HOLLYWOOD DR,,,,JACKSON,38305,TN,US,
ARKANSAS DEPT OF CORRECTIONS,15513,100000046345745,100000046354747,BILL_TO,100000046340369,4286,ARKANSAS DEPT OF CORRECTIONS,100000046349913,A,16666,A,1900-01-01T00:00:00.000+00:00,4712-12-31T00:00:00.000+00:00,Y,P,N,6434,HWY 388,,,,GRADY,71644,AR,US,
ARKANSAS DEPT OF CORRECTIONS,15513,100000046346032,100000046355283,BILL_TO,100000046340369,4286,ARKANSAS DEPT OF CORRECTIONS,100000046349913,A,16953,A,1900-01-01T00:00:00.000+00:00,4712-12-31T00:00:00.000+00:00,N,Y,N,6970,PO BOX 6408,,,,PINE BLUFF,71611,AR,US,
HYATT CENTRIC BEALE STREET,15514,100000046345193,100000046355284,BILL_TO,100000046340370,4288,HYATT CENTRIC BEALE STREET,100000046349915,A,16114,A,1900-01-01T00:00:00.000+00:00,4712-12-31T00:00:00.000+00:00,Y,P,N,6971,33 BEALE ST,,,,MEMPHIS,38103,TN,US,
HOLY ROSARY PARISH SCHOOL,15515,100000046344631,100000046354289,BILL_TO,100000046340371,3439,HOLY ROSARY PARISH SCHOOL,100000046349066,A,15552,A,1900-01-01T00:00:00.000+00:00,4712-12-31T00:00:00.000+00:00,Y,P,N,5976,4841 PARK AVE,,,,MEMPHIS,38111,TN,US,
WORD OF LIFE CHURCH,15516,100000046345454,100000046353479,BILL_TO,100000046340372,4289,WORD OF LIFE CHURCH,100000046349916,A,16375,A,1900-01-01T00:00:00.000+00:00,4712-12-31T00:00:00.000+00:00,Y,P,N,5166,5401 LAKELAND DR,,,,FLOWOOD,39232,MS,US,
PATRIOT MECHANICAL,15517,100000046346034,100000046353480,BILL_TO,100000046340373,3991,PATRIOT MECHANICAL,100000046349618,A,16955,A,1900-01-01T00:00:00.000+00:00,4712-12-31T00:00:00.000+00:00,Y,P,N,5167,406 HORSESHOE LN,,,,WETUMPKA,36092,AL,US,
COOLING & COOKING CONCEPTS,15518,100000046345752,100000046354911,BILL_TO,100000046340374,3771,COOLING & COOKING CONCEPTS,100000046349398,A,16673,A,1900-01-01T00:00:00.000+00:00,4712-12-31T00:00:00.000+00:00,Y,P,N,6598,105 THAMES CV,,,,BRANDON,39047,MS,US,
UNIVERSITY OF MISSISSIPPI MEDI,15519,100000046346340,100000046353719,BILL_TO,100000046340375,3774,UNIVERSITY OF MISSISSIPPI MEDI,100000046349401,A,17261,A,1900-01-01T00:00:00.000+00:00,4712-12-31T00:00:00.000+00:00,Y,P,N,5406,2500 N STATE ST - ATTN: ACCTS P,,,,JACKSON,39216-4505,MS,US,
TEEMS & DEMOVILLE MECH CONTR,15520,100000046345456,100000046353407,BILL_TO,100000046340376,4825,TEEMS & DEMOVILLE MECH CONTR,100000046350452,A,16377,A,1900-01-01T00:00:00.000+00:00,4712-12-31T00:00:00.000+00:00,Y,P,N,5094,5362 REPUBLIC,,,,MEMPHIS,38118,TN,US,
MECHANICAL SERVICES INC,15521,100000046346608,100000046354750,BILL_TO,100000046340377,3993,MECHANICAL SERVICES INC,100000046349620,A,17529,A,1900-01-01T00:00:00.000+00:00,4712-12-31T00:00:00.000+00:00,Y,P,N,6437,1144 MONMOUTH BLVD,,,,GALESBURG,61401,IL,US,
MORGAN & TURNER,15522,100000046346344,100000046353481,BILL_TO,100000046340378,3777,MORGAN & TURNER,100000046349404,A,17265,A,1900-01-01T00:00:00.000+00:00,4712-12-31T00:00:00.000+00:00,Y,P,N,5168,2176 FILMORE,,,,MEMPHIS,38104,TN,US,
AIRETECH CORP,15523,100000046346609,100000046353954,BILL_TO,100000046340379,3469,AIRETECH CORP,100000046349096,A,17530,A,1900-01-01T00:00:00.000+00:00,4712-12-31T00:00:00.000+00:00,Y,P,N,5641,7631 NSHORE PL,,,,NORTH LITTLE ROCK,72116,AR,US,
BALTIMORE AIRCOIL,15524,100000046345205,100000046354753,BILL_TO,100000046340380,5193,BALTIMORE AIRCOIL,100000046350820,A,16126,A,1900-01-01T00:00:00.000+00:00,4712-12-31T00:00:00.000+00:00,Y,P,N,6440,13259 COLLECTIONS CENTER DR,,,,CHICAGO,60693,IL,US,
NEW JERSEY MECH,15525,100000046345206,100000046355337,BILL_TO,100000046340381,3443,NEW JERSEY MECH,100000046349070,A,16127,A,1900-01-01T00:00:00.000+00:00,4712-12-31T00:00:00.000+00:00,Y,P,N,7024,1440 UNION AVE,,,,SOUTH PLAINFIELD,07080,NJ,US,
KPS LLC,15526,100000046345460,100000046354959,BILL_TO,100000046340382,4494,KPS LLC,100000046350121,A,16381,A,1900-01-01T00:00:00.000+00:00,4712-12-31T00:00:00.000+00:00,Y,P,N,6646,PO BOX 5229,,,,PORTLAND,97208,OR,US,
MISSION CONVALESCENT HOME,15527,100000046345208,100000046353961,BILL_TO,100000046340383,4831,MISSION CONVALESCENT HOME,100000046350458,A,16129,A,1900-01-01T00:00:00.000+00:00,4712-12-31T00:00:00.000+00:00,Y,P,N,5648,118 GLASS ST,,,,JACKSON,38301-4625,TN,US,
CIS IND,15528,100000046344939,100000046354755,BILL_TO,100000046340384,4005,CIS IND,100000046349632,A,15860,A,1900-01-01T00:00:00.000+00:00,4712-12-31T00:00:00.000+00:00,Y,P,N,6442,600 TIME SAVER AVE,,,,HARAHAN,70123,LA,US,
DYERSBURG HOSPITALITY LLC,15529,100000046346356,100000046353728,BILL_TO,100000046340385,5196,DYERSBURG HOSPITALITY LLC,100000046350823,A,17277,A,1900-01-01T00:00:00.000+00:00,4712-12-31T00:00:00.000+00:00,Y,P,N,5415,2750 MALL LOOP RD,,,,DYERSBURG,38024,TN,US,
19TH CES UNITED STATES AIR FORCE,15530,100000046346621,100000046353493,BILL_TO,100000046340386,3447,19TH CES UNITED STATES AIR FORCE,100000046349074,A,17542,A,1900-01-01T00:00:00.000+00:00,4712-12-31T00:00:00.000+00:00,Y,P,N,5180,530 THOMAS AVE,,,,LRAFB,72099,AR,US,
NORTH PANOLA SCHOOL DISTRICT,15531,100000046344611,100000046353420,BILL_TO,100000046340387,3480,NORTH PANOLA SCHOOL DISTRICT,100000046349107,A,15532,A,1900-01-01T00:00:00.000+00:00,4712-12-31T00:00:00.000+00:00,Y,P,N,5107,470 HWY 51 N,,,,SARDIS,38666,MS,US,
FM SYLVAN INC,15532,100000046344645,100000046353732,BILL_TO,100000046340388,3483,FM SYLVAN INC,100000046349110,A,15566,A,1900-01-01T00:00:00.000+00:00,4712-12-31T00:00:00.000+00:00,Y,P,N,5419,3800 MAPLE ST,,,,DEARBORN,48126,MI,US,
NORTHWEST CORRECTIONAL COMPLEX,15533,100000046346361,100000046355349,BILL_TO,100000046340389,4008,NORTHWEST CORRECTIONAL COMPLEX,100000046349635,A,17282,A,1900-01-01T00:00:00.000+00:00,4712-12-31T00:00:00.000+00:00,Y,P,N,7036,960 STATE ROUTE 212,,,,TIPTONVILLE,38079,TN,US,
BOST FILTREX,15534,100000046344615,100000046353734,BILL_TO,100000046340390,4305,BOST FILTREX,100000046349932,A,15536,A,1900-01-01T00:00:00.000+00:00,4712-12-31T00:00:00.000+00:00,Y,P,N,5421,949 KING AVE,,,,COLUMBUS,43212,OH,US,
AIRSYSTEM SALES,15535,100000046344616,100000046353735,BILL_TO,100000046340391,3794,AIRSYSTEM SALES,100000046349421,A,15537,A,1900-01-01T00:00:00.000+00:00,4712-12-31T00:00:00.000+00:00,Y,P,N,5422,PO BOX 1948,,,,BRENTWOOD,37024,TN,US,
BORNBLUM JEWISH COMMUNITY SCHO,15536,100000046345773,100000046353969,BILL_TO,100000046340392,3796,BORNBLUM JEWISH COMMUNITY SCHO,100000046349423,A,16694,A,1900-01-01T00:00:00.000+00:00,4712-12-31T00:00:00.000+00:00,Y,P,N,5656,6641 HUMPHREYS BLVD,,,,MEMPHIS,38120,TN,US,
CAMP SHELBY JFTC,15537,100000046344943,100000046353501,BILL_TO,100000046340393,4010,CAMP SHELBY JFTC,100000046349637,A,15864,A,1900-01-01T00:00:00.000+00:00,4712-12-31T00:00:00.000+00:00,Y,P,N,5188,1001 LEE AVE,,,,CAMP SHELBY,39407,MS,US,
MISSISSIPPI MECHANICAL LLC,15538,100000046345776,100000046353422,BILL_TO,100000046340394,3487,MISSISSIPPI MECHANICAL LLC,100000046349114,A,16697,A,1900-01-01T00:00:00.000+00:00,4712-12-31T00:00:00.000+00:00,Y,P,N,5109,1020 WHITETAIL DR,,,,OXFORD,38655,MS,US,
BETTER IMAGE BUILDERS,15539,100000046345777,100000046353502,BILL_TO,100000046340395,3797,BETTER IMAGE BUILDERS,100000046349424,A,16698,A,1900-01-01T00:00:00.000+00:00,4712-12-31T00:00:00.000+00:00,Y,P,N,5189,2815 WALLACE RD,,,,BUFORD,30319,GA,US,
RAY C WEAVER MECHANICAL,15540,100000046344649,100000046354978,BILL_TO,100000046340396,4848,RAY C WEAVER MECHANICAL,100000046350475,A,15570,A,1900-01-01T00:00:00.000+00:00,4712-12-31T00:00:00.000+00:00,Y,P,N,6665,PO BOX 2411,,,,GULFPORT,39505,MS,US,
MOREHOUSE PARISH SCHOOL BOARD,15541,100000046345476,100000046353504,BILL_TO,100000046340397,4013,MOREHOUSE PARISH SCHOOL BOARD,100000046349640,A,16397,A,1900-01-01T00:00:00.000+00:00,4712-12-31T00:00:00.000+00:00,Y,P,N,5191,4099 NAFF AVE,,,,BASTROP,71220,LA,US,
DJ WAGNER HEATING & A/C,15542,100000046345781,100000046353425,BILL_TO,100000046340398,4508,DJ WAGNER HEATING & A/C,100000046350135,A,16702,A,1900-01-01T00:00:00.000+00:00,4712-12-31T00:00:00.000+00:00,Y,P,N,5112,30 CUTLER AVE,,,,WESTVILLE,08093,NJ,US,
AAIR ONE,15543,100000046345783,100000046354981,BILL_TO,100000046340399,3490,AAIR ONE,100000046349117,A,16704,A,1900-01-01T00:00:00.000+00:00,4712-12-31T00:00:00.000+00:00,Y,P,N,6668,5778 DISTRIBUTION RD,,,,MEMPHIS,38134,TN,US,
UNIVERSITY OF SOUTHERN MISSISSIPPI,15544,100000046344620,100000046353506,BILL_TO,100000046340400,4014,UNIVERSITY OF SOUTHERN MISSISSIPPI,100000046349641,A,15541,A,1900-01-01T00:00:00.000+00:00,4712-12-31T00:00:00.000+00:00,Y,P,N,5193,118 COLLEGE DR #5143,,,,HATTIESBURG,39406,MS,US,
E SOLUTIONS FOR BUILDINGS LLC,15545,100000046344948,100000046354362,BILL_TO,100000046340401,4851,E SOLUTIONS FOR BUILDINGS LLC,100000046350478,A,15869,A,1900-01-01T00:00:00.000+00:00,4712-12-31T00:00:00.000+00:00,Y,P,N,6049,624 GRASSMERE PARK,,,,NASHVILLE,37211,TN,US,
INTERSTATE AC SERVICES,15546,100000046344949,100000046353743,BILL_TO,100000046340402,4313,INTERSTATE AC SERVICES,100000046349940,A,15870,A,1900-01-01T00:00:00.000+00:00,4712-12-31T00:00:00.000+00:00,Y,P,N,5430,1877 AIR LN DR,,,,NASHVILLE,37128,TN,US,
ESP AGENCY INC,15547,100000046344951,100000046354764,BILL_TO,100000046340403,3803,ESP AGENCY INC,100000046349430,A,15872,A,1900-01-01T00:00:00.000+00:00,4712-12-31T00:00:00.000+00:00,Y,P,N,6451,PO BOX 23742,,,,NEW ORLEANS,70183,LA,US,
REISING CONTRACTING,15548,100000046346376,100000046353983,BILL_TO,100000046340404,4855,REISING CONTRACTING,100000046350482,A,17297,A,1900-01-01T00:00:00.000+00:00,4712-12-31T00:00:00.000+00:00,Y,P,N,5670,2221 E CONTINENTIAL BLVD,,,,SOUTHLAKE,76092,TX,US,
KNIGHT HEAT & AIR,15549,100000046345785,100000046354366,BILL_TO,100000046340405,3304,KNIGHT HEAT & AIR,100000046348931,A,16706,A,1900-01-01T00:00:00.000+00:00,4712-12-31T00:00:00.000+00:00,Y,P,N,6053,PO BOX 310,,,,MUMFORD,38058,TN,US,
ACE ELECTRIC INC,15550,100000046344659,100000046354989,BILL_TO,100000046340406,5208,ACE ELECTRIC INC,100000046350835,A,15580,A,1900-01-01T00:00:00.000+00:00,4712-12-31T00:00:00.000+00:00,Y,P,N,6676,16 PREMIERE DR,,,,JACKSON,38301,TN,US,
ABM MECHANICAL,15551,100000046345488,100000046354995,BILL_TO,100000046340407,5213,ABM MECHANICAL,100000046350840,A,16409,A,1900-01-01T00:00:00.000+00:00,4712-12-31T00:00:00.000+00:00,Y,P,N,6682,33 DOWD RD,,,,BANGOR,04401,ME,US,
HOME2 SUITES,15552,100000046344443,100000046353436,BILL_TO,100000046340408,4024,HOME2 SUITES,100000046349651,A,15364,A,1900-01-01T00:00:00.000+00:00,4712-12-31T00:00:00.000+00:00,Y,P,N,5123,7595 LODGING LN,,,,OLIVE BRANCH,38654,MS,US,
HOME2 SUITES,15552,100000046344663,100000046355368,BILL_TO,100000046340408,4024,HOME2 SUITES,100000046349651,A,15584,A,1900-01-01T00:00:00.000+00:00,4712-12-31T00:00:00.000+00:00,N,Y,N,7055,TWO PLAZA 2750 HOME,,,,PORT ARTHUR,77640,TX,US,
HOME2 SUITES,15552,100000046344958,100000046354373,BILL_TO,100000046340408,4024,HOME2 SUITES,100000046349651,A,15879,A,1900-01-01T00:00:00.000+00:00,4712-12-31T00:00:00.000+00:00,N,Y,N,6060,6750 SCREST PKWY,,,,SOUTHAVEN,38671,MS,US,
HOME2 SUITES,15552,100000046346068,100000046354374,BILL_TO,100000046340408,4024,HOME2 SUITES,100000046349651,A,16989,A,1900-01-01T00:00:00.000+00:00,4712-12-31T00:00:00.000+00:00,N,Y,N,6061,2800 ESPERANZA XING,,,,AUSTIN,78758,TX,US,
HOME2 SUITES,15552,100000046346069,100000046355369,BILL_TO,100000046340408,4024,HOME2 SUITES,100000046349651,A,16990,A,1900-01-01T00:00:00.000+00:00,4712-12-31T00:00:00.000+00:00,N,Y,N,7056,443 COVENANT DR,,,,BATESVILLE,38606,MS,US,
HOME2 SUITES,15552,100000046346382,100000046353437,BILL_TO,100000046340408,4024,HOME2 SUITES,100000046349651,A,17303,A,1900-01-01T00:00:00.000+00:00,4712-12-31T00:00:00.000+00:00,N,Y,N,5124,101 ALDERSON RD,,,,OXFORD,38655,MS,US,
HOME2 SUITES,15552,100000046346642,100000046353515,BILL_TO,100000046340408,4024,HOME2 SUITES,100000046349651,A,17563,A,1900-01-01T00:00:00.000+00:00,4712-12-31T00:00:00.000+00:00,N,Y,N,5202,252 NEWBURY ST,,,,OSWEGO,13126,NY,US,
AIR CONDITIONING PARTS & EQP,15553,100000046345493,100000046355040,BILL_TO,100000046340409,4027,AIR CONDITIONING PARTS & EQP,100000046349654,A,16414,A,1900-01-01T00:00:00.000+00:00,4712-12-31T00:00:00.000+00:00,Y,P,N,6727,17 POWER LN,,,,HATTIESBURG,39402,MS,US,
AUSTEIN MECHANICAL CONT INC,15554,100000046344961,100000046354829,BILL_TO,100000046340410,5218,AUSTEIN MECHANICAL CONT INC,100000046350845,A,15882,A,1900-01-01T00:00:00.000+00:00,4712-12-31T00:00:00.000+00:00,Y,P,N,6516,3321 WINBROOK DR,,,,MEMPHIS,38116,TN,US,
SOUTH SUBURBAN HEATING & A/C,15555,100000046344449,100000046355417,BILL_TO,100000046340411,4866,SOUTH SUBURBAN HEATING & A/C,100000046350493,A,15370,A,1900-01-01T00:00:00.000+00:00,4712-12-31T00:00:00.000+00:00,Y,P,N,7104,2914 BERNICE AVE,,,,LANSING,60438,IL,US,
RAY & SON HEATING & AIR,15556,100000046345526,100000046354380,BILL_TO,100000046340412,3816,RAY & SON HEATING & AIR,100000046349443,A,16447,A,1900-01-01T00:00:00.000+00:00,4712-12-31T00:00:00.000+00:00,Y,P,N,6067,540 HAZEL AVE,,,,NASHVILLE,31639,GA,US,
GCR INC,15557,100000046345527,100000046353444,BILL_TO,100000046340413,3818,GCR INC,100000046349445,A,16448,A,1900-01-01T00:00:00.000+00:00,4712-12-31T00:00:00.000+00:00,Y,P,N,5131,PO BOX 4231,,,,GULFPORT,39502-4231,MS,US,
SHELBY CO SCHOOLS,15558,100000046344672,100000046353998,BILL_TO,100000046340414,4327,SHELBY CO SCHOOLS,100000046349954,A,15593,A,1900-01-01T00:00:00.000+00:00,4712-12-31T00:00:00.000+00:00,Y,P,N,5685,160 S HOLLYWOOD ST,,,,MEMPHIS,38112,TN,US,
JOHN L MCCLELLAN GEN STATION,15559,100000046344451,100000046355419,BILL_TO,100000046340415,4869,JOHN L MCCLELLAN GEN STATION,100000046350496,A,15372,A,1900-01-01T00:00:00.000+00:00,4712-12-31T00:00:00.000+00:00,Y,P,N,7106,PO BOX 187,,,,CAMDEN,71711,AR,US,
FULTON COUNTY HOSPITAL,15560,100000046346388,100000046353447,BILL_TO,100000046340416,3319,FULTON COUNTY HOSPITAL,100000046348946,A,17309,A,1900-01-01T00:00:00.000+00:00,4712-12-31T00:00:00.000+00:00,Y,P,N,5134,PO BOX 517,,,,SALEM,72576,AR,US,
TARRANT COUNTY AUDITORS OFFICE,15561,100000046345498,100000046354383,BILL_TO,100000046340417,3505,TARRANT COUNTY AUDITORS OFFICE,100000046349132,A,16419,A,1900-01-01T00:00:00.000+00:00,4712-12-31T00:00:00.000+00:00,Y,P,N,6070,100 E WEATHERFORD,,,,FORT WORTH,76196-0103,TX,US,
MILLER TRUCK LINES,15562,100000046345530,100000046353755,BILL_TO,100000046340418,4524,MILLER TRUCK LINES,100000046350151,A,16451,A,1900-01-01T00:00:00.000+00:00,4712-12-31T00:00:00.000+00:00,Y,P,N,5442,4231 S ELWOOD AVE,,,,TULSA,74107,OK,US,
DESOTO SURGERY CENTER,15563,100000046344454,100000046354836,BILL_TO,100000046340419,3506,DESOTO SURGERY CENTER,100000046349133,A,15375,A,1900-01-01T00:00:00.000+00:00,4712-12-31T00:00:00.000+00:00,Y,P,N,6523,391 SCREST CIR,,,,SOUTHAVEN,38671,MS,US,
CALVARY EPISCOPAL CHURCH,15564,100000046346083,100000046355421,BILL_TO,100000046340420,5224,CALVARY EPISCOPAL CHURCH,100000046350851,A,17004,A,1900-01-01T00:00:00.000+00:00,4712-12-31T00:00:00.000+00:00,Y,P,N,7108,102 N SECOND ST,,,,MEMPHIS,38103,TN,US,
CBRE MEMPHIS,15565,100000046345532,100000046355422,BILL_TO,100000046340421,3822,CBRE MEMPHIS,100000046349449,A,16453,A,1900-01-01T00:00:00.000+00:00,4712-12-31T00:00:00.000+00:00,Y,P,N,7109,6070 POPLAR AVE,,,,MEMPHIS,38119,TN,US,
HOLIDAY BEACH MECHANICAL,15566,100000046346111,100000046353756,BILL_TO,100000046340422,5226,HOLIDAY BEACH MECHANICAL,100000046350853,A,17032,A,1900-01-01T00:00:00.000+00:00,4712-12-31T00:00:00.000+00:00,Y,P,N,5443,17614 ASHLEY DR,,,,PANAMA CITY,32413,FL,US,
TRIAD MECHANICAL CONTRACTORS,15567,100000046344969,100000046354005,BILL_TO,100000046340423,5230,TRIAD MECHANICAL CONTRACTORS,100000046350857,A,15890,A,1900-01-01T00:00:00.000+00:00,4712-12-31T00:00:00.000+00:00,Y,P,N,5692,3674 OLD CHARLESTON HWY,,,,JOHNS ISLAND,38455,SC,US,
EC SALES & SERVICE,15568,100000046346089,100000046354391,BILL_TO,100000046340424,3831,EC SALES & SERVICE,100000046349458,A,17010,A,1900-01-01T00:00:00.000+00:00,4712-12-31T00:00:00.000+00:00,Y,P,N,6078,PO BOX 1148,,,,PARIS,38242,TN,US,
GEO-ENERGY SOLUTIONS,15569,100000046344974,100000046355053,BILL_TO,100000046340425,4875,GEO-ENERGY SOLUTIONS,100000046350502,A,15895,A,1900-01-01T00:00:00.000+00:00,4712-12-31T00:00:00.000+00:00,Y,P,N,6740,210 GP MURRELL DR,,,,CABOT,72023,AR,US,
ENGINEERED SYSTEMS,15570,100000046346092,100000046355055,BILL_TO,100000046340426,4042,ENGINEERED SYSTEMS,100000046349669,A,17013,A,1900-01-01T00:00:00.000+00:00,4712-12-31T00:00:00.000+00:00,Y,P,N,6742,PO BOX 1362,,,,OLIVE BRANCH,38654,MS,US,
MORRISON SUPPLY CO,15571,100000046344459,100000046353459,BILL_TO,100000046340427,4878,MORRISON SUPPLY CO,100000046350505,A,15380,A,1900-01-01T00:00:00.000+00:00,4712-12-31T00:00:00.000+00:00,Y,P,N,5146,421 N MAIN,,,,SAN ANGELO,76903,TX,US,
TEMPERATURE CONTROL,15572,100000046346120,100000046354841,BILL_TO,100000046340428,3329,TEMPERATURE CONTROL,100000046348956,A,17041,A,1900-01-01T00:00:00.000+00:00,4712-12-31T00:00:00.000+00:00,N,Y,N,6528,PO BOX 4,,,,CLARKSDALE,38614,MS,US,
TEMPERATURE CONTROL,15572,100000046346401,100000046353461,BILL_TO,100000046340428,3329,TEMPERATURE CONTROL,100000046348956,A,17322,A,1900-01-01T00:00:00.000+00:00,4712-12-31T00:00:00.000+00:00,Y,P,N,5148,224 8TH ST,,,,CLARKSDALE,38614,MS,US,
ARKANSAS STATE UNIV @BEEBE,15573,100000046346402,100000046354437,BILL_TO,100000046340429,4881,ARKANSAS STATE UNIV @BEEBE,100000046350508,A,17323,A,1900-01-01T00:00:00.000+00:00,4712-12-31T00:00:00.000+00:00,Y,P,N,6124,PO BOX 1000,,,,BEEBE,72012,AR,US,
AC GURU,15574,100000046346093,100000046353765,BILL_TO,100000046340430,4536,AC GURU,100000046350163,A,17014,A,1900-01-01T00:00:00.000+00:00,4712-12-31T00:00:00.000+00:00,Y,P,N,5452,647 LITTLE WEKIVA RD,,,,ALTAMONTE SPRINGS,32714,FL,US,
WOODBURY-BEACH COMPANY,15575,100000046345522,100000046354441,BILL_TO,100000046340431,4047,WOODBURY-BEACH COMPANY,100000046349674,A,16443,A,1900-01-01T00:00:00.000+00:00,4712-12-31T00:00:00.000+00:00,Y,P,N,6128,1431 EDWARDS AVE,,,,HARAHAN,70123,LA,US,
TRANS AIR MECHANICAL LLC,15576,100000046344983,100000046353533,BILL_TO,100000046340432,5241,TRANS AIR MECHANICAL LLC,100000046350868,A,15904,A,1900-01-01T00:00:00.000+00:00,4712-12-31T00:00:00.000+00:00,Y,P,N,5220,5859 NEW PEACHTREE RD,,,,DORAVILLE,30340,GA,US,
GMP,15577,100000046344985,100000046355062,BILL_TO,100000046340433,3835,GMP,100000046349462,A,15906,A,1900-01-01T00:00:00.000+00:00,4712-12-31T00:00:00.000+00:00,Y,P,N,6749,9410 MARBELLA COVE,,,,MEMPHIS,38018,TN,US,
LYON COLLEGE,15578,100000046346125,100000046355442,BILL_TO,100000046340434,4541,LYON COLLEGE,100000046350168,A,17046,A,1900-01-01T00:00:00.000+00:00,4712-12-31T00:00:00.000+00:00,Y,P,N,7129,2300 HIGHLAND RD,,,,BATESVILLE,72503,AR,US,
ENGINEERED EQUIPMENT,15579,100000046346126,100000046353466,BILL_TO,100000046340435,5242,ENGINEERED EQUIPMENT,100000046350869,A,17047,A,1900-01-01T00:00:00.000+00:00,4712-12-31T00:00:00.000+00:00,Y,P,N,5153,4601 N SANTA FE AVE,,,,OKLAHOMA CITY,73118,OK,US,
HUSQVARNA FORESTRY PRODUCTS,15580,100000046345542,100000046354018,BILL_TO,100000046340436,5243,HUSQVARNA FORESTRY PRODUCTS,100000046350870,A,16463,A,1900-01-01T00:00:00.000+00:00,4712-12-31T00:00:00.000+00:00,Y,P,N,5705,1 POULAN DR,,,,NASHVILLE,71852,AR,US,
AIR SUPPLY AC,15581,100000046344691,100000046354020,BILL_TO,100000046340437,3340,AIR SUPPLY AC,100000046348967,A,15612,A,1900-01-01T00:00:00.000+00:00,4712-12-31T00:00:00.000+00:00,Y,P,N,5707,721 MAIN ST,,,,HARDEEVILLE,29927,SC,US,
CONDITIONED AIR CORPORATION,15582,100000046345217,100000046354021,BILL_TO,100000046340438,4060,CONDITIONED AIR CORPORATION,100000046349687,A,16138,A,1900-01-01T00:00:00.000+00:00,4712-12-31T00:00:00.000+00:00,Y,P,N,5708,PO BOX 613,,,,CASTLE ROCK,80109-0613,CO,US,
COPIAH COUNTY MEDICAL CENTER,15583,100000046346408,100000046353540,BILL_TO,100000046340439,5248,COPIAH COUNTY MEDICAL CENTER,100000046350875,A,17329,A,1900-01-01T00:00:00.000+00:00,4712-12-31T00:00:00.000+00:00,Y,P,N,5227,27190 HWY 28,,,,HAZLEHURST,39083,MS,US,
RIVERSIDE EAST ELEMENTARY SCHO,15584,100000046345223,100000046355069,BILL_TO,100000046340440,4546,RIVERSIDE EAST ELEMENTARY SCHO,100000046350173,A,16144,A,1900-01-01T00:00:00.000+00:00,4712-12-31T00:00:00.000+00:00,Y,P,N,6756,PO BOX 178,,,,LAKE CITY,72437,AR,US,
SM LAWRENCE CO,15585,100000046346414,100000046355070,BILL_TO,100000046340441,3843,SM LAWRENCE CO,100000046349470,A,17335,A,1900-01-01T00:00:00.000+00:00,4712-12-31T00:00:00.000+00:00,Y,P,N,6757,245 PRESTON ST,,,,JACKSON,38301,TN,US,
TRIAD SHEET METAL & MECHANICAL,15586,100000046344480,100000046353783,BILL_TO,100000046340442,4894,TRIAD SHEET METAL & MECHANICAL,100000046350521,A,15401,A,1900-01-01T00:00:00.000+00:00,4712-12-31T00:00:00.000+00:00,Y,P,N,5470,PO BOX 29106,,,,GREENSBORO,27429,NC,US,
YORK INTERNATIONAL,15587,100000046345226,100000046355076,BILL_TO,100000046340443,4895,YORK INTERNATIONAL,100000046350522,A,16147,A,1900-01-01T00:00:00.000+00:00,4712-12-31T00:00:00.000+00:00,N,Y,N,6763,5217 LINBAR STE 301,,,,NASHVILLE,37211,TN,US,
YORK INTERNATIONAL,15587,100000046346417,100000046355075,BILL_TO,100000046340443,4895,YORK INTERNATIONAL,100000046350522,A,17338,A,1900-01-01T00:00:00.000+00:00,4712-12-31T00:00:00.000+00:00,Y,P,N,6762,3861 RAINES RD STE 200,,,,MEMPHIS,38118,TN,US,
WALNUT STREET BAPTIST CHURCH,15588,100000046345549,100000046355077,BILL_TO,100000046340444,3524,WALNUT STREET BAPTIST CHURCH,100000046349151,A,16470,A,1900-01-01T00:00:00.000+00:00,4712-12-31T00:00:00.000+00:00,Y,P,N,6764,1910 SCENIC RD,,,,JONESBORO,72401,AR,US,
AVISON YOUNG MANAGEMENT MEMPHI,15589,100000046346137,100000046354861,BILL_TO,100000046340445,3348,AVISON YOUNG MANAGEMENT MEMPHI,100000046348975,A,17058,A,1900-01-01T00:00:00.000+00:00,4712-12-31T00:00:00.000+00:00,Y,P,N,6548,5350 POPLAR AVE STE 205,,,,MEMPHIS,38119,TN,US,
186TH ARW CIVIL ENGINEERS,15590,100000046345553,100000046354453,BILL_TO,100000046340446,3849,186TH ARW CIVIL ENGINEERS,100000046349476,A,16474,A,1900-01-01T00:00:00.000+00:00,4712-12-31T00:00:00.000+00:00,Y,P,N,6140,6225 M ST BLDG 600,,,,MERIDIAN,39307,MS,US,
HOLIDAY INN EXPRESS & SUITES,15591,100000046345004,100000046353788,BILL_TO,100000046340447,3351,HOLIDAY INN EXPRESS & SUITES,100000046348978,A,15925,A,1900-01-01T00:00:00.000+00:00,4712-12-31T00:00:00.000+00:00,Y,P,N,5475,55 PARKSTONE PL,,,,JACKSON,38305,TN,US,
HOLIDAY INN EXPRESS & SUITES,15591,100000046346144,100000046354867,BILL_TO,100000046340447,3351,HOLIDAY INN EXPRESS & SUITES,100000046348978,A,17065,A,1900-01-01T00:00:00.000+00:00,4712-12-31T00:00:00.000+00:00,N,Y,N,6554,1001 DAUPHIN ST,,,,PICAYUNE,39466,MS,US,
CHAD SCHAFFLER,15592,100000046345555,100000046353789,BILL_TO,100000046340448,4897,CHAD SCHAFFLER,100000046350524,A,16476,A,1900-01-01T00:00:00.000+00:00,4712-12-31T00:00:00.000+00:00,Y,P,N,5476,4353 HAVERHILL RD,,,,MEMPHIS,38111,TN,US,
AIR STANDARD,15593,100000046345556,100000046354457,BILL_TO,100000046340449,3528,AIR STANDARD,100000046349155,A,16477,A,1900-01-01T00:00:00.000+00:00,4712-12-31T00:00:00.000+00:00,Y,P,N,6144,PO BOX 2435,,,,CORDOVA,38016,TN,US,
M & T MECHANICAL WAREHOUSE,15594,100000046344701,100000046354868,BILL_TO,100000046340450,4353,M & T MECHANICAL WAREHOUSE,100000046349980,A,15622,A,1900-01-01T00:00:00.000+00:00,4712-12-31T00:00:00.000+00:00,Y,P,N,6555,221 PEARSON AVE,,,,BATESVILLE,38606,MS,US,
GIBSON COUNTY SCHOOL DISTRICT,15595,100000046345231,100000046354310,BILL_TO,100000046340451,3852,GIBSON COUNTY SCHOOL DISTRICT,100000046349479,A,16152,A,1900-01-01T00:00:00.000+00:00,4712-12-31T00:00:00.000+00:00,Y,P,N,5997,BOX D,,,,DYER,38355,TN,US,
HERITAGE CONSTRUCTION,15596,100000046344704,100000046353792,BILL_TO,100000046340452,3532,HERITAGE CONSTRUCTION,100000046349159,A,15625,A,1900-01-01T00:00:00.000+00:00,4712-12-31T00:00:00.000+00:00,Y,P,N,5479,4720 8TH ST,,,,MERIDIAN,39307,MS,US,
ELECTRIC & COMMERCIAL SPLY,15597,100000046344705,100000046354912,BILL_TO,100000046340453,3533,ELECTRIC & COMMERCIAL SPLY,100000046349160,A,15626,A,1900-01-01T00:00:00.000+00:00,4712-12-31T00:00:00.000+00:00,Y,P,N,6599,267 CUMBERLAND ST,,,,MEMPHIS,38112,TN,US,
MTH GROUP LLC,15598,100000046344490,100000046354461,BILL_TO,100000046340454,4079,MTH GROUP LLC,100000046349706,A,15411,A,1900-01-01T00:00:00.000+00:00,4712-12-31T00:00:00.000+00:00,Y,P,N,6148,1492 SATCHEL PAIGE DR,,,,MOBILE,36606,AL,US,
UNITY HEALTH,15599,100000046344708,100000046353552,BILL_TO,100000046340455,5271,UNITY HEALTH,100000046350898,A,15629,A,1900-01-01T00:00:00.000+00:00,4712-12-31T00:00:00.000+00:00,Y,P,N,5239,3214 E RACE AVE,,,,SEARCY,72143,AR,US,
SHELBY FARMS PARK CONSERVANCY,15600,100000046344711,100000046354320,BILL_TO,100000046340456,3537,SHELBY FARMS PARK CONSERVANCY,100000046349164,A,15632,A,1900-01-01T00:00:00.000+00:00,4712-12-31T00:00:00.000+00:00,Y,P,N,6007,6903 GREAT VIEW DR N,,,,MEMPHIS,38134,TN,US,
LAKELAND SCHOOL SYSTEM,15601,100000046346428,100000046353796,BILL_TO,100000046340457,3358,LAKELAND SCHOOL SYSTEM,100000046348985,A,17349,A,1900-01-01T00:00:00.000+00:00,4712-12-31T00:00:00.000+00:00,Y,P,N,5483,10001 US HWY 70,,,,LAKELAND,38002,TN,US,
FLOWOOD LODGING LLC,15602,100000046345015,100000046354466,BILL_TO,100000046340458,4098,FLOWOOD LODGING LLC,100000046349725,A,15936,A,1900-01-01T00:00:00.000+00:00,4712-12-31T00:00:00.000+00:00,Y,P,N,6153,3810 FLOWOOD DR,,,,FLOWOOD,39232,MS,US,
TEMCO INC,15603,100000046345017,100000046355132,BILL_TO,100000046340459,3541,TEMCO INC,100000046349168,A,15938,A,1900-01-01T00:00:00.000+00:00,4712-12-31T00:00:00.000+00:00,Y,P,N,6819,3075 BIG RIDGE RD,,,,D'IBERVILLE,39540,MS,US,
US ARMY CORP OF ENGINEERS,15604,100000046346432,100000046354330,BILL_TO,100000046340460,4089,US ARMY CORP OF ENGINEERS,100000046349716,A,17353,A,1900-01-01T00:00:00.000+00:00,4712-12-31T00:00:00.000+00:00,Y,P,N,6017,1598 LOCK DAM RD,,,,RUSSELLVILLE,72802,AR,US,
AMERICAN AIR SPECIALIST OF MS,15605,100000046344713,100000046355134,BILL_TO,100000046340461,5281,AMERICAN AIR SPECIALIST OF MS,100000046350908,A,15634,A,1900-01-01T00:00:00.000+00:00,4712-12-31T00:00:00.000+00:00,Y,P,N,6821,PO BOX 162,,,,HATTIESBURG,39403,MS,US,
RUSHING HEATING & AIR,15606,100000046345247,100000046353832,BILL_TO,100000046340462,3360,RUSHING HEATING & AIR,100000046348987,A,16168,A,1900-01-01T00:00:00.000+00:00,4712-12-31T00:00:00.000+00:00,Y,P,N,5519,3737 CHERRY RD,,,,MEMPHIS,38118,TN,US,
CBRE GWS LLC,15607,100000046345251,100000046354928,BILL_TO,100000046340463,5284,CBRE GWS LLC,100000046350911,A,16172,A,1900-01-01T00:00:00.000+00:00,4712-12-31T00:00:00.000+00:00,Y,P,N,6615,PO BOX 9010,,,,WARREN,48090,MI,US,
CBRE GWS LLC,15607,100000046345806,100000046355137,BILL_TO,100000046340463,5284,CBRE GWS LLC,100000046350911,A,16727,A,1900-01-01T00:00:00.000+00:00,4712-12-31T00:00:00.000+00:00,N,Y,N,6824,PO BOX 2942,,,,MILWAUKEE,53201,WI,US,
WEST TN HEALTHCARE REHAB-CANE,15608,100000046345252,100000046354334,BILL_TO,100000046340464,4364,WEST TN HEALTHCARE REHAB-CANE,100000046349991,A,16173,A,1900-01-01T00:00:00.000+00:00,4712-12-31T00:00:00.000+00:00,Y,P,N,6021,180 MT PELIA RD,,,,MARTIN,38237,TN,US,
OLYMBEC USA,15609,100000046345571,100000046353561,BILL_TO,100000046340465,3547,OLYMBEC USA,100000046349174,A,16492,A,1900-01-01T00:00:00.000+00:00,4712-12-31T00:00:00.000+00:00,Y,P,N,5248,1004 E BROOKS,,,,MEMPHIS,38116,TN,US,
MONROE HEALTH SERVICES INC,15610,100000046346166,100000046354104,BILL_TO,100000046340466,4572,MONROE HEALTH SERVICES INC,100000046350199,A,17087,A,1900-01-01T00:00:00.000+00:00,4712-12-31T00:00:00.000+00:00,Y,P,N,5791,830 S GLOSTER ST,,,,TUPELO,38801,MS,US,
BUTCHER & LAWSON AIR CONDITION,15611,100000046345025,100000046353570,BILL_TO,100000046340467,3364,BUTCHER & LAWSON AIR CONDITION,100000046348991,A,15946,A,1900-01-01T00:00:00.000+00:00,4712-12-31T00:00:00.000+00:00,Y,P,N,5257,4215 LUTHER RD,,,,BARTLETT,38135,TN,US,
HYDRONIC SYSTEMS SOLUTIONS LLC,15612,100000046344512,100000046354339,BILL_TO,100000046340468,4376,HYDRONIC SYSTEMS SOLUTIONS LLC,100000046350003,A,15433,A,1900-01-01T00:00:00.000+00:00,4712-12-31T00:00:00.000+00:00,Y,P,N,6026,3157 W DRAKESTONE ST,,,,FAYETTEVILLE,72704,AR,US,
SHELBY COUNTY GOVERNMENT,15613,100000046345815,100000046353572,BILL_TO,100000046340469,4611,SHELBY COUNTY GOVERNMENT,100000046350238,A,16736,A,1900-01-01T00:00:00.000+00:00,4712-12-31T00:00:00.000+00:00,Y,P,N,5259,160 N MAIN ST,,,,MEMPHIS,38103,TN,US,
SIMMONS A/C,15614,100000046345582,100000046355145,BILL_TO,100000046340470,5293,SIMMONS A/C,100000046350920,A,16503,A,1900-01-01T00:00:00.000+00:00,4712-12-31T00:00:00.000+00:00,Y,P,N,6832,1318 PAMPAS DR,,,,MONTGOMERY,36117,AL,US,
R & R PLUMBING CONTR,15615,100000046345583,100000046354053,BILL_TO,100000046340471,3368,R & R PLUMBING CONTR,100000046348995,A,16504,A,1900-01-01T00:00:00.000+00:00,4712-12-31T00:00:00.000+00:00,Y,P,N,5740,11018 HIGH POINT COVE,,,,OLIVE BRANCH,38654,MS,US,
TP WOODSIDE,15616,100000046344515,100000046354054,BILL_TO,100000046340472,4575,TP WOODSIDE,100000046350202,A,15436,A,1900-01-01T00:00:00.000+00:00,4712-12-31T00:00:00.000+00:00,Y,P,N,5741,60 LAWRENCE BELL DR,,,,BUFFALO,14221,NY,US,
UNIVERSITY OF MEMPHIS,15617,100000046345584,100000046355146,BILL_TO,100000046340473,3369,UNIVERSITY OF MEMPHIS,100000046348996,A,16505,A,1900-01-01T00:00:00.000+00:00,4712-12-31T00:00:00.000+00:00,N,Y,N,6833,275 ADMINISTRATION BLDG,,,,MEMPHIS,38152-3370,TN,US,
UNIVERSITY OF MEMPHIS,15617,100000046346172,100000046353573,BILL_TO,100000046340473,3369,UNIVERSITY OF MEMPHIS,100000046348996,A,17093,A,1900-01-01T00:00:00.000+00:00,4712-12-31T00:00:00.000+00:00,Y,P,N,5260,3750 DESOTO AVE,,,,MEMPHIS,38152,TN,US,
CARTYS COOLING COMPANY,15618,100000046345586,100000046353844,BILL_TO,100000046340474,4931,CARTYS COOLING COMPANY,100000046350558,A,16507,A,1900-01-01T00:00:00.000+00:00,4712-12-31T00:00:00.000+00:00,Y,P,N,5531,1655B SLOCUM RD,,,,HERNANDO,38632,MS,US,
A & B MECHANICAL INC,15619,100000046345587,100000046354942,BILL_TO,100000046340475,3560,A & B MECHANICAL INC,100000046349187,A,16508,A,1900-01-01T00:00:00.000+00:00,4712-12-31T00:00:00.000+00:00,Y,P,N,6629,307 WALKER CIR,,,,RICHLAND,39218,MS,US,
RIPLEY HIGH SCHOOL,15620,100000046346450,100000046354112,BILL_TO,100000046340476,5296,RIPLEY HIGH SCHOOL,100000046350923,A,17371,A,1900-01-01T00:00:00.000+00:00,4712-12-31T00:00:00.000+00:00,Y,P,N,5799,720 S CLAYTON,,,,RIPLEY,38663,MS,US,
GRADUATE OXFORD HOTEL,15621,100000046345822,100000046354522,BILL_TO,100000046340477,4381,GRADUATE OXFORD HOTEL,100000046350008,A,16743,A,1900-01-01T00:00:00.000+00:00,4712-12-31T00:00:00.000+00:00,Y,P,N,6209,400 N LAMAR BLVD,,,,OXFORD,38655,MS,US,
KJS MP JOINT VENTURE LLC,15622,100000046346455,100000046354949,BILL_TO,100000046340478,4933,KJS MP JOINT VENTURE LLC,100000046350560,A,17376,A,1900-01-01T00:00:00.000+00:00,4712-12-31T00:00:00.000+00:00,Y,P,N,6636,PO BOX 54291,,,,MILLINGTON,38054,TN,US,
SLEEP INN,15623,100000046346178,100000046353848,BILL_TO,100000046340479,4579,SLEEP INN,100000046350206,A,17099,A,1900-01-01T00:00:00.000+00:00,4712-12-31T00:00:00.000+00:00,Y,P,N,5535,824 REELFOOT DR,,,,DYERSBURG,38024,TN,US,
WESTIN MEMPHIS BEALE ST,15624,100000046346458,100000046354953,BILL_TO,100000046340480,4581,WESTIN MEMPHIS BEALE ST,100000046350208,A,17379,A,1900-01-01T00:00:00.000+00:00,4712-12-31T00:00:00.000+00:00,Y,P,N,6640,170 LT GEORGE W LEE AVE,,,,MEMPHIS,38103,TN,US,
TLP ACQUISITION HOLDINGS LLC,15625,100000046346180,100000046354059,BILL_TO,100000046340481,3566,TLP ACQUISITION HOLDINGS LLC,100000046349193,A,17101,A,1900-01-01T00:00:00.000+00:00,4712-12-31T00:00:00.000+00:00,Y,P,N,5746,PO BOX 5660,,,,DENVER,80217-5660,CO,US,
CITY WATER & LIGHT,15626,100000046344731,100000046354062,BILL_TO,100000046340482,4619,CITY WATER & LIGHT,100000046350246,A,15652,A,1900-01-01T00:00:00.000+00:00,4712-12-31T00:00:00.000+00:00,Y,P,N,5749,PO BOX 1280,,,,JONESBORO,72403,AR,US,
CITY WATER & LIGHT,15626,100000046346181,100000046354393,BILL_TO,100000046340482,4619,CITY WATER & LIGHT,100000046350246,A,17102,A,1900-01-01T00:00:00.000+00:00,4712-12-31T00:00:00.000+00:00,N,Y,N,6080,105 W JOHNSON,,,,JONESBORO,72403,AR,US,
REMINGTON ARMS,15627,100000046345032,100000046354394,BILL_TO,100000046340483,4620,REMINGTON ARMS,100000046350247,A,15953,A,1900-01-01T00:00:00.000+00:00,4712-12-31T00:00:00.000+00:00,Y,P,N,6081,2592 HWY 15 N,,,,LONOKE,72086,AR,US,
THE HOSPITALITY HUB,15628,100000046345825,100000046354997,BILL_TO,100000046340484,4583,THE HOSPITALITY HUB,100000046350210,A,16746,A,1900-01-01T00:00:00.000+00:00,4712-12-31T00:00:00.000+00:00,Y,P,N,6684,590 WASHINGTON AVE,,,,MEMPHIS,38105,TN,US,
ALLIED SUPPLY,15629,100000046344732,100000046354528,BILL_TO,100000046340485,3568,ALLIED SUPPLY,100000046349195,A,15653,A,1900-01-01T00:00:00.000+00:00,4712-12-31T00:00:00.000+00:00,Y,P,N,6215,6300 MURRY ST,,,,LITTLE ROCK,72209,AR,US,
OMNI MANAGEMENT LLC,15630,100000046345593,100000046355001,BILL_TO,100000046340486,3377,OMNI MANAGEMENT LLC,100000046349004,A,16514,A,1900-01-01T00:00:00.000+00:00,4712-12-31T00:00:00.000+00:00,Y,P,N,6688,22 SPEEGLE ST,,,,DECATUR,35603,AL,US,
PURE AIR CONSULTANTS INC,15631,100000046344793,100000046354068,BILL_TO,100000046340487,3380,PURE AIR CONSULTANTS INC,100000046349007,A,15714,A,1900-01-01T00:00:00.000+00:00,4712-12-31T00:00:00.000+00:00,Y,P,N,5755,PO BOX 97842,,,,PEARL,39288,MS,US,
GAS PROCESSORS INC,15632,100000046345597,100000046354122,BILL_TO,100000046340488,5301,GAS PROCESSORS INC,100000046350928,A,16518,A,1900-01-01T00:00:00.000+00:00,4712-12-31T00:00:00.000+00:00,Y,P,N,5809,PO BOX 683,,,,COLUMBIA,39429,MS,US,
BROOKS REFRIGERATION HTG & AIR,15633,100000046345834,100000046354070,BILL_TO,100000046340489,3573,BROOKS REFRIGERATION HTG & AIR,100000046349200,A,16755,A,1900-01-01T00:00:00.000+00:00,4712-12-31T00:00:00.000+00:00,Y,P,N,5757,PO BOX 1854,,,,SOUTHAVEN,38671,MS,US,
TEK SERVICES LLC,15634,100000046345038,100000046353854,BILL_TO,100000046340490,4625,TEK SERVICES LLC,100000046350252,A,15959,A,1900-01-01T00:00:00.000+00:00,4712-12-31T00:00:00.000+00:00,Y,P,N,5541,PO BOX 694,,,,TIJERAS,87059,NM,US,
WAGAMANS HVAC,15635,100000046346472,100000046354397,BILL_TO,100000046340491,4398,WAGAMANS HVAC,100000046350025,A,17393,A,1900-01-01T00:00:00.000+00:00,4712-12-31T00:00:00.000+00:00,Y,P,N,6084,PO BOX 2595,,,,EVANS,30809,GA,US,
PVF INDUSTRIAL SUPPLY INC,15636,100000046345599,100000046354074,BILL_TO,100000046340492,4133,PVF INDUSTRIAL SUPPLY INC,100000046349760,A,16520,A,1900-01-01T00:00:00.000+00:00,4712-12-31T00:00:00.000+00:00,Y,P,N,5761,6203 PATTERSON RD,,,,LITTLE ROCK,72205,AR,US,
HIGGINS ELECTRIC LLC,15637,100000046345838,100000046353592,BILL_TO,100000046340493,4593,HIGGINS ELECTRIC LLC,100000046350220,A,16759,A,1900-01-01T00:00:00.000+00:00,4712-12-31T00:00:00.000+00:00,Y,P,N,5279,5099 OLD SUMMER RD,,,,MEMPHIS,38122,TN,US,
MARTIN MECHANICAL,15638,100000046346192,100000046355012,BILL_TO,100000046340494,3579,MARTIN MECHANICAL,100000046349206,A,17113,A,1900-01-01T00:00:00.000+00:00,4712-12-31T00:00:00.000+00:00,Y,P,N,6699,3191 GREENFIELD RD,,,,PEARL,39208,MS,US,
PHENIX SALON SUITES,15639,100000046345039,100000046355013,BILL_TO,100000046340495,4949,PHENIX SALON SUITES,100000046350576,A,15960,A,1900-01-01T00:00:00.000+00:00,4712-12-31T00:00:00.000+00:00,Y,P,N,6700,4699 POPLAR AVE,,,,MEMPHIS,38117,TN,US,
CLEAN AIR TECHNOLOGY,15640,100000046346196,100000046354078,BILL_TO,100000046340496,5308,CLEAN AIR TECHNOLOGY,100000046350935,A,17117,A,1900-01-01T00:00:00.000+00:00,4712-12-31T00:00:00.000+00:00,Y,P,N,5765,41105 CAPITAL DR,,,,CANTON,48187,MI,US,
ABSOLUTE COMFORT,15641,100000046345046,100000046354548,BILL_TO,100000046340497,4144,ABSOLUTE COMFORT,100000046349771,A,15967,A,1900-01-01T00:00:00.000+00:00,4712-12-31T00:00:00.000+00:00,Y,P,N,6235,3711 HOMEWOOD RD,,,,MEMPHIS,38118,TN,US,
ASCENT HOSPITALITY MGMNT CO,15642,100000046346204,100000046353869,BILL_TO,100000046340498,3863,ASCENT HOSPITALITY MGMNT CO,100000046349490,A,17125,A,1900-01-01T00:00:00.000+00:00,4712-12-31T00:00:00.000+00:00,Y,P,N,5556,1305 MALL OF GEORGIA BLVD,,,,BUFORD,30519,GA,US,
ARKANSAS VALLEY FEATHERS INC,15643,100000046344817,100000046353870,BILL_TO,100000046340499,3864,ARKANSAS VALLEY FEATHERS INC,100000046349491,A,15738,A,1900-01-01T00:00:00.000+00:00,4712-12-31T00:00:00.000+00:00,Y,P,N,5557,28419 HWY 87,,,,CALIFORNIA,65018,MO,US,
BENCHMARK MECHANICAL SERVICES,15644,100000046344818,100000046354086,BILL_TO,100000046340500,3866,BENCHMARK MECHANICAL SERVICES,100000046349493,A,15739,A,1900-01-01T00:00:00.000+00:00,4712-12-31T00:00:00.000+00:00,Y,P,N,5773,PO BOX 546,,,,MEMPHIS,38101,TN,US,
RYAN BOOTH,15645,100000046345613,100000046355223,BILL_TO,100000046340501,4959,RYAN BOOTH,100000046350586,A,16534,A,1900-01-01T00:00:00.000+00:00,4712-12-31T00:00:00.000+00:00,Y,P,N,6910,742 WE ROSS PKWY,,,,SOUTHAVEN,38671,MS,US,
INSOUTH BANK,15646,100000046346208,100000046355224,BILL_TO,100000046340502,4960,INSOUTH BANK,100000046350587,A,17129,A,1900-01-01T00:00:00.000+00:00,4712-12-31T00:00:00.000+00:00,Y,P,N,6911,5299 POPLAR AVE,,,,MEMPHIS,38119,TN,US,
KIMBERLY-CLARK CORPORATION,15647,100000046346209,100000046354138,BILL_TO,100000046340503,4961,KIMBERLY-CLARK CORPORATION,100000046350588,A,17130,A,1900-01-01T00:00:00.000+00:00,4712-12-31T00:00:00.000+00:00,Y,P,N,5825,7100 IMPERIAL DR,,,,WACO,76712,TX,US,
MEMPHIS HEAT & AIR,15648,100000046346484,100000046354139,BILL_TO,100000046340504,4962,MEMPHIS HEAT & AIR,100000046350589,A,17405,A,1900-01-01T00:00:00.000+00:00,4712-12-31T00:00:00.000+00:00,Y,P,N,5826,2884 CARGO CIR,,,,MEMPHIS,38818,TN,US,
SCHULLY STRAWN SERVICE,15649,100000046345048,100000046354088,BILL_TO,100000046340505,4414,SCHULLY STRAWN SERVICE,100000046350041,A,15969,A,1900-01-01T00:00:00.000+00:00,4712-12-31T00:00:00.000+00:00,Y,P,N,5775,2839 HESSMER AVE,,,,METAIRIE,70002,LA,US,
STAR SERVICE INC,15650,100000046345616,100000046355028,BILL_TO,100000046340506,4416,STAR SERVICE INC,100000046350043,A,16537,A,1900-01-01T00:00:00.000+00:00,4712-12-31T00:00:00.000+00:00,Y,P,N,6715,4663 HALLS MILL RD,,,,MOBILE,36693,AL,US,
CHOATE'S AIR CONDITIONING HEA,15651,100000046346213,100000046354143,BILL_TO,100000046340507,4965,CHOATE'S AIR CONDITIONING HEA,100000046350592,A,17134,A,1900-01-01T00:00:00.000+00:00,4712-12-31T00:00:00.000+00:00,Y,P,N,5830,236 S MOUNT PLEASANT RD,,,,COLLIERVILLE,38017,TN,US,
TUCKER'S HEATING & AIR LLC,15652,100000046344760,100000046353607,BILL_TO,100000046340508,3607,TUCKER'S HEATING & AIR LLC,100000046349234,A,15681,A,1900-01-01T00:00:00.000+00:00,4712-12-31T00:00:00.000+00:00,Y,P,N,5294,95 KELSEY DR,,,,LAUREL,39443,MS,US,
VIEW INC,15653,100000046345853,100000046355031,BILL_TO,100000046340509,5318,VIEW INC,100000046350945,A,16774,A,1900-01-01T00:00:00.000+00:00,4712-12-31T00:00:00.000+00:00,Y,P,N,6718,12380 KIRK RD,,,,OLIVE BRANCH,38654,MS,US,
RC MECHANICAL,15654,100000046344824,100000046354556,BILL_TO,100000046340510,4980,RC MECHANICAL,100000046350607,A,15745,A,1900-01-01T00:00:00.000+00:00,4712-12-31T00:00:00.000+00:00,Y,P,N,6243,PO BOX 902,,,,UNION CITY,38281,TN,US,
SVL SERVICE CORPORATION,15655,100000046345307,100000046355035,BILL_TO,100000046340511,4418,SVL SERVICE CORPORATION,100000046350045,A,16228,A,1900-01-01T00:00:00.000+00:00,4712-12-31T00:00:00.000+00:00,Y,P,N,6722,3454 41ST ST S,,,,FARGO,58104,ND,US,
JC HARTSFIELD CO INC,15656,100000046345308,100000046354145,BILL_TO,100000046340512,4154,JC HARTSFIELD CO INC,100000046349781,A,16229,A,1900-01-01T00:00:00.000+00:00,4712-12-31T00:00:00.000+00:00,Y,P,N,5832,2192 FILMORE AVE,,,,MEMPHIS,38114-4705,TN,US,
A2H,15657,100000046345059,100000046355037,BILL_TO,100000046340513,4421,A2H,100000046350048,A,15980,A,1900-01-01T00:00:00.000+00:00,4712-12-31T00:00:00.000+00:00,Y,P,N,6724,3009 DAVIES PLANTATION RD,,,,LAKELAND,38002,TN,US,
FIRST HORIZON,15658,100000046346223,100000046354094,BILL_TO,100000046340514,3877,FIRST HORIZON,100000046349504,A,17144,A,1900-01-01T00:00:00.000+00:00,4712-12-31T00:00:00.000+00:00,Y,P,N,5781,165 MADISON,,,,MEMPHIS,38103,TN,US,
ARKANSAS SURGICAL HOSPITAL,15659,100000046346492,100000046353884,BILL_TO,100000046340515,4975,ARKANSAS SURGICAL HOSPITAL,100000046350602,A,17413,A,1900-01-01T00:00:00.000+00:00,4712-12-31T00:00:00.000+00:00,Y,P,N,5571,5201 NSHORE DR,,,,NO LITTLE ROCK,72118,AR,US,
GLOBUS PARTNERSHIP,15660,100000046344769,100000046354433,BILL_TO,100000046340516,4976,GLOBUS PARTNERSHIP,100000046350603,A,15690,A,1900-01-01T00:00:00.000+00:00,4712-12-31T00:00:00.000+00:00,Y,P,N,6120,7975 STAGE HILLS BLVD #5,,,,MEMPHIS,38133,TN,US,
CAPSTONE MECHANICAL,15661,100000046344827,100000046355231,BILL_TO,100000046340517,5321,CAPSTONE MECHANICAL,100000046350948,A,15748,A,1900-01-01T00:00:00.000+00:00,4712-12-31T00:00:00.000+00:00,Y,P,N,6918,7100 IMPERIAL DR,,,,WACO,76712,TX,US,
KEIVANS HOSPITALITY,15662,100000046345858,100000046355081,BILL_TO,100000046340518,3880,KEIVANS HOSPITALITY,100000046349507,A,16779,A,1900-01-01T00:00:00.000+00:00,4712-12-31T00:00:00.000+00:00,Y,P,N,6768,22055 KATY FREEWAY,,,,KATY,77450,TX,US,
NORFOLK SOUTHERN INTERMODAL,15663,100000046345624,100000046355233,BILL_TO,100000046340519,4159,NORFOLK SOUTHERN INTERMODAL,100000046349786,A,16545,A,1900-01-01T00:00:00.000+00:00,4712-12-31T00:00:00.000+00:00,Y,P,N,6920,3000 NORFOLK SERN WAY,,,,COLLIERVILLE,38017,TN,US,
TREZEVANT ENTERPRISES INC,15664,100000046345860,100000046354152,BILL_TO,100000046340520,4993,TREZEVANT ENTERPRISES INC,100000046350620,A,16781,A,1900-01-01T00:00:00.000+00:00,4712-12-31T00:00:00.000+00:00,Y,P,N,5839,7092 POPLAR AVE,,,,GERMANTOWN,38138,TN,US,
ICON HOSPITALITY,15665,100000046346232,100000046354706,BILL_TO,100000046340521,5324,ICON HOSPITALITY,100000046350951,A,17153,A,1900-01-01T00:00:00.000+00:00,4712-12-31T00:00:00.000+00:00,Y,P,N,6393,210 S RACE ST,,,,URBANA,61801,IL,US,
GERDAU AMERISTEEL US,15666,100000046345865,100000046354581,BILL_TO,100000046340522,3887,GERDAU AMERISTEEL US,100000046349514,A,16786,A,1900-01-01T00:00:00.000+00:00,4712-12-31T00:00:00.000+00:00,Y,P,N,6268,801 GERDAU DR,,,,JACKSON,38305,TN,US,
AIR DOCTOR SOLUTIONS,15667,100000046345324,100000046355246,BILL_TO,100000046340523,4426,AIR DOCTOR SOLUTIONS,100000046350053,A,16245,A,1900-01-01T00:00:00.000+00:00,4712-12-31T00:00:00.000+00:00,Y,P,N,6933,PO BOX 842400,,,,HILDALE,84784,UT,US,
APPALACHIAN HEATING,15668,100000046345073,100000046355092,BILL_TO,100000046340524,5027,APPALACHIAN HEATING,100000046350654,A,15994,A,1900-01-01T00:00:00.000+00:00,4712-12-31T00:00:00.000+00:00,N,Y,N,6779,PO BOX 770,,,,BRADLEY,25818,WV,US,
APPALACHIAN HEATING,15668,100000046345325,100000046354716,BILL_TO,100000046340524,5027,APPALACHIAN HEATING,100000046350654,A,16246,A,1900-01-01T00:00:00.000+00:00,4712-12-31T00:00:00.000+00:00,Y,P,N,6403,6268 ROBERT C BYRD DR,,,,BRADLEY,25818,WV,US,
MID SOUTH CONTROLS,15669,100000046344779,100000046355094,BILL_TO,100000046340525,3893,MID SOUTH CONTROLS,100000046349520,A,15700,A,1900-01-01T00:00:00.000+00:00,4712-12-31T00:00:00.000+00:00,Y,P,N,6781,3803 POINTER TRAIL E,,,,VANBUREN,72956,AR,US,
S&V BHAKTA LLC,15670,100000046344846,100000046355095,BILL_TO,100000046340526,3626,S&V BHAKTA LLC,100000046349253,A,15767,A,1900-01-01T00:00:00.000+00:00,4712-12-31T00:00:00.000+00:00,Y,P,N,6782,22790 US HWY 59,,,,KINGWOOD,77339,TX,US,
BEST WESTERN PLUS LAKE CHARLES,15671,100000046345876,100000046353631,BILL_TO,100000046340527,3627,BEST WESTERN PLUS LAKE CHARLES,100000046349254,A,16797,A,1900-01-01T00:00:00.000+00:00,4712-12-31T00:00:00.000+00:00,Y,P,N,5318,1245 E PRIEN LAKE RD,,,,LAKE CHARLES,70601,LA,US,
CLIMATECRAFT INC,15672,100000046346506,100000046354161,BILL_TO,100000046340528,4431,CLIMATECRAFT INC,100000046350058,A,17427,A,1900-01-01T00:00:00.000+00:00,4712-12-31T00:00:00.000+00:00,Y,P,N,5848,1427 NW 3RD ST,,,,OKLAHOMA CITY,73106,OK,US,
MASON INDUSTRIES,15673,100000046345639,100000046354162,BILL_TO,100000046340529,4432,MASON INDUSTRIES,100000046350059,A,16560,A,1900-01-01T00:00:00.000+00:00,4712-12-31T00:00:00.000+00:00,Y,P,N,5849,PO BOX 410,,,,SMITHTOWN,11787,NY,US,
MGS REFRIGERATION,15674,100000046346261,100000046353899,BILL_TO,100000046340530,4664,MGS REFRIGERATION,100000046350291,A,17182,A,1900-01-01T00:00:00.000+00:00,4712-12-31T00:00:00.000+00:00,Y,P,N,5586,2749 N FLORIDA AVE,,,,ALAMOGORDO,88310,NM,US,
INMAN HEATING & AIR,15675,100000046346263,100000046354600,BILL_TO,100000046340531,4434,INMAN HEATING & AIR,100000046350061,A,17184,A,1900-01-01T00:00:00.000+00:00,4712-12-31T00:00:00.000+00:00,Y,P,N,6287,PO BOX 329,,,,BLACK ROCK,72415,AR,US,
DEHUMIDIFIED AIR SOLUTIONS,15676,100000046344855,100000046353900,BILL_TO,100000046340532,5036,DEHUMIDIFIED AIR SOLUTIONS,100000046350663,A,15776,A,1900-01-01T00:00:00.000+00:00,4712-12-31T00:00:00.000+00:00,Y,P,N,5587,5685 RUE CYPHIHOT,,,,SAINT-LAURENT,00415,QC,US,
MISSISSIPPI BRAVES,15677,100000046345339,100000046355302,BILL_TO,100000046340533,4179,MISSISSIPPI BRAVES,100000046349806,A,16260,A,1900-01-01T00:00:00.000+00:00,4712-12-31T00:00:00.000+00:00,Y,P,N,6989,PO BOX 97389,,,,PEARL,39288,MS,US,
KROGER/DELTA KMA,15679,100000046345885,100000046353904,BILL_TO,100000046340535,5038,KROGER/DELTA KMA,100000046350665,A,16806,A,1900-01-01T00:00:00.000+00:00,4712-12-31T00:00:00.000+00:00,Y,P,N,5591,PO BOX 1878,,,,MEMPHIS,38101,TN,US,
RUSHING MECHANICAL,15680,100000046345648,100000046354168,BILL_TO,100000046340536,4669,RUSHING MECHANICAL,100000046350296,A,16569,A,1900-01-01T00:00:00.000+00:00,4712-12-31T00:00:00.000+00:00,Y,P,N,5855,3728 CHERRY RD,,,,MEMPHIS,38118,TN,US,
TVEPA,15681,100000046346272,100000046353907,BILL_TO,100000046340537,3902,TVEPA,100000046349529,A,17193,A,1900-01-01T00:00:00.000+00:00,4712-12-31T00:00:00.000+00:00,Y,P,N,5594,PO BOX 513,,,,BATESVILLE,38606,MS,US,
MEMPHIS HUMANE SOCIETY,15682,100000046345102,100000046355306,BILL_TO,100000046340538,3648,MEMPHIS HUMANE SOCIETY,100000046349275,A,16023,A,1900-01-01T00:00:00.000+00:00,4712-12-31T00:00:00.000+00:00,Y,P,N,6993,935 FARM RD,,,,MEMPHIS,38134,TN,US,
AIR SERVICES & REFRIG SPEC,15683,100000046346273,100000046354504,BILL_TO,100000046340539,5052,AIR SERVICES & REFRIG SPEC,100000046350679,A,17194,A,1900-01-01T00:00:00.000+00:00,4712-12-31T00:00:00.000+00:00,Y,P,N,6191,PO BOX 14651,,,,SAVANNAH,31416,GA,US,
LINDA WORKMAN,15684,100000046345079,100000046353311,BILL_TO,100000046340540,5043,LINDA WORKMAN,100000046350670,A,16000,A,1900-01-01T00:00:00.000+00:00,4712-12-31T00:00:00.000+00:00,Y,P,N,4998,7842 BAILEE LN,,,,WALLS,38680,MS,US,
BROWN REFRIGERATION INC,15685,100000046346515,100000046353312,BILL_TO,100000046340541,5053,BROWN REFRIGERATION INC,100000046350680,A,17436,A,1900-01-01T00:00:00.000+00:00,4712-12-31T00:00:00.000+00:00,Y,P,N,4999,4882 ENGLISH TOWNE DR,,,,MEMPHIS,38128,TN,US,
C & I ELECTRICAL SUPPLY,15686,100000046346516,100000046355308,BILL_TO,100000046340542,5054,C & I ELECTRICAL SUPPLY,100000046350681,A,17437,A,1900-01-01T00:00:00.000+00:00,4712-12-31T00:00:00.000+00:00,Y,P,N,6995,PO BOX 2010,,,,JONESBORO,72402-2010,AR,US,
AYERS MECHANICAL,15687,100000046345106,100000046354614,BILL_TO,100000046340543,3650,AYERS MECHANICAL,100000046349277,A,16027,A,1900-01-01T00:00:00.000+00:00,4712-12-31T00:00:00.000+00:00,Y,P,N,6301,222 N MARKET ST,,,,VAN WERT,45891,OH,US,
CARRIER COMMERCIAL SERVICE,15688,100000046345107,100000046353317,BILL_TO,100000046340544,4186,CARRIER COMMERCIAL SERVICE,100000046349813,A,16028,A,1900-01-01T00:00:00.000+00:00,4712-12-31T00:00:00.000+00:00,Y,P,N,5004,97 S BYHALIA RD,,,,COLLIERVILLE,38017,TN,US,
CARRIER COMMERCIAL SERVICE,15688,100000046345655,100000046354616,BILL_TO,100000046340544,4186,CARRIER COMMERCIAL SERVICE,100000046349813,A,16576,A,1900-01-01T00:00:00.000+00:00,4712-12-31T00:00:00.000+00:00,N,Y,N,6303,3794 HWY 468,,,,PEARL,39208,MS,US,
MEDLIN HEATING & A/C,15689,100000046345108,100000046354617,BILL_TO,100000046340545,3905,MEDLIN HEATING & A/C,100000046349532,A,16029,A,1900-01-01T00:00:00.000+00:00,4712-12-31T00:00:00.000+00:00,Y,P,N,6304,1408 PINEVIEW DR,,,,COLUMBIA,29209,SC,US,
PAYNE A/C & HTG,15690,100000046345658,100000046353912,BILL_TO,100000046340546,5047,PAYNE A/C & HTG,100000046350674,A,16579,A,1900-01-01T00:00:00.000+00:00,4712-12-31T00:00:00.000+00:00,Y,P,N,5599,1048 E OLEANDER ST,,,,LAKELAND,33801,FL,US,
ACTION AIR OF MEMPHIS,15691,100000046346520,100000046355312,BILL_TO,100000046340547,4679,ACTION AIR OF MEMPHIS,100000046350306,A,17441,A,1900-01-01T00:00:00.000+00:00,4712-12-31T00:00:00.000+00:00,Y,P,N,6999,7355 VONDEL COVE,,,,MEMPHIS,38133,TN,US,
201 POPLAR,15692,100000046345899,100000046354178,BILL_TO,100000046340548,4747,201 POPLAR,100000046350374,A,16820,A,1900-01-01T00:00:00.000+00:00,4712-12-31T00:00:00.000+00:00,Y,P,N,5865,201 POPLAR AVE,,,,MEMPHIS,38103,TN,US,
SPRINGFIELD HEATING & AIR LL,15693,100000046345900,100000046354622,BILL_TO,100000046340549,3657,SPRINGFIELD HEATING & AIR LL,100000046349284,A,16821,A,1900-01-01T00:00:00.000+00:00,4712-12-31T00:00:00.000+00:00,Y,P,N,6309,261 N TAYLOR LN,,,,MADISON,39110,MS,US,
BLACKMORE & GLUNT INC,15694,100000046344864,100000046355117,BILL_TO,100000046340550,4448,BLACKMORE & GLUNT INC,100000046350075,A,15785,A,1900-01-01T00:00:00.000+00:00,4712-12-31T00:00:00.000+00:00,Y,P,N,6804,12 KIMLER DR,,,,MARYLAND HEIGHTS,63043,MO,US,
CHAWLA INNS INC,15695,100000046345901,100000046353323,BILL_TO,100000046340551,3911,CHAWLA INNS INC,100000046349538,A,16822,A,1900-01-01T00:00:00.000+00:00,4712-12-31T00:00:00.000+00:00,Y,P,N,5010,1300 HWY 8 W,,,,CLEVELAND,38732,MS,US,
POOJA B LLC,15696,100000046346523,100000046354180,BILL_TO,100000046340552,4190,POOJA B LLC,100000046349817,A,17444,A,1900-01-01T00:00:00.000+00:00,4712-12-31T00:00:00.000+00:00,Y,P,N,5867,80 DEENA COVE,,,,COVINGTON,38101,TN,US,
NEIVEL PRECISION PLBG & MECH,15697,100000046344866,100000046354510,BILL_TO,100000046340553,3658,NEIVEL PRECISION PLBG & MECH,100000046349285,A,15787,A,1900-01-01T00:00:00.000+00:00,4712-12-31T00:00:00.000+00:00,Y,P,N,6197,120 ARTERIAL RD,,,,SYRACUSE,13206,NY,US,
SHREYA INVESTMENTS,15698,100000046345670,100000046353925,BILL_TO,100000046340554,3919,SHREYA INVESTMENTS,100000046349546,A,16591,A,1900-01-01T00:00:00.000+00:00,4712-12-31T00:00:00.000+00:00,Y,P,N,5612,1400 N 18TH ST,,,,WEST MEMPHIS,72301,AR,US,
AGUIRRE BLDG SYSTEMS,15699,100000046345673,100000046355319,BILL_TO,100000046340555,5094,AGUIRRE BLDG SYSTEMS,100000046350721,A,16594,A,1900-01-01T00:00:00.000+00:00,4712-12-31T00:00:00.000+00:00,Y,P,N,7006,10670 N CENTRAL EXPRESSWAY,,,,DALLAS,75231,TX,US,
FAIRFEILD INN & SUITES,15700,100000046345368,100000046355322,BILL_TO,100000046340556,5072,FAIRFEILD INN & SUITES,100000046350699,A,16289,A,1900-01-01T00:00:00.000+00:00,4712-12-31T00:00:00.000+00:00,Y,P,N,7009,3070 TOM WATSON DR,,,,TUPELO,38866,MS,US,
VOEGLE MECHANICAL,15701,100000046346534,100000046355323,BILL_TO,100000046340557,4695,VOEGLE MECHANICAL,100000046350322,A,17455,A,1900-01-01T00:00:00.000+00:00,4712-12-31T00:00:00.000+00:00,Y,P,N,7010,3601 RUSSELL DR,,,,NORTH LITTLE ROCK,72231,AR,US,
JA SMITH HEATING & A/C,15702,100000046345919,100000046353929,BILL_TO,100000046340558,3926,JA SMITH HEATING & A/C,100000046349553,A,16840,A,1900-01-01T00:00:00.000+00:00,4712-12-31T00:00:00.000+00:00,Y,P,N,5616,360 PATRICIA DR,,,,WARMINSTER,18974,PA,US,
JLL/CARRIER CORRIGO,15703,100000046345921,100000046353331,BILL_TO,100000046340559,3670,JLL/CARRIER CORRIGO,100000046349297,A,16842,A,1900-01-01T00:00:00.000+00:00,4712-12-31T00:00:00.000+00:00,Y,P,N,5018,PO BOX 4817,,,,PORTLAND,97208,OR,US,
JOHNSTONE SUPPLY,15704,100000046345923,100000046353333,BILL_TO,100000046340560,5075,JOHNSTONE SUPPLY,100000046350702,A,16844,A,1900-01-01T00:00:00.000+00:00,4712-12-31T00:00:00.000+00:00,Y,P,N,5020,2609 DEARBORN ST,,,,EASTON,18045,PA,US,
CHAWLA HOTELS,15705,100000046346538,100000046355170,BILL_TO,100000046340561,4697,CHAWLA HOTELS,100000046350324,A,17459,A,1900-01-01T00:00:00.000+00:00,4712-12-31T00:00:00.000+00:00,Y,P,N,6857,PO BOX 1701,,,,GREENWOOD,38935,MS,US,
CITY OF CLEVELAND,15706,100000046346293,100000046354567,BILL_TO,100000046340562,3930,CITY OF CLEVELAND,100000046349557,A,17214,A,1900-01-01T00:00:00.000+00:00,4712-12-31T00:00:00.000+00:00,Y,P,N,6254,100 N ST,,,,CLEVELAND,38732,MS,US,
MAKAN HOSPITALITY MANAGEMENT,15707,100000046346539,100000046354196,BILL_TO,100000046340563,4760,MAKAN HOSPITALITY MANAGEMENT,100000046350387,A,17460,A,1900-01-01T00:00:00.000+00:00,4712-12-31T00:00:00.000+00:00,Y,P,N,5883,PO BOX 24117,,,,LITTLE ROCK,72221,AR,US,
KBM SOLUTIONS LLC,15708,100000046344872,100000046354197,BILL_TO,100000046340564,3933,KBM SOLUTIONS LLC,100000046349560,A,15793,A,1900-01-01T00:00:00.000+00:00,4712-12-31T00:00:00.000+00:00,Y,P,N,5884,113 RED HILL CHURCH RD,,,,LUMBERTON,39455,MS,US,
SMITH'S HEATING COOLING & GEN,15709,100000046345374,100000046354571,BILL_TO,100000046340565,4699,SMITH'S HEATING COOLING & GEN,100000046350326,A,16295,A,1900-01-01T00:00:00.000+00:00,4712-12-31T00:00:00.000+00:00,Y,P,N,6258,885 STILLWOOD LN SE,,,,BOGUE CHITTO,39629,MS,US,
PRESSURE TECH LLC,15710,100000046345680,100000046355375,BILL_TO,100000046340566,4703,PRESSURE TECH LLC,100000046350330,A,16601,A,1900-01-01T00:00:00.000+00:00,4712-12-31T00:00:00.000+00:00,Y,P,N,7062,PO BOX 641,,,,WALNUT,38683,MS,US,
SIMMONS FARM RAISED CATFISH,15711,100000046346545,100000046353644,BILL_TO,100000046340567,4204,SIMMONS FARM RAISED CATFISH,100000046349831,A,17466,A,1900-01-01T00:00:00.000+00:00,4712-12-31T00:00:00.000+00:00,Y,P,N,5331,2628 ERICKSON RD,,,,YAZOO CITY,39194,MS,US,
JJP MECHANICAL REPS LLC,15712,100000046345681,100000046355377,BILL_TO,100000046340568,4205,JJP MECHANICAL REPS LLC,100000046349832,A,16602,A,1900-01-01T00:00:00.000+00:00,4712-12-31T00:00:00.000+00:00,Y,P,N,7064,2969 ARMORY DR,,,,NASHVILLE,37204,TN,US,
MESA MECHANICAL,15713,100000046345960,100000046355378,BILL_TO,100000046340569,5116,MESA MECHANICAL,100000046350743,A,16881,A,1900-01-01T00:00:00.000+00:00,4712-12-31T00:00:00.000+00:00,Y,P,N,7065,3514 PINEMONT DR,,,,HOUSTON,77018,TX,US,
JM SMUCKER COMPANY,15714,100000046345963,100000046354795,BILL_TO,100000046340570,4456,JM SMUCKER COMPANY,100000046350083,A,16884,A,1900-01-01T00:00:00.000+00:00,4712-12-31T00:00:00.000+00:00,Y,P,N,6482,PO BOX 88,,,,ORRVILLE,44667,OH,US,
LARRY BATCHELOR MECH,15715,100000046344519,100000046353341,BILL_TO,100000046340571,5117,LARRY BATCHELOR MECH,100000046350744,A,15440,A,1900-01-01T00:00:00.000+00:00,4712-12-31T00:00:00.000+00:00,Y,P,N,5028,237 BULLDOG RD,,,,FREEPORT,32439,FL,US,
SOUTHERN PIPE,15716,100000046344879,100000046353648,BILL_TO,100000046340572,3943,SOUTHERN PIPE,100000046349570,A,15800,A,1900-01-01T00:00:00.000+00:00,4712-12-31T00:00:00.000+00:00,N,Y,N,5335,417 TUSCALOOSA RD,,,,COLUMBUS,39702,MS,US,
SOUTHERN PIPE,15716,100000046345126,100000046354798,BILL_TO,100000046340572,3943,SOUTHERN PIPE,100000046349570,A,16047,A,1900-01-01T00:00:00.000+00:00,4712-12-31T00:00:00.000+00:00,N,Y,N,6485,614 ELAINE ST,,,,WAVELAND,39576,MS,US,
SOUTHERN PIPE,15716,100000046345127,100000046353342,BILL_TO,100000046340572,3943,SOUTHERN PIPE,100000046349570,A,16048,A,1900-01-01T00:00:00.000+00:00,4712-12-31T00:00:00.000+00:00,N,Y,N,5029,1000 RUSHING CIR,,,,LITTLE ROCK,72204,AR,US,
SOUTHERN PIPE,15716,100000046345382,100000046353647,BILL_TO,100000046340572,3943,SOUTHERN PIPE,100000046349570,A,16303,A,1900-01-01T00:00:00.000+00:00,4712-12-31T00:00:00.000+00:00,N,Y,N,5334,203 KILGORE DR,,,,CABOT,72023-3340,AR,US,
SOUTHERN PIPE,15716,100000046345383,100000046353650,BILL_TO,100000046340572,3943,SOUTHERN PIPE,100000046349570,A,16304,A,1900-01-01T00:00:00.000+00:00,4712-12-31T00:00:00.000+00:00,N,Y,N,5337,2135 HARKRIDER,,,,CONWAY,72032,AR,US,
SOUTHERN PIPE,15716,100000046345384,100000046353293,BILL_TO,100000046340572,3943,SOUTHERN PIPE,100000046349570,A,16305,A,1900-01-01T00:00:00.000+00:00,4712-12-31T00:00:00.000+00:00,N,Y,N,4980,401 E BROADWAY,,,,WEST MEMPHIS,72301,AR,US,
SOUTHERN PIPE,15716,100000046345385,100000046354643,BILL_TO,100000046340572,3943,SOUTHERN PIPE,100000046349570,A,16306,A,1900-01-01T00:00:00.000+00:00,4712-12-31T00:00:00.000+00:00,N,Y,N,6330,1909 GRANDVIEW DR,,,,LAUREL,39440,MS,US,
SOUTHERN PIPE,15716,100000046345683,100000046354642,BILL_TO,100000046340572,3943,SOUTHERN PIPE,100000046349570,A,16604,A,1900-01-01T00:00:00.000+00:00,4712-12-31T00:00:00.000+00:00,N,Y,N,6329,PO BOX 1511,,,,HATTIESBURG,39401,MS,US,
SOUTHERN PIPE,15716,100000046345684,100000046353649,BILL_TO,100000046340572,3943,SOUTHERN PIPE,100000046349570,A,16605,A,1900-01-01T00:00:00.000+00:00,4712-12-31T00:00:00.000+00:00,N,Y,N,5336,1617 CASH RD,,,,CAMDEN,71701,AR,US,
SOUTHERN PIPE,15716,100000046345685,100000046353651,BILL_TO,100000046340572,3943,SOUTHERN PIPE,100000046349570,A,16606,A,1900-01-01T00:00:00.000+00:00,4712-12-31T00:00:00.000+00:00,N,Y,N,5338,PO BOX 1786,,,,TUPELO,38802,MS,US,
SOUTHERN PIPE,15716,100000046345937,100000046354641,BILL_TO,100000046340572,3943,SOUTHERN PIPE,100000046349570,A,16858,A,1900-01-01T00:00:00.000+00:00,4712-12-31T00:00:00.000+00:00,N,Y,N,6328,PO BOX 13777,,,,PHILADELPHIA,19101,PA,US,
SOUTHERN PIPE,15716,100000046345938,100000046355186,BILL_TO,100000046340572,3943,SOUTHERN PIPE,100000046349570,A,16859,A,1900-01-01T00:00:00.000+00:00,4712-12-31T00:00:00.000+00:00,N,Y,N,6873,1000 QUEENSWAY ST,,,,SEARCY,72143,AR,US,
SOUTHERN PIPE,15716,100000046345966,100000046353292,BILL_TO,100000046340572,3943,SOUTHERN PIPE,100000046349570,A,16887,A,1900-01-01T00:00:00.000+00:00,4712-12-31T00:00:00.000+00:00,Y,P,N,4979,2616 W OXFORD LOOP,,,,OXFORD,38655-5441,MS,US,
SOUTHERN PIPE,15716,100000046345967,100000046354799,BILL_TO,100000046340572,3943,SOUTHERN PIPE,100000046349570,A,16888,A,1900-01-01T00:00:00.000+00:00,4712-12-31T00:00:00.000+00:00,N,Y,N,6486,PO BOX 1057,,,,BENTON,72018,AR,US,
SOUTHERN PIPE,15716,100000046345968,100000046355187,BILL_TO,100000046340572,3943,SOUTHERN PIPE,100000046349570,A,16889,A,1900-01-01T00:00:00.000+00:00,4712-12-31T00:00:00.000+00:00,N,Y,N,6874,102 HOLLOWAY BLVD,,,,RICHLAND,39218-9378,MS,US,
SOUTHERN PIPE,15716,100000046346555,100000046355384,BILL_TO,100000046340572,3943,SOUTHERN PIPE,100000046349570,A,17476,A,1900-01-01T00:00:00.000+00:00,4712-12-31T00:00:00.000+00:00,N,Y,N,7071,2008 S FULTON DR,,,,CORINTH,38834,MS,US,
TRI-STATE REFRIGERATION,15717,100000046344880,100000046353343,BILL_TO,100000046340573,3679,TRI-STATE REFRIGERATION,100000046349306,A,15801,A,1900-01-01T00:00:00.000+00:00,4712-12-31T00:00:00.000+00:00,Y,P,N,5030,528 JOHN HILL RD,,,,BRIGHTON,38011,TN,US,
TRI-STATE REFRIGERATION,15717,100000046345386,100000046354800,BILL_TO,100000046340573,3679,TRI-STATE REFRIGERATION,100000046349306,A,16307,A,1900-01-01T00:00:00.000+00:00,4712-12-31T00:00:00.000+00:00,N,Y,N,6487,PO BOX 342,,,,BRIGHTON,38011,TN,US,
SPRINGHILL SUITES,15718,100000046344523,100000046354802,BILL_TO,100000046340574,4707,SPRINGHILL SUITES,100000046350334,A,15444,A,1900-01-01T00:00:00.000+00:00,4712-12-31T00:00:00.000+00:00,Y,P,N,6489,85 W CT AVE,,,,MEMPHIS,38103,TN,US,
BAPTIST MEDICAL CLINIC CARTHAG,15719,100000046345129,100000046353295,BILL_TO,100000046340575,4771,BAPTIST MEDICAL CLINIC CARTHAG,100000046350398,A,16050,A,1900-01-01T00:00:00.000+00:00,4712-12-31T00:00:00.000+00:00,Y,P,N,4982,302 ELLIS ST,,,,CARTHAGE,39051,MS,US,
HALLORAN CENTRE,15720,100000046345943,100000046354214,BILL_TO,100000046340576,5123,HALLORAN CENTRE,100000046350750,A,16864,A,1900-01-01T00:00:00.000+00:00,4712-12-31T00:00:00.000+00:00,Y,P,N,5901,225 S MAIN ST,,,,MEMPHIS,38103,TN,US,
HOLIDAY INN,15721,100000046344525,100000046353296,BILL_TO,100000046340577,4773,HOLIDAY INN,100000046350400,A,15446,A,1900-01-01T00:00:00.000+00:00,4712-12-31T00:00:00.000+00:00,Y,P,N,4983,CENTENNIAL DR,,,,MEMPHIS,38125,TN,US,
HOLIDAY INN,15721,100000046344882,100000046354645,BILL_TO,100000046340577,4773,HOLIDAY INN,100000046350400,A,15803,A,1900-01-01T00:00:00.000+00:00,4712-12-31T00:00:00.000+00:00,N,Y,N,6332,822 REELFOOT DR,,,,DYERSBURG,38024,TN,US,
HOLIDAY INN,15721,100000046345134,100000046354646,BILL_TO,100000046340577,4773,HOLIDAY INN,100000046350400,A,16055,A,1900-01-01T00:00:00.000+00:00,4712-12-31T00:00:00.000+00:00,N,Y,N,6333,4225 AMERICAN WAY,,,,MEMPHIS,38118,TN,US,
HOLIDAY INN,15721,100000046345390,100000046354806,BILL_TO,100000046340577,4773,HOLIDAY INN,100000046350400,A,16311,A,1900-01-01T00:00:00.000+00:00,4712-12-31T00:00:00.000+00:00,N,Y,N,6493,280 MARATHON WAY,,,,SOUTHAVEN,38671,MS,US,
HOLIDAY INN,15721,100000046345687,100000046355190,BILL_TO,100000046340577,4773,HOLIDAY INN,100000046350400,A,16608,A,1900-01-01T00:00:00.000+00:00,4712-12-31T00:00:00.000+00:00,N,Y,N,6877,1311 WET N WILD WAY,,,,ARLINGTON,76011,TX,US,
HOLIDAY INN,15721,100000046345969,100000046354215,BILL_TO,100000046340577,4773,HOLIDAY INN,100000046350400,A,16890,A,1900-01-01T00:00:00.000+00:00,4712-12-31T00:00:00.000+00:00,N,Y,N,5902,100 N FRONTAGE RD,,,,MERIDIAN,39301,MS,US,
LURIE & ASSOCIATES LLC,15722,100000046344884,100000046353655,BILL_TO,100000046340578,3386,LURIE & ASSOCIATES LLC,100000046349013,A,15805,A,1900-01-01T00:00:00.000+00:00,4712-12-31T00:00:00.000+00:00,Y,P,N,5342,2650 THOUSAND OAKS BLVD STE 2350,,,,MEMPHIS,38118,TN,US,
ZIMMERMAN PLBG HTG & A/C IN,15723,100000046346558,100000046354808,BILL_TO,100000046340579,4464,ZIMMERMAN PLBG HTG & A/C IN,100000046350091,A,17479,A,1900-01-01T00:00:00.000+00:00,4712-12-31T00:00:00.000+00:00,Y,P,N,6495,718 E 7TH ST,,,,HAYS,67601,KS,US,
CONSERV BUILDING SERVICES,15724,100000046345971,100000046354647,BILL_TO,100000046340580,4209,CONSERV BUILDING SERVICES,100000046349836,A,16892,A,1900-01-01T00:00:00.000+00:00,4712-12-31T00:00:00.000+00:00,Y,P,N,6334,6354 118TH AVE N,,,,LARGO,33773,FL,US,
DANNY LARCOM HTG & AIR INC,15725,100000046345948,100000046354810,BILL_TO,100000046340581,4779,DANNY LARCOM HTG & AIR INC,100000046350406,A,16869,A,1900-01-01T00:00:00.000+00:00,4712-12-31T00:00:00.000+00:00,Y,P,N,6497,1600 W MAIN ST,,,,UNION CITY,38261,TN,US,
AIRCO,15726,100000046344527,100000046353349,BILL_TO,100000046340582,3684,AIRCO,100000046349311,A,15448,A,1900-01-01T00:00:00.000+00:00,4712-12-31T00:00:00.000+00:00,Y,P,N,5036,1518 CENTRAL PARK DR,,,,HURST,76053,TX,US,
HERNANDEZ HVAC,15727,100000046345394,100000046353658,BILL_TO,100000046340583,4468,HERNANDEZ HVAC,100000046350095,A,16315,A,1900-01-01T00:00:00.000+00:00,4712-12-31T00:00:00.000+00:00,Y,P,N,5345,226 RANGE DR,,,,GARLAND,75040,TX,US,
INTEGRITY MECHANICAL SOLUTIONS,15728,100000046345139,100000046353660,BILL_TO,100000046340584,3685,INTEGRITY MECHANICAL SOLUTIONS,100000046349312,A,16060,A,1900-01-01T00:00:00.000+00:00,4712-12-31T00:00:00.000+00:00,Y,P,N,5347,6694 FLETCHER CREEK COVE,,,,MEMPHIS,38133,TN,US,
MEMPHIS BUSINESS ACADEMY,15729,100000046345693,100000046355389,BILL_TO,100000046340585,4780,MEMPHIS BUSINESS ACADEMY,100000046350407,A,16614,A,1900-01-01T00:00:00.000+00:00,4712-12-31T00:00:00.000+00:00,Y,P,N,7076,3306 OVERTON CROSSING,,,,MEMPHIS,38127,TN,US,
JACKSON PURCHASE DISTILLERY,15730,100000046345694,100000046354815,BILL_TO,100000046340586,4213,JACKSON PURCHASE DISTILLERY,100000046349840,A,16615,A,1900-01-01T00:00:00.000+00:00,4712-12-31T00:00:00.000+00:00,Y,P,N,6502,PO BOX 6208,,,,LOUISVILLE,40206,KY,US,
EVOLVED TECHNOLOGIES LLC,15731,100000046344532,100000046353670,BILL_TO,100000046340587,3397,EVOLVED TECHNOLOGIES LLC,100000046349024,A,15453,A,1900-01-01T00:00:00.000+00:00,4712-12-31T00:00:00.000+00:00,Y,P,N,5357,4966 POPLAR AVE,,,,MEMPHIS,38117,TN,US,
CITY OF SHERIDAN,15732,100000046345981,100000046353671,BILL_TO,100000046340588,3399,CITY OF SHERIDAN,100000046349026,A,16902,A,1900-01-01T00:00:00.000+00:00,4712-12-31T00:00:00.000+00:00,Y,P,N,5358,304 GATZKE DR,,,,SHERIDAN,72150,AR,US,
STUDIO 6 PORT ALLEN,15733,100000046345148,100000046353673,BILL_TO,100000046340589,5139,STUDIO 6 PORT ALLEN,100000046350766,A,16069,A,1900-01-01T00:00:00.000+00:00,4712-12-31T00:00:00.000+00:00,Y,P,N,5360,414 RED ROBIN TRAIL,,,,LAFAYETTE,70508,LA,US,
IP CASINO & RESORTS,15734,100000046344539,100000046353355,BILL_TO,100000046340590,4238,IP CASINO & RESORTS,100000046349865,A,15460,A,1900-01-01T00:00:00.000+00:00,4712-12-31T00:00:00.000+00:00,Y,P,N,5042,850 BAYVIEW AVE,,,,BILOXI,39530,MS,US,
TIDEWATER INC,15735,100000046344540,100000046354661,BILL_TO,100000046340591,3691,TIDEWATER INC,100000046349318,A,15461,A,1900-01-01T00:00:00.000+00:00,4712-12-31T00:00:00.000+00:00,Y,P,N,6348,6625 SELNICK DR,,,,ELKRIDGE,21075,MD,US,
PARK PLACE PARTNERS LLC,15736,100000046346305,100000046353675,BILL_TO,100000046340592,3954,PARK PLACE PARTNERS LLC,100000046349581,A,17226,A,1900-01-01T00:00:00.000+00:00,4712-12-31T00:00:00.000+00:00,Y,P,N,5362,2407 CHRISTMASVILLE CV,,,,JACKSON,38305,TN,US,
WHOLESALE ELECTRIC SUPPLY INC,15737,100000046344898,100000046354662,BILL_TO,100000046340593,5141,WHOLESALE ELECTRIC SUPPLY INC,100000046350768,A,15819,A,1900-01-01T00:00:00.000+00:00,4712-12-31T00:00:00.000+00:00,Y,P,N,6349,PO BOX 1258,,,,TEXARKANA,75504,TX,US,
DRURY SUITES #76 CAPEGIRARDEAU,15738,100000046345985,100000046355397,BILL_TO,100000046340594,5142,DRURY SUITES #76 CAPEGIRARDEAU,100000046350769,A,16906,A,1900-01-01T00:00:00.000+00:00,4712-12-31T00:00:00.000+00:00,Y,P,N,7084,PO BOX 910,,,,CAPE GIRARDEAU,63702,MO,US,
LAKE MECHANICAL,15739,100000046345986,100000046353246,BILL_TO,100000046340595,4219,LAKE MECHANICAL,100000046349846,A,16907,A,1900-01-01T00:00:00.000+00:00,4712-12-31T00:00:00.000+00:00,Y,P,N,4933,1042 MITT NAQUIN,,,,ARNAUDVILLE,70512,LA,US,
MISSISSIPPI STATE UNV ATHLETIC,15740,100000046346309,100000046355399,BILL_TO,100000046340596,3694,MISSISSIPPI STATE UNV ATHLETIC,100000046349321,A,17230,A,1900-01-01T00:00:00.000+00:00,4712-12-31T00:00:00.000+00:00,Y,P,N,7086,PO BOX 5327,,,,MISSISSIPPI STATE,39762,MS,US,
ADVANCED INDUSTRIAL MANAGEMENT,15741,100000046345699,100000046353677,BILL_TO,100000046340597,4220,ADVANCED INDUSTRIAL MANAGEMENT,100000046349847,A,16620,A,1900-01-01T00:00:00.000+00:00,4712-12-31T00:00:00.000+00:00,Y,P,N,5364,998 NANDINO BLVD,,,,LEXINGTON,40511,KY,US,
BDMP CONSTRUCTION,15742,100000046346311,100000046354235,BILL_TO,100000046340598,4790,BDMP CONSTRUCTION,100000046350417,A,17232,A,1900-01-01T00:00:00.000+00:00,4712-12-31T00:00:00.000+00:00,Y,P,N,5922,4001 SPRAYBERRY LN,,,,CONROE,77303,TX,US,
ETAIROS PARTS,15743,100000046345989,100000046354873,BILL_TO,100000046340599,4725,ETAIROS PARTS,100000046350352,A,16910,A,1900-01-01T00:00:00.000+00:00,4712-12-31T00:00:00.000+00:00,Y,P,N,6560,1847 VANDERHORN,,,,MEMPHIS,38134,TN,US,
MIDWEST HEATING & COOLING,15744,100000046345996,100000046354676,BILL_TO,100000046340600,4731,MIDWEST HEATING & COOLING,100000046350358,A,16917,A,1900-01-01T00:00:00.000+00:00,4712-12-31T00:00:00.000+00:00,Y,P,N,6363,421 MCKENZIE RD,,,,MUKWONAGO,53149,WI,US,
RGB SERVICE,15745,100000046344555,100000046353258,BILL_TO,100000046340601,3709,RGB SERVICE,100000046349336,A,15476,A,1900-01-01T00:00:00.000+00:00,4712-12-31T00:00:00.000+00:00,Y,P,N,4945,PO BOX 1927,,,,JONESBORO,72403,AR,US,
NORTH MISSISSIPPI MEDICAL CENT,15746,100000046345167,100000046353367,BILL_TO,100000046340602,3710,NORTH MISSISSIPPI MEDICAL CENT,100000046349337,A,16088,A,1900-01-01T00:00:00.000+00:00,4712-12-31T00:00:00.000+00:00,Y,P,N,5054,176 S MAIN ST,,,,PONTOTOC,38863,MS,US,
STIX,15747,100000046345419,100000046354880,BILL_TO,100000046340603,4255,STIX,100000046349882,A,16340,A,1900-01-01T00:00:00.000+00:00,4712-12-31T00:00:00.000+00:00,Y,P,N,6567,4680 MERCHANTS PARK CIR,,,,COLLIERVILLE,38017,TN,US,
TRANE US INC,15748,100000046346003,100000046354884,BILL_TO,100000046340604,4735,TRANE US INC,100000046350362,A,16924,A,1900-01-01T00:00:00.000+00:00,4712-12-31T00:00:00.000+00:00,Y,P,N,6571,PO BOX 2380,,,,DAVIDSON,28036,NC,US,
MCEARL ELECTRIC,15749,100000046345423,100000046353266,BILL_TO,100000046340605,3737,MCEARL ELECTRIC,100000046349364,A,16344,A,1900-01-01T00:00:00.000+00:00,4712-12-31T00:00:00.000+00:00,Y,P,N,4953,PO BOX 267,,,,HENDERSON,38340,TN,US,
DZIADEK A/C & REFRIGERATION,15750,100000046344567,100000046354683,BILL_TO,100000046340606,3739,DZIADEK A/C & REFRIGERATION,100000046349366,A,15488,A,1900-01-01T00:00:00.000+00:00,4712-12-31T00:00:00.000+00:00,Y,P,N,6370,5814 PATTON ST,,,,CORPUS CHRISTI,78414,TX,US,
COAHOMA COMMUNITY COLLEGE,15751,100000046344919,100000046353700,BILL_TO,100000046340607,5164,COAHOMA COMMUNITY COLLEGE,100000046350791,A,15840,A,1900-01-01T00:00:00.000+00:00,4712-12-31T00:00:00.000+00:00,Y,P,N,5387,3240 FRIARS POINT RD,,,,CLARKSDALE,38614,MS,US,
MACY'S,15752,100000046346008,100000046353379,BILL_TO,100000046340608,4257,MACY'S,100000046349884,A,16929,A,1900-01-01T00:00:00.000+00:00,4712-12-31T00:00:00.000+00:00,Y,P,N,5066,2101 E KEMPER RD,,,,CINCINNATI,45241,OH,US,
HOBBS & ASSOCIATES INC,15753,100000046345178,100000046354262,BILL_TO,100000046340609,3421,HOBBS & ASSOCIATES INC,100000046349048,A,16099,A,1900-01-01T00:00:00.000+00:00,4712-12-31T00:00:00.000+00:00,Y,P,N,5949,4850 BROOKSIDE CT,,,,NORFOLK,23502-2052,VA,US,
SOUTHERN ELECTRIC,15754,100000046346329,100000046353383,BILL_TO,100000046340610,5168,SOUTHERN ELECTRIC,100000046350795,A,17250,A,1900-01-01T00:00:00.000+00:00,4712-12-31T00:00:00.000+00:00,Y,P,N,5070,86 VOLUNTEER BLVD,,,,JACKSON,38305,TN,US,
C F GOLLOTT SON SEAFOOD INC,15755,100000046346015,100000046353706,BILL_TO,100000046340611,3747,C F GOLLOTT SON SEAFOOD INC,100000046349374,A,16936,A,1900-01-01T00:00:00.000+00:00,4712-12-31T00:00:00.000+00:00,Y,P,N,5393,PO BOX 1191,,,,BILOXI,39533,MS,US,
AKIMA INTRA-DATA LLC,15756,100000046345722,100000046355268,BILL_TO,100000046340612,4474,AKIMA INTRA-DATA LLC,100000046350101,A,16643,A,1900-01-01T00:00:00.000+00:00,4712-12-31T00:00:00.000+00:00,Y,P,N,6955,2553 DULLES VIEW DR STE 700,,,,HERNDON,20171,VA,US,
WALKER HEATING & AIR LLC,15757,100000046344579,100000046353385,BILL_TO,100000046340613,4807,WALKER HEATING & AIR LLC,100000046350434,A,15500,A,1900-01-01T00:00:00.000+00:00,4712-12-31T00:00:00.000+00:00,Y,P,N,5072,1300 KARCHER RD,,,,SOMERVILLE,38068,TN,US,
DARANA HYBRID INC,15758,100000046345723,100000046354265,BILL_TO,100000046340614,3451,DARANA HYBRID INC,100000046349078,A,16644,A,1900-01-01T00:00:00.000+00:00,4712-12-31T00:00:00.000+00:00,Y,P,N,5952,903 BELLE AVE,,,,HAMILTON,45015,OH,US,
DENNIS ENGINEERING GROUP LLC,15759,100000046344929,100000046353279,BILL_TO,100000046340615,3453,DENNIS ENGINEERING GROUP LLC,100000046349080,A,15850,A,1900-01-01T00:00:00.000+00:00,4712-12-31T00:00:00.000+00:00,Y,P,N,4966,1537 MAIN ST,,,,SPRINGFIELD,01103,MA,US,
GCG HOSPITALITY DBA LAQUINTA,15760,100000046346331,100000046354892,BILL_TO,100000046340616,4809,GCG HOSPITALITY DBA LAQUINTA,100000046350436,A,17252,A,1900-01-01T00:00:00.000+00:00,4712-12-31T00:00:00.000+00:00,Y,P,N,6579,310 UNION AVE,,,,MEMPHIS,38103,TN,US,
BENTON COUNTY GOVERNMENT,15761,100000046345434,100000046354894,BILL_TO,100000046340617,4268,BENTON COUNTY GOVERNMENT,100000046349895,A,16355,A,1900-01-01T00:00:00.000+00:00,4712-12-31T00:00:00.000+00:00,Y,P,N,6581,215 E CENTRAL AVE,,,,BENTONVILLE,72712,AR,US,
SYLVESTER & COCKRUM INC,15762,100000046346020,100000046354895,BILL_TO,100000046340618,3454,SYLVESTER & COCKRUM INC,100000046349081,A,16941,A,1900-01-01T00:00:00.000+00:00,4712-12-31T00:00:00.000+00:00,Y,P,N,6582,600 GUN CLUB RD,,,,WINSTON SALEM,27103,NC,US,
A/C DOCTORS INC,15763,100000046346554,100000046353291,BILL_TO,100000046340619,4770,A/C DOCTORS INC,100000046350397,A,17475,A,1900-01-01T00:00:00.000+00:00,4712-12-31T00:00:00.000+00:00,Y,P,N,4978,PO BOX 1527,,,,JENSEN BEACH,34958,FL,US,
MUSE HEATING & AIR CONDITIONIN,15764,100000046345686,100000046354211,BILL_TO,100000046340620,3944,MUSE HEATING & AIR CONDITIONIN,100000046349571,A,16607,A,1900-01-01T00:00:00.000+00:00,4712-12-31T00:00:00.000+00:00,Y,P,N,5898,1610 DANCY BLVD,,,,HORN LAKE,38637,MS,US,
TARGET HOUSE,15765,100000046345132,100000046355386,BILL_TO,100000046340621,4708,TARGET HOUSE,100000046350335,A,16053,A,1900-01-01T00:00:00.000+00:00,4712-12-31T00:00:00.000+00:00,Y,P,N,7073,1811 POPLAR AVE,,,,MEMPHIS,38104,TN,US,
AGRICENTER INTERNATIONAL,15766,100000046345688,100000046355191,BILL_TO,100000046340622,4709,AGRICENTER INTERNATIONAL,100000046350336,A,16609,A,1900-01-01T00:00:00.000+00:00,4712-12-31T00:00:00.000+00:00,Y,P,N,6878,7777 WALNUT GROVE RD,,,,MEMPHIS,38120,TN,US,
JR'S BODY SHOP,15767,100000046345946,100000046353654,BILL_TO,100000046340623,4710,JR'S BODY SHOP,100000046350337,A,16867,A,1900-01-01T00:00:00.000+00:00,4712-12-31T00:00:00.000+00:00,Y,P,N,5341,4249 US HWY 45 E,,,,SOUTH FULTON,38257,TN,US,
COMPTON MECH SERVICES INC,15768,100000046345392,100000046355195,BILL_TO,100000046340624,4776,COMPTON MECH SERVICES INC,100000046350403,A,16313,A,1900-01-01T00:00:00.000+00:00,4712-12-31T00:00:00.000+00:00,Y,P,N,6882,8812 AMERICANA BLVD,,,,INDIANAPOLIS,46268,IN,US,
G & R SERVICES,15769,100000046345973,100000046354648,BILL_TO,100000046340625,4713,G & R SERVICES,100000046350340,A,16894,A,1900-01-01T00:00:00.000+00:00,4712-12-31T00:00:00.000+00:00,Y,P,N,6335,8608 ROSEMARK RD,,,,MILLINGTON,38053,TN,US,
HENDERSON HUTCHERSON & MCCULLOUGH PLC,15770,100000046345393,100000046354651,BILL_TO,100000046340626,3389,HENDERSON HUTCHERSON & MCCULLOUGH PLC,100000046349016,A,16314,A,1900-01-01T00:00:00.000+00:00,4712-12-31T00:00:00.000+00:00,Y,P,N,6338,1200 MARKET ST,,,,CHATTANOOGA,37402,TN,US,
MEMPHIS COLLEGE OF ART,15771,100000046345396,100000046353664,BILL_TO,100000046340627,5126,MEMPHIS COLLEGE OF ART,100000046350753,A,16317,A,1900-01-01T00:00:00.000+00:00,4712-12-31T00:00:00.000+00:00,Y,P,N,5351,1930 POPLAR AVE,,,,MEMPHIS,38104,TN,US,
YOUNG TOUCHSTONE COMPANY,15772,100000046345397,100000046353350,BILL_TO,100000046340628,4781,YOUNG TOUCHSTONE COMPANY,100000046350408,A,16318,A,1900-01-01T00:00:00.000+00:00,4712-12-31T00:00:00.000+00:00,Y,P,N,5037,200 SMITH LN,,,,JACKSON,38301,TN,US,
TUNICA COUNTY SCHOOL DISTRICT,15773,100000046345141,100000046354816,BILL_TO,100000046340629,3394,TUNICA COUNTY SCHOOL DISTRICT,100000046349021,A,16062,A,1900-01-01T00:00:00.000+00:00,4712-12-31T00:00:00.000+00:00,Y,P,N,6503,PO BOX 758,,,,TUNICA,38676,MS,US,
BARNES & BROWER INC,15774,100000046345400,100000046353669,BILL_TO,100000046340630,3687,BARNES & BROWER INC,100000046349314,A,16321,A,1900-01-01T00:00:00.000+00:00,4712-12-31T00:00:00.000+00:00,Y,P,N,5356,3787 OLD GETWELL RD,,,,MEMPHIS,38118,TN,US,
KELLANOVA,15775,100000046344538,100000046354660,BILL_TO,100000046340631,3400,KELLANOVA,100000046349027,A,15459,A,1900-01-01T00:00:00.000+00:00,4712-12-31T00:00:00.000+00:00,Y,P,N,6347,PO BOX 888227,,,,GRAND RAPIDS,49588,MI,US,
PEARL BASEBALL LLC,15776,100000046344896,100000046353243,BILL_TO,100000046340632,4218,PEARL BASEBALL LLC,100000046349845,A,15817,A,1900-01-01T00:00:00.000+00:00,4712-12-31T00:00:00.000+00:00,Y,P,N,4930,1 BRAVES WAY,,,,PEARL,39208,MS,US,
NORTHRICH COMPANY,15777,100000046344541,100000046354824,BILL_TO,100000046340633,4785,NORTHRICH COMPANY,100000046350412,A,15462,A,1900-01-01T00:00:00.000+00:00,4712-12-31T00:00:00.000+00:00,Y,P,N,6511,9545 MIDWEST AVE,,,,GARFIELD HEIGHTS,44125,OH,US,
PHC-CLEVLAND/BOLIVAR MEDICAL,15778,100000046345151,100000046354664,BILL_TO,100000046340634,3403,PHC-CLEVLAND/BOLIVAR MEDICAL,100000046349030,A,16072,A,1900-01-01T00:00:00.000+00:00,4712-12-31T00:00:00.000+00:00,Y,P,N,6351,PO BOX 1380,,,,CLEVELAND,38732,MS,US,
NIBCO,15779,100000046346567,100000046354230,BILL_TO,100000046340635,3405,NIBCO,100000046349032,A,17488,A,1900-01-01T00:00:00.000+00:00,4712-12-31T00:00:00.000+00:00,Y,P,N,5917,1516 MIDDLEBURY ST,,,,ELKHART,46516-4740,IN,US,
HORIZON CONSTRUCTION COMPANY,15780,100000046344545,100000046355203,BILL_TO,100000046340636,3696,HORIZON CONSTRUCTION COMPANY,100000046349323,A,15466,A,1900-01-01T00:00:00.000+00:00,4712-12-31T00:00:00.000+00:00,Y,P,N,6890,415 WINKLER DR,,,,ALPHARETTA,30004,GA,US,
BAY MOTOR WINDING,15781,100000046346570,100000046354234,BILL_TO,100000046340637,4789,BAY MOTOR WINDING,100000046350416,A,17491,A,1900-01-01T00:00:00.000+00:00,4712-12-31T00:00:00.000+00:00,Y,P,N,5921,PO BOX 411,,,,LONG BEACH,39560,MS,US,
KE MECHANICAL,15782,100000046344547,100000046354670,BILL_TO,100000046340638,3700,KE MECHANICAL,100000046349327,A,15468,A,1900-01-01T00:00:00.000+00:00,4712-12-31T00:00:00.000+00:00,Y,P,N,6357,5588 HWY 81 E,,,,MCDONOUGH,30252,GA,US,
INDOOR SOLUTIONS INC,15783,100000046345991,100000046355249,BILL_TO,100000046340639,3702,INDOOR SOLUTIONS INC,100000046349329,A,16912,A,1900-01-01T00:00:00.000+00:00,4712-12-31T00:00:00.000+00:00,Y,P,N,6936,411 1ST AVE,,,,COLUMBUS,31901,GA,US,
MFI MEDICAL FOUNDATION A/P,15784,100000046346579,100000046354877,BILL_TO,100000046340640,4795,MFI MEDICAL FOUNDATION A/P,100000046350422,A,17500,A,1900-01-01T00:00:00.000+00:00,4712-12-31T00:00:00.000+00:00,Y,P,N,6564,1314 19TH AVE,,,,MERIDIAN,39301,MS,US,
GBS LTD,15785,100000046345706,100000046355405,BILL_TO,100000046340641,3704,GBS LTD,100000046349331,A,16627,A,1900-01-01T00:00:00.000+00:00,4712-12-31T00:00:00.000+00:00,Y,P,N,7092,1E CHIMNEY ROCK RD,,,,BOUND BROOK,08805,NJ,US,
RGB SHEET METAL,15786,100000046345415,100000046354243,BILL_TO,100000046340642,3730,RGB SHEET METAL,100000046349357,A,16336,A,1900-01-01T00:00:00.000+00:00,4712-12-31T00:00:00.000+00:00,Y,P,N,5930,4321 E JOHNSON RD,,,,JONESBORO,72403,AR,US,
AA ADVANCE AIR,15787,100000046345417,100000046353370,BILL_TO,100000046340643,4732,AA ADVANCE AIR,100000046350359,A,16338,A,1900-01-01T00:00:00.000+00:00,4712-12-31T00:00:00.000+00:00,Y,P,N,5057,1920 MW 32ND ST,,,,POMPANO BEACH,33064,FL,US,
GUY'S AC & HTG,15788,100000046346586,100000046353690,BILL_TO,100000046340644,3711,GUY'S AC & HTG,100000046349338,A,17507,A,1900-01-01T00:00:00.000+00:00,4712-12-31T00:00:00.000+00:00,Y,P,N,5377,19917 FM 1485 RD,,,,NEW CANEY,77357,TX,US,
SVL SALES,15789,100000046346587,100000046353372,BILL_TO,100000046340645,3965,SVL SALES,100000046349592,A,17508,A,1900-01-01T00:00:00.000+00:00,4712-12-31T00:00:00.000+00:00,Y,P,N,5059,4600 CHURCHILL ST,,,,SAINT PAUL,55126,MN,US,
IMMANUEL LUTHERAN,15790,100000046345421,100000046353265,BILL_TO,100000046340646,3966,IMMANUEL LUTHERAN,100000046349593,A,16342,A,1900-01-01T00:00:00.000+00:00,4712-12-31T00:00:00.000+00:00,Y,P,N,4952,6325 RALEIGH LAGRANGE,,,,MEMPHIS,38134,TN,US,
GEN X INN,15791,100000046344565,100000046354251,BILL_TO,100000046340647,4736,GEN X INN,100000046350363,A,15486,A,1900-01-01T00:00:00.000+00:00,4712-12-31T00:00:00.000+00:00,Y,P,N,5938,1177 MADISON AVE,,,,MEMPHIS,38104,TN,US,
DIXIE CONTRACTORS,15792,100000046344917,100000046354268,BILL_TO,100000046340648,5162,DIXIE CONTRACTORS,100000046350789,A,15838,A,1900-01-01T00:00:00.000+00:00,4712-12-31T00:00:00.000+00:00,Y,P,N,5955,PO BOX 323,,,,JONESBORO,72402,AR,US,
CLIMATE SERVICE INC,15793,100000046346242,100000046354582,BILL_TO,100000046340649,5330,CLIMATE SERVICE INC,100000046350957,A,17163,A,1900-01-01T00:00:00.000+00:00,4712-12-31T00:00:00.000+00:00,Y,P,N,6269,602 OLIVER RD,,,,MONTGOMERY,36117,AL,US,
ESM MEMPHIS LLC,15794,100000046346245,100000046354156,BILL_TO,100000046340650,5331,ESM MEMPHIS LLC,100000046350958,A,17166,A,1900-01-01T00:00:00.000+00:00,4712-12-31T00:00:00.000+00:00,Y,P,N,5843,3411 SHANNON PARK DR,,,,FREDERICKSBURG,22408,VA,US,
BARD MANUFACTURING,15795,100000046345323,100000046354486,BILL_TO,100000046340651,5001,BARD MANUFACTURING,100000046350628,A,16244,A,1900-01-01T00:00:00.000+00:00,4712-12-31T00:00:00.000+00:00,Y,P,N,6173,PO BOX 73293-N,,,,CLEVELAND,44193-0814,OH,US,
ALAMO MECHANICAL,15796,100000046344778,100000046354586,BILL_TO,100000046340652,4427,ALAMO MECHANICAL,100000046350054,A,15699,A,1900-01-01T00:00:00.000+00:00,4712-12-31T00:00:00.000+00:00,Y,P,N,6273,28284 HWY 603,,,,PERKINSTON,39573,MS,US,
MEMPHIS AUDIO,15797,100000046345873,100000046353896,BILL_TO,100000046340653,3891,MEMPHIS AUDIO,100000046349518,A,16794,A,1900-01-01T00:00:00.000+00:00,4712-12-31T00:00:00.000+00:00,Y,P,N,5583,2117 HILLSHIRE CIR,,,,MEMPHIS,38133,TN,US,
JUSTIN CARTWRIGHT,15798,100000046344841,100000046353630,BILL_TO,100000046340654,5005,JUSTIN CARTWRIGHT,100000046350632,A,15762,A,1900-01-01T00:00:00.000+00:00,4712-12-31T00:00:00.000+00:00,Y,P,N,5317,1655-B SLOCUM RD,,,,HERNANDO,38632,MS,US,
AMAZON.COM SERVICES LLC,15799,100000046345632,100000046355292,BILL_TO,100000046340655,3892,AMAZON.COM SERVICES LLC,100000046349519,A,16553,A,1900-01-01T00:00:00.000+00:00,4712-12-31T00:00:00.000+00:00,Y,P,N,6979,12386 CROSSROADS DR,,,,OLIVE BRANCH,38654,MS,US,
CHESTER COUNTY JUSTICE COMPLEX,15800,100000046344842,100000046354587,BILL_TO,100000046340656,4169,CHESTER COUNTY JUSTICE COMPLEX,100000046349796,A,15763,A,1900-01-01T00:00:00.000+00:00,4712-12-31T00:00:00.000+00:00,Y,P,N,6274,159 E MAIN ST,,,,HENDERSON,38340,TN,US,
INDUSTRIAL AIR SERVICES,15801,100000046345327,100000046355093,BILL_TO,100000046340657,5028,INDUSTRIAL AIR SERVICES,100000046350655,A,16248,A,1900-01-01T00:00:00.000+00:00,4712-12-31T00:00:00.000+00:00,Y,P,N,6780,721 SPRINGFIELD ST,,,,DAYTON,45403,OH,US,
WMC MECHANICAL INC,15802,100000046344847,100000046354589,BILL_TO,100000046340658,4659,WMC MECHANICAL INC,100000046350286,A,15768,A,1900-01-01T00:00:00.000+00:00,4712-12-31T00:00:00.000+00:00,Y,P,N,6276,1820 N NIAS AVE,,,,SPRINGFIELD,65803,MO,US,
JOHN J CAMPBELL CO,15803,100000046344851,100000046355297,BILL_TO,100000046340659,5033,JOHN J CAMPBELL CO,100000046350660,A,15772,A,1900-01-01T00:00:00.000+00:00,4712-12-31T00:00:00.000+00:00,Y,P,N,6984,6012 RESOURCES DR,,,,MEMPHIS,38134,TN,US,
EDWARDS ELECTRIC SERVICE,15804,100000046345331,100000046354496,BILL_TO,100000046340660,5347,EDWARDS ELECTRIC SERVICE,100000046350974,A,16252,A,1900-01-01T00:00:00.000+00:00,4712-12-31T00:00:00.000+00:00,Y,P,N,6183,PO BOX 4277,,,,MERIDIAN,39304,MS,US,
B & G DISTRIBUTING,15805,100000046344854,100000046355300,BILL_TO,100000046340661,3632,B & G DISTRIBUTING,100000046349259,A,15775,A,1900-01-01T00:00:00.000+00:00,4712-12-31T00:00:00.000+00:00,Y,P,N,6987,6080 RESOURCES DR,,,,MEMPHIS,38134,TN,US,
GOLDING BARGE LINE,15806,100000046345077,100000046355104,BILL_TO,100000046340662,4668,GOLDING BARGE LINE,100000046350295,A,15998,A,1900-01-01T00:00:00.000+00:00,4712-12-31T00:00:00.000+00:00,Y,P,N,6791,101 LEE ST,,,,VICKSBURG,39180,MS,US,
REMCO INC,15807,100000046346265,100000046353303,BILL_TO,100000046340663,4178,REMCO INC,100000046349805,A,17186,A,1900-01-01T00:00:00.000+00:00,4712-12-31T00:00:00.000+00:00,Y,P,N,4990,195 HEMPT RD,,,,MECHANICSBURG,17050,PA,US,
PROJECT HEATING & COOLING CO,15808,100000046345884,100000046354502,BILL_TO,100000046340664,3899,PROJECT HEATING & COOLING CO,100000046349526,A,16805,A,1900-01-01T00:00:00.000+00:00,4712-12-31T00:00:00.000+00:00,Y,P,N,6189,515 N ENGLISH STATION RD,,,,LOUISVILLE,40253-0669,KY,US,
NORTHEAST MISSISSIPPI GAS CO,15809,100000046345098,100000046353304,BILL_TO,100000046340665,4440,NORTHEAST MISSISSIPPI GAS CO,100000046350067,A,16019,A,1900-01-01T00:00:00.000+00:00,4712-12-31T00:00:00.000+00:00,Y,P,N,4991,PO BOX 368,,,,HOUSTON,38851,MS,US,
ROY MAY HEATING & AIR,15810,100000046345646,100000046353902,BILL_TO,100000046340666,5049,ROY MAY HEATING & AIR,100000046350676,A,16567,A,1900-01-01T00:00:00.000+00:00,4712-12-31T00:00:00.000+00:00,Y,P,N,5589,9489 CORDOVA PARK RD,,,,CORDOVA,38018,TN,US,
TEMPERATURE INC,15811,100000046345341,100000046354170,BILL_TO,100000046340667,3646,TEMPERATURE INC,100000046349273,A,16262,A,1900-01-01T00:00:00.000+00:00,4712-12-31T00:00:00.000+00:00,Y,P,N,5857,7500 APPLING CENTER DR,,,,MEMPHIS,38133,TN,US,
STEVENS MECHANICAL SYSTEMS,15812,100000046345342,100000046354171,BILL_TO,100000046340668,5040,STEVENS MECHANICAL SYSTEMS,100000046350667,A,16263,A,1900-01-01T00:00:00.000+00:00,4712-12-31T00:00:00.000+00:00,Y,P,N,5858,110 LONE WOLF DR,,,,MADISON,39110,MS,US,
UNION UNIVERSITY,15813,100000046345653,100000046353309,BILL_TO,100000046340669,5041,UNION UNIVERSITY,100000046350668,A,16574,A,1900-01-01T00:00:00.000+00:00,4712-12-31T00:00:00.000+00:00,Y,P,N,4996,1050 UNION UNIVERSITY DR,,,,JACKSON,38305,TN,US,
MOXY,15814,100000046345105,100000046354505,BILL_TO,100000046340670,5044,MOXY,100000046350671,A,16026,A,1900-01-01T00:00:00.000+00:00,4712-12-31T00:00:00.000+00:00,Y,P,N,6192,40 N FRONT ST,,,,MEMPHIS,38103,TN,US,
BLUFF CITY FIRE PROT & MECH,15815,100000046345654,100000046354615,BILL_TO,100000046340671,4185,BLUFF CITY FIRE PROT & MECH,100000046349812,A,16575,A,1900-01-01T00:00:00.000+00:00,4712-12-31T00:00:00.000+00:00,Y,P,N,6302,2000 SYCAMORE VIEW,,,,MEMPHIS,38134,TN,US,
CARRIER ENTERPRISE LLC,15816,100000046346279,100000046354734,BILL_TO,100000046340672,3904,CARRIER ENTERPRISE LLC,100000046349531,A,17200,A,1900-01-01T00:00:00.000+00:00,4712-12-31T00:00:00.000+00:00,Y,P,N,6421,1401 ERIE BLVD E STE 2,,,,SYRACUSE,13210,NY,US,
CHANCELLOR'S HOUSE OXFORD,15817,100000046345083,100000046353318,BILL_TO,100000046340673,5057,CHANCELLOR'S HOUSE OXFORD,100000046350684,A,16004,A,1900-01-01T00:00:00.000+00:00,4712-12-31T00:00:00.000+00:00,Y,P,N,5005,425 S LAMAR BLVD,,,,OXFORD,38655,MS,US,
ENVIRONMENTAL TEST & BALANCE,15818,100000046344859,100000046354618,BILL_TO,100000046340674,5058,ENVIRONMENTAL TEST & BALANCE,100000046350685,A,15780,A,1900-01-01T00:00:00.000+00:00,4712-12-31T00:00:00.000+00:00,Y,P,N,6305,6692 FLETCHER CREEK COVE,,,,MEMPHIS,38133,TN,US,
WEST MEMPHIS SCHOOL DISTRICT,15819,100000046344860,100000046354736,BILL_TO,100000046340675,4447,WEST MEMPHIS SCHOOL DISTRICT,100000046350074,A,15781,A,1900-01-01T00:00:00.000+00:00,4712-12-31T00:00:00.000+00:00,Y,P,N,6423,PO BOX 826,,,,WEST MEMPHIS,72303,AR,US,
BALTIMORE AIRCOIL COMPANY,15820,100000046344863,100000046354621,BILL_TO,100000046340676,3909,BALTIMORE AIRCOIL COMPANY,100000046349536,A,15784,A,1900-01-01T00:00:00.000+00:00,4712-12-31T00:00:00.000+00:00,Y,P,N,6308,7600 DORSEY RUN RD,,,,JESSUP,20794,MD,US,
MEMPHIS JEWISH HOME,15821,100000046346283,100000046354179,BILL_TO,100000046340677,5060,MEMPHIS JEWISH HOME,100000046350687,A,17204,A,1900-01-01T00:00:00.000+00:00,4712-12-31T00:00:00.000+00:00,Y,P,N,5866,36 BAZEBERRY RD,,,,CORDOVA,38018,TN,US,
MECHANICAL COMFORT INC,15822,100000046345086,100000046353322,BILL_TO,100000046340678,4748,MECHANICAL COMFORT INC,100000046350375,A,16007,A,1900-01-01T00:00:00.000+00:00,4712-12-31T00:00:00.000+00:00,Y,P,N,5009,302 SONDROL AVE,,,,AMES,50010,IA,US,
DYERSBURG HEALTH,15823,100000046346470,100000046354125,BILL_TO,100000046340679,3588,DYERSBURG HEALTH,100000046349215,A,17391,A,1900-01-01T00:00:00.000+00:00,4712-12-31T00:00:00.000+00:00,Y,P,N,5812,400 E TICKLE ST,,,,DYERSBURG,38024,TN,US,
ASU-JONESBORO,15824,100000046344798,100000046355208,BILL_TO,100000046340680,3590,ASU-JONESBORO,100000046349217,A,15719,A,1900-01-01T00:00:00.000+00:00,4712-12-31T00:00:00.000+00:00,Y,P,N,6895,PO BOX 850,,,,STATE UNIVERISTY,72467,AR,US,
COUNTRY BOY COOLIN & HEATIN,15825,100000046345601,100000046354401,BILL_TO,100000046340681,3577,COUNTRY BOY COOLIN & HEATIN,100000046349204,A,16522,A,1900-01-01T00:00:00.000+00:00,4712-12-31T00:00:00.000+00:00,Y,P,N,6088,4190 LOWER SEQUIN RD,,,,CIBOLO,78108,TX,US,
KINGS COURT LLC,15826,100000046344741,100000046353860,BILL_TO,100000046340682,5306,KINGS COURT LLC,100000046350933,A,15662,A,1900-01-01T00:00:00.000+00:00,4712-12-31T00:00:00.000+00:00,Y,P,N,5547,280 MARATHON WAY,,,,SOUTHAVEN,38671,MS,US,
TRANE - NASHVILLE,15827,100000046345841,100000046355017,BILL_TO,100000046340683,4405,TRANE - NASHVILLE,100000046350032,A,16762,A,1900-01-01T00:00:00.000+00:00,4712-12-31T00:00:00.000+00:00,Y,P,N,6704,601 GRASSMERE PARK DR,,,,NASHVILLE,37211,TN,US,
ALL STAR AUTOMOTIVE GROUP,15828,100000046344807,100000046354404,BILL_TO,100000046340684,3594,ALL STAR AUTOMOTIVE GROUP,100000046349221,A,15728,A,1900-01-01T00:00:00.000+00:00,4712-12-31T00:00:00.000+00:00,Y,P,N,6091,PO BOX 77330,,,,BATON ROUGE,70879-7330,LA,US,
RAYPACK,15829,100000046346202,100000046355217,BILL_TO,100000046340685,4139,RAYPACK,100000046349766,A,17123,A,1900-01-01T00:00:00.000+00:00,4712-12-31T00:00:00.000+00:00,Y,P,N,6904,2151 EMAN AVE,,,,OXNARD,93030,CA,US,
NORTHEAST MS COMMUNITY COLLEGE,15830,100000046345042,100000046354082,BILL_TO,100000046340686,4635,NORTHEAST MS COMMUNITY COLLEGE,100000046350262,A,15963,A,1900-01-01T00:00:00.000+00:00,4712-12-31T00:00:00.000+00:00,Y,P,N,5769,101 CUNNINGHAM BLVD,,,,BOONEVILLE,38829,MS,US,
CITY ELECTRIC,15831,100000046345043,100000046354132,BILL_TO,100000046340687,3600,CITY ELECTRIC,100000046349227,A,15964,A,1900-01-01T00:00:00.000+00:00,4712-12-31T00:00:00.000+00:00,Y,P,N,5819,4210 ACCESS RD,,,,JONESBORO,72401,AR,US,
FARM CREDIT MIDSOUTH,15832,100000046345609,100000046354083,BILL_TO,100000046340688,4141,FARM CREDIT MIDSOUTH,100000046349768,A,16530,A,1900-01-01T00:00:00.000+00:00,4712-12-31T00:00:00.000+00:00,Y,P,N,5770,3000 PROSPERITY DR,,,,JONESBORO,72404,AR,US,
MAYFIELD HEATING & A/C,15833,100000046345044,100000046355023,BILL_TO,100000046340689,4408,MAYFIELD HEATING & A/C,100000046350035,A,15965,A,1900-01-01T00:00:00.000+00:00,4712-12-31T00:00:00.000+00:00,Y,P,N,6710,213 N MAIN ST,,,,PETAL,39465,MS,US,
OMNISOURCE,15834,100000046344816,100000046353868,BILL_TO,100000046340690,4411,OMNISOURCE,100000046350038,A,15737,A,1900-01-01T00:00:00.000+00:00,4712-12-31T00:00:00.000+00:00,Y,P,N,5555,304 W BANKHEAD,,,,NEW ALBANY,38652,MS,US,
DR CONNOR DENISON,15835,100000046344756,100000046354412,BILL_TO,100000046340691,4145,DR CONNOR DENISON,100000046349772,A,15677,A,1900-01-01T00:00:00.000+00:00,4712-12-31T00:00:00.000+00:00,Y,P,N,6099,110 ROSE PERKINS EVANS DR,,,,STARKVILLE,39759,MS,US,
TRIPLEX INC,15836,100000046346205,100000046354549,BILL_TO,100000046340692,3867,TRIPLEX INC,100000046349494,A,17126,A,1900-01-01T00:00:00.000+00:00,4712-12-31T00:00:00.000+00:00,Y,P,N,6236,1408 ROBERT E LEE ST,,,,EL DORADO,71730,AR,US,
ALLIANCE HEALTH SERVICES,15837,100000046345300,100000046354416,BILL_TO,100000046340693,4148,ALLIANCE HEALTH SERVICES,100000046349775,A,16221,A,1900-01-01T00:00:00.000+00:00,4712-12-31T00:00:00.000+00:00,Y,P,N,6103,1211 UNION AVE,,,,MEMPHIS,38104,TN,US,
UNIVERSITY HTG & CLG,15838,100000046345615,100000046354140,BILL_TO,100000046340694,4642,UNIVERSITY HTG & CLG,100000046350269,A,16536,A,1900-01-01T00:00:00.000+00:00,4712-12-31T00:00:00.000+00:00,Y,P,N,5827,6010 WMINSTER,,,,SAN ANGELO,76901,TX,US,
AIR MAN A/C,15839,100000046344759,100000046355027,BILL_TO,100000046340695,4964,AIR MAN A/C,100000046350591,A,15680,A,1900-01-01T00:00:00.000+00:00,4712-12-31T00:00:00.000+00:00,Y,P,N,6714,9423 W COMMERCE ST,,,,HERNANDO,38632,MS,US,
GAP MANAGEMENT,15840,100000046344821,100000046354142,BILL_TO,100000046340696,4604,GAP MANAGEMENT,100000046350231,A,15742,A,1900-01-01T00:00:00.000+00:00,4712-12-31T00:00:00.000+00:00,Y,P,N,5829,PO BOX 868,,,,CARENCRO,70520,LA,US,
W A SOEFKER & SON INC,15841,100000046345303,100000046353608,BILL_TO,100000046340697,4968,W A SOEFKER & SON INC,100000046350595,A,16224,A,1900-01-01T00:00:00.000+00:00,4712-12-31T00:00:00.000+00:00,Y,P,N,5295,1568 PANAMA ST,,,,MEMPHIS,38108,TN,US,
JOHNSON CONTROLS,15842,100000046345058,100000046353881,BILL_TO,100000046340698,3873,JOHNSON CONTROLS,100000046349500,A,15979,A,1900-01-01T00:00:00.000+00:00,4712-12-31T00:00:00.000+00:00,N,Y,N,5568,6935 APPLING FAMS PKWY,,,,MEMPHIS,38133,TN,US,
JOHNSON CONTROLS,15842,100000046345309,100000046353613,BILL_TO,100000046340698,3873,JOHNSON CONTROLS,100000046349500,A,16230,A,1900-01-01T00:00:00.000+00:00,4712-12-31T00:00:00.000+00:00,Y,P,N,5300,PO BOX 730743,,,,DALLAS,75373,TX,US,
JOHNSON CONTROLS,15842,100000046345855,100000046354092,BILL_TO,100000046340698,3873,JOHNSON CONTROLS,100000046349500,A,16776,A,1900-01-01T00:00:00.000+00:00,4712-12-31T00:00:00.000+00:00,N,Y,N,5779,PO BOX 2012,,,,MILWAUKEE,53201,WI,US,
JOHNSON CONTROLS,15842,100000046346222,100000046354559,BILL_TO,100000046340698,3873,JOHNSON CONTROLS,100000046349500,A,17143,A,1900-01-01T00:00:00.000+00:00,4712-12-31T00:00:00.000+00:00,N,Y,N,6246,193 BUSINESS PARK DR,,,,RIDGELAND,39157,MS,US,
HOLLIS & SPANN CONST,15843,100000046345311,100000046354576,BILL_TO,100000046340699,3874,HOLLIS & SPANN CONST,100000046349501,A,16232,A,1900-01-01T00:00:00.000+00:00,4712-12-31T00:00:00.000+00:00,Y,P,N,6263,PO BOX 1530,,,,DOTHAN,36302,AL,US,
DOUG LAMBERT,15844,100000046345061,100000046353882,BILL_TO,100000046340700,4984,DOUG LAMBERT,100000046350611,A,15982,A,1900-01-01T00:00:00.000+00:00,4712-12-31T00:00:00.000+00:00,Y,P,N,5569,22254 PARTHENIA ST,,,,CANOGA PARK,91304,CA,US,
ENVIRONMENTAL PRODUCTS INC,15845,100000046346224,100000046355230,BILL_TO,100000046340701,4156,ENVIRONMENTAL PRODUCTS INC,100000046349783,A,17145,A,1900-01-01T00:00:00.000+00:00,4712-12-31T00:00:00.000+00:00,Y,P,N,6917,4129 CROSSHAVEN LN,,,,BIRMINGHAM,35243,AL,US,
ROB'S AC & HEATING,15846,100000046345313,100000046354431,BILL_TO,100000046340702,4987,ROB'S AC & HEATING,100000046350614,A,16234,A,1900-01-01T00:00:00.000+00:00,4712-12-31T00:00:00.000+00:00,Y,P,N,6118,2057 PAXTON ST,,,,HARVEY,70058,LA,US,
FAYETTE ACADEMY,15847,100000046346493,100000046353885,BILL_TO,100000046340703,4158,FAYETTE ACADEMY,100000046349785,A,17414,A,1900-01-01T00:00:00.000+00:00,4712-12-31T00:00:00.000+00:00,Y,P,N,5572,15090 HWY 64,,,,SOMERVILLE,38068,TN,US,
HILL COMPANY,15848,100000046345625,100000046355234,BILL_TO,100000046340704,5014,HILL COMPANY,100000046350641,A,16546,A,1900-01-01T00:00:00.000+00:00,4712-12-31T00:00:00.000+00:00,Y,P,N,6921,PO BOX 699,,,,ROSWELL,30077,GA,US,
GORHAM SCHAFFLER SVC,15849,100000046344828,100000046353619,BILL_TO,100000046340705,3884,GORHAM SCHAFFLER SVC,100000046349511,A,15749,A,1900-01-01T00:00:00.000+00:00,4712-12-31T00:00:00.000+00:00,Y,P,N,5306,3095 STONEBROOK CR,,,,MEMPHIS,38116,TN,US,
HAVTECH,15850,100000046344829,100000046355084,BILL_TO,100000046340706,4160,HAVTECH,100000046349787,A,15750,A,1900-01-01T00:00:00.000+00:00,4712-12-31T00:00:00.000+00:00,Y,P,N,6771,9505 BERGER RD,,,,COLUMBIA,21046,MD,US,
KEN SHAPPLEY,15851,100000046344835,100000046354154,BILL_TO,100000046340707,4162,KEN SHAPPLEY,100000046349789,A,15756,A,1900-01-01T00:00:00.000+00:00,4712-12-31T00:00:00.000+00:00,Y,P,N,5841,3235 SHEA RD,,,,COLLIERVILLE,38017,TN,US,
MADISON CO SHERIFF'S OFFICE,15852,100000046345319,100000046354480,BILL_TO,100000046340708,4995,MADISON CO SHERIFF'S OFFICE,100000046350622,A,16240,A,1900-01-01T00:00:00.000+00:00,4712-12-31T00:00:00.000+00:00,Y,P,N,6167,317 DENMARK JACKSON RD,,,,DENMARK,38391,TN,US,
G/S AUTOMATION INC,15853,100000046345174,100000046353699,BILL_TO,100000046340709,3416,G/S AUTOMATION INC,100000046349043,A,16095,A,1900-01-01T00:00:00.000+00:00,4712-12-31T00:00:00.000+00:00,Y,P,N,5386,115 LONE WOLF DR STE A,,,,MADISON,39110,MS,US,
L & W HEATING & AIR,15854,100000046344922,100000046353273,BILL_TO,100000046340710,4740,L & W HEATING & AIR,100000046350367,A,15843,A,1900-01-01T00:00:00.000+00:00,4712-12-31T00:00:00.000+00:00,Y,P,N,4960,215 9TH ST,,,,WYNNE,72396,AR,US,
SPRINGFIELD HEATING & AIR LLC,15855,100000046344572,100000046353380,BILL_TO,100000046340711,4258,SPRINGFIELD HEATING & AIR LLC,100000046349885,A,15493,A,1900-01-01T00:00:00.000+00:00,4712-12-31T00:00:00.000+00:00,Y,P,N,5067,PO BOX 674,,,,MADISON,39130,MS,US,
RIVIANA,15856,100000046345717,100000046354886,BILL_TO,100000046340712,3718,RIVIANA,100000046349345,A,16638,A,1900-01-01T00:00:00.000+00:00,4712-12-31T00:00:00.000+00:00,Y,P,N,6573,85 SHANNON RD,,,,HARRISBURG,17112,PA,US,
FRITTS HEAT & AIR LLC,15857,100000046344573,100000046353704,BILL_TO,100000046340713,3720,FRITTS HEAT & AIR LLC,100000046349347,A,15494,A,1900-01-01T00:00:00.000+00:00,4712-12-31T00:00:00.000+00:00,Y,P,N,5391,155 WES WALKER MEMORIAL DR,,,,BALL GROUND,30107,GA,US,
KEVIN CROSBY,15858,100000046344926,100000046354261,BILL_TO,100000046340714,3721,KEVIN CROSBY,100000046349348,A,15847,A,1900-01-01T00:00:00.000+00:00,4712-12-31T00:00:00.000+00:00,Y,P,N,5948,3567 GILLIA CIR W,,,,BARTLETT,38135,TN,US,
CA MECHANICAL,15859,100000046345432,100000046354888,BILL_TO,100000046340715,5169,CA MECHANICAL,100000046350796,A,16353,A,1900-01-01T00:00:00.000+00:00,4712-12-31T00:00:00.000+00:00,Y,P,N,6575,6601 LYONS RD,,,,COCONUT CREEK,33073,FL,US,
CORRIDOR SERVICES LLC,15860,100000046346018,100000046354890,BILL_TO,100000046340716,4808,CORRIDOR SERVICES LLC,100000046350435,A,16939,A,1900-01-01T00:00:00.000+00:00,4712-12-31T00:00:00.000+00:00,Y,P,N,6577,6 WOODLARK WAY,,,,WIMBERLEY,78676,TX,US,
CONSOLIDATED PIPE & SUPPLY,15861,100000046345184,100000046353711,BILL_TO,100000046340717,3426,CONSOLIDATED PIPE & SUPPLY,100000046349053,A,16105,A,1900-01-01T00:00:00.000+00:00,4712-12-31T00:00:00.000+00:00,N,Y,N,5398,190 MANN RD,,,,COLLIERVILLE,38017,TN,US,
CONSOLIDATED PIPE & SUPPLY,15861,100000046345436,100000046353390,BILL_TO,100000046340717,3426,CONSOLIDATED PIPE & SUPPLY,100000046349053,A,16357,A,1900-01-01T00:00:00.000+00:00,4712-12-31T00:00:00.000+00:00,Y,P,N,5077,4 PRODUCTION DR,,,,LITTLE ROCK,72209,AR,US,
CANOPY MEMPHIS DOWNTOWN,15862,100000046345437,100000046353282,BILL_TO,100000046340718,3455,CANOPY MEMPHIS DOWNTOWN,100000046349082,A,16358,A,1900-01-01T00:00:00.000+00:00,4712-12-31T00:00:00.000+00:00,Y,P,N,4969,164 UNION AVE,,,,MEMPHIS,38103,TN,US,
VOWELL MECHANICAL SERVICES,15863,100000046346597,100000046353283,BILL_TO,100000046340719,5173,VOWELL MECHANICAL SERVICES,100000046350800,A,17518,A,1900-01-01T00:00:00.000+00:00,4712-12-31T00:00:00.000+00:00,Y,P,N,4970,1000 S MAIN ST,,,,COVINGTON,38019,TN,US,
WOOTEN'S HEATING & COOLING,15864,100000046345729,100000046354897,BILL_TO,100000046340720,4810,WOOTEN'S HEATING & COOLING,100000046350437,A,16650,A,1900-01-01T00:00:00.000+00:00,4712-12-31T00:00:00.000+00:00,Y,P,N,6584,249 N SEBASTIAN,,,,WEST HELENA,72390,AR,US,
PRO-TEMP OF IL,15865,100000046344584,100000046355275,BILL_TO,100000046340721,4273,PRO-TEMP OF IL,100000046349900,A,15505,A,1900-01-01T00:00:00.000+00:00,4712-12-31T00:00:00.000+00:00,Y,P,N,6962,PO BOX 708,,,,LAGRANGE,60525,IL,US,
GRINDER-HAIZLIP,15866,100000046346600,100000046353287,BILL_TO,100000046340722,4813,GRINDER-HAIZLIP,100000046350440,A,17521,A,1900-01-01T00:00:00.000+00:00,4712-12-31T00:00:00.000+00:00,Y,P,N,4974,1989 VANDERHORN DR,,,,MEMPHIS,38134,TN,US,
TUCKER ELECTRIC,15867,100000046344588,100000046353395,BILL_TO,100000046340723,5177,TUCKER ELECTRIC,100000046350804,A,15509,A,1900-01-01T00:00:00.000+00:00,4712-12-31T00:00:00.000+00:00,Y,P,N,5082,1235 MAIN ST,,,,TUNICA,38676,MS,US,
AIR MANAGEMENT OF MERIDIAN LLC,15868,100000046345737,100000046355278,BILL_TO,100000046340724,4816,AIR MANAGEMENT OF MERIDIAN LLC,100000046350443,A,16658,A,1900-01-01T00:00:00.000+00:00,4712-12-31T00:00:00.000+00:00,Y,P,N,6965,PO BOX 3186,,,,MERIDIAN,39303,MS,US,
LANDMARK CONSTRUCTION,15869,100000046345446,100000046353940,BILL_TO,100000046340725,3985,LANDMARK CONSTRUCTION,100000046349612,A,16367,A,1900-01-01T00:00:00.000+00:00,4712-12-31T00:00:00.000+00:00,Y,P,N,5627,1897 THOMAS RD,,,,MEMPHIS,38134,TN,US,
J & B SUPPLY,15870,100000046344937,100000046353471,BILL_TO,100000046340726,3458,J & B SUPPLY,100000046349085,A,15858,A,1900-01-01T00:00:00.000+00:00,4712-12-31T00:00:00.000+00:00,Y,P,N,5158,4915 S ZERO ST,,,,FORT SMITH,72903,AR,US,
R & B MECHANICAL SERVICES LLC,15871,100000046345742,100000046354903,BILL_TO,100000046340727,4484,R & B MECHANICAL SERVICES LLC,100000046350111,A,16663,A,1900-01-01T00:00:00.000+00:00,4712-12-31T00:00:00.000+00:00,Y,P,N,6590,1512 2ND ST,,,,MUSCLE SHOALS,35661,AL,US,
ST AGNES ACADEMY,15872,100000046346604,100000046353943,BILL_TO,100000046340728,3459,ST AGNES ACADEMY,100000046349086,A,17525,A,1900-01-01T00:00:00.000+00:00,4712-12-31T00:00:00.000+00:00,Y,P,N,5630,4830 WALNUT GROVE RD,,,,MEMPHIS,03817,TN,US,
INTERCOMPANY PARTS MISS,15873,100000046345192,100000046354905,BILL_TO,100000046340729,3461,INTERCOMPANY PARTS MISS,100000046349088,A,16113,A,1900-01-01T00:00:00.000+00:00,4712-12-31T00:00:00.000+00:00,Y,P,N,6592,115 LONE WOLF DR #A,,,,MADISON,39110,MS,US,
ADVANTAGE HEATING & COOLING,15874,100000046345450,100000046353476,BILL_TO,100000046340730,3988,ADVANTAGE HEATING & COOLING,100000046349615,A,16371,A,1900-01-01T00:00:00.000+00:00,4712-12-31T00:00:00.000+00:00,Y,P,N,5163,1110 E FILLMORE ST,,,,COLORADO SPRINGS,80907,CO,US,
CARY OCONNEL,15875,100000046344632,100000046354909,BILL_TO,100000046340731,4487,CARY OCONNEL,100000046350114,A,15553,A,1900-01-01T00:00:00.000+00:00,4712-12-31T00:00:00.000+00:00,Y,P,N,6596,10220 GILLISPIE OAK DR,,,,LAKELAND,38002,TN,US,
JEFF'S HEATING & COOLING,15876,100000046345200,100000046353405,BILL_TO,100000046340732,3772,JEFF'S HEATING & COOLING,100000046349399,A,16121,A,1900-01-01T00:00:00.000+00:00,4712-12-31T00:00:00.000+00:00,Y,P,N,5092,136 S CHINKAPIN DR,,,,ATOKA,38004,TN,US,
EAST CENTRAL COMMUNITY COLLEGE,15877,100000046345202,100000046353406,BILL_TO,100000046340733,3773,EAST CENTRAL COMMUNITY COLLEGE,100000046349400,A,16123,A,1900-01-01T00:00:00.000+00:00,4712-12-31T00:00:00.000+00:00,Y,P,N,5093,PO BOX 129,,,,DECATUR,39327,MS,US,
FORREST CITY SCHOOL DISTRICT,15878,100000046346617,100000046354962,BILL_TO,100000046340734,4496,FORREST CITY SCHOOL DISTRICT,100000046350123,A,17538,A,1900-01-01T00:00:00.000+00:00,4712-12-31T00:00:00.000+00:00,Y,P,N,6649,845 N ROSSER ST,,,,FORREST CITY,72335,AR,US,
NAES CORP - PLUM POINT ENERGY,15879,100000046345207,100000046355341,BILL_TO,100000046340735,4002,NAES CORP - PLUM POINT ENERGY,100000046349629,A,16128,A,1900-01-01T00:00:00.000+00:00,4712-12-31T00:00:00.000+00:00,Y,P,N,7028,PO BOX 567,,,,OSCEOLA,72370,AR,US,
MC'S AIR CONDITIONING & HEAT,15880,100000046345763,100000046354302,BILL_TO,100000046340736,4830,MC'S AIR CONDITIONING & HEAT,100000046350457,A,16684,A,1900-01-01T00:00:00.000+00:00,4712-12-31T00:00:00.000+00:00,Y,P,N,5989,6 SPRING LAKE CIR,,,,PEARL,39208,MS,US,
MCKENNEYS INC,15881,100000046346351,100000046353960,BILL_TO,100000046340737,3784,MCKENNEYS INC,100000046349411,A,17272,A,1900-01-01T00:00:00.000+00:00,4712-12-31T00:00:00.000+00:00,Y,P,N,5647,1056 MORELAND INDUSTRIAL BLVD,,,,ATLANTA,30316,GA,US,
GALA ENGINEERING,15882,100000046345764,100000046354964,BILL_TO,100000046340738,4497,GALA ENGINEERING,100000046350124,A,16685,A,1900-01-01T00:00:00.000+00:00,4712-12-31T00:00:00.000+00:00,Y,P,N,6651,7975 STAGE HILLS BVLD #5,,,,BARTLETT,38133,TN,US,
MECH TECH LLC,15883,100000046345353,100000046354511,BILL_TO,100000046340739,3659,MECH TECH LLC,100000046349286,A,16274,A,1900-01-01T00:00:00.000+00:00,4712-12-31T00:00:00.000+00:00,Y,P,N,6198,7360 OLD BROWNSVILLE,,,,BARTLETT,38002,TN,US,
SOUTHEASTERN MECHANICAL SERVIC,15884,100000046345354,100000046353919,BILL_TO,100000046340740,5063,SOUTHEASTERN MECHANICAL SERVIC,100000046350690,A,16275,A,1900-01-01T00:00:00.000+00:00,4712-12-31T00:00:00.000+00:00,Y,P,N,5606,1755 RED ROSE LN,,,,LOGANVILLE,30052,GA,US,
CITY OF TUPLEO-PUBLIC WORKS,15885,100000046345905,100000046354512,BILL_TO,100000046340741,5084,CITY OF TUPLEO-PUBLIC WORKS,100000046350711,A,16826,A,1900-01-01T00:00:00.000+00:00,4712-12-31T00:00:00.000+00:00,Y,P,N,6199,604 CROSSOVER RD,,,,TUPELO,38801,MS,US,
CRISELDA DOMINGUEZ,15886,100000046345907,100000046354181,BILL_TO,100000046340742,4688,CRISELDA DOMINGUEZ,100000046350315,A,16828,A,1900-01-01T00:00:00.000+00:00,4712-12-31T00:00:00.000+00:00,Y,P,N,5868,14622 MARINE RD,,,,HUMBLE,77396,TX,US,
CWS HVAC SERVICE SOLUTIONS LLC,15887,100000046344867,100000046355314,BILL_TO,100000046340743,3916,CWS HVAC SERVICE SOLUTIONS LLC,100000046349543,A,15788,A,1900-01-01T00:00:00.000+00:00,4712-12-31T00:00:00.000+00:00,Y,P,N,7001,444 WATSON DESOTO RD,,,,BYHALIA,38611,MS,US,
SCOTT SYSTEMS HEATING & AIR,15888,100000046346528,100000046355316,BILL_TO,100000046340744,3917,SCOTT SYSTEMS HEATING & AIR,100000046349544,A,17449,A,1900-01-01T00:00:00.000+00:00,4712-12-31T00:00:00.000+00:00,Y,P,N,7003,2811 MIRAMAR,,,,PINE BLUFF,71603,AR,US,
OLIVER OXFORD LLC,15889,100000046346529,100000046353924,BILL_TO,100000046340745,4692,OLIVER OXFORD LLC,100000046350319,A,17450,A,1900-01-01T00:00:00.000+00:00,4712-12-31T00:00:00.000+00:00,Y,P,N,5611,425 S LAMAR BLVD,,,,OXFORD,38655,MS,US,
SOURCE BLUE,15890,100000046345669,100000046355167,BILL_TO,100000046340746,3663,SOURCE BLUE,100000046349290,A,16590,A,1900-01-01T00:00:00.000+00:00,4712-12-31T00:00:00.000+00:00,Y,P,N,6854,3 PARAGON DR,,,,MONTVALE,07645,NJ,US,
HOT SPRINGS CONVENTION CENTER,15891,100000046346530,100000046354518,BILL_TO,100000046340747,3918,HOT SPRINGS CONVENTION CENTER,100000046349545,A,17451,A,1900-01-01T00:00:00.000+00:00,4712-12-31T00:00:00.000+00:00,Y,P,N,6205,134 CONVENTION BLVD,,,,HOT SPRINGS,70901,AR,US,
AIR MASTERS HVAC SERVICES OF N,15892,100000046345092,100000046354629,BILL_TO,100000046340748,5093,AIR MASTERS HVAC SERVICES OF N,100000046350720,A,16013,A,1900-01-01T00:00:00.000+00:00,4712-12-31T00:00:00.000+00:00,Y,P,N,6316,PO BOX 768,,,,FALL RIVER,02722,MA,US,
FLUID SOLUTIONS,15893,100000046345094,100000046355320,BILL_TO,100000046340749,5096,FLUID SOLUTIONS,100000046350723,A,16015,A,1900-01-01T00:00:00.000+00:00,4712-12-31T00:00:00.000+00:00,Y,P,N,7007,6815 DEWAFFLEBAKER DR,,,,MAUMELLE,72113,AR,US,
BREWERS HEATING & AIR,15894,100000046346288,100000046354566,BILL_TO,100000046340750,3924,BREWERS HEATING & AIR,100000046349551,A,17209,A,1900-01-01T00:00:00.000+00:00,4712-12-31T00:00:00.000+00:00,Y,P,N,6253,179 S DEVILS DEN RD,,,,WINSLOW,72959,AR,US,
TRUST HOTEL GROUPS LLC,15895,100000046345122,100000046354634,BILL_TO,100000046340751,5102,TRUST HOTEL GROUPS LLC,100000046350729,A,16043,A,1900-01-01T00:00:00.000+00:00,4712-12-31T00:00:00.000+00:00,Y,P,N,6321,1220 W PRIEN LAKE RD CITY,,,,LAKE CHARLES,70605,LA,US,
PLATINUM MANAGEMENT SERVICE,15896,100000046346540,100000046355329,BILL_TO,100000046340752,5104,PLATINUM MANAGEMENT SERVICE,100000046350731,A,17461,A,1900-01-01T00:00:00.000+00:00,4712-12-31T00:00:00.000+00:00,Y,P,N,7016,111 BROADWAY STE 300,,,,NASHVILLE,37201,TN,US,
FLORIDA AIR SERVICES INC,15897,100000046345924,100000046353334,BILL_TO,100000046340753,4201,FLORIDA AIR SERVICES INC,100000046349828,A,16845,A,1900-01-01T00:00:00.000+00:00,4712-12-31T00:00:00.000+00:00,Y,P,N,5021,PO BOX 2166,,,,SEFFNER,33583,FL,US,
GIBBS SERVICE COMPANY,15898,100000046345926,100000046354636,BILL_TO,100000046340754,4202,GIBBS SERVICE COMPANY,100000046349829,A,16847,A,1900-01-01T00:00:00.000+00:00,4712-12-31T00:00:00.000+00:00,Y,P,N,6323,PO BOX 15776,,,,NORTH LITTLE ROCK,72231,AR,US,
WINSUPPLY SEARCY AR CO 239,15899,100000046346543,100000046354637,BILL_TO,100000046340755,3673,WINSUPPLY SEARCY AR CO 239,100000046349300,A,17464,A,1900-01-01T00:00:00.000+00:00,4712-12-31T00:00:00.000+00:00,Y,P,N,6324,PO BOX 1127,,,,DAYTON,45401,OH,US,
SOUTH COAST BAKING,15900,100000046345123,100000046353335,BILL_TO,100000046340756,4762,SOUTH COAST BAKING,100000046350389,A,16044,A,1900-01-01T00:00:00.000+00:00,4712-12-31T00:00:00.000+00:00,Y,P,N,5022,800 S 40TH ST,,,,SPRINGDALE,72762,AR,US,
PURVIS INDUSTRIES,15901,100000046345928,100000046353642,BILL_TO,100000046340757,3674,PURVIS INDUSTRIES,100000046349301,A,16849,A,1900-01-01T00:00:00.000+00:00,4712-12-31T00:00:00.000+00:00,Y,P,N,5329,PO BOX 540757,,,,DALLAS,75354,TX,US,
CITY ELECTRIC SUPPLY,15902,100000046345124,100000046354572,BILL_TO,100000046340758,3936,CITY ELECTRIC SUPPLY,100000046349563,A,16045,A,1900-01-01T00:00:00.000+00:00,4712-12-31T00:00:00.000+00:00,Y,P,N,6259,331 PREMIER CT # 102,,,,FRANKLIN,37067,TN,US,
CCS INDUSTRIAL SERVICES INC,15903,100000046345379,100000046355176,BILL_TO,100000046340759,4454,CCS INDUSTRIAL SERVICES INC,100000046350081,A,16300,A,1900-01-01T00:00:00.000+00:00,4712-12-31T00:00:00.000+00:00,Y,P,N,6863,31 DAVID SWAN LN,,,,PURVIS,39475,MS,US,
COURTYARD BY MARRIOTT,15904,100000046344518,100000046355182,BILL_TO,100000046340760,3941,COURTYARD BY MARRIOTT,100000046349568,A,15439,A,1900-01-01T00:00:00.000+00:00,4712-12-31T00:00:00.000+00:00,N,Y,N,6869,7424 S BROADWAY AVE,,,,TYLER,75703,TX,US,
COURTYARD BY MARRIOTT,15904,100000046345933,100000046354639,BILL_TO,100000046340760,3941,COURTYARD BY MARRIOTT,100000046349568,A,16854,A,1900-01-01T00:00:00.000+00:00,4712-12-31T00:00:00.000+00:00,N,Y,N,6326,75 JEFFERSON AVE,,,,MEMPHIS,38103,TN,US,
COURTYARD BY MARRIOTT,15904,100000046345934,100000046355181,BILL_TO,100000046340760,3941,COURTYARD BY MARRIOTT,100000046349568,A,16855,A,1900-01-01T00:00:00.000+00:00,4712-12-31T00:00:00.000+00:00,N,Y,N,6868,3800 TOWNSEND AVE,,,,WICHITA FALLS,76308,TX,US,
COURTYARD BY MARRIOTT,15904,100000046345962,100000046354640,BILL_TO,100000046340760,3941,COURTYARD BY MARRIOTT,100000046349568,A,16883,A,1900-01-01T00:00:00.000+00:00,4712-12-31T00:00:00.000+00:00,N,Y,N,6327,601 BAPTIST DR,,,,MADISON,39042,MS,US,
COURTYARD BY MARRIOTT,15904,100000046346550,100000046353340,BILL_TO,100000046340760,3941,COURTYARD BY MARRIOTT,100000046349568,A,17471,A,1900-01-01T00:00:00.000+00:00,4712-12-31T00:00:00.000+00:00,Y,P,N,5027,305 JACKSON AVE E,,,,OXFORD,38655,MS,US,
COURTYARD BY MARRIOTT,15904,100000046346551,100000046355382,BILL_TO,100000046340760,3941,COURTYARD BY MARRIOTT,100000046349568,A,17472,A,1900-01-01T00:00:00.000+00:00,4712-12-31T00:00:00.000+00:00,N,Y,N,7069,4811 E JOHNSON AVE,,,,JONESBORO,72405,AR,US,
THE SUNRAY COMPANY,15905,100000046346557,100000046353347,BILL_TO,100000046340761,3385,THE SUNRAY COMPANY,100000046349012,A,17478,A,1900-01-01T00:00:00.000+00:00,4712-12-31T00:00:00.000+00:00,Y,P,N,5034,1012 MADISON AVE,,,,MADISON,39110,MS,US,
SIBLEY SOLUTIONS,15906,100000046345137,100000046354217,BILL_TO,100000046340762,4777,SIBLEY SOLUTIONS,100000046350404,A,16058,A,1900-01-01T00:00:00.000+00:00,4712-12-31T00:00:00.000+00:00,Y,P,N,5904,PO BOX 30504,,,,MEMPHIS,38130,TN,US,
CHRIST THE KING LUTHERAN CHURC,15907,100000046345947,100000046354809,BILL_TO,100000046340763,4778,CHRIST THE KING LUTHERAN CHURC,100000046350405,A,16868,A,1900-01-01T00:00:00.000+00:00,4712-12-31T00:00:00.000+00:00,Y,P,N,6496,5296 PARK AVE,,,,MEMPHIS,38119,TN,US,
CLIMATE MASTERS INC,15908,100000046345949,100000046354649,BILL_TO,100000046340764,4210,CLIMATE MASTERS INC,100000046349837,A,16870,A,1900-01-01T00:00:00.000+00:00,4712-12-31T00:00:00.000+00:00,Y,P,N,6336,PO BOX 6276,,,,PEARL,39288,MS,US,
CITY OF MEMPHIS,15909,100000046345951,100000046353659,BILL_TO,100000046340765,3390,CITY OF MEMPHIS,100000046349017,A,16872,A,1900-01-01T00:00:00.000+00:00,4712-12-31T00:00:00.000+00:00,Y,P,N,5346,3720 KNIGHT ARNOLD RD,,,,MEMPHIS,38118,TN,US,
MARTIN & WHITE,15910,100000046345976,100000046354814,BILL_TO,100000046340766,3392,MARTIN & WHITE,100000046349019,A,16897,A,1900-01-01T00:00:00.000+00:00,4712-12-31T00:00:00.000+00:00,Y,P,N,6501,5501 OLD MILLINGTON RD,,,,MILLINGTON,38053,TN,US,
ANDREW MICHAEL,15911,100000046344531,100000046353667,BILL_TO,100000046340767,4233,ANDREW MICHAEL,100000046349860,A,15452,A,1900-01-01T00:00:00.000+00:00,4712-12-31T00:00:00.000+00:00,Y,P,N,5354,712 W BROOKHAVEN CIR,,,,MEMPHIS,38117,TN,US,
CATHERINE & MARY'S,15912,100000046346562,100000046353668,BILL_TO,100000046340768,3950,CATHERINE & MARY'S,100000046349577,A,17483,A,1900-01-01T00:00:00.000+00:00,4712-12-31T00:00:00.000+00:00,Y,P,N,5355,272 S MAIN ST S-105,,,,MEMPHIS,38103,TN,US,
NISSAN NORTH AMERICA INC,15913,100000046345067,100000046355238,BILL_TO,100000046340769,5021,NISSAN NORTH AMERICA INC,100000046350648,A,15988,A,1900-01-01T00:00:00.000+00:00,4712-12-31T00:00:00.000+00:00,Y,P,N,6925,300 NISSAN DR,,,,CANTON,39046,MS,US,
MEMPHIS INDUSTRIAL ELECTRIC SU,15914,100000046346237,100000046355089,BILL_TO,100000046340770,5023,MEMPHIS INDUSTRIAL ELECTRIC SU,100000046350650,A,17158,A,1900-01-01T00:00:00.000+00:00,4712-12-31T00:00:00.000+00:00,Y,P,N,6776,1310 FARMVILLE AVE,,,,MEMPHIS,38122-1001,TN,US,
AVID HOTEL SOUTHAVEN,15915,100000046345866,100000046353894,BILL_TO,100000046340771,3620,AVID HOTEL SOUTHAVEN,100000046349247,A,16787,A,1900-01-01T00:00:00.000+00:00,4712-12-31T00:00:00.000+00:00,Y,P,N,5581,6863 HOSPITALITY LN,,,,SOUTHAVEN,38671,MS,US,
COOL TODAY,15916,100000046345630,100000046354585,BILL_TO,100000046340772,3888,COOL TODAY,100000046349515,A,16551,A,1900-01-01T00:00:00.000+00:00,4712-12-31T00:00:00.000+00:00,Y,P,N,6272,6143 CLARK CENTER AVE,,,,SARASOTA,34238,FL,US,
SECOND BAPTIST CHURCH,15917,100000046345071,100000046354157,BILL_TO,100000046340773,4657,SECOND BAPTIST CHURCH,100000046350284,A,15992,A,1900-01-01T00:00:00.000+00:00,4712-12-31T00:00:00.000+00:00,Y,P,N,5844,4680 WALNUT GROVE RD,,,,MEMPHIS,38117,TN,US,
VIPA HOTELS,15918,100000046344777,100000046354717,BILL_TO,100000046340774,4168,VIPA HOTELS,100000046349795,A,15698,A,1900-01-01T00:00:00.000+00:00,4712-12-31T00:00:00.000+00:00,Y,P,N,6404,4319 CENTRAL AVE,,,,HOT SPRINGS,71913,AR,US,
LANKMARK CONSTRUCTION,15919,100000046345326,100000046355291,BILL_TO,100000046340775,5004,LANKMARK CONSTRUCTION,100000046350631,A,16247,A,1900-01-01T00:00:00.000+00:00,4712-12-31T00:00:00.000+00:00,Y,P,N,6978,1897 THOMAS RD,,,,MEMPHIS,38134,TN,US,
INN OF VICKSBURG INC,15920,100000046344840,100000046353897,BILL_TO,100000046340776,5338,INN OF VICKSBURG INC,100000046350965,A,15761,A,1900-01-01T00:00:00.000+00:00,4712-12-31T00:00:00.000+00:00,Y,P,N,5584,3330 CLAY ST,,,,VICKSBURG,39180,MS,US,
COMMERCIAL EXPRESS HVAC,15921,100000046345875,100000046355293,BILL_TO,100000046340777,3625,COMMERCIAL EXPRESS HVAC,100000046349252,A,16796,A,1900-01-01T00:00:00.000+00:00,4712-12-31T00:00:00.000+00:00,Y,P,N,6980,3656 CENTERVIEW EDRIVE #12,,,,CHANTILLY,20151,VA,US,
GARDENS OF GERMANTOWN,15922,100000046346252,100000046354719,BILL_TO,100000046340778,5340,GARDENS OF GERMANTOWN,100000046350967,A,17173,A,1900-01-01T00:00:00.000+00:00,4712-12-31T00:00:00.000+00:00,Y,P,N,6406,3179 PROFESSIONAL PLAZA,,,,GERMANTOWN,38138,TN,US,
AIR MD INC,15923,100000046345074,100000046354160,BILL_TO,100000046340779,3628,AIR MD INC,100000046349255,A,15995,A,1900-01-01T00:00:00.000+00:00,4712-12-31T00:00:00.000+00:00,Y,P,N,5847,2606 E END DR STE B,,,,HUMBOLDT,38343,TN,US,
CARDINAL SUPPLIES OF AR INC,15924,100000046346504,100000046355099,BILL_TO,100000046340780,5010,CARDINAL SUPPLIES OF AR INC,100000046350637,A,17425,A,1900-01-01T00:00:00.000+00:00,4712-12-31T00:00:00.000+00:00,Y,P,N,6786,3205 MALIBU DR,,,,JONESBORO,72404,AR,US,
THORPE SHEET METAL INC,15925,100000046345333,100000046354165,BILL_TO,100000046340781,5034,THORPE SHEET METAL INC,100000046350661,A,16254,A,1900-01-01T00:00:00.000+00:00,4712-12-31T00:00:00.000+00:00,Y,P,N,5852,PO BOX 1447,,,,WASHINGTON,39190,MS,US,
METAIRIE HOTEL VENTURES LLC,15926,100000046345880,100000046354498,BILL_TO,100000046340782,3630,METAIRIE HOTEL VENTURES LLC,100000046349257,A,16801,A,1900-01-01T00:00:00.000+00:00,4712-12-31T00:00:00.000+00:00,Y,P,N,6185,2730 SEVEM AVE,,,,METAIRIE,70002,LA,US,
CASH - MISS,15927,100000046344782,100000046355103,BILL_TO,100000046340783,3897,CASH - MISS,100000046349524,A,15703,A,1900-01-01T00:00:00.000+00:00,4712-12-31T00:00:00.000+00:00,Y,P,N,6790,115 LONE WOLF DR STE A,,,,MADISON,39110,MS,US,
SANDERSON FARMS LAUREL MS,15928,100000046345095,100000046353636,BILL_TO,100000046340784,4436,SANDERSON FARMS LAUREL MS,100000046350063,A,16016,A,1900-01-01T00:00:00.000+00:00,4712-12-31T00:00:00.000+00:00,Y,P,N,5323,115 MILL ST,,,,LAUREL,39440,MS,US,
GORHAM/SCHAFFLER AUTOMATION,15929,100000046345883,100000046354166,BILL_TO,100000046340785,4439,GORHAM/SCHAFFLER AUTOMATION,100000046350066,A,16804,A,1900-01-01T00:00:00.000+00:00,4712-12-31T00:00:00.000+00:00,Y,P,N,5853,3095 STONEBROOK CIR,,,,MEMPHIS,38116,TN,US,
IMMACULATE CONCEPTION CATHEDRA,15930,100000046345340,100000046353903,BILL_TO,100000046340786,3641,IMMACULATE CONCEPTION CATHEDRA,100000046349268,A,16261,A,1900-01-01T00:00:00.000+00:00,4712-12-31T00:00:00.000+00:00,Y,P,N,5590,1695 CENTRAL AVE,,,,MEMPHIS,38104,TN,US,
NORTH MISSISSIPPI STATE HOSPITAL,15931,100000046345888,100000046354503,BILL_TO,100000046340787,3643,NORTH MISSISSIPPI STATE HOSPITAL,100000046349270,A,16809,A,1900-01-01T00:00:00.000+00:00,4712-12-31T00:00:00.000+00:00,Y,P,N,6190,1937 BRIAR RIDGE RD,,,,TUPELO,38805,MS,US,
PICKERING FIRM,15932,100000046345649,100000046354169,BILL_TO,100000046340788,3901,PICKERING FIRM,100000046349528,A,16570,A,1900-01-01T00:00:00.000+00:00,4712-12-31T00:00:00.000+00:00,Y,P,N,5856,6775 LENOX CENTER,,,,MEMPHIS,38119,TN,US,
REGIONAL ONE HEALTH,15933,100000046346271,100000046354607,BILL_TO,100000046340789,5349,REGIONAL ONE HEALTH,100000046350976,A,17192,A,1900-01-01T00:00:00.000+00:00,4712-12-31T00:00:00.000+00:00,Y,P,N,6294,877 JEFFERSON AVE,,,,MEMPHIS,38103,TN,US,
MISSISSIPPI STATE UNIVERSITY,15934,100000046345652,100000046353308,BILL_TO,100000046340790,5051,MISSISSIPPI STATE UNIVERSITY,100000046350678,A,16573,A,1900-01-01T00:00:00.000+00:00,4712-12-31T00:00:00.000+00:00,Y,P,N,4995,201 RESEARCH BLVD,,,,STARKVILLE,39759,MS,US,
APPLE NINE HOSPITALITY MGMT,15935,100000046346277,100000046354612,BILL_TO,100000046340791,5046,APPLE NINE HOSPITALITY MGMT,100000046350673,A,17198,A,1900-01-01T00:00:00.000+00:00,4712-12-31T00:00:00.000+00:00,Y,P,N,6299,2350 W CONGRESS ST,,,,LAFEYETTE,70506,LA,US,
M & T MECHANICAL CONTRACTORS,15936,100000046345896,100000046353320,BILL_TO,100000046340792,4682,M & T MECHANICAL CONTRACTORS,100000046350309,A,16817,A,1900-01-01T00:00:00.000+00:00,4712-12-31T00:00:00.000+00:00,Y,P,N,5007,PO BOX 18,,,,BATESVILLE,38606,MS,US,
MCCAIN ENGINEERING COMPANY INC,15937,100000046346521,100000046353916,BILL_TO,100000046340793,4683,MCCAIN ENGINEERING COMPANY INC,100000046350310,A,17442,A,1900-01-01T00:00:00.000+00:00,4712-12-31T00:00:00.000+00:00,Y,P,N,5603,PO BOX 817,,,,PELHAM,35124,AL,US,
ARBUDA GLOBAL HOTEL,15938,100000046345904,100000046354741,BILL_TO,100000046340794,4686,ARBUDA GLOBAL HOTEL,100000046350313,A,16825,A,1900-01-01T00:00:00.000+00:00,4712-12-31T00:00:00.000+00:00,Y,P,N,6428,13921 BIG RIDGE RD,,,,BILOXI,39452,MS,US,
CHEMOURS,15939,100000046345113,100000046353326,BILL_TO,100000046340795,4750,CHEMOURS,100000046350377,A,16034,A,1900-01-01T00:00:00.000+00:00,4712-12-31T00:00:00.000+00:00,Y,P,N,5013,322 SFIELD CUTOFF,,,,EL DORADO,71730,AR,US,
THE HARDY CORPORATION (THC),15940,100000046345087,100000046354624,BILL_TO,100000046340796,5085,THE HARDY CORPORATION (THC),100000046350712,A,16008,A,1900-01-01T00:00:00.000+00:00,4712-12-31T00:00:00.000+00:00,Y,P,N,6311,PO BOX 2046,,,,BIRMINGHAM,35201,AL,US,
J L ROBERTS MECHANICAL,15941,100000046345666,100000046354625,BILL_TO,100000046340797,4192,J L ROBERTS MECHANICAL,100000046349819,A,16587,A,1900-01-01T00:00:00.000+00:00,4712-12-31T00:00:00.000+00:00,Y,P,N,6312,PO BOX 180579,,,,RICHLAND,39218,MS,US,
TOWNEPLACE STS FLOWOOD,15942,100000046345357,100000046353920,BILL_TO,100000046340798,3660,TOWNEPLACE STS FLOWOOD,100000046349287,A,16278,A,1900-01-01T00:00:00.000+00:00,4712-12-31T00:00:00.000+00:00,Y,P,N,5607,160 E METRO PKWY,,,,FLOWOOD,39232,MS,US,
DOLE FRESH FRUIT COMPANY,15943,100000046345464,100000046353415,BILL_TO,100000046340799,4296,DOLE FRESH FRUIT COMPANY,100000046349923,A,16385,A,1900-01-01T00:00:00.000+00:00,4712-12-31T00:00:00.000+00:00,Y,P,N,5102,200 S TRYON ST,,,,CHALROTTE,28202,NC,US,
HOME 2 STS GONZALES,15944,100000046345466,100000046355344,BILL_TO,100000046340800,4297,HOME 2 STS GONZALES,100000046349924,A,16387,A,1900-01-01T00:00:00.000+00:00,4712-12-31T00:00:00.000+00:00,Y,P,N,7031,2708 W OUTFITTERS,,,,GONZALES,70737,LA,US,
CD-HRA GERMANTOWN LLC,15945,100000046346049,100000046354757,BILL_TO,100000046340801,4838,CD-HRA GERMANTOWN LLC,100000046350465,A,16970,A,1900-01-01T00:00:00.000+00:00,4712-12-31T00:00:00.000+00:00,Y,P,N,6444,6300 BRIARCREST AVE,,,,MEMPHIS,38120,TN,US,
ANTHONY'S COOLING & HTG,15946,100000046346358,100000046353494,BILL_TO,100000046340802,5197,ANTHONY'S COOLING & HTG,100000046350824,A,17279,A,1900-01-01T00:00:00.000+00:00,4712-12-31T00:00:00.000+00:00,Y,P,N,5181,1614 20TH ST E,,,,PALMETTO,34221,SC,US,
BONILLA COMFORT AIR LLC,15947,100000046345471,100000046353419,BILL_TO,100000046340803,3792,BONILLA COMFORT AIR LLC,100000046349419,A,16392,A,1900-01-01T00:00:00.000+00:00,4712-12-31T00:00:00.000+00:00,Y,P,N,5106,6247 COFFMAN RD,,,,INDIANAPOLIS,46268,IN,US,
LAB MECHANICAL SOLUTIONS,15948,100000046346360,100000046353496,BILL_TO,100000046340804,4504,LAB MECHANICAL SOLUTIONS,100000046350131,A,17281,A,1900-01-01T00:00:00.000+00:00,4712-12-31T00:00:00.000+00:00,Y,P,N,5183,215 9TH ST W,,,,WYNNE,72396,AR,US,
WG WELCH MECHANICAL,15949,100000046344612,100000046353967,BILL_TO,100000046340805,3482,WG WELCH MECHANICAL,100000046349109,A,15533,A,1900-01-01T00:00:00.000+00:00,4712-12-31T00:00:00.000+00:00,Y,P,N,5654,260 INTERSTATE CT,,,,FREDERICK,21704,MD,US,
EM COMPANY,15950,100000046344942,100000046354758,BILL_TO,100000046340806,3449,EM COMPANY,100000046349076,A,15863,A,1900-01-01T00:00:00.000+00:00,4712-12-31T00:00:00.000+00:00,Y,P,N,6445,2221 SPORT RD,,,,INDIANAPOLIS,46227,IN,US,
ARKANSAS NORTHEASTERN COLLEGE,15951,100000046346362,100000046354759,BILL_TO,100000046340807,3793,ARKANSAS NORTHEASTERN COLLEGE,100000046349420,A,17283,A,1900-01-01T00:00:00.000+00:00,4712-12-31T00:00:00.000+00:00,Y,P,N,6446,PO BOX 1109,,,,BLYTHEVILLE,72315,AR,US,
RADIANS INC,15952,100000046345770,100000046354972,BILL_TO,100000046340808,3484,RADIANS INC,100000046349111,A,16691,A,1900-01-01T00:00:00.000+00:00,4712-12-31T00:00:00.000+00:00,Y,P,N,6659,5305 DISTRIPLEX FARMS DR,,,,MEMPHIS,38120,TN,US,
QUINN CONSTRUCTION CORP,15953,100000046346625,100000046354356,BILL_TO,100000046340809,4507,QUINN CONSTRUCTION CORP,100000046350134,A,17546,A,1900-01-01T00:00:00.000+00:00,4712-12-31T00:00:00.000+00:00,Y,P,N,6043,2282 OLD DECATURVILLE RD,,,,PARSONS,38363,TN,US,
AUTOMATED POWER INC,15954,100000046346052,100000046354359,BILL_TO,100000046340810,4844,AUTOMATED POWER INC,100000046350471,A,16973,A,1900-01-01T00:00:00.000+00:00,4712-12-31T00:00:00.000+00:00,Y,P,N,6046,4364 MANGUM DR,,,,FLOWOOD,39232,MS,US,
AAA HOTEL COMPANY,15955,100000046346630,100000046353977,BILL_TO,100000046340811,4850,AAA HOTEL COMPANY,100000046350477,A,17551,A,1900-01-01T00:00:00.000+00:00,4712-12-31T00:00:00.000+00:00,Y,P,N,5664,2207 NW EVANGELINE THRUWAY,,,,LAFAYETTE,70501,LA,US,
COMFORT SUITES,15956,100000046346060,100000046353986,BILL_TO,100000046340812,3303,COMFORT SUITES,100000046348930,A,16981,A,1900-01-01T00:00:00.000+00:00,4712-12-31T00:00:00.000+00:00,Y,P,N,5673,320 HOLIDAY DR,,,,FORREST CITY,72335,AR,US,
PETTY'S HEATING & COOLING,15957,100000046346377,100000046353987,BILL_TO,100000046340813,4317,PETTY'S HEATING & COOLING,100000046349944,A,17298,A,1900-01-01T00:00:00.000+00:00,4712-12-31T00:00:00.000+00:00,Y,P,N,5674,106 PETTY ST,,,,NEW MARKET,35761,AL,US,
DAYS INN,15958,100000046345786,100000046353508,BILL_TO,100000046340814,3495,DAYS INN,100000046349122,A,16707,A,1900-01-01T00:00:00.000+00:00,4712-12-31T00:00:00.000+00:00,Y,P,N,5195,5430 REXORA DR,,,,BEAUMONT,77705,TX,US,
G & J CONTRACTORS,15959,100000046346638,100000046353429,BILL_TO,100000046340815,4859,G & J CONTRACTORS,100000046350486,A,17559,A,1900-01-01T00:00:00.000+00:00,4712-12-31T00:00:00.000+00:00,Y,P,N,5116,6855 RALEIGH LAGRANGE RD,,,,MEMPHIS,38134,TN,US,
S & M MECHANICALS,15960,100000046344437,100000046354993,BILL_TO,100000046340816,4320,S & M MECHANICALS,100000046349947,A,15358,A,1900-01-01T00:00:00.000+00:00,4712-12-31T00:00:00.000+00:00,Y,P,N,6680,181 PHILLIPS RD,,,,BRIGHTON,38011,TN,US,
HC NYE COMPANY,15961,100000046346070,100000046354772,BILL_TO,100000046340817,4516,HC NYE COMPANY,100000046350143,A,16991,A,1900-01-01T00:00:00.000+00:00,4712-12-31T00:00:00.000+00:00,Y,P,N,6459,2999 REVERE ST,,,,HARRISBURG,17111,PA,US,
LOWNDES COUNTY SCHOOL DISTRICT,15962,100000046345791,100000046353438,BILL_TO,100000046340818,4864,LOWNDES COUNTY SCHOOL DISTRICT,100000046350491,A,16712,A,1900-01-01T00:00:00.000+00:00,4712-12-31T00:00:00.000+00:00,Y,P,N,5125,512 N LEHMBERG RD,,,,COLUMBUS,39702,MS,US,
AIRBUS HELICOPTERS INC,15963,100000046346077,100000046354785,BILL_TO,100000046340819,3316,AIRBUS HELICOPTERS INC,100000046348943,A,16998,A,1900-01-01T00:00:00.000+00:00,4712-12-31T00:00:00.000+00:00,Y,P,N,6472,1782 AIRPORT RD,,,,COLUMBUS,39701,MS,US,
IDEAL HEATING & A/C & REFRIG,15964,100000046346386,100000046355416,BILL_TO,100000046340820,3318,IDEAL HEATING & A/C & REFRIG,100000046348945,A,17307,A,1900-01-01T00:00:00.000+00:00,4712-12-31T00:00:00.000+00:00,Y,P,N,7103,1417 N HARDING ST,,,,INDIANAPOLIS,46202,IN,US,
COMFORT DESIGNS INC,15965,100000046345525,100000046353442,BILL_TO,100000046340821,4030,COMFORT DESIGNS INC,100000046349657,A,16446,A,1900-01-01T00:00:00.000+00:00,4712-12-31T00:00:00.000+00:00,Y,P,N,5129,1732 OLD WHITFIELD RD,,,,PEARL,39208,MS,US,
EAST MISSISSIPPI COMM COLLEGE,15966,100000046346081,100000046355418,BILL_TO,100000046340822,5221,EAST MISSISSIPPI COMM COLLEGE,100000046350848,A,17002,A,1900-01-01T00:00:00.000+00:00,4712-12-31T00:00:00.000+00:00,Y,P,N,7105,PO BOX 100,,,,MAYHEW,39753,MS,US,
AMERICAN ESOTERIC LABORATORIES,15967,100000046344669,100000046355045,BILL_TO,100000046340823,3817,AMERICAN ESOTERIC LABORATORIES,100000046349444,A,15590,A,1900-01-01T00:00:00.000+00:00,4712-12-31T00:00:00.000+00:00,Y,P,N,6732,1701 CENTURY CENTER COVE,,,,MEMPHIS,38134,TN,US,
CHRIST UNITED METHODIST CHURCH,15968,100000046344671,100000046353997,BILL_TO,100000046340824,4868,CHRIST UNITED METHODIST CHURCH,100000046350495,A,15592,A,1900-01-01T00:00:00.000+00:00,4712-12-31T00:00:00.000+00:00,Y,P,N,5684,4488 POPLAR AVE,,,,MEMPHIS,38117,TN,US,
MCCOY MECHANICAL,15969,100000046344452,100000046354382,BILL_TO,100000046340825,5223,MCCOY MECHANICAL,100000046350850,A,15373,A,1900-01-01T00:00:00.000+00:00,4712-12-31T00:00:00.000+00:00,Y,P,N,6069,708 FLETCHERS CHAPEL RD,,,,YAZOO CITY,39194,MS,US,
GREAT DANE TRAILERS,15970,100000046345496,100000046355046,BILL_TO,100000046340826,3504,GREAT DANE TRAILERS,100000046349131,A,16417,A,1900-01-01T00:00:00.000+00:00,4712-12-31T00:00:00.000+00:00,Y,P,N,6733,2800 GREAT DANE DR,,,,JONESBORO,72401,AR,US,
MITCH CO INC,15971,100000046346082,100000046353751,BILL_TO,100000046340827,4521,MITCH CO INC,100000046350148,A,17003,A,1900-01-01T00:00:00.000+00:00,4712-12-31T00:00:00.000+00:00,Y,P,N,5438,PO BOX 267,,,,FOREST,39074,MS,US,
BENTON'S MAINTENANCE & MECH,15972,100000046344964,100000046353753,BILL_TO,100000046340828,3320,BENTON'S MAINTENANCE & MECH,100000046348947,A,15885,A,1900-01-01T00:00:00.000+00:00,4712-12-31T00:00:00.000+00:00,Y,P,N,5440,PO BOX 9432,,,,COLUMBUS,39705,MS,US,
FRANKLIN PROPERTY MANAGEMENT,15973,100000046345143,100000046354655,BILL_TO,100000046340829,4234,FRANKLIN PROPERTY MANAGEMENT,100000046349861,A,16064,A,1900-01-01T00:00:00.000+00:00,4712-12-31T00:00:00.000+00:00,Y,P,N,6342,5779 GETWELL RD,,,,SOUTHAVEN,38672,MS,US,
ENVIRONMENTAL COMFIRT LLC,15974,100000046345144,100000046354656,BILL_TO,100000046340830,3396,ENVIRONMENTAL COMFIRT LLC,100000046349023,A,16065,A,1900-01-01T00:00:00.000+00:00,4712-12-31T00:00:00.000+00:00,Y,P,N,6343,1711 ARLINGATE LN,,,,COLUMBUS,43228,OH,US,
NORTHROP GRUMMAN,15975,100000046345980,100000046354657,BILL_TO,100000046340831,5136,NORTHROP GRUMMAN,100000046350763,A,16901,A,1900-01-01T00:00:00.000+00:00,4712-12-31T00:00:00.000+00:00,Y,P,N,6344,5600 AMERICAN BLVD STE 200,,,,BLOOMINGTON,55437,MN,US,
M & A SUPPLY COMPANY INC,15976,100000046346304,100000046353674,BILL_TO,100000046340832,4784,M & A SUPPLY COMPANY INC,100000046350411,A,17225,A,1900-01-01T00:00:00.000+00:00,4712-12-31T00:00:00.000+00:00,Y,P,N,5361,7000 EXECUTIVE CENTER DR STE 200,,,,BRENTWOOD,37210,TN,US,
RAMKRUPA OF AMERICA,15977,100000046345984,100000046355394,BILL_TO,100000046340833,3692,RAMKRUPA OF AMERICA,100000046349319,A,16905,A,1900-01-01T00:00:00.000+00:00,4712-12-31T00:00:00.000+00:00,Y,P,N,7081,133 PLAZA DR,,,,HATTIESBURG,39402,MS,US,
TCB VETERAN LLC,15978,100000046344897,100000046355396,BILL_TO,100000046340834,3401,TCB VETERAN LLC,100000046349028,A,15818,A,1900-01-01T00:00:00.000+00:00,4712-12-31T00:00:00.000+00:00,Y,P,N,7083,1350 CONCOURSE AVE,,,,MEMPHIS,38104,TN,US,
SOLACE HEATING & AIR,15979,100000046346566,100000046353245,BILL_TO,100000046340835,3693,SOLACE HEATING & AIR,100000046349320,A,17487,A,1900-01-01T00:00:00.000+00:00,4712-12-31T00:00:00.000+00:00,Y,P,N,4932,1716 N SHELBY OAKS DR,,,,MEMPHIS,38134,TN,US,
PEERBOLT'S INC,15980,100000046345152,100000046354665,BILL_TO,100000046340836,3695,PEERBOLT'S INC,100000046349322,A,16073,A,1900-01-01T00:00:00.000+00:00,4712-12-31T00:00:00.000+00:00,Y,P,N,6352,400 E WASHINGTON AVE,,,,ZEELAND,49464,MI,US,
RC PROFESSIONAL HVAC,15981,100000046346571,100000046354871,BILL_TO,100000046340837,4791,RC PROFESSIONAL HVAC,100000046350418,A,17492,A,1900-01-01T00:00:00.000+00:00,4712-12-31T00:00:00.000+00:00,Y,P,N,6558,3105 ANTIOCH RD,,,,COLDWATER,38618,MS,US,
SUPERIOR HOME PRODUCTS INC,15982,100000046346572,100000046355204,BILL_TO,100000046340838,4724,SUPERIOR HOME PRODUCTS INC,100000046350351,A,17493,A,1900-01-01T00:00:00.000+00:00,4712-12-31T00:00:00.000+00:00,Y,P,N,6891,5690 SUMMER AVE,,,,MEMPHIS,38134,TN,US,
GRANTS A/C & HEATING LLC,15983,100000046345407,100000046353358,BILL_TO,100000046340839,4792,GRANTS A/C & HEATING LLC,100000046350419,A,16328,A,1900-01-01T00:00:00.000+00:00,4712-12-31T00:00:00.000+00:00,Y,P,N,5045,534 ATHENS RD,,,,MENDENHALL,39114,MS,US,
BENOIST BROS SUPPLY CO,15984,100000046345988,100000046353679,BILL_TO,100000046340840,4793,BENOIST BROS SUPPLY CO,100000046350420,A,16909,A,1900-01-01T00:00:00.000+00:00,4712-12-31T00:00:00.000+00:00,Y,P,N,5366,107 N 16TH ST,,,,MT VERNON,62864,IL,US,
ROBERTSON ELECTRICAL & MECH,15985,100000046346574,100000046354872,BILL_TO,100000046340841,3697,ROBERTSON ELECTRICAL & MECH,100000046349324,A,17495,A,1900-01-01T00:00:00.000+00:00,4712-12-31T00:00:00.000+00:00,Y,P,N,6559,2320 INDUSTRIAL PARK RD,,,,VAN BUREN,72956,AR,US,
MEMPHIS REFRIGERATION,15986,100000046345408,100000046354669,BILL_TO,100000046340842,3698,MEMPHIS REFRIGERATION,100000046349325,A,16329,A,1900-01-01T00:00:00.000+00:00,4712-12-31T00:00:00.000+00:00,Y,P,N,6356,PO BOX 4036,,,,CORDOVA,38088,TN,US,
INREL PROPERTIES,15987,100000046345703,100000046353681,BILL_TO,100000046340843,3723,INREL PROPERTIES,100000046349350,A,16624,A,1900-01-01T00:00:00.000+00:00,4712-12-31T00:00:00.000+00:00,Y,P,N,5368,5050 POPLAR AVE,,,,MEMPHIS,38157,TN,US,
WINSUPPLY,15988,100000046344546,100000046354874,BILL_TO,100000046340844,3699,WINSUPPLY,100000046349326,A,15467,A,1900-01-01T00:00:00.000+00:00,4712-12-31T00:00:00.000+00:00,N,Y,N,6561,555 COMMERCE ST,,,,CONWAY,72035,AR,US,
WINSUPPLY,15988,100000046345156,100000046354238,BILL_TO,100000046340844,3699,WINSUPPLY,100000046349326,A,16077,A,1900-01-01T00:00:00.000+00:00,4712-12-31T00:00:00.000+00:00,Y,P,N,5925,PO BOX 1127,,,,DAYTON,45401-1127,OH,US,
WOLF AIR,15989,100000046345157,100000046353360,BILL_TO,100000046340845,4726,WOLF AIR,100000046350353,A,16078,A,1900-01-01T00:00:00.000+00:00,4712-12-31T00:00:00.000+00:00,Y,P,N,5047,1042 MITT NAQUIN,,,,ARNAUDVILLE,70512,LA,US,
TRAVELERS PROPERTY CASUALTY IN,15990,100000046346577,100000046353683,BILL_TO,100000046340846,4225,TRAVELERS PROPERTY CASUALTY IN,100000046349852,A,17498,A,1900-01-01T00:00:00.000+00:00,4712-12-31T00:00:00.000+00:00,Y,P,N,5370,PO BOX 26385,,,,RICHMOND,23260-6385,VA,US,
COX CONSTRUCTION,15991,100000046344550,100000046354671,BILL_TO,100000046340847,3703,COX CONSTRUCTION,100000046349330,A,15471,A,1900-01-01T00:00:00.000+00:00,4712-12-31T00:00:00.000+00:00,Y,P,N,6358,PO BOX 12486,,,,JACKSON,38308,TN,US,
CREATIVE TALENT MANAGEMENT,15992,100000046344904,100000046354672,BILL_TO,100000046340848,4227,CREATIVE TALENT MANAGEMENT,100000046349854,A,15825,A,1900-01-01T00:00:00.000+00:00,4712-12-31T00:00:00.000+00:00,Y,P,N,6359,123 S CT AVE,,,,MEMPHIS,38013,TN,US,
SHINWA - TOYOTA BODINE,15993,100000046345992,100000046355250,BILL_TO,100000046340849,4248,SHINWA - TOYOTA BODINE,100000046349875,A,16913,A,1900-01-01T00:00:00.000+00:00,4712-12-31T00:00:00.000+00:00,Y,P,N,6937,3300 RIDGECREST RD EXTENDED,,,,JACKSON,38305,TN,US,
ARCHON AIR MANAGEMENT,15994,100000046345161,100000046355251,BILL_TO,100000046340850,5151,ARCHON AIR MANAGEMENT,100000046350778,A,16082,A,1900-01-01T00:00:00.000+00:00,4712-12-31T00:00:00.000+00:00,Y,P,N,6938,250 1 NW 74TH AVE,,,,MIAMI,33122,FL,US,
THE FIND,15995,100000046345707,100000046355255,BILL_TO,100000046340851,3727,THE FIND,100000046349354,A,16628,A,1900-01-01T00:00:00.000+00:00,4712-12-31T00:00:00.000+00:00,Y,P,N,6942,6150 POPLAR AVE STE 125,,,,MEMPHIS,38119,TN,US,
SOUTH DADE AIR CONDITIONING,15996,100000046345163,100000046354675,BILL_TO,100000046340852,5154,SOUTH DADE AIR CONDITIONING,100000046350781,A,16084,A,1900-01-01T00:00:00.000+00:00,4712-12-31T00:00:00.000+00:00,Y,P,N,6362,910 LANDLINE RD,,,,SELMA,36701-8002,AL,US,
ARKANSAS INDUSTRIAL MACHINARY,15997,100000046346317,100000046353253,BILL_TO,100000046340853,4249,ARKANSAS INDUSTRIAL MACHINARY,100000046349876,A,17238,A,1900-01-01T00:00:00.000+00:00,4712-12-31T00:00:00.000+00:00,Y,P,N,4940,3804 N NONA ST,,,,NORTH LITTLE ROCK,72118,AR,US,
CMS SERVICES LLC,15998,100000046345413,100000046354242,BILL_TO,100000046340854,3961,CMS SERVICES LLC,100000046349588,A,16334,A,1900-01-01T00:00:00.000+00:00,4712-12-31T00:00:00.000+00:00,Y,P,N,5929,1230 BIG ORANGE RD # 102,,,,CORDOVA,38018,TN,US,
HGI MANAGEMENT,15999,100000046345416,100000046354244,BILL_TO,100000046340855,4253,HGI MANAGEMENT,100000046349880,A,16337,A,1900-01-01T00:00:00.000+00:00,4712-12-31T00:00:00.000+00:00,Y,P,N,5931,1308 DEALERS AVE,,,,HARAHAN,70123,LA,US,
ARROW MECHANICAL,16000,100000046345709,100000046353259,BILL_TO,100000046340856,3963,ARROW MECHANICAL,100000046349590,A,16630,A,1900-01-01T00:00:00.000+00:00,4712-12-31T00:00:00.000+00:00,Y,P,N,4946,2770 THOMPSON MILL RD,,,,BUFORD,30519,GA,US,
TEXAS AIR SYSTEMS,16001,100000046344913,100000046353696,BILL_TO,100000046340857,4734,TEXAS AIR SYSTEMS,100000046350361,A,15834,A,1900-01-01T00:00:00.000+00:00,4712-12-31T00:00:00.000+00:00,N,Y,N,5383,6029 W CAMPUS CIR DR,,,,IRVING,75063,TX,US,
TEXAS AIR SYSTEMS,16001,100000046345171,100000046354681,BILL_TO,100000046340857,4734,TEXAS AIR SYSTEMS,100000046350361,A,16092,A,1900-01-01T00:00:00.000+00:00,4712-12-31T00:00:00.000+00:00,N,Y,N,6368,1340 AIRPORT COMMERCE,,,,AUSTIN,78741,TX,US,
TEXAS AIR SYSTEMS,16001,100000046345172,100000046353697,BILL_TO,100000046340857,4734,TEXAS AIR SYSTEMS,100000046350361,A,16093,A,1900-01-01T00:00:00.000+00:00,4712-12-31T00:00:00.000+00:00,N,Y,N,5384,17750 LOOKOUT RD BLDG 5 STE 565,,,,SCHERTZ,78154,TX,US,
TEXAS AIR SYSTEMS,16001,100000046345713,100000046353264,BILL_TO,100000046340857,4734,TEXAS AIR SYSTEMS,100000046350361,A,16634,A,1900-01-01T00:00:00.000+00:00,4712-12-31T00:00:00.000+00:00,Y,P,N,4951,9021 S SAM HOUSTON PKWY W,,,,MISSOURI CITY,77489,TX,US,
TEXAS AIR SYSTEMS,16001,100000046346590,100000046355258,BILL_TO,100000046340857,4734,TEXAS AIR SYSTEMS,100000046350361,A,17511,A,1900-01-01T00:00:00.000+00:00,4712-12-31T00:00:00.000+00:00,N,Y,N,6945,2800 NE LOOP 820,,,,FORT WORTH,76137,TX,US,
ALPINE AIRCON INC,16002,100000046344918,100000046355261,BILL_TO,100000046340858,3713,ALPINE AIRCON INC,100000046349340,A,15839,A,1900-01-01T00:00:00.000+00:00,4712-12-31T00:00:00.000+00:00,Y,P,N,6948,4060 SUMMIT GATE,,,,SUWANEE,30024,GA,US,
STARKVILLE SURGERY CENTER,16003,100000046345667,100000046354516,BILL_TO,100000046340859,5065,STARKVILLE SURGERY CENTER,100000046350692,A,16588,A,1900-01-01T00:00:00.000+00:00,4712-12-31T00:00:00.000+00:00,Y,P,N,6203,110 WALKER WAY,,,,STARKVILLE,39759,MS,US,
SHARKHEADS INC,16004,100000046345089,100000046353922,BILL_TO,100000046340860,4753,SHARKHEADS INC,100000046350380,A,16010,A,1900-01-01T00:00:00.000+00:00,4712-12-31T00:00:00.000+00:00,Y,P,N,5609,1703 BEACH BLVD,,,,BILOXI,39531,MS,US,
ROSEBURG FOREST PRODUCTS,16005,100000046345668,100000046355166,BILL_TO,100000046340861,4691,ROSEBURG FOREST PRODUCTS,100000046350318,A,16589,A,1900-01-01T00:00:00.000+00:00,4712-12-31T00:00:00.000+00:00,Y,P,N,6853,PO BOX 560,,,,TAYLORSVILLE,39168,MS,US,
HOSPITALITY BLDRS OF AMERICA,16006,100000046346285,100000046354563,BILL_TO,100000046340862,3665,HOSPITALITY BLDRS OF AMERICA,100000046349292,A,17206,A,1900-01-01T00:00:00.000+00:00,4712-12-31T00:00:00.000+00:00,Y,P,N,6250,2375 AIRWAYS BLVD,,,,MEMPHIS,38114,TN,US,
MAC MECHANICAL,16007,100000046345675,100000046354187,BILL_TO,100000046340863,5071,MAC MECHANICAL,100000046350698,A,16596,A,1900-01-01T00:00:00.000+00:00,4712-12-31T00:00:00.000+00:00,Y,P,N,5874,8707 LINDA LN,,,,LITTLE ROCK,72227,AR,US,
RIVER CITY MECHANICAL INC,16008,100000046345677,100000046355324,BILL_TO,100000046340864,3668,RIVER CITY MECHANICAL INC,100000046349295,A,16598,A,1900-01-01T00:00:00.000+00:00,4712-12-31T00:00:00.000+00:00,Y,P,N,7011,PO BOX 13276,,,,MAUMELLE,72113-0276,AR,US,
TK ELEVATOR,16009,100000046346291,100000046354787,BILL_TO,100000046340865,5099,TK ELEVATOR,100000046350726,A,17212,A,1900-01-01T00:00:00.000+00:00,4712-12-31T00:00:00.000+00:00,Y,P,N,6474,9280 CRESTWYN HILLS,,,,MEMPHIS,38125,TN,US,
GS AUTO - 207 - FS,16010,100000046345922,100000046355326,BILL_TO,100000046340866,5074,GS AUTO - 207 - FS,100000046350701,A,16843,A,1900-01-01T00:00:00.000+00:00,4712-12-31T00:00:00.000+00:00,Y,P,N,7013,3095 STONEBROOK CIR,,,,MEMPHIS,38116,TN,US,
HOME 2 STS MOBILE I-65,16011,100000046346294,100000046355171,BILL_TO,100000046340867,5101,HOME 2 STS MOBILE I-65,100000046350728,A,17215,A,1900-01-01T00:00:00.000+00:00,4712-12-31T00:00:00.000+00:00,Y,P,N,6858,1485 SATCHEL PAIGE DR,,,,MOBILE,36606,AL,US,
INNOVATIVE HVAC SALES,16012,100000046345679,100000046354198,BILL_TO,100000046340868,3672,INNOVATIVE HVAC SALES,100000046349299,A,16600,A,1900-01-01T00:00:00.000+00:00,4712-12-31T00:00:00.000+00:00,Y,P,N,5885,13241 BARTRAM PARK BLVD,,,,JACKSONVILLE,32258,FL,US,
METAIRIE PROPERTY HOLDING LLC,16013,100000046345953,100000046354200,BILL_TO,100000046340869,4700,METAIRIE PROPERTY HOLDING LLC,100000046350327,A,16874,A,1900-01-01T00:00:00.000+00:00,4712-12-31T00:00:00.000+00:00,Y,P,N,5887,2710 SEVERN AVE,,,,METAIRIE,70002,LA,US,
CAET,16014,100000046345364,100000046353643,BILL_TO,100000046340870,4763,CAET,100000046350390,A,16285,A,1900-01-01T00:00:00.000+00:00,4712-12-31T00:00:00.000+00:00,Y,P,N,5330,3100 N STATE ST # 102,,,,JACKSON,39216,MS,US,
CDSG,16015,100000046345125,100000046354573,BILL_TO,100000046340871,5078,CDSG,100000046350705,A,16046,A,1900-01-01T00:00:00.000+00:00,4712-12-31T00:00:00.000+00:00,Y,P,N,6260,50 WFORD AVE,,,,STAFFORD SPRINGS,06076,CT,US,
USDA ARS POULTRY,16016,100000046345380,100000046355376,BILL_TO,100000046340872,4765,USDA ARS POULTRY,100000046350392,A,16301,A,1900-01-01T00:00:00.000+00:00,4712-12-31T00:00:00.000+00:00,Y,P,N,7063,PO BOX 5367,,,,MISSISSIPPI STATE,39762,MS,US,
WATERVIEW APARTMENTS,16017,100000046345932,100000046353338,BILL_TO,100000046340873,3678,WATERVIEW APARTMENTS,100000046349305,A,16853,A,1900-01-01T00:00:00.000+00:00,4712-12-31T00:00:00.000+00:00,Y,P,N,5025,6860 QUINCE RD,,,,MEMPHIS,38119,TN,US,
MAY GENERAL & MECHANICAL,16018,100000046345381,100000046354207,BILL_TO,100000046340874,4455,MAY GENERAL & MECHANICAL,100000046350082,A,16302,A,1900-01-01T00:00:00.000+00:00,4712-12-31T00:00:00.000+00:00,Y,P,N,5894,1093 VALENTINE RD,,,,HOLLY SPRINGS,38635,MS,US,
COOL BREEZE,16019,100000046346547,100000046354208,BILL_TO,100000046340875,4206,COOL BREEZE,100000046349833,A,17468,A,1900-01-01T00:00:00.000+00:00,4712-12-31T00:00:00.000+00:00,Y,P,N,5895,5410 A KLEE MILL S,,,,SYKESVILLE,21784,MD,US,
POLAR AIR,16020,100000046345682,100000046355380,BILL_TO,100000046340876,5115,POLAR AIR,100000046350742,A,16603,A,1900-01-01T00:00:00.000+00:00,4712-12-31T00:00:00.000+00:00,Y,P,N,7067,1600 W MOZELLE,,,,PHARR,78577,TX,US,
KIRBY WOODS BAPTIST CHURCH,16021,100000046345964,100000046354796,BILL_TO,100000046340877,4457,KIRBY WOODS BAPTIST CHURCH,100000046350084,A,16885,A,1900-01-01T00:00:00.000+00:00,4712-12-31T00:00:00.000+00:00,Y,P,N,6483,6311 POPLAR AVE,,,,MEMPHIS,38119,TN,US,
BRIGGS MECHANICAL,16022,100000046344520,100000046354797,BILL_TO,100000046340878,4458,BRIGGS MECHANICAL,100000046350085,A,15441,A,1900-01-01T00:00:00.000+00:00,4712-12-31T00:00:00.000+00:00,Y,P,N,6484,409 S PUTNAM ST,,,,WILLIAMSTON,48895,MI,US,
KB CONSTRUCTION,16023,100000046345936,100000046355184,BILL_TO,100000046340879,5119,KB CONSTRUCTION,100000046350746,A,16857,A,1900-01-01T00:00:00.000+00:00,4712-12-31T00:00:00.000+00:00,Y,P,N,6871,333 S GREENWOOD ST,,,,WICHITA,67211,KS,US,
TAYLOR HEATING & AIR,16024,100000046345128,100000046353294,BILL_TO,100000046340880,5121,TAYLOR HEATING & AIR,100000046350748,A,16049,A,1900-01-01T00:00:00.000+00:00,4712-12-31T00:00:00.000+00:00,Y,P,N,4981,402 W TATE ST,,,,CORINTH,38834,MS,US,
MATLOCK MECHANICAL LLC,16025,100000046345130,100000046353344,BILL_TO,100000046340881,3681,MATLOCK MECHANICAL LLC,100000046349308,A,16051,A,1900-01-01T00:00:00.000+00:00,4712-12-31T00:00:00.000+00:00,Y,P,N,5031,1557 HOLLYWOOD DR,,,,JACKSON,38305,TN,US,
SCHERING-PLOUGH HEALTHCARE PRO,16026,100000046345945,100000046355193,BILL_TO,100000046340882,4774,SCHERING-PLOUGH HEALTHCARE PRO,100000046350401,A,16866,A,1900-01-01T00:00:00.000+00:00,4712-12-31T00:00:00.000+00:00,Y,P,N,6880,3030 JACKSON AVE,,,,MEMPHIS,38151-0001,TN,US,
FIRST STATE BANK,16027,100000046345689,100000046353348,BILL_TO,100000046340883,5124,FIRST STATE BANK,100000046350751,A,16610,A,1900-01-01T00:00:00.000+00:00,4712-12-31T00:00:00.000+00:00,Y,P,N,5035,100 E REELFOOT AVE,,,,UNION CITY,38261,TN,US,
HYATT PLACE,16028,100000046345391,100000046354216,BILL_TO,100000046340884,4775,HYATT PLACE,100000046350402,A,16312,A,1900-01-01T00:00:00.000+00:00,4712-12-31T00:00:00.000+00:00,Y,P,N,5903,1401 N WGREEN BLVD,,,,KATY,77449,TX,US,
SHEARIN HEATING & CLG LLC,16029,100000046345972,100000046355197,BILL_TO,100000046340885,4466,SHEARIN HEATING & CLG LLC,100000046350093,A,16893,A,1900-01-01T00:00:00.000+00:00,4712-12-31T00:00:00.000+00:00,Y,P,N,6884,1242 CONSTRUCTION DR,,,,ROCKY MOUNT,27804,NC,US,
GERMANTOWN PRESBYTERIAN CHURCH,16030,100000046345950,100000046354812,BILL_TO,100000046340886,3948,GERMANTOWN PRESBYTERIAN CHURCH,100000046349575,A,16871,A,1900-01-01T00:00:00.000+00:00,4712-12-31T00:00:00.000+00:00,Y,P,N,6499,2363 GERMANTOWN RD,,,,GERMANTOWN,38138,TN,US,
R & R SERVICES,16031,100000046344889,100000046353298,BILL_TO,100000046340887,3949,R & R SERVICES,100000046349576,A,15810,A,1900-01-01T00:00:00.000+00:00,4712-12-31T00:00:00.000+00:00,Y,P,N,4985,12955 PEBBLE RIDGE DR,,,,BYHALIA,38611,MS,US,
VEMCO INC,16032,100000046344892,100000046354221,BILL_TO,100000046340888,4717,VEMCO INC,100000046350344,A,15813,A,1900-01-01T00:00:00.000+00:00,4712-12-31T00:00:00.000+00:00,N,Y,N,5908,PO BOX 129,,,,BILLINGS,59103-0129,MT,US,
VEMCO INC,16032,100000046345398,100000046353351,BILL_TO,100000046340888,4717,VEMCO INC,100000046350344,A,16319,A,1900-01-01T00:00:00.000+00:00,4712-12-31T00:00:00.000+00:00,Y,P,N,5038,1625 3RD AVE N,,,,GREAT FALLS,59401,MT,US,
SID'S HEATING & AIR,16033,100000046345531,100000046353999,BILL_TO,100000046340889,3321,SID'S HEATING & AIR,100000046348948,A,16452,A,1900-01-01T00:00:00.000+00:00,4712-12-31T00:00:00.000+00:00,Y,P,N,5686,2134 BERRY GARDEN CIR E,,,,CORDOVA,38016,TN,US,
GENTRY'S HEATING & COOLING MECHANICAL CONTRACTORS LLC,16034,100000046345504,100000046355047,BILL_TO,100000046340890,3824,GENTRY'S HEATING & COOLING MECHANICAL CONTRACTORS LLC,100000046349451,A,16425,A,1900-01-01T00:00:00.000+00:00,4712-12-31T00:00:00.000+00:00,Y,P,N,6734,3865 VISCOUNT AVE,,,,MEMPHIS,38118,TN,US,
CAROLINA CHILLER,16035,100000046346110,100000046354838,BILL_TO,100000046340891,4528,CAROLINA CHILLER,100000046350155,A,17031,A,1900-01-01T00:00:00.000+00:00,4712-12-31T00:00:00.000+00:00,Y,P,N,6525,8351 PALMETTO COMMERCE PKWY,,,,LADSON,39456,SC,US,
ROBERTS BUILDERS,16036,100000046344674,100000046355423,BILL_TO,100000046340892,4035,ROBERTS BUILDERS,100000046349662,A,15595,A,1900-01-01T00:00:00.000+00:00,4712-12-31T00:00:00.000+00:00,Y,P,N,7110,204 W 1ST ST,,,,RIPLEY,38663,MS,US,
INTERNATIONAL PAPER,16037,100000046344965,100000046353757,BILL_TO,100000046340893,4529,INTERNATIONAL PAPER,100000046350156,A,15886,A,1900-01-01T00:00:00.000+00:00,4712-12-31T00:00:00.000+00:00,Y,P,N,5444,PO BOX 5383,,,,PORTLAND,97228,OR,US,
JOHNSON MECHANICAL CONTRACTORS,16038,100000046345533,100000046355425,BILL_TO,100000046340894,4532,JOHNSON MECHANICAL CONTRACTORS,100000046350159,A,16454,A,1900-01-01T00:00:00.000+00:00,4712-12-31T00:00:00.000+00:00,Y,P,N,7112,513 W PRAIRIE ST,,,,FAYETTEVILLE,72701,AR,US,
BYRD INC,16039,100000046345513,100000046353761,BILL_TO,100000046340895,4336,BYRD INC,100000046349963,A,16434,A,1900-01-01T00:00:00.000+00:00,4712-12-31T00:00:00.000+00:00,Y,P,N,5448,7903 SCHILLINGER PARK RD,,,,MOBILE,36608,AL,US,
BADGER HVAC LLC,16040,100000046346398,100000046353458,BILL_TO,100000046340896,4338,BADGER HVAC LLC,100000046349965,A,17319,A,1900-01-01T00:00:00.000+00:00,4712-12-31T00:00:00.000+00:00,Y,P,N,5145,5348 HWY 10 E,,,,STEVENS POINT,54482,WI,US,
LENNOX NATIONAL ACCOUNT SERVIC,16041,100000046344681,100000046355432,BILL_TO,100000046340897,4041,LENNOX NATIONAL ACCOUNT SERVIC,100000046349668,A,15602,A,1900-01-01T00:00:00.000+00:00,4712-12-31T00:00:00.000+00:00,Y,P,N,7119,3511 NE 22 AVE,,,,FT LAUDERDALE,33308,FL,US,
HC BLAKE CO,16042,100000046346116,100000046354840,BILL_TO,100000046340898,4339,HC BLAKE CO,100000046349966,A,17037,A,1900-01-01T00:00:00.000+00:00,4712-12-31T00:00:00.000+00:00,Y,P,N,6527,406 HOLMES AVE NW,,,,HUNTSVILLE,35801,AL,US,
WALK-OFF PROPERTIES,16043,100000046344461,100000046353531,BILL_TO,100000046340899,5235,WALK-OFF PROPERTIES,100000046350862,A,15382,A,1900-01-01T00:00:00.000+00:00,4712-12-31T00:00:00.000+00:00,Y,P,N,5218,240 MADISON AVE STE 603,,,,MEMPHIS,38103,TN,US,
FOUR SEASONS HVAC,16044,100000046344462,100000046354010,BILL_TO,100000046340900,4883,FOUR SEASONS HVAC,100000046350510,A,15383,A,1900-01-01T00:00:00.000+00:00,4712-12-31T00:00:00.000+00:00,Y,P,N,5697,105 SIMMONS RD,,,,FLORA,39071,MS,US,
S & N MAINTENANCE,16045,100000046345539,100000046354843,BILL_TO,100000046340901,5237,S & N MAINTENANCE,100000046350864,A,16460,A,1900-01-01T00:00:00.000+00:00,4712-12-31T00:00:00.000+00:00,Y,P,N,6530,950 MT MORIAH RD,,,,MEMPHIS,38117,TN,US,
VAUGHN ELECTRIC,16046,100000046344685,100000046354013,BILL_TO,100000046340902,3334,VAUGHN ELECTRIC,100000046348961,A,15606,A,1900-01-01T00:00:00.000+00:00,4712-12-31T00:00:00.000+00:00,Y,P,N,5700,313 E FLORIDA AVE,,,,UNION CITY,38261,TN,US,
GS AUTO - 914 - WP,16047,100000046346123,100000046354442,BILL_TO,100000046340903,3514,GS AUTO - 914 - WP,100000046349141,A,17044,A,1900-01-01T00:00:00.000+00:00,4712-12-31T00:00:00.000+00:00,Y,P,N,6129,3095 STONEBROOK CIR,,,,MEMPHIS,38116,TN,US,
AIR ONE HEATING & COOLING,16048,100000046345523,100000046353766,BILL_TO,100000046340904,3517,AIR ONE HEATING & COOLING,100000046349144,A,16444,A,1900-01-01T00:00:00.000+00:00,4712-12-31T00:00:00.000+00:00,Y,P,N,5453,1905 S MCKENZIE ST,,,,FOLEY,36535,AL,US,
FINDLEY & PEGRAM,16049,100000046344984,100000046353767,BILL_TO,100000046340905,4538,FINDLEY & PEGRAM,100000046350165,A,15905,A,1900-01-01T00:00:00.000+00:00,4712-12-31T00:00:00.000+00:00,Y,P,N,5454,PO BOX 161028,,,,MEMPHIS,38186,TN,US,
CROWN CORK & SEAL USA INC,16050,100000046344988,100000046353468,BILL_TO,100000046340906,3837,CROWN CORK & SEAL USA INC,100000046349464,A,15909,A,1900-01-01T00:00:00.000+00:00,4712-12-31T00:00:00.000+00:00,Y,P,N,5155,195 CROWN DR,,,,BATESVILLE,38606,MS,US,
BEDSON REPS,16051,100000046346128,100000046353772,BILL_TO,100000046340907,4056,BEDSON REPS,100000046349683,A,17049,A,1900-01-01T00:00:00.000+00:00,4712-12-31T00:00:00.000+00:00,Y,P,N,5459,3215 PLAYERS CLUB PKWY,,,,MEMPHIS,38125,TN,US,
HVAC CONTROLS,16052,100000046346407,100000046353810,BILL_TO,100000046340908,3840,HVAC CONTROLS,100000046349467,A,17328,A,1900-01-01T00:00:00.000+00:00,4712-12-31T00:00:00.000+00:00,Y,P,N,5497,372 RANKIN RD,,,,BRANDON,39042,MS,US,
DOMINION AIR & HEAT,16053,100000046344992,100000046353775,BILL_TO,100000046340909,4543,DOMINION AIR & HEAT,100000046350170,A,15913,A,1900-01-01T00:00:00.000+00:00,4712-12-31T00:00:00.000+00:00,Y,P,N,5462,310 KRENEK RD,,,,CROSBY,77532,TX,US,
GEPHART ELECTRICAL CONST CO,16054,100000046344692,100000046353811,BILL_TO,100000046340910,4544,GEPHART ELECTRICAL CONST CO,100000046350171,A,15613,A,1900-01-01T00:00:00.000+00:00,4712-12-31T00:00:00.000+00:00,Y,P,N,5498,1574 OLD COMMERCE RD,,,,ROBINSONVILLE,38664,MS,US,
ICEBERG HTG & COOLING,16055,100000046346133,100000046355067,BILL_TO,100000046340911,4348,ICEBERG HTG & COOLING,100000046349975,A,17054,A,1900-01-01T00:00:00.000+00:00,4712-12-31T00:00:00.000+00:00,Y,P,N,6754,4001 MCCART AVE STE B,,,,FT WORTH,76110,TX,US,
GRANITE CITY MECHANICAL,16056,100000046345222,100000046354449,BILL_TO,100000046340912,5252,GRANITE CITY MECHANICAL,100000046350879,A,16143,A,1900-01-01T00:00:00.000+00:00,4712-12-31T00:00:00.000+00:00,Y,P,N,6136,638 W LEBANON ST,,,,MOUNT AIRY,27030,NC,US,
PIP PRINTING,16057,100000046344694,100000046353813,BILL_TO,100000046340913,3842,PIP PRINTING,100000046349469,A,15615,A,1900-01-01T00:00:00.000+00:00,4712-12-31T00:00:00.000+00:00,Y,P,N,5500,PO BOX 77188,,,,MEMPHIS,38177-1888,TN,US,
JACK LAURENCE CORP,16058,100000046344696,100000046354026,BILL_TO,100000046340914,4065,JACK LAURENCE CORP,100000046349692,A,15617,A,1900-01-01T00:00:00.000+00:00,4712-12-31T00:00:00.000+00:00,Y,P,N,5713,12831 W GOLDEN LN,,,,SAN ANTONIO,78249,TX,US,
AMERICAN REFRIGERATION,16059,100000046344997,100000046353815,BILL_TO,100000046340915,4349,AMERICAN REFRIGERATION,100000046349976,A,15918,A,1900-01-01T00:00:00.000+00:00,4712-12-31T00:00:00.000+00:00,Y,P,N,5502,8815 MWC RD,,,,OLIVE BRANCH,38654,MS,US,
RIVERCREST SCHOOL DISTRICT,16060,100000046346135,100000046353785,BILL_TO,100000046340916,4069,RIVERCREST SCHOOL DISTRICT,100000046349696,A,17056,A,1900-01-01T00:00:00.000+00:00,4712-12-31T00:00:00.000+00:00,Y,P,N,5472,1700-A W STATE HWY 14,,,,WILSON,72395,AR,US,
HILTON GARDEN INN,16061,100000046344700,100000046354452,BILL_TO,100000046340917,4551,HILTON GARDEN INN,100000046350178,A,15621,A,1900-01-01T00:00:00.000+00:00,4712-12-31T00:00:00.000+00:00,N,Y,N,6139,975 MS 12 E,,,,STARKVILLE,39759,MS,US,
HILTON GARDEN INN,16061,100000046345550,100000046355453,BILL_TO,100000046340917,4551,HILTON GARDEN INN,100000046350178,A,16471,A,1900-01-01T00:00:00.000+00:00,4712-12-31T00:00:00.000+00:00,N,Y,N,7140,350 HOLIDAY SQUARE BLVD,,,,COVINGTON,70433,LA,US,
HILTON GARDEN INN,16061,100000046346107,100000046353786,BILL_TO,100000046340917,4551,HILTON GARDEN INN,100000046350178,A,17028,A,1900-01-01T00:00:00.000+00:00,4712-12-31T00:00:00.000+00:00,Y,P,N,5473,201 UNION AVE,,,,MEMPHIS,38103,TN,US,
HILTON GARDEN INN,16061,100000046346136,100000046355452,BILL_TO,100000046340917,4551,HILTON GARDEN INN,100000046350178,A,17057,A,1900-01-01T00:00:00.000+00:00,4712-12-31T00:00:00.000+00:00,N,Y,N,7139,123456 STARTUP RD,,,,BLOOMINGTON,47401,IN,US,
JACKIES INTERNATIONAL,16062,100000046345551,100000046354860,BILL_TO,100000046340918,5259,JACKIES INTERNATIONAL,100000046350886,A,16472,A,1900-01-01T00:00:00.000+00:00,4712-12-31T00:00:00.000+00:00,Y,P,N,6547,1554 W PEACE ST,,,,CANTON,39046,MS,US,
TENARIS HICKMAN,16063,100000046344568,100000046353268,BILL_TO,100000046340919,4737,TENARIS HICKMAN,100000046350364,A,15489,A,1900-01-01T00:00:00.000+00:00,4712-12-31T00:00:00.000+00:00,Y,P,N,4955,4950 N COUNTY RD 967,,,,BLYTHEVILLE,72315,AR,US,
I C E DYERSBURG,16064,100000046344569,100000046355262,BILL_TO,100000046340920,3741,I C E DYERSBURG,100000046349368,A,15490,A,1900-01-01T00:00:00.000+00:00,4712-12-31T00:00:00.000+00:00,Y,P,N,6949,2245 INDUSTRIAL RD,,,,DYERSBURG,38024,TN,US,
AMBRYO DESIGN GROUP LLC,16065,100000046345715,100000046354255,BILL_TO,100000046340921,4802,AMBRYO DESIGN GROUP LLC,100000046350429,A,16636,A,1900-01-01T00:00:00.000+00:00,4712-12-31T00:00:00.000+00:00,Y,P,N,5942,732 MAIN ST,,,,PERRY,31069,GA,US,
IVEY MECHANICAL CO LLC,16066,100000046345716,100000046354256,BILL_TO,100000046340922,3972,IVEY MECHANICAL CO LLC,100000046349599,A,16637,A,1900-01-01T00:00:00.000+00:00,4712-12-31T00:00:00.000+00:00,Y,P,N,5943,183 MARKETRIDGE DR,,,,RIDGELAND,39157,MS,US,
KIMBRO AIR,16067,100000046346005,100000046354257,BILL_TO,100000046340923,4256,KIMBRO AIR,100000046349883,A,16926,A,1900-01-01T00:00:00.000+00:00,4712-12-31T00:00:00.000+00:00,Y,P,N,5944,134 VOLUNTEER DR,,,,HENDERSONVILLE,37075,TN,US,
GRINDER TABER & GRINDER,16068,100000046346327,100000046355263,BILL_TO,100000046340924,3973,GRINDER TABER & GRINDER,100000046349600,A,17248,A,1900-01-01T00:00:00.000+00:00,4712-12-31T00:00:00.000+00:00,Y,P,N,6950,1919 LYNNFIELD RD,,,,MEMPHIS,38119,TN,US,
ANDREW JONES,16069,100000046345427,100000046354258,BILL_TO,100000046340925,3743,ANDREW JONES,100000046349370,A,16348,A,1900-01-01T00:00:00.000+00:00,4712-12-31T00:00:00.000+00:00,Y,P,N,5945,12955 PEBBLE RIDGE DR,,,,BYHALIA,38611,MS,US,
TRUCKOMAT,16070,100000046345439,100000046353933,BILL_TO,100000046340926,3427,TRUCKOMAT,100000046349054,A,16360,A,1900-01-01T00:00:00.000+00:00,4712-12-31T00:00:00.000+00:00,Y,P,N,5620,515 STERLING DR,,,,WALCOTT,52773,IA,US,
TRUCKOMAT,16070,100000046346598,100000046354283,BILL_TO,100000046340926,3427,TRUCKOMAT,100000046349054,A,17519,A,1900-01-01T00:00:00.000+00:00,4712-12-31T00:00:00.000+00:00,N,Y,N,5970,PO BOX 640,,,,WALCOTT,52773,IA,US,
CHARLES H CHESTER PLUMBING,16071,100000046345187,100000046353712,BILL_TO,100000046340927,3456,CHARLES H CHESTER PLUMBING,100000046349083,A,16108,A,1900-01-01T00:00:00.000+00:00,4712-12-31T00:00:00.000+00:00,Y,P,N,5399,PO BOX 278,,,,ELKO,89803,NV,US,
MIDDLETON HEAT & AIR,16072,100000046345735,100000046353393,BILL_TO,100000046340928,4814,MIDDLETON HEAT & AIR,100000046350441,A,16656,A,1900-01-01T00:00:00.000+00:00,4712-12-31T00:00:00.000+00:00,Y,P,N,5080,PO BOX 506,,,,BRYANT,72089,AR,US,
HENDRIX COLLEGE,16073,100000046344587,100000046353937,BILL_TO,100000046340929,5176,HENDRIX COLLEGE,100000046350803,A,15508,A,1900-01-01T00:00:00.000+00:00,4712-12-31T00:00:00.000+00:00,Y,P,N,5624,1600 WASHINGTON ST,,,,CONWAY,72032,AR,US,
LYRIC HOTEL,16074,100000046346601,100000046353714,BILL_TO,100000046340930,3430,LYRIC HOTEL,100000046349057,A,17522,A,1900-01-01T00:00:00.000+00:00,4712-12-31T00:00:00.000+00:00,Y,P,N,5401,1300 HWY 8 W,,,,CLEVELAND,38732,MS,US,
THE ECONOMIC EMPOWERMENT MODEL,16075,100000046346602,100000046353716,BILL_TO,100000046340931,3760,THE ECONOMIC EMPOWERMENT MODEL,100000046349387,A,17523,A,1900-01-01T00:00:00.000+00:00,4712-12-31T00:00:00.000+00:00,Y,P,N,5403,109 INDUSTRIAL DR,,,,FORNEY,75126,TX,US,
APPLIED MECHANICAL SVCS INC,16076,100000046345444,100000046353938,BILL_TO,100000046340932,4817,APPLIED MECHANICAL SVCS INC,100000046350444,A,16365,A,1900-01-01T00:00:00.000+00:00,4712-12-31T00:00:00.000+00:00,Y,P,N,5625,PO BOX 531,,,,SOUTHAVEN,38671,MS,US,
ELECTRIC MOTOR CENTER,16077,100000046346336,100000046353939,BILL_TO,100000046340933,4277,ELECTRIC MOTOR CENTER,100000046349904,A,17257,A,1900-01-01T00:00:00.000+00:00,4712-12-31T00:00:00.000+00:00,Y,P,N,5626,3222 BERNICE AVE,,,,RUSSELLVILLE,72811,AR,US,
ROVANCO,16078,100000046345445,100000046353398,BILL_TO,100000046340934,4278,ROVANCO,100000046349905,A,16366,A,1900-01-01T00:00:00.000+00:00,4712-12-31T00:00:00.000+00:00,Y,P,N,5085,20535 S E FRONTAGE RD,,,,JOLIET,60431,IL,US,
PAT L MCKENZIE INC,16079,100000046345190,100000046354902,BILL_TO,100000046340935,3986,PAT L MCKENZIE INC,100000046349613,A,16111,A,1900-01-01T00:00:00.000+00:00,4712-12-31T00:00:00.000+00:00,Y,P,N,6589,PO BOX 278,,,,ELLISVILLE,39437,MS,US,
NEW ALBANY SCHOOL DISTRICT,16080,100000046344591,100000046353942,BILL_TO,100000046340936,3435,NEW ALBANY SCHOOL DISTRICT,100000046349062,A,15512,A,1900-01-01T00:00:00.000+00:00,4712-12-31T00:00:00.000+00:00,Y,P,N,5629,301 HWY 15 N,,,,NEW ALBANY,38652,MS,US,
PRO METALS,16081,100000046345191,100000046353472,BILL_TO,100000046340937,4485,PRO METALS,100000046350112,A,16112,A,1900-01-01T00:00:00.000+00:00,4712-12-31T00:00:00.000+00:00,Y,P,N,5159,8203 HICKMAN MILLS DR,,,,KANSAS CITY,64132,MO,US,
BANK PLUS,16082,100000046346605,100000046354746,BILL_TO,100000046340938,3438,BANK PLUS,100000046349065,A,17526,A,1900-01-01T00:00:00.000+00:00,4712-12-31T00:00:00.000+00:00,Y,P,N,6433,385A HIGHLAND COLONY PKWY,,,,RIDGELAND,39157,MS,US,
C-TECH INC,16083,100000046344598,100000046355285,BILL_TO,100000046340939,3764,C-TECH INC,100000046349391,A,15519,A,1900-01-01T00:00:00.000+00:00,4712-12-31T00:00:00.000+00:00,Y,P,N,6972,33 INDUSTRIAL PARK DR,,,,HENDERSONVILLE,37075,TN,US,
UNIV OF MEMPHIS PHYSICAL PLANT,16084,100000046345749,100000046353402,BILL_TO,100000046340940,3465,UNIV OF MEMPHIS PHYSICAL PLANT,100000046349092,A,16670,A,1900-01-01T00:00:00.000+00:00,4712-12-31T00:00:00.000+00:00,Y,P,N,5089,3750 DESOTO,,,,MEMPHIS,38152,TN,US,
HOMEWOOD PENSACOLA,16085,100000046345198,100000046354910,BILL_TO,100000046340941,3769,HOMEWOOD PENSACOLA,100000046349396,A,16119,A,1900-01-01T00:00:00.000+00:00,4712-12-31T00:00:00.000+00:00,Y,P,N,6597,5049 CORPORATE WOODS DR,,,,PENSACOLA,32504,FL,US,
DIVI HOSPITALITY PORT ALLEN,16086,100000046345201,100000046355332,BILL_TO,100000046340942,4488,DIVI HOSPITALITY PORT ALLEN,100000046350115,A,16122,A,1900-01-01T00:00:00.000+00:00,4712-12-31T00:00:00.000+00:00,Y,P,N,7019,2720 N WPORT DR,,,,PORT ALLEN,70767,LA,US,
OTO DEVELOPMENT LLC,16087,100000046346342,100000046354954,BILL_TO,100000046340943,4489,OTO DEVELOPMENT LLC,100000046350116,A,17263,A,1900-01-01T00:00:00.000+00:00,4712-12-31T00:00:00.000+00:00,Y,P,N,6641,401 S SAN FERNANDO BLVD,,,,BURBANK,91502,CA,US,
SOUTH CENTRAL HEATING & PLBG,16088,100000046345203,100000046353409,BILL_TO,100000046340944,4491,SOUTH CENTRAL HEATING & PLBG,100000046350118,A,16124,A,1900-01-01T00:00:00.000+00:00,4712-12-31T00:00:00.000+00:00,Y,P,N,5096,PO BOX 4627,,,,JACKSON,39296,MS,US,
BARR BRANDS - WM BARR CO,16089,100000046344603,100000046354957,BILL_TO,100000046340945,3779,BARR BRANDS - WM BARR CO,100000046349406,A,15524,A,1900-01-01T00:00:00.000+00:00,4712-12-31T00:00:00.000+00:00,Y,P,N,6644,10700 PRAIRIE LAKES DR,,,,EDEN PRAIRIE,55344,MN,US,
BELLS ELEMENTARY SCHOOL,16090,100000046345757,100000046353953,BILL_TO,100000046340946,4826,BELLS ELEMENTARY SCHOOL,100000046350453,A,16678,A,1900-01-01T00:00:00.000+00:00,4712-12-31T00:00:00.000+00:00,Y,P,N,5640,4532 HWY 88 S,,,,BELLS,38006,TN,US,
BELZ INVESTCO GP,16091,100000046346039,100000046355336,BILL_TO,100000046340947,4827,BELZ INVESTCO GP,100000046350454,A,16960,A,1900-01-01T00:00:00.000+00:00,4712-12-31T00:00:00.000+00:00,Y,P,N,7023,100 PEABODY PL,,,,MEMPHIS,38103,TN,US,
ELECTRONIC CONTROLS INC,16092,100000046344636,100000046353958,BILL_TO,100000046340948,4828,ELECTRONIC CONTROLS INC,100000046350455,A,15557,A,1900-01-01T00:00:00.000+00:00,4712-12-31T00:00:00.000+00:00,Y,P,N,5645,4129 S CREEK RD,,,,CHATTANOOGA,37406,TN,US,
NORTH SOUTH CONSTRUCTION,16093,100000046345695,100000046354222,BILL_TO,100000046340949,3686,NORTH SOUTH CONSTRUCTION,100000046349313,A,16616,A,1900-01-01T00:00:00.000+00:00,4712-12-31T00:00:00.000+00:00,Y,P,N,5909,7400 WHITEPINE RD,,,,MIDLOTHIAN,23237,VA,US,
BARGER CONSTRUCTION,16094,100000046345979,100000046353300,BILL_TO,100000046340950,5132,BARGER CONSTRUCTION,100000046350759,A,16900,A,1900-01-01T00:00:00.000+00:00,4712-12-31T00:00:00.000+00:00,Y,P,N,4987,23134 HWY 22 N,,,,YUMA,38390,TN,US,
SPIRAL SYSTEMS,16095,100000046345145,100000046355392,BILL_TO,100000046340951,3398,SPIRAL SYSTEMS,100000046349025,A,16066,A,1900-01-01T00:00:00.000+00:00,4712-12-31T00:00:00.000+00:00,Y,P,N,7079,860 OLD HWY 51 N,,,,NESBIT,38632,MS,US,
WESTLAND CONSTRUCTION,16096,100000046346563,100000046353241,BILL_TO,100000046340952,5134,WESTLAND CONSTRUCTION,100000046350761,A,17484,A,1900-01-01T00:00:00.000+00:00,4712-12-31T00:00:00.000+00:00,Y,P,N,4928,1411 W 1250 S,,,,OREM,84058,UT,US,
EAGLE PRO LLC,16097,100000046345402,100000046353353,BILL_TO,100000046340953,3953,EAGLE PRO LLC,100000046349580,A,16323,A,1900-01-01T00:00:00.000+00:00,4712-12-31T00:00:00.000+00:00,Y,P,N,5040,3695 2ND ST,,,,MUSCLE SHOALS,35661,AL,US,
STARACE MECHANICAL,16098,100000046346306,100000046355395,BILL_TO,100000046340954,5140,STARACE MECHANICAL,100000046350767,A,17227,A,1900-01-01T00:00:00.000+00:00,4712-12-31T00:00:00.000+00:00,Y,P,N,7082,2144 E PACIFIC AVE,,,,TULARE,93274,CA,US,
DWC MECHANICAL INC,16099,100000046345405,100000046354870,BILL_TO,100000046340955,4222,DWC MECHANICAL INC,100000046349849,A,16326,A,1900-01-01T00:00:00.000+00:00,4712-12-31T00:00:00.000+00:00,Y,P,N,6557,100 JOHN GLENN DR,,,,AMHERST,14228,NY,US,
INNOVAITIVE AIR INC,16100,100000046345153,100000046354236,BILL_TO,100000046340956,4224,INNOVAITIVE AIR INC,100000046349851,A,16074,A,1900-01-01T00:00:00.000+00:00,4712-12-31T00:00:00.000+00:00,Y,P,N,5923,11343 W PRESIDENT DR,,,,BOISE,83713,ID,US,
VICKREY HEAT & AIR,16101,100000046346576,100000046353248,BILL_TO,100000046340957,4245,VICKREY HEAT & AIR,100000046349872,A,17497,A,1900-01-01T00:00:00.000+00:00,4712-12-31T00:00:00.000+00:00,Y,P,N,4935,PO BOX 926,,,,CLAREMORE,74018,OK,US,
AIRFLO SALES INC,16102,100000046344548,100000046353251,BILL_TO,100000046340958,4226,AIRFLO SALES INC,100000046349853,A,15469,A,1900-01-01T00:00:00.000+00:00,4712-12-31T00:00:00.000+00:00,Y,P,N,4938,103 FIRST CHOICE DR,,,,MADISON,39110,MS,US,
THE LIGHTING SOURCE,16103,100000046345704,100000046354875,BILL_TO,100000046340959,4794,THE LIGHTING SOURCE,100000046350421,A,16625,A,1900-01-01T00:00:00.000+00:00,4712-12-31T00:00:00.000+00:00,Y,P,N,6562,515 VANDALIA ST,,,,MEMPHIS,38112,TN,US,
BAPTIST MEDICAL CENTER LEAKE,16104,100000046345160,100000046355404,BILL_TO,100000046340960,5150,BAPTIST MEDICAL CENTER LEAKE,100000046350777,A,16081,A,1900-01-01T00:00:00.000+00:00,4712-12-31T00:00:00.000+00:00,Y,P,N,7091,1100 MS-16,,,,CARTHAGE,39051,MS,US,
SCHWABB VOLLHABER LUBRATT INC,16105,100000046346578,100000046354241,BILL_TO,100000046340961,3409,SCHWABB VOLLHABER LUBRATT INC,100000046349036,A,17499,A,1900-01-01T00:00:00.000+00:00,4712-12-31T00:00:00.000+00:00,Y,P,N,5928,3454 41ST ST S,,,,FARGO,58104,ND,US,
PET & SAMS ITALIAN RESTAURANT,16106,100000046345162,100000046355252,BILL_TO,100000046340962,4228,PET & SAMS ITALIAN RESTAURANT,100000046349855,A,16083,A,1900-01-01T00:00:00.000+00:00,4712-12-31T00:00:00.000+00:00,Y,P,N,6939,3886 PARK AVE,,,,MEMPHIS,38111,TN,US,
CONTROL APPLICATIONS,16107,100000046345411,100000046354674,BILL_TO,100000046340963,3410,CONTROL APPLICATIONS,100000046349037,A,16332,A,1900-01-01T00:00:00.000+00:00,4712-12-31T00:00:00.000+00:00,Y,P,N,6361,11989 MACON RD,,,,COLLIERVILLE,38017,TN,US,
CASH & SONS,16108,100000046344554,100000046355411,BILL_TO,100000046340964,3708,CASH & SONS,100000046349335,A,15475,A,1900-01-01T00:00:00.000+00:00,4712-12-31T00:00:00.000+00:00,Y,P,N,7098,1540 S MAIN STREEET,,,,WARREN,71671,AR,US,
ORANGE STREET MECHANICAL LLC,16109,100000046345997,100000046354879,BILL_TO,100000046340965,5157,ORANGE STREET MECHANICAL LLC,100000046350784,A,16918,A,1900-01-01T00:00:00.000+00:00,4712-12-31T00:00:00.000+00:00,Y,P,N,6566,PO BOX 5750,,,,MESA,85211,AZ,US,
KERIOTH,16110,100000046345708,100000046353369,BILL_TO,100000046340966,5158,KERIOTH,100000046350785,A,16629,A,1900-01-01T00:00:00.000+00:00,4712-12-31T00:00:00.000+00:00,Y,P,N,5056,361 TOWNSHIP AVE,,,,RIDGELAND,39157,MS,US,
TORIN DRIVE INTERNATIONAL LLC,16111,100000046344914,100000046355259,BILL_TO,100000046340967,5160,TORIN DRIVE INTERNATIONAL LLC,100000046350787,A,15835,A,1900-01-01T00:00:00.000+00:00,4712-12-31T00:00:00.000+00:00,Y,P,N,6946,4949 E RAINES RD #101,,,,MEMPHIS,38118,TN,US,
CADRE BUILDING,16112,100000046346591,100000046354267,BILL_TO,100000046340968,3735,CADRE BUILDING,100000046349362,A,17512,A,1900-01-01T00:00:00.000+00:00,4712-12-31T00:00:00.000+00:00,Y,P,N,5954,149 MONROE AVE,,,,MEMPHIS,38103,TN,US,
ACS,16113,100000046346322,100000046354252,BILL_TO,100000046340969,3414,ACS,100000046349041,A,17243,A,1900-01-01T00:00:00.000+00:00,4712-12-31T00:00:00.000+00:00,Y,P,N,5939,3330 UNIVERSITY AVE,,,,MADISON,53705,WI,US,
GREEN MOUNTAIN TECH,16114,100000046346325,100000046354684,BILL_TO,100000046340970,3716,GREEN MOUNTAIN TECH,100000046349343,A,17246,A,1900-01-01T00:00:00.000+00:00,4712-12-31T00:00:00.000+00:00,Y,P,N,6371,5860 RIDGEWAY CENTER PKWY,,,,MEMPHIS,38120,TN,US,
FRESENIUS ACCOUNTS PAYABLE,16115,100000046346326,100000046354273,BILL_TO,100000046340971,4738,FRESENIUS ACCOUNTS PAYABLE,100000046350365,A,17247,A,1900-01-01T00:00:00.000+00:00,4712-12-31T00:00:00.000+00:00,Y,P,N,5960,4163 WILLOW LAKE BLVD,,,,MEMPHIS,38118,TN,US,
DAN WALKER ASSOCIATES INC,16116,100000046344571,100000046354276,BILL_TO,100000046340972,4803,DAN WALKER ASSOCIATES INC,100000046350430,A,15492,A,1900-01-01T00:00:00.000+00:00,4712-12-31T00:00:00.000+00:00,Y,P,N,5963,3891 FOREST HILL IRENE RD,,,,MEMPHIS,38125,TN,US,
MEMPHIS UNION MISSION,16117,100000046345429,100000046354277,BILL_TO,100000046340973,3717,MEMPHIS UNION MISSION,100000046349344,A,16350,A,1900-01-01T00:00:00.000+00:00,4712-12-31T00:00:00.000+00:00,Y,P,N,5964,PO BOX 330,,,,MEMPHIS,38101,TN,US,
V & S MEMPHIS GALVANIZING LLC,16118,100000046346328,100000046354259,BILL_TO,100000046340974,3719,V & S MEMPHIS GALVANIZING LLC,100000046349346,A,17249,A,1900-01-01T00:00:00.000+00:00,4712-12-31T00:00:00.000+00:00,Y,P,N,5946,3348 FITE RD,,,,MILLINGTON,38053,TN,US,
CHAWLA & SONS INC,16119,100000046346010,100000046354685,BILL_TO,100000046340975,4261,CHAWLA & SONS INC,100000046349888,A,16931,A,1900-01-01T00:00:00.000+00:00,4712-12-31T00:00:00.000+00:00,Y,P,N,6372,1300 HWY 8 W,,,,CLEVELAND,38732,MS,US,
GUCKIAN ENERGY SYSTEMS LLC,16120,100000046345719,100000046353275,BILL_TO,100000046340976,4262,GUCKIAN ENERGY SYSTEMS LLC,100000046349889,A,16640,A,1900-01-01T00:00:00.000+00:00,4712-12-31T00:00:00.000+00:00,Y,P,N,4962,181 BLACKBERRY RD,,,,LIVERPOOL,13090,NY,US,
DEMPSEY'S JAG SERVICE,16121,100000046344925,100000046353381,BILL_TO,100000046340977,4471,DEMPSEY'S JAG SERVICE,100000046350098,A,15846,A,1900-01-01T00:00:00.000+00:00,4712-12-31T00:00:00.000+00:00,Y,P,N,5068,3220 FEATHERS CHAPEL DR,,,,SOMERVILLE,38068,TN,US,
MORGAN THORNBURG SVC SOLUTIONS,16122,100000046346013,100000046353382,BILL_TO,100000046340978,4804,MORGAN THORNBURG SVC SOLUTIONS,100000046350431,A,16934,A,1900-01-01T00:00:00.000+00:00,4712-12-31T00:00:00.000+00:00,Y,P,N,5069,4076 HATCHER CIR,,,,MEMPHIS,38118,TN,US,
NATIONAL HVAC,16123,100000046345554,100000046353545,BILL_TO,100000046340979,3851,NATIONAL HVAC,100000046349478,A,16475,A,1900-01-01T00:00:00.000+00:00,4712-12-31T00:00:00.000+00:00,Y,P,N,5232,4105 HICKORY HILL RD,,,,MEMPHIS,38115,TN,US,
ENGINEERED COMFORT SERVICES,16124,100000046344702,100000046355457,BILL_TO,100000046340980,3530,ENGINEERED COMFORT SERVICES,100000046349157,A,15623,A,1900-01-01T00:00:00.000+00:00,4712-12-31T00:00:00.000+00:00,Y,P,N,7144,5177 BELLEWOOD CT STE A,,,,BUFORD,30518,GA,US,
KVN HEATING & AIR CONDITIONING,16125,100000046344703,100000046353546,BILL_TO,100000046340981,4554,KVN HEATING & AIR CONDITIONING,100000046350181,A,15624,A,1900-01-01T00:00:00.000+00:00,4712-12-31T00:00:00.000+00:00,Y,P,N,5233,7186 21ST ST E,,,,SARASOTA,34243,FL,US,
GOLDING MECHANICAL SVCS INC,16126,100000046344483,100000046354030,BILL_TO,100000046340982,4898,GOLDING MECHANICAL SVCS INC,100000046350525,A,15404,A,1900-01-01T00:00:00.000+00:00,4712-12-31T00:00:00.000+00:00,Y,P,N,5717,PO BOX 628,,,,ELLENDALE,38029,TN,US,
ENFRA MCC LLC,16127,100000046345005,100000046354311,BILL_TO,100000046340983,5265,ENFRA MCC LLC,100000046350892,A,15926,A,1900-01-01T00:00:00.000+00:00,4712-12-31T00:00:00.000+00:00,Y,P,N,5998,1 GALLERIA BLVD,,,,METAIRIE,70001,LA,US,
MEMPHIS MECHANCIAL SVCS INC,16128,100000046345006,100000046355122,BILL_TO,100000046340984,5267,MEMPHIS MECHANCIAL SVCS INC,100000046350894,A,15927,A,1900-01-01T00:00:00.000+00:00,4712-12-31T00:00:00.000+00:00,Y,P,N,6809,4812 S MENDENHALL,,,,MEMPHIS,38141,TN,US,
IMANI PICAYUNE HOTEL,16129,100000046345559,100000046354031,BILL_TO,100000046340985,4899,IMANI PICAYUNE HOTEL,100000046350526,A,16480,A,1900-01-01T00:00:00.000+00:00,4712-12-31T00:00:00.000+00:00,Y,P,N,5718,1001 DAUPHIN ST,,,,PICAYUNE,39466,MS,US,
AGILIX SOLUTIONS LLC,16130,100000046346423,100000046354459,BILL_TO,100000046340986,4074,AGILIX SOLUTIONS LLC,100000046349701,A,17344,A,1900-01-01T00:00:00.000+00:00,4712-12-31T00:00:00.000+00:00,Y,P,N,6146,2023 WPORT CENTER DR,,,,ST LOUIS,63146,MO,US,
EPSILON LLC,16131,100000046346148,100000046354313,BILL_TO,100000046340987,4356,EPSILON LLC,100000046349983,A,17069,A,1900-01-01T00:00:00.000+00:00,4712-12-31T00:00:00.000+00:00,Y,P,N,6000,1401 INDUSTRIAL PARK DR,,,,TUSCALOOSA,35401,AL,US,
MID-SOUTH ICE PLEX LLC,16132,100000046344488,100000046354915,BILL_TO,100000046340988,4902,MID-SOUTH ICE PLEX LLC,100000046350529,A,15409,A,1900-01-01T00:00:00.000+00:00,4712-12-31T00:00:00.000+00:00,Y,P,N,6602,10705 RIDGE WAY INDUSTRIAL DR,,,,OLIVE BRANCH,38654,MS,US,
WARDS AIR CONDITIONING,16133,100000046346425,100000046353795,BILL_TO,100000046340989,4357,WARDS AIR CONDITIONING,100000046349984,A,17346,A,1900-01-01T00:00:00.000+00:00,4712-12-31T00:00:00.000+00:00,Y,P,N,5482,865 CREATE DR,,,,LAKELAND,33813,FL,US,
WALLY-MO INC,16134,100000046345235,100000046354316,BILL_TO,100000046340990,3856,WALLY-MO INC,100000046349483,A,16156,A,1900-01-01T00:00:00.000+00:00,4712-12-31T00:00:00.000+00:00,Y,P,N,6003,121 MCMURRAY RD,,,,PARSONS,38363,TN,US,
PUMPS & POWER COMPANY,16135,100000046345011,100000046353824,BILL_TO,100000046340991,4080,PUMPS & POWER COMPANY,100000046349707,A,15932,A,1900-01-01T00:00:00.000+00:00,4712-12-31T00:00:00.000+00:00,Y,P,N,5511,PO BOX 1716,,,,EL DORADO,71731,AR,US,
PUMPS & POWER COMPANY,16135,100000046345798,100000046354462,BILL_TO,100000046340991,4080,PUMPS & POWER COMPANY,100000046349707,A,16719,A,1900-01-01T00:00:00.000+00:00,4712-12-31T00:00:00.000+00:00,N,Y,N,6149,207 INDUSTRIAL RD,,,,EL DORADO,71731,AR,US,
JB DAVIS FARMS,16136,100000046345561,100000046354032,BILL_TO,100000046340992,5272,JB DAVIS FARMS,100000046350899,A,16482,A,1900-01-01T00:00:00.000+00:00,4712-12-31T00:00:00.000+00:00,Y,P,N,5719,3930 S LOOKOUT,,,,LITTLE ROCK,72205,AR,US,
ZMC HOTELS,16137,100000046346151,100000046354318,BILL_TO,100000046340993,4358,ZMC HOTELS,100000046349985,A,17072,A,1900-01-01T00:00:00.000+00:00,4712-12-31T00:00:00.000+00:00,Y,P,N,6005,280 COLONIAL DR,,,,OXFORD,36203,AL,US,
GLOBAL INDUSTRIAL DISTRIBUTION,16138,100000046346427,100000046354463,BILL_TO,100000046340994,4906,GLOBAL INDUSTRIAL DISTRIBUTION,100000046350533,A,17348,A,1900-01-01T00:00:00.000+00:00,4712-12-31T00:00:00.000+00:00,Y,P,N,6150,3538 APPLEWOOD WAY,,,,MARYVILLE,37803,TN,US,
SOUTHERN PRIDE DISTRIBUTING,16139,100000046345238,100000046353827,BILL_TO,100000046340995,3538,SOUTHERN PRIDE DISTRIBUTING,100000046349165,A,16159,A,1900-01-01T00:00:00.000+00:00,4712-12-31T00:00:00.000+00:00,Y,P,N,5514,PO BOX 354,,,,ALAMO,38001,TN,US,
HUMPHREYS COUNTY SCHOOL DISTR,16140,100000046345016,100000046354467,BILL_TO,100000046340996,4362,HUMPHREYS COUNTY SCHOOL DISTR,100000046349989,A,15937,A,1900-01-01T00:00:00.000+00:00,4712-12-31T00:00:00.000+00:00,Y,P,N,6154,PO BOX 678,,,,BELZONI,39038,MS,US,
ODYSSEY MECHANICAL,16141,100000046344499,100000046354921,BILL_TO,100000046340997,5277,ODYSSEY MECHANICAL,100000046350904,A,15420,A,1900-01-01T00:00:00.000+00:00,4712-12-31T00:00:00.000+00:00,Y,P,N,6608,3030 HALL WATTERS DR,,,,WILMINGTON,38405,NC,US,
MACK PATEL,16142,100000046346156,100000046354923,BILL_TO,100000046340998,4560,MACK PATEL,100000046350187,A,17077,A,1900-01-01T00:00:00.000+00:00,4712-12-31T00:00:00.000+00:00,Y,P,N,6610,LUCY DR,,,,LONGVIEW,75602,TX,US,
AC GENERAL INC,16143,100000046345244,100000046353798,BILL_TO,100000046340999,3543,AC GENERAL INC,100000046349170,A,16165,A,1900-01-01T00:00:00.000+00:00,4712-12-31T00:00:00.000+00:00,Y,P,N,5485,401 AGMAC AVE,,,,JACKSONVILLE,32254,FL,US,
ROBINWOOD RETIREMENT COMMUNITY,16144,100000046346157,100000046355135,BILL_TO,100000046341000,4914,ROBINWOOD RETIREMENT COMMUNITY,100000046350541,A,17078,A,1900-01-01T00:00:00.000+00:00,4712-12-31T00:00:00.000+00:00,Y,P,N,6822,2795 KIRBY WHITTEN RD,,,,BARTLETT,38134,TN,US,
HAYS PLUMBING & HEATING,16145,100000046345570,100000046354042,BILL_TO,100000046341001,5283,HAYS PLUMBING & HEATING,100000046350910,A,16491,A,1900-01-01T00:00:00.000+00:00,4712-12-31T00:00:00.000+00:00,Y,P,N,5729,60 CASE DR,,,,JACKSON,38301,TN,US,
XPRESS HEATING & AIR,16146,100000046346435,100000046354470,BILL_TO,100000046341002,4565,XPRESS HEATING & AIR,100000046350192,A,17356,A,1900-01-01T00:00:00.000+00:00,4712-12-31T00:00:00.000+00:00,Y,P,N,6157,1433 ABAY RD,,,,NESBIT,38651,MS,US,
ATR SERVICE,16147,100000046345254,100000046353803,BILL_TO,100000046341003,4092,ATR SERVICE,100000046349719,A,16175,A,1900-01-01T00:00:00.000+00:00,4712-12-31T00:00:00.000+00:00,Y,P,N,5490,81 WOODSTOCK RD,,,,ROSWELL,30022,GA,US,
NATCHEZ ELECTRIC & SUPPLY,16148,100000046345572,100000046355138,BILL_TO,100000046341004,4568,NATCHEZ ELECTRIC & SUPPLY,100000046350195,A,16493,A,1900-01-01T00:00:00.000+00:00,4712-12-31T00:00:00.000+00:00,Y,P,N,6825,190 DEVEREAUX DR,,,,NATCHEZ,39120,MS,US,
MILLINGTON MUNICIPAL SCHOOLS,16149,100000046345575,100000046354472,BILL_TO,100000046341005,4569,MILLINGTON MUNICIPAL SCHOOLS,100000046350196,A,16496,A,1900-01-01T00:00:00.000+00:00,4712-12-31T00:00:00.000+00:00,Y,P,N,6159,5020 SECOND AVE,,,,MEMPHIS,38053,TN,US,
PIONEER MANAGEMENT,16150,100000046345258,100000046353567,BILL_TO,100000046341006,4370,PIONEER MANAGEMENT,100000046349997,A,16179,A,1900-01-01T00:00:00.000+00:00,4712-12-31T00:00:00.000+00:00,Y,P,N,5254,164 WASHINTON ST,,,,PLAINVILLE,02762,MA,US,
ELMWOOD HOSPITALITY LLC,16151,100000046345577,100000046353568,BILL_TO,100000046341007,4103,ELMWOOD HOSPITALITY LLC,100000046349730,A,16498,A,1900-01-01T00:00:00.000+00:00,4712-12-31T00:00:00.000+00:00,Y,P,N,5255,1080 ELMWOOD PARK BLVD,,,,NEW ORLEANS,70123,LA,US,
METRO BUILDING SERVICES,16152,100000046344514,100000046354342,BILL_TO,100000046341008,4928,METRO BUILDING SERVICES,100000046350555,A,15435,A,1900-01-01T00:00:00.000+00:00,4712-12-31T00:00:00.000+00:00,Y,P,N,6029,PO BOX 246,,,,BOLTON,39041,MS,US,
HVAC TECHNOLOGIES,16153,100000046345461,100000046353414,BILL_TO,100000046341009,4292,HVAC TECHNOLOGIES,100000046349919,A,16382,A,1900-01-01T00:00:00.000+00:00,4712-12-31T00:00:00.000+00:00,Y,P,N,5101,7560 A E BEATY DR,,,,MEMPHIS,38133,TN,US,
DELTA KMA,16154,100000046345762,100000046353959,BILL_TO,100000046341010,4829,DELTA KMA,100000046350456,A,16683,A,1900-01-01T00:00:00.000+00:00,4712-12-31T00:00:00.000+00:00,Y,P,N,5646,PO BOX 1878,,,,MEMPHIS,38101,TN,US,
MILLER CONSTRUCTION SERV INC,16155,100000046346352,100000046354303,BILL_TO,100000046341011,4003,MILLER CONSTRUCTION SERV INC,100000046349630,A,17273,A,1900-01-01T00:00:00.000+00:00,4712-12-31T00:00:00.000+00:00,Y,P,N,5990,8104 EDGEWATER AVE,,,,BALTIMORE,21237,MD,US,
GARTNER & ASSOCIATES,16156,100000046344607,100000046354754,BILL_TO,100000046341012,4004,GARTNER & ASSOCIATES,100000046349631,A,15528,A,1900-01-01T00:00:00.000+00:00,4712-12-31T00:00:00.000+00:00,Y,P,N,6441,5606 N 99TH ST,,,,OMAHA,68134,NE,US,
CHILLTEX HTG CLG & MECHANICAL,16157,100000046346046,100000046353490,BILL_TO,100000046341013,4500,CHILLTEX HTG CLG & MECHANICAL,100000046350127,A,16967,A,1900-01-01T00:00:00.000+00:00,4712-12-31T00:00:00.000+00:00,Y,P,N,5177,20 COLUMBIA DR,,,,MINSTER,45865,OH,US,
JOHNSTONE SUPPLY # 153,16158,100000046344640,100000046355347,BILL_TO,100000046341014,4299,JOHNSTONE SUPPLY # 153,100000046349926,A,15561,A,1900-01-01T00:00:00.000+00:00,4712-12-31T00:00:00.000+00:00,Y,P,N,7034,11030 COURSEY BLVD,,,,BATON ROUGE,70816-4024,LA,US,
SPAN CONSTRUCTION & DEVELOPMEN,16159,100000046344642,100000046354970,BILL_TO,100000046341015,3478,SPAN CONSTRUCTION & DEVELOPMEN,100000046349105,A,15563,A,1900-01-01T00:00:00.000+00:00,4712-12-31T00:00:00.000+00:00,Y,P,N,6657,6733 AUSTIN BAY CT,,,,SHERWOOD,72120,AR,US,
MCABEE CONSTRUCTION INC,16160,100000046344613,100000046353498,BILL_TO,100000046341016,3291,MCABEE CONSTRUCTION INC,100000046348918,A,15534,A,1900-01-01T00:00:00.000+00:00,4712-12-31T00:00:00.000+00:00,Y,P,N,5185,PO DRAWER 1460,,,,TUSCALOOSA,35403,AL,US,
HOBBS & ASSOCIATES,16161,100000046345473,100000046354357,BILL_TO,100000046341017,5200,HOBBS & ASSOCIATES,100000046350827,A,16394,A,1900-01-01T00:00:00.000+00:00,4712-12-31T00:00:00.000+00:00,Y,P,N,6044,11054 TERRAPIN STATION LN,,,,KNOXVILLE,37932,TN,US,
HOBBS & ASSOCIATES,16161,100000046346626,100000046354358,BILL_TO,100000046341017,5200,HOBBS & ASSOCIATES,100000046350827,A,17547,A,1900-01-01T00:00:00.000+00:00,4712-12-31T00:00:00.000+00:00,N,Y,N,6045,5400 BYRDHILL RD,,,,RICHMOND,23228,VA,US,
TRINITY MECHANICAL CONTRACTORS,16162,100000046346368,100000046353740,BILL_TO,100000046341018,4310,TRINITY MECHANICAL CONTRACTORS,100000046349937,A,17289,A,1900-01-01T00:00:00.000+00:00,4712-12-31T00:00:00.000+00:00,Y,P,N,5427,75 EMMA CLAIRE RD,,,,OAKLAND,38060,TN,US,
HAJOCA CORPORATION/ FT SMITH,16163,100000046346053,100000046353974,BILL_TO,100000046341019,3294,HAJOCA CORPORATION/ FT SMITH,100000046348921,A,16974,A,1900-01-01T00:00:00.000+00:00,4712-12-31T00:00:00.000+00:00,Y,P,N,5661,1700 WHEELER AVE,,,,FT SMITH,72901,AR,US,
PITTMAN HEATING & AC,16164,100000046345780,100000046354979,BILL_TO,100000046341020,3296,PITTMAN HEATING & AC,100000046348923,A,16701,A,1900-01-01T00:00:00.000+00:00,4712-12-31T00:00:00.000+00:00,Y,P,N,6666,6311 PORTER RD STE 9,,,,SARASOTA,34240,FL,US,
JA FLOYD CONSTRUCTION SVCS,16165,100000046344652,100000046355353,BILL_TO,100000046341021,5203,JA FLOYD CONSTRUCTION SVCS,100000046350830,A,15573,A,1900-01-01T00:00:00.000+00:00,4712-12-31T00:00:00.000+00:00,Y,P,N,7040,2148 N CREDE AVE,,,,CRYSTAL RIVER,34428,FL,US,
TRAMMELL BELL,16166,100000046346632,100000046354765,BILL_TO,100000046341022,3492,TRAMMELL BELL,100000046349119,A,17553,A,1900-01-01T00:00:00.000+00:00,4712-12-31T00:00:00.000+00:00,Y,P,N,6452,782 MELOROSE AVE,,,,NASHVILLE,37211,TN,US,
FOUNTAIN INVESTMENTS LLC,16167,100000046344952,100000046353980,BILL_TO,100000046341023,5204,FOUNTAIN INVESTMENTS LLC,100000046350831,A,15873,A,1900-01-01T00:00:00.000+00:00,4712-12-31T00:00:00.000+00:00,Y,P,N,5667,4699 POPLAR AVE,,,,MEMPHIS,38111,TN,US,
CHRIST CHURCH,16168,100000046345784,100000046354986,BILL_TO,100000046341024,3805,CHRIST CHURCH,100000046349432,A,16705,A,1900-01-01T00:00:00.000+00:00,4712-12-31T00:00:00.000+00:00,Y,P,N,6673,5955 YALE RD,,,,BARTLETT,38134,TN,US,
LAMBS & IVY SCHOOL,16169,100000046344623,100000046353984,BILL_TO,100000046341025,4315,LAMBS & IVY SCHOOL,100000046349942,A,15544,A,1900-01-01T00:00:00.000+00:00,4712-12-31T00:00:00.000+00:00,Y,P,N,5671,1185 MACON VIEW DR,,,,CORDOVA,38018-0627,TN,US,
EAST AR COMMUNITY COLLEGE,16170,100000046344625,100000046355356,BILL_TO,100000046341026,4511,EAST AR COMMUNITY COLLEGE,100000046350138,A,15546,A,1900-01-01T00:00:00.000+00:00,4712-12-31T00:00:00.000+00:00,Y,P,N,7043,1700 NEWCASTLE RD,,,,FORREST CITY,72335,AR,US,
RAM HOTEL MANAGEMENT LLC,16171,100000046345788,100000046353509,BILL_TO,100000046341027,3497,RAM HOTEL MANAGEMENT LLC,100000046349124,A,16709,A,1900-01-01T00:00:00.000+00:00,4712-12-31T00:00:00.000+00:00,Y,P,N,5196,233 12TH ST,,,,COLUMBUS,31901,GA,US,
TRANE SERVICE LITTLE ROCK,16172,100000046346062,100000046354769,BILL_TO,100000046341028,4021,TRANE SERVICE LITTLE ROCK,100000046349648,A,16983,A,1900-01-01T00:00:00.000+00:00,4712-12-31T00:00:00.000+00:00,Y,P,N,6456,10303 CO GLENN RD,,,,LITTLE ROCK,72204,AR,US,
PERFORMANCE FOODSERVICE,16173,100000046345483,100000046354369,BILL_TO,100000046341029,3498,PERFORMANCE FOODSERVICE,100000046349125,A,16404,A,1900-01-01T00:00:00.000+00:00,4712-12-31T00:00:00.000+00:00,Y,P,N,6056,506 HWY 35 N,,,,BATESVILLE,38606,MS,US,
TRANE OF MEMPHIS,16174,100000046345484,100000046353745,BILL_TO,100000046341030,3308,TRANE OF MEMPHIS,100000046348935,A,16405,A,1900-01-01T00:00:00.000+00:00,4712-12-31T00:00:00.000+00:00,Y,P,N,5432,1775 PYRAMID PL,,,,MEMPHIS,38132,TN,US,
ELECTRIC MOTOR SALES & SERVICE,16175,100000046344435,100000046354991,BILL_TO,100000046341031,4319,ELECTRIC MOTOR SALES & SERVICE,100000046349946,A,15356,A,1900-01-01T00:00:00.000+00:00,4712-12-31T00:00:00.000+00:00,Y,P,N,6678,232 ALABAMA ST,,,,COLUMBUS,39702,MS,US,
LAFAYETTE CO BOARD OF SUPVS,16176,100000046345485,100000046355361,BILL_TO,100000046341032,5209,LAFAYETTE CO BOARD OF SUPVS,100000046350836,A,16406,A,1900-01-01T00:00:00.000+00:00,4712-12-31T00:00:00.000+00:00,Y,P,N,7048,PO BOX 1240,,,,OXFORD,38655,MS,US,
STEWART DEVELOPMENT LLC,16177,100000046344440,100000046355363,BILL_TO,100000046341033,4513,STEWART DEVELOPMENT LLC,100000046350140,A,15361,A,1900-01-01T00:00:00.000+00:00,4712-12-31T00:00:00.000+00:00,Y,P,N,7050,3806 US HWY 49 S,,,,HATTIESBURG,39401,MS,US,
SOUTH CENTRAL CONTRACTORS,16178,100000046346066,100000046353992,BILL_TO,100000046341034,4321,SOUTH CENTRAL CONTRACTORS,100000046349948,A,16987,A,1900-01-01T00:00:00.000+00:00,4712-12-31T00:00:00.000+00:00,Y,P,N,5679,5369 CRESTVIEW DR,,,,MEMPHIS,38134,TN,US,
GORHAM SCHAFFLER,16179,100000046346071,100000046354773,BILL_TO,100000046341035,4025,GORHAM SCHAFFLER,100000046349652,A,16992,A,1900-01-01T00:00:00.000+00:00,4712-12-31T00:00:00.000+00:00,Y,P,N,6460,115-A LONE WOLF DR,,,,JACKSON,39110,MS,US,
DESOTO ATHLETIC CLUB,16180,100000046344444,100000046354775,BILL_TO,100000046341036,4026,DESOTO ATHLETIC CLUB,100000046349653,A,15365,A,1900-01-01T00:00:00.000+00:00,4712-12-31T00:00:00.000+00:00,Y,P,N,6462,3146 GOODMAN RD E,,,,SOUTHAVEN,38671,MS,US,
ABB INC,16181,100000046346075,100000046353518,BILL_TO,100000046341037,3312,ABB INC,100000046348939,A,16996,A,1900-01-01T00:00:00.000+00:00,4712-12-31T00:00:00.000+00:00,Y,P,N,5205,PO BOX 90273,,,,RALEIGH,27675,NC,US,
ABB INC,16181,100000046346645,100000046355371,BILL_TO,100000046341037,3312,ABB INC,100000046348939,A,17566,A,1900-01-01T00:00:00.000+00:00,4712-12-31T00:00:00.000+00:00,N,Y,N,7058,PO BOX 88868,,,,CHICAGO,60695,IL,US,
SETUP CUSTOMER,16182,100000046346076,100000046353440,BILL_TO,100000046341038,3314,SETUP CUSTOMER,100000046348941,A,16997,A,1900-01-01T00:00:00.000+00:00,4712-12-31T00:00:00.000+00:00,Y,P,N,5127,1010 MAIN SCREET,,,,ANYTOWN,33000,FL,US,
ARKANSAS SERVICE ONE HVAC,16183,100000046344574,100000046354280,BILL_TO,100000046341039,3745,ARKANSAS SERVICE ONE HVAC,100000046349372,A,15495,A,1900-01-01T00:00:00.000+00:00,4712-12-31T00:00:00.000+00:00,Y,P,N,5967,3015 CORPORATE CENTER,,,,BRYANT,72022,AR,US,
ANGEL HEATING & AIR,16184,100000046344577,100000046354264,BILL_TO,100000046341040,3977,ANGEL HEATING & AIR,100000046349604,A,15498,A,1900-01-01T00:00:00.000+00:00,4712-12-31T00:00:00.000+00:00,Y,P,N,5951,1350 MUNFORD AVE,,,,MUNFORD,38058,TN,US,
19 CES LRAFB,16185,100000046345181,100000046353387,BILL_TO,100000046341041,5171,19 CES LRAFB,100000046350798,A,16102,A,1900-01-01T00:00:00.000+00:00,4712-12-31T00:00:00.000+00:00,Y,P,N,5074,BLDG 536 THOMAS AVE,,,,JACKSONVILLE,75099,AR,US,
YOGI DEV LLC,16186,100000046344581,100000046354891,BILL_TO,100000046341042,4267,YOGI DEV LLC,100000046349894,A,15502,A,1900-01-01T00:00:00.000+00:00,4712-12-31T00:00:00.000+00:00,Y,P,N,6578,410 ANGELO'S GROVE,,,,MARION,72364,AR,US,
NATHANIEL BENJAMIN PENNINGTON,16187,100000046345725,100000046354893,BILL_TO,100000046341043,4477,NATHANIEL BENJAMIN PENNINGTON,100000046350104,A,16646,A,1900-01-01T00:00:00.000+00:00,4712-12-31T00:00:00.000+00:00,Y,P,N,6580,115 SHANNON RD,,,,BETHEL SPRINGS,38315,TN,US,
WHEELIS MECHANICAL CO LLC,16188,100000046344582,100000046353710,BILL_TO,100000046341044,3750,WHEELIS MECHANICAL CO LLC,100000046349377,A,15503,A,1900-01-01T00:00:00.000+00:00,4712-12-31T00:00:00.000+00:00,Y,P,N,5397,PO BOX 18408,,,,MEMPHIS,38118,TN,US,
AIR ONE SERVICES,16189,100000046345732,100000046353934,BILL_TO,100000046341045,3755,AIR ONE SERVICES,100000046349382,A,16653,A,1900-01-01T00:00:00.000+00:00,4712-12-31T00:00:00.000+00:00,Y,P,N,5621,5778 DISTRIBUTION DR,,,,MEMPHIS,38141,TN,US,
POPE SUPPLY,16190,100000046345736,100000046353469,BILL_TO,100000046341046,3982,POPE SUPPLY,100000046349609,A,16657,A,1900-01-01T00:00:00.000+00:00,4712-12-31T00:00:00.000+00:00,Y,P,N,5156,5552 PLEASANT VIEW RD,,,,MEMPHIS,38134,TN,US,
UIRC-GSA PEARL MS LLC,16191,100000046345189,100000046355276,BILL_TO,100000046341047,4815,UIRC-GSA PEARL MS LLC,100000046350442,A,16110,A,1900-01-01T00:00:00.000+00:00,4712-12-31T00:00:00.000+00:00,Y,P,N,6963,15700 W 103RD ST,,,,LEMONT,60439,IL,US,
B&B SPECIALTY CONTRACTORS,16192,100000046345441,100000046353713,BILL_TO,100000046341048,3759,B&B SPECIALTY CONTRACTORS,100000046349386,A,16362,A,1900-01-01T00:00:00.000+00:00,4712-12-31T00:00:00.000+00:00,Y,P,N,5400,5324 CRESTVIEW DR,,,,MEMPHIS,38134,TN,US,
AIR BLUE HTG & COOLING,16193,100000046344589,100000046355279,BILL_TO,100000046341049,4276,AIR BLUE HTG & COOLING,100000046349903,A,15510,A,1900-01-01T00:00:00.000+00:00,4712-12-31T00:00:00.000+00:00,Y,P,N,6966,551 N WOLF RD,,,,WHEELING,60080,IL,US,
RIGHT WAY PLUMBING,16194,100000046345741,100000046354701,BILL_TO,100000046341050,4280,RIGHT WAY PLUMBING,100000046349907,A,16662,A,1900-01-01T00:00:00.000+00:00,4712-12-31T00:00:00.000+00:00,Y,P,N,6388,647 SUNSET PARK DR STE A,,,,SEDRO-WOOLLEY,98284,WA,US,
TJ MECHANICAL,16195,100000046344593,100000046354287,BILL_TO,100000046341051,5181,TJ MECHANICAL,100000046350808,A,15514,A,1900-01-01T00:00:00.000+00:00,4712-12-31T00:00:00.000+00:00,Y,P,N,5974,3280 WINBROOK DR,,,,MEMPHIS,38116,TN,US,
MILIR ENTERPRISESES LLC,16196,100000046344627,100000046354904,BILL_TO,100000046341052,4281,MILIR ENTERPRISESES LLC,100000046349908,A,15548,A,1900-01-01T00:00:00.000+00:00,4712-12-31T00:00:00.000+00:00,Y,P,N,6591,5353 BANKERS AVE,,,,BATON ROUGE,70808,LA,US,
TEMCO,16197,100000046346338,100000046353475,BILL_TO,100000046341053,4284,TEMCO,100000046349911,A,17259,A,1900-01-01T00:00:00.000+00:00,4712-12-31T00:00:00.000+00:00,Y,P,N,5162,550 PEARL PARK PLAZA,,,,PEARL,39208,MS,US,
CABOT PUBLIC SCHOOLS,16198,100000046344597,100000046354906,BILL_TO,100000046341054,3462,CABOT PUBLIC SCHOOLS,100000046349089,A,15518,A,1900-01-01T00:00:00.000+00:00,4712-12-31T00:00:00.000+00:00,Y,P,N,6593,602 N LINCOLN ST,,,,CABOT,72023,AR,US,
PEA RIDGE NAT' MILITARY PARK,16199,100000046345195,100000046353478,BILL_TO,100000046341055,4486,PEA RIDGE NAT' MILITARY PARK,100000046350113,A,16116,A,1900-01-01T00:00:00.000+00:00,4712-12-31T00:00:00.000+00:00,Y,P,N,5165,15930 E HWY 62,,,,GARFIELD,72732,AR,US,
MALVERN SCHOOL DISTRICT,16200,100000046345196,100000046353944,BILL_TO,100000046341056,4821,MALVERN SCHOOL DISTRICT,100000046350448,A,16117,A,1900-01-01T00:00:00.000+00:00,4712-12-31T00:00:00.000+00:00,Y,P,N,5631,1517 S MAIN ST,,,,MALVERN,72104,AR,US,
MILLER'S CENTRAL AIR,16201,100000046346033,100000046353404,BILL_TO,100000046341057,4824,MILLER'S CENTRAL AIR,100000046350451,A,16954,A,1900-01-01T00:00:00.000+00:00,4712-12-31T00:00:00.000+00:00,Y,P,N,5091,20 W INTERLAKE BLVD,,,,LAKE PLACID,33852,FL,US,
TRANE JACKSON,16202,100000046344601,100000046353718,BILL_TO,100000046341058,5185,TRANE JACKSON,100000046350812,A,15522,A,1900-01-01T00:00:00.000+00:00,4712-12-31T00:00:00.000+00:00,Y,P,N,5405,851 WILSON DR,,,,RIDGELAND,39157,MS,US,
COMMERCIAL AIR,16203,100000046345455,100000046355289,BILL_TO,100000046341059,5186,COMMERCIAL AIR,100000046350813,A,16376,A,1900-01-01T00:00:00.000+00:00,4712-12-31T00:00:00.000+00:00,Y,P,N,6976,9811 INTERSTATE 30,,,,LITTLE ROCK,72209,AR,US,
NORTHWEST CONTROLS SYSTEMS,16204,100000046346341,100000046354749,BILL_TO,100000046341060,5188,NORTHWEST CONTROLS SYSTEMS,100000046350815,A,17262,A,1900-01-01T00:00:00.000+00:00,4712-12-31T00:00:00.000+00:00,Y,P,N,6436,7631 NSHORE PL,,,,NORTH LITTLE ROCK,72118,AR,US,
WILSON AIR CENTER,16205,100000046344634,100000046354294,BILL_TO,100000046341061,4291,WILSON AIR CENTER,100000046349918,A,15555,A,1900-01-01T00:00:00.000+00:00,4712-12-31T00:00:00.000+00:00,Y,P,N,5981,2930 WINCHESTER RD,,,,MEMPHIS,38118,TN,US,
SOUTHMARK AIR CONDITIONING,16206,100000046346040,100000046353957,BILL_TO,100000046341062,3472,SOUTHMARK AIR CONDITIONING,100000046349099,A,16961,A,1900-01-01T00:00:00.000+00:00,4712-12-31T00:00:00.000+00:00,Y,P,N,5644,PO BOX 341520,,,,MEMPHIS,38184-1520,TN,US,
MEMPHIS-SHELBY COUNTY AIRPORT,16207,100000046345463,100000046355343,BILL_TO,100000046341063,4295,MEMPHIS-SHELBY COUNTY AIRPORT,100000046349922,A,16384,A,1900-01-01T00:00:00.000+00:00,4712-12-31T00:00:00.000+00:00,Y,P,N,7030,2491 WINCHESTER,,,,MEMPHIS,38116-3856,TN,US,
CHEEK ENTERPRISE,16208,100000046346620,100000046353489,BILL_TO,100000046341064,4499,CHEEK ENTERPRISE,100000046350126,A,17541,A,1900-01-01T00:00:00.000+00:00,4712-12-31T00:00:00.000+00:00,Y,P,N,5176,36616 KANIS RD,,,,FERNDALE,72223,AR,US,
DEMAND MECHANICAL,16209,100000046346045,100000046355345,BILL_TO,100000046341065,3788,DEMAND MECHANICAL,100000046349415,A,16966,A,1900-01-01T00:00:00.000+00:00,4712-12-31T00:00:00.000+00:00,Y,P,N,7032,149 PARK S CT,,,,NASHVILLE,37210,TN,US,
ETAIROS SERVICE MS,16210,100000046345210,100000046355346,BILL_TO,100000046341066,3475,ETAIROS SERVICE MS,100000046349102,A,16131,A,1900-01-01T00:00:00.000+00:00,4712-12-31T00:00:00.000+00:00,Y,P,N,7033,115 LONE WOLF DR,,,,MADISON,39110,MS,US,
ST AUGUSTINE HIGH SCHOOL,16211,100000046344608,100000046353491,BILL_TO,100000046341067,3476,ST AUGUSTINE HIGH SCHOOL,100000046349103,A,15529,A,1900-01-01T00:00:00.000+00:00,4712-12-31T00:00:00.000+00:00,Y,P,N,5178,2600 AP TUREAD AVE,,,,NEW ORLEANS,70119,LA,US,
NEWBERRY TANKS,16212,100000046344940,100000046353492,BILL_TO,100000046341068,3446,NEWBERRY TANKS,100000046349073,A,15861,A,1900-01-01T00:00:00.000+00:00,4712-12-31T00:00:00.000+00:00,Y,P,N,5179,205 N WALKER ST,,,,WEST MEMPHIS,72301,AR,US,
UPCHURCH SERVICES,16213,100000046344722,100000046354056,BILL_TO,100000046341069,5295,UPCHURCH SERVICES,100000046350922,A,15643,A,1900-01-01T00:00:00.000+00:00,4712-12-31T00:00:00.000+00:00,Y,P,N,5743,1792 DANCY BLVD W,,,,HORN LAKE,38637,MS,US,
CLIFF GORHAM,16214,100000046344724,100000046353579,BILL_TO,100000046341070,4115,CLIFF GORHAM,100000046349742,A,15645,A,1900-01-01T00:00:00.000+00:00,4712-12-31T00:00:00.000+00:00,Y,P,N,5266,5386 REVERE RD,,,,MEMPHIS,38120,TN,US,
RUSH FOUNDATION HOSPITAL NOW: OCHSNER HEALTH,16215,100000046346175,100000046353846,BILL_TO,100000046341071,4116,RUSH FOUNDATION HOSPITAL NOW: OCHSNER HEALTH,100000046349743,A,17096,A,1900-01-01T00:00:00.000+00:00,4712-12-31T00:00:00.000+00:00,Y,P,N,5533,1201 DICKORY AVE,,,,HARAHAN,70123,LA,US,
FAIRFIELD INN & SUITES,16216,100000046345028,100000046354944,BILL_TO,100000046341072,4616,FAIRFIELD INN & SUITES,100000046350243,A,15949,A,1900-01-01T00:00:00.000+00:00,4712-12-31T00:00:00.000+00:00,Y,P,N,6631,3408 ACCESS RD,,,,JONESBORO,72401,AR,US,
LUND COATING TECHNOLOGIES INC,16217,100000046345824,100000046354115,BILL_TO,100000046341073,4934,LUND COATING TECHNOLOGIES INC,100000046350561,A,16745,A,1900-01-01T00:00:00.000+00:00,4712-12-31T00:00:00.000+00:00,Y,P,N,5802,400 INDUSTRIAL PARK RD,,,,HOLLY SPRINGS,38635,MS,US,
ANDERSON MECHAN ICAL INC,16218,100000046346457,100000046354952,BILL_TO,100000046341074,3565,ANDERSON MECHAN ICAL INC,100000046349192,A,17378,A,1900-01-01T00:00:00.000+00:00,4712-12-31T00:00:00.000+00:00,Y,P,N,6639,7902 E 40TH ST,,,,TULSA,74145-3213,OK,US,
FORT SMITH WINWATER,16219,100000046345275,100000046354350,BILL_TO,100000046341075,4582,FORT SMITH WINWATER,100000046350209,A,16196,A,1900-01-01T00:00:00.000+00:00,4712-12-31T00:00:00.000+00:00,Y,P,N,6037,4304 PHOENIX AVE,,,,FORT SMITH,72903,AR,US,
CLIMATE SOLUTION,16220,100000046346466,100000046354121,BILL_TO,100000046341076,4128,CLIMATE SOLUTION,100000046349755,A,17387,A,1900-01-01T00:00:00.000+00:00,4712-12-31T00:00:00.000+00:00,Y,P,N,5808,4706 SPENCE CV,,,,MEMPHIS,38125,TN,US,
ENGINEERED COOLING SERVICE,16221,100000046345036,100000046354124,BILL_TO,100000046341077,4130,ENGINEERED COOLING SERVICE,100000046349757,A,15957,A,1900-01-01T00:00:00.000+00:00,4712-12-31T00:00:00.000+00:00,Y,P,N,5811,2801 N DAVIS HWY,,,,PENSACOLA,32503,FL,US,
HAVEL BROTHERS,16222,100000046344800,100000046354535,BILL_TO,100000046341078,4592,HAVEL BROTHERS,100000046350219,A,15721,A,1900-01-01T00:00:00.000+00:00,4712-12-31T00:00:00.000+00:00,Y,P,N,6222,PO BOX 1287,,,,FORT WAYNE,46801,IN,US,
MADDOX AIR & ELECTRICAL,16223,100000046345602,100000046354536,BILL_TO,100000046341079,4948,MADDOX AIR & ELECTRICAL,100000046350575,A,16523,A,1900-01-01T00:00:00.000+00:00,4712-12-31T00:00:00.000+00:00,Y,P,N,6223,1110 MCCONVILLE RD,,,,LYNCHBURG,24502,VA,US,
R & E SUPPLY COMPANY,16224,100000046346475,100000046355210,BILL_TO,100000046341080,5303,R & E SUPPLY COMPANY,100000046350930,A,17396,A,1900-01-01T00:00:00.000+00:00,4712-12-31T00:00:00.000+00:00,Y,P,N,6897,122 SSPRING ST,,,,LITTLE ROCK,72202,AR,US,
TRI COR MECHANICAL,16225,100000046346477,100000046355212,BILL_TO,100000046341081,4401,TRI COR MECHANICAL,100000046350028,A,17398,A,1900-01-01T00:00:00.000+00:00,4712-12-31T00:00:00.000+00:00,Y,P,N,6899,1522 W KNILANS RD,,,,JANESVILLE,53546,WI,US,
BLUE BEACON OF WEST MEMPHIS,16226,100000046345840,100000046353858,BILL_TO,100000046341082,3582,BLUE BEACON OF WEST MEMPHIS,100000046349209,A,16761,A,1900-01-01T00:00:00.000+00:00,4712-12-31T00:00:00.000+00:00,Y,P,N,5545,3600 SERVICE RD LOOP,,,,WEST MEMPHIS,72301,AR,US,
RAM SERVICES LLC,16227,100000046345286,100000046353859,BILL_TO,100000046341083,4951,RAM SERVICES LLC,100000046350578,A,16207,A,1900-01-01T00:00:00.000+00:00,4712-12-31T00:00:00.000+00:00,Y,P,N,5546,840 CAMPBELLS CREEK RD,,,,MENDENHALL,39114,MS,US,
MORRIS GENERAL CONSTRUCTION,16228,100000046344812,100000046353599,BILL_TO,100000046341084,3860,MORRIS GENERAL CONSTRUCTION,100000046349487,A,15733,A,1900-01-01T00:00:00.000+00:00,4712-12-31T00:00:00.000+00:00,Y,P,N,5286,800 RIDGE LAKE BLVD,,,,MEMPHIS,38120,TN,US,
LARRY TRONU MECHANICAL,16229,100000046344813,100000046354081,BILL_TO,100000046341085,4600,LARRY TRONU MECHANICAL,100000046350227,A,15734,A,1900-01-01T00:00:00.000+00:00,4712-12-31T00:00:00.000+00:00,Y,P,N,5768,3701 N PACE BLVD,,,,PENSACOLA,32505,FL,US,
DMG,16230,100000046344748,100000046353601,BILL_TO,100000046341086,4954,DMG,100000046350581,A,15669,A,1900-01-01T00:00:00.000+00:00,4712-12-31T00:00:00.000+00:00,Y,P,N,5288,18383 PRESTON RD,,,,DALLAS,75252,TX,US,
JEM LLC,16231,100000046344752,100000046354411,BILL_TO,100000046341087,4601,JEM LLC,100000046350228,A,15673,A,1900-01-01T00:00:00.000+00:00,4712-12-31T00:00:00.000+00:00,Y,P,N,6098,214 CAMELLIA ST,,,,WAVELAND,39576,MS,US,
KLINKE BROTHERS ICE CREAM CO,16232,100000046345847,100000046354133,BILL_TO,100000046341088,3602,KLINKE BROTHERS ICE CREAM CO,100000046349229,A,16768,A,1900-01-01T00:00:00.000+00:00,4712-12-31T00:00:00.000+00:00,Y,P,N,5820,2450 SCAPER ST,,,,MEMPHIS,38114,TN,US,
DISCOVERY PARK OF AMERICA,16233,100000046345611,100000046354413,BILL_TO,100000046341089,4146,DISCOVERY PARK OF AMERICA,100000046349773,A,16532,A,1900-01-01T00:00:00.000+00:00,4712-12-31T00:00:00.000+00:00,Y,P,N,6100,830 EVERETT BLVD,,,,UNION CITY,38261-3825,TN,US,
MAGNOLIA LODGING DEVELOPMENT,16234,100000046345296,100000046355025,BILL_TO,100000046341090,4638,MAGNOLIA LODGING DEVELOPMENT,100000046350265,A,16217,A,1900-01-01T00:00:00.000+00:00,4712-12-31T00:00:00.000+00:00,Y,P,N,6712,3620 N JOSEY LN,,,,CARROLLTON,75007,TX,US,
FISHER ARNOLD ENGINEERING,16235,100000046345297,100000046354087,BILL_TO,100000046341091,4639,FISHER ARNOLD ENGINEERING,100000046350266,A,16218,A,1900-01-01T00:00:00.000+00:00,4712-12-31T00:00:00.000+00:00,Y,P,N,5774,9180 CRESTWYN HILLS DR,,,,MEMPHIS,38125,TN,US,
GIL-BAR INDUSTRIES,16236,100000046344819,100000046355222,BILL_TO,100000046341092,4602,GIL-BAR INDUSTRIES,100000046350229,A,15740,A,1900-01-01T00:00:00.000+00:00,4712-12-31T00:00:00.000+00:00,Y,P,N,6909,5 W 19TH ST 7TH FL,,,,NEW YORK,10011,NY,US,
VILLAGE AT PRIMACY PLACE,16237,100000046346483,100000046353872,BILL_TO,100000046341093,3605,VILLAGE AT PRIMACY PLACE,100000046349232,A,17404,A,1900-01-01T00:00:00.000+00:00,4712-12-31T00:00:00.000+00:00,Y,P,N,5559,6015 PRIMACY PKWY,,,,MEMPHIS,38119,TN,US,
FEDERAL CORRECTIONAL INSTITUTI,16238,100000046346206,100000046353605,BILL_TO,100000046341094,4958,FEDERAL CORRECTIONAL INSTITUTI,100000046350585,A,17127,A,1900-01-01T00:00:00.000+00:00,4712-12-31T00:00:00.000+00:00,Y,P,N,5292,1101 JOHN A DENIE RD,,,,MEMPHIS,38134,TN,US,
HAUCK BROTHERS,16239,100000046346210,100000046354418,BILL_TO,100000046341095,4415,HAUCK BROTHERS,100000046350042,A,17131,A,1900-01-01T00:00:00.000+00:00,4712-12-31T00:00:00.000+00:00,Y,P,N,6105,1974 COMMERCE CIR,,,,SPRINGFIELD,45504,OH,US,
TOWNEPLACE SUITES BY MARRIOTT,16240,100000046345302,100000046355030,BILL_TO,100000046341096,4966,TOWNEPLACE SUITES BY MARRIOTT,100000046350593,A,16223,A,1900-01-01T00:00:00.000+00:00,4712-12-31T00:00:00.000+00:00,Y,P,N,6717,1800 CENTRAL BLVD,,,,HARVEY,70058,LA,US,
SERVICEMASTER,16241,100000046346487,100000046355228,BILL_TO,100000046341097,4981,SERVICEMASTER,100000046350608,A,17408,A,1900-01-01T00:00:00.000+00:00,4712-12-31T00:00:00.000+00:00,Y,P,N,6915,889 RIDGE LAKE BLVD,,,,MEMPHIS,38120,TN,US,
TRANE COMMERCIAL SALES,16242,100000046345854,100000046354426,BILL_TO,100000046341098,3610,TRANE COMMERCIAL SALES,100000046349237,A,16775,A,1900-01-01T00:00:00.000+00:00,4712-12-31T00:00:00.000+00:00,Y,P,N,6113,PO BOX 2380,,,,DAVIDSON,28036,NC,US,
TRANE COMMERCIAL SALES,16242,100000046346220,100000046354558,BILL_TO,100000046341098,3610,TRANE COMMERCIAL SALES,100000046349237,A,17141,A,1900-01-01T00:00:00.000+00:00,4712-12-31T00:00:00.000+00:00,N,Y,N,6245,PO BOX 981396,,,,EL PASO,79998-1396,TX,US,
BELLEVUE BAPTIST CHURCH,16243,100000046346078,100000046355042,BILL_TO,100000046341099,5219,BELLEVUE BAPTIST CHURCH,100000046350846,A,16999,A,1900-01-01T00:00:00.000+00:00,4712-12-31T00:00:00.000+00:00,Y,P,N,6729,2000 APPLING RD,,,,CORDOVA,38088-1210,TN,US,
BILLY ROGERS PLBG HTG & AIR,16244,100000046344670,100000046353445,BILL_TO,100000046341100,3819,BILLY ROGERS PLBG HTG & AIR,100000046349446,A,15591,A,1900-01-01T00:00:00.000+00:00,4712-12-31T00:00:00.000+00:00,Y,P,N,5132,1220 S MAIN AVE,,,,DYERSBURG,38025,TN,US,
BILLY ROGERS PLBG HTG & AIR,16244,100000046346648,100000046353996,BILL_TO,100000046341100,3819,BILLY ROGERS PLBG HTG & AIR,100000046349446,A,17569,A,1900-01-01T00:00:00.000+00:00,4712-12-31T00:00:00.000+00:00,N,Y,N,5683,PO BOX 806,,,,DYERSBURG,38025,TN,US,
LOWRIE ELECTRIC CO,16245,100000046346649,100000046355420,BILL_TO,100000046341101,3503,LOWRIE ELECTRIC CO,100000046349130,A,17570,A,1900-01-01T00:00:00.000+00:00,4712-12-31T00:00:00.000+00:00,Y,P,N,7107,7520 BARTLETT CORP COVE E,,,,BARTLETT,38133,TN,US,
CITY OF LITTLE ROCK,16246,100000046345529,100000046354834,BILL_TO,100000046341102,4522,CITY OF LITTLE ROCK,100000046350149,A,16450,A,1900-01-01T00:00:00.000+00:00,4712-12-31T00:00:00.000+00:00,Y,P,N,6521,500 W MARKHAM ST,,,,LITTLE ROCK,72201,AR,US,
THE NEWMAN GROUP LLC,16247,100000046346390,100000046353521,BILL_TO,100000046341103,4526,THE NEWMAN GROUP LLC,100000046350153,A,17311,A,1900-01-01T00:00:00.000+00:00,4712-12-31T00:00:00.000+00:00,Y,P,N,5208,4549 HWY 19 E,,,,RIPLEY,38063,TN,US,
O'CONNOR COMPANY,16248,100000046344457,100000046353522,BILL_TO,100000046341104,3825,O'CONNOR COMPANY,100000046349452,A,15378,A,1900-01-01T00:00:00.000+00:00,4712-12-31T00:00:00.000+00:00,Y,P,N,5209,4909 N LEWIS AVE,,,,SIOUX FALLS,57104,SD,US,
DGH CTNMS LLC,16249,100000046344966,100000046355049,BILL_TO,100000046341105,4330,DGH CTNMS LLC,100000046349957,A,15887,A,1900-01-01T00:00:00.000+00:00,4712-12-31T00:00:00.000+00:00,Y,P,N,6736,133 SOLDIER COLONY RD,,,,CANTON,39046,MS,US,
AR DEPT STATE MILITARY,16250,100000046344678,100000046353524,BILL_TO,100000046341106,3827,AR DEPT STATE MILITARY,100000046349454,A,15599,A,1900-01-01T00:00:00.000+00:00,4712-12-31T00:00:00.000+00:00,Y,P,N,5211,DSR/CFA BOX 929,,,,NORTH LITTLE ROCK,72199-9600,AR,US,
GALLOWAY UNITED METHODIST CHURCH,16251,100000046346115,100000046355427,BILL_TO,100000046341107,4334,GALLOWAY UNITED METHODIST CHURCH,100000046349961,A,17036,A,1900-01-01T00:00:00.000+00:00,4712-12-31T00:00:00.000+00:00,Y,P,N,7114,305 N CONGRESS ST,,,,JACKSON,39201,MS,US,
FONDREN HOSPITALITY LLC,16252,100000046346397,100000046353528,BILL_TO,100000046341108,4040,FONDREN HOSPITALITY LLC,100000046349667,A,17318,A,1900-01-01T00:00:00.000+00:00,4712-12-31T00:00:00.000+00:00,Y,P,N,5215,2815 N STATE ST,,,,JACKSON,39216,MS,US,
FRESH SOLUTIONS,16253,100000046345517,100000046353763,BILL_TO,100000046341109,4535,FRESH SOLUTIONS,100000046350162,A,16438,A,1900-01-01T00:00:00.000+00:00,4712-12-31T00:00:00.000+00:00,Y,P,N,5450,4915 STEFFANI LN,,,,HOUSTON,77041,TX,US,
INTERCOMPANY AIR DISTRIBUTION,16254,100000046345520,100000046355060,BILL_TO,100000046341110,4341,INTERCOMPANY AIR DISTRIBUTION,100000046349968,A,16441,A,1900-01-01T00:00:00.000+00:00,4712-12-31T00:00:00.000+00:00,Y,P,N,6747,3095 STONEBROOK CIR,,,,MEMPHIS,38116,TN,US,
KOLPAK LLC,16255,100000046345534,100000046355436,BILL_TO,100000046341111,4342,KOLPAK LLC,100000046349969,A,16455,A,1900-01-01T00:00:00.000+00:00,4712-12-31T00:00:00.000+00:00,Y,P,N,7123,2915 TENNESSEE AVE,,,,PARSONS,38363,TN,US,
MONT'S PAPER & PACKAGING,16256,100000046345535,100000046354439,BILL_TO,100000046341112,5236,MONT'S PAPER & PACKAGING,100000046350863,A,16456,A,1900-01-01T00:00:00.000+00:00,4712-12-31T00:00:00.000+00:00,Y,P,N,6126,127A GODFREY RD,,,,VERONA,38879,MS,US,
AIR SYSTEMS,16257,100000046344463,100000046354014,BILL_TO,100000046341113,5239,AIR SYSTEMS,100000046350866,A,15384,A,1900-01-01T00:00:00.000+00:00,4712-12-31T00:00:00.000+00:00,Y,P,N,5701,940 REMILLARD CT,,,,SAN JOSE,95122,CA,US,
HVAC SALES & SUPPLY,16258,100000046345540,100000046354015,BILL_TO,100000046341114,4048,HVAC SALES & SUPPLY,100000046349675,A,16461,A,1900-01-01T00:00:00.000+00:00,4712-12-31T00:00:00.000+00:00,Y,P,N,5702,PO BOX 1545,,,,HOT SPRINGS,71902,AR,US,
INTERCOMPANY CONTROLS,16259,100000046344686,100000046355061,BILL_TO,100000046341115,4537,INTERCOMPANY CONTROLS,100000046350164,A,15607,A,1900-01-01T00:00:00.000+00:00,4712-12-31T00:00:00.000+00:00,Y,P,N,6748,3095 STONEBROOK CIR,,,,MEMPHIS,38116,TN,US,
INDUSTRIAL ELECTRIC MOTOR,16260,100000046344688,100000046354846,BILL_TO,100000046341116,4540,INDUSTRIAL ELECTRIC MOTOR,100000046350167,A,15609,A,1900-01-01T00:00:00.000+00:00,4712-12-31T00:00:00.000+00:00,Y,P,N,6533,PO BOX 638,,,,MARION,39342,MS,US,
ST GEORGE'S EPISCOPAL CHURCH,16261,100000046344989,100000046354446,BILL_TO,100000046341117,4886,ST GEORGE'S EPISCOPAL CHURCH,100000046350513,A,15910,A,1900-01-01T00:00:00.000+00:00,4712-12-31T00:00:00.000+00:00,Y,P,N,6133,2425 S GERMANTOWN RD,,,,GERMANTOWN,38138,TN,US,
WINGATE GULFPORT,16262,100000046345543,100000046353808,BILL_TO,100000046341118,3839,WINGATE GULFPORT,100000046349466,A,16464,A,1900-01-01T00:00:00.000+00:00,4712-12-31T00:00:00.000+00:00,Y,P,N,5495,4302 W BEACH BLVD,,,,GULFPORT,39501,MS,US,
J & B SUPPLY INC,16263,100000046346100,100000046354852,BILL_TO,100000046341119,4061,J & B SUPPLY INC,100000046349688,A,17021,A,1900-01-01T00:00:00.000+00:00,4712-12-31T00:00:00.000+00:00,Y,P,N,6539,788 MORRIS,,,,SPRINGDALE,72764,AR,US,
MID SOUTH MECH CONTR,16264,100000046346104,100000046354025,BILL_TO,100000046341120,3345,MID SOUTH MECH CONTR,100000046348972,A,17025,A,1900-01-01T00:00:00.000+00:00,4712-12-31T00:00:00.000+00:00,Y,P,N,5712,333 VINSON RD,,,,BYHALIA,38611,MS,US,
NUCOR STEEL MILL GROUP,16265,100000046344478,100000046353780,BILL_TO,100000046341121,5257,NUCOR STEEL MILL GROUP,100000046350884,A,15399,A,1900-01-01T00:00:00.000+00:00,4712-12-31T00:00:00.000+00:00,Y,P,N,5467,PO BOX 2249,,,,DECATUR,35609-2249,AL,US,
TERUMO MEDICAL CORPORATION,16266,100000046346418,100000046353784,BILL_TO,100000046341122,3525,TERUMO MEDICAL CORPORATION,100000046349152,A,17339,A,1900-01-01T00:00:00.000+00:00,4712-12-31T00:00:00.000+00:00,Y,P,N,5471,8655 COMMERCE DR # 101,,,,SOUTHAVEN,38671,MS,US,
HT AIR SYSTEMS CAROLINAS,16267,100000046344698,100000046353543,BILL_TO,100000046341123,4350,HT AIR SYSTEMS CAROLINAS,100000046349977,A,15619,A,1900-01-01T00:00:00.000+00:00,4712-12-31T00:00:00.000+00:00,Y,P,N,5230,PO BOX 41119,,,,NORFOLK,23541,VA,US,
SALVATION REVELATION MINISTRIE,16268,100000046345560,100000046353791,BILL_TO,100000046341124,3531,SALVATION REVELATION MINISTRIE,100000046349158,A,16481,A,1900-01-01T00:00:00.000+00:00,4712-12-31T00:00:00.000+00:00,Y,P,N,5478,3759 N WATKINS,,,,MEMPHIS,38127,TN,US,
FP JACKSON LLC,16269,100000046344486,100000046353548,BILL_TO,100000046341125,4076,FP JACKSON LLC,100000046349703,A,15407,A,1900-01-01T00:00:00.000+00:00,4712-12-31T00:00:00.000+00:00,Y,P,N,5235,150 CAMPBELL OAKS DR,,,,JACKSON,38305,TN,US,
WINDWOOD,16270,100000046344487,100000046353793,BILL_TO,100000046341126,4077,WINDWOOD,100000046349704,A,15408,A,1900-01-01T00:00:00.000+00:00,4712-12-31T00:00:00.000+00:00,Y,P,N,5480,7005 STATE HWY 129 N,,,,WINFIELD,35594,AL,US,
AC SERVICES & MECHANICAL,16271,100000046344709,100000046354464,BILL_TO,100000046341127,4907,AC SERVICES & MECHANICAL,100000046350534,A,15630,A,1900-01-01T00:00:00.000+00:00,4712-12-31T00:00:00.000+00:00,Y,P,N,6151,10786 HWY 38 W,,,,WARD,72176,AR,US,
LIBERTAS SCHOOL OF MEMPHIS,16272,100000046345802,100000046354327,BILL_TO,100000046341128,5280,LIBERTAS SCHOOL OF MEMPHIS,100000046350907,A,16723,A,1900-01-01T00:00:00.000+00:00,4712-12-31T00:00:00.000+00:00,Y,P,N,6014,3777 EDENBURG DR,,,,MEMPHIS,38127,TN,US,
ARACREBS III LLC,16273,100000046345768,100000046354352,BILL_TO,100000046341129,4301,ARACREBS III LLC,100000046349928,A,16689,A,1900-01-01T00:00:00.000+00:00,4712-12-31T00:00:00.000+00:00,Y,P,N,6039,3615 WHEELER AVE,,,,FORT SMITH,72901,AR,US,
HOME 2 STS BEAUMONT,16274,100000046346359,100000046353495,BILL_TO,100000046341130,5198,HOME 2 STS BEAUMONT,100000046350825,A,17280,A,1900-01-01T00:00:00.000+00:00,4712-12-31T00:00:00.000+00:00,Y,P,N,5182,5370 CLEARWATER CT,,,,BEAUMONT,77705,TX,US,
TENCARVA MACHINERY COMPANY LLC,16275,100000046346623,100000046354354,BILL_TO,100000046341131,4009,TENCARVA MACHINERY COMPANY LLC,100000046349636,A,17544,A,1900-01-01T00:00:00.000+00:00,4712-12-31T00:00:00.000+00:00,Y,P,N,6041,1115 PLEASANT RIDGE RD,,,,GREENSBORO,27409,NC,US,
HIGHPOINTE HOSPITALITY INC,16276,100000046346363,100000046354355,BILL_TO,100000046341132,4306,HIGHPOINTE HOSPITALITY INC,100000046349933,A,17284,A,1900-01-01T00:00:00.000+00:00,4712-12-31T00:00:00.000+00:00,Y,P,N,6042,311 GULF BREEZE PKWY,,,,GULF BREEZE,32561,FL,US,
UNIVERSITY OF TENNESSEE RBL,16277,100000046346372,100000046353505,BILL_TO,100000046341133,5202,UNIVERSITY OF TENNESSEE RBL,100000046350829,A,17293,A,1900-01-01T00:00:00.000+00:00,4712-12-31T00:00:00.000+00:00,Y,P,N,5192,901 MONROE AVE,,,,MEMPHIS,38163,TN,US,
SOUTHERN PIPE/PARAGOULD,16278,100000046346629,100000046354982,BILL_TO,100000046341134,4509,SOUTHERN PIPE/PARAGOULD,100000046350136,A,17550,A,1900-01-01T00:00:00.000+00:00,4712-12-31T00:00:00.000+00:00,Y,P,N,6669,370 GREEN 721 RD,,,,PARAGOULD,72450,AR,US,
FIELDS MECHANICAL SYSTEMS,16279,100000046346057,100000046353507,BILL_TO,100000046341135,3299,FIELDS MECHANICAL SYSTEMS,100000046348926,A,16978,A,1900-01-01T00:00:00.000+00:00,4712-12-31T00:00:00.000+00:00,Y,P,N,5194,1964 E CHESTNUT EXPRESSWAY,,,,SPRINGFIELD,65802,MO,US,
5M SERVICES LLC,16280,100000046344651,100000046353978,BILL_TO,100000046341136,4015,5M SERVICES LLC,100000046349642,A,15572,A,1900-01-01T00:00:00.000+00:00,4712-12-31T00:00:00.000+00:00,Y,P,N,5665,1211 NESBIT DR STE 4,,,,NESBIT,38651,MS,US,
BKS HOTELS,16281,100000046344624,100000046353744,BILL_TO,100000046341137,4019,BKS HOTELS,100000046349646,A,15545,A,1900-01-01T00:00:00.000+00:00,4712-12-31T00:00:00.000+00:00,Y,P,N,5431,22 NOSTRAND RD,,,,CRANBURY,08512,NJ,US,
CRAWFORD COMPANY,16282,100000046344658,100000046354370,BILL_TO,100000046341138,4858,CRAWFORD COMPANY,100000046350485,A,15579,A,1900-01-01T00:00:00.000+00:00,4712-12-31T00:00:00.000+00:00,Y,P,N,6057,1306 MILL ST,,,,ROCK ISLAND,61201,IL,US,
MSC INDUSTRIAL SUPPLY CO,16283,100000046344436,100000046354992,BILL_TO,100000046341139,3309,MSC INDUSTRIAL SUPPLY CO,100000046348936,A,15357,A,1900-01-01T00:00:00.000+00:00,4712-12-31T00:00:00.000+00:00,Y,P,N,6679,PO BOX 9073,,,,MELVILLE,11747,NY,US,
RITCHIE SMITH ASSOCIATES,16284,100000046344439,100000046353433,BILL_TO,100000046341140,5212,RITCHIE SMITH ASSOCIATES,100000046350839,A,15360,A,1900-01-01T00:00:00.000+00:00,4712-12-31T00:00:00.000+00:00,Y,P,N,5120,65 UNION AVE,,,,MEMPHIS,38103,TN,US,
IRVIN ELECTRICAL,16285,100000046345487,100000046354372,BILL_TO,100000046341141,3810,IRVIN ELECTRICAL,100000046349437,A,16408,A,1900-01-01T00:00:00.000+00:00,4712-12-31T00:00:00.000+00:00,Y,P,N,6059,40260 LACKEY RD,,,,HAMILTON,39746,MS,US,
NASH LIPSEY BURCH LLC,16286,100000046346065,100000046355362,BILL_TO,100000046341142,5214,NASH LIPSEY BURCH LLC,100000046350841,A,16986,A,1900-01-01T00:00:00.000+00:00,4712-12-31T00:00:00.000+00:00,Y,P,N,7049,3322 W END AVE,,,,NASHIVLLE,37203,TN,US,
MCCASKILL BROTHERS,16287,100000046346640,100000046353514,BILL_TO,100000046341143,5215,MCCASKILL BROTHERS,100000046350842,A,17561,A,1900-01-01T00:00:00.000+00:00,4712-12-31T00:00:00.000+00:00,Y,P,N,5201,PO BOX 891,,,,LAUREL,39441,MS,US,
VETERANS ADMINISTRATION MEDICAL,16288,100000046344445,100000046353516,BILL_TO,100000046341144,3502,VETERANS ADMINISTRATION MEDICAL,100000046349129,A,15366,A,1900-01-01T00:00:00.000+00:00,4712-12-31T00:00:00.000+00:00,Y,P,N,5203,1030 JEFFERSON AVE,,,,MEMPHIS,38104,TN,US,
WEST FRASER INC,16289,100000046346646,100000046355044,BILL_TO,100000046341145,4324,WEST FRASER INC,100000046349951,A,17567,A,1900-01-01T00:00:00.000+00:00,4712-12-31T00:00:00.000+00:00,Y,P,N,6731,1900 EXETER RD STE 105,,,,GERMANTOWN,38138,TN,US,
ACH FOOD COMPANIES,16290,100000046344962,100000046354381,BILL_TO,100000046341146,4325,ACH FOOD COMPANIES,100000046349952,A,15883,A,1900-01-01T00:00:00.000+00:00,4712-12-31T00:00:00.000+00:00,Y,P,N,6068,1 PARKVIEW PLAZA,,,,OAKBROOK TERRACE,60181,IL,US,
BARTLETT RECREATION CENTER,16291,100000046344963,100000046354832,BILL_TO,100000046341147,5222,BARTLETT RECREATION CENTER,100000046350849,A,15884,A,1900-01-01T00:00:00.000+00:00,4712-12-31T00:00:00.000+00:00,Y,P,N,6519,7700 FLAHERTY RD,,,,BARTLETT,38133,TN,US,
GASTRO ONE,16292,100000046345528,100000046353519,BILL_TO,100000046341148,4871,GASTRO ONE,100000046350498,A,16449,A,1900-01-01T00:00:00.000+00:00,4712-12-31T00:00:00.000+00:00,Y,P,N,5206,8000 WOLF RIVER BLVD #200,,,,GERMANTOWN,38138,TN,US,
MORSCO,16293,100000046346651,100000046353448,BILL_TO,100000046341149,3821,MORSCO,100000046349448,A,17572,A,1900-01-01T00:00:00.000+00:00,4712-12-31T00:00:00.000+00:00,Y,P,N,5135,4100 NEW YORK AVE,,,,ARLINGTON,76018,TX,US,
SINGING RIVER HOSPITAL,16294,100000046345503,100000046354001,BILL_TO,100000046341150,4527,SINGING RIVER HOSPITAL,100000046350154,A,16424,A,1900-01-01T00:00:00.000+00:00,4712-12-31T00:00:00.000+00:00,Y,P,N,5688,PO BOX 1597,,,,GAUTIER,39553-0020,MS,US,
DUTCH ENTERPRISES,16295,100000046344677,100000046353451,BILL_TO,100000046341151,5228,DUTCH ENTERPRISES,100000046350855,A,15598,A,1900-01-01T00:00:00.000+00:00,4712-12-31T00:00:00.000+00:00,Y,P,N,5138,4832 OLD CAPE RD E,,,,JACKSON,63755,MO,US,
WHITE PLUMBING & MECHANICAL,16296,100000046344968,100000046353758,BILL_TO,100000046341152,4530,WHITE PLUMBING & MECHANICAL,100000046350157,A,15889,A,1900-01-01T00:00:00.000+00:00,4712-12-31T00:00:00.000+00:00,Y,P,N,5445,2065 FLETCHER CREEK DR,,,,MEMPHIS,38133,TN,US,
INDUSTRIAL & COMMERCIAL MECHANICAL LLC,16297,100000046346393,100000046353527,BILL_TO,100000046341153,3508,INDUSTRIAL & COMMERCIAL MECHANICAL LLC,100000046349135,A,17314,A,1900-01-01T00:00:00.000+00:00,4712-12-31T00:00:00.000+00:00,Y,P,N,5214,4445 WPARK AVE,,,,BEAUMONT,77705,TX,US,
TG MECHANICAL,16298,100000046345509,100000046354839,BILL_TO,100000046341154,4873,TG MECHANICAL,100000046350500,A,16430,A,1900-01-01T00:00:00.000+00:00,4712-12-31T00:00:00.000+00:00,Y,P,N,6526,845 TIBWIN PL,,,,LAWRENCEVILLE,30045,GA,US,
WE PENDER & SONS INC,16299,100000046345510,100000046354386,BILL_TO,100000046341155,3324,WE PENDER & SONS INC,100000046348951,A,16431,A,1900-01-01T00:00:00.000+00:00,4712-12-31T00:00:00.000+00:00,Y,P,N,6073,8201 N STATE LINE AVE,,,,TEXARKANA,75503,TX,US,
PHILLIPS HOME SERVICES LLC,16300,100000046346114,100000046355426,BILL_TO,100000046341156,4332,PHILLIPS HOME SERVICES LLC,100000046349959,A,17035,A,1900-01-01T00:00:00.000+00:00,4712-12-31T00:00:00.000+00:00,Y,P,N,7113,12820 MIDDLEBURG DECATURVILLE RD,,,,DECATURVILLE,38329,TN,US,
STORYPOINT CORDOVA,16301,100000046344970,100000046353455,BILL_TO,100000046341157,4874,STORYPOINT CORDOVA,100000046350501,A,15891,A,1900-01-01T00:00:00.000+00:00,4712-12-31T00:00:00.000+00:00,Y,P,N,5142,1600 APPLING RD,,,,CORDOVA,38016,TN,US,
INSIGHT PARTNERS,16302,100000046344458,100000046354388,BILL_TO,100000046341158,4038,INSIGHT PARTNERS,100000046349665,A,15379,A,1900-01-01T00:00:00.000+00:00,4712-12-31T00:00:00.000+00:00,N,Y,N,6075,PO BOX 12569,,,,NORFOLK,23541,VA,US,
INSIGHT PARTNERS,16302,100000046345511,100000046354389,BILL_TO,100000046341158,4038,INSIGHT PARTNERS,100000046349665,A,16432,A,1900-01-01T00:00:00.000+00:00,4712-12-31T00:00:00.000+00:00,N,Y,N,6076,6705 PARKE E BLVD,,,,TAMPA,33610-4146,FL,US,
INSIGHT PARTNERS,16302,100000046346086,100000046354387,BILL_TO,100000046341158,4038,INSIGHT PARTNERS,100000046349665,A,17007,A,1900-01-01T00:00:00.000+00:00,4712-12-31T00:00:00.000+00:00,Y,P,N,6074,1235 OLD ALPHARETTA RD,,,,ALPHARETTA,30005,GA,US,
BAKER DIST JACKSONVILLE FL,16303,100000046346489,100000046354091,BILL_TO,100000046341159,4420,BAKER DIST JACKSONVILLE FL,100000046350047,A,17410,A,1900-01-01T00:00:00.000+00:00,4712-12-31T00:00:00.000+00:00,Y,P,N,5778,PO BOX 2954,,,,JACKSONVILLE,32203-2954,FL,US,
BARTLETT CITY SCHOOLS,16304,100000046344765,100000046354146,BILL_TO,100000046341160,4970,BARTLETT CITY SCHOOLS,100000046350597,A,15686,A,1900-01-01T00:00:00.000+00:00,4712-12-31T00:00:00.000+00:00,Y,P,N,5833,5705 STAGE RD,,,,BARTLETT,38184,TN,US,
VINTAGE HEATING & AIR,16305,100000046345856,100000046354147,BILL_TO,100000046341161,4983,VINTAGE HEATING & AIR,100000046350610,A,16777,A,1900-01-01T00:00:00.000+00:00,4712-12-31T00:00:00.000+00:00,Y,P,N,5834,3377 HILL AVE,,,,TOLEDO,43607,OH,US,
FRENCH'S AIR CONDITIONING,16306,100000046345312,100000046354149,BILL_TO,100000046341162,4974,FRENCH'S AIR CONDITIONING,100000046350601,A,16233,A,1900-01-01T00:00:00.000+00:00,4712-12-31T00:00:00.000+00:00,Y,P,N,5836,3818 N 40TH ST,,,,TAMPA,33610,FL,US,
MOCK PLUMBING & MECH,16307,100000046344826,100000046353883,BILL_TO,100000046341163,4157,MOCK PLUMBING & MECH,100000046349784,A,15747,A,1900-01-01T00:00:00.000+00:00,4712-12-31T00:00:00.000+00:00,Y,P,N,5570,PO BOX 22456,,,,SAVANNAH,31403,GA,US,
ACY MECHANICAL LLC,16308,100000046346227,100000046354432,BILL_TO,100000046341164,4988,ACY MECHANICAL LLC,100000046350615,A,17148,A,1900-01-01T00:00:00.000+00:00,4712-12-31T00:00:00.000+00:00,Y,P,N,6119,PO BOX 724,,,,WINONA,38967,MS,US,
INDUSTRIAL AUTOMATION CONTROLS,16309,100000046345857,100000046353618,BILL_TO,100000046341165,4977,INDUSTRIAL AUTOMATION CONTROLS,100000046350604,A,16778,A,1900-01-01T00:00:00.000+00:00,4712-12-31T00:00:00.000+00:00,Y,P,N,5305,PO BOX 161296,,,,MEMPHIS,38186-1296,TN,US,
TOWNEPLACE SUITES VIDALIA,16310,100000046344773,100000046354151,BILL_TO,100000046341166,3885,TOWNEPLACE SUITES VIDALIA,100000046349512,A,15694,A,1900-01-01T00:00:00.000+00:00,4712-12-31T00:00:00.000+00:00,Y,P,N,5838,215 FRONT ST,,,,VADALIA,71373,LA,US,
RICHARDS HEATING & AIR,16311,100000046345066,100000046354705,BILL_TO,100000046341167,4649,RICHARDS HEATING & AIR,100000046350276,A,15987,A,1900-01-01T00:00:00.000+00:00,4712-12-31T00:00:00.000+00:00,Y,P,N,6392,5290 CRESTVIEW DR,,,,MEMPHIS,38134,TN,US,
ALL WEATHER ENTERPRISES,16312,100000046344774,100000046354478,BILL_TO,100000046341168,3617,ALL WEATHER ENTERPRISES,100000046349244,A,15695,A,1900-01-01T00:00:00.000+00:00,4712-12-31T00:00:00.000+00:00,Y,P,N,6165,30641 CENTER RIDGE RD,,,,WESTLAKE,44145,OH,US,
K & J HVAC DBA KEY HTG & CLG,16313,100000046344775,100000046354153,BILL_TO,100000046341169,5015,K & J HVAC DBA KEY HTG & CLG,100000046350642,A,15696,A,1900-01-01T00:00:00.000+00:00,4712-12-31T00:00:00.000+00:00,Y,P,N,5840,2309 INDUSTRIAL CT,,,,GREENBRIER,37073,TN,US,
FLUID FLOW PRODUCTS,16314,100000046344833,100000046355236,BILL_TO,100000046341170,5016,FLUID FLOW PRODUCTS,100000046350643,A,15754,A,1900-01-01T00:00:00.000+00:00,4712-12-31T00:00:00.000+00:00,Y,P,N,6923,3915 SHOPTON RD,,,,CHARLOTTE,28217,NC,US,
TJ SNOW COMPANY INC,16315,100000046344776,100000046353889,BILL_TO,100000046341171,5326,TJ SNOW COMPANY INC,100000046350953,A,15697,A,1900-01-01T00:00:00.000+00:00,4712-12-31T00:00:00.000+00:00,Y,P,N,5576,120 NOWLIN LN,,,,CHATTANOOGA,37421,TN,US,
TN AIR NATIONAL GUARD,16316,100000046344837,100000046354711,BILL_TO,100000046341172,5328,TN AIR NATIONAL GUARD,100000046350955,A,15758,A,1900-01-01T00:00:00.000+00:00,4712-12-31T00:00:00.000+00:00,Y,P,N,6398,164TH AIR LIFT WING,,,,MEMPHIS,38118,TN,US,
TATE COUNTY SCHOOL DISTRICT,16317,100000046346236,100000046354712,BILL_TO,100000046341173,4424,TATE COUNTY SCHOOL DISTRICT,100000046350051,A,17157,A,1900-01-01T00:00:00.000+00:00,4712-12-31T00:00:00.000+00:00,Y,P,N,6399,574 PKWY ST,,,,COLDWATER,38618,MS,US,
MOODY'S MECHANICAL HTG & AC,16318,100000046345629,100000046354484,BILL_TO,100000046341174,4656,MOODY'S MECHANICAL HTG & AC,100000046350283,A,16550,A,1900-01-01T00:00:00.000+00:00,4712-12-31T00:00:00.000+00:00,Y,P,N,6171,2310 HIGHMARKET ST,,,,GEORGETOWN,29442,SC,US,
KLIMA NEW YORK LLC,16319,100000046346244,100000046353626,BILL_TO,100000046341175,4167,KLIMA NEW YORK LLC,100000046349794,A,17165,A,1900-01-01T00:00:00.000+00:00,4712-12-31T00:00:00.000+00:00,Y,P,N,5313,41-45 39TH ST,,,,LONG ISLAND CITY,11104,NY,US,
PEADEN MECHANICAL,16320,100000046346246,100000046355242,BILL_TO,100000046341176,5332,PEADEN MECHANICAL,100000046350959,A,17167,A,1900-01-01T00:00:00.000+00:00,4712-12-31T00:00:00.000+00:00,Y,P,N,6929,243 HOLLYWOOD BLVD,,,,FT WALTON BEACH,32548,FL,US,
NEWLY WEDS FOODS,16321,100000046346248,100000046353627,BILL_TO,100000046341177,5334,NEWLY WEDS FOODS,100000046350961,A,17169,A,1900-01-01T00:00:00.000+00:00,4712-12-31T00:00:00.000+00:00,Y,P,N,5314,5980 HURT RD,,,,HORN LAKE,38637,MS,US,
STEEL-CON INC,16322,100000046345072,100000046355245,BILL_TO,100000046341178,5336,STEEL-CON INC,100000046350963,A,15993,A,1900-01-01T00:00:00.000+00:00,4712-12-31T00:00:00.000+00:00,Y,P,N,6932,808 HWY 15 N,,,,NEW ALBANY,38652,MS,US,
LYNN SERVICES INC,16323,100000046344843,100000046354718,BILL_TO,100000046341179,3624,LYNN SERVICES INC,100000046349251,A,15764,A,1900-01-01T00:00:00.000+00:00,4712-12-31T00:00:00.000+00:00,Y,P,N,6405,11881 E BUNCO RD,,,,ATHOL,83801,ID,US,
PATTERSON PLUMBING,16324,100000046346253,100000046354590,BILL_TO,100000046341180,4171,PATTERSON PLUMBING,100000046349798,A,17174,A,1900-01-01T00:00:00.000+00:00,4712-12-31T00:00:00.000+00:00,Y,P,N,6277,PO BOX 201,,,,BILOXI,39533,MS,US,
R&L ENVIROCARE,16325,100000046344848,100000046354591,BILL_TO,100000046341181,5341,R&L ENVIROCARE,100000046350968,A,15769,A,1900-01-01T00:00:00.000+00:00,4712-12-31T00:00:00.000+00:00,Y,P,N,6278,PO BOX 135,,,,FAIR GROVE,65648,MO,US,
FRONTIER MECHANICAL,16326,100000046345634,100000046354593,BILL_TO,100000046341182,5007,FRONTIER MECHANICAL,100000046350634,A,16555,A,1900-01-01T00:00:00.000+00:00,4712-12-31T00:00:00.000+00:00,Y,P,N,6280,2771 N MANSFIELD,,,,ENGLEWOOD,80110,CO,US,
ALL SEASONS MECHANICAL INC,16327,100000046345636,100000046354594,BILL_TO,100000046341183,4429,ALL SEASONS MECHANICAL INC,100000046350056,A,16557,A,1900-01-01T00:00:00.000+00:00,4712-12-31T00:00:00.000+00:00,Y,P,N,6281,6744 TOWNLINE RD,,,,SYACUSE,13211,NY,US,
LAWRENCE MEMORIAL HOSPITAL,16328,100000046345075,100000046354493,BILL_TO,100000046341184,5343,LAWRENCE MEMORIAL HOSPITAL,100000046350970,A,15996,A,1900-01-01T00:00:00.000+00:00,4712-12-31T00:00:00.000+00:00,Y,P,N,6180,1309 W MAIN ST,,,,WALNUT RIDGE,72476,AR,US,
INTERCOMPANY PARTS,16329,100000046346257,100000046353632,BILL_TO,100000046341185,5009,INTERCOMPANY PARTS,100000046350636,A,17178,A,1900-01-01T00:00:00.000+00:00,4712-12-31T00:00:00.000+00:00,Y,P,N,5319,3095 STONEBROOK CIR,,,,MEMPHIS,38116,TN,US,
KW MECHANICAL SERVICES INC,16330,100000046344781,100000046355100,BILL_TO,100000046341186,4175,KW MECHANICAL SERVICES INC,100000046349802,A,15702,A,1900-01-01T00:00:00.000+00:00,4712-12-31T00:00:00.000+00:00,Y,P,N,6787,290 ALVIS RD,,,,JACKSONVILLE,32220,FL,US,
JONES HEATING & AIR,16331,100000046345878,100000046354721,BILL_TO,100000046341187,4662,JONES HEATING & AIR,100000046350289,A,16799,A,1900-01-01T00:00:00.000+00:00,4712-12-31T00:00:00.000+00:00,Y,P,N,6408,520 EDISON AVE,,,,BENTON,72015,AR,US,
HOLLEYCO MECHANICAL CONTRACTOR,16332,100000046344852,100000046353634,BILL_TO,100000046341188,4663,HOLLEYCO MECHANICAL CONTRACTOR,100000046350290,A,15773,A,1900-01-01T00:00:00.000+00:00,4712-12-31T00:00:00.000+00:00,Y,P,N,5321,12 W COMMERCE ST,,,,HERNANDO,38632,MS,US,
COWDREY MECHANICAL SYSTEMS,16333,100000046345803,100000046353556,BILL_TO,100000046341189,4561,COWDREY MECHANICAL SYSTEMS,100000046350188,A,16724,A,1900-01-01T00:00:00.000+00:00,4712-12-31T00:00:00.000+00:00,Y,P,N,5243,10406 NE 107TH ST,,,,VANCOUVER,98662,WA,US,
RELIABLE HEATING & AIR,16334,100000046345245,100000046354039,BILL_TO,100000046341190,4088,RELIABLE HEATING & AIR,100000046349715,A,16166,A,1900-01-01T00:00:00.000+00:00,4712-12-31T00:00:00.000+00:00,Y,P,N,5726,1325 CHASTAIN RD,,,,KENNESAW,36144,GA,US,
CAET RESTAURANTS,16335,100000046344501,100000046353799,BILL_TO,100000046341191,4913,CAET RESTAURANTS,100000046350540,A,15422,A,1900-01-01T00:00:00.000+00:00,4712-12-31T00:00:00.000+00:00,Y,P,N,5486,1000 HIGHLAND COLONY,,,,RIDGELAND,39157,MS,US,
LITTLE ROCK WINNELSON #232,16336,100000046344504,100000046354040,BILL_TO,100000046341192,3544,LITTLE ROCK WINNELSON #232,100000046349171,A,15425,A,1900-01-01T00:00:00.000+00:00,4712-12-31T00:00:00.000+00:00,Y,P,N,5727,PO BOX 1127,,,,DAYTON,45401-1127,OH,US,
FAHRENHEIT MECHANICAL SERVICES,16337,100000046346433,100000046354925,BILL_TO,100000046341193,4915,FAHRENHEIT MECHANICAL SERVICES,100000046350542,A,17354,A,1900-01-01T00:00:00.000+00:00,4712-12-31T00:00:00.000+00:00,Y,P,N,6612,56 DEPOT ST,,,,BROAD BROOK,06016,CT,US,
PMC BIOGENIX INC,16338,100000046344507,100000046354927,BILL_TO,100000046341194,3546,PMC BIOGENIX INC,100000046349173,A,15428,A,1900-01-01T00:00:00.000+00:00,4712-12-31T00:00:00.000+00:00,Y,P,N,6614,1231 POPE ST,,,,MEMPHIS,38108,TN,US,
SOUTHERN A/C & HEATING,16339,100000046345249,100000046354468,BILL_TO,100000046341195,4563,SOUTHERN A/C & HEATING,100000046350190,A,16170,A,1900-01-01T00:00:00.000+00:00,4712-12-31T00:00:00.000+00:00,Y,P,N,6155,175 PARK ST,,,,HERNANDO,38632,MS,US,
JA CROSON LLC,16340,100000046346163,100000046355141,BILL_TO,100000046341196,4922,JA CROSON LLC,100000046350549,A,17084,A,1900-01-01T00:00:00.000+00:00,4712-12-31T00:00:00.000+00:00,Y,P,N,6828,31550 COUNTY RD 437,,,,SORRENTO,32776,FL,US,
TOTAL HVAC,16341,100000046346440,100000046354100,BILL_TO,100000046341197,3555,TOTAL HVAC,100000046349182,A,17361,A,1900-01-01T00:00:00.000+00:00,4712-12-31T00:00:00.000+00:00,Y,P,N,5787,PO BOX 551117,,,,DALLAS,75355,TX,US,
CENTRAL SALES COMPANY,16342,100000046345023,100000046353569,BILL_TO,100000046341198,3363,CENTRAL SALES COMPANY,100000046348990,A,15944,A,1900-01-01T00:00:00.000+00:00,4712-12-31T00:00:00.000+00:00,Y,P,N,5256,2170 YORK AVE,,,,MEMPHIS,38104,TN,US,
SOUTHERN SALES & SERVICE,16343,100000046346442,100000046354105,BILL_TO,100000046341199,4373,SOUTHERN SALES & SERVICE,100000046350000,A,17363,A,1900-01-01T00:00:00.000+00:00,4712-12-31T00:00:00.000+00:00,Y,P,N,5792,3385 AIRWAYS BLVD,,,,MEMPHIS,38116,TN,US,
MID SOUTH STEAM BOILERS,16344,100000046345260,100000046353571,BILL_TO,100000046341200,4374,MID SOUTH STEAM BOILERS,100000046350001,A,16181,A,1900-01-01T00:00:00.000+00:00,4712-12-31T00:00:00.000+00:00,Y,P,N,5258,3805 POINTER TRAIL E,,,,VAN BUREN,72956,AR,US,
SOEFKER SERVICES,16345,100000046345261,100000046354476,BILL_TO,100000046341201,4106,SOEFKER SERVICES,100000046349733,A,16182,A,1900-01-01T00:00:00.000+00:00,4712-12-31T00:00:00.000+00:00,Y,P,N,6163,1568 PANAMA ST,,,,MEMPHIS,38108,TN,US,
IRON MECHANICAL,16346,100000046346167,100000046354050,BILL_TO,100000046341202,4573,IRON MECHANICAL,100000046350200,A,17088,A,1900-01-01T00:00:00.000+00:00,4712-12-31T00:00:00.000+00:00,Y,P,N,5737,721 N B STE #100,,,,SACRAMENTO,95811,CA,US,
SWITCH MEDICAL WASTE SERVICES,16347,100000046346169,100000046354935,BILL_TO,100000046341203,4375,SWITCH MEDICAL WASTE SERVICES,100000046350002,A,17090,A,1900-01-01T00:00:00.000+00:00,4712-12-31T00:00:00.000+00:00,Y,P,N,6622,2706 HUNTLEY DR,,,,MEMPHIS,38132,TN,US,
FERGUSON ENT/N LITTLE ROCK,16348,100000046345812,100000046355143,BILL_TO,100000046341204,5291,FERGUSON ENT/N LITTLE ROCK,100000046350918,A,16733,A,1900-01-01T00:00:00.000+00:00,4712-12-31T00:00:00.000+00:00,Y,P,N,6830,1100 E 12TH ST,,,,NORTH LITTLE ROCK,72114,AR,US,
WINGATE MOBILE,16349,100000046345814,100000046354937,BILL_TO,100000046341205,4607,WINGATE MOBILE,100000046350234,A,16735,A,1900-01-01T00:00:00.000+00:00,4712-12-31T00:00:00.000+00:00,Y,P,N,6624,516 SPRINGHILL PLAZA CT,,,,MOBILE,36608,AL,US,
ACJ MAINTENANCE,16350,100000046345263,100000046354938,BILL_TO,100000046341206,4608,ACJ MAINTENANCE,100000046350235,A,16184,A,1900-01-01T00:00:00.000+00:00,4712-12-31T00:00:00.000+00:00,Y,P,N,6625,7100 LAKE JACKSON DR,,,,ARLINGTON,76002,TX,US,
FIRST DEGREE HEATING,16351,100000046345816,100000046354108,BILL_TO,100000046341207,3556,FIRST DEGREE HEATING,100000046349183,A,16737,A,1900-01-01T00:00:00.000+00:00,4712-12-31T00:00:00.000+00:00,Y,P,N,5795,100 HUNTER INDUSTRIAL DR STE A,,,,VILLA RICA,30180,GA,US,
TETRA TECHNOLOGIES INC,16352,100000046345264,100000046354109,BILL_TO,100000046341208,5294,TETRA TECHNOLOGIES INC,100000046350921,A,16185,A,1900-01-01T00:00:00.000+00:00,4712-12-31T00:00:00.000+00:00,Y,P,N,5796,10000 ENERGY DR,,,,SPRING,77389,TX,US,
WARD MECHANICAL EQUIPMENT INC,16353,100000046345266,100000046353842,BILL_TO,100000046341209,3558,WARD MECHANICAL EQUIPMENT INC,100000046349185,A,16187,A,1900-01-01T00:00:00.000+00:00,4712-12-31T00:00:00.000+00:00,Y,P,N,5529,210 MARKET RIDGE DR,,,,RIDGELAND,39157,MS,US,
IMMACULATE CONCEPTION HIGH SCHOOL,16354,100000046346451,100000046355149,BILL_TO,100000046341210,3372,IMMACULATE CONCEPTION HIGH SCHOOL,100000046348999,A,17372,A,1900-01-01T00:00:00.000+00:00,4712-12-31T00:00:00.000+00:00,Y,P,N,6836,1725 CENTRAL AVE,,,,MEMPHIS,38104,TN,US,
FAIRFIELD INN,16355,100000046345272,100000046354346,BILL_TO,100000046341211,4577,FAIRFIELD INN,100000046350204,A,16193,A,1900-01-01T00:00:00.000+00:00,4712-12-31T00:00:00.000+00:00,Y,P,N,6033,18800 S US HIGHWAY 12,,,,NEW BUFFALO,49117,MI,US,
DELWOOD MECHANICAL,16356,100000046345588,100000046354347,BILL_TO,100000046341212,4578,DELWOOD MECHANICAL,100000046350205,A,16509,A,1900-01-01T00:00:00.000+00:00,4712-12-31T00:00:00.000+00:00,Y,P,N,6034,PO BOX 483,,,,MONROE,28111,NC,US,
DELWOOD MECHANICAL,16356,100000046346453,100000046354945,BILL_TO,100000046341212,4578,DELWOOD MECHANICAL,100000046350205,A,17374,A,1900-01-01T00:00:00.000+00:00,4712-12-31T00:00:00.000+00:00,N,Y,N,6632,400 E FRANKLIN ST,,,,MONROE,28111,NC,US,
ALLIED MECHANICAL,16357,100000046344784,100000046353847,BILL_TO,100000046341213,3562,ALLIED MECHANICAL,100000046349189,A,15705,A,1900-01-01T00:00:00.000+00:00,4712-12-31T00:00:00.000+00:00,Y,P,N,5534,1111 NIAGARA ST,,,,BUFFALO,14213,NY,US,
AMY CLARK,16358,100000046345590,100000046353581,BILL_TO,100000046341214,4380,AMY CLARK,100000046350007,A,16511,A,1900-01-01T00:00:00.000+00:00,4712-12-31T00:00:00.000+00:00,Y,P,N,5268,5920 BRICE COVE N,,,,OLIVE BRANCH,38654,MS,US,
KERR GROUP INC,16359,100000046345029,100000046354523,BILL_TO,100000046341215,4383,KERR GROUP INC,100000046350010,A,15950,A,1900-01-01T00:00:00.000+00:00,4712-12-31T00:00:00.000+00:00,Y,P,N,6210,PO BOX 959,,,,EVANSVILLE,47706-0959,IN,US,
GANESH INVESTMENTS,16360,100000046345030,100000046353849,BILL_TO,100000046341216,4580,GANESH INVESTMENTS,100000046350207,A,15951,A,1900-01-01T00:00:00.000+00:00,4712-12-31T00:00:00.000+00:00,Y,P,N,5536,310 HERITAGE DR,,,,OXFORD,38655,MS,US,
CATERPILLAR CORINTH,16361,100000046345591,100000046354998,BILL_TO,100000046341217,3567,CATERPILLAR CORINTH,100000046349194,A,16512,A,1900-01-01T00:00:00.000+00:00,4712-12-31T00:00:00.000+00:00,Y,P,N,6685,501 CARDINAL DR,,,,CORINTH,38834,MS,US,
CLIMATE HVAC SERVICE,16362,100000046345592,100000046354064,BILL_TO,100000046341218,4935,CLIMATE HVAC SERVICE,100000046350562,A,16513,A,1900-01-01T00:00:00.000+00:00,4712-12-31T00:00:00.000+00:00,Y,P,N,5751,49 BRYSON LN,,,,LAMAR,38642,MS,US,
COLD-CLIMA,16363,100000046345512,100000046355428,BILL_TO,100000046341219,4335,COLD-CLIMA,100000046349962,A,16433,A,1900-01-01T00:00:00.000+00:00,4712-12-31T00:00:00.000+00:00,Y,P,N,7115,RUA VALDEMAR RIGOUT 9,,,,MAUÃ,09370,SP,US,
TRANE TECHNOLOGIES,16364,100000046345514,100000046355429,BILL_TO,100000046341220,5232,TRANE TECHNOLOGIES,100000046350859,A,16435,A,1900-01-01T00:00:00.000+00:00,4712-12-31T00:00:00.000+00:00,N,Y,N,7116,10303 COLONEL GLEN RD,,,,LITTLE ROCK,72204,AR,US,
TRANE TECHNOLOGIES,16364,100000046346395,100000046354007,BILL_TO,100000046341220,5232,TRANE TECHNOLOGIES,100000046350859,A,17316,A,1900-01-01T00:00:00.000+00:00,4712-12-31T00:00:00.000+00:00,Y,P,N,5694,PO BOX 220,,,,DAVIDSON,28036-9721,NC,US,
ADVANCED AIR & METAL,16365,100000046346399,100000046355054,BILL_TO,100000046341221,4877,ADVANCED AIR & METAL,100000046350504,A,17320,A,1900-01-01T00:00:00.000+00:00,4712-12-31T00:00:00.000+00:00,Y,P,N,6741,3111 FRANKLIN BLVD,,,,SPRINGFIELD,97403,OR,US,
SS HVAC,16366,100000046344682,100000046355057,BILL_TO,100000046341222,3328,SS HVAC,100000046348955,A,15603,A,1900-01-01T00:00:00.000+00:00,4712-12-31T00:00:00.000+00:00,Y,P,N,6744,1722 INDIAN WOOD CIR STE F,,,,MAUMEE,43537,OH,US,
A & J SHEET METAL,16367,100000046346117,100000046354436,BILL_TO,100000046341223,4533,A & J SHEET METAL,100000046350160,A,17038,A,1900-01-01T00:00:00.000+00:00,4712-12-31T00:00:00.000+00:00,Y,P,N,6123,190 FOX RD,,,,MARKS,38646,MS,US,
ADVANTAGE SERVICE COMPANY,16368,100000046344683,100000046353530,BILL_TO,100000046341224,5234,ADVANTAGE SERVICE COMPANY,100000046350861,A,15604,A,1900-01-01T00:00:00.000+00:00,4712-12-31T00:00:00.000+00:00,Y,P,N,5217,1797 N CYPRESS ST,,,,NORTH LITTLE ROCK,72114,AR,US,
CORE & MAIN LP,16369,100000046345537,100000046354842,BILL_TO,100000046341225,3513,CORE & MAIN LP,100000046349140,A,16458,A,1900-01-01T00:00:00.000+00:00,4712-12-31T00:00:00.000+00:00,Y,P,N,6529,3209 HWY 161,,,,NORTH LITTLE ROCK,72206,AR,US,
OM OF BATTON ROUGE LLC,16370,100000046344465,100000046354845,BILL_TO,100000046341226,4049,OM OF BATTON ROUGE LLC,100000046349676,A,15386,A,1900-01-01T00:00:00.000+00:00,4712-12-31T00:00:00.000+00:00,Y,P,N,6532,104 SWEETLAND AVE,,,,BROUSSARD,70518,LA,US,
THE HERSHEY COMPANY,16371,100000046345541,100000046355439,BILL_TO,100000046341227,4884,THE HERSHEY COMPANY,100000046350511,A,16462,A,1900-01-01T00:00:00.000+00:00,4712-12-31T00:00:00.000+00:00,Y,P,N,7126,PO BOX 806,,,,HERSHEY,17033-0806,PA,US,
EXPRESS INN,16372,100000046344469,100000046353535,BILL_TO,100000046341228,4051,EXPRESS INN,100000046349678,A,15390,A,1900-01-01T00:00:00.000+00:00,4712-12-31T00:00:00.000+00:00,Y,P,N,5222,2700 S PERKINS RD,,,,MEMPHIS,38118,TN,US,
COOPER OATES AIR CONDITIONING,16373,100000046344986,100000046353769,BILL_TO,100000046341229,3337,COOPER OATES AIR CONDITIONING,100000046348964,A,15907,A,1900-01-01T00:00:00.000+00:00,4712-12-31T00:00:00.000+00:00,Y,P,N,5456,6250 SKY CREEK DR,,,,SACRAMENTO,95828,CA,US,
WINDY CITY REPRESENTATIVES,16374,100000046344470,100000046354017,BILL_TO,100000046341230,4053,WINDY CITY REPRESENTATIVES,100000046349680,A,15391,A,1900-01-01T00:00:00.000+00:00,4712-12-31T00:00:00.000+00:00,Y,P,N,5704,200 WINDSOR DR,,,,OAK BROOK,30523,IL,US,
LAROUSSE SALON & SPA,16375,100000046344987,100000046355443,BILL_TO,100000046341231,4055,LAROUSSE SALON & SPA,100000046349682,A,15908,A,1900-01-01T00:00:00.000+00:00,4712-12-31T00:00:00.000+00:00,Y,P,N,7130,1006 JEFFERSON AVE,,,,OXFORD,38655,MS,US,
TIPTON COUNTY BD OF ED,16376,100000046345215,100000046353807,BILL_TO,100000046341232,4887,TIPTON COUNTY BD OF ED,100000046350514,A,16136,A,1900-01-01T00:00:00.000+00:00,4712-12-31T00:00:00.000+00:00,Y,P,N,5494,1580 HWY 51 S,,,,COVINGTON,38019,TN,US,
R W SMITH COMPANY,16377,100000046346129,100000046354849,BILL_TO,100000046341233,5245,R W SMITH COMPANY,100000046350872,A,17050,A,1900-01-01T00:00:00.000+00:00,4712-12-31T00:00:00.000+00:00,Y,P,N,6536,610 VILLAGE TRACE,,,,MARIETTA,60067,GA,US,
MITCH WRIGHT PLB HTG & AIR,16378,100000046346098,100000046354019,BILL_TO,100000046341234,4889,MITCH WRIGHT PLB HTG & AIR,100000046350516,A,17019,A,1900-01-01T00:00:00.000+00:00,4712-12-31T00:00:00.000+00:00,Y,P,N,5706,8710 HWY 51 N,,,,SOUTHAVEN,38671,MS,US,
A TO Z CONSTRUCTION SERVICES,16379,100000046346099,100000046353773,BILL_TO,100000046341235,3520,A TO Z CONSTRUCTION SERVICES,100000046349147,A,17020,A,1900-01-01T00:00:00.000+00:00,4712-12-31T00:00:00.000+00:00,Y,P,N,5460,581 VANDALIA ST,,,,MEMPHIS,38112,TN,US,
BROOKLAND PUBLIC SCHOOLS,16380,100000046344990,100000046355446,BILL_TO,100000046341236,4059,BROOKLAND PUBLIC SCHOOLS,100000046349686,A,15911,A,1900-01-01T00:00:00.000+00:00,4712-12-31T00:00:00.000+00:00,Y,P,N,7133,BROOKLAND DISTRICT # 14,,,,BROOKLAND,72417,AR,US,
CMI MANAGEMENT INC,16381,100000046345218,100000046355065,BILL_TO,100000046341237,4062,CMI MANAGEMENT INC,100000046349689,A,16139,A,1900-01-01T00:00:00.000+00:00,4712-12-31T00:00:00.000+00:00,Y,P,N,6752,5285 SHAWNEE RD,,,,ALEXANDRIA,22312,VA,US,
HOME 2 STS MOBILE TILLMANS,16382,100000046345219,100000046354855,BILL_TO,100000046341238,5250,HOME 2 STS MOBILE TILLMANS,100000046350877,A,16140,A,1900-01-01T00:00:00.000+00:00,4712-12-31T00:00:00.000+00:00,Y,P,N,6542,5460 INN RD,,,,MOBILE,36619,AL,US,
CITY OF PEARL,16383,100000046346102,100000046353777,BILL_TO,100000046341239,3521,CITY OF PEARL,100000046349148,A,17023,A,1900-01-01T00:00:00.000+00:00,4712-12-31T00:00:00.000+00:00,Y,P,N,5464,PO BOX 5948,,,,PEARL,39288,MS,US,
PERFORMANCE AIR SYSTEMS,16384,100000046345220,100000046354023,BILL_TO,100000046341240,3343,PERFORMANCE AIR SYSTEMS,100000046348970,A,16141,A,1900-01-01T00:00:00.000+00:00,4712-12-31T00:00:00.000+00:00,Y,P,N,5710,3900 E MIRALOMA STE G,,,,ANAHEIM,92806,CA,US,
GOBER HEAT & AIR,16385,100000046345545,100000046354447,BILL_TO,100000046341241,3344,GOBER HEAT & AIR,100000046348971,A,16466,A,1900-01-01T00:00:00.000+00:00,4712-12-31T00:00:00.000+00:00,Y,P,N,6134,22775 HIGH RIDGE LN,,,,TECUMSEH,74873,OK,US,
TEST INTERCOMPANY,16386,100000046346103,100000046355068,BILL_TO,100000046341242,4892,TEST INTERCOMPANY,100000046350519,A,17024,A,1900-01-01T00:00:00.000+00:00,4712-12-31T00:00:00.000+00:00,Y,P,N,6755,3095 STONEBROOK CR,,,,MEMPHIS,38116,TN,US,
JACKSON MADISON CO SCHOOL SYS,16387,100000046344476,100000046354024,BILL_TO,100000046341243,4547,JACKSON MADISON CO SCHOOL SYS,100000046350174,A,15397,A,1900-01-01T00:00:00.000+00:00,4712-12-31T00:00:00.000+00:00,Y,P,N,5711,310 N PKWY,,,,JACKSON,38301,TN,US,
UNIVERSITY CLUB,16388,100000046344481,100000046355074,BILL_TO,100000046341244,3846,UNIVERSITY CLUB,100000046349473,A,15402,A,1900-01-01T00:00:00.000+00:00,4712-12-31T00:00:00.000+00:00,Y,P,N,6761,1346 CENTRAL AVE,,,,MEMPHIS,38104,TN,US,
WALKER-J-WALKER INC,16389,100000046345225,100000046354859,BILL_TO,100000046341245,3523,WALKER-J-WALKER INC,100000046349150,A,16146,A,1900-01-01T00:00:00.000+00:00,4712-12-31T00:00:00.000+00:00,Y,P,N,6546,6045 E SHELBY DR,,,,MEMPHIS,38141,TN,US,
WILKINS ELECTRIC LLC,16390,100000046344999,100000046355078,BILL_TO,100000046341246,3847,WILKINS ELECTRIC LLC,100000046349474,A,15920,A,1900-01-01T00:00:00.000+00:00,4712-12-31T00:00:00.000+00:00,Y,P,N,6765,310 E KINGSHIGHWAY,,,,PARAGOULD,72450,AR,US,
NIGHTINGALE MECHANICAL LLC,16391,100000046346106,100000046354451,BILL_TO,100000046341247,3526,NIGHTINGALE MECHANICAL LLC,100000046349153,A,17027,A,1900-01-01T00:00:00.000+00:00,4712-12-31T00:00:00.000+00:00,Y,P,N,6138,781 CO RD 905,,,,JONESBORO,72401,AR,US,
LAUDERDALE MECHANICAL GROUP I,16392,100000046346108,100000046354458,BILL_TO,100000046341248,5264,LAUDERDALE MECHANICAL GROUP I,100000046350891,A,17029,A,1900-01-01T00:00:00.000+00:00,4712-12-31T00:00:00.000+00:00,Y,P,N,6145,PO BOX 3404,,,,TUPELO,38803,MS,US,
FORREST HILL GRILLE,16393,100000046345120,100000046354192,BILL_TO,100000046341249,3669,FORREST HILL GRILLE,100000046349296,A,16041,A,1900-01-01T00:00:00.000+00:00,4712-12-31T00:00:00.000+00:00,Y,P,N,5879,9102 POPLAR,,,,GERMANTOWN,38138,TN,US,
WITHERINGTON SERVICES,16394,100000046344871,100000046354788,BILL_TO,100000046341250,3929,WITHERINGTON SERVICES,100000046349556,A,15792,A,1900-01-01T00:00:00.000+00:00,4712-12-31T00:00:00.000+00:00,Y,P,N,6475,310 S MAPLE,,,,COVINGTON,38019,TN,US,
WORLD ADC HEAT & AIR INC,16395,100000046346295,100000046354568,BILL_TO,100000046341251,4452,WORLD ADC HEAT & AIR INC,100000046350079,A,17216,A,1900-01-01T00:00:00.000+00:00,4712-12-31T00:00:00.000+00:00,Y,P,N,6255,646 CEDAR CREEK RD,,,,MACON,39341,MS,US,
HOLLEY MECHANICAL INC,16396,100000046345363,100000046354194,BILL_TO,100000046341252,3931,HOLLEY MECHANICAL INC,100000046349558,A,16284,A,1900-01-01T00:00:00.000+00:00,4712-12-31T00:00:00.000+00:00,Y,P,N,5881,5567 COMMANDER DR STE 103,,,,ARLINGTON,38002,TN,US,
JACK TYLER ENG OF ARKANSAS,16397,100000046345371,100000046355328,BILL_TO,100000046341253,4200,JACK TYLER ENG OF ARKANSAS,100000046349827,A,16292,A,1900-01-01T00:00:00.000+00:00,4712-12-31T00:00:00.000+00:00,Y,P,N,7015,6112 PATTERSON AVE,,,,LITTLE ROCK,72209,AR,US,
ALLIED SERVICE GROUP LLC,16398,100000046346296,100000046354635,BILL_TO,100000046341254,4453,ALLIED SERVICE GROUP LLC,100000046350080,A,17217,A,1900-01-01T00:00:00.000+00:00,4712-12-31T00:00:00.000+00:00,Y,P,N,6322,46 N CONALCO DR,,,,JACKSON,38301,TN,US,
COASTAL HOSPITILITY LLC,16399,100000046345925,100000046355330,BILL_TO,100000046341255,3934,COASTAL HOSPITILITY LLC,100000046349561,A,16846,A,1900-01-01T00:00:00.000+00:00,4712-12-31T00:00:00.000+00:00,Y,P,N,7017,15580 DANIEL BLVD,,,,GULLFPORT,39503,MS,US,
DISTRICT AT EASTOVER BLDG B1,16400,100000046346297,100000046355172,BILL_TO,100000046341256,5105,DISTRICT AT EASTOVER BLDG B1,100000046350732,A,17218,A,1900-01-01T00:00:00.000+00:00,4712-12-31T00:00:00.000+00:00,Y,P,N,6859,308 E PEARL ST STE 2C,,,,JACKSON,39201,MS,US,
O'BRIEN EQUIPMENT,16401,100000046345929,100000046355173,BILL_TO,100000046341257,4701,O'BRIEN EQUIPMENT,100000046350328,A,16850,A,1900-01-01T00:00:00.000+00:00,4712-12-31T00:00:00.000+00:00,Y,P,N,6860,3951 SENATOR ST,,,,MEMPHIS,38118,TN,US,
HARBIN HEATING & AIR,16402,100000046345954,100000046354203,BILL_TO,100000046341258,5077,HARBIN HEATING & AIR,100000046350704,A,16875,A,1900-01-01T00:00:00.000+00:00,4712-12-31T00:00:00.000+00:00,Y,P,N,5890,5910 HWY 57,,,,COUNCE,38326,TN,US,
MOSELEY HVAC,16403,100000046344873,100000046355174,BILL_TO,100000046341259,5109,MOSELEY HVAC,100000046350736,A,15794,A,1900-01-01T00:00:00.000+00:00,4712-12-31T00:00:00.000+00:00,Y,P,N,6861,PO BOX 180,,,,PARON,72122,AR,US,
ELECTRIC MOTOR REBUILDERS,16404,100000046345377,100000046354790,BILL_TO,100000046341260,3675,ELECTRIC MOTOR REBUILDERS,100000046349302,A,16298,A,1900-01-01T00:00:00.000+00:00,4712-12-31T00:00:00.000+00:00,Y,P,N,6477,196 EDWARDS DR,,,,JACKSON,38313,TN,US,
RAM MECHANICAL,16405,100000046345378,100000046354205,BILL_TO,100000046341261,3937,RAM MECHANICAL,100000046349564,A,16299,A,1900-01-01T00:00:00.000+00:00,4712-12-31T00:00:00.000+00:00,Y,P,N,5892,258 S WGATE,,,,CAROL STREAM,60188,IL,US,
ARTIC HEATING & COOLING,16406,100000046346299,100000046354793,BILL_TO,100000046341262,3938,ARTIC HEATING & COOLING,100000046349565,A,17220,A,1900-01-01T00:00:00.000+00:00,4712-12-31T00:00:00.000+00:00,Y,P,N,6480,6869 HWY 70 W,,,,BROWNSVILLE,38012,TN,US,
TRAXYS COMETALS PROCESSING INC,16407,100000046345958,100000046354575,BILL_TO,100000046341263,3939,TRAXYS COMETALS PROCESSING INC,100000046349566,A,16879,A,1900-01-01T00:00:00.000+00:00,4712-12-31T00:00:00.000+00:00,Y,P,N,6262,87 COUNTY RD 210,,,,BURNSVILLE,38833,MS,US,
AMCON AN AM CONSTRUCTION CO,16408,100000046345959,100000046355178,BILL_TO,100000046341264,4767,AMCON AN AM CONSTRUCTION CO,100000046350394,A,16880,A,1900-01-01T00:00:00.000+00:00,4712-12-31T00:00:00.000+00:00,Y,P,N,6865,1375 OAKLEY INDUSTRIAL BLVD,,,,FAIRBURN,30213,GA,US,
A&M DEVELOPERS LLC,16409,100000046344876,100000046355180,BILL_TO,100000046341265,4769,A&M DEVELOPERS LLC,100000046350396,A,15797,A,1900-01-01T00:00:00.000+00:00,4712-12-31T00:00:00.000+00:00,Y,P,N,6867,7701 LAS COLINS RIDGE #250,,,,IRVING,75063,TX,US,
BROUSSARD MECHANICAL,16410,100000046344878,100000046355379,BILL_TO,100000046341266,5114,BROUSSARD MECHANICAL,100000046350741,A,15799,A,1900-01-01T00:00:00.000+00:00,4712-12-31T00:00:00.000+00:00,Y,P,N,7066,14405 CULLEN ST,,,,BILOXI,39532,MS,US,
JOHNSON HEATING & AIR,16411,100000046345935,100000046355383,BILL_TO,100000046341267,5118,JOHNSON HEATING & AIR,100000046350745,A,16856,A,1900-01-01T00:00:00.000+00:00,4712-12-31T00:00:00.000+00:00,Y,P,N,7070,100 S FIRST ST,,,,UNION CITY,38261,TN,US,
SSI CONTRACTING INC,16412,100000046345940,100000046354213,BILL_TO,100000046341268,5120,SSI CONTRACTING INC,100000046350747,A,16861,A,1900-01-01T00:00:00.000+00:00,4712-12-31T00:00:00.000+00:00,Y,P,N,5900,1535 NEWCASTLE RD,,,,FORREST CITY,72335,AR,US,
SOUTH PIKE SCHOOL DISTRICT,16413,100000046345131,100000046353346,BILL_TO,100000046341269,4461,SOUTH PIKE SCHOOL DISTRICT,100000046350088,A,16052,A,1900-01-01T00:00:00.000+00:00,4712-12-31T00:00:00.000+00:00,Y,P,N,5033,250 W BAY ST,,,,MAGNOLIA,39652,MS,US,
TERRY SERVICE INC,16414,100000046344524,100000046354804,BILL_TO,100000046341270,4208,TERRY SERVICE INC,100000046349835,A,15445,A,1900-01-01T00:00:00.000+00:00,4712-12-31T00:00:00.000+00:00,N,Y,N,6491,PO BOX 1557,,,,RIDGELAND,39158-1557,MS,US,
TERRY SERVICE INC,16414,100000046345944,100000046354644,BILL_TO,100000046341270,4208,TERRY SERVICE INC,100000046349835,A,16865,A,1900-01-01T00:00:00.000+00:00,4712-12-31T00:00:00.000+00:00,Y,P,N,6331,746 S RIDGEWOOD RD,,,,RIDGELAND,39158-1557,MS,US,
TWRA,16415,100000046345133,100000046354805,BILL_TO,100000046341271,3946,TWRA,100000046349573,A,16054,A,1900-01-01T00:00:00.000+00:00,4712-12-31T00:00:00.000+00:00,Y,P,N,6492,200 LOWELL THOMAS DR,,,,JACKSON,38301,TN,US,
WAL-MART,16416,100000046345389,100000046355189,BILL_TO,100000046341272,4772,WAL-MART,100000046350399,A,16310,A,1900-01-01T00:00:00.000+00:00,4712-12-31T00:00:00.000+00:00,Y,P,N,6876,701 S WALTON BLVD,,,,BENTONVILLE,72716-0820,AR,US,
GRAYSTON INC,16417,100000046344526,100000046355196,BILL_TO,100000046341273,3683,GRAYSTON INC,100000046349310,A,15447,A,1900-01-01T00:00:00.000+00:00,4712-12-31T00:00:00.000+00:00,Y,P,N,6883,PO BOX 2043,,,,MEDFORD LAKES,08055,NJ,US,
DARLINGTON SCHOOL,16418,100000046344885,100000046355388,BILL_TO,100000046341274,3387,DARLINGTON SCHOOL,100000046349014,A,15806,A,1900-01-01T00:00:00.000+00:00,4712-12-31T00:00:00.000+00:00,Y,P,N,7075,1014 CAVE SPRING RD SW,,,,ROME,30161,GA,US,
ENVIRONMENTAL COMFORT SYSTEMS,16419,100000046344886,100000046354652,BILL_TO,100000046341275,4715,ENVIRONMENTAL COMFORT SYSTEMS,100000046350342,A,15807,A,1900-01-01T00:00:00.000+00:00,4712-12-31T00:00:00.000+00:00,Y,P,N,6339,8385 CANOGA AVE,,,,CANOGA PARK,91304,CA,US,
MEMPHIS BIOWORKS FOUNDATION,16420,100000046345692,100000046354653,BILL_TO,100000046341276,4469,MEMPHIS BIOWORKS FOUNDATION,100000046350096,A,16613,A,1900-01-01T00:00:00.000+00:00,4712-12-31T00:00:00.000+00:00,Y,P,N,6340,20 S DUDLEY ST STE 900,,,,MEMPHIS,38103,TN,US,
GLAXO SMITH KLINE,16421,100000046344888,100000046354654,BILL_TO,100000046341277,4716,GLAXO SMITH KLINE,100000046350343,A,15809,A,1900-01-01T00:00:00.000+00:00,4712-12-31T00:00:00.000+00:00,Y,P,N,6341,2149 HARBOR AVE,,,,MEMPHIS,38113,TN,US,
JAY JALARAM TUPELO LLC,16422,100000046344534,100000046353242,BILL_TO,100000046341278,5135,JAY JALARAM TUPELO LLC,100000046350762,A,15455,A,1900-01-01T00:00:00.000+00:00,4712-12-31T00:00:00.000+00:00,Y,P,N,4929,186 STONE CREEK BLVD,,,,TUPELO,38804,MS,US,
MONTGOMERY MAINTENANCE,16423,100000046345643,100000046354602,BILL_TO,100000046341279,4177,MONTGOMERY MAINTENANCE,100000046349804,A,16564,A,1900-01-01T00:00:00.000+00:00,4712-12-31T00:00:00.000+00:00,Y,P,N,6289,6822 HARE POINTE,,,,BARTLETT,38002,TN,US,
BEN HAYS,16424,100000046346509,100000046355301,BILL_TO,100000046341280,3633,BEN HAYS,100000046349260,A,17430,A,1900-01-01T00:00:00.000+00:00,4712-12-31T00:00:00.000+00:00,Y,P,N,6988,9 WINWOOD DR,,,,JACKSON,38305,TN,US,
HEBLON HEATING & COOLING LLC,16425,100000046345076,100000046354500,BILL_TO,100000046341281,5048,HEBLON HEATING & COOLING LLC,100000046350675,A,15997,A,1900-01-01T00:00:00.000+00:00,4712-12-31T00:00:00.000+00:00,Y,P,N,6187,6110 MONROE HWY,,,,BALL,71405,LA,US,
AVID HOTEL BEAUMONT,16426,100000046345097,100000046354501,BILL_TO,100000046341282,3635,AVID HOTEL BEAUMONT,100000046349262,A,16018,A,1900-01-01T00:00:00.000+00:00,4712-12-31T00:00:00.000+00:00,Y,P,N,6188,5400 REXORA DR,,,,BEAUMONT,77705,TX,US,
LEDIC REALTY,16427,100000046345882,100000046354726,BILL_TO,100000046341283,3637,LEDIC REALTY,100000046349264,A,16803,A,1900-01-01T00:00:00.000+00:00,4712-12-31T00:00:00.000+00:00,Y,P,N,6413,460 S LAUDERDALE ST,,,,MEMPHIS,38126,TN,US,
SOUTHERN MECHANICAL INC,16428,100000046345645,100000046355105,BILL_TO,100000046341284,3638,SOUTHERN MECHANICAL INC,100000046349265,A,16566,A,1900-01-01T00:00:00.000+00:00,4712-12-31T00:00:00.000+00:00,Y,P,N,6792,120 LEGGETT DR,,,,JACKSON,39209,MS,US,
SM LAWRENCE MEMPHIS/OB,16429,100000046345886,100000046353905,BILL_TO,100000046341285,3900,SM LAWRENCE MEMPHIS/OB,100000046349527,A,16807,A,1900-01-01T00:00:00.000+00:00,4712-12-31T00:00:00.000+00:00,Y,P,N,5592,8211 INDUSTRIAL DR,,,,OLIVE BRANCH,38654,MS,US,
SHELBY COUNTY BOARD OF EDUCATI,16430,100000046346512,100000046353906,BILL_TO,100000046341286,4442,SHELBY COUNTY BOARD OF EDUCATI,100000046350069,A,17433,A,1900-01-01T00:00:00.000+00:00,4712-12-31T00:00:00.000+00:00,Y,P,N,5593,2800 GRAY'S CREEK DR,,,,ARLINGTON,38002,TN,US,
SIEMENS BUILDING TECHNOLOGIES,16431,100000046345889,100000046354608,BILL_TO,100000046341287,5050,SIEMENS BUILDING TECHNOLOGIES,100000046350677,A,16810,A,1900-01-01T00:00:00.000+00:00,4712-12-31T00:00:00.000+00:00,Y,P,N,6295,7600 APPLING CENTER DR,,,,MEMPHIS,38133,TN,US,
UNIVERSITY OF MISSISSIPPI,16432,100000046345650,100000046354731,BILL_TO,100000046341288,4670,UNIVERSITY OF MISSISSIPPI,100000046350297,A,16571,A,1900-01-01T00:00:00.000+00:00,4712-12-31T00:00:00.000+00:00,Y,P,N,6418,PO BOX 1848,,,,UNIVERSITY,01848,MS,US,
JIM MORGAN,16433,100000046345343,100000046355107,BILL_TO,100000046341289,5352,JIM MORGAN,100000046350979,A,16264,A,1900-01-01T00:00:00.000+00:00,4712-12-31T00:00:00.000+00:00,Y,P,N,6794,7802 FOSTER RIDGE,,,,GERMANTOWN,38138,TN,US,
TN COLLEGE APPLIED TECH,16434,100000046345344,100000046354172,BILL_TO,100000046341290,4183,TN COLLEGE APPLIED TECH,100000046349810,A,16265,A,1900-01-01T00:00:00.000+00:00,4712-12-31T00:00:00.000+00:00,Y,P,N,5859,16940 HIGHLAND DR,,,,MC KENZIE,38201,TN,US,
SOUTH TIPPAH SCHOOL DISTRICT,16435,100000046345103,100000046353310,BILL_TO,100000046341291,4673,SOUTH TIPPAH SCHOOL DISTRICT,100000046350300,A,16024,A,1900-01-01T00:00:00.000+00:00,4712-12-31T00:00:00.000+00:00,Y,P,N,4997,402 GREENLEE AVE,,,,RIPLEY,38663,MS,US,
MORGAN & THORNBURG INC,16436,100000046346275,100000046354173,BILL_TO,100000046341292,4675,MORGAN & THORNBURG INC,100000046350302,A,17196,A,1900-01-01T00:00:00.000+00:00,4712-12-31T00:00:00.000+00:00,Y,P,N,5860,4076 HATCHER CR,,,,MEMPHIS,38118,TN,US,
JACKIE NASH HVAC,16437,100000046345348,100000046354175,BILL_TO,100000046341293,3649,JACKIE NASH HVAC,100000046349276,A,16269,A,1900-01-01T00:00:00.000+00:00,4712-12-31T00:00:00.000+00:00,Y,P,N,5862,26 CR 451,,,,RIENZI,38865,MS,US,
AIR COMPONENTS INC,16438,100000046345082,100000046355109,BILL_TO,100000046341294,4443,AIR COMPONENTS INC,100000046350070,A,16003,A,1900-01-01T00:00:00.000+00:00,4712-12-31T00:00:00.000+00:00,Y,P,N,6796,3150 STAGE POST DR,,,,BARTLETT,38133,TN,US,
WRIGHT MEDICAL TECH INC,16439,100000046345084,100000046355110,BILL_TO,100000046341295,4677,WRIGHT MEDICAL TECH INC,100000046350304,A,16005,A,1900-01-01T00:00:00.000+00:00,4712-12-31T00:00:00.000+00:00,Y,P,N,6797,1023 CHERRY RD AP DEPT,,,,MEMPHIS,38117,TN,US,
BEKAERT CORPORATION,16440,100000046345659,100000046355113,BILL_TO,100000046341296,4680,BEKAERT CORPORATION,100000046350307,A,16580,A,1900-01-01T00:00:00.000+00:00,4712-12-31T00:00:00.000+00:00,N,Y,N,6800,3200 W MARKET ST,,,,AKRON,44333,OH,US,
BEKAERT CORPORATION,16440,100000046345894,100000046353913,BILL_TO,100000046341296,4680,BEKAERT CORPORATION,100000046350307,A,16815,A,1900-01-01T00:00:00.000+00:00,4712-12-31T00:00:00.000+00:00,Y,P,N,5600,1395 S MARIETTA PKWY,,,,MARIETTA,30067,GA,US,
485 VANCE AVE,16441,100000046346281,100000046353319,BILL_TO,100000046341297,3654,485 VANCE AVE,100000046349281,A,17202,A,1900-01-01T00:00:00.000+00:00,4712-12-31T00:00:00.000+00:00,Y,P,N,5006,485 VANCE AVE,,,,MEMPHIS,38126,TN,US,
MERIDIAN LIFE SCIENCE,16442,100000046345351,100000046355116,BILL_TO,100000046341298,5062,MERIDIAN LIFE SCIENCE,100000046350689,A,16272,A,1900-01-01T00:00:00.000+00:00,4712-12-31T00:00:00.000+00:00,Y,P,N,6803,5171 WILFONG RD,,,,MEMPHIS,38134,TN,US,
INDUSTRIAL PRODUCTS,16443,100000046346524,100000046354509,BILL_TO,100000046341299,5083,INDUSTRIAL PRODUCTS,100000046350710,A,17445,A,1900-01-01T00:00:00.000+00:00,4712-12-31T00:00:00.000+00:00,Y,P,N,6196,1405 N PIERCE ST,,,,LITTLE ROCK,72207,AR,US,
AR DEPT OF THE MILITARY CAMP,16444,100000046345908,100000046355120,BILL_TO,100000046341300,4751,AR DEPT OF THE MILITARY CAMP,100000046350378,A,16829,A,1900-01-01T00:00:00.000+00:00,4712-12-31T00:00:00.000+00:00,Y,P,N,6807,BLDG 4201,,,,N LITTLE ROCK,72199-9600,AR,US,
INNOV8 HOTEL,16445,100000046344868,100000046353927,BILL_TO,100000046341301,4693,INNOV8 HOTEL,100000046350320,A,15789,A,1900-01-01T00:00:00.000+00:00,4712-12-31T00:00:00.000+00:00,Y,P,N,5614,2979 MILLBRANCH,,,,MEMPHIS,38116,TN,US,
AMERICAN ELECTRICAL CONTRACTOR,16446,100000046345119,100000046354189,BILL_TO,100000046341302,5097,AMERICAN ELECTRICAL CONTRACTOR,100000046350724,A,16040,A,1900-01-01T00:00:00.000+00:00,4712-12-31T00:00:00.000+00:00,Y,P,N,5876,3405 PEARSON RD,,,,MEMPHIS,38118,TN,US,
ATLANTIC HOSPITALITY VENTURES,16447,100000046346533,100000046354565,BILL_TO,100000046341303,3667,ATLANTIC HOSPITALITY VENTURES,100000046349294,A,17454,A,1900-01-01T00:00:00.000+00:00,4712-12-31T00:00:00.000+00:00,Y,P,N,6252,2204 DEMERE RD,,,,ST SIMONS ISLAND,31522,GA,US,
HCI SUPPLY,16448,100000046346287,100000046353928,BILL_TO,100000046341304,3922,HCI SUPPLY,100000046349549,A,17208,A,1900-01-01T00:00:00.000+00:00,4712-12-31T00:00:00.000+00:00,Y,P,N,5615,982 LOWER BROWNSVILLE RD,,,,JACKSON,38301,TN,US,
BR SUPPLY INC,16449,100000046344870,100000046353328,BILL_TO,100000046341305,4758,BR SUPPLY INC,100000046350385,A,15791,A,1900-01-01T00:00:00.000+00:00,4712-12-31T00:00:00.000+00:00,Y,P,N,5015,2706 E END DR,,,,HUMBOLDT,38343,TN,US,
WEISS INSTRUMENTS,16450,100000046346290,100000046353330,BILL_TO,100000046341306,3928,WEISS INSTRUMENTS,100000046349555,A,17211,A,1900-01-01T00:00:00.000+00:00,4712-12-31T00:00:00.000+00:00,Y,P,N,5017,905 WAVERLY AVE,,,,HOLTSVILLE,11742,NY,US,
PALESTINE WHEATLEY ELEMENTARY,16451,100000046345362,100000046353640,BILL_TO,100000046341307,4759,PALESTINE WHEATLEY ELEMENTARY,100000046350386,A,16283,A,1900-01-01T00:00:00.000+00:00,4712-12-31T00:00:00.000+00:00,Y,P,N,5327,PO BOX 790,,,,PALESTINE,72372,AR,US,
SPECIALTY HEATING SERVICES LLC,16452,100000046345372,100000046354195,BILL_TO,100000046341308,5103,SPECIALTY HEATING SERVICES LLC,100000046350730,A,16293,A,1900-01-01T00:00:00.000+00:00,4712-12-31T00:00:00.000+00:00,Y,P,N,5882,3180 UTICA AVE,,,,JACKSON,39209,MS,US,
JMP EQUIPMENT COMPANY LLC,16453,100000046345826,100000046353585,BILL_TO,100000046341309,3375,JMP EQUIPMENT COMPANY LLC,100000046349002,A,16747,A,1900-01-01T00:00:00.000+00:00,4712-12-31T00:00:00.000+00:00,Y,P,N,5272,PO BOX 16706,,,,GREENSBORO,27416,NC,US,
MOODY PRIDE LLC,16454,100000046346184,100000046353587,BILL_TO,100000046341310,5300,MOODY PRIDE LLC,100000046350927,A,17105,A,1900-01-01T00:00:00.000+00:00,4712-12-31T00:00:00.000+00:00,Y,P,N,5274,PO BOX 260044,,,,BATON ROUGE,70826,LA,US,
EXPLORATORY VENTURES,16455,100000046346465,100000046355159,BILL_TO,100000046341311,3378,EXPLORATORY VENTURES,100000046349005,A,17386,A,1900-01-01T00:00:00.000+00:00,4712-12-31T00:00:00.000+00:00,Y,P,N,6846,1303 E COUNTY RD 876,,,,OSCEOLA,72370,AR,US,
ROBERT P THOMPSON,16456,100000046344792,100000046355162,BILL_TO,100000046341312,4942,ROBERT P THOMPSON,100000046350569,A,15713,A,1900-01-01T00:00:00.000+00:00,4712-12-31T00:00:00.000+00:00,Y,P,N,6849,PO BOX 1052,,,,VAN BUREN,72957,AR,US,
SODOMA REFRIGERATION LLC,16457,100000046346186,100000046354395,BILL_TO,100000046341313,3381,SODOMA REFRIGERATION LLC,100000046349008,A,17107,A,1900-01-01T00:00:00.000+00:00,4712-12-31T00:00:00.000+00:00,Y,P,N,6082,PO BOX 5206,,,,MERIDIAN,39301,MS,US,
KILPATRICK HOTELS,16458,100000046344795,100000046353853,BILL_TO,100000046341314,4395,KILPATRICK HOTELS,100000046350022,A,15716,A,1900-01-01T00:00:00.000+00:00,4712-12-31T00:00:00.000+00:00,Y,P,N,5540,PO BOX 408,,,,MORGAN CITY,70381-0408,LA,US,
SVD HOSPITALITY,16459,100000046346471,100000046354126,BILL_TO,100000046341315,4945,SVD HOSPITALITY,100000046350572,A,17392,A,1900-01-01T00:00:00.000+00:00,4712-12-31T00:00:00.000+00:00,Y,P,N,5813,443 COVENANT DR,,,,BATESVILLE,38606,MS,US,
VISKASE COMPANIES,16460,100000046346191,100000046354073,BILL_TO,100000046341316,4626,VISKASE COMPANIES,100000046350253,A,17112,A,1900-01-01T00:00:00.000+00:00,4712-12-31T00:00:00.000+00:00,Y,P,N,5760,8205 S CASS AVE,,,,DARIEN,60561,IL,US,
FAULKNER HAYNES,16461,100000046346474,100000046353593,BILL_TO,100000046341317,4627,FAULKNER HAYNES,100000046350254,A,17395,A,1900-01-01T00:00:00.000+00:00,4712-12-31T00:00:00.000+00:00,Y,P,N,5280,3400 YONKERS RD,,,,RALEIGH,27604,NC,US,
CAMFIL USA,16462,100000046345284,100000046355011,BILL_TO,100000046341318,4134,CAMFIL USA,100000046349761,A,16205,A,1900-01-01T00:00:00.000+00:00,4712-12-31T00:00:00.000+00:00,Y,P,N,6698,3302 SOLUTIONS CENTER,,,,CHICAGO,60677,IL,US,
V & S NEW YORK GALVANIZING,16463,100000046346195,100000046354538,BILL_TO,100000046341319,4135,V & S NEW YORK GALVANIZING,100000046349762,A,17116,A,1900-01-01T00:00:00.000+00:00,4712-12-31T00:00:00.000+00:00,Y,P,N,6225,987 BUCKEYE PARK RD,,,,COLUMBUS,43207,OH,US,
RIAL HEATING & AC,16464,100000046344808,100000046354405,BILL_TO,100000046341320,3583,RIAL HEATING & AC,100000046349210,A,15729,A,1900-01-01T00:00:00.000+00:00,4712-12-31T00:00:00.000+00:00,Y,P,N,6092,3606 N STONE STE A,,,,COLORADO SPRINGS,80907,CO,US,
TIM FERGUSON PLUMBING AIR & EL,16465,100000046345290,100000046354407,BILL_TO,100000046341321,4137,TIM FERGUSON PLUMBING AIR & EL,100000046349764,A,16211,A,1900-01-01T00:00:00.000+00:00,4712-12-31T00:00:00.000+00:00,Y,P,N,6094,320 STERLING ST,,,,JACKSON,38301,TN,US,
GRANITE MARBLE PRODUCTS,16466,100000046345041,100000046354079,BILL_TO,100000046341322,3858,GRANITE MARBLE PRODUCTS,100000046349485,A,15962,A,1900-01-01T00:00:00.000+00:00,4712-12-31T00:00:00.000+00:00,Y,P,N,5766,9410 MARBELLA COVE,,,,MEMPHIS,38016,TN,US,
H & W BOILER & WELDING SERVICE,16467,100000046344810,100000046354543,BILL_TO,100000046341323,4632,H & W BOILER & WELDING SERVICE,100000046350259,A,15731,A,1900-01-01T00:00:00.000+00:00,4712-12-31T00:00:00.000+00:00,Y,P,N,6230,PO BOX 56,,,,ATKINS,72823,AR,US,
H & W BOILER & WELDING SERVICE,16467,100000046346197,100000046355215,BILL_TO,100000046341323,4632,H & W BOILER & WELDING SERVICE,100000046350259,A,17118,A,1900-01-01T00:00:00.000+00:00,4712-12-31T00:00:00.000+00:00,N,Y,N,6902,206 SE 1ST ST,,,,ATKINS,72823,AR,US,
JACKSON INDUSTRIAL SALES,16468,100000046344811,100000046353597,BILL_TO,100000046341324,3596,JACKSON INDUSTRIAL SALES,100000046349223,A,15732,A,1900-01-01T00:00:00.000+00:00,4712-12-31T00:00:00.000+00:00,Y,P,N,5284,PO BOX 3271,,,,JACKSON,38303,TN,US,
MEMPHIS AREA TRANSIT AUTHORITY,16469,100000046346199,100000046353598,BILL_TO,100000046341325,4138,MEMPHIS AREA TRANSIT AUTHORITY,100000046349765,A,17120,A,1900-01-01T00:00:00.000+00:00,4712-12-31T00:00:00.000+00:00,Y,P,N,5285,1330 LEVEE RD,,,,MEMPHIS,38108,TN,US,
JESCO INC,16470,100000046345610,100000046353865,BILL_TO,100000046341326,4142,JESCO INC,100000046349769,A,16531,A,1900-01-01T00:00:00.000+00:00,4712-12-31T00:00:00.000+00:00,Y,P,N,5552,2000 MCCULLOUGH BLVD,,,,TUPELO,38801,MS,US,
AMERI-CLIMATE,16471,100000046346480,100000046353867,BILL_TO,100000046341327,4956,AMERI-CLIMATE,100000046350583,A,17401,A,1900-01-01T00:00:00.000+00:00,4712-12-31T00:00:00.000+00:00,Y,P,N,5554,34428 YUCAIPA BLVD,,,,YUCAIPA,92399,CA,US,
GRIMALDI'S HTG & SHEET METAL,16472,100000046345295,100000046354084,BILL_TO,100000046341328,4957,GRIMALDI'S HTG & SHEET METAL,100000046350584,A,16216,A,1900-01-01T00:00:00.000+00:00,4712-12-31T00:00:00.000+00:00,Y,P,N,5771,808 3RD AVE,,,,UTICA,13501,NY,US,
DAS HVACR SERVICE,16473,100000046346481,100000046354136,BILL_TO,100000046341329,4147,DAS HVACR SERVICE,100000046349774,A,17402,A,1900-01-01T00:00:00.000+00:00,4712-12-31T00:00:00.000+00:00,Y,P,N,5823,177 CR-781,,,,JONESBORO,72405,AR,US,
RIDDLE HEATING & AC,16474,100000046346207,100000046354137,BILL_TO,100000046341330,4149,RIDDLE HEATING & AC,100000046349776,A,17128,A,1900-01-01T00:00:00.000+00:00,4712-12-31T00:00:00.000+00:00,Y,P,N,5824,PO BOX 987,,,,NEW ALBANY,38652,MS,US,
HANCO CORPORATION,16475,100000046344758,100000046353874,BILL_TO,100000046341331,3869,HANCO CORPORATION,100000046349496,A,15679,A,1900-01-01T00:00:00.000+00:00,4712-12-31T00:00:00.000+00:00,Y,P,N,5561,PO BOX 17678,,,,HATTIESBURG,39404,MS,US,
ALL AMERICAN AIR,16476,100000046345850,100000046355026,BILL_TO,100000046341332,4150,ALL AMERICAN AIR,100000046349777,A,16771,A,1900-01-01T00:00:00.000+00:00,4712-12-31T00:00:00.000+00:00,Y,P,N,6713,12 WICKECLIFF PL,,,,BEAUFORT,29906,SC,US,
MOUNTAIN AIRE,16477,100000046345852,100000046354417,BILL_TO,100000046341333,4152,MOUNTAIN AIRE,100000046349779,A,16773,A,1900-01-01T00:00:00.000+00:00,4712-12-31T00:00:00.000+00:00,Y,P,N,6104,13313 BRIAR HOLLOW DR,,,,OKLAHOMA CITY,73170,OK,US,
TN COLL APPLIED TECH,16478,100000046345617,100000046355029,BILL_TO,100000046341334,4153,TN COLL APPLIED TECH,100000046349780,A,16538,A,1900-01-01T00:00:00.000+00:00,4712-12-31T00:00:00.000+00:00,Y,P,N,6716,1600 HWY 51 S,,,,COVINGTON,38019,TN,US,
SOUTHERN INTEGRATED SERVICES,16479,100000046345049,100000046353606,BILL_TO,100000046341335,4967,SOUTHERN INTEGRATED SERVICES,100000046350594,A,15970,A,1900-01-01T00:00:00.000+00:00,4712-12-31T00:00:00.000+00:00,Y,P,N,5293,PO BOX 197,,,,ATOKA,38004,TN,US,
FAYETTE COUNTY JUSTICE CENTER,16480,100000046346216,100000046355227,BILL_TO,100000046341336,3608,FAYETTE COUNTY JUSTICE CENTER,100000046349235,A,17137,A,1900-01-01T00:00:00.000+00:00,4712-12-31T00:00:00.000+00:00,Y,P,N,6914,PO BOX 219,,,,SOMERVILLE,38068,TN,US,
TRENTON SPECIAL SCHOOL DISTRIC,16481,100000046346488,100000046353880,BILL_TO,100000046341337,4644,TRENTON SPECIAL SCHOOL DISTRIC,100000046350271,A,17409,A,1900-01-01T00:00:00.000+00:00,4712-12-31T00:00:00.000+00:00,Y,P,N,5567,201 W 10TH ST,,,,TRENTON,38382,TN,US,
CONTROL HEATING & COOLING,16482,100000046346490,100000046353614,BILL_TO,100000046341338,5320,CONTROL HEATING & COOLING,100000046350947,A,17411,A,1900-01-01T00:00:00.000+00:00,4712-12-31T00:00:00.000+00:00,Y,P,N,5301,6000 KRUEGER DR,,,,JONESBORO,72401,AR,US,
DYERSBURG STATE COMMUNITY COLLEGE,16483,100000046345230,100000046353820,BILL_TO,100000046341339,3529,DYERSBURG STATE COMMUNITY COLLEGE,100000046349156,A,16151,A,1900-01-01T00:00:00.000+00:00,4712-12-31T00:00:00.000+00:00,Y,P,N,5507,1510 LAKE RD,,,,DYERSBURG,38024,TN,US,
CHARLES WILSON,16484,100000046346145,100000046354869,BILL_TO,100000046341340,4355,CHARLES WILSON,100000046349982,A,17066,A,1900-01-01T00:00:00.000+00:00,4712-12-31T00:00:00.000+00:00,Y,P,N,6556,11215 RAM HILL CV,,,,ARLINGTON,38002,TN,US,
WENDELTA INC,16485,100000046346149,100000046354913,BILL_TO,100000046341341,3854,WENDELTA INC,100000046349481,A,17070,A,1900-01-01T00:00:00.000+00:00,4712-12-31T00:00:00.000+00:00,Y,P,N,6600,1 DR ML KING JR AVE,,,,MEMPHIS,38103,TN,US,
TUNICA COUNTY GOVNT,16486,100000046344707,100000046353549,BILL_TO,100000046341342,3535,TUNICA COUNTY GOVNT,100000046349162,A,15628,A,1900-01-01T00:00:00.000+00:00,4712-12-31T00:00:00.000+00:00,Y,P,N,5236,PO BOX 639,,,,TUNICA,38676,MS,US,
CITY OF BRANDON,16487,100000046346424,100000046353794,BILL_TO,100000046341343,4901,CITY OF BRANDON,100000046350528,A,17345,A,1900-01-01T00:00:00.000+00:00,4712-12-31T00:00:00.000+00:00,Y,P,N,5481,PO BOX 1539,,,,BRANDON,39043,MS,US,
RESCON GROUP,16488,100000046344489,100000046353550,BILL_TO,100000046341344,4903,RESCON GROUP,100000046350530,A,15410,A,1900-01-01T00:00:00.000+00:00,4712-12-31T00:00:00.000+00:00,Y,P,N,5237,9 AVIATOR WAY,,,,ORMOND BEACH,32174,FL,US,
MODERN AIR CONDITIONING & HTG,16489,100000046345797,100000046353823,BILL_TO,100000046341345,3354,MODERN AIR CONDITIONING & HTG,100000046348981,A,16718,A,1900-01-01T00:00:00.000+00:00,4712-12-31T00:00:00.000+00:00,Y,P,N,5510,5243 GREENWAY DR EXT,,,,JACKSON,39204,MS,US,
ALBIREO ENERGY,16490,100000046344493,100000046354917,BILL_TO,100000046341346,4359,ALBIREO ENERGY,100000046349986,A,15414,A,1900-01-01T00:00:00.000+00:00,4712-12-31T00:00:00.000+00:00,Y,P,N,6604,300 RIVERCHASE PKWY E,,,,HOOVER,35244,AL,US,
UT GMP FACILITY,16491,100000046345236,100000046354036,BILL_TO,100000046341347,4908,UT GMP FACILITY,100000046350535,A,16157,A,1900-01-01T00:00:00.000+00:00,4712-12-31T00:00:00.000+00:00,Y,P,N,5723,208 S DUDLEY,,,,MEMPHIS,38104,TN,US,
CITY OF GREENVILLE,16492,100000046346152,100000046355130,BILL_TO,100000046341348,4084,CITY OF GREENVILLE,100000046349711,A,17073,A,1900-01-01T00:00:00.000+00:00,4712-12-31T00:00:00.000+00:00,Y,P,N,6817,PO BOX 897,,,,GREENVILLE,38702,MS,US,
AIR SPECIALTY OF SOUTH ALABAMA,16493,100000046345564,100000046354322,BILL_TO,100000046341349,4361,AIR SPECIALTY OF SOUTH ALABAMA,100000046349988,A,16485,A,1900-01-01T00:00:00.000+00:00,4712-12-31T00:00:00.000+00:00,Y,P,N,6009,PO BOX 2236,,,,SEMMES,36575,AL,US,
COOPER ELECTRIC MOTOR SERVICE,16494,100000046346153,100000046354038,BILL_TO,100000046341350,4557,COOPER ELECTRIC MOTOR SERVICE,100000046350184,A,17074,A,1900-01-01T00:00:00.000+00:00,4712-12-31T00:00:00.000+00:00,Y,P,N,5725,102 KATIE ST,,,,RICHLAND,39218,MS,US,
MBCI-CHOCTAW TRIBAL SCHOOLS,16495,100000046345241,100000046354920,BILL_TO,100000046341351,4909,MBCI-CHOCTAW TRIBAL SCHOOLS,100000046350536,A,16162,A,1900-01-01T00:00:00.000+00:00,4712-12-31T00:00:00.000+00:00,Y,P,N,6607,PO BOX 6008,,,,CHOCTAW,39350,MS,US,
AIRMECSOL,16496,100000046346154,100000046354325,BILL_TO,100000046341352,4085,AIRMECSOL,100000046349712,A,17075,A,1900-01-01T00:00:00.000+00:00,4712-12-31T00:00:00.000+00:00,Y,P,N,6012,3950 EXECUTIVE WAY,,,,MIRAMAR,33025,FL,US,
DANNY ROBERTS HEATING & AIR,16497,100000046345801,100000046354326,BILL_TO,100000046341353,5276,DANNY ROBERTS HEATING & AIR,100000046350903,A,16722,A,1900-01-01T00:00:00.000+00:00,4712-12-31T00:00:00.000+00:00,Y,P,N,6013,PO BOX 256,,,,SELMER,38375,TN,US,
ETAIROS MEMPHIS,16498,100000046345566,100000046353554,BILL_TO,100000046341354,5279,ETAIROS MEMPHIS,100000046350906,A,16487,A,1900-01-01T00:00:00.000+00:00,4712-12-31T00:00:00.000+00:00,Y,P,N,5241,3095 STONEBROOK CIR,,,,MEMPHIS,38106,TN,US,
BUILDING CRAFTS INC,16499,100000046346434,100000046353559,BILL_TO,100000046341355,4090,BUILDING CRAFTS INC,100000046349717,A,17355,A,1900-01-01T00:00:00.000+00:00,4712-12-31T00:00:00.000+00:00,Y,P,N,5246,2 ROSEWOOD DR,,,,WILDER,41076,KY,US,
ACTION INC,16500,100000046344505,100000046354926,BILL_TO,100000046341356,4917,ACTION INC,100000046350544,A,15426,A,1900-01-01T00:00:00.000+00:00,4712-12-31T00:00:00.000+00:00,N,Y,N,6613,1308 CHURCH ST,,,,BARLING,72923,AR,US,
ACTION INC,16500,100000046345569,100000046353834,BILL_TO,100000046341356,4917,ACTION INC,100000046350544,A,16490,A,1900-01-01T00:00:00.000+00:00,4712-12-31T00:00:00.000+00:00,Y,P,N,5521,PO BOX 23069,,,,BARLING,72923,AR,US,
TEMP SPAN HEAT & AIR,16501,100000046346158,100000046353560,BILL_TO,100000046341357,4918,TEMP SPAN HEAT & AIR,100000046350545,A,17079,A,1900-01-01T00:00:00.000+00:00,4712-12-31T00:00:00.000+00:00,Y,P,N,5247,201 DOYLE ST,,,,LONGVIEW,75601,TX,US,
AIRE SERV OF NORTHEAST INDIANA,16502,100000046346160,100000046353802,BILL_TO,100000046341358,4567,AIRE SERV OF NORTHEAST INDIANA,100000046350194,A,17081,A,1900-01-01T00:00:00.000+00:00,4712-12-31T00:00:00.000+00:00,Y,P,N,5489,PO BOX 15745,,,,FORT WAYNE,46885,IN,US,
FRANKLIN CO BOARD OF ED,16503,100000046345020,100000046354044,BILL_TO,100000046341359,3548,FRANKLIN CO BOARD OF ED,100000046349175,A,15941,A,1900-01-01T00:00:00.000+00:00,4712-12-31T00:00:00.000+00:00,Y,P,N,5731,PO BOX 518,,,,WINCHESTER,37398,TN,US,
PYRAMID ELECTRIC,16504,100000046344508,100000046354046,BILL_TO,100000046341360,3550,PYRAMID ELECTRIC,100000046349177,A,15429,A,1900-01-01T00:00:00.000+00:00,4712-12-31T00:00:00.000+00:00,Y,P,N,5733,7555 APPLING CENTER DR,,,,MEMPHIS,38133,TN,US,
YMCA OLIVE BRANCH,16505,100000046346438,100000046355139,BILL_TO,100000046341361,5287,YMCA OLIVE BRANCH,100000046350914,A,17359,A,1900-01-01T00:00:00.000+00:00,4712-12-31T00:00:00.000+00:00,Y,P,N,6826,7171 GOODLETT FARMS PKWY,,,,CORDOVA,38016,TN,US,
JH&M CONSTRUCTION,16506,100000046344509,100000046353563,BILL_TO,100000046341362,4101,JH&M CONSTRUCTION,100000046349728,A,15430,A,1900-01-01T00:00:00.000+00:00,4712-12-31T00:00:00.000+00:00,Y,P,N,5250,3608 W PRIEN LAKE RD,,,,LAKE CHARLES,70601,LA,US,
J G SERVICES,16507,100000046344715,100000046355140,BILL_TO,100000046341363,4095,J G SERVICES,100000046349722,A,15636,A,1900-01-01T00:00:00.000+00:00,4712-12-31T00:00:00.000+00:00,Y,P,N,6827,1575 TWO PLS,,,,MEMPHIS,38116,TN,US,
ST MICHAEL CATHOLIC CHURCH,16508,100000046345256,100000046354048,BILL_TO,100000046341364,3553,ST MICHAEL CATHOLIC CHURCH,100000046349180,A,16177,A,1900-01-01T00:00:00.000+00:00,4712-12-31T00:00:00.000+00:00,Y,P,N,5735,6045 E SHELBY DR,,,,MEMPHIS,38141,TN,US,
ALL FLORIDA MECHANICAL SERVICE,16509,100000046345257,100000046354335,BILL_TO,100000046341365,4368,ALL FLORIDA MECHANICAL SERVICE,100000046349995,A,16178,A,1900-01-01T00:00:00.000+00:00,4712-12-31T00:00:00.000+00:00,Y,P,N,6022,PO BOX 5497,,,,PLANT CITY,33563,FL,US,
METHODIST HEALTH HOME MED EQUI,16510,100000046344717,100000046354101,BILL_TO,100000046341366,5288,METHODIST HEALTH HOME MED EQUI,100000046350915,A,15638,A,1900-01-01T00:00:00.000+00:00,4712-12-31T00:00:00.000+00:00,Y,P,N,5788,6400 SHELBY VIEW DR,,,,MEMPHIS,38134,TN,US,
APEX MECHANICAL SOLUTIONS LLC,16511,100000046344718,100000046354475,BILL_TO,100000046341367,4925,APEX MECHANICAL SOLUTIONS LLC,100000046350552,A,15639,A,1900-01-01T00:00:00.000+00:00,4712-12-31T00:00:00.000+00:00,Y,P,N,6162,3821 HOMEWOOD RD,,,,MEMPHIS,38118,TN,US,
VA MEDICAL CENTER,16512,100000046344719,100000046353837,BILL_TO,100000046341368,4366,VA MEDICAL CENTER,100000046349993,A,15640,A,1900-01-01T00:00:00.000+00:00,4712-12-31T00:00:00.000+00:00,Y,P,N,5524,1030 JEFFERSON AVE,,,,MEMPHIS,38104,TN,US,
BERGER ENGINEERING COMPANY,16513,100000046345146,100000046354227,BILL_TO,100000046341369,4782,BERGER ENGINEERING COMPANY,100000046350409,A,16067,A,1900-01-01T00:00:00.000+00:00,4712-12-31T00:00:00.000+00:00,Y,P,N,5914,1617 W CROSBY RD,,,,CARROLLTON,75006,TX,US,
HAMPTON INN & SUITES,16514,100000046345147,100000046354658,BILL_TO,100000046341370,4236,HAMPTON INN & SUITES,100000046349863,A,16068,A,1900-01-01T00:00:00.000+00:00,4712-12-31T00:00:00.000+00:00,Y,P,N,6345,2728 ZUNI ST,,,,DENVER,80211,CO,US,
SCHAIBLES MECHANICAL,16515,100000046344536,100000046354659,BILL_TO,100000046341371,4237,SCHAIBLES MECHANICAL,100000046349864,A,15457,A,1900-01-01T00:00:00.000+00:00,4712-12-31T00:00:00.000+00:00,Y,P,N,6346,241 VAN SYCKLES RD,,,,HAMPTON,08827,NJ,US,
SVL INC,16516,100000046346565,100000046355201,BILL_TO,100000046341372,5138,SVL INC,100000046350765,A,17486,A,1900-01-01T00:00:00.000+00:00,4712-12-31T00:00:00.000+00:00,Y,P,N,6888,2920 CENTRE POINTE DR,,,,ROSEVILLE,55113,MN,US,
ARNOLD FABRICATING & MACHINE,16517,100000046346303,100000046354229,BILL_TO,100000046341373,4783,ARNOLD FABRICATING & MACHINE,100000046350410,A,17224,A,1900-01-01T00:00:00.000+00:00,4712-12-31T00:00:00.000+00:00,Y,P,N,5916,3333 REYNOLDSBURG RD,,,,CAMDEN,38350,TN,US,
H & H SERVICES GROUP,16518,100000046346308,100000046353356,BILL_TO,100000046341374,4786,H & H SERVICES GROUP,100000046350413,A,17229,A,1900-01-01T00:00:00.000+00:00,4712-12-31T00:00:00.000+00:00,Y,P,N,5043,PO BOX 1407,,,,SOUTHAVEN,38671,MS,US,
GOODMAN MECHANICAL LLC,16519,100000046346568,100000046355400,BILL_TO,100000046341375,3955,GOODMAN MECHANICAL LLC,100000046349582,A,17489,A,1900-01-01T00:00:00.000+00:00,4712-12-31T00:00:00.000+00:00,Y,P,N,7087,10909 FOX GLEN DR,,,,HERNANDO,38632,MS,US,
STERIGENICS US,16520,100000046346569,100000046354827,BILL_TO,100000046341376,3956,STERIGENICS US,100000046349583,A,17490,A,1900-01-01T00:00:00.000+00:00,4712-12-31T00:00:00.000+00:00,Y,P,N,6514,1700 N COLLEGE BLVD,,,,WEST MEMPHIS,72301,AR,US,
GABRILSON INDOOR CLIMATE SOLUT,16521,100000046345404,100000046355401,BILL_TO,100000046341377,4243,GABRILSON INDOOR CLIMATE SOLUT,100000046349870,A,16325,A,1900-01-01T00:00:00.000+00:00,4712-12-31T00:00:00.000+00:00,Y,P,N,7088,5442 CAREY AVE,,,,DAVENPORT,52807,IA,US,
RELIABLE MECHANICAL SERVICES,16522,100000046344899,100000046354231,BILL_TO,100000046341378,4722,RELIABLE MECHANICAL SERVICES,100000046350349,A,15820,A,1900-01-01T00:00:00.000+00:00,4712-12-31T00:00:00.000+00:00,Y,P,N,5918,1025 W COUCHMAN DR,,,,KEARNEY,64060,MO,US,
THE DELTA SCHOOL,16523,100000046345406,100000046354666,BILL_TO,100000046341379,3958,THE DELTA SCHOOL,100000046349585,A,16327,A,1900-01-01T00:00:00.000+00:00,4712-12-31T00:00:00.000+00:00,Y,P,N,6353,5101 HWY 61,,,,WILSON,72395,AR,US,
NEXGEN,16524,100000046346575,100000046353680,BILL_TO,100000046341380,4244,NEXGEN,100000046349871,A,17496,A,1900-01-01T00:00:00.000+00:00,4712-12-31T00:00:00.000+00:00,Y,P,N,5367,1333-A AZALEA GARDEN RD,,,,NORFOLK,23502,VA,US,
RICHARDSON WELDING,16525,100000046345409,100000046353250,BILL_TO,100000046341381,3408,RICHARDSON WELDING,100000046349035,A,16330,A,1900-01-01T00:00:00.000+00:00,4712-12-31T00:00:00.000+00:00,Y,P,N,4937,29 LINDA DR,,,,BATESVILLE,72501,AR,US,
RIVER INN,16526,100000046344906,100000046354878,BILL_TO,100000046341382,4729,RIVER INN,100000046350356,A,15827,A,1900-01-01T00:00:00.000+00:00,4712-12-31T00:00:00.000+00:00,Y,P,N,6565,50 HARBOR TOWN SQUARE,,,,MEMPHIS,38103,TN,US,
BLUFF CITY METALWORKS,16527,100000046344551,100000046353687,BILL_TO,100000046341383,4230,BLUFF CITY METALWORKS,100000046349857,A,15472,A,1900-01-01T00:00:00.000+00:00,4712-12-31T00:00:00.000+00:00,Y,P,N,5374,1985 VANDERHORN,,,,MEMPHIS,38134,TN,US,
NABCO M & E INC,16528,100000046344907,100000046353254,BILL_TO,100000046341384,5155,NABCO M & E INC,100000046350782,A,15828,A,1900-01-01T00:00:00.000+00:00,4712-12-31T00:00:00.000+00:00,Y,P,N,4941,PO BOX 1547,,,,CONWAY,72033,AR,US,
CL BRADDY HEATING & AIR,16529,100000046345165,100000046353256,BILL_TO,100000046341385,3412,CL BRADDY HEATING & AIR,100000046349039,A,16086,A,1900-01-01T00:00:00.000+00:00,4712-12-31T00:00:00.000+00:00,Y,P,N,4943,1459 ROCK CREEK RD SW,,,,CALHOUN,30701,GA,US,
SOUTH COAST MECHANICAL,16530,100000046346584,100000046353689,BILL_TO,100000046341386,3413,SOUTH COAST MECHANICAL,100000046349040,A,17505,A,1900-01-01T00:00:00.000+00:00,4712-12-31T00:00:00.000+00:00,Y,P,N,5376,800 E ORANGETHORPE AVE,,,,ANAHEIM,92801,CA,US,
HOOK MOUNTAIN ASSOCIATES LLC,16531,100000046345166,100000046353365,BILL_TO,100000046341387,3729,HOOK MOUNTAIN ASSOCIATES LLC,100000046349356,A,16087,A,1900-01-01T00:00:00.000+00:00,4712-12-31T00:00:00.000+00:00,Y,P,N,5052,113 BROADWAY,,,,NEWARK,07104,NJ,US,
MEMPHIS AIR CONDITIONING & HEAT,16532,100000046345418,100000046353260,BILL_TO,100000046341388,4254,MEMPHIS AIR CONDITIONING & HEAT,100000046349881,A,16339,A,1900-01-01T00:00:00.000+00:00,4712-12-31T00:00:00.000+00:00,Y,P,N,4947,2125 HILLSHIRE CIR,,,,MEMPHIS,38133,TN,US,
TRINITY MANAGEMENT,16533,100000046346320,100000046354883,BILL_TO,100000046341389,3734,TRINITY MANAGEMENT,100000046349361,A,17241,A,1900-01-01T00:00:00.000+00:00,4712-12-31T00:00:00.000+00:00,Y,P,N,6570,7130 GOODLETT FARMS PKWY,,,,CORDOVA,38016,TN,US,
TUDI MECH SYSTEMS OF TAM,16534,100000046345425,100000046353267,BILL_TO,100000046341390,3969,TUDI MECH SYSTEMS OF TAM,100000046349596,A,16346,A,1900-01-01T00:00:00.000+00:00,4712-12-31T00:00:00.000+00:00,Y,P,N,4954,343 MUNSON AVE,,,,MCKEES ROCKS,15136,PA,US,
EVANS PLUMBING & A/C,16535,100000046346007,100000046353272,BILL_TO,100000046341391,3418,EVANS PLUMBING & A/C,100000046349045,A,16928,A,1900-01-01T00:00:00.000+00:00,4712-12-31T00:00:00.000+00:00,Y,P,N,4959,PO BOX 175,,,,HAMILTON,39746,MS,US,
SILVER HOME SOLUTIONS,16536,100000046345430,100000046353274,BILL_TO,100000046341392,4259,SILVER HOME SOLUTIONS,100000046349886,A,16351,A,1900-01-01T00:00:00.000+00:00,4712-12-31T00:00:00.000+00:00,Y,P,N,4961,109 HUNTER CT,,,,GUYTON,31312,GA,US,
FERGUSON ENTERPRISES,16537,100000046345431,100000046355265,BILL_TO,100000046341393,4263,FERGUSON ENTERPRISES,100000046349890,A,16352,A,1900-01-01T00:00:00.000+00:00,4712-12-31T00:00:00.000+00:00,N,Y,N,6952,PO BOX 9406,,,,HAMPTON,23870-0406,VA,US,
FERGUSON ENTERPRISES,16537,100000046346011,100000046354279,BILL_TO,100000046341393,4263,FERGUSON ENTERPRISES,100000046349890,A,16932,A,1900-01-01T00:00:00.000+00:00,4712-12-31T00:00:00.000+00:00,N,Y,N,5966,12500 JEFFERSON AVE,,,,NEWPORT NEWS,23602,VA,US,
FERGUSON ENTERPRISES,16537,100000046346012,100000046354263,BILL_TO,100000046341393,4263,FERGUSON ENTERPRISES,100000046349890,A,16933,A,1900-01-01T00:00:00.000+00:00,4712-12-31T00:00:00.000+00:00,Y,P,N,5950,971 SHAVER ST,,,,SPRINGDALE,72762,AR,US,
SIMPSON CONSTRUCTION,16538,100000046346594,100000046353277,BILL_TO,100000046341394,4264,SIMPSON CONSTRUCTION,100000046349891,A,17515,A,1900-01-01T00:00:00.000+00:00,4712-12-31T00:00:00.000+00:00,Y,P,N,4964,4171 STEELE ST,,,,MEMPHIS,38127,TN,US,
VALLEY SHEET METAL WORKS,16539,100000046344575,100000046353384,BILL_TO,100000046341395,4805,VALLEY SHEET METAL WORKS,100000046350432,A,15496,A,1900-01-01T00:00:00.000+00:00,4712-12-31T00:00:00.000+00:00,Y,P,N,5071,1109 MARTIN ST,,,,WATER VALLEY,38965,MS,US,
WALLER HEATING & AIR,16540,100000046346016,100000046354889,BILL_TO,100000046341396,5170,WALLER HEATING & AIR,100000046350797,A,16937,A,1900-01-01T00:00:00.000+00:00,4712-12-31T00:00:00.000+00:00,Y,P,N,6576,PO BOX 341702,,,,BARTLETT,38184,TN,US,
RAM HOTELS,16541,100000046346017,100000046354688,BILL_TO,100000046341397,4806,RAM HOTELS,100000046350433,A,16938,A,1900-01-01T00:00:00.000+00:00,4712-12-31T00:00:00.000+00:00,Y,P,N,6375,21 PRESTWICK LN,,,,AMARILLO,79124,TX,US,
VA MEDICAL CENTER JACKSON,16542,100000046346330,100000046354689,BILL_TO,100000046341398,3452,VA MEDICAL CENTER JACKSON,100000046349079,A,17251,A,1900-01-01T00:00:00.000+00:00,4712-12-31T00:00:00.000+00:00,Y,P,N,6376,1500 E WOODROW WILSON,,,,JACKSON,39216,MS,US,
PPG INDUSTRIES,16543,100000046346542,100000046354199,BILL_TO,100000046341399,5106,PPG INDUSTRIES,100000046350733,A,17463,A,1900-01-01T00:00:00.000+00:00,4712-12-31T00:00:00.000+00:00,Y,P,N,5886,11605 VIMY RIDGE RD,,,,ALEXANDER,72002,AR,US,
ARKANSAS TECH UNIVERSITY,16544,100000046345373,100000046354570,BILL_TO,100000046341400,4698,ARKANSAS TECH UNIVERSITY,100000046350325,A,16294,A,1900-01-01T00:00:00.000+00:00,4712-12-31T00:00:00.000+00:00,Y,P,N,6257,1505 N BOULDER AVE,,,,RUSSELLVILLE,72801-7961,AR,US,
ENERGY AIR INC,16545,100000046345365,100000046355331,BILL_TO,100000046341401,3935,ENERGY AIR INC,100000046349562,A,16286,A,1900-01-01T00:00:00.000+00:00,4712-12-31T00:00:00.000+00:00,Y,P,N,7018,5401 ENERGY AIR CT,,,,ORLANDO,32810,FL,US,
UNION CITY SURGERY CENTER,16546,100000046345366,100000046354204,BILL_TO,100000046341402,4203,UNION CITY SURGERY CENTER,100000046349830,A,16287,A,1900-01-01T00:00:00.000+00:00,4712-12-31T00:00:00.000+00:00,Y,P,N,5891,1722 E REELFOOT AVE,,,,UNION CITY,38261,TN,US,
GRAHAM A/C SERVICE LLC,16547,100000046346544,100000046355175,BILL_TO,100000046341403,3677,GRAHAM A/C SERVICE LLC,100000046349304,A,17465,A,1900-01-01T00:00:00.000+00:00,4712-12-31T00:00:00.000+00:00,Y,P,N,6862,PO BOX 1845,,,,RIDGELAND,39158,MS,US,
THE DISTRICT AT EASTOVER,16548,100000046346298,100000046354792,BILL_TO,100000046341404,5110,THE DISTRICT AT EASTOVER,100000046350737,A,17219,A,1900-01-01T00:00:00.000+00:00,4712-12-31T00:00:00.000+00:00,Y,P,N,6479,300 CONCOURSE BLVD STE 105,,,,RIDGELAND,39157,MS,US,
MOXY MEMPHIS,16549,100000046345931,100000046354206,BILL_TO,100000046341405,4766,MOXY MEMPHIS,100000046350393,A,16852,A,1900-01-01T00:00:00.000+00:00,4712-12-31T00:00:00.000+00:00,Y,P,N,5893,40 N FRONT ST,,,,MEMPHIS,38103,TN,US,
ED'S SUPPLY,16550,100000046344874,100000046354794,BILL_TO,100000046341406,5113,ED'S SUPPLY,100000046350740,A,15795,A,1900-01-01T00:00:00.000+00:00,4712-12-31T00:00:00.000+00:00,Y,P,N,6481,133 N CONALCO DR,,,,JACKSON,38301,TN,US,
OWENS SERVICES,16551,100000046345961,100000046353646,BILL_TO,100000046341407,4705,OWENS SERVICES,100000046350332,A,16882,A,1900-01-01T00:00:00.000+00:00,4712-12-31T00:00:00.000+00:00,Y,P,N,5333,1349 N REDBANKS RD,,,,RED BANKS,38661,MS,US,
JACKSON STATE COMMUNITY COLLEGE,16552,100000046346553,100000046354209,BILL_TO,100000046341408,4207,JACKSON STATE COMMUNITY COLLEGE,100000046349834,A,17474,A,1900-01-01T00:00:00.000+00:00,4712-12-31T00:00:00.000+00:00,Y,P,N,5896,2046 N PKWY,,,,JACKSON,38301-3797,TN,US,
AHA MECHANICAL CONTRACTORS LLC,16553,100000046344522,100000046353653,BILL_TO,100000046341409,4460,AHA MECHANICAL CONTRACTORS LLC,100000046350087,A,15443,A,1900-01-01T00:00:00.000+00:00,4712-12-31T00:00:00.000+00:00,Y,P,N,5340,40 WINDGROVE COVE,,,,PIPERTON,38017,TN,US,
SYNOVOS,16554,100000046345941,100000046354803,BILL_TO,100000046341410,3383,SYNOVOS,100000046349010,A,16862,A,1900-01-01T00:00:00.000+00:00,4712-12-31T00:00:00.000+00:00,Y,P,N,6490,16888 STATE ROUTE 706,,,,MONTROSE,18801,PA,US,
METRO MECHANICAL INC,16555,100000046345135,100000046355192,BILL_TO,100000046341411,4462,METRO MECHANICAL INC,100000046350089,A,16056,A,1900-01-01T00:00:00.000+00:00,4712-12-31T00:00:00.000+00:00,Y,P,N,6879,PO BOX 368,,,,BOLTON,39041,MS,US,
H & W CONSTRUCTION COMPANY INC,16556,100000046345691,100000046353657,BILL_TO,100000046341412,3388,H & W CONSTRUCTION COMPANY INC,100000046349015,A,16612,A,1900-01-01T00:00:00.000+00:00,4712-12-31T00:00:00.000+00:00,Y,P,N,5344,1025 MARTINSBURG PIKE,,,,WINCHESTER,22603,VA,US,
ELECTRICAL CONTRACTORS INC,16557,100000046345395,100000046354813,BILL_TO,100000046341413,3391,ELECTRICAL CONTRACTORS INC,100000046349018,A,16316,A,1900-01-01T00:00:00.000+00:00,4712-12-31T00:00:00.000+00:00,Y,P,N,6500,3412 WINBROOK,,,,MEMPHIS,38116,TN,US,
MASTER REFRIGERATION,16558,100000046344887,100000046353663,BILL_TO,100000046341414,5125,MASTER REFRIGERATION,100000046350752,A,15808,A,1900-01-01T00:00:00.000+00:00,4712-12-31T00:00:00.000+00:00,Y,P,N,5350,1318 UNDERWOOD RD,,,,LA PORTE,77571,TX,US,
NANCE MECHANICAL,16559,100000046345977,100000046353665,BILL_TO,100000046341415,5128,NANCE MECHANICAL,100000046350755,A,16898,A,1900-01-01T00:00:00.000+00:00,4712-12-31T00:00:00.000+00:00,Y,P,N,5352,1695 BARCREST RD,,,,MEMPHIS,38134,TN,US,
WOODS HVAC LLC,16560,100000046346561,100000046355390,BILL_TO,100000046341416,5129,WOODS HVAC LLC,100000046350756,A,17482,A,1900-01-01T00:00:00.000+00:00,4712-12-31T00:00:00.000+00:00,Y,P,N,7077,105 EDWARDS RD,,,,BYHALIA,38611,MS,US,
WILLIAMS EQUIPMENT & SUPPLY,16561,100000046344890,100000046353666,BILL_TO,100000046341417,4214,WILLIAMS EQUIPMENT & SUPPLY,100000046349841,A,15811,A,1900-01-01T00:00:00.000+00:00,4712-12-31T00:00:00.000+00:00,Y,P,N,5353,3821 NEW GETWELL RD,,,,MEMPHIS,38118,TN,US,
INDUSTRIAL PIPE & SUPPLY,16562,100000046344891,100000046353299,BILL_TO,100000046341418,3393,INDUSTRIAL PIPE & SUPPLY,100000046349020,A,15812,A,1900-01-01T00:00:00.000+00:00,4712-12-31T00:00:00.000+00:00,Y,P,N,4986,209 ADAMS ST,,,,CABOT,72023,AR,US,
SAFEAIRE HEATING & COOLING,16563,100000046344530,100000046354220,BILL_TO,100000046341419,5130,SAFEAIRE HEATING & COOLING,100000046350757,A,15451,A,1900-01-01T00:00:00.000+00:00,4712-12-31T00:00:00.000+00:00,Y,P,N,5907,3199 PALMYRA RD,,,,ALBANY,31707,GA,US,
SIEGEN HOSPITALITY ENTERPRISE,16564,100000046345978,100000046353352,BILL_TO,100000046341420,5131,SIEGEN HOSPITALITY ENTERPRISE,100000046350758,A,16899,A,1900-01-01T00:00:00.000+00:00,4712-12-31T00:00:00.000+00:00,Y,P,N,5039,10989 SIEGEN HOLIDAY CIR,,,,BATON ROUGE,70809,LA,US,
DCI,16565,100000046344893,100000046354223,BILL_TO,100000046341421,3951,DCI,100000046349578,A,15814,A,1900-01-01T00:00:00.000+00:00,4712-12-31T00:00:00.000+00:00,Y,P,N,5910,2163 AIRWAYS BLVD,,,,MEMPHIS,38114,TN,US,
MS STATE PORT AUTHORITY,16566,100000046345952,100000046355199,BILL_TO,100000046341422,4215,MS STATE PORT AUTHORITY,100000046349842,A,16873,A,1900-01-01T00:00:00.000+00:00,4712-12-31T00:00:00.000+00:00,Y,P,N,6886,PO BOX 40,,,,GULFPORT,39502,MS,US,
CHEROKEE BUILDING MATERIALS,16567,100000046346301,100000046355391,BILL_TO,100000046341423,4216,CHEROKEE BUILDING MATERIALS,100000046349843,A,17222,A,1900-01-01T00:00:00.000+00:00,4712-12-31T00:00:00.000+00:00,Y,P,N,7078,350 HERMITAGE AVE,,,,NASHVILLE,37210,TN,US,
NEW REST LLC,16568,100000046345142,100000046354225,BILL_TO,100000046341424,4718,NEW REST LLC,100000046350345,A,16063,A,1900-01-01T00:00:00.000+00:00,4712-12-31T00:00:00.000+00:00,Y,P,N,5912,301 S FRONT ST,,,,MEMPHIS,38103,TN,US,
CRAWFORD ELECTRIC,16569,100000046344533,100000046354820,BILL_TO,100000046341425,4217,CRAWFORD ELECTRIC,100000046349844,A,15454,A,1900-01-01T00:00:00.000+00:00,4712-12-31T00:00:00.000+00:00,Y,P,N,6507,1159 HWY 45 BYPASS,,,,JACKSON,38301,TN,US,
KEY DESTIN,16570,100000046345982,100000046353354,BILL_TO,100000046341426,3690,KEY DESTIN,100000046349317,A,16903,A,1900-01-01T00:00:00.000+00:00,4712-12-31T00:00:00.000+00:00,Y,P,N,5041,1625 HWY 98 E,,,,DESTIN,32541,FL,US,
U & I SUPPLY CO,16571,100000046345403,100000046353244,BILL_TO,100000046341427,4241,U & I SUPPLY CO,100000046349868,A,16324,A,1900-01-01T00:00:00.000+00:00,4712-12-31T00:00:00.000+00:00,Y,P,N,4931,11102 HIGH POINT RD,,,,BENTON,72019-7315,AR,US,
DANIELL AIR & ELECTRIC INC,16572,100000046345150,100000046354825,BILL_TO,100000046341428,3402,DANIELL AIR & ELECTRIC INC,100000046349029,A,16071,A,1900-01-01T00:00:00.000+00:00,4712-12-31T00:00:00.000+00:00,Y,P,N,6512,102B TROOPER DR,,,,HOT SPRINGS,71913,AR,US,
CHESSER HEATING & AIR,16573,100000046344825,100000046353615,BILL_TO,100000046341429,4985,CHESSER HEATING & AIR,100000046350612,A,15746,A,1900-01-01T00:00:00.000+00:00,4712-12-31T00:00:00.000+00:00,Y,P,N,5302,200 N LEE ST,,,,KINGSLAN,31548,GA,US,
ED'S SUPPLY COMPANY NASHVILLE,16574,100000046344767,100000046353616,BILL_TO,100000046341430,3876,ED'S SUPPLY COMPANY NASHVILLE,100000046349503,A,15688,A,1900-01-01T00:00:00.000+00:00,4712-12-31T00:00:00.000+00:00,Y,P,N,5303,PO BOX 23130,,,,NASHVILLE,37202,TN,US,
CONDITIONED AIR SYSTEMS INC,16575,100000046344768,100000046354095,BILL_TO,100000046341431,4986,CONDITIONED AIR SYSTEMS INC,100000046350613,A,15689,A,1900-01-01T00:00:00.000+00:00,4712-12-31T00:00:00.000+00:00,Y,P,N,5782,2410 HILTON WAY SW,,,,GAINESVILLE,30501,GA,US,
KROGER/KPS LLC,16576,100000046344770,100000046353886,BILL_TO,100000046341432,3881,KROGER/KPS LLC,100000046349508,A,15691,A,1900-01-01T00:00:00.000+00:00,4712-12-31T00:00:00.000+00:00,Y,P,N,5573,PO BOX 1878,,,,MEMPHIS,38101-1878,TN,US,
HOTEL CHESTER,16577,100000046346231,100000046353621,BILL_TO,100000046341433,4990,HOTEL CHESTER,100000046350617,A,17152,A,1900-01-01T00:00:00.000+00:00,4712-12-31T00:00:00.000+00:00,Y,P,N,5308,101 N JACKSON ST,,,,STARKVILLE,39759,MS,US,
HOUMA20 HOSPITALITY LLC,16578,100000046345316,100000046353888,BILL_TO,100000046341434,4161,HOUMA20 HOSPITALITY LLC,100000046349788,A,16237,A,1900-01-01T00:00:00.000+00:00,4712-12-31T00:00:00.000+00:00,Y,P,N,5575,1728 MARTIN LUTHER KING BLVD,,,,HOUMA,70360,LA,US,
AFFORDABLE REFRIGERATION,16579,100000046345861,100000046355085,BILL_TO,100000046341435,3616,AFFORDABLE REFRIGERATION,100000046349243,A,16782,A,1900-01-01T00:00:00.000+00:00,4712-12-31T00:00:00.000+00:00,Y,P,N,6772,315 DES JACQUES RD,,,,LAFAYETTE,70506,LA,US,
RED DOT CORPORATION,16580,100000046344832,100000046354579,BILL_TO,100000046341436,5325,RED DOT CORPORATION,100000046350952,A,15753,A,1900-01-01T00:00:00.000+00:00,4712-12-31T00:00:00.000+00:00,Y,P,N,6266,2504 E MAIN AVE,,,,PUYALLUP,98372,WA,US,
1385 CORPORATE AVENUE LLC,16581,100000046345320,100000046353892,BILL_TO,100000046341437,4163,1385 CORPORATE AVENUE LLC,100000046349790,A,16241,A,1900-01-01T00:00:00.000+00:00,4712-12-31T00:00:00.000+00:00,Y,P,N,5579,6363 POPLAR AVE STE 400,,,,MEMPHIS,38119,TN,US,
WHITFIELD ELECTRIC,16582,100000046346498,100000046355088,BILL_TO,100000046341438,4996,WHITFIELD ELECTRIC,100000046350623,A,17419,A,1900-01-01T00:00:00.000+00:00,4712-12-31T00:00:00.000+00:00,Y,P,N,6775,222 KAPIK RD,,,,HERNANDO,38632,MS,US,
1ST CHOICE MECHANICAL,16583,100000046345628,100000046355090,BILL_TO,100000046341439,5025,1ST CHOICE MECHANICAL,100000046350652,A,16549,A,1900-01-01T00:00:00.000+00:00,4712-12-31T00:00:00.000+00:00,Y,P,N,6777,6232 BEACH ST,,,,DENVER,80221,CO,US,
ROBERT MADDEN IND DBA DS HERRO,16584,100000046345868,100000046353895,BILL_TO,100000046341440,5026,ROBERT MADDEN IND DBA DS HERRO,100000046350653,A,16789,A,1900-01-01T00:00:00.000+00:00,4712-12-31T00:00:00.000+00:00,Y,P,N,5582,6021 43RD ST,,,,LUBBOCK,79407,TX,US,
HUDSON TECHNOLOGIES,16585,100000046346502,100000046353629,BILL_TO,100000046341441,5003,HUDSON TECHNOLOGIES,100000046350630,A,17423,A,1900-01-01T00:00:00.000+00:00,4712-12-31T00:00:00.000+00:00,Y,P,N,5316,PO BOX 1541,,,,PEARL RIVER,10965,NY,US,
UNIVERSITY OF CENTRAL ARKANSAS,16586,100000046345635,100000046354159,BILL_TO,100000046341442,5342,UNIVERSITY OF CENTRAL ARKANSAS,100000046350969,A,16556,A,1900-01-01T00:00:00.000+00:00,4712-12-31T00:00:00.000+00:00,Y,P,N,5846,PHYSICAL PLANT 1ST FL,,,,CONWAY,72035,AR,US,
PRINTPACK INC,16587,100000046346254,100000046354720,BILL_TO,100000046341443,4173,PRINTPACK INC,100000046349800,A,17175,A,1900-01-01T00:00:00.000+00:00,4712-12-31T00:00:00.000+00:00,Y,P,N,6407,727 ANGLINE LN,,,,JACKSON,38301,TN,US,
CHARMS LLC,16588,100000046346258,100000046353898,BILL_TO,100000046341444,4660,CHARMS LLC,100000046350287,A,17179,A,1900-01-01T00:00:00.000+00:00,4712-12-31T00:00:00.000+00:00,Y,P,N,5585,PO BOX 687,,,,COVINGTON,38019,TN,US,
GARRETT SUPPLY CO,16589,100000046346507,100000046354164,BILL_TO,100000046341445,4176,GARRETT SUPPLY CO,100000046349803,A,17428,A,1900-01-01T00:00:00.000+00:00,4712-12-31T00:00:00.000+00:00,Y,P,N,5851,5209 PLEASANT VIEW RD,,,,MEMPHIS,38134,TN,US,
STATE OF TENNESSEE,16590,100000046346262,100000046354722,BILL_TO,100000046341446,5013,STATE OF TENNESSEE,100000046350640,A,17183,A,1900-01-01T00:00:00.000+00:00,4712-12-31T00:00:00.000+00:00,Y,P,N,6409,710 JAMES ROBERTSON PKWY,,,,NASHVILLE,37243,TN,US,
TJ AIR CONDITIONING & HEAT,16591,100000046345644,100000046354725,BILL_TO,100000046341447,4667,TJ AIR CONDITIONING & HEAT,100000046350294,A,16565,A,1900-01-01T00:00:00.000+00:00,4712-12-31T00:00:00.000+00:00,Y,P,N,6412,1209 DANCYVILLE RD,,,,STANTON,38069,TN,US,
BAYER,16592,100000046346264,100000046354603,BILL_TO,100000046341448,3634,BAYER,100000046349261,A,17185,A,1900-01-01T00:00:00.000+00:00,4712-12-31T00:00:00.000+00:00,Y,P,N,6290,2303 PLEASANT VALLEY,,,,UNION CITY,38261,TN,US,
BUZZELL PLUMBING HTG A/C,16593,100000046346269,100000046355106,BILL_TO,100000046341449,3642,BUZZELL PLUMBING HTG A/C,100000046349269,A,17190,A,1900-01-01T00:00:00.000+00:00,4712-12-31T00:00:00.000+00:00,Y,P,N,6793,4811 RUSSELL PKWY,,,,WARNER ROBINS,31088,GA,US,
S & S ELECTRIC COMPANY,16594,100000046346511,100000046355303,BILL_TO,100000046341450,4181,S & S ELECTRIC COMPANY,100000046349808,A,17432,A,1900-01-01T00:00:00.000+00:00,4712-12-31T00:00:00.000+00:00,Y,P,N,6990,PO BOX 18416,,,,MEMPHIS,38181,TN,US,
MIKE PATEL,16595,100000046346270,100000046354729,BILL_TO,100000046341451,3644,MIKE PATEL,100000046349271,A,17191,A,1900-01-01T00:00:00.000+00:00,4712-12-31T00:00:00.000+00:00,Y,P,N,6416,8004 WINBROOK DR,,,,BENBROOK,76126,TX,US,
UNIVERSITY OF MISS MEDICAL CTR,16596,100000046345651,100000046354610,BILL_TO,100000046341452,5351,UNIVERSITY OF MISS MEDICAL CTR,100000046350978,A,16572,A,1900-01-01T00:00:00.000+00:00,4712-12-31T00:00:00.000+00:00,Y,P,N,6297,2500 N STATE ST,,,,JACKSON,39216-4505,MS,US,
BRISLIN INC,16597,100000046345890,100000046353306,BILL_TO,100000046341453,5039,BRISLIN INC,100000046350666,A,16811,A,1900-01-01T00:00:00.000+00:00,4712-12-31T00:00:00.000+00:00,Y,P,N,4993,4051 MILITARY RD,,,,COLUMBUS,39705,MS,US,
CCL LABEL,16598,100000046346274,100000046354732,BILL_TO,100000046341454,5042,CCL LABEL,100000046350669,A,17195,A,1900-01-01T00:00:00.000+00:00,4712-12-31T00:00:00.000+00:00,Y,P,N,6419,670 PROGRESS RD,,,,COLLIERVILLE,38017,TN,US,
YMCA OF MEMPHIS & THE MID SOUT,16599,100000046345346,100000046353313,BILL_TO,100000046341455,4184,YMCA OF MEMPHIS & THE MID SOUT,100000046349811,A,16267,A,1900-01-01T00:00:00.000+00:00,4712-12-31T00:00:00.000+00:00,Y,P,N,5000,7171 GOODLETT FARMS PKWY,,,,CORDOVA,38016,TN,US,
ENVIRONMENT MASTERS,16600,100000046346278,100000046354613,BILL_TO,100000046341456,5056,ENVIRONMENT MASTERS,100000046350683,A,17199,A,1900-01-01T00:00:00.000+00:00,4712-12-31T00:00:00.000+00:00,N,Y,N,6300,PO BOX 1015,,,,JACKSON,39215,MS,US,
ENVIRONMENT MASTERS,16600,100000046346517,100000046353910,BILL_TO,100000046341456,5056,ENVIRONMENT MASTERS,100000046350683,A,17438,A,1900-01-01T00:00:00.000+00:00,4712-12-31T00:00:00.000+00:00,Y,P,N,5597,168 E PORTER ST,,,,JACKSON,39201,MS,US,
RING CONTAINER TECHNOLOGIES,16601,100000046345081,100000046353315,BILL_TO,100000046341457,4743,RING CONTAINER TECHNOLOGIES,100000046350370,A,16002,A,1900-01-01T00:00:00.000+00:00,4712-12-31T00:00:00.000+00:00,Y,P,N,5002,1 INDUSTRIAL PARK BLVD,,,,OAKLAND,38060,TN,US,
FRANK B GIANOTTI,16602,100000046344861,100000046354619,BILL_TO,100000046341458,3652,FRANK B GIANOTTI,100000046349279,A,15782,A,1900-01-01T00:00:00.000+00:00,4712-12-31T00:00:00.000+00:00,Y,P,N,6306,75 HARBOR COMMONS DR,,,,MEMPHIS,38103,TN,US,
GRINER DRILLING SERVICE INC,16603,100000046346445,100000046354338,BILL_TO,100000046341459,4108,GRINER DRILLING SERVICE INC,100000046349735,A,17366,A,1900-01-01T00:00:00.000+00:00,4712-12-31T00:00:00.000+00:00,Y,P,N,6025,PO DRAWER 825,,,,COLUMBIA,39429,MS,US,
COLUMBUS AIR FORCE BASE-RAPC,16604,100000046345262,100000046353839,BILL_TO,100000046341460,3366,COLUMBUS AIR FORCE BASE-RAPC,100000046348993,A,16183,A,1900-01-01T00:00:00.000+00:00,4712-12-31T00:00:00.000+00:00,Y,P,N,5526,108 SIMLER BLVD,,,,COLUMBUS,39710,MS,US,
ST JUDE CHILDREN'S HOSPITAL,16605,100000046344721,100000046354055,BILL_TO,100000046341461,3557,ST JUDE CHILDREN'S HOSPITAL,100000046349184,A,15642,A,1900-01-01T00:00:00.000+00:00,4712-12-31T00:00:00.000+00:00,Y,P,N,5742,262 DANNY THOMAS PL,,,,MEMPHIS,38105-3678,TN,US,
TRI STAR COMPANIES INC,16606,100000046345817,100000046353575,BILL_TO,100000046341462,4110,TRI STAR COMPANIES INC,100000046349737,A,16738,A,1900-01-01T00:00:00.000+00:00,4712-12-31T00:00:00.000+00:00,Y,P,N,5262,910 KEATING RD,,,,BATESVILLE,38606,MS,US,
ADP MANUFACTURING,16607,100000046344723,100000046354058,BILL_TO,100000046341463,3371,ADP MANUFACTURING,100000046348998,A,15644,A,1900-01-01T00:00:00.000+00:00,4712-12-31T00:00:00.000+00:00,Y,P,N,5745,1995 AIR INDUSTRIAL PARK RD,,,,GRENADA,38901,MS,US,
BUFORD PLUMBING CO INC,16608,100000046344726,100000046354113,BILL_TO,100000046341464,4379,BUFORD PLUMBING CO INC,100000046350006,A,15647,A,1900-01-01T00:00:00.000+00:00,4712-12-31T00:00:00.000+00:00,Y,P,N,5800,5625 HWY 18 W,,,,JACKSON,39209,MS,US,
HOLIDAY INN HOTEL & SUITES,16609,100000046345273,100000046354521,BILL_TO,100000046341465,4617,HOLIDAY INN HOTEL & SUITES,100000046350244,A,16194,A,1900-01-01T00:00:00.000+00:00,4712-12-31T00:00:00.000+00:00,Y,P,N,6208,2751 NEW BRUNSWICK RD,,,,MEMPHIS,38133,TN,US,
DELTA T MECHANICAL,16610,100000046344729,100000046354061,BILL_TO,100000046341466,4386,DELTA T MECHANICAL,100000046350013,A,15650,A,1900-01-01T00:00:00.000+00:00,4712-12-31T00:00:00.000+00:00,Y,P,N,5748,1024 IRON POINT RD,,,,FOLSOM,95630,CA,US,
HOG & HOMINY,16611,100000046344786,100000046353583,BILL_TO,100000046341467,4121,HOG & HOMINY,100000046349748,A,15707,A,1900-01-01T00:00:00.000+00:00,4712-12-31T00:00:00.000+00:00,Y,P,N,5270,707 W BROOKHAVEN CIR,,,,MEMPHIS,38117,TN,US,
DECATUR COUNTY SCHOOLS,16612,100000046345276,100000046355154,BILL_TO,100000046341468,4124,DECATUR COUNTY SCHOOLS,100000046349751,A,16197,A,1900-01-01T00:00:00.000+00:00,4712-12-31T00:00:00.000+00:00,Y,P,N,6841,PO BOX 369,,,,DECATURVILLE,38329,TN,US,
HVAC SUPPLY INC,16613,100000046345033,100000046354063,BILL_TO,100000046341469,4584,HVAC SUPPLY INC,100000046350211,A,15954,A,1900-01-01T00:00:00.000+00:00,4712-12-31T00:00:00.000+00:00,Y,P,N,5750,1200 E TAMARACK AVE,,,,MCALLEN,78501,TX,US,
MEMPHIS SCHOOL OF EXCELLENCE,16614,100000046344790,100000046353851,BILL_TO,100000046341470,4936,MEMPHIS SCHOOL OF EXCELLENCE,100000046350563,A,15711,A,1900-01-01T00:00:00.000+00:00,4712-12-31T00:00:00.000+00:00,Y,P,N,5538,4450 S MENDENHALL RD,,,,MEMPHIS,38141,TN,US,
T & D HVAC SERVICES,16615,100000046346463,100000046355158,BILL_TO,100000046341471,4939,T & D HVAC SERVICES,100000046350566,A,17384,A,1900-01-01T00:00:00.000+00:00,4712-12-31T00:00:00.000+00:00,Y,P,N,6845,9220 HENDERSON RD,,,,PINE BLUFF,71603,AR,US,
BIG RIVER STEEL,16616,100000046345833,100000046355160,BILL_TO,100000046341472,3379,BIG RIVER STEEL,100000046349006,A,16754,A,1900-01-01T00:00:00.000+00:00,4712-12-31T00:00:00.000+00:00,Y,P,N,6847,2027 E STATE HWY 198,,,,OSCEOLA,72370,AR,US,
T & J AIR CONDITIONING & HTG,16617,100000046345034,100000046355161,BILL_TO,100000046341473,4127,T & J AIR CONDITIONING & HTG,100000046349754,A,15955,A,1900-01-01T00:00:00.000+00:00,4712-12-31T00:00:00.000+00:00,Y,P,N,6848,1209 DANCYVILLE RD,,,,STANTON,38069,TN,US,
GAVILAN ENTERPRISE INC,16618,100000046345594,100000046355002,BILL_TO,100000046341474,4940,GAVILAN ENTERPRISE INC,100000046350567,A,16515,A,1900-01-01T00:00:00.000+00:00,4712-12-31T00:00:00.000+00:00,Y,P,N,6689,6650 W MEGAN ST,,,,CHANDLER,85226,AZ,US,
CROSS MECHANICAL SERVICES INC,16619,100000046346467,100000046354069,BILL_TO,100000046341475,3572,CROSS MECHANICAL SERVICES INC,100000046349199,A,17388,A,1900-01-01T00:00:00.000+00:00,4712-12-31T00:00:00.000+00:00,Y,P,N,5756,2835 W OXFORD AVE,,,,ENGLEWOOD,80110,CO,US,
BLYTHEVILLE-GOSNELL REGIONAL,16620,100000046346187,100000046354123,BILL_TO,100000046341476,4396,BLYTHEVILLE-GOSNELL REGIONAL,100000046350023,A,17108,A,1900-01-01T00:00:00.000+00:00,4712-12-31T00:00:00.000+00:00,Y,P,N,5810,4701 MEMORIAL DR,,,,BLYTHEVILLE,72315,AR,US,
AIR INNOVATIONS,16621,100000046344737,100000046355003,BILL_TO,100000046341477,4397,AIR INNOVATIONS,100000046350024,A,15658,A,1900-01-01T00:00:00.000+00:00,4712-12-31T00:00:00.000+00:00,Y,P,N,6690,5000 CY AVE,,,,CASPER,82604,WY,US,
FORTE CAPITAL LLC,16622,100000046346468,100000046353590,BILL_TO,100000046341478,4587,FORTE CAPITAL LLC,100000046350214,A,17389,A,1900-01-01T00:00:00.000+00:00,4712-12-31T00:00:00.000+00:00,Y,P,N,5277,1022 HIGHLAND COLONY PKWY,,,,RIDGELAND,39157,MS,US,
WILSON'S HEAT & AIR INC,16623,100000046345278,100000046355206,BILL_TO,100000046341479,3586,WILSON'S HEAT & AIR INC,100000046349213,A,16199,A,1900-01-01T00:00:00.000+00:00,4712-12-31T00:00:00.000+00:00,Y,P,N,6893,PO BOX 364,,,,VAN BUREN,72957,AR,US,
NUCOR YAMATO STEEL,16624,100000046346188,100000046354396,BILL_TO,100000046341480,4131,NUCOR YAMATO STEEL,100000046349758,A,17109,A,1900-01-01T00:00:00.000+00:00,4712-12-31T00:00:00.000+00:00,Y,P,N,6083,PO BOX 1228,,,,ARMOREL,72310,AR,US,
UPCHURCH INDUSTRIAL LLC,16625,100000046344797,100000046354533,BILL_TO,100000046341481,3574,UPCHURCH INDUSTRIAL LLC,100000046349201,A,15718,A,1900-01-01T00:00:00.000+00:00,4712-12-31T00:00:00.000+00:00,Y,P,N,6220,6923 PASADENA DR,,,,HORN LAKE,38637,MS,US,
AMERICAN EAGLE AIR,16626,100000046346189,100000046353591,BILL_TO,100000046341482,5302,AMERICAN EAGLE AIR,100000046350929,A,17110,A,1900-01-01T00:00:00.000+00:00,4712-12-31T00:00:00.000+00:00,Y,P,N,5278,719 HWY 590 W,,,,ELLISVILLE,39437,MS,US,
ESSCO HEATING & AIR,16627,100000046344739,100000046354398,BILL_TO,100000046341483,4588,ESSCO HEATING & AIR,100000046350215,A,15660,A,1900-01-01T00:00:00.000+00:00,4712-12-31T00:00:00.000+00:00,Y,P,N,6085,415 PROVIDENCE,,,,HATTIESBURG,39403,MS,US,
COBURN SUPPLY COMPANY INC,16628,100000046345598,100000046355005,BILL_TO,100000046341484,3575,COBURN SUPPLY COMPANY INC,100000046349202,A,16519,A,1900-01-01T00:00:00.000+00:00,4712-12-31T00:00:00.000+00:00,Y,P,N,6692,PO BOX 2177,,,,BEAUMONT,77704,TX,US,
UNIVERSAL CLIMATE CONTROL,16629,100000046345279,100000046354400,BILL_TO,100000046341485,3589,UNIVERSAL CLIMATE CONTROL,100000046349216,A,16200,A,1900-01-01T00:00:00.000+00:00,4712-12-31T00:00:00.000+00:00,Y,P,N,6087,PO BOX 5561,,,,CORALVILLE,52241,IA,US,
UNIVERSAL CLIMATE CONTROL,16629,100000046345837,100000046355007,BILL_TO,100000046341485,3589,UNIVERSAL CLIMATE CONTROL,100000046349216,A,16758,A,1900-01-01T00:00:00.000+00:00,4712-12-31T00:00:00.000+00:00,N,Y,N,6694,107 S TENTH AVE,,,,CORALVILLE,52241,IA,US,
HOPPER STEPHENS HATCHERIES,16630,100000046344801,100000046355010,BILL_TO,100000046341486,4947,HOPPER STEPHENS HATCHERIES,100000046350574,A,15722,A,1900-01-01T00:00:00.000+00:00,4712-12-31T00:00:00.000+00:00,Y,P,N,6697,989 JOHNSON RD,,,,LONOKE,72086,AR,US,
STANDARD SHEETMETAL WORKS,16631,100000046346194,100000046353595,BILL_TO,100000046341487,5305,STANDARD SHEETMETAL WORKS,100000046350932,A,17115,A,1900-01-01T00:00:00.000+00:00,4712-12-31T00:00:00.000+00:00,Y,P,N,5282,1898 VANDERHORN DR,,,,MEMPHIS,38134,TN,US,
SUPPLY LINE OF MEMPHIS,16632,100000046344805,100000046354129,BILL_TO,100000046341488,3581,SUPPLY LINE OF MEMPHIS,100000046349208,A,15726,A,1900-01-01T00:00:00.000+00:00,4712-12-31T00:00:00.000+00:00,Y,P,N,5816,3440 LAMAR AVE,,,,MEMPHIS,38118,TN,US,
INFRAMARK,16633,100000046346332,100000046353932,BILL_TO,100000046341489,3425,INFRAMARK,100000046349052,A,17253,A,1900-01-01T00:00:00.000+00:00,4712-12-31T00:00:00.000+00:00,Y,P,N,5619,1052 SYARD RD,,,,MCCOMB,39648,MS,US,
CROWE HEATING & AIR,16634,100000046344931,100000046353389,BILL_TO,100000046341490,3749,CROWE HEATING & AIR,100000046349376,A,15852,A,1900-01-01T00:00:00.000+00:00,4712-12-31T00:00:00.000+00:00,Y,P,N,5076,6391 FERRELL DR,,,,MEMPHIS,38134,TN,US,
COLUMBUS RUBBER & GASKET,16635,100000046345730,100000046353284,BILL_TO,100000046341491,4811,COLUMBUS RUBBER & GASKET,100000046350438,A,16651,A,1900-01-01T00:00:00.000+00:00,4712-12-31T00:00:00.000+00:00,Y,P,N,4971,PO BOX 2206,,,,COLUMBUS,39704,MS,US,
M S JOHNSTON HVAC DIV,16636,100000046344933,100000046354898,BILL_TO,100000046341492,3754,M S JOHNSTON HVAC DIV,100000046349381,A,15854,A,1900-01-01T00:00:00.000+00:00,4712-12-31T00:00:00.000+00:00,Y,P,N,6585,13261 PENNSYLVANIA AVE,,,,HAGERSTOWN,21742,MD,US,
LAWRENCE SERVICE,16637,100000046346335,100000046353288,BILL_TO,100000046341493,3756,LAWRENCE SERVICE,100000046349383,A,17256,A,1900-01-01T00:00:00.000+00:00,4712-12-31T00:00:00.000+00:00,Y,P,N,4975,8211 INDUSTRIAL DR,,,,OLIVE BRANCH,38654,MS,US,
WESTLAND HEATING & AIR,16638,100000046345440,100000046353289,BILL_TO,100000046341494,3758,WESTLAND HEATING & AIR,100000046349385,A,16361,A,1900-01-01T00:00:00.000+00:00,4712-12-31T00:00:00.000+00:00,Y,P,N,4976,26200 FIRST ST,,,,WESTLAKE,44145,OH,US,
MANITOWOC FSG SERVICES LLC,16639,100000046344585,100000046353290,BILL_TO,100000046341495,4482,MANITOWOC FSG SERVICES LLC,100000046350109,A,15506,A,1900-01-01T00:00:00.000+00:00,4712-12-31T00:00:00.000+00:00,Y,P,N,4977,2227 WELBILT BLVD,,,,NEW PORT RICHEY,34653,FL,US,
ADVANCED FLUID TECHNOLOGIES,16640,100000046346028,100000046354696,BILL_TO,100000046341496,5179,ADVANCED FLUID TECHNOLOGIES,100000046350806,A,16949,A,1900-01-01T00:00:00.000+00:00,4712-12-31T00:00:00.000+00:00,Y,P,N,6383,7801 WARDEN RD,,,,SHERWOOD,72120,AR,US,
JERRY JACKSON,16641,100000046345740,100000046354286,BILL_TO,100000046341497,3761,JERRY JACKSON,100000046349388,A,16661,A,1900-01-01T00:00:00.000+00:00,4712-12-31T00:00:00.000+00:00,Y,P,N,5973,3770 TRUFANT AVE,,,,MEMPHIS,38128,TN,US,
GRAZAK CORPORATION,16642,100000046346030,100000046355281,BILL_TO,100000046341498,3987,GRAZAK CORPORATION,100000046349614,A,16951,A,1900-01-01T00:00:00.000+00:00,4712-12-31T00:00:00.000+00:00,Y,P,N,6968,21639 N 14TH AVE,,,,PHOENIX,85027,AZ,US,
TACO COMFORT SOLUTIONS,16643,100000046344595,100000046353717,BILL_TO,100000046341499,5182,TACO COMFORT SOLUTIONS,100000046350809,A,15516,A,1900-01-01T00:00:00.000+00:00,4712-12-31T00:00:00.000+00:00,Y,P,N,5404,1160 CRANSTON ST,,,,CRANSTON,02920,RI,US,
ALPHA ENERGY SOLUTIONS,16644,100000046344596,100000046353474,BILL_TO,100000046341500,4283,ALPHA ENERGY SOLUTIONS,100000046349910,A,15517,A,1900-01-01T00:00:00.000+00:00,4712-12-31T00:00:00.000+00:00,Y,P,N,5161,7200 DISTRIBUTION DR,,,,LOUISVILLE,40258-2827,KY,US,
COOPERATIVE ENERGY,16645,100000046345746,100000046354907,BILL_TO,100000046341501,3989,COOPERATIVE ENERGY,100000046349616,A,16667,A,1900-01-01T00:00:00.000+00:00,4712-12-31T00:00:00.000+00:00,Y,P,N,6594,PO BOX 15849,,,,HATTIESBURG,39404,MS,US,
ACY SERVICES LLC,16646,100000046345747,100000046355288,BILL_TO,100000046341502,3990,ACY SERVICES LLC,100000046349617,A,16668,A,1900-01-01T00:00:00.000+00:00,4712-12-31T00:00:00.000+00:00,Y,P,N,6975,PO BOX 646,,,,WINONA,38967,MS,US,
BRANDON SERVICE COMPANY INC,16647,100000046345199,100000046354291,BILL_TO,100000046341503,3466,BRANDON SERVICE COMPANY INC,100000046349093,A,16120,A,1900-01-01T00:00:00.000+00:00,4712-12-31T00:00:00.000+00:00,Y,P,N,5978,141 W SOWELL RD,,,,MADISON,39110,MS,US,
WHATABURGER,16648,100000046346036,100000046355334,BILL_TO,100000046341504,5187,WHATABURGER,100000046350814,A,16957,A,1900-01-01T00:00:00.000+00:00,4712-12-31T00:00:00.000+00:00,Y,P,N,7021,PO BOX 13752,,,,PHILADELPHIA,19101-3752,PA,US,
BERNHARD MCC MECHANICAL,16649,100000046345754,100000046353408,BILL_TO,100000046341505,3776,BERNHARD MCC MECHANICAL,100000046349403,A,16675,A,1900-01-01T00:00:00.000+00:00,4712-12-31T00:00:00.000+00:00,Y,P,N,5095,PO BOX 7460,,,,METAIRIE,70010,LA,US,
RHODES COLLEGE,16650,100000046345755,100000046355335,BILL_TO,100000046341506,3778,RHODES COLLEGE,100000046349405,A,16676,A,1900-01-01T00:00:00.000+00:00,4712-12-31T00:00:00.000+00:00,Y,P,N,7022,2000 N PKWY,,,,MEMPHIS,38112,TN,US,
UNION CITY MEDICAL CENTER LLC,16651,100000046345204,100000046354752,BILL_TO,100000046341507,3994,UNION CITY MEDICAL CENTER LLC,100000046349621,A,16125,A,1900-01-01T00:00:00.000+00:00,4712-12-31T00:00:00.000+00:00,Y,P,N,6439,1720 E REELFOOT AVE,,,,UNION CITY,38261,TN,US,
VALIANT INTEGRATED SERVICES,16652,100000046344602,100000046354956,BILL_TO,100000046341508,3467,VALIANT INTEGRATED SERVICES,100000046349094,A,15523,A,1900-01-01T00:00:00.000+00:00,4712-12-31T00:00:00.000+00:00,Y,P,N,6643,101 WALTON WAY,,,,HOPKINSVILLE,42240,KY,US,
TEDDY GORMAN,16653,100000046345756,100000046353952,BILL_TO,100000046341509,4493,TEDDY GORMAN,100000046350120,A,16677,A,1900-01-01T00:00:00.000+00:00,4712-12-31T00:00:00.000+00:00,Y,P,N,5639,996 RIVER LANDING DR,,,,MEMPHIS,38103,TN,US,
HYATT PLACE HOUSTON VINT PARK,16654,100000046345458,100000046354295,BILL_TO,100000046341510,5189,HYATT PLACE HOUSTON VINT PARK,100000046350816,A,16379,A,1900-01-01T00:00:00.000+00:00,4712-12-31T00:00:00.000+00:00,Y,P,N,5982,20330 TOMBALL PKWY,,,,HOUSTON,77070,TX,US,
AMERICAN ORDNANCE,16655,100000046346612,100000046353412,BILL_TO,100000046341511,3471,AMERICAN ORDNANCE,100000046349098,A,17533,A,1900-01-01T00:00:00.000+00:00,4712-12-31T00:00:00.000+00:00,Y,P,N,5099,2280 HWY 104 W,,,,MILAN,38358-3177,TN,US,
AIR MASTERS HVAC SERVICES,16656,100000046346614,100000046354958,BILL_TO,100000046341512,3997,AIR MASTERS HVAC SERVICES,100000046349624,A,17535,A,1900-01-01T00:00:00.000+00:00,4712-12-31T00:00:00.000+00:00,Y,P,N,6645,59 TURNER ST,,,,FALL RIVER,02720,MA,US,
HILL SERVICES INC,16657,100000046345462,100000046355342,BILL_TO,100000046341513,3474,HILL SERVICES INC,100000046349101,A,16383,A,1900-01-01T00:00:00.000+00:00,4712-12-31T00:00:00.000+00:00,Y,P,N,7029,4940 COVINGTON WAY,,,,MEMPHIS,38128,TN,US,
TEXAS REPS,16658,100000046345465,100000046353487,BILL_TO,100000046341514,3786,TEXAS REPS,100000046349413,A,16386,A,1900-01-01T00:00:00.000+00:00,4712-12-31T00:00:00.000+00:00,Y,P,N,5174,22315 BUTE DR,,,,SPICEWOOD,78669,TX,US,
D-BAT MEMPHIS,16659,100000046346354,100000046353417,BILL_TO,100000046341515,3790,D-BAT MEMPHIS,100000046349417,A,17275,A,1900-01-01T00:00:00.000+00:00,4712-12-31T00:00:00.000+00:00,Y,P,N,5104,1650 N SHELBY OAKS DR,,,,MEMPHIS,38134,TN,US,
STEAMFITTERS LOCAL UNION #614,16660,100000046345211,100000046353727,BILL_TO,100000046341516,3445,STEAMFITTERS LOCAL UNION #614,100000046349072,A,16132,A,1900-01-01T00:00:00.000+00:00,4712-12-31T00:00:00.000+00:00,Y,P,N,5414,5670 COMMANDER DR,,,,ARLINGTON,38002,TN,US,
DAVID R POWERS MD APMC,16661,100000046346357,100000046354968,BILL_TO,100000046341517,3791,DAVID R POWERS MD APMC,100000046349418,A,17278,A,1900-01-01T00:00:00.000+00:00,4712-12-31T00:00:00.000+00:00,Y,P,N,6655,217 CHEROKEE ROSE LN,,,,COVINGTON,70433,LA,US,
LEWELLYN MECHANICAL SYSTEMS,16662,100000046345769,100000046354969,BILL_TO,100000046341518,4303,LEWELLYN MECHANICAL SYSTEMS,100000046349930,A,16690,A,1900-01-01T00:00:00.000+00:00,4712-12-31T00:00:00.000+00:00,Y,P,N,6656,5337 WERK RD,,,,CINCINNATI,45248,OH,US,
WEST POINT HOTEL LLC,16663,100000046345701,100000046354233,BILL_TO,100000046341519,4788,WEST POINT HOTEL LLC,100000046350415,A,16622,A,1900-01-01T00:00:00.000+00:00,4712-12-31T00:00:00.000+00:00,Y,P,N,5920,5821 HWY 45 ALT S,,,,WEST POINT,39773,MS,US,
PILOT AIR,16664,100000046344901,100000046353247,BILL_TO,100000046341520,3406,PILOT AIR,100000046349033,A,15822,A,1900-01-01T00:00:00.000+00:00,4712-12-31T00:00:00.000+00:00,Y,P,N,4934,292 W HWY 52 BYPASS,,,,PILOT MOUNTAIN,27041,NC,US,
PHOENIX MECHANICAL,16665,100000046345987,100000046355403,BILL_TO,100000046341521,3722,PHOENIX MECHANICAL,100000046349349,A,16908,A,1900-01-01T00:00:00.000+00:00,4712-12-31T00:00:00.000+00:00,Y,P,N,7090,197 W CANAL ST,,,,NATICK,01760,MA,US,
MECHANICAL PRODUCTS NEVADA,16666,100000046345154,100000046355205,BILL_TO,100000046341522,3407,MECHANICAL PRODUCTS NEVADA,100000046349034,A,16075,A,1900-01-01T00:00:00.000+00:00,4712-12-31T00:00:00.000+00:00,Y,P,N,6892,2701 CRIMSON CANYON DR #110,,,,LAS VEGAS,89128,NV,US,
A & P SHEET METAL,16667,100000046346573,100000046354667,BILL_TO,100000046341523,5143,A & P SHEET METAL,100000046350770,A,17494,A,1900-01-01T00:00:00.000+00:00,4712-12-31T00:00:00.000+00:00,Y,P,N,6354,4805 CUBA-MILLINGTON RD,,,,MILLINGTON,38053,TN,US,
HOLCOMB MECHANICAL LLC,16668,100000046346312,100000046353359,BILL_TO,100000046341524,5144,HOLCOMB MECHANICAL LLC,100000046350771,A,17233,A,1900-01-01T00:00:00.000+00:00,4712-12-31T00:00:00.000+00:00,Y,P,N,5046,314 S 7TH AVE,,,,BROKEN BOW,68822,NE,US,
AUSTIN'S AIR CONDITIONING,16669,100000046345155,100000046354668,BILL_TO,100000046341525,5145,AUSTIN'S AIR CONDITIONING,100000046350772,A,16076,A,1900-01-01T00:00:00.000+00:00,4712-12-31T00:00:00.000+00:00,Y,P,N,6355,4460 CLEO,,,,MEMPHIS,38122,TN,US,
RITTER COMMUNICATIONS,16670,100000046346313,100000046353249,BILL_TO,100000046341526,4246,RITTER COMMUNICATIONS,100000046349873,A,17234,A,1900-01-01T00:00:00.000+00:00,4712-12-31T00:00:00.000+00:00,Y,P,N,4936,2400 RITTER DR,,,,JONESBORO,72401,AR,US,
HAMPTON INN HARAHAN,16671,100000046346315,100000046354239,BILL_TO,100000046341527,3701,HAMPTON INN HARAHAN,100000046349328,A,17236,A,1900-01-01T00:00:00.000+00:00,4712-12-31T00:00:00.000+00:00,Y,P,N,5926,5150 MOUNES ST,,,,HARAHAN,70123,LA,US,
PRECISION AIR COND & HEATING,16672,100000046345159,100000046353362,BILL_TO,100000046341528,5149,PRECISION AIR COND & HEATING,100000046350776,A,16080,A,1900-01-01T00:00:00.000+00:00,4712-12-31T00:00:00.000+00:00,Y,P,N,5049,2099 THOMAS RD,,,,MEMPHIS,38134,TN,US,
SOUTHEAST MECHANICAL SERVICES,16673,100000046345412,100000046355256,BILL_TO,100000046341529,4730,SOUTHEAST MECHANICAL SERVICES,100000046350357,A,16333,A,1900-01-01T00:00:00.000+00:00,4712-12-31T00:00:00.000+00:00,Y,P,N,6943,2315 SW 58TH WAY,,,,WEST PARK,33023,FL,US,
GEORGE REGIONAL HEALTH SYSTEM,16674,100000046346582,100000046355408,BILL_TO,100000046341530,4250,GEORGE REGIONAL HEALTH SYSTEM,100000046349877,A,17503,A,1900-01-01T00:00:00.000+00:00,4712-12-31T00:00:00.000+00:00,Y,P,N,7095,PO BOX 607,,,,LUCEDALE,39452,MS,US,
JOHNSON BARROW,16675,100000046344908,100000046353363,BILL_TO,100000046341531,3706,JOHNSON BARROW,100000046349333,A,15829,A,1900-01-01T00:00:00.000+00:00,4712-12-31T00:00:00.000+00:00,Y,P,N,5050,2203 23RD AVE S,,,,SEATTLE,98144,WA,US,
RAJSAMBHAV HOTEL LLC,16676,100000046345995,100000046353364,BILL_TO,100000046341532,3707,RAJSAMBHAV HOTEL LLC,100000046349334,A,16916,A,1900-01-01T00:00:00.000+00:00,4712-12-31T00:00:00.000+00:00,Y,P,N,5051,233 12TH ST STE 301,,,,COLUMBUS,31901,GA,US,
POWERS OF ARKANSAS - MSC,16677,100000046344909,100000046353688,BILL_TO,100000046341533,3728,POWERS OF ARKANSAS - MSC,100000046349355,A,15830,A,1900-01-01T00:00:00.000+00:00,4712-12-31T00:00:00.000+00:00,Y,P,N,5375,5440 NSHORE DR,,,,NORTH LITTLE ROCK,72118,AR,US,
TENCARVA MACHINERY CO,16678,100000046344553,100000046353366,BILL_TO,100000046341534,5156,TENCARVA MACHINERY CO,100000046350783,A,15474,A,1900-01-01T00:00:00.000+00:00,4712-12-31T00:00:00.000+00:00,Y,P,N,5053,464 CHURCH RD,,,,MADISON,39110,MS,US,
THE GUESTHOUSE AT GRACELAND,16679,100000046344556,100000046354245,BILL_TO,100000046341535,3962,THE GUESTHOUSE AT GRACELAND,100000046349589,A,15477,A,1900-01-01T00:00:00.000+00:00,4712-12-31T00:00:00.000+00:00,Y,P,N,5932,3600 ELVIS PRESLEY BLVD,,,,MEMPHIS,38116,TN,US,
PHARMEDIUM,16680,100000046344557,100000046353368,BILL_TO,100000046341536,3731,PHARMEDIUM,100000046349358,A,15478,A,1900-01-01T00:00:00.000+00:00,4712-12-31T00:00:00.000+00:00,Y,P,N,5055,150 N FIELD DR,,,,LAKE FOREST,60045,IL,US,
SMITH & NEPHEW INC,16681,100000046345168,100000046354678,BILL_TO,100000046341537,3964,SMITH & NEPHEW INC,100000046349591,A,16089,A,1900-01-01T00:00:00.000+00:00,4712-12-31T00:00:00.000+00:00,Y,P,N,6365,150 MINUTEMAN RD,,,,ANDOVER,01810,MA,US,
STEWART ELECTRIC,16682,100000046344558,100000046353691,BILL_TO,100000046341538,3712,STEWART ELECTRIC,100000046349339,A,15479,A,1900-01-01T00:00:00.000+00:00,4712-12-31T00:00:00.000+00:00,Y,P,N,5378,PO BOX 9323,,,,JONESBORO,72403,AR,US,
STEWART ELECTRIC,16682,100000046345998,100000046353692,BILL_TO,100000046341538,3712,STEWART ELECTRIC,100000046349339,A,16919,A,1900-01-01T00:00:00.000+00:00,4712-12-31T00:00:00.000+00:00,N,Y,N,5379,511 WILSON,,,,JONESBORO,72403,AR,US,
SID BURKS HEATING & AIR,16683,100000046345712,100000046354247,BILL_TO,100000046341539,4797,SID BURKS HEATING & AIR,100000046350424,A,16633,A,1900-01-01T00:00:00.000+00:00,4712-12-31T00:00:00.000+00:00,Y,P,N,5934,PO BOX 907,,,,ADAMSVILLE,38310,TN,US,
NEA BAPTIST MEMORIAL HOSPITAL,16684,100000046344915,100000046355414,BILL_TO,100000046341540,5161,NEA BAPTIST MEMORIAL HOSPITAL,100000046350788,A,15836,A,1900-01-01T00:00:00.000+00:00,4712-12-31T00:00:00.000+00:00,Y,P,N,7101,909 ENTERPRISE DR,,,,JONESBORO,72401,AR,US,
CENTURY HEATING & COOLING INC,16685,100000046346321,100000046355260,BILL_TO,100000046341541,3967,CENTURY HEATING & COOLING INC,100000046349594,A,17242,A,1900-01-01T00:00:00.000+00:00,4712-12-31T00:00:00.000+00:00,Y,P,N,6947,2057 ATTALA RD 1223,,,,KOSCIUSKO,39090,MS,US,
BERCLAIR ANIMAL HOSPITAL,16686,100000046346592,100000046353376,BILL_TO,100000046341542,4801,BERCLAIR ANIMAL HOSPITAL,100000046350428,A,17513,A,1900-01-01T00:00:00.000+00:00,4712-12-31T00:00:00.000+00:00,Y,P,N,5063,5169 WHEELIS DR,,,,MEMPHIS,38117,TN,US,
EWING/KESSLER INC,16687,100000046345426,100000046353269,BILL_TO,100000046341543,3970,EWING/KESSLER INC,100000046349597,A,16347,A,1900-01-01T00:00:00.000+00:00,4712-12-31T00:00:00.000+00:00,Y,P,N,4956,1631 CENTURY CENTER PKWY,,,,MEMPHIS,38134,TN,US,
HVAC DESIGN & BUILD,16688,100000046346324,100000046354271,BILL_TO,100000046341544,3971,HVAC DESIGN & BUILD,100000046349598,A,17245,A,1900-01-01T00:00:00.000+00:00,4712-12-31T00:00:00.000+00:00,Y,P,N,5958,76 RUTHERFORD DR,,,,JACKSON,38301,TN,US,
HILTON WORLDWIDE,16689,100000046346009,100000046353702,BILL_TO,100000046341545,3974,HILTON WORLDWIDE,100000046349601,A,16930,A,1900-01-01T00:00:00.000+00:00,4712-12-31T00:00:00.000+00:00,Y,P,N,5389,755 CROSSOVER LN,,,,MEMPHIS,38117,TN,US,
HILDA MULLEN,16690,100000046345428,100000046354275,BILL_TO,100000046341546,3420,HILDA MULLEN,100000046349047,A,16349,A,1900-01-01T00:00:00.000+00:00,4712-12-31T00:00:00.000+00:00,Y,P,N,5962,7820 WALKING HORSE CIR,,,,GERMANTOWN,38138,TN,US,
HOYT HAYES CONSTRUCTION,16691,100000046345177,100000046354260,BILL_TO,100000046341547,4470,HOYT HAYES CONSTRUCTION,100000046350097,A,16098,A,1900-01-01T00:00:00.000+00:00,4712-12-31T00:00:00.000+00:00,Y,P,N,5947,PO BOX 1028,,,,JACKSON,38302,TN,US,
THERMACOR PROCESS INC,16692,100000046344927,100000046353705,BILL_TO,100000046341548,5166,THERMACOR PROCESS INC,100000046350793,A,15848,A,1900-01-01T00:00:00.000+00:00,4712-12-31T00:00:00.000+00:00,Y,P,N,5392,1670 HICKS FIELD RD E,,,,FORT WORTH,76179,TX,US,
JNB MECHANICAL,16693,100000046345893,100000046353911,BILL_TO,100000046341549,4744,JNB MECHANICAL,100000046350371,A,16814,A,1900-01-01T00:00:00.000+00:00,4712-12-31T00:00:00.000+00:00,Y,P,N,5598,3315 NE 112TH AVE,,,,VANCOUVER,98682,WA,US,
STANDARD HEATING & AIR,16694,100000046346280,100000046354176,BILL_TO,100000046341550,4745,STANDARD HEATING & AIR,100000046350372,A,17201,A,1900-01-01T00:00:00.000+00:00,4712-12-31T00:00:00.000+00:00,Y,P,N,5863,11746 PORTAL RD,,,,LAVISTA,68128,NE,US,
ROBERT J KAPLAN MD,16695,100000046345111,100000046354620,BILL_TO,100000046341551,3655,ROBERT J KAPLAN MD,100000046349282,A,16032,A,1900-01-01T00:00:00.000+00:00,4712-12-31T00:00:00.000+00:00,Y,P,N,6307,1267 HERON OAKS COVE,,,,MEMPHIS,38120,TN,US,
MEMPHIS MARRIOTT,16696,100000046345350,100000046354740,BILL_TO,100000046341552,5061,MEMPHIS MARRIOTT,100000046350688,A,16271,A,1900-01-01T00:00:00.000+00:00,4712-12-31T00:00:00.000+00:00,Y,P,N,6427,5795 POPLAR AVE,,,,MEMPHIS,38119,TN,US,
MARTIN FIRST UNITED METHODIST CHURCH,16697,100000046345352,100000046354742,BILL_TO,100000046341553,3913,MARTIN FIRST UNITED METHODIST CHURCH,100000046349540,A,16273,A,1900-01-01T00:00:00.000+00:00,4712-12-31T00:00:00.000+00:00,Y,P,N,6429,225 MAIN ST,,,,MARTIN,38237,TN,US,
PROCESS SYSTEMS INCORPORATED CONSTRUCTION COMPANY,16698,100000046345355,100000046354182,BILL_TO,100000046341554,4752,PROCESS SYSTEMS INCORPORATED CONSTRUCTION COMPANY,100000046350379,A,16276,A,1900-01-01T00:00:00.000+00:00,4712-12-31T00:00:00.000+00:00,Y,P,N,5869,3732 E RAINES RD,,,,MEMPHIS,38118,TN,US,
PEOPLES BUILDING SERVICES,16699,100000046345909,100000046354513,BILL_TO,100000046341555,5086,PEOPLES BUILDING SERVICES,100000046350713,A,16830,A,1900-01-01T00:00:00.000+00:00,4712-12-31T00:00:00.000+00:00,Y,P,N,6200,1951 N PEARL ST,,,,CARTHAGE,39051,MS,US,
UPCHURCH SERVICES LLC,16700,100000046345114,100000046353923,BILL_TO,100000046341556,4195,UPCHURCH SERVICES LLC,100000046349822,A,16035,A,1900-01-01T00:00:00.000+00:00,4712-12-31T00:00:00.000+00:00,Y,P,N,5610,16270 OLD HWY 41,,,,FT MYERS,33912,FL,US,
AIR SOLUTION MECHANICAL SVCS,16701,100000046345091,100000046354626,BILL_TO,100000046341557,5067,AIR SOLUTION MECHANICAL SVCS,100000046350694,A,16012,A,1900-01-01T00:00:00.000+00:00,4712-12-31T00:00:00.000+00:00,Y,P,N,6313,2841 PS BUSINESS CENTER DR,,,,WOODBRIDGE,22192,VA,US,
ENERGYSOLUTIONS LLC,16702,100000046345116,100000046354628,BILL_TO,100000046341558,3920,ENERGYSOLUTIONS LLC,100000046349547,A,16037,A,1900-01-01T00:00:00.000+00:00,4712-12-31T00:00:00.000+00:00,Y,P,N,6315,299 S MAIN ST,,,,SALT LAKE CITY,84111,UT,US,
JR STEWART PUMP & EQUIPMENT,16703,100000046345915,100000046354185,BILL_TO,100000046341559,5069,JR STEWART PUMP & EQUIPMENT,100000046350696,A,16836,A,1900-01-01T00:00:00.000+00:00,4712-12-31T00:00:00.000+00:00,Y,P,N,5872,313 S 2ND ST,,,,WEST MEMPHIS,72301,AR,US,
CED MEMPHIS,16704,100000046345118,100000046354564,BILL_TO,100000046341560,5092,CED MEMPHIS,100000046350719,A,16039,A,1900-01-01T00:00:00.000+00:00,4712-12-31T00:00:00.000+00:00,Y,P,N,6251,152 COLLINS,,,,MEMPHIS,38112,TN,US,
MIDSOUTH PLUMBING SUPPLY,16705,100000046346289,100000046353329,BILL_TO,100000046341561,4197,MIDSOUTH PLUMBING SUPPLY,100000046349824,A,17210,A,1900-01-01T00:00:00.000+00:00,4712-12-31T00:00:00.000+00:00,Y,P,N,5016,2600 E HIGHLAND,,,,JONESBORO,72403,AR,US,
DMG CORPORATION,16706,100000046346535,100000046355325,BILL_TO,100000046341562,3927,DMG CORPORATION,100000046349554,A,17456,A,1900-01-01T00:00:00.000+00:00,4712-12-31T00:00:00.000+00:00,Y,P,N,7012,99-1183A IWAENA ST,,,,AIEA,96701,HI,US,
ALEX MAINTENANCE,16707,100000046346292,100000046353637,BILL_TO,100000046341563,5100,ALEX MAINTENANCE,100000046350727,A,17213,A,1900-01-01T00:00:00.000+00:00,4712-12-31T00:00:00.000+00:00,Y,P,N,5324,4512 QUINCE RD,,,,MEMPHIS,38117,TN,US,
BUFFALO ISLAND CENTRAL SCHOOL,16708,100000046345361,100000046353638,BILL_TO,100000046341564,4199,BUFFALO ISLAND CENTRAL SCHOOL,100000046349826,A,16282,A,1900-01-01T00:00:00.000+00:00,4712-12-31T00:00:00.000+00:00,Y,P,N,5325,PO BOX 730,,,,MONETTE,72447,AR,US,
BIOTHERM HYDRONIC INC,16709,100000046346537,100000046355327,BILL_TO,100000046341565,4696,BIOTHERM HYDRONIC INC,100000046350323,A,17458,A,1900-01-01T00:00:00.000+00:00,4712-12-31T00:00:00.000+00:00,Y,P,N,7014,476 PRIMERO CT,,,,COTATI,94931,CA,US,
IAC SUPPL\Y SOLUTIONS,16710,100000046345678,100000046353641,BILL_TO,100000046341566,3932,IAC SUPPL\Y SOLUTIONS,100000046349559,A,16599,A,1900-01-01T00:00:00.000+00:00,4712-12-31T00:00:00.000+00:00,Y,P,N,5328,PO BOX 161296,,,,MEMPHIS,38186-1296,TN,US,
J ALEXANDER'S REDLANDS GRILL,16711,100000046345930,100000046354202,BILL_TO,100000046341567,5076,J ALEXANDER'S REDLANDS GRILL,100000046350703,A,16851,A,1900-01-01T00:00:00.000+00:00,4712-12-31T00:00:00.000+00:00,Y,P,N,5889,2670 N GERMANTOWN PKWY,,,,MEMPHIS,38133,TN,US,
PROCESS & POWER,16712,100000046345376,100000046354789,BILL_TO,100000046341568,4702,PROCESS & POWER,100000046350329,A,16297,A,1900-01-01T00:00:00.000+00:00,4712-12-31T00:00:00.000+00:00,Y,P,N,6476,PO BOX 18675,,,,MEMPHIS,38181,TN,US,
ASU MOUNTAIN HOME,16713,100000046345367,100000046354791,BILL_TO,100000046341569,3676,ASU MOUNTAIN HOME,100000046349303,A,16288,A,1900-01-01T00:00:00.000+00:00,4712-12-31T00:00:00.000+00:00,Y,P,N,6478,1600 S COLLEGE ST,,,,MOUNTAIN HOME,72653,AR,US,
TRINITY REFRIGERATION,16714,100000046345956,100000046354574,BILL_TO,100000046341570,5079,TRINITY REFRIGERATION,100000046350706,A,16877,A,1900-01-01T00:00:00.000+00:00,4712-12-31T00:00:00.000+00:00,Y,P,N,6261,PO BOX 479,,,,OAKLAND,38060,TN,US,
BENNETT AIR CONDITIONING INC,16715,100000046346549,100000046355381,BILL_TO,100000046341571,4704,BENNETT AIR CONDITIONING INC,100000046350331,A,17470,A,1900-01-01T00:00:00.000+00:00,4712-12-31T00:00:00.000+00:00,Y,P,N,7068,2311 60TH ST,,,,HAMPTON,23661,VA,US,
SMCG SERVICES,16716,100000046344521,100000046354210,BILL_TO,100000046341572,3942,SMCG SERVICES,100000046349569,A,15442,A,1900-01-01T00:00:00.000+00:00,4712-12-31T00:00:00.000+00:00,Y,P,N,5897,3205 NY-112,,,,MEDFORD,11763,NY,US,
REED'S HEATING,16717,100000046345387,100000046354212,BILL_TO,100000046341573,3945,REED'S HEATING,100000046349572,A,16308,A,1900-01-01T00:00:00.000+00:00,4712-12-31T00:00:00.000+00:00,Y,P,N,5899,3641 DRY CREEK RD,,,,PASO ROBLES,93446,CA,US,
OBION CO BOARD OF EDUCATION,16718,100000046345942,100000046355385,BILL_TO,100000046341574,3680,OBION CO BOARD OF EDUCATION,100000046349307,A,16863,A,1900-01-01T00:00:00.000+00:00,4712-12-31T00:00:00.000+00:00,Y,P,N,7072,802 CC GURIEN DR,,,,TROY,38260,TN,US,
PONTOTOC HEALTH SERVICES,16719,100000046344881,100000046355188,BILL_TO,100000046341575,5122,PONTOTOC HEALTH SERVICES,100000046350749,A,15802,A,1900-01-01T00:00:00.000+00:00,4712-12-31T00:00:00.000+00:00,Y,P,N,6875,176 S MAIN ST,,,,PONTOTOC,38863,MS,US,
AIRE SERV OF TIPTON COUNTY / M,16720,100000046344883,100000046354807,BILL_TO,100000046341576,4463,AIRE SERV OF TIPTON COUNTY / M,100000046350090,A,15804,A,1900-01-01T00:00:00.000+00:00,4712-12-31T00:00:00.000+00:00,Y,P,N,6494,1289 ATOKA IDAVILLE RD,,,,ATOKA,38004,TN,US,
CHARTWELL HOSPITALITY,16721,100000046345138,100000046353656,BILL_TO,100000046341577,4712,CHARTWELL HOSPITALITY,100000046350339,A,16059,A,1900-01-01T00:00:00.000+00:00,4712-12-31T00:00:00.000+00:00,Y,P,N,5343,5000 MERIDIAN BLVD,,,,FRANKLIN,37067,TN,US,
JACKSON MADISON REGIONAL HEALT,16722,100000046344528,100000046354811,BILL_TO,100000046341578,3947,JACKSON MADISON REGIONAL HEALT,100000046349574,A,15449,A,1900-01-01T00:00:00.000+00:00,4712-12-31T00:00:00.000+00:00,Y,P,N,6498,804 N PKWY,,,,JACKSON,38305,TN,US,
JIM BROWN CONSTRUCTION CO,16723,100000046345287,100000046353861,BILL_TO,100000046341579,4629,JIM BROWN CONSTRUCTION CO,100000046350256,A,16208,A,1900-01-01T00:00:00.000+00:00,4712-12-31T00:00:00.000+00:00,Y,P,N,5548,PO BOX 2218,,,,MOUNTAIN HOME,72654,AR,US,
JIM BROWN CONSTRUCTION CO,16723,100000046345288,100000046354402,BILL_TO,100000046341579,4629,JIM BROWN CONSTRUCTION CO,100000046350256,A,16209,A,1900-01-01T00:00:00.000+00:00,4712-12-31T00:00:00.000+00:00,N,Y,N,6089,1541 HWY 201 N,,,,MOUNTAIN HOME,72654,AR,US,
BWI COMPANIES,16724,100000046345606,100000046354540,BILL_TO,100000046341580,4598,BWI COMPANIES,100000046350225,A,16527,A,1900-01-01T00:00:00.000+00:00,4712-12-31T00:00:00.000+00:00,Y,P,N,6227,PO BOX 990,,,,NASH,75569,TX,US,
USDA AMS COTTON DIVISION,16725,100000046344809,100000046355018,BILL_TO,100000046341581,3584,USDA AMS COTTON DIVISION,100000046349211,A,15730,A,1900-01-01T00:00:00.000+00:00,4712-12-31T00:00:00.000+00:00,Y,P,N,6705,3275 APPLING RD,,,,MEMPHIS,38133,TN,US,
CARRIER/JLL,16726,100000046345289,100000046354542,BILL_TO,100000046341582,4631,CARRIER/JLL,100000046350258,A,16210,A,1900-01-01T00:00:00.000+00:00,4712-12-31T00:00:00.000+00:00,Y,P,N,6229,PO BOX 4817,,,,PORTLAND,97208,OR,US,
BURCH CORPORATION,16727,100000046344745,100000046354080,BILL_TO,100000046341583,4952,BURCH CORPORATION,100000046350579,A,15666,A,1900-01-01T00:00:00.000+00:00,4712-12-31T00:00:00.000+00:00,Y,P,N,5767,216 S OPORTO MADRID BLVD,,,,BIRMINGHAM,35206,AL,US,
URBANARCH ASSOCIATES,16728,100000046346201,100000046353862,BILL_TO,100000046341584,3597,URBANARCH ASSOCIATES,100000046349224,A,17122,A,1900-01-01T00:00:00.000+00:00,4712-12-31T00:00:00.000+00:00,Y,P,N,5549,498 S MAIN,,,,MEMPHIS,38103,TN,US,
NLA RIDGELAND LLC,16729,100000046345844,100000046354131,BILL_TO,100000046341585,4953,NLA RIDGELAND LLC,100000046350580,A,16765,A,1900-01-01T00:00:00.000+00:00,4712-12-31T00:00:00.000+00:00,Y,P,N,5818,1385 INDUSTRIAL DR,,,,BOLTON,39041,MS,US,
THERMAL RECOVERY SYSTEMS INC,16730,100000046344751,100000046355220,BILL_TO,100000046341586,4637,THERMAL RECOVERY SYSTEMS INC,100000046350264,A,15672,A,1900-01-01T00:00:00.000+00:00,4712-12-31T00:00:00.000+00:00,Y,P,N,6907,4942 HAMMERMILL RD,,,,TUCKER,30084,GA,US,
CONRAD ANDERSON CO INC,16731,100000046344815,100000046355221,BILL_TO,100000046341587,3862,CONRAD ANDERSON CO INC,100000046349489,A,15736,A,1900-01-01T00:00:00.000+00:00,4712-12-31T00:00:00.000+00:00,Y,P,N,6908,PO BOX 1285,,,,NATCHEZ,39121,MS,US,
CATSKILL HOSPITALITY LLC,16732,100000046345846,100000046353866,BILL_TO,100000046341588,4143,CATSKILL HOSPITALITY LLC,100000046349770,A,16767,A,1900-01-01T00:00:00.000+00:00,4712-12-31T00:00:00.000+00:00,Y,P,N,5553,16 RACEWAY RD,,,,MONTICELLO,12701,NY,US,
LITTLE YORK CAPITAL,16733,100000046344755,100000046354135,BILL_TO,100000046341589,5313,LITTLE YORK CAPITAL,100000046350940,A,15676,A,1900-01-01T00:00:00.000+00:00,4712-12-31T00:00:00.000+00:00,Y,P,N,5822,PO BOX 4644,,,,JACKSON,39296,MS,US,
WENZEL HEATING & AC,16734,100000046345047,100000046353871,BILL_TO,100000046341590,3865,WENZEL HEATING & AC,100000046349492,A,15968,A,1900-01-01T00:00:00.000+00:00,4712-12-31T00:00:00.000+00:00,Y,P,N,5558,4145 OLD SIBLEY HWY,,,,EAGAN,55122,MN,US,
JACKSON PUBLIC SCHOOLS,16735,100000046345849,100000046354550,BILL_TO,100000046341591,4412,JACKSON PUBLIC SCHOOLS,100000046350039,A,16770,A,1900-01-01T00:00:00.000+00:00,4712-12-31T00:00:00.000+00:00,Y,P,N,6237,PO BOX 2338,,,,JACKSON,39225-2338,MS,US,
SALVATION ARMY KROC CENTER,16736,100000046345851,100000046355225,BILL_TO,100000046341592,5317,SALVATION ARMY KROC CENTER,100000046350944,A,16772,A,1900-01-01T00:00:00.000+00:00,4712-12-31T00:00:00.000+00:00,Y,P,N,6912,800 E PKWY S,,,,MEMPHIS,38104,TN,US,
MCCOY'S HEATING & AIR,16737,100000046345301,100000046353875,BILL_TO,100000046341593,4963,MCCOY'S HEATING & AIR,100000046350590,A,16222,A,1900-01-01T00:00:00.000+00:00,4712-12-31T00:00:00.000+00:00,Y,P,N,5562,138 MILL MASTERS DR,,,,JACKSON,38305,TN,US,
MEMPHIS JOB CORPS FINANCE DEPT,16738,100000046346485,100000046354089,BILL_TO,100000046341594,4151,MEMPHIS JOB CORPS FINANCE DEPT,100000046349778,A,17406,A,1900-01-01T00:00:00.000+00:00,4712-12-31T00:00:00.000+00:00,Y,P,N,5776,1555 MCALISTER - ATTN: FINANCE DEPT,,,,MEMPHIS,38116,TN,US,
TYSON CORPORATE OFFICE,16739,100000046345618,100000046354420,BILL_TO,100000046341595,4605,TYSON CORPORATE OFFICE,100000046350232,A,16539,A,1900-01-01T00:00:00.000+00:00,4712-12-31T00:00:00.000+00:00,Y,P,N,6107,2210 W OAKLAWN DR,,,,SPRINGDALE,72764,AR,US,
HOLIDAY INN EXPRESS,16740,100000046344761,100000046353877,BILL_TO,100000046341596,4417,HOLIDAY INN EXPRESS,100000046350044,A,15682,A,1900-01-01T00:00:00.000+00:00,4712-12-31T00:00:00.000+00:00,N,Y,N,5564,500 E I-20,,,,MARSHALL,75672,TX,US,
HOLIDAY INN EXPRESS,16740,100000046344762,100000046354555,BILL_TO,100000046341596,4417,HOLIDAY INN EXPRESS,100000046350044,A,15683,A,1900-01-01T00:00:00.000+00:00,4712-12-31T00:00:00.000+00:00,N,Y,N,6242,120 DEENA COVE,,,,COVINGTON,38019,TN,US,
HOLIDAY INN EXPRESS,16740,100000046344763,100000046353611,BILL_TO,100000046341596,4417,HOLIDAY INN EXPRESS,100000046350044,A,15684,A,1900-01-01T00:00:00.000+00:00,4712-12-31T00:00:00.000+00:00,N,Y,N,5298,160 W COMMERCE,,,,GULFSHORES,36542,AL,US,
HOLIDAY INN EXPRESS,16740,100000046344823,100000046355033,BILL_TO,100000046341596,4417,HOLIDAY INN EXPRESS,100000046350044,A,15744,A,1900-01-01T00:00:00.000+00:00,4712-12-31T00:00:00.000+00:00,N,Y,N,6720,2903 PINES MALL DR,,,,PINE BLUFF,71601,AR,US,
HOLIDAY INN EXPRESS,16740,100000046345050,100000046355226,BILL_TO,100000046341596,4417,HOLIDAY INN EXPRESS,100000046350044,A,15971,A,1900-01-01T00:00:00.000+00:00,4712-12-31T00:00:00.000+00:00,N,Y,N,6913,112 HERITAGE DR,,,,OXFORD,38655,MS,US,
HOLIDAY INN EXPRESS,16740,100000046345051,100000046354422,BILL_TO,100000046341596,4417,HOLIDAY INN EXPRESS,100000046350044,A,15972,A,1900-01-01T00:00:00.000+00:00,4712-12-31T00:00:00.000+00:00,N,Y,N,6109,1150 W PRIEN LAKE RD,,,,LAKE CHARLES,70601,LA,US,
HOLIDAY INN EXPRESS,16740,100000046345052,100000046353876,BILL_TO,100000046341596,4417,HOLIDAY INN EXPRESS,100000046350044,A,15973,A,1900-01-01T00:00:00.000+00:00,4712-12-31T00:00:00.000+00:00,N,Y,N,5563,220 ELDRIDGE RD,,,,FORREST CITY,72336,AR,US,
HOLIDAY INN EXPRESS,16740,100000046345053,100000046354423,BILL_TO,100000046341596,4417,HOLIDAY INN EXPRESS,100000046350044,A,15974,A,1900-01-01T00:00:00.000+00:00,4712-12-31T00:00:00.000+00:00,N,Y,N,6110,4545 COWHORN CREEK RD,,,,TEXARKANA,75503,TX,US,
HOLIDAY INN EXPRESS,16740,100000046345054,100000046353610,BILL_TO,100000046341596,4417,HOLIDAY INN EXPRESS,100000046350044,A,15975,A,1900-01-01T00:00:00.000+00:00,4712-12-31T00:00:00.000+00:00,N,Y,N,5297,2700 PERKINS RD,,,,MEMPHIS,38118,TN,US,
HOLIDAY INN EXPRESS,16740,100000046345304,100000046354554,BILL_TO,100000046341596,4417,HOLIDAY INN EXPRESS,100000046350044,A,16225,A,1900-01-01T00:00:00.000+00:00,4712-12-31T00:00:00.000+00:00,N,Y,N,6241,7237 SCREST PKWY,,,,SOUTHAVEN,38671,MS,US,
HOLIDAY INN EXPRESS,16740,100000046345305,100000046354090,BILL_TO,100000046341596,4417,HOLIDAY INN EXPRESS,100000046350044,A,16226,A,1900-01-01T00:00:00.000+00:00,4712-12-31T00:00:00.000+00:00,N,Y,N,5777,4284 HWY 51,,,,LAPLACE,70068,LA,US,
HOLIDAY INN EXPRESS,16740,100000046345619,100000046354144,BILL_TO,100000046341596,4417,HOLIDAY INN EXPRESS,100000046350044,A,16540,A,1900-01-01T00:00:00.000+00:00,4712-12-31T00:00:00.000+00:00,N,Y,N,5831,5100 NATORP BLVD,,,,MASON,45040,OH,US,
HOLIDAY INN EXPRESS,16740,100000046345620,100000046354424,BILL_TO,100000046341596,4417,HOLIDAY INN EXPRESS,100000046350044,A,16541,A,1900-01-01T00:00:00.000+00:00,4712-12-31T00:00:00.000+00:00,N,Y,N,6111,4068 STANSELL CT,,,,MEMPHIS,38125,TN,US,
HOLIDAY INN EXPRESS,16740,100000046346215,100000046353609,BILL_TO,100000046341596,4417,HOLIDAY INN EXPRESS,100000046350044,A,17136,A,1900-01-01T00:00:00.000+00:00,4712-12-31T00:00:00.000+00:00,Y,P,N,5296,5090 COPPER CREEK DR,,,,MILLINGTON,38053,TN,US,
HOLIDAY INN EXPRESS,16740,100000046346486,100000046355032,BILL_TO,100000046341596,4417,HOLIDAY INN EXPRESS,100000046350044,A,17407,A,1900-01-01T00:00:00.000+00:00,4712-12-31T00:00:00.000+00:00,N,Y,N,6719,400 N BLVD,,,,BATON ROUGE,70802,LA,US,
GSM SERVICES,16741,100000046346217,100000046355034,BILL_TO,100000046341597,5319,GSM SERVICES,100000046350946,A,17138,A,1900-01-01T00:00:00.000+00:00,4712-12-31T00:00:00.000+00:00,Y,P,N,6721,1535 W MAY ST,,,,GASTONIA,28052,NC,US,
NEW BALLET ENSEMBLE,16742,100000046346218,100000046355229,BILL_TO,100000046341598,3871,NEW BALLET ENSEMBLE,100000046349498,A,17139,A,1900-01-01T00:00:00.000+00:00,4712-12-31T00:00:00.000+00:00,Y,P,N,6916,2157 YORK AVE,,,,MEMPHIS,38104,TN,US,
BALL MECHANICAL INC,16743,100000046345310,100000046354560,BILL_TO,100000046341599,4982,BALL MECHANICAL INC,100000046350609,A,16231,A,1900-01-01T00:00:00.000+00:00,4712-12-31T00:00:00.000+00:00,Y,P,N,6247,PO BOX 1127,,,,MADISON,39130,MS,US,
WATTMASTER CONTROLS,16744,100000046346491,100000046353617,BILL_TO,100000046341600,4989,WATTMASTER CONTROLS,100000046350616,A,17412,A,1900-01-01T00:00:00.000+00:00,4712-12-31T00:00:00.000+00:00,Y,P,N,5304,8500 NW RIVER PARK DR,,,,PARKVILLE,64152,MO,US,
KRUTI HOSPITALITY LA QUINTA,16745,100000046345622,100000046354097,BILL_TO,100000046341601,3878,KRUTI HOSPITALITY LA QUINTA,100000046349505,A,16543,A,1900-01-01T00:00:00.000+00:00,4712-12-31T00:00:00.000+00:00,Y,P,N,5784,2839 NEW BRUNSWICK RD,,,,MEMPHIS,38133,TN,US,
ASSISI FOUNDATION OF MEMPHIS,16746,100000046345064,100000046354577,BILL_TO,100000046341602,3879,ASSISI FOUNDATION OF MEMPHIS,100000046349506,A,15985,A,1900-01-01T00:00:00.000+00:00,4712-12-31T00:00:00.000+00:00,Y,P,N,6264,515 ERIN DR,,,,MEMPHIS,38117,TN,US,
CROCKETT COUNTY BOARD OF ED,16747,100000046346229,100000046355082,BILL_TO,100000046341603,3882,CROCKETT COUNTY BOARD OF ED,100000046349509,A,17150,A,1900-01-01T00:00:00.000+00:00,4712-12-31T00:00:00.000+00:00,Y,P,N,6769,102 N CAVALIER DR,,,,ALAMO,38001,TN,US,
MEMPHIS UNIVERSITY SCHOOL,16748,100000046346230,100000046354477,BILL_TO,100000046341604,5322,MEMPHIS UNIVERSITY SCHOOL,100000046350949,A,17151,A,1900-01-01T00:00:00.000+00:00,4712-12-31T00:00:00.000+00:00,Y,P,N,6164,6191 PARK AVE,,,,MEMPHIS,38119-5305,TN,US,
MAACO AMERICA'S BODYSHOP,16749,100000046345315,100000046355235,BILL_TO,100000046341605,4991,MAACO AMERICA'S BODYSHOP,100000046350618,A,16236,A,1900-01-01T00:00:00.000+00:00,4712-12-31T00:00:00.000+00:00,Y,P,N,6922,5653 MT MORIAH,,,,MEMPHIS,38115,TN,US,
ALDEN MECHANICAL,16750,100000046345065,100000046354578,BILL_TO,100000046341606,3615,ALDEN MECHANICAL,100000046349242,A,15986,A,1900-01-01T00:00:00.000+00:00,4712-12-31T00:00:00.000+00:00,Y,P,N,6265,105 NEWTOWN RD,,,,WALLA WALLA,99362,WA,US,
THIRD CHURCH OF CHRIST,16751,100000046345862,100000046353623,BILL_TO,100000046341607,4651,THIRD CHURCH OF CHRIST,100000046350278,A,16783,A,1900-01-01T00:00:00.000+00:00,4712-12-31T00:00:00.000+00:00,Y,P,N,5310,3535 CENTRAL AVE,,,,MEMPHIS,38111-6003,TN,US,
PHELPS ELECTRIC INC,16752,100000046345863,100000046355237,BILL_TO,100000046341608,4653,PHELPS ELECTRIC INC,100000046350280,A,16784,A,1900-01-01T00:00:00.000+00:00,4712-12-31T00:00:00.000+00:00,Y,P,N,6924,6676 REESE RD,,,,MEMPHIS,38133,TN,US,
J & S PROFESSIONAL SERVICES,16753,100000046344643,100000046353965,BILL_TO,100000046341609,4007,J & S PROFESSIONAL SERVICES,100000046349634,A,15564,A,1900-01-01T00:00:00.000+00:00,4712-12-31T00:00:00.000+00:00,Y,P,N,5652,PO BOX 702,,,,PARIS,38242,TN,US,
MS GULF COAST COMM COLLEGE,16754,100000046344614,100000046354973,BILL_TO,100000046341610,4841,MS GULF COAST COMM COLLEGE,100000046350468,A,15535,A,1900-01-01T00:00:00.000+00:00,4712-12-31T00:00:00.000+00:00,Y,P,N,6660,PO BOX 609,,,,PERKINSTON,39573,MS,US,
RIVER CITY REFRIGERATION,16755,100000046346365,100000046353736,BILL_TO,100000046341611,4307,RIVER CITY REFRIGERATION,100000046349934,A,17286,A,1900-01-01T00:00:00.000+00:00,4712-12-31T00:00:00.000+00:00,Y,P,N,5423,309 S HIGH ST,,,,WAYNESBORO,38485,TN,US,
DIXIE AIR & HEATING INC,16756,100000046345772,100000046353737,BILL_TO,100000046341612,4843,DIXIE AIR & HEATING INC,100000046350470,A,16693,A,1900-01-01T00:00:00.000+00:00,4712-12-31T00:00:00.000+00:00,Y,P,N,5424,706 JANE ST,,,,WAYCROSS,31501,GA,US,
WOODSON BOZEMAN INC,16757,100000046344945,100000046354974,BILL_TO,100000046341613,3485,WOODSON BOZEMAN INC,100000046349112,A,15866,A,1900-01-01T00:00:00.000+00:00,4712-12-31T00:00:00.000+00:00,Y,P,N,6661,3870 NEW GETWELL RD,,,,MEMPHIS,38118,TN,US,
JUST EVERYTHING HEATING & AIR,16758,100000046346367,100000046353970,BILL_TO,100000046341614,3486,JUST EVERYTHING HEATING & AIR,100000046349113,A,17288,A,1900-01-01T00:00:00.000+00:00,4712-12-31T00:00:00.000+00:00,Y,P,N,5657,1030 N MOUNTAIN AVE,,,,ONTARIO,91762,CA,US,
HARDGARD LLC,16759,100000046346628,100000046353973,BILL_TO,100000046341615,5201,HARDGARD LLC,100000046350828,A,17549,A,1900-01-01T00:00:00.000+00:00,4712-12-31T00:00:00.000+00:00,Y,P,N,5660,801 S BAGDAD RD,,,,LEANDER,78641,TX,US,
P & T CONSTRUCTION,16760,100000046346055,100000046353742,BILL_TO,100000046341616,3801,P & T CONSTRUCTION,100000046349428,A,16976,A,1900-01-01T00:00:00.000+00:00,4712-12-31T00:00:00.000+00:00,Y,P,N,5429,265 MALVERN ST,,,,MEMPHIS,38104,TN,US,
DUNBAR MECHANICAL,16761,100000046344621,100000046354363,BILL_TO,100000046341617,3802,DUNBAR MECHANICAL,100000046349429,A,15542,A,1900-01-01T00:00:00.000+00:00,4712-12-31T00:00:00.000+00:00,Y,P,N,6050,7027 HARTSVILLE RD,,,,DIXON SPRINGS,37057,TN,US,
HATTIESBURG LODGING GROUP LLC,16762,100000046346058,100000046354984,BILL_TO,100000046341618,4016,HATTIESBURG LODGING GROUP LLC,100000046349643,A,16979,A,1900-01-01T00:00:00.000+00:00,4712-12-31T00:00:00.000+00:00,Y,P,N,6671,309 S 16TH AVE,,,,HATTIESBURG,39440,MS,US,
ESKEWS HOTSHOT ELECTRIC,16763,100000046345478,100000046354766,BILL_TO,100000046341619,3301,ESKEWS HOTSHOT ELECTRIC,100000046348928,A,16399,A,1900-01-01T00:00:00.000+00:00,4712-12-31T00:00:00.000+00:00,Y,P,N,6453,1018 COUNTY RD 194,,,,BLUE SPRINGS,38828,MS,US,
FOREST HOSPITALITY,16764,100000046345480,100000046354987,BILL_TO,100000046341620,4856,FOREST HOSPITALITY,100000046350483,A,16401,A,1900-01-01T00:00:00.000+00:00,4712-12-31T00:00:00.000+00:00,Y,P,N,6674,800 15TH ST E,,,,MERIDAN,39202,MS,US,
VISKASE,16765,100000046345481,100000046353989,BILL_TO,100000046341621,5206,VISKASE,100000046350833,A,16402,A,1900-01-01T00:00:00.000+00:00,4712-12-31T00:00:00.000+00:00,Y,P,N,5676,106 BLAIR BEND DR,,,,LOUDON,37774,TN,US,
LINKOUS CONSTRUCTION,16766,100000046344655,100000046354988,BILL_TO,100000046341622,4857,LINKOUS CONSTRUCTION,100000046350484,A,15576,A,1900-01-01T00:00:00.000+00:00,4712-12-31T00:00:00.000+00:00,Y,P,N,6675,1661 AARON BRENNER DR,,,,MEMPHIS,38120,TN,US,
HVAC SYSTEM OF TX,16767,100000046345789,100000046353991,BILL_TO,100000046341623,5210,HVAC SYSTEM OF TX,100000046350837,A,16710,A,1900-01-01T00:00:00.000+00:00,4712-12-31T00:00:00.000+00:00,Y,P,N,5678,13889 CR 426,,,,LINDALE,75771,TX,US,
QUALITY INN & SUITES,16768,100000046346639,100000046353432,BILL_TO,100000046341624,3500,QUALITY INN & SUITES,100000046349127,A,17560,A,1900-01-01T00:00:00.000+00:00,4712-12-31T00:00:00.000+00:00,Y,P,N,5119,7787 WOLF RIVER BLVD,,,,GERMANTOWN,38138,TN,US,
WILLIAM A HARRISON INC,16769,100000046346641,100000046355366,BILL_TO,100000046341625,4023,WILLIAM A HARRISON INC,100000046349650,A,17562,A,1900-01-01T00:00:00.000+00:00,4712-12-31T00:00:00.000+00:00,Y,P,N,7053,1501 WPARK DR STE 9,,,,LITTLE ROCK,72204,AR,US,
HIGHLANDS PRESBYTERIAN CHURCH,16770,100000046346643,100000046354774,BILL_TO,100000046341626,4865,HIGHLANDS PRESBYTERIAN CHURCH,100000046350492,A,17564,A,1900-01-01T00:00:00.000+00:00,4712-12-31T00:00:00.000+00:00,Y,P,N,6461,1160 HIGHLAND COLONY PKWY,,,,RIDGELAND,39517,MS,US,
ONEPLUS TECHNOLOGIES INC,16771,100000046346385,100000046354783,BILL_TO,100000046341627,5217,ONEPLUS TECHNOLOGIES INC,100000046350844,A,17306,A,1900-01-01T00:00:00.000+00:00,4712-12-31T00:00:00.000+00:00,Y,P,N,6470,305 GREENWOOD DR,,,,LILBURN,30047,GA,US,
THE REGIONAL MEDICAL CENTER OF MEMPHIS,16772,100000046344960,100000046355373,BILL_TO,100000046341628,4323,THE REGIONAL MEDICAL CENTER OF MEMPHIS,100000046349950,A,15881,A,1900-01-01T00:00:00.000+00:00,4712-12-31T00:00:00.000+00:00,Y,P,N,7060,877 JEFFERSON AVE,,,,MEMPHIS,38103,TN,US,
KAREN BOOTH,16773,100000046344668,100000046355041,BILL_TO,100000046341629,3317,KAREN BOOTH,100000046348944,A,15589,A,1900-01-01T00:00:00.000+00:00,4712-12-31T00:00:00.000+00:00,Y,P,N,6728,7416 GREENBROOK PKWY,,,,SOUTHAVEN,38671,MS,US,
DESIGN AIR,16774,100000046345494,100000046354378,BILL_TO,100000046341630,4519,DESIGN AIR,100000046350146,A,16415,A,1900-01-01T00:00:00.000+00:00,4712-12-31T00:00:00.000+00:00,Y,P,N,6065,1201 N 19TH ST,,,,DECATUR,62521,IL,US,
CONDITIONED AIR INC,16775,100000046344673,100000046354833,BILL_TO,100000046341631,4870,CONDITIONED AIR INC,100000046350497,A,15594,A,1900-01-01T00:00:00.000+00:00,4712-12-31T00:00:00.000+00:00,Y,P,N,6520,PO BOX 2055,,,,TUPELO,38803,MS,US,
SOUTHERN PINES CONSTRUCTION,16776,100000046346112,100000046354004,BILL_TO,100000046341632,4036,SOUTHERN PINES CONSTRUCTION,100000046349663,A,17033,A,1900-01-01T00:00:00.000+00:00,4712-12-31T00:00:00.000+00:00,Y,P,N,5691,405 OAKLEIGH CIR,,,,BRANDON,39047,MS,US,
HOBBS & ASSOCIATES COLUMBIAMD,16777,100000046346391,100000046355424,BILL_TO,100000046341633,4331,HOBBS & ASSOCIATES COLUMBIAMD,100000046349958,A,17312,A,1900-01-01T00:00:00.000+00:00,4712-12-31T00:00:00.000+00:00,Y,P,N,7111,8300 GUIFORD RD,,,,COLUMBIA,21046,MD,US,
SHARKHEADS,16778,100000046346113,100000046353759,BILL_TO,100000046341634,3829,SHARKHEADS,100000046349456,A,17034,A,1900-01-01T00:00:00.000+00:00,4712-12-31T00:00:00.000+00:00,Y,P,N,5446,1703 BEACH BLVD,,,,BILOXI,39531,MS,US,
PRO-TECH MECHANICAL CONTRACTORS ARUBA NV,16779,100000046344971,100000046353760,BILL_TO,100000046341635,3325,PRO-TECH MECHANICAL CONTRACTORS ARUBA NV,100000046348952,A,15892,A,1900-01-01T00:00:00.000+00:00,4712-12-31T00:00:00.000+00:00,Y,P,N,5447,SEROE BLANCO 14-A,,,,ORANJESTAD,,,US,
TRADITIONAL CONSTRUCTION CO,16780,100000046346087,100000046353457,BILL_TO,100000046341636,3509,TRADITIONAL CONSTRUCTION CO,100000046349136,A,17008,A,1900-01-01T00:00:00.000+00:00,4712-12-31T00:00:00.000+00:00,Y,P,N,5144,1706 BARTLETT RD,,,,MEMPHIS,38134,TN,US,
KROGER CORP,16781,100000046344975,100000046354435,BILL_TO,100000046341637,3510,KROGER CORP,100000046349137,A,15896,A,1900-01-01T00:00:00.000+00:00,4712-12-31T00:00:00.000+00:00,Y,P,N,6122,9025 HWY 64,,,,LAKELAND,38016,TN,US,
ISH KRUPPA LLC,16782,100000046345516,100000046355434,BILL_TO,100000046341638,4043,ISH KRUPPA LLC,100000046349670,A,16437,A,1900-01-01T00:00:00.000+00:00,4712-12-31T00:00:00.000+00:00,Y,P,N,7121,4160 PHILADELPHIA RD,,,,BEL AIR,21015,MD,US,
DELTA SOUTHERN LLC,16783,100000046345179,100000046353276,BILL_TO,100000046341639,3744,DELTA SOUTHERN LLC,100000046349371,A,16100,A,1900-01-01T00:00:00.000+00:00,4712-12-31T00:00:00.000+00:00,Y,P,N,4963,2186 SIMMONS RD,,,,DRUMMONDS,38023,TN,US,
HUGHES HEATING & COOLING,16784,100000046345721,100000046354687,BILL_TO,100000046341640,3422,HUGHES HEATING & COOLING,100000046349049,A,16642,A,1900-01-01T00:00:00.000+00:00,4712-12-31T00:00:00.000+00:00,Y,P,N,6374,3726 BURDAN CV # 3,,,,MEMPHIS,38118,TN,US,
LITTLE ROCK SCHOOL DISTRICT,16785,100000046344578,100000046353278,BILL_TO,100000046341641,4473,LITTLE ROCK SCHOOL DISTRICT,100000046350100,A,15499,A,1900-01-01T00:00:00.000+00:00,4712-12-31T00:00:00.000+00:00,Y,P,N,4965,3601 S BRYANT ST,,,,LITTLE ROCK,72204,AR,US,
FRIEMEL LOVE CO,16786,100000046345724,100000046353707,BILL_TO,100000046341642,4475,FRIEMEL LOVE CO,100000046350102,A,16645,A,1900-01-01T00:00:00.000+00:00,4712-12-31T00:00:00.000+00:00,Y,P,N,5394,7704 BIG BEND BLVD,,,,ST LOUIS,63119,MO,US,
GANSMAN SHEET METAL,16787,100000046346019,100000046355269,BILL_TO,100000046341643,4266,GANSMAN SHEET METAL,100000046349893,A,16940,A,1900-01-01T00:00:00.000+00:00,4712-12-31T00:00:00.000+00:00,Y,P,N,6956,8251 INDUSTRIAL DR,,,,OLIVE BRANCH,38654,MS,US,
BERNHARD MCC LLC,16788,100000046345183,100000046353281,BILL_TO,100000046341644,5172,BERNHARD MCC LLC,100000046350799,A,16104,A,1900-01-01T00:00:00.000+00:00,4712-12-31T00:00:00.000+00:00,Y,P,N,4968,PO BOX 7460,,,,METAIRIE,70001,LA,US,
BERNHARD MCC LLC,16788,100000046346022,100000046355271,BILL_TO,100000046341644,5172,BERNHARD MCC LLC,100000046350799,A,16943,A,1900-01-01T00:00:00.000+00:00,4712-12-31T00:00:00.000+00:00,N,Y,N,6958,21180 JOHNSON RD,,,,LONG BEACH,39560,MS,US,
FCP MANAGEMENT,16789,100000046344932,100000046354281,BILL_TO,100000046341645,3979,FCP MANAGEMENT,100000046349606,A,15853,A,1900-01-01T00:00:00.000+00:00,4712-12-31T00:00:00.000+00:00,Y,P,N,5968,6363 POPLAR AVE STE 400,,,,MEMPHIS,38119,TN,US,
THE VICKSBURG APARTMENTS,16790,100000046345438,100000046354282,BILL_TO,100000046341646,5174,THE VICKSBURG APARTMENTS,100000046350801,A,16359,A,1900-01-01T00:00:00.000+00:00,4712-12-31T00:00:00.000+00:00,Y,P,N,5969,801 CLAY ST,,,,VICKSBURG,39183,MS,US,
ALPINE HEATING & COOLING,16791,100000046344583,100000046354899,BILL_TO,100000046341647,4812,ALPINE HEATING & COOLING,100000046350439,A,15504,A,1900-01-01T00:00:00.000+00:00,4712-12-31T00:00:00.000+00:00,Y,P,N,6586,PO BOX 201,,,,WILMOT,44689,OH,US,
ALPINE HEATING & COOLING,16791,100000046345731,100000046355274,BILL_TO,100000046341647,4812,ALPINE HEATING & COOLING,100000046350439,A,16652,A,1900-01-01T00:00:00.000+00:00,4712-12-31T00:00:00.000+00:00,N,Y,N,6961,17600 DOVER RD,,,,WILMOT,44689,OH,US,
WOODBURY TECHNICAL,16792,100000046346599,100000046354693,BILL_TO,100000046341648,4272,WOODBURY TECHNICAL,100000046349899,A,17520,A,1900-01-01T00:00:00.000+00:00,4712-12-31T00:00:00.000+00:00,Y,P,N,6380,300 S RODNEY PARHAM,,,,LITTLE ROCK,72205,AR,US,
WURZEL BUILDERS,16793,100000046346025,100000046353286,BILL_TO,100000046341649,4480,WURZEL BUILDERS,100000046350107,A,16946,A,1900-01-01T00:00:00.000+00:00,4712-12-31T00:00:00.000+00:00,Y,P,N,4973,630 RALPH ALBLANEDO BLDG 1,,,,AUSTIN,78746,TX,US,
MLM MEDICAL LABS,16794,100000046345733,100000046353935,BILL_TO,100000046341650,3757,MLM MEDICAL LABS,100000046349384,A,16654,A,1900-01-01T00:00:00.000+00:00,4712-12-31T00:00:00.000+00:00,Y,P,N,5622,140 COLLINS ST,,,,MEMPHIS,38112,TN,US,
METRO HEATING & A/C,16795,100000046345739,100000046353396,BILL_TO,100000046341651,5178,METRO HEATING & A/C,100000046350805,A,16660,A,1900-01-01T00:00:00.000+00:00,4712-12-31T00:00:00.000+00:00,Y,P,N,5083,4731 NWEST PKWY,,,,HILLIARD,43026,OH,US,
AIR EQUIPMENT,16796,100000046344594,100000046353473,BILL_TO,100000046341652,3762,AIR EQUIPMENT,100000046349389,A,15515,A,1900-01-01T00:00:00.000+00:00,4712-12-31T00:00:00.000+00:00,Y,P,N,5160,1701 PAYNE ST,,,,LOUISVILLE,40206,KY,US,
CENTRAL BAPTIST CHURCH,16797,100000046346031,100000046354745,BILL_TO,100000046341653,4282,CENTRAL BAPTIST CHURCH,100000046349909,A,16952,A,1900-01-01T00:00:00.000+00:00,4712-12-31T00:00:00.000+00:00,Y,P,N,6432,5470 RALEIGH LAGRANGE RD,,,,MEMPHIS,38134,TN,US,
AIR REPS LLC,16798,100000046344599,100000046355286,BILL_TO,100000046341654,3765,AIR REPS LLC,100000046349392,A,15520,A,1900-01-01T00:00:00.000+00:00,4712-12-31T00:00:00.000+00:00,Y,P,N,6973,3290 146TH PL SE,,,,BELLEVUE,98007,WA,US,
CHICKASAW AIR CONDITIONING,16799,100000046345197,100000046353946,BILL_TO,100000046341655,3767,CHICKASAW AIR CONDITIONING,100000046349394,A,16118,A,1900-01-01T00:00:00.000+00:00,4712-12-31T00:00:00.000+00:00,Y,P,N,5633,2093 THOMAS RD,,,,MEMPHIS,38134,TN,US,
CULLEY MECHANICAL,16800,100000046345748,100000046353949,BILL_TO,100000046341656,3464,CULLEY MECHANICAL,100000046349091,A,16669,A,1900-01-01T00:00:00.000+00:00,4712-12-31T00:00:00.000+00:00,Y,P,N,5636,3805 HWY 79 S,,,,PARIS,38242,TN,US,
T BATCHELOR & SON INC,16801,100000046345751,100000046354292,BILL_TO,100000046341657,3770,T BATCHELOR & SON INC,100000046349397,A,16672,A,1900-01-01T00:00:00.000+00:00,4712-12-31T00:00:00.000+00:00,Y,P,N,5979,7570 ZEIGLER BLVD,,,,MOBILE,36608,AL,US,
ACTION AIR CONDITIONING INC,16802,100000046346035,100000046355333,BILL_TO,100000046341658,4290,ACTION AIR CONDITIONING INC,100000046349917,A,16956,A,1900-01-01T00:00:00.000+00:00,4712-12-31T00:00:00.000+00:00,Y,P,N,7020,8524 PASEO ALAMEDA NE,,,,ALBURQUERQUE,87113,NM,US,
JAISHRI HOSPITALITY LLC,16803,100000046346607,100000046353720,BILL_TO,100000046341659,3775,JAISHRI HOSPITALITY LLC,100000046349402,A,17528,A,1900-01-01T00:00:00.000+00:00,4712-12-31T00:00:00.000+00:00,Y,P,N,5407,2008 N JEFFERSON ST,,,,LAUREL,39440,MS,US,
WILLIAMS MECHANICAL SERVICES,16804,100000046344633,100000046353482,BILL_TO,100000046341660,4492,WILLIAMS MECHANICAL SERVICES,100000046350119,A,15554,A,1900-01-01T00:00:00.000+00:00,4712-12-31T00:00:00.000+00:00,Y,P,N,5169,3008 COLONY DR,,,,JONESBORO,72404,AR,US,
RDI MECHANICAL,16805,100000046346610,100000046353410,BILL_TO,100000046341661,5191,RDI MECHANICAL,100000046350818,A,17531,A,1900-01-01T00:00:00.000+00:00,4712-12-31T00:00:00.000+00:00,Y,P,N,5097,7150 BREEN,,,,HOUSTON,77086,TX,US,
ELLIS HEATING COMPANY,16806,100000046346611,100000046353483,BILL_TO,100000046341662,3995,ELLIS HEATING COMPANY,100000046349622,A,17532,A,1900-01-01T00:00:00.000+00:00,4712-12-31T00:00:00.000+00:00,Y,P,N,5170,PO BOX 1148,,,,PARIS,38242,TN,US,
GARRETT PLUMBING & HEATING,16807,100000046346038,100000046353411,BILL_TO,100000046341663,5192,GARRETT PLUMBING & HEATING,100000046350819,A,16959,A,1900-01-01T00:00:00.000+00:00,4712-12-31T00:00:00.000+00:00,Y,P,N,5098,30 MILLER AVE,,,,JACKSON,38305,TN,US,
ALPHA MECHANICAL SERVICE INC,16808,100000046344635,100000046353955,BILL_TO,100000046341664,3780,ALPHA MECHANICAL SERVICE INC,100000046349407,A,15556,A,1900-01-01T00:00:00.000+00:00,4712-12-31T00:00:00.000+00:00,Y,P,N,5642,7200 DISTRIBUTION DR,,,,LOUISVILLE,40258,KY,US,
COLLIERVILLE SCHOOLS,16809,100000046346041,100000046353723,BILL_TO,100000046341665,3998,COLLIERVILLE SCHOOLS,100000046349625,A,16962,A,1900-01-01T00:00:00.000+00:00,4712-12-31T00:00:00.000+00:00,Y,P,N,5410,146 COLLEGE ST,,,,COLLIERVILLE,38017,TN,US,
THOMAS & BETTS,16810,100000046346616,100000046353724,BILL_TO,100000046341666,3999,THOMAS & BETTS,100000046349626,A,17537,A,1900-01-01T00:00:00.000+00:00,4712-12-31T00:00:00.000+00:00,Y,P,N,5411,8735 HAMILTON RD,,,,SOUTHAVEN,38671,MS,US,
AIR COMFORT SYSTEMS,16811,100000046345760,100000046354961,BILL_TO,100000046341667,5194,AIR COMFORT SYSTEMS,100000046350821,A,16681,A,1900-01-01T00:00:00.000+00:00,4712-12-31T00:00:00.000+00:00,Y,P,N,6648,301 W PRESLEY BLVD,,,,MCCOMB,39648,MS,US,
DESOTO COUNTY SCHOOLS,16812,100000046346043,100000046355340,BILL_TO,100000046341668,4001,DESOTO COUNTY SCHOOLS,100000046349628,A,16964,A,1900-01-01T00:00:00.000+00:00,4712-12-31T00:00:00.000+00:00,Y,P,N,7027,5 E S ST,,,,HERNANDO,38632,MS,US,
FAITH LUTHERAN CHURCH,16813,100000046345690,100000046354650,BILL_TO,100000046341669,4467,FAITH LUTHERAN CHURCH,100000046350094,A,16611,A,1900-01-01T00:00:00.000+00:00,4712-12-31T00:00:00.000+00:00,Y,P,N,6337,507 NEW BYHALIA RD,,,,COLLIERVILLE,38017,TN,US,
JK MECHANICAL,16814,100000046345974,100000046353661,BILL_TO,100000046341670,4211,JK MECHANICAL,100000046349838,A,16895,A,1900-01-01T00:00:00.000+00:00,4712-12-31T00:00:00.000+00:00,Y,P,N,5348,7200 DEAN RD,,,,LAKE CORMORANT,38641,MS,US,
MULTI-CRAFT CONTRACTORS INC,16815,100000046346560,100000046353297,BILL_TO,100000046341671,5127,MULTI-CRAFT CONTRACTORS INC,100000046350754,A,17481,A,1900-01-01T00:00:00.000+00:00,4712-12-31T00:00:00.000+00:00,Y,P,N,4984,PO BOX 1760,,,,SPRINGDALE,72765,AR,US,
LJ EARLY COMPANY,16816,100000046345399,100000046354224,BILL_TO,100000046341672,5133,LJ EARLY COMPANY,100000046350760,A,16320,A,1900-01-01T00:00:00.000+00:00,4712-12-31T00:00:00.000+00:00,Y,P,N,5911,232 BROADWAY,,,,MENANDS,12204,NY,US,
FITE BUILDING COMPANY,16817,100000046345401,100000046354817,BILL_TO,100000046341673,3395,FITE BUILDING COMPANY,100000046349022,A,16322,A,1900-01-01T00:00:00.000+00:00,4712-12-31T00:00:00.000+00:00,Y,P,N,6504,3116 SEXTON RD SE,,,,DECATUR,35603,AL,US,
CAYCE MILL SUPPLY COMPANY,16818,100000046346302,100000046354818,BILL_TO,100000046341674,3688,CAYCE MILL SUPPLY COMPANY,100000046349315,A,17223,A,1900-01-01T00:00:00.000+00:00,4712-12-31T00:00:00.000+00:00,Y,P,N,6505,2225 PEMBROKE RD,,,,HOPKINSVILLE,42240,KY,US,
172ND AW CES,16819,100000046344895,100000046354226,BILL_TO,100000046341675,3952,172ND AW CES,100000046349579,A,15816,A,1900-01-01T00:00:00.000+00:00,4712-12-31T00:00:00.000+00:00,Y,P,N,5913,141 MILITARY DR,,,,JACKSON,39232,MS,US,
COLUMBIA DATA SYSTEMS INC,16820,100000046344535,100000046354821,BILL_TO,100000046341676,4719,COLUMBIA DATA SYSTEMS INC,100000046350346,A,15456,A,1900-01-01T00:00:00.000+00:00,4712-12-31T00:00:00.000+00:00,Y,P,N,6508,2002 OAKLAND PKWY,,,,COLUMBIA,38401,TN,US,
CROSSTOWN BUILDING OWNER LLC,16821,100000046346564,100000046354228,BILL_TO,100000046341677,5137,CROSSTOWN BUILDING OWNER LLC,100000046350764,A,17485,A,1900-01-01T00:00:00.000+00:00,4712-12-31T00:00:00.000+00:00,Y,P,N,5915,5101 WHEELIS DR STE 300,,,,MEMPHIS,38117,TN,US,
PARHAM HEATING & COOLING,16822,100000046345697,100000046354822,BILL_TO,100000046341678,4239,PARHAM HEATING & COOLING,100000046349866,A,16618,A,1900-01-01T00:00:00.000+00:00,4712-12-31T00:00:00.000+00:00,Y,P,N,6509,44 HUMBOLDT HWY,,,,TRENTON,38382,TN,US,
RAM CONSTRUCTION AZ LLC,16823,100000046345149,100000046354823,BILL_TO,100000046341679,4240,RAM CONSTRUCTION AZ LLC,100000046349867,A,16070,A,1900-01-01T00:00:00.000+00:00,4712-12-31T00:00:00.000+00:00,Y,P,N,6510,202 W 5TH ST,,,,TULSA,74106,OK,US,
RAM CONSTRUCTION AZ LLC,16823,100000046345983,100000046355393,BILL_TO,100000046341679,4240,RAM CONSTRUCTION AZ LLC,100000046349867,A,16904,A,1900-01-01T00:00:00.000+00:00,4712-12-31T00:00:00.000+00:00,N,Y,N,7080,125 E JACKSON ST,,,,PHOENIX,85004,AZ,US,
BOB BUCKMASTER,16824,100000046346307,100000046354663,BILL_TO,100000046341680,4242,BOB BUCKMASTER,100000046349869,A,17228,A,1900-01-01T00:00:00.000+00:00,4712-12-31T00:00:00.000+00:00,Y,P,N,6350,3753 HIGHLAND PARK PL,,,,MEMPHIS,38111,TN,US,
MISSION FOREST PRODUCTS,16825,100000046345698,100000046353676,BILL_TO,100000046341681,4787,MISSION FOREST PRODUCTS,100000046350414,A,16619,A,1900-01-01T00:00:00.000+00:00,4712-12-31T00:00:00.000+00:00,Y,P,N,5363,14120 BALLANTYNE CORPORATE PL,,,,CHARLOTTE,28277,NC,US,
JONES COUNTY JUNIOR COLLEGE,16826,100000046344544,100000046355202,BILL_TO,100000046341682,4221,JONES COUNTY JUNIOR COLLEGE,100000046349848,A,15465,A,1900-01-01T00:00:00.000+00:00,4712-12-31T00:00:00.000+00:00,Y,P,N,6889,900 S CT ST,,,,ELLISVILLE,39437,MS,US,
QUALITY SHEET METAL,16827,100000046346314,100000046354237,BILL_TO,100000046341683,4247,QUALITY SHEET METAL,100000046349874,A,17235,A,1900-01-01T00:00:00.000+00:00,4712-12-31T00:00:00.000+00:00,Y,P,N,5924,103 COOK ST,,,,LEXINGTON,38351,TN,US,
STUART C IRBY BR92,16828,100000046344902,100000046353682,BILL_TO,100000046341684,5146,STUART C IRBY BR92,100000046350773,A,15823,A,1900-01-01T00:00:00.000+00:00,4712-12-31T00:00:00.000+00:00,Y,P,N,5369,1159 HWY 45 BYPASS,,,,JACKSON,38301-3255,TN,US,
CONAGRA,16829,100000046345990,100000046355248,BILL_TO,100000046341685,5147,CONAGRA,100000046350774,A,16911,A,1900-01-01T00:00:00.000+00:00,4712-12-31T00:00:00.000+00:00,Y,P,N,6935,1500 N CENTRAL AVE,,,,HUMBOLDT,38343,TN,US,
SCHWAB-VOLLHABER-LUBRATT INC,16830,100000046344903,100000046354240,BILL_TO,100000046341686,3724,SCHWAB-VOLLHABER-LUBRATT INC,100000046349351,A,15824,A,1900-01-01T00:00:00.000+00:00,4712-12-31T00:00:00.000+00:00,Y,P,N,5927,2920 CENTRE POINTE DR,,,,ROSEVILLE,55113,MN,US,
COMFORT SYSTEMS USA,16831,100000046345158,100000046353252,BILL_TO,100000046341687,4727,COMFORT SYSTEMS USA,100000046350354,A,16079,A,1900-01-01T00:00:00.000+00:00,4712-12-31T00:00:00.000+00:00,Y,P,N,4939,PO BOX 16620,,,,LITTLE ROCK,72231,AR,US,
INDUSTRIAL SALES,16832,100000046344905,100000046353684,BILL_TO,100000046341688,4728,INDUSTRIAL SALES,100000046350355,A,15826,A,1900-01-01T00:00:00.000+00:00,4712-12-31T00:00:00.000+00:00,Y,P,N,5371,7520 BARTLETT CORPORATE DR,,,,BARTLETT,38133,TN,US,
CITY SIGNS,16833,100000046345705,100000046354876,BILL_TO,100000046341689,3726,CITY SIGNS,100000046349353,A,16626,A,1900-01-01T00:00:00.000+00:00,4712-12-31T00:00:00.000+00:00,Y,P,N,6563,65 BONWOOD DR,,,,JACKSON,38301,TN,US,
TRI-STATE PLUMBING HVAC,16834,100000046346580,100000046353685,BILL_TO,100000046341690,5152,TRI-STATE PLUMBING HVAC,100000046350779,A,17501,A,1900-01-01T00:00:00.000+00:00,4712-12-31T00:00:00.000+00:00,Y,P,N,5372,2005 NONCONNAH BLVD STE 31,,,,MEMPHIS,38132,TN,US,
MENA PUBLIC SCHOOLS,16835,100000046346316,100000046355253,BILL_TO,100000046341691,3411,MENA PUBLIC SCHOOLS,100000046349038,A,17237,A,1900-01-01T00:00:00.000+00:00,4712-12-31T00:00:00.000+00:00,Y,P,N,6940,501 HICKORY ST,,,,MENA,71953,AR,US,
PREMIER AIR SERVICES LLC,16836,100000046345164,100000046353255,BILL_TO,100000046341692,4231,PREMIER AIR SERVICES LLC,100000046349858,A,16085,A,1900-01-01T00:00:00.000+00:00,4712-12-31T00:00:00.000+00:00,Y,P,N,4942,185 LITTLE RIVER RD,,,,LENOX,31637,GA,US,
CUMMINGS HEATING & COOLING,16837,100000046346583,100000046355409,BILL_TO,100000046341693,3960,CUMMINGS HEATING & COOLING,100000046349587,A,17504,A,1900-01-01T00:00:00.000+00:00,4712-12-31T00:00:00.000+00:00,Y,P,N,7096,4860 N WASHINGTON,,,,FORREST CITY,72335,AR,US,
ENGINEERED ENVIRONMENT,16838,100000046345710,100000046354677,BILL_TO,100000046341694,3732,ENGINEERED ENVIRONMENT,100000046349359,A,16631,A,1900-01-01T00:00:00.000+00:00,4712-12-31T00:00:00.000+00:00,Y,P,N,6364,PO BOX 268,,,,HOLDEN,64040,MO,US,
CHILL PRO,16839,100000046345711,100000046353371,BILL_TO,100000046341695,3733,CHILL PRO,100000046349360,A,16632,A,1900-01-01T00:00:00.000+00:00,4712-12-31T00:00:00.000+00:00,Y,P,N,5058,1155 LARRY MAHAN,,,,EL PASO,79925,TX,US,
PHYSICIANS SURGERY CENTER,16840,100000046345999,100000046354246,BILL_TO,100000046341696,4733,PHYSICIANS SURGERY CENTER,100000046350360,A,16920,A,1900-01-01T00:00:00.000+00:00,4712-12-31T00:00:00.000+00:00,Y,P,N,5933,PO BOX 92,,,,BLYTHEVILLE,72316,AR,US,
HOMEWOOD SUITES,16841,100000046344559,100000046354249,BILL_TO,100000046341697,5159,HOMEWOOD SUITES,100000046350786,A,15480,A,1900-01-01T00:00:00.000+00:00,4712-12-31T00:00:00.000+00:00,N,Y,N,5936,1955 E 16TH ST,,,,YUMA,85365,AZ,US,
HOMEWOOD SUITES,16841,100000046344560,100000046353263,BILL_TO,100000046341697,5159,HOMEWOOD SUITES,100000046350786,A,15481,A,1900-01-01T00:00:00.000+00:00,4712-12-31T00:00:00.000+00:00,N,Y,N,4950,60 WINSTON DR,,,,ROCK SPRINGS,82901,WY,US,
HOMEWOOD SUITES,16841,100000046344561,100000046353373,BILL_TO,100000046341697,5159,HOMEWOOD SUITES,100000046350786,A,15482,A,1900-01-01T00:00:00.000+00:00,4712-12-31T00:00:00.000+00:00,N,Y,N,5060,455 CENTRAL EXPY S,,,,ALLEN,75013,TX,US,
HOMEWOOD SUITES,16841,100000046344562,100000046355257,BILL_TO,100000046341697,5159,HOMEWOOD SUITES,100000046350786,A,15483,A,1900-01-01T00:00:00.000+00:00,4712-12-31T00:00:00.000+00:00,N,Y,N,6944,921 E BURLINGTON ST,,,,IOWA CITY,52240,IA,US,
HOMEWOOD SUITES,16841,100000046344910,100000046353261,BILL_TO,100000046341697,5159,HOMEWOOD SUITES,100000046350786,A,15831,A,1900-01-01T00:00:00.000+00:00,4712-12-31T00:00:00.000+00:00,Y,P,N,4948,2730 SEVERN AVE,,,,METAIRIE,70001,LA,US,
HOMEWOOD SUITES,16841,100000046344911,100000046355412,BILL_TO,100000046341697,5159,HOMEWOOD SUITES,100000046350786,A,15832,A,1900-01-01T00:00:00.000+00:00,4712-12-31T00:00:00.000+00:00,N,Y,N,7099,5733 CLEVELAND ST,,,,VIRGINIA BEACH,23462,VA,US,
HOMEWOOD SUITES,16841,100000046344912,100000046353695,BILL_TO,100000046341697,5159,HOMEWOOD SUITES,100000046350786,A,15833,A,1900-01-01T00:00:00.000+00:00,4712-12-31T00:00:00.000+00:00,N,Y,N,5382,3008 ENGLISH CREEK AVE,,,,EGG HARBOR,08234,NJ,US,
HOMEWOOD SUITES,16841,100000046345169,100000046354881,BILL_TO,100000046341697,5159,HOMEWOOD SUITES,100000046350786,A,16090,A,1900-01-01T00:00:00.000+00:00,4712-12-31T00:00:00.000+00:00,N,Y,N,6568,2400 W END AVE,,,,NASHVILLE,37203,TN,US,
HOMEWOOD SUITES,16841,100000046345170,100000046353694,BILL_TO,100000046341697,5159,HOMEWOOD SUITES,100000046350786,A,16091,A,1900-01-01T00:00:00.000+00:00,4712-12-31T00:00:00.000+00:00,N,Y,N,5381,1023 BAXTER LN,,,,BOZEMAN,59715,MT,US,
HOMEWOOD SUITES,16841,100000046345420,100000046354250,BILL_TO,100000046341697,5159,HOMEWOOD SUITES,100000046350786,A,16341,A,1900-01-01T00:00:00.000+00:00,4712-12-31T00:00:00.000+00:00,N,Y,N,5937,5811 POPLAR,,,,MEMPHIS,38119,TN,US,
HOMEWOOD SUITES,16841,100000046346000,100000046354680,BILL_TO,100000046341697,5159,HOMEWOOD SUITES,100000046350786,A,16921,A,1900-01-01T00:00:00.000+00:00,4712-12-31T00:00:00.000+00:00,N,Y,N,6367,650 W SHAW AVE,,,,CLOVIS,93612,CA,US,
HOMEWOOD SUITES,16841,100000046346001,100000046355413,BILL_TO,100000046341697,5159,HOMEWOOD SUITES,100000046350786,A,16922,A,1900-01-01T00:00:00.000+00:00,4712-12-31T00:00:00.000+00:00,N,Y,N,7100,1221 S SPECTRUM BLVD,,,,CHANDLER,85286,AZ,US,
HOMEWOOD SUITES,16841,100000046346002,100000046354882,BILL_TO,100000046341697,5159,HOMEWOOD SUITES,100000046350786,A,16923,A,1900-01-01T00:00:00.000+00:00,4712-12-31T00:00:00.000+00:00,N,Y,N,6569,6703 NE ZAC LENTZ PKWY,,,,VICTORIA,77904,TX,US,
HOMEWOOD SUITES,16841,100000046346318,100000046354679,BILL_TO,100000046341697,5159,HOMEWOOD SUITES,100000046350786,A,17239,A,1900-01-01T00:00:00.000+00:00,4712-12-31T00:00:00.000+00:00,N,Y,N,6366,3745 I-10,,,,BEAUMONT,77705,TX,US,
HOMEWOOD SUITES,16841,100000046346319,100000046353262,BILL_TO,100000046341697,5159,HOMEWOOD SUITES,100000046350786,A,17240,A,1900-01-01T00:00:00.000+00:00,4712-12-31T00:00:00.000+00:00,N,Y,N,4949,1410 ARROWHEAD DR,,,,MAUMEE,43537,OH,US,
HOMEWOOD SUITES,16841,100000046346588,100000046354248,BILL_TO,100000046341697,5159,HOMEWOOD SUITES,100000046350786,A,17509,A,1900-01-01T00:00:00.000+00:00,4712-12-31T00:00:00.000+00:00,N,Y,N,5935,230 HIDDEN WELL RD,,,,LAS VEGAS,89119,NV,US,
HOMEWOOD SUITES,16841,100000046346589,100000046353693,BILL_TO,100000046341697,5159,HOMEWOOD SUITES,100000046350786,A,17510,A,1900-01-01T00:00:00.000+00:00,4712-12-31T00:00:00.000+00:00,N,Y,N,5380,5420 GRAND PACIFIC DR,,,,CARLSBAD,92008,CA,US,
SOUTH CENTRAL HEATING,16842,100000046344563,100000046355415,BILL_TO,100000046341698,4798,SOUTH CENTRAL HEATING,100000046350425,A,15484,A,1900-01-01T00:00:00.000+00:00,4712-12-31T00:00:00.000+00:00,Y,P,N,7102,2666 MILL ST,,,,JACKSON,39216,MS,US,
JONESBORO WINNELSON #250,16843,100000046345864,100000046354710,BILL_TO,100000046341699,5022,JONESBORO WINNELSON #250,100000046350649,A,16785,A,1900-01-01T00:00:00.000+00:00,4712-12-31T00:00:00.000+00:00,Y,P,N,6397,1430 E WASHINGTON AVE,,,,JONESBORO,72401-4543,AR,US,
BILOXI PUBLIC SCHOOL DISTRICT,16844,100000046346235,100000046353624,BILL_TO,100000046341700,5327,BILOXI PUBLIC SCHOOL DISTRICT,100000046350954,A,17156,A,1900-01-01T00:00:00.000+00:00,4712-12-31T00:00:00.000+00:00,Y,P,N,5311,PO BOX 168,,,,BILOXI,39533,MS,US,
KAI CAP LLC,16845,100000046345068,100000046355239,BILL_TO,100000046341701,4164,KAI CAP LLC,100000046349791,A,15989,A,1900-01-01T00:00:00.000+00:00,4712-12-31T00:00:00.000+00:00,Y,P,N,6926,42 ELDRIDGE RD,,,,FORREST CITY,72335,AR,US,
HARBORCHASE OF CORDOVA,16846,100000046344839,100000046354155,BILL_TO,100000046341702,4655,HARBORCHASE OF CORDOVA,100000046350282,A,15760,A,1900-01-01T00:00:00.000+00:00,4712-12-31T00:00:00.000+00:00,Y,P,N,5842,1600 APPLING RD,,,,CORDOVA,38016,TN,US,
BROWN REF COOLINGHTGPLBELEC,16847,100000046346500,100000046355091,BILL_TO,100000046341703,3621,BROWN REF COOLINGHTGPLBELEC,100000046349248,A,17421,A,1900-01-01T00:00:00.000+00:00,4712-12-31T00:00:00.000+00:00,Y,P,N,6778,1974 MONROE HWY,,,,PINEVILLE,71360,LA,US,
MS WHOLESALE PLUMBING INC,16848,100000046345869,100000046355243,BILL_TO,100000046341704,5333,MS WHOLESALE PLUMBING INC,100000046350960,A,16790,A,1900-01-01T00:00:00.000+00:00,4712-12-31T00:00:00.000+00:00,N,Y,N,6930,1500 S KNOXVILLE,,,,RUSSELLVILLE,72811,AR,US,
MS WHOLESALE PLUMBING INC,16848,100000046346247,100000046354584,BILL_TO,100000046341704,5333,MS WHOLESALE PLUMBING INC,100000046350960,A,17168,A,1900-01-01T00:00:00.000+00:00,4712-12-31T00:00:00.000+00:00,Y,P,N,6271,PO BOX 1480,,,,RUSSELLVILLE,72811,AR,US,
JORDAN BROTHERS PLUMBING,16849,100000046345070,100000046353628,BILL_TO,100000046341705,3622,JORDAN BROTHERS PLUMBING,100000046349249,A,15991,A,1900-01-01T00:00:00.000+00:00,4712-12-31T00:00:00.000+00:00,Y,P,N,5315,53 RIVERS DR,,,,HATTIESBURG,39401,MS,US,
AOC ALIANCYS LLC,16850,100000046345871,100000046354488,BILL_TO,100000046341706,3623,AOC ALIANCYS LLC,100000046349250,A,16792,A,1900-01-01T00:00:00.000+00:00,4712-12-31T00:00:00.000+00:00,Y,P,N,6175,955 HWY 57 E,,,,COLLIERVILLE,38017,TN,US,
MACOMB MECHANICAL,16851,100000046346249,100000046355247,BILL_TO,100000046341707,4658,MACOMB MECHANICAL,100000046350285,A,17170,A,1900-01-01T00:00:00.000+00:00,4712-12-31T00:00:00.000+00:00,Y,P,N,6934,6250 19 MILE RD,,,,STERLING HEIGHTS,48314,MI,US,
J FELDKAMP DESIGN BUILD,16852,100000046345872,100000046354489,BILL_TO,100000046341708,5337,J FELDKAMP DESIGN BUILD,100000046350964,A,16793,A,1900-01-01T00:00:00.000+00:00,4712-12-31T00:00:00.000+00:00,Y,P,N,6176,3239 PROFIT DR,,,,FAIRFIELD,45014,OH,US,
HARRISON ENERGY PARTNERS,16853,100000046346250,100000046355290,BILL_TO,100000046341709,3890,HARRISON ENERGY PARTNERS,100000046349517,A,17171,A,1900-01-01T00:00:00.000+00:00,4712-12-31T00:00:00.000+00:00,Y,P,N,6977,1501 WPARK DR,,,,LITTLE ROCK,72204,AR,US,
PROCESS HEAT & CONTROLS,16854,100000046344844,100000046354158,BILL_TO,100000046341710,5029,PROCESS HEAT & CONTROLS,100000046350656,A,15765,A,1900-01-01T00:00:00.000+00:00,4712-12-31T00:00:00.000+00:00,Y,P,N,5845,PO BOX 727,,,,WEST MEMPHIS,72303,AR,US,
PROCESS HEAT & CONTROLS,16854,100000046344845,100000046355296,BILL_TO,100000046341710,5029,PROCESS HEAT & CONTROLS,100000046350656,A,15766,A,1900-01-01T00:00:00.000+00:00,4712-12-31T00:00:00.000+00:00,N,Y,N,6983,506 S 4TH ST,,,,WEST MEMPHIS,72303,AR,US,
HADICO PSL INVESTMENTS LLC,16855,100000046346503,100000046354588,BILL_TO,100000046341711,5339,HADICO PSL INVESTMENTS LLC,100000046350966,A,17424,A,1900-01-01T00:00:00.000+00:00,4712-12-31T00:00:00.000+00:00,Y,P,N,6275,124 W PICO BLVD,,,,LOS ANGELES,90015,CA,US,
WAYNE GENERAL HOSPITAL,16856,100000046345877,100000046354598,BILL_TO,100000046341712,4174,WAYNE GENERAL HOSPITAL,100000046349801,A,16798,A,1900-01-01T00:00:00.000+00:00,4712-12-31T00:00:00.000+00:00,Y,P,N,6285,PO BOX 1249,,,,WAYNESBORO,39367,MS,US,
INTERCOMPANY EQUIP MISS,16857,100000046345332,100000046353635,BILL_TO,100000046341713,5011,INTERCOMPANY EQUIP MISS,100000046350638,A,16253,A,1900-01-01T00:00:00.000+00:00,4712-12-31T00:00:00.000+00:00,Y,P,N,5322,115 LONE WOLF DR #A,,,,MADISON,39110,MS,US,
TOWNEPLACE SUITES HOUSTON,16858,100000046345334,100000046354497,BILL_TO,100000046341714,4666,TOWNEPLACE SUITES HOUSTON,100000046350293,A,16255,A,1900-01-01T00:00:00.000+00:00,4712-12-31T00:00:00.000+00:00,Y,P,N,6184,9101 GULF FREEWAY,,,,HOUSTON,77017,TX,US,
CT MECHANICAL,16859,100000046345642,100000046355102,BILL_TO,100000046341715,3896,CT MECHANICAL,100000046349523,A,16563,A,1900-01-01T00:00:00.000+00:00,4712-12-31T00:00:00.000+00:00,Y,P,N,6789,4301 NW 6TH ST,,,,GAINESVILLE,32609,FL,US,
LEE MECHANICAL SOLUTIONS,16860,100000046345338,100000046354604,BILL_TO,100000046341716,5035,LEE MECHANICAL SOLUTIONS,100000046350662,A,16259,A,1900-01-01T00:00:00.000+00:00,4712-12-31T00:00:00.000+00:00,Y,P,N,6291,1140 HWY 442,,,,DODDSVILLE,38736,MS,US,
GREENLEACH HVAC & PLBG SOLUTIO,16861,100000046346510,100000046354727,BILL_TO,100000046341717,3898,GREENLEACH HVAC & PLBG SOLUTIO,100000046349525,A,17431,A,1900-01-01T00:00:00.000+00:00,4712-12-31T00:00:00.000+00:00,Y,P,N,6414,PO BOX 11195,,,,JACKSON,38308-0119,TN,US,
GULFPORT MUNL SCHOOL DIST,16862,100000046346266,100000046354605,BILL_TO,100000046341718,3639,GULFPORT MUNL SCHOOL DIST,100000046349266,A,17187,A,1900-01-01T00:00:00.000+00:00,4712-12-31T00:00:00.000+00:00,Y,P,N,6292,PO BOX 220,,,,GULFPORT,39502-0220,MS,US,
STANDARD MAINTENANCE,16863,100000046345347,100000046353909,BILL_TO,100000046341719,5045,STANDARD MAINTENANCE,100000046350672,A,16268,A,1900-01-01T00:00:00.000+00:00,4712-12-31T00:00:00.000+00:00,Y,P,N,5596,1898 VANDERHORN DR,,,,MEMPHIS,38134,TN,US,
PLASKOLITE SOUTH,16864,100000046345080,100000046354174,BILL_TO,100000046341720,4742,PLASKOLITE SOUTH,100000046350369,A,16001,A,1900-01-01T00:00:00.000+00:00,4712-12-31T00:00:00.000+00:00,Y,P,N,5861,10500 HIGH POINT,,,,OLIVE BRANCH,38654,MS,US,
STORE SERVICES,16865,100000046346519,100000046354735,BILL_TO,100000046341721,3906,STORE SERVICES,100000046349533,A,17440,A,1900-01-01T00:00:00.000+00:00,4712-12-31T00:00:00.000+00:00,Y,P,N,6422,PO BOX 469,,,,FORREST CITY,72336,AR,US,
SARGON'S MECHANICAL,16866,100000046345656,100000046355111,BILL_TO,100000046341722,3651,SARGON'S MECHANICAL,100000046349278,A,16577,A,1900-01-01T00:00:00.000+00:00,4712-12-31T00:00:00.000+00:00,Y,P,N,6798,29099 EDWARD ST,,,,MADISON HEIGHTS,48071,MI,US,
GREG PATTON,16867,100000046344862,100000046354177,BILL_TO,100000046341723,4187,GREG PATTON,100000046349814,A,15783,A,1900-01-01T00:00:00.000+00:00,4712-12-31T00:00:00.000+00:00,Y,P,N,5864,100 CARRIAGE COVE,,,,EADS,38028,TN,US,
LANDMARK HEATING & AIR,16868,100000046345661,100000046354738,BILL_TO,100000046341724,3907,LANDMARK HEATING & AIR,100000046349534,A,16582,A,1900-01-01T00:00:00.000+00:00,4712-12-31T00:00:00.000+00:00,Y,P,N,6425,6611 REESE RD,,,,MEMPHIS,38133,TN,US,
MCC MECHANICAL LLC,16869,100000046345897,100000046354739,BILL_TO,100000046341725,3656,MCC MECHANICAL LLC,100000046349283,A,16818,A,1900-01-01T00:00:00.000+00:00,4712-12-31T00:00:00.000+00:00,Y,P,N,6426,PO BOX 7460,,,,METAIRIE,70010,LA,US,
GIPSON MECH CONTRACTORS,16870,100000046345898,100000046353915,BILL_TO,100000046341726,3908,GIPSON MECH CONTRACTORS,100000046349535,A,16819,A,1900-01-01T00:00:00.000+00:00,4712-12-31T00:00:00.000+00:00,Y,P,N,5602,6863 RALEIGH LAGRANGE RD,,,,MEMPHIS,38134,TN,US,
RESSLER & MATEER,16871,100000046346522,100000046353917,BILL_TO,100000046341727,4684,RESSLER & MATEER,100000046350311,A,17443,A,1900-01-01T00:00:00.000+00:00,4712-12-31T00:00:00.000+00:00,Y,P,N,5604,72 INDUSTRIAL RD,,,,BROWNSTOWN,17508,PA,US,
LEAZER INDUSTRIES INC,16872,100000046345903,100000046355119,BILL_TO,100000046341728,4191,LEAZER INDUSTRIES INC,100000046349818,A,16824,A,1900-01-01T00:00:00.000+00:00,4712-12-31T00:00:00.000+00:00,Y,P,N,6806,204 MEADOW WAY,,,,BRANDON,39047,MS,US,
AC MECHANICAL SERVICES,16873,100000046346121,100000046353762,BILL_TO,100000046341729,4044,AC MECHANICAL SERVICES,100000046349671,A,17042,A,1900-01-01T00:00:00.000+00:00,4712-12-31T00:00:00.000+00:00,Y,P,N,5449,2223 E MARYLAND AVE,,,,SHERWOOD,72120,AR,US,
INDUSTRIAL COMMERCIAL EQPT,16874,100000046345518,100000046354009,BILL_TO,100000046341730,3330,INDUSTRIAL COMMERCIAL EQPT,100000046348957,A,16439,A,1900-01-01T00:00:00.000+00:00,4712-12-31T00:00:00.000+00:00,Y,P,N,5696,305 VAN BUREN RD,,,,BOLIVAR,38008-3834,TN,US,
KJK PROPERTY MGMT,16875,100000046345519,100000046353764,BILL_TO,100000046341731,4045,KJK PROPERTY MGMT,100000046349672,A,16440,A,1900-01-01T00:00:00.000+00:00,4712-12-31T00:00:00.000+00:00,Y,P,N,5451,9338 SARSEN DR,,,,CORDOVA,38018,TN,US,
FLAGSHIP FACILITY SERVICES INC,16876,100000046345521,100000046354011,BILL_TO,100000046341732,3512,FLAGSHIP FACILITY SERVICES INC,100000046349139,A,16442,A,1900-01-01T00:00:00.000+00:00,4712-12-31T00:00:00.000+00:00,Y,P,N,5698,1050 N 5TH STREEET STE 50,,,,SAN JOSE,95112,CA,US,
TRAVIS MCFARLIN,16877,100000046344981,100000046353532,BILL_TO,100000046341733,5238,TRAVIS MCFARLIN,100000046350865,A,15902,A,1900-01-01T00:00:00.000+00:00,4712-12-31T00:00:00.000+00:00,Y,P,N,5219,10500 GRAYBOURNE DR,,,,EADS,38028,TN,US,
TLC,16878,100000046344464,100000046353464,BILL_TO,100000046341734,5240,TLC,100000046350867,A,15385,A,1900-01-01T00:00:00.000+00:00,4712-12-31T00:00:00.000+00:00,Y,P,N,5151,255 S ORANGE AVE STE 1600,,,,ORANGE,32801,FL,US,
AIR TEMP INC,16879,100000046344982,100000046354444,BILL_TO,100000046341735,3516,AIR TEMP INC,100000046349143,A,15903,A,1900-01-01T00:00:00.000+00:00,4712-12-31T00:00:00.000+00:00,Y,P,N,6131,52 RILEY RD # 260,,,,CELEBRATION,34747,FL,US,
PROCESS ENGINEERING & EQUIP CO,16880,100000046344466,100000046354445,BILL_TO,100000046341736,3336,PROCESS ENGINEERING & EQUIP CO,100000046348963,A,15387,A,1900-01-01T00:00:00.000+00:00,4712-12-31T00:00:00.000+00:00,N,Y,N,6132,571 SIX MILE RD,,,,COMSTOCK PARK,49321,MI,US,
PROCESS ENGINEERING & EQUIP CO,16880,100000046346404,100000046354016,BILL_TO,100000046341736,3336,PROCESS ENGINEERING & EQUIP CO,100000046348963,A,17325,A,1900-01-01T00:00:00.000+00:00,4712-12-31T00:00:00.000+00:00,Y,P,N,5703,571 6 MILE RD NW,,,,COMSTOCK PARK,49321,MI,US,
CANDLEWOOD SUITES SOUTHAVEN,16881,100000046346096,100000046353467,BILL_TO,100000046341737,4344,CANDLEWOOD SUITES SOUTHAVEN,100000046349971,A,17017,A,1900-01-01T00:00:00.000+00:00,4712-12-31T00:00:00.000+00:00,Y,P,N,5154,6853 AIRWAYS BLVD,,,,SOUTHAVEN,38671,MS,US,
VALLEY A/C & REPAIR INC,16882,100000046346097,100000046355444,BILL_TO,100000046341738,3338,VALLEY A/C & REPAIR INC,100000046348965,A,17018,A,1900-01-01T00:00:00.000+00:00,4712-12-31T00:00:00.000+00:00,Y,P,N,7131,825 S TOPEKA AVE,,,,FRESNO,93721,CA,US,
CEMS PROFESSIONAL SERVICES,16883,100000046345544,100000046355064,BILL_TO,100000046341739,4888,CEMS PROFESSIONAL SERVICES,100000046350515,A,16465,A,1900-01-01T00:00:00.000+00:00,4712-12-31T00:00:00.000+00:00,Y,P,N,6751,518 WILD FIRE DR,,,,WALDRON,72958,AR,US,
KNB HOTELS,16884,100000046344475,100000046353774,BILL_TO,100000046341740,4347,KNB HOTELS,100000046349974,A,15396,A,1900-01-01T00:00:00.000+00:00,4712-12-31T00:00:00.000+00:00,Y,P,N,5461,PO BOX 740,,,,LONOKE,72086,AR,US,
CROWN HEATING & COOLING,16885,100000046344993,100000046355448,BILL_TO,100000046341741,5249,CROWN HEATING & COOLING,100000046350876,A,15914,A,1900-01-01T00:00:00.000+00:00,4712-12-31T00:00:00.000+00:00,N,Y,N,7135,1330 ARROWHEAD CT,,,,CROWN POINT,46307,IN,US,
CROWN HEATING & COOLING,16885,100000046346409,100000046355447,BILL_TO,100000046341741,5249,CROWN HEATING & COOLING,100000046350876,A,17330,A,1900-01-01T00:00:00.000+00:00,4712-12-31T00:00:00.000+00:00,Y,P,N,7134,PO BOX 965,,,,CROWN POINT,46307,IN,US,
S & H DEVELOPMENT,16886,100000046346131,100000046354854,BILL_TO,100000046341742,3341,S & H DEVELOPMENT,100000046348968,A,17052,A,1900-01-01T00:00:00.000+00:00,4712-12-31T00:00:00.000+00:00,Y,P,N,6541,3 ALLIED DR,,,,DEDHAM,02026,MA,US,
CENTRAL BBQ,16887,100000046344693,100000046353776,BILL_TO,100000046341743,4063,CENTRAL BBQ,100000046349690,A,15614,A,1900-01-01T00:00:00.000+00:00,4712-12-31T00:00:00.000+00:00,Y,P,N,5463,20 HULING AVE,,,,MEMPHIS,38103,TN,US,
SIEMENS INDUSTRY,16888,100000046346415,100000046354027,BILL_TO,100000046341744,5258,SIEMENS INDUSTRY,100000046350885,A,17336,A,1900-01-01T00:00:00.000+00:00,4712-12-31T00:00:00.000+00:00,Y,P,N,5714,1018 N FLOWOOD DR,,,,JACKSON,39232,MS,US,
MCINVALE HEATING & AIR,16889,100000046345547,100000046355073,BILL_TO,100000046341745,3844,MCINVALE HEATING & AIR,100000046349471,A,16468,A,1900-01-01T00:00:00.000+00:00,4712-12-31T00:00:00.000+00:00,Y,P,N,6760,PO BOX 2658,,,,RIDGELAND,39158,MS,US,
TIPTON ROSEMARK ACADEMY,16890,100000046346416,100000046353781,BILL_TO,100000046341746,4068,TIPTON ROSEMARK ACADEMY,100000046349695,A,17337,A,1900-01-01T00:00:00.000+00:00,4712-12-31T00:00:00.000+00:00,Y,P,N,5468,8696 ROSEMARK RD,,,,MILLINGTON,38053,TN,US,
THE UNIVERSITY OF SOUTHERN MS,16891,100000046344998,100000046355450,BILL_TO,100000046341747,3346,THE UNIVERSITY OF SOUTHERN MS,100000046348973,A,15919,A,1900-01-01T00:00:00.000+00:00,4712-12-31T00:00:00.000+00:00,Y,P,N,7137,730 E BEACH BLVD,,,,LONG BEACH,39560,MS,US,
MAYNARD SELECT,16892,100000046346143,100000046355456,BILL_TO,100000046341748,4896,MAYNARD SELECT,100000046350523,A,17064,A,1900-01-01T00:00:00.000+00:00,4712-12-31T00:00:00.000+00:00,Y,P,N,7143,617 NORRIS AVE,,,,NASHVILLE,37204,TN,US,
COMPUTER ENVIRONMENT,16893,100000046345557,100000046355079,BILL_TO,100000046341749,4073,COMPUTER ENVIRONMENT,100000046349700,A,16478,A,1900-01-01T00:00:00.000+00:00,4712-12-31T00:00:00.000+00:00,Y,P,N,6766,675 STRATFORD RD,,,,MEMPHIS,38122,TN,US,
F & F CONSTRUCTION,16894,100000046344484,100000046354312,BILL_TO,100000046341750,5268,F & F CONSTRUCTION,100000046350895,A,15405,A,1900-01-01T00:00:00.000+00:00,4712-12-31T00:00:00.000+00:00,Y,P,N,5999,111 NW 24TH ST,,,,FT WORTH,76164,TX,US,
FIRST CHOICE HVAC,16895,100000046345232,100000046354914,BILL_TO,100000046341751,3352,FIRST CHOICE HVAC,100000046348979,A,16153,A,1900-01-01T00:00:00.000+00:00,4712-12-31T00:00:00.000+00:00,Y,P,N,6601,1031 BUNKER HILL RD,,,,ASHTABULA,44004,OH,US,
LA CREOLE HOSPITALITY,16896,100000046345009,100000046354916,BILL_TO,100000046341752,4555,LA CREOLE HOSPITALITY,100000046350182,A,15930,A,1900-01-01T00:00:00.000+00:00,4712-12-31T00:00:00.000+00:00,Y,P,N,6603,1591 W PRIEN LAKE RD,,,,LAKE CHARLES,70601,LA,US,
WILLIAM R & DANA L MCKELVY,16897,100000046344491,100000046353551,BILL_TO,100000046341753,5270,WILLIAM R & DANA L MCKELVY,100000046350897,A,15412,A,1900-01-01T00:00:00.000+00:00,4712-12-31T00:00:00.000+00:00,Y,P,N,5238,8634 SYCAMORE TRAIL DR,,,,GERMANTOWN,38139-6424,TN,US,
HARTLAND MECHANICAL,16898,100000046344492,100000046353825,BILL_TO,100000046341754,4081,HARTLAND MECHANICAL,100000046349708,A,15413,A,1900-01-01T00:00:00.000+00:00,4712-12-31T00:00:00.000+00:00,Y,P,N,5512,9507 MILAN RD,,,,MILAN,44846,OH,US,
GLEN BEST AIR CONDITIONING,16899,100000046344494,100000046354465,BILL_TO,100000046341755,3536,GLEN BEST AIR CONDITIONING,100000046349163,A,15415,A,1900-01-01T00:00:00.000+00:00,4712-12-31T00:00:00.000+00:00,Y,P,N,6152,1624 E MAIN ST,,,,TUPELO,38804,MS,US,
US FACILITIES INC,16900,100000046344495,100000046354319,BILL_TO,100000046341756,3356,US FACILITIES INC,100000046348983,A,15416,A,1900-01-01T00:00:00.000+00:00,4712-12-31T00:00:00.000+00:00,Y,P,N,6006,1835 MARKET ST,,,,PHILADELPHIA,19103,PA,US,
ENERGY SMART HVAC,16901,100000046344712,100000046355131,BILL_TO,100000046341757,3539,ENERGY SMART HVAC,100000046349166,A,15633,A,1900-01-01T00:00:00.000+00:00,4712-12-31T00:00:00.000+00:00,Y,P,N,6818,301 RIDGELAND RD,,,,DRUMMONDS,38023,TN,US,
A-1 ELECTRICAL CONTRACTORSINC,16902,100000046345242,100000046353829,BILL_TO,100000046341758,3542,A-1 ELECTRICAL CONTRACTORSINC,100000046349169,A,16163,A,1900-01-01T00:00:00.000+00:00,4712-12-31T00:00:00.000+00:00,Y,P,N,5516,1721 SEPTEMBER AVE,,,,MEMPHIS,38116,TN,US,
COMMERCIAL AIR SYSTEMS,16903,100000046345467,100000046354307,BILL_TO,100000046341759,4498,COMMERCIAL AIR SYSTEMS,100000046350125,A,16388,A,1900-01-01T00:00:00.000+00:00,4712-12-31T00:00:00.000+00:00,Y,P,N,5994,1601 N BRIDGE ST,,,,ELKIN,28621,NC,US,
WARRINGTON BUILDING SERVICES,16904,100000046346353,100000046354308,BILL_TO,100000046341760,3789,WARRINGTON BUILDING SERVICES,100000046349416,A,17274,A,1900-01-01T00:00:00.000+00:00,4712-12-31T00:00:00.000+00:00,Y,P,N,5995,2795 ATTALA RD 1010,,,,KOSCIUSKO,39090,MS,US,
HANUMAN LLP,16905,100000046346048,100000046354965,BILL_TO,100000046341761,4501,HANUMAN LLP,100000046350128,A,16969,A,1900-01-01T00:00:00.000+00:00,4712-12-31T00:00:00.000+00:00,Y,P,N,6652,7784 WOLF TRAIL COVE,,,,GERMANTOWN,38138,TN,US,
DAREN SNIDER CONSTRUCTION,16906,100000046345468,100000046354966,BILL_TO,100000046341762,3477,DAREN SNIDER CONSTRUCTION,100000046349104,A,16389,A,1900-01-01T00:00:00.000+00:00,4712-12-31T00:00:00.000+00:00,Y,P,N,6653,155 RIVER MIST,,,,LAKE CHARLES,70611,LA,US,
STANFORD ELECTRIC SUPPLY,16907,100000046345766,100000046353964,BILL_TO,100000046341763,4836,STANFORD ELECTRIC SUPPLY,100000046350463,A,16687,A,1900-01-01T00:00:00.000+00:00,4712-12-31T00:00:00.000+00:00,Y,P,N,5651,2200 S FULTON DR,,,,CORINTH,38834,MS,US,
THOMAS REFRIGERATION,16908,100000046345469,100000046354756,BILL_TO,100000046341764,4502,THOMAS REFRIGERATION,100000046350129,A,16390,A,1900-01-01T00:00:00.000+00:00,4712-12-31T00:00:00.000+00:00,Y,P,N,6443,2400 A ST,,,,MERIDIAN,39301,MS,US,
GROUP O,16909,100000046346050,100000046354351,BILL_TO,100000046341765,3448,GROUP O,100000046349075,A,16971,A,1900-01-01T00:00:00.000+00:00,4712-12-31T00:00:00.000+00:00,Y,P,N,6038,PO BOX 1220,,,,MILAN,61264-1220,IL,US,
JIJI CONSTRUCTION LLC,16910,100000046344610,100000046355348,BILL_TO,100000046341766,4302,JIJI CONSTRUCTION LLC,100000046349929,A,15531,A,1900-01-01T00:00:00.000+00:00,4712-12-31T00:00:00.000+00:00,Y,P,N,7035,220 GOODMAN RD E,,,,SOUTHAVEN,38671,MS,US,
TRI COUNTY AC,16911,100000046346622,100000046353731,BILL_TO,100000046341767,4840,TRI COUNTY AC,100000046350467,A,17543,A,1900-01-01T00:00:00.000+00:00,4712-12-31T00:00:00.000+00:00,Y,P,N,5418,25 PUMP BRANCH RD,,,,WIGGINS,39577,MS,US,
NORTHWIND MECHANICAL,16912,100000046346051,100000046353497,BILL_TO,100000046341768,4304,NORTHWIND MECHANICAL,100000046349931,A,16972,A,1900-01-01T00:00:00.000+00:00,4712-12-31T00:00:00.000+00:00,Y,P,N,5184,7931 E PECOS RD,,,,MESA,85212,AZ,US,
ARKANSAS DEPT OF PARKS,16913,100000046344646,100000046353733,BILL_TO,100000046341769,4505,ARKANSAS DEPT OF PARKS,100000046350132,A,15567,A,1900-01-01T00:00:00.000+00:00,4712-12-31T00:00:00.000+00:00,Y,P,N,5420,1 CAPITOL MALL 4A-900,,,,LITTLE ROCK,72201,AR,US,
THE PET HOSPITALS,16914,100000046346624,100000046353968,BILL_TO,100000046341770,4506,THE PET HOSPITALS,100000046350133,A,17545,A,1900-01-01T00:00:00.000+00:00,4712-12-31T00:00:00.000+00:00,Y,P,N,5655,18 S BYHALIA RD,,,,COLLIERVILLE,38017,TN,US,
JRC SERVICES,16915,100000046344944,100000046354761,BILL_TO,100000046341771,3292,JRC SERVICES,100000046348919,A,15865,A,1900-01-01T00:00:00.000+00:00,4712-12-31T00:00:00.000+00:00,Y,P,N,6448,417 NETWORK STATION,,,,CHESAPEAKE,23320,VA,US,
ERIC HIRSCHY,16916,100000046345475,100000046354762,BILL_TO,100000046341772,4845,ERIC HIRSCHY,100000046350472,A,16396,A,1900-01-01T00:00:00.000+00:00,4712-12-31T00:00:00.000+00:00,Y,P,N,6449,2118 LUSBY LN,,,,CABOT,72023,AR,US,
AMERICAN HEATING,16917,100000046346369,100000046355351,BILL_TO,100000046341773,4311,AMERICAN HEATING,100000046349938,A,17290,A,1900-01-01T00:00:00.000+00:00,4712-12-31T00:00:00.000+00:00,Y,P,N,7038,5035 SE 24TH AVE,,,,PORTLAND,97202,OR,US,
COLETTA HEAT & AC,16918,100000046344618,100000046353972,BILL_TO,100000046341774,3488,COLETTA HEAT & AC,100000046349115,A,15539,A,1900-01-01T00:00:00.000+00:00,4712-12-31T00:00:00.000+00:00,Y,P,N,5659,466 GERALD,,,,MEMPHIS,38122,TN,US,
GOLDEN STATE FOODS,16919,100000046344648,100000046354977,BILL_TO,100000046341775,4846,GOLDEN STATE FOODS,100000046350473,A,15569,A,1900-01-01T00:00:00.000+00:00,4712-12-31T00:00:00.000+00:00,Y,P,N,6664,18301 VAN KARMAN AVE,,,,IRVINE,92612-1009,CA,US,
CCS INDUSTRIAL SALES INC,16920,100000046345779,100000046353503,BILL_TO,100000046341776,4849,CCS INDUSTRIAL SALES INC,100000046350476,A,16700,A,1900-01-01T00:00:00.000+00:00,4712-12-31T00:00:00.000+00:00,Y,P,N,5190,3062 HWY 43 N,,,,PICAYUNE,39466,MS,US,
JOHNSTONE SPLY,16921,100000046346373,100000046354361,BILL_TO,100000046341777,3297,JOHNSTONE SPLY,100000046348924,A,17294,A,1900-01-01T00:00:00.000+00:00,4712-12-31T00:00:00.000+00:00,Y,P,N,6048,3078 BROAD AVE,,,,MEMPHIS,38112,TN,US,
CANNON BROTHERS,16922,100000046344622,100000046353979,BILL_TO,100000046341778,4853,CANNON BROTHERS,100000046350480,A,15543,A,1900-01-01T00:00:00.000+00:00,4712-12-31T00:00:00.000+00:00,Y,P,N,5666,5492 OLD HWY 78,,,,MEMPHIS,38118,TN,US,
JEFF BAXTER FISH FARM,16923,100000046345479,100000046353981,BILL_TO,100000046341779,3302,JEFF BAXTER FISH FARM,100000046348929,A,16400,A,1900-01-01T00:00:00.000+00:00,4712-12-31T00:00:00.000+00:00,Y,P,N,5668,400 CAMPGROUND RD,,,,ARKANSAS CITY,71630,AR,US,
H SERVICES,16924,100000046346634,100000046354768,BILL_TO,100000046341780,3494,H SERVICES,100000046349121,A,17555,A,1900-01-01T00:00:00.000+00:00,4712-12-31T00:00:00.000+00:00,Y,P,N,6455,PO BOX 1508,,,,EL CENTRO,92244,CA,US,
MONROE COUNTY SCHOOL,16925,100000046344654,100000046353427,BILL_TO,100000046341781,4316,MONROE COUNTY SCHOOL,100000046349943,A,15575,A,1900-01-01T00:00:00.000+00:00,4712-12-31T00:00:00.000+00:00,Y,P,N,5114,60286 HATLEY RD,,,,AMORY,38821,MS,US,
AIR SERVICES & REFRIGERATION,16926,100000046344953,100000046354365,BILL_TO,100000046341782,4510,AIR SERVICES & REFRIGERATION,100000046350137,A,15874,A,1900-01-01T00:00:00.000+00:00,4712-12-31T00:00:00.000+00:00,Y,P,N,6052,PO BOX 14651,,,,SAVANNAH,31416,GA,US,
LAMAR COUNTY BOS,16927,100000046346061,100000046353428,BILL_TO,100000046341783,4020,LAMAR COUNTY BOS,100000046349647,A,16982,A,1900-01-01T00:00:00.000+00:00,4712-12-31T00:00:00.000+00:00,Y,P,N,5115,402 PECAN ST,,,,PURVIS,39475,MS,US,
RHUDY'S HEATING & AIR,16928,100000046344657,100000046355357,BILL_TO,100000046341784,3807,RHUDY'S HEATING & AIR,100000046349434,A,15578,A,1900-01-01T00:00:00.000+00:00,4712-12-31T00:00:00.000+00:00,Y,P,N,7044,PO BOX 150,,,,SALTILLO,38866,MS,US,
GS AUTOMATION,16929,100000046346379,100000046355360,BILL_TO,100000046341785,4860,GS AUTOMATION,100000046350487,A,17300,A,1900-01-01T00:00:00.000+00:00,4712-12-31T00:00:00.000+00:00,Y,P,N,7047,3095 STONEBROOK RD,,,,MEMPHIS,38116,TN,US,
HAMPTON INN LAKE CHARLES,16930,100000046344955,100000046353746,BILL_TO,100000046341786,3808,HAMPTON INN LAKE CHARLES,100000046349435,A,15876,A,1900-01-01T00:00:00.000+00:00,4712-12-31T00:00:00.000+00:00,Y,P,N,5433,3175 HOLLY HILL RD,,,,LAKE CHARLES,70601,LA,US,
BJ BALDWIN ELECTRIC,16931,100000046346381,100000046354371,BILL_TO,100000046341787,3310,BJ BALDWIN ELECTRIC,100000046348937,A,17302,A,1900-01-01T00:00:00.000+00:00,4712-12-31T00:00:00.000+00:00,Y,P,N,6058,7060 DIVISION HWY,,,,NARVON,17555,PA,US,
SIMMONS AIR CONDITIONING LLC,16932,100000046345489,100000046355364,BILL_TO,100000046341788,4863,SIMMONS AIR CONDITIONING LLC,100000046350490,A,16410,A,1900-01-01T00:00:00.000+00:00,4712-12-31T00:00:00.000+00:00,Y,P,N,7051,3551 GREENWOOD RD,,,,MATHEWS,36052,AL,US,
HICKMAN BUILDING,16933,100000046344916,100000046353374,BILL_TO,100000046341789,4799,HICKMAN BUILDING,100000046350426,A,15837,A,1900-01-01T00:00:00.000+00:00,4712-12-31T00:00:00.000+00:00,Y,P,N,5061,240 MADISON AVE,,,,MEMPHIS,38103,TN,US,
KEN PARKER SERVICE,16934,100000046346323,100000046353698,BILL_TO,100000046341790,3736,KEN PARKER SERVICE,100000046349363,A,17244,A,1900-01-01T00:00:00.000+00:00,4712-12-31T00:00:00.000+00:00,Y,P,N,5385,3627 HWY 34 S,,,,GREENVILLE,75402,TX,US,
COMMERCIAL AIR CONTROL,16935,100000046346004,100000046354253,BILL_TO,100000046341791,3715,COMMERCIAL AIR CONTROL,100000046349342,A,16925,A,1900-01-01T00:00:00.000+00:00,4712-12-31T00:00:00.000+00:00,Y,P,N,5940,19 RANTOULE ST,,,,SOUTH WEYMOUTH,02190,MA,US,
E & H REFRIGERATION INC,16936,100000046345424,100000046354885,BILL_TO,100000046341792,3738,E & H REFRIGERATION INC,100000046349365,A,16345,A,1900-01-01T00:00:00.000+00:00,4712-12-31T00:00:00.000+00:00,Y,P,N,6572,418 N LINDELL ST,,,,MARTIN,38237,TN,US,
GOINS HEATING & AIR COND,16937,100000046345175,100000046353270,BILL_TO,100000046341793,5163,GOINS HEATING & AIR COND,100000046350790,A,16096,A,1900-01-01T00:00:00.000+00:00,4712-12-31T00:00:00.000+00:00,Y,P,N,4957,PO BOX 52,,,,GRAYSVILLE,37338,TN,US,
CARRIER CORPORATION C/O IBM G,16938,100000046344570,100000046353701,BILL_TO,100000046341794,3419,CARRIER CORPORATION C/O IBM G,100000046349046,A,15491,A,1900-01-01T00:00:00.000+00:00,4712-12-31T00:00:00.000+00:00,Y,P,N,5388,PO BOX 9007,,,,ENDICOTT,13761-9007,NY,US,
TERESA BOND,16939,100000046344921,100000046353378,BILL_TO,100000046341795,4739,TERESA BOND,100000046350366,A,15842,A,1900-01-01T00:00:00.000+00:00,4712-12-31T00:00:00.000+00:00,Y,P,N,5065,12192 DARGIE DR,,,,ARLINGTON,38002,TN,US,
II-IV ADVANCED MATERIALS INC,16940,100000046346593,100000046355264,BILL_TO,100000046341796,3450,II-IV ADVANCED MATERIALS INC,100000046349077,A,17514,A,1900-01-01T00:00:00.000+00:00,4712-12-31T00:00:00.000+00:00,Y,P,N,6951,5000 ERICSSON DR,,,,WARRENDALE,15086,PA,US,
BYNUM MILL INDUSTRIAL SUPPLY,16941,100000046345720,100000046354278,BILL_TO,100000046341797,4472,BYNUM MILL INDUSTRIAL SUPPLY,100000046350099,A,16641,A,1900-01-01T00:00:00.000+00:00,4712-12-31T00:00:00.000+00:00,Y,P,N,5965,PO BOX 180255,,,,RICHLAND,39218,MS,US,
SOLERO TECHNOLOGIES,16942,100000046346014,100000046354686,BILL_TO,100000046341798,5167,SOLERO TECHNOLOGIES,100000046350794,A,16935,A,1900-01-01T00:00:00.000+00:00,4712-12-31T00:00:00.000+00:00,Y,P,N,6373,600 STATE HWY 32 E,,,,WATER VALLEY,38965,MS,US,
AIR-TECH OF PENSACOLA,16943,100000046344928,100000046355266,BILL_TO,100000046341799,3976,AIR-TECH OF PENSACOLA,100000046349603,A,15849,A,1900-01-01T00:00:00.000+00:00,4712-12-31T00:00:00.000+00:00,Y,P,N,6953,PO BOX 18180,,,,PENSACOLA,32523,FL,US,
YOKOHAMA ENGINEERING WORKS,16944,100000046345180,100000046354266,BILL_TO,100000046341800,4265,YOKOHAMA ENGINEERING WORKS,100000046349892,A,16101,A,1900-01-01T00:00:00.000+00:00,4712-12-31T00:00:00.000+00:00,Y,P,N,5953,2-3-29 NAMAMUGI,,,,YOKOHAMA,00230,KA,US,
ROME EDDLEMAN & ASSOCIATES,16945,100000046344580,100000046353280,BILL_TO,100000046341801,3423,ROME EDDLEMAN & ASSOCIATES,100000046349050,A,15501,A,1900-01-01T00:00:00.000+00:00,4712-12-31T00:00:00.000+00:00,Y,P,N,4967,620 RELIABILITY CIR,,,,KNOXVILLE,37932,TN,US,
ROME EDDLEMAN & ASSOCIATES,16945,100000046344930,100000046354690,BILL_TO,100000046341801,3423,ROME EDDLEMAN & ASSOCIATES,100000046349050,A,15851,A,1900-01-01T00:00:00.000+00:00,4712-12-31T00:00:00.000+00:00,N,Y,N,6377,2603 GRANDVIEW AVE,,,,NASHVILLE,37211,TN,US,
VALERO PARTNERS MEMPHIS LLC,16946,100000046345182,100000046355270,BILL_TO,100000046341802,3748,VALERO PARTNERS MEMPHIS LLC,100000046349375,A,16103,A,1900-01-01T00:00:00.000+00:00,4712-12-31T00:00:00.000+00:00,Y,P,N,6957,PO BOX 691825,,,,SAN ANTONIO,78269-1825,TX,US,
HOWELL & CHURCH MECHANICAL,16947,100000046345726,100000046353931,BILL_TO,100000046341803,4269,HOWELL & CHURCH MECHANICAL,100000046349896,A,16647,A,1900-01-01T00:00:00.000+00:00,4712-12-31T00:00:00.000+00:00,Y,P,N,5618,3731 GRIFFIN FLAT RD,,,,ATKINS,72823,AR,US,
NUFISH LLC,16948,100000046346596,100000046353709,BILL_TO,100000046341804,4271,NUFISH LLC,100000046349898,A,17517,A,1900-01-01T00:00:00.000+00:00,4712-12-31T00:00:00.000+00:00,Y,P,N,5396,5858 RIDGEWAY CENTER PKWY,,,,MEMPHIS,38120,TN,US,
SOUTHERN PIPE MERIDIAN,16949,100000046344935,100000046354285,BILL_TO,100000046341805,5175,SOUTHERN PIPE MERIDIAN,100000046350802,A,15856,A,1900-01-01T00:00:00.000+00:00,4712-12-31T00:00:00.000+00:00,Y,P,N,5972,PO BOX 5738,,,,MERIDIAN,39302,MS,US,
ROBINSON MECHANICAL,16950,100000046344586,100000046353394,BILL_TO,100000046341806,3429,ROBINSON MECHANICAL,100000046349056,A,15507,A,1900-01-01T00:00:00.000+00:00,4712-12-31T00:00:00.000+00:00,Y,P,N,5081,3800 CONTRACTORS PL,,,,MEMPHIS,38115,TN,US,
MISSISSIPPI COLLEGE,16951,100000046345443,100000046354695,BILL_TO,100000046341807,3984,MISSISSIPPI COLLEGE,100000046349611,A,16364,A,1900-01-01T00:00:00.000+00:00,4712-12-31T00:00:00.000+00:00,Y,P,N,6382,PO BOX 4034,,,,CLINTON,39058,MS,US,
TOP FLIGHT HVAC,16952,100000046344936,100000046353397,BILL_TO,100000046341808,4483,TOP FLIGHT HVAC,100000046350110,A,15857,A,1900-01-01T00:00:00.000+00:00,4712-12-31T00:00:00.000+00:00,Y,P,N,5084,4107 NUTCRACKER TRAIL,,,,LIVERPOOL,13090,NY,US,
POST FOODS,16953,100000046345447,100000046354698,BILL_TO,100000046341809,4818,POST FOODS,100000046350445,A,16368,A,1900-01-01T00:00:00.000+00:00,4712-12-31T00:00:00.000+00:00,Y,P,N,6385,5800 CW POST RD,,,,JONESBORO,72401,AR,US,
ENTERPRISE HEATING & COOLING,16954,100000046345448,100000046353399,BILL_TO,100000046341810,3433,ENTERPRISE HEATING & COOLING,100000046349060,A,16369,A,1900-01-01T00:00:00.000+00:00,4712-12-31T00:00:00.000+00:00,Y,P,N,5086,PO BOX 292,,,,MALDEN,63863,MO,US,
EVERROAD MECHANICAL CONTRACTOR,16955,100000046346029,100000046354700,BILL_TO,100000046341811,3457,EVERROAD MECHANICAL CONTRACTOR,100000046349084,A,16950,A,1900-01-01T00:00:00.000+00:00,4712-12-31T00:00:00.000+00:00,Y,P,N,6387,6121 ASHLEY,,,,ARLINGTON,38002,TN,US,
BAPTIST MEMORIAL HOSP DESOTO,16956,100000046344938,100000046355280,BILL_TO,100000046341812,4819,BAPTIST MEMORIAL HOSP DESOTO,100000046350446,A,15859,A,1900-01-01T00:00:00.000+00:00,4712-12-31T00:00:00.000+00:00,Y,P,N,6967,7601 SCREST PKWY,,,,SOUTHAVEN,38671,MS,US,
TRU BY HILTON,16957,100000046344592,100000046353400,BILL_TO,100000046341813,3436,TRU BY HILTON,100000046349063,A,15513,A,1900-01-01T00:00:00.000+00:00,4712-12-31T00:00:00.000+00:00,Y,P,N,5087,1310 CAMELLIA BLVD,,,,LAFAYETTE,70508,LA,US,
PEARL RIVER COUNTY HOSPITAL,16958,100000046345451,100000046353945,BILL_TO,100000046341814,3763,PEARL RIVER COUNTY HOSPITAL,100000046349390,A,16372,A,1900-01-01T00:00:00.000+00:00,4712-12-31T00:00:00.000+00:00,Y,P,N,5632,PO BOX 392,,,,POPLARVILLE,39470,MS,US,
PARTNERS MECHANICAL INC,16959,100000046344630,100000046355287,BILL_TO,100000046341815,3766,PARTNERS MECHANICAL INC,100000046349393,A,15551,A,1900-01-01T00:00:00.000+00:00,4712-12-31T00:00:00.000+00:00,Y,P,N,6974,5154 BERTA RD,,,,MEMPHIS,38109,TN,US,
ELECTRICAL SYSTEMS COMPANY LL,16960,100000046346606,100000046354908,BILL_TO,100000046341816,3768,ELECTRICAL SYSTEMS COMPANY LL,100000046349395,A,17527,A,1900-01-01T00:00:00.000+00:00,4712-12-31T00:00:00.000+00:00,Y,P,N,6595,121 EDWARDS DR,,,,JACKSON,38301,TN,US,
PRECISION HEATING & AIR INC,16961,100000046346339,100000046353948,BILL_TO,100000046341817,5184,PRECISION HEATING & AIR INC,100000046350811,A,17260,A,1900-01-01T00:00:00.000+00:00,4712-12-31T00:00:00.000+00:00,Y,P,N,5635,1227 16TH AVE UNIT 101/PMB 195,,,,CONWAY,29526,SC,US,
CALIBER COLLISION,16962,100000046345750,100000046354290,BILL_TO,100000046341818,3440,CALIBER COLLISION,100000046349067,A,16671,A,1900-01-01T00:00:00.000+00:00,4712-12-31T00:00:00.000+00:00,Y,P,N,5977,2941 LAKE VISTA DR,,,,LEWISVILLE,75067,TX,US,
AEROSOLS DANVILLE INC,16963,100000046345906,100000046353325,BILL_TO,100000046341819,4687,AEROSOLS DANVILLE INC,100000046350314,A,16827,A,1900-01-01T00:00:00.000+00:00,4712-12-31T00:00:00.000+00:00,Y,P,N,5012,6710 RIVER RD,,,,HODGKINS,60525,IL,US,
FIRST BAPTIST CHURCH NESBIT,16964,100000046346525,100000046354623,BILL_TO,100000046341820,3914,FIRST BAPTIST CHURCH NESBIT,100000046349541,A,17446,A,1900-01-01T00:00:00.000+00:00,4712-12-31T00:00:00.000+00:00,Y,P,N,6310,1645 HWY 51,,,,NESBIT,38651,MS,US,
LANHAM REFRIGERATION,16965,100000046345356,100000046355121,BILL_TO,100000046341821,4689,LANHAM REFRIGERATION,100000046350316,A,16277,A,1900-01-01T00:00:00.000+00:00,4712-12-31T00:00:00.000+00:00,Y,P,N,6808,175 SULPHUR SPRINGS RD,,,,LEBANON,40033,KY,US,
CDK INDUSTRIAL SOLUTIONS INC,16966,100000046346526,100000046354743,BILL_TO,100000046341822,4193,CDK INDUSTRIAL SOLUTIONS INC,100000046349820,A,17447,A,1900-01-01T00:00:00.000+00:00,4712-12-31T00:00:00.000+00:00,Y,P,N,6430,509 BRIGHTON CIR,,,,BRANDON,39047,MS,US,
TRI SOUTH MECHANICAL,16967,100000046346527,100000046354515,BILL_TO,100000046341823,5064,TRI SOUTH MECHANICAL,100000046350691,A,17448,A,1900-01-01T00:00:00.000+00:00,4712-12-31T00:00:00.000+00:00,Y,P,N,6202,5916 TRIANGLE DR,,,,RALEIGH,27617,NC,US,
DIAMOND STATE HEAT & AIR,16968,100000046345911,100000046355315,BILL_TO,100000046341824,4690,DIAMOND STATE HEAT & AIR,100000046350317,A,16832,A,1900-01-01T00:00:00.000+00:00,4712-12-31T00:00:00.000+00:00,Y,P,N,7002,7706 FOREST RD,,,,NORTH LITTLE ROCK,72118,AR,US,
NATIONAL FILTER SOLUTIONS INC,16969,100000046346531,100000046354627,BILL_TO,100000046341825,5090,NATIONAL FILTER SOLUTIONS INC,100000046350717,A,17452,A,1900-01-01T00:00:00.000+00:00,4712-12-31T00:00:00.000+00:00,Y,P,N,6314,PO BOX 751625,,,,MEMPHIS,38175,TN,US,
AIRCARE,16970,100000046345914,100000046354786,BILL_TO,100000046341826,5068,AIRCARE,100000046350695,A,16835,A,1900-01-01T00:00:00.000+00:00,4712-12-31T00:00:00.000+00:00,Y,P,N,6473,614 PROGRESS ST,,,,ELIZABETH,07201,NJ,US,
NUCOR STEEL ARKANSAS,16971,100000046345671,100000046353926,BILL_TO,100000046341827,4754,NUCOR STEEL ARKANSAS,100000046350381,A,16592,A,1900-01-01T00:00:00.000+00:00,4712-12-31T00:00:00.000+00:00,Y,P,N,5613,PO BOX 30,,,,ARMOREL,72310-0030,AR,US,
GIVENS SERVICES,16972,100000046345117,100000046355317,BILL_TO,100000046341828,4694,GIVENS SERVICES,100000046350321,A,16038,A,1900-01-01T00:00:00.000+00:00,4712-12-31T00:00:00.000+00:00,Y,P,N,7004,1177 WHITTEN RD,,,,MEMPHIS,38134,TN,US,
WESTSIDE CONSOLIDATED SCHOOLS,16973,100000046345916,100000046354631,BILL_TO,100000046341829,5070,WESTSIDE CONSOLIDATED SCHOOLS,100000046350697,A,16837,A,1900-01-01T00:00:00.000+00:00,4712-12-31T00:00:00.000+00:00,Y,P,N,6318,1630 HWY 91W,,,,JONESBORO,72404,AR,US,
BUDGET INNS INC,16974,100000046345093,100000046354186,BILL_TO,100000046341830,4196,BUDGET INNS INC,100000046349823,A,16014,A,1900-01-01T00:00:00.000+00:00,4712-12-31T00:00:00.000+00:00,Y,P,N,5873,PO BOX 5248,,,,MERIDIAN,39301-4592,MS,US,
NATIONAL HVAC SERVICES,16975,100000046345917,100000046354188,BILL_TO,100000046341831,4449,NATIONAL HVAC SERVICES,100000046350076,A,16838,A,1900-01-01T00:00:00.000+00:00,4712-12-31T00:00:00.000+00:00,Y,P,N,5875,7501 KANIS RD,,,,LITTLE ROCK,72209,AR,US,
HERB FERRELL,16976,100000046345369,100000046355169,BILL_TO,100000046341832,5073,HERB FERRELL,100000046350700,A,16290,A,1900-01-01T00:00:00.000+00:00,4712-12-31T00:00:00.000+00:00,Y,P,N,6856,5446 PLEASANT VIEW,,,,MEMPHIS,38134,TN,US,
TENCARVA MACHINERY COMPANY,16977,100000046345121,100000046353332,BILL_TO,100000046341833,3671,TENCARVA MACHINERY COMPANY,100000046349298,A,16042,A,1900-01-01T00:00:00.000+00:00,4712-12-31T00:00:00.000+00:00,Y,P,N,5019,1115 PLEASANT RIDGE RD,,,,GREENSBORO,27409,NC,US,
RT MOORE,16978,100000046345927,100000046354201,BILL_TO,100000046341834,5107,RT MOORE,100000046350734,A,16848,A,1900-01-01T00:00:00.000+00:00,4712-12-31T00:00:00.000+00:00,Y,P,N,5888,6340 LAPAS TRAIL,,,,INDIANAPOLIS,46268,IN,US,
JM MECHANICAL INC,16979,100000046346300,100000046355177,BILL_TO,100000046341835,5111,JM MECHANICAL INC,100000046350738,A,17221,A,1900-01-01T00:00:00.000+00:00,4712-12-31T00:00:00.000+00:00,Y,P,N,6864,3775 N 200 W,,,,HYDE PARK,84318,UT,US,
PROJECT HTG & COOLING,16980,100000046345957,100000046353337,BILL_TO,100000046341836,5112,PROJECT HTG & COOLING,100000046350739,A,16878,A,1900-01-01T00:00:00.000+00:00,4712-12-31T00:00:00.000+00:00,Y,P,N,5024,515 N ENGLISH STATION RD,,,,LOUISVILLE,40223,KY,US,
SHAMROCK INC,16981,100000046346546,100000046355179,BILL_TO,100000046341837,4768,SHAMROCK INC,100000046350395,A,17467,A,1900-01-01T00:00:00.000+00:00,4712-12-31T00:00:00.000+00:00,Y,P,N,6866,PO BOX 2537,,,,VINCENTOWN,08088,NJ,US,
E&J A/C LLC,16982,100000046344877,100000046354638,BILL_TO,100000046341838,5081,E&J A/C LLC,100000046350708,A,15798,A,1900-01-01T00:00:00.000+00:00,4712-12-31T00:00:00.000+00:00,Y,P,N,6325,2429 COLLEEN DR,,,,PEARLAND,77581,TX,US,
MIDWEST MECHANICAL SOLUTIONS,16983,100000046344498,100000046353797,BILL_TO,100000046341839,4099,MIDWEST MECHANICAL SOLUTIONS,100000046349726,A,15419,A,1900-01-01T00:00:00.000+00:00,4712-12-31T00:00:00.000+00:00,Y,P,N,5484,8125 LEWIS RD,,,,GOLDEN VALLEY,55427,MN,US,
CTC PROPERTY LLC,16984,100000046346430,100000046353830,BILL_TO,100000046341840,5278,CTC PROPERTY LLC,100000046350905,A,17351,A,1900-01-01T00:00:00.000+00:00,4712-12-31T00:00:00.000+00:00,Y,P,N,5517,1450 PAGE MILL RD,,,,PALO ALTO,94304,CA,US,
RIDGELAND LODGING LLC,16985,100000046346431,100000046355133,BILL_TO,100000046341841,4086,RIDGELAND LODGING LLC,100000046349713,A,17352,A,1900-01-01T00:00:00.000+00:00,4712-12-31T00:00:00.000+00:00,Y,P,N,6820,555 W RIDGELAND AVE,,,,RIDGELAND,39157,MS,US,
PVA CONSTRUCTION,16986,100000046345243,100000046354329,BILL_TO,100000046341842,4912,PVA CONSTRUCTION,100000046350539,A,16164,A,1900-01-01T00:00:00.000+00:00,4712-12-31T00:00:00.000+00:00,Y,P,N,6016,5503 STATESMAN LN,,,,FRISCO,75034,TX,US,
H R FERRELL & COMPANY,16987,100000046344714,100000046354041,BILL_TO,100000046341843,4916,H R FERRELL & COMPANY,100000046350543,A,15635,A,1900-01-01T00:00:00.000+00:00,4712-12-31T00:00:00.000+00:00,Y,P,N,5728,5446 PLEASANT VIEW,,,,MEMPHIS,38134,TN,US,
TEMP-SPAN HEATING/AIR,16988,100000046345807,100000046354929,BILL_TO,100000046341844,3361,TEMP-SPAN HEATING/AIR,100000046348988,A,16728,A,1900-01-01T00:00:00.000+00:00,4712-12-31T00:00:00.000+00:00,Y,P,N,6616,PO BOX 8687,,,,LONGVIEW,75607,TX,US,
DUNN PAPER-WIGGINS,16989,100000046345253,100000046354471,BILL_TO,100000046341845,5285,DUNN PAPER-WIGGINS,100000046350912,A,16174,A,1900-01-01T00:00:00.000+00:00,4712-12-31T00:00:00.000+00:00,Y,P,N,6158,1321 S MAGNOLIA DR,,,,WIGGINS,39577,MS,US,
JOC SALES,16990,100000046345019,100000046354043,BILL_TO,100000046341846,5286,JOC SALES,100000046350913,A,15940,A,1900-01-01T00:00:00.000+00:00,4712-12-31T00:00:00.000+00:00,Y,P,N,5730,1200 W 13 MILE RD,,,,MADISON HEIGHTS,48071,MI,US,
STRICTLY MECHANICAL,16991,100000046346437,100000046354930,BILL_TO,100000046341847,3549,STRICTLY MECHANICAL,100000046349176,A,17358,A,1900-01-01T00:00:00.000+00:00,4712-12-31T00:00:00.000+00:00,Y,P,N,6617,415 GEES MILL BUSINESS CT,,,,CONYERS,30013,GA,US,
STARK AEROSPACE,16992,100000046346439,100000046353804,BILL_TO,100000046341848,4094,STARK AEROSPACE,100000046349721,A,17360,A,1900-01-01T00:00:00.000+00:00,4712-12-31T00:00:00.000+00:00,Y,P,N,5491,319 CHARLEIGH D FORD JR DR,,,,COLUMBUS,39701,MS,US,
DENVER'S REFRIGERATION,16993,100000046344510,100000046354931,BILL_TO,100000046341849,3362,DENVER'S REFRIGERATION,100000046348989,A,15431,A,1900-01-01T00:00:00.000+00:00,4712-12-31T00:00:00.000+00:00,N,Y,N,6618,3501 E PARKER RD,,,,JONESBORO,72404,AR,US,
DENVER'S REFRIGERATION,16993,100000046345574,100000046354099,BILL_TO,100000046341849,3362,DENVER'S REFRIGERATION,100000046348989,A,16495,A,1900-01-01T00:00:00.000+00:00,4712-12-31T00:00:00.000+00:00,Y,P,N,5786,PO BOX 16177,,,,JONESBORO,72404,AR,US,
MARC RUBENSTEIN,16994,100000046346162,100000046353566,BILL_TO,100000046341850,4921,MARC RUBENSTEIN,100000046350548,A,17083,A,1900-01-01T00:00:00.000+00:00,4712-12-31T00:00:00.000+00:00,Y,P,N,5253,762 REDDOCK ST,,,,MEMPHIS,38120,TN,US,
MASTERS BUILDING SOLUTIONS,16995,100000046345022,100000046353835,BILL_TO,100000046341851,4371,MASTERS BUILDING SOLUTIONS,100000046349998,A,15943,A,1900-01-01T00:00:00.000+00:00,4712-12-31T00:00:00.000+00:00,Y,P,N,5522,908 STEWART ST,,,,MADISON,53713,WI,US,
BERRY PLASTICS CORP,16996,100000046346443,100000046354337,BILL_TO,100000046341852,5292,BERRY PLASTICS CORP,100000046350919,A,17364,A,1900-01-01T00:00:00.000+00:00,4712-12-31T00:00:00.000+00:00,Y,P,N,6024,PO BOX 959,,,,EVANSVILLE,47706-0959,IN,US,
ISSAQUENA COUNTY CORRECTIONAL,16997,100000046344511,100000046354106,BILL_TO,100000046341853,4107,ISSAQUENA COUNTY CORRECTIONAL,100000046349734,A,15432,A,1900-01-01T00:00:00.000+00:00,4712-12-31T00:00:00.000+00:00,Y,P,N,5793,PO BOX 220,,,,MAYERSVILLE,39113,MS,US,
SAM'S TOWN,16998,100000046344513,100000046354052,BILL_TO,100000046341854,4610,SAM'S TOWN,100000046350237,A,15434,A,1900-01-01T00:00:00.000+00:00,4712-12-31T00:00:00.000+00:00,Y,P,N,5739,6465 S RAINBOW BLVD,,,,LAS VEGAS,89118,NV,US,
VISKASE CORP OSCEOLA,16999,100000046345267,100000046354344,BILL_TO,100000046341855,4111,VISKASE CORP OSCEOLA,100000046349738,A,16188,A,1900-01-01T00:00:00.000+00:00,4712-12-31T00:00:00.000+00:00,Y,P,N,6031,2221 E STATE HWY 198,,,,OSCEOLA,72370,AR,US,
HORN LAKE MIDDLE SCHOOL,17000,100000046345027,100000046354519,BILL_TO,100000046341856,4930,HORN LAKE MIDDLE SCHOOL,100000046350557,A,15948,A,1900-01-01T00:00:00.000+00:00,4712-12-31T00:00:00.000+00:00,Y,P,N,6206,6125 HURT RD,,,,HORN LAKE,38637,MS,US,
CANDLEWOOD SUITES FLOWOOD MS,17001,100000046345819,100000046354111,BILL_TO,100000046341857,4615,CANDLEWOOD SUITES FLOWOOD MS,100000046350242,A,16740,A,1900-01-01T00:00:00.000+00:00,4712-12-31T00:00:00.000+00:00,Y,P,N,5798,3810 FLOWOOD DR,,,,FLOWOOD,39232,MS,US,
CANDLEWOOD SUITES,17002,100000046344517,100000046355150,BILL_TO,100000046341858,4576,CANDLEWOOD SUITES,100000046350203,A,15438,A,1900-01-01T00:00:00.000+00:00,4712-12-31T00:00:00.000+00:00,N,Y,N,6837,246 RUSHING RD W,,,,DENHAM SPRINGS,70726,LA,US,
CANDLEWOOD SUITES,17002,100000046344725,100000046354520,BILL_TO,100000046341858,4576,CANDLEWOOD SUITES,100000046350203,A,15646,A,1900-01-01T00:00:00.000+00:00,4712-12-31T00:00:00.000+00:00,N,Y,N,6207,737 CORPORATE DR,,,,HOUMA,70360,LA,US,
CANDLEWOOD SUITES,17002,100000046344783,100000046355151,BILL_TO,100000046341858,4576,CANDLEWOOD SUITES,100000046350203,A,15704,A,1900-01-01T00:00:00.000+00:00,4712-12-31T00:00:00.000+00:00,N,Y,N,6838,3950 SPRINGHILL PLAZA CT,,,,NORTH LITTLE ROCK,72116,AR,US,
CANDLEWOOD SUITES,17002,100000046345820,100000046353580,BILL_TO,100000046341858,4576,CANDLEWOOD SUITES,100000046350203,A,16741,A,1900-01-01T00:00:00.000+00:00,4712-12-31T00:00:00.000+00:00,Y,P,N,5267,8111 BASH ST,,,,INDIANAPOLIS,46250,IN,US,
CAESARS ENTERTAINMENT,17003,100000046344727,100000046353845,BILL_TO,100000046341859,5297,CAESARS ENTERTAINMENT,100000046350924,A,15648,A,1900-01-01T00:00:00.000+00:00,4712-12-31T00:00:00.000+00:00,Y,P,N,5532,695 ROBINSON PROPERTY GROUP,,,,EL PASO,79906,TX,US,
CAESARS ENTERTAINMENT,17003,100000046346452,100000046354943,BILL_TO,100000046341859,5297,CAESARS ENTERTAINMENT,100000046350924,A,17373,A,1900-01-01T00:00:00.000+00:00,4712-12-31T00:00:00.000+00:00,N,Y,N,6630,PO BOX 29035,,,,HOT SPRINGS,71903,AR,US,
KILGORE WINDSTREAM,17004,100000046345271,100000046355152,BILL_TO,100000046341860,4117,KILGORE WINDSTREAM,100000046349744,A,16192,A,1900-01-01T00:00:00.000+00:00,4712-12-31T00:00:00.000+00:00,Y,P,N,6839,155 KILGORE RD,,,,TOONE,38381,TN,US,
MEDFAC ENGINEERING LLC,17005,100000046345821,100000046354349,BILL_TO,100000046341861,3373,MEDFAC ENGINEERING LLC,100000046349000,A,16742,A,1900-01-01T00:00:00.000+00:00,4712-12-31T00:00:00.000+00:00,Y,P,N,6036,1209 DOVECREST RD,,,,MEMPHIS,38134-7625,TN,US,
ENERGY SYSTEMS SOUTHEAST,17006,100000046346176,100000046354946,BILL_TO,100000046341862,4118,ENERGY SYSTEMS SOUTHEAST,100000046349745,A,17097,A,1900-01-01T00:00:00.000+00:00,4712-12-31T00:00:00.000+00:00,Y,P,N,6633,3235 VETERANS CIR,,,,BIRMINGHAM,35235,AL,US,
HOMEWOOD SUITES VANDERBILT,17007,100000046345823,100000046354947,BILL_TO,100000046341863,4119,HOMEWOOD SUITES VANDERBILT,100000046349746,A,16744,A,1900-01-01T00:00:00.000+00:00,4712-12-31T00:00:00.000+00:00,Y,P,N,6634,2400 W END AVE,,,,NASHVILLE,37203,TN,US,
CENTER LINE ELECTRIC INC,17008,100000046344785,100000046354948,BILL_TO,100000046341864,3563,CENTER LINE ELECTRIC INC,100000046349190,A,15706,A,1900-01-01T00:00:00.000+00:00,4712-12-31T00:00:00.000+00:00,Y,P,N,6635,1500 HWY 79,,,,BELLS,38006,TN,US,
VERIZON,17009,100000046346179,100000046354950,BILL_TO,100000046341865,3564,VERIZON,100000046349191,A,17100,A,1900-01-01T00:00:00.000+00:00,4712-12-31T00:00:00.000+00:00,Y,P,N,6637,5866 JETWAY DR,,,,ARLINGTON,38002,TN,US,
OMNIA 360 FACILITY SOLUTIONS,17010,100000046346460,100000046355153,BILL_TO,100000046341866,4123,OMNIA 360 FACILITY SOLUTIONS,100000046349750,A,17381,A,1900-01-01T00:00:00.000+00:00,4712-12-31T00:00:00.000+00:00,Y,P,N,6840,1201 GLENDALE MILFORD RD,,,,CINCINNATI,45215,OH,US,
COMFORT ENGINEERING,17011,100000046346182,100000046354526,BILL_TO,100000046341867,4125,COMFORT ENGINEERING,100000046349752,A,17103,A,1900-01-01T00:00:00.000+00:00,4712-12-31T00:00:00.000+00:00,Y,P,N,6213,824 N GLOSTER ST,,,,TUPELO,38804,MS,US,
DHG JANTW LLC,17012,100000046346183,100000046354999,BILL_TO,100000046341868,4585,DHG JANTW LLC,100000046350212,A,17104,A,1900-01-01T00:00:00.000+00:00,4712-12-31T00:00:00.000+00:00,Y,P,N,6686,235 W CAPITOL ST,,,,JACKSON,39201,MS,US,
HEBLON HEATING & AIR CONDITION,17013,100000046344661,100000046353435,BILL_TO,100000046341869,4515,HEBLON HEATING & AIR CONDITION,100000046350142,A,15582,A,1900-01-01T00:00:00.000+00:00,4712-12-31T00:00:00.000+00:00,Y,P,N,5122,PO BOX 3310,,,,MERIDIAN,39303,MS,US,
TUPELO PUBLIC SCHOOLS,17014,100000046344662,100000046353747,BILL_TO,100000046341870,3501,TUPELO PUBLIC SCHOOLS,100000046349128,A,15583,A,1900-01-01T00:00:00.000+00:00,4712-12-31T00:00:00.000+00:00,Y,P,N,5434,PO BOX 557,,,,TUPELO,38802,MS,US,
CHARLIE SCHAFFLER,17015,100000046345790,100000046354771,BILL_TO,100000046341871,3812,CHARLIE SCHAFFLER,100000046349439,A,16711,A,1900-01-01T00:00:00.000+00:00,4712-12-31T00:00:00.000+00:00,Y,P,N,6458,112 RED ACRES PL,,,,MEMPHIS,38111,TN,US,
A-1 ELECTRICAL CONTRACTORS,17016,100000046345793,100000046353439,BILL_TO,100000046341872,3313,A-1 ELECTRICAL CONTRACTORS,100000046348940,A,16714,A,1900-01-01T00:00:00.000+00:00,4712-12-31T00:00:00.000+00:00,Y,P,N,5126,1721 SEPTEMBER AVE,,,,MEMPHIS,38116,TN,US,
JACKSON ENERGY AUTHORITY,17017,100000046346079,100000046355043,BILL_TO,100000046341873,3814,JACKSON ENERGY AUTHORITY,100000046349441,A,17000,A,1900-01-01T00:00:00.000+00:00,4712-12-31T00:00:00.000+00:00,Y,P,N,6730,320 HWY 45 BY-PASS,,,,JACKSON,38301,TN,US,
METRO MECHANICAL CONTRACTORS,17018,100000046346080,100000046354379,BILL_TO,100000046341874,3815,METRO MECHANICAL CONTRACTORS,100000046349442,A,17001,A,1900-01-01T00:00:00.000+00:00,4712-12-31T00:00:00.000+00:00,Y,P,N,6066,5030 WILFONG RD,,,,MEMPHIS,38134,TN,US,
DD&B CONST,17019,100000046346387,100000046353443,BILL_TO,100000046341875,5220,DD&B CONST,100000046350847,A,17308,A,1900-01-01T00:00:00.000+00:00,4712-12-31T00:00:00.000+00:00,Y,P,N,5130,17B FIRSTFIELD RD,,,,GAITHERSBURG,20878,MD,US,
1750 MADISON BLDG,17020,100000046346647,100000046354830,BILL_TO,100000046341876,4867,1750 MADISON BLDG,100000046350494,A,17568,A,1900-01-01T00:00:00.000+00:00,4712-12-31T00:00:00.000+00:00,Y,P,N,6517,1750 MADISON AVE,,,,MEMPHIS,38104,TN,US,
COMFORT SYSTEMS USA INC,17021,100000046345495,100000046354831,BILL_TO,100000046341877,4520,COMFORT SYSTEMS USA INC,100000046350147,A,16416,A,1900-01-01T00:00:00.000+00:00,4712-12-31T00:00:00.000+00:00,Y,P,N,6518,PO BOX 757,,,,BRISTOL,24203-0757,VA,US,
KODIS TRANSPORTATION,17022,100000046345497,100000046353446,BILL_TO,100000046341878,4031,KODIS TRANSPORTATION,100000046349658,A,16418,A,1900-01-01T00:00:00.000+00:00,4712-12-31T00:00:00.000+00:00,Y,P,N,5133,1138 PROSPECT AVE E,,,,CLEVELAND,44115,OH,US,
HVAC INC,17023,100000046345499,100000046353754,BILL_TO,100000046341879,4523,HVAC INC,100000046350150,A,16420,A,1900-01-01T00:00:00.000+00:00,4712-12-31T00:00:00.000+00:00,Y,P,N,5441,5188 SE INTERNATIONAL WAY,,,,MILWAUKIE,97222,OR,US,
HAINES JONES & CADBURY,17024,100000046344675,100000046354003,BILL_TO,100000046341880,5227,HAINES JONES & CADBURY,100000046350854,A,15596,A,1900-01-01T00:00:00.000+00:00,4712-12-31T00:00:00.000+00:00,N,Y,N,5690,10705 RIEGER RD STE 200,,,,BATON ROUGE,70809,LA,US,
HAINES JONES & CADBURY,17024,100000046345505,100000046354002,BILL_TO,100000046341880,5227,HAINES JONES & CADBURY,100000046350854,A,16426,A,1900-01-01T00:00:00.000+00:00,4712-12-31T00:00:00.000+00:00,Y,P,N,5689,PO BOX 842912,,,,BOSTON,02284-2912,MA,US,
ST MARY'S EPISCOPAL SCHOOL,17025,100000046345507,100000046355050,BILL_TO,100000046341881,5229,ST MARY'S EPISCOPAL SCHOOL,100000046350856,A,16428,A,1900-01-01T00:00:00.000+00:00,4712-12-31T00:00:00.000+00:00,Y,P,N,6737,60 PERKINS EXTENDED,,,,MEMPHIS,38117,TN,US,
SOUTH FULTON BAPTIST CHURCH,17026,100000046346088,100000046355430,BILL_TO,100000046341882,4337,SOUTH FULTON BAPTIST CHURCH,100000046349964,A,17009,A,1900-01-01T00:00:00.000+00:00,4712-12-31T00:00:00.000+00:00,Y,P,N,7117,1500 BROADWAY,,,,SOUTH FULTON,38257,TN,US,
DHRUV MANAGEMENT LLC,17027,100000046344973,100000046354390,BILL_TO,100000046341883,5233,DHRUV MANAGEMENT LLC,100000046350860,A,15894,A,1900-01-01T00:00:00.000+00:00,4712-12-31T00:00:00.000+00:00,Y,P,N,6077,6135 W SITKA ST,,,,TAMPA,33634,FL,US,
CAESAR'S ENTERTAINMENT CORP,17028,100000046346090,100000046355431,BILL_TO,100000046341884,4039,CAESAR'S ENTERTAINMENT CORP,100000046349666,A,17011,A,1900-01-01T00:00:00.000+00:00,4712-12-31T00:00:00.000+00:00,Y,P,N,7118,1 CAESARS PALACE DR,,,,LAS VEGAS,89109,NV,US,
GARDEN CITY PLBG & HEATING,17029,100000046346396,100000046354392,BILL_TO,100000046341885,3326,GARDEN CITY PLBG & HEATING,100000046348953,A,17317,A,1900-01-01T00:00:00.000+00:00,4712-12-31T00:00:00.000+00:00,Y,P,N,6079,3955 FLYNN LN,,,,MISSOULA,59808,MT,US,
TYRONZA HOUSING AUTHORITY,17030,100000046346091,100000046354008,BILL_TO,100000046341886,4876,TYRONZA HOUSING AUTHORITY,100000046350503,A,17012,A,1900-01-01T00:00:00.000+00:00,4712-12-31T00:00:00.000+00:00,Y,P,N,5695,176 MULLINS ST,,,,TYRONZA,72386,AR,US,
JACKSON GENERAL CONTRACTORS,17031,100000046345515,100000046355056,BILL_TO,100000046341887,3327,JACKSON GENERAL CONTRACTORS,100000046348954,A,16436,A,1900-01-01T00:00:00.000+00:00,4712-12-31T00:00:00.000+00:00,Y,P,N,6743,429 E COMMERCE ST,,,,HERNANDO,38632,MS,US,
SANDERS SUPPLY INC,17032,100000046346400,100000046355058,BILL_TO,100000046341888,3832,SANDERS SUPPLY INC,100000046349459,A,17321,A,1900-01-01T00:00:00.000+00:00,4712-12-31T00:00:00.000+00:00,Y,P,N,6745,PO BOX 1545,,,,HOT SPRINGS,71902,AR,US,
WALSH PIPING,17033,100000046344976,100000046353460,BILL_TO,100000046341889,3833,WALSH PIPING,100000046349460,A,15897,A,1900-01-01T00:00:00.000+00:00,4712-12-31T00:00:00.000+00:00,Y,P,N,5147,PO BOX 11400,,,,LEXINGTON,40575,KY,US,
KOONTZ ELECTRIC,17034,100000046346118,100000046355433,BILL_TO,100000046341890,4879,KOONTZ ELECTRIC,100000046350506,A,17039,A,1900-01-01T00:00:00.000+00:00,4712-12-31T00:00:00.000+00:00,Y,P,N,7120,1223 E BROADWAY,,,,MORRILTON,72110,AR,US,
PUCKETT MACHINERY COMPANY,17035,100000046344684,100000046353462,BILL_TO,100000046341891,3834,PUCKETT MACHINERY COMPANY,100000046349461,A,15605,A,1900-01-01T00:00:00.000+00:00,4712-12-31T00:00:00.000+00:00,Y,P,N,5149,PO BOX 34796,,,,CHARLOTTE,28234,NC,US,
H&M INDUSTRIAL SERVICES,17036,100000046344979,100000046353463,BILL_TO,100000046341892,3511,H&M INDUSTRIAL SERVICES,100000046349138,A,15900,A,1900-01-01T00:00:00.000+00:00,4712-12-31T00:00:00.000+00:00,Y,P,N,5150,121 EDWARDS DR,,,,JACKSON,38301,TN,US,
POWER EQUIPMENT COMPANY,17037,100000046345536,100000046354012,BILL_TO,100000046341893,3331,POWER EQUIPMENT COMPANY,100000046348958,A,16457,A,1900-01-01T00:00:00.000+00:00,4712-12-31T00:00:00.000+00:00,Y,P,N,5699,PO BOX 22007,,,,MEMPHIS,38112,TN,US,
UNIVERSAL SERVICES,17038,100000046344689,100000046354847,BILL_TO,100000046341894,3519,UNIVERSAL SERVICES,100000046349146,A,15610,A,1900-01-01T00:00:00.000+00:00,4712-12-31T00:00:00.000+00:00,Y,P,N,6534,1241 HWY 63 N,,,,LEAKESVILLE,39451,MS,US,
AL MAGIC HOME SERVICE,17039,100000046345213,100000046353770,BILL_TO,100000046341895,4542,AL MAGIC HOME SERVICE,100000046350169,A,16134,A,1900-01-01T00:00:00.000+00:00,4712-12-31T00:00:00.000+00:00,Y,P,N,5457,430 GREEN ACRES,,,,MEMPHIS,38117,TN,US,
C & S HEATING AIR ELECTRICAL,17040,100000046344472,100000046353538,BILL_TO,100000046341896,4346,C & S HEATING AIR ELECTRICAL,100000046349973,A,15393,A,1900-01-01T00:00:00.000+00:00,4712-12-31T00:00:00.000+00:00,Y,P,N,5225,2404 WINFORD AVE,,,,NASHVILLE,37211,TN,US,
UNIVERSAL SUPPLY COMPANY,17041,100000046344473,100000046354850,BILL_TO,100000046341897,3339,UNIVERSAL SUPPLY COMPANY,100000046348966,A,15394,A,1900-01-01T00:00:00.000+00:00,4712-12-31T00:00:00.000+00:00,Y,P,N,6537,5659 N THOMPSON ST,,,,SPRINGDALE,72764,AR,US,
INTEGRATED POWER SERVICES LLC,17042,100000046344474,100000046355445,BILL_TO,100000046341898,4058,INTEGRATED POWER SERVICES LLC,100000046349685,A,15395,A,1900-01-01T00:00:00.000+00:00,4712-12-31T00:00:00.000+00:00,Y,P,N,7132,1551 REDMAN RD,,,,MERIDIAN,39305,MS,US,
HOME 2 SUITES,17043,100000046345457,100000046354293,BILL_TO,100000046341899,3468,HOME 2 SUITES,100000046349095,A,16378,A,1900-01-01T00:00:00.000+00:00,4712-12-31T00:00:00.000+00:00,N,Y,N,5980,210 N FRONTAGE RD,,,,MERIDIAN,39301,MS,US,
HOME 2 SUITES,17043,100000046346037,100000046353722,BILL_TO,100000046341899,3468,HOME 2 SUITES,100000046349095,A,16958,A,1900-01-01T00:00:00.000+00:00,4712-12-31T00:00:00.000+00:00,Y,P,N,5409,4028 PARKWAY BLVD,,,,WEST VALLEY CITY,84120,UT,US,
HOME 2 SUITES,17043,100000046346346,100000046353951,BILL_TO,100000046341899,3468,HOME 2 SUITES,100000046349095,A,17267,A,1900-01-01T00:00:00.000+00:00,4712-12-31T00:00:00.000+00:00,N,Y,N,5638,1701 11TH ST,,,,HARVEY,70058,LA,US,
CHILDREN'S CLINIC,17044,100000046345758,100000046354296,BILL_TO,100000046341900,5190,CHILDREN'S CLINIC,100000046350817,A,16679,A,1900-01-01T00:00:00.000+00:00,4712-12-31T00:00:00.000+00:00,Y,P,N,5983,264 COATSLAND DR,,,,JACKSON,38301,TN,US,
AAON COIL PRODUCTS INC,17045,100000046346347,100000046353484,BILL_TO,100000046341901,3996,AAON COIL PRODUCTS INC,100000046349623,A,17268,A,1900-01-01T00:00:00.000+00:00,4712-12-31T00:00:00.000+00:00,Y,P,N,5171,DEPT 5,,,,TULSA,74182,OK,US,
SANDERLIN BUILDINGS,17046,100000046346615,100000046355338,BILL_TO,100000046341902,3781,SANDERLIN BUILDINGS,100000046349408,A,17536,A,1900-01-01T00:00:00.000+00:00,4712-12-31T00:00:00.000+00:00,Y,P,N,7025,5100 SANDERLIN AVE,,,,MEMPHIS,38117,TN,US,
ARKANSAS STATE UNIVERSITY,17047,100000046344605,100000046354960,BILL_TO,100000046341903,4000,ARKANSAS STATE UNIVERSITY,100000046349627,A,15526,A,1900-01-01T00:00:00.000+00:00,4712-12-31T00:00:00.000+00:00,N,Y,N,6647,PO BOX 250,,,,STATE UNIVERSITY,72467,AR,US,
ARKANSAS STATE UNIVERSITY,17047,100000046346348,100000046353486,BILL_TO,100000046341903,4000,ARKANSAS STATE UNIVERSITY,100000046349627,A,17269,A,1900-01-01T00:00:00.000+00:00,4712-12-31T00:00:00.000+00:00,Y,P,N,5173,2105 E AGGIE RD,,,,JONESBORO,72467,AR,US,
G S REAL ESTATE,17048,100000046345759,100000046355339,BILL_TO,100000046341904,3782,G S REAL ESTATE,100000046349409,A,16680,A,1900-01-01T00:00:00.000+00:00,4712-12-31T00:00:00.000+00:00,Y,P,N,7026,3095 STONEBROOK CR,,,,MEMPHIS,38116,TN,US,
GRAINGER,17049,100000046345761,100000046354298,BILL_TO,100000046341905,4495,GRAINGER,100000046350122,A,16682,A,1900-01-01T00:00:00.000+00:00,4712-12-31T00:00:00.000+00:00,Y,P,N,5985,MW-H11,,,,PALATINE,60038-0001,IL,US,
GRAINGER,17049,100000046346349,100000046354299,BILL_TO,100000046341905,4495,GRAINGER,100000046350122,A,17270,A,1900-01-01T00:00:00.000+00:00,4712-12-31T00:00:00.000+00:00,N,Y,N,5986,DEPT 806033767,,,,KANSAS CITY,64141,MO,US,
CASEYÃ†S GENERAL STORE,17050,100000046346350,100000046354300,BILL_TO,100000046341906,4293,CASEYÃ†S GENERAL STORE,100000046349920,A,17271,A,1900-01-01T00:00:00.000+00:00,4712-12-31T00:00:00.000+00:00,Y,P,N,5987,PO BOX 3004,,,,ANKENY,50021,IA,US,
TUNICA RIVER PARK,17051,100000046346044,100000046354963,BILL_TO,100000046341907,4294,TUNICA RIVER PARK,100000046349921,A,16965,A,1900-01-01T00:00:00.000+00:00,4712-12-31T00:00:00.000+00:00,Y,P,N,6650,1 RIVERPARK DR,,,,ROBINSONVILLE,38664,MS,US,
MADISON COUNTY SCHOOL DISTRICT,17052,100000046346618,100000046354301,BILL_TO,100000046341908,3473,MADISON COUNTY SCHOOL DISTRICT,100000046349100,A,17539,A,1900-01-01T00:00:00.000+00:00,4712-12-31T00:00:00.000+00:00,Y,P,N,5988,476 HIGHLAND COLONY PKWY,,,,RIDGELAND,39157,MS,US,
KRAUS & SON INC,17053,100000046344637,100000046353726,BILL_TO,100000046341909,4833,KRAUS & SON INC,100000046350460,A,15558,A,1900-01-01T00:00:00.000+00:00,4712-12-31T00:00:00.000+00:00,Y,P,N,5413,1012 MAIN ST,,,,KEOKUK,52632,IA,US,
AUTO PARTS MFG MS INC,17054,100000046345209,100000046354306,BILL_TO,100000046341910,3787,AUTO PARTS MFG MS INC,100000046349414,A,16130,A,1900-01-01T00:00:00.000+00:00,4712-12-31T00:00:00.000+00:00,Y,P,N,5993,100 TAB WAY,,,,GUNTOWN,38849,MS,US,
JOHN MADISON EXUM TOWER,17055,100000046344638,100000046353488,BILL_TO,100000046341911,4834,JOHN MADISON EXUM TOWER,100000046350461,A,15559,A,1900-01-01T00:00:00.000+00:00,4712-12-31T00:00:00.000+00:00,Y,P,N,5175,3155 SHARPE AVE,,,,MEMPHIS,38111,TN,US,
HVAC SALES & SUPPLY CO,17056,100000046344639,100000046353416,BILL_TO,100000046341912,4298,HVAC SALES & SUPPLY CO,100000046349925,A,15560,A,1900-01-01T00:00:00.000+00:00,4712-12-31T00:00:00.000+00:00,Y,P,N,5103,2015 THOMAS RD,,,,MEMPHIS,38134,TN,US,
DAVID GEORGE,17057,100000046346047,100000046353418,BILL_TO,100000046341913,4835,DAVID GEORGE,100000046350462,A,16968,A,1900-01-01T00:00:00.000+00:00,4712-12-31T00:00:00.000+00:00,Y,P,N,5105,3095 STONEBROOK CIR,,,,MEMPHIS,38116,TN,US,
GREATER MEMPHIS PENTECOSTAL ASSEMBLY,17058,100000046344941,100000046354353,BILL_TO,100000046341914,4006,GREATER MEMPHIS PENTECOSTAL ASSEMBLY,100000046349633,A,15862,A,1900-01-01T00:00:00.000+00:00,4712-12-31T00:00:00.000+00:00,Y,P,N,6040,8941 E SHELBY DR,,,,MEMPHIS,38125,TN,US,
GREEN AIR INC,17059,100000046344644,100000046354971,BILL_TO,100000046341915,3479,GREEN AIR INC,100000046349106,A,15565,A,1900-01-01T00:00:00.000+00:00,4712-12-31T00:00:00.000+00:00,Y,P,N,6658,11250 HOPSON RD,,,,ASHLAND,23005,VA,US,
FEDEX,17060,100000046345472,100000046353966,BILL_TO,100000046341916,3481,FEDEX,100000046349108,A,16393,A,1900-01-01T00:00:00.000+00:00,4712-12-31T00:00:00.000+00:00,Y,P,N,5653,3131 DEMOCRAT RD,,,,MEMPHIS,38118,TN,US,
MERAKI AIR INC,17061,100000046346364,100000046353499,BILL_TO,100000046341917,5199,MERAKI AIR INC,100000046350826,A,17285,A,1900-01-01T00:00:00.000+00:00,4712-12-31T00:00:00.000+00:00,Y,P,N,5186,1521 DELOS AVE,,,,PORT SAINT LUCIE,34953,FL,US,
PDN GROUP,17062,100000046346366,100000046353738,BILL_TO,100000046341918,4011,PDN GROUP,100000046349638,A,17287,A,1900-01-01T00:00:00.000+00:00,4712-12-31T00:00:00.000+00:00,Y,P,N,5425,1301 S CAPITAL OF TX HWY,,,,AUSTIN,78746,TX,US,
GRIGGS CONSTRUCTION,17063,100000046344946,100000046353739,BILL_TO,100000046341919,4309,GRIGGS CONSTRUCTION,100000046349936,A,15867,A,1900-01-01T00:00:00.000+00:00,4712-12-31T00:00:00.000+00:00,Y,P,N,5426,9485 COLLIERVILLE ARLINGTON RD,,,,ARLINGTON,38002,TN,US,
MADISON HEATING & AIR,17064,100000046345474,100000046353971,BILL_TO,100000046341920,4012,MADISON HEATING & AIR,100000046349639,A,16395,A,1900-01-01T00:00:00.000+00:00,4712-12-31T00:00:00.000+00:00,N,Y,N,5658,PO BOX 10155,,,,JACKSON,38301,TN,US,
MADISON HEATING & AIR,17064,100000046345775,100000046353421,BILL_TO,100000046341920,4012,MADISON HEATING & AIR,100000046349639,A,16696,A,1900-01-01T00:00:00.000+00:00,4712-12-31T00:00:00.000+00:00,Y,P,N,5108,22 LN RD,,,,JACKSON,38301,TN,US,
F5 AIR CONDITIONING,17065,100000046344947,100000046354975,BILL_TO,100000046341921,3798,F5 AIR CONDITIONING,100000046349425,A,15868,A,1900-01-01T00:00:00.000+00:00,4712-12-31T00:00:00.000+00:00,Y,P,N,6662,2919 DURANGO CT,,,,COLLEGE STATION,77845,TX,US,
TEXAIR COMPANY,17066,100000046344647,100000046353424,BILL_TO,100000046341922,3799,TEXAIR COMPANY,100000046349426,A,15568,A,1900-01-01T00:00:00.000+00:00,4712-12-31T00:00:00.000+00:00,Y,P,N,5111,2201 W EXPRESSWAY,,,,MCALLEN,78503,TX,US,
FIRST EVANGELICAL CHURCH,17067,100000046346627,100000046354976,BILL_TO,100000046341923,3800,FIRST EVANGELICAL CHURCH,100000046349427,A,17548,A,1900-01-01T00:00:00.000+00:00,4712-12-31T00:00:00.000+00:00,Y,P,N,6663,735 RIDGELAKE BLVD,,,,MEMPHIS,38120-9484,TN,US,
BPS INC,17068,100000046346371,100000046353975,BILL_TO,100000046341924,3295,BPS INC,100000046348922,A,17292,A,1900-01-01T00:00:00.000+00:00,4712-12-31T00:00:00.000+00:00,Y,P,N,5662,794 PHILLIPS RD 311,,,,HELENA,72342,AR,US,
HOYT'S HEATING & A/C,17069,100000046344619,100000046355352,BILL_TO,100000046341925,3489,HOYT'S HEATING & A/C,100000046349116,A,15540,A,1900-01-01T00:00:00.000+00:00,4712-12-31T00:00:00.000+00:00,Y,P,N,7039,710 N WISE DR,,,,SUMTER,29153,SC,US,
CENTRAL PIPE SUPPLY,17070,100000046344650,100000046354980,BILL_TO,100000046341926,4312,CENTRAL PIPE SUPPLY,100000046349939,A,15571,A,1900-01-01T00:00:00.000+00:00,4712-12-31T00:00:00.000+00:00,N,Y,N,6667,3998 RUNWAY RD,,,,MEMPHIS,38118,TN,US,
CENTRAL PIPE SUPPLY,17070,100000046345782,100000046353976,BILL_TO,100000046341926,4312,CENTRAL PIPE SUPPLY,100000046349939,A,16703,A,1900-01-01T00:00:00.000+00:00,4712-12-31T00:00:00.000+00:00,Y,P,N,5663,PO BOX 5470,,,,PEARL,39288-5470,MS,US,
DESIGNED TEMPERATURES INC,17071,100000046346056,100000046354983,BILL_TO,100000046341927,4852,DESIGNED TEMPERATURES INC,100000046350479,A,16977,A,1900-01-01T00:00:00.000+00:00,4712-12-31T00:00:00.000+00:00,Y,P,N,6670,27 VERANDA AVE,,,,FAIRHAVEN,02719,MA,US,
OGNI INC,17072,100000046346631,100000046353426,BILL_TO,100000046341928,3491,OGNI INC,100000046349118,A,17552,A,1900-01-01T00:00:00.000+00:00,4712-12-31T00:00:00.000+00:00,Y,P,N,5113,140 E COMMERCIAL ST,,,,WOOD DALE,60191,IL,US,
SHERROD COMPANY,17073,100000046345477,100000046354364,BILL_TO,100000046341929,4854,SHERROD COMPANY,100000046350481,A,16398,A,1900-01-01T00:00:00.000+00:00,4712-12-31T00:00:00.000+00:00,Y,P,N,6051,PO BOX 660709,,,,BIRMINGHAM,35266-0709,AL,US,
MCCRORY SCHOOLS,17074,100000046345830,100000046353586,BILL_TO,100000046341930,5299,MCCRORY SCHOOLS,100000046350926,A,16751,A,1900-01-01T00:00:00.000+00:00,4712-12-31T00:00:00.000+00:00,Y,P,N,5273,509 N JACKSON,,,,MCCRORY,72101,AR,US,
MCCRORY SCHOOLS,17074,100000046346461,100000046354119,BILL_TO,100000046341930,5299,MCCRORY SCHOOLS,100000046350926,A,17382,A,1900-01-01T00:00:00.000+00:00,4712-12-31T00:00:00.000+00:00,N,Y,N,5806,PO BOX 930,,,,MCCRORY,72101,AR,US,
JOHNSON CONTROLS 240,17075,100000046346462,100000046355156,BILL_TO,100000046341931,4622,JOHNSON CONTROLS 240,100000046350249,A,17383,A,1900-01-01T00:00:00.000+00:00,4712-12-31T00:00:00.000+00:00,Y,P,N,6843,PO BOX 730068,,,,DALLAS,75373,TX,US,
GEORGE COUNTY BD OF SUPERVISOR,17076,100000046344735,100000046354530,BILL_TO,100000046341932,4586,GEORGE COUNTY BD OF SUPERVISOR,100000046350213,A,15656,A,1900-01-01T00:00:00.000+00:00,4712-12-31T00:00:00.000+00:00,Y,P,N,6217,329 RATLIFF ST,,,,LUCEDALE,39452,MS,US,
DEBRA-KUEMPEL,17077,100000046345596,100000046354532,BILL_TO,100000046341933,3571,DEBRA-KUEMPEL,100000046349198,A,16517,A,1900-01-01T00:00:00.000+00:00,4712-12-31T00:00:00.000+00:00,Y,P,N,6219,3976 SERN AVE,,,,CINCINNATI,45227,OH,US,
COSTA LINDA BEACH RESORT,17078,100000046346185,100000046353852,BILL_TO,100000046341934,4129,COSTA LINDA BEACH RESORT,100000046349756,A,17106,A,1900-01-01T00:00:00.000+00:00,4712-12-31T00:00:00.000+00:00,Y,P,N,5539,JE IRAUSQUIN BLVD 59,,,,ORANJESTAD,,,US,
MERZ HEATING & A/C,17079,100000046345037,100000046355004,BILL_TO,100000046341935,4624,MERZ HEATING & A/C,100000046350251,A,15958,A,1900-01-01T00:00:00.000+00:00,4712-12-31T00:00:00.000+00:00,Y,P,N,6691,509 S WILLOW ST,,,,EFFINGHAM,62401,IL,US,
PIKE COUNTY ARTS BUILDING,17080,100000046345835,100000046354399,BILL_TO,100000046341936,4132,PIKE COUNTY ARTS BUILDING,100000046349759,A,16756,A,1900-01-01T00:00:00.000+00:00,4712-12-31T00:00:00.000+00:00,Y,P,N,6086,222 STATE ST,,,,MCCOMB,39648,MS,US,
RESIDENCE INN,17081,100000046344799,100000046354127,BILL_TO,100000046341937,3591,RESIDENCE INN,100000046349218,A,15720,A,1900-01-01T00:00:00.000+00:00,4712-12-31T00:00:00.000+00:00,Y,P,N,5814,2740 JIMMY JOHNSON BLVD,,,,PORT ARTHUR,77640,TX,US,
ROGER'S MECHANICAL,17082,100000046346473,100000046355209,BILL_TO,100000046341938,4946,ROGER'S MECHANICAL,100000046350573,A,17394,A,1900-01-01T00:00:00.000+00:00,4712-12-31T00:00:00.000+00:00,Y,P,N,6896,167 LIBERTY RD,,,,VILLA RICA,30180,GA,US,
AIRE TECH MECHANICAL,17083,100000046345839,100000046354128,BILL_TO,100000046341939,3578,AIRE TECH MECHANICAL,100000046349205,A,16760,A,1900-01-01T00:00:00.000+00:00,4712-12-31T00:00:00.000+00:00,Y,P,N,5815,3462 MOTORSPORTS DR,,,,CONCORD,28027,NC,US,
SCHULZE & BURCH BISCUIT CO,17084,100000046346476,100000046355211,BILL_TO,100000046341940,4595,SCHULZE & BURCH BISCUIT CO,100000046350222,A,17397,A,1900-01-01T00:00:00.000+00:00,4712-12-31T00:00:00.000+00:00,Y,P,N,6898,200 QUEENSWAY,,,,SEARCY,72143,AR,US,
SCIENCE APPLICATIONS INT,17085,100000046344804,100000046353594,BILL_TO,100000046341941,4628,SCIENCE APPLICATIONS INT,100000046350255,A,15725,A,1900-01-01T00:00:00.000+00:00,4712-12-31T00:00:00.000+00:00,Y,P,N,5281,155 PASSAIC AVE,,,,FAIRFIELD,07004,NJ,US,
TST MECHANICAL SERVICES LLC,17086,100000046345605,100000046354130,BILL_TO,100000046341942,4597,TST MECHANICAL SERVICES LLC,100000046350224,A,16526,A,1900-01-01T00:00:00.000+00:00,4712-12-31T00:00:00.000+00:00,Y,P,N,5817,PO BOX 381674,,,,GERMANTOWN,38183,TN,US,
LEE PLUMBING INC,17087,100000046346478,100000046354539,BILL_TO,100000046341943,5307,LEE PLUMBING INC,100000046350934,A,17399,A,1900-01-01T00:00:00.000+00:00,4712-12-31T00:00:00.000+00:00,Y,P,N,6226,5281 BLACK BAYOU RD,,,,LELAND,38756,MS,US,
MEMPHIS CONTROL CENTER,17088,100000046345040,100000046355016,BILL_TO,100000046341944,4404,MEMPHIS CONTROL CENTER,100000046350031,A,15961,A,1900-01-01T00:00:00.000+00:00,4712-12-31T00:00:00.000+00:00,Y,P,N,6703,PO BOX 40510,,,,MEMPHIS,38174-0510,TN,US,
INTERCOMPANY SERVICE,17089,100000046345842,100000046355019,BILL_TO,100000046341945,3595,INTERCOMPANY SERVICE,100000046349222,A,16763,A,1900-01-01T00:00:00.000+00:00,4712-12-31T00:00:00.000+00:00,Y,P,N,6706,3095 STONEBROOK CIR,,,,MEMPHIS,38116,TN,US,
CINCINNATI AIR CONDITIONING CO,17090,100000046345843,100000046354408,BILL_TO,100000046341946,4599,CINCINNATI AIR CONDITIONING CO,100000046350226,A,16764,A,1900-01-01T00:00:00.000+00:00,4712-12-31T00:00:00.000+00:00,Y,P,N,6095,2080 NWEST DR,,,,CINCINNATI,45231,OH,US,
ELECTRICAL CONTRACTING SOLUTIO,17091,100000046345292,100000046355218,BILL_TO,100000046341947,4407,ELECTRICAL CONTRACTING SOLUTIO,100000046350034,A,16213,A,1900-01-01T00:00:00.000+00:00,4712-12-31T00:00:00.000+00:00,Y,P,N,6905,207 CEDAR LN RD,,,,GREENVILLE,29611,SC,US,
JACK HORNSBY ELECTRIC,17092,100000046345608,100000046355219,BILL_TO,100000046341948,5311,JACK HORNSBY ELECTRIC,100000046350938,A,16529,A,1900-01-01T00:00:00.000+00:00,4712-12-31T00:00:00.000+00:00,Y,P,N,6906,230 COMMERCE CENTER CIR,,,,JACKSON,38301,TN,US,
HARDIN HEATING & AIR,17093,100000046344749,100000046355022,BILL_TO,100000046341949,3861,HARDIN HEATING & AIR,100000046349488,A,15670,A,1900-01-01T00:00:00.000+00:00,4712-12-31T00:00:00.000+00:00,Y,P,N,6709,670 PICKWICK RD,,,,SAVANNAH,38372,TN,US,
DELTA T SERVICES LLC,17094,100000046345294,100000046354546,BILL_TO,100000046341950,3601,DELTA T SERVICES LLC,100000046349228,A,16215,A,1900-01-01T00:00:00.000+00:00,4712-12-31T00:00:00.000+00:00,Y,P,N,6233,317 NW 47TH CT,,,,FORT LAUDERDALE,33309,FL,US,
FLOATS & FUEL CELLS,17095,100000046345045,100000046353602,BILL_TO,100000046341951,5312,FLOATS & FUEL CELLS,100000046350939,A,15966,A,1900-01-01T00:00:00.000+00:00,4712-12-31T00:00:00.000+00:00,Y,P,N,5289,4010 PILOT DR,,,,MEMPHIS,38118,TN,US,
APPLIED INDUSTRIAL TECHNOLOGY,17096,100000046345612,100000046354414,BILL_TO,100000046341952,3604,APPLIED INDUSTRIAL TECHNOLOGY,100000046349231,A,16533,A,1900-01-01T00:00:00.000+00:00,4712-12-31T00:00:00.000+00:00,Y,P,N,6101,550 WHITE DR,,,,BATESVILLE,72501,AR,US,
TENCARVA MACHINERY,17097,100000046345298,100000046354551,BILL_TO,100000046341953,4640,TENCARVA MACHINERY,100000046350267,A,16219,A,1900-01-01T00:00:00.000+00:00,4712-12-31T00:00:00.000+00:00,Y,P,N,6238,984 HWY 84 E,,,,BROOKHAVEN,39601,MS,US,
POST FAMILY WINERY & VINEYARD,17098,100000046345299,100000046354415,BILL_TO,100000046341954,3868,POST FAMILY WINERY & VINEYARD,100000046349495,A,16220,A,1900-01-01T00:00:00.000+00:00,4712-12-31T00:00:00.000+00:00,Y,P,N,6102,1700 ST MARY'S MOUNTAIN RD,,,,ALTUS,72821,AR,US,
MAINTENANCE SERVICES,17099,100000046346482,100000046353604,BILL_TO,100000046341955,4413,MAINTENANCE SERVICES,100000046350040,A,17403,A,1900-01-01T00:00:00.000+00:00,4712-12-31T00:00:00.000+00:00,Y,P,N,5291,194 DOGWOOD LN,,,,FLORENCE,39073,MS,US,
SPECTRUM MECHANICAL & SERVICE,17100,100000046346212,100000046354141,BILL_TO,100000046341956,4643,SPECTRUM MECHANICAL & SERVICE,100000046350270,A,17133,A,1900-01-01T00:00:00.000+00:00,4712-12-31T00:00:00.000+00:00,Y,P,N,5828,1525 W 10TH PL,,,,TEMPE,85281,AZ,US,
TOM BARROW COMPANY,17101,100000046344822,100000046354553,BILL_TO,100000046341957,3870,TOM BARROW COMPANY,100000046349497,A,15743,A,1900-01-01T00:00:00.000+00:00,4712-12-31T00:00:00.000+00:00,Y,P,N,6240,2837 APPLING WAY STE 102,,,,MEMPHIS,38133,TN,US,
WRIGHT MEDICAL,17102,100000046345055,100000046354425,BILL_TO,100000046341958,4969,WRIGHT MEDICAL,100000046350596,A,15976,A,1900-01-01T00:00:00.000+00:00,4712-12-31T00:00:00.000+00:00,Y,P,N,6112,1023 CHERRY RD,,,,MEMPHIS,38117,TN,US,
AAON INC,17103,100000046346219,100000046354557,BILL_TO,100000046341959,3872,AAON INC,100000046349499,A,17140,A,1900-01-01T00:00:00.000+00:00,4712-12-31T00:00:00.000+00:00,Y,P,N,6244,2425 S YUKON,,,,TULSA,74107,OK,US,
KNIGHT TOPLINE,17104,100000046345216,100000046353539,BILL_TO,100000046341960,5247,KNIGHT TOPLINE,100000046350874,A,16137,A,1900-01-01T00:00:00.000+00:00,4712-12-31T00:00:00.000+00:00,Y,P,N,5226,156 FOX MEADOW LN,,,,WINSTON SALEM,27107,NC,US,
TJS INVESTMENT GROUP LLC,17105,100000046344991,100000046354851,BILL_TO,100000046341961,4890,TJS INVESTMENT GROUP LLC,100000046350517,A,15912,A,1900-01-01T00:00:00.000+00:00,4712-12-31T00:00:00.000+00:00,Y,P,N,6538,101 DUKE ST,,,,CULPEPER,22701,VA,US,
MID-SOUTH BEARING,17106,100000046346411,100000046354857,BILL_TO,100000046341962,3342,MID-SOUTH BEARING,100000046348969,A,17332,A,1900-01-01T00:00:00.000+00:00,4712-12-31T00:00:00.000+00:00,N,Y,N,6544,PO BOX 17246,,,,JONESBORO,72401,AR,US,
MID-SOUTH BEARING,17106,100000046346412,100000046353541,BILL_TO,100000046341962,3342,MID-SOUTH BEARING,100000046348969,A,17333,A,1900-01-01T00:00:00.000+00:00,4712-12-31T00:00:00.000+00:00,Y,P,N,5228,3057 DISTRIBUTING DR,,,,JONESBORO,72401,AR,US,
AIR CONTROL ENGINEERING,17107,100000046345221,100000046354448,BILL_TO,100000046341963,5251,AIR CONTROL ENGINEERING,100000046350878,A,16142,A,1900-01-01T00:00:00.000+00:00,4712-12-31T00:00:00.000+00:00,Y,P,N,6135,1119 PRIDMORE DR,,,,COLUMBUS,39702,MS,US,
MOHR HEATING & AIR,17108,100000046346105,100000046354858,BILL_TO,100000046341964,5256,MOHR HEATING & AIR,100000046350883,A,17026,A,1900-01-01T00:00:00.000+00:00,4712-12-31T00:00:00.000+00:00,Y,P,N,6545,251 E UNION,,,,WYNNE,72396,AR,US,
PEARL RIVER COMMUNITY COLLEGE,17109,100000046345552,100000046353817,BILL_TO,100000046341965,5261,PEARL RIVER COMMUNITY COLLEGE,100000046350888,A,16473,A,1900-01-01T00:00:00.000+00:00,4712-12-31T00:00:00.000+00:00,Y,P,N,5504,101 HWY 11 N,,,,POPLARVILLE,39470,MS,US,
RONALD MCDONALD HOUSE,17110,100000046346138,100000046354028,BILL_TO,100000046341966,4070,RONALD MCDONALD HOUSE,100000046349697,A,17059,A,1900-01-01T00:00:00.000+00:00,4712-12-31T00:00:00.000+00:00,Y,P,N,5715,535 ALABAMA AVE,,,,MEMPHIS,38105,TN,US,
PRIDE CONSTRUCTION,17111,100000046345227,100000046355454,BILL_TO,100000046341967,4552,PRIDE CONSTRUCTION,100000046350179,A,16148,A,1900-01-01T00:00:00.000+00:00,4712-12-31T00:00:00.000+00:00,Y,P,N,7141,1200 BIG ORANGE RD,,,,CORDOVA,38018,TN,US,
A & H ELECTRICAL REF LLC,17112,100000046346139,100000046354454,BILL_TO,100000046341968,4553,A & H ELECTRICAL REF LLC,100000046350180,A,17060,A,1900-01-01T00:00:00.000+00:00,4712-12-31T00:00:00.000+00:00,Y,P,N,6141,PO BOX 1097,,,,WEST POINT,39773,MS,US,
BAPTIST MEDICAL CENTER-LEAKE,17113,100000046346420,100000046353818,BILL_TO,100000046341969,4351,BAPTIST MEDICAL CENTER-LEAKE,100000046349978,A,17341,A,1900-01-01T00:00:00.000+00:00,4712-12-31T00:00:00.000+00:00,Y,P,N,5505,PO BOX 2630,,,,JACKSON,39207,MS,US,
CITY ELECTRIC CO,17114,100000046345002,100000046354029,BILL_TO,100000046341970,3349,CITY ELECTRIC CO,100000046348976,A,15923,A,1900-01-01T00:00:00.000+00:00,4712-12-31T00:00:00.000+00:00,Y,P,N,5716,109 S FIFTH ST,,,,BLYTHEVILLE,72316,AR,US,
D & L INC,17115,100000046344482,100000046354864,BILL_TO,100000046341971,4072,D & L INC,100000046349699,A,15403,A,1900-01-01T00:00:00.000+00:00,4712-12-31T00:00:00.000+00:00,N,Y,N,6551,1413 E ASH ST,,,,BLYTHEVILLE,72316,AR,US,
D & L INC,17115,100000046345229,100000046354455,BILL_TO,100000046341971,4072,D & L INC,100000046349699,A,16150,A,1900-01-01T00:00:00.000+00:00,4712-12-31T00:00:00.000+00:00,Y,P,N,6142,PO BOX 628,,,,BLYTHEVILLE,72316,AR,US,
DAIKIN APPLIED AMERICAS INC,17116,100000046346421,100000046354456,BILL_TO,100000046341972,4352,DAIKIN APPLIED AMERICAS INC,100000046349979,A,17342,A,1900-01-01T00:00:00.000+00:00,4712-12-31T00:00:00.000+00:00,Y,P,N,6143,13600 INDUSTRIAL PARK BLVD,,,,PLYMOUTH,55441,MN,US,
SELLERS AIR CONDITIONING,17117,100000046346142,100000046354865,BILL_TO,100000046341973,3527,SELLERS AIR CONDITIONING,100000046349154,A,17063,A,1900-01-01T00:00:00.000+00:00,4712-12-31T00:00:00.000+00:00,Y,P,N,6552,1655 W CAMELBACK RD,,,,DUNCAN,73533,OK,US,
ELITE MECHANICAL,17118,100000046345003,100000046354866,BILL_TO,100000046341974,5263,ELITE MECHANICAL,100000046350890,A,15924,A,1900-01-01T00:00:00.000+00:00,4712-12-31T00:00:00.000+00:00,Y,P,N,6553,98-055 KAMEHAMEHA HWY C-6,,,,AIEA,96701,HI,US,
CHISCA ON MAIN (LEDIC),17119,100000046345558,100000046353547,BILL_TO,100000046341975,5266,CHISCA ON MAIN (LEDIC),100000046350893,A,16479,A,1900-01-01T00:00:00.000+00:00,4712-12-31T00:00:00.000+00:00,Y,P,N,5234,227 S MAIN ST,,,,MEMPHIS,38103,TN,US,
BURTON CONSTRUCTION,17120,100000046345233,100000046353822,BILL_TO,100000046341976,3353,BURTON CONSTRUCTION,100000046348980,A,16154,A,1900-01-01T00:00:00.000+00:00,4712-12-31T00:00:00.000+00:00,Y,P,N,5509,306 27TH AVE,,,,MERIDIAN,39301,MS,US,
CHAWLA POINTE LLC,17121,100000046345007,100000046354314,BILL_TO,100000046341977,5269,CHAWLA POINTE LLC,100000046350896,A,15928,A,1900-01-01T00:00:00.000+00:00,4712-12-31T00:00:00.000+00:00,Y,P,N,6001,1300 HWY 8 W,,,,CLEVELAND,38732,MS,US,
JONESBORO PUBLIC SCHOOLS,17122,100000046345008,100000046355124,BILL_TO,100000046341978,4078,JONESBORO PUBLIC SCHOOLS,100000046349705,A,15929,A,1900-01-01T00:00:00.000+00:00,4712-12-31T00:00:00.000+00:00,Y,P,N,6811,2506 SWEST SQUARE,,,,JONESBORO,72401,AR,US,
AIRDUSCO INC,17123,100000046344710,100000046355127,BILL_TO,100000046341979,5274,AIRDUSCO INC,100000046350901,A,15631,A,1900-01-01T00:00:00.000+00:00,4712-12-31T00:00:00.000+00:00,Y,P,N,6814,3725 CHAMPION HILLS RD,,,,MEMPHIS,38125,TN,US,
DELTA PROTEIN INTERNATIONAL,17124,100000046345237,100000046354037,BILL_TO,100000046341980,4096,DELTA PROTEIN INTERNATIONAL,100000046349723,A,16158,A,1900-01-01T00:00:00.000+00:00,4712-12-31T00:00:00.000+00:00,Y,P,N,5724,200 ITTA BENA RD,,,,SUNFLOWER,38778,MS,US,
DIXIE METAL PRODUCTS LLC,17125,100000046345565,100000046354323,BILL_TO,100000046341981,3540,DIXIE METAL PRODUCTS LLC,100000046349167,A,16486,A,1900-01-01T00:00:00.000+00:00,4712-12-31T00:00:00.000+00:00,Y,P,N,6010,PO BOX 40227,,,,MEMPHIS,38106,TN,US,
BUCHANAN'S HVAC,17126,100000046346155,100000046353555,BILL_TO,100000046341982,4087,BUCHANAN'S HVAC,100000046349714,A,17076,A,1900-01-01T00:00:00.000+00:00,4712-12-31T00:00:00.000+00:00,Y,P,N,5242,12692 BROWNSFERRY,,,,SARAH,38665,MS,US,
SHREYA CONSTRUCTION LLC,17127,100000046345567,100000046353831,BILL_TO,100000046341983,5282,SHREYA CONSTRUCTION LLC,100000046350909,A,16488,A,1900-01-01T00:00:00.000+00:00,4712-12-31T00:00:00.000+00:00,Y,P,N,5518,131 LOBDELL HWY,,,,PORT ALLEN,70767,LA,US,
LEGACY HEATING & AC,17128,100000046345568,100000046353833,BILL_TO,100000046341984,4363,LEGACY HEATING & AC,100000046349990,A,16489,A,1900-01-01T00:00:00.000+00:00,4712-12-31T00:00:00.000+00:00,Y,P,N,5520,6502 BLUFFTON RD,,,,FORT WAYNE,46809,IN,US,
AKSARBEN HEATING & AC,17129,100000046345805,100000046354332,BILL_TO,100000046341985,4919,AKSARBEN HEATING & AC,100000046350546,A,16726,A,1900-01-01T00:00:00.000+00:00,4712-12-31T00:00:00.000+00:00,Y,P,N,6019,7070 S 108 ST,,,,OMAHA,68128,NE,US,
FEDERAL CORRECTION CENTER,17130,100000046346436,100000046353801,BILL_TO,100000046341986,4566,FEDERAL CORRECTION CENTER,100000046350193,A,17357,A,1900-01-01T00:00:00.000+00:00,4712-12-31T00:00:00.000+00:00,Y,P,N,5488,1400 DALE BUMPERS RD,,,,FORREST CITY,72335,AR,US,
GENERAL SUPPLY,17131,100000046345255,100000046354045,BILL_TO,100000046341987,4093,GENERAL SUPPLY,100000046349720,A,16176,A,1900-01-01T00:00:00.000+00:00,4712-12-31T00:00:00.000+00:00,Y,P,N,5732,208 19TH AVE,,,,MERIDIAN,39301,MS,US,
EWING KESSLER INC,17132,100000046345808,100000046353562,BILL_TO,100000046341988,3551,EWING KESSLER INC,100000046349178,A,16729,A,1900-01-01T00:00:00.000+00:00,4712-12-31T00:00:00.000+00:00,Y,P,N,5249,1631 CENTURY CENTER PKWY,,,,MEMPHIS,38134,TN,US,
ARKANSAS HEALTH CENTER,17133,100000046345573,100000046354047,BILL_TO,100000046341989,3552,ARKANSAS HEALTH CENTER,100000046349179,A,16494,A,1900-01-01T00:00:00.000+00:00,4712-12-31T00:00:00.000+00:00,Y,P,N,5734,6701 HWY 67,,,,BENTON,72015,AR,US,
BAKER REFRIGERATION,17134,100000046344950,100000046354763,BILL_TO,100000046341990,3300,BAKER REFRIGERATION,100000046348927,A,15871,A,1900-01-01T00:00:00.000+00:00,4712-12-31T00:00:00.000+00:00,Y,P,N,6450,402 DAY LN,,,,RUSSELLVILLE,72802,AR,US,
FORREST FUNERAL HOME,17135,100000046346059,100000046355354,BILL_TO,100000046341991,4314,FORREST FUNERAL HOME,100000046349941,A,16980,A,1900-01-01T00:00:00.000+00:00,4712-12-31T00:00:00.000+00:00,Y,P,N,7041,1258 RICHBURG RD,,,,HATTIESBURG,39402,MS,US,
BENVENUTTI ELECT APPARATUS,17136,100000046344653,100000046353985,BILL_TO,100000046341992,3493,BENVENUTTI ELECT APPARATUS,100000046349120,A,15574,A,1900-01-01T00:00:00.000+00:00,4712-12-31T00:00:00.000+00:00,Y,P,N,5672,9515 N WILDFLOWER CT,,,,GULFPORT,39503,MS,US,
JACOBE BROTHERS CONSTRUCTION,17137,100000046344626,100000046353990,BILL_TO,100000046341993,4512,JACOBE BROTHERS CONSTRUCTION,100000046350139,A,15547,A,1900-01-01T00:00:00.000+00:00,4712-12-31T00:00:00.000+00:00,Y,P,N,5677,700 SEAST LOOP 323,,,,TYLER,75702,TX,US,
WINSUPPLY PINE BLUFF AR,17138,100000046344954,100000046355358,BILL_TO,100000046341994,3306,WINSUPPLY PINE BLUFF AR,100000046348933,A,15875,A,1900-01-01T00:00:00.000+00:00,4712-12-31T00:00:00.000+00:00,Y,P,N,7045,PO BOX 1127,,,,DAYTON,71611,OH,US,
KAMAN INDUSTRIAL TECHNOLOGIES,17139,100000046346636,100000046355359,BILL_TO,100000046341995,3307,KAMAN INDUSTRIAL TECHNOLOGIES,100000046348934,A,17557,A,1900-01-01T00:00:00.000+00:00,4712-12-31T00:00:00.000+00:00,Y,P,N,7046,213 W WAYNE STREE,,,,FT WAYNE,46802,IN,US,
COMFORTROL,17140,100000046346063,100000046353430,BILL_TO,100000046341996,5207,COMFORTROL,100000046350834,A,16984,A,1900-01-01T00:00:00.000+00:00,4712-12-31T00:00:00.000+00:00,Y,P,N,5117,3155 LAMB AVE,,,,COLUMBUS,43219,OH,US,
STAR MECHANICAL SUPPLY,17141,100000046346064,100000046353510,BILL_TO,100000046341997,4318,STAR MECHANICAL SUPPLY,100000046349945,A,16985,A,1900-01-01T00:00:00.000+00:00,4712-12-31T00:00:00.000+00:00,Y,P,N,5197,122 W RANDALL RD,,,,SPRINGDALE,72764,AR,US,
STAR MECHANICAL SUPPLY,17141,100000046346378,100000046354990,BILL_TO,100000046341997,4318,STAR MECHANICAL SUPPLY,100000046349945,A,17299,A,1900-01-01T00:00:00.000+00:00,4712-12-31T00:00:00.000+00:00,N,Y,N,6677,5401 S ZERO,,,,FT SMITH,72903,AR,US,
INTERCOMPANY EQUIP-AR,17142,100000046346380,100000046353431,BILL_TO,100000046341998,4862,INTERCOMPANY EQUIP-AR,100000046350489,A,17301,A,1900-01-01T00:00:00.000+00:00,4712-12-31T00:00:00.000+00:00,Y,P,N,5118,30 WILLOW DR,,,,CABOT,72023,AR,US,
THE FIRST BANK ATTN: JANIE WIL,17143,100000046345486,100000046354994,BILL_TO,100000046341999,3311,THE FIRST BANK ATTN: JANIE WIL,100000046348938,A,16407,A,1900-01-01T00:00:00.000+00:00,4712-12-31T00:00:00.000+00:00,Y,P,N,6681,PO BOX 15549,,,,HATTIESBURG,39042,MS,US,
NEWK'S EXPRESS CAFE,17144,100000046344957,100000046353512,BILL_TO,100000046342000,3809,NEWK'S EXPRESS CAFE,100000046349436,A,15878,A,1900-01-01T00:00:00.000+00:00,4712-12-31T00:00:00.000+00:00,Y,P,N,5199,3680 S HOUSTON LEVEE RD,,,,COLLIERVILLE,38017,TN,US,
CAMP MCCAIN,17145,100000046344442,100000046355038,BILL_TO,100000046342001,4514,CAMP MCCAIN,100000046350141,A,15363,A,1900-01-01T00:00:00.000+00:00,4712-12-31T00:00:00.000+00:00,Y,P,N,6725,3152 J H BIDDY RD,,,,GRENADA,38901,MS,US,
YOUTH VILLAGES,17146,100000046346067,100000046355367,BILL_TO,100000046342002,3811,YOUTH VILLAGES,100000046349438,A,16988,A,1900-01-01T00:00:00.000+00:00,4712-12-31T00:00:00.000+00:00,Y,P,N,7054,7410 MEMPHIS ARLINGTON RD,,,,BARTLETT,38135,TN,US,
HAMPTON INN,17147,100000046344446,100000046354777,BILL_TO,100000046342003,4517,HAMPTON INN,100000046350144,A,15367,A,1900-01-01T00:00:00.000+00:00,4712-12-31T00:00:00.000+00:00,N,Y,N,6464,5575 SKYHAWK PKWY,,,,MARTIN,38237,TN,US,
HAMPTON INN,17147,100000046344447,100000046355370,BILL_TO,100000046342003,4517,HAMPTON INN,100000046350144,A,15368,A,1900-01-01T00:00:00.000+00:00,4712-12-31T00:00:00.000+00:00,N,Y,N,7057,6730 MS - 63 N,,,,MOSS POINT,39563,MS,US,
HAMPTON INN,17147,100000046344664,100000046354776,BILL_TO,100000046342003,4517,HAMPTON INN,100000046350144,A,15585,A,1900-01-01T00:00:00.000+00:00,4712-12-31T00:00:00.000+00:00,N,Y,N,6463,912 N DAVIS,,,,CLEVELAND,38732,MS,US,
HAMPTON INN,17147,100000046344665,100000046353748,BILL_TO,100000046342003,4517,HAMPTON INN,100000046350144,A,15586,A,1900-01-01T00:00:00.000+00:00,4712-12-31T00:00:00.000+00:00,N,Y,N,5435,7005 STATE HWY 129 N,,,,WINFIELD,35594,AL,US,
HAMPTON INN,17147,100000046344666,100000046353993,BILL_TO,100000046342003,4517,HAMPTON INN,100000046350144,A,15587,A,1900-01-01T00:00:00.000+00:00,4712-12-31T00:00:00.000+00:00,N,Y,N,5680,1509 JEFFERSON ST,,,,LAUREL,39440,MS,US,
HAMPTON INN,17147,100000046344959,100000046354779,BILL_TO,100000046342003,4517,HAMPTON INN,100000046350144,A,15880,A,1900-01-01T00:00:00.000+00:00,4712-12-31T00:00:00.000+00:00,N,Y,N,6466,6830 CRUMPLER BLVD,,,,OLIVE BRANCH,38654,MS,US,
HAMPTON INN,17147,100000046345490,100000046354375,BILL_TO,100000046342003,4517,HAMPTON INN,100000046350144,A,16411,A,1900-01-01T00:00:00.000+00:00,4712-12-31T00:00:00.000+00:00,N,Y,N,6062,545 E JOHN CARPENTER FREEWAY,,,,IRVING,75062,TX,US,
HAMPTON INN,17147,100000046345491,100000046354781,BILL_TO,100000046342003,4517,HAMPTON INN,100000046350144,A,16412,A,1900-01-01T00:00:00.000+00:00,4712-12-31T00:00:00.000+00:00,N,Y,N,6468,2280 E MAIN ST,,,,BROUSSARD,70518,LA,US,
HAMPTON INN,17147,100000046345792,100000046354377,BILL_TO,100000046342003,4517,HAMPTON INN,100000046350144,A,16713,A,1900-01-01T00:00:00.000+00:00,4712-12-31T00:00:00.000+00:00,N,Y,N,6064,505 S CT ST,,,,FLORENCE,35630,AL,US,
HAMPTON INN,17147,100000046346072,100000046355039,BILL_TO,100000046342003,4517,HAMPTON INN,100000046350144,A,16993,A,1900-01-01T00:00:00.000+00:00,4712-12-31T00:00:00.000+00:00,N,Y,N,6726,1280 W POPLAR AVE,,,,COLLIERVILLE,38017,TN,US,
HAMPTON INN,17147,100000046346073,100000046354376,BILL_TO,100000046342003,4517,HAMPTON INN,100000046350144,A,16994,A,1900-01-01T00:00:00.000+00:00,4712-12-31T00:00:00.000+00:00,N,Y,N,6063,133 SOLDIERS COLONY RD,,,,CANTON,39046,MS,US,
HAMPTON INN,17147,100000046346074,100000046353994,BILL_TO,100000046342003,4517,HAMPTON INN,100000046350144,A,16995,A,1900-01-01T00:00:00.000+00:00,4712-12-31T00:00:00.000+00:00,N,Y,N,5681,1701 GULFSHORES PKWY,,,,GULFSHORES,36542,AL,US,
HAMPTON INN,17147,100000046346383,100000046354778,BILL_TO,100000046342003,4517,HAMPTON INN,100000046350144,A,17304,A,1900-01-01T00:00:00.000+00:00,4712-12-31T00:00:00.000+00:00,N,Y,N,6465,962 SHADY GROVE RD,,,,MEMPHIS,38120,TN,US,
HAMPTON INN,17147,100000046346384,100000046353517,BILL_TO,100000046342003,4517,HAMPTON INN,100000046350144,A,17305,A,1900-01-01T00:00:00.000+00:00,4712-12-31T00:00:00.000+00:00,Y,P,N,5204,525 PROVIDENCE PARK DR,,,,MOBILE,36695,AL,US,
HAMPTON INN,17147,100000046346644,100000046354780,BILL_TO,100000046342003,4517,HAMPTON INN,100000046350144,A,17565,A,1900-01-01T00:00:00.000+00:00,4712-12-31T00:00:00.000+00:00,N,Y,N,6467,33 HUMPHREYS CENTER DR,,,,MEMPHIS,38120,TN,US,
MILLS-WILSON-GEORGE INC,17148,100000046345794,100000046354784,BILL_TO,100000046342004,3315,MILLS-WILSON-GEORGE INC,100000046348942,A,16715,A,1900-01-01T00:00:00.000+00:00,4712-12-31T00:00:00.000+00:00,Y,P,N,6471,1847 VANDERHORN,,,,MEMPHIS,38134,TN,US,
RGB MECHANICAL,17149,100000046344667,100000046353441,BILL_TO,100000046342005,4322,RGB MECHANICAL,100000046349949,A,15588,A,1900-01-01T00:00:00.000+00:00,4712-12-31T00:00:00.000+00:00,Y,P,N,5128,PO BOX 1927,,,,JONESBORO,72405,AR,US,
RGB MECHANICAL,17149,100000046345795,100000046355372,BILL_TO,100000046342005,4322,RGB MECHANICAL,100000046349949,A,16716,A,1900-01-01T00:00:00.000+00:00,4712-12-31T00:00:00.000+00:00,N,Y,N,7059,4221 E JOHNSON AVE,,,,JONESBORO,72405,AR,US,
ALABAMA EQUIPMENT,17150,100000046345796,100000046354828,BILL_TO,100000046342006,4518,ALABAMA EQUIPMENT,100000046350145,A,16717,A,1900-01-01T00:00:00.000+00:00,4712-12-31T00:00:00.000+00:00,Y,P,N,6515,300 RIVERCHASE PKWY E,,,,HOOVER,35244,AL,US,
M & H HEATING,17151,100000046344448,100000046353749,BILL_TO,100000046342007,4028,M & H HEATING,100000046349655,A,15369,A,1900-01-01T00:00:00.000+00:00,4712-12-31T00:00:00.000+00:00,Y,P,N,5436,1740 SEPTEMBER,,,,MEMPHIS,38116,TN,US,
3171 DIRECTORS ROW,17152,100000046344450,100000046353750,BILL_TO,100000046342008,4326,3171 DIRECTORS ROW,100000046349953,A,15371,A,1900-01-01T00:00:00.000+00:00,4712-12-31T00:00:00.000+00:00,Y,P,N,5437,3171 DIRECTORS ROW,,,,MEMPHIS,38116,TN,US,
HHTWO OXFORD LLC,17153,100000046345500,100000046353520,BILL_TO,100000046342009,4033,HHTWO OXFORD LLC,100000046349660,A,16421,A,1900-01-01T00:00:00.000+00:00,4712-12-31T00:00:00.000+00:00,Y,P,N,5207,101 S LAMAR CT,,,,OXFORD,38655,MS,US,
OCHSNER HEALTH SYSTEM,17154,100000046344455,100000046353449,BILL_TO,100000046342010,4525,OCHSNER HEALTH SYSTEM,100000046350152,A,15376,A,1900-01-01T00:00:00.000+00:00,4712-12-31T00:00:00.000+00:00,Y,P,N,5136,1201 DICKORY AVE,,,,HARAHAN,70123,LA,US,
CAYCE MECHANICAL CONTRACTORS,17155,100000046345501,100000046354837,BILL_TO,100000046342011,5225,CAYCE MECHANICAL CONTRACTORS,100000046350852,A,16422,A,1900-01-01T00:00:00.000+00:00,4712-12-31T00:00:00.000+00:00,Y,P,N,6524,909 SEABOARD ST,,,,MYRTLE BEACH,29578,SC,US,
SOEFKER REFRIGERATION,17156,100000046346109,100000046353523,BILL_TO,100000046342012,3826,SOEFKER REFRIGERATION,100000046349453,A,17030,A,1900-01-01T00:00:00.000+00:00,4712-12-31T00:00:00.000+00:00,Y,P,N,5210,1568 PANAMA ST,,,,MEMPHIS,38108,TN,US,
CINNY VERHAKK-MCCLOSKEY,17157,100000046345506,100000046353450,BILL_TO,100000046342013,4329,CINNY VERHAKK-MCCLOSKEY,100000046349956,A,16427,A,1900-01-01T00:00:00.000+00:00,4712-12-31T00:00:00.000+00:00,Y,P,N,5137,9043 BELLEHURST DR,,,,CORDOVA,38016,TN,US,
TREY CONSTRUCTION,17158,100000046344679,100000046355052,BILL_TO,100000046342014,3830,TREY CONSTRUCTION,100000046349457,A,15600,A,1900-01-01T00:00:00.000+00:00,4712-12-31T00:00:00.000+00:00,Y,P,N,6739,1355 ALCY RD,,,,MEMPHIS,38106,TN,US,
NEFAB PACKAGING SOUTH EASTLLC,17159,100000046346084,100000046353526,BILL_TO,100000046342015,4037,NEFAB PACKAGING SOUTH EASTLLC,100000046349664,A,17005,A,1900-01-01T00:00:00.000+00:00,4712-12-31T00:00:00.000+00:00,Y,P,N,5213,10665 RIDGEWAY INDUSTRIAL DR,,,,OLIVE BRANCH,38654,MS,US,
MCCULLOUGH STEEL,17160,100000046346085,100000046353453,BILL_TO,100000046342016,4872,MCCULLOUGH STEEL,100000046350499,A,17006,A,1900-01-01T00:00:00.000+00:00,4712-12-31T00:00:00.000+00:00,Y,P,N,5140,1717 MCCULLOUGH BLVD,,,,TUPELO,38801,MS,US,
V & M SERVICES,17161,100000046344972,100000046353456,BILL_TO,100000046342017,5231,V & M SERVICES,100000046350858,A,15893,A,1900-01-01T00:00:00.000+00:00,4712-12-31T00:00:00.000+00:00,Y,P,N,5143,471 KIMBERLY DR,,,,ATOKA,38004,TN,US,
MISSISSIPPI CONST' & MAINT,17162,100000046344460,100000046354438,BILL_TO,100000046342018,4882,MISSISSIPPI CONST' & MAINT,100000046350509,A,15381,A,1900-01-01T00:00:00.000+00:00,4712-12-31T00:00:00.000+00:00,Y,P,N,6125,1010 CASINO CENTER DR,,,,ROBINSONVILLE,38664,MS,US,
MAC'S CONSTRUCTION COMPANY IN,17163,100000046344980,100000046354440,BILL_TO,100000046342019,3332,MAC'S CONSTRUCTION COMPANY IN,100000046348959,A,15901,A,1900-01-01T00:00:00.000+00:00,4712-12-31T00:00:00.000+00:00,Y,P,N,6127,6555 US HWY 98 W STE#13,,,,HATTIESBURG,39402,MS,US,
BRIAN SCHAFFLER,17164,100000046344764,100000046353879,BILL_TO,100000046342020,4419,BRIAN SCHAFFLER,100000046350046,A,15685,A,1900-01-01T00:00:00.000+00:00,4712-12-31T00:00:00.000+00:00,Y,P,N,5566,3671 OAKLEY AVE,,,,MEMPHIS,38111,TN,US,
MONTGOMERY MARTIN,17165,100000046345056,100000046355036,BILL_TO,100000046342021,4645,MONTGOMERY MARTIN,100000046350272,A,15977,A,1900-01-01T00:00:00.000+00:00,4712-12-31T00:00:00.000+00:00,Y,P,N,6723,8245 TOURNAMENT DR,,,,MEMPHIS,38125,TN,US,
ALL TEMP HVAC CORP,17166,100000046345057,100000046353612,BILL_TO,100000046342022,4155,ALL TEMP HVAC CORP,100000046349782,A,15978,A,1900-01-01T00:00:00.000+00:00,4712-12-31T00:00:00.000+00:00,Y,P,N,5299,911 CANDIA RD,,,,MANCHESTER,03109,NH,US,
HERIN MECHANICAL CONTRACTORS,17167,100000046346221,100000046354427,BILL_TO,100000046342023,4971,HERIN MECHANICAL CONTRACTORS,100000046350598,A,17142,A,1900-01-01T00:00:00.000+00:00,4712-12-31T00:00:00.000+00:00,Y,P,N,6114,14125 HWY 178 W,,,,BYHALIA,38611,MS,US,
ELDRIDGE SERVICES INC,17168,100000046345063,100000046355080,BILL_TO,100000046342024,4973,ELDRIDGE SERVICES INC,100000046350600,A,15984,A,1900-01-01T00:00:00.000+00:00,4712-12-31T00:00:00.000+00:00,Y,P,N,6767,PO BOX 548,,,,HERNANDO,38632,MS,US,
DRURY INN & SUITES,17169,100000046345623,100000046355232,BILL_TO,100000046342025,4979,DRURY INN & SUITES,100000046350606,A,16544,A,1900-01-01T00:00:00.000+00:00,4712-12-31T00:00:00.000+00:00,Y,P,N,6919,735 GOODMAN RD,,,,HORN LAKE,38637,MS,US,
SMITHVILLE ATTENDANCE CENTER,17170,100000046345859,100000046354434,BILL_TO,100000046342026,4647,SMITHVILLE ATTENDANCE CENTER,100000046350274,A,16780,A,1900-01-01T00:00:00.000+00:00,4712-12-31T00:00:00.000+00:00,Y,P,N,6121,60008 INDUSTRIAL LOOP HWY 23,,,,SMITHVILLE,38870,MS,US,
TRINITY RETIREMENT VILLAGE,17171,100000046345626,100000046353620,BILL_TO,100000046342027,3614,TRINITY RETIREMENT VILLAGE,100000046349241,A,16547,A,1900-01-01T00:00:00.000+00:00,4712-12-31T00:00:00.000+00:00,Y,P,N,5307,6400 TRINITY DR,,,,PINE BLUFF,71603,AR,US,
APEX HOME BUILDERS LLC,17172,100000046346233,100000046354479,BILL_TO,100000046342028,4994,APEX HOME BUILDERS LLC,100000046350621,A,17154,A,1900-01-01T00:00:00.000+00:00,4712-12-31T00:00:00.000+00:00,Y,P,N,6166,PO BOX 39,,,,ATOKA,38004,TN,US,
AIRMASTERS HVAC/SOUTH TOWN REF,17173,100000046346234,100000046354708,BILL_TO,100000046342029,5018,AIRMASTERS HVAC/SOUTH TOWN REF,100000046350645,A,17155,A,1900-01-01T00:00:00.000+00:00,4712-12-31T00:00:00.000+00:00,Y,P,N,6395,1330 N GRAND AVE W,,,,SPRINGFIELD,62702,IL,US,
CHAD STEWART & ASSOCIATES INC,17174,100000046345318,100000046353890,BILL_TO,100000046342030,4652,CHAD STEWART & ASSOCIATES INC,100000046350279,A,16239,A,1900-01-01T00:00:00.000+00:00,4712-12-31T00:00:00.000+00:00,Y,P,N,5577,9700 VILLAGE CIR,,,,LAKELAND,38002,TN,US,
ELEMENT AIR INC,17175,100000046344836,100000046354709,BILL_TO,100000046342031,3618,ELEMENT AIR INC,100000046349245,A,15757,A,1900-01-01T00:00:00.000+00:00,4712-12-31T00:00:00.000+00:00,Y,P,N,6396,23 DIFATTA LN,,,,PURVIS,39475,MS,US,
MAY'S SERVICE & REPAIR,17176,100000046346496,100000046355087,BILL_TO,100000046342032,5020,MAY'S SERVICE & REPAIR,100000046350647,A,17417,A,1900-01-01T00:00:00.000+00:00,4712-12-31T00:00:00.000+00:00,Y,P,N,6774,342 BLACKWELL RD,,,,TAYLORSVILLE,39168,MS,US,
COLLIERS MGMT SERVICES,17177,100000046345069,100000046355240,BILL_TO,100000046342033,4165,COLLIERS MGMT SERVICES,100000046349792,A,15990,A,1900-01-01T00:00:00.000+00:00,4712-12-31T00:00:00.000+00:00,Y,P,N,6927,6363 POPLAR,,,,MEMPHIS,38119,TN,US,
TAV 221,17178,100000046346243,100000046354583,BILL_TO,100000046342034,5000,TAV 221,100000046350627,A,17164,A,1900-01-01T00:00:00.000+00:00,4712-12-31T00:00:00.000+00:00,Y,P,N,6270,221 TOWNSHIP AVE,,,,RIDGELAND,39157,MS,US,
ACOCK CLIMATE CONTROL,17179,100000046345631,100000046354715,BILL_TO,100000046342035,3889,ACOCK CLIMATE CONTROL,100000046349516,A,16552,A,1900-01-01T00:00:00.000+00:00,4712-12-31T00:00:00.000+00:00,Y,P,N,6402,700 GREGORY LN,,,,SHAWNEE,74804,OK,US,
CHURCH OF THE HOLY COMMUNION,17180,100000046345874,100000046354490,BILL_TO,100000046342036,4428,CHURCH OF THE HOLY COMMUNION,100000046350055,A,16795,A,1900-01-01T00:00:00.000+00:00,4712-12-31T00:00:00.000+00:00,Y,P,N,6177,4645 WALNUT GROVE RD,,,,MEMPHIS,38117,TN,US,
CENTRAL STATION HOTEL,17181,100000046345633,100000046355295,BILL_TO,100000046342037,5006,CENTRAL STATION HOTEL,100000046350633,A,16554,A,1900-01-01T00:00:00.000+00:00,4712-12-31T00:00:00.000+00:00,Y,P,N,6982,545 S MAIN ST,,,,MEMPHIS,38103,TN,US,
BROOM HEATING & AIR,17182,100000046344849,100000046354592,BILL_TO,100000046342038,4172,BROOM HEATING & AIR,100000046349799,A,15770,A,1900-01-01T00:00:00.000+00:00,4712-12-31T00:00:00.000+00:00,Y,P,N,6279,1232 BLYTHEWOOD RD,,,,BLYTHEWOOD,29016,SC,US,
SIEFER AMERICA INC,17183,100000046345637,100000046354492,BILL_TO,100000046342039,5008,SIEFER AMERICA INC,100000046350635,A,16558,A,1900-01-01T00:00:00.000+00:00,4712-12-31T00:00:00.000+00:00,Y,P,N,6179,PO BOX 444,,,,CORDOVA,38088,TN,US,
ENGINEERED COMFORT INC,17184,100000046344850,100000046355098,BILL_TO,100000046342040,3629,ENGINEERED COMFORT INC,100000046349256,A,15771,A,1900-01-01T00:00:00.000+00:00,4712-12-31T00:00:00.000+00:00,Y,P,N,6785,5369 CRESTVIEW,,,,MEMPHIS,38134,TN,US,
ADVANCE HEATING AIR/COND INC,17185,100000046346505,100000046354597,BILL_TO,100000046342041,3894,ADVANCE HEATING AIR/COND INC,100000046349521,A,17426,A,1900-01-01T00:00:00.000+00:00,4712-12-31T00:00:00.000+00:00,Y,P,N,6284,302 16TH ST,,,,CODY,82414,WY,US,
CLIMACOOL,17186,100000046345638,100000046354494,BILL_TO,100000046342042,5344,CLIMACOOL,100000046350971,A,16559,A,1900-01-01T00:00:00.000+00:00,4712-12-31T00:00:00.000+00:00,Y,P,N,6181,15 S VIRGINIA AVE,,,,OKLAHOMA CITY,73106,OK,US,
DELAIR,17187,100000046345330,100000046353633,BILL_TO,100000046342043,4661,DELAIR,100000046350288,A,16251,A,1900-01-01T00:00:00.000+00:00,4712-12-31T00:00:00.000+00:00,Y,P,N,5320,531 CODISCO WAY,,,,SANFORD,32771,FL,US,
GUARANTY BANK,17188,100000046346508,100000046353301,BILL_TO,100000046342044,4438,GUARANTY BANK,100000046350065,A,17429,A,1900-01-01T00:00:00.000+00:00,4712-12-31T00:00:00.000+00:00,Y,P,N,4988,4894 POPLAR AVE,,,,MEMPHIS,38117,TN,US,
MADISON HEIGHTS CHURCH,17189,100000046345337,100000046354499,BILL_TO,100000046342045,5348,MADISON HEIGHTS CHURCH,100000046350975,A,16258,A,1900-01-01T00:00:00.000+00:00,4712-12-31T00:00:00.000+00:00,Y,P,N,6186,415 BOZEMAN RD,,,,MADISON,39110,MS,US,
HOWARD INDUSTRIES,17190,100000046345647,100000046353305,BILL_TO,100000046342046,4441,HOWARD INDUSTRIES,100000046350068,A,16568,A,1900-01-01T00:00:00.000+00:00,4712-12-31T00:00:00.000+00:00,Y,P,N,4992,PO BOX 1588,,,,LAUREL,39441,MS,US,
SAMMARCO ELECTRIC COMPANY,17191,100000046345887,100000046355304,BILL_TO,100000046342047,4182,SAMMARCO ELECTRIC COMPANY,100000046349809,A,16808,A,1900-01-01T00:00:00.000+00:00,4712-12-31T00:00:00.000+00:00,Y,P,N,6991,6710 REESE RD,,,,MEMPHIS,38133,TN,US,
SOULSVILLE ADMINISTRATION,17192,100000046346513,100000046354609,BILL_TO,100000046342048,3645,SOULSVILLE ADMINISTRATION,100000046349272,A,17434,A,1900-01-01T00:00:00.000+00:00,4712-12-31T00:00:00.000+00:00,Y,P,N,6296,926 E MCLEMORE AVE,,,,MEMPHIS,38106,TN,US,
TREZEVANT MANOR,17193,100000046345078,100000046354730,BILL_TO,100000046342049,5350,TREZEVANT MANOR,100000046350977,A,15999,A,1900-01-01T00:00:00.000+00:00,4712-12-31T00:00:00.000+00:00,Y,P,N,6417,177 N HIGHLAND ST,,,,MEMPHIS,38111-4747,TN,US,
HOLLY SPRINGS SCHOOL DISTRICT,17194,100000046345021,100000046354932,BILL_TO,100000046342050,4365,HOLLY SPRINGS SCHOOL DISTRICT,100000046349992,A,15942,A,1900-01-01T00:00:00.000+00:00,4712-12-31T00:00:00.000+00:00,Y,P,N,6619,840 HWY 178 E,,,,HOLLY SPRINGS,38635-2633,MS,US,
FOSTER'S HEATING & AIR,17195,100000046345576,100000046353565,BILL_TO,100000046342051,4369,FOSTER'S HEATING & AIR,100000046349996,A,16497,A,1900-01-01T00:00:00.000+00:00,4712-12-31T00:00:00.000+00:00,Y,P,N,5252,PO BOX 606,,,,GAUTIER,39553,MS,US,
DYER COUNTY BOARD OF EDUCATION,17196,100000046346165,100000046354474,BILL_TO,100000046342052,4571,DYER COUNTY BOARD OF EDUCATION,100000046350198,A,17086,A,1900-01-01T00:00:00.000+00:00,4712-12-31T00:00:00.000+00:00,Y,P,N,6161,159 EVERETT AVE,,,,DYERSBURG,38024,TN,US,
R&W INC,17197,100000046346168,100000046354051,BILL_TO,100000046342053,4367,R&W INC,100000046349994,A,17089,A,1900-01-01T00:00:00.000+00:00,4712-12-31T00:00:00.000+00:00,Y,P,N,5738,PO BOX 15389,,,,ASHVILLE,28813,NC,US,
HEALTHSOUTH CANE CREEK,17198,100000046345811,100000046355142,BILL_TO,100000046342054,5290,HEALTHSOUTH CANE CREEK,100000046350917,A,16732,A,1900-01-01T00:00:00.000+00:00,4712-12-31T00:00:00.000+00:00,Y,P,N,6829,180 MT PELIA RD,,,,MARTIN,38237,TN,US,
STAR SERVICE,17199,100000046345813,100000046354936,BILL_TO,100000046342055,3365,STAR SERVICE,100000046348992,A,16734,A,1900-01-01T00:00:00.000+00:00,4712-12-31T00:00:00.000+00:00,Y,P,N,6623,328 ELTON RD,,,,JACKSON,39212,MS,US,
GEM MECHANICAL SERVICES,17200,100000046346444,100000046355144,BILL_TO,100000046342056,4606,GEM MECHANICAL SERVICES,100000046350233,A,17365,A,1900-01-01T00:00:00.000+00:00,4712-12-31T00:00:00.000+00:00,Y,P,N,6831,ONE WELLINGTON RD,,,,LINCOLN,02865,RI,US,
RAWLS EQUIPMENT COMPANY,17201,100000046345580,100000046354939,BILL_TO,100000046342057,4377,RAWLS EQUIPMENT COMPANY,100000046350004,A,16501,A,1900-01-01T00:00:00.000+00:00,4712-12-31T00:00:00.000+00:00,Y,P,N,6626,360 E S ST,,,,COLLIERVILLE,38017-2730,TN,US,
KELLOGG COMPANY,17202,100000046345581,100000046354340,BILL_TO,100000046342058,3367,KELLOGG COMPANY,100000046348994,A,16502,A,1900-01-01T00:00:00.000+00:00,4712-12-31T00:00:00.000+00:00,Y,P,N,6027,PO BOX 8881011,,,,GRAND RAPIDS,49588,MI,US,
186TH AIR NATIONAL GUARD,17203,100000046345026,100000046353840,BILL_TO,100000046342059,4109,186TH AIR NATIONAL GUARD,100000046349736,A,15947,A,1900-01-01T00:00:00.000+00:00,4712-12-31T00:00:00.000+00:00,Y,P,N,5527,6225 M ST BLDG 600,,,,MERIDIAN,39307,MS,US,
THE VILLAGE AT GERMANTOWN,17204,100000046346447,100000046355147,BILL_TO,100000046342060,4612,THE VILLAGE AT GERMANTOWN,100000046350239,A,17368,A,1900-01-01T00:00:00.000+00:00,4712-12-31T00:00:00.000+00:00,Y,P,N,6834,7820 WALKING HORSE CIR,,,,GERMANTOWN,38138,TN,US,
G S AUTOMATON INC,17205,100000046346448,100000046353843,BILL_TO,100000046342061,4378,G S AUTOMATON INC,100000046350005,A,17369,A,1900-01-01T00:00:00.000+00:00,4712-12-31T00:00:00.000+00:00,Y,P,N,5530,3095 STONEBROOK CR,,,,MEMPHIS,38116,TN,US,
ANTECH,17206,100000046346449,100000046354345,BILL_TO,100000046342062,4614,ANTECH,100000046350241,A,17370,A,1900-01-01T00:00:00.000+00:00,4712-12-31T00:00:00.000+00:00,Y,P,N,6032,17620 MT HERRMANN ST,,,,FOUNTAIN VALLEY,92708,CA,US,
AIR TECHNICAL SERVICES,17207,100000046346177,100000046353582,BILL_TO,100000046342063,4382,AIR TECHNICAL SERVICES,100000046350009,A,17098,A,1900-01-01T00:00:00.000+00:00,4712-12-31T00:00:00.000+00:00,Y,P,N,5269,3161 STAGE POST DR,,,,BARTLETT,38133,TN,US,
METRO MECHANICAL HATTIESBURG,17208,100000046346456,100000046354951,BILL_TO,100000046342064,4384,METRO MECHANICAL HATTIESBURG,100000046350011,A,17377,A,1900-01-01T00:00:00.000+00:00,4712-12-31T00:00:00.000+00:00,Y,P,N,6638,7028 US 49,,,,HATTIESBURG,39402,MS,US,
L & N ELECTRIC MOTOR SERVICE,17209,100000046346459,100000046354996,BILL_TO,100000046342065,3374,L & N ELECTRIC MOTOR SERVICE,100000046349001,A,17380,A,1900-01-01T00:00:00.000+00:00,4712-12-31T00:00:00.000+00:00,Y,P,N,6683,221 N G ST,,,,JONESBORO,72401,AR,US,
VOLUNTEER MECHANICAL,17210,100000046345831,100000046353588,BILL_TO,100000046342066,4391,VOLUNTEER MECHANICAL,100000046350018,A,16752,A,1900-01-01T00:00:00.000+00:00,4712-12-31T00:00:00.000+00:00,Y,P,N,5275,527 CALLAHAN DR,,,,KNOXVILLE,37912,TN,US,
CD-TT GERMANTOWN LLC,17211,100000046344734,100000046353589,BILL_TO,100000046342067,4126,CD-TT GERMANTOWN LLC,100000046349753,A,15655,A,1900-01-01T00:00:00.000+00:00,4712-12-31T00:00:00.000+00:00,Y,P,N,5276,6300 BRIARCREST,,,,MEMPHIS,38120,TN,US,
4SQ FRANKLIN LLC,17212,100000046345832,100000046354529,BILL_TO,100000046342068,4392,4SQ FRANKLIN LLC,100000046350019,A,16753,A,1900-01-01T00:00:00.000+00:00,4712-12-31T00:00:00.000+00:00,Y,P,N,6216,83 HARTWELL AVE,,,,LEXINGTON,02421,MA,US,
LONOKE SERVICE CO,17213,100000046346469,100000046354072,BILL_TO,100000046342069,4944,LONOKE SERVICE CO,100000046350571,A,17390,A,1900-01-01T00:00:00.000+00:00,4712-12-31T00:00:00.000+00:00,Y,P,N,5759,PO BOX 503,,,,LONOKE,72086,AR,US,
RIVERBEND AIR CONDITIONING,17214,100000046346190,100000046355006,BILL_TO,100000046342070,4589,RIVERBEND AIR CONDITIONING,100000046350216,A,17111,A,1900-01-01T00:00:00.000+00:00,4712-12-31T00:00:00.000+00:00,Y,P,N,6693,2009 HWY 38 N,,,,DES ARC,72040-3122,AR,US,
WHOLESALE PUMP & SUPPLY,17215,100000046345836,100000046354075,BILL_TO,100000046342071,4590,WHOLESALE PUMP & SUPPLY,100000046350217,A,16757,A,1900-01-01T00:00:00.000+00:00,4712-12-31T00:00:00.000+00:00,Y,P,N,5762,10580 HWY 178,,,,OLIVE BRANCH,38654,MS,US,
K3 CONSTRUCTION,17216,100000046345280,100000046354534,BILL_TO,100000046342072,4399,K3 CONSTRUCTION,100000046350026,A,16201,A,1900-01-01T00:00:00.000+00:00,4712-12-31T00:00:00.000+00:00,Y,P,N,6221,333 S GREENWOOD ST,,,,WICHITA,67211,KS,US,
CALVERT REFRIGERATION,17217,100000046345282,100000046355009,BILL_TO,100000046342073,4591,CALVERT REFRIGERATION,100000046350218,A,16203,A,1900-01-01T00:00:00.000+00:00,4712-12-31T00:00:00.000+00:00,Y,P,N,6696,2776 ROUGHEDGE RD,,,,COVINGTON,38019,TN,US,
MID AMERICA AIR CONDITIONING,17218,100000046344802,100000046353855,BILL_TO,100000046342074,3592,MID AMERICA AIR CONDITIONING,100000046349219,A,15723,A,1900-01-01T00:00:00.000+00:00,4712-12-31T00:00:00.000+00:00,Y,P,N,5542,2794 BARTLETT BLVD,,,,BARTLETT,38134,TN,US,
TROP GREENVILLE,17219,100000046345603,100000046354077,BILL_TO,100000046342075,3593,TROP GREENVILLE,100000046349220,A,16524,A,1900-01-01T00:00:00.000+00:00,4712-12-31T00:00:00.000+00:00,Y,P,N,5764,199 N LAKEFRONT RD,,,,GREENVILLE,38701,MS,US,
VALLEY HOSPITALITY SERVICES,17220,100000046345285,100000046355014,BILL_TO,100000046342076,4950,VALLEY HOSPITALITY SERVICES,100000046350577,A,16206,A,1900-01-01T00:00:00.000+00:00,4712-12-31T00:00:00.000+00:00,Y,P,N,6701,100 WILLIS CIR,,,,LAGRANGE,30240,GA,US,
TRANE COMMERCIAL,17221,100000046344740,100000046355213,BILL_TO,100000046342077,4596,TRANE COMMERCIAL,100000046350223,A,15661,A,1900-01-01T00:00:00.000+00:00,4712-12-31T00:00:00.000+00:00,Y,P,N,6900,PO BO 981396,,,,EL PASO,79998-1396,TX,US,
GS AUTO - 215 - TO,17222,100000046344806,100000046355214,BILL_TO,100000046342078,4403,GS AUTO - 215 - TO,100000046350030,A,15727,A,1900-01-01T00:00:00.000+00:00,4712-12-31T00:00:00.000+00:00,Y,P,N,6901,3095 STONEBROOK CIR,,,,MEMPHIS,38116,TN,US,
FALK SUPPLY COMPANY,17223,100000046344744,100000046353596,BILL_TO,100000046342079,3585,FALK SUPPLY COMPANY,100000046349212,A,15665,A,1900-01-01T00:00:00.000+00:00,4712-12-31T00:00:00.000+00:00,Y,P,N,5283,223 THIRD ST,,,,HOT SPRINGS,71901,AR,US,
FAYETTEVILLE SCHOOL,17224,100000046346122,100000046355438,BILL_TO,100000046342080,3333,FAYETTEVILLE SCHOOL,100000046348960,A,17043,A,1900-01-01T00:00:00.000+00:00,4712-12-31T00:00:00.000+00:00,Y,P,N,7125,520 S ROOT AVE,,,,FAYETTEVILLE,72701,AR,US,
G MECHANICAL INC,17225,100000046346094,100000046354844,BILL_TO,100000046342081,3335,G MECHANICAL INC,100000046348962,A,17015,A,1900-01-01T00:00:00.000+00:00,4712-12-31T00:00:00.000+00:00,Y,P,N,6531,6635 SINGLETREE DR,,,,COLUMBUS,43229,OH,US,
USDA ARS SEA AAO ACQ,17226,100000046346405,100000046355440,BILL_TO,100000046342082,4343,USDA ARS SEA AAO ACQ,100000046349970,A,17326,A,1900-01-01T00:00:00.000+00:00,4712-12-31T00:00:00.000+00:00,Y,P,N,7127,PO BOX 225,,,,STONEVILLE,38776,MS,US,
JEN MECHANICAL INC,17227,100000046344468,100000046353768,BILL_TO,100000046342083,4050,JEN MECHANICAL INC,100000046349677,A,15389,A,1900-01-01T00:00:00.000+00:00,4712-12-31T00:00:00.000+00:00,Y,P,N,5455,2813 W DELMAR,,,,GODFREY,62035,IL,US,
JAY PATEL,17228,100000046344687,100000046355441,BILL_TO,100000046342084,3836,JAY PATEL,100000046349463,A,15608,A,1900-01-01T00:00:00.000+00:00,4712-12-31T00:00:00.000+00:00,Y,P,N,7128,PO BOX 81738,,,,LAFAYETTE,70598,LA,US,
WESLEY MILLINGTON TOWERS,17229,100000046346124,100000046353534,BILL_TO,100000046342085,4885,WESLEY MILLINGTON TOWERS,100000046350512,A,17045,A,1900-01-01T00:00:00.000+00:00,4712-12-31T00:00:00.000+00:00,Y,P,N,5221,5077 EASLEY RD,,,,MILLINGTON,38053,TN,US,
AC SYSTEMS,17230,100000046346406,100000046353806,BILL_TO,100000046342086,4057,AC SYSTEMS,100000046349684,A,17327,A,1900-01-01T00:00:00.000+00:00,4712-12-31T00:00:00.000+00:00,Y,P,N,5493,11724 ADIE RD,,,,MARYLAND HEIGHTS,63043,MO,US,
GEORGE D BOYERS & SONS,17231,100000046344994,100000046354853,BILL_TO,100000046342087,4545,GEORGE D BOYERS & SONS,100000046350172,A,15915,A,1900-01-01T00:00:00.000+00:00,4712-12-31T00:00:00.000+00:00,Y,P,N,6540,639 ANTOINE ST,,,,HARRISBURG,17104,PA,US,
SKYLINE HEATING & AC,17232,100000046346101,100000046354856,BILL_TO,100000046342088,4064,SKYLINE HEATING & AC,100000046349691,A,17022,A,1900-01-01T00:00:00.000+00:00,4712-12-31T00:00:00.000+00:00,Y,P,N,6543,101 VETERANS RD,,,,STATEN ISLAND,10309,NY,US,
CHICKASAW SOLUTIONS LLC,17233,100000046346132,100000046354022,BILL_TO,100000046342089,3522,CHICKASAW SOLUTIONS LLC,100000046349149,A,17053,A,1900-01-01T00:00:00.000+00:00,4712-12-31T00:00:00.000+00:00,Y,P,N,5709,PO BOX 5702,,,,BRANDON,39047-7107,MS,US,
PUBLIC WORKS DEPARTMENT,17234,100000046345224,100000046354450,BILL_TO,100000046342090,5253,PUBLIC WORKS DEPARTMENT,100000046350880,A,16145,A,1900-01-01T00:00:00.000+00:00,4712-12-31T00:00:00.000+00:00,Y,P,N,6137,229 ALLEN RD BLDG 425,,,,MERIDIAN,39309-0001,MS,US,
ARNOLD SERVICE CO,17235,100000046344695,100000046353542,BILL_TO,100000046342091,4548,ARNOLD SERVICE CO,100000046350175,A,15616,A,1900-01-01T00:00:00.000+00:00,4712-12-31T00:00:00.000+00:00,Y,P,N,5229,1722 GILLESPIE ST,,,,FAYETTEVILLE,28306,NC,US,
MEMPHIS CITY SCHOOLS,17236,100000046344995,100000046353779,BILL_TO,100000046342092,5255,MEMPHIS CITY SCHOOLS,100000046350882,A,15916,A,1900-01-01T00:00:00.000+00:00,4712-12-31T00:00:00.000+00:00,Y,P,N,5466,2597 AVERY,,,,MEMPHIS,38112,TN,US,
OSBORNE & OSBORNE,17237,100000046344996,100000046353814,BILL_TO,100000046342093,4066,OSBORNE & OSBORNE,100000046349693,A,15917,A,1900-01-01T00:00:00.000+00:00,4712-12-31T00:00:00.000+00:00,Y,P,N,5501,3689 CHERRY RD,,,,MEMPHIS,38118,TN,US,
OZARK MECHANICAL,17238,100000046344697,100000046355071,BILL_TO,100000046342094,4893,OZARK MECHANICAL,100000046350520,A,15618,A,1900-01-01T00:00:00.000+00:00,4712-12-31T00:00:00.000+00:00,Y,P,N,6758,PO BOX 2401,,,,JONESBORO,72402,AR,US,
QUALITY MECHANICAL,17239,100000046345546,100000046355072,BILL_TO,100000046342095,4067,QUALITY MECHANICAL,100000046349694,A,16467,A,1900-01-01T00:00:00.000+00:00,4712-12-31T00:00:00.000+00:00,Y,P,N,6759,6110 HWY 51 N,,,,MILLINGTON,38053,TN,US,
TREADWAY HVAC INC,17240,100000046346134,100000046353782,BILL_TO,100000046342096,4549,TREADWAY HVAC INC,100000046350176,A,17055,A,1900-01-01T00:00:00.000+00:00,4712-12-31T00:00:00.000+00:00,Y,P,N,5469,1490 LEE RD,,,,BYHALIA,38611,MS,US,
VALLEN DISTRIBUTION INC,17241,100000046345548,100000046355451,BILL_TO,100000046342097,4550,VALLEN DISTRIBUTION INC,100000046350177,A,16469,A,1900-01-01T00:00:00.000+00:00,4712-12-31T00:00:00.000+00:00,Y,P,N,7138,CALLER SERVICE 1819,,,,ALPHARETTA,30023-1819,GA,US,
STREETS MINISTRIES,17242,100000046344699,100000046353544,BILL_TO,100000046342098,3848,STREETS MINISTRIES,100000046349475,A,15620,A,1900-01-01T00:00:00.000+00:00,4712-12-31T00:00:00.000+00:00,Y,P,N,5231,430 VANCE AVE,,,,MEMPHIS,38126,TN,US,
THE SALVATION ARMY,17243,100000046345000,100000046354862,BILL_TO,100000046342099,5260,THE SALVATION ARMY,100000046350887,A,15921,A,1900-01-01T00:00:00.000+00:00,4712-12-31T00:00:00.000+00:00,Y,P,N,6549,696 JACKSON AVE,,,,MEMPHIS,38105,TN,US,
CASH,17244,100000046345228,100000046353819,BILL_TO,100000046342100,3850,CASH,100000046349477,A,16149,A,1900-01-01T00:00:00.000+00:00,4712-12-31T00:00:00.000+00:00,Y,P,N,5506,3095 STONEBROOK CIR,,,,MEMPHIS,38116,TN,US,
HOWELL'S HTG & A/C,17245,100000046346141,100000046353787,BILL_TO,100000046342101,3350,HOWELL'S HTG & A/C,100000046348977,A,17062,A,1900-01-01T00:00:00.000+00:00,4712-12-31T00:00:00.000+00:00,Y,P,N,5474,11216 AIR PARK RD,,,,ASHLAND,23005,VA,US,
MSM PROPERTY LLC,17246,100000046344485,100000046355123,BILL_TO,100000046342102,4900,MSM PROPERTY LLC,100000046350527,A,15406,A,1900-01-01T00:00:00.000+00:00,4712-12-31T00:00:00.000+00:00,Y,P,N,6810,6022 US-72,,,,BYHALIA,38611,MS,US,
HEALING PAWS ANIMAL HOSPITAL,17247,100000046346426,100000046354317,BILL_TO,100000046342103,4905,HEALING PAWS ANIMAL HOSPITAL,100000046350532,A,17347,A,1900-01-01T00:00:00.000+00:00,4712-12-31T00:00:00.000+00:00,Y,P,N,6004,900 COLLIERVILLE ARLINGTON RD,,,,COLLIERVILLE,38017,TN,US,
SERVICE SOLUTIONS LLC,17248,100000046345799,100000046354033,BILL_TO,100000046342104,3355,SERVICE SOLUTIONS LLC,100000046348982,A,16720,A,1900-01-01T00:00:00.000+00:00,4712-12-31T00:00:00.000+00:00,Y,P,N,5720,7508 HWY 167 N,,,,SHERIDAN,72150,AR,US,
DR BHANU KANAKAMEDALA,17249,100000046345562,100000046354034,BILL_TO,100000046342105,5273,DR BHANU KANAKAMEDALA,100000046350900,A,16483,A,1900-01-01T00:00:00.000+00:00,4712-12-31T00:00:00.000+00:00,Y,P,N,5721,230 TWIN BRIDGES COVE,,,,EADS,38028,TN,US,
FEDERAL CORRECTION INST,17250,100000046345012,100000046353826,BILL_TO,100000046342106,4082,FEDERAL CORRECTION INST,100000046349709,A,15933,A,1900-01-01T00:00:00.000+00:00,4712-12-31T00:00:00.000+00:00,Y,P,N,5513,2225 HALEY BARBOUR PKWY,,,,YAZOO CITY,39194,MS,US,
LR ROOSEVELT HOTEL LLC,17251,100000046345800,100000046354035,BILL_TO,100000046342107,3357,LR ROOSEVELT HOTEL LLC,100000046348984,A,16721,A,1900-01-01T00:00:00.000+00:00,4712-12-31T00:00:00.000+00:00,Y,P,N,5722,1395 W CAPITOL AVE,,,,LITTLE ROCK,72201,AR,US,
HEGLAR PLUMBING,17252,100000046345239,100000046355129,BILL_TO,100000046342108,4083,HEGLAR PLUMBING,100000046349710,A,16160,A,1900-01-01T00:00:00.000+00:00,4712-12-31T00:00:00.000+00:00,N,Y,N,6816,310 W MAIN ST,,,,HUMBOLDT,38343,TN,US,
HEGLAR PLUMBING,17252,100000046345563,100000046355128,BILL_TO,100000046342108,4083,HEGLAR PLUMBING,100000046349710,A,16484,A,1900-01-01T00:00:00.000+00:00,4712-12-31T00:00:00.000+00:00,Y,P,N,6815,PO BOX 332,,,,HUMBOLDT,38343,TN,US,
NORTHWEST MS COMMUNITY COLLEGE,17253,100000046345013,100000046354321,BILL_TO,100000046342109,4360,NORTHWEST MS COMMUNITY COLLEGE,100000046349987,A,15934,A,1900-01-01T00:00:00.000+00:00,4712-12-31T00:00:00.000+00:00,Y,P,N,6008,4975 HWY 51 N,,,,SENATOBIA,38668,MS,US,
WOOTEN MECHANICAL LLC,17254,100000046345100,100000046353307,BILL_TO,100000046342110,4671,WOOTEN MECHANICAL LLC,100000046350298,A,16021,A,1900-01-01T00:00:00.000+00:00,4712-12-31T00:00:00.000+00:00,Y,P,N,4994,PO BOX 3874,,,,CORDOVA,38088,TN,US,
JACKSON MADISON GEN HOSPITAL,17255,100000046346514,100000046354611,BILL_TO,100000046342111,4672,JACKSON MADISON GEN HOSPITAL,100000046350299,A,17435,A,1900-01-01T00:00:00.000+00:00,4712-12-31T00:00:00.000+00:00,Y,P,N,6298,620 SKYLINE DR,,,,JACKSON,38301,TN,US,
ADVANCE ELECTRIC CO INC,17256,100000046345345,100000046355108,BILL_TO,100000046342112,4674,ADVANCE ELECTRIC CO INC,100000046350301,A,16266,A,1900-01-01T00:00:00.000+00:00,4712-12-31T00:00:00.000+00:00,Y,P,N,6795,10500 HWY 178,,,,OLIVE BRANCH,38654,MS,US,
AUTOMATIC AIR COND & HTG LLC,17257,100000046344858,100000046353314,BILL_TO,100000046342113,4676,AUTOMATIC AIR COND & HTG LLC,100000046350303,A,15779,A,1900-01-01T00:00:00.000+00:00,4712-12-31T00:00:00.000+00:00,Y,P,N,5001,3470 TCHULAHOMA,,,,MEMPHIS,38118,TN,US,
RIVIANA FOODS,17258,100000046345891,100000046353316,BILL_TO,100000046342114,4444,RIVIANA FOODS,100000046350071,A,16812,A,1900-01-01T00:00:00.000+00:00,4712-12-31T00:00:00.000+00:00,Y,P,N,5003,2314 S LAUDERDALE,,,,MEMPHIS,38106,TN,US,
CENTRAL MISS CORRECTIONAL FACILITY,17259,100000046346518,100000046354733,BILL_TO,100000046342115,4445,CENTRAL MISS CORRECTIONAL FACILITY,100000046350072,A,17439,A,1900-01-01T00:00:00.000+00:00,4712-12-31T00:00:00.000+00:00,Y,P,N,6420,3794 HWY 468,,,,PEARL,39208,MS,US,
DOUBLETREE,17260,100000046345349,100000046354506,BILL_TO,100000046342116,4446,DOUBLETREE,100000046350073,A,16270,A,1900-01-01T00:00:00.000+00:00,4712-12-31T00:00:00.000+00:00,Y,P,N,6193,3180 W MARKET ST,,,,FAIRLAWN,44333,OH,US,
DOUBLETREE,17260,100000046345892,100000046355310,BILL_TO,100000046342116,4446,DOUBLETREE,100000046350073,A,16813,A,1900-01-01T00:00:00.000+00:00,4712-12-31T00:00:00.000+00:00,N,Y,N,6997,115 HENDERSONVILLE RD,,,,ASHVILLE,28803,NC,US,
MID-MISSISSIPPI HTG & AC,17261,100000046345657,100000046355311,BILL_TO,100000046342117,5059,MID-MISSISSIPPI HTG & AC,100000046350686,A,16578,A,1900-01-01T00:00:00.000+00:00,4712-12-31T00:00:00.000+00:00,Y,P,N,6998,12320 HWY 18,,,,RAYMOND,39154,MS,US,
AMERICAN YEAST CORP,17262,100000046345110,100000046354507,BILL_TO,100000046342118,5082,AMERICAN YEAST CORP,100000046350709,A,16031,A,1900-01-01T00:00:00.000+00:00,4712-12-31T00:00:00.000+00:00,Y,P,N,6194,251 STILES DR,,,,MEMPHIS,38127,TN,US,
KELE,17263,100000046345660,100000046354737,BILL_TO,100000046342119,4188,KELE,100000046349815,A,16581,A,1900-01-01T00:00:00.000+00:00,4712-12-31T00:00:00.000+00:00,Y,P,N,6424,3300 BROTHER BLVD,,,,BARTLETT,38133,TN,US,
MCLAIN PLUMBING & ELECTRIC,17264,100000046346282,100000046355115,BILL_TO,100000046342120,4746,MCLAIN PLUMBING & ELECTRIC,100000046350373,A,17203,A,1900-01-01T00:00:00.000+00:00,4712-12-31T00:00:00.000+00:00,Y,P,N,6802,107 MAGNOLIA ST,,,,PHILADELPHIA,39350,MS,US,
GRANT A/C & HEATING LLC,17265,100000046345662,100000046354508,BILL_TO,100000046342121,4189,GRANT A/C & HEATING LLC,100000046349816,A,16583,A,1900-01-01T00:00:00.000+00:00,4712-12-31T00:00:00.000+00:00,Y,P,N,6195,6669 HWY 18,,,,BRANDON,39042,MS,US,
BHSU/CBRE,17266,100000046345663,100000046353324,BILL_TO,100000046342122,3912,BHSU/CBRE,100000046349539,A,16584,A,1900-01-01T00:00:00.000+00:00,4712-12-31T00:00:00.000+00:00,Y,P,N,5011,1003 MONROE AVE,,,,MEMPHIS,38104,TN,US,
TRACE SERVICES LLC,17267,100000046345664,100000046355313,BILL_TO,100000046342123,3915,TRACE SERVICES LLC,100000046349542,A,16585,A,1900-01-01T00:00:00.000+00:00,4712-12-31T00:00:00.000+00:00,Y,P,N,7000,5860 RIDGEWAY CENTER PKWY,,,,MEMPHIS,38120,TN,US,
PATH COMPANY LLC,17268,100000046345665,100000046354514,BILL_TO,100000046342124,5087,PATH COMPANY LLC,100000046350714,A,16586,A,1900-01-01T00:00:00.000+00:00,4712-12-31T00:00:00.000+00:00,Y,P,N,6201,4325 BELLS HWY,,,,JACKSON,38305,TN,US,
ADVANTAGE HEATING & AIR LLC,17269,100000046345910,100000046354183,BILL_TO,100000046342125,4194,ADVANTAGE HEATING & AIR LLC,100000046349821,A,16831,A,1900-01-01T00:00:00.000+00:00,4712-12-31T00:00:00.000+00:00,Y,P,N,5870,1501 S FALLS BLVD,,,,WYNNE,72396,AR,US,
CYNWAVE SOLUTIONS LLC,17270,100000046346284,100000046355164,BILL_TO,100000046342126,3661,CYNWAVE SOLUTIONS LLC,100000046349288,A,17205,A,1900-01-01T00:00:00.000+00:00,4712-12-31T00:00:00.000+00:00,Y,P,N,6851,100 GRACE HOPPER LN STE 3272,,,,AUGUSTA,30901,GA,US,
TOWN OF TUNICA,17271,100000046345358,100000046354517,BILL_TO,100000046342127,5066,TOWN OF TUNICA,100000046350693,A,16279,A,1900-01-01T00:00:00.000+00:00,4712-12-31T00:00:00.000+00:00,Y,P,N,6204,PO BOX 395,,,,TUNICA,38676,MS,US,
LAUDERDALE COMMUNITY HOSPITAL,17272,100000046345912,100000046355165,BILL_TO,100000046342128,3662,LAUDERDALE COMMUNITY HOSPITAL,100000046349289,A,16833,A,1900-01-01T00:00:00.000+00:00,4712-12-31T00:00:00.000+00:00,Y,P,N,6852,340 ASBURY AVE,,,,RIPLEY,38063,TN,US,
AMERICAN PAPER & TWINE COMPANY,17273,100000046345090,100000046354184,BILL_TO,100000046342129,5089,AMERICAN PAPER & TWINE COMPANY,100000046350716,A,16011,A,1900-01-01T00:00:00.000+00:00,4712-12-31T00:00:00.000+00:00,Y,P,N,5871,PO BOX 90348,,,,NASHVILLE,37209,TN,US,
INDIANOLA ELECTRIC,17274,100000046345359,100000046355168,BILL_TO,100000046342130,4755,INDIANOLA ELECTRIC,100000046350382,A,16280,A,1900-01-01T00:00:00.000+00:00,4712-12-31T00:00:00.000+00:00,Y,P,N,6855,352 HWY 49 N,,,,INDIANOLA,38751,MS,US,
ARKANSAS BUILDING AUTHORITY,17275,100000046345674,100000046354632,BILL_TO,100000046342131,5095,ARKANSAS BUILDING AUTHORITY,100000046350722,A,16595,A,1900-01-01T00:00:00.000+00:00,4712-12-31T00:00:00.000+00:00,Y,P,N,6319,501 WOODLANE,,,,LITTLE ROCK,72201,AR,US,
WASHINGTON'S HEATING & COOLING,17276,100000046345920,100000046353930,BILL_TO,100000046342132,4450,WASHINGTON'S HEATING & COOLING,100000046350077,A,16841,A,1900-01-01T00:00:00.000+00:00,4712-12-31T00:00:00.000+00:00,Y,P,N,5617,7465 HEDINGTON,,,,MEMPHIS,38125,TN,US,
SHEARER'S FOOD LLC,17277,100000046346536,100000046354193,BILL_TO,100000046342133,4198,SHEARER'S FOOD LLC,100000046349825,A,17457,A,1900-01-01T00:00:00.000+00:00,4712-12-31T00:00:00.000+00:00,Y,P,N,5880,PO BOX 932919,,,,CLEVELAND,44193,OH,US,
DOUBLETREE HOTEL DOWNTOWN,17278,100000046345370,100000046353639,BILL_TO,100000046342134,4451,DOUBLETREE HOTEL DOWNTOWN,100000046350078,A,16291,A,1900-01-01T00:00:00.000+00:00,4712-12-31T00:00:00.000+00:00,Y,P,N,5326,185 UNION AVE,,,,MEMPHIS,38103,TN,US,
GLASS AIR & HEAT,17279,100000046346541,100000046354569,BILL_TO,100000046342135,4761,GLASS AIR & HEAT,100000046350388,A,17462,A,1900-01-01T00:00:00.000+00:00,4712-12-31T00:00:00.000+00:00,Y,P,N,6256,114 OAK AVE,,,,RIPLEY,38063,TN,US,
JAY SHIV SHAKTI LLC,17280,100000046345375,100000046353336,BILL_TO,100000046342136,4764,JAY SHIV SHAKTI LLC,100000046350391,A,16296,A,1900-01-01T00:00:00.000+00:00,4712-12-31T00:00:00.000+00:00,Y,P,N,5023,56460 FRANK PICHON RD,,,,SLIDELL,70458,LA,US,
APS CONSTRUCTION,17281,100000046345955,100000046355374,BILL_TO,100000046342137,5108,APS CONSTRUCTION,100000046350735,A,16876,A,1900-01-01T00:00:00.000+00:00,4712-12-31T00:00:00.000+00:00,Y,P,N,7061,723 WOODS DR,,,,NICEVILLE,32578,FL,US,
NAUMAN MECHANICAL,17282,100000046344875,100000046353339,BILL_TO,100000046342138,5080,NAUMAN MECHANICAL,100000046350707,A,15796,A,1900-01-01T00:00:00.000+00:00,4712-12-31T00:00:00.000+00:00,Y,P,N,5026,PO BOX 407,,,,STROUDSBURG,18360,PA,US,
CONSTRUCTION PROFESSIONALS,17283,100000046346548,100000046353645,BILL_TO,100000046342139,3940,CONSTRUCTION PROFESSIONALS,100000046349567,A,17469,A,1900-01-01T00:00:00.000+00:00,4712-12-31T00:00:00.000+00:00,Y,P,N,5332,765 LONG POINT RD,,,,MT PLEASANT,29464,SC,US,
FAULKNER PLUMBING & MECHANICAL,17284,100000046346198,100000046355020,BILL_TO,100000046342140,3859,FAULKNER PLUMBING & MECHANICAL,100000046349486,A,17119,A,1900-01-01T00:00:00.000+00:00,4712-12-31T00:00:00.000+00:00,Y,P,N,6707,33 SNUGGS CIR,,,,MAYFLOWER,72106,AR,US,
G MECHANICAL,17285,100000046344746,100000046354409,BILL_TO,100000046342141,4633,G MECHANICAL,100000046350260,A,15667,A,1900-01-01T00:00:00.000+00:00,4712-12-31T00:00:00.000+00:00,Y,P,N,6096,6635 SINGLETREE DR,,,,COLUMBUS,43229,OH,US,
WILSON BRYANT AIR CONDITIONING,17286,100000046345291,100000046355021,BILL_TO,100000046342142,4634,WILSON BRYANT AIR CONDITIONING,100000046350261,A,16212,A,1900-01-01T00:00:00.000+00:00,4712-12-31T00:00:00.000+00:00,Y,P,N,6708,866 HARMONY RD,,,,EATONTON,31024,GA,US,
CPI CONSTRUCTION PROFESSIONALS,17287,100000046344747,100000046353863,BILL_TO,100000046342143,4140,CPI CONSTRUCTION PROFESSIONALS,100000046349767,A,15668,A,1900-01-01T00:00:00.000+00:00,4712-12-31T00:00:00.000+00:00,Y,P,N,5550,320 WINGO WAY,,,,MT PLEASANT,29464,SC,US,
AIR MAINTENANCE HEATING & AC,17288,100000046345845,100000046353864,BILL_TO,100000046342144,3598,AIR MAINTENANCE HEATING & AC,100000046349225,A,16766,A,1900-01-01T00:00:00.000+00:00,4712-12-31T00:00:00.000+00:00,Y,P,N,5551,17 POWER LN,,,,HATTIESBURG,39402,MS,US,
SONFISH LLC,17289,100000046345607,100000046354410,BILL_TO,100000046342145,5310,SONFISH LLC,100000046350937,A,16528,A,1900-01-01T00:00:00.000+00:00,4712-12-31T00:00:00.000+00:00,Y,P,N,6097,5858 RIDGEWAY CENTER PKWY,,,,MEMPHIS,38120,TN,US,
AMERICAN ELECTRIC,17290,100000046344814,100000046354544,BILL_TO,100000046342146,4955,AMERICAN ELECTRIC,100000046350582,A,15735,A,1900-01-01T00:00:00.000+00:00,4712-12-31T00:00:00.000+00:00,Y,P,N,6231,3405 PEARSON RD,,,,MEMPHIS,38118,TN,US,
FLOKRCH LLS,17291,100000046345848,100000046354547,BILL_TO,100000046342147,4409,FLOKRCH LLS,100000046350036,A,16769,A,1900-01-01T00:00:00.000+00:00,4712-12-31T00:00:00.000+00:00,Y,P,N,6234,160 E METRO PKWY,,,,FLOWOOD,39232,MS,US,
EPISCOPAL COLLEGIATE SCHOOL,17292,100000046344754,100000046354134,BILL_TO,100000046342148,4410,EPISCOPAL COLLEGIATE SCHOOL,100000046350037,A,15675,A,1900-01-01T00:00:00.000+00:00,4712-12-31T00:00:00.000+00:00,Y,P,N,5821,1701 CANTRELL,,,,LITTLE ROCK,72201,AR,US,
ATS TEST BALANCE,17293,100000046344757,100000046354085,BILL_TO,100000046342149,5315,ATS TEST BALANCE,100000046350942,A,15678,A,1900-01-01T00:00:00.000+00:00,4712-12-31T00:00:00.000+00:00,Y,P,N,5772,3161 STAGE POST DR,,,,BARTLETT,38133,TN,US,
TYSON FOODS INC,17294,100000046344820,100000046354552,BILL_TO,100000046342150,5316,TYSON FOODS INC,100000046350943,A,15741,A,1900-01-01T00:00:00.000+00:00,4712-12-31T00:00:00.000+00:00,Y,P,N,6239,2800 E TYSON DR,,,,UNION CITY,38261,TN,US,
GOOSE CREEK CLUB,17295,100000046345306,100000046353878,BILL_TO,100000046342151,3609,GOOSE CREEK CLUB,100000046349236,A,16227,A,1900-01-01T00:00:00.000+00:00,4712-12-31T00:00:00.000+00:00,Y,P,N,5565,404 SISK AVE,,,,OXFORD,38655,MS,US,
100 NORTH MAIN,17296,100000046345060,100000046354148,BILL_TO,100000046342152,4972,100 NORTH MAIN,100000046350599,A,15981,A,1900-01-01T00:00:00.000+00:00,4712-12-31T00:00:00.000+00:00,Y,P,N,5835,100 N MAIN ST,,,,MEMPHIS,38103,TN,US,
FLUID SYSTEMS,17297,100000046346225,100000046354430,BILL_TO,100000046342153,3612,FLUID SYSTEMS,100000046349239,A,17146,A,1900-01-01T00:00:00.000+00:00,4712-12-31T00:00:00.000+00:00,Y,P,N,6117,1210 VERMEER COVE,,,,CORDOVA,38018,TN,US,
COFFEEVILLE SCHOOL DISTRICT,17298,100000046346228,100000046354150,BILL_TO,100000046342154,4978,COFFEEVILLE SCHOOL DISTRICT,100000046350605,A,17149,A,1900-01-01T00:00:00.000+00:00,4712-12-31T00:00:00.000+00:00,Y,P,N,5837,96 MISSISSIPPI ST,,,,COFFEEVILLE,38922,MS,US,
FREED HARDEMAN UNIVERSITY,17299,100000046344771,100000046355083,BILL_TO,100000046342155,3883,FREED HARDEMAN UNIVERSITY,100000046349510,A,15692,A,1900-01-01T00:00:00.000+00:00,4712-12-31T00:00:00.000+00:00,Y,P,N,6770,158 E MAIN ST,,,,HENDERSON,38340,TN,US,
H& M CONSTRUCTION CO INC,17300,100000046344772,100000046354098,BILL_TO,100000046342156,4648,H& M CONSTRUCTION CO INC,100000046350275,A,15693,A,1900-01-01T00:00:00.000+00:00,4712-12-31T00:00:00.000+00:00,Y,P,N,5785,PO BOX 200,,,,JACKSON,38302,TN,US,
MOTION INDUSTRIES,17301,100000046345314,100000046354702,BILL_TO,100000046342157,5323,MOTION INDUSTRIES,100000046350950,A,16235,A,1900-01-01T00:00:00.000+00:00,4712-12-31T00:00:00.000+00:00,N,Y,N,6389,2201 INDUSTRIAL DR,,,,JONESBORO,72401,AR,US,
MOTION INDUSTRIES,17301,100000046346494,100000046353887,BILL_TO,100000046342157,5323,MOTION INDUSTRIES,100000046350950,A,17415,A,1900-01-01T00:00:00.000+00:00,4712-12-31T00:00:00.000+00:00,Y,P,N,5574,PO BOX 1655,,,,BIRMINGHAM,35201,AL,US,
JACKSONVILLE HEATING CONTRACTO,17302,100000046344830,100000046354703,BILL_TO,100000046342158,4422,JACKSONVILLE HEATING CONTRACTO,100000046350049,A,15751,A,1900-01-01T00:00:00.000+00:00,4712-12-31T00:00:00.000+00:00,Y,P,N,6390,227 S MARINE BLVD,,,,JACKSONVILLE,28540,NC,US,
STILES HEATING & COOLING,17303,100000046346495,100000046354704,BILL_TO,100000046342159,4992,STILES HEATING & COOLING,100000046350619,A,17416,A,1900-01-01T00:00:00.000+00:00,4712-12-31T00:00:00.000+00:00,Y,P,N,6391,PO BOX 6166,,,,ATHENS,30604,GA,US,
MEMPHIS AIR CARE,17304,100000046344831,100000046355086,BILL_TO,100000046342160,4423,MEMPHIS AIR CARE,100000046350050,A,15752,A,1900-01-01T00:00:00.000+00:00,4712-12-31T00:00:00.000+00:00,Y,P,N,6773,942 TOWN & COUNTRY DR,,,,SOUTHAVEN,38671,MS,US,
PCI INDUSTRIES POTTORFF,17305,100000046345317,100000046354707,BILL_TO,100000046342161,5017,PCI INDUSTRIES POTTORFF,100000046350644,A,16238,A,1900-01-01T00:00:00.000+00:00,4712-12-31T00:00:00.000+00:00,Y,P,N,6394,5101 BLUE MOUND RD,,,,FT WORTH,76106,TX,US,
AMITE COUNTY SCHOOL DISTRICT,17306,100000046346497,100000046354481,BILL_TO,100000046342162,3886,AMITE COUNTY SCHOOL DISTRICT,100000046349513,A,17418,A,1900-01-01T00:00:00.000+00:00,4712-12-31T00:00:00.000+00:00,Y,P,N,6168,PO BOX 378,,,,LIBERTY,39645,MS,US,
RJ MECHANICAL INC,17307,100000046344838,100000046354482,BILL_TO,100000046342163,4654,RJ MECHANICAL INC,100000046350281,A,15759,A,1900-01-01T00:00:00.000+00:00,4712-12-31T00:00:00.000+00:00,Y,P,N,6169,3153 BELLWOOD DR,,,,BIRMINGHAM,35243,AL,US,
GEORGIA AIR CONTRACTORS INC,17308,100000046345321,100000046354483,BILL_TO,100000046342164,4997,GEORGIA AIR CONTRACTORS INC,100000046350624,A,16242,A,1900-01-01T00:00:00.000+00:00,4712-12-31T00:00:00.000+00:00,Y,P,N,6170,813 MAIN ST,,,,STONE MOUNTAIN,30083,GA,US,
TOWNPLACE STS HARVEY,17309,100000046346238,100000046353893,BILL_TO,100000046342165,3619,TOWNPLACE STS HARVEY,100000046349246,A,17159,A,1900-01-01T00:00:00.000+00:00,4712-12-31T00:00:00.000+00:00,Y,P,N,5580,1800 CENTRAL BLVD,,,,HARVEY,70058,LA,US,
HARRISON COUNTY SCHOOL DISTRIC,17310,100000046346239,100000046354713,BILL_TO,100000046342166,5329,HARRISON COUNTY SCHOOL DISTRIC,100000046350956,A,17160,A,1900-01-01T00:00:00.000+00:00,4712-12-31T00:00:00.000+00:00,Y,P,N,6400,11072 HWY 49,,,,GULFPORT,39503,MS,US,
ELITAIRE LLC,17311,100000046346499,100000046354485,BILL_TO,100000046342167,4425,ELITAIRE LLC,100000046350052,A,17420,A,1900-01-01T00:00:00.000+00:00,4712-12-31T00:00:00.000+00:00,Y,P,N,6172,11325 REED HARTMAN HWY,,,,CINCINNATI,45241,OH,US,
F S SPERRY CO INC,17312,100000046345867,100000046355241,BILL_TO,100000046342168,4999,F S SPERRY CO INC,100000046350626,A,16788,A,1900-01-01T00:00:00.000+00:00,4712-12-31T00:00:00.000+00:00,Y,P,N,6928,1907 VANDERHORN DR,,,,MEMPHIS,38134,TN,US,
HENSLEY HEATING & AC,17313,100000046346241,100000046354714,BILL_TO,100000046342169,4166,HENSLEY HEATING & AC,100000046349793,A,17162,A,1900-01-01T00:00:00.000+00:00,4712-12-31T00:00:00.000+00:00,Y,P,N,6401,3761 GETWELL COVE,,,,MEMPHIS,38118,TN,US,
KENNY PIPE & SUPPLY,17314,100000046345014,100000046354919,BILL_TO,100000046342170,5275,KENNY PIPE & SUPPLY,100000046350902,A,15935,A,1900-01-01T00:00:00.000+00:00,4712-12-31T00:00:00.000+00:00,Y,P,N,6606,312 AIRWAYS BLVD,,,,JACKSON,38302,TN,US,
WREN INDUSTRIES,17315,100000046345240,100000046354324,BILL_TO,100000046342171,4097,WREN INDUSTRIES,100000046349724,A,16161,A,1900-01-01T00:00:00.000+00:00,4712-12-31T00:00:00.000+00:00,Y,P,N,6011,PO BOX 11056,,,,RUSSELLVILLE,72812,AR,US,
BEST WESTERN PLUS,17316,100000046344500,100000046354328,BILL_TO,100000046342172,4911,BEST WESTERN PLUS,100000046350538,A,15421,A,1900-01-01T00:00:00.000+00:00,4712-12-31T00:00:00.000+00:00,Y,P,N,6015,8931 SAWWOOD ST,,,,DAPHNE,36526,AL,US,
AIR XPRESS,17317,100000046344502,100000046353558,BILL_TO,100000046342173,4100,AIR XPRESS,100000046349727,A,15423,A,1900-01-01T00:00:00.000+00:00,4712-12-31T00:00:00.000+00:00,Y,P,N,5245,PO BOX 898,,,,PORT RICHEY,34673,FL,US,
AIR XPRESS,17317,100000046345804,100000046354331,BILL_TO,100000046342173,4100,AIR XPRESS,100000046349727,A,16725,A,1900-01-01T00:00:00.000+00:00,4712-12-31T00:00:00.000+00:00,N,Y,N,6018,6700 INDUSTRIAL AVE 34668,,,,PORT RICHEY,34673,FL,US,
PARTAIN CONSTRUCTION,17318,100000046346159,100000046355136,BILL_TO,100000046342174,4091,PARTAIN CONSTRUCTION,100000046349718,A,17080,A,1900-01-01T00:00:00.000+00:00,4712-12-31T00:00:00.000+00:00,Y,P,N,6823,6756 PASADENA DR,,,,HORN LAKE,38637,MS,US,
VANDER HYDE MECHANICAL,17319,100000046345248,100000046354333,BILL_TO,100000046342175,4920,VANDER HYDE MECHANICAL,100000046350547,A,16169,A,1900-01-01T00:00:00.000+00:00,4712-12-31T00:00:00.000+00:00,Y,P,N,6020,14200 IRONWOOD DR NW,,,,GRAND RAPIDS,49534,MI,US,
GS AUTO - 216 - NE,17320,100000046345250,100000046354469,BILL_TO,100000046342176,4564,GS AUTO - 216 - NE,100000046350191,A,16171,A,1900-01-01T00:00:00.000+00:00,4712-12-31T00:00:00.000+00:00,Y,P,N,6156,3095 STONEBROOK CIR,,,,MEMPHIS,38116,TN,US,
TN COLLEGE OF APPLIED TECH-RIP,17321,100000046344716,100000046353564,BILL_TO,100000046342177,3554,TN COLLEGE OF APPLIED TECH-RIP,100000046349181,A,15637,A,1900-01-01T00:00:00.000+00:00,4712-12-31T00:00:00.000+00:00,Y,P,N,5251,127 INDUSTRIAL DR,,,,RIPLEEY,38063,TN,US,
COMMERCIAL PAINTING COMPANY,17322,100000046346161,100000046354473,BILL_TO,100000046342178,4102,COMMERCIAL PAINTING COMPANY,100000046349729,A,17082,A,1900-01-01T00:00:00.000+00:00,4712-12-31T00:00:00.000+00:00,Y,P,N,6160,2863 SUMMER AVE,,,,MEMPHIS,38112,TN,US,
RIVER CITY DISTRIBUTORS,17323,100000046346164,100000046354933,BILL_TO,100000046342179,4104,RIVER CITY DISTRIBUTORS,100000046349731,A,17085,A,1900-01-01T00:00:00.000+00:00,4712-12-31T00:00:00.000+00:00,Y,P,N,6620,802 BOWMAN ST,,,,VICKSBURG,39180,MS,US,
GNV GROUP INC,17324,100000046345259,100000046354336,BILL_TO,100000046342180,4105,GNV GROUP INC,100000046349732,A,16180,A,1900-01-01T00:00:00.000+00:00,4712-12-31T00:00:00.000+00:00,Y,P,N,6023,622 ORIOLE DR,,,,STREAMWOOD,60107,IL,US,
STEFANO D CAPOMAZZA,17325,100000046345809,100000046354049,BILL_TO,100000046342181,4923,STEFANO D CAPOMAZZA,100000046350550,A,16730,A,1900-01-01T00:00:00.000+00:00,4712-12-31T00:00:00.000+00:00,Y,P,N,5736,404 SISK AVE,,,,OXFORD,38655,MS,US,
TARPON DOCK A/C,17326,100000046346441,100000046354934,BILL_TO,100000046342182,4570,TARPON DOCK A/C,100000046350197,A,17362,A,1900-01-01T00:00:00.000+00:00,4712-12-31T00:00:00.000+00:00,Y,P,N,6621,1721 E 11TH ST,,,,PANAMA CITY,32401,FL,US,
JIM SMITH SERVICES,17327,100000046345810,100000046354103,BILL_TO,100000046342183,4372,JIM SMITH SERVICES,100000046349999,A,16731,A,1900-01-01T00:00:00.000+00:00,4712-12-31T00:00:00.000+00:00,Y,P,N,5790,315 E 3RD ST,,,,HATTIESBURG,39401,MS,US,
SHELBY COUNTY SUPPORT SERVICES,17328,100000046346173,100000046354940,BILL_TO,100000046342184,4112,SHELBY COUNTY SUPPORT SERVICES,100000046349739,A,17094,A,1900-01-01T00:00:00.000+00:00,4712-12-31T00:00:00.000+00:00,Y,P,N,6627,584 ADAMS,,,,MEMPHIS,38103,TN,US,
WESTMORELAND HEAT & AIR,17329,100000046345818,100000046354941,BILL_TO,100000046342185,3559,WESTMORELAND HEAT & AIR,100000046349186,A,16739,A,1900-01-01T00:00:00.000+00:00,4712-12-31T00:00:00.000+00:00,Y,P,N,6628,139 MURRAY AVE,,,,WYNNE,72396,AR,US,
SANDERSON FARMS INC,17330,100000046345269,100000046355148,BILL_TO,100000046342186,4113,SANDERSON FARMS INC,100000046349740,A,16190,A,1900-01-01T00:00:00.000+00:00,4712-12-31T00:00:00.000+00:00,N,Y,N,6835,PO BOX 1665,,,,MCCOMB,39648,MS,US,
SANDERSON FARMS INC,17330,100000046346174,100000046354110,BILL_TO,100000046342186,4113,SANDERSON FARMS INC,100000046349740,A,17095,A,1900-01-01T00:00:00.000+00:00,4712-12-31T00:00:00.000+00:00,Y,P,N,5797,PO BOX 519,,,,COLLINS,39428,MS,US,
WILSON CONFERENCE CENTER GROUP,17331,100000046345270,100000046353578,BILL_TO,100000046342187,3561,WILSON CONFERENCE CENTER GROUP,100000046349188,A,16191,A,1900-01-01T00:00:00.000+00:00,4712-12-31T00:00:00.000+00:00,Y,P,N,5265,330 INNOVATION DR STE 206,,,,MEMPHIS,38152,TN,US,
GENERAL HEATING & COOLING INC,17332,100000046345274,100000046354524,BILL_TO,100000046342188,4120,GENERAL HEATING & COOLING INC,100000046349747,A,16195,A,1900-01-01T00:00:00.000+00:00,4712-12-31T00:00:00.000+00:00,Y,P,N,6211,2800 SHELBY ST,,,,BARTLETT,38134,TN,US,
ACCENT COMFORT SERVICES LLC,17333,100000046344728,100000046354116,BILL_TO,100000046342189,4385,ACCENT COMFORT SERVICES LLC,100000046350012,A,15649,A,1900-01-01T00:00:00.000+00:00,4712-12-31T00:00:00.000+00:00,Y,P,N,5803,9013 PEREMETER WOODS DR,,,,CHARLOTTE,28216,NC,US,
QUESTEC SERVICE,17334,100000046345031,100000046354060,BILL_TO,100000046342190,5298,QUESTEC SERVICE,100000046350925,A,15952,A,1900-01-01T00:00:00.000+00:00,4712-12-31T00:00:00.000+00:00,Y,P,N,5747,1215B ESI DR - SHIP TO ADDRESS,,,,SPRINGDALE,72764-1100,AR,US,
NORTH TIPPAH SCHOOL DISTRICT,17335,100000046344787,100000046354525,BILL_TO,100000046342191,4122,NORTH TIPPAH SCHOOL DISTRICT,100000046349749,A,15708,A,1900-01-01T00:00:00.000+00:00,4712-12-31T00:00:00.000+00:00,Y,P,N,6212,20821 HWY 15,,,,FALKNER,38629,MS,US,
COMFORT ZONE HEATING & COOLING,17336,100000046344788,100000046353584,BILL_TO,100000046342192,4388,COMFORT ZONE HEATING & COOLING,100000046350015,A,15709,A,1900-01-01T00:00:00.000+00:00,4712-12-31T00:00:00.000+00:00,Y,P,N,5271,293 SAINTS TRAIL,,,,BROOKHAVEN,39601,MS,US,
ASSOCIATED ELECTRIC COOPERATIV,17337,100000046344789,100000046354527,BILL_TO,100000046342193,4389,ASSOCIATED ELECTRIC COOPERATIV,100000046350016,A,15710,A,1900-01-01T00:00:00.000+00:00,4712-12-31T00:00:00.000+00:00,Y,P,N,6214,PO BOX 754,,,,SPRINGFILED,65807,MO,US,
INSCO DISTRIBUTING,17338,100000046345828,100000046355155,BILL_TO,100000046342194,3569,INSCO DISTRIBUTING,100000046349196,A,16749,A,1900-01-01T00:00:00.000+00:00,4712-12-31T00:00:00.000+00:00,Y,P,N,6842,11500 ROJAS DR,,,,EL PASO,79936,TX,US,
MILAN RESIDENTIAL LLC,17339,100000046344733,100000046354066,BILL_TO,100000046342195,4937,MILAN RESIDENTIAL LLC,100000046350564,A,15654,A,1900-01-01T00:00:00.000+00:00,4712-12-31T00:00:00.000+00:00,Y,P,N,5753,9001 TELECOM DR,,,,MILAN,38358,TN,US,
BILL ANDERSON & ASSOCIATESINC,17340,100000046346464,100000046354120,BILL_TO,100000046342196,4623,BILL ANDERSON & ASSOCIATESINC,100000046350250,A,17385,A,1900-01-01T00:00:00.000+00:00,4712-12-31T00:00:00.000+00:00,Y,P,N,5807,7600 APPLING CENTER DR 101,,,,MEMPHIS,38133,TN,US,
TRISON MECHANICAL SERVICES,17341,100000046344736,100000046355000,BILL_TO,100000046342197,4393,TRISON MECHANICAL SERVICES,100000046350020,A,15657,A,1900-01-01T00:00:00.000+00:00,4712-12-31T00:00:00.000+00:00,Y,P,N,6687,693 SNEAD RD,,,,FAYETTEVILLE,30215,GA,US,
VENTCON LLC,17342,100000046345595,100000046354067,BILL_TO,100000046342198,4941,VENTCON LLC,100000046350568,A,16516,A,1900-01-01T00:00:00.000+00:00,4712-12-31T00:00:00.000+00:00,Y,P,N,5754,5555 NEW KING DR,,,,TROY,48098,MI,US,
OVERBY INC,17343,100000046344796,100000046354071,BILL_TO,100000046342199,4943,OVERBY INC,100000046350570,A,15717,A,1900-01-01T00:00:00.000+00:00,4712-12-31T00:00:00.000+00:00,Y,P,N,5758,PO BOX 4644,,,,JACKSON,39296,MS,US,
