Ship-To Code,Transaction Source,Transaction Class,Transaction Type,Complete,Status,Customer,Entered Amount,Currency,Transaction Date,Operating Company (OpCo),Accounting Date,Bill-to Customer Site,Disc Due Date,Primary Salesperson,Ship to,Bill-to Customer Account Number,Ship-to Site
56258,Conversion,Invoice,Invoice,Yes,Complete,ENFRA MCC LLC,285.35,USD,46171,Etairos,46173,27598,46201,Gregory Brown,ENFRA MCC LLC,16702,30723
56285,Conversion,Invoice,Invoice,Yes,Complete,DUNBAR MECHANICAL,83700,USD,46173,Etairos,46173,27840,46203,Gregory Brown,DUNBAR MECHANICAL,15423,31878
56318,Conversion,Invoice,Invoice,Yes,Complete,WALKER-J-WALKER INC,14440,USD,46173,Etairos,46173,27397,46203,Gregory Brown,WALKER-J-WALKER INC,16758,30670
55276,Conversion,Invoice,Invoice,Yes,Complete,SOURCE BLUE,25080,USD,46122,Etairos,46173,26244,46152,Gregory Brown,SOURCE BLUE,16489,31124
55418,Conversion,Invoice,Invoice,Yes,Complete,MARTIN & WHITE,2524.25,USD,46133,Etairos,46173,27102,46163,Gregory Brown,MARTIN & WHITE,16126,31774
55146,Conversion,Invoice,Invoice,Yes,Complete,MARTIN & WHITE,138206,USD,46112,Etairos,46173,27102,46142,Gregory Brown,MARTIN & WHITE,16126,31774
55166,Conversion,Invoice,Invoice,Yes,Complete,SOURCE BLUE,12000,USD,46112,Etairos,46173,26244,46142,Gregory Brown,SOURCE BLUE,16489,31124
42809,Conversion,Invoice,Invoice,Yes,Complete,BERNHARD MCC LLC,536.55,USD,45551,Etairos,46173,27827,45581,Gregory Brown,BERNHARD MCC LLC,15609,31962
55978,Conversion,Invoice,Invoice,Yes,Complete,ENFRA MCC LLC,12337.96,USD,46157,Etairos,46173,27598,46187,Gregory Brown,ENFRA MCC LLC,16702,30723
49094,Conversion,Invoice,Invoice,Yes,Complete,MARTIN & WHITE,741.25,USD,45838,Etairos,46173,27102,45868,Gregory Brown,MARTIN & WHITE,16126,31774
52458,Conversion,Invoice,Invoice,Yes,Complete,SOURCE BLUE,3650,USD,45982,Etairos,46173,26244,46012,Gregory Brown,SOURCE BLUE,16489,31124
52807,Conversion,Invoice,Invoice,Yes,Complete,MARTIN & WHITE,224.44,USD,46000,Etairos,46173,27102,46030,Gregory Brown,MARTIN & WHITE,16126,31774
55273,Conversion,Invoice,Invoice,Yes,Complete,SOURCE BLUE,418000,USD,46122,Etairos,46173,26244,46152,Gregory Brown,SOURCE BLUE,16489,31124
55274,Conversion,Invoice,Invoice,Yes,Complete,SOURCE BLUE,950,USD,46122,Etairos,46173,26244,46152,Gregory Brown,SOURCE BLUE,16489,31124
55278,Conversion,Invoice,Invoice,Yes,Complete,SOURCE BLUE,3640.8,USD,46122,Etairos,46173,26244,46152,Gregory Brown,SOURCE BLUE,16489,31124
55281,Conversion,Invoice,Invoice,Yes,Complete,SOURCE BLUE,2790,USD,46122,Etairos,46173,26244,46152,Gregory Brown,SOURCE BLUE,16489,31124
55282,Conversion,Invoice,Invoice,Yes,Complete,SOURCE BLUE,62500.4,USD,46122,Etairos,46173,26244,46152,Gregory Brown,SOURCE BLUE,16489,31124
52981,Conversion,Invoice,Invoice,Yes,Complete,SOURCE BLUE,10425,USD,46008,Etairos,46173,26244,46038,Gregory Brown,SOURCE BLUE,16489,31124
53109,Conversion,Invoice,Invoice,Yes,Complete,SOURCE BLUE,68200,USD,46014,Etairos,46173,26244,46044,Gregory Brown,SOURCE BLUE,16489,31124
55395,Conversion,Invoice,Invoice,Yes,Complete,AMPLIFY CELL TECHNOLOGIES,103485,USD,46132,Etairos,46173,26714,46162,Gregory Brown,AMPLIFY CELL TECHNOLOGIES,17316,32297
55396,Conversion,Invoice,Invoice,Yes,Complete,AMPLIFY CELL TECHNOLOGIES,233095,USD,46132,Etairos,46173,26714,46162,Gregory Brown,AMPLIFY CELL TECHNOLOGIES,17316,32297
55397,Conversion,Invoice,Invoice,Yes,Complete,AMPLIFY CELL TECHNOLOGIES,335685,USD,46132,Etairos,46173,26714,46162,Gregory Brown,AMPLIFY CELL TECHNOLOGIES,17316,32297
55398,Conversion,Invoice,Invoice,Yes,Complete,AMPLIFY CELL TECHNOLOGIES,144150,USD,46132,Etairos,46173,26714,46162,Gregory Brown,AMPLIFY CELL TECHNOLOGIES,17316,32297
55520,Conversion,Invoice,Invoice,Yes,Complete,SOURCE BLUE,3800,USD,46139,Etairos,46173,26244,46169,Gregory Brown,SOURCE BLUE,16489,31124
55522,Conversion,Invoice,Invoice,Yes,Complete,SOURCE BLUE,2200,USD,46139,Etairos,46173,26244,46169,Gregory Brown,SOURCE BLUE,16489,31124
56267,Conversion,Invoice,Invoice,Yes,Complete,ACCURATE AIR COMPANY INC,660,USD,46171,Etairos,46173,28423,46201,Kenneth Gonzales,ACCURATE AIR COMPANY INC,17264,30587
56282,Conversion,Invoice,Invoice,Yes,Complete,OSB SERVICES LLC,4300,USD,46173,Etairos,46173,26278,46203,Kenneth Gonzales,OSB SERVICES LLC,15604,30980
56291,Conversion,Invoice,Invoice,Yes,Complete,JC HARTSFIELD CO INC,576.19,USD,46173,Etairos,46173,28336,46203,Kenneth Gonzales,JC HARTSFIELD CO INC,17000,31087
56237,Conversion,Invoice,Invoice,Yes,Complete,JC HARTSFIELD CO INC,932.88,USD,46169,Etairos,46173,28336,46199,Kenneth Gonzales,JC HARTSFIELD CO INC,17000,31087
56239,Conversion,Invoice,Invoice,Yes,Complete,JC HARTSFIELD CO INC,1821.85,USD,46169,Etairos,46173,28336,46199,Kenneth Gonzales,JC HARTSFIELD CO INC,17000,31087
39571,Conversion,Invoice,Invoice,Yes,Complete,CANOPY MEMPHIS DOWNTOWN,1245.66,USD,45412,Etairos,46173,28316,45442,Kenneth Gonzales,CANOPY MEMPHIS DOWNTOWN,15616,31788
55196,Conversion,Invoice,Invoice,Yes,Complete,JC HARTSFIELD CO INC,4938.75,USD,46112,Etairos,46173,28336,46142,Kenneth Gonzales,JC HARTSFIELD CO INC,17000,31087
55981,Conversion,Invoice,Invoice,Yes,Complete,JC HARTSFIELD CO INC,11473.36,USD,46157,Etairos,46173,28336,46187,Kenneth Gonzales,JC HARTSFIELD CO INC,17000,31087
55835,Conversion,Invoice,Invoice,Yes,Complete,GRINDER TABER & GRINDER,610252,USD,46150,Etairos,46173,27360,46180,Kenneth Gonzales,GRINDER TABER & GRINDER,17215,31938
56015,Conversion,Invoice,Invoice,Yes,Complete,OSB SERVICES LLC,85300,USD,46160,Etairos,46173,26278,46190,Kenneth Gonzales,OSB SERVICES LLC,15604,30980
55375,Conversion,Invoice,Invoice,Yes,Complete,OSB SERVICES LLC,1510,USD,46127,Etairos,46173,26278,46157,Kenneth Gonzales,OSB SERVICES LLC,15604,30980
55381,Conversion,Invoice,Invoice,Yes,Complete,JC HARTSFIELD CO INC,7885.54,USD,46127,Etairos,46173,28336,46157,Kenneth Gonzales,JC HARTSFIELD CO INC,17000,31087
56173,Conversion,Invoice,Invoice,Yes,Complete,MECHANICAL SYSTEMS COMPANY LLC,4895,USD,46163,Etairos,46173,28149,46193,Kenneth Gonzales,MECHANICAL SYSTEMS COMPANY LLC,16765,32407
56174,Conversion,Invoice,Invoice,Yes,Complete,JC HARTSFIELD CO INC,2610,USD,46163,Etairos,46173,28336,46193,Kenneth Gonzales,JC HARTSFIELD CO INC,17000,31087
54443,Conversion,Invoice,Invoice,Yes,Complete,JC HARTSFIELD CO INC,3237,USD,46079,Etairos,46173,28336,46109,Kenneth Gonzales,JC HARTSFIELD CO INC,17000,31087
55754,Conversion,Invoice,Invoice,Yes,Complete,ACCURATE AIR COMPANY INC,26425.4,USD,46142,Etairos,46173,28423,46172,Kenneth Gonzales,ACCURATE AIR COMPANY INC,17264,30587
54898,Conversion,Invoice,Invoice,Yes,Complete,JC HARTSFIELD CO INC,85900,USD,46100,Etairos,46173,28336,46130,Kenneth Gonzales,JC HARTSFIELD CO INC,17000,31087
55035,Conversion,Invoice,Invoice,Yes,Complete,ACCURATE AIR COMPANY INC,13380,USD,46106,Etairos,46173,28423,46136,Kenneth Gonzales,ACCURATE AIR COMPANY INC,17264,30587
55848,Conversion,Invoice,Invoice,Yes,Complete,MIDWEST MACHINERY KC NEWCO LLC,8808,USD,46153,Etairos,46173,26681,46183,Jacob Wilson,MIDWEST MACHINERY KC NEWCO LLC,15292,30929
55112,Conversion,Invoice,Invoice,Yes,Complete,WILLIAMS MECHANICAL SERVICES,9999,USD,46112,Etairos,46173,26974,46112,Jacob Wilson,WILLIAMS MECHANICAL SERVICES,15310,31846
55980,Conversion,Invoice,Invoice,Yes,Complete,GOODMAN MECHANICAL LLC,411.56,USD,46157,Etairos,46173,27647,46187,Jacob Wilson,GOODMAN MECHANICAL LLC,15680,31981
55854,Conversion,Invoice,Invoice,Yes,Complete,MIDWEST MACHINERY KC NEWCO LLC,3323,USD,46153,Etairos,46173,26681,46183,Jacob Wilson,MIDWEST MACHINERY KC NEWCO LLC,15292,30929
56078,Conversion,Invoice,Invoice,Yes,Complete,FEDERAL CORRECTION CENTER,75000,USD,46161,Etairos,46173,27505,46191,Jacob Wilson,FEDERAL CORRECTION CENTER,15387,31588
56087,Conversion,Invoice,Invoice,Yes,Complete,WILLIAMS MECHANICAL SERVICES,44693,USD,46161,Etairos,46173,26974,46161,Jacob Wilson,WILLIAMS MECHANICAL SERVICES,15310,31846
52637,Conversion,Invoice,Invoice,Yes,Complete,GASTRO ONE,10788,USD,45991,Etairos,46173,28252,46021,Jacob Wilson,GASTRO ONE,15224,30756
55294,Conversion,Invoice,Invoice,Yes,Complete,WILLIAMS MECHANICAL SERVICES,14500,USD,46126,Etairos,46173,26974,46126,Jacob Wilson,WILLIAMS MECHANICAL SERVICES,15310,31846
55414,Conversion,Invoice,Invoice,Yes,Complete,GOODMAN MECHANICAL LLC,4062.94,USD,46133,Etairos,46173,27647,46163,Jacob Wilson,GOODMAN MECHANICAL LLC,15680,31981
56183,Conversion,Invoice,Invoice,Yes,Complete,SOUTH COAST BAKING,16138,USD,46164,Etairos,46173,27909,46194,Jacob Wilson,SOUTH COAST BAKING,17371,30709
54075,Conversion,Invoice,Invoice,Yes,Complete,WILLIAMS MECHANICAL SERVICES,34750,USD,46064,Etairos,46173,26974,46064,Jacob Wilson,WILLIAMS MECHANICAL SERVICES,15310,31846
54123,Conversion,Invoice,Invoice,Yes,Complete,BLYTHEVILLE-GOSNELL REGIONAL AIRPORT AUTHORITY,121752,USD,46069,Etairos,46173,26280,46099,Jacob Wilson,BLYTHEVILLE-GOSNELL REGIONAL AIRPORT AUTHORITY,16904,31784
55526,Conversion,Invoice,Invoice,Yes,Complete,BLYTHEVILLE-GOSNELL REGIONAL AIRPORT AUTHORITY,42500,USD,46139,Etairos,46173,26280,46169,Jacob Wilson,BLYTHEVILLE-GOSNELL REGIONAL AIRPORT AUTHORITY,16904,31784
54864,Conversion,Invoice,Invoice,Yes,Complete,GASTRO ONE,152739,USD,46098,Etairos,46173,28252,46128,Jacob Wilson,GASTRO ONE,15224,30756
55037,Conversion,Invoice,Invoice,Yes,Complete,GASTRO ONE,6585,USD,46106,Etairos,46173,28252,46136,Jacob Wilson,GASTRO ONE,15224,30756
55550,Conversion,Invoice,Invoice,Yes,Complete,BLYTHEVILLE-GOSNELL REGIONAL AIRPORT AUTHORITY,42500,USD,46140,Etairos,46173,26280,46170,Jacob Wilson,BLYTHEVILLE-GOSNELL REGIONAL AIRPORT AUTHORITY,16904,31784
56252,Conversion,Invoice,Invoice,Yes,Complete,RGB SHEET METAL,149.76,USD,46171,Etairos,46173,26954,46201,Robert Bergin,RGB SHEET METAL,15295,30242
56257,Conversion,Invoice,Invoice,Yes,Complete,TRI STAR COMPANIES INC,97580.85,USD,46171,Etairos,46173,28441,46201,Robert Bergin,TRI STAR COMPANIES INC,17303,31323
56263,Conversion,Invoice,Invoice,Yes,Complete,BILLY ROGERS PLBG HTG & AIR,384.13,USD,46171,Etairos,46173,26502,46201,Robert Bergin,BILLY ROGERS PLBG HTG & AIR,16657,32348
56266,Conversion,Invoice,Invoice,Yes,Complete,SM LAWRENCE,79650,USD,46171,Etairos,46173,27771,46201,Robert Bergin,SM LAWRENCE,17127,31022
56284,Conversion,Invoice,Invoice,Yes,Complete,BILLY ROGERS PLBG HTG & AIR,49387.5,USD,46173,Etairos,46173,26502,46203,Robert Bergin,BILLY ROGERS PLBG HTG & AIR,16657,32348
40377,Conversion,Invoice,Invoice,Yes,Complete,CARRIER ENTER - E SYRACUSE,2058.75,USD,45442,Etairos,46173,28463,45472,Robert Bergin,CARRIER ENTER - E SYRACUSE,16537,31620
55826,Conversion,Invoice,Invoice,Yes,Complete,BILLY ROGERS PLBG HTG & AIR,2001.84,USD,46149,Etairos,46173,26502,46179,Robert Bergin,BILLY ROGERS PLBG HTG & AIR,16657,32348
56011,Conversion,Invoice,Invoice,Yes,Complete,PHILLIPS HOME SERVICES LLC,10011.67,USD,46160,Etairos,46173,27706,46190,Robert Bergin,PHILLIPS HOME SERVICES LLC,15264,30545
56025,Conversion,Invoice,Invoice,Yes,Complete,BILLY ROGERS PLBG HTG & AIR,2743.75,USD,46160,Etairos,46173,26502,46190,Robert Bergin,BILLY ROGERS PLBG HTG & AIR,16657,32348
56083,Conversion,Invoice,Invoice,Yes,Complete,SM LAWRENCE,141125,USD,46161,Etairos,46173,27771,46191,Robert Bergin,SM LAWRENCE,17127,31022
54715,Conversion,Invoice,Invoice,Yes,Complete,DENNIS ENGINEERING GROUP LLC,10000,USD,46092,Etairos,46173,27425,46122,Robert Bergin,DENNIS ENGINEERING GROUP LLC,15836,30761
54729,Conversion,Invoice,Invoice,Yes,Complete,TRI STAR COMPANIES INC,16215,USD,46092,Etairos,46173,28441,46122,Robert Bergin,TRI STAR COMPANIES INC,17303,31323
OA0054,Conversion,Credit Memo,Credit Memo,Yes,Complete,HILTON GARDEN INN - COVINGTON,-872.2,USD,44256,Etairos,46173,27520,,EBS House Account,HILTON GARDEN INN - COVINGTON,15398,31596
OA0056,Conversion,Credit Memo,Credit Memo,Yes,Complete,W A SOEFKER & SON INC,-131.7,USD,44256,Etairos,46173,27465,,EBS House Account,W A SOEFKER & SON INC,15639,31324
OA0070,Conversion,Credit Memo,Credit Memo,Yes,Complete,JEM LLC,-825,USD,44315,Etairos,46173,27364,,EBS House Account,JEM LLC,15207,30738
OA0102,Conversion,Credit Memo,Credit Memo,Yes,Complete,KERIOTH,-11.2,USD,44460,Etairos,46173,27665,,EBS House Account,KERIOTH,17151,31811
OA0120,Conversion,Credit Memo,Credit Memo,Yes,Complete,MLM MEDICAL LABS,-4090.63,USD,44533,Etairos,46173,26837,,EBS House Account,MLM MEDICAL LABS,16643,30732
OA0134,Conversion,Credit Memo,Credit Memo,Yes,Complete,HAMPTON INN LAKE CHARLES,-475,USD,44629,Etairos,46173,26657,,EBS House Account,HAMPTON INN LAKE CHARLES,15280,30830
OA0146,Conversion,Credit Memo,Credit Memo,Yes,Complete,PHENIX SALON SUITES,-45,USD,44651,Etairos,46173,28167,,EBS House Account,PHENIX SALON SUITES,16846,31589
OA0160,Conversion,Credit Memo,Credit Memo,Yes,Complete,MAKAN HOSPITALITY MANAGEMENT,-54.72,USD,44733,Etairos,46173,28195,,EBS House Account,MAKAN HOSPITALITY MANAGEMENT,15785,31424
OA0162,Conversion,Credit Memo,Credit Memo,Yes,Complete,HAJOCA CORPORATION/ FT SMITH,-215,USD,44736,Etairos,46173,28028,,EBS House Account,HAJOCA CORPORATION/ FT SMITH,16731,30566
OA0207,Conversion,Credit Memo,Credit Memo,Yes,Complete,TEXAS AIR SYSTEMS,-14.63,USD,44963,Etairos,46173,26829,,EBS House Account,TEXAS AIR SYSTEMS,16685,30550
OA0223,Conversion,Credit Memo,Credit Memo,Yes,Complete,TRANE OF MEMPHIS,-780,USD,45035,Etairos,46173,26508,,EBS House Account,TRANE OF MEMPHIS,15979,30574
OA0230,Conversion,Credit Memo,Credit Memo,Yes,Complete,MORGAN & THORNBURG INC,-109.75,USD,45120,Etairos,46173,27014,,EBS House Account,MORGAN & THORNBURG INC,16511,32149
OA0231,Conversion,Credit Memo,Credit Memo,Yes,Complete,NORFOLK SOUTHERN INTERMODAL TERMINAL,-1885.96,USD,45124,Etairos,46173,26556,,EBS House Account,NORFOLK SOUTHERN INTERMODAL TERMINAL,16429,31935
OA0252,Conversion,Credit Memo,Credit Memo,Yes,Complete,SALVATION REVELATION MINISTRIE,-32.11,USD,45342,Etairos,46173,27648,,EBS House Account,SALVATION REVELATION MINISTRIE,16315,30913
OA0302,Conversion,Credit Memo,Credit Memo,Yes,Complete,JOHNSON CONTROLS MEMPHIS,-4136,USD,45618,Etairos,46173,26977,,EBS House Account,JOHNSON CONTROLS MEMPHIS,15317,31038
OA0304,Conversion,Credit Memo,Credit Memo,Yes,Complete,SWITCH MEDICAL WASTE SERVICES,-10,USD,45636,Etairos,46173,27923,,EBS House Account,SWITCH MEDICAL WASTE SERVICES,15906,31730
OA0265,Conversion,Credit Memo,Credit Memo,Yes,Complete,UPCHURCH SERVICES RIDGELAND,-54.73,USD,45425,Etairos,46173,27373,,EBS House Account,UPCHURCH SERVICES RIDGELAND,16784,31371
OA0269,Conversion,Credit Memo,Credit Memo,Yes,Complete,KERIOTH,-3673.42,USD,45436,Etairos,46173,27665,,EBS House Account,KERIOTH,17151,31811
OA0275,Conversion,Credit Memo,Credit Memo,Yes,Complete,J L ROBERTS MECHANICAL,-15000,USD,45489,Etairos,46173,27778,,EBS House Account,J L ROBERTS MECHANICAL,16500,31218
OA0301,Conversion,Credit Memo,Credit Memo,Yes,Complete,UNIVERSITY OF MISSISSIPPI,-6370.04,USD,45618,Etairos,46173,28440,,EBS House Account,UNIVERSITY OF MISSISSIPPI,17302,30332
OA0311,Conversion,Credit Memo,Credit Memo,Yes,Complete,ARROW MECHANICAL,-979.47,USD,45684,Etairos,46173,28274,,EBS House Account,ARROW MECHANICAL,15537,30871
OA0313,Conversion,Credit Memo,Credit Memo,Yes,Complete,SOEFKER SERVICES,-131.7,USD,45693,Etairos,46173,27077,,EBS House Account,SOEFKER SERVICES,16104,31859
OA0317,Conversion,Credit Memo,Credit Memo,Yes,Complete,NORFOLK SOUTHERN INTERMODAL TERMINAL,-436,USD,45772,Etairos,46173,26556,,EBS House Account,NORFOLK SOUTHERN INTERMODAL TERMINAL,16429,31935
OA0326,Conversion,Credit Memo,Credit Memo,Yes,Complete,EVERROAD MECHANICAL CONTRACTOR,-500,USD,45812,Etairos,46173,27507,,EBS House Account,EVERROAD MECHANICAL CONTRACTOR,16880,31761
OA0345,Conversion,Credit Memo,Credit Memo,Yes,Complete,HOBBS & ASSOCIATES INC,-2105,USD,45876,Etairos,46173,27836,,EBS House Account,HOBBS & ASSOCIATES INC,16911,30799
OA0356,Conversion,Credit Memo,Credit Memo,Yes,Complete,ALPHA ENERGY SOLUTIONS,-97,USD,45909,Etairos,46173,28227,,EBS House Account,ALPHA ENERGY SOLUTIONS,16636,31533
OA0371,Conversion,Credit Memo,Credit Memo,Yes,Complete,CASH,-88.9,USD,45975,Etairos,46173,28004,,EBS House Account,CASH,17146,32245
OA0378,Conversion,Credit Memo,Credit Memo,Yes,Complete,CALIBER COLLISION,-820,USD,46024,Etairos,46173,27377,,EBS House Account,CALIBER COLLISION,15829,32382
OA0380,Conversion,Credit Memo,Credit Memo,Yes,Complete,MARTIN & WHITE,-0.09,USD,46045,Etairos,46173,27102,,EBS House Account,MARTIN & WHITE,16126,31774
OA0385,Conversion,Credit Memo,Credit Memo,Yes,Complete,CHAWLA HOTELS,-588.5,USD,46070,Etairos,46173,26590,,EBS House Account,CHAWLA HOTELS,17210,30416
OA0387,Conversion,Credit Memo,Credit Memo,Yes,Complete,CHAWLA HOTELS,-588.5,USD,46076,Etairos,46173,26590,,EBS House Account,CHAWLA HOTELS,17210,30416
OA0390,Conversion,Credit Memo,Credit Memo,Yes,Complete,PIKE COUNTY,-800,USD,46097,Etairos,46173,26826,,EBS House Account,PIKE COUNTY,16682,30461
OA0392,Conversion,Credit Memo,Credit Memo,Yes,Complete,MEMPHIS JOB CORPS FINANCE DEPT,-525,USD,46118,Etairos,46173,27165,,EBS House Account,MEMPHIS JOB CORPS FINANCE DEPT,17012,31709
OA0395,Conversion,Credit Memo,Credit Memo,Yes,Complete,SOEFKER SERVICES,-1210.54,USD,46148,Etairos,46173,27077,,EBS House Account,SOEFKER SERVICES,16104,31859
OA0396,Conversion,Credit Memo,Credit Memo,Yes,Complete,SOEFKER SERVICES,-53.6,USD,46148,Etairos,46173,27077,,EBS House Account,SOEFKER SERVICES,16104,31859
OA0398,Conversion,Credit Memo,Credit Memo,Yes,Complete,GASTRO ONE,-2785.31,USD,46155,Etairos,46173,28252,,EBS House Account,GASTRO ONE,15224,30756
OA0399,Conversion,Credit Memo,Credit Memo,Yes,Complete,GASTRO ONE,-250,USD,46168,Etairos,46173,28252,,EBS House Account,GASTRO ONE,15224,30756
OA0400,Conversion,Credit Memo,Credit Memo,Yes,Complete,AIRE SERV OF TIPTON COUNTY / M,-669,USD,46168,Etairos,46173,28080,,EBS House Account,AIRE SERV OF TIPTON COUNTY / M,16199,32448
OA0394,Conversion,Credit Memo,Credit Memo,Yes,Complete,ENGINEERED COMFORT INC,-1014.09,USD,46146,Etairos,46173,28097,,EBS House Account,ENGINEERED COMFORT INC,16212,30487
56249,Conversion,Invoice,Invoice,Yes,Complete,HOWARD INDUSTRIES,717,USD,46171,Etairos,46173,27854,46201,EBS House Account,HOWARD INDUSTRIES,16853,31949
56250,Conversion,Invoice,Invoice,Yes,Complete,KERIOTH,2447.41,USD,46171,Etairos,46173,27665,46201,EBS House Account,KERIOTH,17151,31811
56251,Conversion,Invoice,Invoice,Yes,Complete,IVEY MECHANICAL CO LLC,920,USD,46171,Etairos,46173,28305,46201,EBS House Account,IVEY MECHANICAL CO LLC,16191,32446
56260,Conversion,Invoice,Invoice,Yes,Complete,AIR COMPONENTS INC,100,USD,46171,Etairos,46173,26436,46201,EBS House Account,AIR COMPONENTS INC,16404,31378
56271,Conversion,Invoice,Invoice,Yes,Complete,KNIGHT HEAT AND AIR,1202.86,USD,46171,Etairos,46173,27176,46201,EBS House Account,KNIGHT HEAT AND AIR,16236,31100
56273,Conversion,Invoice,Invoice,Yes,Complete,COLLIERVILLE SCHOOLS,172,USD,46171,Etairos,46173,26937,46201,EBS House Account,COLLIERVILLE SCHOOLS,15757,31610
56275,Conversion,Invoice,Invoice,Yes,Complete,MARTIN & WHITE,30.73,USD,46171,Etairos,46173,27102,46201,EBS House Account,MARTIN & WHITE,16126,31774
56278,Conversion,Invoice,Invoice,Yes,Complete,CASH,2277.31,USD,46172,Etairos,46173,28004,46202,EBS House Account,CASH,17146,32245
56279,Conversion,Invoice,Invoice,Yes,Complete,AIRETECH CORP,82.8,USD,46172,Etairos,46173,28424,46202,EBS House Account,AIRETECH CORP,16519,32017
56280,Conversion,Invoice,Invoice,Yes,Complete,A & P SHEET METAL,41.71,USD,46172,Etairos,46173,28365,46202,EBS House Account,A & P SHEET METAL,16400,31006
56289,Conversion,Invoice,Invoice,Yes,Complete,AIR COMPONENTS INC,868,USD,46173,Etairos,46173,26436,46203,EBS House Account,AIR COMPONENTS INC,16404,31378
56293,Conversion,Invoice,Invoice,Yes,Complete,HYATT CENTRIC BEALE STREET,4728.77,USD,46173,Etairos,46173,27110,46203,EBS House Account,HYATT CENTRIC BEALE STREET,16182,30797
56295,Conversion,Invoice,Invoice,Yes,Complete,AMERICAN ESOTERIC LABORATORIES,70354.88,USD,46173,Etairos,46173,27982,46203,EBS House Account,AMERICAN ESOTERIC LABORATORIES,15667,32103
56297,Conversion,Invoice,Invoice,Yes,Complete,REGIONAL ONE HEALTH,765,USD,46173,Etairos,46173,27259,46203,EBS House Account,REGIONAL ONE HEALTH,15871,30727
56298,Conversion,Invoice,Invoice,Yes,Complete,UNIVERSITY OF MEMPHIS,695,USD,46173,Etairos,46173,27623,46203,EBS House Account,UNIVERSITY OF MEMPHIS,15963,30743
56301,Conversion,Invoice,Invoice,Yes,Complete,COURTYARD BY MARRIOTT,2321.34,USD,46173,Etairos,46173,26982,46203,EBS House Account,COURTYARD BY MARRIOTT,15930,31039
56302,Conversion,Invoice,Invoice,Yes,Complete,GASTRO ONE,1684.82,USD,46173,Etairos,46173,28252,46203,EBS House Account,GASTRO ONE,15224,30756
56303,Conversion,Invoice,Invoice,Yes,Complete,JM SMUCKER COMPANY,688.29,USD,46173,Etairos,46173,27136,46203,EBS House Account,JM SMUCKER COMPANY,16534,30344
56304,Conversion,Invoice,Invoice,Yes,Complete,JM SMUCKER COMPANY,19995.94,USD,46173,Etairos,46173,27136,46203,EBS House Account,JM SMUCKER COMPANY,16534,30344
56305,Conversion,Invoice,Invoice,Yes,Complete,WHATABURGER,1574.24,USD,46173,Etairos,46173,27862,46203,EBS House Account,WHATABURGER,15602,31598
56306,Conversion,Invoice,Invoice,Yes,Complete,SM LAWRENCE CO,1196,USD,46173,Etairos,46173,26629,46203,EBS House Account,SM LAWRENCE CO,16865,30354
56307,Conversion,Invoice,Invoice,Yes,Complete,SPRINGHILL SUITES - DOWNTOWN,243.29,USD,46173,Etairos,46173,27687,46203,EBS House Account,SPRINGHILL SUITES - DOWNTOWN,15856,32185
56308,Conversion,Invoice,Invoice,Yes,Complete,ALLIANCE HEALTH SERVICES,1955,USD,46173,Etairos,46173,26971,46203,EBS House Account,ALLIANCE HEALTH SERVICES,16061,30256
56310,Conversion,Invoice,Invoice,Yes,Complete,MEMPHIS SCHOOL OF EXCELLENCE,685,USD,46173,Etairos,46173,26730,46203,EBS House Account,MEMPHIS SCHOOL OF EXCELLENCE,15795,32183
56314,Conversion,Invoice,Invoice,Yes,Complete,SHREYA INVESTMENTS,939.25,USD,46173,Etairos,46173,27605,46203,EBS House Account,SHREYA INVESTMENTS,15909,30809
56315,Conversion,Invoice,Invoice,Yes,Complete,1385 CORPORATE AVENUE LLC,243.29,USD,46173,Etairos,46173,28142,46203,EBS House Account,1385 CORPORATE AVENUE LLC,17260,30426
56316,Conversion,Invoice,Invoice,Yes,Complete,SUMMIT OF GERMANTOWN,263.29,USD,46173,Etairos,46173,27896,46203,EBS House Account,SUMMIT OF GERMANTOWN,17294,32051
56317,Conversion,Invoice,Invoice,Yes,Complete,A1 HANDYMAN SERVICES,122.71,USD,46172,Etairos,46173,26713,46202,EBS House Account,A1 HANDYMAN SERVICES,16586,30623
56309,Conversion,Invoice,Invoice,Yes,Complete,DYER COUNTY BOARD OF EDUCATION,4610.71,USD,46173,Etairos,46173,26807,46203,EBS House Account,DYER COUNTY BOARD OF EDUCATION,16079,31941
56322,Conversion,Invoice,Invoice,Yes,Complete,WALKER-J-WALKER INC,1343.35,USD,46173,Etairos,46173,27397,46203,EBS House Account,WALKER-J-WALKER INC,16758,30670
56324,Conversion,Invoice,Invoice,Yes,Complete,CULLEY MECHANICAL,2349.92,USD,46173,Etairos,46173,26452,46203,EBS House Account,CULLEY MECHANICAL,15694,32210
56325,Conversion,Invoice,Invoice,Yes,Complete,ALL FLORIDA MECHANICAL SERVICE,747.67,USD,46173,Etairos,46173,27958,46203,EBS House Account,ALL FLORIDA MECHANICAL SERVICE,15364,30270
601780,Conversion,Invoice,Invoice,Yes,Complete,NORFOLK SOUTHERN INTERMODAL TERMINAL,436,USD,46101,Etairos,46173,26556,46131,EBS House Account,NORFOLK SOUTHERN INTERMODAL TERMINAL,16429,31935
601783,Conversion,Invoice,Invoice,Yes,Complete,1385 CORPORATE AVENUE LLC,360,USD,46101,Etairos,46173,28142,46131,EBS House Account,1385 CORPORATE AVENUE LLC,17260,30426
601785,Conversion,Invoice,Invoice,Yes,Complete,D-BAT MEMPHIS,528,USD,46101,Etairos,46173,26475,46131,EBS House Account,D-BAT MEMPHIS,16411,31203
601786,Conversion,Invoice,Invoice,Yes,Complete,CAMP MCCAIN,294,USD,46101,Etairos,46173,28185,46131,EBS House Account,CAMP MCCAIN,15401,30466
601792,Conversion,Invoice,Invoice,Yes,Complete,ESM MEMPHIS LLC,2093,USD,46101,Etairos,46173,27427,46131,EBS House Account,ESM MEMPHIS LLC,16005,30573
601803,Conversion,Invoice,Invoice,Yes,Complete,NORFOLK SOUTHERN INTERMODAL TERMINAL,436,USD,46132,Etairos,46173,26556,46162,EBS House Account,NORFOLK SOUTHERN INTERMODAL TERMINAL,16429,31935
601806,Conversion,Invoice,Invoice,Yes,Complete,1385 CORPORATE AVENUE LLC,360,USD,46132,Etairos,46173,28142,46162,EBS House Account,1385 CORPORATE AVENUE LLC,17260,30426
601808,Conversion,Invoice,Invoice,Yes,Complete,CAMP MCCAIN,294,USD,46132,Etairos,46173,28185,46162,EBS House Account,CAMP MCCAIN,15401,30466
601811,Conversion,Invoice,Invoice,Yes,Complete,SOUTHLAND CASINO HOTEL,1409.98,USD,46132,Etairos,46173,27632,46162,EBS House Account,SOUTHLAND CASINO HOTEL,15293,30931
601814,Conversion,Invoice,Invoice,Yes,Complete,SALVATION ARMY PURDUE CENTER,598,USD,46132,Etairos,46173,26747,46162,EBS House Account,SALVATION ARMY PURDUE CENTER,16171,31156
601815,Conversion,Invoice,Invoice,Yes,Complete,ESM MEMPHIS LLC,2093,USD,46132,Etairos,46173,27427,46162,EBS House Account,ESM MEMPHIS LLC,16005,30573
601820,Conversion,Invoice,Invoice,Yes,Complete,DESOTO ATHLETIC CLUB,205.44,USD,46162,Etairos,46173,27368,46192,EBS House Account,DESOTO ATHLETIC CLUB,16730,31361
601821,Conversion,Invoice,Invoice,Yes,Complete,CENTRAL BBQ,479,USD,46162,Etairos,46173,28346,46192,EBS House Account,CENTRAL BBQ,15672,31091
601822,Conversion,Invoice,Invoice,Yes,Complete,BADDOUR CENTER,156,USD,46162,Etairos,46173,27804,46192,EBS House Account,BADDOUR CENTER,16581,31332
601823,Conversion,Invoice,Invoice,Yes,Complete,AMERICAN ESOTERIC LABORATORIES,331,USD,46162,Etairos,46173,27982,46192,EBS House Account,AMERICAN ESOTERIC LABORATORIES,15667,32103
601824,Conversion,Invoice,Invoice,Yes,Complete,NORFOLK SOUTHERN INTERMODAL TERMINAL,436,USD,46162,Etairos,46173,26556,46192,EBS House Account,NORFOLK SOUTHERN INTERMODAL TERMINAL,16429,31935
601825,Conversion,Invoice,Invoice,Yes,Complete,THE ORPHEUM,2750,USD,46162,Etairos,46173,27092,46192,EBS House Account,THE ORPHEUM,16112,31069
601826,Conversion,Invoice,Invoice,Yes,Complete,MEMPHIS JOB CORPS FINANCE DEPT,576,USD,46162,Etairos,46173,27165,46192,EBS House Account,MEMPHIS JOB CORPS FINANCE DEPT,17012,31709
601828,Conversion,Invoice,Invoice,Yes,Complete,THE GUESTHOUSE AT GRACELAND,495,USD,46162,Etairos,46173,27473,46192,EBS House Account,THE GUESTHOUSE AT GRACELAND,16533,30343
601829,Conversion,Invoice,Invoice,Yes,Complete,CAMP MCCAIN,294,USD,46162,Etairos,46173,28185,46192,EBS House Account,CAMP MCCAIN,15401,30466
601836,Conversion,Invoice,Invoice,Yes,Complete,ENCOMPASS HEALTH REHABILITATION HOSPITAL OF JONESBORO,872.34,USD,46162,Etairos,46173,27217,46192,EBS House Account,ENCOMPASS HEALTH REHABILITATION HOSPITAL OF JONESBORO,17060,30281
601837,Conversion,Invoice,Invoice,Yes,Complete,MEMPHIS SCHOOL OF EXCELLENCE,559,USD,46162,Etairos,46173,26730,46192,EBS House Account,MEMPHIS SCHOOL OF EXCELLENCE,15795,32183
2544G1,Conversion,Invoice,Invoice,Yes,Complete,BERNHARD MCC MECHANICAL,612.79,USD,43993,Etairos,46173,28381,44023,EBS House Account,BERNHARD MCC MECHANICAL,15705,32256
601830,Conversion,Invoice,Invoice,Yes,Complete,GASTRO ONE,333,USD,46162,Etairos,46173,28252,46192,EBS House Account,GASTRO ONE,15224,30756
3256H1,Conversion,Invoice,Invoice,Yes,Complete,V & S NEW YORK GALVANIZING,10890,USD,44049,Etairos,46173,28030,44079,EBS House Account,V & S NEW YORK GALVANIZING,15216,30748
601831,Conversion,Invoice,Invoice,Yes,Complete,GASTRO ONE,250,USD,46162,Etairos,46173,28252,46192,EBS House Account,GASTRO ONE,15224,30756
601832,Conversion,Invoice,Invoice,Yes,Complete,GASTRO ONE,325,USD,46162,Etairos,46173,28252,46192,EBS House Account,GASTRO ONE,15224,30756
601834,Conversion,Invoice,Invoice,Yes,Complete,SALVATION ARMY PURDUE CENTER,598,USD,46162,Etairos,46173,26747,46192,EBS House Account,SALVATION ARMY PURDUE CENTER,16171,31156
601835,Conversion,Invoice,Invoice,Yes,Complete,ESM MEMPHIS LLC,2093,USD,46162,Etairos,46173,27427,46192,EBS House Account,ESM MEMPHIS LLC,16005,30573
7914A1,Conversion,Invoice,Invoice,Yes,Complete,HAJOCA CORPORATION/ FT SMITH,780,USD,43858,Etairos,46173,28028,43888,EBS House Account,HAJOCA CORPORATION/ FT SMITH,16731,30566
56300,Conversion,Invoice,Invoice,Yes,Complete,NEW BALLET ENSEMBLE,425,USD,46173,Etairos,46173,27095,46203,EBS House Account,NEW BALLET ENSEMBLE,15559,32439
56312,Conversion,Invoice,Invoice,Yes,Complete,HOBBS & ASSOCIATES INC,3910,USD,46173,Etairos,46173,27836,46203,EBS House Account,HOBBS & ASSOCIATES INC,16911,30799
56182,Conversion,Invoice,Invoice,Yes,Complete,DAMON-MARCUS CO,714.8,USD,46164,Etairos,46173,27159,46194,EBS House Account,DAMON-MARCUS CO,17005,30901
56110,Conversion,Invoice,Invoice,Yes,Complete,MARIETTA CORPORATION,1029,USD,46162,Etairos,46173,28020,46192,EBS House Account,MARIETTA CORPORATION,15914,31352
56142,Conversion,Invoice,Invoice,Yes,Complete,CARTYS COOLING COMPANY,243.83,USD,46163,Etairos,46173,27808,46193,EBS House Account,CARTYS COOLING COMPANY,16162,30781
55951,Conversion,Invoice,Invoice,Yes,Complete,HOG & HOMINY,348.29,USD,46156,Etairos,46173,27120,46186,EBS House Account,HOG & HOMINY,16598,30522
601827,Conversion,Invoice,Invoice,Yes,Complete,1385 CORPORATE AVENUE LLC,460,USD,46162,Etairos,46173,28142,46192,EBS House Account,1385 CORPORATE AVENUE LLC,17260,30426
55773,Conversion,Invoice,Invoice,Yes,Complete,JACKSON STATE COMMUNITY COLLEG,883.3,USD,46142,Etairos,46173,28459,46172,EBS House Account,JACKSON STATE COMMUNITY COLLEG,17344,31617
56017,Conversion,Invoice,Invoice,Yes,Complete,KNIGHT & WILSON INC,1501.05,USD,46160,Etairos,46173,28337,46190,EBS House Account,KNIGHT & WILSON INC,16223,31890
53575,Conversion,Invoice,Invoice,Yes,Complete,GKG CONTRACTORS LLC,932.31,USD,46045,Etairos,46173,27867,46075,EBS House Account,GKG CONTRACTORS LLC,16172,31157
56206,Conversion,Invoice,Invoice,Yes,Complete,A1 HANDYMAN SERVICES,132.8,USD,46164,Etairos,46173,26713,46194,EBS House Account,A1 HANDYMAN SERVICES,16586,30623
55678,Conversion,Invoice,Invoice,Yes,Complete,GOODMAN MECHANICAL LLC,2116.68,USD,46142,Etairos,46173,27647,46172,EBS House Account,GOODMAN MECHANICAL LLC,15680,31981
55974,Conversion,Invoice,Invoice,Yes,Complete,GOODMAN MECHANICAL LLC,2436.78,USD,46157,Etairos,46173,27647,46187,EBS House Account,GOODMAN MECHANICAL LLC,15680,31981
54614,Conversion,Invoice,Invoice,Yes,Complete,MECHANICAL SERVICES LLC,4457.62,USD,46085,Etairos,46173,27074,46115,EBS House Account,MECHANICAL SERVICES LLC,16103,30355
53327,Conversion,Invoice,Invoice,Yes,Complete,MECH TECH LLC,86.39,USD,46022,Etairos,46173,28311,46052,EBS House Account,MECH TECH LLC,16900,31600
56175,Conversion,Invoice,Invoice,Yes,Complete,SOEFKER SERVICES,118.53,USD,46163,Etairos,46173,27077,46193,EBS House Account,SOEFKER SERVICES,16104,31859
53850,Conversion,Invoice,Invoice,Yes,Complete,ALLIANCE HEALTH SERVICES,5415.45,USD,46053,Etairos,46173,26971,46083,EBS House Account,ALLIANCE HEALTH SERVICES,16061,30256
56217,Conversion,Invoice,Invoice,Yes,Complete,HOWARD INDUSTRIES,650,USD,46169,Etairos,46173,27854,46199,EBS House Account,HOWARD INDUSTRIES,16853,31949
55623,Conversion,Invoice,Invoice,Yes,Complete,ESM MEMPHIS LLC,24710.26,USD,46141,Etairos,46173,27427,46171,EBS House Account,ESM MEMPHIS LLC,16005,30573
49502,Conversion,Invoice,Invoice,Yes,Complete,GRANT A/C & HEATING LLC,969.65,USD,45861,Etairos,46173,28092,45891,EBS House Account,GRANT A/C & HEATING LLC,16970,31868
55921,Conversion,Invoice,Invoice,Yes,Complete,ALPHA ENERGY SOLUTIONS,2645.89,USD,46156,Etairos,46173,28227,46186,EBS House Account,ALPHA ENERGY SOLUTIONS,16636,31533
56197,Conversion,Invoice,Invoice,Yes,Complete,MATLOCK MECHANICAL LLC,1448.88,USD,46164,Etairos,46173,26824,46194,EBS House Account,MATLOCK MECHANICAL LLC,16679,31254
56198,Conversion,Invoice,Invoice,Yes,Complete,TEMPERATURE INC,698.01,USD,46164,Etairos,46173,27622,46194,EBS House Account,TEMPERATURE INC,16725,32375
56199,Conversion,Invoice,Invoice,Yes,Complete,CMI MANAGEMENT INC,326.03,USD,46164,Etairos,46173,26818,46194,EBS House Account,CMI MANAGEMENT INC,15392,30376
56200,Conversion,Invoice,Invoice,Yes,Complete,MOTION INDUSTRIES -BHAM,437.12,USD,46164,Etairos,46173,28263,46194,EBS House Account,MOTION INDUSTRIES -BHAM,15492,32406
56201,Conversion,Credit Memo,Credit Memo,Yes,Complete,AIR TECHNICAL SERVICES,-170.11,USD,46164,Etairos,46173,12005,,EBS House Account,AIR TECHNICAL SERVICES,7002,21007
56202,Conversion,Credit Memo,Credit Memo,Yes,Complete,AIR TECHNICAL SERVICES,-101.69,USD,46164,Etairos,46173,12005,,EBS House Account,AIR TECHNICAL SERVICES,7002,21007
56207,Conversion,Invoice,Invoice,Yes,Complete,DESOTO COUNTY SCHOOLS,18957.9,USD,46168,Etairos,46173,27494,46198,EBS House Account,DESOTO COUNTY SCHOOLS,15532,30680
56208,Conversion,Invoice,Invoice,Yes,Complete,DESOTO COUNTY SCHOOLS,13835.5,USD,46168,Etairos,46173,27494,46198,EBS House Account,DESOTO COUNTY SCHOOLS,15532,30680
56209,Conversion,Invoice,Invoice,Yes,Complete,AIR COMPONENTS INC,1356,USD,46168,Etairos,46173,26436,46198,EBS House Account,AIR COMPONENTS INC,16404,31378
56210,Conversion,Invoice,Invoice,Yes,Complete,SPECIALTY HEATING SERVICES LLC,384,USD,46168,Etairos,46173,26291,46198,EBS House Account,SPECIALTY HEATING SERVICES LLC,16207,32461
56211,Conversion,Invoice,Invoice,Yes,Complete,AIR COMPONENTS INC,33,USD,46168,Etairos,46173,26436,46198,EBS House Account,AIR COMPONENTS INC,16404,31378
56212,Conversion,Invoice,Invoice,Yes,Complete,AIR COMPONENTS INC,267,USD,46168,Etairos,46173,26436,46198,EBS House Account,AIR COMPONENTS INC,16404,31378
56213,Conversion,Invoice,Invoice,Yes,Complete,SM LAWRENCE,394.03,USD,46168,Etairos,46173,27771,46198,EBS House Account,SM LAWRENCE,17127,31022
56214,Conversion,Invoice,Invoice,Yes,Complete,AIR COMPONENTS INC,150,USD,46168,Etairos,46173,26436,46198,EBS House Account,AIR COMPONENTS INC,16404,31378
56215,Conversion,Invoice,Invoice,Yes,Complete,HOWARD INDUSTRIES,375,USD,46169,Etairos,46173,27854,46199,EBS House Account,HOWARD INDUSTRIES,16853,31949
56216,Conversion,Invoice,Invoice,Yes,Complete,HOWARD INDUSTRIES,375,USD,46169,Etairos,46173,27854,46199,EBS House Account,HOWARD INDUSTRIES,16853,31949
56218,Conversion,Invoice,Invoice,Yes,Complete,POPLARVILLE SCHOOL DISTRICT,575,USD,46169,Etairos,46173,26717,46199,EBS House Account,POPLARVILLE SCHOOL DISTRICT,16538,31228
56219,Conversion,Invoice,Invoice,Yes,Complete,LOWNDES COUNTY SCHOOL DISTRICT,1397.6,USD,46169,Etairos,46173,28348,46199,EBS House Account,LOWNDES COUNTY SCHOOL DISTRICT,16282,31713
56222,Conversion,Invoice,Invoice,Yes,Complete,BAPTIST MEDICAL CENTER LEAKE,535,USD,46169,Etairos,46173,27957,46199,EBS House Account,BAPTIST MEDICAL CENTER LEAKE,16766,30268
56223,Conversion,Invoice,Invoice,Yes,Complete,TAV 221,1962.12,USD,46169,Etairos,46173,26418,46199,EBS House Account,TAV 221,16314,30285
56224,Conversion,Invoice,Invoice,Yes,Complete,GALLOWAY UNITED METHODIST CHURCH,425,USD,46169,Etairos,46173,27341,46199,EBS House Account,GALLOWAY UNITED METHODIST CHURCH,15514,32264
56225,Conversion,Invoice,Invoice,Yes,Complete,IVEY MECHANICAL CO LLC,385,USD,46169,Etairos,46173,28305,46199,EBS House Account,IVEY MECHANICAL CO LLC,16191,32446
56226,Conversion,Invoice,Invoice,Yes,Complete,SOLEO HEALTH,615.25,USD,46169,Etairos,46173,27475,46199,EBS House Account,SOLEO HEALTH,17348,31227
56227,Conversion,Invoice,Invoice,Yes,Complete,AIR COMPONENTS INC,985,USD,46169,Etairos,46173,26436,46199,EBS House Account,AIR COMPONENTS INC,16404,31378
56228,Conversion,Invoice,Invoice,Yes,Complete,ROBERT J KAPLAN MD,25823.53,USD,46169,Etairos,46173,26905,46199,EBS House Account,ROBERT J KAPLAN MD,16516,30584
56230,Conversion,Invoice,Invoice,Yes,Complete,CD-TT GERMANTOWN LLC,6129.05,USD,46169,Etairos,46173,27362,46199,EBS House Account,CD-TT GERMANTOWN LLC,17265,31308
56089,Conversion,Invoice,Invoice,Yes,Complete,MORGAN & THORNBURG INC,828.61,USD,46161,Etairos,46173,27014,46191,EBS House Account,MORGAN & THORNBURG INC,16511,32149
55456,Conversion,Invoice,Invoice,Yes,Complete,OCHSNER HEALTH SYSTEM,525,USD,46135,Etairos,46173,26578,46165,EBS House Account,OCHSNER HEALTH SYSTEM,17173,32234
56253,Conversion,Invoice,Invoice,Yes,Complete,OCHSNER HEALTH SYSTEM,771.6,USD,46171,Etairos,46173,26578,46201,EBS House Account,OCHSNER HEALTH SYSTEM,17173,32234
55960,Conversion,Invoice,Invoice,Yes,Complete,G MECHANICAL,258.02,USD,46156,Etairos,46173,27015,46186,EBS House Account,G MECHANICAL,16515,31301
56028,Conversion,Invoice,Invoice,Yes,Complete,A1 HANDYMAN SERVICES,64.91,USD,46160,Etairos,46173,26713,46190,EBS House Account,A1 HANDYMAN SERVICES,16586,30623
55901,Conversion,Invoice,Invoice,Yes,Complete,ALL FLORIDA MECHANICAL SERVICE,850.44,USD,46155,Etairos,46173,27958,46185,EBS House Account,ALL FLORIDA MECHANICAL SERVICE,15364,30270
55998,Conversion,Invoice,Invoice,Yes,Complete,AIR COMPONENTS INC,1116,USD,46160,Etairos,46173,26436,46190,EBS House Account,AIR COMPONENTS INC,16404,31378
56232,Conversion,Invoice,Invoice,Yes,Complete,ENCOMPASS HEALTH REHABILITATION HOSPITAL OF JONESBORO,2765.12,USD,46169,Etairos,46173,27217,46199,EBS House Account,ENCOMPASS HEALTH REHABILITATION HOSPITAL OF JONESBORO,17060,30281
56233,Conversion,Invoice,Invoice,Yes,Complete,LOWNDES COUNTY SCHOOL DISTRICT,4685,USD,46169,Etairos,46173,28348,46199,EBS House Account,LOWNDES COUNTY SCHOOL DISTRICT,16282,31713
56234,Conversion,Invoice,Invoice,Yes,Complete,STARK AEROSPACE,765,USD,46169,Etairos,46173,28236,46199,EBS House Account,STARK AEROSPACE,15277,31356
56240,Conversion,Invoice,Invoice,Yes,Complete,AIRFLO SALES INC,160,USD,46169,Etairos,46173,28170,46199,EBS House Account,AIRFLO SALES INC,16037,32431
56243,Conversion,Invoice,Invoice,Yes,Complete,MORGAN & THORNBURG INC,76.83,USD,46170,Etairos,46173,27014,46200,EBS House Account,MORGAN & THORNBURG INC,16511,32149
56244,Conversion,Invoice,Invoice,Yes,Complete,AIR COMPONENTS INC,60,USD,46170,Etairos,46173,26436,46200,EBS House Account,AIR COMPONENTS INC,16404,31378
56245,Conversion,Invoice,Invoice,Yes,Complete,AIR COMPONENTS INC,84,USD,46170,Etairos,46173,26436,46200,EBS House Account,AIR COMPONENTS INC,16404,31378
55565,Conversion,Invoice,Invoice,Yes,Complete,MIDWEST MACHINERY KC NEWCO LLC,2477.81,USD,46140,Etairos,46173,26681,46170,EBS House Account,MIDWEST MACHINERY KC NEWCO LLC,15292,30929
55568,Conversion,Invoice,Invoice,Yes,Complete,SM LAWRENCE,497,USD,46140,Etairos,46173,27771,46170,EBS House Account,SM LAWRENCE,17127,31022
55569,Conversion,Invoice,Invoice,Yes,Complete,ENFRA MCC LLC,4287.75,USD,46140,Etairos,46173,27598,46170,EBS House Account,ENFRA MCC LLC,16702,30723
55577,Conversion,Invoice,Invoice,Yes,Complete,UPCHURCH SERVICES,4226.03,USD,46140,Etairos,46173,27236,46170,EBS House Account,UPCHURCH SERVICES,17147,31810
55580,Conversion,Invoice,Invoice,Yes,Complete,DESOTO COUNTY SCHOOLS,1507.25,USD,46141,Etairos,46173,27494,46171,EBS House Account,DESOTO COUNTY SCHOOLS,15532,30680
55581,Conversion,Invoice,Invoice,Yes,Complete,ALL FLORIDA MECHANICAL SERVICE,3619.93,USD,46141,Etairos,46173,27958,46171,EBS House Account,ALL FLORIDA MECHANICAL SERVICE,15364,30270
55582,Conversion,Invoice,Invoice,Yes,Complete,REGIONAL ONE HEALTH,1000,USD,46141,Etairos,46173,27259,46171,EBS House Account,REGIONAL ONE HEALTH,15871,30727
55584,Conversion,Invoice,Invoice,Yes,Complete,UPCHURCH SERVICES RIDGELAND,1577.7,USD,46141,Etairos,46173,27373,46171,EBS House Account,UPCHURCH SERVICES RIDGELAND,16784,31371
55585,Conversion,Invoice,Invoice,Yes,Complete,UPCHURCH SERVICES RIDGELAND,1312.5,USD,46141,Etairos,46173,27373,46171,EBS House Account,UPCHURCH SERVICES RIDGELAND,16784,31371
55586,Conversion,Invoice,Invoice,Yes,Complete,ENGINEERED COMFORT INC,207.6,USD,46141,Etairos,46173,28097,46171,EBS House Account,ENGINEERED COMFORT INC,16212,30487
55588,Conversion,Invoice,Invoice,Yes,Complete,HYATT CENTRIC BEALE STREET,1669.19,USD,46141,Etairos,46173,27110,46171,EBS House Account,HYATT CENTRIC BEALE STREET,16182,30797
55589,Conversion,Invoice,Invoice,Yes,Complete,HYATT CENTRIC BEALE STREET,1078.72,USD,46141,Etairos,46173,27110,46171,EBS House Account,HYATT CENTRIC BEALE STREET,16182,30797
55774,Conversion,Invoice,Invoice,Yes,Complete,REGIONAL ONE HEALTH,2334.14,USD,46142,Etairos,46173,27259,46172,EBS House Account,REGIONAL ONE HEALTH,15871,30727
55775,Conversion,Invoice,Invoice,Yes,Complete,REGIONAL ONE HEALTH,11371.96,USD,46142,Etairos,46173,27259,46172,EBS House Account,REGIONAL ONE HEALTH,15871,30727
55776,Conversion,Invoice,Invoice,Yes,Complete,REGIONAL ONE HEALTH,2966.51,USD,46142,Etairos,46173,27259,46172,EBS House Account,REGIONAL ONE HEALTH,15871,30727
55778,Conversion,Invoice,Invoice,Yes,Complete,W A SOEFKER & SON INC,337.31,USD,46142,Etairos,46173,27465,46172,EBS House Account,W A SOEFKER & SON INC,15639,31324
55779,Conversion,Invoice,Invoice,Yes,Complete,GASTRO ONE,1179.39,USD,46142,Etairos,46173,28252,46172,EBS House Account,GASTRO ONE,15224,30756
55781,Conversion,Invoice,Invoice,Yes,Complete,SALVATION ARMY KROC CENTER,678.04,USD,46142,Etairos,46173,26403,46172,EBS House Account,SALVATION ARMY KROC CENTER,16229,31275
55782,Conversion,Invoice,Invoice,Yes,Complete,TOWN OF COLLIERVILLE,2520.03,USD,46142,Etairos,46173,28364,46172,EBS House Account,TOWN OF COLLIERVILLE,15497,32246
55783,Conversion,Invoice,Invoice,Yes,Complete,AOC ALIANCYS LLC,3563.41,USD,46142,Etairos,46173,26584,46172,EBS House Account,AOC ALIANCYS LLC,15569,31110
55784,Conversion,Invoice,Invoice,Yes,Complete,WTH NORTH HOSPITAL,1693.6,USD,46142,Etairos,46173,27227,46172,EBS House Account,WTH NORTH HOSPITAL,17141,31001
55786,Conversion,Invoice,Invoice,Yes,Complete,MID-SOUTH ICE PLEX LLC,12924.55,USD,46142,Etairos,46173,27713,46172,EBS House Account,MID-SOUTH ICE PLEX LLC,15881,30813
55787,Conversion,Invoice,Invoice,Yes,Complete,SALVATION ARMY PURDUE CENTER,225,USD,46142,Etairos,46173,26747,46172,EBS House Account,SALVATION ARMY PURDUE CENTER,16171,31156
55788,Conversion,Invoice,Invoice,Yes,Complete,OSB SERVICES LLC,5600,USD,46142,Etairos,46173,26278,46172,EBS House Account,OSB SERVICES LLC,15604,30980
36322,Conversion,Invoice,Invoice,Yes,Complete,MAACO AMERICA'S BODYSHOP,1971.93,USD,45260,Etairos,46173,27724,45290,EBS House Account,MAACO AMERICA'S BODYSHOP,15842,32390
36796,Conversion,Invoice,Invoice,Yes,Complete,MAACO AMERICA'S BODYSHOP,371.34,USD,45281,Etairos,46173,27724,45311,EBS House Account,MAACO AMERICA'S BODYSHOP,15842,32390
37203,Conversion,Invoice,Invoice,Yes,Complete,MAACO AMERICA'S BODYSHOP,817.68,USD,45308,Etairos,46173,27724,45338,EBS House Account,MAACO AMERICA'S BODYSHOP,15842,32390
37740,Conversion,Invoice,Invoice,Yes,Complete,CANOPY MEMPHIS DOWNTOWN,71.23,USD,45330,Etairos,46173,28316,45360,EBS House Account,CANOPY MEMPHIS DOWNTOWN,15616,31788
38185,Conversion,Invoice,Invoice,Yes,Complete,WOOTEN MECHANICAL LLC,1773.72,USD,45348,Etairos,46173,27843,45378,EBS House Account,WOOTEN MECHANICAL LLC,16146,31699
38235,Conversion,Invoice,Invoice,Yes,Complete,FRANKLIN HTG AIR & VENTILATION,1277.49,USD,45350,Etairos,46173,26419,45380,EBS House Account,FRANKLIN HTG AIR & VENTILATION,16286,31983
38260,Conversion,Invoice,Invoice,Yes,Complete,FRANKLIN HTG AIR & VENTILATION,816.68,USD,45351,Etairos,46173,26419,45381,EBS House Account,FRANKLIN HTG AIR & VENTILATION,16286,31983
55051,Conversion,Invoice,Invoice,Yes,Complete,METRO MECHANICAL CONTRACTORS,349.94,USD,46107,Etairos,46173,12007,46137,EBS House Account,METRO MECHANICAL CONTRACTORS,7004,21005
55087,Conversion,Invoice,Invoice,Yes,Complete,ALL FLORIDA MECHANICAL SERVICE,525.77,USD,46111,Etairos,46173,27958,46141,EBS House Account,ALL FLORIDA MECHANICAL SERVICE,15364,30270
55090,Conversion,Invoice,Invoice,Yes,Complete,SOUTH CENTRAL HEATING & PLBG,5781,USD,46111,Etairos,46173,26767,46141,EBS House Account,SOUTH CENTRAL HEATING & PLBG,16220,31881
55104,Conversion,Invoice,Invoice,Yes,Complete,ESM MEMPHIS LLC,2954.25,USD,46112,Etairos,46173,27427,46142,EBS House Account,ESM MEMPHIS LLC,16005,30573
55936,Conversion,Invoice,Invoice,Yes,Complete,SALVATION ARMY KROC CENTER,900.68,USD,46156,Etairos,46173,26403,46186,EBS House Account,SALVATION ARMY KROC CENTER,16229,31275
55937,Conversion,Invoice,Invoice,Yes,Complete,TERRY SERVICE INC,3613.59,USD,46156,Etairos,46173,28070,46186,EBS House Account,TERRY SERVICE INC,16043,30779
55938,Conversion,Invoice,Invoice,Yes,Complete,BILLY ROGERS PLBG HTG & AIR,545.61,USD,46156,Etairos,46173,26502,46186,EBS House Account,BILLY ROGERS PLBG HTG & AIR,16657,32348
55939,Conversion,Invoice,Invoice,Yes,Complete,FERGUSON ENTERPRISES,2130,USD,46156,Etairos,46173,27175,46186,EBS House Account,FERGUSON ENTERPRISES,17020,30911
55940,Conversion,Invoice,Invoice,Yes,Complete,CITY OF MEMPHIS,886.67,USD,46156,Etairos,46173,28306,46186,EBS House Account,CITY OF MEMPHIS,16124,31954
55941,Conversion,Invoice,Invoice,Yes,Complete,DAMON-MARCUS CO,2642.19,USD,46156,Etairos,46173,27159,46186,EBS House Account,DAMON-MARCUS CO,17005,30901
55942,Conversion,Invoice,Invoice,Yes,Complete,AKIMA INTRA-DATA LLC,5697.86,USD,46156,Etairos,46173,27142,46186,EBS House Account,AKIMA INTRA-DATA LLC,17349,31417
55943,Conversion,Invoice,Invoice,Yes,Complete,THE ORPHEUM,225,USD,46156,Etairos,46173,27092,46186,EBS House Account,THE ORPHEUM,16112,31069
55944,Conversion,Invoice,Invoice,Yes,Complete,ELECTRIC MOTOR SALES & SERVICE,1305.59,USD,46156,Etairos,46173,26885,46186,EBS House Account,ELECTRIC MOTOR SALES & SERVICE,15471,32129
55945,Conversion,Invoice,Invoice,Yes,Complete,UPCHURCH SERVICES RIDGELAND,663.56,USD,46156,Etairos,46173,27373,46186,EBS House Account,UPCHURCH SERVICES RIDGELAND,16784,31371
55946,Conversion,Invoice,Invoice,Yes,Complete,TOWN OF COLLIERVILLE,1452.37,USD,46156,Etairos,46173,28364,46186,EBS House Account,TOWN OF COLLIERVILLE,15497,32246
55948,Conversion,Invoice,Invoice,Yes,Complete,SOEFKER SERVICES,762.98,USD,46156,Etairos,46173,27077,46186,EBS House Account,SOEFKER SERVICES,16104,31859
55949,Conversion,Invoice,Invoice,Yes,Complete,D & L INC,3041.51,USD,46156,Etairos,46173,26896,46186,EBS House Account,D & L INC,16254,31818
55950,Conversion,Invoice,Invoice,Yes,Complete,AIRETECH CORP,1628.27,USD,46156,Etairos,46173,28424,46186,EBS House Account,AIRETECH CORP,16519,32017
56194,Conversion,Invoice,Invoice,Yes,Complete,ACCURATE AIR COMPANY INC,10601.76,USD,46164,Etairos,46173,28423,46194,EBS House Account,ACCURATE AIR COMPANY INC,17264,30587
56195,Conversion,Invoice,Invoice,Yes,Complete,MARTIN & WHITE,332.54,USD,46164,Etairos,46173,27102,46194,EBS House Account,MARTIN & WHITE,16126,31774
56196,Conversion,Invoice,Invoice,Yes,Complete,MARTIN & WHITE,385.22,USD,46164,Etairos,46173,27102,46194,EBS House Account,MARTIN & WHITE,16126,31774
38456,Conversion,Invoice,Invoice,Yes,Complete,WOOTEN MECHANICAL LLC,146.68,USD,45357,Etairos,46173,27843,45387,EBS House Account,WOOTEN MECHANICAL LLC,16146,31699
38795,Conversion,Invoice,Invoice,Yes,Complete,FRANKLIN HTG AIR & VENTILATION,276.84,USD,45371,Etairos,46173,26419,45401,EBS House Account,FRANKLIN HTG AIR & VENTILATION,16286,31983
38889,Conversion,Invoice,Invoice,Yes,Complete,FRANKLIN HTG AIR & VENTILATION,1476.67,USD,45378,Etairos,46173,26419,45408,EBS House Account,FRANKLIN HTG AIR & VENTILATION,16286,31983
38991,Conversion,Invoice,Invoice,Yes,Complete,WOOTEN MECHANICAL LLC,100.88,USD,45385,Etairos,46173,27843,45415,EBS House Account,WOOTEN MECHANICAL LLC,16146,31699
39004,Conversion,Invoice,Invoice,Yes,Complete,WOOTEN MECHANICAL LLC,31.92,USD,45385,Etairos,46173,27843,45415,EBS House Account,WOOTEN MECHANICAL LLC,16146,31699
39197,Conversion,Invoice,Invoice,Yes,Complete,WOOTEN MECHANICAL LLC,5011.4,USD,45400,Etairos,46173,27843,45430,EBS House Account,WOOTEN MECHANICAL LLC,16146,31699
39511,Conversion,Invoice,Invoice,Yes,Complete,WOOTEN MECHANICAL LLC,4472.05,USD,45411,Etairos,46173,27843,45441,EBS House Account,WOOTEN MECHANICAL LLC,16146,31699
39891,Conversion,Invoice,Invoice,Yes,Complete,AVID HOTEL SOUTHAVEN,422.65,USD,45426,Etairos,46173,27080,45456,EBS House Account,AVID HOTEL SOUTHAVEN,16024,30362
40686,Conversion,Invoice,Invoice,Yes,Complete,JOHNSON CONTROLS MEMPHIS,2879.76,USD,45456,Etairos,46173,26977,45486,EBS House Account,JOHNSON CONTROLS MEMPHIS,15317,31038
40692,Conversion,Invoice,Invoice,Yes,Complete,SOUTH CENTRAL HEATING & PLBG,3899.41,USD,45456,Etairos,46173,26767,45486,EBS House Account,SOUTH CENTRAL HEATING & PLBG,16220,31881
40756,Conversion,Invoice,Invoice,Yes,Complete,MISSISSIPPI BRAVES,1531.53,USD,45457,Etairos,46173,27986,45487,EBS House Account,MISSISSIPPI BRAVES,17055,31897
55109,Conversion,Invoice,Invoice,Yes,Complete,SHARKHEADS,1595,USD,46112,Etairos,46173,27823,46142,EBS House Account,SHARKHEADS,15405,31678
55116,Conversion,Invoice,Invoice,Yes,Complete,HOME2 SUITES,5543.93,USD,46112,Etairos,46173,27254,46142,EBS House Account,HOME2 SUITES,15900,30459
55117,Conversion,Invoice,Invoice,Yes,Complete,DONAGHEY MECHANICAL CONTRACTOR,408814,USD,46112,Etairos,46173,28310,46142,EBS House Account,DONAGHEY MECHANICAL CONTRACTOR,16965,31781
55130,Conversion,Invoice,Invoice,Yes,Complete,TEMPERATURE INC,242.99,USD,46112,Etairos,46173,27622,46142,EBS House Account,TEMPERATURE INC,16725,32375
55952,Conversion,Invoice,Invoice,Yes,Complete,ALPHA ENERGY SOLUTIONS,2395.35,USD,46156,Etairos,46173,28227,46186,EBS House Account,ALPHA ENERGY SOLUTIONS,16636,31533
55953,Conversion,Invoice,Invoice,Yes,Complete,HAMPTON INN  WALNUT GROVE,1683.41,USD,46156,Etairos,46173,27040,46186,EBS House Account,HAMPTON INN  WALNUT GROVE,16627,31239
55954,Conversion,Invoice,Invoice,Yes,Complete,ALPHA ENERGY SOLUTIONS,4577.49,USD,46156,Etairos,46173,28227,46186,EBS House Account,ALPHA ENERGY SOLUTIONS,16636,31533
55955,Conversion,Invoice,Invoice,Yes,Complete,ALPHA ENERGY SOLUTIONS,2536.22,USD,46156,Etairos,46173,28227,46186,EBS House Account,ALPHA ENERGY SOLUTIONS,16636,31533
55956,Conversion,Invoice,Invoice,Yes,Complete,MADISON COUNTY SCHOOL DISTRICT,4883.51,USD,46156,Etairos,46173,26315,46186,EBS House Account,MADISON COUNTY SCHOOL DISTRICT,17006,31269
55957,Conversion,Invoice,Invoice,Yes,Complete,TEMPERATURE INC,474.82,USD,46156,Etairos,46173,27622,46186,EBS House Account,TEMPERATURE INC,16725,32375
55958,Conversion,Invoice,Invoice,Yes,Complete,FLUID SOLUTIONS,969.82,USD,46156,Etairos,46173,26511,46186,EBS House Account,FLUID SOLUTIONS,15839,30765
55959,Conversion,Invoice,Invoice,Yes,Complete,CYNWAVE SOLUTIONS LLC,408.82,USD,46156,Etairos,46173,28351,46186,EBS House Account,CYNWAVE SOLUTIONS LLC,16231,32112
55965,Conversion,Invoice,Invoice,Yes,Complete,FALK SUPPLY COMPANY,6072.43,USD,46157,Etairos,46173,28062,46187,EBS House Account,FALK SUPPLY COMPANY,16843,30370
55966,Conversion,Invoice,Invoice,Yes,Complete,TRANE JACKSON,19550.02,USD,46157,Etairos,46173,27042,46157,EBS House Account,TRANE JACKSON,15883,31636
55967,Conversion,Invoice,Invoice,Yes,Complete,CONTROL HEATING & COOLING INC,132.04,USD,46157,Etairos,46173,26465,46187,EBS House Account,CONTROL HEATING & COOLING INC,15702,31996
55968,Conversion,Invoice,Invoice,Yes,Complete,OSB SERVICES LLC,1007.4,USD,46157,Etairos,46173,26278,46187,EBS House Account,OSB SERVICES LLC,15604,30980
55970,Conversion,Invoice,Invoice,Yes,Complete,MCLAIN PLUMBING & ELECTRIC,818.63,USD,46157,Etairos,46173,28269,46187,EBS House Account,MCLAIN PLUMBING & ELECTRIC,16070,31043
41485,Conversion,Invoice,Invoice,Yes,Complete,MISSISSIPPI BRAVES,802.5,USD,45492,Etairos,46173,27986,45522,EBS House Account,MISSISSIPPI BRAVES,17055,31897
42415,Conversion,Invoice,Invoice,Yes,Complete,MISSISSIPPI BRAVES,2446.99,USD,45534,Etairos,46173,27986,45564,EBS House Account,MISSISSIPPI BRAVES,17055,31897
43300,Conversion,Invoice,Invoice,Yes,Complete,RHODES COLLEGE,1524.9,USD,45568,Etairos,46173,28139,45598,EBS House Account,RHODES COLLEGE,15581,31940
44042,Conversion,Invoice,Invoice,Yes,Complete,RHODES COLLEGE,1524.9,USD,45603,Etairos,46173,28139,45633,EBS House Account,RHODES COLLEGE,15581,31940
44970,Conversion,Invoice,Invoice,Yes,Complete,JOHNSON CONTROLS MEMPHIS,2617.21,USD,45646,Etairos,46173,26977,45676,EBS House Account,JOHNSON CONTROLS MEMPHIS,15317,31038
45596,Conversion,Invoice,Invoice,Yes,Complete,HILTON GARDEN INN - COVINGTON,575,USD,45680,Etairos,46173,27520,45710,EBS House Account,HILTON GARDEN INN - COVINGTON,15398,31596
45600,Conversion,Invoice,Invoice,Yes,Complete,PEARL BASEBALL LLC,4928.66,USD,45680,Etairos,46173,27340,45710,EBS House Account,PEARL BASEBALL LLC,17122,31205
46063,Conversion,Invoice,Invoice,Yes,Complete,5M SERVICES LLC,1446.79,USD,45699,Etairos,46173,28291,45729,EBS House Account,5M SERVICES LLC,16879,30774
46672,Conversion,Invoice,Invoice,Yes,Complete,5M SERVICES LLC,294.7,USD,45730,Etairos,46173,28291,45760,EBS House Account,5M SERVICES LLC,16879,30774
46780,Conversion,Invoice,Invoice,Yes,Complete,JACKSON GENERAL CONTRACTORS,256.8,USD,44046,Etairos,46173,26241,44076,EBS House Account,JACKSON GENERAL CONTRACTORS,17263,31311
55173,Conversion,Invoice,Invoice,Yes,Complete,REGIONAL ONE HEALTH,500,USD,46112,Etairos,46173,27259,46142,EBS House Account,REGIONAL ONE HEALTH,15871,30727
55176,Conversion,Invoice,Invoice,Yes,Complete,SALVATION ARMY ADULT REHAB CTR,333,USD,46112,Etairos,46173,28453,46142,EBS House Account,SALVATION ARMY ADULT REHAB CTR,16461,30340
55177,Conversion,Invoice,Invoice,Yes,Complete,SALVATION ARMY ADULT REHAB CTR,500,USD,46112,Etairos,46173,28453,46142,EBS House Account,SALVATION ARMY ADULT REHAB CTR,16461,30340
55178,Conversion,Invoice,Invoice,Yes,Complete,JM SMUCKER COMPANY,1442.31,USD,46112,Etairos,46173,27136,46142,EBS House Account,JM SMUCKER COMPANY,16534,30344
55183,Conversion,Invoice,Invoice,Yes,Complete,HYATT CENTRIC BEALE STREET,677.31,USD,46112,Etairos,46173,27110,46142,EBS House Account,HYATT CENTRIC BEALE STREET,16182,30797
55218,Conversion,Invoice,Invoice,Yes,Complete,NATIONAL HVAC,516.55,USD,46119,Etairos,46173,26861,46149,EBS House Account,NATIONAL HVAC,16986,31088
55971,Conversion,Invoice,Invoice,Yes,Complete,ALPHA ENERGY SOLUTIONS,17694.1,USD,46157,Etairos,46173,28227,46187,EBS House Account,ALPHA ENERGY SOLUTIONS,16636,31533
55972,Conversion,Invoice,Invoice,Yes,Complete,TRI STAR COMPANIES INC,196.13,USD,46157,Etairos,46173,28441,46187,EBS House Account,TRI STAR COMPANIES INC,17303,31323
55973,Conversion,Invoice,Invoice,Yes,Complete,SM LAWRENCE MEMPHIS/OB,605.45,USD,46157,Etairos,46173,26796,46187,EBS House Account,SM LAWRENCE MEMPHIS/OB,15538,31049
55982,Conversion,Invoice,Invoice,Yes,Complete,CONDITIONED AIR INC,3200,USD,46157,Etairos,46173,26559,46187,EBS House Account,CONDITIONED AIR INC,17213,31937
55985,Conversion,Invoice,Invoice,Yes,Complete,POPE SUPPLY,925.2,USD,46159,Etairos,46173,28397,46189,EBS House Account,POPE SUPPLY,16427,31216
55986,Conversion,Invoice,Invoice,Yes,Complete,ALL FLORIDA MECHANICAL SERVICE,45.88,USD,46159,Etairos,46173,27958,46189,EBS House Account,ALL FLORIDA MECHANICAL SERVICE,15364,30270
55987,Conversion,Invoice,Invoice,Yes,Complete,MECHANICAL SYSTEMS COMPANY LLC,127.4,USD,46159,Etairos,46173,28149,46189,EBS House Account,MECHANICAL SYSTEMS COMPANY LLC,16765,32407
55989,Conversion,Invoice,Invoice,Yes,Complete,A1 HANDYMAN SERVICES,25.01,USD,46159,Etairos,46173,26713,46189,EBS House Account,A1 HANDYMAN SERVICES,16586,30623
55990,Conversion,Invoice,Invoice,Yes,Complete,GIPSON MECH CONTRACTORS,756.18,USD,46159,Etairos,46173,27560,46189,EBS House Account,GIPSON MECH CONTRACTORS,16326,31827
55802,Conversion,Invoice,Invoice,Yes,Complete,GRANT A/C & HEATING LLC,102.4,USD,46148,Etairos,46173,28092,46178,EBS House Account,GRANT A/C & HEATING LLC,16970,31868
55803,Conversion,Invoice,Invoice,Yes,Complete,ENERGYSOLUTIONS LLC,354.71,USD,46148,Etairos,46173,27426,46193,EBS House Account,ENERGYSOLUTIONS LLC,15978,30932
55807,Conversion,Invoice,Invoice,Yes,Complete,KNIGHT & WILSON INC,333.69,USD,46148,Etairos,46173,28337,46178,EBS House Account,KNIGHT & WILSON INC,16223,31890
55810,Conversion,Invoice,Invoice,Yes,Complete,MARTIN & WHITE,252.7,USD,46148,Etairos,46173,27102,46178,EBS House Account,MARTIN & WHITE,16126,31774
55811,Conversion,Invoice,Invoice,Yes,Complete,O'BRIEN EQUIPMENT,1263.77,USD,46148,Etairos,46173,27147,46178,EBS House Account,O'BRIEN EQUIPMENT,17356,31422
55812,Conversion,Invoice,Invoice,Yes,Complete,SOEFKER SERVICES,1397.37,USD,46148,Etairos,46173,27077,46178,EBS House Account,SOEFKER SERVICES,16104,31859
55815,Conversion,Invoice,Invoice,Yes,Complete,TERRY SERVICE INC,674.45,USD,46148,Etairos,46173,28070,46178,EBS House Account,TERRY SERVICE INC,16043,30779
55816,Conversion,Invoice,Invoice,Yes,Complete,MEMPHIS AIR CONDITIONING & HEA,157.08,USD,46148,Etairos,46173,26986,46178,EBS House Account,MEMPHIS AIR CONDITIONING & HEA,15945,30353
55817,Conversion,Invoice,Invoice,Yes,Complete,DAMON-MARCUS CO,340.84,USD,46148,Etairos,46173,27159,46178,EBS House Account,DAMON-MARCUS CO,17005,30901
46864,Conversion,Invoice,Invoice,Yes,Complete,SWITCH MEDICAL WASTE SERVICES,1997.19,USD,45737,Etairos,46173,27923,45767,EBS House Account,SWITCH MEDICAL WASTE SERVICES,15906,31730
46865,Conversion,Invoice,Invoice,Yes,Complete,SWITCH MEDICAL WASTE SERVICES,592.31,USD,45737,Etairos,46173,27923,45767,EBS House Account,SWITCH MEDICAL WASTE SERVICES,15906,31730
47221,Conversion,Credit Memo,Credit Memo,Yes,Complete,TREZEVANT MANOR,-1521.75,USD,45756,Etairos,46173,27395,,EBS House Account,TREZEVANT MANOR,16823,31033
47240,Conversion,Invoice,Invoice,Yes,Complete,RHODES COLLEGE,762.45,USD,45756,Etairos,46173,28139,45786,EBS House Account,RHODES COLLEGE,15581,31940
47366,Conversion,Invoice,Invoice,Yes,Complete,JOHNSON CONTROLS MEMPHIS,2084,USD,45762,Etairos,46173,26977,45792,EBS House Account,JOHNSON CONTROLS MEMPHIS,15317,31038
47403,Conversion,Invoice,Invoice,Yes,Complete,RHODES COLLEGE,762.45,USD,45762,Etairos,46173,28139,45792,EBS House Account,RHODES COLLEGE,15581,31940
47557,Conversion,Invoice,Invoice,Yes,Complete,5M SERVICES LLC,344.34,USD,45769,Etairos,46173,28291,45799,EBS House Account,5M SERVICES LLC,16879,30774
47710,Conversion,Invoice,Invoice,Yes,Complete,JIJI CONSTRUCTION LLC,592.31,USD,45777,Etairos,46173,27567,45807,EBS House Account,JIJI CONSTRUCTION LLC,16334,32226
47778,Conversion,Invoice,Invoice,Yes,Complete,5M SERVICES LLC,47.19,USD,45779,Etairos,46173,28291,45809,EBS House Account,5M SERVICES LLC,16879,30774
47864,Conversion,Invoice,Invoice,Yes,Complete,GRANT A/C & HEATING LLC,2130.53,USD,45784,Etairos,46173,28092,45814,EBS House Account,GRANT A/C & HEATING LLC,16970,31868
47949,Conversion,Invoice,Invoice,Yes,Complete,5M SERVICES LLC,5370,USD,45789,Etairos,46173,28291,45819,EBS House Account,5M SERVICES LLC,16879,30774
48057,Conversion,Invoice,Invoice,Yes,Complete,A & B MECHANICAL INC,1374.99,USD,45792,Etairos,46173,26795,45822,EBS House Account,A & B MECHANICAL INC,15369,31569
48371,Conversion,Invoice,Invoice,Yes,Complete,5M SERVICES LLC,169.61,USD,45807,Etairos,46173,28291,45837,EBS House Account,5M SERVICES LLC,16879,30774
55991,Conversion,Invoice,Invoice,Yes,Complete,CARTYS COOLING COMPANY,204.86,USD,46159,Etairos,46173,27808,46189,EBS House Account,CARTYS COOLING COMPANY,16162,30781
55992,Conversion,Invoice,Invoice,Yes,Complete,UNIVERSITY OF TENNESSEE,2386.2,USD,46159,Etairos,46173,26972,46189,EBS House Account,UNIVERSITY OF TENNESSEE,16062,32403
55993,Conversion,Invoice,Invoice,Yes,Complete,A1 HANDYMAN SERVICES,54.88,USD,46159,Etairos,46173,26713,46189,EBS House Account,A1 HANDYMAN SERVICES,16586,30623
55994,Conversion,Invoice,Invoice,Yes,Complete,A1 HANDYMAN SERVICES,187.02,USD,46159,Etairos,46173,26713,46189,EBS House Account,A1 HANDYMAN SERVICES,16586,30623
55995,Conversion,Invoice,Invoice,Yes,Complete,GRAHAM A/C SERVICE LLC,1310,USD,46159,Etairos,46173,26431,46189,EBS House Account,GRAHAM A/C SERVICE LLC,15470,32208
55996,Conversion,Invoice,Invoice,Yes,Complete,GRAHAM A/C SERVICE LLC,947.7,USD,46159,Etairos,46173,26431,46189,EBS House Account,GRAHAM A/C SERVICE LLC,15470,32208
55997,Conversion,Invoice,Invoice,Yes,Complete,DAMON-MARCUS CO,108.32,USD,46159,Etairos,46173,27159,46189,EBS House Account,DAMON-MARCUS CO,17005,30901
55999,Conversion,Invoice,Invoice,Yes,Complete,MITCH CO INC,149.72,USD,46160,Etairos,46173,28135,46190,EBS House Account,MITCH CO INC,16480,32154
56000,Conversion,Invoice,Invoice,Yes,Complete,A1 HANDYMAN SERVICES,131.04,USD,46160,Etairos,46173,26713,46190,EBS House Account,A1 HANDYMAN SERVICES,16586,30623
56001,Conversion,Invoice,Invoice,Yes,Complete,A1 HANDYMAN SERVICES,105.24,USD,46160,Etairos,46173,26713,46190,EBS House Account,A1 HANDYMAN SERVICES,16586,30623
56002,Conversion,Invoice,Invoice,Yes,Complete,A1 HANDYMAN SERVICES,240.04,USD,46160,Etairos,46173,26713,46190,EBS House Account,A1 HANDYMAN SERVICES,16586,30623
56006,Conversion,Invoice,Invoice,Yes,Complete,SOEFKER SERVICES,336.26,USD,46160,Etairos,46173,27077,46190,EBS House Account,SOEFKER SERVICES,16104,31859
55827,Conversion,Invoice,Invoice,Yes,Complete,ALL FLORIDA MECHANICAL SERVICE,1288.09,USD,46149,Etairos,46173,27958,46179,EBS House Account,ALL FLORIDA MECHANICAL SERVICE,15364,30270
55828,Conversion,Invoice,Invoice,Yes,Complete,TEMPERATURE INC,109.75,USD,46149,Etairos,46173,27622,46179,EBS House Account,TEMPERATURE INC,16725,32375
55829,Conversion,Invoice,Invoice,Yes,Complete,KNIGHT & WILSON INC,612.41,USD,46150,Etairos,46173,28337,46180,EBS House Account,KNIGHT & WILSON INC,16223,31890
55818,Conversion,Invoice,Invoice,Yes,Complete,ALL FLORIDA MECHANICAL SERVICE,147.38,USD,46148,Etairos,46173,27958,46178,EBS House Account,ALL FLORIDA MECHANICAL SERVICE,15364,30270
55819,Conversion,Invoice,Invoice,Yes,Complete,SOEFKER SERVICES,221.37,USD,46148,Etairos,46173,27077,46178,EBS House Account,SOEFKER SERVICES,16104,31859
55820,Conversion,Invoice,Invoice,Yes,Complete,MORGAN & THORNBURG INC,1009.78,USD,46148,Etairos,46173,27014,46178,EBS House Account,MORGAN & THORNBURG INC,16511,32149
55832,Conversion,Invoice,Invoice,Yes,Complete,FRANK MEADOR & SONS MECHANICAL CONTRACTORS INC,74095.36,USD,46150,Etairos,46173,26632,46180,EBS House Account,FRANK MEADOR & SONS MECHANICAL CONTRACTORS INC,15371,31667
55837,Conversion,Invoice,Invoice,Yes,Complete,A1 HANDYMAN SERVICES,105.24,USD,46150,Etairos,46173,26713,46180,EBS House Account,A1 HANDYMAN SERVICES,16586,30623
55838,Conversion,Invoice,Invoice,Yes,Complete,A1 HANDYMAN SERVICES,112.05,USD,46150,Etairos,46173,26713,46180,EBS House Account,A1 HANDYMAN SERVICES,16586,30623
55839,Conversion,Invoice,Invoice,Yes,Complete,A1 HANDYMAN SERVICES,204.46,USD,46150,Etairos,46173,26713,46180,EBS House Account,A1 HANDYMAN SERVICES,16586,30623
48419,Conversion,Invoice,Invoice,Yes,Complete,UNIVERSITY OF MEMPHIS,1237.25,USD,45808,Etairos,46173,27623,45838,EBS House Account,UNIVERSITY OF MEMPHIS,15963,30743
48564,Conversion,Invoice,Invoice,Yes,Complete,CANOPY MEMPHIS DOWNTOWN,1102.31,USD,45818,Etairos,46173,28316,45848,EBS House Account,CANOPY MEMPHIS DOWNTOWN,15616,31788
48849,Conversion,Invoice,Invoice,Yes,Complete,UPCHURCH SERVICES RIDGELAND,290.81,USD,45828,Etairos,46173,27373,45858,EBS House Account,UPCHURCH SERVICES RIDGELAND,16784,31371
48865,Conversion,Invoice,Invoice,Yes,Complete,HAINES JONES & CADBURY,69,USD,45828,Etairos,46173,28275,45858,EBS House Account,HAINES JONES & CADBURY,15949,30358
49008,Conversion,Invoice,Invoice,Yes,Complete,5M SERVICES LLC,1303.09,USD,45834,Etairos,46173,28291,45864,EBS House Account,5M SERVICES LLC,16879,30774
49026,Conversion,Invoice,Invoice,Yes,Complete,CANOPY MEMPHIS DOWNTOWN,1263.86,USD,45834,Etairos,46173,28316,45864,EBS House Account,CANOPY MEMPHIS DOWNTOWN,15616,31788
49029,Conversion,Invoice,Invoice,Yes,Complete,GRANT A/C & HEATING LLC,2584.25,USD,45834,Etairos,46173,28092,45864,EBS House Account,GRANT A/C & HEATING LLC,16970,31868
49067,Conversion,Invoice,Invoice,Yes,Complete,FONDREN HOSPITALITY LLC,1162.6,USD,45835,Etairos,46173,26573,45865,EBS House Account,FONDREN HOSPITALITY LLC,16340,31405
49131,Conversion,Invoice,Invoice,Yes,Complete,GRANT A/C & HEATING LLC,1428.04,USD,45838,Etairos,46173,28092,45868,EBS House Account,GRANT A/C & HEATING LLC,16970,31868
49227,Conversion,Invoice,Invoice,Yes,Complete,GRANT A/C & HEATING LLC,295,USD,45845,Etairos,46173,28092,45875,EBS House Account,GRANT A/C & HEATING LLC,16970,31868
49246,Conversion,Invoice,Invoice,Yes,Complete,ENFRA MCC LLC,6585,USD,45846,Etairos,46173,27598,45876,EBS House Account,ENFRA MCC LLC,16702,30723
49304,Conversion,Invoice,Invoice,Yes,Complete,TOWNPLACE STS HARVEY,1979.5,USD,45849,Etairos,46173,27636,45879,EBS House Account,TOWNPLACE STS HARVEY,16007,31457
56008,Conversion,Invoice,Invoice,Yes,Complete,AIR COMPONENTS INC,8200,USD,46160,Etairos,46173,26436,46190,EBS House Account,AIR COMPONENTS INC,16404,31378
56009,Conversion,Invoice,Invoice,Yes,Complete,AIR COMPONENTS INC,255.96,USD,46160,Etairos,46173,26436,46190,EBS House Account,AIR COMPONENTS INC,16404,31378
56010,Conversion,Invoice,Invoice,Yes,Complete,AIR COMPONENTS INC,117,USD,46160,Etairos,46173,26436,46190,EBS House Account,AIR COMPONENTS INC,16404,31378
56012,Conversion,Invoice,Invoice,Yes,Complete,SOEFKER SERVICES,664.1,USD,46160,Etairos,46173,27077,46190,EBS House Account,SOEFKER SERVICES,16104,31859
56018,Conversion,Invoice,Invoice,Yes,Complete,BLUFF CITY FIRE PROT & MECH,26.83,USD,46160,Etairos,46173,26846,46190,EBS House Account,BLUFF CITY FIRE PROT & MECH,15961,31359
56019,Conversion,Invoice,Invoice,Yes,Complete,AIR COMPONENTS INC,193.52,USD,46160,Etairos,46173,26436,46190,EBS House Account,AIR COMPONENTS INC,16404,31378
56020,Conversion,Invoice,Invoice,Yes,Complete,INTEGRITY MECHANICAL SOLUTIONS,347.1,USD,46160,Etairos,46173,27156,46190,EBS House Account,INTEGRITY MECHANICAL SOLUTIONS,15668,31266
56021,Conversion,Invoice,Invoice,Yes,Complete,R & R SERVICES,270.64,USD,46160,Etairos,46173,28353,46190,EBS House Account,R & R SERVICES,15681,31798
56026,Conversion,Credit Memo,Credit Memo,Yes,Complete,MIDWEST MACHINERY KC NEWCO LLC,-1005,USD,46160,Etairos,46173,26681,,EBS House Account,MIDWEST MACHINERY KC NEWCO LLC,15292,30929
56027,Conversion,Invoice,Invoice,Yes,Complete,AIR COMPONENTS INC,640.97,USD,46160,Etairos,46173,26436,46190,EBS House Account,AIR COMPONENTS INC,16404,31378
55840,Conversion,Invoice,Invoice,Yes,Complete,AIR TECHNICAL SERVICES,2980.81,USD,46153,Etairos,46173,12005,46183,EBS House Account,AIR TECHNICAL SERVICES,7002,21007
55841,Conversion,Invoice,Invoice,Yes,Complete,AIRETECH CORP,366.58,USD,46153,Etairos,46173,28424,46183,EBS House Account,AIRETECH CORP,16519,32017
55843,Conversion,Invoice,Invoice,Yes,Complete,MBCI-CHOCTAW TRIBAL SCHOOLS,438.58,USD,46153,Etairos,46173,27573,46183,EBS House Account,MBCI-CHOCTAW TRIBAL SCHOOLS,16420,32270
55849,Conversion,Invoice,Invoice,Yes,Complete,OSB SERVICES LLC,569.34,USD,46153,Etairos,46173,26278,46183,EBS House Account,OSB SERVICES LLC,15604,30980
55850,Conversion,Invoice,Invoice,Yes,Complete,AIR TECHNICAL SERVICES,263.4,USD,46153,Etairos,46173,12005,46183,EBS House Account,AIR TECHNICAL SERVICES,7002,21007
55852,Conversion,Invoice,Invoice,Yes,Complete,ALL FLORIDA MECHANICAL SERVICE,167.48,USD,46153,Etairos,46173,27958,46183,EBS House Account,ALL FLORIDA MECHANICAL SERVICE,15364,30270
55853,Conversion,Invoice,Invoice,Yes,Complete,ALL FLORIDA MECHANICAL SERVICE,1729,USD,46153,Etairos,46173,27958,46183,EBS House Account,ALL FLORIDA MECHANICAL SERVICE,15364,30270
55862,Conversion,Invoice,Invoice,Yes,Complete,A1 HANDYMAN SERVICES,181.7,USD,46153,Etairos,46173,26713,46183,EBS House Account,A1 HANDYMAN SERVICES,16586,30623
55863,Conversion,Invoice,Invoice,Yes,Complete,A1 HANDYMAN SERVICES,89.56,USD,46153,Etairos,46173,26713,46183,EBS House Account,A1 HANDYMAN SERVICES,16586,30623
55864,Conversion,Invoice,Invoice,Yes,Complete,A1 HANDYMAN SERVICES,165.68,USD,46153,Etairos,46173,26713,46183,EBS House Account,A1 HANDYMAN SERVICES,16586,30623
55865,Conversion,Invoice,Invoice,Yes,Complete,A1 HANDYMAN SERVICES,194.97,USD,46153,Etairos,46173,26713,46183,EBS House Account,A1 HANDYMAN SERVICES,16586,30623
55868,Conversion,Invoice,Invoice,Yes,Complete,ALL FLORIDA MECHANICAL SERVICE,294.06,USD,46154,Etairos,46173,27958,46184,EBS House Account,ALL FLORIDA MECHANICAL SERVICE,15364,30270
49320,Conversion,Invoice,Invoice,Yes,Complete,5M SERVICES LLC,7303.97,USD,45849,Etairos,46173,28291,45879,EBS House Account,5M SERVICES LLC,16879,30774
49644,Conversion,Invoice,Invoice,Yes,Complete,5M SERVICES LLC,493.93,USD,45863,Etairos,46173,28291,45893,EBS House Account,5M SERVICES LLC,16879,30774
49651,Conversion,Invoice,Invoice,Yes,Complete,GRANT A/C & HEATING LLC,2630.78,USD,45863,Etairos,46173,28092,45893,EBS House Account,GRANT A/C & HEATING LLC,16970,31868
49782,Conversion,Invoice,Invoice,Yes,Complete,RHODES COLLEGE,10674.3,USD,45866,Etairos,46173,28139,45896,EBS House Account,RHODES COLLEGE,15581,31940
49907,Conversion,Invoice,Invoice,Yes,Complete,5M SERVICES LLC,394,USD,45869,Etairos,46173,28291,45899,EBS House Account,5M SERVICES LLC,16879,30774
50006,Conversion,Invoice,Invoice,Yes,Complete,RHODES COLLEGE,3049.8,USD,45874,Etairos,46173,28139,45904,EBS House Account,RHODES COLLEGE,15581,31940
50038,Conversion,Invoice,Invoice,Yes,Complete,5M SERVICES LLC,187,USD,45875,Etairos,46173,28291,45905,EBS House Account,5M SERVICES LLC,16879,30774
50093,Conversion,Invoice,Invoice,Yes,Complete,5M SERVICES LLC,877,USD,45877,Etairos,46173,28291,45907,EBS House Account,5M SERVICES LLC,16879,30774
50094,Conversion,Invoice,Invoice,Yes,Complete,CANOPY MEMPHIS DOWNTOWN,4519.06,USD,45877,Etairos,46173,28316,45907,EBS House Account,CANOPY MEMPHIS DOWNTOWN,15616,31788
50422,Conversion,Invoice,Invoice,Yes,Complete,HOUMA20 HOSPITALITY LLC,2009.4,USD,45890,Etairos,46173,26835,45920,EBS House Account,HOUMA20 HOSPITALITY LLC,17396,31538
50461,Conversion,Invoice,Invoice,Yes,Complete,5M SERVICES LLC,1398,USD,45891,Etairos,46173,28291,45921,EBS House Account,5M SERVICES LLC,16879,30774
50477,Conversion,Invoice,Invoice,Yes,Complete,MECH TECH LLC,279.52,USD,45892,Etairos,46173,28311,45922,EBS House Account,MECH TECH LLC,16900,31600
50498,Conversion,Credit Memo,Credit Memo,Yes,Complete,RHODES COLLEGE,-2338,USD,45894,Etairos,46173,28139,,EBS House Account,RHODES COLLEGE,15581,31940
50499,Conversion,Credit Memo,Credit Memo,Yes,Complete,RHODES COLLEGE,-6819.83,USD,45894,Etairos,46173,28139,,EBS House Account,RHODES COLLEGE,15581,31940
55234,Conversion,Invoice,Invoice,Yes,Complete,METRO MECHANICAL CONTRACTORS,280.96,USD,46120,Etairos,46173,12007,46150,EBS House Account,METRO MECHANICAL CONTRACTORS,7004,21005
56029,Conversion,Invoice,Invoice,Yes,Complete,A1 HANDYMAN SERVICES,186.14,USD,46160,Etairos,46173,26713,46190,EBS House Account,A1 HANDYMAN SERVICES,16586,30623
56030,Conversion,Invoice,Invoice,Yes,Complete,A1 HANDYMAN SERVICES,127.75,USD,46160,Etairos,46173,26713,46190,EBS House Account,A1 HANDYMAN SERVICES,16586,30623
56069,Conversion,Invoice,Invoice,Yes,Complete,AIR COMPONENTS INC,280,USD,46160,Etairos,46173,26436,46190,EBS House Account,AIR COMPONENTS INC,16404,31378
56070,Conversion,Invoice,Invoice,Yes,Complete,AIR TECHNICAL SERVICES,1536.5,USD,46161,Etairos,46173,12005,46191,EBS House Account,AIR TECHNICAL SERVICES,7002,21007
56071,Conversion,Invoice,Invoice,Yes,Complete,OSB SERVICES LLC,1440.08,USD,46161,Etairos,46173,26278,46191,EBS House Account,OSB SERVICES LLC,15604,30980
56073,Conversion,Invoice,Invoice,Yes,Complete,CITY OF MEMPHIS,140.4,USD,46161,Etairos,46173,28306,46191,EBS House Account,CITY OF MEMPHIS,16124,31954
56074,Conversion,Invoice,Invoice,Yes,Complete,COLLIERVILLE SCHOOLS,297.64,USD,46161,Etairos,46173,26937,46191,EBS House Account,COLLIERVILLE SCHOOLS,15757,31610
56075,Conversion,Invoice,Invoice,Yes,Complete,COLLIERVILLE SCHOOLS,4694.05,USD,46161,Etairos,46173,26937,46191,EBS House Account,COLLIERVILLE SCHOOLS,15757,31610
56076,Conversion,Invoice,Invoice,Yes,Complete,SOEFKER SERVICES,29.11,USD,46161,Etairos,46173,27077,46191,EBS House Account,SOEFKER SERVICES,16104,31859
56079,Conversion,Invoice,Invoice,Yes,Complete,SUMMIT OF GERMANTOWN,474.94,USD,46161,Etairos,46173,27896,46191,EBS House Account,SUMMIT OF GERMANTOWN,17294,32051
55869,Conversion,Invoice,Invoice,Yes,Complete,ALL FLORIDA MECHANICAL SERVICE,137.48,USD,46154,Etairos,46173,27958,46184,EBS House Account,ALL FLORIDA MECHANICAL SERVICE,15364,30270
55871,Conversion,Invoice,Invoice,Yes,Complete,A & P SHEET METAL,1876.73,USD,46154,Etairos,46173,28365,46184,EBS House Account,A & P SHEET METAL,16400,31006
55872,Conversion,Invoice,Invoice,Yes,Complete,GIPSON MECH CONTRACTORS,741.91,USD,46154,Etairos,46173,27560,46184,EBS House Account,GIPSON MECH CONTRACTORS,16326,31827
55873,Conversion,Invoice,Invoice,Yes,Complete,OCHSNER HEALTH SYSTEM,962.5,USD,46154,Etairos,46173,26578,46184,EBS House Account,OCHSNER HEALTH SYSTEM,17173,32234
55875,Conversion,Invoice,Invoice,Yes,Complete,TEMPERATURE INC,2074.72,USD,46154,Etairos,46173,27622,46184,EBS House Account,TEMPERATURE INC,16725,32375
55878,Conversion,Invoice,Invoice,Yes,Complete,CAPITAL CIRCLE HOTEL COMPANY,615.25,USD,46154,Etairos,46173,28159,46184,EBS House Account,CAPITAL CIRCLE HOTEL COMPANY,15335,30875
55880,Conversion,Invoice,Invoice,Yes,Complete,GOODMAN MECHANICAL LLC,34.24,USD,46154,Etairos,46173,27647,46184,EBS House Account,GOODMAN MECHANICAL LLC,15680,31981
55881,Conversion,Invoice,Invoice,Yes,Complete,WALKER HEATING & AIR LLC,969.98,USD,46154,Etairos,46173,27261,46184,EBS House Account,WALKER HEATING & AIR LLC,17390,32201
55882,Conversion,Invoice,Invoice,Yes,Complete,A & P SHEET METAL,46.97,USD,46154,Etairos,46173,28365,46184,EBS House Account,A & P SHEET METAL,16400,31006
55885,Conversion,Invoice,Invoice,Yes,Complete,A & P SHEET METAL,225.87,USD,46154,Etairos,46173,28365,46184,EBS House Account,A & P SHEET METAL,16400,31006
55886,Conversion,Invoice,Invoice,Yes,Complete,SOEFKER SERVICES,404.03,USD,46154,Etairos,46173,27077,46184,EBS House Account,SOEFKER SERVICES,16104,31859
50767,Conversion,Invoice,Invoice,Yes,Complete,AC SERVICES & MECHANICAL,170.6,USD,45904,Etairos,46173,28026,45934,EBS House Account,AC SERVICES & MECHANICAL,16770,32330
50858,Conversion,Invoice,Invoice,Yes,Complete,A & B MECHANICAL INC,938.86,USD,45910,Etairos,46173,26795,45940,EBS House Account,A & B MECHANICAL INC,15369,31569
50907,Conversion,Invoice,Invoice,Yes,Complete,UNIVERSITY OF TENNESSEE,79720.99,USD,45911,Etairos,46173,26972,45941,EBS House Account,UNIVERSITY OF TENNESSEE,16062,32403
50961,Conversion,Invoice,Invoice,Yes,Complete,CLIMATE HVAC SERVICE,5599.03,USD,45914,Etairos,46173,27969,45944,EBS House Account,CLIMATE HVAC SERVICE,15948,30356
51095,Conversion,Invoice,Invoice,Yes,Complete,MECH TECH LLC,417.93,USD,45921,Etairos,46173,28311,45951,EBS House Account,MECH TECH LLC,16900,31600
51395,Conversion,Invoice,Invoice,Yes,Complete,MECH TECH LLC,2091.83,USD,45930,Etairos,46173,28311,45960,EBS House Account,MECH TECH LLC,16900,31600
51439,Conversion,Invoice,Invoice,Yes,Complete,UNIVERSITY OF TENNESSEE,22171.6,USD,45930,Etairos,46173,26972,45960,EBS House Account,UNIVERSITY OF TENNESSEE,16062,32403
51444,Conversion,Invoice,Invoice,Yes,Complete,IMANI PICAYUNE HOTEL,1343.92,USD,45932,Etairos,46173,26287,45962,EBS House Account,IMANI PICAYUNE HOTEL,16954,31165
51459,Conversion,Invoice,Invoice,Yes,Complete,MECH TECH LLC,65.85,USD,45933,Etairos,46173,28311,45963,EBS House Account,MECH TECH LLC,16900,31600
51499,Conversion,Invoice,Invoice,Yes,Complete,NUCOR STEEL ARKANSAS-ARMOREL,6663.58,USD,45936,Etairos,46173,27970,45966,EBS House Account,NUCOR STEEL ARKANSAS-ARMOREL,16021,31670
51505,Conversion,Invoice,Invoice,Yes,Complete,MEMPHIS REFRIGERATION,444.19,USD,45936,Etairos,46173,27488,45966,EBS House Account,MEMPHIS REFRIGERATION,15864,32190
51611,Conversion,Invoice,Invoice,Yes,Complete,MECH TECH LLC,1549.23,USD,45943,Etairos,46173,28311,45973,EBS House Account,MECH TECH LLC,16900,31600
51676,Conversion,Invoice,Invoice,Yes,Complete,TRANE JACKSON,180.01,USD,45946,Etairos,46173,27042,45976,EBS House Account,TRANE JACKSON,15883,31636
51718,Conversion,Invoice,Invoice,Yes,Complete,FEDEX,477.41,USD,45947,Etairos,46173,27789,45977,EBS House Account,FEDEX,16438,31514
55235,Conversion,Invoice,Invoice,Yes,Complete,CBRE GWS LLC,482.88,USD,46120,Etairos,46173,27144,46180,EBS House Account,CBRE GWS LLC,17365,30626
55236,Conversion,Invoice,Invoice,Yes,Complete,WILLIAMS MECHANICAL SERVICES,1377.36,USD,46120,Etairos,46173,26974,46120,EBS House Account,WILLIAMS MECHANICAL SERVICES,15310,31846
55237,Conversion,Invoice,Invoice,Yes,Complete,OSB SERVICES LLC,2399.74,USD,46120,Etairos,46173,26278,46150,EBS House Account,OSB SERVICES LLC,15604,30980
56091,Conversion,Invoice,Invoice,Yes,Complete,SUMMIT OF GERMANTOWN,59.27,USD,46162,Etairos,46173,27896,46192,EBS House Account,SUMMIT OF GERMANTOWN,17294,32051
56092,Conversion,Invoice,Invoice,Yes,Complete,SUMMIT OF GERMANTOWN,201.94,USD,46162,Etairos,46173,27896,46192,EBS House Account,SUMMIT OF GERMANTOWN,17294,32051
56093,Conversion,Invoice,Invoice,Yes,Complete,ALPHA ENERGY SOLUTIONS,1151.92,USD,46162,Etairos,46173,28227,46192,EBS House Account,ALPHA ENERGY SOLUTIONS,16636,31533
56094,Conversion,Invoice,Invoice,Yes,Complete,OSB SERVICES LLC,817.81,USD,46162,Etairos,46173,26278,46192,EBS House Account,OSB SERVICES LLC,15604,30980
56097,Conversion,Invoice,Invoice,Yes,Complete,CORPORATE MECHANICAL CONTR,695.07,USD,46162,Etairos,46173,27652,46192,EBS House Account,CORPORATE MECHANICAL CONTR,16290,30289
56098,Conversion,Invoice,Invoice,Yes,Complete,DZIADEK A/C & REFRIGERATION,47.92,USD,46162,Etairos,46173,27858,46192,EBS House Account,DZIADEK A/C & REFRIGERATION,16856,31595
56100,Conversion,Invoice,Invoice,Yes,Complete,A1 HANDYMAN SERVICES,121.83,USD,46162,Etairos,46173,26713,46192,EBS House Account,A1 HANDYMAN SERVICES,16586,30623
56101,Conversion,Invoice,Invoice,Yes,Complete,A1 HANDYMAN SERVICES,137.19,USD,46162,Etairos,46173,26713,46192,EBS House Account,A1 HANDYMAN SERVICES,16586,30623
56102,Conversion,Invoice,Invoice,Yes,Complete,UPCHURCH SERVICES,840.65,USD,46162,Etairos,46173,27236,46192,EBS House Account,UPCHURCH SERVICES,17147,31810
56104,Conversion,Invoice,Invoice,Yes,Complete,UPCHURCH SERVICES RIDGELAND,72079.83,USD,46162,Etairos,46173,27373,46192,EBS House Account,UPCHURCH SERVICES RIDGELAND,16784,31371
55891,Conversion,Invoice,Invoice,Yes,Complete,SMITH'S PLUMBING HEATING & AIR,162.43,USD,46155,Etairos,46173,27990,46185,EBS House Account,SMITH'S PLUMBING HEATING & AIR,16311,32074
55892,Conversion,Invoice,Invoice,Yes,Complete,HARDIN HEATING & AIR,70.51,USD,46155,Etairos,46173,27240,46185,EBS House Account,HARDIN HEATING & AIR,16668,31429
55893,Conversion,Invoice,Invoice,Yes,Complete,A & P SHEET METAL,91.89,USD,46155,Etairos,46173,28365,46185,EBS House Account,A & P SHEET METAL,16400,31006
55894,Conversion,Invoice,Invoice,Yes,Complete,SM LAWRENCE MEMPHIS/OB,186,USD,46155,Etairos,46173,26796,46185,EBS House Account,SM LAWRENCE MEMPHIS/OB,15538,31049
55895,Conversion,Invoice,Invoice,Yes,Complete,GARRETT PLUMBING & HEATING,480.22,USD,46155,Etairos,46173,27802,46185,EBS House Account,GARRETT PLUMBING & HEATING,16577,30691
55896,Conversion,Invoice,Invoice,Yes,Complete,AIR COMPONENTS INC,36,USD,46155,Etairos,46173,26436,46185,EBS House Account,AIR COMPONENTS INC,16404,31378
55897,Conversion,Invoice,Invoice,Yes,Complete,ACCURATE AIR COMPANY INC,35.45,USD,46155,Etairos,46173,28423,46185,EBS House Account,ACCURATE AIR COMPANY INC,17264,30587
55888,Conversion,Invoice,Invoice,Yes,Complete,CALVERT REFRIGERATION,3970.58,USD,46155,Etairos,46173,27385,46185,EBS House Account,CALVERT REFRIGERATION,16806,32393
55889,Conversion,Invoice,Invoice,Yes,Complete,SM LAWRENCE,288.73,USD,46155,Etairos,46173,27771,46185,EBS House Account,SM LAWRENCE,17127,31022
55898,Conversion,Invoice,Invoice,Yes,Complete,MARTIN & WHITE,35.12,USD,46155,Etairos,46173,27102,46185,EBS House Account,MARTIN & WHITE,16126,31774
55899,Conversion,Invoice,Invoice,Yes,Complete,IVEY MECHANICAL CO LLC,100.57,USD,46155,Etairos,46173,28305,46185,EBS House Account,IVEY MECHANICAL CO LLC,16191,32446
55900,Conversion,Invoice,Invoice,Yes,Complete,ALL FLORIDA MECHANICAL SERVICE,3044.22,USD,46155,Etairos,46173,27958,46185,EBS House Account,ALL FLORIDA MECHANICAL SERVICE,15364,30270
55902,Conversion,Invoice,Invoice,Yes,Complete,ENERGY TRANSFER SOLUTIONS,5832.5,USD,46155,Etairos,46173,28084,46185,EBS House Account,ENERGY TRANSFER SOLUTIONS,16201,31780
51797,Conversion,Credit Memo,Credit Memo,Yes,Complete,CS3 INC,-88,USD,45953,Etairos,46173,27358,,EBS House Account,CS3 INC,17252,30580
52052,Conversion,Invoice,Invoice,Yes,Complete,RHODES COLLEGE,299.65,USD,45961,Etairos,46173,28139,45991,EBS House Account,RHODES COLLEGE,15581,31940
52181,Conversion,Invoice,Invoice,Yes,Complete,UNIVERSITY OF TENNESSEE,312,USD,45971,Etairos,46173,26972,46001,EBS House Account,UNIVERSITY OF TENNESSEE,16062,32403
52238,Conversion,Invoice,Invoice,Yes,Complete,PRO-TECH MECHANICAL CONTRACTORS ARUBA NV,513.74,USD,45972,Etairos,46173,28466,46002,EBS House Account,PRO-TECH MECHANICAL CONTRACTORS ARUBA NV,15775,30427
52356,Conversion,Invoice,Invoice,Yes,Complete,NUCOR STEEL ARKANSAS-ARMOREL,6600.62,USD,45977,Etairos,46173,27970,46007,EBS House Account,NUCOR STEEL ARKANSAS-ARMOREL,16021,31670
52544,Conversion,Invoice,Invoice,Yes,Complete,GASTRO ONE,4459.69,USD,45987,Etairos,46173,28252,46017,EBS House Account,GASTRO ONE,15224,30756
52700,Conversion,Invoice,Invoice,Yes,Complete,DONAGHEY MECHANICAL CONTRACTOR,15000,USD,45995,Etairos,46173,28310,46025,EBS House Account,DONAGHEY MECHANICAL CONTRACTOR,16965,31781
52755,Conversion,Invoice,Invoice,Yes,Complete,RHODES COLLEGE,1057.63,USD,45997,Etairos,46173,28139,46027,EBS House Account,RHODES COLLEGE,15581,31940
52762,Conversion,Invoice,Invoice,Yes,Complete,PRO-TECH MECHANICAL CONTRACTORS ARUBA NV,692.68,USD,45997,Etairos,46173,28466,46027,EBS House Account,PRO-TECH MECHANICAL CONTRACTORS ARUBA NV,15775,30427
55265,Conversion,Invoice,Invoice,Yes,Complete,MULTI-CRAFT CONTRACTORS INC,88,USD,46122,Etairos,46173,26674,46152,EBS House Account,MULTI-CRAFT CONTRACTORS INC,15970,32349
55277,Conversion,Invoice,Invoice,Yes,Complete,GOODMAN MECHANICAL LLC,343.52,USD,46122,Etairos,46173,27647,46152,EBS House Account,GOODMAN MECHANICAL LLC,15680,31981
55279,Conversion,Invoice,Invoice,Yes,Complete,TRANE JACKSON,16121.75,USD,46122,Etairos,46173,27042,46122,EBS House Account,TRANE JACKSON,15883,31636
55246,Conversion,Invoice,Invoice,Yes,Complete,BRANDON SERVICE COMPANY INC,486.48,USD,46121,Etairos,46173,28242,46151,EBS House Account,BRANDON SERVICE COMPANY INC,16774,32372
55257,Conversion,Invoice,Invoice,Yes,Complete,PROCESS HEAT & CONTROLS,710.78,USD,46122,Etairos,46173,28108,46152,EBS House Account,PROCESS HEAT & CONTROLS,15525,32014
55258,Conversion,Invoice,Invoice,Yes,Complete,APPLIED INDUSTRIAL TECHNOLOGIE,1103,USD,46122,Etairos,46173,27133,46152,EBS House Account,APPLIED INDUSTRIAL TECHNOLOGIE,16457,31139
55264,Conversion,Invoice,Invoice,Yes,Complete,AIRETECH CORP,30.54,USD,46122,Etairos,46173,28424,46152,EBS House Account,AIRETECH CORP,16519,32017
55302,Conversion,Invoice,Invoice,Yes,Complete,JOHNSON CONTROLS,1429.8,USD,46126,Etairos,46173,28094,46156,EBS House Account,JOHNSON CONTROLS,16972,30485
56105,Conversion,Invoice,Invoice,Yes,Complete,UNIVERSITY OF MISSISSIPPI,62095,USD,46162,Etairos,46173,28440,46192,EBS House Account,UNIVERSITY OF MISSISSIPPI,17302,30332
56108,Conversion,Invoice,Invoice,Yes,Complete,GENERAL SUPPLY,250.8,USD,46162,Etairos,46173,26759,46192,EBS House Account,GENERAL SUPPLY,16188,31876
56109,Conversion,Invoice,Invoice,Yes,Complete,ALPHA MECHANICAL SERVICE INC,2484.69,USD,46162,Etairos,46173,27968,46192,EBS House Account,ALPHA MECHANICAL SERVICE INC,16866,30874
56113,Conversion,Invoice,Invoice,Yes,Complete,TERRY SERVICE INC,1803.7,USD,46162,Etairos,46173,28070,46192,EBS House Account,TERRY SERVICE INC,16043,30779
56115,Conversion,Invoice,Invoice,Yes,Complete,SOUTHERN MECHANICAL INC,1371.63,USD,46162,Etairos,46173,27585,46192,EBS House Account,SOUTHERN MECHANICAL INC,17241,32138
56116,Conversion,Invoice,Invoice,Yes,Complete,CITY OF MEMPHIS,338.14,USD,46162,Etairos,46173,28306,46192,EBS House Account,CITY OF MEMPHIS,16124,31954
56117,Conversion,Invoice,Invoice,Yes,Complete,ALL FLORIDA MECHANICAL SERVICE,218.64,USD,46162,Etairos,46173,27958,46192,EBS House Account,ALL FLORIDA MECHANICAL SERVICE,15364,30270
56118,Conversion,Invoice,Invoice,Yes,Complete,RHODES COLLEGE,378.8,USD,46162,Etairos,46173,28139,46192,EBS House Account,RHODES COLLEGE,15581,31940
56119,Conversion,Invoice,Invoice,Yes,Complete,ALL FLORIDA MECHANICAL SERVICE,398.14,USD,46162,Etairos,46173,27958,46192,EBS House Account,ALL FLORIDA MECHANICAL SERVICE,15364,30270
56120,Conversion,Invoice,Invoice,Yes,Complete,SPECIALTY HEATING SERVICES LLC,721.67,USD,46162,Etairos,46173,26291,46192,EBS House Account,SPECIALTY HEATING SERVICES LLC,16207,32461
56122,Conversion,Invoice,Invoice,Yes,Complete,UNITED REFRIGERATION,1619.16,USD,46162,Etairos,46173,27007,46192,EBS House Account,UNITED REFRIGERATION,17180,31027
56123,Conversion,Invoice,Invoice,Yes,Complete,HAINES JONES & CADBURY,8781.71,USD,46162,Etairos,46173,28275,46192,EBS House Account,HAINES JONES & CADBURY,15949,30358
56124,Conversion,Invoice,Invoice,Yes,Complete,UPCHURCH SERVICES,138.97,USD,46162,Etairos,46173,27236,46192,EBS House Account,UPCHURCH SERVICES,17147,31810
56125,Conversion,Invoice,Invoice,Yes,Complete,SM LAWRENCE,710.66,USD,46162,Etairos,46173,27771,46192,EBS House Account,SM LAWRENCE,17127,31022
55904,Conversion,Invoice,Invoice,Yes,Complete,CS3 INC,2750.42,USD,46155,Etairos,46173,27358,46185,EBS House Account,CS3 INC,17252,30580
55905,Conversion,Invoice,Invoice,Yes,Complete,INDUSTRIAL SALES,116.42,USD,46155,Etairos,46173,27182,46185,EBS House Account,INDUSTRIAL SALES,17136,31802
55906,Conversion,Invoice,Invoice,Yes,Complete,AIRETECH CORP,6655.31,USD,46155,Etairos,46173,28424,46185,EBS House Account,AIRETECH CORP,16519,32017
55907,Conversion,Invoice,Invoice,Yes,Complete,DUNBAR MECHANICAL,646.36,USD,46155,Etairos,46173,27840,46185,EBS House Account,DUNBAR MECHANICAL,15423,31878
55910,Conversion,Invoice,Invoice,Yes,Complete,GRAHAM A/C SERVICE LLC,967.2,USD,46156,Etairos,46173,26431,46186,EBS House Account,GRAHAM A/C SERVICE LLC,15470,32208
55911,Conversion,Invoice,Invoice,Yes,Complete,GRAHAM A/C SERVICE LLC,14716.12,USD,46156,Etairos,46173,26431,46186,EBS House Account,GRAHAM A/C SERVICE LLC,15470,32208
55903,Conversion,Invoice,Invoice,Yes,Complete,CS3 INC,428.27,USD,46155,Etairos,46173,27358,46185,EBS House Account,CS3 INC,17252,30580
55912,Conversion,Invoice,Invoice,Yes,Complete,GRAHAM A/C SERVICE LLC,4640.09,USD,46156,Etairos,46173,26431,46186,EBS House Account,GRAHAM A/C SERVICE LLC,15470,32208
55913,Conversion,Invoice,Invoice,Yes,Complete,OSB SERVICES LLC,823.67,USD,46156,Etairos,46173,26278,46186,EBS House Account,OSB SERVICES LLC,15604,30980
55914,Conversion,Invoice,Invoice,Yes,Complete,WENDELTA INC,3733.82,USD,46156,Etairos,46173,28431,46186,EBS House Account,WENDELTA INC,16527,30322
55915,Conversion,Invoice,Invoice,Yes,Complete,AIRSYSTEM SALES,1860,USD,46156,Etairos,46173,28393,46186,EBS House Account,AIRSYSTEM SALES,15713,32011
55916,Conversion,Invoice,Invoice,Yes,Complete,MEMPHIS INDUSTRIAL ELECTRIC SU,274,USD,46156,Etairos,46173,26635,46186,EBS House Account,MEMPHIS INDUSTRIAL ELECTRIC SU,16019,30686
55917,Conversion,Invoice,Invoice,Yes,Complete,HOBBS & ASSOCIATES INC,1230.98,USD,46156,Etairos,46173,27836,46186,EBS House Account,HOBBS & ASSOCIATES INC,16911,30799
52808,Conversion,Invoice,Invoice,Yes,Complete,PRO-TECH MECHANICAL CONTRACTORS ARUBA NV,5594.4,USD,46000,Etairos,46173,28466,46030,EBS House Account,PRO-TECH MECHANICAL CONTRACTORS ARUBA NV,15775,30427
52853,Conversion,Invoice,Invoice,Yes,Complete,HOLIDAY INN - CENTENNIAL,8306.38,USD,46003,Etairos,46173,27703,46033,EBS House Account,HOLIDAY INN - CENTENNIAL,17386,31725
52915,Conversion,Invoice,Invoice,Yes,Complete,EVERROAD MECHANICAL CONTRACTOR,65.34,USD,46006,Etairos,46173,27507,46036,EBS House Account,EVERROAD MECHANICAL CONTRACTOR,16880,31761
53022,Conversion,Invoice,Invoice,Yes,Complete,GRANT A/C & HEATING LLC,1453,USD,46009,Etairos,46173,28092,46039,EBS House Account,GRANT A/C & HEATING LLC,16970,31868
53043,Conversion,Invoice,Invoice,Yes,Complete,A & B MECHANICAL INC,550,USD,46009,Etairos,46173,26795,46039,EBS House Account,A & B MECHANICAL INC,15369,31569
53091,Conversion,Invoice,Invoice,Yes,Complete,109 GIML LLC,615.25,USD,46014,Etairos,46173,26515,46044,EBS House Account,109 GIML LLC,15475,30944
53102,Conversion,Invoice,Invoice,Yes,Complete,GKG CONTRACTORS LLC,1527.31,USD,46014,Etairos,46173,27867,46044,EBS House Account,GKG CONTRACTORS LLC,16172,31157
53116,Conversion,Invoice,Invoice,Yes,Complete,UNIVERSITY OF MEMPHIS,1029.63,USD,46014,Etairos,46173,27623,46044,EBS House Account,UNIVERSITY OF MEMPHIS,15963,30743
53184,Conversion,Invoice,Invoice,Yes,Complete,GRANT A/C & HEATING LLC,1338.44,USD,46022,Etairos,46173,28092,46052,EBS House Account,GRANT A/C & HEATING LLC,16970,31868
53185,Conversion,Invoice,Invoice,Yes,Complete,GRANT A/C & HEATING LLC,1338.53,USD,46022,Etairos,46173,28092,46052,EBS House Account,GRANT A/C & HEATING LLC,16970,31868
55332,Conversion,Invoice,Invoice,Yes,Complete,OSB SERVICES LLC,287.58,USD,46126,Etairos,46173,26278,46156,EBS House Account,OSB SERVICES LLC,15604,30980
55333,Conversion,Invoice,Invoice,Yes,Complete,OSB SERVICES LLC,759.77,USD,46126,Etairos,46173,26278,46156,EBS House Account,OSB SERVICES LLC,15604,30980
55304,Conversion,Invoice,Invoice,Yes,Complete,HYATT CENTRIC BEALE STREET,656.49,USD,46126,Etairos,46173,27110,46156,EBS House Account,HYATT CENTRIC BEALE STREET,16182,30797
55306,Conversion,Invoice,Invoice,Yes,Complete,ENGINEERED COMFORT INC,2208.11,USD,46126,Etairos,46173,28097,46156,EBS House Account,ENGINEERED COMFORT INC,16212,30487
55307,Conversion,Invoice,Invoice,Yes,Complete,AIR SPECIALTY OF SOUTH ALABAMA,704.83,USD,46126,Etairos,46173,28389,46156,EBS House Account,AIR SPECIALTY OF SOUTH ALABAMA,16417,32267
55308,Conversion,Invoice,Invoice,Yes,Complete,SOEFKER SERVICES,704.16,USD,46126,Etairos,46173,27077,46156,EBS House Account,SOEFKER SERVICES,16104,31859
55309,Conversion,Invoice,Invoice,Yes,Complete,MARTIN & WHITE,564.61,USD,46126,Etairos,46173,27102,46156,EBS House Account,MARTIN & WHITE,16126,31774
55311,Conversion,Invoice,Invoice,Yes,Complete,WENDELTA INC,7830.66,USD,46126,Etairos,46173,28431,46156,EBS House Account,WENDELTA INC,16527,30322
55316,Conversion,Invoice,Invoice,Yes,Complete,HAINES JONES & CADBURY,594.15,USD,46126,Etairos,46173,28275,46156,EBS House Account,HAINES JONES & CADBURY,15949,30358
55319,Conversion,Invoice,Invoice,Yes,Complete,MECHANICAL SERVICES LLC,569.89,USD,46126,Etairos,46173,27074,46156,EBS House Account,MECHANICAL SERVICES LLC,16103,30355
56126,Conversion,Invoice,Invoice,Yes,Complete,BENCHMARK MECHANICAL SERVICES,495.34,USD,46163,Etairos,46173,27314,46193,EBS House Account,BENCHMARK MECHANICAL SERVICES,15659,30429
56127,Conversion,Invoice,Invoice,Yes,Complete,AIR CAROLINAS-GREENVILLE,441.95,USD,46163,Etairos,46173,26680,46193,EBS House Account,AIR CAROLINAS-GREENVILLE,16664,31832
56128,Conversion,Invoice,Invoice,Yes,Complete,POWER EQUIPMENT COMPANY,1917.6,USD,46163,Etairos,46173,26378,46193,EBS House Account,POWER EQUIPMENT COMPANY,15801,30448
56129,Conversion,Invoice,Invoice,Yes,Complete,BILLY ROGERS PLBG HTG & AIR,209.05,USD,46163,Etairos,46173,26502,46193,EBS House Account,BILLY ROGERS PLBG HTG & AIR,16657,32348
56130,Conversion,Invoice,Invoice,Yes,Complete,ALL FLORIDA MECHANICAL SERVICE,6678.55,USD,46163,Etairos,46173,27958,46193,EBS House Account,ALL FLORIDA MECHANICAL SERVICE,15364,30270
56131,Conversion,Invoice,Invoice,Yes,Complete,ENGINEERED COMFORT INC,1550.87,USD,46163,Etairos,46173,28097,46193,EBS House Account,ENGINEERED COMFORT INC,16212,30487
56132,Conversion,Invoice,Invoice,Yes,Complete,SOEFKER SERVICES,592.93,USD,46163,Etairos,46173,27077,46193,EBS House Account,SOEFKER SERVICES,16104,31859
56133,Conversion,Invoice,Invoice,Yes,Complete,DUNBAR MECHANICAL,607.12,USD,46163,Etairos,46173,27840,46193,EBS House Account,DUNBAR MECHANICAL,15423,31878
56134,Conversion,Invoice,Invoice,Yes,Complete,HOBBS & ASSOCIATES,112,USD,46163,Etairos,46173,27233,46193,EBS House Account,HOBBS & ASSOCIATES,16247,30299
56136,Conversion,Invoice,Invoice,Yes,Complete,SPECIALTY HEATING SERVICES LLC,367,USD,46163,Etairos,46173,26291,46193,EBS House Account,SPECIALTY HEATING SERVICES LLC,16207,32461
56137,Conversion,Invoice,Invoice,Yes,Complete,OSB SERVICES LLC,91.8,USD,46163,Etairos,46173,26278,46193,EBS House Account,OSB SERVICES LLC,15604,30980
56138,Conversion,Invoice,Invoice,Yes,Complete,UNIVERSITY OF CENTRAL ARKANSAS,730.8,USD,46163,Etairos,46173,27809,46193,EBS House Account,UNIVERSITY OF CENTRAL ARKANSAS,15394,32440
56140,Conversion,Invoice,Invoice,Yes,Complete,MECHANICAL SERVICES LLC,523.21,USD,46163,Etairos,46173,27074,46193,EBS House Account,MECHANICAL SERVICES LLC,16103,30355
55918,Conversion,Invoice,Invoice,Yes,Complete,SM LAWRENCE MEMPHIS/OB,1553.5,USD,46156,Etairos,46173,26796,46186,EBS House Account,SM LAWRENCE MEMPHIS/OB,15538,31049
55920,Conversion,Invoice,Invoice,Yes,Complete,ALPHA ENERGY SOLUTIONS,2318.96,USD,46156,Etairos,46173,28227,46186,EBS House Account,ALPHA ENERGY SOLUTIONS,16636,31533
55923,Conversion,Invoice,Invoice,Yes,Complete,ELECTRIC MOTOR SALES & SERVICE,647.84,USD,46156,Etairos,46173,26885,46186,EBS House Account,ELECTRIC MOTOR SALES & SERVICE,15471,32129
55924,Conversion,Invoice,Invoice,Yes,Complete,REGIONAL ONE HEALTH,1105,USD,46156,Etairos,46173,27259,46186,EBS House Account,REGIONAL ONE HEALTH,15871,30727
55925,Conversion,Invoice,Invoice,Yes,Complete,CJ INDUSTRIAL SUPPLY LLC,2668.54,USD,46156,Etairos,46173,27820,46186,EBS House Account,CJ INDUSTRIAL SUPPLY LLC,15606,30471
55926,Conversion,Invoice,Invoice,Yes,Complete,ST JUDE CHILDREN'S HOSPITAL,7465,USD,46156,Etairos,46173,28327,46186,EBS House Account,ST JUDE CHILDREN'S HOSPITAL,16221,31882
55927,Conversion,Invoice,Invoice,Yes,Complete,FERGUSON ENTERPRISES,1140,USD,46156,Etairos,46173,27175,46186,EBS House Account,FERGUSON ENTERPRISES,17020,30911
55928,Conversion,Invoice,Invoice,Yes,Complete,FERGUSON ENTERPRISES,267,USD,46156,Etairos,46173,27175,46186,EBS House Account,FERGUSON ENTERPRISES,17020,30911
55929,Conversion,Invoice,Invoice,Yes,Complete,GASTRO ONE,618.29,USD,46156,Etairos,46173,28252,46186,EBS House Account,GASTRO ONE,15224,30756
55931,Conversion,Invoice,Invoice,Yes,Complete,ACCURATE AIR COMPANY INC,603.29,USD,46156,Etairos,46173,28423,46186,EBS House Account,ACCURATE AIR COMPANY INC,17264,30587
55932,Conversion,Invoice,Invoice,Yes,Complete,TRANE JACKSON,5179.2,USD,46156,Etairos,46173,27042,46156,EBS House Account,TRANE JACKSON,15883,31636
55933,Conversion,Credit Memo,Credit Memo,Yes,Complete,TRANE JACKSON,-4603.2,USD,46156,Etairos,46173,27042,,EBS House Account,TRANE JACKSON,15883,31636
55934,Conversion,Invoice,Invoice,Yes,Complete,SALVATION ARMY KROC CENTER,255,USD,46156,Etairos,46173,26403,46186,EBS House Account,SALVATION ARMY KROC CENTER,16229,31275
55935,Conversion,Invoice,Invoice,Yes,Complete,TERRY SERVICE INC,3570.09,USD,46156,Etairos,46173,28070,46186,EBS House Account,TERRY SERVICE INC,16043,30779
53211,Conversion,Invoice,Invoice,Yes,Complete,GENTRY'S HEATING & COOLING MECHANICAL CONTRACTORS LLC,235.96,USD,46022,Etairos,46173,26942,46052,EBS House Account,GENTRY'S HEATING & COOLING MECHANICAL CONTRACTORS LLC,17318,30349
53273,Conversion,Invoice,Invoice,Yes,Complete,GKG CONTRACTORS LLC,473.19,USD,46029,Etairos,46173,27867,46059,EBS House Account,GKG CONTRACTORS LLC,16172,31157
53281,Conversion,Invoice,Invoice,Yes,Complete,RHODES COLLEGE,1032.83,USD,46022,Etairos,46173,28139,46052,EBS House Account,RHODES COLLEGE,15581,31940
53295,Conversion,Invoice,Invoice,Yes,Complete,ENGINEERED COMFORT INC,200.84,USD,46022,Etairos,46173,28097,46052,EBS House Account,ENGINEERED COMFORT INC,16212,30487
53315,Conversion,Invoice,Invoice,Yes,Complete,RGB MECHANICAL,980,USD,46022,Etairos,46173,26463,46052,EBS House Account,RGB MECHANICAL,17157,31377
53325,Conversion,Invoice,Invoice,Yes,Complete,GKG CONTRACTORS LLC,3300,USD,46030,Etairos,46173,27867,46060,EBS House Account,GKG CONTRACTORS LLC,16172,31157
53406,Conversion,Invoice,Invoice,Yes,Complete,JIJI CONSTRUCTION LLC,1257.86,USD,46036,Etairos,46173,27567,46066,EBS House Account,JIJI CONSTRUCTION LLC,16334,32226
53410,Conversion,Invoice,Invoice,Yes,Complete,GRANT A/C & HEATING LLC,1166,USD,46036,Etairos,46173,28092,46066,EBS House Account,GRANT A/C & HEATING LLC,16970,31868
53421,Conversion,Invoice,Invoice,Yes,Complete,AIR TECHNICAL SERVICES,2387.07,USD,46036,Etairos,46173,12005,46066,EBS House Account,AIR TECHNICAL SERVICES,7002,21007
53436,Conversion,Invoice,Invoice,Yes,Complete,OBION CO BOARD OF EDUCATION,114.62,USD,46036,Etairos,46173,26871,46066,EBS House Account,OBION CO BOARD OF EDUCATION,16308,32111
53494,Conversion,Invoice,Invoice,Yes,Complete,GENTRY'S HEATING & COOLING MECHANICAL CONTRACTORS LLC,1829.62,USD,46043,Etairos,46173,26942,46073,EBS House Account,GENTRY'S HEATING & COOLING MECHANICAL CONTRACTORS LLC,17318,30349
53557,Conversion,Invoice,Invoice,Yes,Complete,MEMPHIS MECHANCIAL SVCS INC,300.51,USD,46044,Etairos,46173,26561,46074,EBS House Account,MEMPHIS MECHANCIAL SVCS INC,17257,30420
55339,Conversion,Invoice,Invoice,Yes,Complete,JONES LANG LASALLE AMERICAS,589.68,USD,46126,Etairos,46173,26901,46186,EBS House Account,JONES LANG LASALLE AMERICAS,16408,31197
55347,Conversion,Invoice,Invoice,Yes,Complete,WILLIAMS MECHANICAL SERVICES,349,USD,46127,Etairos,46173,26974,46127,EBS House Account,WILLIAMS MECHANICAL SERVICES,15310,31846
55368,Conversion,Invoice,Invoice,Yes,Complete,DESOTO COUNTY SCHOOLS,4651.19,USD,46127,Etairos,46173,27494,46157,EBS House Account,DESOTO COUNTY SCHOOLS,15532,30680
55390,Conversion,Invoice,Invoice,Yes,Complete,SOEFKER SERVICES,85.98,USD,46132,Etairos,46173,27077,46162,EBS House Account,SOEFKER SERVICES,16104,31859
55391,Conversion,Invoice,Invoice,Yes,Complete,AIR TECHNICAL SERVICES,109.75,USD,46132,Etairos,46173,12005,46162,EBS House Account,AIR TECHNICAL SERVICES,7002,21007
56143,Conversion,Invoice,Invoice,Yes,Complete,MIDWEST MACHINERY KC NEWCO LLC,972.93,USD,46163,Etairos,46173,26681,46193,EBS House Account,MIDWEST MACHINERY KC NEWCO LLC,15292,30929
56144,Conversion,Invoice,Invoice,Yes,Complete,OSB SERVICES LLC,47.56,USD,46163,Etairos,46173,26278,46193,EBS House Account,OSB SERVICES LLC,15604,30980
56146,Conversion,Invoice,Invoice,Yes,Complete,CS3 INC,2379.71,USD,46163,Etairos,46173,27358,46193,EBS House Account,CS3 INC,17252,30580
56147,Conversion,Invoice,Invoice,Yes,Complete,TRI STAR COMPANIES INC,4944.43,USD,46163,Etairos,46173,28441,46193,EBS House Account,TRI STAR COMPANIES INC,17303,31323
56148,Conversion,Invoice,Invoice,Yes,Complete,MECHANICAL SERVICES LLC,149.39,USD,46163,Etairos,46173,27074,46193,EBS House Account,MECHANICAL SERVICES LLC,16103,30355
56149,Conversion,Invoice,Invoice,Yes,Complete,TEEMS & DEMOVILLE MECH CONTR,15.37,USD,46163,Etairos,46173,27526,46193,EBS House Account,TEEMS & DEMOVILLE MECH CONTR,16195,30467
56150,Conversion,Invoice,Invoice,Yes,Complete,MITCH CO INC,726.93,USD,46163,Etairos,46173,28135,46193,EBS House Account,MITCH CO INC,16480,32154
56151,Conversion,Invoice,Invoice,Yes,Complete,COOPER ELECTRIC MOTOR SERVICE,3338.77,USD,46163,Etairos,46173,27478,46193,EBS House Account,COOPER ELECTRIC MOTOR SERVICE,15773,32300
56170,Conversion,Invoice,Invoice,Yes,Complete,CARTYS COOLING COMPANY,58.32,USD,46163,Etairos,46173,27808,46193,EBS House Account,CARTYS COOLING COMPANY,16162,30781
56171,Conversion,Invoice,Invoice,Yes,Complete,SOEFKER SERVICES,1157.41,USD,46163,Etairos,46173,27077,46193,EBS House Account,SOEFKER SERVICES,16104,31859
56172,Conversion,Invoice,Invoice,Yes,Complete,SOEFKER SERVICES,108.17,USD,46163,Etairos,46173,27077,46193,EBS House Account,SOEFKER SERVICES,16104,31859
56176,Conversion,Invoice,Invoice,Yes,Complete,GARRETT PLUMBING & HEATING,383.27,USD,46163,Etairos,46173,27802,46193,EBS House Account,GARRETT PLUMBING & HEATING,16577,30691
11991,Conversion,Credit Memo,Credit Memo,Yes,Complete,MOTION INDUSTRIES -BHAM,-165.62,USD,44227,Etairos,46173,28263,,EBS House Account,MOTION INDUSTRIES -BHAM,15492,32406
11053,Conversion,Invoice,Invoice,Yes,Complete,HOME2 SUITES - BATESVILLE,1006.84,USD,44181,Etairos,46173,27878,44211,EBS House Account,HOME2 SUITES - BATESVILLE,15623,31169
11791,Conversion,Invoice,Invoice,Yes,Complete,KJK PROPERTY MGMT,1732.14,USD,44227,Etairos,46173,27194,44257,EBS House Account,KJK PROPERTY MGMT,17150,31189
12501,Conversion,Credit Memo,Credit Memo,Yes,Complete,BERNHARD MCC LLC,-37.68,USD,44256,Etairos,46173,27827,,EBS House Account,BERNHARD MCC LLC,15609,31962
53558,Conversion,Invoice,Invoice,Yes,Complete,MEMPHIS MECHANCIAL SVCS INC,300.51,USD,46044,Etairos,46173,26561,46074,EBS House Account,MEMPHIS MECHANCIAL SVCS INC,17257,30420
53574,Conversion,Invoice,Invoice,Yes,Complete,ESM MEMPHIS LLC,146.25,USD,46045,Etairos,46173,27427,46075,EBS House Account,ESM MEMPHIS LLC,16005,30573
53589,Conversion,Invoice,Invoice,Yes,Complete,A & B MECHANICAL INC,976.04,USD,46045,Etairos,46173,26795,46075,EBS House Account,A & B MECHANICAL INC,15369,31569
53608,Conversion,Invoice,Invoice,Yes,Complete,GRAINGER,115.34,USD,46045,Etairos,46173,28442,46075,EBS House Account,GRAINGER,15641,30610
53640,Conversion,Invoice,Invoice,Yes,Complete,BUTCHER & LAWSON AIR CONDITION,17.24,USD,46048,Etairos,46173,27293,46078,EBS House Account,BUTCHER & LAWSON AIR CONDITION,15635,30535
53642,Conversion,Invoice,Invoice,Yes,Complete,BUTCHER & LAWSON AIR CONDITION,72.02,USD,46048,Etairos,46173,27293,46078,EBS House Account,BUTCHER & LAWSON AIR CONDITION,15635,30535
55460,Conversion,Invoice,Invoice,Yes,Complete,CHAWLA HOTELS,588.5,USD,46135,Etairos,46173,26590,46165,EBS House Account,CHAWLA HOTELS,17210,30416
53722,Conversion,Invoice,Invoice,Yes,Complete,GENTRY'S HEATING & COOLING MECHANICAL CONTRACTORS LLC,10316.5,USD,46049,Etairos,46173,26942,46079,EBS House Account,GENTRY'S HEATING & COOLING MECHANICAL CONTRACTORS LLC,17318,30349
53768,Conversion,Invoice,Invoice,Yes,Complete,SOEFKER SERVICES,835.17,USD,46051,Etairos,46173,27077,46081,EBS House Account,SOEFKER SERVICES,16104,31859
53786,Conversion,Credit Memo,Credit Memo,Yes,Complete,ACY SERVICES LLC,-2792,USD,46051,Etairos,46173,27715,,EBS House Account,ACY SERVICES LLC,15201,32365
53797,Conversion,Invoice,Invoice,Yes,Complete,KERIOTH,502.9,USD,46052,Etairos,46173,27665,46082,EBS House Account,KERIOTH,17151,31811
53812,Conversion,Invoice,Invoice,Yes,Complete,ALL FLORIDA MECHANICAL SERVICE,4154.98,USD,46052,Etairos,46173,27958,46082,EBS House Account,ALL FLORIDA MECHANICAL SERVICE,15364,30270
53827,Conversion,Invoice,Invoice,Yes,Complete,APPLIED INDUSTRIAL TECHNOLOGIE,380.57,USD,46052,Etairos,46173,27133,46082,EBS House Account,APPLIED INDUSTRIAL TECHNOLOGIE,16457,31139
53835,Conversion,Invoice,Invoice,Yes,Complete,PIKE COUNTY ARTS BUILDING,471.1,USD,46053,Etairos,46173,26696,46083,EBS House Account,PIKE COUNTY ARTS BUILDING,17338,30609
55413,Conversion,Invoice,Invoice,Yes,Complete,JR STEWART PUMP & EQUIPMENT,1189.85,USD,46133,Etairos,46173,27873,46163,EBS House Account,JR STEWART PUMP & EQUIPMENT,16180,32456
56177,Conversion,Invoice,Invoice,Yes,Complete,COLLIERVILLE SCHOOLS,1095,USD,46163,Etairos,46173,26937,46193,EBS House Account,COLLIERVILLE SCHOOLS,15757,31610
56178,Conversion,Invoice,Invoice,Yes,Complete,UNIVERSITY OF TENNESSEE,1021.2,USD,46164,Etairos,46173,26972,46194,EBS House Account,UNIVERSITY OF TENNESSEE,16062,32403
56180,Conversion,Invoice,Invoice,Yes,Complete,ALL FLORIDA MECHANICAL SERVICE,660.96,USD,46164,Etairos,46173,27958,46194,EBS House Account,ALL FLORIDA MECHANICAL SERVICE,15364,30270
56181,Conversion,Invoice,Invoice,Yes,Complete,DAMON-MARCUS CO,714.8,USD,46164,Etairos,46173,27159,46194,EBS House Account,DAMON-MARCUS CO,17005,30901
56184,Conversion,Invoice,Invoice,Yes,Complete,DAMON-MARCUS CO,77.28,USD,46164,Etairos,46173,27159,46194,EBS House Account,DAMON-MARCUS CO,17005,30901
56185,Conversion,Invoice,Invoice,Yes,Complete,AIRETECH CORP,335.29,USD,46164,Etairos,46173,28424,46194,EBS House Account,AIRETECH CORP,16519,32017
56186,Conversion,Invoice,Invoice,Yes,Complete,DAMON-MARCUS CO,186.06,USD,46164,Etairos,46173,27159,46194,EBS House Account,DAMON-MARCUS CO,17005,30901
56187,Conversion,Credit Memo,Credit Memo,Yes,Complete,UNIVERSITY OF MEMPHIS,-1272.25,USD,46164,Etairos,46173,27623,,EBS House Account,UNIVERSITY OF MEMPHIS,15963,30743
56188,Conversion,Invoice,Invoice,Yes,Complete,SOEFKER SERVICES,2046.48,USD,46164,Etairos,46173,27077,46194,EBS House Account,SOEFKER SERVICES,16104,31859
56190,Conversion,Invoice,Invoice,Yes,Complete,DZIADEK A/C & REFRIGERATION,616.9,USD,46164,Etairos,46173,27858,46194,EBS House Account,DZIADEK A/C & REFRIGERATION,16856,31595
56191,Conversion,Invoice,Invoice,Yes,Complete,ACY SERVICES LLC,493.55,USD,46164,Etairos,46173,27715,46194,EBS House Account,ACY SERVICES LLC,15201,32365
56192,Conversion,Invoice,Invoice,Yes,Complete,ENGINEERED COMFORT INC,126.77,USD,46164,Etairos,46173,28097,46194,EBS House Account,ENGINEERED COMFORT INC,16212,30487
56193,Conversion,Invoice,Invoice,Yes,Complete,RGB SERVICE,1870.8,USD,46164,Etairos,46173,26330,46194,EBS House Account,RGB SERVICE,17034,31975
16825,Conversion,Invoice,Invoice,Yes,Complete,HAMPTON INN - HUMPHREYS,1171.9,USD,44431,Etairos,46173,27608,44461,EBS House Account,HAMPTON INN - HUMPHREYS,16694,30816
17304,Conversion,Invoice,Invoice,Yes,Complete,THE ECONOMIC EMPOWERMENT MODEL,3746.16,USD,44442,Etairos,46173,28100,44472,EBS House Account,THE ECONOMIC EMPOWERMENT MODEL,16913,32466
19803,Conversion,Invoice,Invoice,Yes,Complete,JOHNSON CONTROLS MEMPHIS,1381.92,USD,44551,Etairos,46173,26977,44581,EBS House Account,JOHNSON CONTROLS MEMPHIS,15317,31038
22012,Conversion,Invoice,Invoice,Yes,Complete,CHANCELLOR'S HOUSE OXFORD,8530.76,USD,44649,Etairos,46173,28265,44679,EBS House Account,CHANCELLOR'S HOUSE OXFORD,16067,30858
22013,Conversion,Invoice,Invoice,Yes,Complete,CHANCELLOR'S HOUSE OXFORD,8051.36,USD,44649,Etairos,46173,28265,44679,EBS House Account,CHANCELLOR'S HOUSE OXFORD,16067,30858
22232,Conversion,Invoice,Invoice,Yes,Complete,PIP PRINTING,2148.72,USD,44658,Etairos,46173,28015,44688,EBS House Account,PIP PRINTING,16327,31904
53837,Conversion,Invoice,Invoice,Yes,Complete,IMANI PICAYUNE HOTEL,1343.92,USD,46053,Etairos,46173,26287,46083,EBS House Account,IMANI PICAYUNE HOTEL,16954,31165
53848,Conversion,Invoice,Invoice,Yes,Complete,BLUFF CITY FIRE PROT & MECH,2272.07,USD,46053,Etairos,46173,26846,46083,EBS House Account,BLUFF CITY FIRE PROT & MECH,15961,31359
53885,Conversion,Invoice,Invoice,Yes,Complete,DONAGHEY MECHANICAL CONTRACTOR,32765,USD,46055,Etairos,46173,28310,46085,EBS House Account,DONAGHEY MECHANICAL CONTRACTOR,16965,31781
53957,Conversion,Invoice,Invoice,Yes,Complete,UNIVERSITY OF TENNESSEE,714.81,USD,46058,Etairos,46173,26972,46088,EBS House Account,UNIVERSITY OF TENNESSEE,16062,32403
53966,Conversion,Invoice,Invoice,Yes,Complete,LITTLE ROCK WINNELSON #232,155.38,USD,46058,Etairos,46173,27109,46088,EBS House Account,LITTLE ROCK WINNELSON #232,16205,30796
53972,Conversion,Invoice,Invoice,Yes,Complete,SOEFKER SERVICES,13.69,USD,46059,Etairos,46173,27077,46089,EBS House Account,SOEFKER SERVICES,16104,31859
53992,Conversion,Invoice,Invoice,Yes,Complete,BILLY ROGERS PLBG HTG & AIR,262.1,USD,46059,Etairos,46173,26502,46089,EBS House Account,BILLY ROGERS PLBG HTG & AIR,16657,32348
54032,Conversion,Invoice,Invoice,Yes,Complete,GRANT A/C & HEATING LLC,292.77,USD,46062,Etairos,46173,28092,46092,EBS House Account,GRANT A/C & HEATING LLC,16970,31868
54068,Conversion,Invoice,Invoice,Yes,Complete,1385 CORPORATE AVENUE LLC,514.18,USD,46064,Etairos,46173,28142,46094,EBS House Account,1385 CORPORATE AVENUE LLC,17260,30426
55441,Conversion,Invoice,Invoice,Yes,Complete,MODERN AIR CONDITIONING & HTG,339.37,USD,46135,Etairos,46173,28383,46165,EBS House Account,MODERN AIR CONDITIONING & HTG,16379,32259
55445,Conversion,Invoice,Invoice,Yes,Complete,OCHSNER HEALTH SYSTEM,3316.17,USD,46135,Etairos,46173,26578,46165,EBS House Account,OCHSNER HEALTH SYSTEM,17173,32234
55453,Conversion,Invoice,Invoice,Yes,Complete,CAET RESTAURANTS,604.55,USD,46135,Etairos,46173,27409,46165,EBS House Account,CAET RESTAURANTS,16729,31360
55454,Conversion,Invoice,Invoice,Yes,Complete,OCHSNER HEALTH SYSTEM,525,USD,46135,Etairos,46173,26578,46165,EBS House Account,OCHSNER HEALTH SYSTEM,17173,32234
55459,Conversion,Invoice,Invoice,Yes,Complete,KERIOTH,502.9,USD,46135,Etairos,46173,27665,46165,EBS House Account,KERIOTH,17151,31811
55436,Conversion,Invoice,Invoice,Yes,Complete,BROUSSARD MECHANICAL,281.93,USD,46134,Etairos,46173,28071,46164,EBS House Account,BROUSSARD MECHANICAL,16159,32436
55461,Conversion,Invoice,Invoice,Yes,Complete,CHAWLA HOTELS,588.5,USD,46135,Etairos,46173,26590,46165,EBS House Account,CHAWLA HOTELS,17210,30416
55462,Conversion,Invoice,Invoice,Yes,Complete,CHAWLA HOTELS,588.5,USD,46135,Etairos,46173,26590,46165,EBS House Account,CHAWLA HOTELS,17210,30416
55463,Conversion,Invoice,Invoice,Yes,Complete,CHAWLA HOTELS,588.5,USD,46135,Etairos,46173,26590,46165,EBS House Account,CHAWLA HOTELS,17210,30416
55465,Conversion,Invoice,Invoice,Yes,Complete,CHAWLA HOTELS,588.5,USD,46135,Etairos,46173,26590,46165,EBS House Account,CHAWLA HOTELS,17210,30416
55468,Conversion,Invoice,Invoice,Yes,Complete,CHAWLA HOTELS,588.5,USD,46135,Etairos,46173,26590,46165,EBS House Account,CHAWLA HOTELS,17210,30416
55590,Conversion,Invoice,Invoice,Yes,Complete,ENGINEERED COMFORT INC,395.83,USD,46141,Etairos,46173,28097,46171,EBS House Account,ENGINEERED COMFORT INC,16212,30487
55596,Conversion,Invoice,Invoice,Yes,Complete,CS3 INC,812.81,USD,46141,Etairos,46173,27358,46171,EBS House Account,CS3 INC,17252,30580
55600,Conversion,Invoice,Invoice,Yes,Complete,AMERICAN ESOTERIC LABORATORIES,3113.96,USD,46141,Etairos,46173,27982,46171,EBS House Account,AMERICAN ESOTERIC LABORATORIES,15667,32103
55602,Conversion,Invoice,Invoice,Yes,Complete,NORFOLK SOUTHERN INTERMODAL TERMINAL,833.99,USD,46141,Etairos,46173,26556,46171,EBS House Account,NORFOLK SOUTHERN INTERMODAL TERMINAL,16429,31935
55604,Conversion,Invoice,Invoice,Yes,Complete,ENFRA MCC LLC,12718.41,USD,46141,Etairos,46173,27598,46171,EBS House Account,ENFRA MCC LLC,16702,30723
55605,Conversion,Invoice,Invoice,Yes,Complete,ALL FLORIDA MECHANICAL SERVICE,247.22,USD,46141,Etairos,46173,27958,46171,EBS House Account,ALL FLORIDA MECHANICAL SERVICE,15364,30270
55606,Conversion,Invoice,Invoice,Yes,Complete,JM SMUCKER COMPANY,21011.26,USD,46141,Etairos,46173,27136,46171,EBS House Account,JM SMUCKER COMPANY,16534,30344
55610,Conversion,Invoice,Invoice,Yes,Complete,HYATT CENTRIC BEALE STREET,2449.34,USD,46141,Etairos,46173,27110,46171,EBS House Account,HYATT CENTRIC BEALE STREET,16182,30797
55612,Conversion,Invoice,Invoice,Yes,Complete,SHREYA INVESTMENTS,3093.23,USD,46141,Etairos,46173,27605,46171,EBS House Account,SHREYA INVESTMENTS,15909,30809
55613,Conversion,Invoice,Invoice,Yes,Complete,OSB SERVICES LLC,662.73,USD,46141,Etairos,46173,26278,46171,EBS House Account,OSB SERVICES LLC,15604,30980
55622,Conversion,Invoice,Invoice,Yes,Complete,SHREYA INVESTMENTS,2160,USD,46141,Etairos,46173,27605,46171,EBS House Account,SHREYA INVESTMENTS,15909,30809
55624,Conversion,Invoice,Invoice,Yes,Complete,GKG CONTRACTORS LLC,2032.78,USD,46141,Etairos,46173,27867,46171,EBS House Account,GKG CONTRACTORS LLC,16172,31157
55625,Conversion,Invoice,Invoice,Yes,Complete,THE ORPHEUM,561.72,USD,46141,Etairos,46173,27092,46171,EBS House Account,THE ORPHEUM,16112,31069
55626,Conversion,Invoice,Invoice,Yes,Complete,AOC ALIANCYS LLC,998.16,USD,46141,Etairos,46173,26584,46171,EBS House Account,AOC ALIANCYS LLC,15569,31110
23812,Conversion,Invoice,Invoice,Yes,Complete,NANCE MECHANICAL,1570.32,USD,44742,Etairos,46173,28078,44772,EBS House Account,NANCE MECHANICAL,16961,30790
24078,Conversion,Invoice,Invoice,Yes,Complete,MLM MEDICAL LABS,458.23,USD,44754,Etairos,46173,26837,44784,EBS House Account,MLM MEDICAL LABS,16643,30732
25307,Conversion,Credit Memo,Credit Memo,Yes,Complete,IVEY MECHANICAL CO LLC,-817.42,USD,44796,Etairos,46173,28305,,EBS House Account,IVEY MECHANICAL CO LLC,16191,32446
22807,Conversion,Invoice,Invoice,Yes,Complete,NANCE MECHANICAL,592,USD,44693,Etairos,46173,28078,44723,EBS House Account,NANCE MECHANICAL,16961,30790
54135,Conversion,Invoice,Invoice,Yes,Complete,WALK-OFF PROPERTIES,2663.56,USD,46069,Etairos,46173,26719,46099,EBS House Account,WALK-OFF PROPERTIES,16625,32176
54141,Conversion,Invoice,Invoice,Yes,Complete,BLYTHEVILLE-GOSNELL REGIONAL AIRPORT AUTHORITY,4963.3,USD,46069,Etairos,46173,26280,46099,EBS House Account,BLYTHEVILLE-GOSNELL REGIONAL AIRPORT AUTHORITY,16904,31784
54183,Conversion,Invoice,Invoice,Yes,Complete,GRINDER TABER & GRINDER,31087.68,USD,46070,Etairos,46173,27360,46100,EBS House Account,GRINDER TABER & GRINDER,17215,31938
54194,Conversion,Invoice,Invoice,Yes,Complete,MULTI-CRAFT CONTRACTORS INC,153.12,USD,46070,Etairos,46173,26674,46100,EBS House Account,MULTI-CRAFT CONTRACTORS INC,15970,32349
54228,Conversion,Invoice,Invoice,Yes,Complete,GIBBS SERVICE COMPANY,569.03,USD,46071,Etairos,46173,28405,46101,EBS House Account,GIBBS SERVICE COMPANY,15721,31926
54231,Conversion,Invoice,Invoice,Yes,Complete,BILLY ROGERS PLBG HTG & AIR,182.19,USD,46071,Etairos,46173,26502,46101,EBS House Account,BILLY ROGERS PLBG HTG & AIR,16657,32348
55908,Conversion,Invoice,Invoice,Yes,Complete,HOBBS & ASSOCIATES INC,403,USD,46155,Etairos,46173,27836,46185,EBS House Account,HOBBS & ASSOCIATES INC,16911,30799
54295,Conversion,Invoice,Invoice,Yes,Complete,UNIVERSITY OF TENNESSEE,2397.36,USD,46072,Etairos,46173,26972,46102,EBS House Account,UNIVERSITY OF TENNESSEE,16062,32403
54302,Conversion,Invoice,Invoice,Yes,Complete,J L ROBERTS MECHANICAL,27.59,USD,46072,Etairos,46173,27778,46102,EBS House Account,J L ROBERTS MECHANICAL,16500,31218
54306,Conversion,Invoice,Invoice,Yes,Complete,AIR TECHNICAL SERVICES,1712.1,USD,46072,Etairos,46173,12005,46102,EBS House Account,AIR TECHNICAL SERVICES,7002,21007
54396,Conversion,Invoice,Invoice,Yes,Complete,JONES LANG LASALLE AMERICAS,1830.51,USD,46077,Etairos,46173,26901,46137,EBS House Account,JONES LANG LASALLE AMERICAS,16408,31197
55472,Conversion,Invoice,Invoice,Yes,Complete,WENDELTA INC,1617.2,USD,46135,Etairos,46173,28431,46165,EBS House Account,WENDELTA INC,16527,30322
55475,Conversion,Invoice,Invoice,Yes,Complete,BRANDON SERVICE COMPANY INC,5995,USD,46135,Etairos,46173,28242,46165,EBS House Account,BRANDON SERVICE COMPANY INC,16774,32372
55478,Conversion,Invoice,Invoice,Yes,Complete,SOEFKER SERVICES,747.65,USD,46135,Etairos,46173,27077,46165,EBS House Account,SOEFKER SERVICES,16104,31859
55485,Conversion,Invoice,Invoice,Yes,Complete,SM LAWRENCE MEMPHIS/OB,170.88,USD,46136,Etairos,46173,26796,46166,EBS House Account,SM LAWRENCE MEMPHIS/OB,15538,31049
55486,Conversion,Invoice,Invoice,Yes,Complete,HOWARD INDUSTRIES,375,USD,46136,Etairos,46173,27854,46166,EBS House Account,HOWARD INDUSTRIES,16853,31949
55487,Conversion,Invoice,Invoice,Yes,Complete,HOWARD INDUSTRIES,375,USD,46136,Etairos,46173,27854,46166,EBS House Account,HOWARD INDUSTRIES,16853,31949
55488,Conversion,Invoice,Invoice,Yes,Complete,HOWARD INDUSTRIES,2577.91,USD,46136,Etairos,46173,27854,46166,EBS House Account,HOWARD INDUSTRIES,16853,31949
55489,Conversion,Invoice,Invoice,Yes,Complete,HOWARD INDUSTRIES,650,USD,46136,Etairos,46173,27854,46166,EBS House Account,HOWARD INDUSTRIES,16853,31949
55491,Conversion,Invoice,Invoice,Yes,Complete,PIKE COUNTY ARTS BUILDING,1211.51,USD,46136,Etairos,46173,26696,46166,EBS House Account,PIKE COUNTY ARTS BUILDING,17338,30609
55493,Conversion,Invoice,Invoice,Yes,Complete,ALL FLORIDA MECHANICAL SERVICE,186.15,USD,46139,Etairos,46173,27958,46169,EBS House Account,ALL FLORIDA MECHANICAL SERVICE,15364,30270
55627,Conversion,Invoice,Invoice,Yes,Complete,ALL FLORIDA MECHANICAL SERVICE,2117.31,USD,46141,Etairos,46173,27958,46171,EBS House Account,ALL FLORIDA MECHANICAL SERVICE,15364,30270
55629,Conversion,Invoice,Invoice,Yes,Complete,INSIGHT PARTNERS - GA,1253.6,USD,46141,Etairos,46173,27833,46171,EBS House Account,INSIGHT PARTNERS - GA,15614,30794
55630,Conversion,Invoice,Invoice,Yes,Complete,ALL FLORIDA MECHANICAL SERVICE,5899.78,USD,46141,Etairos,46173,27958,46171,EBS House Account,ALL FLORIDA MECHANICAL SERVICE,15364,30270
55631,Conversion,Invoice,Invoice,Yes,Complete,INTEGRITY MECHANICAL SOLUTIONS,1102.79,USD,46141,Etairos,46173,27156,46171,EBS House Account,INTEGRITY MECHANICAL SOLUTIONS,15668,31266
55633,Conversion,Invoice,Invoice,Yes,Complete,BRANDON SERVICE COMPANY INC,5995,USD,46141,Etairos,46173,28242,46171,EBS House Account,BRANDON SERVICE COMPANY INC,16774,32372
55640,Conversion,Invoice,Invoice,Yes,Complete,WEST POINT HOTEL LLC,615.25,USD,46142,Etairos,46173,26240,46172,EBS House Account,WEST POINT HOTEL LLC,16439,31516
55644,Conversion,Invoice,Invoice,Yes,Complete,OCHSNER HEALTH SYSTEM,1325,USD,46142,Etairos,46173,26578,46172,EBS House Account,OCHSNER HEALTH SYSTEM,17173,32234
55650,Conversion,Invoice,Invoice,Yes,Complete,SOEFKER REFRIGERATION,244.3,USD,46142,Etairos,46173,26990,46172,EBS House Account,SOEFKER REFRIGERATION,17119,32223
55651,Conversion,Invoice,Invoice,Yes,Complete,ST JUDE CHILDREN'S HOSPITAL,1460,USD,46142,Etairos,46173,28327,46172,EBS House Account,ST JUDE CHILDREN'S HOSPITAL,16221,31882
55652,Conversion,Invoice,Invoice,Yes,Complete,ST JUDE CHILDREN'S HOSPITAL,7399,USD,46142,Etairos,46173,28327,46172,EBS House Account,ST JUDE CHILDREN'S HOSPITAL,16221,31882
55654,Conversion,Invoice,Invoice,Yes,Complete,ALL FLORIDA MECHANICAL SERVICE,220.95,USD,46142,Etairos,46173,27958,46172,EBS House Account,ALL FLORIDA MECHANICAL SERVICE,15364,30270
55655,Conversion,Invoice,Invoice,Yes,Complete,CBRE GWS LLC,8701.25,USD,46142,Etairos,46173,27144,46202,EBS House Account,CBRE GWS LLC,17365,30626
55658,Conversion,Invoice,Invoice,Yes,Complete,LANDMARK HEATING & AIR,1860.26,USD,46142,Etairos,46173,26262,46172,EBS House Account,LANDMARK HEATING & AIR,15653,30694
28233,Conversion,Invoice,Invoice,Yes,Complete,HAJOCA CORPORATION/ FT SMITH,350,USD,44915,Etairos,46173,28028,44945,EBS House Account,HAJOCA CORPORATION/ FT SMITH,16731,30566
31444,Conversion,Invoice,Invoice,Yes,Complete,TRINITY REFRIGERATION,1272.46,USD,45051,Etairos,46173,26509,45081,EBS House Account,TRINITY REFRIGERATION,15472,30240
31449,Conversion,Invoice,Invoice,Yes,Complete,TRINITY MECHANICAL CONTRACTORS,2096.23,USD,45051,Etairos,46173,26394,45081,EBS House Account,TRINITY MECHANICAL CONTRACTORS,15810,31527
27930,Conversion,Credit Memo,Credit Memo,Yes,Complete,ACTION INC,-54.15,USD,44902,Etairos,46173,27132,,EBS House Account,ACTION INC,17307,31138
32322,Conversion,Invoice,Invoice,Yes,Complete,CLIMATE SOLUTION,680.68,USD,45090,Etairos,46173,27449,45120,EBS House Account,CLIMATE SOLUTION,15588,31512
28179,Conversion,Invoice,Invoice,Yes,Complete,JAY JALARAM TUPELO LLC,2548.04,USD,44911,Etairos,46173,26838,44941,EBS House Account,JAY JALARAM TUPELO LLC,15204,30736
32329,Conversion,Invoice,Invoice,Yes,Complete,CLIMATE SOLUTION,767.37,USD,45090,Etairos,46173,27449,45120,EBS House Account,CLIMATE SOLUTION,15588,31512
32450,Conversion,Invoice,Invoice,Yes,Complete,CLIMATE SOLUTION,642.04,USD,45097,Etairos,46173,27449,45127,EBS House Account,CLIMATE SOLUTION,15588,31512
32456,Conversion,Credit Memo,Credit Memo,Yes,Complete,ALPHA MECHANICAL SERVICE INC,-12.05,USD,45097,Etairos,46173,27968,,EBS House Account,ALPHA MECHANICAL SERVICE INC,16866,30874
32497,Conversion,Invoice,Invoice,Yes,Complete,CHAD SCHAFFLER,1530.62,USD,45097,Etairos,46173,26852,45127,EBS House Account,CHAD SCHAFFLER,15222,30754
54454,Conversion,Invoice,Invoice,Yes,Complete,CASH,39621.66,USD,46079,Etairos,46173,28004,46109,EBS House Account,CASH,17146,32245
54496,Conversion,Invoice,Invoice,Yes,Complete,MERIDIAN LODGING LLC,781.1,USD,46080,Etairos,46173,26798,46110,EBS House Account,MERIDIAN LODGING LLC,16867,30685
54571,Conversion,Credit Memo,Credit Memo,Yes,Complete,19TH CES UNITED STATES AIR FORCE,-662,USD,46081,Etairos,46173,26391,,EBS House Account,19TH CES UNITED STATES AIR FORCE,15873,32200
54655,Conversion,Invoice,Invoice,Yes,Complete,SOEFKER SERVICES,53.6,USD,46091,Etairos,46173,27077,46121,EBS House Account,SOEFKER SERVICES,16104,31859
54684,Conversion,Invoice,Invoice,Yes,Complete,HAINES JONES & CADBURY,121.23,USD,46091,Etairos,46173,28275,46121,EBS House Account,HAINES JONES & CADBURY,15949,30358
54695,Conversion,Invoice,Invoice,Yes,Complete,PICKERING FIRM,7393.88,USD,46092,Etairos,46173,26564,46122,EBS House Account,PICKERING FIRM,16484,31119
54704,Conversion,Invoice,Invoice,Yes,Complete,ESM MEMPHIS LLC,10745.84,USD,46092,Etairos,46173,27427,46122,EBS House Account,ESM MEMPHIS LLC,16005,30573
54756,Conversion,Invoice,Invoice,Yes,Complete,AIR TECHNICAL SERVICES,1744.21,USD,46092,Etairos,46173,12005,46122,EBS House Account,AIR TECHNICAL SERVICES,7002,21007
54770,Conversion,Invoice,Invoice,Yes,Complete,SILVER HOME SOLUTIONS,1472.14,USD,46093,Etairos,46173,28018,46123,EBS House Account,SILVER HOME SOLUTIONS,15951,30815
54777,Conversion,Invoice,Invoice,Yes,Complete,A-1 ELECTRICAL CONTRACTORS,320.64,USD,46094,Etairos,46173,27419,46124,EBS House Account,A-1 ELECTRICAL CONTRACTORS,16662,30927
55496,Conversion,Invoice,Invoice,Yes,Complete,COURTYARD BY MARRIOTT-MADISON,40.25,USD,46139,Etairos,46173,27216,46169,EBS House Account,COURTYARD BY MARRIOTT-MADISON,17016,31793
55497,Conversion,Invoice,Invoice,Yes,Complete,AIR TECHNICAL SERVICES,263.4,USD,46139,Etairos,46173,12005,46169,EBS House Account,AIR TECHNICAL SERVICES,7002,21007
55498,Conversion,Invoice,Invoice,Yes,Complete,WENDELTA INC,1564.79,USD,46139,Etairos,46173,28431,46169,EBS House Account,WENDELTA INC,16527,30322
55500,Conversion,Invoice,Invoice,Yes,Complete,INN OF VICKSBURG INC,615.25,USD,46139,Etairos,46173,26757,46169,EBS House Account,INN OF VICKSBURG INC,16211,31871
55509,Conversion,Invoice,Invoice,Yes,Complete,BUDGET INNS INC,615.25,USD,46139,Etairos,46173,26434,46169,EBS House Account,BUDGET INNS INC,17100,32248
55511,Conversion,Invoice,Invoice,Yes,Complete,MERIDIAN LODGING LLC,615.25,USD,46139,Etairos,46173,26798,46169,EBS House Account,MERIDIAN LODGING LLC,16867,30685
55517,Conversion,Invoice,Invoice,Yes,Complete,MERIDIAN LODGING LLC,695.5,USD,46139,Etairos,46173,26798,46169,EBS House Account,MERIDIAN LODGING LLC,16867,30685
55659,Conversion,Invoice,Invoice,Yes,Complete,TERRY SERVICE INC,771.4,USD,46142,Etairos,46173,28070,46172,EBS House Account,TERRY SERVICE INC,16043,30779
55660,Conversion,Invoice,Invoice,Yes,Complete,TERRY SERVICE INC,6411.58,USD,46142,Etairos,46173,28070,46172,EBS House Account,TERRY SERVICE INC,16043,30779
55661,Conversion,Invoice,Invoice,Yes,Complete,TERRY SERVICE INC,5892.07,USD,46142,Etairos,46173,28070,46172,EBS House Account,TERRY SERVICE INC,16043,30779
55662,Conversion,Invoice,Invoice,Yes,Complete,NATIONAL HVAC,245.84,USD,46142,Etairos,46173,26861,46172,EBS House Account,NATIONAL HVAC,16986,31088
55663,Conversion,Invoice,Invoice,Yes,Complete,SOEFKER SERVICES,1393.09,USD,46142,Etairos,46173,27077,46172,EBS House Account,SOEFKER SERVICES,16104,31859
55664,Conversion,Invoice,Invoice,Yes,Complete,SOEFKER SERVICES,447.55,USD,46142,Etairos,46173,27077,46172,EBS House Account,SOEFKER SERVICES,16104,31859
55665,Conversion,Invoice,Invoice,Yes,Complete,ALPHA MECHANICAL SERVICE INC,270,USD,46142,Etairos,46173,27968,46172,EBS House Account,ALPHA MECHANICAL SERVICE INC,16866,30874
55666,Conversion,Invoice,Invoice,Yes,Complete,OSB SERVICES LLC,423.86,USD,46142,Etairos,46173,26278,46172,EBS House Account,OSB SERVICES LLC,15604,30980
55669,Conversion,Invoice,Invoice,Yes,Complete,UPCHURCH SERVICES RIDGELAND,1777.52,USD,46142,Etairos,46173,27373,46172,EBS House Account,UPCHURCH SERVICES RIDGELAND,16784,31371
55674,Conversion,Invoice,Invoice,Yes,Complete,SM LAWRENCE CO,574.12,USD,46142,Etairos,46173,26629,46172,EBS House Account,SM LAWRENCE CO,16865,30354
55676,Conversion,Invoice,Invoice,Yes,Complete,RHODES COLLEGE,154.8,USD,46142,Etairos,46173,28139,46172,EBS House Account,RHODES COLLEGE,15581,31940
55680,Conversion,Invoice,Invoice,Yes,Complete,MECHANICAL SERVICES LLC,19559.86,USD,46142,Etairos,46173,27074,46172,EBS House Account,MECHANICAL SERVICES LLC,16103,30355
55682,Conversion,Invoice,Invoice,Yes,Complete,ED'S SUPPLY COMPANY NASHVILLE,566.67,USD,46142,Etairos,46173,26704,46172,EBS House Account,ED'S SUPPLY COMPANY NASHVILLE,17285,30619
55683,Conversion,Invoice,Invoice,Yes,Complete,JONES LANG LASALLE AMERICAS,123.53,USD,46142,Etairos,46173,26901,46202,EBS House Account,JONES LANG LASALLE AMERICAS,16408,31197
32539,Conversion,Invoice,Invoice,Yes,Complete,CLIMATE SOLUTION,8181.87,USD,45099,Etairos,46173,27449,45129,EBS House Account,CLIMATE SOLUTION,15588,31512
32566,Conversion,Invoice,Invoice,Yes,Complete,CLIMATE SOLUTION,596.34,USD,45100,Etairos,46173,27449,45130,EBS House Account,CLIMATE SOLUTION,15588,31512
32567,Conversion,Invoice,Invoice,Yes,Complete,CLIMATE SOLUTION,971.34,USD,45100,Etairos,46173,27449,45130,EBS House Account,CLIMATE SOLUTION,15588,31512
32825,Conversion,Invoice,Invoice,Yes,Complete,CLIMATE SOLUTION,61.46,USD,45118,Etairos,46173,27449,45148,EBS House Account,CLIMATE SOLUTION,15588,31512
33764,Conversion,Invoice,Invoice,Yes,Complete,CLIMATE SOLUTION,68.43,USD,45149,Etairos,46173,27449,45179,EBS House Account,CLIMATE SOLUTION,15588,31512
34159,Conversion,Invoice,Invoice,Yes,Complete,CLIMATE SOLUTION,1234.69,USD,45168,Etairos,46173,27449,45198,EBS House Account,CLIMATE SOLUTION,15588,31512
34385,Conversion,Invoice,Invoice,Yes,Complete,PLATINUM MANAGEMENT SERVICE,3286.08,USD,45180,Etairos,46173,26542,45210,EBS House Account,PLATINUM MANAGEMENT SERVICE,17179,32277
34779,Conversion,Invoice,Invoice,Yes,Complete,CLIMATE SOLUTION,329.25,USD,45190,Etairos,46173,27449,45220,EBS House Account,CLIMATE SOLUTION,15588,31512
35030,Conversion,Invoice,Invoice,Yes,Complete,CLIMATE SOLUTION,537.36,USD,45201,Etairos,46173,27449,45231,EBS House Account,CLIMATE SOLUTION,15588,31512
35108,Conversion,Credit Memo,Credit Memo,Yes,Complete,ALPHA MECHANICAL SERVICE INC,-290.49,USD,45203,Etairos,46173,27968,,EBS House Account,ALPHA MECHANICAL SERVICE INC,16866,30874
54782,Conversion,Invoice,Invoice,Yes,Complete,ALLIANCE HEALTH SERVICES,3101.67,USD,46094,Etairos,46173,26971,46124,EBS House Account,ALLIANCE HEALTH SERVICES,16061,30256
54785,Conversion,Invoice,Invoice,Yes,Complete,CBRE GWS LLC - KELLOGG,2593.2,USD,46094,Etairos,46173,27197,46124,EBS House Account,CBRE GWS LLC - KELLOGG,16974,31965
54788,Conversion,Invoice,Invoice,Yes,Complete,AUTOMATIC AIR COND & HTG LLC,102,USD,46097,Etairos,46173,26945,46127,EBS House Account,AUTOMATIC AIR COND & HTG LLC,15975,31555
54795,Conversion,Invoice,Invoice,Yes,Complete,MECHANICAL SERVICES LLC,7637.77,USD,46097,Etairos,46173,27074,46127,EBS House Account,MECHANICAL SERVICES LLC,16103,30355
54824,Conversion,Invoice,Invoice,Yes,Complete,TRANE COMMERCIAL SLES-DAVIDSON,6182.19,USD,46097,Etairos,46173,27470,46127,EBS House Account,TRANE COMMERCIAL SLES-DAVIDSON,16530,31140
54830,Conversion,Invoice,Invoice,Yes,Complete,GARRETT SUPPLY CO,1188,USD,46097,Etairos,46173,28360,46127,EBS House Account,GARRETT SUPPLY CO,16322,31287
54880,Conversion,Invoice,Invoice,Yes,Complete,SILVER HOME SOLUTIONS,415.75,USD,46100,Etairos,46173,28018,46130,EBS House Account,SILVER HOME SOLUTIONS,15951,30815
54886,Conversion,Invoice,Invoice,Yes,Complete,KEIVANS HOSPITALITY,641.66,USD,46100,Etairos,46173,28035,46130,EBS House Account,KEIVANS HOSPITALITY,16796,31450
55535,Conversion,Invoice,Invoice,Yes,Complete,JONES LANG LASALLE AMERICAS,4367.64,USD,46140,Etairos,46173,26901,46200,EBS House Account,JONES LANG LASALLE AMERICAS,16408,31197
55536,Conversion,Invoice,Invoice,Yes,Complete,HVAC TECHNOLOGIES,922.81,USD,46140,Etairos,46173,26469,46170,EBS House Account,HVAC TECHNOLOGIES,16376,31195
55539,Conversion,Invoice,Invoice,Yes,Complete,UPCHURCH PLUMBING,519.6,USD,46140,Etairos,46173,26928,46170,EBS House Account,UPCHURCH PLUMBING,16574,30538
55542,Conversion,Invoice,Invoice,Yes,Complete,DONAGHEY MECHANICAL CONTRACTOR,6000,USD,46140,Etairos,46173,28310,46170,EBS House Account,DONAGHEY MECHANICAL CONTRACTOR,16965,31781
55528,Conversion,Invoice,Invoice,Yes,Complete,WALKER-J-WALKER INC,8864.68,USD,46139,Etairos,46173,27397,46169,EBS House Account,WALKER-J-WALKER INC,16758,30670
55534,Conversion,Invoice,Invoice,Yes,Complete,MOTION INDUSTRIES -BHAM,619,USD,46140,Etairos,46173,28263,46170,EBS House Account,MOTION INDUSTRIES -BHAM,15492,32406
55546,Conversion,Invoice,Invoice,Yes,Complete,COMFORT SYSTEMS USA-ARKANSAS,201.72,USD,46140,Etairos,46173,26426,46170,EBS House Account,COMFORT SYSTEMS USA-ARKANSAS,17095,31806
55874,Conversion,Invoice,Invoice,Yes,Complete,IVEY MECHANICAL CO LLC,9225,USD,46154,Etairos,46173,28305,46184,Jason Jones,IVEY MECHANICAL CO LLC,16191,32446
55547,Conversion,Invoice,Invoice,Yes,Complete,MIDWEST MACHINERY KC NEWCO LLC,280.18,USD,46140,Etairos,46173,26681,46170,EBS House Account,MIDWEST MACHINERY KC NEWCO LLC,15292,30929
55548,Conversion,Invoice,Invoice,Yes,Complete,GRAHAM A/C SERVICE LLC,1001.7,USD,46140,Etairos,46173,26431,46170,EBS House Account,GRAHAM A/C SERVICE LLC,15470,32208
55687,Conversion,Invoice,Invoice,Yes,Complete,SM LAWRENCE CO,574.12,USD,46142,Etairos,46173,26629,46172,EBS House Account,SM LAWRENCE CO,16865,30354
55688,Conversion,Invoice,Invoice,Yes,Complete,ACY SERVICES LLC,853.54,USD,46142,Etairos,46173,27715,46172,EBS House Account,ACY SERVICES LLC,15201,32365
55752,Conversion,Invoice,Invoice,Yes,Complete,VA MEDICAL CENTER,1040.3,USD,46142,Etairos,46173,26300,46172,EBS House Account,VA MEDICAL CENTER,15425,30885
55756,Conversion,Invoice,Invoice,Yes,Complete,109 GIML LLC,615.25,USD,46142,Etairos,46173,26515,46172,EBS House Account,109 GIML LLC,15475,30944
55759,Conversion,Invoice,Invoice,Yes,Complete,SM LAWRENCE MEMPHIS/OB,795.56,USD,46142,Etairos,46173,26796,46172,EBS House Account,SM LAWRENCE MEMPHIS/OB,15538,31049
55760,Conversion,Invoice,Invoice,Yes,Complete,KELE,240.06,USD,46142,Etairos,46173,26792,46172,EBS House Account,KELE,16099,32410
55769,Conversion,Invoice,Invoice,Yes,Complete,ALL FLORIDA MECHANICAL SERVICE,169.96,USD,46142,Etairos,46173,27958,46172,EBS House Account,ALL FLORIDA MECHANICAL SERVICE,15364,30270
55771,Conversion,Invoice,Invoice,Yes,Complete,DESOTO COUNTY SCHOOLS,345,USD,46142,Etairos,46173,27494,46172,EBS House Account,DESOTO COUNTY SCHOOLS,15532,30680
35312,Conversion,Invoice,Invoice,Yes,Complete,LAB MECHANICAL SOLUTIONS,23859.16,USD,45212,Etairos,46173,28404,45242,EBS House Account,LAB MECHANICAL SOLUTIONS,15567,32137
35394,Conversion,Invoice,Invoice,Yes,Complete,FRANKLIN HTG AIR & VENTILATION,3868.7,USD,45218,Etairos,46173,26419,45248,EBS House Account,FRANKLIN HTG AIR & VENTILATION,16286,31983
35603,Conversion,Invoice,Invoice,Yes,Complete,FRANKLIN HTG AIR & VENTILATION,7495.93,USD,45229,Etairos,46173,26419,45259,EBS House Account,FRANKLIN HTG AIR & VENTILATION,16286,31983
35707,Conversion,Invoice,Invoice,Yes,Complete,LAB MECHANICAL SOLUTIONS,2527.14,USD,45230,Etairos,46173,28404,45260,EBS House Account,LAB MECHANICAL SOLUTIONS,15567,32137
35897,Conversion,Invoice,Invoice,Yes,Complete,FRANKLIN HTG AIR & VENTILATION,2176.19,USD,45239,Etairos,46173,26419,45269,EBS House Account,FRANKLIN HTG AIR & VENTILATION,16286,31983
35898,Conversion,Invoice,Invoice,Yes,Complete,FRANKLIN HTG AIR & VENTILATION,5757.04,USD,45239,Etairos,46173,26419,45269,EBS House Account,FRANKLIN HTG AIR & VENTILATION,16286,31983
35976,Conversion,Invoice,Invoice,Yes,Complete,FRANKLIN HTG AIR & VENTILATION,871.32,USD,45244,Etairos,46173,26419,45274,EBS House Account,FRANKLIN HTG AIR & VENTILATION,16286,31983
36041,Conversion,Invoice,Invoice,Yes,Complete,FRANKLIN HTG AIR & VENTILATION,4892.96,USD,45246,Etairos,46173,26419,45276,EBS House Account,FRANKLIN HTG AIR & VENTILATION,16286,31983
54902,Conversion,Invoice,Invoice,Yes,Complete,KJS MP JOINT VENTURE LLC,3669.01,USD,46100,Etairos,46173,27213,46130,EBS House Account,KJS MP JOINT VENTURE LLC,17048,31267
54960,Conversion,Invoice,Invoice,Yes,Complete,METRO MECHANICAL CONTRACTORS,334.7,USD,46101,Etairos,46173,12007,46131,EBS House Account,METRO MECHANICAL CONTRACTORS,7004,21005
54962,Conversion,Invoice,Invoice,Yes,Complete,UNIVERSITY OF TENNESSEE,23608.75,USD,46101,Etairos,46173,26972,46131,EBS House Account,UNIVERSITY OF TENNESSEE,16062,32403
54971,Conversion,Invoice,Invoice,Yes,Complete,AIR TECHNICAL SERVICES,1073.86,USD,46104,Etairos,46173,12005,46134,EBS House Account,AIR TECHNICAL SERVICES,7002,21007
54972,Conversion,Invoice,Invoice,Yes,Complete,AIR TECHNICAL SERVICES,701.61,USD,46104,Etairos,46173,12005,46134,EBS House Account,AIR TECHNICAL SERVICES,7002,21007
54999,Conversion,Invoice,Invoice,Yes,Complete,SILVER HOME SOLUTIONS,187.28,USD,46104,Etairos,46173,28018,46134,EBS House Account,SILVER HOME SOLUTIONS,15951,30815
55050,Conversion,Invoice,Invoice,Yes,Complete,AIR TECHNICAL SERVICES,4326.36,USD,46107,Etairos,46173,12005,46137,EBS House Account,AIR TECHNICAL SERVICES,7002,21007
55549,Conversion,Invoice,Invoice,Yes,Complete,WENDELTA INC,666.61,USD,46140,Etairos,46173,28431,46170,EBS House Account,WENDELTA INC,16527,30322
55556,Conversion,Invoice,Invoice,Yes,Complete,UPCHURCH PLUMBING,1208.75,USD,46140,Etairos,46173,26928,46170,EBS House Account,UPCHURCH PLUMBING,16574,30538
55557,Conversion,Invoice,Invoice,Yes,Complete,COMFORT SYSTEMS USA-ARKANSAS,510.35,USD,46140,Etairos,46173,26426,46170,EBS House Account,COMFORT SYSTEMS USA-ARKANSAS,17095,31806
55558,Conversion,Invoice,Invoice,Yes,Complete,SOEFKER SERVICES,1993.99,USD,46140,Etairos,46173,27077,46170,EBS House Account,SOEFKER SERVICES,16104,31859
55559,Conversion,Invoice,Invoice,Yes,Complete,ACY SERVICES LLC,1660.92,USD,46140,Etairos,46173,27715,46170,EBS House Account,ACY SERVICES LLC,15201,32365
55561,Conversion,Invoice,Invoice,Yes,Complete,CBRE GWS LLC - KELLOGG,3975.06,USD,46140,Etairos,46173,27197,46170,EBS House Account,CBRE GWS LLC - KELLOGG,16974,31965
55083,Conversion,Invoice,Invoice,Yes,Complete,JOHNSON CONTROLS,53928,USD,46107,Etairos,46173,28094,46137,Joshua Hester,JOHNSON CONTROLS,16972,30485
44927,Conversion,Invoice,Invoice,Yes,Complete,JOHNSON CONTROLS,114750,USD,45645,Etairos,46173,28094,45675,Joshua Hester,JOHNSON CONTROLS,16972,30485
56005,Conversion,Invoice,Invoice,Yes,Complete,MODERN AIR CONDITIONING & HTG,10217,USD,46160,Etairos,46173,28383,46190,Joshua Hester,MODERN AIR CONDITIONING & HTG,16379,32259
48667,Conversion,Invoice,Invoice,Yes,Complete,A & B MECHANICAL INC,87410,USD,45821,Etairos,46173,26795,45851,Joshua Hester,A & B MECHANICAL INC,15369,31569
55430,Conversion,Invoice,Invoice,Yes,Complete,MODERN AIR CONDITIONING & HTG,261525,USD,46133,Etairos,46173,28383,46163,Joshua Hester,MODERN AIR CONDITIONING & HTG,16379,32259
55767,Conversion,Invoice,Invoice,Yes,Complete,DONAGHEY MECHANICAL CONTRACTOR,1980,USD,46142,Etairos,46173,28310,46172,Joshua Hester,DONAGHEY MECHANICAL CONTRACTOR,16965,31781
54992,Conversion,Invoice,Invoice,Yes,Complete,UNIVERSAL SERVICES,4500,USD,46104,Etairos,46173,26555,46134,Joshua Hester,UNIVERSAL SERVICES,17186,31116
16821,Conversion,Invoice,Invoice,Yes,Complete,HAMPTON INN - HUMPHREYS,2467,USD,44428,Etairos,46173,27608,44458,Andrew Jones,HAMPTON INN - HUMPHREYS,16694,30816
56255,Conversion,Invoice,Invoice,Yes,Complete,IVEY MECHANICAL CO LLC,13645,USD,46171,Etairos,46173,28305,46201,Jason Jones,IVEY MECHANICAL CO LLC,16191,32446
41808,Conversion,Invoice,Invoice,Yes,Complete,MISSISSIPPI BRAVES,17484.87,USD,45504,Etairos,46173,27986,45534,Jason Jones,MISSISSIPPI BRAVES,17055,31897
9609,Conversion,Invoice,Invoice,Yes,Complete,V & S NEW YORK GALVANIZING,2256,USD,44125,Etairos,46173,28030,44155,Stanley Wilson,V & S NEW YORK GALVANIZING,15216,30748
10087,Conversion,Invoice,Invoice,Yes,Complete,V & S NEW YORK GALVANIZING,7980,USD,44135,Etairos,46173,28030,44165,Stanley Wilson,V & S NEW YORK GALVANIZING,15216,30748
11400,Conversion,Invoice,Invoice,Yes,Complete,GIPSON MECH CONTRACTORS,13430,USD,44204,Etairos,46173,27560,44234,Stanley Wilson,GIPSON MECH CONTRACTORS,16326,31827
56220,Conversion,Invoice,Invoice,Yes,Complete,HOWARD INDUSTRIES,2610,USD,46169,Etairos,46173,27854,46199,Christopher Williams,HOWARD INDUSTRIES,16853,31949
56221,Conversion,Invoice,Invoice,Yes,Complete,109 GIML LLC,4222.4,USD,46169,Etairos,46173,26515,46199,Christopher Williams,109 GIML LLC,15475,30944
53540,Conversion,Invoice,Invoice,Yes,Complete,109 GIML LLC,6675.82,USD,46044,Etairos,46173,26515,46074,Christopher Williams,109 GIML LLC,15475,30944
55647,Conversion,Invoice,Invoice,Yes,Complete,OCHSNER HEALTH SYSTEM,2905.93,USD,46142,Etairos,46173,26578,46172,Christopher Williams,OCHSNER HEALTH SYSTEM,17173,32234
56259,Conversion,Invoice,Invoice,Yes,Complete,AIRETECH CORP,23936.22,USD,46171,Etairos,46173,28424,46201,William Thigpen,AIRETECH CORP,16519,32017
56276,Conversion,Invoice,Invoice,Yes,Complete,AJR INDUSTRIAL SERVICES,62350.45,USD,46171,Etairos,46173,27380,46201,William Thigpen,AJR INDUSTRIAL SERVICES,15976,31559
56283,Conversion,Invoice,Invoice,Yes,Complete,WALKER-J-WALKER INC,120921.45,USD,46173,Etairos,46173,27397,46203,William Thigpen,WALKER-J-WALKER INC,16758,30670
56292,Conversion,Invoice,Invoice,Yes,Complete,RGB MECHANICAL,60210,USD,46173,Etairos,46173,26463,46203,William Thigpen,RGB MECHANICAL,17157,31377
56311,Conversion,Invoice,Invoice,Yes,Complete,RGB MECHANICAL,787.5,USD,46173,Etairos,46173,26463,46203,William Thigpen,RGB MECHANICAL,17157,31377
56231,Conversion,Invoice,Invoice,Yes,Complete,AIRETECH CORP,7200,USD,46169,Etairos,46173,28424,46199,William Thigpen,AIRETECH CORP,16519,32017
56236,Conversion,Invoice,Invoice,Yes,Complete,TRACE SERVICES LLC,3171,USD,46169,Etairos,46173,28041,46199,William Thigpen,TRACE SERVICES LLC,16003,31453
55975,Conversion,Invoice,Invoice,Yes,Complete,WALKER-J-WALKER INC,146351.62,USD,46157,Etairos,46173,27397,46187,William Thigpen,WALKER-J-WALKER INC,16758,30670
55976,Conversion,Invoice,Invoice,Yes,Complete,WALKER-J-WALKER INC,137187.5,USD,46157,Etairos,46173,27397,46187,William Thigpen,WALKER-J-WALKER INC,16758,30670
55836,Conversion,Invoice,Invoice,Yes,Complete,RGB MECHANICAL,8320,USD,46150,Etairos,46173,26463,46180,William Thigpen,RGB MECHANICAL,17157,31377
56023,Conversion,Invoice,Invoice,Yes,Complete,AJR INDUSTRIAL SERVICES,3292.5,USD,46160,Etairos,46173,27380,46190,William Thigpen,AJR INDUSTRIAL SERVICES,15976,31559
56031,Conversion,Invoice,Invoice,Yes,Complete,WALKER-J-WALKER INC,127694.12,USD,46160,Etairos,46173,27397,46190,William Thigpen,WALKER-J-WALKER INC,16758,30670
56080,Conversion,Invoice,Invoice,Yes,Complete,WALKER-J-WALKER INC,27886.39,USD,46161,Etairos,46173,27397,46191,William Thigpen,WALKER-J-WALKER INC,16758,30670
56096,Conversion,Invoice,Invoice,Yes,Complete,RGB MECHANICAL,25332,USD,46162,Etairos,46173,26463,46192,William Thigpen,RGB MECHANICAL,17157,31377
56139,Conversion,Invoice,Invoice,Yes,Complete,RGB MECHANICAL,2945,USD,46163,Etairos,46173,26463,46193,William Thigpen,RGB MECHANICAL,17157,31377
55768,Conversion,Invoice,Invoice,Yes,Complete,SITELOGIQ INC,40620.04,USD,46142,Etairos,46173,26946,46172,William Thigpen,SITELOGIQ INC,15835,32353
56081,Conversion,Invoice,Invoice,Yes,Complete,DCI,623.16,USD,46161,Etairos,46173,28287,46191,Wesley Dacus,DCI,16080,30958
55371,Conversion,Invoice,Invoice,Yes,Complete,JOHNSON CONTROLS,5675,USD,46127,Etairos,46173,28094,46157,Wesley Dacus,JOHNSON CONTROLS,16972,30485
54385,Conversion,Invoice,Invoice,Yes,Complete,METRO MECHANICAL CONTRACTORS,3757.84,USD,46077,Etairos,46173,12007,46107,Wesley Dacus,METRO MECHANICAL CONTRACTORS,7004,21005
54883,Conversion,Invoice,Invoice,Yes,Complete,JOHNSON CONTROLS,5675,USD,46100,Etairos,46173,28094,46130,Wesley Dacus,JOHNSON CONTROLS,16972,30485
55762,Conversion,Invoice,Invoice,Yes,Complete,DAMON-MARCUS CO,823.13,USD,46147,Etairos,46173,27159,46177,Wesley Dacus,DAMON-MARCUS CO,17005,30901
54901,Conversion,Invoice,Invoice,Yes,Complete,A-1 ELECTRICAL CONTRACTORS,3051.05,USD,46100,Etairos,46173,27419,46130,Wesley Dacus,A-1 ELECTRICAL CONTRACTORS,16662,30927
54991,Conversion,Invoice,Invoice,Yes,Complete,JOHNSON CONTROLS,5675,USD,46104,Etairos,46173,28094,46134,Wesley Dacus,JOHNSON CONTROLS,16972,30485
56242,Conversion,Invoice,Invoice,Yes,Complete,AIR TECHNICAL SERVICES,2688.88,USD,46169,Etairos,46173,12005,46199,Zachary Gorham,AIR TECHNICAL SERVICES,7002,21007
56246,Conversion,Invoice,Invoice,Yes,Complete,KELLANOVA GBS CENTER,227690,USD,46170,Etairos,46173,26682,46200,Zachary Gorham,KELLANOVA GBS CENTER,15336,30930
56247,Conversion,Invoice,Invoice,Yes,Complete,KELLANOVA GBS CENTER,928,USD,46170,Etairos,46173,26682,46200,Zachary Gorham,KELLANOVA GBS CENTER,15336,30930
56248,Conversion,Invoice,Invoice,Yes,Complete,KELLANOVA GBS CENTER,3712,USD,46170,Etairos,46173,26682,46200,Zachary Gorham,KELLANOVA GBS CENTER,15336,30930
36588,Conversion,Invoice,Invoice,Yes,Complete,EAGLE PRO LLC,809.02,USD,45272,Etairos,46173,27189,45302,Zachary Gorham,EAGLE PRO LLC,15468,30295
36668,Conversion,Invoice,Invoice,Yes,Complete,EAGLE PRO LLC,2840.91,USD,45275,Etairos,46173,27189,45305,Zachary Gorham,EAGLE PRO LLC,15468,30295
55096,Conversion,Invoice,Invoice,Yes,Complete,KELLANOVA GBS CENTER,1624,USD,46111,Etairos,46173,26682,46141,Zachary Gorham,KELLANOVA GBS CENTER,15336,30930
55097,Conversion,Invoice,Invoice,Yes,Complete,KELLANOVA GBS CENTER,6496,USD,46111,Etairos,46173,26682,46141,Zachary Gorham,KELLANOVA GBS CENTER,15336,30930
55799,Conversion,Invoice,Invoice,Yes,Complete,MITCH WRIGHT PLB HTG & AIR,905.58,USD,46142,Etairos,46173,28019,46172,Zachary Gorham,MITCH WRIGHT PLB HTG & AIR,15202,30729
56086,Conversion,Invoice,Invoice,Yes,Complete,AIR TECHNICAL SERVICES,3121.29,USD,46161,Etairos,46173,12005,46191,Zachary Gorham,AIR TECHNICAL SERVICES,7002,21007
55335,Conversion,Invoice,Invoice,Yes,Complete,AIR TECHNICAL SERVICES,1925.02,USD,46126,Etairos,46173,12005,46156,Zachary Gorham,AIR TECHNICAL SERVICES,7002,21007
54905,Conversion,Invoice,Invoice,Yes,Complete,MITCH WRIGHT PLB HTG & AIR,11768.04,USD,46100,Etairos,46173,28019,46130,Zachary Gorham,MITCH WRIGHT PLB HTG & AIR,15202,30729
56262,Conversion,Invoice,Invoice,Yes,Complete,MORGAN & THORNBURG INC,7067.9,USD,46171,Etairos,46173,27014,46201,Steven Wilson,MORGAN & THORNBURG INC,16511,32149
56321,Conversion,Invoice,Invoice,Yes,Complete,MORGAN & THORNBURG INC,13043.79,USD,46173,Etairos,46173,27014,46203,Steven Wilson,MORGAN & THORNBURG INC,16511,32149
55106,Conversion,Invoice,Invoice,Yes,Complete,MORGAN & THORNBURG INC,74534,USD,46112,Etairos,46173,27014,46142,Steven Wilson,MORGAN & THORNBURG INC,16511,32149
55124,Conversion,Invoice,Invoice,Yes,Complete,MORGAN & THORNBURG INC,31333.62,USD,46112,Etairos,46173,27014,46142,Steven Wilson,MORGAN & THORNBURG INC,16511,32149
55962,Conversion,Invoice,Invoice,Yes,Complete,MATLOCK MECHANICAL LLC,62283.12,USD,46156,Etairos,46173,26824,46186,Steven Wilson,MATLOCK MECHANICAL LLC,16679,31254
56003,Conversion,Invoice,Invoice,Yes,Complete,MORGAN & THORNBURG INC,301125,USD,46160,Etairos,46173,27014,46190,Steven Wilson,MORGAN & THORNBURG INC,16511,32149
55834,Conversion,Invoice,Invoice,Yes,Complete,MORGAN & THORNBURG INC,6453.3,USD,46150,Etairos,46173,27014,46180,Steven Wilson,MORGAN & THORNBURG INC,16511,32149
55223,Conversion,Invoice,Invoice,Yes,Complete,MORGAN & THORNBURG INC,1236186.5,USD,46120,Etairos,46173,27014,46150,Steven Wilson,MORGAN & THORNBURG INC,16511,32149
55890,Conversion,Invoice,Invoice,Yes,Complete,MORGAN & THORNBURG INC,17510,USD,46155,Etairos,46173,27014,46185,Steven Wilson,MORGAN & THORNBURG INC,16511,32149
52703,Conversion,Invoice,Invoice,Yes,Complete,MORGAN & THORNBURG INC,1152.38,USD,45995,Etairos,46173,27014,46025,Steven Wilson,MORGAN & THORNBURG INC,16511,32149
53105,Conversion,Invoice,Invoice,Yes,Complete,SOEFKER SERVICES,2085.25,USD,46014,Etairos,46173,27077,46044,Steven Wilson,SOEFKER SERVICES,16104,31859
55331,Conversion,Invoice,Invoice,Yes,Complete,MORGAN & THORNBURG INC,22202.42,USD,46126,Etairos,46173,27014,46156,Steven Wilson,MORGAN & THORNBURG INC,16511,32149
53412,Conversion,Invoice,Invoice,Yes,Complete,MORGAN & THORNBURG INC,4675.35,USD,46036,Etairos,46173,27014,46066,Steven Wilson,MORGAN & THORNBURG INC,16511,32149
55369,Conversion,Invoice,Invoice,Yes,Complete,MORGAN & THORNBURG INC,2890.82,USD,46127,Etairos,46173,27014,46157,Steven Wilson,MORGAN & THORNBURG INC,16511,32149
53565,Conversion,Invoice,Invoice,Yes,Complete,MORGAN & THORNBURG INC,5811.26,USD,46044,Etairos,46173,27014,46074,Steven Wilson,MORGAN & THORNBURG INC,16511,32149
55428,Conversion,Invoice,Invoice,Yes,Complete,KELE,27100,USD,46133,Etairos,46173,26792,46163,Steven Wilson,KELE,16099,32410
55400,Conversion,Invoice,Invoice,Yes,Complete,MORGAN & THORNBURG INC,147692.77,USD,46132,Etairos,46173,27014,46162,Steven Wilson,MORGAN & THORNBURG INC,16511,32149
55422,Conversion,Invoice,Invoice,Yes,Complete,MORGAN & THORNBURG INC,2195,USD,46133,Etairos,46173,27014,46163,Steven Wilson,MORGAN & THORNBURG INC,16511,32149
55424,Conversion,Invoice,Invoice,Yes,Complete,MORGAN & THORNBURG INC,1097.5,USD,46133,Etairos,46173,27014,46163,Steven Wilson,MORGAN & THORNBURG INC,16511,32149
55429,Conversion,Invoice,Invoice,Yes,Complete,MORGAN & THORNBURG INC,1646.25,USD,46133,Etairos,46173,27014,46163,Steven Wilson,MORGAN & THORNBURG INC,16511,32149
17563,Conversion,Invoice,Invoice,Yes,Complete,INDUSTRIAL COMMERCIAL EQPT,13175,USD,44461,Etairos,46173,28262,44491,Steven Wilson,INDUSTRIAL COMMERCIAL EQPT,16761,30261
17972,Conversion,Invoice,Invoice,Yes,Complete,INDUSTRIAL COMMERCIAL EQPT,961,USD,44473,Etairos,46173,28262,44503,Steven Wilson,INDUSTRIAL COMMERCIAL EQPT,16761,30261
54053,Conversion,Invoice,Invoice,Yes,Complete,MORGAN & THORNBURG INC,8428.8,USD,46064,Etairos,46173,27014,46094,Steven Wilson,MORGAN & THORNBURG INC,16511,32149
54091,Conversion,Invoice,Invoice,Yes,Complete,CBRE GWS LLC,3850,USD,46065,Etairos,46173,27144,46125,Steven Wilson,CBRE GWS LLC,17365,30626
54119,Conversion,Invoice,Invoice,Yes,Complete,MORGAN & THORNBURG INC,71357.76,USD,46066,Etairos,46173,27014,46096,Steven Wilson,MORGAN & THORNBURG INC,16511,32149
55464,Conversion,Invoice,Invoice,Yes,Complete,MORGAN & THORNBURG INC,2195,USD,46135,Etairos,46173,27014,46165,Steven Wilson,MORGAN & THORNBURG INC,16511,32149
54670,Conversion,Invoice,Invoice,Yes,Complete,DAMON-MARCUS CO,3279.33,USD,46091,Etairos,46173,27159,46121,Steven Wilson,DAMON-MARCUS CO,17005,30901
54692,Conversion,Invoice,Invoice,Yes,Complete,MATLOCK MECHANICAL LLC,457.08,USD,46091,Etairos,46173,26824,46121,Steven Wilson,MATLOCK MECHANICAL LLC,16679,31254
55525,Conversion,Invoice,Invoice,Yes,Complete,MATLOCK MECHANICAL LLC,9987.25,USD,46139,Etairos,46173,26824,46169,Steven Wilson,MATLOCK MECHANICAL LLC,16679,31254
54854,Conversion,Invoice,Invoice,Yes,Complete,MORGAN & THORNBURG INC,5761.87,USD,46098,Etairos,46173,27014,46128,Steven Wilson,MORGAN & THORNBURG INC,16511,32149
55753,Conversion,Invoice,Invoice,Yes,Complete,MORGAN & THORNBURG INC,5487.5,USD,46142,Etairos,46173,27014,46172,Steven Wilson,MORGAN & THORNBURG INC,16511,32149
55765,Conversion,Invoice,Invoice,Yes,Complete,MATLOCK MECHANICAL LLC,86925.29,USD,46142,Etairos,46173,26824,46172,Steven Wilson,MATLOCK MECHANICAL LLC,16679,31254
