Invoice Number,INVOICE_ID,Invoice Amount,Invoice date,INVOICE_CURRENCY_CODE,SOURCE,Invoice Type,INVOICE_DESCRIPTION,SUPPLIER_NUMBER,SUPPLIER_NAME,LINE_NUMBER,LINE_TYPE,LINE_AMOUNT,LINE_DESCRIPTION,CHARGE_ACCOUNT
00015279; 00015294,103704,14500,2026-02-03,USD,Conversion,STANDARD,"FB: PO# - 25-16999  Per Quote # dor082925  Please mark shipment: ""Mike's PO# 182236274-005""",101056,CAR-MON PRODUCTS INC,1,ITEM,14500,Dorse_Line_1,1510.1602.100.000.511000.0000.000
000801837 X,103975,3252.6,2026-02-02,USD,Conversion,STANDARD,FB: PO# - 26-10330  Created for SO #240349  Aliecia Carmichael  Purchasing Agent  Code Mechanica...,101196,FANTECH INC / SYSTEMAIR INC,1,ITEM,3252.6,Dorse_Line_1,1510.1601.100.000.511000.0000.000
0168499-IN X,103697,243.09,2026-02-02,USD,Conversion,STANDARD,FB: PO# - 26-10402  Created for SO #244327  SO Note: Alyssa Hand - 253.888.0187  Chris Thomas - ...,100786,YOUNG REGULATOR COMPANY,1,ITEM,243.09,Dorse_Line_1,1510.1601.100.000.511000.0000.000
0168522-IN,104116,3057.07,2026-02-02,USD,Conversion,STANDARD,FB: PO# - 26-10301  Created for SO #244154  Site Contact: Dave 509-359-0422,100786,YOUNG REGULATOR COMPANY,1,ITEM,3057.07,Dorse_Line_1,1510.1602.100.000.511000.0000.000
0168523-IN X,104129,368.25,2026-01-31,USD,Conversion,STANDARD,Original Inv paid under Order# 162805,100786,YOUNG REGULATOR COMPANY,1,ITEM,368.25,Dorse_Line_1,1510.1602.100.000.514000.0000.000
0168736-IN,104130,236,2026-02-13,USD,Conversion,STANDARD,Original Inv paid under Order# 162805,100786,YOUNG REGULATOR COMPANY,1,ITEM,236,Dorse_Line_1,1510.1602.100.000.514000.0000.000
0168780-IN,104126,73.65,2026-02-17,USD,Conversion,STANDARD,Original Inv paid under Order# 0163557,100786,YOUNG REGULATOR COMPANY,1,ITEM,73.65,Dorse_Line_1,1510.1601.100.000.514000.0000.000
0168822-IN,103699,75,2026-02-19,USD,Conversion,STANDARD,FB: PO# - 26-10301A  Created for SO #245811,100786,YOUNG REGULATOR COMPANY,1,ITEM,75,Dorse_Line_1,1510.1601.100.000.511000.0000.000
0168950-IN,103700,1390.47,2026-02-26,USD,Conversion,STANDARD,FB: PO# - 26-10957  Created for SO #245317  SO Note: Alyssa Hand - 253.888.0187  Chris Thomas - ...,100786,YOUNG REGULATOR COMPANY,1,ITEM,1390.47,Dorse_Line_1,1510.1601.100.000.511000.0000.000
03016465CR,106034,-712.86,2025-10-16,USD,Conversion,CREDIT,FB: PO# - 24-17535CR,100751,MI CONTROLS INC,1,ITEM,-712.86,Dorse_Line_1,1510.1601.000.000.115101.0000.000
0465484-IN X,103971,137.57,2026-02-02,USD,Conversion,STANDARD,FB: PO# - 26-10649  Created for SO #244732  SO Note: Rod 425-9676571  PO 2435-148833,100884,DETROIT RADIANT PRODUCTS COMPANY,1,ITEM,137.57,Dorse_Line_1,1510.1601.100.000.511000.0000.000
0465742-IN,103972,172.04,2026-02-05,USD,Conversion,STANDARD,FB: PO# - 26-10788  Created for SO #244989  SO Note: Nikki Knapp 253.872.5665   Service Steel  P...,100884,DETROIT RADIANT PRODUCTS COMPANY,1,ITEM,172.04,Dorse_Line_1,1510.1601.100.000.511000.0000.000
0465743-IN,103707,1452.13,2026-02-05,USD,Conversion,STANDARD,FB: PO# - 26-10172  Created for SO #243930  Site Contact: Rick S. 208-916-7112,100884,DETROIT RADIANT PRODUCTS COMPANY,1,ITEM,1452.13,Dorse_Line_1,1510.1602.100.000.511000.0000.000
0465957-IN,103973,1160.78,2026-02-10,USD,Conversion,STANDARD,FB: PO# - 26-10218  Created for SO #244019,100884,DETROIT RADIANT PRODUCTS COMPANY,1,ITEM,1160.78,Dorse_Line_1,1510.1601.100.000.511000.0000.000
0466401-IN,103708,677.87,2026-02-18,USD,Conversion,STANDARD,FB: PO# - 26-10435  Created for SO #244350,100884,DETROIT RADIANT PRODUCTS COMPANY,1,ITEM,677.87,Dorse_Line_1,1510.1602.100.000.511000.0000.000
0466466-IN,103709,218.15,2026-02-19,USD,Conversion,STANDARD,FB: PO# - 26-11151  Created for SO #245634  SO Note: Steve Johnson   718-1482279A,100884,DETROIT RADIANT PRODUCTS COMPANY,1,ITEM,218.15,Dorse_Line_1,1510.1602.100.000.511000.0000.000
0466707-IN,103710,243.85,2026-02-25,USD,Conversion,STANDARD,FB: PO# - 26-11308  Created for SO #245911  SO Note: UPS - # 1z4566610370856709 ETA at PSF shop ...,100884,DETROIT RADIANT PRODUCTS COMPANY,1,ITEM,243.85,Dorse_Line_1,1510.1602.100.000.511000.0000.000
052357X,103613,369,2026-02-02,USD,Conversion,STANDARD,FB: PO# - 26-10266  Created for SO #244121,100960,METAL FORM MFG CO,1,ITEM,369,Dorse_Line_1,1510.1601.100.000.511000.0000.000
0731026-IN,106011,3425.93,2026-02-20,USD,Conversion,STANDARD,FB: PO# - 26-11081,101130,FRESH AIR MANUFACTURING CO INC,1,ITEM,3425.93,Dorse_Line_1,1510.1601.000.000.115101.0000.000
106247,106021,3987,2026-02-02,USD,Conversion,STANDARD,FB: PO# - 26-10673,100362,SOUTHWARK METAL MANUFACTURING CO INC,1,ITEM,3987,Dorse_Line_1,1510.1601.000.000.115101.0000.000
106510,106022,3027.73,2026-02-10,USD,Conversion,STANDARD,FB: PO# - 26-10849,100362,SOUTHWARK METAL MANUFACTURING CO INC,1,ITEM,3027.73,Dorse_Line_1,1510.1601.000.000.115101.0000.000
11294X,103005,134.04,2026-02-02,USD,Conversion,STANDARD,FB: PO# - 26-10581  Created for SO #244589  SO Note: Kyle Folk   po#32354,101129,GREATER NORTHWEST REPS,1,ITEM,134.04,Dorse_Line_1,1510.1601.100.000.511000.0000.000
11298X,103006,248.31,2026-02-02,USD,Conversion,STANDARD,FB: PO# - 26-10623  Created for SO #244675  SO Note: Jamison Ausburn 425-977-3398  PO 2412-148784,101129,GREATER NORTHWEST REPS,1,ITEM,248.31,Dorse_Line_1,1510.1601.100.000.511000.0000.000
11324,103007,174.83,2026-02-13,USD,Conversion,STANDARD,FB: PO# - 26-11022  Created for SO #245406  SO Note: RONEL MARQUEZ (206) 656-8555   Goodyear #88...,101129,GREATER NORTHWEST REPS,1,ITEM,174.83,Dorse_Line_1,1510.1601.100.000.511000.0000.000
119633M,103950,2951.2,2026-02-20,USD,Conversion,STANDARD,FB: PO# - 26-11042  Created for SO #245272  SO Note: Keith 206-683-1414  Great Sun,101151,METU STREIMER,1,ITEM,2951.2,Dorse_Line_1,1510.1601.150.000.511000.0000.000
158485,104127,51.01,2026-02-25,USD,Conversion,STANDARD,,100504,H & H EXPRESS INC,1,ITEM,51.01,Dorse_Line_1,1510.1602.100.000.514000.0000.000
163557,103698,1186.96,2026-02-13,USD,Conversion,STANDARD,FB: PO# - 26-11053  Created for SO #245216,100786,YOUNG REGULATOR COMPANY,1,ITEM,1186.96,Dorse_Line_1,1510.1601.100.000.511000.0000.000
168903,103953,5018.19,2026-02-18,USD,Conversion,STANDARD,FB: PO# - 26-10270  Created for SO #243581,100382,RAYMON ENTERPRISES INC,1,ITEM,5018.19,Dorse_Line_1,1510.1601.150.000.511000.0000.000
182448069X,103719,10568.69,2026-02-03,USD,Conversion,STANDARD,FB: PO# - 26-10123  Created for SO #243866,101066,GE APPLIANCES A HAIER COMPANY,1,ITEM,10568.69,Dorse_Line_1,1510.1602.100.000.511000.0000.000
182644504,103720,1256,2026-02-05,USD,Conversion,STANDARD,FB: PO# - 26-10123  Created for SO #243866,101066,GE APPLIANCES A HAIER COMPANY,1,ITEM,1256,Dorse_Line_1,1510.1602.100.000.511000.0000.000
182970400,103003,2287,2026-02-23,USD,Conversion,STANDARD,FB: PO# - 26-10804  Created for SO #245055,101066,GE APPLIANCES A HAIER COMPANY,1,ITEM,2287,Dorse_Line_1,1510.1601.100.000.511000.0000.000
194064628,104122,150.68,2026-02-23,USD,Conversion,STANDARD,,100972,DIAMOND LINE DELIVERY SYSTEMS INC,1,ITEM,150.68,Dorse_Line_1,1510.1601.100.000.514000.0000.000
194064630,104124,248.04,2026-02-25,USD,Conversion,STANDARD,,100972,DIAMOND LINE DELIVERY SYSTEMS INC,1,ITEM,248.04,Dorse_Line_1,1510.1601.100.000.514000.0000.000
194091171,104120,301.35,2026-02-10,USD,Conversion,STANDARD,,100972,DIAMOND LINE DELIVERY SYSTEMS INC,1,ITEM,301.35,Dorse_Line_1,1510.1601.100.000.514000.0000.000
194093744,104121,277.19,2026-02-13,USD,Conversion,STANDARD,,100972,DIAMOND LINE DELIVERY SYSTEMS INC,1,ITEM,277.19,Dorse_Line_1,1510.1601.100.000.514000.0000.000
194093757,104123,178.48,2026-02-23,USD,Conversion,STANDARD,,100972,DIAMOND LINE DELIVERY SYSTEMS INC,1,ITEM,178.48,Dorse_Line_1,1510.1601.100.000.514000.0000.000
194253706,104117,203.2,2026-02-02,USD,Conversion,STANDARD,,100972,DIAMOND LINE DELIVERY SYSTEMS INC,1,ITEM,203.2,Dorse_Line_1,1510.1601.100.000.514000.0000.000
194253771,104119,150.4,2026-02-05,USD,Conversion,STANDARD,,100972,DIAMOND LINE DELIVERY SYSTEMS INC,1,ITEM,150.4,Dorse_Line_1,1510.1601.100.000.514000.0000.000
194263606,104118,171.88,2026-02-04,USD,Conversion,STANDARD,,100972,DIAMOND LINE DELIVERY SYSTEMS INC,1,ITEM,171.88,Dorse_Line_1,1510.1601.100.000.514000.0000.000
200310,106047,3938,2026-02-06,USD,Conversion,STANDARD,,101095,INTELLIGENT TECHNICAL SOLUTIONS LLC,1,ITEM,3938,Dorse_Line_1,1510.1601.100.705.728040.0000.000
200472,106048,565.11,2026-02-06,USD,Conversion,STANDARD,,101095,INTELLIGENT TECHNICAL SOLUTIONS LLC,1,ITEM,565.11,Dorse_Line_1,1510.1601.100.705.728040.0000.000
200495,106049,413.46,2026-02-06,USD,Conversion,STANDARD,,101095,INTELLIGENT TECHNICAL SOLUTIONS LLC,1,ITEM,413.46,Dorse_Line_1,1510.1601.100.705.728040.0000.000
200503,106050,358.74,2026-02-06,USD,Conversion,STANDARD,,101095,INTELLIGENT TECHNICAL SOLUTIONS LLC,1,ITEM,358.74,Dorse_Line_1,1510.1601.100.705.728040.0000.000
20260086,103695,5600,2026-01-16,USD,Conversion,STANDARD,FB: PO# - 25-17603  Created for SO #241343,100603,VULNIX FIRE PROTECTION,1,ITEM,5600,Dorse_Line_1,1510.1601.100.000.511000.0000.000
204072134,106040,1674.98,2026-02-11,USD,Conversion,STANDARD,,100363,ULINE,1,ITEM,1674.98,Dorse_Line_1,1510.1601.100.705.740010.0000.000
204233049,106041,2390.66,2026-02-16,USD,Conversion,STANDARD,,100363,ULINE,1,ITEM,2390.66,Dorse_Line_1,1510.1601.100.705.740010.0000.000
22545674,103717,23331,2026-02-12,USD,Conversion,STANDARD,FB: PO# - 26-10924  Created for SO #245271  Quote Number: 73294  Site Contact: Joel Carson 509-4...,101119,FRIEDRICH AIR CONDITIONING INC,1,ITEM,23331,Dorse_Line_1,1510.1602.100.000.511000.0000.000
22922,106017,15742.7,2026-01-30,USD,Conversion,STANDARD,FB: PO# - 26-10414,100710,RAINIER METAL WORKS LLC,1,ITEM,15742.7,Dorse_Line_1,1510.1601.000.000.115101.0000.000
23027,106018,5505.4,2026-02-13,USD,Conversion,STANDARD,FB: PO# - 26-10856,100710,RAINIER METAL WORKS LLC,1,ITEM,5505.4,Dorse_Line_1,1510.1601.000.000.115101.0000.000
23082,106019,783,2026-02-20,USD,Conversion,STANDARD,FB: PO# - 26-11069,100710,RAINIER METAL WORKS LLC,1,ITEM,783,Dorse_Line_1,1510.1601.000.000.115101.0000.000
24409,103702,8885,2026-02-05,USD,Conversion,STANDARD,FB: PO# - 26-10784  Created for SO #245021  Proposal Q-29858-3  Site Contact: Andrea C 509-734-0669,100829,AIRIUS LLC,1,ITEM,8885,Dorse_Line_1,1510.1602.100.000.511000.0000.000
24483,106024,842,2026-02-10,USD,Conversion,STANDARD,FB: PO# - 26-10564  Attn: Stephen Zakowski  Marketing Materials  Freight to be added when invoiced,100829,AIRIUS LLC,1,ITEM,842,Dorse_Line_1,1510.1601.000.000.115101.0000.000
24635,103956,14019.4,2026-02-27,USD,Conversion,STANDARD,FB: PO# - 26-11312  Created for SO #245908  Site Contact: Jeremy M - 509-319-0250,100829,AIRIUS LLC,1,ITEM,14019.4,Dorse_Line_1,1510.1601.100.000.511000.0000.000
24636,103955,1734,2026-02-27,USD,Conversion,STANDARD,FB: PO# - 26-10967  Created for SO #245352,100829,AIRIUS LLC,1,ITEM,1734,Dorse_Line_1,1510.1601.100.000.511000.0000.000
247268CR,106026,-250,2025-10-29,USD,Conversion,CREDIT,FB: PO# - 24-17268CR  Created from RMA #841.,101014,DYNAMIC LOGISTIX,1,ITEM,-250,Dorse_Line_1,1510.1601.000.000.115101.0000.000
259616 X Partial Shi,106004,8145,2026-02-09,USD,Conversion,STANDARD,FB: PO# - 26-10140,100649,DESIGN POLYMERICS,1,ITEM,8145,Dorse_Line_1,1510.1601.000.000.115101.0000.000
266546,106002,2602.1,2026-02-17,USD,Conversion,STANDARD,FB: PO# - 26-11019,100863,AMERICAN LOUVER COMPANY-WA,1,ITEM,2602.1,Dorse_Line_1,1510.1601.000.000.115101.0000.000
3141684,106005,3399.02,2026-02-11,USD,Conversion,STANDARD,FB: PO# - 26-10964,101133,DURO DYNE CORP,1,ITEM,3399.02,Dorse_Line_1,1510.1601.000.000.115101.0000.000
32103944,103713,576,2026-02-03,USD,Conversion,STANDARD,FB: PO# - 26-10061  Created for SO #243747,101119,FRIEDRICH AIR CONDITIONING INC,1,ITEM,576,Dorse_Line_1,1510.1602.100.000.511000.0000.000
32105862,103714,942,2026-02-04,USD,Conversion,STANDARD,FB: PO# - 26-10061  Created for SO #243747,101119,FRIEDRICH AIR CONDITIONING INC,1,ITEM,942,Dorse_Line_1,1510.1602.100.000.511000.0000.000
32106019,103715,3097.32,2026-02-05,USD,Conversion,STANDARD,"FB: PO# - 26-10562  Please mark shipment: ""Tulip Buildings Project""  Per quote 72518",101119,FRIEDRICH AIR CONDITIONING INC,1,ITEM,3097.32,Dorse_Line_1,1510.1602.100.000.511000.0000.000
32114577,103716,1170,2026-02-11,USD,Conversion,STANDARD,FB: PO# - 26-10924  Created for SO #245271  Quote Number: 73294  Site Contact: Joel Carson 509-4...,101119,FRIEDRICH AIR CONDITIONING INC,1,ITEM,1170,Dorse_Line_1,1510.1602.100.000.511000.0000.000
32123952,103718,1997.04,2026-02-23,USD,Conversion,STANDARD,"FB: PO# - 26-10562  Please mark shipment: ""Tulip Buildings Project""  Per quote 72518",101119,FRIEDRICH AIR CONDITIONING INC,1,ITEM,1997.04,Dorse_Line_1,1510.1602.100.000.511000.0000.000
357293,104109,3493.84,2026-01-28,USD,Conversion,STANDARD,FB: PO# - 25-18706  Created for SO #242960  Site Contact: Andrea C 509-734-0669,101143,SOLER & PALAU USA,1,ITEM,3493.84,Dorse_Line_1,1510.1602.100.000.511000.0000.000
357785,104107,83,2026-02-09,USD,Conversion,STANDARD,FB: PO# - 26-10194  Created for SO #243967,101143,SOLER & PALAU USA,1,ITEM,83,Dorse_Line_1,1510.1602.100.000.511000.0000.000
357931,104108,164.66,2026-02-12,USD,Conversion,STANDARD,FB: PO# - 26-10194  Created for SO #243967,101143,SOLER & PALAU USA,1,ITEM,164.66,Dorse_Line_1,1510.1602.100.000.511000.0000.000
358072,103683,1159.84,2026-02-17,USD,Conversion,STANDARD,FB: PO# - 25-18185  Created for SO #242303  Project ID: 861314  Site Contact: Justin Dodd 509-58...,101143,SOLER & PALAU USA,1,ITEM,1159.84,Dorse_Line_1,1510.1601.100.000.511000.0000.000
358318,103684,5476.75,2026-02-23,USD,Conversion,STANDARD,FB: PO# - 26-10194  Created for SO #243967,101143,SOLER & PALAU USA,1,ITEM,5476.75,Dorse_Line_1,1510.1601.100.000.511000.0000.000
358323,103686,6883,2026-02-23,USD,Conversion,STANDARD,FB: PO# - 26-10476  Created for SO #244392,101143,SOLER & PALAU USA,1,ITEM,6883,Dorse_Line_1,1510.1601.100.000.511000.0000.000
358327,103685,10570,2026-02-23,USD,Conversion,STANDARD,FB: PO# - 26-10556  Created for SO #244591  Project ID 890709  Site Contact: Jeremy M 509.724.9090,101143,SOLER & PALAU USA,1,ITEM,10570,Dorse_Line_1,1510.1601.100.000.511000.0000.000
36365,106023,1675,2026-02-06,USD,Conversion,STANDARD,FB: PO# - 26-10044  Created for SO #242736,100464,360 SHEET METAL LLC,1,ITEM,1675,Dorse_Line_1,1510.1601.000.000.115101.0000.000
36426,103701,682,2026-02-11,USD,Conversion,STANDARD,FB: PO# - 26-10516  Created for SO #244525  Site Contact: Jeremy M 509.724.9090,100464,360 SHEET METAL LLC,1,ITEM,682,Dorse_Line_1,1510.1602.100.000.511000.0000.000
374031DUPL,106035,-1308.18,2025-06-22,USD,Conversion,CREDIT,Duplicate Pmt Inv 374031,100753,MIDWEST SNIPS,1,ITEM,-1308.18,Dorse_Line_1,1510.1601.000.000.115101.0000.000
44320,103957,726,2026-02-09,USD,Conversion,STANDARD,FB: PO# - 25-18789  Created for SO #243420  Quote # 12222025-41854-JHAAKE-083807  Site Contact: ...,101163,A-J MANUFACTURING CO,1,ITEM,726,Dorse_Line_1,1510.1601.100.000.511000.0000.000
449158 X,103959,777.5,2026-02-18,USD,Conversion,STANDARD,FB: PO# - 25-18479  Created for SO #241538  SO Note: Sean Camarata   COM Service Calls   PO 1660...,100869,AMERICAN ALDES,1,ITEM,777.5,Dorse_Line_1,1510.1601.100.000.511000.0000.000
449528,103962,32955.5,2026-02-26,USD,Conversion,STANDARD,FB: PO# - 26-10920  Created for SO #245265,100869,AMERICAN ALDES,1,ITEM,32955.5,Dorse_Line_1,1510.1601.100.000.511000.0000.000
449552,103958,280.54,2026-02-13,USD,Conversion,STANDARD,FB: PO# - 26-10995  Created for SO #244714,100869,AMERICAN ALDES,1,ITEM,280.54,Dorse_Line_1,1510.1601.100.000.511000.0000.000
449595,103961,764.08,2026-02-23,USD,Conversion,STANDARD,FB: PO# - 26-11177  Created for SO #245646,100869,AMERICAN ALDES,1,ITEM,764.08,Dorse_Line_1,1510.1601.100.000.511000.0000.000
449609,103960,849.4,2026-02-23,USD,Conversion,STANDARD,FB: PO# - 26-11199  Created for SO #245722  SO Note: Contact phone number: 206-200-2353 David GC...,100869,AMERICAN ALDES,1,ITEM,849.4,Dorse_Line_1,1510.1601.100.000.511000.0000.000
449624,103703,1767.39,2026-02-23,USD,Conversion,STANDARD,FB: PO# - 26-11251  Created for SO #245799,100869,AMERICAN ALDES,1,ITEM,1767.39,Dorse_Line_1,1510.1602.100.000.511000.0000.000
478280 X,103606,123.19,2026-02-17,USD,Conversion,STANDARD,FB: PO# - 25-18719A  Created for SO #245648,100628,MARLEY ENGINEERED PRODUCTS,1,ITEM,123.19,Dorse_Line_1,1510.1601.100.000.511000.0000.000
479162,104080,12216.28,2026-01-16,USD,Conversion,STANDARD,FB: PO# - 25-18211  Created for SO #242336  SO Note: Pricing is OK,100628,MARLEY ENGINEERED PRODUCTS,1,ITEM,12216.28,Dorse_Line_1,1510.1602.100.000.511000.0000.000
479455,103609,807.82,2026-01-20,USD,Conversion,STANDARD,FB: PO# - 26-10112  Created for SO #243850  Site Contact: Jeremy M 509-724-9090,100628,MARLEY ENGINEERED PRODUCTS,1,ITEM,807.82,Dorse_Line_1,1510.1601.100.000.511000.0000.000
480124,103610,12844.12,2026-01-22,USD,Conversion,STANDARD,"FB: PO# - 25-16286  Please mark shipment: ""Legacy PO# JM00537""  Per quote # Q-421899",100628,MARLEY ENGINEERED PRODUCTS,1,ITEM,12844.12,Dorse_Line_1,1510.1601.100.000.511000.0000.000
481081,104081,2246.14,2026-01-27,USD,Conversion,STANDARD,FB: PO# - 26-10318  Created for SO #244207  Quote # Q-437698  Site Contact: Vince M,100628,MARLEY ENGINEERED PRODUCTS,1,ITEM,2246.14,Dorse_Line_1,1510.1602.100.000.511000.0000.000
481454,103611,5727.38,2026-01-28,USD,Conversion,STANDARD,FB: PO# - 26-10047  Created for SO #243714  Quote # Q-442082  Site Contact: Andrea C 509-734-066...,100628,MARLEY ENGINEERED PRODUCTS,1,ITEM,5727.38,Dorse_Line_1,1510.1601.100.000.511000.0000.000
481455,103612,1116.88,2026-01-28,USD,Conversion,STANDARD,FB: PO# - 26-10268  Created for SO #244126,100628,MARLEY ENGINEERED PRODUCTS,1,ITEM,1116.88,Dorse_Line_1,1510.1601.100.000.511000.0000.000
481875X,104073,3585.3,2026-02-02,USD,Conversion,STANDARD,FB: PO# - 25-18719  Created for SO #243284  Site Contact: Robert D 509.934.0572,100628,MARLEY ENGINEERED PRODUCTS,1,ITEM,3585.3,Dorse_Line_1,1510.1602.100.000.511000.0000.000
481876X,104075,699.87,2026-02-02,USD,Conversion,STANDARD,"FB: PO# - 26-10090  Please mark shipment: ""McKinstry PO# 26007070""  Attn: Carolyn Hall (509) 676...",100628,MARLEY ENGINEERED PRODUCTS,1,ITEM,699.87,Dorse_Line_1,1510.1602.100.000.511000.0000.000
481877X,104074,528.85,2026-02-02,USD,Conversion,STANDARD,FB: PO# - 26-10572  PACKING SLIP MUST REFERENCE CUSTOMER PO# BMM1358,100628,MARLEY ENGINEERED PRODUCTS,1,ITEM,528.85,Dorse_Line_1,1510.1602.100.000.511000.0000.000
481878X,103596,1143.29,2026-02-02,USD,Conversion,STANDARD,FB: PO# - 26-10580  Created for SO #244615  Site Contact: Andrea C 509-734-0669 ext 121,100628,MARLEY ENGINEERED PRODUCTS,1,ITEM,1143.29,Dorse_Line_1,1510.1601.100.000.511000.0000.000
482676,103597,362.7,2026-02-03,USD,Conversion,STANDARD,FB: PO# - 26-10580  Created for SO #244615  Site Contact: Andrea C 509-734-0669 ext 121,100628,MARLEY ENGINEERED PRODUCTS,1,ITEM,362.7,Dorse_Line_1,1510.1601.100.000.511000.0000.000
482911,103598,143.79,2026-02-04,USD,Conversion,STANDARD,FB: PO# - 26-10599  Created for SO #244669,100628,MARLEY ENGINEERED PRODUCTS,1,ITEM,143.79,Dorse_Line_1,1510.1601.100.000.511000.0000.000
483215,104076,1115.58,2026-02-05,USD,Conversion,STANDARD,"FB: PO# - 26-10090  Please mark shipment: ""McKinstry PO# 26007070""  Attn: Carolyn Hall (509) 676...",100628,MARLEY ENGINEERED PRODUCTS,1,ITEM,1115.58,Dorse_Line_1,1510.1602.100.000.511000.0000.000
483216,103599,222.39,2026-02-05,USD,Conversion,STANDARD,FB: PO# - 26-10599  Created for SO #244669,100628,MARLEY ENGINEERED PRODUCTS,1,ITEM,222.39,Dorse_Line_1,1510.1601.100.000.511000.0000.000
483458,103600,6598.88,2026-02-06,USD,Conversion,STANDARD,"FB: PO# - 25-18200  Per Quote Q-432593  Please mark shipment: ""Bruce PO# 31446""",100628,MARLEY ENGINEERED PRODUCTS,1,ITEM,6598.88,Dorse_Line_1,1510.1601.100.000.511000.0000.000
484088,103601,296,2026-02-09,USD,Conversion,STANDARD,FB: PO# - 25-18520  Created for SO #242889  SO Note: Felicia Smith 657-799-4901  TARG627-HVAC  P...,100628,MARLEY ENGINEERED PRODUCTS,1,ITEM,296,Dorse_Line_1,1510.1601.100.000.511000.0000.000
484549,104077,990.4,2026-02-10,USD,Conversion,STANDARD,FB: PO# - 26-10580  Created for SO #244615  Site Contact: Andrea C 509-734-0669 ext 121,100628,MARLEY ENGINEERED PRODUCTS,1,ITEM,990.4,Dorse_Line_1,1510.1602.100.000.511000.0000.000
484550,103602,151.52,2026-02-10,USD,Conversion,STANDARD,FB: PO# - 26-10586  Created for SO #244633  Site Contact: Chris M: 509.572.7087,100628,MARLEY ENGINEERED PRODUCTS,1,ITEM,151.52,Dorse_Line_1,1510.1601.100.000.511000.0000.000
485015,103603,125.26,2026-02-11,USD,Conversion,STANDARD,FB: PO# - 26-10599  Created for SO #244669,100628,MARLEY ENGINEERED PRODUCTS,1,ITEM,125.26,Dorse_Line_1,1510.1601.100.000.511000.0000.000
485016,103604,554.22,2026-02-11,USD,Conversion,STANDARD,FB: PO# - 26-10599  Created for SO #244669,100628,MARLEY ENGINEERED PRODUCTS,1,ITEM,554.22,Dorse_Line_1,1510.1601.100.000.511000.0000.000
486081,103605,1208.04,2026-02-14,USD,Conversion,STANDARD,FB: PO# - 26-10599  Created for SO #244669,100628,MARLEY ENGINEERED PRODUCTS,1,ITEM,1208.04,Dorse_Line_1,1510.1601.100.000.511000.0000.000
486891,103607,340.84,2026-02-17,USD,Conversion,STANDARD,FB: PO# - 26-10829  Created for SO #245096,100628,MARLEY ENGINEERED PRODUCTS,1,ITEM,340.84,Dorse_Line_1,1510.1601.100.000.511000.0000.000
488378,104078,1097.81,2026-02-23,USD,Conversion,STANDARD,FB: PO# - 26-11277  Created for SO #245845,100628,MARLEY ENGINEERED PRODUCTS,1,ITEM,1097.81,Dorse_Line_1,1510.1602.100.000.511000.0000.000
489031,104079,553.49,2026-02-25,USD,Conversion,STANDARD,FB: PO# - 26-11055  Created for SO #245495  Site Contact: Mary H 509-940-0296,100628,MARLEY ENGINEERED PRODUCTS,1,ITEM,553.49,Dorse_Line_1,1510.1602.100.000.511000.0000.000
489301,103608,99.68,2026-02-26,USD,Conversion,STANDARD,FB: PO# - 26-11294  Created for SO #245863,100628,MARLEY ENGINEERED PRODUCTS,1,ITEM,99.68,Dorse_Line_1,1510.1601.100.000.511000.0000.000
51831,103682,517.7,2026-02-26,USD,Conversion,STANDARD,FB: PO# - 26-11336  Created for SO #245937  SO Note: Jason Walston - 206.501.8520  Seattle House...,100382,RAYMON ENTERPRISES INC,1,ITEM,517.7,Dorse_Line_1,1510.1601.100.000.511000.0000.000
558971,103967,3644,2026-01-30,USD,Conversion,STANDARD,FB: PO# - 26-10543  Created for SO #244571  Site Contact: Andrea C 509-734-0669,100418,CDI CURBS-WA,1,ITEM,3644,Dorse_Line_1,1510.1601.100.000.511000.0000.000
562223,103968,4180,2026-02-25,USD,Conversion,STANDARD,FB: PO# - 26-11207  Created for SO #245736,100418,CDI CURBS-WA,1,ITEM,4180,Dorse_Line_1,1510.1601.100.000.511000.0000.000
58202X,103690,10200,2026-02-02,USD,Conversion,STANDARD,FB: PO# - 25-18760  Created for SO #243370  Ramie Havens  C: 206.852.6021,100922,VAW SYSTEMS LTD,1,ITEM,10200,Dorse_Line_1,1510.1601.100.000.511000.0000.000
58212,103691,2840,2026-02-02,USD,Conversion,STANDARD,FB: PO# - 25-18565  Packing slip must reference customer PO# 404858    Reference quote # 2592844,100922,VAW SYSTEMS LTD,1,ITEM,2840,Dorse_Line_1,1510.1601.100.000.511000.0000.000
58260,104114,1150,2026-02-10,USD,Conversion,STANDARD,FB: PO# - 25-18838  Created for SO #243536  Quote #: 2593159  Site Contact: Eric R 208-660-2876,100922,VAW SYSTEMS LTD,1,ITEM,1150,Dorse_Line_1,1510.1602.100.000.511000.0000.000
58277,104115,1720,2026-02-11,USD,Conversion,STANDARD,FB: PO# - 26-10319  Created for SO #244209  Quote # 2593531,100922,VAW SYSTEMS LTD,1,ITEM,1720,Dorse_Line_1,1510.1602.100.000.511000.0000.000
6334,106015,7119.4,2026-02-02,USD,Conversion,STANDARD,FB: PO# - 26-10469,101002,JUST RIGHT HEATING & COOLING INC,1,ITEM,7119.4,Dorse_Line_1,1510.1601.000.000.115101.0000.000
6377849-00,106003,299.76,2026-02-23,USD,Conversion,STANDARD,FB: PO# - 26-11242,100716,CASCADE WHOLESALE HARDWARE INC-1,1,ITEM,299.76,Dorse_Line_1,1510.1601.000.000.115101.0000.000
64197214-00,106020,-204.51,2024-12-17,USD,Conversion,CREDIT,Repairs,100308,REFRIGERATION SUPPLIES DISTRIBUTOR,1,ITEM,-204.51,Dorse_Line_1,1510.1601.000.000.115101.0000.000
74485,106006,615,2026-02-13,USD,Conversion,STANDARD,FB: PO# - 26-10390,101042,ECCO MANUFACTURING-WA,1,ITEM,615,Dorse_Line_1,1510.1601.000.000.115101.0000.000
74514,106007,185.99,2026-02-13,USD,Conversion,STANDARD,FB: PO# - 26-11002,101042,ECCO MANUFACTURING-WA,1,ITEM,185.99,Dorse_Line_1,1510.1601.000.000.115101.0000.000
74778,103711,1270,2026-02-18,USD,Conversion,STANDARD,FB: PO# - 25-16283  PACKING SLIP MUST REFERENCE CUSTOMER PO# 103421    SO Note: Mt. Baker Power ...,101042,ECCO MANUFACTURING-WA,1,ITEM,1270,Dorse_Line_1,1510.1602.100.000.511000.0000.000
75315,106008,1664.05,2026-02-24,USD,Conversion,STANDARD,FB: PO# - 26-11211,101042,ECCO MANUFACTURING-WA,1,ITEM,1664.05,Dorse_Line_1,1510.1601.000.000.115101.0000.000
7668,104106,16068.75,2026-02-13,USD,Conversion,STANDARD,FB: PO# - 25-18837  Created for SO #243535  Quote #: 2502228-4  Site Contact: Eric R 208-660-2876,101195,PRIHODA NORTH AMERICA,1,ITEM,16068.75,Dorse_Line_1,1510.1602.100.000.511000.0000.000
7671,104105,4597.5,2026-02-13,USD,Conversion,STANDARD,FB: PO# - 26-10063  Created for SO #243751  Quote #: 2501823-0  Site Contact: Andrea C 509-734-0669,101195,PRIHODA NORTH AMERICA,1,ITEM,4597.5,Dorse_Line_1,1510.1602.100.000.511000.0000.000
76963287X,104112,796.46,2026-02-02,USD,Conversion,STANDARD,FB: PO# - 26-10201  Created for SO #243971  Quote # TQ00087670  Site Contact: Andrea C 509.734.0...,100428,TUTCO INC,1,ITEM,796.46,Dorse_Line_1,1510.1602.100.000.511000.0000.000
76963591,104113,10093.27,2026-02-04,USD,Conversion,STANDARD,FB: PO# - 26-10280  Created for SO #244149  Quote # TQ00089506  Site Contact: Dave 509.359.0422,100428,TUTCO INC,1,ITEM,10093.27,Dorse_Line_1,1510.1602.100.000.511000.0000.000
80338,103976,654.12,2026-02-25,USD,Conversion,STANDARD,FB: PO# - 26-11202  Created for SO #245721  Site Contact: Matthew Marley 509-781-3555,101196,FANTECH INC / SYSTEMAIR INC,1,ITEM,654.12,Dorse_Line_1,1510.1601.100.000.511000.0000.000
803438,103977,447.12,2026-02-26,USD,Conversion,STANDARD,FB: PO# - 26-11292  Created for SO #245871,101196,FANTECH INC / SYSTEMAIR INC,1,ITEM,447.12,Dorse_Line_1,1510.1601.100.000.511000.0000.000
803459,103002,1475.91,2026-02-26,USD,Conversion,STANDARD,"FB: PO# - 26-11328  Please mark shipment: ""Salon Project""",101196,FANTECH INC / SYSTEMAIR INC,1,ITEM,1475.91,Dorse_Line_1,1510.1601.100.000.511000.0000.000
810307330,103721,2087.17,2026-02-26,USD,Conversion,STANDARD,FB: PO# - 26-10149  Created for SO #243889,101016,GRAINGER (ACH),1,ITEM,2087.17,Dorse_Line_1,1510.1602.100.000.511000.0000.000
810307330 X,103004,217,2026-02-26,USD,Conversion,STANDARD,FB: PO# - 26-10178  Created for SO #243942,101016,GRAINGER (ACH),1,ITEM,217,Dorse_Line_1,1510.1601.100.000.511000.0000.000
8560,103712,6222.42,2026-02-09,USD,Conversion,STANDARD,FB: PO# - 26-10427  Created for SO #244374  Quote 1482  Site Contact: Shawn O 509.325.4505,100652,EP CUSTOM PRODUCTS INC,1,ITEM,6222.42,Dorse_Line_1,1510.1602.100.000.511000.0000.000
8569,103974,19670,2026-02-25,USD,Conversion,STANDARD,"FB: PO# - 26-10322  Per Quote 1921  Please mark shipment: ""McClintock & Turk PO# 5427""",100652,EP CUSTOM PRODUCTS INC,1,ITEM,19670,Dorse_Line_1,1510.1601.100.000.511000.0000.000
90000087991,104104,9709.82,2026-01-18,USD,Conversion,STANDARD,FB: PO# - 25-18416  Created for SO #242727,100483,PANASONIC HOME & COMMERCIAL,1,ITEM,9709.82,Dorse_Line_1,1510.1602.100.000.511000.0000.000
9000088433,103679,1769.46,2026-01-19,USD,Conversion,STANDARD,FB: PO# - 25-18676  Created for SO #243208,100483,PANASONIC HOME & COMMERCIAL,1,ITEM,1769.46,Dorse_Line_1,1510.1601.100.000.511000.0000.000
9000090722,103680,14973,2026-01-21,USD,Conversion,STANDARD,FB: PO# - 26-10029  Created for SO #242790  SO Note: Tax code 1800,100483,PANASONIC HOME & COMMERCIAL,1,ITEM,14973,Dorse_Line_1,1510.1601.100.000.511000.0000.000
9000090724,103681,2190.78,2026-01-21,USD,Conversion,STANDARD,FB: PO# - 25-17787  Created for SO #241596  SO Note: 20-24-22330 / 616 Battery,100483,PANASONIC HOME & COMMERCIAL,1,ITEM,2190.78,Dorse_Line_1,1510.1601.100.000.511000.0000.000
9000100465 X,106037,766.89,2026-02-09,USD,Conversion,STANDARD,FB: PO# - 26-10024,100483,PANASONIC HOME & COMMERCIAL,1,ITEM,766.89,Dorse_Line_1,1510.1601.000.000.115101.0000.000
9000101848X,106036,1438.08,2026-02-02,USD,Conversion,STANDARD,FB: PO# - 26-10024,100483,PANASONIC HOME & COMMERCIAL,1,ITEM,1438.08,Dorse_Line_1,1510.1601.000.000.115101.0000.000
9000103422,103672,3.5,2026-02-01,USD,Conversion,STANDARD,FB: PO# - 26-10277  Created for SO #244143,100483,PANASONIC HOME & COMMERCIAL,1,ITEM,3.5,Dorse_Line_1,1510.1601.100.000.511000.0000.000
9000110770,103677,10511.89,2026-02-19,USD,Conversion,STANDARD,FB: PO# - 26-10824  Created for SO #245080  Site Contact: Andrea C 509-734-0669  CUSTOMER CANNOT...,100483,PANASONIC HOME & COMMERCIAL,1,ITEM,10511.89,Dorse_Line_1,1510.1601.100.000.511000.0000.000
9000111086,104101,3300,2026-02-10,USD,Conversion,STANDARD,FB: PO# - 26-10474  Created for SO #244453  Site Contact: Eric 509-862-8704,100483,PANASONIC HOME & COMMERCIAL,1,ITEM,3300,Dorse_Line_1,1510.1602.100.000.511000.0000.000
9000111089,103673,27634.82,2026-02-10,USD,Conversion,STANDARD,FB: PO# - 26-10430  Created for SO #244386,100483,PANASONIC HOME & COMMERCIAL,1,ITEM,27634.82,Dorse_Line_1,1510.1601.100.000.511000.0000.000
9000114358,103674,71.25,2026-02-12,USD,Conversion,STANDARD,FB: PO# - 26-10826  Created for SO #240443,100483,PANASONIC HOME & COMMERCIAL,1,ITEM,71.25,Dorse_Line_1,1510.1601.100.000.511000.0000.000
9000116341,103675,350.58,2026-02-14,USD,Conversion,STANDARD,FB: PO# - 26-10826  Created for SO #240443,100483,PANASONIC HOME & COMMERCIAL,1,ITEM,350.58,Dorse_Line_1,1510.1601.100.000.511000.0000.000
9000116728,104102,449.4,2026-02-15,USD,Conversion,STANDARD,FB: PO# - 25-18659  Created for SO #243153  Site Contact: Joey Webb 509-544-8840,100483,PANASONIC HOME & COMMERCIAL,1,ITEM,449.4,Dorse_Line_1,1510.1602.100.000.511000.0000.000
9000116730,103676,206.52,2026-02-15,USD,Conversion,STANDARD,FB: PO# - 25-18577  Created for SO #242365,100483,PANASONIC HOME & COMMERCIAL,1,ITEM,206.52,Dorse_Line_1,1510.1601.100.000.511000.0000.000
9000117643,106038,161.97,2026-02-16,USD,Conversion,STANDARD,FB: PO# - 26-10826A,100483,PANASONIC HOME & COMMERCIAL,1,ITEM,161.97,Dorse_Line_1,1510.1601.000.000.115101.0000.000
9000119767,104103,3260.24,2026-02-18,USD,Conversion,STANDARD,"FB: PO# - 26-10956  Please mark shipment: ""Campbell PO# 1249086 The Wash""",100483,PANASONIC HOME & COMMERCIAL,1,ITEM,3260.24,Dorse_Line_1,1510.1602.100.000.511000.0000.000
9000125855,103678,7672.4,2026-02-25,USD,Conversion,STANDARD,FB: PO# - 26-11043  Created for SO #245477  Site Contact: Eric 509-862-8704,100483,PANASONIC HOME & COMMERCIAL,1,ITEM,7672.4,Dorse_Line_1,1510.1601.100.000.511000.0000.000
91185199,103688,509.72,2026-02-04,USD,Conversion,STANDARD,"FB: PO# - 26-10233  Please mark shipment: ""Total PO# 23492-214075""",101160,TPI CORP (MARKEL),1,ITEM,509.72,Dorse_Line_1,1510.1601.100.000.511000.0000.000
91185965,104110,2449.31,2026-02-09,USD,Conversion,STANDARD,FB: PO# - 26-10614  Created for SO #244694  Quote M2S1L  Site Contact: Vince M (208) 661-9887,101160,TPI CORP (MARKEL),1,ITEM,2449.31,Dorse_Line_1,1510.1602.100.000.511000.0000.000
91186245,104111,2134.63,2026-02-10,USD,Conversion,STANDARD,"FB: PO# - 26-10325  Per quote KWDW1  Please mark shipment: ""McKinstry PO 24313008""",101160,TPI CORP (MARKEL),1,ITEM,2134.63,Dorse_Line_1,1510.1602.100.000.511000.0000.000
91188988,103689,181.05,2026-02-23,USD,Conversion,STANDARD,FB: PO# - 26-11278  Created for SO #245846,101160,TPI CORP (MARKEL),1,ITEM,181.05,Dorse_Line_1,1510.1601.100.000.511000.0000.000
91817565 X,103667,11766,2026-02-12,USD,Conversion,STANDARD,FB: PO# - 25-15851  Created for SO #237352,100851,MODINE MANUFACTURING COMPANY,1,ITEM,11766,Dorse_Line_1,1510.1601.100.000.511000.0000.000
91852004X,103665,2532.82,2026-02-02,USD,Conversion,STANDARD,FB: PO# - 26-10532  Created for SO #244545,100851,MODINE MANUFACTURING COMPANY,1,ITEM,2532.82,Dorse_Line_1,1510.1601.100.000.511000.0000.000
91852079,104100,5438.69,2026-01-30,USD,Conversion,STANDARD,FB: PO# - 26-10421  Created for SO #244363,100851,MODINE MANUFACTURING COMPANY,1,ITEM,5438.69,Dorse_Line_1,1510.1602.100.000.511000.0000.000
91854332,103666,268.88,2026-02-05,USD,Conversion,STANDARD,FB: PO# - 26-11097  Created for SO #245560,100851,MODINE MANUFACTURING COMPANY,1,ITEM,268.88,Dorse_Line_1,1510.1601.100.000.511000.0000.000
91858370,103668,3744.78,2026-02-13,USD,Conversion,STANDARD,FB: PO# - 26-10251  Created for SO #244073,100851,MODINE MANUFACTURING COMPANY,1,ITEM,3744.78,Dorse_Line_1,1510.1601.100.000.511000.0000.000
91858419,103669,2737.34,2026-02-13,USD,Conversion,STANDARD,FB: PO# - 26-10716  Created for SO #244891,100851,MODINE MANUFACTURING COMPANY,1,ITEM,2737.34,Dorse_Line_1,1510.1601.100.000.511000.0000.000
91859160,103670,416.72,2026-02-17,USD,Conversion,STANDARD,FB: PO# - 26-10251  Created for SO #244073,100851,MODINE MANUFACTURING COMPANY,1,ITEM,416.72,Dorse_Line_1,1510.1601.100.000.511000.0000.000
91860145,103671,158.01,2026-02-18,USD,Conversion,STANDARD,FB: PO# - 26-10421  Created for SO #244363,100851,MODINE MANUFACTURING COMPANY,1,ITEM,158.01,Dorse_Line_1,1510.1601.100.000.511000.0000.000
95633745,103321,4261.7,2025-12-31,USD,Conversion,STANDARD,FB: PO# - 25-18118  Created for SO #242221,100866,GREENHECK FAN CORPORATION (V),1,ITEM,4261.7,Dorse_Line_1,1510.1601.100.000.511000.0000.000
95634339CR,103696,-13562.36,2026-01-19,USD,Conversion,CREDIT,Incorrect Payment Credit,100603,VULNIX FIRE PROTECTION,1,ITEM,-13562.36,Dorse_Line_1,1510.1601.100.000.511000.0000.000
95635945,103059,329.01,2026-02-03,USD,Conversion,STANDARD,FB: PO# - 26-10738  Created for SO #244921,100866,GREENHECK FAN CORPORATION (V),1,ITEM,329.01,Dorse_Line_1,1510.1601.100.000.511000.0000.000
95641852,103871,1969.92,2025-12-31,USD,Conversion,STANDARD,FB: PO# - 25-18385  Created for SO #242677  SO Note: Kia Olympia  Attention Todd Willams,100866,GREENHECK FAN CORPORATION (V),1,ITEM,1969.92,Dorse_Line_1,1510.1602.100.000.511000.0000.000
95650212,103310,2635.35,2025-12-30,USD,Conversion,STANDARD,FB: PO# - 25-18283  Created for SO #242457,100866,GREENHECK FAN CORPORATION (V),1,ITEM,2635.35,Dorse_Line_1,1510.1601.100.000.511000.0000.000
95652170,103322,8458.54,2025-12-31,USD,Conversion,STANDARD,"FB: PO# - 25-18068  Louvers originally ordered on 9724187.  That order was canceled, and re-orde...",100866,GREENHECK FAN CORPORATION (V),1,ITEM,8458.54,Dorse_Line_1,1510.1601.100.000.511000.0000.000
95652728,103311,2515.75,2025-12-30,USD,Conversion,STANDARD,FB: PO# - 25-18471  Created for SO #242845,100866,GREENHECK FAN CORPORATION (V),1,ITEM,2515.75,Dorse_Line_1,1510.1601.100.000.511000.0000.000
95652973,103313,4917.7,2025-12-30,USD,Conversion,STANDARD,FB: PO# - 25-18675  Created for SO #243208,100866,GREENHECK FAN CORPORATION (V),1,ITEM,4917.7,Dorse_Line_1,1510.1601.100.000.511000.0000.000
95652974,103314,4203.96,2025-12-30,USD,Conversion,STANDARD,FB: PO# - 25-17720  Created for SO #241506  Janelle Kaplan  |  Purchasing Coordinator  Hermanson...,100866,GREENHECK FAN CORPORATION (V),1,ITEM,4203.96,Dorse_Line_1,1510.1601.100.000.511000.0000.000
95653026,103312,1654.79,2025-12-30,USD,Conversion,STANDARD,FB: PO# - 25-18437  Created for SO #242778,100866,GREENHECK FAN CORPORATION (V),1,ITEM,1654.79,Dorse_Line_1,1510.1601.100.000.511000.0000.000
95653029,103315,1558.27,2025-12-30,USD,Conversion,STANDARD,FB: PO# - 25-18602  Created for SO #243009,100866,GREENHECK FAN CORPORATION (V),1,ITEM,1558.27,Dorse_Line_1,1510.1601.100.000.511000.0000.000
95653121,103316,2564.02,2025-12-30,USD,Conversion,STANDARD,FB: PO# - 25-18090  Created for SO #242148,100866,GREENHECK FAN CORPORATION (V),1,ITEM,2564.02,Dorse_Line_1,1510.1601.100.000.511000.0000.000
95653158,103870,23519.17,2025-12-31,USD,Conversion,STANDARD,FB: PO# - 25-16307  Created for SO #239077  SO Note: Call 48 Hours Prior to Delivery	  Attn: Ans...,100866,GREENHECK FAN CORPORATION (V),1,ITEM,23519.17,Dorse_Line_1,1510.1602.100.000.511000.0000.000
95653159 X,104042,122363.55,2026-01-26,USD,Conversion,STANDARD,FB: PO# - 25-16307  Created for SO #239077  SO Note: Call 48 Hours Prior to Delivery	  Attn: Ans...,100866,GREENHECK FAN CORPORATION (V),1,ITEM,122363.55,Dorse_Line_1,1510.1602.100.000.511000.0000.000
95653710,103317,1055.32,2025-12-30,USD,Conversion,STANDARD,FB: PO# - 25-18219  Created for SO #242347,100866,GREENHECK FAN CORPORATION (V),1,ITEM,1055.32,Dorse_Line_1,1510.1601.100.000.511000.0000.000
95653792,103867,1106.98,2025-12-30,USD,Conversion,STANDARD,FB: PO# - 25-18307  Created for SO #242507,100866,GREENHECK FAN CORPORATION (V),1,ITEM,1106.98,Dorse_Line_1,1510.1602.100.000.511000.0000.000
95654054,103319,1259.81,2025-12-30,USD,Conversion,STANDARD,FB: PO# - 25-18285  Created for SO #242458  Ryan McLaughlin | Sr. Project Manager  430 SW 153rd ...,100866,GREENHECK FAN CORPORATION (V),1,ITEM,1259.81,Dorse_Line_1,1510.1601.100.000.511000.0000.000
95654177,103868,17358.92,2025-12-30,USD,Conversion,STANDARD,FB: PO# - 25-18246  Created for SO #242289,100866,GREENHECK FAN CORPORATION (V),1,ITEM,17358.92,Dorse_Line_1,1510.1602.100.000.511000.0000.000
9565425,103925,467.45,2026-01-13,USD,Conversion,STANDARD,FB: PO# - 26-10017  Created for SO #243665,100866,GREENHECK FAN CORPORATION (V),1,ITEM,467.45,Dorse_Line_1,1510.1602.100.000.511000.0000.000
95654308,103869,1014.17,2025-12-30,USD,Conversion,STANDARD,FB: PO# - 25-18746  Created for SO #243344,100866,GREENHECK FAN CORPORATION (V),1,ITEM,1014.17,Dorse_Line_1,1510.1602.100.000.511000.0000.000
95654316 X,103340,361.77,2026-01-05,USD,Conversion,STANDARD,FB: PO# - 25-18557  Created for SO #242994,100866,GREENHECK FAN CORPORATION (V),1,ITEM,361.77,Dorse_Line_1,1510.1601.100.000.511000.0000.000
95654367,103318,1796.15,2025-12-30,USD,Conversion,STANDARD,FB: PO# - 25-18584  Created for SO #243045,100866,GREENHECK FAN CORPORATION (V),1,ITEM,1796.15,Dorse_Line_1,1510.1601.100.000.511000.0000.000
95654690,103320,1223.15,2025-12-30,USD,Conversion,STANDARD,FB: PO# - 25-18782  Created for SO #243395,100866,GREENHECK FAN CORPORATION (V),1,ITEM,1223.15,Dorse_Line_1,1510.1601.100.000.511000.0000.000
95654738,103323,19989.28,2025-12-31,USD,Conversion,STANDARD,FB: PO# - 25-18085  Created for SO #241889,100866,GREENHECK FAN CORPORATION (V),1,ITEM,19989.28,Dorse_Line_1,1510.1601.100.000.511000.0000.000
95654940,103324,1186,2025-12-31,USD,Conversion,STANDARD,FB: PO# - 25-18253  Created for SO #240830,100866,GREENHECK FAN CORPORATION (V),1,ITEM,1186,Dorse_Line_1,1510.1601.100.000.511000.0000.000
95655254,103325,7106.02,2025-12-31,USD,Conversion,STANDARD,FB: PO# - 25-18694  Created for SO #243240,100866,GREENHECK FAN CORPORATION (V),1,ITEM,7106.02,Dorse_Line_1,1510.1601.100.000.511000.0000.000
95655317,103872,7758.87,2025-12-31,USD,Conversion,STANDARD,FB: PO# - 25-18421  Created for SO #242738,100866,GREENHECK FAN CORPORATION (V),1,ITEM,7758.87,Dorse_Line_1,1510.1602.100.000.511000.0000.000
95655407,103326,1091.36,2025-12-31,USD,Conversion,STANDARD,FB: PO# - 25-18216  Created for SO #242078,100866,GREENHECK FAN CORPORATION (V),1,ITEM,1091.36,Dorse_Line_1,1510.1601.100.000.511000.0000.000
95655595,103884,2895.9,2026-01-05,USD,Conversion,STANDARD,FB: PO# - 25-18321  Created for SO #242533,100866,GREENHECK FAN CORPORATION (V),1,ITEM,2895.9,Dorse_Line_1,1510.1602.100.000.511000.0000.000
95655660 X,103333,3764.7,2026-01-05,USD,Conversion,STANDARD,FB: PO# - 25-17692  Created for SO #241455,100866,GREENHECK FAN CORPORATION (V),1,ITEM,3764.7,Dorse_Line_1,1510.1601.100.000.511000.0000.000
95655801,103327,81.57,2026-01-02,USD,Conversion,STANDARD,FB: PO# - 25-18763  Created for SO #243183,100866,GREENHECK FAN CORPORATION (V),1,ITEM,81.57,Dorse_Line_1,1510.1601.100.000.511000.0000.000
95655892,103873,5075.22,2026-01-02,USD,Conversion,STANDARD,FB: PO# - 25-18503  Created for SO #242887  Kanvir Bhogal  Project Engineer | (425) 319-3428,100866,GREENHECK FAN CORPORATION (V),1,ITEM,5075.22,Dorse_Line_1,1510.1602.100.000.511000.0000.000
95655933,103329,11990.3,2026-01-05,USD,Conversion,STANDARD,FB: PO# - 25-18283  Created for SO #242457,100866,GREENHECK FAN CORPORATION (V),1,ITEM,11990.3,Dorse_Line_1,1510.1601.100.000.511000.0000.000
95656092,103876,2526.33,2026-01-02,USD,Conversion,STANDARD,FB: PO# - 25-18420  Created for SO #242734,100866,GREENHECK FAN CORPORATION (V),1,ITEM,2526.33,Dorse_Line_1,1510.1602.100.000.511000.0000.000
95656093,103875,3872.76,2026-01-02,USD,Conversion,STANDARD,FB: PO# - 25-17700  Created for SO #241475,100866,GREENHECK FAN CORPORATION (V),1,ITEM,3872.76,Dorse_Line_1,1510.1602.100.000.511000.0000.000
95656098,103877,64064.08,2026-01-02,USD,Conversion,STANDARD,FB: PO# - 25-17735  Created for SO #241531,100866,GREENHECK FAN CORPORATION (V),1,ITEM,64064.08,Dorse_Line_1,1510.1602.100.000.511000.0000.000
95656133,103874,514.2,2026-01-02,USD,Conversion,STANDARD,FB: PO# - 25-18716  Created for SO #243278,100866,GREENHECK FAN CORPORATION (V),1,ITEM,514.2,Dorse_Line_1,1510.1602.100.000.511000.0000.000
95656134,103878,301.98,2026-01-02,USD,Conversion,STANDARD,FB: PO# - 25-18763  Created for SO #243183,100866,GREENHECK FAN CORPORATION (V),1,ITEM,301.98,Dorse_Line_1,1510.1602.100.000.511000.0000.000
95656149,103879,571.97,2026-01-02,USD,Conversion,STANDARD,FB: PO# - 25-18815  Created for SO #243491,100866,GREENHECK FAN CORPORATION (V),1,ITEM,571.97,Dorse_Line_1,1510.1602.100.000.511000.0000.000
95656205,103885,3511.42,2026-01-05,USD,Conversion,STANDARD,FB: PO# - 25-17904  Created for SO #241803,100866,GREENHECK FAN CORPORATION (V),1,ITEM,3511.42,Dorse_Line_1,1510.1602.100.000.511000.0000.000
95656249,103880,700.91,2026-01-02,USD,Conversion,STANDARD,FB: PO# - 25-18869  Created for SO #243611  CarMax 7250 10078267 - 10078310/44299    Ship to CNW...,100866,GREENHECK FAN CORPORATION (V),1,ITEM,700.91,Dorse_Line_1,1510.1602.100.000.511000.0000.000
95656291,103881,560.66,2026-01-05,USD,Conversion,STANDARD,FB: PO# - 25-18864  Created for SO #243595  12/31 - Email order and cc receipts to:  allison@leg...,100866,GREENHECK FAN CORPORATION (V),1,ITEM,560.66,Dorse_Line_1,1510.1602.100.000.511000.0000.000
95656292,103328,1882,2026-01-05,USD,Conversion,STANDARD,FB: PO# - 25-18504  Created for SO #242611,100866,GREENHECK FAN CORPORATION (V),1,ITEM,1882,Dorse_Line_1,1510.1601.100.000.511000.0000.000
95656334,103331,606.91,2026-01-05,USD,Conversion,STANDARD,FB: PO# - 25-18683  Created for SO #243225,100866,GREENHECK FAN CORPORATION (V),1,ITEM,606.91,Dorse_Line_1,1510.1601.100.000.511000.0000.000
95656378,103330,1803.57,2026-01-05,USD,Conversion,STANDARD,FB: PO# - 25-18600  Created for SO #243008,100866,GREENHECK FAN CORPORATION (V),1,ITEM,1803.57,Dorse_Line_1,1510.1601.100.000.511000.0000.000
95656410,103332,186.37,2026-01-05,USD,Conversion,STANDARD,FB: PO# - 26-10001  Created for SO #243634  SO Note: No Charge per Chad Nowak for warranty replace,100866,GREENHECK FAN CORPORATION (V),1,ITEM,186.37,Dorse_Line_1,1510.1601.100.000.511000.0000.000
95656523,103883,2328.65,2026-01-05,USD,Conversion,STANDARD,FB: PO# - 25-18421  Created for SO #242738,100866,GREENHECK FAN CORPORATION (V),1,ITEM,2328.65,Dorse_Line_1,1510.1602.100.000.511000.0000.000
95656524,103882,4061.42,2026-01-05,USD,Conversion,STANDARD,FB: PO# - 25-18449  Created for SO #242801,100866,GREENHECK FAN CORPORATION (V),1,ITEM,4061.42,Dorse_Line_1,1510.1602.100.000.511000.0000.000
95656671,103886,95.66,2026-01-05,USD,Conversion,STANDARD,FB: PO# - 25-18629  Created for SO #243106  SO Note: Please notify Matt when this get here    Ma...,100866,GREENHECK FAN CORPORATION (V),1,ITEM,95.66,Dorse_Line_1,1510.1602.100.000.511000.0000.000
95656720,103887,4031.4,2026-01-05,USD,Conversion,STANDARD,FB: PO# - 25-17829  Created for SO #241647,100866,GREENHECK FAN CORPORATION (V),1,ITEM,4031.4,Dorse_Line_1,1510.1602.100.000.511000.0000.000
95656783,103334,103.07,2026-01-05,USD,Conversion,STANDARD,FB: PO# - 25-18862  Created for SO #243554,100866,GREENHECK FAN CORPORATION (V),1,ITEM,103.07,Dorse_Line_1,1510.1601.100.000.511000.0000.000
95656926,103335,2597.03,2026-01-05,USD,Conversion,STANDARD,FB: PO# - 25-18365  Created for SO #242643,100866,GREENHECK FAN CORPORATION (V),1,ITEM,2597.03,Dorse_Line_1,1510.1601.100.000.511000.0000.000
95657094,103337,435.01,2026-01-05,USD,Conversion,STANDARD,FB: PO# - 26-10011  Created for SO #243645,100866,GREENHECK FAN CORPORATION (V),1,ITEM,435.01,Dorse_Line_1,1510.1601.100.000.511000.0000.000
95657295,103336,156.84,2026-01-05,USD,Conversion,STANDARD,FB: PO# - 25-18829  Created for SO #243515    Cameron Chaplik  SHEET METAL GENERAL FOREMAN   // ...,100866,GREENHECK FAN CORPORATION (V),1,ITEM,156.84,Dorse_Line_1,1510.1601.100.000.511000.0000.000
95657364,103339,67506.68,2026-01-05,USD,Conversion,STANDARD,FB: PO# - 25-18465  Created for SO #240948,100866,GREENHECK FAN CORPORATION (V),1,ITEM,67506.68,Dorse_Line_1,1510.1601.100.000.511000.0000.000
95657365,103338,39141.52,2026-01-05,USD,Conversion,STANDARD,FB: PO# - 25-17739  Created for SO #241535,100866,GREENHECK FAN CORPORATION (V),1,ITEM,39141.52,Dorse_Line_1,1510.1601.100.000.511000.0000.000
95657586,103341,739.27,2026-01-06,USD,Conversion,STANDARD,FB: PO# - 26-10036  Created for SO #243692  SO Note: Sterling Starr 2533043862  PO 52919,100866,GREENHECK FAN CORPORATION (V),1,ITEM,739.27,Dorse_Line_1,1510.1601.100.000.511000.0000.000
95657655,103888,59.43,2026-01-06,USD,Conversion,STANDARD,FB: PO# - 26-10039  Created for SO #243696  SO Note:   Eric Bjork 360-452-9706  PO 5948-EB965932S,100866,GREENHECK FAN CORPORATION (V),1,ITEM,59.43,Dorse_Line_1,1510.1602.100.000.511000.0000.000
95657938,103343,372.37,2026-01-06,USD,Conversion,STANDARD,FB: PO# - 25-18725  Created for SO #243296,100866,GREENHECK FAN CORPORATION (V),1,ITEM,372.37,Dorse_Line_1,1510.1601.100.000.511000.0000.000
95657939,103344,1774.4,2026-01-06,USD,Conversion,STANDARD,FB: PO# - 25-18704  Created for SO #243256,100866,GREENHECK FAN CORPORATION (V),1,ITEM,1774.4,Dorse_Line_1,1510.1601.100.000.511000.0000.000
95657968,103342,235.72,2026-01-06,USD,Conversion,STANDARD,FB: PO# - 25-18699  Created for SO #243252,100866,GREENHECK FAN CORPORATION (V),1,ITEM,235.72,Dorse_Line_1,1510.1601.100.000.511000.0000.000
95658005,103889,422.82,2026-01-06,USD,Conversion,STANDARD,FB: PO# - 25-18861  Created for SO #243591,100866,GREENHECK FAN CORPORATION (V),1,ITEM,422.82,Dorse_Line_1,1510.1602.100.000.511000.0000.000
95658018,103346,764.68,2026-01-06,USD,Conversion,STANDARD,FB: PO# - 25-18057  Created for SO #242091,100866,GREENHECK FAN CORPORATION (V),1,ITEM,764.68,Dorse_Line_1,1510.1601.100.000.511000.0000.000
95658076,103345,294.01,2026-01-06,USD,Conversion,STANDARD,FB: PO# - 25-18801  Created for SO #243453  Morgan Rosin  Project Manager/ Estimator Cell: 425-2...,100866,GREENHECK FAN CORPORATION (V),1,ITEM,294.01,Dorse_Line_1,1510.1601.100.000.511000.0000.000
95658447,103347,3135.03,2026-01-07,USD,Conversion,STANDARD,FB: PO# - 25-18783  Created for SO #243410  SO Note: Tom Tice 509-630-7777   PO # 16-6298-3483,100866,GREENHECK FAN CORPORATION (V),1,ITEM,3135.03,Dorse_Line_1,1510.1601.100.000.511000.0000.000
95658645,103348,78.68,2026-01-07,USD,Conversion,STANDARD,FB: PO# - 26-10050  Created for SO #243722  Korey Buck  (206) 276-0085.  PO# 100310649  w/c at D...,100866,GREENHECK FAN CORPORATION (V),1,ITEM,78.68,Dorse_Line_1,1510.1601.100.000.511000.0000.000
95658838,103353,35.87,2026-01-07,USD,Conversion,STANDARD,FB: PO# - 26-10060  Created for SO #243748  SO Note: Mike Clancy   PO BaBar,100866,GREENHECK FAN CORPORATION (V),1,ITEM,35.87,Dorse_Line_1,1510.1601.100.000.511000.0000.000
95658839,103349,367.01,2026-01-07,USD,Conversion,STANDARD,FB: PO# - 26-10062  Created for SO #243752  SO Note: Ken Houghton 4254992509  PO SS17,100866,GREENHECK FAN CORPORATION (V),1,ITEM,367.01,Dorse_Line_1,1510.1601.100.000.511000.0000.000
95658868,103890,2526.73,2026-01-07,USD,Conversion,STANDARD,FB: PO# - 25-18793  Created for SO #243433,100866,GREENHECK FAN CORPORATION (V),1,ITEM,2526.73,Dorse_Line_1,1510.1602.100.000.511000.0000.000
95658869,103352,578.28,2026-01-07,USD,Conversion,STANDARD,FB: PO# - 26-10027  Created for SO #243684,100866,GREENHECK FAN CORPORATION (V),1,ITEM,578.28,Dorse_Line_1,1510.1601.100.000.511000.0000.000
95658870,103351,305.26,2026-01-07,USD,Conversion,STANDARD,FB: PO# - 26-10065  Created for SO #243754,100866,GREENHECK FAN CORPORATION (V),1,ITEM,305.26,Dorse_Line_1,1510.1601.100.000.511000.0000.000
95658982,103350,147.33,2026-01-07,USD,Conversion,STANDARD,FB: PO# - 25-18878  Created for SO #243629,100866,GREENHECK FAN CORPORATION (V),1,ITEM,147.33,Dorse_Line_1,1510.1601.100.000.511000.0000.000
95659050,103358,3044.15,2026-01-07,USD,Conversion,STANDARD,FB: PO# - 25-17335  Created for SO #240977,100866,GREENHECK FAN CORPORATION (V),1,ITEM,3044.15,Dorse_Line_1,1510.1601.100.000.511000.0000.000
95659176,103354,3717.53,2026-01-07,USD,Conversion,STANDARD,FB: PO# - 25-17270  Created for SO #240859  Nicole Bridge  Assistant Project Manager  Emerald Ai...,100866,GREENHECK FAN CORPORATION (V),1,ITEM,3717.53,Dorse_Line_1,1510.1601.100.000.511000.0000.000
95659177,103891,1064.77,2026-01-07,USD,Conversion,STANDARD,FB: PO# - 25-18484  Created for SO #242850,100866,GREENHECK FAN CORPORATION (V),1,ITEM,1064.77,Dorse_Line_1,1510.1602.100.000.511000.0000.000
95659241,103356,1282.52,2026-01-07,USD,Conversion,STANDARD,FB: PO# - 25-18497  Created for SO #242422,100866,GREENHECK FAN CORPORATION (V),1,ITEM,1282.52,Dorse_Line_1,1510.1601.100.000.511000.0000.000
95659242,103355,286.81,2026-01-07,USD,Conversion,STANDARD,FB: PO# - 25-18499  Created for SO #242424,100866,GREENHECK FAN CORPORATION (V),1,ITEM,286.81,Dorse_Line_1,1510.1601.100.000.511000.0000.000
95659243,103893,4744.68,2026-01-07,USD,Conversion,STANDARD,FB: PO# - 25-18657  Created for SO #243156,100866,GREENHECK FAN CORPORATION (V),1,ITEM,4744.68,Dorse_Line_1,1510.1602.100.000.511000.0000.000
95659298,103376,435.01,2026-01-09,USD,Conversion,STANDARD,FB: PO# - 26-10051  Created for SO #243724,100866,GREENHECK FAN CORPORATION (V),1,ITEM,435.01,Dorse_Line_1,1510.1601.100.000.511000.0000.000
95659342,103892,116.27,2026-01-07,USD,Conversion,STANDARD,FB: PO# - 25-18808  Created for SO #243469,100866,GREENHECK FAN CORPORATION (V),1,ITEM,116.27,Dorse_Line_1,1510.1602.100.000.511000.0000.000
95659343,103357,401.88,2026-01-07,USD,Conversion,STANDARD,FB: PO# - 26-10071  Created for SO #243770  SO Note: Jacob Hackl 509-992-0642  Microsoft Water T...,100866,GREENHECK FAN CORPORATION (V),1,ITEM,401.88,Dorse_Line_1,1510.1601.100.000.511000.0000.000
95659503,103360,31.16,2026-01-07,USD,Conversion,STANDARD,FB: PO# - 25-18513  Created for SO #242900,100866,GREENHECK FAN CORPORATION (V),1,ITEM,31.16,Dorse_Line_1,1510.1601.100.000.511000.0000.000
95659745,103359,589.38,2026-01-07,USD,Conversion,STANDARD,FB: PO# - 25-18373  Created for SO #242552,100866,GREENHECK FAN CORPORATION (V),1,ITEM,589.38,Dorse_Line_1,1510.1601.100.000.511000.0000.000
95659928,103894,6872.8,2026-01-07,USD,Conversion,STANDARD,FB: PO# - 25-18771  Created for SO #243389,100866,GREENHECK FAN CORPORATION (V),1,ITEM,6872.8,Dorse_Line_1,1510.1602.100.000.511000.0000.000
95659964,103896,2530.57,2026-01-08,USD,Conversion,STANDARD,FB: PO# - 25-18847  Created for SO #243557    This should be no charge from Greenheck or Dorse w...,100866,GREENHECK FAN CORPORATION (V),1,ITEM,2530.57,Dorse_Line_1,1510.1602.100.000.511000.0000.000
95660011,103895,5327.83,2026-01-07,USD,Conversion,STANDARD,FB: PO# - 25-18791  Created for SO #243426,100866,GREENHECK FAN CORPORATION (V),1,ITEM,5327.83,Dorse_Line_1,1510.1602.100.000.511000.0000.000
95660072,103361,1190.04,2026-01-08,USD,Conversion,STANDARD,FB: PO# - 25-18740  Created for SO #243327,100866,GREENHECK FAN CORPORATION (V),1,ITEM,1190.04,Dorse_Line_1,1510.1601.100.000.511000.0000.000
95660109,103362,449.36,2026-01-08,USD,Conversion,STANDARD,FB: PO# - 25-17597W  Created for SO #243353  Created from RMA #879  Freight damage to utility ca...,100866,GREENHECK FAN CORPORATION (V),1,ITEM,449.36,Dorse_Line_1,1510.1601.100.000.511000.0000.000
95660141,103365,1162.62,2026-01-08,USD,Conversion,STANDARD,FB: PO# - 25-18810  Created for SO #239774  SO Note: Mike Jenkins: 206-604-2360,100866,GREENHECK FAN CORPORATION (V),1,ITEM,1162.62,Dorse_Line_1,1510.1601.100.000.511000.0000.000
95660142,103364,191.86,2026-01-08,USD,Conversion,STANDARD,FB: PO# - 26-10022  Created for SO #243672  Rich Lauritzen  Cell  253-691-3437,100866,GREENHECK FAN CORPORATION (V),1,ITEM,191.86,Dorse_Line_1,1510.1601.100.000.511000.0000.000
95660145,103363,1216.19,2026-01-08,USD,Conversion,STANDARD,FB: PO# - 25-18438  Created for SO #242782,100866,GREENHECK FAN CORPORATION (V),1,ITEM,1216.19,Dorse_Line_1,1510.1601.100.000.511000.0000.000
95660196,103366,87887.57,2026-01-08,USD,Conversion,STANDARD,FB: PO# - 25-18596  Created for SO #243039,100866,GREENHECK FAN CORPORATION (V),1,ITEM,87887.57,Dorse_Line_1,1510.1601.100.000.511000.0000.000
95660256,103367,939.94,2026-01-08,USD,Conversion,STANDARD,FB: PO# - 25-18414  Created for SO #242725,100866,GREENHECK FAN CORPORATION (V),1,ITEM,939.94,Dorse_Line_1,1510.1601.100.000.511000.0000.000
95660298,103368,254.99,2026-01-08,USD,Conversion,STANDARD,FB: PO# - 26-10096  Created for SO #243832  SO Note: TJ Anderson 206-472-4458  PO# 685689  Job N...,100866,GREENHECK FAN CORPORATION (V),1,ITEM,254.99,Dorse_Line_1,1510.1601.100.000.511000.0000.000
95660515,103369,1684.08,2026-01-08,USD,Conversion,STANDARD,FB: PO# - 25-17801  Created for SO #241610,100866,GREENHECK FAN CORPORATION (V),1,ITEM,1684.08,Dorse_Line_1,1510.1601.100.000.511000.0000.000
95660675,103370,3150.97,2026-01-08,USD,Conversion,STANDARD,FB: PO# - 25-17485  Created for SO #241178,100866,GREENHECK FAN CORPORATION (V),1,ITEM,3150.97,Dorse_Line_1,1510.1601.100.000.511000.0000.000
95660722,103372,1449.06,2026-01-09,USD,Conversion,STANDARD,FB: PO# - 25-18874  Created for SO #243621  Danny Ngo Cell (206) 491-9154,100866,GREENHECK FAN CORPORATION (V),1,ITEM,1449.06,Dorse_Line_1,1510.1601.100.000.511000.0000.000
95660755,103897,5605.68,2026-01-09,USD,Conversion,STANDARD,FB: PO# - 25-18484  Created for SO #242850,100866,GREENHECK FAN CORPORATION (V),1,ITEM,5605.68,Dorse_Line_1,1510.1602.100.000.511000.0000.000
95660768,103371,10459.47,2026-01-08,USD,Conversion,STANDARD,FB: PO# - 25-18222  Created for SO #242080,100866,GREENHECK FAN CORPORATION (V),1,ITEM,10459.47,Dorse_Line_1,1510.1601.100.000.511000.0000.000
95660851,103898,262.69,2026-01-09,USD,Conversion,STANDARD,FB: PO# - 26-10158  Created for SO #243705  SO Note: S9753200,100866,GREENHECK FAN CORPORATION (V),1,ITEM,262.69,Dorse_Line_1,1510.1602.100.000.511000.0000.000
95660882,103653,2685.04,2026-01-08,USD,Conversion,STANDARD,FB: PO# - 25-18620  Created for SO #243080,104698,Metalaire,1,ITEM,2685.04,Dorse_Line_1,1510.1601.100.000.511000.0000.000
95660925,103373,9717.32,2026-01-09,USD,Conversion,STANDARD,FB: PO# - 25-17946  Created for SO #233998,100866,GREENHECK FAN CORPORATION (V),1,ITEM,9717.32,Dorse_Line_1,1510.1601.100.000.511000.0000.000
95660980,103374,5033.95,2026-01-09,USD,Conversion,STANDARD,FB: PO# - 25-17362  Created for SO #241009,100866,GREENHECK FAN CORPORATION (V),1,ITEM,5033.95,Dorse_Line_1,1510.1601.100.000.511000.0000.000
95660981,103899,4685.54,2026-01-09,USD,Conversion,STANDARD,FB: PO# - 25-18529  Created for SO #239060,100866,GREENHECK FAN CORPORATION (V),1,ITEM,4685.54,Dorse_Line_1,1510.1602.100.000.511000.0000.000
95661189,103375,2030.82,2026-01-09,USD,Conversion,STANDARD,FB: PO# - 25-18395  Created for SO #242687,100866,GREENHECK FAN CORPORATION (V),1,ITEM,2030.82,Dorse_Line_1,1510.1601.100.000.511000.0000.000
95661221,103900,531.63,2026-01-09,USD,Conversion,STANDARD,FB: PO# - 25-18774  Created for SO #243215,100866,GREENHECK FAN CORPORATION (V),1,ITEM,531.63,Dorse_Line_1,1510.1602.100.000.511000.0000.000
95661258,103901,200.5,2026-01-09,USD,Conversion,STANDARD,FB: PO# - 25-18877  Created for SO #243627,100866,GREENHECK FAN CORPORATION (V),1,ITEM,200.5,Dorse_Line_1,1510.1602.100.000.511000.0000.000
95661427,103377,8973.24,2026-01-09,USD,Conversion,STANDARD,FB: PO# - 25-18693  Created for SO #243237,100866,GREENHECK FAN CORPORATION (V),1,ITEM,8973.24,Dorse_Line_1,1510.1601.100.000.511000.0000.000
95661428,103378,5414.16,2026-01-09,USD,Conversion,STANDARD,FB: PO# - 25-17943  Created for SO #241877,100866,GREENHECK FAN CORPORATION (V),1,ITEM,5414.16,Dorse_Line_1,1510.1601.100.000.511000.0000.000
95661429,103413,4116.12,2026-01-13,USD,Conversion,STANDARD,FB: PO# - 26-10098  Created for SO #243973,100866,GREENHECK FAN CORPORATION (V),1,ITEM,4116.12,Dorse_Line_1,1510.1601.100.000.511000.0000.000
95661430,103379,927.9,2026-01-09,USD,Conversion,STANDARD,FB: PO# - 25-18709  Created for SO #243263,100866,GREENHECK FAN CORPORATION (V),1,ITEM,927.9,Dorse_Line_1,1510.1601.100.000.511000.0000.000
95661592,103381,1950.72,2026-01-09,USD,Conversion,STANDARD,FB: PO# - 25-17362  Created for SO #241009,100866,GREENHECK FAN CORPORATION (V),1,ITEM,1950.72,Dorse_Line_1,1510.1601.100.000.511000.0000.000
95661654,103380,1535.02,2026-01-09,USD,Conversion,STANDARD,FB: PO# - 25-18863  Created for SO #243585,100866,GREENHECK FAN CORPORATION (V),1,ITEM,1535.02,Dorse_Line_1,1510.1601.100.000.511000.0000.000
95661668,103382,753.72,2026-01-09,USD,Conversion,STANDARD,FB: PO# - 25-18877  Created for SO #243627,100866,GREENHECK FAN CORPORATION (V),1,ITEM,753.72,Dorse_Line_1,1510.1601.100.000.511000.0000.000
95661686,103902,6749.16,2026-01-09,USD,Conversion,STANDARD,FB: PO# - 25-18233  Created for SO #242375,100866,GREENHECK FAN CORPORATION (V),1,ITEM,6749.16,Dorse_Line_1,1510.1602.100.000.511000.0000.000
95662030,103909,2170.9,2026-01-09,USD,Conversion,STANDARD,FB: PO# - 25-18765  Created for SO #243377,100866,GREENHECK FAN CORPORATION (V),1,ITEM,2170.9,Dorse_Line_1,1510.1602.100.000.511000.0000.000
95662031,103903,4230.81,2026-01-09,USD,Conversion,STANDARD,FB: PO# - 25-18178  Created for SO #242253,100866,GREENHECK FAN CORPORATION (V),1,ITEM,4230.81,Dorse_Line_1,1510.1602.100.000.511000.0000.000
95662032,103908,1337.7,2026-01-09,USD,Conversion,STANDARD,FB: PO# - 25-18782  Created for SO #243395,100866,GREENHECK FAN CORPORATION (V),1,ITEM,1337.7,Dorse_Line_1,1510.1602.100.000.511000.0000.000
95662062,103910,818.05,2026-01-09,USD,Conversion,STANDARD,FB: PO# - 25-18711  Created for SO #243268  SO Note: Colin Burrell: 425-894-6045,100866,GREENHECK FAN CORPORATION (V),1,ITEM,818.05,Dorse_Line_1,1510.1602.100.000.511000.0000.000
95662226,103383,518.38,2026-01-09,USD,Conversion,STANDARD,FB: PO# - 26-10075  Created for SO #243336  SO Note: George Walsh - 206.677.2408  Block 38 Level...,100866,GREENHECK FAN CORPORATION (V),1,ITEM,518.38,Dorse_Line_1,1510.1601.100.000.511000.0000.000
95662227,103911,467.78,2026-01-09,USD,Conversion,STANDARD,FB: PO# - 25-18513  Created for SO #242900,100866,GREENHECK FAN CORPORATION (V),1,ITEM,467.78,Dorse_Line_1,1510.1602.100.000.511000.0000.000
95662241,103384,428.29,2026-01-09,USD,Conversion,STANDARD,FB: PO# - 25-18499  Created for SO #242424,100866,GREENHECK FAN CORPORATION (V),1,ITEM,428.29,Dorse_Line_1,1510.1601.100.000.511000.0000.000
95662318,103385,409.08,2026-01-09,USD,Conversion,STANDARD,FB: PO# - 26-10103  Created for SO #243643,100866,GREENHECK FAN CORPORATION (V),1,ITEM,409.08,Dorse_Line_1,1510.1601.100.000.511000.0000.000
95662348,103906,137.3,2026-01-09,USD,Conversion,STANDARD,FB: PO# - 25-18484  Created for SO #242850,100866,GREENHECK FAN CORPORATION (V),1,ITEM,137.3,Dorse_Line_1,1510.1602.100.000.511000.0000.000
95662456,103423,178.86,2026-01-14,USD,Conversion,STANDARD,FB: PO# - 25-18797A  Created for SO #244070,100866,GREENHECK FAN CORPORATION (V),1,ITEM,178.86,Dorse_Line_1,1510.1601.100.000.511000.0000.000
95662456_1,103424,178.86,2026-01-14,USD,Conversion,STANDARD,FB: PO# - 25-18797  Created for SO #243275,100866,GREENHECK FAN CORPORATION (V),1,ITEM,178.86,Dorse_Line_1,1510.1601.100.000.511000.0000.000
95662511,103386,1408.92,2026-01-09,USD,Conversion,STANDARD,FB: PO# - 25-18599  Created for SO #243007,100866,GREENHECK FAN CORPORATION (V),1,ITEM,1408.92,Dorse_Line_1,1510.1601.100.000.511000.0000.000
95662552,103905,115.58,2026-01-09,USD,Conversion,STANDARD,FB: PO# - 26-10154  Created for SO #243894  SO Note: Colby Littlefield 206*817*3101  PO 25351159,100866,GREENHECK FAN CORPORATION (V),1,ITEM,115.58,Dorse_Line_1,1510.1602.100.000.511000.0000.000
95662631,103907,64272.68,2026-01-09,USD,Conversion,STANDARD,FB: PO# - 25-17969  Created for SO #241932,100866,GREENHECK FAN CORPORATION (V),1,ITEM,64272.68,Dorse_Line_1,1510.1602.100.000.511000.0000.000
95662674,103904,1717.34,2026-01-09,USD,Conversion,STANDARD,FB: PO# - 25-18509  Created for SO #242736,100866,GREENHECK FAN CORPORATION (V),1,ITEM,1717.34,Dorse_Line_1,1510.1602.100.000.511000.0000.000
95662744,103913,2410.24,2026-01-09,USD,Conversion,STANDARD,FB: PO# - 25-18000  Created for SO #241989,100866,GREENHECK FAN CORPORATION (V),1,ITEM,2410.24,Dorse_Line_1,1510.1602.100.000.511000.0000.000
95662745,103388,232.32,2026-01-09,USD,Conversion,STANDARD,FB: PO# - 25-18720  Created for SO #243285  Jeff Brant  (253)339-1806,100866,GREENHECK FAN CORPORATION (V),1,ITEM,232.32,Dorse_Line_1,1510.1601.100.000.511000.0000.000
95662746,103914,7504.99,2026-01-09,USD,Conversion,STANDARD,FB: PO# - 25-17753  Created for SO #241223,100866,GREENHECK FAN CORPORATION (V),1,ITEM,7504.99,Dorse_Line_1,1510.1602.100.000.511000.0000.000
95662747,103915,182.55,2026-01-09,USD,Conversion,STANDARD,FB: PO# - 26-10101  Created for SO #243835,100866,GREENHECK FAN CORPORATION (V),1,ITEM,182.55,Dorse_Line_1,1510.1602.100.000.511000.0000.000
95662827,103916,880.11,2026-01-09,USD,Conversion,STANDARD,FB: PO# - 26-10159  Created for SO #243903,100866,GREENHECK FAN CORPORATION (V),1,ITEM,880.11,Dorse_Line_1,1510.1602.100.000.511000.0000.000
95662854,103387,2256.43,2026-01-09,USD,Conversion,STANDARD,FB: PO# - 26-10082  Created for SO #243796.  Expedited Frt cost included in SO cost to customer.,100866,GREENHECK FAN CORPORATION (V),1,ITEM,2256.43,Dorse_Line_1,1510.1601.100.000.511000.0000.000
95662884,103389,3650.39,2026-01-09,USD,Conversion,STANDARD,FB: PO# - 25-18223  Created for SO #242350,100866,GREENHECK FAN CORPORATION (V),1,ITEM,3650.39,Dorse_Line_1,1510.1601.100.000.511000.0000.000
95662950,103392,11242.72,2026-01-09,USD,Conversion,STANDARD,FB: PO# - 25-18814  Created for SO #243487  SO Note: This a reorder with negotiated cost for con...,100866,GREENHECK FAN CORPORATION (V),1,ITEM,11242.72,Dorse_Line_1,1510.1601.100.000.511000.0000.000
95662992,103390,1389.12,2026-01-09,USD,Conversion,STANDARD,FB: PO# - 26-10134  Created for SO #243874,100866,GREENHECK FAN CORPORATION (V),1,ITEM,1389.12,Dorse_Line_1,1510.1601.100.000.511000.0000.000
95663011,103917,300,2026-01-09,USD,Conversion,STANDARD,FB: PO# - 26-10138  Created for SO #243881  SO Note: Jason Umbao (425) 570-7097  PO 166045-132966,100866,GREENHECK FAN CORPORATION (V),1,ITEM,300,Dorse_Line_1,1510.1602.100.000.511000.0000.000
95663088,103912,1869.35,2026-01-09,USD,Conversion,STANDARD,FB: PO# - 25-18714  Created for SO #243273,100866,GREENHECK FAN CORPORATION (V),1,ITEM,1869.35,Dorse_Line_1,1510.1602.100.000.511000.0000.000
95663089,103391,4670.75,2026-01-09,USD,Conversion,STANDARD,FB: PO# - 25-18782  Created for SO #243395,100866,GREENHECK FAN CORPORATION (V),1,ITEM,4670.75,Dorse_Line_1,1510.1601.100.000.511000.0000.000
95663090,103394,149.22,2026-01-09,USD,Conversion,STANDARD,FB: PO# - 25-18373  Created for SO #242552,100866,GREENHECK FAN CORPORATION (V),1,ITEM,149.22,Dorse_Line_1,1510.1601.100.000.511000.0000.000
95663156,103393,1273.16,2026-01-09,USD,Conversion,STANDARD,FB: PO# - 25-18579  Created for SO #243038,100866,GREENHECK FAN CORPORATION (V),1,ITEM,1273.16,Dorse_Line_1,1510.1601.100.000.511000.0000.000
95663404,103395,1007.9,2026-01-12,USD,Conversion,STANDARD,FB: PO# - 26-10113  Created for SO #243851,100866,GREENHECK FAN CORPORATION (V),1,ITEM,1007.9,Dorse_Line_1,1510.1601.100.000.511000.0000.000
95663405,103396,4634.04,2026-01-12,USD,Conversion,STANDARD,"FB: PO# - 26-10026  Created for SO #243681  Ramie Havens, Purchasing Manager  Holaday-Parks, Inc...",100866,GREENHECK FAN CORPORATION (V),1,ITEM,4634.04,Dorse_Line_1,1510.1601.100.000.511000.0000.000
95663469,103918,6716.02,2026-01-12,USD,Conversion,STANDARD,FB: PO# - 25-18011  Created for SO #241992,100866,GREENHECK FAN CORPORATION (V),1,ITEM,6716.02,Dorse_Line_1,1510.1602.100.000.511000.0000.000
95663834,103401,471.14,2026-01-12,USD,Conversion,STANDARD,FB: PO# - 25-18627  Created for SO #243104,100866,GREENHECK FAN CORPORATION (V),1,ITEM,471.14,Dorse_Line_1,1510.1601.100.000.511000.0000.000
95663915,103397,1097.5,2026-01-12,USD,Conversion,STANDARD,FB: PO# - 25-18677  Created for SO #243209,100866,GREENHECK FAN CORPORATION (V),1,ITEM,1097.5,Dorse_Line_1,1510.1601.100.000.511000.0000.000
95663993,103398,5202.4,2026-01-12,USD,Conversion,STANDARD,FB: PO# - 25-18806  Created for SO #242472  SO Note: Mike Jenkins: 206-604-2360,100866,GREENHECK FAN CORPORATION (V),1,ITEM,5202.4,Dorse_Line_1,1510.1601.100.000.511000.0000.000
95664058,103400,1548.18,2026-01-12,USD,Conversion,STANDARD,FB: PO# - 25-18693  Created for SO #243237,100866,GREENHECK FAN CORPORATION (V),1,ITEM,1548.18,Dorse_Line_1,1510.1601.100.000.511000.0000.000
95664059,103399,1484.37,2026-01-12,USD,Conversion,STANDARD,FB: PO# - 26-10000  Created for SO #243633,100866,GREENHECK FAN CORPORATION (V),1,ITEM,1484.37,Dorse_Line_1,1510.1601.100.000.511000.0000.000
95664072,103919,4068.09,2026-01-12,USD,Conversion,STANDARD,FB: PO# - 25-18581  Created for SO #243043,100866,GREENHECK FAN CORPORATION (V),1,ITEM,4068.09,Dorse_Line_1,1510.1602.100.000.511000.0000.000
95664151,103402,2573.86,2026-01-12,USD,Conversion,STANDARD,FB: PO# - 26-10092  Created for SO #243786  SO Note: Attn: Ricardo Romero  206-751-7754,100866,GREENHECK FAN CORPORATION (V),1,ITEM,2573.86,Dorse_Line_1,1510.1601.100.000.511000.0000.000
95664152,103403,958.36,2026-01-12,USD,Conversion,STANDARD,FB: PO# - 26-10010  Created for SO #242760,100866,GREENHECK FAN CORPORATION (V),1,ITEM,958.36,Dorse_Line_1,1510.1601.100.000.511000.0000.000
95664264,103406,1787.28,2026-01-12,USD,Conversion,STANDARD,FB: PO# - 26-10129  Created for SO #243869,100866,GREENHECK FAN CORPORATION (V),1,ITEM,1787.28,Dorse_Line_1,1510.1601.100.000.511000.0000.000
95664265,103405,2322.63,2026-01-12,USD,Conversion,STANDARD,FB: PO# - 25-18325  Created for SO #242541  SO Note: Attention Manny Rivera 253-293-6465,100866,GREENHECK FAN CORPORATION (V),1,ITEM,2322.63,Dorse_Line_1,1510.1601.100.000.511000.0000.000
95664327,103407,1770.74,2026-01-12,USD,Conversion,STANDARD,FB: PO# - 25-18679  Created for SO #243216,100866,GREENHECK FAN CORPORATION (V),1,ITEM,1770.74,Dorse_Line_1,1510.1601.100.000.511000.0000.000
95664407,103408,250,2026-01-12,USD,Conversion,STANDARD,FB: PO# - 25-18000A  Created for SO #244065,100866,GREENHECK FAN CORPORATION (V),1,ITEM,250,Dorse_Line_1,1510.1601.100.000.511000.0000.000
95664408,103920,399.29,2026-01-12,USD,Conversion,STANDARD,FB: PO# - 25-18690  Created for SO #243228,100866,GREENHECK FAN CORPORATION (V),1,ITEM,399.29,Dorse_Line_1,1510.1602.100.000.511000.0000.000
95664487,103404,7800.68,2026-01-12,USD,Conversion,STANDARD,FB: PO# - 25-18408  Created for SO #242711    Josh Sande  FOREMAN HVAC SERVICE TECHNICIAN  D. 36...,100866,GREENHECK FAN CORPORATION (V),1,ITEM,7800.68,Dorse_Line_1,1510.1601.100.000.511000.0000.000
95664688,103921,100.98,2026-01-13,USD,Conversion,STANDARD,FB: PO# - 26-10072  Created for SO #243769  SO Note: Terry Moody 253-572-9484   Visual Options  ...,100866,GREENHECK FAN CORPORATION (V),1,ITEM,100.98,Dorse_Line_1,1510.1602.100.000.511000.0000.000
95664689,103409,749.32,2026-01-13,USD,Conversion,STANDARD,FB: PO# - 25-18813  Created for SO #243485  SO Note: Colin Burrell: 425-894-6045  Kolter Raudeba...,100866,GREENHECK FAN CORPORATION (V),1,ITEM,749.32,Dorse_Line_1,1510.1601.100.000.511000.0000.000
95664746,103410,3946.82,2026-01-13,USD,Conversion,STANDARD,FB: PO# - 25-18797  Created for SO #243275,100866,GREENHECK FAN CORPORATION (V),1,ITEM,3946.82,Dorse_Line_1,1510.1601.100.000.511000.0000.000
95664780,103654,117.83,2026-01-13,USD,Conversion,STANDARD,FB: PO# - 26-10014  Created for SO #243661  SO Note: No Charge To Customer,104698,Metalaire,1,ITEM,117.83,Dorse_Line_1,1510.1601.100.000.511000.0000.000
95665002,103922,2759.01,2026-01-13,USD,Conversion,STANDARD,FB: PO# - 26-10041  Created for SO #242088,100866,GREENHECK FAN CORPORATION (V),1,ITEM,2759.01,Dorse_Line_1,1510.1602.100.000.511000.0000.000
95665003,103411,2084.94,2026-01-13,USD,Conversion,STANDARD,FB: PO# - 25-18367  Created for SO #242646,100866,GREENHECK FAN CORPORATION (V),1,ITEM,2084.94,Dorse_Line_1,1510.1601.100.000.511000.0000.000
95665242,103412,430.22,2026-01-13,USD,Conversion,STANDARD,"FB: PO# - 26-10212  Created for SO #244010  Misty Beck  Assistant Project Manager  Emerald Aire,...",100866,GREENHECK FAN CORPORATION (V),1,ITEM,430.22,Dorse_Line_1,1510.1601.100.000.511000.0000.000
95665292,103923,887.88,2026-01-13,USD,Conversion,STANDARD,FB: PO# - 25-15302W  Created for SO #243917  SO Note: Created from RMA #893  Faulty motor replac...,100866,GREENHECK FAN CORPORATION (V),1,ITEM,887.88,Dorse_Line_1,1510.1602.100.000.511000.0000.000
95665293,103414,6892.02,2026-01-13,USD,Conversion,STANDARD,FB: PO# - 25-18228  Created for SO #242355,100866,GREENHECK FAN CORPORATION (V),1,ITEM,6892.02,Dorse_Line_1,1510.1601.100.000.511000.0000.000
95665294,103924,614.75,2026-01-13,USD,Conversion,STANDARD,FB: PO# - 25-14446W  Created for SO #243979  Created from RMA #895  Incorrect motor for CUE on (...,100866,GREENHECK FAN CORPORATION (V),1,ITEM,614.75,Dorse_Line_1,1510.1602.100.000.511000.0000.000
95665424,103415,1797.02,2026-01-13,USD,Conversion,STANDARD,"FB: PO# - 25-18836  Created for SO #243531  Bryan Glidden  |  Hermanson Company, LLP  | Direct 2...",100866,GREENHECK FAN CORPORATION (V),1,ITEM,1797.02,Dorse_Line_1,1510.1601.100.000.511000.0000.000
95665426,103926,360.11,2026-01-13,USD,Conversion,STANDARD,FB: PO# - 26-10224  Created for SO #244026  SO Note: Jesse Galloway 2064021097  po# S8161JG,100866,GREENHECK FAN CORPORATION (V),1,ITEM,360.11,Dorse_Line_1,1510.1602.100.000.511000.0000.000
95665504,103416,702.39,2026-01-13,USD,Conversion,STANDARD,FB: PO# - 26-10075  Created for SO #243336  SO Note: George Walsh - 206.677.2408  Block 38 Level...,100866,GREENHECK FAN CORPORATION (V),1,ITEM,702.39,Dorse_Line_1,1510.1601.100.000.511000.0000.000
95665613,103417,175.21,2026-01-13,USD,Conversion,STANDARD,FB: PO# - 26-10231  Created for SO #244038  SO Note: Mauricio Villanueva -  PO# 1-14102-01,100866,GREENHECK FAN CORPORATION (V),1,ITEM,175.21,Dorse_Line_1,1510.1601.100.000.511000.0000.000
95665661,103420,81.73,2026-01-13,USD,Conversion,STANDARD,FB: PO# - 26-10235  Created for SO #244048  SO Note: David Winfrey (206) 992-9179  po 3087288,100866,GREENHECK FAN CORPORATION (V),1,ITEM,81.73,Dorse_Line_1,1510.1601.100.000.511000.0000.000
95665668,103418,3699.39,2026-01-13,USD,Conversion,STANDARD,FB: PO# - 25-18528  Created for SO #239061,100866,GREENHECK FAN CORPORATION (V),1,ITEM,3699.39,Dorse_Line_1,1510.1601.100.000.511000.0000.000
95665713,103419,114.08,2026-01-13,USD,Conversion,STANDARD,FB: PO# - 26-10219  Created for SO #244022  No charge to customer,100866,GREENHECK FAN CORPORATION (V),1,ITEM,114.08,Dorse_Line_1,1510.1601.100.000.511000.0000.000
95665791,103422,187.5,2026-01-13,USD,Conversion,STANDARD,FB: PO# - 26-10240  Created for SO #244058  SO Note: Terry Moody  - 253-572-9484   PO# 1-14097-01,100866,GREENHECK FAN CORPORATION (V),1,ITEM,187.5,Dorse_Line_1,1510.1601.100.000.511000.0000.000
95665793,103421,92.98,2026-01-13,USD,Conversion,STANDARD,FB: PO# - 26-10245  Created for SO #244066  SO Note: Ted 4254461191  Everett Public SD,100866,GREENHECK FAN CORPORATION (V),1,ITEM,92.98,Dorse_Line_1,1510.1601.100.000.511000.0000.000
95666112,103927,2530.16,2026-01-14,USD,Conversion,STANDARD,FB: PO# - 26-10078  Created for SO #243785  SO Note: Job: 25-240 5115 Apartments  Attention: Cha...,100866,GREENHECK FAN CORPORATION (V),1,ITEM,2530.16,Dorse_Line_1,1510.1602.100.000.511000.0000.000
95666113,103425,3375.97,2026-01-14,USD,Conversion,STANDARD,FB: PO# - 25-18406  Created for SO #240350  SO Note: Attn: Doug Harnish 206-954-8924   PO #261069PS,100866,GREENHECK FAN CORPORATION (V),1,ITEM,3375.97,Dorse_Line_1,1510.1601.100.000.511000.0000.000
95666182,103426,235.53,2026-01-14,USD,Conversion,STANDARD,FB: PO# - 25-18767  Created for SO #243382,100866,GREENHECK FAN CORPORATION (V),1,ITEM,235.53,Dorse_Line_1,1510.1601.100.000.511000.0000.000
95666183,103427,370.02,2026-01-14,USD,Conversion,STANDARD,FB: PO# - 25-18578  Created for SO #243034,100866,GREENHECK FAN CORPORATION (V),1,ITEM,370.02,Dorse_Line_1,1510.1601.100.000.511000.0000.000
95666232,103656,55.18,2026-01-14,USD,Conversion,STANDARD,FB: PO# - 25-18734  Created for SO #243294  Laurie Still-Papen 253-627-7543,104698,Metalaire,1,ITEM,55.18,Dorse_Line_1,1510.1601.100.000.511000.0000.000
95666233,103655,90.97,2026-01-14,USD,Conversion,STANDARD,FB: PO# - 26-10018  Created for SO #243667  SO Note: Returned 12/30/2025  OG SO 243164,104698,Metalaire,1,ITEM,90.97,Dorse_Line_1,1510.1601.100.000.511000.0000.000
95666434,103428,197.34,2026-01-14,USD,Conversion,STANDARD,FB: PO# - 26-10239  Created for SO #244057,100866,GREENHECK FAN CORPORATION (V),1,ITEM,197.34,Dorse_Line_1,1510.1601.100.000.511000.0000.000
95666563,103430,3288.88,2026-01-14,USD,Conversion,STANDARD,FB: PO# - 25-18628  Created for SO #243105,100866,GREENHECK FAN CORPORATION (V),1,ITEM,3288.88,Dorse_Line_1,1510.1601.100.000.511000.0000.000
95666622,103928,900.39,2026-01-14,USD,Conversion,STANDARD,FB: PO# - 26-10107  Created for SO #243819,100866,GREENHECK FAN CORPORATION (V),1,ITEM,900.39,Dorse_Line_1,1510.1602.100.000.511000.0000.000
95666623,103431,554.54,2026-01-14,USD,Conversion,STANDARD,FB: PO# - 26-10220  Created for SO #244025  SO Note: UPS Tracking #1z9403280345179390 (Line 2),100866,GREENHECK FAN CORPORATION (V),1,ITEM,554.54,Dorse_Line_1,1510.1601.100.000.511000.0000.000
95666640,103429,360.11,2026-01-14,USD,Conversion,STANDARD,FB: PO# - 26-10254  Created for SO #243794  SO Note: Scott Moore 509-531-3195    PO 4461/ City H...,100866,GREENHECK FAN CORPORATION (V),1,ITEM,360.11,Dorse_Line_1,1510.1601.100.000.511000.0000.000
95666668,103930,339.7,2026-01-14,USD,Conversion,STANDARD,FB: PO# - 25-18807  Created for SO #242472  SO Note: Mike Jenkins: 206-604-2360,100866,GREENHECK FAN CORPORATION (V),1,ITEM,339.7,Dorse_Line_1,1510.1602.100.000.511000.0000.000
95666669,103432,165.46,2026-01-14,USD,Conversion,STANDARD,FB: PO# - 26-10258  Created for SO #244094,100866,GREENHECK FAN CORPORATION (V),1,ITEM,165.46,Dorse_Line_1,1510.1601.100.000.511000.0000.000
95666687,103929,43.84,2026-01-14,USD,Conversion,STANDARD,FB: PO# - 25-18299W  Created for SO #243797  SO Note: Created from RMA #888  Replacement side pa...,100866,GREENHECK FAN CORPORATION (V),1,ITEM,43.84,Dorse_Line_1,1510.1602.100.000.511000.0000.000
95666719,103439,108.67,2026-01-14,USD,Conversion,STANDARD,FB: PO# - 26-10255  Created for SO #244091  SO Note: Andrei Landrum 602-354-1650  PO OR8232918,100866,GREENHECK FAN CORPORATION (V),1,ITEM,108.67,Dorse_Line_1,1510.1601.100.000.511000.0000.000
95666732,103939,11180.02,2026-01-14,USD,Conversion,STANDARD,FB: PO# - 25-18717  Created for SO #243262,100866,GREENHECK FAN CORPORATION (V),1,ITEM,11180.02,Dorse_Line_1,1510.1602.100.000.511000.0000.000
95666732_1,103438,2088.88,2026-01-14,USD,Conversion,STANDARD,FB: PO# - 26-10095  Created for SO #243830,100866,GREENHECK FAN CORPORATION (V),1,ITEM,2088.88,Dorse_Line_1,1510.1601.100.000.511000.0000.000
95666759,103433,62.09,2026-01-14,USD,Conversion,STANDARD,FB: PO# - 26-10262  Created for SO #244104  SO Note: Rob Wagner 253-838-9780  Prologis Gateway 1...,100866,GREENHECK FAN CORPORATION (V),1,ITEM,62.09,Dorse_Line_1,1510.1601.100.000.511000.0000.000
95666932,103435,35934.11,2026-01-14,USD,Conversion,STANDARD,FB: PO# - 25-18455  Created for SO #242818,100866,GREENHECK FAN CORPORATION (V),1,ITEM,35934.11,Dorse_Line_1,1510.1601.100.000.511000.0000.000
95666933,103434,1457.86,2026-01-14,USD,Conversion,STANDARD,FB: PO# - 26-10191  Created for SO #243975,100866,GREENHECK FAN CORPORATION (V),1,ITEM,1457.86,Dorse_Line_1,1510.1601.100.000.511000.0000.000
95666934,103437,3733.06,2026-01-14,USD,Conversion,STANDARD,FB: PO# - 25-18643  Created for SO #243133,100866,GREENHECK FAN CORPORATION (V),1,ITEM,3733.06,Dorse_Line_1,1510.1601.100.000.511000.0000.000
95666935,103932,5546.61,2026-01-14,USD,Conversion,STANDARD,FB: PO# - 25-18630  Created for SO #243107,100866,GREENHECK FAN CORPORATION (V),1,ITEM,5546.61,Dorse_Line_1,1510.1602.100.000.511000.0000.000
95666936,103931,1292.08,2026-01-14,USD,Conversion,STANDARD,FB: PO# - 25-18851  Created for SO #243447,100866,GREENHECK FAN CORPORATION (V),1,ITEM,1292.08,Dorse_Line_1,1510.1602.100.000.511000.0000.000
95667079,103934,37194.56,2026-01-14,USD,Conversion,STANDARD,FB: PO# - 25-17883  Created for SO #241748  SO Note: ATTN: Devin Bennett  425-281-2839,100866,GREENHECK FAN CORPORATION (V),1,ITEM,37194.56,Dorse_Line_1,1510.1602.100.000.511000.0000.000
95667080,103436,4105.98,2026-01-14,USD,Conversion,STANDARD,FB: PO# - 25-18843  Created for SO #243553,100866,GREENHECK FAN CORPORATION (V),1,ITEM,4105.98,Dorse_Line_1,1510.1601.100.000.511000.0000.000
95667135,103933,1001.54,2026-01-14,USD,Conversion,STANDARD,FB: PO# - 25-18187  Created for SO #242301,100866,GREENHECK FAN CORPORATION (V),1,ITEM,1001.54,Dorse_Line_1,1510.1602.100.000.511000.0000.000
95667224,103935,140.17,2026-01-14,USD,Conversion,STANDARD,FB: PO# - 26-10272  Created for SO #244135  SO Note: John Henkel 206-617-6190  Silas HS Tacoma  ...,100866,GREENHECK FAN CORPORATION (V),1,ITEM,140.17,Dorse_Line_1,1510.1602.100.000.511000.0000.000
95667265,103936,1776.29,2026-01-14,USD,Conversion,STANDARD,FB: PO# - 25-18086  Created for SO #242142,100866,GREENHECK FAN CORPORATION (V),1,ITEM,1776.29,Dorse_Line_1,1510.1602.100.000.511000.0000.000
95667269,103937,1349.27,2026-01-14,USD,Conversion,STANDARD,"FB: PO# - 25-18835  Ordered on a 'standard' multiplier, however GH is going to be changing it to...",100866,GREENHECK FAN CORPORATION (V),1,ITEM,1349.27,Dorse_Line_1,1510.1602.100.000.511000.0000.000
95667270,103940,3791.04,2026-01-14,USD,Conversion,STANDARD,FB: PO# - 25-17763  Created for SO #241558,100866,GREENHECK FAN CORPORATION (V),1,ITEM,3791.04,Dorse_Line_1,1510.1602.100.000.511000.0000.000
95667370,103938,1035.22,2026-01-14,USD,Conversion,STANDARD,FB: PO# - 25-18818  Created for SO #242732  SO Note: Attn: Eli Ruff 360-623-2805  PO 2105495005,100866,GREENHECK FAN CORPORATION (V),1,ITEM,1035.22,Dorse_Line_1,1510.1602.100.000.511000.0000.000
95667520,103945,608.42,2026-01-15,USD,Conversion,STANDARD,FB: PO# - 26-10108  Created for SO #243847,100866,GREENHECK FAN CORPORATION (V),1,ITEM,608.42,Dorse_Line_1,1510.1602.100.000.511000.0000.000
95667641,103941,69.31,2026-01-15,USD,Conversion,STANDARD,FB: PO# - 25-18796  Created for SO #243441  Justin Riggins (253) 348-9888 | cell,100866,GREENHECK FAN CORPORATION (V),1,ITEM,69.31,Dorse_Line_1,1510.1602.100.000.511000.0000.000
95667642,104098,330.48,2026-01-07,USD,Conversion,STANDARD,FB: PO# - 26-10070  Created for SO #243628,104698,Metalaire,1,ITEM,330.48,Dorse_Line_1,1510.1602.100.000.511000.0000.000
95667644,103441,5755.83,2026-01-15,USD,Conversion,STANDARD,FB: PO# - 25-18604  Created for SO #243010,100866,GREENHECK FAN CORPORATION (V),1,ITEM,5755.83,Dorse_Line_1,1510.1601.100.000.511000.0000.000
95667645,103440,239.39,2026-01-15,USD,Conversion,STANDARD,FB: PO# - 25-18619  Created for SO #243079,100866,GREENHECK FAN CORPORATION (V),1,ITEM,239.39,Dorse_Line_1,1510.1601.100.000.511000.0000.000
95667647,103442,1443.12,2026-01-15,USD,Conversion,STANDARD,FB: PO# - 26-10003  Created for SO #243638,100866,GREENHECK FAN CORPORATION (V),1,ITEM,1443.12,Dorse_Line_1,1510.1601.100.000.511000.0000.000
95667739,103946,3194.12,2026-01-15,USD,Conversion,STANDARD,FB: PO# - 25-17828  Created for SO #241646,100866,GREENHECK FAN CORPORATION (V),1,ITEM,3194.12,Dorse_Line_1,1510.1602.100.000.511000.0000.000
95667796,103445,2650.4,2026-01-15,USD,Conversion,STANDARD,FB: PO# - 25-17899  Created for SO #241799,100866,GREENHECK FAN CORPORATION (V),1,ITEM,2650.4,Dorse_Line_1,1510.1601.100.000.511000.0000.000
95667797,103447,10757.25,2026-01-15,USD,Conversion,STANDARD,FB: PO# - 25-18281  Created for SO #242452,100866,GREENHECK FAN CORPORATION (V),1,ITEM,10757.25,Dorse_Line_1,1510.1601.100.000.511000.0000.000
95667868,103446,696.52,2026-01-15,USD,Conversion,STANDARD,FB: PO# - 26-10286  Created for SO #244158  SO Note: Not Charging Customer for motor    Dawson W...,100866,GREENHECK FAN CORPORATION (V),1,ITEM,696.52,Dorse_Line_1,1510.1601.100.000.511000.0000.000
95667953,103451,533.52,2026-01-15,USD,Conversion,STANDARD,FB: PO# - 26-10274  Created for SO #244139,100866,GREENHECK FAN CORPORATION (V),1,ITEM,533.52,Dorse_Line_1,1510.1601.100.000.511000.0000.000
95668104,103448,276.39,2026-01-15,USD,Conversion,STANDARD,FB: PO# - 26-10288  Created for SO #244169  SO Note: Jason Hoover  253-359-2819  PO 2601182339,100866,GREENHECK FAN CORPORATION (V),1,ITEM,276.39,Dorse_Line_1,1510.1601.100.000.511000.0000.000
95668208,103449,2940.44,2026-01-15,USD,Conversion,STANDARD,FB: PO# - 25-18824  Created for SO #243509,100866,GREENHECK FAN CORPORATION (V),1,ITEM,2940.44,Dorse_Line_1,1510.1601.100.000.511000.0000.000
95668209,103444,3842.56,2026-01-15,USD,Conversion,STANDARD,FB: PO# - 25-18821  Created for SO #243507,100866,GREENHECK FAN CORPORATION (V),1,ITEM,3842.56,Dorse_Line_1,1510.1601.100.000.511000.0000.000
95668210,103450,5556.36,2026-01-15,USD,Conversion,STANDARD,FB: PO# - 25-18828  Created for SO #243514,100866,GREENHECK FAN CORPORATION (V),1,ITEM,5556.36,Dorse_Line_1,1510.1601.100.000.511000.0000.000
95668367,103999,6685.34,2026-01-16,USD,Conversion,STANDARD,FB: PO# - 25-18826  Created for SO #243512,100866,GREENHECK FAN CORPORATION (V),1,ITEM,6685.34,Dorse_Line_1,1510.1602.100.000.511000.0000.000
95668368,103942,3984.74,2026-01-15,USD,Conversion,STANDARD,FB: PO# - 25-18848  Created for SO #243565,100866,GREENHECK FAN CORPORATION (V),1,ITEM,3984.74,Dorse_Line_1,1510.1602.100.000.511000.0000.000
95668602,103443,251.75,2026-01-15,USD,Conversion,STANDARD,FB: PO# - 25-18658  Created for SO #243155,100866,GREENHECK FAN CORPORATION (V),1,ITEM,251.75,Dorse_Line_1,1510.1601.100.000.511000.0000.000
95668631,103943,755.34,2026-01-15,USD,Conversion,STANDARD,FB: PO# - 25-18340  Created for SO #242549,100866,GREENHECK FAN CORPORATION (V),1,ITEM,755.34,Dorse_Line_1,1510.1602.100.000.511000.0000.000
95668632,103944,1421.56,2026-01-15,USD,Conversion,STANDARD,FB: PO# - 25-18677  Created for SO #243209,100866,GREENHECK FAN CORPORATION (V),1,ITEM,1421.56,Dorse_Line_1,1510.1602.100.000.511000.0000.000
95668874,103466,3175.08,2026-01-16,USD,Conversion,STANDARD,FB: PO# - 25-18122  Created for SO #241938  SO Note: Vlad Snitko 253-332-1137  Email address: vo...,100866,GREENHECK FAN CORPORATION (V),1,ITEM,3175.08,Dorse_Line_1,1510.1601.100.000.511000.0000.000
95668875,103465,380.61,2026-01-16,USD,Conversion,STANDARD,FB: PO# - 26-10055  Created for SO #243712,100866,GREENHECK FAN CORPORATION (V),1,ITEM,380.61,Dorse_Line_1,1510.1601.100.000.511000.0000.000
95668945,103460,904.66,2026-01-16,USD,Conversion,STANDARD,FB: PO# - 25-18384  Created for SO #242489,100866,GREENHECK FAN CORPORATION (V),1,ITEM,904.66,Dorse_Line_1,1510.1601.100.000.511000.0000.000
95668946,103997,1396.97,2026-01-16,USD,Conversion,STANDARD,FB: PO# - 25-18679  Created for SO #243216,100866,GREENHECK FAN CORPORATION (V),1,ITEM,1396.97,Dorse_Line_1,1510.1602.100.000.511000.0000.000
95668985,103471,1139.71,2026-01-16,USD,Conversion,STANDARD,FB: PO# - 25-18703  Created for SO #242382,100866,GREENHECK FAN CORPORATION (V),1,ITEM,1139.71,Dorse_Line_1,1510.1601.100.000.511000.0000.000
95668986,104003,625.68,2026-01-16,USD,Conversion,STANDARD,FB: PO# - 26-10016  Created for SO #243663,100866,GREENHECK FAN CORPORATION (V),1,ITEM,625.68,Dorse_Line_1,1510.1602.100.000.511000.0000.000
95668987,104002,50,2026-01-16,USD,Conversion,STANDARD,FB: PO# - 26-10054  Created for SO #243728  SO Note: Derek Soley - 206.919.7812  Cameron Pomada ...,100866,GREENHECK FAN CORPORATION (V),1,ITEM,50,Dorse_Line_1,1510.1602.100.000.511000.0000.000
95669148,103455,306.67,2026-01-16,USD,Conversion,STANDARD,"FB: PO# - 26-10143  Created for SO #243884  Joe Schumacher, CPD  |  Assistant Project Manager II...",100866,GREENHECK FAN CORPORATION (V),1,ITEM,306.67,Dorse_Line_1,1510.1601.100.000.511000.0000.000
956692255,103998,361.22,2026-01-16,USD,Conversion,STANDARD,FB: PO# - 25-15302W2  Created for SO #244274  SO Note: Created from RMA #902  Replacement VGD un...,100866,GREENHECK FAN CORPORATION (V),1,ITEM,361.22,Dorse_Line_1,1510.1602.100.000.511000.0000.000
95669226,103459,400.81,2026-01-16,USD,Conversion,STANDARD,FB: PO# - 26-10334  Created for SO #244222,100866,GREENHECK FAN CORPORATION (V),1,ITEM,400.81,Dorse_Line_1,1510.1601.100.000.511000.0000.000
95669256,103458,68.29,2026-01-16,USD,Conversion,STANDARD,FB: PO# - 26-10177  Created for SO #243941  SO Note: Email Josef Antonio his order and CC receip...,100866,GREENHECK FAN CORPORATION (V),1,ITEM,68.29,Dorse_Line_1,1510.1601.100.000.511000.0000.000
95669337,103456,504.32,2026-01-16,USD,Conversion,STANDARD,"FB: PO# - 26-10143  Created for SO #243884  Joe Schumacher, CPD  |  Assistant Project Manager II...",100866,GREENHECK FAN CORPORATION (V),1,ITEM,504.32,Dorse_Line_1,1510.1601.100.000.511000.0000.000
95669355,103457,1145.76,2026-01-16,USD,Conversion,STANDARD,FB: PO# - 25-18597  Created for SO #242640,100866,GREENHECK FAN CORPORATION (V),1,ITEM,1145.76,Dorse_Line_1,1510.1601.100.000.511000.0000.000
95669376,103996,483.61,2026-01-16,USD,Conversion,STANDARD,"FB: PO# - 26-10203  Created for SO #243983  Joe Schumacher, CPD  |  Hermanson Company, LLP  | Ce...",100866,GREENHECK FAN CORPORATION (V),1,ITEM,483.61,Dorse_Line_1,1510.1602.100.000.511000.0000.000
95669455,103454,73.57,2026-01-16,USD,Conversion,STANDARD,FB: PO# - 26-10336  Created for SO #244238  SO Note: Eric Bjork  360-808-9054  PO 5948-EB966037S,100866,GREENHECK FAN CORPORATION (V),1,ITEM,73.57,Dorse_Line_1,1510.1601.100.000.511000.0000.000
95669490,103464,2524.07,2026-01-16,USD,Conversion,STANDARD,FB: PO# - 26-10116  Created for SO #243853,100866,GREENHECK FAN CORPORATION (V),1,ITEM,2524.07,Dorse_Line_1,1510.1601.100.000.511000.0000.000
95669533,103472,250,2026-01-16,USD,Conversion,STANDARD,FB: PO# - 25-18325A  Created for SO #244511  N/C to customer Frt Reconsignment on OG s-242541 / ...,100866,GREENHECK FAN CORPORATION (V),1,ITEM,250,Dorse_Line_1,1510.1601.100.000.511000.0000.000
95669534,103453,739.27,2026-01-16,USD,Conversion,STANDARD,FB: PO# - 26-10344  Created for SO #244247  SO Note: Katie Brown 206-835-8260  PO 10000408-J1706...,100866,GREENHECK FAN CORPORATION (V),1,ITEM,739.27,Dorse_Line_1,1510.1601.100.000.511000.0000.000
95669599,103463,394.67,2026-01-16,USD,Conversion,STANDARD,FB: PO# - 26-10279  Created for SO #244148,100866,GREENHECK FAN CORPORATION (V),1,ITEM,394.67,Dorse_Line_1,1510.1601.100.000.511000.0000.000
9566960,103461,4684.3,2026-01-16,USD,Conversion,STANDARD,FB: PO# - 26-10087  Created for SO #243806,100866,GREENHECK FAN CORPORATION (V),1,ITEM,4684.3,Dorse_Line_1,1510.1601.100.000.511000.0000.000
95669629,103462,1047.28,2026-01-16,USD,Conversion,STANDARD,FB: PO# - 25-18557  Created for SO #242994,100866,GREENHECK FAN CORPORATION (V),1,ITEM,1047.28,Dorse_Line_1,1510.1601.100.000.511000.0000.000
95669631,103995,928.18,2026-01-16,USD,Conversion,STANDARD,FB: PO# - 25-18725  Created for SO #243296,100866,GREENHECK FAN CORPORATION (V),1,ITEM,928.18,Dorse_Line_1,1510.1602.100.000.511000.0000.000
95669657,103452,4681.22,2026-01-16,USD,Conversion,STANDARD,FB: PO# - 25-18846  Created for SO #243562,100866,GREENHECK FAN CORPORATION (V),1,ITEM,4681.22,Dorse_Line_1,1510.1601.100.000.511000.0000.000
95669703,103467,1198.21,2026-01-16,USD,Conversion,STANDARD,FB: PO# - 26-10021  Created for SO #243671,100866,GREENHECK FAN CORPORATION (V),1,ITEM,1198.21,Dorse_Line_1,1510.1601.100.000.511000.0000.000
95669863,103468,94.59,2026-01-16,USD,Conversion,STANDARD,FB: PO# - 26-10360  Created for SO #244272  SO Note: Rod Christiansen 425-670-1968  PO #2391-148660,100866,GREENHECK FAN CORPORATION (V),1,ITEM,94.59,Dorse_Line_1,1510.1601.100.000.511000.0000.000
95669864,103469,607.25,2026-01-16,USD,Conversion,STANDARD,FB: PO# - 26-10362  Created for SO #244273  SO Note: Christian Rodriguez 206-713-3813  PO# 68761...,100866,GREENHECK FAN CORPORATION (V),1,ITEM,607.25,Dorse_Line_1,1510.1601.100.000.511000.0000.000
95669899,104000,73.77,2026-01-16,USD,Conversion,STANDARD,FB: PO# - 26-10370  Created for SO #244210  SO Note: Sergio Carrillo  253-968-2071    PO 832260267,100866,GREENHECK FAN CORPORATION (V),1,ITEM,73.77,Dorse_Line_1,1510.1602.100.000.511000.0000.000
95669900,103470,457.37,2026-01-16,USD,Conversion,STANDARD,FB: PO# - 26-10371  Created for SO #244277  SO Note: Christian Rodriguez 206-713-3813  PO# 68761...,100866,GREENHECK FAN CORPORATION (V),1,ITEM,457.37,Dorse_Line_1,1510.1601.100.000.511000.0000.000
95670036,104001,1235.75,2026-01-16,USD,Conversion,STANDARD,FB: PO# - 25-18736  Created for SO #243317,100866,GREENHECK FAN CORPORATION (V),1,ITEM,1235.75,Dorse_Line_1,1510.1602.100.000.511000.0000.000
95670069,103473,126.19,2026-01-17,USD,Conversion,STANDARD,FB: PO# - 25-18324W  Created for SO #243935  Created from RMA #894  Concealed freight damage to ...,100866,GREENHECK FAN CORPORATION (V),1,ITEM,126.19,Dorse_Line_1,1510.1601.100.000.511000.0000.000
95670092,103657,50,2026-01-16,USD,Conversion,STANDARD,FB: PO# - 26-10118  Created for SO #243855  Gabe Ramirez  Cell: 425.770.2064,104698,Metalaire,1,ITEM,50,Dorse_Line_1,1510.1601.100.000.511000.0000.000
95670094,104099,1595.09,2026-01-17,USD,Conversion,STANDARD,FB: PO# - 25-18699  Created for SO #243252,104698,Metalaire,1,ITEM,1595.09,Dorse_Line_1,1510.1602.100.000.511000.0000.000
95670249,103474,987.57,2026-01-19,USD,Conversion,STANDARD,FB: PO# - 26-10188  Created for SO #243966,100866,GREENHECK FAN CORPORATION (V),1,ITEM,987.57,Dorse_Line_1,1510.1601.100.000.511000.0000.000
95670323,103475,746.06,2026-01-19,USD,Conversion,STANDARD,FB: PO# - 26-10186  Created for SO #243961,100866,GREENHECK FAN CORPORATION (V),1,ITEM,746.06,Dorse_Line_1,1510.1601.100.000.511000.0000.000
95670452,103476,4667.1,2026-01-19,USD,Conversion,STANDARD,FB: PO# - 25-18312  Created for SO #242502,100866,GREENHECK FAN CORPORATION (V),1,ITEM,4667.1,Dorse_Line_1,1510.1601.100.000.511000.0000.000
95670698,103477,175.47,2026-01-19,USD,Conversion,STANDARD,FB: PO# - 26-10383  Created for SO #244296  SO Note: Jeremy Holt  Banana Grill  PO 30761,100866,GREENHECK FAN CORPORATION (V),1,ITEM,175.47,Dorse_Line_1,1510.1601.100.000.511000.0000.000
95670807,103478,600.75,2026-01-19,USD,Conversion,STANDARD,FB: PO# - 26-10074  Created for SO #243773,100866,GREENHECK FAN CORPORATION (V),1,ITEM,600.75,Dorse_Line_1,1510.1601.100.000.511000.0000.000
95670808,103481,904.42,2026-01-19,USD,Conversion,STANDARD,FB: PO# - 26-10127  Created for SO #243029,100866,GREENHECK FAN CORPORATION (V),1,ITEM,904.42,Dorse_Line_1,1510.1601.100.000.511000.0000.000
95670809,104004,231.39,2026-01-19,USD,Conversion,STANDARD,FB: PO# - 26-10162  Created for SO #243913,100866,GREENHECK FAN CORPORATION (V),1,ITEM,231.39,Dorse_Line_1,1510.1602.100.000.511000.0000.000
95670810,103480,131.21,2026-01-19,USD,Conversion,STANDARD,FB: PO# - 26-10340  Created for SO #244245,100866,GREENHECK FAN CORPORATION (V),1,ITEM,131.21,Dorse_Line_1,1510.1601.100.000.511000.0000.000
95670842,103479,458.31,2026-01-19,USD,Conversion,STANDARD,FB: PO# - 26-10181  Created for SO #243947,100866,GREENHECK FAN CORPORATION (V),1,ITEM,458.31,Dorse_Line_1,1510.1601.100.000.511000.0000.000
95670935,104005,2426.1,2026-01-19,USD,Conversion,STANDARD,FB: PO# - 26-10114  Created for SO #243772,100866,GREENHECK FAN CORPORATION (V),1,ITEM,2426.1,Dorse_Line_1,1510.1602.100.000.511000.0000.000
95670936,103483,2185.85,2026-01-19,USD,Conversion,STANDARD,FB: PO# - 26-10160  Created for SO #243321,100866,GREENHECK FAN CORPORATION (V),1,ITEM,2185.85,Dorse_Line_1,1510.1601.100.000.511000.0000.000
95670937,103482,892.13,2026-01-19,USD,Conversion,STANDARD,FB: PO# - 26-10333  Created for SO #240088  SO Note: 11/11/2025 we received 1 plt bx and 2 crate...,100866,GREENHECK FAN CORPORATION (V),1,ITEM,892.13,Dorse_Line_1,1510.1601.100.000.511000.0000.000
95671039,104006,3666.65,2026-01-19,USD,Conversion,STANDARD,FB: PO# - 25-18791  Created for SO #243426,100866,GREENHECK FAN CORPORATION (V),1,ITEM,3666.65,Dorse_Line_1,1510.1602.100.000.511000.0000.000
95671119,103486,15677.03,2026-01-19,USD,Conversion,STANDARD,FB: PO# - 26-10169  Created for SO #243921  Ursula Lund  |  Assistant Project Manager  Hermanson...,100866,GREENHECK FAN CORPORATION (V),1,ITEM,15677.03,Dorse_Line_1,1510.1601.100.000.511000.0000.000
95671203,103484,599.95,2026-01-19,USD,Conversion,STANDARD,FB: PO# - 26-10308  Created for SO #244202  SO Note: Attn: Ricardo Romero  206-751-7754,100866,GREENHECK FAN CORPORATION (V),1,ITEM,599.95,Dorse_Line_1,1510.1601.100.000.511000.0000.000
95671204,103485,12562.89,2026-01-19,USD,Conversion,STANDARD,FB: PO# - 25-18839  Created for SO #243540,100866,GREENHECK FAN CORPORATION (V),1,ITEM,12562.89,Dorse_Line_1,1510.1601.100.000.511000.0000.000
95671255,104007,450,2026-01-19,USD,Conversion,STANDARD,FB: PO# - 26-10411  Created for SO #244347  SO Note: Rey Canonizado  Link Apts  PO 305415,100866,GREENHECK FAN CORPORATION (V),1,ITEM,450,Dorse_Line_1,1510.1602.100.000.511000.0000.000
95671371,104008,892.82,2026-01-19,USD,Conversion,STANDARD,FB: PO# - 26-10215  Created for SO #244014,100866,GREENHECK FAN CORPORATION (V),1,ITEM,892.82,Dorse_Line_1,1510.1602.100.000.511000.0000.000
95671529,103488,484.93,2026-01-20,USD,Conversion,STANDARD,FB: PO# - 26-10238  Created for SO #244053,100866,GREENHECK FAN CORPORATION (V),1,ITEM,484.93,Dorse_Line_1,1510.1601.100.000.511000.0000.000
95671530,103487,1379.32,2026-01-20,USD,Conversion,STANDARD,FB: PO# - 26-10046  Created for SO #237262,100866,GREENHECK FAN CORPORATION (V),1,ITEM,1379.32,Dorse_Line_1,1510.1601.100.000.511000.0000.000
95671792,103489,236.06,2026-01-20,USD,Conversion,STANDARD,FB: PO# - 26-10234  Created for SO #244047  SO Note: Dick Culver - 2067620500  PO18759,100866,GREENHECK FAN CORPORATION (V),1,ITEM,236.06,Dorse_Line_1,1510.1601.100.000.511000.0000.000
95672047,104009,244.75,2026-01-20,USD,Conversion,STANDARD,FB: PO# - 25-18868  Created for SO #242933,100866,GREENHECK FAN CORPORATION (V),1,ITEM,244.75,Dorse_Line_1,1510.1602.100.000.511000.0000.000
95672079,103490,915.56,2026-01-20,USD,Conversion,STANDARD,FB: PO# - 25-17808  Created for SO #241626,100866,GREENHECK FAN CORPORATION (V),1,ITEM,915.56,Dorse_Line_1,1510.1601.100.000.511000.0000.000
95672164,103491,456.76,2026-01-20,USD,Conversion,STANDARD,FB: PO# - 25-18820  Created for SO #243503,100866,GREENHECK FAN CORPORATION (V),1,ITEM,456.76,Dorse_Line_1,1510.1601.100.000.511000.0000.000
95672251,104013,1076.74,2026-01-20,USD,Conversion,STANDARD,FB: PO# - 26-10346  Created for SO #244250,100866,GREENHECK FAN CORPORATION (V),1,ITEM,1076.74,Dorse_Line_1,1510.1602.100.000.511000.0000.000
95672252,103492,2064.14,2026-01-20,USD,Conversion,STANDARD,FB: PO# - 26-10381  Created for SO #244293,100866,GREENHECK FAN CORPORATION (V),1,ITEM,2064.14,Dorse_Line_1,1510.1601.100.000.511000.0000.000
95672253,104010,1468.54,2026-01-20,USD,Conversion,STANDARD,FB: PO# - 26-10223  Created for SO #244023  SO Note: Jared Wold  206-887-7196  PO#686330  MUA & ...,100866,GREENHECK FAN CORPORATION (V),1,ITEM,1468.54,Dorse_Line_1,1510.1602.100.000.511000.0000.000
95672290,104011,495.91,2026-01-20,USD,Conversion,STANDARD,FB: PO# - 26-10207  Created for SO #243998  Cameron Foreman  Assistant Project Manager  Emerald ...,100866,GREENHECK FAN CORPORATION (V),1,ITEM,495.91,Dorse_Line_1,1510.1602.100.000.511000.0000.000
95672291,104012,2355.74,2026-01-20,USD,Conversion,STANDARD,FB: PO# - 26-10285  Created for SO #244157,100866,GREENHECK FAN CORPORATION (V),1,ITEM,2355.74,Dorse_Line_1,1510.1602.100.000.511000.0000.000
95672336,104015,621.93,2026-01-20,USD,Conversion,STANDARD,FB: PO# - 26-10128  Created for SO #243869  Mike Willis  Project Engineer    Auburn Mechanical  ...,100866,GREENHECK FAN CORPORATION (V),1,ITEM,621.93,Dorse_Line_1,1510.1602.100.000.511000.0000.000
95672337,104016,2085.71,2026-01-20,USD,Conversion,STANDARD,FB: PO# - 26-10232  Created for SO #244043,100866,GREENHECK FAN CORPORATION (V),1,ITEM,2085.71,Dorse_Line_1,1510.1602.100.000.511000.0000.000
95672338,103493,2468.6,2026-01-20,USD,Conversion,STANDARD,FB: PO# - 26-10382  Created for SO #244295,100866,GREENHECK FAN CORPORATION (V),1,ITEM,2468.6,Dorse_Line_1,1510.1601.100.000.511000.0000.000
95672339,104014,806.55,2026-01-20,USD,Conversion,STANDARD,FB: PO# - 26-10237  Created for SO #244051  SO Note: Terry Moody 2535729484  PO# 1-14097-01,100866,GREENHECK FAN CORPORATION (V),1,ITEM,806.55,Dorse_Line_1,1510.1602.100.000.511000.0000.000
95672437,104017,345.06,2026-01-20,USD,Conversion,STANDARD,FB: PO# - 26-10425  Created for SO #244373  SO Note: Aaron Meaker  PO# 687784  Job Name: SILVER ...,100866,GREENHECK FAN CORPORATION (V),1,ITEM,345.06,Dorse_Line_1,1510.1602.100.000.511000.0000.000
95672535,103496,56.09,2026-01-20,USD,Conversion,STANDARD,FB: PO# - 26-10420  Created for SO #244369,100866,GREENHECK FAN CORPORATION (V),1,ITEM,56.09,Dorse_Line_1,1510.1601.100.000.511000.0000.000
95672609,104020,384.16,2026-01-20,USD,Conversion,STANDARD,FB: PO# - 26-10163  Created for SO #243909,100866,GREENHECK FAN CORPORATION (V),1,ITEM,384.16,Dorse_Line_1,1510.1602.100.000.511000.0000.000
95672610,103495,250,2026-01-20,USD,Conversion,STANDARD,FB: PO# - 26-10449  Created for SO #244417  SO Note: STEVEN WILSON (206) 825-0339  PO# 687844  J...,100866,GREENHECK FAN CORPORATION (V),1,ITEM,250,Dorse_Line_1,1510.1601.100.000.511000.0000.000
95672620,103494,1628.33,2026-01-20,USD,Conversion,STANDARD,FB: PO# - 26-10115  Created for SO #243852,100866,GREENHECK FAN CORPORATION (V),1,ITEM,1628.33,Dorse_Line_1,1510.1601.100.000.511000.0000.000
95672659,103497,684.51,2026-01-20,USD,Conversion,STANDARD,"FB: PO# - 26-10290  Created for SO #244171  Joe Schumacher, CPD  |  Assistant Project Manager II...",100866,GREENHECK FAN CORPORATION (V),1,ITEM,684.51,Dorse_Line_1,1510.1601.100.000.511000.0000.000
95672660,104018,518.37,2026-01-20,USD,Conversion,STANDARD,FB: PO# - 26-10458  Created for SO #244422  SO Note: Joey 206-917-7709  DSW 3,100866,GREENHECK FAN CORPORATION (V),1,ITEM,518.37,Dorse_Line_1,1510.1602.100.000.511000.0000.000
95672661,104019,228.69,2026-01-20,USD,Conversion,STANDARD,FB: PO# - 26-10460  Created for SO #244426  SO Note: Matt Oakley 4254197442  Century   PO 26039,100866,GREENHECK FAN CORPORATION (V),1,ITEM,228.69,Dorse_Line_1,1510.1602.100.000.511000.0000.000
95672966,103498,629.4,2026-01-21,USD,Conversion,STANDARD,FB: PO# - 25-18546  Created for SO #242969,100866,GREENHECK FAN CORPORATION (V),1,ITEM,629.4,Dorse_Line_1,1510.1601.100.000.511000.0000.000
95672967,104021,4944.16,2026-01-21,USD,Conversion,STANDARD,FB: PO# - 25-18531  Created for SO #242930,100866,GREENHECK FAN CORPORATION (V),1,ITEM,4944.16,Dorse_Line_1,1510.1602.100.000.511000.0000.000
95672968,104022,318.76,2026-01-21,USD,Conversion,STANDARD,FB: PO# - 26-10428  Created for SO #244293,100866,GREENHECK FAN CORPORATION (V),1,ITEM,318.76,Dorse_Line_1,1510.1602.100.000.511000.0000.000
95673066,104023,150.47,2026-01-21,USD,Conversion,STANDARD,FB: PO# - 26-10385  Created for SO #244297,100866,GREENHECK FAN CORPORATION (V),1,ITEM,150.47,Dorse_Line_1,1510.1602.100.000.511000.0000.000
95673170,104024,2676.31,2026-01-21,USD,Conversion,STANDARD,FB: PO# - 26-10132  Created for SO #243029,100866,GREENHECK FAN CORPORATION (V),1,ITEM,2676.31,Dorse_Line_1,1510.1602.100.000.511000.0000.000
95673204,103499,548.71,2026-01-21,USD,Conversion,STANDARD,FB: PO# - 26-10392  Created for SO #244307,100866,GREENHECK FAN CORPORATION (V),1,ITEM,548.71,Dorse_Line_1,1510.1601.100.000.511000.0000.000
95673401,103500,1292.02,2026-01-21,USD,Conversion,STANDARD,FB: PO# - 25-18768  Created for SO #243383,100866,GREENHECK FAN CORPORATION (V),1,ITEM,1292.02,Dorse_Line_1,1510.1601.100.000.511000.0000.000
95673476,103502,1176.52,2026-01-21,USD,Conversion,STANDARD,"FB: PO# - 26-10434  Created for SO #244387  Misty Beck  Assistant Project Manager  Emerald Aire,...",100866,GREENHECK FAN CORPORATION (V),1,ITEM,1176.52,Dorse_Line_1,1510.1601.100.000.511000.0000.000
95673477,103501,7684.46,2026-01-21,USD,Conversion,STANDARD,FB: PO# - 25-18791  Created for SO #243426,100866,GREENHECK FAN CORPORATION (V),1,ITEM,7684.46,Dorse_Line_1,1510.1601.100.000.511000.0000.000
95673478,103503,2637.18,2026-01-21,USD,Conversion,STANDARD,FB: PO# - 25-18785  Created for SO #243412  Terris Patterson   Senior Project Manager   Hermanso...,100866,GREENHECK FAN CORPORATION (V),1,ITEM,2637.18,Dorse_Line_1,1510.1601.100.000.511000.0000.000
95673549,103504,5597.6,2026-01-21,USD,Conversion,STANDARD,FB: PO# - 25-18771  Created for SO #243389,100866,GREENHECK FAN CORPORATION (V),1,ITEM,5597.6,Dorse_Line_1,1510.1601.100.000.511000.0000.000
95673550,103506,9927.1,2026-01-21,USD,Conversion,STANDARD,FB: PO# - 25-18714  Created for SO #243273,100866,GREENHECK FAN CORPORATION (V),1,ITEM,9927.1,Dorse_Line_1,1510.1601.100.000.511000.0000.000
95673673,103505,467.35,2026-01-21,USD,Conversion,STANDARD,FB: PO# - 26-10423  Created for SO #244187,100866,GREENHECK FAN CORPORATION (V),1,ITEM,467.35,Dorse_Line_1,1510.1601.100.000.511000.0000.000
95673713 X,103188,113.32,2026-02-16,USD,Conversion,STANDARD,FB: PO# - 25-18697A  Created for SO #245333  SO Note: Colin Burrell: 425-894-6045,100866,GREENHECK FAN CORPORATION (V),1,ITEM,113.32,Dorse_Line_1,1510.1601.100.000.511000.0000.000
95673907,104026,721.33,2026-01-21,USD,Conversion,STANDARD,FB: PO# - 26-10391  Created for SO #244303,100866,GREENHECK FAN CORPORATION (V),1,ITEM,721.33,Dorse_Line_1,1510.1602.100.000.511000.0000.000
95673908,104025,389.45,2026-01-21,USD,Conversion,STANDARD,FB: PO# - 26-10398  Created for SO #244259  SO Note: Micheal Hebert: 425-761-3209    5/20/2025 w...,100866,GREENHECK FAN CORPORATION (V),1,ITEM,389.45,Dorse_Line_1,1510.1602.100.000.511000.0000.000
95674158,103512,6665.12,2026-01-21,USD,Conversion,STANDARD,FB: PO# - 26-10210  Created for SO #244009,100866,GREENHECK FAN CORPORATION (V),1,ITEM,6665.12,Dorse_Line_1,1510.1601.100.000.511000.0000.000
95674170,103507,3869.5,2026-01-21,USD,Conversion,STANDARD,FB: PO# - 26-10185  Created for SO #243939,100866,GREENHECK FAN CORPORATION (V),1,ITEM,3869.5,Dorse_Line_1,1510.1601.100.000.511000.0000.000
95674244,103509,2190.76,2026-01-21,USD,Conversion,STANDARD,FB: PO# - 26-10273  Created for SO #244138,100866,GREENHECK FAN CORPORATION (V),1,ITEM,2190.76,Dorse_Line_1,1510.1601.100.000.511000.0000.000
95674245,103511,474.86,2026-01-21,USD,Conversion,STANDARD,"FB: PO# - 26-10292  Created for SO #244173  Joe Schumacher, CPD  |  Assistant Project Manager II...",100866,GREENHECK FAN CORPORATION (V),1,ITEM,474.86,Dorse_Line_1,1510.1601.100.000.511000.0000.000
95674257,103508,789.32,2026-01-21,USD,Conversion,STANDARD,FB: PO# - 26-10385  Created for SO #244297,100866,GREENHECK FAN CORPORATION (V),1,ITEM,789.32,Dorse_Line_1,1510.1601.100.000.511000.0000.000
95674358,103510,7588.13,2026-01-21,USD,Conversion,STANDARD,FB: PO# - 25-18529  Created for SO #239060,100866,GREENHECK FAN CORPORATION (V),1,ITEM,7588.13,Dorse_Line_1,1510.1601.100.000.511000.0000.000
95674554,103517,6098.79,2026-01-22,USD,Conversion,STANDARD,FB: PO# - 25-18694  Created for SO #243240,100866,GREENHECK FAN CORPORATION (V),1,ITEM,6098.79,Dorse_Line_1,1510.1601.100.000.511000.0000.000
95674555,104033,5668.7,2026-01-22,USD,Conversion,STANDARD,FB: PO# - 25-18804  Created for SO #243459,100866,GREENHECK FAN CORPORATION (V),1,ITEM,5668.7,Dorse_Line_1,1510.1602.100.000.511000.0000.000
95674652,103531,941.95,2026-01-22,USD,Conversion,STANDARD,FB: PO# - 26-10393  Created for SO #244309,100866,GREENHECK FAN CORPORATION (V),1,ITEM,941.95,Dorse_Line_1,1510.1601.100.000.511000.0000.000
95674653,103516,2585.16,2026-01-22,USD,Conversion,STANDARD,FB: PO# - 25-18631  Created for SO #243006,100866,GREENHECK FAN CORPORATION (V),1,ITEM,2585.16,Dorse_Line_1,1510.1601.100.000.511000.0000.000
95674704,103658,698.05,2026-01-22,USD,Conversion,STANDARD,FB: PO# - 26-10016  Created for SO #243663,104698,Metalaire,1,ITEM,698.05,Dorse_Line_1,1510.1601.100.000.511000.0000.000
95674705,103513,892.37,2026-01-22,USD,Conversion,STANDARD,FB: PO# - 26-10057  Created for SO #243712,100866,GREENHECK FAN CORPORATION (V),1,ITEM,892.37,Dorse_Line_1,1510.1601.100.000.511000.0000.000
95674974,103515,368.24,2026-01-22,USD,Conversion,STANDARD,FB: PO# - 26-10299  Created for SO #244184,100866,GREENHECK FAN CORPORATION (V),1,ITEM,368.24,Dorse_Line_1,1510.1601.100.000.511000.0000.000
95675067,103530,1348.53,2026-01-22,USD,Conversion,STANDARD,"FB: PO# - 26-10142  Created for SO #243882  Joe Schumacher, CPD  |  Assistant Project Manager II...",100866,GREENHECK FAN CORPORATION (V),1,ITEM,1348.53,Dorse_Line_1,1510.1601.100.000.511000.0000.000
95675093,103528,3804.55,2026-01-22,USD,Conversion,STANDARD,FB: PO# - 26-10073  Created for SO #243771,100866,GREENHECK FAN CORPORATION (V),1,ITEM,3804.55,Dorse_Line_1,1510.1601.100.000.511000.0000.000
95675094,103526,540.25,2026-01-22,USD,Conversion,STANDARD,FB: PO# - 26-10489  Created for SO #244490  SO Note: GRANT WHITE 509-820-9634  PO# 688018  Job N...,100866,GREENHECK FAN CORPORATION (V),1,ITEM,540.25,Dorse_Line_1,1510.1601.100.000.511000.0000.000
95675184,103514,48.84,2026-01-22,USD,Conversion,STANDARD,FB: PO# - 26-10494  Created for SO #244494  SO Note: Jared Wold 206-887-7196  PO# 689134  Job Na...,100866,GREENHECK FAN CORPORATION (V),1,ITEM,48.84,Dorse_Line_1,1510.1601.100.000.511000.0000.000
95675209,103527,183.19,2026-01-22,USD,Conversion,STANDARD,FB: PO# - 26-10492  Created for SO #244491,100866,GREENHECK FAN CORPORATION (V),1,ITEM,183.19,Dorse_Line_1,1510.1601.100.000.511000.0000.000
95675276,103529,302.94,2026-01-22,USD,Conversion,STANDARD,FB: PO# - 26-10509  Created for SO #244517  SO Note: Justyn Y - 2068616072  PO: S1000010335,100866,GREENHECK FAN CORPORATION (V),1,ITEM,302.94,Dorse_Line_1,1510.1601.100.000.511000.0000.000
95675415,104027,1257.24,2026-01-22,USD,Conversion,STANDARD,FB: PO# - 26-10347  Created for SO #244252,100866,GREENHECK FAN CORPORATION (V),1,ITEM,1257.24,Dorse_Line_1,1510.1602.100.000.511000.0000.000
95675601,103518,928.46,2026-01-22,USD,Conversion,STANDARD,FB: PO# - 26-10465  Created for SO #244444,100866,GREENHECK FAN CORPORATION (V),1,ITEM,928.46,Dorse_Line_1,1510.1601.100.000.511000.0000.000
95675602,104031,195.58,2026-01-22,USD,Conversion,STANDARD,FB: PO# - 26-10506  Created for SO #244515,100866,GREENHECK FAN CORPORATION (V),1,ITEM,195.58,Dorse_Line_1,1510.1602.100.000.511000.0000.000
95675611,103521,419.3,2026-01-22,USD,Conversion,STANDARD,FB: PO# - 26-10464  Created for SO #244434,100866,GREENHECK FAN CORPORATION (V),1,ITEM,419.3,Dorse_Line_1,1510.1601.100.000.511000.0000.000
95675662,103519,133.45,2026-01-22,USD,Conversion,STANDARD,FB: PO# - 26-10511  Created for SO #244518,100866,GREENHECK FAN CORPORATION (V),1,ITEM,133.45,Dorse_Line_1,1510.1601.100.000.511000.0000.000
95675676,103523,4092.64,2026-01-22,USD,Conversion,STANDARD,FB: PO# - 25-18831  Created for SO #243518,100866,GREENHECK FAN CORPORATION (V),1,ITEM,4092.64,Dorse_Line_1,1510.1601.100.000.511000.0000.000
95675677,103522,183.26,2026-01-22,USD,Conversion,STANDARD,FB: PO# - 26-10439  Created for SO #244375,100866,GREENHECK FAN CORPORATION (V),1,ITEM,183.26,Dorse_Line_1,1510.1601.100.000.511000.0000.000
95675716,103525,177.97,2026-01-22,USD,Conversion,STANDARD,FB: PO# - 26-10215  Created for SO #244014,100866,GREENHECK FAN CORPORATION (V),1,ITEM,177.97,Dorse_Line_1,1510.1601.100.000.511000.0000.000
95675742,104030,3461.8,2026-01-22,USD,Conversion,STANDARD,FB: PO# - 25-18848  Created for SO #243565,100866,GREENHECK FAN CORPORATION (V),1,ITEM,3461.8,Dorse_Line_1,1510.1602.100.000.511000.0000.000
95675743,103524,1356.78,2026-01-22,USD,Conversion,STANDARD,FB: PO# - 26-10327  Created for SO #244220,100866,GREENHECK FAN CORPORATION (V),1,ITEM,1356.78,Dorse_Line_1,1510.1601.100.000.511000.0000.000
95675744,104028,399.76,2026-01-22,USD,Conversion,STANDARD,FB: PO# - 26-10497  Created for SO #244497,100866,GREENHECK FAN CORPORATION (V),1,ITEM,399.76,Dorse_Line_1,1510.1602.100.000.511000.0000.000
95675794,104029,901.8,2026-01-22,USD,Conversion,STANDARD,FB: PO# - 26-10150  Created for SO #243801,100866,GREENHECK FAN CORPORATION (V),1,ITEM,901.8,Dorse_Line_1,1510.1602.100.000.511000.0000.000
95675795,103520,1815.28,2026-01-22,USD,Conversion,STANDARD,FB: PO# - 26-10182  Created for SO #243948,100866,GREENHECK FAN CORPORATION (V),1,ITEM,1815.28,Dorse_Line_1,1510.1601.100.000.511000.0000.000
95675799,106031,2079.65,2026-01-22,USD,Conversion,STANDARD,FB: PO# - 26-10536,100866,GREENHECK FAN CORPORATION (V),1,ITEM,2079.65,Dorse_Line_1,1510.1601.000.000.115101.0000.000
95675865,104032,5128.33,2026-01-22,USD,Conversion,STANDARD,FB: PO# - 25-18285  Created for SO #242458  Ryan McLaughlin | Sr. Project Manager  430 SW 153rd ...,100866,GREENHECK FAN CORPORATION (V),1,ITEM,5128.33,Dorse_Line_1,1510.1602.100.000.511000.0000.000
95676181,103533,1924.55,2026-01-23,USD,Conversion,STANDARD,FB: PO# - 25-18302  Created for SO #242334,100866,GREENHECK FAN CORPORATION (V),1,ITEM,1924.55,Dorse_Line_1,1510.1601.100.000.511000.0000.000
95676210,103661,2513.16,2026-01-23,USD,Conversion,STANDARD,FB: PO# - 26-10070  Created for SO #243628,104698,Metalaire,1,ITEM,2513.16,Dorse_Line_1,1510.1601.100.000.511000.0000.000
95676211,103532,1113.48,2026-01-23,USD,Conversion,STANDARD,FB: PO# - 26-10131  Created for SO #243872,100866,GREENHECK FAN CORPORATION (V),1,ITEM,1113.48,Dorse_Line_1,1510.1601.100.000.511000.0000.000
95676212,103659,844.8,2026-01-23,USD,Conversion,STANDARD,FB: PO# - 26-10341  Created for SO #244246,104698,Metalaire,1,ITEM,844.8,Dorse_Line_1,1510.1601.100.000.511000.0000.000
95676213,103660,1415.81,2026-01-23,USD,Conversion,STANDARD,FB: PO# - 25-18757  Created for SO #242964,104698,Metalaire,1,ITEM,1415.81,Dorse_Line_1,1510.1601.100.000.511000.0000.000
95676302,103534,608.52,2026-01-23,USD,Conversion,STANDARD,FB: PO# - 25-18461  Created for SO #242833,100866,GREENHECK FAN CORPORATION (V),1,ITEM,608.52,Dorse_Line_1,1510.1601.100.000.511000.0000.000
95676312,103535,2934.77,2026-01-23,USD,Conversion,STANDARD,FB: PO# - 26-10152  Created for SO #243890,100866,GREENHECK FAN CORPORATION (V),1,ITEM,2934.77,Dorse_Line_1,1510.1601.100.000.511000.0000.000
95676507,104035,967.49,2026-01-23,USD,Conversion,STANDARD,FB: PO# - 26-10452  Created for SO #244326  SO Note: Pete 509-624-8346  PO 26191,100866,GREENHECK FAN CORPORATION (V),1,ITEM,967.49,Dorse_Line_1,1510.1602.100.000.511000.0000.000
95676508,104036,425.83,2026-01-23,USD,Conversion,STANDARD,FB: PO# - 26-10253  Created for SO #244089,100866,GREENHECK FAN CORPORATION (V),1,ITEM,425.83,Dorse_Line_1,1510.1602.100.000.511000.0000.000
95676509,103537,250.05,2026-01-23,USD,Conversion,STANDARD,FB: PO# - 26-10496  Created for SO #244498,100866,GREENHECK FAN CORPORATION (V),1,ITEM,250.05,Dorse_Line_1,1510.1601.100.000.511000.0000.000
95676634,103536,986.48,2026-01-23,USD,Conversion,STANDARD,FB: PO# - 25-18821  Created for SO #243507,100866,GREENHECK FAN CORPORATION (V),1,ITEM,986.48,Dorse_Line_1,1510.1601.100.000.511000.0000.000
95676635,104034,699.58,2026-01-23,USD,Conversion,STANDARD,FB: PO# - 25-18828  Created for SO #243514,100866,GREENHECK FAN CORPORATION (V),1,ITEM,699.58,Dorse_Line_1,1510.1602.100.000.511000.0000.000
95676711,103539,1404.1,2026-01-23,USD,Conversion,STANDARD,FB: PO# - 25-18826  Created for SO #243512,100866,GREENHECK FAN CORPORATION (V),1,ITEM,1404.1,Dorse_Line_1,1510.1601.100.000.511000.0000.000
95676730,103538,1568.85,2026-01-23,USD,Conversion,STANDARD,FB: PO# - 26-10250  Created for SO #244072,100866,GREENHECK FAN CORPORATION (V),1,ITEM,1568.85,Dorse_Line_1,1510.1601.100.000.511000.0000.000
95676796,103540,4806.62,2026-01-23,USD,Conversion,STANDARD,FB: PO# - 25-18846  Created for SO #243562,100866,GREENHECK FAN CORPORATION (V),1,ITEM,4806.62,Dorse_Line_1,1510.1601.100.000.511000.0000.000
95676892,104037,257.41,2026-01-23,USD,Conversion,STANDARD,FB: PO# - 26-10547  Created for SO #244575  SO Note: Jared Wold  206-887-7196  PO# 689378  Job N...,100866,GREENHECK FAN CORPORATION (V),1,ITEM,257.41,Dorse_Line_1,1510.1602.100.000.511000.0000.000
95676910,104038,671.76,2026-01-23,USD,Conversion,STANDARD,FB: PO# - 26-10317  Created for SO #243484  SO Note: SHAY - Rec'd $9455 1.9.25 ACH,100866,GREENHECK FAN CORPORATION (V),1,ITEM,671.76,Dorse_Line_1,1510.1602.100.000.511000.0000.000
95677029,103541,791.2,2026-01-23,USD,Conversion,STANDARD,FB: PO# - 26-10105  Created for SO #243800,100866,GREENHECK FAN CORPORATION (V),1,ITEM,791.2,Dorse_Line_1,1510.1601.100.000.511000.0000.000
95677042,103542,53.15,2026-01-23,USD,Conversion,STANDARD,FB: PO# - 26-10554  Created for SO #244590  SO Note: Jared Wold  206-887-7196  PO# 689389  Job N...,100866,GREENHECK FAN CORPORATION (V),1,ITEM,53.15,Dorse_Line_1,1510.1601.100.000.511000.0000.000
95677101,104039,140.25,2026-01-23,USD,Conversion,STANDARD,FB: PO# - 26-10559  Created for SO #244514  SO Note: Andrew Robison 2533848044  Haggen3450  PO 2...,100866,GREENHECK FAN CORPORATION (V),1,ITEM,140.25,Dorse_Line_1,1510.1602.100.000.511000.0000.000
95677132,104040,4147.32,2026-01-23,USD,Conversion,STANDARD,FB: PO# - 26-10250  Created for SO #244072,100866,GREENHECK FAN CORPORATION (V),1,ITEM,4147.32,Dorse_Line_1,1510.1602.100.000.511000.0000.000
95677181,103543,278.62,2026-01-23,USD,Conversion,STANDARD,FB: PO# - 26-10320  Created for SO #244211,100866,GREENHECK FAN CORPORATION (V),1,ITEM,278.62,Dorse_Line_1,1510.1601.100.000.511000.0000.000
95677204,103546,3013.64,2026-01-23,USD,Conversion,STANDARD,FB: PO# - 26-10504  Created for SO #244510,100866,GREENHECK FAN CORPORATION (V),1,ITEM,3013.64,Dorse_Line_1,1510.1601.100.000.511000.0000.000
95677205,103544,595.23,2026-01-23,USD,Conversion,STANDARD,FB: PO# - 26-10505  Created for SO #244513,100866,GREENHECK FAN CORPORATION (V),1,ITEM,595.23,Dorse_Line_1,1510.1601.100.000.511000.0000.000
95677218,103545,1061.62,2026-01-23,USD,Conversion,STANDARD,FB: PO# - 26-10230  Created for SO #244034,100866,GREENHECK FAN CORPORATION (V),1,ITEM,1061.62,Dorse_Line_1,1510.1601.100.000.511000.0000.000
956772297,103662,375.52,2026-01-24,USD,Conversion,STANDARD,FB: PO# - 26-10057  Created for SO #243712,104698,Metalaire,1,ITEM,375.52,Dorse_Line_1,1510.1601.100.000.511000.0000.000
95677273,104041,244.06,2026-01-24,USD,Conversion,STANDARD,FB: PO# - 26-10187  Created for SO #243962  SO Note: Steve Knowles (509) 992-7095  Brockton High...,100866,GREENHECK FAN CORPORATION (V),1,ITEM,244.06,Dorse_Line_1,1510.1602.100.000.511000.0000.000
95677298,103663,758.53,2026-01-24,USD,Conversion,STANDARD,FB: PO# - 25-18757  Created for SO #242964,104698,Metalaire,1,ITEM,758.53,Dorse_Line_1,1510.1601.100.000.511000.0000.000
95677485,104043,4307.59,2026-01-26,USD,Conversion,STANDARD,FB: PO# - 25-18266  Created for SO #242419,100866,GREENHECK FAN CORPORATION (V),1,ITEM,4307.59,Dorse_Line_1,1510.1602.100.000.511000.0000.000
95677486 X,103110,2840.1,2026-02-09,USD,Conversion,STANDARD,FB: PO# - 26-10196  Created for SO #243719  SO Note: Vitaliy 206-550-8861  Salvation Church,100866,GREENHECK FAN CORPORATION (V),1,ITEM,2840.1,Dorse_Line_1,1510.1601.100.000.511000.0000.000
95677544,104044,9612.53,2026-01-26,USD,Conversion,STANDARD,FB: PO# - 25-18010  Created for SO #241991,100866,GREENHECK FAN CORPORATION (V),1,ITEM,9612.53,Dorse_Line_1,1510.1602.100.000.511000.0000.000
95677545,104045,929.88,2026-01-26,USD,Conversion,STANDARD,FB: PO# - 26-10165  Created for SO #243916  SO Note: Giovanny Espinoza Tel. 425-591-6914,100866,GREENHECK FAN CORPORATION (V),1,ITEM,929.88,Dorse_Line_1,1510.1602.100.000.511000.0000.000
95677582,104046,9001.28,2026-01-26,USD,Conversion,STANDARD,FB: PO# - 25-18502  Created for SO #242856,100866,GREENHECK FAN CORPORATION (V),1,ITEM,9001.28,Dorse_Line_1,1510.1602.100.000.511000.0000.000
95677611 X,103840,3628.23,2026-02-19,USD,Conversion,STANDARD,FB: PO# - 25-18714  Created for SO #243273,100866,GREENHECK FAN CORPORATION (V),1,ITEM,3628.23,Dorse_Line_1,1510.1602.100.000.511000.0000.000
95677611 X_1,106029,381.14,2026-02-19,USD,Conversion,STANDARD,FB: PO# - 25-18714A  Created for SO #245707,100866,GREENHECK FAN CORPORATION (V),1,ITEM,381.14,Dorse_Line_1,1510.1601.000.000.115101.0000.000
95677829,104048,484.91,2026-01-26,USD,Conversion,STANDARD,FB: PO# - 26-10557  Created for SO #244596  SO Note: John Douglas - 3604791531  UPS RED  PO 6343602,100866,GREENHECK FAN CORPORATION (V),1,ITEM,484.91,Dorse_Line_1,1510.1602.100.000.511000.0000.000
95678045,103547,895.96,2026-01-26,USD,Conversion,STANDARD,FB: PO# - 26-10525  Created for SO #244535,100866,GREENHECK FAN CORPORATION (V),1,ITEM,895.96,Dorse_Line_1,1510.1601.100.000.511000.0000.000
95678046,103549,282.47,2026-01-26,USD,Conversion,STANDARD,FB: PO# - 26-10582  Created for SO #244626,100866,GREENHECK FAN CORPORATION (V),1,ITEM,282.47,Dorse_Line_1,1510.1601.100.000.511000.0000.000
95678076,103548,6731.19,2026-01-26,USD,Conversion,STANDARD,FB: PO# - 25-18226  Created for SO #242353,100866,GREENHECK FAN CORPORATION (V),1,ITEM,6731.19,Dorse_Line_1,1510.1601.100.000.511000.0000.000
95678077,104047,1063.69,2026-01-26,USD,Conversion,STANDARD,FB: PO# - 26-10353  Created for SO #244260,100866,GREENHECK FAN CORPORATION (V),1,ITEM,1063.69,Dorse_Line_1,1510.1602.100.000.511000.0000.000
95678147,104049,669.24,2026-01-26,USD,Conversion,STANDARD,FB: PO# - 25-18502  Created for SO #242856,100866,GREENHECK FAN CORPORATION (V),1,ITEM,669.24,Dorse_Line_1,1510.1602.100.000.511000.0000.000
95678148,103551,262.5,2026-01-26,USD,Conversion,STANDARD,FB: PO# - 26-10253  Created for SO #244089,100866,GREENHECK FAN CORPORATION (V),1,ITEM,262.5,Dorse_Line_1,1510.1601.100.000.511000.0000.000
95678149,103550,1095.74,2026-01-26,USD,Conversion,STANDARD,FB: PO# - 26-10462  Created for SO #244431,100866,GREENHECK FAN CORPORATION (V),1,ITEM,1095.74,Dorse_Line_1,1510.1601.100.000.511000.0000.000
95678150,103552,3051.79,2026-01-26,USD,Conversion,STANDARD,FB: PO# - 25-18576  Created for SO #243030,100866,GREENHECK FAN CORPORATION (V),1,ITEM,3051.79,Dorse_Line_1,1510.1601.100.000.511000.0000.000
95678173,104054,1972.84,2026-01-26,USD,Conversion,STANDARD,FB: PO# - 26-10439  Created for SO #244375,100866,GREENHECK FAN CORPORATION (V),1,ITEM,1972.84,Dorse_Line_1,1510.1602.100.000.511000.0000.000
95678246,103553,235.09,2026-01-26,USD,Conversion,STANDARD,FB: PO# - 26-10424  Created for SO #244368  Ryan McLaughlin | Sr. Project Manager  430 SW 153rd ...,100866,GREENHECK FAN CORPORATION (V),1,ITEM,235.09,Dorse_Line_1,1510.1601.100.000.511000.0000.000
95678259,104050,200.81,2026-01-26,USD,Conversion,STANDARD,FB: PO# - 26-10588  Created for SO #244647  SO Note: Lawson/Joe  PO 26-6006,100866,GREENHECK FAN CORPORATION (V),1,ITEM,200.81,Dorse_Line_1,1510.1602.100.000.511000.0000.000
95678296,104053,206.93,2026-01-26,USD,Conversion,STANDARD,FB: PO# - 26-10593  Created for SO #244658  SO Note: Ryan 2063963808.  FS 25,100866,GREENHECK FAN CORPORATION (V),1,ITEM,206.93,Dorse_Line_1,1510.1602.100.000.511000.0000.000
95678297,104051,355.82,2026-01-26,USD,Conversion,STANDARD,FB: PO# - 26-10595  Created for SO #244645  SO Note: Logan Harvey - 2062002876  RIKKI,100866,GREENHECK FAN CORPORATION (V),1,ITEM,355.82,Dorse_Line_1,1510.1602.100.000.511000.0000.000
95678335,104052,168.73,2026-01-26,USD,Conversion,STANDARD,FB: PO# - 26-10571  Created for SO #244619,100866,GREENHECK FAN CORPORATION (V),1,ITEM,168.73,Dorse_Line_1,1510.1602.100.000.511000.0000.000
95678514,103557,125.21,2026-01-27,USD,Conversion,STANDARD,"FB: PO# - 26-10144  Created for SO #243886  Joe Schumacher, CPD  |  Assistant Project Manager II...",100866,GREENHECK FAN CORPORATION (V),1,ITEM,125.21,Dorse_Line_1,1510.1601.100.000.511000.0000.000
95678515,103555,563.81,2026-01-27,USD,Conversion,STANDARD,FB: PO# - 26-10236  Created for SO #244036,100866,GREENHECK FAN CORPORATION (V),1,ITEM,563.81,Dorse_Line_1,1510.1601.100.000.511000.0000.000
95678516,103554,2226.81,2026-01-27,USD,Conversion,STANDARD,FB: PO# - 26-10377  Created for SO #244284,100866,GREENHECK FAN CORPORATION (V),1,ITEM,2226.81,Dorse_Line_1,1510.1601.100.000.511000.0000.000
95678517,103556,2831.49,2026-01-27,USD,Conversion,STANDARD,FB: PO# - 25-18576  Created for SO #243030,100866,GREENHECK FAN CORPORATION (V),1,ITEM,2831.49,Dorse_Line_1,1510.1601.100.000.511000.0000.000
95678518,103559,376.33,2026-01-27,USD,Conversion,STANDARD,FB: PO# - 26-10416  Created for SO #244356,100866,GREENHECK FAN CORPORATION (V),1,ITEM,376.33,Dorse_Line_1,1510.1601.100.000.511000.0000.000
95678612,103561,1615.92,2026-01-27,USD,Conversion,STANDARD,FB: PO# - 26-10146  Created for SO #243807,100866,GREENHECK FAN CORPORATION (V),1,ITEM,1615.92,Dorse_Line_1,1510.1601.100.000.511000.0000.000
95678613,104055,4150,2026-01-27,USD,Conversion,STANDARD,FB: PO# - 25-18362  Created for SO #242644,100866,GREENHECK FAN CORPORATION (V),1,ITEM,4150,Dorse_Line_1,1510.1602.100.000.511000.0000.000
95678614,103558,5360.24,2026-01-27,USD,Conversion,STANDARD,FB: PO# - 26-10326  Created for SO #242086  SO Note: Check received & deposited 12/11/25  in Sea...,100866,GREENHECK FAN CORPORATION (V),1,ITEM,5360.24,Dorse_Line_1,1510.1601.100.000.511000.0000.000
95678615,103560,678.74,2026-01-27,USD,Conversion,STANDARD,FB: PO# - 25-18575  Created for SO #243023,100866,GREENHECK FAN CORPORATION (V),1,ITEM,678.74,Dorse_Line_1,1510.1601.100.000.511000.0000.000
95678872,103562,59.01,2026-01-27,USD,Conversion,STANDARD,FB: PO# - 26-10555  Created for SO #244587,100866,GREENHECK FAN CORPORATION (V),1,ITEM,59.01,Dorse_Line_1,1510.1601.100.000.511000.0000.000
95679009,103564,119.1,2026-01-27,USD,Conversion,STANDARD,FB: PO# - 26-10579  Created for SO #244585  SO Note: Jared Wold  206-887-7196  PO# 689391  Job N...,100866,GREENHECK FAN CORPORATION (V),1,ITEM,119.1,Dorse_Line_1,1510.1601.100.000.511000.0000.000
95679026,103563,733.08,2026-01-27,USD,Conversion,STANDARD,FB: PO# - 26-10250  Created for SO #244072,100866,GREENHECK FAN CORPORATION (V),1,ITEM,733.08,Dorse_Line_1,1510.1601.100.000.511000.0000.000
95679247,104056,815.74,2026-01-27,USD,Conversion,STANDARD,FB: PO# - 26-10424  Created for SO #244368  Ryan McLaughlin | Sr. Project Manager  430 SW 153rd ...,100866,GREENHECK FAN CORPORATION (V),1,ITEM,815.74,Dorse_Line_1,1510.1602.100.000.511000.0000.000
95679297,103565,238.52,2026-01-27,USD,Conversion,STANDARD,FB: PO# - 26-10615  Created for SO #244696  SO Note: Katie Brown 206.835.8260  True North MAU-2 ...,100866,GREENHECK FAN CORPORATION (V),1,ITEM,238.52,Dorse_Line_1,1510.1601.100.000.511000.0000.000
95679394,103566,2160.98,2026-01-27,USD,Conversion,STANDARD,FB: PO# - 26-10284  Created for SO #244156  SO Note: Matt Winski  Fire Damper Foreman  tel: 253-...,100866,GREENHECK FAN CORPORATION (V),1,ITEM,2160.98,Dorse_Line_1,1510.1601.100.000.511000.0000.000
95679485 X,106027,782.47,2026-02-05,USD,Conversion,STANDARD,FB: PO# - 26-10229,100866,GREENHECK FAN CORPORATION (V),1,ITEM,782.47,Dorse_Line_1,1510.1601.000.000.115101.0000.000
95679486,104057,134.03,2026-01-27,USD,Conversion,STANDARD,FB: PO# - 26-10269  Created for SO #244128,100866,GREENHECK FAN CORPORATION (V),1,ITEM,134.03,Dorse_Line_1,1510.1602.100.000.511000.0000.000
95679518,103568,439.55,2026-01-27,USD,Conversion,STANDARD,FB: PO# - 26-10601  Created for SO #244674,100866,GREENHECK FAN CORPORATION (V),1,ITEM,439.55,Dorse_Line_1,1510.1601.100.000.511000.0000.000
95679540,103567,435.6,2026-01-27,USD,Conversion,STANDARD,FB: PO# - 26-10327  Created for SO #244220,100866,GREENHECK FAN CORPORATION (V),1,ITEM,435.6,Dorse_Line_1,1510.1601.100.000.511000.0000.000
95679569,103574,291.65,2026-01-27,USD,Conversion,STANDARD,FB: PO# - 26-10348  Created for SO #244253,100866,GREENHECK FAN CORPORATION (V),1,ITEM,291.65,Dorse_Line_1,1510.1601.100.000.511000.0000.000
95679570,103575,86.55,2026-01-27,USD,Conversion,STANDARD,FB: PO# - 26-10463  Created for SO #242614  SO Note: Mike Jenkins: 206-604-2360,100866,GREENHECK FAN CORPORATION (V),1,ITEM,86.55,Dorse_Line_1,1510.1601.100.000.511000.0000.000
95679571,103573,152.05,2026-01-27,USD,Conversion,STANDARD,FB: PO# - 26-10542  Created for SO #244569  SO Note: Matt Winski  Fire Damper Foreman  tel: 253-...,100866,GREENHECK FAN CORPORATION (V),1,ITEM,152.05,Dorse_Line_1,1510.1601.100.000.511000.0000.000
95679572,103569,301.96,2026-01-27,USD,Conversion,STANDARD,FB: PO# - 26-10545  Created for SO #244573,100866,GREENHECK FAN CORPORATION (V),1,ITEM,301.96,Dorse_Line_1,1510.1601.100.000.511000.0000.000
95679592,104058,610.62,2026-01-27,USD,Conversion,STANDARD,FB: PO# - 26-10320  Created for SO #244211,100866,GREENHECK FAN CORPORATION (V),1,ITEM,610.62,Dorse_Line_1,1510.1602.100.000.511000.0000.000
95679617,103572,253.66,2026-01-27,USD,Conversion,STANDARD,FB: PO# - 26-10622  Created for SO #244717  SO Note: Nikki Knapp 253.872.5665   PO 12185,100866,GREENHECK FAN CORPORATION (V),1,ITEM,253.66,Dorse_Line_1,1510.1601.100.000.511000.0000.000
95679739,103571,329.01,2026-01-27,USD,Conversion,STANDARD,FB: PO# - 26-10605  Created for SO #244681,100866,GREENHECK FAN CORPORATION (V),1,ITEM,329.01,Dorse_Line_1,1510.1601.100.000.511000.0000.000
95679759,103570,559.27,2026-01-27,USD,Conversion,STANDARD,FB: PO# - 26-10567  Created for SO #244607,100866,GREENHECK FAN CORPORATION (V),1,ITEM,559.27,Dorse_Line_1,1510.1601.100.000.511000.0000.000
95680131,104059,410.08,2026-01-28,USD,Conversion,STANDARD,FB: PO# - 26-10545  Created for SO #244573,100866,GREENHECK FAN CORPORATION (V),1,ITEM,410.08,Dorse_Line_1,1510.1602.100.000.511000.0000.000
95680132,103576,1960.04,2026-01-28,USD,Conversion,STANDARD,FB: PO# - 26-10403  Created for SO #244219,100866,GREENHECK FAN CORPORATION (V),1,ITEM,1960.04,Dorse_Line_1,1510.1601.100.000.511000.0000.000
95680199,103577,216.01,2026-01-28,USD,Conversion,STANDARD,FB: PO# - 26-10183  Created for SO #243949,100866,GREENHECK FAN CORPORATION (V),1,ITEM,216.01,Dorse_Line_1,1510.1601.100.000.511000.0000.000
95680246 X,106033,1300.5,2026-02-09,USD,Conversion,STANDARD,"FB: PO# - 26-10153  mvalencia - when submitting to MA - used PO 25-10153, reaching out to MA to ...",104698,Metalaire,1,ITEM,1300.5,Dorse_Line_1,1510.1601.000.000.115101.0000.000
95680247,103664,268.59,2026-01-28,USD,Conversion,STANDARD,FB: PO# - 26-10341  Created for SO #244246,104698,Metalaire,1,ITEM,268.59,Dorse_Line_1,1510.1601.100.000.511000.0000.000
95680305,104060,686.23,2026-01-28,USD,Conversion,STANDARD,FB: PO# - 26-10463  Created for SO #242614  SO Note: Mike Jenkins: 206-604-2360,100866,GREENHECK FAN CORPORATION (V),1,ITEM,686.23,Dorse_Line_1,1510.1602.100.000.511000.0000.000
95680432,103578,298.49,2026-01-28,USD,Conversion,STANDARD,FB: PO# - 26-10417  Created for SO #244357,100866,GREENHECK FAN CORPORATION (V),1,ITEM,298.49,Dorse_Line_1,1510.1601.100.000.511000.0000.000
95680622,103579,1241.99,2026-01-28,USD,Conversion,STANDARD,FB: PO# - 26-10457  Created for SO #244423  SO Note: Joey 206-917-7709  DSW 3,100866,GREENHECK FAN CORPORATION (V),1,ITEM,1241.99,Dorse_Line_1,1510.1601.100.000.511000.0000.000
95680641,104062,544.06,2026-01-28,USD,Conversion,STANDARD,FB: PO# - 26-10486  Created for SO #244479,100866,GREENHECK FAN CORPORATION (V),1,ITEM,544.06,Dorse_Line_1,1510.1602.100.000.511000.0000.000
95680642,104061,928.27,2026-01-28,USD,Conversion,STANDARD,FB: PO# - 25-17212W  Created for SO #244690  Created from RMA #913  Replacement motor under warr...,100866,GREENHECK FAN CORPORATION (V),1,ITEM,928.27,Dorse_Line_1,1510.1602.100.000.511000.0000.000
95680745,104063,166.46,2026-01-28,USD,Conversion,STANDARD,FB: PO# - 26-10628  Created for SO #244743,100866,GREENHECK FAN CORPORATION (V),1,ITEM,166.46,Dorse_Line_1,1510.1602.100.000.511000.0000.000
95680956,103580,5327.35,2026-01-28,USD,Conversion,STANDARD,FB: PO# - 26-10311  Created for SO #244193,100866,GREENHECK FAN CORPORATION (V),1,ITEM,5327.35,Dorse_Line_1,1510.1601.100.000.511000.0000.000
95680994,103581,2724.13,2026-01-28,USD,Conversion,STANDARD,FB: PO# - 26-10569  Created for SO #244616,100866,GREENHECK FAN CORPORATION (V),1,ITEM,2724.13,Dorse_Line_1,1510.1601.100.000.511000.0000.000
95681074,103583,2998.14,2026-01-28,USD,Conversion,STANDARD,FB: PO# - 26-10282  Created for SO #244146,100866,GREENHECK FAN CORPORATION (V),1,ITEM,2998.14,Dorse_Line_1,1510.1601.100.000.511000.0000.000
95681075,103584,4871.76,2026-01-28,USD,Conversion,STANDARD,FB: PO# - 25-18715  Created for SO #243261,100866,GREENHECK FAN CORPORATION (V),1,ITEM,4871.76,Dorse_Line_1,1510.1601.100.000.511000.0000.000
95681152,103582,3493.67,2026-01-28,USD,Conversion,STANDARD,FB: PO# - 25-18609  Created for SO #243065,100866,GREENHECK FAN CORPORATION (V),1,ITEM,3493.67,Dorse_Line_1,1510.1601.100.000.511000.0000.000
95681255,103590,871.84,2026-01-28,USD,Conversion,STANDARD,FB: PO# - 26-10275  Created for SO #244139,100866,GREENHECK FAN CORPORATION (V),1,ITEM,871.84,Dorse_Line_1,1510.1601.100.000.511000.0000.000
95681306,103586,995.29,2026-01-28,USD,Conversion,STANDARD,FB: PO# - 26-10589  Created for SO #244651  SO Note: Cheney 24-164,100866,GREENHECK FAN CORPORATION (V),1,ITEM,995.29,Dorse_Line_1,1510.1601.100.000.511000.0000.000
95681340,103585,577.42,2026-01-28,USD,Conversion,STANDARD,FB: PO# - 26-10343  Created for SO #242150,100866,GREENHECK FAN CORPORATION (V),1,ITEM,577.42,Dorse_Line_1,1510.1601.100.000.511000.0000.000
95681341,103587,434.28,2026-01-28,USD,Conversion,STANDARD,FB: PO# - 26-10285  Created for SO #244157,100866,GREENHECK FAN CORPORATION (V),1,ITEM,434.28,Dorse_Line_1,1510.1601.100.000.511000.0000.000
95681362,103588,15837.07,2026-01-28,USD,Conversion,STANDARD,"FB: PO# - 26-10243  Created for SO #244061  Michelle Ozolin, Sr. Purchasing Agent  Holaday-Parks...",100866,GREENHECK FAN CORPORATION (V),1,ITEM,15837.07,Dorse_Line_1,1510.1601.100.000.511000.0000.000
95681413,103589,9467.63,2026-01-28,USD,Conversion,STANDARD,FB: PO# - 25-18539  Created for SO #242365  Misty Beck 253.245.0858,100866,GREENHECK FAN CORPORATION (V),1,ITEM,9467.63,Dorse_Line_1,1510.1601.100.000.511000.0000.000
95681651,103018,27.29,2026-01-29,USD,Conversion,STANDARD,FB: PO# - 26-10217  Created for SO #244020,100866,GREENHECK FAN CORPORATION (V),1,ITEM,27.29,Dorse_Line_1,1510.1601.100.000.511000.0000.000
95681652,103017,328.37,2026-01-29,USD,Conversion,STANDARD,FB: PO# - 26-10271  Created for SO #244133  Justin Riggins  (253) 348-9888 | cell  (253) 572-948...,100866,GREENHECK FAN CORPORATION (V),1,ITEM,328.37,Dorse_Line_1,1510.1601.100.000.511000.0000.000
95681653,103728,3400.46,2026-01-29,USD,Conversion,STANDARD,FB: PO# - 25-18648  Created for SO #243151,100866,GREENHECK FAN CORPORATION (V),1,ITEM,3400.46,Dorse_Line_1,1510.1602.100.000.511000.0000.000
95681654,103015,275.85,2026-01-29,USD,Conversion,STANDARD,FB: PO# - 26-10348  Created for SO #244253,100866,GREENHECK FAN CORPORATION (V),1,ITEM,275.85,Dorse_Line_1,1510.1601.100.000.511000.0000.000
95681655,103016,8144.73,2026-01-29,USD,Conversion,STANDARD,FB: PO# - 25-17969  Created for SO #241932,100866,GREENHECK FAN CORPORATION (V),1,ITEM,8144.73,Dorse_Line_1,1510.1601.100.000.511000.0000.000
95681741,103019,4863.28,2026-01-29,USD,Conversion,STANDARD,FB: PO# - 26-10289  Created for SO #244150,100866,GREENHECK FAN CORPORATION (V),1,ITEM,4863.28,Dorse_Line_1,1510.1601.100.000.511000.0000.000
95681742,103020,7869.05,2026-01-29,USD,Conversion,STANDARD,FB: PO# - 25-18870  Created for SO #243608,100866,GREENHECK FAN CORPORATION (V),1,ITEM,7869.05,Dorse_Line_1,1510.1601.100.000.511000.0000.000
95681805,103723,2426.39,2026-01-29,USD,Conversion,STANDARD,FB: PO# - 26-10302  Created for SO #244186,100866,GREENHECK FAN CORPORATION (V),1,ITEM,2426.39,Dorse_Line_1,1510.1602.100.000.511000.0000.000
95681806,103722,1474.13,2026-01-29,USD,Conversion,STANDARD,FB: PO# - 26-10331  Created for SO #244208,100866,GREENHECK FAN CORPORATION (V),1,ITEM,1474.13,Dorse_Line_1,1510.1602.100.000.511000.0000.000
95681890,103729,2770.78,2026-01-29,USD,Conversion,STANDARD,FB: PO# - 25-18447  Created for SO #242759,100866,GREENHECK FAN CORPORATION (V),1,ITEM,2770.78,Dorse_Line_1,1510.1602.100.000.511000.0000.000
95681996,103014,568.11,2026-01-29,USD,Conversion,STANDARD,FB: PO# - 25-18014W  Created for SO #244530  Created from RMA #911  Failed motor under warranty ...,100866,GREENHECK FAN CORPORATION (V),1,ITEM,568.11,Dorse_Line_1,1510.1601.100.000.511000.0000.000
95682.58,103726,786.03,2026-01-29,USD,Conversion,STANDARD,FB: PO# - 26-10440  Created for SO #244329,100866,GREENHECK FAN CORPORATION (V),1,ITEM,786.03,Dorse_Line_1,1510.1602.100.000.511000.0000.000
95682193,103012,1124.6,2026-01-29,USD,Conversion,STANDARD,FB: PO# - 26-10638  Created for SO #244755,100866,GREENHECK FAN CORPORATION (V),1,ITEM,1124.6,Dorse_Line_1,1510.1601.100.000.511000.0000.000
95682212,103013,528.56,2026-01-29,USD,Conversion,STANDARD,FB: PO# - 26-10651  Created for SO #244791,100866,GREENHECK FAN CORPORATION (V),1,ITEM,528.56,Dorse_Line_1,1510.1601.100.000.511000.0000.000
95682293,103011,205.07,2026-01-29,USD,Conversion,STANDARD,FB: PO# - 26-10550  Created for SO #244581,100866,GREENHECK FAN CORPORATION (V),1,ITEM,205.07,Dorse_Line_1,1510.1601.100.000.511000.0000.000
95682309,103724,465.3,2026-01-29,USD,Conversion,STANDARD,FB: PO# - 26-10152  Created for SO #243890,100866,GREENHECK FAN CORPORATION (V),1,ITEM,465.3,Dorse_Line_1,1510.1602.100.000.511000.0000.000
95682310,103725,345.51,2026-01-29,USD,Conversion,STANDARD,FB: PO# - 26-10282  Created for SO #244146,100866,GREENHECK FAN CORPORATION (V),1,ITEM,345.51,Dorse_Line_1,1510.1602.100.000.511000.0000.000
95682328,103727,171.61,2026-01-29,USD,Conversion,STANDARD,FB: PO# - 26-10653  Created for SO #242736,100866,GREENHECK FAN CORPORATION (V),1,ITEM,171.61,Dorse_Line_1,1510.1602.100.000.511000.0000.000
95682359,103010,271.22,2026-01-29,USD,Conversion,STANDARD,FB: PO# - 26-10608  Created for SO #244691  SO Note: Matt Winski  Fire Damper Foreman  tel: 253-...,100866,GREENHECK FAN CORPORATION (V),1,ITEM,271.22,Dorse_Line_1,1510.1601.100.000.511000.0000.000
95682399,103021,243.19,2026-01-29,USD,Conversion,STANDARD,FB: PO# - 26-10660  Created for SO #244807,100866,GREENHECK FAN CORPORATION (V),1,ITEM,243.19,Dorse_Line_1,1510.1601.100.000.511000.0000.000
95682463,103008,867.79,2026-01-29,USD,Conversion,STANDARD,FB: PO# - 26-10630  Created for SO #244745  SO Note: notify Kanvir Bhogal (425) 319-3428 upon ar...,100866,GREENHECK FAN CORPORATION (V),1,ITEM,867.79,Dorse_Line_1,1510.1601.100.000.511000.0000.000
95682464,103009,50,2026-01-29,USD,Conversion,STANDARD,FB: PO# - 26-10639  Created for SO #244761,100866,GREENHECK FAN CORPORATION (V),1,ITEM,50,Dorse_Line_1,1510.1601.100.000.511000.0000.000
95682606 X,103023,891.79,2026-02-02,USD,Conversion,STANDARD,FB: PO# - 26-10652  Created for SO #244692,100866,GREENHECK FAN CORPORATION (V),1,ITEM,891.79,Dorse_Line_1,1510.1601.100.000.511000.0000.000
95682607X,103024,15.15,2026-02-02,USD,Conversion,STANDARD,FB: PO# - 26-10669  Created for SO #244522,100866,GREENHECK FAN CORPORATION (V),1,ITEM,15.15,Dorse_Line_1,1510.1601.100.000.511000.0000.000
95682747X,103025,492.98,2026-02-02,USD,Conversion,STANDARD,FB: PO# - 26-10677  Created for SO #244648,100866,GREENHECK FAN CORPORATION (V),1,ITEM,492.98,Dorse_Line_1,1510.1601.100.000.511000.0000.000
95683143 X,103097,2104.23,2026-02-06,USD,Conversion,STANDARD,FB: PO# - 26-10397  Created for SO #244321,100866,GREENHECK FAN CORPORATION (V),1,ITEM,2104.23,Dorse_Line_1,1510.1601.100.000.511000.0000.000
95683144X,103026,1043.05,2026-02-02,USD,Conversion,STANDARD,FB: PO# - 26-10440  Created for SO #244329,100866,GREENHECK FAN CORPORATION (V),1,ITEM,1043.05,Dorse_Line_1,1510.1601.100.000.511000.0000.000
95683253,103615,624.57,2026-01-30,USD,Conversion,STANDARD,FB: PO# - 26-10374  Created for SO #244280  SO Note: Thomas Chapman: 206-550-2453,104698,Metalaire,1,ITEM,624.57,Dorse_Line_1,1510.1601.100.000.511000.0000.000
95683254,103614,257.1,2026-01-30,USD,Conversion,STANDARD,FB: PO# - 26-10401  Created for SO #244324,104698,Metalaire,1,ITEM,257.1,Dorse_Line_1,1510.1601.100.000.511000.0000.000
95683255X,104082,168.08,2026-02-02,USD,Conversion,STANDARD,FB: PO# - 26-10441  Created for SO #244397,104698,Metalaire,1,ITEM,168.08,Dorse_Line_1,1510.1602.100.000.511000.0000.000
95683257,103022,512.01,2026-01-30,USD,Conversion,STANDARD,FB: PO# - 26-10302  Created for SO #244186,100866,GREENHECK FAN CORPORATION (V),1,ITEM,512.01,Dorse_Line_1,1510.1601.100.000.511000.0000.000
95683303X,103028,1559.61,2026-02-02,USD,Conversion,STANDARD,FB: PO# - 26-10633  Created for SO #244749,100866,GREENHECK FAN CORPORATION (V),1,ITEM,1559.61,Dorse_Line_1,1510.1601.100.000.511000.0000.000
95683342X,103027,1051.88,2026-02-02,USD,Conversion,STANDARD,FB: PO# - 26-10590  Created for SO #244654  Cameron Foreman  Assistant Project Manager  Emerald ...,100866,GREENHECK FAN CORPORATION (V),1,ITEM,1051.88,Dorse_Line_1,1510.1601.100.000.511000.0000.000
95683422X,103030,488.08,2026-02-02,USD,Conversion,STANDARD,FB: PO# - 26-10688  Created for SO #244843  SO Note: Tom Tice 509-630-7777   PO # 16-6298-3483,100866,GREENHECK FAN CORPORATION (V),1,ITEM,488.08,Dorse_Line_1,1510.1601.100.000.511000.0000.000
95683460X,103029,1373.94,2026-02-02,USD,Conversion,STANDARD,FB: PO# - 25-18683  Created for SO #243225,100866,GREENHECK FAN CORPORATION (V),1,ITEM,1373.94,Dorse_Line_1,1510.1601.100.000.511000.0000.000
95683547X,103732,3710.59,2026-02-02,USD,Conversion,STANDARD,FB: PO# - 26-10074  Created for SO #243773,100866,GREENHECK FAN CORPORATION (V),1,ITEM,3710.59,Dorse_Line_1,1510.1602.100.000.511000.0000.000
95683593X,103731,240.98,2026-02-02,USD,Conversion,STANDARD,FB: PO# - 26-10686  Created for SO #244842  SO Note: Mac (949)239-9320   Pacific Sky Recovery,100866,GREENHECK FAN CORPORATION (V),1,ITEM,240.98,Dorse_Line_1,1510.1602.100.000.511000.0000.000
95683625X,103733,2568.17,2026-02-02,USD,Conversion,STANDARD,FB: PO# - 25-18681  Created for SO #243220,100866,GREENHECK FAN CORPORATION (V),1,ITEM,2568.17,Dorse_Line_1,1510.1602.100.000.511000.0000.000
95683723X,103031,145.48,2026-02-02,USD,Conversion,STANDARD,FB: PO# - 26-10700  Created for SO #244871  SO Note: Brad Laskoski 360-434-2291  Thompson Hotel,100866,GREENHECK FAN CORPORATION (V),1,ITEM,145.48,Dorse_Line_1,1510.1601.100.000.511000.0000.000
95683805X,103033,84.11,2026-02-02,USD,Conversion,STANDARD,FB: PO# - 26-10502  Created for SO #244507,100866,GREENHECK FAN CORPORATION (V),1,ITEM,84.11,Dorse_Line_1,1510.1601.100.000.511000.0000.000
95683806X,103032,124.79,2026-02-02,USD,Conversion,STANDARD,FB: PO# - 26-10696  Created for SO #244775  SO Note: Jesse Cloutier - 206.491.1453  Artise   Lev...,100866,GREENHECK FAN CORPORATION (V),1,ITEM,124.79,Dorse_Line_1,1510.1601.100.000.511000.0000.000
95683911X,103734,1963.91,2026-02-02,USD,Conversion,STANDARD,FB: PO# - 26-10436  Created for SO #244391,100866,GREENHECK FAN CORPORATION (V),1,ITEM,1963.91,Dorse_Line_1,1510.1602.100.000.511000.0000.000
95683928X,103035,45888.3,2026-02-02,USD,Conversion,STANDARD,FB: PO# - 25-18687  Created for SO #243229,100866,GREENHECK FAN CORPORATION (V),1,ITEM,45888.3,Dorse_Line_1,1510.1601.100.000.511000.0000.000
95683929X,103735,697.26,2026-02-02,USD,Conversion,STANDARD,FB: PO# - 25-18702  Created for SO #243253,100866,GREENHECK FAN CORPORATION (V),1,ITEM,697.26,Dorse_Line_1,1510.1602.100.000.511000.0000.000
95683956X,103034,994.25,2026-02-02,USD,Conversion,STANDARD,"FB: PO# - 26-10426  Created for SO #244378  Ramie Havens, Purchasing Manager  Holaday-Parks, Inc...",100866,GREENHECK FAN CORPORATION (V),1,ITEM,994.25,Dorse_Line_1,1510.1601.100.000.511000.0000.000
95684023X,103736,594.18,2026-02-02,USD,Conversion,STANDARD,FB: PO# - 26-10594  Created for SO #244660,100866,GREENHECK FAN CORPORATION (V),1,ITEM,594.18,Dorse_Line_1,1510.1602.100.000.511000.0000.000
95684128X,103036,283.38,2026-02-02,USD,Conversion,STANDARD,FB: PO# - 26-10450  Created for SO #244372,100866,GREENHECK FAN CORPORATION (V),1,ITEM,283.38,Dorse_Line_1,1510.1601.100.000.511000.0000.000
95684129X,103037,521.99,2026-02-02,USD,Conversion,STANDARD,FB: PO# - 26-10659  Created for SO #244805  SO Note: Bryant Johansen - 206.832.6126  Cooper Thom...,100866,GREENHECK FAN CORPORATION (V),1,ITEM,521.99,Dorse_Line_1,1510.1601.100.000.511000.0000.000
95684150X,103038,739.65,2026-02-02,USD,Conversion,STANDARD,FB: PO# - 26-10419  Created for SO #244364,100866,GREENHECK FAN CORPORATION (V),1,ITEM,739.65,Dorse_Line_1,1510.1601.100.000.511000.0000.000
95684274X,103039,78.68,2026-02-02,USD,Conversion,STANDARD,FB: PO# - 26-10712  Created for SO #244888  SO Note: Joshua Lewis - (425) 739-0630  PO 6421523-00,100866,GREENHECK FAN CORPORATION (V),1,ITEM,78.68,Dorse_Line_1,1510.1601.100.000.511000.0000.000
95684459X,103040,146.9,2026-02-02,USD,Conversion,STANDARD,FB: PO# - 26-10696  Created for SO #244775  SO Note: Jesse Cloutier - 206.491.1453  Artise   Lev...,100866,GREENHECK FAN CORPORATION (V),1,ITEM,146.9,Dorse_Line_1,1510.1601.100.000.511000.0000.000
95684557X,103041,1326.61,2026-02-02,USD,Conversion,STANDARD,FB: PO# - 26-10265  Created for SO #237685,100866,GREENHECK FAN CORPORATION (V),1,ITEM,1326.61,Dorse_Line_1,1510.1601.100.000.511000.0000.000
95684580X,104083,2324.84,2026-02-02,USD,Conversion,STANDARD,FB: PO# - 26-10204  Created for SO #243991,104698,Metalaire,1,ITEM,2324.84,Dorse_Line_1,1510.1602.100.000.511000.0000.000
95684581X,103616,74.51,2026-02-02,USD,Conversion,STANDARD,FB: PO# - 26-10472  Created for SO #244441  SO Note:  Jeff Twedt (206)850-4148    PO 1022319-63374,104698,Metalaire,1,ITEM,74.51,Dorse_Line_1,1510.1601.100.000.511000.0000.000
95684582X,103617,4506.96,2026-02-02,USD,Conversion,STANDARD,FB: PO# - 26-10331  Created for SO #244208,104698,Metalaire,1,ITEM,4506.96,Dorse_Line_1,1510.1601.100.000.511000.0000.000
95684808,103043,4074.24,2026-02-02,USD,Conversion,STANDARD,FB: PO# - 26-10207  Created for SO #243998  Cameron Foreman  Assistant Project Manager  Emerald ...,100866,GREENHECK FAN CORPORATION (V),1,ITEM,4074.24,Dorse_Line_1,1510.1601.100.000.511000.0000.000
95684809,103042,1023.47,2026-02-02,USD,Conversion,STANDARD,FB: PO# - 26-10495  Created for SO #243710,100866,GREENHECK FAN CORPORATION (V),1,ITEM,1023.47,Dorse_Line_1,1510.1601.100.000.511000.0000.000
95684810,103044,4212.3,2026-02-02,USD,Conversion,STANDARD,"FB: PO# - 25-18723  Created for SO #243292  Ryan Johnson, LEED AP  Emerald Aire, Inc.  Project M...",100866,GREENHECK FAN CORPORATION (V),1,ITEM,4212.3,Dorse_Line_1,1510.1601.100.000.511000.0000.000
9568483X,103618,236.25,2026-02-02,USD,Conversion,STANDARD,FB: PO# - 26-10466  Created for SO #239094,104698,Metalaire,1,ITEM,236.25,Dorse_Line_1,1510.1601.100.000.511000.0000.000
95684843,103045,1683.15,2026-02-02,USD,Conversion,STANDARD,FB: PO# - 26-10385  Created for SO #244297,100866,GREENHECK FAN CORPORATION (V),1,ITEM,1683.15,Dorse_Line_1,1510.1601.100.000.511000.0000.000
95684933,103741,10218.47,2026-02-02,USD,Conversion,STANDARD,FB: PO# - 26-10121  Created for SO #242642,100866,GREENHECK FAN CORPORATION (V),1,ITEM,10218.47,Dorse_Line_1,1510.1602.100.000.511000.0000.000
95685033,103054,55.2,2026-02-02,USD,Conversion,STANDARD,FB: PO# - 26-10472A  Created for SO #244441  SO Note:  Jeff Twedt (206)850-4148    PO 1022319-63374,100866,GREENHECK FAN CORPORATION (V),1,ITEM,55.2,Dorse_Line_1,1510.1601.100.000.511000.0000.000
95685059 X,103098,25839.12,2026-02-06,USD,Conversion,STANDARD,FB: PO# - 25-18694  Created for SO #243240,100866,GREENHECK FAN CORPORATION (V),1,ITEM,25839.12,Dorse_Line_1,1510.1601.100.000.511000.0000.000
95685104,103048,1333.16,2026-02-02,USD,Conversion,STANDARD,FB: PO# - 26-10560  Created for SO #243075,100866,GREENHECK FAN CORPORATION (V),1,ITEM,1333.16,Dorse_Line_1,1510.1601.100.000.511000.0000.000
95685329,103737,196.11,2026-02-02,USD,Conversion,STANDARD,FB: PO# - 26-10722  Created for SO #244904  SO Note: RON WAGNER  (253) 838-9780   PO# 55879 - 43...,100866,GREENHECK FAN CORPORATION (V),1,ITEM,196.11,Dorse_Line_1,1510.1602.100.000.511000.0000.000
95685330,103046,252.79,2026-02-02,USD,Conversion,STANDARD,FB: PO# - 26-10724  Created for SO #244907  SO Note: Chenoa Aldag 4255318918  Job# 850013495  Mi...,100866,GREENHECK FAN CORPORATION (V),1,ITEM,252.79,Dorse_Line_1,1510.1601.100.000.511000.0000.000
95685447,103047,515.21,2026-02-02,USD,Conversion,STANDARD,FB: PO# - 26-10367  Created for SO #244236,100866,GREENHECK FAN CORPORATION (V),1,ITEM,515.21,Dorse_Line_1,1510.1601.100.000.511000.0000.000
95685448,103738,78.68,2026-02-02,USD,Conversion,STANDARD,FB: PO# - 26-10734  Created for SO #244918  SO Note: Glen Nelson  PO OR8235520,100866,GREENHECK FAN CORPORATION (V),1,ITEM,78.68,Dorse_Line_1,1510.1602.100.000.511000.0000.000
95685467,103053,454.31,2026-02-02,USD,Conversion,STANDARD,FB: PO# - 25-18189  Created for SO #242304,100866,GREENHECK FAN CORPORATION (V),1,ITEM,454.31,Dorse_Line_1,1510.1601.100.000.511000.0000.000
95685687,103052,6838.81,2026-02-02,USD,Conversion,STANDARD,FB: PO# - 25-18116  Created for SO #242220,100866,GREENHECK FAN CORPORATION (V),1,ITEM,6838.81,Dorse_Line_1,1510.1601.100.000.511000.0000.000
95685688,103739,3317.34,2026-02-02,USD,Conversion,STANDARD,FB: PO# - 26-10422  Created for SO #244370,100866,GREENHECK FAN CORPORATION (V),1,ITEM,3317.34,Dorse_Line_1,1510.1602.100.000.511000.0000.000
95685689,103740,3310.35,2026-02-02,USD,Conversion,STANDARD,FB: PO# - 26-10658  Created for SO #244727  SO Note: Corry 206-423-0653  Lake City,100866,GREENHECK FAN CORPORATION (V),1,ITEM,3310.35,Dorse_Line_1,1510.1602.100.000.511000.0000.000
95685690,103051,817.17,2026-02-02,USD,Conversion,STANDARD,FB: PO# - 26-10637  Created for SO #244754,100866,GREENHECK FAN CORPORATION (V),1,ITEM,817.17,Dorse_Line_1,1510.1601.100.000.511000.0000.000
95685691,103742,2734.48,2026-02-02,USD,Conversion,STANDARD,FB: PO# - 26-10682  Created for SO #244712,100866,GREENHECK FAN CORPORATION (V),1,ITEM,2734.48,Dorse_Line_1,1510.1602.100.000.511000.0000.000
95685692,103055,852.14,2026-02-02,USD,Conversion,STANDARD,FB: PO# - 26-10710  Created for SO #244881,100866,GREENHECK FAN CORPORATION (V),1,ITEM,852.14,Dorse_Line_1,1510.1601.100.000.511000.0000.000
95685769,103751,155.54,2026-02-03,USD,Conversion,STANDARD,FB: PO# - 26-10743  Created for SO #244846  SO Note: Attn: Jason Chase    Job # 60940742,100866,GREENHECK FAN CORPORATION (V),1,ITEM,155.54,Dorse_Line_1,1510.1602.100.000.511000.0000.000
95685770,103050,701.77,2026-02-02,USD,Conversion,STANDARD,FB: PO# - 26-10663  Created for SO #244811,100866,GREENHECK FAN CORPORATION (V),1,ITEM,701.77,Dorse_Line_1,1510.1601.100.000.511000.0000.000
95685827,103049,1113.15,2026-02-02,USD,Conversion,STANDARD,FB: PO# - 26-10291  Created for SO #244153,100866,GREENHECK FAN CORPORATION (V),1,ITEM,1113.15,Dorse_Line_1,1510.1601.100.000.511000.0000.000
95685879,103060,358.56,2026-02-03,USD,Conversion,STANDARD,FB: PO# - 26-10417  Created for SO #244357,100866,GREENHECK FAN CORPORATION (V),1,ITEM,358.56,Dorse_Line_1,1510.1601.100.000.511000.0000.000
95685887,103061,1022.94,2026-02-03,USD,Conversion,STANDARD,FB: PO# - 26-10296  Created for SO #244176,100866,GREENHECK FAN CORPORATION (V),1,ITEM,1022.94,Dorse_Line_1,1510.1601.100.000.511000.0000.000
95685888,103056,18074.44,2026-02-02,USD,Conversion,STANDARD,FB: PO# - 26-10291  Created for SO #244153,100866,GREENHECK FAN CORPORATION (V),1,ITEM,18074.44,Dorse_Line_1,1510.1601.100.000.511000.0000.000
95685906,103062,56.64,2026-02-03,USD,Conversion,STANDARD,FB: PO# - 26-10745  Created for SO #244952  SO Note: Chris Cruz 206-786-8172  ArtHouse  PO927091,100866,GREENHECK FAN CORPORATION (V),1,ITEM,56.64,Dorse_Line_1,1510.1601.100.000.511000.0000.000
95685944,103057,7066.08,2026-02-02,USD,Conversion,STANDARD,FB: PO# - 25-18694  Created for SO #243240,100866,GREENHECK FAN CORPORATION (V),1,ITEM,7066.08,Dorse_Line_1,1510.1601.100.000.511000.0000.000
95685944_1,103743,1949.88,2026-02-02,USD,Conversion,STANDARD,FB: PO# - 25-18694B  Created for SO #243240,100866,GREENHECK FAN CORPORATION (V),1,ITEM,1949.88,Dorse_Line_1,1510.1602.100.000.511000.0000.000
95686201,103058,2232.46,2026-02-03,USD,Conversion,STANDARD,FB: PO# - 26-10137  Created for SO #243876,100866,GREENHECK FAN CORPORATION (V),1,ITEM,2232.46,Dorse_Line_1,1510.1601.100.000.511000.0000.000
95686284,103750,1743.03,2026-02-03,USD,Conversion,STANDARD,FB: PO# - 26-10180  Created for SO #243946,100866,GREENHECK FAN CORPORATION (V),1,ITEM,1743.03,Dorse_Line_1,1510.1602.100.000.511000.0000.000
95686331,104084,502.65,2026-02-03,USD,Conversion,STANDARD,FB: PO# - 26-10303  Created for SO #244188,104698,Metalaire,1,ITEM,502.65,Dorse_Line_1,1510.1602.100.000.511000.0000.000
95686332,103752,868.82,2026-02-03,USD,Conversion,STANDARD,FB: PO# - 26-10584  Created for SO #244629,100866,GREENHECK FAN CORPORATION (V),1,ITEM,868.82,Dorse_Line_1,1510.1602.100.000.511000.0000.000
95686409,103749,246.49,2026-02-03,USD,Conversion,STANDARD,FB: PO# - 26-10677  Created for SO #244648,100866,GREENHECK FAN CORPORATION (V),1,ITEM,246.49,Dorse_Line_1,1510.1602.100.000.511000.0000.000
95686644,103747,399.76,2026-02-03,USD,Conversion,STANDARD,FB: PO# - 26-10750  Created for SO #244954  SO Note: Cassie Stayton 360-878-2278  TF-4.1 Motor R...,100866,GREENHECK FAN CORPORATION (V),1,ITEM,399.76,Dorse_Line_1,1510.1602.100.000.511000.0000.000
95686645,103748,555.56,2026-02-03,USD,Conversion,STANDARD,FB: PO# - 26-10756  Created for SO #244971  TAG:   ATTN FM-667-30311  Kate Gibson,100866,GREENHECK FAN CORPORATION (V),1,ITEM,555.56,Dorse_Line_1,1510.1602.100.000.511000.0000.000
95686823,103744,554.85,2026-02-03,USD,Conversion,STANDARD,FB: PO# - 26-10359  Created for SO #244236,100866,GREENHECK FAN CORPORATION (V),1,ITEM,554.85,Dorse_Line_1,1510.1602.100.000.511000.0000.000
95686824,103746,946.86,2026-02-03,USD,Conversion,STANDARD,FB: PO# - 26-10715  Created for SO #244895  SO Note: Micheal Hebert: 425-761-3209    No charge. ...,100866,GREENHECK FAN CORPORATION (V),1,ITEM,946.86,Dorse_Line_1,1510.1602.100.000.511000.0000.000
95686941,103745,2581.75,2026-02-03,USD,Conversion,STANDARD,FB: PO# - 26-10748  Created for SO #244949,100866,GREENHECK FAN CORPORATION (V),1,ITEM,2581.75,Dorse_Line_1,1510.1602.100.000.511000.0000.000
95687037,103063,2147.55,2026-02-03,USD,Conversion,STANDARD,FB: PO# - 26-10721  Created for SO #244898,100866,GREENHECK FAN CORPORATION (V),1,ITEM,2147.55,Dorse_Line_1,1510.1601.100.000.511000.0000.000
95687038,103066,521.59,2026-02-03,USD,Conversion,STANDARD,FB: PO# - 26-10267  Created for SO #244123  SO Note: Nikki Knapp 206.608.2584  The Margot  PO 12096,100866,GREENHECK FAN CORPORATION (V),1,ITEM,521.59,Dorse_Line_1,1510.1601.100.000.511000.0000.000
95687059,103753,1886.39,2026-02-03,USD,Conversion,STANDARD,FB: PO# - 26-10527  Created for SO #244541,100866,GREENHECK FAN CORPORATION (V),1,ITEM,1886.39,Dorse_Line_1,1510.1602.100.000.511000.0000.000
95687099,103065,5647.25,2026-02-03,USD,Conversion,STANDARD,FB: PO# - 26-10479  Created for SO #244461,100866,GREENHECK FAN CORPORATION (V),1,ITEM,5647.25,Dorse_Line_1,1510.1601.100.000.511000.0000.000
95687229,103064,162.7,2026-02-03,USD,Conversion,STANDARD,FB: PO# - 26-10782  Created for SO #245011  SO Note: Zack McGinnis 425-883-9224,100866,GREENHECK FAN CORPORATION (V),1,ITEM,162.7,Dorse_Line_1,1510.1601.100.000.511000.0000.000
95687272,103067,181.35,2026-02-03,USD,Conversion,STANDARD,FB: PO# - 26-10778  Created for SO #245007  SO Note: Rod 425-967-6571  Epicenter Apts.   PO 2468...,100866,GREENHECK FAN CORPORATION (V),1,ITEM,181.35,Dorse_Line_1,1510.1601.100.000.511000.0000.000
95687295,103755,1472.77,2026-02-03,USD,Conversion,STANDARD,FB: PO# - 26-10282  Created for SO #244146,100866,GREENHECK FAN CORPORATION (V),1,ITEM,1472.77,Dorse_Line_1,1510.1602.100.000.511000.0000.000
95687296,103754,93.44,2026-02-03,USD,Conversion,STANDARD,FB: PO# - 26-10781  Created for SO #245015,100866,GREENHECK FAN CORPORATION (V),1,ITEM,93.44,Dorse_Line_1,1510.1602.100.000.511000.0000.000
95687343,103757,454.3,2026-02-03,USD,Conversion,STANDARD,FB: PO# - 26-10792  Created for SO #245029  SO Note: Joshua Timmen - 2065142716  PO# 691371  Job...,100866,GREENHECK FAN CORPORATION (V),1,ITEM,454.3,Dorse_Line_1,1510.1602.100.000.511000.0000.000
95687416,103756,942.96,2026-02-03,USD,Conversion,STANDARD,FB: PO# - 26-10294  Created for SO #244175,100866,GREENHECK FAN CORPORATION (V),1,ITEM,942.96,Dorse_Line_1,1510.1602.100.000.511000.0000.000
95687445,103068,44001.17,2026-02-03,USD,Conversion,STANDARD,FB: PO# - 25-18648  Created for SO #243151,100866,GREENHECK FAN CORPORATION (V),1,ITEM,44001.17,Dorse_Line_1,1510.1601.100.000.511000.0000.000
95687591,103070,313.02,2026-02-04,USD,Conversion,STANDARD,FB: PO# - 25-18664  Created for SO #243147,100866,GREENHECK FAN CORPORATION (V),1,ITEM,313.02,Dorse_Line_1,1510.1601.100.000.511000.0000.000
95687592,103069,3101.15,2026-02-04,USD,Conversion,STANDARD,FB: PO# - 25-18682  Created for SO #243191,100866,GREENHECK FAN CORPORATION (V),1,ITEM,3101.15,Dorse_Line_1,1510.1601.100.000.511000.0000.000
95687671,103072,4892.18,2026-02-04,USD,Conversion,STANDARD,FB: PO# - 25-18774  Created for SO #243215,100866,GREENHECK FAN CORPORATION (V),1,ITEM,4892.18,Dorse_Line_1,1510.1601.100.000.511000.0000.000
95687806,103758,1405.68,2026-02-04,USD,Conversion,STANDARD,FB: PO# - 26-10592  Created for SO #244657  Cameron Foreman  Assistant Project Manager  Emerald ...,100866,GREENHECK FAN CORPORATION (V),1,ITEM,1405.68,Dorse_Line_1,1510.1602.100.000.511000.0000.000
95687807,103071,2685.64,2026-02-04,USD,Conversion,STANDARD,FB: PO# - 26-10501  Created for SO #244504  SO Note: Zero charge to customer.  Incorrect dampers...,100866,GREENHECK FAN CORPORATION (V),1,ITEM,2685.64,Dorse_Line_1,1510.1601.100.000.511000.0000.000
95687880,103073,621.15,2026-02-04,USD,Conversion,STANDARD,FB: PO# - 26-10440  Created for SO #244329,100866,GREENHECK FAN CORPORATION (V),1,ITEM,621.15,Dorse_Line_1,1510.1601.100.000.511000.0000.000
95687982,103759,644.26,2026-02-04,USD,Conversion,STANDARD,FB: PO# - 26-10631  Created for SO #244742  SO Note: Tonya Kinzler  World mark discovery  PO# is...,100866,GREENHECK FAN CORPORATION (V),1,ITEM,644.26,Dorse_Line_1,1510.1602.100.000.511000.0000.000
95688074,103074,159.94,2026-02-04,USD,Conversion,STANDARD,FB: PO# - 26-10296  Created for SO #244176,100866,GREENHECK FAN CORPORATION (V),1,ITEM,159.94,Dorse_Line_1,1510.1601.100.000.511000.0000.000
95688290,103075,406.29,2026-02-04,USD,Conversion,STANDARD,FB: PO# - 26-10306  Created for SO #244189,100866,GREENHECK FAN CORPORATION (V),1,ITEM,406.29,Dorse_Line_1,1510.1601.100.000.511000.0000.000
95688354,103077,1042.62,2026-02-04,USD,Conversion,STANDARD,FB: PO# - 26-10606  Created for SO #244687,100866,GREENHECK FAN CORPORATION (V),1,ITEM,1042.62,Dorse_Line_1,1510.1601.100.000.511000.0000.000
95688379,103076,599.68,2026-02-04,USD,Conversion,STANDARD,FB: PO# - 26-10665  Created for SO #244818,100866,GREENHECK FAN CORPORATION (V),1,ITEM,599.68,Dorse_Line_1,1510.1601.100.000.511000.0000.000
95688424,103078,3013,2026-02-04,USD,Conversion,STANDARD,FB: PO# - 26-10602  Created for SO #244676,100866,GREENHECK FAN CORPORATION (V),1,ITEM,3013,Dorse_Line_1,1510.1601.100.000.511000.0000.000
95688537,103760,905.8,2026-02-04,USD,Conversion,STANDARD,FB: PO# - 26-10684  Created for SO #244840,100866,GREENHECK FAN CORPORATION (V),1,ITEM,905.8,Dorse_Line_1,1510.1602.100.000.511000.0000.000
95688549,103079,2852.51,2026-02-04,USD,Conversion,STANDARD,FB: PO# - 26-10566  Created for SO #244606,100866,GREENHECK FAN CORPORATION (V),1,ITEM,2852.51,Dorse_Line_1,1510.1601.100.000.511000.0000.000
95688603,103081,1151.35,2026-02-04,USD,Conversion,STANDARD,FB: PO# - 26-10613  Created for SO #244683,100866,GREENHECK FAN CORPORATION (V),1,ITEM,1151.35,Dorse_Line_1,1510.1601.100.000.511000.0000.000
95688706,103080,48.57,2026-02-04,USD,Conversion,STANDARD,FB: PO# - 26-10834  Created for SO #245100  SO Note: Aliecia Carmichael 253-777-8840  Po# 60317,100866,GREENHECK FAN CORPORATION (V),1,ITEM,48.57,Dorse_Line_1,1510.1601.100.000.511000.0000.000
95688825,103082,3101.35,2026-02-04,USD,Conversion,STANDARD,FB: PO# - 26-10758  Created for SO #244521  SO Note: Kennmore,100866,GREENHECK FAN CORPORATION (V),1,ITEM,3101.35,Dorse_Line_1,1510.1601.100.000.511000.0000.000
95688842,103083,215.43,2026-02-04,USD,Conversion,STANDARD,FB: PO# - 26-10291  Created for SO #244153,100866,GREENHECK FAN CORPORATION (V),1,ITEM,215.43,Dorse_Line_1,1510.1601.100.000.511000.0000.000
95688949,103761,351.12,2026-02-05,USD,Conversion,STANDARD,FB: PO# - 26-10025  Created for SO #243680  SO Note: PO 10565,100866,GREENHECK FAN CORPORATION (V),1,ITEM,351.12,Dorse_Line_1,1510.1602.100.000.511000.0000.000
95688950,103089,6929.88,2026-02-05,USD,Conversion,STANDARD,FB: PO# - 26-10162  Created for SO #243913,100866,GREENHECK FAN CORPORATION (V),1,ITEM,6929.88,Dorse_Line_1,1510.1601.100.000.511000.0000.000
95689007,103085,2254.55,2026-02-05,USD,Conversion,STANDARD,FB: PO# - 25-18190  Created for SO #242305,100866,GREENHECK FAN CORPORATION (V),1,ITEM,2254.55,Dorse_Line_1,1510.1601.100.000.511000.0000.000
95689038,104085,560.84,2026-02-05,USD,Conversion,STANDARD,FB: PO# - 26-10008  Created for SO #243644,104698,Metalaire,1,ITEM,560.84,Dorse_Line_1,1510.1602.100.000.511000.0000.000
95689039,103619,713.47,2026-02-05,USD,Conversion,STANDARD,FB: PO# - 26-10077  Created for SO #243750,104698,Metalaire,1,ITEM,713.47,Dorse_Line_1,1510.1601.100.000.511000.0000.000
9568927,103816,2652.61,2026-02-13,USD,Conversion,STANDARD,FB: PO# - 26-10922  Created for SO #245270,100866,GREENHECK FAN CORPORATION (V),1,ITEM,2652.61,Dorse_Line_1,1510.1602.100.000.511000.0000.000
95689320,103762,152.92,2026-02-05,USD,Conversion,STANDARD,FB: PO# - 26-10833  Created for SO #245098,100866,GREENHECK FAN CORPORATION (V),1,ITEM,152.92,Dorse_Line_1,1510.1602.100.000.511000.0000.000
95689372,103086,5957.59,2026-02-05,USD,Conversion,STANDARD,"FB: PO# - 25-18723  Created for SO #243292  Ryan Johnson, LEED AP  Emerald Aire, Inc.  Project M...",100866,GREENHECK FAN CORPORATION (V),1,ITEM,5957.59,Dorse_Line_1,1510.1601.100.000.511000.0000.000
95689595,103087,2323.37,2026-02-05,USD,Conversion,STANDARD,FB: PO# - 26-10514  Created for SO #244523,100866,GREENHECK FAN CORPORATION (V),1,ITEM,2323.37,Dorse_Line_1,1510.1601.100.000.511000.0000.000
95689669,103088,118.07,2026-02-05,USD,Conversion,STANDARD,FB: PO# - 26-10762  Created for SO #244981  SO Note: Anthony Driesen  509-941-8231,100866,GREENHECK FAN CORPORATION (V),1,ITEM,118.07,Dorse_Line_1,1510.1601.100.000.511000.0000.000
95689670,103763,871.85,2026-02-05,USD,Conversion,STANDARD,FB: PO# - 26-10800  Created for SO #245051,100866,GREENHECK FAN CORPORATION (V),1,ITEM,871.85,Dorse_Line_1,1510.1602.100.000.511000.0000.000
95689715,103084,3883.79,2026-02-05,USD,Conversion,STANDARD,FB: PO# - 26-10352  Created for SO #244248,100866,GREENHECK FAN CORPORATION (V),1,ITEM,3883.79,Dorse_Line_1,1510.1601.100.000.511000.0000.000
95689749,103764,1546.34,2026-02-05,USD,Conversion,STANDARD,FB: PO# - 26-10247  Created for SO #244063,100866,GREENHECK FAN CORPORATION (V),1,ITEM,1546.34,Dorse_Line_1,1510.1602.100.000.511000.0000.000
95689888,103765,1718.75,2026-02-05,USD,Conversion,STANDARD,FB: PO# - 26-10345  Created for SO #244248,100866,GREENHECK FAN CORPORATION (V),1,ITEM,1718.75,Dorse_Line_1,1510.1602.100.000.511000.0000.000
95689933,103090,423.03,2026-02-05,USD,Conversion,STANDARD,FB: PO# - 26-10852  Created for SO #245146  SO Note: Jacob Hackl 509-992-0642  Microsoft Water T...,100866,GREENHECK FAN CORPORATION (V),1,ITEM,423.03,Dorse_Line_1,1510.1601.100.000.511000.0000.000
95689971,103095,3287.34,2026-02-05,USD,Conversion,STANDARD,FB: PO# - 26-10709  Created for SO #244880,100866,GREENHECK FAN CORPORATION (V),1,ITEM,3287.34,Dorse_Line_1,1510.1601.100.000.511000.0000.000
95689972,103766,278.81,2026-02-05,USD,Conversion,STANDARD,FB: PO# - 26-10796  Created for SO #244833,100866,GREENHECK FAN CORPORATION (V),1,ITEM,278.81,Dorse_Line_1,1510.1602.100.000.511000.0000.000
95690052,103092,15633.74,2026-02-05,USD,Conversion,STANDARD,FB: PO# - 26-10228  Created for SO #244033,100866,GREENHECK FAN CORPORATION (V),1,ITEM,15633.74,Dorse_Line_1,1510.1601.100.000.511000.0000.000
95690053,103094,13120.71,2026-02-05,USD,Conversion,STANDARD,FB: PO# - 26-10304  Created for SO #244200,100866,GREENHECK FAN CORPORATION (V),1,ITEM,13120.71,Dorse_Line_1,1510.1601.100.000.511000.0000.000
95690054,103093,228.69,2026-02-05,USD,Conversion,STANDARD,FB: PO# - 26-10858  Created for SO #245150  SO Note: SEAN BARRON 206-920-4925  PO# 691728  Job N...,100866,GREENHECK FAN CORPORATION (V),1,ITEM,228.69,Dorse_Line_1,1510.1601.100.000.511000.0000.000
95690102,103091,957.16,2026-02-05,USD,Conversion,STANDARD,FB: PO# - 26-10574  Created for SO #244617,100866,GREENHECK FAN CORPORATION (V),1,ITEM,957.16,Dorse_Line_1,1510.1601.100.000.511000.0000.000
95690206,103096,172.12,2026-02-05,USD,Conversion,STANDARD,FB: PO# - 25-18187  Created for SO #242301,100866,GREENHECK FAN CORPORATION (V),1,ITEM,172.12,Dorse_Line_1,1510.1601.100.000.511000.0000.000
95690483,103099,2687.73,2026-02-06,USD,Conversion,STANDARD,FB: PO# - 25-18674  Created for SO #243206,100866,GREENHECK FAN CORPORATION (V),1,ITEM,2687.73,Dorse_Line_1,1510.1601.100.000.511000.0000.000
95690696,103100,2607.36,2026-02-06,USD,Conversion,STANDARD,FB: PO# - 25-18316  Created for SO #242501,100866,GREENHECK FAN CORPORATION (V),1,ITEM,2607.36,Dorse_Line_1,1510.1601.100.000.511000.0000.000
95690773,103101,613.26,2026-02-06,USD,Conversion,STANDARD,FB: PO# - 25-18608  Created for SO #242961,100866,GREENHECK FAN CORPORATION (V),1,ITEM,613.26,Dorse_Line_1,1510.1601.100.000.511000.0000.000
95690880,103768,482.12,2026-02-06,USD,Conversion,STANDARD,FB: PO# - 26-10606  Created for SO #244687,100866,GREENHECK FAN CORPORATION (V),1,ITEM,482.12,Dorse_Line_1,1510.1602.100.000.511000.0000.000
95690899,103102,593.32,2026-02-06,USD,Conversion,STANDARD,FB: PO# - 26-10860  Created for SO #245132,100866,GREENHECK FAN CORPORATION (V),1,ITEM,593.32,Dorse_Line_1,1510.1601.100.000.511000.0000.000
95690972,103103,3567.18,2026-02-06,USD,Conversion,STANDARD,FB: PO# - 26-10855  Created for SO #245151,100866,GREENHECK FAN CORPORATION (V),1,ITEM,3567.18,Dorse_Line_1,1510.1601.100.000.511000.0000.000
95690973,103767,24.66,2026-02-06,USD,Conversion,STANDARD,FB: PO# - 26-10869  Created for SO #245183  SO Note: Jason Hoover   po 2603083287,100866,GREENHECK FAN CORPORATION (V),1,ITEM,24.66,Dorse_Line_1,1510.1602.100.000.511000.0000.000
95691018,103769,2745.72,2026-02-06,USD,Conversion,STANDARD,"FB: PO# - 26-10028  Created for SO #243685  Ramie Havens, Purchasing Manager  Holaday-Parks, Inc...",100866,GREENHECK FAN CORPORATION (V),1,ITEM,2745.72,Dorse_Line_1,1510.1602.100.000.511000.0000.000
95691065,103770,425.75,2026-02-06,USD,Conversion,STANDARD,FB: PO# - 26-10661  Created for SO #244809,100866,GREENHECK FAN CORPORATION (V),1,ITEM,425.75,Dorse_Line_1,1510.1602.100.000.511000.0000.000
95691066,103104,227.33,2026-02-06,USD,Conversion,STANDARD,FB: PO# - 26-10873  Created for SO #245184  SO Note: Travis Primeu   PO# OR8236594,100866,GREENHECK FAN CORPORATION (V),1,ITEM,227.33,Dorse_Line_1,1510.1601.100.000.511000.0000.000
95691081,103105,513.18,2026-02-06,USD,Conversion,STANDARD,FB: PO# - 26-10701  Created for SO #244866,100866,GREENHECK FAN CORPORATION (V),1,ITEM,513.18,Dorse_Line_1,1510.1601.100.000.511000.0000.000
95691111,103771,1062.41,2026-02-06,USD,Conversion,STANDARD,FB: PO# - 26-10632  Created for SO #244746,100866,GREENHECK FAN CORPORATION (V),1,ITEM,1062.41,Dorse_Line_1,1510.1602.100.000.511000.0000.000
95691170,103106,494.12,2026-02-06,USD,Conversion,STANDARD,FB: PO# - 26-10695  Created for SO #244852,100866,GREENHECK FAN CORPORATION (V),1,ITEM,494.12,Dorse_Line_1,1510.1601.100.000.511000.0000.000
95691228,103107,6589.44,2026-02-06,USD,Conversion,STANDARD,FB: PO# - 26-10358  Created for SO #244265,100866,GREENHECK FAN CORPORATION (V),1,ITEM,6589.44,Dorse_Line_1,1510.1601.100.000.511000.0000.000
95691272,103108,801.41,2026-02-06,USD,Conversion,STANDARD,"FB: PO# - 26-10841  Created for SO #245123  Michelle Ozolin, Sr. Purchasing Agent  Holaday-Parks...",100866,GREENHECK FAN CORPORATION (V),1,ITEM,801.41,Dorse_Line_1,1510.1601.100.000.511000.0000.000
95691702,103109,339.48,2026-02-07,USD,Conversion,STANDARD,FB: PO# - 26-10404  Created for SO #244333,100866,GREENHECK FAN CORPORATION (V),1,ITEM,339.48,Dorse_Line_1,1510.1601.100.000.511000.0000.000
95691703,106032,22291.08,2026-02-07,USD,Conversion,STANDARD,FB: PO# - 26-10539,104698,Metalaire,1,ITEM,22291.08,Dorse_Line_1,1510.1601.000.000.115101.0000.000
95691704,103620,309.6,2026-02-07,USD,Conversion,STANDARD,FB: PO# - 26-10008  Created for SO #243644,104698,Metalaire,1,ITEM,309.6,Dorse_Line_1,1510.1601.100.000.511000.0000.000
95691705,103621,1184.93,2026-02-07,USD,Conversion,STANDARD,FB: PO# - 26-10310  Created for SO #244192,104698,Metalaire,1,ITEM,1184.93,Dorse_Line_1,1510.1601.100.000.511000.0000.000
95691706,103622,197.04,2026-02-07,USD,Conversion,STANDARD,FB: PO# - 26-10558  Created for SO #243074,104698,Metalaire,1,ITEM,197.04,Dorse_Line_1,1510.1601.100.000.511000.0000.000
95691707,104086,629.77,2026-02-07,USD,Conversion,STANDARD,FB: PO# - 26-10570  Created for SO #244614,104698,Metalaire,1,ITEM,629.77,Dorse_Line_1,1510.1602.100.000.511000.0000.000
95691812,103772,455.11,2026-02-08,USD,Conversion,STANDARD,FB: PO# - 26-10291  Created for SO #244153,100866,GREENHECK FAN CORPORATION (V),1,ITEM,455.11,Dorse_Line_1,1510.1602.100.000.511000.0000.000
95691917,103774,6097.28,2026-02-09,USD,Conversion,STANDARD,FB: PO# - 26-10442  Created for SO #244398,100866,GREENHECK FAN CORPORATION (V),1,ITEM,6097.28,Dorse_Line_1,1510.1602.100.000.511000.0000.000
95691918,103773,489.52,2026-02-09,USD,Conversion,STANDARD,FB: PO# - 26-10617  Created for SO #244700,100866,GREENHECK FAN CORPORATION (V),1,ITEM,489.52,Dorse_Line_1,1510.1602.100.000.511000.0000.000
95691969,103111,5612.05,2026-02-09,USD,Conversion,STANDARD,FB: PO# - 25-18187  Created for SO #242301,100866,GREENHECK FAN CORPORATION (V),1,ITEM,5612.05,Dorse_Line_1,1510.1601.100.000.511000.0000.000
95692117,103775,73.97,2026-02-09,USD,Conversion,STANDARD,FB: PO# - 26-10809  Created for SO #245064,100866,GREENHECK FAN CORPORATION (V),1,ITEM,73.97,Dorse_Line_1,1510.1602.100.000.511000.0000.000
95692198,103776,503.4,2026-02-09,USD,Conversion,STANDARD,FB: PO# - 26-10394  Created for SO #244317,100866,GREENHECK FAN CORPORATION (V),1,ITEM,503.4,Dorse_Line_1,1510.1602.100.000.511000.0000.000
95692523,103780,740.91,2026-02-09,USD,Conversion,STANDARD,FB: PO# - 26-10695  Created for SO #244852,100866,GREENHECK FAN CORPORATION (V),1,ITEM,740.91,Dorse_Line_1,1510.1602.100.000.511000.0000.000
95692567,103778,1405.08,2026-02-09,USD,Conversion,STANDARD,FB: PO# - 26-10861  Created for SO #245163,100866,GREENHECK FAN CORPORATION (V),1,ITEM,1405.08,Dorse_Line_1,1510.1602.100.000.511000.0000.000
95692614,103112,493.72,2026-02-09,USD,Conversion,STANDARD,FB: PO# - 26-10718  Created for SO #244894,100866,GREENHECK FAN CORPORATION (V),1,ITEM,493.72,Dorse_Line_1,1510.1601.100.000.511000.0000.000
95692672,103777,77.68,2026-02-09,USD,Conversion,STANDARD,FB: PO# - 26-10896  Created for SO #245244,100866,GREENHECK FAN CORPORATION (V),1,ITEM,77.68,Dorse_Line_1,1510.1602.100.000.511000.0000.000
95692698,103779,293.85,2026-02-09,USD,Conversion,STANDARD,FB: PO# - 26-10893  Created for SO #245034,100866,GREENHECK FAN CORPORATION (V),1,ITEM,293.85,Dorse_Line_1,1510.1602.100.000.511000.0000.000
95692827,103782,1635.07,2026-02-09,USD,Conversion,STANDARD,FB: PO# - 26-10691  Created for SO #244778,100866,GREENHECK FAN CORPORATION (V),1,ITEM,1635.07,Dorse_Line_1,1510.1602.100.000.511000.0000.000
95692870,103781,399.37,2026-02-09,USD,Conversion,STANDARD,FB: PO# - 26-10549  Created for SO #244577,100866,GREENHECK FAN CORPORATION (V),1,ITEM,399.37,Dorse_Line_1,1510.1602.100.000.511000.0000.000
95692932,103113,136.46,2026-02-09,USD,Conversion,STANDARD,FB: PO# - 26-10853  Created for SO #245149,100866,GREENHECK FAN CORPORATION (V),1,ITEM,136.46,Dorse_Line_1,1510.1601.100.000.511000.0000.000
95692933,103783,183.44,2026-02-09,USD,Conversion,STANDARD,FB: PO# - 26-10671  Created for SO #244829,100866,GREENHECK FAN CORPORATION (V),1,ITEM,183.44,Dorse_Line_1,1510.1602.100.000.511000.0000.000
95692934,103114,193.71,2026-02-09,USD,Conversion,STANDARD,FB: PO# - 26-10670  Created for SO #244827,100866,GREENHECK FAN CORPORATION (V),1,ITEM,193.71,Dorse_Line_1,1510.1601.100.000.511000.0000.000
95692978,103116,1711.08,2026-02-09,USD,Conversion,STANDARD,FB: PO# - 26-10488  Created for SO #244488  SO Note: Mike Jenkins: 206-604-2360,100866,GREENHECK FAN CORPORATION (V),1,ITEM,1711.08,Dorse_Line_1,1510.1601.100.000.511000.0000.000
95693160,103117,211.75,2026-02-09,USD,Conversion,STANDARD,FB: PO# - 26-10500  Created for SO #244499  SO Note: No charge to customer. Will repair for Mcki...,100866,GREENHECK FAN CORPORATION (V),1,ITEM,211.75,Dorse_Line_1,1510.1601.100.000.511000.0000.000
95693161,103784,634.12,2026-02-09,USD,Conversion,STANDARD,FB: PO# - 26-10934  Created for SO #245283  SO Note: Justin Twedt 2532908235  PO000013174,100866,GREENHECK FAN CORPORATION (V),1,ITEM,634.12,Dorse_Line_1,1510.1602.100.000.511000.0000.000
95693245,103119,556.14,2026-02-10,USD,Conversion,STANDARD,FB: PO# - 25-18608  Created for SO #242961,100866,GREENHECK FAN CORPORATION (V),1,ITEM,556.14,Dorse_Line_1,1510.1601.100.000.511000.0000.000
95693353,103120,623.57,2026-02-10,USD,Conversion,STANDARD,FB: PO# - 24-18147W  Created for SO #245089  Created from RMA #919  ASSURE-120 replaced under wa...,100866,GREENHECK FAN CORPORATION (V),1,ITEM,623.57,Dorse_Line_1,1510.1601.100.000.511000.0000.000
95693354,103786,1164.92,2026-02-10,USD,Conversion,STANDARD,FB: PO# - 26-10635  Created for SO #244751,100866,GREENHECK FAN CORPORATION (V),1,ITEM,1164.92,Dorse_Line_1,1510.1602.100.000.511000.0000.000
95693355,103785,245.19,2026-02-10,USD,Conversion,STANDARD,FB: PO# - 26-10925  Created for SO #245241  SO Note: DEREK ISENHART 360-966-7252  Ferndale Water...,100866,GREENHECK FAN CORPORATION (V),1,ITEM,245.19,Dorse_Line_1,1510.1602.100.000.511000.0000.000
95693419,103142,12586.92,2026-02-10,USD,Conversion,STANDARD,FB: PO# - 25-18611  Created for SO #242962,100866,GREENHECK FAN CORPORATION (V),1,ITEM,12586.92,Dorse_Line_1,1510.1601.100.000.511000.0000.000
95693420,103787,1219.12,2026-02-10,USD,Conversion,STANDARD,FB: PO# - 26-10534  Created for SO #244151,100866,GREENHECK FAN CORPORATION (V),1,ITEM,1219.12,Dorse_Line_1,1510.1602.100.000.511000.0000.000
95693421,103118,1382.78,2026-02-10,USD,Conversion,STANDARD,FB: PO# - 26-10486  Created for SO #244479,100866,GREENHECK FAN CORPORATION (V),1,ITEM,1382.78,Dorse_Line_1,1510.1601.100.000.511000.0000.000
95693485,104087,1948.97,2026-02-10,USD,Conversion,STANDARD,FB: PO# - 25-18798  Created for SO #243443,104698,Metalaire,1,ITEM,1948.97,Dorse_Line_1,1510.1602.100.000.511000.0000.000
95693552,103121,83474.04,2026-02-10,USD,Conversion,STANDARD,FB: PO# - 26-10019  Created for SO #243639,100866,GREENHECK FAN CORPORATION (V),1,ITEM,83474.04,Dorse_Line_1,1510.1601.100.000.511000.0000.000
95693558,103122,2132.5,2026-02-10,USD,Conversion,STANDARD,FB: PO# - 26-10150  Created for SO #243801,100866,GREENHECK FAN CORPORATION (V),1,ITEM,2132.5,Dorse_Line_1,1510.1601.100.000.511000.0000.000
95694015,103123,2463.79,2026-02-10,USD,Conversion,STANDARD,FB: PO# - 26-10704  Created for SO #244870,100866,GREENHECK FAN CORPORATION (V),1,ITEM,2463.79,Dorse_Line_1,1510.1601.100.000.511000.0000.000
95694218,103124,2896.83,2026-02-10,USD,Conversion,STANDARD,FB: PO# - 26-10807  Created for SO #245059,100866,GREENHECK FAN CORPORATION (V),1,ITEM,2896.83,Dorse_Line_1,1510.1601.100.000.511000.0000.000
95694260,106028,19305.21,2026-02-10,USD,Conversion,STANDARD,FB: PO# - 26-10538,100866,GREENHECK FAN CORPORATION (V),1,ITEM,19305.21,Dorse_Line_1,1510.1601.000.000.115101.0000.000
95694261,103788,581.56,2026-02-10,USD,Conversion,STANDARD,FB: PO# - 26-10945  Created for SO #245309  SO Note: SEAN BARRON 206-920-4925  PO# 692380  Job N...,100866,GREENHECK FAN CORPORATION (V),1,ITEM,581.56,Dorse_Line_1,1510.1602.100.000.511000.0000.000
95694313,103140,139.23,2026-02-10,USD,Conversion,STANDARD,FB: PO# - 26-10714  Created for SO #244813,100866,GREENHECK FAN CORPORATION (V),1,ITEM,139.23,Dorse_Line_1,1510.1601.100.000.511000.0000.000
95694338,103126,1251.08,2026-02-10,USD,Conversion,STANDARD,FB: PO# - 26-10882  Created for SO #244883,100866,GREENHECK FAN CORPORATION (V),1,ITEM,1251.08,Dorse_Line_1,1510.1601.100.000.511000.0000.000
95694339,103125,1015.57,2026-02-10,USD,Conversion,STANDARD,FB: PO# - 26-10951  Created for SO #245319  SO Note: Jake 208-449-7844  PO: 6642600112,100866,GREENHECK FAN CORPORATION (V),1,ITEM,1015.57,Dorse_Line_1,1510.1601.100.000.511000.0000.000
95694394,103127,568.11,2026-02-10,USD,Conversion,STANDARD,FB: PO# - 25-11032W  Created for SO #245116  Created from RMA #921  Replacement motor on GB-200 ...,100866,GREENHECK FAN CORPORATION (V),1,ITEM,568.11,Dorse_Line_1,1510.1601.100.000.511000.0000.000
95694454,103139,571.74,2026-02-10,USD,Conversion,STANDARD,FB: PO# - 26-10181  Created for SO #243947,100866,GREENHECK FAN CORPORATION (V),1,ITEM,571.74,Dorse_Line_1,1510.1601.100.000.511000.0000.000
95694521,103789,2446.51,2026-02-10,USD,Conversion,STANDARD,FB: PO# - 26-10162  Created for SO #243913,100866,GREENHECK FAN CORPORATION (V),1,ITEM,2446.51,Dorse_Line_1,1510.1602.100.000.511000.0000.000
95694522,103130,281.81,2026-02-10,USD,Conversion,STANDARD,FB: PO# - 26-10813  Created for SO #245077,100866,GREENHECK FAN CORPORATION (V),1,ITEM,281.81,Dorse_Line_1,1510.1601.100.000.511000.0000.000
95694523,103129,143.83,2026-02-10,USD,Conversion,STANDARD,FB: PO# - 26-10901  Created for SO #245253  SO Note: 3500,100866,GREENHECK FAN CORPORATION (V),1,ITEM,143.83,Dorse_Line_1,1510.1601.100.000.511000.0000.000
95694524,103134,278.46,2026-02-10,USD,Conversion,STANDARD,FB: PO# - 26-10714  Created for SO #244813,100866,GREENHECK FAN CORPORATION (V),1,ITEM,278.46,Dorse_Line_1,1510.1601.100.000.511000.0000.000
95694525,103128,382.47,2026-02-10,USD,Conversion,STANDARD,FB: PO# - 26-10718  Created for SO #244894,100866,GREENHECK FAN CORPORATION (V),1,ITEM,382.47,Dorse_Line_1,1510.1601.100.000.511000.0000.000
95694536,103132,849.03,2026-02-10,USD,Conversion,STANDARD,FB: PO# - 25-18611  Created for SO #242962,100866,GREENHECK FAN CORPORATION (V),1,ITEM,849.03,Dorse_Line_1,1510.1601.100.000.511000.0000.000
95694562,103131,111.9,2026-02-10,USD,Conversion,STANDARD,FB: PO# - 26-10960  Created for SO #245336  SO Note: Terry Moody 253-572-9484   PO# 1-14631-01,100866,GREENHECK FAN CORPORATION (V),1,ITEM,111.9,Dorse_Line_1,1510.1601.100.000.511000.0000.000
95694567,103133,880.35,2026-02-10,USD,Conversion,STANDARD,FB: PO# - 26-10897  Created for SO #245247,100866,GREENHECK FAN CORPORATION (V),1,ITEM,880.35,Dorse_Line_1,1510.1601.100.000.511000.0000.000
95694593,103790,5780.5,2026-02-10,USD,Conversion,STANDARD,FB: PO# - 26-10717  Created for SO #244893,100866,GREENHECK FAN CORPORATION (V),1,ITEM,5780.5,Dorse_Line_1,1510.1602.100.000.511000.0000.000
95694594,103138,336.04,2026-02-10,USD,Conversion,STANDARD,FB: PO# - 26-10791  Created for SO #245028,100866,GREENHECK FAN CORPORATION (V),1,ITEM,336.04,Dorse_Line_1,1510.1601.100.000.511000.0000.000
95694610,103143,428.19,2026-02-10,USD,Conversion,STANDARD,FB: PO# - 25-18611A  Created for SO #245815,100866,GREENHECK FAN CORPORATION (V),1,ITEM,428.19,Dorse_Line_1,1510.1601.100.000.511000.0000.000
95694643,103792,922.87,2026-02-10,USD,Conversion,STANDARD,FB: PO# - 26-10780  Created for SO #244991,100866,GREENHECK FAN CORPORATION (V),1,ITEM,922.87,Dorse_Line_1,1510.1602.100.000.511000.0000.000
95694653,103791,1247.93,2026-02-10,USD,Conversion,STANDARD,FB: PO# - 26-10787  Created for SO #244983  SO Note: Jesse Cloutier - 206.491.1453  Cameron Poma...,100866,GREENHECK FAN CORPORATION (V),1,ITEM,1247.93,Dorse_Line_1,1510.1602.100.000.511000.0000.000
95694654,103136,172.12,2026-02-10,USD,Conversion,STANDARD,FB: PO# - 26-10965  Created for SO #245348  SO Note: Luis 206-447-9500   Cloud Fans,100866,GREENHECK FAN CORPORATION (V),1,ITEM,172.12,Dorse_Line_1,1510.1601.100.000.511000.0000.000
95694688,103137,339.22,2026-02-10,USD,Conversion,STANDARD,FB: PO# - 26-10972  Created for SO #245357  SO Note: Ignacio Atilano   PO 8295-PO7146,100866,GREENHECK FAN CORPORATION (V),1,ITEM,339.22,Dorse_Line_1,1510.1601.100.000.511000.0000.000
95694749,103135,28463.28,2026-02-10,USD,Conversion,STANDARD,FB: PO# - 25-18851  Created for SO #243447,100866,GREENHECK FAN CORPORATION (V),1,ITEM,28463.28,Dorse_Line_1,1510.1601.100.000.511000.0000.000
95694751,103141,55822.61,2026-02-10,USD,Conversion,STANDARD,FB: PO# - 25-18540  Created for SO #242935,100866,GREENHECK FAN CORPORATION (V),1,ITEM,55822.61,Dorse_Line_1,1510.1601.100.000.511000.0000.000
95694980,103795,1842.04,2026-02-11,USD,Conversion,STANDARD,FB: PO# - 26-10563  Created for SO #244600  Sten-Erik Andreassen  Associate Project Manager    A...,100866,GREENHECK FAN CORPORATION (V),1,ITEM,1842.04,Dorse_Line_1,1510.1602.100.000.511000.0000.000
95694981,103144,852.91,2026-02-11,USD,Conversion,STANDARD,FB: PO# - 26-10654  Created for SO #244802,100866,GREENHECK FAN CORPORATION (V),1,ITEM,852.91,Dorse_Line_1,1510.1601.100.000.511000.0000.000
95694982,103793,3244.34,2026-02-11,USD,Conversion,STANDARD,FB: PO# - 26-10636  Created for SO #244578,100866,GREENHECK FAN CORPORATION (V),1,ITEM,3244.34,Dorse_Line_1,1510.1602.100.000.511000.0000.000
95694983,103145,910.18,2026-02-11,USD,Conversion,STANDARD,FB: PO# - 26-10345  Created for SO #244248,100866,GREENHECK FAN CORPORATION (V),1,ITEM,910.18,Dorse_Line_1,1510.1601.100.000.511000.0000.000
95695050,103794,187.53,2026-02-11,USD,Conversion,STANDARD,FB: PO# - 26-10247  Created for SO #244063,100866,GREENHECK FAN CORPORATION (V),1,ITEM,187.53,Dorse_Line_1,1510.1602.100.000.511000.0000.000
95695091,103624,542.98,2026-02-11,USD,Conversion,STANDARD,FB: PO# - 26-10618  Created for SO #244500,104698,Metalaire,1,ITEM,542.98,Dorse_Line_1,1510.1601.100.000.511000.0000.000
95695092,103625,1025.13,2026-02-11,USD,Conversion,STANDARD,FB: PO# - 26-10596  Created for SO #244667,104698,Metalaire,1,ITEM,1025.13,Dorse_Line_1,1510.1601.100.000.511000.0000.000
95695093,103623,1335.04,2026-02-11,USD,Conversion,STANDARD,FB: PO# - 26-10798  Created for SO #245041,104698,Metalaire,1,ITEM,1335.04,Dorse_Line_1,1510.1601.100.000.511000.0000.000
95695191,103155,26576.34,2026-02-11,USD,Conversion,STANDARD,FB: PO# - 25-18797  Created for SO #243275,100866,GREENHECK FAN CORPORATION (V),1,ITEM,26576.34,Dorse_Line_1,1510.1601.100.000.511000.0000.000
956952935,103115,982.65,2026-02-09,USD,Conversion,STANDARD,FB: PO# - 26-10837  Created for SO #245114  SO Note: Ethan Clare - 3606844843  PO KPO00029949,100866,GREENHECK FAN CORPORATION (V),1,ITEM,982.65,Dorse_Line_1,1510.1601.100.000.511000.0000.000
95695329,103149,692.39,2026-02-11,USD,Conversion,STANDARD,FB: PO# - 25-16361  Created for SO #239290,100866,GREENHECK FAN CORPORATION (V),1,ITEM,692.39,Dorse_Line_1,1510.1601.100.000.511000.0000.000
95695370,103147,639.92,2026-02-11,USD,Conversion,STANDARD,FB: PO# - 26-10695  Created for SO #244852,100866,GREENHECK FAN CORPORATION (V),1,ITEM,639.92,Dorse_Line_1,1510.1601.100.000.511000.0000.000
95695371,103146,4427.02,2026-02-11,USD,Conversion,STANDARD,FB: PO# - 26-10771  Created for SO #244920,100866,GREENHECK FAN CORPORATION (V),1,ITEM,4427.02,Dorse_Line_1,1510.1601.100.000.511000.0000.000
95695493,103151,137.18,2026-02-11,USD,Conversion,STANDARD,FB: PO# - 26-10650  Created for SO #244783,100866,GREENHECK FAN CORPORATION (V),1,ITEM,137.18,Dorse_Line_1,1510.1601.100.000.511000.0000.000
95695551,103148,130.5,2026-02-11,USD,Conversion,STANDARD,FB: PO# - 26-10787  Created for SO #244983  SO Note: Jesse Cloutier - 206.491.1453  Cameron Poma...,100866,GREENHECK FAN CORPORATION (V),1,ITEM,130.5,Dorse_Line_1,1510.1601.100.000.511000.0000.000
95695575,103150,6788.74,2026-02-11,USD,Conversion,STANDARD,FB: PO# - 26-10611  Created for SO #244678,100866,GREENHECK FAN CORPORATION (V),1,ITEM,6788.74,Dorse_Line_1,1510.1601.100.000.511000.0000.000
95695576,103152,1427.34,2026-02-11,USD,Conversion,STANDARD,FB: PO# - 25-17290  Created for SO #240826,100866,GREENHECK FAN CORPORATION (V),1,ITEM,1427.34,Dorse_Line_1,1510.1601.100.000.511000.0000.000
95695731,103153,899.68,2026-02-11,USD,Conversion,STANDARD,FB: PO# - 26-10763  Created for SO #244982,100866,GREENHECK FAN CORPORATION (V),1,ITEM,899.68,Dorse_Line_1,1510.1601.100.000.511000.0000.000
95695732,103154,979,2026-02-11,USD,Conversion,STANDARD,FB: PO# - 26-10771  Created for SO #244920,100866,GREENHECK FAN CORPORATION (V),1,ITEM,979,Dorse_Line_1,1510.1601.100.000.511000.0000.000
95695948,103158,179.28,2026-02-11,USD,Conversion,STANDARD,FB: PO# - 26-10707  Created for SO #244357,100866,GREENHECK FAN CORPORATION (V),1,ITEM,179.28,Dorse_Line_1,1510.1601.100.000.511000.0000.000
95695949,103162,24.56,2026-02-11,USD,Conversion,STANDARD,FB: PO# - 26-10304A  Created for SO #245530,100866,GREENHECK FAN CORPORATION (V),1,ITEM,24.56,Dorse_Line_1,1510.1601.100.000.511000.0000.000
95696029,103797,4777.14,2026-02-11,USD,Conversion,STANDARD,FB: PO# - 26-10627  Created for SO #244736,100866,GREENHECK FAN CORPORATION (V),1,ITEM,4777.14,Dorse_Line_1,1510.1602.100.000.511000.0000.000
95696030,103796,2415.96,2026-02-11,USD,Conversion,STANDARD,FB: PO# - 26-10356  Created for SO #243954  1/16/2026 - emailed order & cc receipts to:  Jack Bo...,100866,GREENHECK FAN CORPORATION (V),1,ITEM,2415.96,Dorse_Line_1,1510.1602.100.000.511000.0000.000
95696031,103799,114.06,2026-02-11,USD,Conversion,STANDARD,FB: PO# - 26-10698  Created for SO #244853,100866,GREENHECK FAN CORPORATION (V),1,ITEM,114.06,Dorse_Line_1,1510.1602.100.000.511000.0000.000
95696051,103159,140.15,2026-02-11,USD,Conversion,STANDARD,FB: PO# - 26-10992  Created for SO #245396,100866,GREENHECK FAN CORPORATION (V),1,ITEM,140.15,Dorse_Line_1,1510.1601.100.000.511000.0000.000
95696140,103156,320.32,2026-02-11,USD,Conversion,STANDARD,FB: PO# - 26-10871  Created for SO #245186  BRADY SPARKS  Auburn Mechanical // C (206) 909-4852,100866,GREENHECK FAN CORPORATION (V),1,ITEM,320.32,Dorse_Line_1,1510.1601.100.000.511000.0000.000
95696190,103798,1286.73,2026-02-11,USD,Conversion,STANDARD,"FB: PO# - 26-10783  Created for SO #245020  Wyley Stewart  |  Hermanson Company, LLC |  Direct 2...",100866,GREENHECK FAN CORPORATION (V),1,ITEM,1286.73,Dorse_Line_1,1510.1602.100.000.511000.0000.000
95696191,103800,221.96,2026-02-11,USD,Conversion,STANDARD,FB: PO# - 26-10771  Created for SO #244920,100866,GREENHECK FAN CORPORATION (V),1,ITEM,221.96,Dorse_Line_1,1510.1602.100.000.511000.0000.000
95696192,103161,1139.84,2026-02-11,USD,Conversion,STANDARD,FB: PO# - 26-10361  Created for SO #244263,100866,GREENHECK FAN CORPORATION (V),1,ITEM,1139.84,Dorse_Line_1,1510.1601.100.000.511000.0000.000
95696212,103157,512.77,2026-02-11,USD,Conversion,STANDARD,FB: PO# - 26-10795  Created for SO #245031,100866,GREENHECK FAN CORPORATION (V),1,ITEM,512.77,Dorse_Line_1,1510.1601.100.000.511000.0000.000
95696315,103160,102.17,2026-02-11,USD,Conversion,STANDARD,FB: PO# - 26-10550  Created for SO #244581,100866,GREENHECK FAN CORPORATION (V),1,ITEM,102.17,Dorse_Line_1,1510.1601.100.000.511000.0000.000
95696460,103163,1654.08,2026-02-12,USD,Conversion,STANDARD,FB: PO# - 26-10443  Created for SO #244403  SO Note: No Charge To Customer,100866,GREENHECK FAN CORPORATION (V),1,ITEM,1654.08,Dorse_Line_1,1510.1601.100.000.511000.0000.000
95696462,103801,149.24,2026-02-12,USD,Conversion,STANDARD,FB: PO# - 26-10707  Created for SO #244357,100866,GREENHECK FAN CORPORATION (V),1,ITEM,149.24,Dorse_Line_1,1510.1602.100.000.511000.0000.000
95696528,103802,15668.7,2026-02-12,USD,Conversion,STANDARD,FB: PO# - 25-18772  Created for SO #243390,100866,GREENHECK FAN CORPORATION (V),1,ITEM,15668.7,Dorse_Line_1,1510.1602.100.000.511000.0000.000
95696529,103164,1062.41,2026-02-12,USD,Conversion,STANDARD,FB: PO# - 26-10765  Created for SO #239376,100866,GREENHECK FAN CORPORATION (V),1,ITEM,1062.41,Dorse_Line_1,1510.1601.100.000.511000.0000.000
95696574,103626,7197.32,2026-02-12,USD,Conversion,STANDARD,FB: PO# - 26-10640  Created for SO #244763,104698,Metalaire,1,ITEM,7197.32,Dorse_Line_1,1510.1601.100.000.511000.0000.000
95696625,103165,810,2026-02-12,USD,Conversion,STANDARD,FB: PO# - 25-18758  Created for SO #243365,100866,GREENHECK FAN CORPORATION (V),1,ITEM,810,Dorse_Line_1,1510.1601.100.000.511000.0000.000
95696755,103803,17937.82,2026-02-12,USD,Conversion,STANDARD,FB: PO# - 26-10668  Created for SO #244824,100866,GREENHECK FAN CORPORATION (V),1,ITEM,17937.82,Dorse_Line_1,1510.1602.100.000.511000.0000.000
95696788,103805,464.13,2026-02-12,USD,Conversion,STANDARD,FB: PO# - 26-10977  Created for SO #245374  SO Note: Ben Manibusan - 5032344334  PO 1448199-00,100866,GREENHECK FAN CORPORATION (V),1,ITEM,464.13,Dorse_Line_1,1510.1602.100.000.511000.0000.000
95696789,103804,399.76,2026-02-12,USD,Conversion,STANDARD,FB: PO# - 26-10974  Created for SO #245370  SO Note: Craig Schelinski -  PO# 20375,100866,GREENHECK FAN CORPORATION (V),1,ITEM,399.76,Dorse_Line_1,1510.1602.100.000.511000.0000.000
95696820,103807,1480.8,2026-02-12,USD,Conversion,STANDARD,FB: PO# - 26-10620  Created for SO #244713,100866,GREENHECK FAN CORPORATION (V),1,ITEM,1480.8,Dorse_Line_1,1510.1602.100.000.511000.0000.000
95696866,103806,606.49,2026-02-12,USD,Conversion,STANDARD,FB: PO# - 26-10797  Created for SO #245047,100866,GREENHECK FAN CORPORATION (V),1,ITEM,606.49,Dorse_Line_1,1510.1602.100.000.511000.0000.000
95697253,103808,1213.68,2026-02-12,USD,Conversion,STANDARD,FB: PO# - 26-10864  Created for SO #245141,100866,GREENHECK FAN CORPORATION (V),1,ITEM,1213.68,Dorse_Line_1,1510.1602.100.000.511000.0000.000
95697344,103813,784.63,2026-02-12,USD,Conversion,STANDARD,FB: PO# - 26-11011  Created for SO #245436,100866,GREENHECK FAN CORPORATION (V),1,ITEM,784.63,Dorse_Line_1,1510.1602.100.000.511000.0000.000
95697345,103172,2292.99,2026-02-12,USD,Conversion,STANDARD,FB: PO# - 26-10446  Created for SO #244407,100866,GREENHECK FAN CORPORATION (V),1,ITEM,2292.99,Dorse_Line_1,1510.1601.100.000.511000.0000.000
95697394,103814,139.26,2026-02-12,USD,Conversion,STANDARD,FB: PO# - 26-11005  Created for SO #245424,100866,GREENHECK FAN CORPORATION (V),1,ITEM,139.26,Dorse_Line_1,1510.1602.100.000.511000.0000.000
95697451,103170,80.82,2026-02-12,USD,Conversion,STANDARD,FB: PO# - 26-10943  Created for SO #245305,100866,GREENHECK FAN CORPORATION (V),1,ITEM,80.82,Dorse_Line_1,1510.1601.100.000.511000.0000.000
95697499,103809,105296.22,2026-02-12,USD,Conversion,STANDARD,FB: PO# - 26-10517  Order is being put in as 'standard' lead time - Greenheck will be changing i...,100866,GREENHECK FAN CORPORATION (V),1,ITEM,105296.22,Dorse_Line_1,1510.1602.100.000.511000.0000.000
95697578,103810,2642.02,2026-02-12,USD,Conversion,STANDARD,FB: PO# - 25-18457  Created for SO #242790,100866,GREENHECK FAN CORPORATION (V),1,ITEM,2642.02,Dorse_Line_1,1510.1602.100.000.511000.0000.000
95697579,103171,1224.28,2026-02-12,USD,Conversion,STANDARD,FB: PO# - 26-10620  Created for SO #244713,100866,GREENHECK FAN CORPORATION (V),1,ITEM,1224.28,Dorse_Line_1,1510.1601.100.000.511000.0000.000
95697619,103811,911.87,2026-02-12,USD,Conversion,STANDARD,FB: PO# - 25-14906W  Created for SO #245095  Created from RMA #920  Faulty controller under warr...,100866,GREENHECK FAN CORPORATION (V),1,ITEM,911.87,Dorse_Line_1,1510.1602.100.000.511000.0000.000
95697655,103167,626.98,2026-02-12,USD,Conversion,STANDARD,FB: PO# - 26-10837  Created for SO #245114  SO Note: Ethan Clare - 3606844843  PO KPO00029949,100866,GREENHECK FAN CORPORATION (V),1,ITEM,626.98,Dorse_Line_1,1510.1601.100.000.511000.0000.000
95697656,103166,30777.78,2026-02-12,USD,Conversion,STANDARD,FB: PO# - 25-18873  Created for SO #243620,100866,GREENHECK FAN CORPORATION (V),1,ITEM,30777.78,Dorse_Line_1,1510.1601.100.000.511000.0000.000
95697676,103168,534.22,2026-02-12,USD,Conversion,STANDARD,FB: PO# - 26-10988  Created for SO #245390,100866,GREENHECK FAN CORPORATION (V),1,ITEM,534.22,Dorse_Line_1,1510.1601.100.000.511000.0000.000
95697694,103812,59.43,2026-02-12,USD,Conversion,STANDARD,FB: PO# - 26-11034  Created for SO #245467  SO Note: Eric Bjork  360-452-9706  Guts for GREEN  P...,100866,GREENHECK FAN CORPORATION (V),1,ITEM,59.43,Dorse_Line_1,1510.1602.100.000.511000.0000.000
95697728,103169,126.16,2026-02-12,USD,Conversion,STANDARD,FB: PO# - 26-10755  Created for SO #244970,100866,GREENHECK FAN CORPORATION (V),1,ITEM,126.16,Dorse_Line_1,1510.1601.100.000.511000.0000.000
95698000,103179,5808.76,2026-02-13,USD,Conversion,STANDARD,FB: PO# - 26-10662  Created for SO #244810,100866,GREENHECK FAN CORPORATION (V),1,ITEM,5808.76,Dorse_Line_1,1510.1601.100.000.511000.0000.000
95698001,103178,3053.11,2026-02-13,USD,Conversion,STANDARD,FB: PO# - 26-10531  Created for SO #244544,100866,GREENHECK FAN CORPORATION (V),1,ITEM,3053.11,Dorse_Line_1,1510.1601.100.000.511000.0000.000
95698002,103177,214.36,2026-02-13,USD,Conversion,STANDARD,FB: PO# - 26-10968  Created for SO #245354,100866,GREENHECK FAN CORPORATION (V),1,ITEM,214.36,Dorse_Line_1,1510.1601.100.000.511000.0000.000
95698152,103629,2903.33,2026-02-13,USD,Conversion,STANDARD,FB: PO# - 26-10618  Created for SO #244500,104698,Metalaire,1,ITEM,2903.33,Dorse_Line_1,1510.1601.100.000.511000.0000.000
95698152A,104128,242.63,2026-02-17,USD,Conversion,STANDARD,FB: PO# - 26-10618  Created for SO #244500,104698,Metalaire,1,ITEM,242.63,Dorse_Line_1,1510.1602.100.000.514000.0000.000
95698153,103631,2621.62,2026-02-13,USD,Conversion,STANDARD,FB: PO# - 26-10634  Created for SO #244737,104698,Metalaire,1,ITEM,2621.62,Dorse_Line_1,1510.1601.100.000.511000.0000.000
95698154,103632,155.95,2026-02-13,USD,Conversion,STANDARD,FB: PO# - 26-10739  Created for SO #244922,104698,Metalaire,1,ITEM,155.95,Dorse_Line_1,1510.1601.100.000.511000.0000.000
95698155,103630,88.11,2026-02-13,USD,Conversion,STANDARD,FB: PO# - 26-10776  Created for SO #245001,104698,Metalaire,1,ITEM,88.11,Dorse_Line_1,1510.1601.100.000.511000.0000.000
95698156,104089,74.51,2026-02-13,USD,Conversion,STANDARD,FB: PO# - 26-10779  Created for SO #245010,104698,Metalaire,1,ITEM,74.51,Dorse_Line_1,1510.1602.100.000.511000.0000.000
95698157,104090,1768.27,2026-02-13,USD,Conversion,STANDARD,FB: PO# - 26-10610  Created for SO #244677,104698,Metalaire,1,ITEM,1768.27,Dorse_Line_1,1510.1602.100.000.511000.0000.000
95698158,104088,142.96,2026-02-13,USD,Conversion,STANDARD,FB: PO# - 26-10751  Created for SO #244958,104698,Metalaire,1,ITEM,142.96,Dorse_Line_1,1510.1602.100.000.511000.0000.000
95698159,103627,709.95,2026-02-13,USD,Conversion,STANDARD,FB: PO# - 26-10774  Created for SO #239377,104698,Metalaire,1,ITEM,709.95,Dorse_Line_1,1510.1601.100.000.511000.0000.000
95698160,103628,807.83,2026-02-13,USD,Conversion,STANDARD,FB: PO# - 26-10798  Created for SO #245041,104698,Metalaire,1,ITEM,807.83,Dorse_Line_1,1510.1601.100.000.511000.0000.000
95698721,103176,476.92,2026-02-13,USD,Conversion,STANDARD,FB: PO# - 26-11039  Created for SO #245434  SO Note: Alamir Ahmad  360-854-8328  PO# 30520,100866,GREENHECK FAN CORPORATION (V),1,ITEM,476.92,Dorse_Line_1,1510.1601.100.000.511000.0000.000
95698788,103175,1683.84,2026-02-13,USD,Conversion,STANDARD,FB: PO# - 26-10863  Created for SO #245120,100866,GREENHECK FAN CORPORATION (V),1,ITEM,1683.84,Dorse_Line_1,1510.1601.100.000.511000.0000.000
95698820,103173,3036.73,2026-02-13,USD,Conversion,STANDARD,FB: PO# - 26-10744  Created for SO #244945,100866,GREENHECK FAN CORPORATION (V),1,ITEM,3036.73,Dorse_Line_1,1510.1601.100.000.511000.0000.000
95698821,103174,1607.49,2026-02-13,USD,Conversion,STANDARD,FB: PO# - 26-10552  Created for SO #244583,100866,GREENHECK FAN CORPORATION (V),1,ITEM,1607.49,Dorse_Line_1,1510.1601.100.000.511000.0000.000
95698822,103815,158.9,2026-02-13,USD,Conversion,STANDARD,FB: PO# - 26-10987  Created for SO #245278,100866,GREENHECK FAN CORPORATION (V),1,ITEM,158.9,Dorse_Line_1,1510.1602.100.000.511000.0000.000
95698926,103180,271.33,2026-02-13,USD,Conversion,STANDARD,FB: PO# - 26-10846  Created for SO #245129  Laurie Still-Papen   P. 253.627.7543  D. 253.327.197...,100866,GREENHECK FAN CORPORATION (V),1,ITEM,271.33,Dorse_Line_1,1510.1601.100.000.511000.0000.000
95698928,103181,288.53,2026-02-13,USD,Conversion,STANDARD,FB: PO# - 26-10968  Created for SO #245354,100866,GREENHECK FAN CORPORATION (V),1,ITEM,288.53,Dorse_Line_1,1510.1601.100.000.511000.0000.000
95698929,103187,939.52,2026-02-13,USD,Conversion,STANDARD,FB: PO# - 26-11004  Created for SO #245367  SO Note: Craig Stauffer  206-372-2239   Craig.Stauff...,100866,GREENHECK FAN CORPORATION (V),1,ITEM,939.52,Dorse_Line_1,1510.1601.100.000.511000.0000.000
95698957,103183,707.16,2026-02-13,USD,Conversion,STANDARD,FB: PO# - 26-10656  Created for SO #244801,100866,GREENHECK FAN CORPORATION (V),1,ITEM,707.16,Dorse_Line_1,1510.1601.100.000.511000.0000.000
95698994,103817,732.17,2026-02-13,USD,Conversion,STANDARD,FB: PO# - 26-10767  Created for SO #239374,100866,GREENHECK FAN CORPORATION (V),1,ITEM,732.17,Dorse_Line_1,1510.1602.100.000.511000.0000.000
95699028,103186,11368.44,2026-02-13,USD,Conversion,STANDARD,FB: PO# - 25-18327  Created for SO #242546  SO Note: Attention Todd Williams,100866,GREENHECK FAN CORPORATION (V),1,ITEM,11368.44,Dorse_Line_1,1510.1601.100.000.511000.0000.000
95699029,103182,1356.73,2026-02-13,USD,Conversion,STANDARD,FB: PO# - 26-10667  Created for SO #244823,100866,GREENHECK FAN CORPORATION (V),1,ITEM,1356.73,Dorse_Line_1,1510.1601.100.000.511000.0000.000
95699113,103184,765.44,2026-02-13,USD,Conversion,STANDARD,FB: PO# - 26-10548  Created for SO #244579,100866,GREENHECK FAN CORPORATION (V),1,ITEM,765.44,Dorse_Line_1,1510.1601.100.000.511000.0000.000
95699182,103185,238.06,2026-02-13,USD,Conversion,STANDARD,FB: PO# - 26-11041  Created for SO #245476  SO Note: Tiffany Diaz 360-377-3877,100866,GREENHECK FAN CORPORATION (V),1,ITEM,238.06,Dorse_Line_1,1510.1601.100.000.511000.0000.000
95699349,103818,14841.02,2026-02-15,USD,Conversion,STANDARD,FB: PO# - 26-10410  Created for SO #244346,100866,GREENHECK FAN CORPORATION (V),1,ITEM,14841.02,Dorse_Line_1,1510.1602.100.000.511000.0000.000
95699442,103189,1328.92,2026-02-16,USD,Conversion,STANDARD,FB: PO# - 26-10740  Created for SO #244928,100866,GREENHECK FAN CORPORATION (V),1,ITEM,1328.92,Dorse_Line_1,1510.1601.100.000.511000.0000.000
95699443,103190,4800.99,2026-02-16,USD,Conversion,STANDARD,FB: PO# - 26-10624  Created for SO #244725,100866,GREENHECK FAN CORPORATION (V),1,ITEM,4800.99,Dorse_Line_1,1510.1601.100.000.511000.0000.000
95699444,103192,2860.72,2026-02-16,USD,Conversion,STANDARD,FB: PO# - 26-10565  Created for SO #244603  Sten-Erik Andreassen  Associate Project Manager    A...,100866,GREENHECK FAN CORPORATION (V),1,ITEM,2860.72,Dorse_Line_1,1510.1601.100.000.511000.0000.000
95699511,103191,5454.11,2026-02-16,USD,Conversion,STANDARD,FB: PO# - 26-10115  Created for SO #243852,100866,GREENHECK FAN CORPORATION (V),1,ITEM,5454.11,Dorse_Line_1,1510.1601.100.000.511000.0000.000
95699512,103193,2936.65,2026-02-16,USD,Conversion,STANDARD,FB: PO# - 26-10298  Created for SO #244180,100866,GREENHECK FAN CORPORATION (V),1,ITEM,2936.65,Dorse_Line_1,1510.1601.100.000.511000.0000.000
95699606,103819,667.18,2026-02-16,USD,Conversion,STANDARD,FB: PO# - 26-11082  Created for SO #245459  SO Note: Will Lindamood: 206-550-0826,100866,GREENHECK FAN CORPORATION (V),1,ITEM,667.18,Dorse_Line_1,1510.1602.100.000.511000.0000.000
95699632,103194,356.09,2026-02-16,USD,Conversion,STANDARD,FB: PO# - 26-10941  Created for SO #245289,100866,GREENHECK FAN CORPORATION (V),1,ITEM,356.09,Dorse_Line_1,1510.1601.100.000.511000.0000.000
95699700,103820,6352.23,2026-02-16,USD,Conversion,STANDARD,FB: PO# - 26-10450  Created for SO #244372,100866,GREENHECK FAN CORPORATION (V),1,ITEM,6352.23,Dorse_Line_1,1510.1602.100.000.511000.0000.000
95699701,103195,526.08,2026-02-16,USD,Conversion,STANDARD,FB: PO# - 26-10603  Created for SO #244680  SO Note: Eric Levine 206-402-2325  Uline - MAU 7,100866,GREENHECK FAN CORPORATION (V),1,ITEM,526.08,Dorse_Line_1,1510.1601.100.000.511000.0000.000
95699810,103197,619.75,2026-02-16,USD,Conversion,STANDARD,FB: PO# - 26-10955  Note: Curbs were canceled by customer,100866,GREENHECK FAN CORPORATION (V),1,ITEM,619.75,Dorse_Line_1,1510.1601.100.000.511000.0000.000
95699881,103196,654.32,2026-02-16,USD,Conversion,STANDARD,FB: PO# - 26-11004  Created for SO #245367  SO Note: Craig Stauffer  206-372-2239   Craig.Stauff...,100866,GREENHECK FAN CORPORATION (V),1,ITEM,654.32,Dorse_Line_1,1510.1601.100.000.511000.0000.000
95699953,103821,32.88,2026-02-16,USD,Conversion,STANDARD,FB: PO# - 26-10644  Created for SO #244764,100866,GREENHECK FAN CORPORATION (V),1,ITEM,32.88,Dorse_Line_1,1510.1602.100.000.511000.0000.000
95699954,103822,187.36,2026-02-16,USD,Conversion,STANDARD,FB: PO# - 26-11089  Created for SO #245549  SO Note: Katie Brown - 206.248.9700  THA   PO #10000...,100866,GREENHECK FAN CORPORATION (V),1,ITEM,187.36,Dorse_Line_1,1510.1602.100.000.511000.0000.000
95699955,103198,464.75,2026-02-16,USD,Conversion,STANDARD,FB: PO# - 26-11090  Created for SO #245550  SO Note: Bill Kirpes 206-707-1048  PO 226-002-222-0104,100866,GREENHECK FAN CORPORATION (V),1,ITEM,464.75,Dorse_Line_1,1510.1601.100.000.511000.0000.000
95700212,103823,663.63,2026-02-16,USD,Conversion,STANDARD,FB: PO# - 26-11063  Created for SO #245515,100866,GREENHECK FAN CORPORATION (V),1,ITEM,663.63,Dorse_Line_1,1510.1602.100.000.511000.0000.000
95700267,103209,250,2026-02-17,USD,Conversion,STANDARD,FB: PO# - 26-10162A`  Created for SO #243913,100866,GREENHECK FAN CORPORATION (V),1,ITEM,250,Dorse_Line_1,1510.1601.100.000.511000.0000.000
95700497,103199,321.63,2026-02-16,USD,Conversion,STANDARD,FB: PO# - 26-10870  Created for SO #245185,100866,GREENHECK FAN CORPORATION (V),1,ITEM,321.63,Dorse_Line_1,1510.1601.100.000.511000.0000.000
95700498,103200,89.93,2026-02-16,USD,Conversion,STANDARD,FB: PO# - 26-10875  Created for SO #245193  Laurie Still-Papen,100866,GREENHECK FAN CORPORATION (V),1,ITEM,89.93,Dorse_Line_1,1510.1601.100.000.511000.0000.000
95700499,103204,2234.26,2026-02-16,USD,Conversion,STANDARD,FB: PO# - 26-11059  Created for SO #245505,100866,GREENHECK FAN CORPORATION (V),1,ITEM,2234.26,Dorse_Line_1,1510.1601.100.000.511000.0000.000
95700500,103201,296.3,2026-02-16,USD,Conversion,STANDARD,FB: PO# - 26-11110  Created for SO #245399,100866,GREENHECK FAN CORPORATION (V),1,ITEM,296.3,Dorse_Line_1,1510.1601.100.000.511000.0000.000
95700501,103203,104.51,2026-02-16,USD,Conversion,STANDARD,FB: PO# - 26-11118  Created for SO #245579  SO Note: Jared Newberry 2065612935  PO# 693523  Job ...,100866,GREENHECK FAN CORPORATION (V),1,ITEM,104.51,Dorse_Line_1,1510.1601.100.000.511000.0000.000
95700520,103824,504.04,2026-02-16,USD,Conversion,STANDARD,FB: PO# - 26-10560  Created for SO #243075,100866,GREENHECK FAN CORPORATION (V),1,ITEM,504.04,Dorse_Line_1,1510.1602.100.000.511000.0000.000
95700521,103205,928.32,2026-02-16,USD,Conversion,STANDARD,FB: PO# - 26-10936  Created for SO #245285,100866,GREENHECK FAN CORPORATION (V),1,ITEM,928.32,Dorse_Line_1,1510.1601.100.000.511000.0000.000
95700551,103202,1229.37,2026-02-16,USD,Conversion,STANDARD,FB: PO# - 26-11086  Created for SO #245483,100866,GREENHECK FAN CORPORATION (V),1,ITEM,1229.37,Dorse_Line_1,1510.1601.100.000.511000.0000.000
95700925,103207,12140.31,2026-02-17,USD,Conversion,STANDARD,FB: PO# - 25-18578  Created for SO #243034,100866,GREENHECK FAN CORPORATION (V),1,ITEM,12140.31,Dorse_Line_1,1510.1601.100.000.511000.0000.000
95700959,103633,90.54,2026-02-17,USD,Conversion,STANDARD,FB: PO# - 26-10835  Created for SO #245106,104698,Metalaire,1,ITEM,90.54,Dorse_Line_1,1510.1601.100.000.511000.0000.000
95700960,103206,73.8,2026-02-17,USD,Conversion,STANDARD,FB: PO# - 26-10872  Created for SO #245187,100866,GREENHECK FAN CORPORATION (V),1,ITEM,73.8,Dorse_Line_1,1510.1601.100.000.511000.0000.000
95700961,103634,129.92,2026-02-17,USD,Conversion,STANDARD,FB: PO# - 26-10831  Created for SO #245097,104698,Metalaire,1,ITEM,129.92,Dorse_Line_1,1510.1601.100.000.511000.0000.000
95701130,103208,1782.99,2026-02-17,USD,Conversion,STANDARD,FB: PO# - 26-10294  Created for SO #244175,100866,GREENHECK FAN CORPORATION (V),1,ITEM,1782.99,Dorse_Line_1,1510.1601.100.000.511000.0000.000
95701155,104091,1034.17,2026-02-17,USD,Conversion,STANDARD,FB: PO# - 26-10866  Created for SO #245178,104698,Metalaire,1,ITEM,1034.17,Dorse_Line_1,1510.1602.100.000.511000.0000.000
95701201,103210,2311.82,2026-02-17,USD,Conversion,STANDARD,FB: PO# - 26-11124  Created for SO #245589  SO Note: Connor Dedrick 541-734-4304   PO 3419533-00,100866,GREENHECK FAN CORPORATION (V),1,ITEM,2311.82,Dorse_Line_1,1510.1601.100.000.511000.0000.000
95701516,103211,3736.09,2026-02-17,USD,Conversion,STANDARD,FB: PO# - 26-10320  Created for SO #244211,100866,GREENHECK FAN CORPORATION (V),1,ITEM,3736.09,Dorse_Line_1,1510.1601.100.000.511000.0000.000
95701610,103825,2034.21,2026-02-17,USD,Conversion,STANDARD,FB: PO# - 26-10789  Created for SO #245027  SO Note: JAMESON 720-837-7543  Honda of Bellevue  PO...,100866,GREENHECK FAN CORPORATION (V),1,ITEM,2034.21,Dorse_Line_1,1510.1602.100.000.511000.0000.000
95701611,103827,207.43,2026-02-17,USD,Conversion,STANDARD,FB: PO# - 26-11130  Created for SO #245597  SO Note: Manny Martinez   OR8238259,100866,GREENHECK FAN CORPORATION (V),1,ITEM,207.43,Dorse_Line_1,1510.1602.100.000.511000.0000.000
95701636,103826,2470.44,2026-02-17,USD,Conversion,STANDARD,FB: PO# - 26-10576  Created for SO #244618,100866,GREENHECK FAN CORPORATION (V),1,ITEM,2470.44,Dorse_Line_1,1510.1602.100.000.511000.0000.000
95701722,103216,2049.84,2026-02-17,USD,Conversion,STANDARD,FB: PO# - 26-10771  Created for SO #244920,100866,GREENHECK FAN CORPORATION (V),1,ITEM,2049.84,Dorse_Line_1,1510.1601.100.000.511000.0000.000
95701723,103212,3664.12,2026-02-17,USD,Conversion,STANDARD,FB: PO# - 26-10350  Created for SO #244257,100866,GREENHECK FAN CORPORATION (V),1,ITEM,3664.12,Dorse_Line_1,1510.1601.100.000.511000.0000.000
95701823,103213,2000.35,2026-02-17,USD,Conversion,STANDARD,FB: PO# - 26-11008  Created for SO #245427,100866,GREENHECK FAN CORPORATION (V),1,ITEM,2000.35,Dorse_Line_1,1510.1601.100.000.511000.0000.000
95701841,103829,1387.11,2026-02-17,USD,Conversion,STANDARD,FB: PO# - 26-10903  Created for SO #245256,100866,GREENHECK FAN CORPORATION (V),1,ITEM,1387.11,Dorse_Line_1,1510.1602.100.000.511000.0000.000
95701842,103828,486.26,2026-02-17,USD,Conversion,STANDARD,FB: PO# - 26-10911  Created for SO #245242,100866,GREENHECK FAN CORPORATION (V),1,ITEM,486.26,Dorse_Line_1,1510.1602.100.000.511000.0000.000
95701843,103214,2253.93,2026-02-17,USD,Conversion,STANDARD,FB: PO# - 26-10938  Created for SO #245287,100866,GREENHECK FAN CORPORATION (V),1,ITEM,2253.93,Dorse_Line_1,1510.1601.100.000.511000.0000.000
95701926,103217,1119.54,2026-02-17,USD,Conversion,STANDARD,FB: PO# - 26-11136  Created for SO #245609  SO Note: CMS is doing this for UMC,100866,GREENHECK FAN CORPORATION (V),1,ITEM,1119.54,Dorse_Line_1,1510.1601.100.000.511000.0000.000
95701927,103215,136.98,2026-02-17,USD,Conversion,STANDARD,FB: PO# - 26-10749  Created for SO #244953  Andy Badejo  Materials Manager / Baxter  360-893-1389,100866,GREENHECK FAN CORPORATION (V),1,ITEM,136.98,Dorse_Line_1,1510.1601.100.000.511000.0000.000
95702250,103219,19252.8,2026-02-18,USD,Conversion,STANDARD,FB: PO# - 26-10685  Created for SO #244712,100866,GREENHECK FAN CORPORATION (V),1,ITEM,19252.8,Dorse_Line_1,1510.1601.100.000.511000.0000.000
95702251,103220,190.82,2026-02-18,USD,Conversion,STANDARD,FB: PO# - 26-10348  Created for SO #244253,100866,GREENHECK FAN CORPORATION (V),1,ITEM,190.82,Dorse_Line_1,1510.1601.100.000.511000.0000.000
95702252,103831,3720.99,2026-02-18,USD,Conversion,STANDARD,FB: PO# - 26-10510  Created for SO #244518,100866,GREENHECK FAN CORPORATION (V),1,ITEM,3720.99,Dorse_Line_1,1510.1602.100.000.511000.0000.000
95702321,103830,3068.09,2026-02-18,USD,Conversion,STANDARD,FB: PO# - 26-10480  Created for SO #244466,100866,GREENHECK FAN CORPORATION (V),1,ITEM,3068.09,Dorse_Line_1,1510.1602.100.000.511000.0000.000
95702322,103218,4370.17,2026-02-18,USD,Conversion,STANDARD,FB: PO# - 25-17528  Created for SO #241078,100866,GREENHECK FAN CORPORATION (V),1,ITEM,4370.17,Dorse_Line_1,1510.1601.100.000.511000.0000.000
95702370,103635,50,2026-02-18,USD,Conversion,STANDARD,FB: PO# - 26-10648  Created for SO #244780,104698,Metalaire,1,ITEM,50,Dorse_Line_1,1510.1601.100.000.511000.0000.000
95702961,103833,364.33,2026-02-18,USD,Conversion,STANDARD,FB: PO# - 26-11169  Created for SO #245667  SO Note: Jason Umbao (425) 570-7097  jumbao@umci.com...,100866,GREENHECK FAN CORPORATION (V),1,ITEM,364.33,Dorse_Line_1,1510.1602.100.000.511000.0000.000
95703024,103832,7315.38,2026-02-18,USD,Conversion,STANDARD,FB: PO# - 26-10902  Created for SO #245255,100866,GREENHECK FAN CORPORATION (V),1,ITEM,7315.38,Dorse_Line_1,1510.1602.100.000.511000.0000.000
95703066,103834,5717.52,2026-02-18,USD,Conversion,STANDARD,FB: PO# - 26-10551  Created for SO #244582,100866,GREENHECK FAN CORPORATION (V),1,ITEM,5717.52,Dorse_Line_1,1510.1602.100.000.511000.0000.000
95703089,103835,1052.16,2026-02-18,USD,Conversion,STANDARD,FB: PO# - 26-10760  Created for SO #244979  SO Note: No charge to customer,100866,GREENHECK FAN CORPORATION (V),1,ITEM,1052.16,Dorse_Line_1,1510.1602.100.000.511000.0000.000
95703201,103836,8528.62,2026-02-18,USD,Conversion,STANDARD,FB: PO# - 26-11096  Created for SO #245537,100866,GREENHECK FAN CORPORATION (V),1,ITEM,8528.62,Dorse_Line_1,1510.1602.100.000.511000.0000.000
95703350,103837,7647.29,2026-02-18,USD,Conversion,STANDARD,FB: PO# - 26-10884  Created for SO #245209  Ramie Havens  C: 206.852.6021  D: 206.248.8753  M: 2...,100866,GREENHECK FAN CORPORATION (V),1,ITEM,7647.29,Dorse_Line_1,1510.1602.100.000.511000.0000.000
95703353,103838,108.67,2026-02-18,USD,Conversion,STANDARD,FB: PO# - 26-11181  Created for SO #245693  SO Note: Andrei Landrum   PO SF8238544,100866,GREENHECK FAN CORPORATION (V),1,ITEM,108.67,Dorse_Line_1,1510.1602.100.000.511000.0000.000
95703510,103224,3735.9,2026-02-18,USD,Conversion,STANDARD,FB: PO# - 26-10163  Created for SO #243909,100866,GREENHECK FAN CORPORATION (V),1,ITEM,3735.9,Dorse_Line_1,1510.1601.100.000.511000.0000.000
95703511,103839,4028.1,2026-02-18,USD,Conversion,STANDARD,FB: PO# - 26-10167  Created for SO #243915,100866,GREENHECK FAN CORPORATION (V),1,ITEM,4028.1,Dorse_Line_1,1510.1602.100.000.511000.0000.000
95703512,103225,175.21,2026-02-18,USD,Conversion,STANDARD,FB: PO# - 26-11185  Created for SO #245701  SO Note: Jayla Cureton 206-532-4424  PO# 694060  Job...,100866,GREENHECK FAN CORPORATION (V),1,ITEM,175.21,Dorse_Line_1,1510.1601.100.000.511000.0000.000
95703534,103221,242.83,2026-02-18,USD,Conversion,STANDARD,FB: PO# - 26-11195  Created for SO #245655,100866,GREENHECK FAN CORPORATION (V),1,ITEM,242.83,Dorse_Line_1,1510.1601.100.000.511000.0000.000
95703555,103222,377.16,2026-02-18,USD,Conversion,STANDARD,FB: PO# - 26-10927  Created for SO #245276,100866,GREENHECK FAN CORPORATION (V),1,ITEM,377.16,Dorse_Line_1,1510.1601.100.000.511000.0000.000
95703654,103223,575.08,2026-02-18,USD,Conversion,STANDARD,FB: PO# - 25-18774W  Created for SO #245615  Created from RMA #933  Replacement due to freight d...,100866,GREENHECK FAN CORPORATION (V),1,ITEM,575.08,Dorse_Line_1,1510.1601.100.000.511000.0000.000
95703829,103226,3028.3,2026-02-19,USD,Conversion,STANDARD,FB: PO# - 25-18458  Created for SO #242790,100866,GREENHECK FAN CORPORATION (V),1,ITEM,3028.3,Dorse_Line_1,1510.1601.100.000.511000.0000.000
95703830,103842,1724.33,2026-02-19,USD,Conversion,STANDARD,FB: PO# - 26-10315  Created for SO #244212,100866,GREENHECK FAN CORPORATION (V),1,ITEM,1724.33,Dorse_Line_1,1510.1602.100.000.511000.0000.000
95703831,103841,359.3,2026-02-19,USD,Conversion,STANDARD,FB: PO# - 26-11023  Created for SO #245416,100866,GREENHECK FAN CORPORATION (V),1,ITEM,359.3,Dorse_Line_1,1510.1602.100.000.511000.0000.000
95703832,103229,857.75,2026-02-19,USD,Conversion,STANDARD,FB: PO# - 26-11092  Created for SO #245554,100866,GREENHECK FAN CORPORATION (V),1,ITEM,857.75,Dorse_Line_1,1510.1601.100.000.511000.0000.000
95703833,103844,14033.41,2026-02-19,USD,Conversion,STANDARD,FB: PO# - 26-10167  Created for SO #243915,100866,GREENHECK FAN CORPORATION (V),1,ITEM,14033.41,Dorse_Line_1,1510.1602.100.000.511000.0000.000
95703834,103227,307.25,2026-02-19,USD,Conversion,STANDARD,FB: PO# - 26-11101  Created for SO #245438,100866,GREENHECK FAN CORPORATION (V),1,ITEM,307.25,Dorse_Line_1,1510.1601.100.000.511000.0000.000
95703835,103228,89.04,2026-02-19,USD,Conversion,STANDARD,FB: PO# - 26-11095  Created for SO #245557,100866,GREENHECK FAN CORPORATION (V),1,ITEM,89.04,Dorse_Line_1,1510.1601.100.000.511000.0000.000
95703898,103843,1958.16,2026-02-19,USD,Conversion,STANDARD,FB: PO# - 26-10395  Created for SO #244318,100866,GREENHECK FAN CORPORATION (V),1,ITEM,1958.16,Dorse_Line_1,1510.1602.100.000.511000.0000.000
95703899,103230,476.79,2026-02-19,USD,Conversion,STANDARD,FB: PO# - 26-10793  Created for SO #245030,100866,GREENHECK FAN CORPORATION (V),1,ITEM,476.79,Dorse_Line_1,1510.1601.100.000.511000.0000.000
95703961,103637,13563.06,2026-02-19,USD,Conversion,STANDARD,FB: PO# - 26-10263  Created for SO #244106.  MetalAire shipped incorrect Flange Dimension on s-2...,104698,Metalaire,1,ITEM,13563.06,Dorse_Line_1,1510.1601.100.000.511000.0000.000
95703963,103636,114.8,2026-02-19,USD,Conversion,STANDARD,FB: PO# - 26-10905  Created for SO #244995,104698,Metalaire,1,ITEM,114.8,Dorse_Line_1,1510.1601.100.000.511000.0000.000
95703964,106030,6888.02,2026-02-19,USD,Conversion,STANDARD,FB: PO# - 26-10483,100866,GREENHECK FAN CORPORATION (V),1,ITEM,6888.02,Dorse_Line_1,1510.1601.000.000.115101.0000.000
95704297,103232,4803.19,2026-02-19,USD,Conversion,STANDARD,FB: PO# - 25-18879  Created for SO #243631  SO Note: Pricing is ok - Big estimating department e...,100866,GREENHECK FAN CORPORATION (V),1,ITEM,4803.19,Dorse_Line_1,1510.1601.100.000.511000.0000.000
95704311,103231,1580.36,2026-02-19,USD,Conversion,STANDARD,FB: PO# - 26-10930  Created for SO #245282,100866,GREENHECK FAN CORPORATION (V),1,ITEM,1580.36,Dorse_Line_1,1510.1601.100.000.511000.0000.000
95704459,103233,84.85,2026-02-19,USD,Conversion,STANDARD,FB: PO# - 26-11173  Created for SO #245675,100866,GREENHECK FAN CORPORATION (V),1,ITEM,84.85,Dorse_Line_1,1510.1601.100.000.511000.0000.000
95704481,103845,231.39,2026-02-19,USD,Conversion,STANDARD,FB: PO# - 26-10949  Created for SO #245251,100866,GREENHECK FAN CORPORATION (V),1,ITEM,231.39,Dorse_Line_1,1510.1602.100.000.511000.0000.000
95704695,103234,334.72,2026-02-19,USD,Conversion,STANDARD,FB: PO# - 26-11111  Created for SO #245570  SO Note: Vitaliy 206-550-8861  Salvation Church,100866,GREENHECK FAN CORPORATION (V),1,ITEM,334.72,Dorse_Line_1,1510.1601.100.000.511000.0000.000
95704860,103846,3378.14,2026-02-19,USD,Conversion,STANDARD,FB: PO# - 26-10887  Created for SO #245220  Ramie Havens  C: 206.852.6021  D: 206.248.8753  M: 2...,100866,GREENHECK FAN CORPORATION (V),1,ITEM,3378.14,Dorse_Line_1,1510.1602.100.000.511000.0000.000
95704861,103238,1780.43,2026-02-19,USD,Conversion,STANDARD,FB: PO# - 26-11036  Created for SO #245471,100866,GREENHECK FAN CORPORATION (V),1,ITEM,1780.43,Dorse_Line_1,1510.1601.100.000.511000.0000.000
95704862,103239,3544.32,2026-02-19,USD,Conversion,STANDARD,FB: PO# - 26-11050  Created for SO #245491,100866,GREENHECK FAN CORPORATION (V),1,ITEM,3544.32,Dorse_Line_1,1510.1601.100.000.511000.0000.000
95704863,103235,3105.07,2026-02-19,USD,Conversion,STANDARD,FB: PO# - 26-11057  Created for SO #245503,100866,GREENHECK FAN CORPORATION (V),1,ITEM,3105.07,Dorse_Line_1,1510.1601.100.000.511000.0000.000
95704864,103236,675.44,2026-02-19,USD,Conversion,STANDARD,FB: PO# - 26-11148  Created for SO #245628,100866,GREENHECK FAN CORPORATION (V),1,ITEM,675.44,Dorse_Line_1,1510.1601.100.000.511000.0000.000
95704865,103237,1123.1,2026-02-19,USD,Conversion,STANDARD,FB: PO# - 26-10689  Created for SO #244844,100866,GREENHECK FAN CORPORATION (V),1,ITEM,1123.1,Dorse_Line_1,1510.1601.100.000.511000.0000.000
95705293,103240,5788.24,2026-02-20,USD,Conversion,STANDARD,FB: PO# - 25-18682  Created for SO #243191,100866,GREENHECK FAN CORPORATION (V),1,ITEM,5788.24,Dorse_Line_1,1510.1601.100.000.511000.0000.000
95705294,103241,11579.24,2026-02-20,USD,Conversion,STANDARD,FB: PO# - 26-10844  Created for SO #245128,100866,GREENHECK FAN CORPORATION (V),1,ITEM,11579.24,Dorse_Line_1,1510.1601.100.000.511000.0000.000
95705295,103847,969.41,2026-02-20,USD,Conversion,STANDARD,FB: PO# - 26-10510  Created for SO #244518,100866,GREENHECK FAN CORPORATION (V),1,ITEM,969.41,Dorse_Line_1,1510.1602.100.000.511000.0000.000
95705296,103243,653.08,2026-02-20,USD,Conversion,STANDARD,FB: PO# - 26-10874  Created for SO #245191,100866,GREENHECK FAN CORPORATION (V),1,ITEM,653.08,Dorse_Line_1,1510.1601.100.000.511000.0000.000
95705297,103242,60.96,2026-02-20,USD,Conversion,STANDARD,FB: PO# - 26-11141  Created for SO #245622,100866,GREENHECK FAN CORPORATION (V),1,ITEM,60.96,Dorse_Line_1,1510.1601.100.000.511000.0000.000
95705381,103244,428.29,2026-02-20,USD,Conversion,STANDARD,FB: PO# - 26-10793  Created for SO #245030,100866,GREENHECK FAN CORPORATION (V),1,ITEM,428.29,Dorse_Line_1,1510.1601.100.000.511000.0000.000
95705440,103639,47770.79,2026-02-20,USD,Conversion,STANDARD,FB: PO# - 25-18842  Created for SO #243550    Cameron Chaplik  SHEET METAL GENERAL FOREMAN   // ...,104698,Metalaire,1,ITEM,47770.79,Dorse_Line_1,1510.1601.100.000.511000.0000.000
95705441,103640,3492.93,2026-02-20,USD,Conversion,STANDARD,FB: PO# - 26-10764  Created for SO #244984,104698,Metalaire,1,ITEM,3492.93,Dorse_Line_1,1510.1601.100.000.511000.0000.000
95705442,103638,1144.85,2026-02-20,USD,Conversion,STANDARD,FB: PO# - 26-10881  Created for SO #245134,104698,Metalaire,1,ITEM,1144.85,Dorse_Line_1,1510.1601.100.000.511000.0000.000
95705443,104092,79.42,2026-02-20,USD,Conversion,STANDARD,FB: PO# - 26-10946  Created for SO #245311,104698,Metalaire,1,ITEM,79.42,Dorse_Line_1,1510.1602.100.000.511000.0000.000
95705444,103641,2063,2026-02-20,USD,Conversion,STANDARD,FB: PO# - 25-18762  Created for SO #243376,104698,Metalaire,1,ITEM,2063,Dorse_Line_1,1510.1601.100.000.511000.0000.000
95705667,103848,3183.03,2026-02-20,USD,Conversion,STANDARD,FB: PO# - 26-10566  Created for SO #244606,100866,GREENHECK FAN CORPORATION (V),1,ITEM,3183.03,Dorse_Line_1,1510.1602.100.000.511000.0000.000
95705735,103245,890.85,2026-02-20,USD,Conversion,STANDARD,FB: PO# - 26-10984  Created for SO #245380,100866,GREENHECK FAN CORPORATION (V),1,ITEM,890.85,Dorse_Line_1,1510.1601.100.000.511000.0000.000
95705767,103247,819.22,2026-02-20,USD,Conversion,STANDARD,FB: PO# - 26-11094  Created for SO #245555,100866,GREENHECK FAN CORPORATION (V),1,ITEM,819.22,Dorse_Line_1,1510.1601.100.000.511000.0000.000
95705869,103246,13190.89,2026-02-20,USD,Conversion,STANDARD,FB: PO# - 26-10227  Created for SO #244035,100866,GREENHECK FAN CORPORATION (V),1,ITEM,13190.89,Dorse_Line_1,1510.1601.100.000.511000.0000.000
95705964,103978,121.2,2026-02-20,USD,Conversion,STANDARD,FB: PO# - 26-11247  Created for SO #245803  SO Note: EMANUEL BERMUDEZ @ 206-514-648  PO# 694470 ...,100866,GREENHECK FAN CORPORATION (V),1,ITEM,121.2,Dorse_Line_1,1510.1602.100.000.511000.0000.000
95705965,103248,871.88,2026-02-20,USD,Conversion,STANDARD,FB: PO# - 26-11192  Created for SO #245499,100866,GREENHECK FAN CORPORATION (V),1,ITEM,871.88,Dorse_Line_1,1510.1601.100.000.511000.0000.000
95705982,103249,7397.79,2026-02-20,USD,Conversion,STANDARD,FB: PO# - 26-10485  Created for SO #244478,100866,GREENHECK FAN CORPORATION (V),1,ITEM,7397.79,Dorse_Line_1,1510.1601.100.000.511000.0000.000
95706049,103979,1058.24,2026-02-20,USD,Conversion,STANDARD,FB: PO# - 26-10975  Created for SO #245372,100866,GREENHECK FAN CORPORATION (V),1,ITEM,1058.24,Dorse_Line_1,1510.1602.100.000.511000.0000.000
95706072,103250,462.87,2026-02-20,USD,Conversion,STANDARD,FB: PO# - 26-10985  Created for SO #245384,100866,GREENHECK FAN CORPORATION (V),1,ITEM,462.87,Dorse_Line_1,1510.1601.100.000.511000.0000.000
95706073,103252,183.42,2026-02-20,USD,Conversion,STANDARD,FB: PO# - 25-18557A  Created for SO #245931  SO Note: No charge to customer - breaking out separ...,100866,GREENHECK FAN CORPORATION (V),1,ITEM,183.42,Dorse_Line_1,1510.1601.100.000.511000.0000.000
95706145,103982,7776.37,2026-02-20,USD,Conversion,STANDARD,FB: PO# - 25-18746  Created for SO #243344,100866,GREENHECK FAN CORPORATION (V),1,ITEM,7776.37,Dorse_Line_1,1510.1602.100.000.511000.0000.000
95706161,103251,1735.49,2026-02-20,USD,Conversion,STANDARD,FB: PO# - 26-10613  Created for SO #244683,100866,GREENHECK FAN CORPORATION (V),1,ITEM,1735.49,Dorse_Line_1,1510.1601.100.000.511000.0000.000
95706231,103980,169.72,2026-02-20,USD,Conversion,STANDARD,FB: PO# - 26-11171  Created for SO #245673  SO Note: Roki 2067189865  261567 The Canopy   S183686,100866,GREENHECK FAN CORPORATION (V),1,ITEM,169.72,Dorse_Line_1,1510.1602.100.000.511000.0000.000
95706341,103981,5275.02,2026-02-20,USD,Conversion,STANDARD,FB: PO# - 26-10211  Created for SO #244009,100866,GREENHECK FAN CORPORATION (V),1,ITEM,5275.02,Dorse_Line_1,1510.1602.100.000.511000.0000.000
95706403,103253,1734.42,2026-02-21,USD,Conversion,STANDARD,FB: PO# - 26-11101  Created for SO #245438,100866,GREENHECK FAN CORPORATION (V),1,ITEM,1734.42,Dorse_Line_1,1510.1601.100.000.511000.0000.000
95706452,103643,248.87,2026-02-21,USD,Conversion,STANDARD,FB: PO# - 26-10814  Created for SO #245075  Gabe Ramirez,104698,Metalaire,1,ITEM,248.87,Dorse_Line_1,1510.1601.100.000.511000.0000.000
95706453,103645,39.71,2026-02-21,USD,Conversion,STANDARD,FB: PO# - 26-10909  Created for SO #245148,104698,Metalaire,1,ITEM,39.71,Dorse_Line_1,1510.1601.100.000.511000.0000.000
95706454,106012,4577.56,2026-02-21,USD,Conversion,STANDARD,FB: PO# - 26-10483,100866,GREENHECK FAN CORPORATION (V),1,ITEM,4577.56,Dorse_Line_1,1510.1601.000.000.115101.0000.000
95706455,103642,3231.49,2026-02-21,USD,Conversion,STANDARD,FB: PO# - 26-10741  Created for SO #244923,104698,Metalaire,1,ITEM,3231.49,Dorse_Line_1,1510.1601.100.000.511000.0000.000
95706456,103644,2058.37,2026-02-21,USD,Conversion,STANDARD,FB: PO# - 26-10774  Created for SO #239377,104698,Metalaire,1,ITEM,2058.37,Dorse_Line_1,1510.1601.100.000.511000.0000.000
95706457,104093,1692.33,2026-02-21,USD,Conversion,STANDARD,FB: PO# - 26-10998  Created for SO #245402,104698,Metalaire,1,ITEM,1692.33,Dorse_Line_1,1510.1602.100.000.511000.0000.000
9570663,103255,905.97,2026-02-23,USD,Conversion,STANDARD,FB: PO# - 26-11176  Created for SO #245678,100866,GREENHECK FAN CORPORATION (V),1,ITEM,905.97,Dorse_Line_1,1510.1601.100.000.511000.0000.000
95706658,103257,8998.87,2026-02-23,USD,Conversion,STANDARD,"FB: PO# - 26-10281  Created for SO #244116  Jake Clark.     Emerald Aire, Inc.  C: (253)-293-011...",100866,GREENHECK FAN CORPORATION (V),1,ITEM,8998.87,Dorse_Line_1,1510.1601.100.000.511000.0000.000
95706659,103258,2931.27,2026-02-23,USD,Conversion,STANDARD,FB: PO# - 26-10695  Created for SO #244852,100866,GREENHECK FAN CORPORATION (V),1,ITEM,2931.27,Dorse_Line_1,1510.1601.100.000.511000.0000.000
95706660,103254,1201.4,2026-02-23,USD,Conversion,STANDARD,FB: PO# - 26-10671  Created for SO #244829,100866,GREENHECK FAN CORPORATION (V),1,ITEM,1201.4,Dorse_Line_1,1510.1601.100.000.511000.0000.000
95706661,103259,441.48,2026-02-23,USD,Conversion,STANDARD,FB: PO# - 26-10973  Created for SO #245358,100866,GREENHECK FAN CORPORATION (V),1,ITEM,441.48,Dorse_Line_1,1510.1601.100.000.511000.0000.000
95706662,103256,4527.87,2026-02-23,USD,Conversion,STANDARD,FB: PO# - 26-10528  Created for SO #244543,100866,GREENHECK FAN CORPORATION (V),1,ITEM,4527.87,Dorse_Line_1,1510.1601.100.000.511000.0000.000
95706938,103260,1869.92,2026-02-23,USD,Conversion,STANDARD,FB: PO# - 26-10882  Created for SO #244883,100866,GREENHECK FAN CORPORATION (V),1,ITEM,1869.92,Dorse_Line_1,1510.1601.100.000.511000.0000.000
95706972,103262,1141.59,2026-02-23,USD,Conversion,STANDARD,FB: PO# - 26-10725  Created for SO #244911  SO Note: No Charge To Customer,100866,GREENHECK FAN CORPORATION (V),1,ITEM,1141.59,Dorse_Line_1,1510.1601.100.000.511000.0000.000
95707154,103261,10910.68,2026-02-23,USD,Conversion,STANDARD,FB: PO# - 25-18690  Created for SO #243228,100866,GREENHECK FAN CORPORATION (V),1,ITEM,10910.68,Dorse_Line_1,1510.1601.100.000.511000.0000.000
95707264,103983,213.9,2026-02-23,USD,Conversion,STANDARD,FB: PO# - 26-11244  Created for SO #245749  SO Note: Attn: Ricardo Romero  206-751-7754,100866,GREENHECK FAN CORPORATION (V),1,ITEM,213.9,Dorse_Line_1,1510.1602.100.000.511000.0000.000
95707368,103985,2355.43,2026-02-23,USD,Conversion,STANDARD,FB: PO# - 26-10848  Created for SO #244275,100866,GREENHECK FAN CORPORATION (V),1,ITEM,2355.43,Dorse_Line_1,1510.1602.100.000.511000.0000.000
95707369,103263,3422.85,2026-02-23,USD,Conversion,STANDARD,FB: PO# - 26-10620  Created for SO #244713,100866,GREENHECK FAN CORPORATION (V),1,ITEM,3422.85,Dorse_Line_1,1510.1601.100.000.511000.0000.000
95707409,103984,617.41,2026-02-23,USD,Conversion,STANDARD,FB: PO# - 26-11170  Created for SO #245672,100866,GREENHECK FAN CORPORATION (V),1,ITEM,617.41,Dorse_Line_1,1510.1602.100.000.511000.0000.000
95707529,103264,2232.02,2026-02-23,USD,Conversion,STANDARD,FB: PO# - 26-10432  Created for SO #244349,100866,GREENHECK FAN CORPORATION (V),1,ITEM,2232.02,Dorse_Line_1,1510.1601.100.000.511000.0000.000
95707560,103986,3594.91,2026-02-23,USD,Conversion,STANDARD,FB: PO# - 26-11213  Created for SO #245747,100866,GREENHECK FAN CORPORATION (V),1,ITEM,3594.91,Dorse_Line_1,1510.1602.100.000.511000.0000.000
95707561,103266,822.92,2026-02-23,USD,Conversion,STANDARD,FB: PO# - 26-11239  Created for SO #245792,100866,GREENHECK FAN CORPORATION (V),1,ITEM,822.92,Dorse_Line_1,1510.1601.100.000.511000.0000.000
95707562,103265,3618.5,2026-02-23,USD,Conversion,STANDARD,FB: PO# - 26-11067  Created for SO #245523,100866,GREENHECK FAN CORPORATION (V),1,ITEM,3618.5,Dorse_Line_1,1510.1601.100.000.511000.0000.000
95707813,103987,124.66,2026-02-23,USD,Conversion,STANDARD,FB: PO# - 26-11297  Created for SO #245887,100866,GREENHECK FAN CORPORATION (V),1,ITEM,124.66,Dorse_Line_1,1510.1602.100.000.511000.0000.000
95707930,103267,2566.69,2026-02-23,USD,Conversion,STANDARD,FB: PO# - 26-11013  Created for SO #245435  SO Note: Pricing is ok!,100866,GREENHECK FAN CORPORATION (V),1,ITEM,2566.69,Dorse_Line_1,1510.1601.100.000.511000.0000.000
95707977,103268,616.7,2026-02-23,USD,Conversion,STANDARD,FB: PO# - 26-11135  Created for SO #245607,100866,GREENHECK FAN CORPORATION (V),1,ITEM,616.7,Dorse_Line_1,1510.1601.100.000.511000.0000.000
95708117,103270,4987.56,2026-02-24,USD,Conversion,STANDARD,FB: PO# - 26-10910  Created for SO #245252  SO Note: Travis Harrison - 2069392557  CEG Warranty ...,100866,GREENHECK FAN CORPORATION (V),1,ITEM,4987.56,Dorse_Line_1,1510.1601.100.000.511000.0000.000
95708118,103269,2034.03,2026-02-24,USD,Conversion,STANDARD,FB: PO# - 26-11087  Created for SO #245547,100866,GREENHECK FAN CORPORATION (V),1,ITEM,2034.03,Dorse_Line_1,1510.1601.100.000.511000.0000.000
95708231,103646,64.48,2026-02-24,USD,Conversion,STANDARD,FB: PO# - 26-10672  Created for SO #244798,104698,Metalaire,1,ITEM,64.48,Dorse_Line_1,1510.1601.100.000.511000.0000.000
95708340,103988,33832.31,2026-02-24,USD,Conversion,STANDARD,FB: PO# - 26-11096  Created for SO #245537,100866,GREENHECK FAN CORPORATION (V),1,ITEM,33832.31,Dorse_Line_1,1510.1602.100.000.511000.0000.000
95708389,104094,35266.43,2026-02-24,USD,Conversion,STANDARD,FB: PO# - 26-10757  Created for SO #244973,104698,Metalaire,1,ITEM,35266.43,Dorse_Line_1,1510.1602.100.000.511000.0000.000
95708514,103272,657.15,2026-02-24,USD,Conversion,STANDARD,FB: PO# - 26-10550  Created for SO #244581,100866,GREENHECK FAN CORPORATION (V),1,ITEM,657.15,Dorse_Line_1,1510.1601.100.000.511000.0000.000
95708515,103271,102.05,2026-02-24,USD,Conversion,STANDARD,FB: PO# - 26-11280  Created for SO #245822,100866,GREENHECK FAN CORPORATION (V),1,ITEM,102.05,Dorse_Line_1,1510.1601.100.000.511000.0000.000
95708738,103989,440.78,2026-02-24,USD,Conversion,STANDARD,FB: PO# - 26-11314  Created for SO #245912  SO Note: Kathrine Cox 2068250093  Seattle Town Hall ...,100866,GREENHECK FAN CORPORATION (V),1,ITEM,440.78,Dorse_Line_1,1510.1602.100.000.511000.0000.000
95708739,103990,230.27,2026-02-24,USD,Conversion,STANDARD,FB: PO# - 26-11315  Created for SO #245918  SO Note: Brandon Thomas - 2064577194  PO# 695388  Jo...,100866,GREENHECK FAN CORPORATION (V),1,ITEM,230.27,Dorse_Line_1,1510.1602.100.000.511000.0000.000
95708851,104095,22036.88,2026-02-24,USD,Conversion,STANDARD,FB: PO# - 26-10537  Created for SO #244539,104698,Metalaire,1,ITEM,22036.88,Dorse_Line_1,1510.1602.100.000.511000.0000.000
95709026,103849,3172.53,2026-02-24,USD,Conversion,STANDARD,FB: PO# - 26-10717  Created for SO #244893,100866,GREENHECK FAN CORPORATION (V),1,ITEM,3172.53,Dorse_Line_1,1510.1602.100.000.511000.0000.000
95709027,103991,740.45,2026-02-24,USD,Conversion,STANDARD,FB: PO# - 26-10963  Created for SO #245339  Justin Riggins  (253) 348-9888 | cell  (253) 572-948...,100866,GREENHECK FAN CORPORATION (V),1,ITEM,740.45,Dorse_Line_1,1510.1602.100.000.511000.0000.000
95709028,103993,567.64,2026-02-24,USD,Conversion,STANDARD,FB: PO# - 26-11013  Created for SO #245435  SO Note: Pricing is ok!,100866,GREENHECK FAN CORPORATION (V),1,ITEM,567.64,Dorse_Line_1,1510.1602.100.000.511000.0000.000
95709072,103273,235.45,2026-02-24,USD,Conversion,STANDARD,FB: PO# - 26-11332  Created for SO #245942,100866,GREENHECK FAN CORPORATION (V),1,ITEM,235.45,Dorse_Line_1,1510.1601.100.000.511000.0000.000
95709132,103992,1595.09,2026-02-24,USD,Conversion,STANDARD,FB: PO# - 26-10687  Created for SO #243239,100866,GREENHECK FAN CORPORATION (V),1,ITEM,1595.09,Dorse_Line_1,1510.1602.100.000.511000.0000.000
95709133,103850,48.86,2026-02-24,USD,Conversion,STANDARD,FB: PO# - 26-11335  Created for SO #245952  SO Note: Dane Loucks / JBarrow    City of Stanwood  ...,100866,GREENHECK FAN CORPORATION (V),1,ITEM,48.86,Dorse_Line_1,1510.1602.100.000.511000.0000.000
95709243,103994,292.31,2026-02-24,USD,Conversion,STANDARD,FB: PO# - 26-11320  Created for SO #245924  SO Note: AMY MITCHELL  ( 253) 838-9780   PO# 56379-4...,100866,GREENHECK FAN CORPORATION (V),1,ITEM,292.31,Dorse_Line_1,1510.1602.100.000.511000.0000.000
95709576,103274,11308.87,2026-02-25,USD,Conversion,STANDARD,FB: PO# - 26-10482  Created for SO #244470,100866,GREENHECK FAN CORPORATION (V),1,ITEM,11308.87,Dorse_Line_1,1510.1601.100.000.511000.0000.000
95709577,103851,1740.5,2026-02-25,USD,Conversion,STANDARD,"FB: PO# - 26-10573  Created for SO #244622  SO Note: Cost split of $1,825. Dorse to cover 1/2 an...",100866,GREENHECK FAN CORPORATION (V),1,ITEM,1740.5,Dorse_Line_1,1510.1602.100.000.511000.0000.000
95709653,103275,1336.27,2026-02-25,USD,Conversion,STANDARD,FB: PO# - 26-10574  Created for SO #244617,100866,GREENHECK FAN CORPORATION (V),1,ITEM,1336.27,Dorse_Line_1,1510.1601.100.000.511000.0000.000
95709654,103852,1268.89,2026-02-25,USD,Conversion,STANDARD,FB: PO# - 26-10935  Created for SO #245284,100866,GREENHECK FAN CORPORATION (V),1,ITEM,1268.89,Dorse_Line_1,1510.1602.100.000.511000.0000.000
95709655,103276,1256.66,2026-02-25,USD,Conversion,STANDARD,FB: PO# - 26-10702  Created for SO #244867,100866,GREENHECK FAN CORPORATION (V),1,ITEM,1256.66,Dorse_Line_1,1510.1601.100.000.511000.0000.000
95709656,103853,364.85,2026-02-25,USD,Conversion,STANDARD,FB: PO# - 26-10937  Created for SO #245286,100866,GREENHECK FAN CORPORATION (V),1,ITEM,364.85,Dorse_Line_1,1510.1602.100.000.511000.0000.000
9570967,103277,483.02,2026-02-25,USD,Conversion,STANDARD,FB: PO# - 25-15226W  Created from RMA #931  Missing (1) XG-MSE (surface mount) from #9634102    ...,100866,GREENHECK FAN CORPORATION (V),1,ITEM,483.02,Dorse_Line_1,1510.1601.100.000.511000.0000.000
95709699,103647,202.15,2026-02-25,USD,Conversion,STANDARD,FB: PO# - 26-11070  Created for SO #245528,104698,Metalaire,1,ITEM,202.15,Dorse_Line_1,1510.1601.100.000.511000.0000.000
95710016,103278,3446.1,2026-02-25,USD,Conversion,STANDARD,FB: PO# - 26-10412  Created for SO #244348,100866,GREENHECK FAN CORPORATION (V),1,ITEM,3446.1,Dorse_Line_1,1510.1601.100.000.511000.0000.000
95710137,103856,154.91,2026-02-25,USD,Conversion,STANDARD,FB: PO# - 26-11302  Created for SO #245895,100866,GREENHECK FAN CORPORATION (V),1,ITEM,154.91,Dorse_Line_1,1510.1602.100.000.511000.0000.000
95710200,103854,9099.31,2026-02-25,USD,Conversion,STANDARD,FB: PO# - 26-11174  Created for SO #245670,100866,GREENHECK FAN CORPORATION (V),1,ITEM,9099.31,Dorse_Line_1,1510.1602.100.000.511000.0000.000
95710229,103282,7165.26,2026-02-25,USD,Conversion,STANDARD,FB: PO# - 26-11204  Created for SO #245729,100866,GREENHECK FAN CORPORATION (V),1,ITEM,7165.26,Dorse_Line_1,1510.1601.100.000.511000.0000.000
95710294,103855,15466.14,2026-02-25,USD,Conversion,STANDARD,FB: PO# - 26-10285  Created for SO #244157,100866,GREENHECK FAN CORPORATION (V),1,ITEM,15466.14,Dorse_Line_1,1510.1602.100.000.511000.0000.000
95710295,103279,293.85,2026-02-25,USD,Conversion,STANDARD,FB: PO# - 26-11351  Created for SO #245988  SO Note: Brian Egge   Toyota of Bellingham  PO 15503,100866,GREENHECK FAN CORPORATION (V),1,ITEM,293.85,Dorse_Line_1,1510.1601.100.000.511000.0000.000
95710316,103857,1590.3,2026-02-25,USD,Conversion,STANDARD,FB: PO# - 26-10928  Created for SO #244976  SO Note: Ground freight included,100866,GREENHECK FAN CORPORATION (V),1,ITEM,1590.3,Dorse_Line_1,1510.1602.100.000.511000.0000.000
95710425,103280,409.08,2026-02-25,USD,Conversion,STANDARD,FB: PO# - 26-11343  Created for SO #245967  SO Note: Nikki Knapp - 253-872-5665  PO 12349,100866,GREENHECK FAN CORPORATION (V),1,ITEM,409.08,Dorse_Line_1,1510.1601.100.000.511000.0000.000
95710426,103281,128.48,2026-02-25,USD,Conversion,STANDARD,FB: PO# - 26-11333  Created for SO #245944  SO Note: Jason Umbao (425) 570-7097  PO# 166529-133798,100866,GREENHECK FAN CORPORATION (V),1,ITEM,128.48,Dorse_Line_1,1510.1601.100.000.511000.0000.000
95710566,103286,423.66,2026-02-25,USD,Conversion,STANDARD,FB: PO# - 26-11145  Created for SO #245430,100866,GREENHECK FAN CORPORATION (V),1,ITEM,423.66,Dorse_Line_1,1510.1601.100.000.511000.0000.000
95710604,103285,468.7,2026-02-25,USD,Conversion,STANDARD,FB: PO# - 26-11317  Created for SO #245922,100866,GREENHECK FAN CORPORATION (V),1,ITEM,468.7,Dorse_Line_1,1510.1601.100.000.511000.0000.000
95710605,103284,272.03,2026-02-25,USD,Conversion,STANDARD,"FB: PO# - 26-11212  Created for SO #245744  Jordan Dickerson, Project Engineer  Cell 206-610-234...",100866,GREENHECK FAN CORPORATION (V),1,ITEM,272.03,Dorse_Line_1,1510.1601.100.000.511000.0000.000
95710648,103283,3581.7,2026-02-25,USD,Conversion,STANDARD,FB: PO# - 26-11176  Created for SO #245678,100866,GREENHECK FAN CORPORATION (V),1,ITEM,3581.7,Dorse_Line_1,1510.1601.100.000.511000.0000.000
95710715,103288,3356.7,2026-02-25,USD,Conversion,STANDARD,FB: PO# - 26-11354  Created for SO #245993,100866,GREENHECK FAN CORPORATION (V),1,ITEM,3356.7,Dorse_Line_1,1510.1601.100.000.511000.0000.000
95710765,103289,282.79,2026-02-25,USD,Conversion,STANDARD,FB: PO# - 26-11368  Created for SO #246017  SO Note: Lance Davis 509*200*6583  PO 43093,100866,GREENHECK FAN CORPORATION (V),1,ITEM,282.79,Dorse_Line_1,1510.1601.100.000.511000.0000.000
95710775,103858,6446.18,2026-02-25,USD,Conversion,STANDARD,FB: PO# - 26-10666  Created for SO #244819,100866,GREENHECK FAN CORPORATION (V),1,ITEM,6446.18,Dorse_Line_1,1510.1602.100.000.511000.0000.000
95710776,103287,3203.29,2026-02-25,USD,Conversion,STANDARD,FB: PO# - 26-10561  Created for SO #244599  Sten-Erik Andreassen  Associate Project Manager    A...,100866,GREENHECK FAN CORPORATION (V),1,ITEM,3203.29,Dorse_Line_1,1510.1601.100.000.511000.0000.000
95710926,103859,1678.03,2026-02-25,USD,Conversion,STANDARD,FB: PO# - 26-11340  Created for SO #245932  Stewart Good 360-550-7878  5/25 - (tm) Send CC and o...,100866,GREENHECK FAN CORPORATION (V),1,ITEM,1678.03,Dorse_Line_1,1510.1602.100.000.511000.0000.000
957110068,103290,624.99,2026-02-26,USD,Conversion,STANDARD,FB: PO# - 26-11126  Created for SO #245590,100866,GREENHECK FAN CORPORATION (V),1,ITEM,624.99,Dorse_Line_1,1510.1601.100.000.511000.0000.000
95711069,103291,223.26,2026-02-26,USD,Conversion,STANDARD,"FB: PO# - 26-11056  Created for SO #245500  Misty Beck  Assistant Project Manager  Emerald Aire,...",100866,GREENHECK FAN CORPORATION (V),1,ITEM,223.26,Dorse_Line_1,1510.1601.100.000.511000.0000.000
95711070,103292,164.98,2026-02-26,USD,Conversion,STANDARD,"FB: PO# - 26-11060  Created for SO #245508  Misty Beck  Assistant Project Manager  Emerald Aire,...",100866,GREENHECK FAN CORPORATION (V),1,ITEM,164.98,Dorse_Line_1,1510.1601.100.000.511000.0000.000
95711216,103649,6683.3,2026-02-26,USD,Conversion,STANDARD,FB: PO# - 26-10892  Created for SO #245119,104698,Metalaire,1,ITEM,6683.3,Dorse_Line_1,1510.1601.100.000.511000.0000.000
95711217,103648,3556.8,2026-02-26,USD,Conversion,STANDARD,FB: PO# - 26-10891  Created for SO #245228,104698,Metalaire,1,ITEM,3556.8,Dorse_Line_1,1510.1601.100.000.511000.0000.000
95711218,104097,193.33,2026-02-26,USD,Conversion,STANDARD,FB: PO# - 26-11119  Created for SO #245580,104698,Metalaire,1,ITEM,193.33,Dorse_Line_1,1510.1602.100.000.511000.0000.000
95711219,104096,1488.53,2026-02-26,USD,Conversion,STANDARD,FB: PO# - 26-10772  Created for SO #244993,104698,Metalaire,1,ITEM,1488.53,Dorse_Line_1,1510.1602.100.000.511000.0000.000
95711296,103293,680.29,2026-02-26,USD,Conversion,STANDARD,FB: PO# - 26-10742  Created for SO #244931,100866,GREENHECK FAN CORPORATION (V),1,ITEM,680.29,Dorse_Line_1,1510.1601.100.000.511000.0000.000
95711451,103650,558.45,2026-02-26,USD,Conversion,STANDARD,FB: PO# - 26-11296  Created for SO #245886,104698,Metalaire,1,ITEM,558.45,Dorse_Line_1,1510.1601.100.000.511000.0000.000
95711706,103294,23054.22,2026-02-26,USD,Conversion,STANDARD,FB: PO# - 25-17612  Created for SO #241352,100866,GREENHECK FAN CORPORATION (V),1,ITEM,23054.22,Dorse_Line_1,1510.1601.100.000.511000.0000.000
95711860,103860,73.77,2026-02-26,USD,Conversion,STANDARD,FB: PO# - 26-11390  Created for SO #246071  SO Note: SEAN BARRON 206-920-4925  PO# 696155  Job N...,100866,GREENHECK FAN CORPORATION (V),1,ITEM,73.77,Dorse_Line_1,1510.1602.100.000.511000.0000.000
95712211,103298,267.77,2026-02-26,USD,Conversion,STANDARD,FB: PO# - 26-11091  Created for SO #245383,100866,GREENHECK FAN CORPORATION (V),1,ITEM,267.77,Dorse_Line_1,1510.1601.100.000.511000.0000.000
95712212,103295,1051.4,2026-02-26,USD,Conversion,STANDARD,FB: PO# - 26-11172  Created for SO #245674,100866,GREENHECK FAN CORPORATION (V),1,ITEM,1051.4,Dorse_Line_1,1510.1601.100.000.511000.0000.000
95712226,103303,1715.51,2026-02-26,USD,Conversion,STANDARD,FB: PO# - 26-11071  Created for SO #245518,100866,GREENHECK FAN CORPORATION (V),1,ITEM,1715.51,Dorse_Line_1,1510.1601.100.000.511000.0000.000
95712305,103301,1331.22,2026-02-26,USD,Conversion,STANDARD,FB: PO# - 26-11197  Created for SO #245717,100866,GREENHECK FAN CORPORATION (V),1,ITEM,1331.22,Dorse_Line_1,1510.1601.100.000.511000.0000.000
95712306,103296,734.23,2026-02-26,USD,Conversion,STANDARD,FB: PO# - 26-11016  Created for SO #235905  SO Note: PO025716-1  Job # 20-24-22330 616 Battery  ...,100866,GREENHECK FAN CORPORATION (V),1,ITEM,734.23,Dorse_Line_1,1510.1601.100.000.511000.0000.000
95712307,103300,734.23,2026-02-26,USD,Conversion,STANDARD,FB: PO# - 26-11020  Created for SO #235905  SO Note: PO025716-1  Job # 20-24-22330 616 Battery  ...,100866,GREENHECK FAN CORPORATION (V),1,ITEM,734.23,Dorse_Line_1,1510.1601.100.000.511000.0000.000
95712308,103297,734.23,2026-02-26,USD,Conversion,STANDARD,FB: PO# - 26-11021  Created for SO #235905  SO Note: PO025716-1  Job # 20-24-22330 616 Battery  ...,100866,GREENHECK FAN CORPORATION (V),1,ITEM,734.23,Dorse_Line_1,1510.1601.100.000.511000.0000.000
95712309,103862,5631.62,2026-02-26,USD,Conversion,STANDARD,FB: PO# - 26-11049  Created for SO #245489  Alex Crawford | VP of Project Management     3602 S ...,100866,GREENHECK FAN CORPORATION (V),1,ITEM,5631.62,Dorse_Line_1,1510.1602.100.000.511000.0000.000
95712323,103861,1259.8,2026-02-26,USD,Conversion,STANDARD,FB: PO# - 26-10818  Created for SO #245073,100866,GREENHECK FAN CORPORATION (V),1,ITEM,1259.8,Dorse_Line_1,1510.1602.100.000.511000.0000.000
95712380,103302,201.65,2026-02-26,USD,Conversion,STANDARD,FB: PO# - 26-11426  Created for SO #246112,100866,GREENHECK FAN CORPORATION (V),1,ITEM,201.65,Dorse_Line_1,1510.1601.100.000.511000.0000.000
95712381,103299,28.51,2026-02-26,USD,Conversion,STANDARD,FB: PO# - 26-11429  Created for SO #246114,100866,GREENHECK FAN CORPORATION (V),1,ITEM,28.51,Dorse_Line_1,1510.1601.100.000.511000.0000.000
95712429,103863,923.21,2026-02-26,USD,Conversion,STANDARD,FB: PO# - 26-11237  Created for SO #245784,100866,GREENHECK FAN CORPORATION (V),1,ITEM,923.21,Dorse_Line_1,1510.1602.100.000.511000.0000.000
95712557,103304,431.1,2026-02-26,USD,Conversion,STANDARD,FB: PO# - 26-11250  Created for SO #245796,100866,GREENHECK FAN CORPORATION (V),1,ITEM,431.1,Dorse_Line_1,1510.1601.100.000.511000.0000.000
95712694,103864,793.93,2026-02-27,USD,Conversion,STANDARD,FB: PO# - 26-10343  Created for SO #242150,100866,GREENHECK FAN CORPORATION (V),1,ITEM,793.93,Dorse_Line_1,1510.1602.100.000.511000.0000.000
95712695,103305,2080.97,2026-02-27,USD,Conversion,STANDARD,FB: PO# - 26-10752  Created for SO #244113  SO Note: Kirk Pickett   PO 10657,100866,GREENHECK FAN CORPORATION (V),1,ITEM,2080.97,Dorse_Line_1,1510.1601.100.000.511000.0000.000
95712773,103865,3407.73,2026-02-27,USD,Conversion,STANDARD,FB: PO# - 26-10795  Created for SO #245031,100866,GREENHECK FAN CORPORATION (V),1,ITEM,3407.73,Dorse_Line_1,1510.1602.100.000.511000.0000.000
95712819,103651,5810.77,2026-02-27,USD,Conversion,STANDARD,FB: PO# - 26-11031  Created for SO #245454,104698,Metalaire,1,ITEM,5810.77,Dorse_Line_1,1510.1601.100.000.511000.0000.000
95712821,103652,735.73,2026-02-27,USD,Conversion,STANDARD,FB: PO# - 26-11070  Created for SO #245528,104698,Metalaire,1,ITEM,735.73,Dorse_Line_1,1510.1601.100.000.511000.0000.000
95713042,103866,1074.87,2026-02-27,USD,Conversion,STANDARD,FB: PO# - 26-10670  Created for SO #244827,100866,GREENHECK FAN CORPORATION (V),1,ITEM,1074.87,Dorse_Line_1,1510.1602.100.000.511000.0000.000
95713151,103306,487.62,2026-02-27,USD,Conversion,STANDARD,FB: PO# - 26-11276  Created for SO #245843,100866,GREENHECK FAN CORPORATION (V),1,ITEM,487.62,Dorse_Line_1,1510.1601.100.000.511000.0000.000
95713363,103307,12460.71,2026-02-27,USD,Conversion,STANDARD,FB: PO# - 26-10147  Created for SO #243888  Ramie ordered,100866,GREENHECK FAN CORPORATION (V),1,ITEM,12460.71,Dorse_Line_1,1510.1601.100.000.511000.0000.000
95713364,103308,102.05,2026-02-27,USD,Conversion,STANDARD,FB: PO# - 26-11453  Created for SO #246144  SO Note: Tim Pinard (206)367-2500  PO  205679,100866,GREENHECK FAN CORPORATION (V),1,ITEM,102.05,Dorse_Line_1,1510.1601.100.000.511000.0000.000
95713427,103309,407.92,2026-02-27,USD,Conversion,STANDARD,FB: PO# - 26-11438  Created for SO #246123,100866,GREENHECK FAN CORPORATION (V),1,ITEM,407.92,Dorse_Line_1,1510.1601.100.000.511000.0000.000
96682665X,103730,2738.63,2026-02-02,USD,Conversion,STANDARD,FB: PO# - 26-10604  Created for SO #244684,100866,GREENHECK FAN CORPORATION (V),1,ITEM,2738.63,Dorse_Line_1,1510.1602.100.000.511000.0000.000
9874418,103963,149.26,2026-02-05,USD,Conversion,STANDARD,FB: PO# - 26-10541  Created for SO #244556  SO Note: Packing Slip Must Reference Customer PO# M-...,100532,BROAN-NUTONE LLC,1,ITEM,149.26,Dorse_Line_1,1510.1601.100.000.511000.0000.000
9879801,103964,115020,2026-02-11,USD,Conversion,STANDARD,FB: PO# - 26-10523  Created for SO #244393,100532,BROAN-NUTONE LLC,1,ITEM,115020,Dorse_Line_1,1510.1601.100.000.511000.0000.000
9881930,103965,54.12,2026-02-13,USD,Conversion,STANDARD,FB: PO# - 25-18745  Created for SO #243332  SO Note: FRANK GRANSTON 206-807-0193  PO# 682748  Jo...,100532,BROAN-NUTONE LLC,1,ITEM,54.12,Dorse_Line_1,1510.1601.100.000.511000.0000.000
9887994,103966,80.37,2026-02-23,USD,Conversion,STANDARD,FB: PO# - 26-11116  Created for SO #245578  SO Note: Mary Popplewell 206-519-4539  PO# 693465  J...,100532,BROAN-NUTONE LLC,1,ITEM,80.37,Dorse_Line_1,1510.1601.100.000.511000.0000.000
BA205016129:01,106046,443.94,2026-01-31,USD,Conversion,STANDARD,,101053,RWC IDEALEASE LLC,1,ITEM,443.94,Dorse_Line_1,1510.1601.100.705.721020.0000.000
BA205016293:01,106045,443.94,2026-02-28,USD,Conversion,STANDARD,,101053,RWC IDEALEASE LLC,1,ITEM,443.94,Dorse_Line_1,1510.1601.100.705.721020.0000.000
Broan RMA 655,106053,-28773.12,2025-05-29,USD,Conversion,CREDIT,"Placeholder, PO #25-11659 Refund at 0.00 PO but CM $35,280.00",100532,BROAN-NUTONE LLC,1,ITEM,-28773.12,Dorse_Line_1,1510.1601.100.705.726020.0000.000
CI-0000654609,103595,132.03,2026-02-16,USD,Conversion,STANDARD,FB: PO# - 26-10918  Created for SO #245264  Quoted by Brett Arlt  SHIPPING ADDRESS IS A JOBSITE ...,101077,KOCH FILTER CORPORATION,1,ITEM,132.03,Dorse_Line_1,1510.1601.100.000.511000.0000.000
CI000067637,106016,1709.63,2026-01-28,USD,Conversion,STANDARD,FB: PO# - 26-10102,100847,NYSTROM INC,1,ITEM,1709.63,Dorse_Line_1,1510.1601.000.000.115101.0000.000
CI000067639,103952,1926.1,2026-01-28,USD,Conversion,STANDARD,FB: PO# - 26-10583  Created for SO #244598  SO Note: Sean Hall - 206.510.1918  MJRC Courthouse  ...,100847,NYSTROM INC,1,ITEM,1926.1,Dorse_Line_1,1510.1601.150.000.511000.0000.000
CI000069035,103951,509.12,2026-02-16,USD,Conversion,STANDARD,FB: PO# - 26-10375  Created for SO #244255  SO Note: Kevin Kuborn - 509.713.3178  Tristan Leavy ...,100847,NYSTROM INC,1,ITEM,509.12,Dorse_Line_1,1510.1601.150.000.511000.0000.000
CL1196167,106044,720.51,2026-01-31,USD,Conversion,STANDARD,,101188,JUBITZ CORP-JFS,1,ITEM,720.51,Dorse_Line_1,1510.1602.100.705.721020.0000.000
CL1201911,106043,461.94,2026-02-16,USD,Conversion,STANDARD,,101188,JUBITZ CORP-JFS,1,ITEM,461.94,Dorse_Line_1,1510.1601.100.705.721020.0000.000
CL1208054,106042,608.89,2026-02-28,USD,Conversion,STANDARD,,101188,JUBITZ CORP-JFS,1,ITEM,608.89,Dorse_Line_1,1510.1601.100.705.721020.0000.000
CM17011,106039,-776,2026-01-28,USD,Conversion,CREDIT,FB: PO# - 25-18653CR  RMA-914.,100992,PRECISION AIR PRODUCTS CO,1,ITEM,-776,Dorse_Line_1,1510.1601.000.000.115101.0000.000
CM494,106025,-1844.66,2025-12-01,USD,Conversion,CREDIT,FB: PO# - 25-17896CR  RMA-865.,100463,CASCADE MACHINERY & ELECTRIC,1,ITEM,-1844.66,Dorse_Line_1,1510.1601.000.000.115101.0000.000
EP69995,103687,1828.55,2026-02-19,USD,Conversion,STANDARD,FB: PO# - 26-11107  Created for SO #245438,100601,THERMOLEC LTD,1,ITEM,1828.55,Dorse_Line_1,1510.1601.100.000.511000.0000.000
ICOM0102811,104065,1394,2026-02-04,USD,Conversion,STANDARD,FB: PO# - 26-10445  Created for SO #244405,100671,KING ELECTRICAL MFG CO,1,ITEM,1394,Dorse_Line_1,1510.1602.100.000.511000.0000.000
ICOM0102877,104066,765,2026-02-06,USD,Conversion,STANDARD,FB: PO# - 26-10664  Created for SO #244815,100671,KING ELECTRICAL MFG CO,1,ITEM,765,Dorse_Line_1,1510.1602.100.000.511000.0000.000
ICOM0102931,104067,231.62,2026-02-09,USD,Conversion,STANDARD,FB: PO# - 26-10723  Created for SO #244905,100671,KING ELECTRICAL MFG CO,1,ITEM,231.62,Dorse_Line_1,1510.1602.100.000.511000.0000.000
ICOM0102968,104068,1499.81,2026-02-10,USD,Conversion,STANDARD,FB: PO# - 26-10775  Created for SO #244996  Site Contact: Maddie Zabik 509-617-8113,100671,KING ELECTRICAL MFG CO,1,ITEM,1499.81,Dorse_Line_1,1510.1602.100.000.511000.0000.000
ICOM0103156,104069,2376.15,2026-02-16,USD,Conversion,STANDARD,FB: PO# - 26-10926  Created for SO #245274,100671,KING ELECTRICAL MFG CO,1,ITEM,2376.15,Dorse_Line_1,1510.1602.100.000.511000.0000.000
ICOM0103203,104070,150.9,2026-02-17,USD,Conversion,STANDARD,FB: PO# - 26-10847  Created for SO #245133,100671,KING ELECTRICAL MFG CO,1,ITEM,150.9,Dorse_Line_1,1510.1602.100.000.511000.0000.000
ICOM0103208,104071,625.37,2026-02-17,USD,Conversion,STANDARD,FB: PO# - 26-10907  Created for SO #245023,100671,KING ELECTRICAL MFG CO,1,ITEM,625.37,Dorse_Line_1,1510.1602.100.000.511000.0000.000
ICOM0103491,103592,133.56,2026-02-24,USD,Conversion,STANDARD,FB: PO# - 26-11132  Created for SO #245601,100671,KING ELECTRICAL MFG CO,1,ITEM,133.56,Dorse_Line_1,1510.1601.100.000.511000.0000.000
ICOM0103497,104072,585.59,2026-02-24,USD,Conversion,STANDARD,FB: PO# - 26-11182  Created for SO #245587,100671,KING ELECTRICAL MFG CO,1,ITEM,585.59,Dorse_Line_1,1510.1602.100.000.511000.0000.000
ICOM0103557,103593,612,2026-02-26,USD,Conversion,STANDARD,FB: PO# - 26-10664  Created for SO #244815,100671,KING ELECTRICAL MFG CO,1,ITEM,612,Dorse_Line_1,1510.1601.100.000.511000.0000.000
ICOM0103575,103594,378.75,2026-02-26,USD,Conversion,STANDARD,FB: PO# - 26-11140  Created for SO #245616,100671,KING ELECTRICAL MFG CO,1,ITEM,378.75,Dorse_Line_1,1510.1601.100.000.511000.0000.000
ICOM012744,104064,598.37,2026-02-02,USD,Conversion,STANDARD,FB: PO# - 26-10193  Created for SO #243976,100671,KING ELECTRICAL MFG CO,1,ITEM,598.37,Dorse_Line_1,1510.1602.100.000.511000.0000.000
ICOm0103245,103591,51355.61,2026-02-18,USD,Conversion,STANDARD,FB: PO# - 26-10278  Created for SO #244142  Site Contact: Andrea C 509.734.0669  CANNOT RECIEVE ...,100671,KING ELECTRICAL MFG CO,1,ITEM,51355.61,Dorse_Line_1,1510.1601.100.000.511000.0000.000
INV201223,103705,2534.5,2026-02-05,USD,Conversion,STANDARD,FB: PO# - 26-10705  Created for SO #244874  Quote # QTE202183 REV.1  Site Contact: Isaiah N 509....,100785,CRITICAL ENVIRONMENT TECHNOLOGIES CANADA,1,ITEM,2534.5,Dorse_Line_1,1510.1602.100.000.511000.0000.000
INV201338,103969,2520.5,2026-02-18,USD,Conversion,STANDARD,FB: PO# - 26-11003  Created for SO #245420,100785,CRITICAL ENVIRONMENT TECHNOLOGIES CANADA,1,ITEM,2520.5,Dorse_Line_1,1510.1601.100.000.511000.0000.000
INV201344,103970,3291,2026-02-18,USD,Conversion,STANDARD,FB: PO# - 26-11001  Created for SO #245418,100785,CRITICAL ENVIRONMENT TECHNOLOGIES CANADA,1,ITEM,3291,Dorse_Line_1,1510.1601.100.000.511000.0000.000
INV201455,103706,5858.5,2026-02-26,USD,Conversion,STANDARD,FB: PO# - 25-14517  Created for SO #235840,100785,CRITICAL ENVIRONMENT TECHNOLOGIES CANADA,1,ITEM,5858.5,Dorse_Line_1,1510.1602.100.000.511000.0000.000
INV264718,103947,1544.67,2026-02-09,USD,Conversion,STANDARD,FB: PO# - 26-10868  Created for SO #245180  SO Note: Bryce Steckler -   Mike Hebert - 425.761.32...,100981,ACUDOR PRODUCTS INC,1,ITEM,1544.67,Dorse_Line_1,1510.1601.150.000.511000.0000.000
INV265786,103954,629.1,2026-02-17,USD,Conversion,STANDARD,FB: PO# - 26-11120  Created for SO #245290  SO Note: Sean Hall - 206.510.1918  Commerce Parkview...,100981,ACUDOR PRODUCTS INC,1,ITEM,629.1,Dorse_Line_1,1510.1602.150.000.511000.0000.000
INV552464,106051,62.73,2026-02-03,USD,Conversion,STANDARD,,100726,UNITED BUSINESS MACHINES,1,ITEM,62.73,Dorse_Line_1,1510.1601.100.705.726010.0000.000
INV552746,106052,63.65,2026-02-09,USD,Conversion,STANDARD,,100726,UNITED BUSINESS MACHINES,1,ITEM,63.65,Dorse_Line_1,1510.1601.100.705.726010.0000.000
Pro 088721678,104125,186.62,2026-02-17,USD,Conversion,STANDARD,,100935,PENINSULA TRUCK LINES,1,ITEM,186.62,Dorse_Line_1,1510.1601.100.000.514000.0000.000
S12016,103692,1885.46,2026-02-09,USD,Conversion,STANDARD,FB: PO# - 26-10802  Created for SO #245053,100768,VENTS-US,1,ITEM,1885.46,Dorse_Line_1,1510.1601.100.000.511000.0000.000
S12018,103693,39.5,2026-02-09,USD,Conversion,STANDARD,FB: PO# - 26-10919  Created for SO #245267  SO Note: Vahalla Apartments  Attention Alex Crawford...,100768,VENTS-US,1,ITEM,39.5,Dorse_Line_1,1510.1601.100.000.511000.0000.000
S9551,103694,61.25,2025-12-15,USD,Conversion,STANDARD,FB: PO# - 25-18594  Created for SO #242950,100768,VENTS-US,1,ITEM,61.25,Dorse_Line_1,1510.1601.100.000.511000.0000.000
SI-323005 X,103948,1962,2026-02-02,USD,Conversion,STANDARD,FB: PO# - 26-10540  Created for SO #244325  SO Note: Jason Kranz - 206.730.5204  Canyon Pointe  ...,100823,GRIPPLE INC,1,ITEM,1962,Dorse_Line_1,1510.1601.150.000.511000.0000.000
SI-323458,106013,34391.36,2026-02-06,USD,Conversion,STANDARD,FB: PO# - 26-10699,100823,GRIPPLE INC,1,ITEM,34391.36,Dorse_Line_1,1510.1601.000.000.115101.0000.000
SI-323471,103949,3270.75,2026-02-09,USD,Conversion,STANDARD,FB: PO# - 26-10473  Created for SO #244396  SO Note: Josh Arnold - 206.571.3163  Sabey COL E2  J...,100823,GRIPPLE INC,1,ITEM,3270.75,Dorse_Line_1,1510.1601.150.000.511000.0000.000
SI324005,106014,20740,2026-02-17,USD,Conversion,STANDARD,FB: PO# - 26-11065,100823,GRIPPLE INC,1,ITEM,20740,Dorse_Line_1,1510.1601.000.000.115101.0000.000
WASE382545,106009,120.26,2026-02-09,USD,Conversion,STANDARD,FB: PO# - 26-10854,100694,FASTENAL COMPANY,1,ITEM,120.26,Dorse_Line_1,1510.1601.000.000.115101.0000.000
WASE382595,106010,705,2026-02-12,USD,Conversion,STANDARD,FB: PO# - 26-10854,100694,FASTENAL COMPANY,1,ITEM,705,Dorse_Line_1,1510.1601.000.000.115101.0000.000
